"matrix","wgcna_power","GCNA_module","best_matching_WGCNA_module","best_jaccard_overlap","best_jaccard_distance"
"unprotected","power1","Vitvi00g04005","red",0.0160771704180064,0.983922829581994
"unprotected","power1","Vitvi00g04006","red",0.0316706254948535,0.968329374505146
"unprotected","power1","Vitvi00g04313","pink",0.0180940892641737,0.981905910735826
"unprotected","power1","Vitvi00g04500","lightcyan",0.0883534136546185,0.911646586345382
"unprotected","power1","Vitvi00g04634","lightcyan",0.0739299610894942,0.926070038910506
"unprotected","power1","Vitvi00g04728","lightcyan",0.0873015873015873,0.912698412698413
"unprotected","power1","Vitvi01g00463","magenta",0.0902777777777778,0.909722222222222
"unprotected","power1","Vitvi01g00508","blue",0.119276556776557,0.880723443223443
"unprotected","power1","Vitvi01g00612","turquoise",0.006664265129683,0.993335734870317
"unprotected","power1","Vitvi01g00656","turquoise",0.271877807726864,0.728122192273136
"unprotected","power1","Vitvi01g01038","blue",0.0563057907988098,0.94369420920119
"unprotected","power1","Vitvi01g01701","magenta",0.0521861777150917,0.947813822284908
"unprotected","power1","Vitvi01g01751","green",0.0782710280373832,0.921728971962617
"unprotected","power1","Vitvi01g02242","green",0.0607476635514019,0.939252336448598
"unprotected","power1","Vitvi01g04056","brown",0.0376492194674013,0.962350780532599
"unprotected","power1","Vitvi01g04115","magenta",0.0581867388362652,0.941813261163735
"unprotected","power1","Vitvi01g04132","pink",0.0193704600484262,0.980629539951574
"unprotected","power1","Vitvi02g00032","turquoise",0.220265900107797,0.779734099892203
"unprotected","power1","Vitvi02g00086","green",0.00960994912379876,0.990390050876201
"unprotected","power1","Vitvi02g00429","blue",0.112534309240622,0.887465690759378
"unprotected","power1","Vitvi02g00446","blue",0.0975108472253939,0.902489152774606
"unprotected","power1","Vitvi02g01355","turquoise",0.0726226856012943,0.927377314398706
"unprotected","power1","Vitvi02g01360","green",0.0029120559114735,0.997087944088527
"unprotected","power1","Vitvi02g04106","blue",0.123133471169309,0.876866528830691
"unprotected","power1","Vitvi02g04134","green",0.0730566919929866,0.926943308007013
"unprotected","power1","Vitvi02g04135","green",0.075978959672706,0.924021040327294
"unprotected","power1","Vitvi03g00318","magenta",0.00284495021337127,0.997155049786629
"unprotected","power1","Vitvi03g00692","turquoise",0.0873873873873874,0.912612612612613
"unprotected","power1","Vitvi03g01258","pink",0.0394736842105263,0.960526315789474
"unprotected","power1","Vitvi03g01809","red",0.073051948051948,0.926948051948052
"unprotected","power1","Vitvi03g04266","magenta",0.0580110497237569,0.941988950276243
"unprotected","power1","Vitvi03g04466","pink",0.0216606498194946,0.978339350180505
"unprotected","power1","Vitvi04g00017","turquoise",0.00703844071467244,0.992961559285328
"unprotected","power1","Vitvi04g01325","lightcyan",0.0722433460076046,0.927756653992395
"unprotected","power1","Vitvi04g01375","lightcyan",0.0581395348837209,0.941860465116279
"unprotected","power1","Vitvi04g01550","blue",0.191659070191431,0.808340929808569
"unprotected","power1","Vitvi04g01887","blue",0.0695553021664766,0.930444697833523
"unprotected","power1","Vitvi04g02114","magenta",0.00556328233657858,0.994436717663421
"unprotected","power1","Vitvi04g04010","magenta",0.0809659090909091,0.919034090909091
"unprotected","power1","Vitvi04g04011","magenta",0.0923295454545455,0.907670454545455
"unprotected","power1","Vitvi04g04029","pink",0.00960384153661465,0.990396158463385
"unprotected","power1","Vitvi05g00108","blue",0.0886451907699337,0.911354809230066
"unprotected","power1","Vitvi05g00675","black",0.0383141762452107,0.961685823754789
"unprotected","power1","Vitvi05g00726","black",0.00950369588173178,0.990496304118268
"unprotected","power1","Vitvi05g01579","red",0.0566343042071197,0.94336569579288
"unprotected","power1","Vitvi05g01674","red",0.0267584097859327,0.973241590214067
"unprotected","power1","Vitvi05g02234","green",0.0496785505552309,0.950321449444769
"unprotected","power1","Vitvi05g04062","red",0.041429731925264,0.958570268074736
"unprotected","power1","Vitvi05g04232","red",0.0201775625504439,0.979822437449556
"unprotected","power1","Vitvi05g04487","green",0.0362573099415205,0.96374269005848
"unprotected","power1","Vitvi05g04494","green",0.0549386323787259,0.945061367621274
"unprotected","power1","Vitvi06g01410","turquoise",0.0120960462177288,0.987903953782271
"unprotected","power1","Vitvi06g01618","magenta",0.126227208976157,0.873772791023843
"unprotected","power1","Vitvi06g04121","magenta",0.0984308131241084,0.901569186875892
"unprotected","power1","Vitvi07g00283","magenta",0.00549450549450549,0.994505494505495
"unprotected","power1","Vitvi07g00523","blue",0.153531682943448,0.846468317056552
"unprotected","power1","Vitvi07g00890","green",0.0625365283459965,0.937463471654004
"unprotected","power1","Vitvi07g01267","turquoise",0.136601189403496,0.863398810596504
"unprotected","power1","Vitvi07g01315","red",0.073051948051948,0.926948051948052
"unprotected","power1","Vitvi07g01342","turquoise",0.077020202020202,0.922979797979798
"unprotected","power1","Vitvi07g01407","green",0.00801373783629078,0.991986262163709
"unprotected","power1","Vitvi07g01719","black",0.0142387732749179,0.985761226725082
"unprotected","power1","Vitvi07g01829","blue",0.142824601366743,0.857175398633257
"unprotected","power1","Vitvi07g02323","green",0.0748100526008182,0.925189947399182
"unprotected","power1","Vitvi07g03086","black",0.0852713178294574,0.914728682170543
"unprotected","power1","Vitvi08g00795","lightcyan",0.0692307692307692,0.930769230769231
"unprotected","power1","Vitvi08g00957","purple",0.011864406779661,0.988135593220339
"unprotected","power1","Vitvi08g01235","green",0.0624635143023935,0.937536485697607
"unprotected","power1","Vitvi08g01333","pink",0.0340775558166862,0.965922444183314
"unprotected","power1","Vitvi08g01617","magenta",0.019471488178025,0.980528511821975
"unprotected","power1","Vitvi08g01846","brown",0.002776492364646,0.997223507635354
"unprotected","power1","Vitvi08g01897","turquoise",0.00686168291802095,0.993138317081979
"unprotected","power1","Vitvi08g02218","magenta",0.0711354309165527,0.928864569083447
"unprotected","power1","Vitvi08g02288","red",0.0380258899676375,0.961974110032362
"unprotected","power1","Vitvi09g00419","red",0.0802919708029197,0.91970802919708
"unprotected","power1","Vitvi09g00867","magenta",0.0808926080892608,0.919107391910739
"unprotected","power1","Vitvi09g01646","black",0.00553097345132743,0.994469026548673
"unprotected","power1","Vitvi09g01698","black",0.0277469478357381,0.972253052164262
"unprotected","power1","Vitvi09g04280","magenta",0.0783475783475783,0.921652421652422
"unprotected","power1","Vitvi10g00562","turquoise",0.257147994964934,0.742852005035066
"unprotected","power1","Vitvi10g00984","magenta",0.0954415954415954,0.904558404558405
"unprotected","power1","Vitvi10g01812","turquoise",0.0634694241397754,0.936530575860225
"unprotected","power1","Vitvi10g04044","magenta",0.0927246790299572,0.907275320970043
"unprotected","power1","Vitvi10g04085","magenta",0.0110650069156293,0.988934993084371
"unprotected","power1","Vitvi10g04276","turquoise",0.166335919177341,0.833664080822659
"unprotected","power1","Vitvi10g04282","black",0.00647948164146868,0.993520518358531
"unprotected","power1","Vitvi10g04464","lightcyan",0.0730769230769231,0.926923076923077
"unprotected","power1","Vitvi10g04504","magenta",0.100689655172414,0.899310344827586
"unprotected","power1","Vitvi11g00075","blue",0.0620989917506874,0.937901008249313
"unprotected","power1","Vitvi11g00217","magenta",0.134349030470914,0.865650969529086
"unprotected","power1","Vitvi11g00285","turquoise",0.0346758172295467,0.965324182770453
"unprotected","power1","Vitvi11g00286","magenta",0.0713450292397661,0.928654970760234
"unprotected","power1","Vitvi11g01637","pink",0.0399032648125756,0.960096735187424
"unprotected","power1","Vitvi12g00368","pink",0.0306242638398115,0.969375736160188
"unprotected","power1","Vitvi12g01776","green",0.065458796025716,0.934541203974284
"unprotected","power1","Vitvi12g01881","blue",0.0223387280601778,0.977661271939822
"unprotected","power1","Vitvi12g01882","red",0.0134069400630915,0.986593059936908
"unprotected","power1","Vitvi12g01921","red",0.0435483870967742,0.956451612903226
"unprotected","power1","Vitvi12g02011","red",0.0445705024311183,0.955429497568882
"unprotected","power1","Vitvi12g02633","red",0.0657467532467532,0.934253246753247
"unprotected","power1","Vitvi12g04108","red",0.0803571428571429,0.919642857142857
"unprotected","power1","Vitvi12g04404","red",0.0794165316045381,0.920583468395462
"unprotected","power1","Vitvi12g04463","red",0.0535279805352798,0.94647201946472
"unprotected","power1","Vitvi12g04498","red",0.0470397404703974,0.952960259529603
"unprotected","power1","Vitvi12g04515","red",0.0235008103727715,0.976499189627228
"unprotected","power1","Vitvi12g04518","black",0.0132304299889746,0.986769570011025
"unprotected","power1","Vitvi12g04543","black",0.0370774263904035,0.962922573609597
"unprotected","power1","Vitvi12g04545","red",0.0329581993569132,0.967041800643087
"unprotected","power1","Vitvi12g04595","magenta",0.0482954545454545,0.951704545454545
"unprotected","power1","Vitvi12g04598","red",0.0632090761750405,0.936790923824959
"unprotected","power1","Vitvi12g04607","red",0.0713128038897893,0.928687196110211
"unprotected","power1","Vitvi12g04630","green",0.0759345794392523,0.924065420560748
"unprotected","power1","Vitvi13g00004","turquoise",0.0881557598702001,0.9118442401298
"unprotected","power1","Vitvi13g00551","turquoise",0.0133381398702235,0.986661860129777
"unprotected","power1","Vitvi13g01098","blue",0.0939841089670829,0.906015891032917
"unprotected","power1","Vitvi13g01468","magenta",0.137005649717514,0.862994350282486
"unprotected","power1","Vitvi13g01608","magenta",0.0368794326241135,0.963120567375886
"unprotected","power1","Vitvi13g01616","magenta",0.0652482269503546,0.934751773049645
"unprotected","power1","Vitvi13g01638","magenta",0.0835694050991501,0.91643059490085
"unprotected","power1","Vitvi13g01984","magenta",0.0783475783475783,0.921652421652422
"unprotected","power1","Vitvi13g04528","magenta",0.155367231638418,0.844632768361582
"unprotected","power1","Vitvi13g04529","magenta",0.160056657223796,0.839943342776204
"unprotected","power1","Vitvi13g04677","magenta",0.0661971830985915,0.933802816901408
"unprotected","power1","Vitvi13g04698","magenta",0.0619834710743802,0.93801652892562
"unprotected","power1","Vitvi13g04706","magenta",0.121640735502122,0.878359264497878
"unprotected","power1","Vitvi14g00438","blue",0.0457351932311914,0.954264806768809
"unprotected","power1","Vitvi14g01926","turquoise",0.00108459869848156,0.998915401301518
"unprotected","power1","Vitvi14g04416","lightcyan",0.0897959183673469,0.910204081632653
"unprotected","power1","Vitvi15g01247","black",0.0966666666666667,0.903333333333333
"unprotected","power1","Vitvi16g00901","magenta",0.00570613409415121,0.994293865905849
"unprotected","power1","Vitvi16g04295","turquoise",0.0914997292907417,0.908500270709258
"unprotected","power1","Vitvi16g04448","red",0.0194331983805668,0.980566801619433
"unprotected","power1","Vitvi17g00339","black",0.00220994475138122,0.997790055248619
"unprotected","power1","Vitvi17g00461","red",0.031502423263328,0.968497576736672
"unprotected","power1","Vitvi17g00704","turquoise",0.103979921118681,0.89602007888132
"unprotected","power1","Vitvi17g00936","blue",0.171921749136939,0.828078250863061
"unprotected","power1","Vitvi17g01373","black",0.0214723926380368,0.978527607361963
"unprotected","power1","Vitvi18g00174","magenta",0.0916784203102962,0.908321579689704
"unprotected","power1","Vitvi18g00191","red",0.033306255077173,0.966693744922827
"unprotected","power1","Vitvi18g00462","magenta",0.0433017591339648,0.956698240866035
"unprotected","power1","Vitvi18g00473","turquoise",0.0122566690699351,0.987743330930065
"unprotected","power1","Vitvi18g02222","magenta",0.0683760683760684,0.931623931623932
"unprotected","power1","Vitvi18g02825","magenta",0.00851063829787234,0.991489361702128
"unprotected","power1","Vitvi18g02837","blue",0.118254879448909,0.881745120551091
"unprotected","power1","Vitvi18g04551","black",0.0911111111111111,0.908888888888889
"unprotected","power1","Vitvi18g04640","green",0.0666666666666667,0.933333333333333
"unprotected","power1","Vitvi19g00270","blue",0.16921322690992,0.83078677309008
"unprotected","power1","Vitvi19g00476","magenta",0.0905233380480905,0.909476661951909
"unprotected","power1","Vitvi19g00709","magenta",0.0955777460770328,0.904422253922967
"unprotected","power1","Vitvi19g01484","blue",0.1209547854028,0.8790452145972
"unprotected","power1","Vitvi19g01610","magenta",0.139402560455192,0.860597439544808
"unprotected","power1","Vitvi19g01612","magenta",0.117397454031117,0.882602545968883
"unprotected","power1","Vitvi19g01720","red",0.080226904376013,0.919773095623987
"unprotected","power1","Vitvi19g01790","magenta",0.0389261744966443,0.961073825503356
"unprotected","power1","Vitvi19g04572","magenta",0.128022759601707,0.871977240398293
"unprotected","power10","Vitvi00g04005","greenyellow",0.0234042553191489,0.976595744680851
"unprotected","power10","Vitvi00g04006","salmon",0.0466200466200466,0.953379953379953
"unprotected","power10","Vitvi00g04313","cyan",0.0412979351032448,0.958702064896755
"unprotected","power10","Vitvi00g04500","darkturquoise",0.137614678899083,0.862385321100917
"unprotected","power10","Vitvi00g04634","darkturquoise",0.129464285714286,0.870535714285714
"unprotected","power10","Vitvi00g04728","darkturquoise",0.140909090909091,0.859090909090909
"unprotected","power10","Vitvi01g00463","yellow",0.071969696969697,0.928030303030303
"unprotected","power10","Vitvi01g00508","blue",0.132858546168959,0.867141453831041
"unprotected","power10","Vitvi01g00612","darkred",0.0446096654275093,0.955390334572491
"unprotected","power10","Vitvi01g00656","turquoise",0.239763350459287,0.760236649540713
"unprotected","power10","Vitvi01g01038","blue",0.068193008370261,0.931806991629739
"unprotected","power10","Vitvi01g01701","yellow",0.0379867046533713,0.962013295346629
"unprotected","power10","Vitvi01g01751","red",0.168978562421185,0.831021437578815
"unprotected","power10","Vitvi01g02242","red",0.129722921914358,0.870277078085642
"unprotected","power10","Vitvi01g04056","black",0.091264667535854,0.908735332464146
"unprotected","power10","Vitvi01g04115","yellow",0.0473098330241187,0.952690166975881
"unprotected","power10","Vitvi01g04132","cyan",0.0477611940298507,0.952238805970149
"unprotected","power10","Vitvi02g00032","turquoise",0.190786412284784,0.809213587715216
"unprotected","power10","Vitvi02g00086","darkred",0.0526315789473684,0.947368421052632
"unprotected","power10","Vitvi02g00429","blue",0.128659286592866,0.871340713407134
"unprotected","power10","Vitvi02g00446","blue",0.111383709519136,0.888616290480864
"unprotected","power10","Vitvi02g01355","turquoise",0.0674559900295996,0.9325440099704
"unprotected","power10","Vitvi02g01360","darkred",0.0172413793103448,0.982758620689655
"unprotected","power10","Vitvi02g04106","blue",0.131469217561933,0.868530782438067
"unprotected","power10","Vitvi02g04134","red",0.157828282828283,0.842171717171717
"unprotected","power10","Vitvi02g04135","red",0.164141414141414,0.835858585858586
"unprotected","power10","Vitvi03g00318","yellow",0.0019047619047619,0.998095238095238
"unprotected","power10","Vitvi03g00692","turquoise",0.0753690753690754,0.924630924630925
"unprotected","power10","Vitvi03g01258","cyan",0.102040816326531,0.897959183673469
"unprotected","power10","Vitvi03g01809","salmon",0.187817258883249,0.812182741116751
"unprotected","power10","Vitvi03g04266","yellow",0.0549763033175355,0.945023696682464
"unprotected","power10","Vitvi03g04466","cyan",0.056047197640118,0.943952802359882
"unprotected","power10","Vitvi04g00017","brown4",0.0147058823529412,0.985294117647059
"unprotected","power10","Vitvi04g01325","darkturquoise",0.140969162995595,0.859030837004405
"unprotected","power10","Vitvi04g01375","darkturquoise",0.126126126126126,0.873873873873874
"unprotected","power10","Vitvi04g01550","blue",0.2145659637077,0.7854340362923
"unprotected","power10","Vitvi04g01887","blue",0.0847874170557877,0.915212582944212
"unprotected","power10","Vitvi04g02114","orangered4",0.0153846153846154,0.984615384615385
"unprotected","power10","Vitvi04g04010","yellow",0.0552380952380952,0.944761904761905
"unprotected","power10","Vitvi04g04011","yellow",0.0628571428571429,0.937142857142857
"unprotected","power10","Vitvi04g04029","cyan",0.0324483775811209,0.967551622418879
"unprotected","power10","Vitvi05g00108","blue",0.105120630231413,0.894879369768587
"unprotected","power10","Vitvi05g00675","blue",0.0402157920549289,0.959784207945071
"unprotected","power10","Vitvi05g00726","greenyellow",0.0161616161616162,0.983838383838384
"unprotected","power10","Vitvi05g01579","salmon",0.132832080200501,0.867167919799499
"unprotected","power10","Vitvi05g01674","greenyellow",0.0666666666666667,0.933333333333333
"unprotected","power10","Vitvi05g02234","red",0.10314465408805,0.89685534591195
"unprotected","power10","Vitvi05g04062","salmon",0.0780856423173804,0.92191435768262
"unprotected","power10","Vitvi05g04232","darkturquoise",0.0466101694915254,0.953389830508475
"unprotected","power10","Vitvi05g04487","red",0.0783817951959545,0.921618204804046
"unprotected","power10","Vitvi05g04494","red",0.118686868686869,0.881313131313131
"unprotected","power10","Vitvi06g01410","orangered4",0.0165745856353591,0.983425414364641
"unprotected","power10","Vitvi06g01618","yellow",0.0849056603773585,0.915094339622642
"unprotected","power10","Vitvi06g04121","yellow",0.0638095238095238,0.936190476190476
"unprotected","power10","Vitvi07g00283","orangered4",0.0367647058823529,0.963235294117647
"unprotected","power10","Vitvi07g00523","blue",0.177783227072094,0.822216772927906
"unprotected","power10","Vitvi07g00890","red",0.13510101010101,0.86489898989899
"unprotected","power10","Vitvi07g01267","turquoise",0.115384615384615,0.884615384615385
"unprotected","power10","Vitvi07g01315","salmon",0.164179104477612,0.835820895522388
"unprotected","power10","Vitvi07g01342","turquoise",0.0684120305438679,0.931587969456132
"unprotected","power10","Vitvi07g01407","darkred",0.0576923076923077,0.942307692307692
"unprotected","power10","Vitvi07g01719","pink",0.0204724409448819,0.979527559055118
"unprotected","power10","Vitvi07g01829","blue",0.161725067385445,0.838274932614555
"unprotected","power10","Vitvi07g02323","red",0.161616161616162,0.838383838383838
"unprotected","power10","Vitvi07g03086","pink",0.10377358490566,0.89622641509434
"unprotected","power10","Vitvi08g00795","darkturquoise",0.133333333333333,0.866666666666667
"unprotected","power10","Vitvi08g00957","tan",0.0191846522781775,0.980815347721823
"unprotected","power10","Vitvi08g01235","red",0.133333333333333,0.866666666666667
"unprotected","power10","Vitvi08g01333","cyan",0.0805555555555556,0.919444444444444
"unprotected","power10","Vitvi08g01617","yellow",0.0198300283286119,0.980169971671388
"unprotected","power10","Vitvi08g01846","darkred",0.00865800865800866,0.991341991341991
"unprotected","power10","Vitvi08g01897","yellow",0.00738007380073801,0.992619926199262
"unprotected","power10","Vitvi08g02218","cyan",0.0670103092783505,0.93298969072165
"unprotected","power10","Vitvi08g02288","lightgreen",0.169550173010381,0.830449826989619
"unprotected","power10","Vitvi09g00419","salmon",0.204030226700252,0.795969773299748
"unprotected","power10","Vitvi09g00867","yellow",0.0584905660377358,0.941509433962264
"unprotected","power10","Vitvi09g01646","steelblue",0.00641025641025641,0.993589743589744
"unprotected","power10","Vitvi09g01698","pink",0.0401284109149278,0.959871589085072
"unprotected","power10","Vitvi09g04280","yellow",0.0534351145038168,0.946564885496183
"unprotected","power10","Vitvi10g00562","turquoise",0.22698239601184,0.77301760398816
"unprotected","power10","Vitvi10g00984","yellow",0.0638703527168732,0.936129647283127
"unprotected","power10","Vitvi10g01812","turquoise",0.0669781931464174,0.933021806853583
"unprotected","power10","Vitvi10g04044","yellow",0.0610104861773117,0.938989513822688
"unprotected","power10","Vitvi10g04085","yellow",0.0150659133709981,0.984934086629002
"unprotected","power10","Vitvi10g04276","turquoise",0.144859813084112,0.855140186915888
"unprotected","power10","Vitvi10g04282","blue",0.007885657959586,0.992114342040414
"unprotected","power10","Vitvi10g04464","darkturquoise",0.132743362831858,0.867256637168142
"unprotected","power10","Vitvi10g04504","yellow",0.0884030418250951,0.911596958174905
"unprotected","power10","Vitvi11g00075","blue",0.073909830007391,0.926090169992609
"unprotected","power10","Vitvi11g00217","yellow",0.102079395085066,0.897920604914934
"unprotected","power10","Vitvi11g00285","turquoise",0.029736883076444,0.970263116923556
"unprotected","power10","Vitvi11g00286","yellow",0.0794871794871795,0.920512820512821
"unprotected","power10","Vitvi11g01637","cyan",0.101492537313433,0.898507462686567
"unprotected","power10","Vitvi12g00368","royalblue",0.102362204724409,0.897637795275591
"unprotected","power10","Vitvi12g01776","red",0.141414141414141,0.858585858585859
"unprotected","power10","Vitvi12g01881","orange",0.0433526011560694,0.956647398843931
"unprotected","power10","Vitvi12g01882","greenyellow",0.04149377593361,0.95850622406639
"unprotected","power10","Vitvi12g01921","salmon",0.125319693094629,0.874680306905371
"unprotected","power10","Vitvi12g02011","salmon",0.121134020618557,0.878865979381443
"unprotected","power10","Vitvi12g02633","salmon",0.150375939849624,0.849624060150376
"unprotected","power10","Vitvi12g04108","salmon",0.157766990291262,0.842233009708738
"unprotected","power10","Vitvi12g04404","salmon",0.201005025125628,0.798994974874372
"unprotected","power10","Vitvi12g04463","salmon",0.141025641025641,0.858974358974359
"unprotected","power10","Vitvi12g04498","salmon",0.15,0.85
"unprotected","power10","Vitvi12g04515","salmon",0.073490813648294,0.926509186351706
"unprotected","power10","Vitvi12g04518","pink",0.0207006369426752,0.979299363057325
"unprotected","power10","Vitvi12g04543","pink",0.05320813771518,0.94679186228482
"unprotected","power10","Vitvi12g04545","salmon",0.0966921119592875,0.903307888040712
"unprotected","power10","Vitvi12g04595","yellow",0.0323501427212179,0.967649857278782
"unprotected","power10","Vitvi12g04598","salmon",0.156565656565657,0.843434343434343
"unprotected","power10","Vitvi12g04607","salmon",0.193877551020408,0.806122448979592
"unprotected","power10","Vitvi12g04630","red",0.163934426229508,0.836065573770492
"unprotected","power10","Vitvi13g00004","turquoise",0.0771984435797665,0.922801556420233
"unprotected","power10","Vitvi13g00551","turquoise",0.0135514018691589,0.986448598130841
"unprotected","power10","Vitvi13g01098","blue",0.115394058433587,0.884605941566413
"unprotected","power10","Vitvi13g01468","yellow",0.0929791271347249,0.907020872865275
"unprotected","power10","Vitvi13g01608","yellow",0.0247148288973384,0.975285171102662
"unprotected","power10","Vitvi13g01616","yellow",0.0477099236641221,0.952290076335878
"unprotected","power10","Vitvi13g01638","yellow",0.0590476190476191,0.940952380952381
"unprotected","power10","Vitvi13g01984","yellow",0.0534351145038168,0.946564885496183
"unprotected","power10","Vitvi13g04528","yellow",0.10636277302944,0.89363722697056
"unprotected","power10","Vitvi13g04529","yellow",0.108365019011407,0.891634980988593
"unprotected","power10","Vitvi13g04677","yellow",0.0514285714285714,0.948571428571429
"unprotected","power10","Vitvi13g04698","yellow",0.0477975632614808,0.952202436738519
"unprotected","power10","Vitvi13g04706","yellow",0.0846812559467174,0.915318744053283
"unprotected","power10","Vitvi14g00438","blue",0.058896007885658,0.941103992114342
"unprotected","power10","Vitvi14g01926","orangered4",0.0357142857142857,0.964285714285714
"unprotected","power10","Vitvi14g04416","darkturquoise",0.124423963133641,0.875576036866359
"unprotected","power10","Vitvi15g01247","pink",0.0907692307692308,0.909230769230769
"unprotected","power10","Vitvi16g00901","yellow",0.00381679389312977,0.99618320610687
"unprotected","power10","Vitvi16g04295","turquoise",0.080411407199626,0.919588592800374
"unprotected","power10","Vitvi16g04448","salmon",0.0411311053984576,0.958868894601542
"unprotected","power10","Vitvi17g00339","greenyellow",0.00442477876106195,0.995575221238938
"unprotected","power10","Vitvi17g00461","salmon",0.1015625,0.8984375
"unprotected","power10","Vitvi17g00704","turquoise",0.0922766749379653,0.907723325062035
"unprotected","power10","Vitvi17g00936","blue",0.183001719479243,0.816998280520757
"unprotected","power10","Vitvi17g01373","blue",0.0233874938453964,0.976612506154604
"unprotected","power10","Vitvi18g00174","yellow",0.0645773979107312,0.935422602089269
"unprotected","power10","Vitvi18g00191","salmon",0.0582278481012658,0.941772151898734
"unprotected","power10","Vitvi18g00462","yellow",0.0371057513914657,0.962894248608534
"unprotected","power10","Vitvi18g00473","darkred",0.0232558139534884,0.976744186046512
"unprotected","power10","Vitvi18g02222","yellow",0.0467557251908397,0.95324427480916
"unprotected","power10","Vitvi18g02825","yellow",0.00570342205323194,0.994296577946768
"unprotected","power10","Vitvi18g02837","blue",0.128469663473348,0.871530336526652
"unprotected","power10","Vitvi18g04551","pink",0.12280701754386,0.87719298245614
"unprotected","power10","Vitvi18g04640","red",0.144121365360303,0.855878634639697
"unprotected","power10","Vitvi19g00270","blue",0.190429447852761,0.809570552147239
"unprotected","power10","Vitvi19g00476","yellow",0.0657769304099142,0.934223069590086
"unprotected","power10","Vitvi19g00709","yellow",0.0629170638703527,0.937082936129647
"unprotected","power10","Vitvi19g01484","blue",0.131630648330059,0.868369351669941
"unprotected","power10","Vitvi19g01610","yellow",0.0922930542340628,0.907706945765937
"unprotected","power10","Vitvi19g01612","yellow",0.0828571428571429,0.917142857142857
"unprotected","power10","Vitvi19g01720","salmon",0.159806295399516,0.840193704600484
"unprotected","power10","Vitvi19g01790","yellow",0.0331797235023042,0.966820276497696
"unprotected","power10","Vitvi19g04572","yellow",0.0867492850333651,0.913250714966635
"unprotected","power20","Vitvi00g04005","tan",0.0371287128712871,0.962871287128713
"unprotected","power20","Vitvi00g04006","tan",0.0725995316159251,0.927400468384075
"unprotected","power20","Vitvi00g04313","lightgreen",0.0619834710743802,0.93801652892562
"unprotected","power20","Vitvi00g04500","lightyellow",0.149321266968326,0.850678733031674
"unprotected","power20","Vitvi00g04634","lightyellow",0.140969162995595,0.859030837004405
"unprotected","power20","Vitvi00g04728","lightyellow",0.142222222222222,0.857777777777778
"unprotected","power20","Vitvi01g00463","red",0.123364485981308,0.876635514018692
"unprotected","power20","Vitvi01g00508","blue",0.11704834605598,0.88295165394402
"unprotected","power20","Vitvi01g00612","skyblue",0.0688073394495413,0.931192660550459
"unprotected","power20","Vitvi01g00656","turquoise",0.266426642664266,0.733573357335734
"unprotected","power20","Vitvi01g01038","blue",0.0593975392448027,0.940602460755197
"unprotected","power20","Vitvi01g01701","red",0.0664136622390892,0.933586337760911
"unprotected","power20","Vitvi01g01751","green",0.211023622047244,0.788976377952756
"unprotected","power20","Vitvi01g02242","green",0.158307210031348,0.841692789968652
"unprotected","power20","Vitvi01g04056","yellow",0.0894117647058824,0.910588235294118
"unprotected","power20","Vitvi01g04115","red",0.0774774774774775,0.922522522522523
"unprotected","power20","Vitvi01g04132","lightgreen",0.0669456066945607,0.933054393305439
"unprotected","power20","Vitvi02g00032","turquoise",0.2193315266486,0.7806684733514
"unprotected","power20","Vitvi02g00086","skyblue",0.110132158590308,0.889867841409692
"unprotected","power20","Vitvi02g00429","blue",0.112454911945682,0.887545088054318
"unprotected","power20","Vitvi02g00446","blue",0.0989826197541331,0.901017380245867
"unprotected","power20","Vitvi02g01355","turquoise",0.0716353111432706,0.928364688856729
"unprotected","power20","Vitvi02g01360","skyblue",0.0386740331491713,0.961325966850829
"unprotected","power20","Vitvi02g04106","blue",0.115865282779072,0.884134717220928
"unprotected","power20","Vitvi02g04134","green",0.197160883280757,0.802839116719243
"unprotected","power20","Vitvi02g04135","green",0.205047318611987,0.794952681388013
"unprotected","power20","Vitvi03g00318","black",0.00404040404040404,0.995959595959596
"unprotected","power20","Vitvi03g00692","turquoise",0.0862944162436548,0.913705583756345
"unprotected","power20","Vitvi03g01258","lightgreen",0.128,0.872
"unprotected","power20","Vitvi03g01809","tan",0.219948849104859,0.780051150895141
"unprotected","power20","Vitvi03g04266","red",0.0698529411764706,0.930147058823529
"unprotected","power20","Vitvi03g04466","lightgreen",0.0693877551020408,0.930612244897959
"unprotected","power20","Vitvi04g00017","turquoise",0.00819373634377276,0.991806263656227
"unprotected","power20","Vitvi04g01325","lightyellow",0.152173913043478,0.847826086956522
"unprotected","power20","Vitvi04g01375","lightyellow",0.132743362831858,0.867256637168142
"unprotected","power20","Vitvi04g01550","blue",0.188891244435022,0.811108755564978
"unprotected","power20","Vitvi04g01887","blue",0.074623701505194,0.925376298494806
"unprotected","power20","Vitvi04g02114","red",0.00747663551401869,0.992523364485981
"unprotected","power20","Vitvi04g04010","red",0.109615384615385,0.890384615384615
"unprotected","power20","Vitvi04g04011","red",0.122840690978887,0.877159309021113
"unprotected","power20","Vitvi04g04029","lightgreen",0.0452674897119342,0.954732510288066
"unprotected","power20","Vitvi05g00108","blue",0.0909862142099682,0.909013785790032
"unprotected","power20","Vitvi05g00675","blue",0.0383799830364716,0.961620016963528
"unprotected","power20","Vitvi05g00726","darkgrey",0.0252100840336134,0.974789915966387
"unprotected","power20","Vitvi05g01579","tan",0.138271604938272,0.861728395061728
"unprotected","power20","Vitvi05g01674","darkgrey",0.11070110701107,0.88929889298893
"unprotected","power20","Vitvi05g02234","green",0.1234375,0.8765625
"unprotected","power20","Vitvi05g04062","tan",0.103535353535354,0.896464646464646
"unprotected","power20","Vitvi05g04232","darkgrey",0.0571428571428571,0.942857142857143
"unprotected","power20","Vitvi05g04487","green",0.0979462875197472,0.902053712480253
"unprotected","power20","Vitvi05g04494","green",0.146456692913386,0.853543307086614
"unprotected","power20","Vitvi06g01410","purple",0.0137524557956778,0.986247544204322
"unprotected","power20","Vitvi06g01618","red",0.159176029962547,0.840823970037453
"unprotected","power20","Vitvi06g04121","red",0.124760076775432,0.875239923224568
"unprotected","power20","Vitvi07g00283","red",0.00735294117647059,0.992647058823529
"unprotected","power20","Vitvi07g00523","blue",0.157582184517497,0.842417815482503
"unprotected","power20","Vitvi07g00890","green",0.166929133858268,0.833070866141732
"unprotected","power20","Vitvi07g01267","turquoise",0.138909090909091,0.861090909090909
"unprotected","power20","Vitvi07g01315","tan",0.195488721804511,0.804511278195489
"unprotected","power20","Vitvi07g01342","turquoise",0.0677233429394813,0.932276657060519
"unprotected","power20","Vitvi07g01407","skyblue",0.107317073170732,0.892682926829268
"unprotected","power20","Vitvi07g01719","pink",0.0282608695652174,0.971739130434783
"unprotected","power20","Vitvi07g01829","blue",0.143462598008053,0.856537401991947
"unprotected","power20","Vitvi07g02323","green",0.201892744479495,0.798107255520505
"unprotected","power20","Vitvi07g03086","pink",0.148148148148148,0.851851851851852
"unprotected","power20","Vitvi08g00795","lightyellow",0.144736842105263,0.855263157894737
"unprotected","power20","Vitvi08g00957","purple",0.0223713646532438,0.977628635346756
"unprotected","power20","Vitvi08g01235","green",0.162754303599374,0.837245696400626
"unprotected","power20","Vitvi08g01333","lightgreen",0.0973782771535581,0.902621722846442
"unprotected","power20","Vitvi08g01617","red",0.0261682242990654,0.973831775700935
"unprotected","power20","Vitvi08g01846","skyblue",0.0109289617486339,0.989071038251366
"unprotected","power20","Vitvi08g01897","red",0.00899280575539568,0.991007194244604
"unprotected","power20","Vitvi08g02218","red",0.0831826401446655,0.916817359855335
"unprotected","power20","Vitvi08g02288","orange",0.25,0.75
"unprotected","power20","Vitvi09g00419","tan",0.239185750636132,0.760814249363868
"unprotected","power20","Vitvi09g00867","red",0.110902255639098,0.889097744360902
"unprotected","power20","Vitvi09g01646","blue",0.00190961171228517,0.998090388287715
"unprotected","power20","Vitvi09g01698","pink",0.0558035714285714,0.944196428571429
"unprotected","power20","Vitvi09g04280","red",0.106177606177606,0.893822393822394
"unprotected","power20","Vitvi10g00562","turquoise",0.244938183121304,0.755061816878696
"unprotected","power20","Vitvi10g00984","red",0.127167630057803,0.872832369942196
"unprotected","power20","Vitvi10g01812","turquoise",0.0741882822419735,0.925811717758027
"unprotected","power20","Vitvi10g04044","red",0.125725338491296,0.874274661508704
"unprotected","power20","Vitvi10g04085","red",0.0148423005565863,0.985157699443414
"unprotected","power20","Vitvi10g04276","turquoise",0.159833845042442,0.840166154957558
"unprotected","power20","Vitvi10g04282","blue",0.00678973053256949,0.993210269467431
"unprotected","power20","Vitvi10g04464","lightyellow",0.14410480349345,0.85589519650655
"unprotected","power20","Vitvi10g04504","red",0.130755064456722,0.869244935543278
"unprotected","power20","Vitvi11g00075","blue",0.0638659028219817,0.936134097178018
"unprotected","power20","Vitvi11g00217","red",0.175925925925926,0.824074074074074
"unprotected","power20","Vitvi11g00285","turquoise",0.0315674891146589,0.968432510885341
"unprotected","power20","Vitvi11g00286","red",0.0844444444444444,0.915555555555556
"unprotected","power20","Vitvi11g01637","lightgreen",0.1375,0.8625
"unprotected","power20","Vitvi12g00368","darkgreen",0.122171945701357,0.877828054298643
"unprotected","power20","Vitvi12g01776","green",0.174803149606299,0.825196850393701
"unprotected","power20","Vitvi12g01881","darkgrey",0.0398773006134969,0.960122699386503
"unprotected","power20","Vitvi12g01882","darkgrey",0.0611353711790393,0.938864628820961
"unprotected","power20","Vitvi12g01921","tan",0.12531328320802,0.87468671679198
"unprotected","power20","Vitvi12g02011","tan",0.141388174807198,0.858611825192802
"unprotected","power20","Vitvi12g02633","tan",0.178841309823678,0.821158690176322
"unprotected","power20","Vitvi12g04108","tan",0.197044334975369,0.802955665024631
"unprotected","power20","Vitvi12g04404","tan",0.236040609137056,0.763959390862944
"unprotected","power20","Vitvi12g04463","tan",0.167095115681234,0.832904884318766
"unprotected","power20","Vitvi12g04498","tan",0.149484536082474,0.850515463917526
"unprotected","power20","Vitvi12g04515","tan",0.0717948717948718,0.928205128205128
"unprotected","power20","Vitvi12g04518","pink",0.0286975717439294,0.971302428256071
"unprotected","power20","Vitvi12g04543","pink",0.0732758620689655,0.926724137931034
"unprotected","power20","Vitvi12g04545","tan",0.102756892230576,0.897243107769424
"unprotected","power20","Vitvi12g04595","red",0.0653846153846154,0.934615384615385
"unprotected","power20","Vitvi12g04598","tan",0.191326530612245,0.808673469387755
"unprotected","power20","Vitvi12g04607","tan",0.213740458015267,0.786259541984733
"unprotected","power20","Vitvi12g04630","green",0.202830188679245,0.797169811320755
"unprotected","power20","Vitvi13g00004","turquoise",0.0886466848319709,0.911353315168029
"unprotected","power20","Vitvi13g00551","turquoise",0.0154714233709501,0.98452857662905
"unprotected","power20","Vitvi13g01098","blue",0.102672889266016,0.897327110733984
"unprotected","power20","Vitvi13g01468","red",0.178368121442125,0.821631878557875
"unprotected","power20","Vitvi13g01608","red",0.0499040307101727,0.950095969289827
"unprotected","power20","Vitvi13g01616","red",0.0882917466410749,0.911708253358925
"unprotected","power20","Vitvi13g01638","red",0.113026819923372,0.886973180076628
"unprotected","power20","Vitvi13g01984","red",0.108317214700193,0.891682785299807
"unprotected","power20","Vitvi13g04528","red",0.20303605313093,0.79696394686907
"unprotected","power20","Vitvi13g04529","red",0.20952380952381,0.79047619047619
"unprotected","power20","Vitvi13g04677","red",0.0914285714285714,0.908571428571429
"unprotected","power20","Vitvi13g04698","red",0.0830258302583026,0.916974169741697
"unprotected","power20","Vitvi13g04706","red",0.164435946462715,0.835564053537285
"unprotected","power20","Vitvi14g00438","blue",0.0507107999151284,0.949289200084872
"unprotected","power20","Vitvi14g01926","turquoise",0.00109309528147204,0.998906904718528
"unprotected","power20","Vitvi14g04416","lightyellow",0.126126126126126,0.873873873873874
"unprotected","power20","Vitvi15g01247","pink",0.13135593220339,0.86864406779661
"unprotected","power20","Vitvi16g00901","red",0.00773694390715667,0.992263056092843
"unprotected","power20","Vitvi16g04295","turquoise",0.0902323892519971,0.909767610748003
"unprotected","power20","Vitvi16g04448","tan",0.0481012658227848,0.951898734177215
"unprotected","power20","Vitvi17g00339","darkgrey",0.0103626943005181,0.989637305699482
"unprotected","power20","Vitvi17g00461","tan",0.099236641221374,0.900763358778626
"unprotected","power20","Vitvi17g00704","turquoise",0.101404899135447,0.898595100864553
"unprotected","power20","Vitvi17g00936","blue",0.160585490029699,0.839414509970301
"unprotected","power20","Vitvi17g01373","blue",0.0210057288351369,0.978994271164863
"unprotected","power20","Vitvi18g00174","red",0.123809523809524,0.876190476190476
"unprotected","power20","Vitvi18g00191","tan",0.083756345177665,0.916243654822335
"unprotected","power20","Vitvi18g00462","red",0.0576576576576577,0.942342342342342
"unprotected","power20","Vitvi18g00473","skyblue",0.0441767068273092,0.955823293172691
"unprotected","power20","Vitvi18g02222","red",0.0926640926640927,0.907335907335907
"unprotected","power20","Vitvi18g02825","red",0.0115163147792706,0.988483685220729
"unprotected","power20","Vitvi18g02837","blue",0.112783548865805,0.887216451134195
"unprotected","power20","Vitvi18g04551","pink",0.170353982300885,0.829646017699115
"unprotected","power20","Vitvi18g04640","green",0.178233438485804,0.821766561514196
"unprotected","power20","Vitvi19g00270","blue",0.166772621318076,0.833227378681924
"unprotected","power20","Vitvi19g00476","red",0.122370936902486,0.877629063097514
"unprotected","power20","Vitvi19g00709","red",0.1252408477842,0.8747591522158
"unprotected","power20","Vitvi19g01484","blue",0.114334109676053,0.885665890323947
"unprotected","power20","Vitvi19g01610","red",0.175238095238095,0.824761904761905
"unprotected","power20","Vitvi19g01612","red",0.147727272727273,0.852272727272727
"unprotected","power20","Vitvi19g01720","tan",0.199017199017199,0.800982800982801
"unprotected","power20","Vitvi19g01790","red",0.0516934046345811,0.948306595365419
"unprotected","power20","Vitvi19g04572","red",0.166666666666667,0.833333333333333
"unprotected","power6","Vitvi00g04005","pink",0.0224887556221889,0.977511244377811
"unprotected","power6","Vitvi00g04006","pink",0.0510204081632653,0.948979591836735
"unprotected","power6","Vitvi00g04313","darkgrey",0.0710659898477157,0.928934010152284
"unprotected","power6","Vitvi00g04500","midnightblue",0.0786240786240786,0.921375921375921
"unprotected","power6","Vitvi00g04634","midnightblue",0.0698795180722892,0.930120481927711
"unprotected","power6","Vitvi00g04728","midnightblue",0.085995085995086,0.914004914004914
"unprotected","power6","Vitvi01g00463","green",0.0785714285714286,0.921428571428571
"unprotected","power6","Vitvi01g00508","blue",0.125962211336599,0.874037788663401
"unprotected","power6","Vitvi01g00612","darkorange2",0.0163934426229508,0.983606557377049
"unprotected","power6","Vitvi01g00656","turquoise",0.231251913070095,0.768748086929905
"unprotected","power6","Vitvi01g01038","blue",0.0647801683816651,0.935219831618335
"unprotected","power6","Vitvi01g01701","green",0.0433212996389892,0.956678700361011
"unprotected","power6","Vitvi01g01751","yellow",0.150392817059484,0.849607182940516
"unprotected","power6","Vitvi01g02242","yellow",0.111731843575419,0.888268156424581
"unprotected","power6","Vitvi01g04056","red",0.100515463917526,0.899484536082474
"unprotected","power6","Vitvi01g04115","green",0.05,0.95
"unprotected","power6","Vitvi01g04132","darkgrey",0.0829015544041451,0.917098445595855
"unprotected","power6","Vitvi02g00032","turquoise",0.189665746703465,0.810334253296535
"unprotected","power6","Vitvi02g00086","turquoise",0.0102950215119852,0.989704978488015
"unprotected","power6","Vitvi02g00429","blue",0.122487143525012,0.877512856474988
"unprotected","power6","Vitvi02g00446","blue",0.107376283846872,0.892623716153128
"unprotected","power6","Vitvi02g01355","turquoise",0.0630078184884256,0.936992181511574
"unprotected","power6","Vitvi02g01360","lightgreen",0.00306748466257669,0.996932515337423
"unprotected","power6","Vitvi02g04106","blue",0.125699626865672,0.874300373134328
"unprotected","power6","Vitvi02g04134","yellow",0.140449438202247,0.859550561797753
"unprotected","power6","Vitvi02g04135","yellow",0.146067415730337,0.853932584269663
"unprotected","power6","Vitvi03g00318","green",0.00242718446601942,0.997572815533981
"unprotected","power6","Vitvi03g00692","turquoise",0.0759065765212047,0.924093423478795
"unprotected","power6","Vitvi03g01258","darkgrey",0.16256157635468,0.83743842364532
"unprotected","power6","Vitvi03g01809","pink",0.138461538461538,0.861538461538462
"unprotected","power6","Vitvi03g04266","green",0.0521945432977461,0.947805456702254
"unprotected","power6","Vitvi03g04466","darkgrey",0.0909090909090909,0.909090909090909
"unprotected","power6","Vitvi04g00017","turquoise",0.00723076923076923,0.992769230769231
"unprotected","power6","Vitvi04g01325","midnightblue",0.0843373493975904,0.91566265060241
"unprotected","power6","Vitvi04g01375","midnightblue",0.075609756097561,0.924390243902439
"unprotected","power6","Vitvi04g01550","blue",0.205271751807791,0.794728248192209
"unprotected","power6","Vitvi04g01887","blue",0.0815611124094415,0.918438887590559
"unprotected","power6","Vitvi04g02114","green",0.00476190476190476,0.995238095238095
"unprotected","power6","Vitvi04g04010","green",0.0690909090909091,0.930909090909091
"unprotected","power6","Vitvi04g04011","green",0.0787878787878788,0.921212121212121
"unprotected","power6","Vitvi04g04029","darkgrey",0.0558375634517767,0.944162436548223
"unprotected","power6","Vitvi05g00108","blue",0.0998596819457437,0.900140318054256
"unprotected","power6","Vitvi05g00675","blue",0.0401493930905696,0.95985060690943
"unprotected","power6","Vitvi05g00726","tan",0.0138613861386139,0.986138613861386
"unprotected","power6","Vitvi05g01579","pink",0.0870870870870871,0.912912912912913
"unprotected","power6","Vitvi05g01674","tan",0.0576208178438662,0.942379182156134
"unprotected","power6","Vitvi05g02234","yellow",0.0906040268456376,0.909395973154362
"unprotected","power6","Vitvi05g04062","pink",0.0719754977029096,0.92802450229709
"unprotected","power6","Vitvi05g04232","tan",0.038135593220339,0.961864406779661
"unprotected","power6","Vitvi05g04487","yellow",0.0697412823397075,0.930258717660292
"unprotected","power6","Vitvi05g04494","yellow",0.104377104377104,0.895622895622896
"unprotected","power6","Vitvi06g01410","turquoise",0.0104534973097617,0.989546502690238
"unprotected","power6","Vitvi06g01618","green",0.111913357400722,0.888086642599278
"unprotected","power6","Vitvi06g04121","green",0.0813106796116505,0.918689320388349
"unprotected","power6","Vitvi07g00283","green",0.00471142520612485,0.995288574793875
"unprotected","power6","Vitvi07g00523","blue",0.170555296313579,0.829444703686421
"unprotected","power6","Vitvi07g00890","yellow",0.120224719101124,0.879775280898876
"unprotected","power6","Vitvi07g01267","turquoise",0.118216756341276,0.881783243658724
"unprotected","power6","Vitvi07g01315","pink",0.119515885022693,0.880484114977307
"unprotected","power6","Vitvi07g01342","black",0.0644230769230769,0.935576923076923
"unprotected","power6","Vitvi07g01407","darkorange2",0.00854700854700855,0.991452991452991
"unprotected","power6","Vitvi07g01719","purple",0.0211382113821138,0.978861788617886
"unprotected","power6","Vitvi07g01829","blue",0.155550373134328,0.844449626865672
"unprotected","power6","Vitvi07g02323","yellow",0.143820224719101,0.856179775280899
"unprotected","power6","Vitvi07g03086","purple",0.101777059773829,0.898222940226171
"unprotected","power6","Vitvi08g00795","midnightblue",0.0799031476997579,0.920096852300242
"unprotected","power6","Vitvi08g00957","cyan",0.0185614849187935,0.981438515081206
"unprotected","power6","Vitvi08g01235","yellow",0.118701007838746,0.881298992161254
"unprotected","power6","Vitvi08g01333","darkgrey",0.10762331838565,0.89237668161435
"unprotected","power6","Vitvi08g01617","green",0.0166666666666667,0.983333333333333
"unprotected","power6","Vitvi08g01846","red",0.00794701986754967,0.99205298013245
"unprotected","power6","Vitvi08g01897","turquoise",0.00599630996309963,0.9940036900369
"unprotected","power6","Vitvi08g02218","darkgrey",0.0666666666666667,0.933333333333333
"unprotected","power6","Vitvi08g02288","midnightblue",0.101204819277108,0.898795180722892
"unprotected","power6","Vitvi09g00419","pink",0.150306748466258,0.849693251533742
"unprotected","power6","Vitvi09g00867","green",0.0704898446833931,0.929510155316607
"unprotected","power6","Vitvi09g01646","blue",0.00210674157303371,0.997893258426966
"unprotected","power6","Vitvi09g01698","purple",0.0414593698175788,0.958540630182421
"unprotected","power6","Vitvi09g04280","green",0.0668286755771567,0.933171324422843
"unprotected","power6","Vitvi10g00562","turquoise",0.208504176157935,0.791495823842065
"unprotected","power6","Vitvi10g00984","green",0.0814094775212637,0.918590522478736
"unprotected","power6","Vitvi10g01812","turquoise",0.0649869411583961,0.935013058841604
"unprotected","power6","Vitvi10g04044","green",0.0790754257907543,0.920924574209246
"unprotected","power6","Vitvi10g04085","green",0.00947867298578199,0.990521327014218
"unprotected","power6","Vitvi10g04276","turquoise",0.136391437308868,0.863608562691132
"unprotected","power6","Vitvi10g04282","blue",0.00749063670411985,0.99250936329588
"unprotected","power6","Vitvi10g04464","midnightblue",0.0797101449275362,0.920289855072464
"unprotected","power6","Vitvi10g04504","green",0.0875739644970414,0.912426035502959
"unprotected","power6","Vitvi11g00075","blue",0.0702082845775802,0.92979171542242
"unprotected","power6","Vitvi11g00217","green",0.117717003567182,0.882282996432818
"unprotected","power6","Vitvi11g00285","turquoise",0.0298369732390034,0.970163026760997
"unprotected","power6","Vitvi11g00286","green",0.0646817248459959,0.935318275154004
"unprotected","power6","Vitvi11g01637","darkgrey",0.170103092783505,0.829896907216495
"unprotected","power6","Vitvi12g00368","lightcyan",0.0645161290322581,0.935483870967742
"unprotected","power6","Vitvi12g01776","yellow",0.125842696629213,0.874157303370787
"unprotected","power6","Vitvi12g01881","blue",0.02669452181987,0.97330547818013
"unprotected","power6","Vitvi12g01882","tan",0.028169014084507,0.971830985915493
"unprotected","power6","Vitvi12g01921","pink",0.0771558245083207,0.922844175491679
"unprotected","power6","Vitvi12g02011","pink",0.0860215053763441,0.913978494623656
"unprotected","power6","Vitvi12g02633","pink",0.114329268292683,0.885670731707317
"unprotected","power6","Vitvi12g04108","pink",0.119581464872945,0.880418535127055
"unprotected","power6","Vitvi12g04404","pink",0.146788990825688,0.853211009174312
"unprotected","power6","Vitvi12g04463","pink",0.103076923076923,0.896923076923077
"unprotected","power6","Vitvi12g04498","pink",0.0907692307692308,0.909230769230769
"unprotected","power6","Vitvi12g04515","pink",0.0428790199081164,0.957120980091884
"unprotected","power6","Vitvi12g04518","purple",0.0213815789473684,0.978618421052632
"unprotected","power6","Vitvi12g04543","purple",0.0549273021001615,0.945072697899838
"unprotected","power6","Vitvi12g04545","pink",0.0619335347432024,0.938066465256798
"unprotected","power6","Vitvi12g04595","green",0.0412121212121212,0.958787878787879
"unprotected","power6","Vitvi12g04598","pink",0.11791730474732,0.88208269525268
"unprotected","power6","Vitvi12g04607","pink",0.13323124042879,0.86676875957121
"unprotected","power6","Vitvi12g04630","yellow",0.145903479236813,0.854096520763187
"unprotected","power6","Vitvi13g00004","turquoise",0.0768875903429187,0.923112409657081
"unprotected","power6","Vitvi13g00551","turquoise",0.0138482843514387,0.986151715648561
"unprotected","power6","Vitvi13g01098","blue",0.111188974538659,0.888811025461341
"unprotected","power6","Vitvi13g01468","green",0.122424242424242,0.877575757575758
"unprotected","power6","Vitvi13g01608","green",0.0314769975786925,0.968523002421308
"unprotected","power6","Vitvi13g01616","green",0.0556900726392252,0.944309927360775
"unprotected","power6","Vitvi13g01638","green",0.0713422007255139,0.928657799274486
"unprotected","power6","Vitvi13g01984","green",0.0681265206812652,0.931873479318735
"unprotected","power6","Vitvi13g04528","green",0.138181818181818,0.861818181818182
"unprotected","power6","Vitvi13g04529","green",0.140776699029126,0.859223300970874
"unprotected","power6","Vitvi13g04677","green",0.0578313253012048,0.942168674698795
"unprotected","power6","Vitvi13g04698","green",0.0531286894923259,0.946871310507674
"unprotected","power6","Vitvi13g04706","green",0.105199516324063,0.894800483675937
"unprotected","power6","Vitvi14g00438","blue",0.0556985724315469,0.944301427568453
"unprotected","power6","Vitvi14g01926","turquoise",0.000923218956762579,0.999076781043237
"unprotected","power6","Vitvi14g04416","midnightblue",0.0714285714285714,0.928571428571429
"unprotected","power6","Vitvi15g01247","purple",0.0919175911251981,0.908082408874802
"unprotected","power6","Vitvi16g00901","green",0.0048661800486618,0.995133819951338
"unprotected","power6","Vitvi16g04295","turquoise",0.0762503835532372,0.923749616446763
"unprotected","power6","Vitvi16g04448","pink",0.0320121951219512,0.967987804878049
"unprotected","power6","Vitvi17g00339","tan",0.00433839479392625,0.995661605206074
"unprotected","power6","Vitvi17g00461","pink",0.0626911314984709,0.937308868501529
"unprotected","power6","Vitvi17g00704","turquoise",0.0906168682075616,0.909383131792438
"unprotected","power6","Vitvi17g00936","blue",0.170311772917636,0.829688227082364
"unprotected","power6","Vitvi17g01373","blue",0.0231741573033708,0.976825842696629
"unprotected","power6","Vitvi18g00174","green",0.0783132530120482,0.921686746987952
"unprotected","power6","Vitvi18g00191","pink",0.0518292682926829,0.948170731707317
"unprotected","power6","Vitvi18g00462","green",0.0372093023255814,0.962790697674419
"unprotected","power6","Vitvi18g00473","turquoise",0.0113688738669534,0.988631126133047
"unprotected","power6","Vitvi18g02222","green",0.0583232077764277,0.941676792223572
"unprotected","power6","Vitvi18g02825","green",0.00726392251815981,0.99273607748184
"unprotected","power6","Vitvi18g02837","blue",0.121530207604385,0.878469792395615
"unprotected","power6","Vitvi18g04551","purple",0.121311475409836,0.878688524590164
"unprotected","power6","Vitvi18g04640","yellow",0.126966292134831,0.873033707865169
"unprotected","power6","Vitvi19g00270","blue",0.182030338389732,0.817969661610268
"unprotected","power6","Vitvi19g00476","green",0.0785973397823458,0.921402660217654
"unprotected","power6","Vitvi19g00709","green",0.0801944106925881,0.919805589307412
"unprotected","power6","Vitvi19g01484","blue",0.124795894564964,0.875204105435036
"unprotected","power6","Vitvi19g01610","green",0.116222760290557,0.883777239709443
"unprotected","power6","Vitvi19g01612","green",0.0975903614457831,0.902409638554217
"unprotected","power6","Vitvi19g01720","pink",0.122571001494768,0.877428998505232
"unprotected","power6","Vitvi19g01790","green",0.0334872979214781,0.966512702078522
"unprotected","power6","Vitvi19g04572","green",0.107878787878788,0.892121212121212
"protected","power1","Vitvi00g04005","brown",0.0108820160366552,0.989117983963345
"protected","power1","Vitvi00g04500","darkgrey",0.255555555555556,0.744444444444444
"protected","power1","Vitvi00g04634","darkgrey",0.252631578947368,0.747368421052632
"protected","power1","Vitvi00g04728","darkgrey",0.268817204301075,0.731182795698925
"protected","power1","Vitvi01g00463","yellow",0.0264227642276423,0.973577235772358
"protected","power1","Vitvi01g00508","blue",0.100477381223005,0.899522618776995
"protected","power1","Vitvi01g00612","turquoise",0.0153680237260717,0.984631976273928
"protected","power1","Vitvi01g00656","turquoise",0.181438014299204,0.818561985700796
"protected","power1","Vitvi01g01038","blue",0.0456610631531122,0.954338936846888
"protected","power1","Vitvi01g01701","yellow",0.0319001386962552,0.968099861303745
"protected","power1","Vitvi01g04056","turquoise",0.0197926484448633,0.980207351555137
"protected","power1","Vitvi01g04115","yellow",0.0189189189189189,0.981081081081081
"protected","power1","Vitvi01g04132","grey60",0.08,0.92
"protected","power1","Vitvi02g00032","turquoise",0.140582838640043,0.859417161359957
"protected","power1","Vitvi02g00056","pink",0.050251256281407,0.949748743718593
"protected","power1","Vitvi02g00086","magenta",0.0164348925410872,0.983565107458913
"protected","power1","Vitvi02g00429","blue",0.103863636363636,0.896136363636364
"protected","power1","Vitvi02g00446","blue",0.07313769751693,0.92686230248307
"protected","power1","Vitvi02g01355","turquoise",0.0415542363734485,0.958445763626552
"protected","power1","Vitvi02g01360","magenta",0.00542740841248304,0.994572591587517
"protected","power1","Vitvi02g04106","blue",0.0918992511912866,0.908100748808713
"protected","power1","Vitvi03g00318","purple",0.00162074554294976,0.99837925445705
"protected","power1","Vitvi03g00692","turquoise",0.0539519827353655,0.946048017264634
"protected","power1","Vitvi03g00752","yellow",0.0330350997935306,0.966964900206469
"protected","power1","Vitvi03g01258","yellow",0.0249653259361997,0.9750346740638
"protected","power1","Vitvi03g01809","green",0.065863453815261,0.934136546184739
"protected","power1","Vitvi03g04266","yellow",0.0385940730530668,0.961405926946933
"protected","power1","Vitvi03g04466","grey60",0.0828025477707006,0.917197452229299
"protected","power1","Vitvi04g00017","grey60",0.0186046511627907,0.981395348837209
"protected","power1","Vitvi04g01254","yellow",0.0173611111111111,0.982638888888889
"protected","power1","Vitvi04g01325","darkgrey",0.235294117647059,0.764705882352941
"protected","power1","Vitvi04g01375","darkgrey",0.217821782178218,0.782178217821782
"protected","power1","Vitvi04g01550","blue",0.173263967428184,0.826736032571816
"protected","power1","Vitvi04g01555","yellow",0.033195020746888,0.966804979253112
"protected","power1","Vitvi04g01887","blue",0.0648379052369077,0.935162094763092
"protected","power1","Vitvi04g02114","yellow",0.00412654745529574,0.995873452544704
"protected","power1","Vitvi04g04009","black",0.094775212636695,0.905224787363305
"protected","power1","Vitvi04g04010","yellow",0.0297783933518006,0.970221606648199
"protected","power1","Vitvi04g04011","yellow",0.0331720801658604,0.96682791983414
"protected","power1","Vitvi04g04029","grey60",0.038961038961039,0.961038961038961
"protected","power1","Vitvi05g00028","blue",0.0357708852162101,0.96422911478379
"protected","power1","Vitvi05g00108","blue",0.0740824648844585,0.925917535115541
"protected","power1","Vitvi05g00145","blue",0.0122838944494995,0.9877161055505
"protected","power1","Vitvi05g00726","brown",0.0101867572156197,0.98981324278438
"protected","power1","Vitvi05g01400","pink",0.0578616352201258,0.942138364779874
"protected","power1","Vitvi05g01579","green",0.056406124093473,0.943593875906527
"protected","power1","Vitvi05g01674","brown",0.0320044918585065,0.967995508141493
"protected","power1","Vitvi05g04232","green",0.0233118971061093,0.976688102893891
"protected","power1","Vitvi06g01410","turquoise",0.0129502225819506,0.987049777418049
"protected","power1","Vitvi06g01618","yellow",0.0570054945054945,0.942994505494505
"protected","power1","Vitvi06g04121","yellow",0.0472878998609179,0.952712100139082
"protected","power1","Vitvi07g00283","turquoise",0.00445163901254553,0.995548360987454
"protected","power1","Vitvi07g00523","blue",0.127693354502155,0.872306645497845
"protected","power1","Vitvi07g01267","turquoise",0.0921105866486851,0.907889413351315
"protected","power1","Vitvi07g01315","green",0.07085346215781,0.92914653784219
"protected","power1","Vitvi07g01342","turquoise",0.0423580196951302,0.95764198030487
"protected","power1","Vitvi07g01407","turquoise",0.00660644465417285,0.993393555345827
"protected","power1","Vitvi07g01718","pink",0.0552763819095477,0.944723618090452
"protected","power1","Vitvi07g01719","pink",0.0339195979899497,0.96608040201005
"protected","power1","Vitvi07g02832","purple",0.0646976090014065,0.935302390998594
"protected","power1","Vitvi07g03086","pink",0.111949685534591,0.888050314465409
"protected","power1","Vitvi08g00957","red",0.0116959064327485,0.988304093567251
"protected","power1","Vitvi08g01333","yellow",0.0262430939226519,0.973756906077348
"protected","power1","Vitvi08g01617","yellow",0.00753424657534247,0.992465753424657
"protected","power1","Vitvi08g01846","green",0.00480384307445957,0.99519615692554
"protected","power1","Vitvi08g01897","turquoise",0.00431674086065021,0.99568325913935
"protected","power1","Vitvi08g02218","yellow",0.0477508650519031,0.952249134948097
"protected","power1","Vitvi08g02288","green",0.0484261501210654,0.951573849878935
"protected","power1","Vitvi09g00419","green",0.0730337078651685,0.926966292134832
"protected","power1","Vitvi09g00867","yellow",0.0279291553133515,0.972070844686649
"protected","power1","Vitvi09g01646","lightyellow",0.0217391304347826,0.978260869565217
"protected","power1","Vitvi09g01698","pink",0.0279898218829517,0.972010178117048
"protected","power1","Vitvi09g04280","yellow",0.0319001386962552,0.968099861303745
"protected","power1","Vitvi09g04564","pink",0.107868020304569,0.892131979695431
"protected","power1","Vitvi10g00984","yellow",0.0376712328767123,0.962328767123288
"protected","power1","Vitvi10g01812","turquoise",0.0416891527253103,0.95831084727469
"protected","power1","Vitvi10g04044","yellow",0.0377487989018531,0.962251201098147
"protected","power1","Vitvi10g04085","turquoise",0.00444983818770227,0.995550161812298
"protected","power1","Vitvi10g04282","lightyellow",0.029585798816568,0.970414201183432
"protected","power1","Vitvi10g04504","yellow",0.043448744059742,0.956551255940258
"protected","power1","Vitvi11g00075","blue",0.0498861047835991,0.950113895216401
"protected","power1","Vitvi11g00217","yellow",0.0546558704453441,0.945344129554656
"protected","power1","Vitvi11g00285","turquoise",0.0317673980347288,0.968232601965271
"protected","power1","Vitvi11g00286","yellow",0.0317662007623888,0.968233799237611
"protected","power1","Vitvi11g01637","grey60",0.0609756097560976,0.939024390243902
"protected","power1","Vitvi12g00368","yellow",0.0381944444444444,0.961805555555556
"protected","power1","Vitvi12g01881","brown",0.0242290748898678,0.975770925110132
"protected","power1","Vitvi12g01882","brown",0.0171330668189606,0.982866933181039
"protected","power1","Vitvi12g01921","green",0.0394207562349155,0.960579243765085
"protected","power1","Vitvi12g02011","green",0.0296712109061748,0.970328789093825
"protected","power1","Vitvi12g04108","green",0.0662939297124601,0.93370607028754
"protected","power1","Vitvi12g04404","green",0.0731511254019293,0.926848874598071
"protected","power1","Vitvi12g04463","green",0.0449438202247191,0.955056179775281
"protected","power1","Vitvi12g04498","green",0.0418679549114332,0.958132045088567
"protected","power1","Vitvi12g04515","green",0.0250201775625504,0.97497982243745
"protected","power1","Vitvi12g04543","pink",0.0664160401002506,0.933583959899749
"protected","power1","Vitvi12g04545","green",0.0336,0.9664
"protected","power1","Vitvi12g04595","yellow",0.0173490631505899,0.98265093684941
"protected","power1","Vitvi12g04598","green",0.0586345381526104,0.94136546184739
"protected","power1","Vitvi12g04607","green",0.0651649235720032,0.934835076427997
"protected","power1","Vitvi13g00551","grey60",0.0223214285714286,0.977678571428571
"protected","power1","Vitvi13g01098","blue",0.0907239819004525,0.909276018099548
"protected","power1","Vitvi13g01468","yellow",0.0624571036376115,0.937542896362388
"protected","power1","Vitvi13g01608","yellow",0.0187760778859527,0.981223922114047
"protected","power1","Vitvi13g01616","yellow",0.0298196948682386,0.970180305131761
"protected","power1","Vitvi13g01638","yellow",0.0338865836791148,0.966113416320885
"protected","power1","Vitvi13g01984","yellow",0.034794711203897,0.965205288796103
"protected","power1","Vitvi13g02083","yellow",0.0495185694635488,0.950481430536451
"protected","power1","Vitvi13g02285","pink",0.0812182741116751,0.918781725888325
"protected","power1","Vitvi13g04289","yellow",0.0571625344352617,0.942837465564738
"protected","power1","Vitvi13g04528","yellow",0.0712816997943797,0.92871830020562
"protected","power1","Vitvi13g04529","yellow",0.0615595075239398,0.93844049247606
"protected","power1","Vitvi13g04540","purple",0.0322085889570552,0.967791411042945
"protected","power1","Vitvi13g04677","yellow",0.0227900552486188,0.977209944751381
"protected","power1","Vitvi13g04698","yellow",0.0196610169491525,0.980338983050847
"protected","power1","Vitvi13g04706","yellow",0.0446428571428571,0.955357142857143
"protected","power1","Vitvi14g00679","turquoise",0.0906763675559148,0.909323632444085
"protected","power1","Vitvi14g01926","turquoise",0.000809498111171074,0.999190501888829
"protected","power1","Vitvi14g02663","lightyellow",0.0561224489795918,0.943877551020408
"protected","power1","Vitvi14g04416","darkgrey",0.230769230769231,0.769230769230769
"protected","power1","Vitvi16g00160","black",0.0240963855421687,0.975903614457831
"protected","power1","Vitvi16g00901","yellow",0.00348189415041783,0.996518105849582
"protected","power1","Vitvi16g04295","turquoise",0.0718910169948746,0.928108983005125
"protected","power1","Vitvi16g04388","yellow",0.0541466758053461,0.945853324194654
"protected","power1","Vitvi16g04448","green",0.0193236714975845,0.980676328502415
"protected","power1","Vitvi17g00339","pink",0.00252844500632111,0.997471554993679
"protected","power1","Vitvi17g00461","green",0.0338436744560838,0.966156325543916
"protected","power1","Vitvi17g00704","turquoise",0.0596874157908919,0.940312584209108
"protected","power1","Vitvi17g00936","blue",0.145714935212548,0.854285064787452
"protected","power1","Vitvi17g01373","lightyellow",0.0375586854460094,0.962441314553991
"protected","power1","Vitvi17g04171","yellow",0.0589444825222755,0.941055517477724
"protected","power1","Vitvi18g00174","yellow",0.0383561643835616,0.961643835616438
"protected","power1","Vitvi18g00191","green",0.024,0.976
"protected","power1","Vitvi18g00462","yellow",0.0196476964769648,0.980352303523035
"protected","power1","Vitvi18g00473","turquoise",0.0168599946048017,0.983140005395198
"protected","power1","Vitvi18g02825","turquoise",0.0014840798704803,0.99851592012952
"protected","power1","Vitvi19g00270","blue",0.14563986409966,0.85436013590034
"protected","power1","Vitvi19g00476","yellow",0.0409437890353921,0.959056210964608
"protected","power1","Vitvi19g00709","yellow",0.045201668984701,0.954798331015299
"protected","power1","Vitvi19g01484","blue",0.10451467268623,0.89548532731377
"protected","power1","Vitvi19g01610","yellow",0.0628887353144437,0.937111264685556
"protected","power1","Vitvi19g01612","yellow",0.0421853388658368,0.957814661134163
"protected","power1","Vitvi19g01720","green",0.0687450039968026,0.931254996003197
"protected","power1","Vitvi19g01790","yellow",0.0133958472873409,0.986604152712659
"protected","power1","Vitvi19g04259","black",0.133010882708585,0.866989117291415
"protected","power1","Vitvi19g04530","yellow",0.0560941828254848,0.943905817174515
"protected","power1","Vitvi19g04572","yellow",0.0568260568260568,0.943173943173943
"protected","power12","Vitvi00g04005","tan",0.0276497695852535,0.972350230414747
"protected","power12","Vitvi00g04500","saddlebrown",0.161111111111111,0.838888888888889
"protected","power12","Vitvi00g04634","saddlebrown",0.187845303867403,0.812154696132597
"protected","power12","Vitvi00g04728","saddlebrown",0.18232044198895,0.81767955801105
"protected","power12","Vitvi01g00463","white",0.105058365758755,0.894941634241245
"protected","power12","Vitvi01g00508","blue",0.0989858906525573,0.901014109347443
"protected","power12","Vitvi01g00612","violet",0.0216606498194946,0.978339350180505
"protected","power12","Vitvi01g00656","turquoise",0.210450852317986,0.789549147682014
"protected","power12","Vitvi01g01038","blue",0.0449042482940788,0.955095751705921
"protected","power12","Vitvi01g01701","white",0.12719298245614,0.87280701754386
"protected","power12","Vitvi01g04056","yellow",0.114155251141553,0.885844748858448
"protected","power12","Vitvi01g04115","white",0.0862745098039216,0.913725490196078
"protected","power12","Vitvi01g04132","darkgrey",0.0520446096654275,0.947955390334573
"protected","power12","Vitvi02g00032","turquoise",0.163317384370016,0.836682615629984
"protected","power12","Vitvi02g00056","lightyellow",0.0497076023391813,0.950292397660819
"protected","power12","Vitvi02g00086","violet",0.0512820512820513,0.948717948717949
"protected","power12","Vitvi02g00429","blue",0.100572183098592,0.899427816901408
"protected","power12","Vitvi02g00446","blue",0.0729463307776561,0.927053669222344
"protected","power12","Vitvi02g01355","turquoise",0.0447523491001752,0.955247650899825
"protected","power12","Vitvi02g01360","violet",0.0280898876404494,0.971910112359551
"protected","power12","Vitvi02g04106","blue",0.0887521968365554,0.911247803163445
"protected","power12","Vitvi03g00318","honeydew1",0.0212765957446809,0.978723404255319
"protected","power12","Vitvi03g00692","turquoise",0.06378896882494,0.93621103117506
"protected","power12","Vitvi03g00752","royalblue",0.0948012232415902,0.90519877675841
"protected","power12","Vitvi03g01258","darkgrey",0.111510791366906,0.888489208633094
"protected","power12","Vitvi03g01809","tan",0.183529411764706,0.816470588235294
"protected","power12","Vitvi03g04266","royalblue",0.12,0.88
"protected","power12","Vitvi03g04466","darkgrey",0.062043795620438,0.937956204379562
"protected","power12","Vitvi04g00017","turquoise",0.00989782886334611,0.990102171136654
"protected","power12","Vitvi04g01254","royalblue",0.0557377049180328,0.944262295081967
"protected","power12","Vitvi04g01325","saddlebrown",0.206521739130435,0.793478260869565
"protected","power12","Vitvi04g01375","saddlebrown",0.203296703296703,0.796703296703297
"protected","power12","Vitvi04g01550","blue",0.170876345266857,0.829123654733143
"protected","power12","Vitvi04g01555","royalblue",0.143322475570033,0.856677524429967
"protected","power12","Vitvi04g01887","blue",0.0641899318531545,0.935810068146845
"protected","power12","Vitvi04g02114","greenyellow",0.0191489361702128,0.980851063829787
"protected","power12","Vitvi04g04009","green",0.0957055214723926,0.904294478527607
"protected","power12","Vitvi04g04010","white",0.196261682242991,0.803738317757009
"protected","power12","Vitvi04g04011","white",0.205479452054795,0.794520547945206
"protected","power12","Vitvi04g04029","darkgrey",0.0407407407407407,0.959259259259259
"protected","power12","Vitvi05g00028","blue",0.036914963744232,0.963085036255768
"protected","power12","Vitvi05g00108","blue",0.0705676090291475,0.929432390970853
"protected","power12","Vitvi05g00145","darkgreen",0.0308641975308642,0.969135802469136
"protected","power12","Vitvi05g00726","black",0.0257510729613734,0.974248927038627
"protected","power12","Vitvi05g01400","brown",0.041958041958042,0.958041958041958
"protected","power12","Vitvi05g01579","tan",0.11697247706422,0.88302752293578
"protected","power12","Vitvi05g01674","black",0.0547945205479452,0.945205479452055
"protected","power12","Vitvi05g04232","saddlebrown",0.054726368159204,0.945273631840796
"protected","power12","Vitvi06g01410","turquoise",0.0153526307372461,0.984647369262754
"protected","power12","Vitvi06g01618","royalblue",0.253164556962025,0.746835443037975
"protected","power12","Vitvi06g04121","white",0.255707762557078,0.744292237442922
"protected","power12","Vitvi07g00283","greenyellow",0.00618556701030928,0.993814432989691
"protected","power12","Vitvi07g00523","blue",0.126128109178957,0.873871890821043
"protected","power12","Vitvi07g01267","turquoise",0.108838101326514,0.891161898673486
"protected","power12","Vitvi07g01315","tan",0.163218390804598,0.836781609195402
"protected","power12","Vitvi07g01342","midnightblue",0.0746500777604977,0.925349922239502
"protected","power12","Vitvi07g01407","violet",0.028436018957346,0.971563981042654
"protected","power12","Vitvi07g01718","brown",0.0468933177022274,0.953106682297773
"protected","power12","Vitvi07g01719","purple",0.0277227722772277,0.972277227722772
"protected","power12","Vitvi07g02832","salmon",0.0672097759674134,0.932790224032587
"protected","power12","Vitvi07g03086","brown",0.0997652582159624,0.900234741784038
"protected","power12","Vitvi08g00957","pink",0.0153139356814701,0.98468606431853
"protected","power12","Vitvi08g01333","darkgrey",0.112280701754386,0.887719298245614
"protected","power12","Vitvi08g01617","white",0.0212765957446809,0.978723404255319
"protected","power12","Vitvi08g01846","grey60",0.0146627565982405,0.98533724340176
"protected","power12","Vitvi08g01897","turquoise",0.0049568276303166,0.995043172369683
"protected","power12","Vitvi08g02218","royalblue",0.114114114114114,0.885885885885886
"protected","power12","Vitvi08g02288","grey60",0.181818181818182,0.818181818181818
"protected","power12","Vitvi09g00419","tan",0.193023255813953,0.806976744186046
"protected","power12","Vitvi09g00867","white",0.120967741935484,0.879032258064516
"protected","power12","Vitvi09g01646","blue",0.00154423119347011,0.99845576880653
"protected","power12","Vitvi09g01698","brown",0.0262216924910608,0.973778307508939
"protected","power12","Vitvi09g04280","white",0.218009478672986,0.781990521327014
"protected","power12","Vitvi09g04564","brown",0.0906949352179034,0.909305064782097
"protected","power12","Vitvi10g00984","royalblue",0.120481927710843,0.879518072289157
"protected","power12","Vitvi10g01812","turquoise",0.0434160305343511,0.956583969465649
"protected","power12","Vitvi10g04044","royalblue",0.182692307692308,0.817307692307692
"protected","power12","Vitvi10g04085","royalblue",0.0123076923076923,0.987692307692308
"protected","power12","Vitvi10g04282","blue",0.00882417824840062,0.991175821751599
"protected","power12","Vitvi10g04504","royalblue",0.14868804664723,0.85131195335277
"protected","power12","Vitvi11g00075","blue",0.0473776994270604,0.95262230057294
"protected","power12","Vitvi11g00217","royalblue",0.213872832369942,0.786127167630058
"protected","power12","Vitvi11g00285","turquoise",0.0376455575051842,0.962354442494816
"protected","power12","Vitvi11g00286","royalblue",0.0665188470066519,0.933481152993348
"protected","power12","Vitvi11g01637","darkgrey",0.0845588235294118,0.915441176470588
"protected","power12","Vitvi12g00368","greenyellow",0.103004291845494,0.896995708154506
"protected","power12","Vitvi12g01881","black",0.0630872483221477,0.936912751677852
"protected","power12","Vitvi12g01882","black",0.0454545454545455,0.954545454545455
"protected","power12","Vitvi12g01921","tan",0.101176470588235,0.898823529411765
"protected","power12","Vitvi12g02011","tan",0.0900473933649289,0.909952606635071
"protected","power12","Vitvi12g04108","tan",0.161363636363636,0.838636363636364
"protected","power12","Vitvi12g04404","tan",0.199530516431925,0.800469483568075
"protected","power12","Vitvi12g04463","tan",0.132701421800948,0.867298578199052
"protected","power12","Vitvi12g04498","tan",0.124401913875598,0.875598086124402
"protected","power12","Vitvi12g04515","tan",0.0619047619047619,0.938095238095238
"protected","power12","Vitvi12g04543","brown",0.0622796709753232,0.937720329024677
"protected","power12","Vitvi12g04545","tan",0.0833333333333333,0.916666666666667
"protected","power12","Vitvi12g04595","white",0.119047619047619,0.880952380952381
"protected","power12","Vitvi12g04598","tan",0.162352941176471,0.837647058823529
"protected","power12","Vitvi12g04607","tan",0.182033096926714,0.817966903073286
"protected","power12","Vitvi13g00551","purple",0.0143884892086331,0.985611510791367
"protected","power12","Vitvi13g01098","blue",0.0902503293807642,0.909749670619236
"protected","power12","Vitvi13g01468","royalblue",0.25,0.75
"protected","power12","Vitvi13g01608","white",0.125,0.875
"protected","power12","Vitvi13g01616","white",0.154545454545455,0.845454545454545
"protected","power12","Vitvi13g01638","white",0.222222222222222,0.777777777777778
"protected","power12","Vitvi13g01984","white",0.242718446601942,0.757281553398058
"protected","power12","Vitvi13g02083","royalblue",0.212025316455696,0.787974683544304
"protected","power12","Vitvi13g02285","brown",0.063454759106933,0.936545240893067
"protected","power12","Vitvi13g04289","royalblue",0.248407643312102,0.751592356687898
"protected","power12","Vitvi13g04528","royalblue",0.242603550295858,0.757396449704142
"protected","power12","Vitvi13g04529","royalblue",0.243161094224924,0.756838905775076
"protected","power12","Vitvi13g04540","royalblue",0.111111111111111,0.888888888888889
"protected","power12","Vitvi13g04677","white",0.146788990825688,0.853211009174312
"protected","power12","Vitvi13g04698","white",0.0790513833992095,0.920948616600791
"protected","power12","Vitvi13g04706","white",0.223628691983122,0.776371308016878
"protected","power12","Vitvi14g00679","turquoise",0.104651162790698,0.895348837209302
"protected","power12","Vitvi14g01926","turquoise",0.000959692898272553,0.999040307101727
"protected","power12","Vitvi14g02663","brown",0.0495391705069124,0.950460829493088
"protected","power12","Vitvi14g04416","saddlebrown",0.136612021857924,0.863387978142076
"protected","power12","Vitvi16g00160","white",0.0300429184549356,0.969957081545064
"protected","power12","Vitvi16g00901","royalblue",0.0136054421768707,0.986394557823129
"protected","power12","Vitvi16g04295","turquoise",0.0821109693877551,0.917889030612245
"protected","power12","Vitvi16g04388","royalblue",0.238244514106583,0.761755485893417
"protected","power12","Vitvi16g04448","tan",0.04,0.96
"protected","power12","Vitvi17g00339","lightyellow",0.00636942675159236,0.993630573248408
"protected","power12","Vitvi17g00461","tan",0.0876777251184834,0.912322274881517
"protected","power12","Vitvi17g00704","turquoise",0.0705732077279259,0.929426792272074
"protected","power12","Vitvi17g00936","blue",0.142857142857143,0.857142857142857
"protected","power12","Vitvi17g01373","black",0.0175438596491228,0.982456140350877
"protected","power12","Vitvi17g04171","royalblue",0.221884498480243,0.778115501519757
"protected","power12","Vitvi18g00174","royalblue",0.180379746835443,0.819620253164557
"protected","power12","Vitvi18g00191","tan",0.0679156908665105,0.932084309133489
"protected","power12","Vitvi18g00462","royalblue",0.0805970149253731,0.919402985074627
"protected","power12","Vitvi18g00473","turquoise",0.0180338333865305,0.981966166613469
"protected","power12","Vitvi18g02825","turquoise",0.00175943698016635,0.998240563019834
"protected","power12","Vitvi19g00270","blue",0.142041712403952,0.857958287596048
"protected","power12","Vitvi19g00476","white",0.262910798122066,0.737089201877934
"protected","power12","Vitvi19g00709","white",0.271028037383178,0.728971962616823
"protected","power12","Vitvi19g01484","blue",0.104363078272309,0.895636921727691
"protected","power12","Vitvi19g01610","white",0.237903225806452,0.762096774193548
"protected","power12","Vitvi19g01612","white",0.237668161434978,0.762331838565022
"protected","power12","Vitvi19g01720","tan",0.171232876712329,0.828767123287671
"protected","power12","Vitvi19g01790","royalblue",0.0481586402266289,0.951841359773371
"protected","power12","Vitvi19g04259","green",0.128797083839611,0.871202916160389
"protected","power12","Vitvi19g04530","royalblue",0.154078549848943,0.845921450151057
"protected","power12","Vitvi19g04572","white",0.225,0.775
"protected","power20","Vitvi00g04005","salmon",0.0319148936170213,0.968085106382979
"protected","power20","Vitvi00g04500","saddlebrown",0.167630057803468,0.832369942196532
"protected","power20","Vitvi00g04634","saddlebrown",0.202312138728324,0.797687861271676
"protected","power20","Vitvi00g04728","saddlebrown",0.182857142857143,0.817142857142857
"protected","power20","Vitvi01g00463","lightcyan",0.0825396825396825,0.917460317460317
"protected","power20","Vitvi01g00508","blue",0.120300751879699,0.879699248120301
"protected","power20","Vitvi01g00612","green",0.0189520624303233,0.981047937569677
"protected","power20","Vitvi01g00656","turquoise",0.233439603258944,0.766560396741056
"protected","power20","Vitvi01g01038","blue",0.0544090056285178,0.945590994371482
"protected","power20","Vitvi01g01701","lightcyan",0.105633802816901,0.894366197183099
"protected","power20","Vitvi01g04056","green",0.114219114219114,0.885780885780886
"protected","power20","Vitvi01g04115","lightcyan",0.0774193548387097,0.92258064516129
"protected","power20","Vitvi01g04132","lightyellow",0.0675675675675676,0.932432432432432
"protected","power20","Vitvi02g00032","turquoise",0.181689141234918,0.818310858765082
"protected","power20","Vitvi02g00056","darkgreen",0.1125,0.8875
"protected","power20","Vitvi02g00086","green",0.0138728323699422,0.986127167630058
"protected","power20","Vitvi02g00429","blue",0.122487268828732,0.877512731171268
"protected","power20","Vitvi02g00446","blue",0.0887526652452026,0.911247334754797
"protected","power20","Vitvi02g01355","turquoise",0.0488495575221239,0.951150442477876
"protected","power20","Vitvi02g01360","green",0.00493827160493827,0.995061728395062
"protected","power20","Vitvi02g04106","blue",0.106275033377837,0.893724966622163
"protected","power20","Vitvi03g00318","skyblue3",0.00900900900900901,0.990990990990991
"protected","power20","Vitvi03g00692","turquoise",0.0706028810243642,0.929397118975636
"protected","power20","Vitvi03g00752","midnightblue",0.103333333333333,0.896666666666667
"protected","power20","Vitvi03g01258","lightyellow",0.0958333333333333,0.904166666666667
"protected","power20","Vitvi03g01809","salmon",0.229281767955801,0.770718232044199
"protected","power20","Vitvi03g04266","midnightblue",0.162068965517241,0.837931034482759
"protected","power20","Vitvi03g04466","lightyellow",0.0888888888888889,0.911111111111111
"protected","power20","Vitvi04g00017","plum1",0.0181818181818182,0.981818181818182
"protected","power20","Vitvi04g01254","midnightblue",0.0766423357664234,0.923357664233577
"protected","power20","Vitvi04g01325","saddlebrown",0.221590909090909,0.778409090909091
"protected","power20","Vitvi04g01375","saddlebrown",0.19774011299435,0.80225988700565
"protected","power20","Vitvi04g01550","blue",0.207375734901122,0.792624265098878
"protected","power20","Vitvi04g01555","midnightblue",0.169675090252708,0.830324909747292
"protected","power20","Vitvi04g01887","blue",0.0778699491570779,0.922130050842922
"protected","power20","Vitvi04g02114","lightcyan",0.0177935943060498,0.98220640569395
"protected","power20","Vitvi04g04009","black",0.115963855421687,0.884036144578313
"protected","power20","Vitvi04g04010","lightcyan",0.150735294117647,0.849264705882353
"protected","power20","Vitvi04g04011","lightcyan",0.16304347826087,0.83695652173913
"protected","power20","Vitvi04g04029","lightyellow",0.0491071428571429,0.950892857142857
"protected","power20","Vitvi05g00028","blue",0.0416,0.9584
"protected","power20","Vitvi05g00108","blue",0.0887700534759358,0.911229946524064
"protected","power20","Vitvi05g00145","darkred",0.025830258302583,0.974169741697417
"protected","power20","Vitvi05g00726","yellow",0.0184544405997693,0.981545559400231
"protected","power20","Vitvi05g01400","darkgreen",0.157446808510638,0.842553191489362
"protected","power20","Vitvi05g01579","salmon",0.153225806451613,0.846774193548387
"protected","power20","Vitvi05g01674","yellow",0.0552423900789177,0.944757609921082
"protected","power20","Vitvi05g04232","mediumpurple3",0.152380952380952,0.847619047619048
"protected","power20","Vitvi06g01410","turquoise",0.0170848905499199,0.98291510945008
"protected","power20","Vitvi06g01618","midnightblue",0.33695652173913,0.66304347826087
"protected","power20","Vitvi06g04121","lightcyan",0.194244604316547,0.805755395683453
"protected","power20","Vitvi07g00283","lightcyan",0.0068259385665529,0.993174061433447
"protected","power20","Vitvi07g00523","blue",0.153928667203003,0.846071332796997
"protected","power20","Vitvi07g01267","turquoise",0.120511908993957,0.879488091006043
"protected","power20","Vitvi07g01315","salmon",0.217391304347826,0.782608695652174
"protected","power20","Vitvi07g01342","tan",0.075968992248062,0.924031007751938
"protected","power20","Vitvi07g01407","turquoise",0.00835555555555556,0.991644444444444
"protected","power20","Vitvi07g01718","plum1",0.102941176470588,0.897058823529412
"protected","power20","Vitvi07g01719","plum1",0.127118644067797,0.872881355932203
"protected","power20","Vitvi07g02832","greenyellow",0.14902807775378,0.85097192224622
"protected","power20","Vitvi07g03086","magenta",0.153846153846154,0.846153846153846
"protected","power20","Vitvi08g00957","purple",0.0194931773879142,0.980506822612086
"protected","power20","Vitvi08g01333","lightyellow",0.110655737704918,0.889344262295082
"protected","power20","Vitvi08g01617","lightcyan",0.0241379310344828,0.975862068965517
"protected","power20","Vitvi08g01846","green",0.0087173100871731,0.991282689912827
"protected","power20","Vitvi08g01897","turquoise",0.00551601423487545,0.994483985765125
"protected","power20","Vitvi08g02218","midnightblue",0.158249158249158,0.841750841750842
"protected","power20","Vitvi08g02288","royalblue",0.193965517241379,0.806034482758621
"protected","power20","Vitvi09g00419","salmon",0.253443526170799,0.746556473829201
"protected","power20","Vitvi09g00867","lightcyan",0.0983606557377049,0.901639344262295
"protected","power20","Vitvi09g01646","darkturquoise",0.014218009478673,0.985781990521327
"protected","power20","Vitvi09g01698","magenta",0.0425531914893617,0.957446808510638
"protected","power20","Vitvi09g04280","lightcyan",0.176029962546816,0.823970037453184
"protected","power20","Vitvi09g04564","magenta",0.15047619047619,0.84952380952381
"protected","power20","Vitvi10g00984","midnightblue",0.146179401993355,0.853820598006644
"protected","power20","Vitvi10g01812","turquoise",0.050327839801524,0.949672160198476
"protected","power20","Vitvi10g04044","midnightblue",0.261992619926199,0.738007380073801
"protected","power20","Vitvi10g04085","midnightblue",0.0134228187919463,0.986577181208054
"protected","power20","Vitvi10g04282","darkturquoise",0.0206611570247934,0.979338842975207
"protected","power20","Vitvi10g04504","midnightblue",0.168789808917197,0.831210191082803
"protected","power20","Vitvi11g00075","blue",0.0577181208053691,0.942281879194631
"protected","power20","Vitvi11g00217","midnightblue",0.255591054313099,0.744408945686901
"protected","power20","Vitvi11g00285","turquoise",0.0413267115998581,0.958673288400142
"protected","power20","Vitvi11g00286","midnightblue",0.0835322195704057,0.916467780429594
"protected","power20","Vitvi11g01637","lightyellow",0.0921052631578947,0.907894736842105
"protected","power20","Vitvi12g00368","pink",0.0875420875420875,0.912457912457912
"protected","power20","Vitvi12g01881","yellow",0.0527472527472527,0.947252747252747
"protected","power20","Vitvi12g01882","yellow",0.0365566037735849,0.963443396226415
"protected","power20","Vitvi12g01921","salmon",0.135734072022161,0.864265927977839
"protected","power20","Vitvi12g02011","salmon",0.104395604395604,0.895604395604396
"protected","power20","Vitvi12g04108","salmon",0.204787234042553,0.795212765957447
"protected","power20","Vitvi12g04404","salmon",0.254847645429363,0.745152354570637
"protected","power20","Vitvi12g04463","salmon",0.15702479338843,0.84297520661157
"protected","power20","Vitvi12g04498","salmon",0.147632311977716,0.852367688022284
"protected","power20","Vitvi12g04515","salmon",0.0837988826815642,0.916201117318436
"protected","power20","Vitvi12g04543","magenta",0.100189035916824,0.899810964083176
"protected","power20","Vitvi12g04545","salmon",0.111111111111111,0.888888888888889
"protected","power20","Vitvi12g04595","lightcyan",0.0936329588014981,0.906367041198502
"protected","power20","Vitvi12g04598","salmon",0.204419889502762,0.795580110497238
"protected","power20","Vitvi12g04607","salmon",0.227777777777778,0.772222222222222
"protected","power20","Vitvi13g00551","plum1",0.0348837209302326,0.965116279069767
"protected","power20","Vitvi13g01098","blue",0.11134903640257,0.88865096359743
"protected","power20","Vitvi13g01468","midnightblue",0.345195729537367,0.654804270462633
"protected","power20","Vitvi13g01608","lightcyan",0.093984962406015,0.906015037593985
"protected","power20","Vitvi13g01616","lightcyan",0.126811594202899,0.873188405797101
"protected","power20","Vitvi13g01638","lightcyan",0.18450184501845,0.81549815498155
"protected","power20","Vitvi13g01984","lightcyan",0.185606060606061,0.814393939393939
"protected","power20","Vitvi13g02083","midnightblue",0.294545454545455,0.705454545454545
"protected","power20","Vitvi13g02285","darkgreen",0.235807860262009,0.764192139737991
"protected","power20","Vitvi13g04289","midnightblue",0.31294964028777,0.68705035971223
"protected","power20","Vitvi13g04528","midnightblue",0.332203389830508,0.667796610169492
"protected","power20","Vitvi13g04529","midnightblue",0.321799307958477,0.678200692041522
"protected","power20","Vitvi13g04540","midnightblue",0.170289855072464,0.829710144927536
"protected","power20","Vitvi13g04677","lightcyan",0.132841328413284,0.867158671586716
"protected","power20","Vitvi13g04698","lightcyan",0.0645161290322581,0.935483870967742
"protected","power20","Vitvi13g04706","lightcyan",0.184300341296928,0.815699658703072
"protected","power20","Vitvi14g00679","turquoise",0.11482661004954,0.88517338995046
"protected","power20","Vitvi14g01926","turquoise",0.00106799572801709,0.998932004271983
"protected","power20","Vitvi14g02663","magenta",0.0748175182481752,0.925182481751825
"protected","power20","Vitvi14g04416","saddlebrown",0.142045454545455,0.857954545454545
"protected","power20","Vitvi16g00160","black",0.0267857142857143,0.973214285714286
"protected","power20","Vitvi16g00901","midnightblue",0.018796992481203,0.981203007518797
"protected","power20","Vitvi16g04295","turquoise",0.0921192758253461,0.907880724174654
"protected","power20","Vitvi16g04388","midnightblue",0.314285714285714,0.685714285714286
"protected","power20","Vitvi16g04448","salmon",0.0607734806629834,0.939226519337017
"protected","power20","Vitvi17g00339","mediumpurple3",0.0105263157894737,0.989473684210526
"protected","power20","Vitvi17g00461","salmon",0.113888888888889,0.886111111111111
"protected","power20","Vitvi17g00704","turquoise",0.0773735581188997,0.9226264418811
"protected","power20","Vitvi17g00936","blue",0.171535781291879,0.828464218708121
"protected","power20","Vitvi17g01373","blue",0.0187316028900187,0.981268397109981
"protected","power20","Vitvi17g04171","midnightblue",0.315789473684211,0.684210526315789
"protected","power20","Vitvi18g00174","midnightblue",0.201388888888889,0.798611111111111
"protected","power20","Vitvi18g00191","salmon",0.0785907859078591,0.921409214092141
"protected","power20","Vitvi18g00462","midnightblue",0.0947712418300654,0.905228758169935
"protected","power20","Vitvi18g00473","turquoise",0.0198828333037458,0.980117166696254
"protected","power20","Vitvi18g02825","turquoise",0.00195799216803133,0.998042007831969
"protected","power20","Vitvi19g00270","blue",0.173215717722534,0.826784282277466
"protected","power20","Vitvi19g00476","lightcyan",0.216417910447761,0.783582089552239
"protected","power20","Vitvi19g00709","lightcyan",0.209558823529412,0.790441176470588
"protected","power20","Vitvi19g01484","blue",0.126099706744868,0.873900293255132
"protected","power20","Vitvi19g01610","lightcyan",0.19344262295082,0.80655737704918
"protected","power20","Vitvi19g01612","lightcyan",0.185053380782918,0.814946619217082
"protected","power20","Vitvi19g01720","salmon",0.213333333333333,0.786666666666667
"protected","power20","Vitvi19g01790","midnightblue",0.0553846153846154,0.944615384615385
"protected","power20","Vitvi19g04259","black",0.154531946508172,0.845468053491828
"protected","power20","Vitvi19g04530","midnightblue",0.21160409556314,0.78839590443686
"protected","power20","Vitvi19g04572","lightcyan",0.177852348993289,0.822147651006711
"protected","power8","Vitvi00g04005","cyan",0.0272277227722772,0.972772277227723
"protected","power8","Vitvi00g04500","white",0.173652694610778,0.826347305389222
"protected","power8","Vitvi00g04634","white",0.216867469879518,0.783132530120482
"protected","power8","Vitvi00g04728","white",0.182352941176471,0.817647058823529
"protected","power8","Vitvi01g00463","green",0.0779768177028451,0.922023182297155
"protected","power8","Vitvi01g00508","blue",0.113415258576549,0.886584741423451
"protected","power8","Vitvi01g00612","brown",0.0266666666666667,0.973333333333333
"protected","power8","Vitvi01g00656","turquoise",0.226043345871395,0.773956654128605
"protected","power8","Vitvi01g01038","blue",0.0519447287615148,0.948055271238485
"protected","power8","Vitvi01g01701","green",0.0353430353430353,0.964656964656965
"protected","power8","Vitvi01g04056","brown",0.0791666666666667,0.920833333333333
"protected","power8","Vitvi01g04115","green",0.0550363447559709,0.944963655244029
"protected","power8","Vitvi01g04132","darkgrey",0.0720720720720721,0.927927927927928
"protected","power8","Vitvi02g00032","turquoise",0.178346243920014,0.821653756079986
"protected","power8","Vitvi02g00056","lightcyan",0.0833333333333333,0.916666666666667
"protected","power8","Vitvi02g00086","turquoise",0.0097684515195369,0.990231548480463
"protected","power8","Vitvi02g00429","blue",0.116939611054248,0.883060388945752
"protected","power8","Vitvi02g00446","blue",0.0828252032520325,0.917174796747968
"protected","power8","Vitvi02g01355","turquoise",0.0506603944273566,0.949339605572643
"protected","power8","Vitvi02g01360","brown",0.00300120048019208,0.996998799519808
"protected","power8","Vitvi02g04106","blue",0.101198062707112,0.898801937292888
"protected","power8","Vitvi03g00318","skyblue3",0.00943396226415094,0.990566037735849
"protected","power8","Vitvi03g00692","turquoise",0.0699909338168631,0.930009066183137
"protected","power8","Vitvi03g00752","green",0.0688559322033898,0.93114406779661
"protected","power8","Vitvi03g01258","darkolivegreen",0.0609756097560976,0.939024390243902
"protected","power8","Vitvi03g01809","cyan",0.197969543147208,0.802030456852792
"protected","power8","Vitvi03g04266","green",0.0706751054852321,0.929324894514768
"protected","power8","Vitvi03g04466","darkgrey",0.0695652173913043,0.930434782608696
"protected","power8","Vitvi04g00017","thistle2",0.0254237288135593,0.974576271186441
"protected","power8","Vitvi04g01254","green",0.027455121436114,0.972544878563886
"protected","power8","Vitvi04g01325","white",0.215116279069767,0.784883720930233
"protected","power8","Vitvi04g01375","white",0.197674418604651,0.802325581395349
"protected","power8","Vitvi04g01550","blue",0.19587366276108,0.80412633723892
"protected","power8","Vitvi04g01555","green",0.0603174603174603,0.93968253968254
"protected","power8","Vitvi04g01887","blue",0.0737997957099081,0.926200204290092
"protected","power8","Vitvi04g02114","green",0.0125523012552301,0.98744769874477
"protected","power8","Vitvi04g04009","black",0.0910151691948658,0.908984830805134
"protected","power8","Vitvi04g04010","green",0.0517970401691332,0.948202959830867
"protected","power8","Vitvi04g04011","green",0.0602536997885835,0.939746300211416
"protected","power8","Vitvi04g04029","darkgrey",0.0442477876106195,0.955752212389381
"protected","power8","Vitvi05g00028","blue",0.0386670058509285,0.961332994149071
"protected","power8","Vitvi05g00108","blue",0.0844818785094436,0.915518121490556
"protected","power8","Vitvi05g00145","blue",0.0143516145566376,0.985648385443362
"protected","power8","Vitvi05g00726","lightyellow",0.0248618784530387,0.975138121546961
"protected","power8","Vitvi05g01400","lightcyan",0.10498687664042,0.89501312335958
"protected","power8","Vitvi05g01579","cyan",0.123152709359606,0.876847290640394
"protected","power8","Vitvi05g01674","red",0.046218487394958,0.953781512605042
"protected","power8","Vitvi05g04232","paleturquoise",0.0897435897435897,0.91025641025641
"protected","power8","Vitvi06g01410","green",0.0327706057596822,0.967229394240318
"protected","power8","Vitvi06g01618","green",0.0963350785340314,0.903664921465969
"protected","power8","Vitvi06g04121","green",0.0718816067653277,0.928118393234672
"protected","power8","Vitvi07g00283","green",0.0187695516162669,0.981230448383733
"protected","power8","Vitvi07g00523","blue",0.14519427402863,0.85480572597137
"protected","power8","Vitvi07g01267","turquoise",0.121893705786323,0.878106294213677
"protected","power8","Vitvi07g01315","cyan",0.175742574257426,0.824257425742574
"protected","power8","Vitvi07g01342","salmon",0.0763358778625954,0.923664122137405
"protected","power8","Vitvi07g01407","brown",0.00887573964497041,0.99112426035503
"protected","power8","Vitvi07g01718","thistle2",0.0957446808510638,0.904255319148936
"protected","power8","Vitvi07g01719","thistle2",0.102564102564103,0.897435897435897
"protected","power8","Vitvi07g02832","grey60",0.0697674418604651,0.930232558139535
"protected","power8","Vitvi07g03086","tan",0.150909090909091,0.849090909090909
"protected","power8","Vitvi08g00957","purple",0.0148367952522255,0.985163204747775
"protected","power8","Vitvi08g01333","green",0.0311203319502075,0.968879668049793
"protected","power8","Vitvi08g01617","green",0.0305263157894737,0.969473684210526
"protected","power8","Vitvi08g01846","midnightblue",0.0129533678756477,0.987046632124352
"protected","power8","Vitvi08g01897","green",0.0166666666666667,0.983333333333333
"protected","power8","Vitvi08g02218","green",0.0791974656810982,0.920802534318902
"protected","power8","Vitvi08g02288","midnightblue",0.16,0.84
"protected","power8","Vitvi09g00419","cyan",0.214105793450882,0.785894206549118
"protected","power8","Vitvi09g00867","green",0.0705263157894737,0.929473684210526
"protected","power8","Vitvi09g01646","bisque4",0.0166666666666667,0.983333333333333
"protected","power8","Vitvi09g01698","tan",0.0411214953271028,0.958878504672897
"protected","power8","Vitvi09g04280","green",0.056203605514316,0.943796394485684
"protected","power8","Vitvi09g04564","tan",0.149722735674677,0.850277264325323
"protected","power8","Vitvi10g00984","green",0.0678496868475992,0.932150313152401
"protected","power8","Vitvi10g01812","turquoise",0.0489434711937873,0.951056528806213
"protected","power8","Vitvi10g04044","green",0.0625,0.9375
"protected","power8","Vitvi10g04085","green",0.0315789473684211,0.968421052631579
"protected","power8","Vitvi10g04282","lightyellow",0.0140449438202247,0.985955056179775
"protected","power8","Vitvi10g04504","green",0.1,0.9
"protected","power8","Vitvi11g00075","blue",0.0556410256410256,0.944358974358974
"protected","power8","Vitvi11g00217","green",0.110995850622407,0.889004149377593
"protected","power8","Vitvi11g00285","turquoise",0.0371438874864767,0.962856112513523
"protected","power8","Vitvi11g00286","green",0.0916104146576663,0.908389585342334
"protected","power8","Vitvi11g01637","darkgrey",0.0460251046025105,0.95397489539749
"protected","power8","Vitvi12g00368","pink",0.0667522464698331,0.933247753530167
"protected","power8","Vitvi12g01881","lightyellow",0.0469483568075117,0.953051643192488
"protected","power8","Vitvi12g01882","red",0.0284775465498357,0.971522453450164
"protected","power8","Vitvi12g01921","cyan",0.109137055837563,0.890862944162436
"protected","power8","Vitvi12g02011","cyan",0.0943877551020408,0.905612244897959
"protected","power8","Vitvi12g04108","cyan",0.176470588235294,0.823529411764706
"protected","power8","Vitvi12g04404","cyan",0.212121212121212,0.787878787878788
"protected","power8","Vitvi12g04463","cyan",0.14030612244898,0.85969387755102
"protected","power8","Vitvi12g04498","cyan",0.131443298969072,0.868556701030928
"protected","power8","Vitvi12g04515","cyan",0.0723514211886305,0.92764857881137
"protected","power8","Vitvi12g04543","tan",0.0968921389396709,0.903107861060329
"protected","power8","Vitvi12g04545","cyan",0.0870646766169154,0.912935323383085
"protected","power8","Vitvi12g04595","green",0.0263435194942044,0.973656480505796
"protected","power8","Vitvi12g04598","cyan",0.178117048346056,0.821882951653944
"protected","power8","Vitvi12g04607","cyan",0.196428571428571,0.803571428571429
"protected","power8","Vitvi13g00551","thistle2",0.0564516129032258,0.943548387096774
"protected","power8","Vitvi13g01098","blue",0.104618525133963,0.895381474866037
"protected","power8","Vitvi13g01468","green",0.102296450939457,0.897703549060543
"protected","power8","Vitvi13g01608","green",0.027455121436114,0.972544878563886
"protected","power8","Vitvi13g01616","green",0.0519067796610169,0.948093220338983
"protected","power8","Vitvi13g01638","green",0.0613756613756614,0.938624338624339
"protected","power8","Vitvi13g01984","green",0.0551431601272534,0.944856839872747
"protected","power8","Vitvi13g02083","green",0.0827225130890052,0.917277486910995
"protected","power8","Vitvi13g02285","lightcyan",0.148936170212766,0.851063829787234
"protected","power8","Vitvi13g04289","green",0.0967402733964248,0.903259726603575
"protected","power8","Vitvi13g04528","green",0.120292887029289,0.879707112970711
"protected","power8","Vitvi13g04529","green",0.106471816283925,0.893528183716075
"protected","power8","Vitvi13g04540","green",0.0351602895553257,0.964839710444674
"protected","power8","Vitvi13g04677","green",0.0465608465608466,0.953439153439153
"protected","power8","Vitvi13g04698","green",0.0541666666666667,0.945833333333333
"protected","power8","Vitvi13g04706","green",0.087737843551797,0.912262156448203
"protected","power8","Vitvi14g00679","turquoise",0.117296222664016,0.882703777335984
"protected","power8","Vitvi14g01926","green",0.0063626723223754,0.993637327677625
"protected","power8","Vitvi14g02663","tan",0.0724381625441696,0.92756183745583
"protected","power8","Vitvi14g04416","white",0.153846153846154,0.846153846153846
"protected","power8","Vitvi16g00160","black",0.0231481481481481,0.976851851851852
"protected","power8","Vitvi16g00901","green",0.0063626723223754,0.993637327677625
"protected","power8","Vitvi16g04295","turquoise",0.0858376822026273,0.914162317797373
"protected","power8","Vitvi16g04388","green",0.0918580375782881,0.908141962421712
"protected","power8","Vitvi16g04448","cyan",0.0405063291139241,0.959493670886076
"protected","power8","Vitvi17g00339","paleturquoise",0.00694444444444444,0.993055555555556
"protected","power8","Vitvi17g00461","cyan",0.103092783505155,0.896907216494845
"protected","power8","Vitvi17g00704","turquoise",0.0755330683050235,0.924466931694977
"protected","power8","Vitvi17g00936","blue",0.162576687116564,0.837423312883436
"protected","power8","Vitvi17g01373","lightyellow",0.0277078085642317,0.972292191435768
"protected","power8","Vitvi17g04171","green",0.0991649269311065,0.900835073068894
"protected","power8","Vitvi18g00174","green",0.0756302521008403,0.92436974789916
"protected","power8","Vitvi18g00191","cyan",0.0732323232323232,0.926767676767677
"protected","power8","Vitvi18g00462","green",0.0508298755186722,0.949170124481328
"protected","power8","Vitvi18g00473","brown",0.0283400809716599,0.97165991902834
"protected","power8","Vitvi18g02825","green",0.00739176346356917,0.992608236536431
"protected","power8","Vitvi19g00270","blue",0.163905174611267,0.836094825388733
"protected","power8","Vitvi19g00476","green",0.0677966101694915,0.932203389830508
"protected","power8","Vitvi19g00709","green",0.0675818373812038,0.932418162618796
"protected","power8","Vitvi19g01484","blue",0.11870869344179,0.88129130655821
"protected","power8","Vitvi19g01610","green",0.0987394957983193,0.901260504201681
"protected","power8","Vitvi19g01612","green",0.0706751054852321,0.929324894514768
"protected","power8","Vitvi19g01720","cyan",0.184275184275184,0.815724815724816
"protected","power8","Vitvi19g01790","green",0.0471794871794872,0.952820512820513
"protected","power8","Vitvi19g04259","black",0.122543352601156,0.877456647398844
"protected","power8","Vitvi19g04530","green",0.0931216931216931,0.906878306878307
"protected","power8","Vitvi19g04572","green",0.0862250262881178,0.913774973711882
"unprotected","power8","Vitvi00g04005","salmon",0.0293398533007335,0.970660146699266
"unprotected","power8","Vitvi00g04006","salmon",0.0478359908883827,0.952164009111617
"unprotected","power8","Vitvi00g04313","darkturquoise",0.0704225352112676,0.929577464788732
"unprotected","power8","Vitvi00g04500","orange",0.156862745098039,0.843137254901961
"unprotected","power8","Vitvi00g04634","orange",0.147619047619048,0.852380952380952
"unprotected","power8","Vitvi00g04728","orange",0.149038461538462,0.850961538461538
"unprotected","power8","Vitvi01g00463","black",0.0812182741116751,0.918781725888325
"unprotected","power8","Vitvi01g00508","blue",0.124825337680484,0.875174662319516
"unprotected","power8","Vitvi01g00612","pink",0.0133689839572193,0.986631016042781
"unprotected","power8","Vitvi01g00656","turquoise",0.246801023672425,0.753198976327575
"unprotected","power8","Vitvi01g01038","blue",0.0649836372136512,0.935016362786349
"unprotected","power8","Vitvi01g01701","black",0.044987146529563,0.955012853470437
"unprotected","power8","Vitvi01g01751","green",0.156542056074766,0.843457943925234
"unprotected","power8","Vitvi01g02242","green",0.118881118881119,0.881118881118881
"unprotected","power8","Vitvi01g04056","pink",0.106060606060606,0.893939393939394
"unprotected","power8","Vitvi01g04115","black",0.0507425742574257,0.949257425742574
"unprotected","power8","Vitvi01g04132","darkturquoise",0.0761904761904762,0.923809523809524
"unprotected","power8","Vitvi02g00032","turquoise",0.194939528962444,0.805060471037556
"unprotected","power8","Vitvi02g00086","turquoise",0.0107062959411953,0.989293704058805
"unprotected","power8","Vitvi02g00429","blue",0.122663551401869,0.877336448598131
"unprotected","power8","Vitvi02g00446","blue",0.106784798321287,0.893215201678713
"unprotected","power8","Vitvi02g01355","turquoise",0.06944,0.93056
"unprotected","power8","Vitvi02g01360","grey60",0.00353356890459364,0.996466431095406
"unprotected","power8","Vitvi02g04106","blue",0.122733612273361,0.877266387726639
"unprotected","power8","Vitvi02g04134","green",0.146198830409357,0.853801169590643
"unprotected","power8","Vitvi02g04135","green",0.152046783625731,0.847953216374269
"unprotected","power8","Vitvi03g00318","black",0.0025974025974026,0.997402597402597
"unprotected","power8","Vitvi03g00692","turquoise",0.078594249201278,0.921405750798722
"unprotected","power8","Vitvi03g01258","darkturquoise",0.134529147982063,0.865470852017937
"unprotected","power8","Vitvi03g01809","purple",0.150406504065041,0.849593495934959
"unprotected","power8","Vitvi03g04266","black",0.0530973451327434,0.946902654867257
"unprotected","power8","Vitvi03g04466","darkturquoise",0.0837209302325581,0.916279069767442
"unprotected","power8","Vitvi04g00017","red",0.0130331753554502,0.98696682464455
"unprotected","power8","Vitvi04g01325","orange",0.15962441314554,0.84037558685446
"unprotected","power8","Vitvi04g01375","orange",0.138755980861244,0.861244019138756
"unprotected","power8","Vitvi04g01550","blue",0.204005589194225,0.795994410805775
"unprotected","power8","Vitvi04g01887","blue",0.0807467911318553,0.919253208868145
"unprotected","power8","Vitvi04g02114","red",0.0184275184275184,0.981572481572482
"unprotected","power8","Vitvi04g04010","black",0.0739299610894942,0.926070038910506
"unprotected","power8","Vitvi04g04011","black",0.0815006468305304,0.91849935316947
"unprotected","power8","Vitvi04g04029","darkturquoise",0.0514018691588785,0.948598130841122
"unprotected","power8","Vitvi05g00108","blue",0.0992758701238028,0.900724129876197
"unprotected","power8","Vitvi05g00675","blue",0.0393939393939394,0.960606060606061
"unprotected","power8","Vitvi05g00726","salmon",0.0183908045977011,0.981609195402299
"unprotected","power8","Vitvi05g01579","purple",0.111111111111111,0.888888888888889
"unprotected","power8","Vitvi05g01674","salmon",0.0752688172043011,0.924731182795699
"unprotected","power8","Vitvi05g02234","green",0.0955710955710956,0.904428904428904
"unprotected","power8","Vitvi05g04062","purple",0.0626262626262626,0.937373737373737
"unprotected","power8","Vitvi05g04232","orange",0.0491071428571429,0.950892857142857
"unprotected","power8","Vitvi05g04487","green",0.0725995316159251,0.927400468384075
"unprotected","power8","Vitvi05g04494","green",0.108644859813084,0.891355140186916
"unprotected","power8","Vitvi06g01410","turquoise",0.0105481860316446,0.989451813968355
"unprotected","power8","Vitvi06g01618","black",0.12258064516129,0.87741935483871
"unprotected","power8","Vitvi06g04121","black",0.0856031128404669,0.914396887159533
"unprotected","power8","Vitvi07g00283","red",0.00963855421686747,0.990361445783133
"unprotected","power8","Vitvi07g00523","blue",0.169617893755825,0.830382106244175
"unprotected","power8","Vitvi07g00890","green",0.125146198830409,0.874853801169591
"unprotected","power8","Vitvi07g01267","turquoise",0.119897959183673,0.880102040816326
"unprotected","power8","Vitvi07g01315","purple",0.134268537074148,0.865731462925852
"unprotected","power8","Vitvi07g01342","turquoise",0.0702512401984317,0.929748759801568
"unprotected","power8","Vitvi07g01407","turquoise",0.00767754318618042,0.99232245681382
"unprotected","power8","Vitvi07g01719","magenta",0.0255402750491159,0.974459724950884
"unprotected","power8","Vitvi07g01829","blue",0.154365541327125,0.845634458672875
"unprotected","power8","Vitvi07g02323","green",0.149707602339181,0.850292397660819
"unprotected","power8","Vitvi07g03086","magenta",0.131630648330059,0.868369351669941
"unprotected","power8","Vitvi08g00795","orange",0.151658767772512,0.848341232227488
"unprotected","power8","Vitvi08g00957","tan",0.0194647201946472,0.980535279805353
"unprotected","power8","Vitvi08g01235","green",0.123543123543124,0.876456876456876
"unprotected","power8","Vitvi08g01333","darkturquoise",0.0954356846473029,0.904564315352697
"unprotected","power8","Vitvi08g01617","black",0.0165184243964422,0.983481575603558
"unprotected","power8","Vitvi08g01846","pink",0.00141043723554302,0.998589562764457
"unprotected","power8","Vitvi08g01897","black",0.00619578686493185,0.993804213135068
"unprotected","power8","Vitvi08g02218","black",0.0705289672544081,0.929471032745592
"unprotected","power8","Vitvi08g02288","lightgreen",0.178832116788321,0.821167883211679
"unprotected","power8","Vitvi09g00419","purple",0.165991902834008,0.834008097165992
"unprotected","power8","Vitvi09g00867","black",0.0739795918367347,0.926020408163265
"unprotected","power8","Vitvi09g01646","blue",0.00210526315789474,0.997894736842105
"unprotected","power8","Vitvi09g01698","magenta",0.0503018108651912,0.949698189134809
"unprotected","power8","Vitvi09g04280","black",0.0701298701298701,0.92987012987013
"unprotected","power8","Vitvi10g00562","turquoise",0.232885476647473,0.767114523352527
"unprotected","power8","Vitvi10g00984","black",0.0857142857142857,0.914285714285714
"unprotected","power8","Vitvi10g01812","turquoise",0.06912,0.93088
"unprotected","power8","Vitvi10g04044","black",0.0846354166666667,0.915364583333333
"unprotected","power8","Vitvi10g04085","red",0.0145454545454545,0.985454545454545
"unprotected","power8","Vitvi10g04276","turquoise",0.148936170212766,0.851063829787234
"unprotected","power8","Vitvi10g04282","blue",0.00748538011695906,0.992514619883041
"unprotected","power8","Vitvi10g04464","orange",0.150943396226415,0.849056603773585
"unprotected","power8","Vitvi10g04504","black",0.0921717171717172,0.907828282828283
"unprotected","power8","Vitvi11g00075","blue",0.0701590271281572,0.929840972871843
"unprotected","power8","Vitvi11g00217","black",0.122940430925222,0.877059569074778
"unprotected","power8","Vitvi11g00285","turquoise",0.0303708439897698,0.96962915601023
"unprotected","power8","Vitvi11g00286","black",0.0661605206073753,0.933839479392625
"unprotected","power8","Vitvi11g01637","darkturquoise",0.150943396226415,0.849056603773585
"unprotected","power8","Vitvi12g00368","midnightblue",0.0704607046070461,0.929539295392954
"unprotected","power8","Vitvi12g01776","green",0.130994152046784,0.869005847953216
"unprotected","power8","Vitvi12g01881","salmon",0.0346153846153846,0.965384615384615
"unprotected","power8","Vitvi12g01882","salmon",0.0473933649289099,0.95260663507109
"unprotected","power8","Vitvi12g01921","purple",0.104722792607803,0.895277207392197
"unprotected","power8","Vitvi12g02011","purple",0.0967078189300412,0.903292181069959
"unprotected","power8","Vitvi12g02633","purple",0.125252525252525,0.874747474747475
"unprotected","power8","Vitvi12g04108","purple",0.127450980392157,0.872549019607843
"unprotected","power8","Vitvi12g04404","purple",0.163636363636364,0.836363636363636
"unprotected","power8","Vitvi12g04463","purple",0.112704918032787,0.887295081967213
"unprotected","power8","Vitvi12g04498","purple",0.119246861924686,0.880753138075314
"unprotected","power8","Vitvi12g04515","purple",0.058455114822547,0.941544885177453
"unprotected","power8","Vitvi12g04518","magenta",0.0258964143426295,0.974103585657371
"unprotected","power8","Vitvi12g04543","magenta",0.0662768031189084,0.933723196881092
"unprotected","power8","Vitvi12g04545","purple",0.0795918367346939,0.920408163265306
"unprotected","power8","Vitvi12g04595","black",0.0440985732814527,0.955901426718547
"unprotected","power8","Vitvi12g04598","purple",0.127789046653144,0.872210953346856
"unprotected","power8","Vitvi12g04607","purple",0.157464212678937,0.842535787321063
"unprotected","power8","Vitvi12g04630","green",0.151869158878505,0.848130841121495
"unprotected","power8","Vitvi13g00004","turquoise",0.0792712162378136,0.920728783762186
"unprotected","power8","Vitvi13g00551","turquoise",0.0134292565947242,0.986570743405276
"unprotected","power8","Vitvi13g01098","blue",0.10955710955711,0.89044289044289
"unprotected","power8","Vitvi13g01468","black",0.129533678756477,0.870466321243523
"unprotected","power8","Vitvi13g01608","black",0.0336787564766839,0.966321243523316
"unprotected","power8","Vitvi13g01616","black",0.0582147477360931,0.941785252263907
"unprotected","power8","Vitvi13g01638","black",0.0749354005167959,0.925064599483204
"unprotected","power8","Vitvi13g01984","black",0.0729166666666667,0.927083333333333
"unprotected","power8","Vitvi13g04528","black",0.146373056994819,0.853626943005181
"unprotected","power8","Vitvi13g04529","black",0.149156939040208,0.850843060959792
"unprotected","power8","Vitvi13g04677","black",0.0604890604890605,0.93951093951094
"unprotected","power8","Vitvi13g04698","black",0.0540880503144654,0.945911949685535
"unprotected","power8","Vitvi13g04706","black",0.109677419354839,0.890322580645161
"unprotected","power8","Vitvi14g00438","blue",0.055906432748538,0.944093567251462
"unprotected","power8","Vitvi14g01926","red",0.00246609124537608,0.997533908754624
"unprotected","power8","Vitvi14g04416","orange",0.131707317073171,0.868292682926829
"unprotected","power8","Vitvi15g01247","magenta",0.11472275334608,0.88527724665392
"unprotected","power8","Vitvi16g00901","black",0.00520833333333333,0.994791666666667
"unprotected","power8","Vitvi16g04295","turquoise",0.0825732117138742,0.917426788286126
"unprotected","power8","Vitvi16g04448","purple",0.0328542094455852,0.967145790554415
"unprotected","power8","Vitvi17g00339","salmon",0.00510204081632653,0.994897959183674
"unprotected","power8","Vitvi17g00461","purple",0.0831600831600832,0.916839916839917
"unprotected","power8","Vitvi17g00704","turquoise",0.0961415816326531,0.903858418367347
"unprotected","power8","Vitvi17g00936","blue",0.170737380786229,0.829262619213771
"unprotected","power8","Vitvi17g01373","blue",0.0229186155285313,0.977081384471469
"unprotected","power8","Vitvi18g00174","black",0.0823680823680824,0.917631917631918
"unprotected","power8","Vitvi18g00191","purple",0.0466531440162272,0.953346855983773
"unprotected","power8","Vitvi18g00462","black",0.0384138785625774,0.961586121437423
"unprotected","power8","Vitvi18g00473","turquoise",0.0124700239808153,0.987529976019185
"unprotected","power8","Vitvi18g02222","black",0.0624187256176853,0.937581274382315
"unprotected","power8","Vitvi18g02825","black",0.0077720207253886,0.992227979274611
"unprotected","power8","Vitvi18g02837","blue",0.122229997667366,0.877770002332634
"unprotected","power8","Vitvi18g04551","magenta",0.153692614770459,0.846307385229541
"unprotected","power8","Vitvi18g04640","green",0.132163742690058,0.867836257309942
"unprotected","power8","Vitvi19g00270","blue",0.181351981351981,0.818648018648019
"unprotected","power8","Vitvi19g00476","black",0.0812903225806452,0.918709677419355
"unprotected","power8","Vitvi19g00709","black",0.0858257477243173,0.914174252275683
"unprotected","power8","Vitvi19g01484","blue",0.123399301513388,0.876600698486612
"unprotected","power8","Vitvi19g01610","black",0.121447028423773,0.878552971576227
"unprotected","power8","Vitvi19g01612","black",0.101542416452442,0.898457583547558
"unprotected","power8","Vitvi19g01720","purple",0.129158512720157,0.870841487279843
"unprotected","power8","Vitvi19g01790","black",0.034440344403444,0.965559655596556
"unprotected","power8","Vitvi19g04572","black",0.111111111111111,0.888888888888889
