common_name	vitvi_id	source	genotype	timing	log2FC_apeglm	padj_threshold_test	DE_primary
ACD6	Vitvi05g00637	41_retained_homologs	Rpv12	0	4.73258965708033	5.14141082282923e-15	TRUE
ACD6	Vitvi05g00637	41_retained_homologs	Rpv12	6	2.99444048641525	4.75102783318293e-05	TRUE
ACD6	Vitvi05g00637	41_retained_homologs	Rpv12	24	-0.213764054421374	1	FALSE
ACD6	Vitvi05g00637	41_retained_homologs	Rpv12+1	0	-0.372360828488821	1	FALSE
ACD6	Vitvi05g00637	41_retained_homologs	Rpv12+1	6	-0.328712352832188	1	FALSE
ACD6	Vitvi05g00637	41_retained_homologs	Rpv12+1	24	-2.25618593711358	0.020289014077788	TRUE
ACD6	Vitvi05g00637	41_retained_homologs	Rpv12+1+3	0	1.47784125311541	0.593538807202222	TRUE
ACD6	Vitvi05g00637	41_retained_homologs	Rpv12+1+3	6	1.60880441545737	0.338534535707041	TRUE
ACD6	Vitvi05g00637	41_retained_homologs	Rpv12+1+3	24	0.515918729226002	1	FALSE
CSLG2	Vitvi01g04261	41_retained_homologs	Rpv12	0	-0.339650203928914	1	FALSE
CSLG2	Vitvi01g04261	41_retained_homologs	Rpv12	6	0.745136551019724	1	FALSE
CSLG2	Vitvi01g04261	41_retained_homologs	Rpv12	24	-0.208170839282823	1	FALSE
CSLG2	Vitvi01g04261	41_retained_homologs	Rpv12+1	0	-0.145708460376845	1	FALSE
CSLG2	Vitvi01g04261	41_retained_homologs	Rpv12+1	6	0.980074478180778	1	FALSE
CSLG2	Vitvi01g04261	41_retained_homologs	Rpv12+1	24	0.311423968364828	1	FALSE
CSLG2	Vitvi01g04261	41_retained_homologs	Rpv12+1+3	0	1.65394909233187	0.15565810112376	TRUE
CSLG2	Vitvi01g04261	41_retained_homologs	Rpv12+1+3	6	2.04879928892164	0.005864923519476	TRUE
CSLG2	Vitvi01g04261	41_retained_homologs	Rpv12+1+3	24	0.874716158688918	1	FALSE
CSLG2	Vitvi02g04029	41_retained_homologs	Rpv12	0	-1.58527427649307	0.500774235239663	TRUE
CSLG2	Vitvi02g04029	41_retained_homologs	Rpv12	6	0.0403204167267323	1	FALSE
CSLG2	Vitvi02g04029	41_retained_homologs	Rpv12	24	-1.97505480186106	0.459240561842968	TRUE
CSLG2	Vitvi02g04029	41_retained_homologs	Rpv12+1	0	-5.23103491005715	0.0175109111816776	TRUE
CSLG2	Vitvi02g04029	41_retained_homologs	Rpv12+1	6	-3.2508661068048	0.203769234595535	TRUE
CSLG2	Vitvi02g04029	41_retained_homologs	Rpv12+1	24	-2.58133303404663	0.233396564974773	TRUE
CSLG2	Vitvi02g04029	41_retained_homologs	Rpv12+1+3	0	-0.105586576419778	1	FALSE
CSLG2	Vitvi02g04029	41_retained_homologs	Rpv12+1+3	6	0.457398171428836	1	FALSE
CSLG2	Vitvi02g04029	41_retained_homologs	Rpv12+1+3	24	0.158308483189026	1	FALSE
CSLG2	Vitvi05g00675	41_retained_homologs	Rpv12	0	-0.219272694903187	1	FALSE
CSLG2	Vitvi05g00675	41_retained_homologs	Rpv12	6	1.56218792482339	0.475206598392168	TRUE
CSLG2	Vitvi05g00675	41_retained_homologs	Rpv12	24	0.78930908973821	1	FALSE
CSLG2	Vitvi05g00675	41_retained_homologs	Rpv12+1	0	0.474768395599836	1	FALSE
CSLG2	Vitvi05g00675	41_retained_homologs	Rpv12+1	6	1.60058861193767	0.414250557000213	TRUE
CSLG2	Vitvi05g00675	41_retained_homologs	Rpv12+1	24	0.787766408146793	1	FALSE
CSLG2	Vitvi05g00675	41_retained_homologs	Rpv12+1+3	0	1.63223584159706	0.19720504821866	TRUE
CSLG2	Vitvi05g00675	41_retained_homologs	Rpv12+1+3	6	2.00053351793927	0.0119373838282999	TRUE
CSLG2	Vitvi05g00675	41_retained_homologs	Rpv12+1+3	24	0.93738522845446	1	FALSE
CSLG2	Vitvi05g00681	41_retained_homologs	Rpv12	0	-0.415321842646416	1	FALSE
CSLG2	Vitvi05g00681	41_retained_homologs	Rpv12	6	0.174436992438404	1	FALSE
CSLG2	Vitvi05g00681	41_retained_homologs	Rpv12	24	-1.95224324350318	0.463454814166315	TRUE
CSLG2	Vitvi05g00681	41_retained_homologs	Rpv12+1	0	0.29265237209651	1	FALSE
CSLG2	Vitvi05g00681	41_retained_homologs	Rpv12+1	6	0.0455488686182658	1	FALSE
CSLG2	Vitvi05g00681	41_retained_homologs	Rpv12+1	24	-0.281027771975834	1	FALSE
CSLG2	Vitvi05g00681	41_retained_homologs	Rpv12+1+3	0	3.95001545220806	0.0187446250552877	TRUE
CSLG2	Vitvi05g00681	41_retained_homologs	Rpv12+1+3	6	4.77273671751618	0.00132671871782107	TRUE
CSLG2	Vitvi05g00681	41_retained_homologs	Rpv12+1+3	24	0.49585023347883	1	FALSE
DPA	Vitvi08g01185	41_retained_homologs	Rpv12	0	-2.09771744441778	0.0282904455204161	TRUE
DPA	Vitvi08g01185	41_retained_homologs	Rpv12	6	-1.69266194194328	0.363425420908728	TRUE
DPA	Vitvi08g01185	41_retained_homologs	Rpv12	24	-1.12024497545935	1	TRUE
DPA	Vitvi08g01185	41_retained_homologs	Rpv12+1	0	-0.441396235758737	1	FALSE
DPA	Vitvi08g01185	41_retained_homologs	Rpv12+1	6	0.271892897355748	1	FALSE
DPA	Vitvi08g01185	41_retained_homologs	Rpv12+1	24	0.32460675568273	1	FALSE
DPA	Vitvi08g01185	41_retained_homologs	Rpv12+1+3	0	-2.89858879482092	7.51441855956249e-05	TRUE
DPA	Vitvi08g01185	41_retained_homologs	Rpv12+1+3	6	-2.16251281766812	0.0122109750213953	TRUE
DPA	Vitvi08g01185	41_retained_homologs	Rpv12+1+3	24	-1.98358218035358	0.0340592014582161	TRUE
EDS1	Vitvi17g01513	41_retained_homologs	Rpv12	0	2.77404158496684	0.00263826593386997	TRUE
EDS1	Vitvi17g01513	41_retained_homologs	Rpv12	6	0.275539787454916	1	FALSE
EDS1	Vitvi17g01513	41_retained_homologs	Rpv12	24	-0.285394209876725	1	FALSE
EDS1	Vitvi17g01513	41_retained_homologs	Rpv12+1	0	1.74429070799955	0.377984011024901	TRUE
EDS1	Vitvi17g01513	41_retained_homologs	Rpv12+1	6	0.261094752885729	1	FALSE
EDS1	Vitvi17g01513	41_retained_homologs	Rpv12+1	24	-0.457227780336091	1	FALSE
EDS1	Vitvi17g01513	41_retained_homologs	Rpv12+1+3	0	-0.0223496045970595	1	FALSE
EDS1	Vitvi17g01513	41_retained_homologs	Rpv12+1+3	6	-0.221733615461529	1	FALSE
EDS1	Vitvi17g01513	41_retained_homologs	Rpv12+1+3	24	-1.83157530660306	0.212932727920592	TRUE
EDS1	Vitvi17g01515	41_retained_homologs	Rpv12	0	2.17228305819734	0.176396025495354	TRUE
EDS1	Vitvi17g01515	41_retained_homologs	Rpv12	6	-0.02152449994987	1	FALSE
EDS1	Vitvi17g01515	41_retained_homologs	Rpv12	24	-0.688322165016468	1	FALSE
EDS1	Vitvi17g01515	41_retained_homologs	Rpv12+1	0	0.330824396369905	1	FALSE
EDS1	Vitvi17g01515	41_retained_homologs	Rpv12+1	6	-0.463197446027163	1	FALSE
EDS1	Vitvi17g01515	41_retained_homologs	Rpv12+1	24	-2.79783275952184	0.0283656697541018	TRUE
EDS1	Vitvi17g01515	41_retained_homologs	Rpv12+1+3	0	-1.04379492957396	1	FALSE
EDS1	Vitvi17g01515	41_retained_homologs	Rpv12+1+3	6	-1.46070570893331	0.564531432408678	TRUE
EDS1	Vitvi17g01515	41_retained_homologs	Rpv12+1+3	24	-3.77876936773341	0.000206182114150832	TRUE
EDS1	Vitvi17g01520	41_retained_homologs	Rpv12	0	0.557890204503359	1	FALSE
EDS1	Vitvi17g01520	41_retained_homologs	Rpv12	6	-0.545102651755218	1	FALSE
EDS1	Vitvi17g01520	41_retained_homologs	Rpv12	24	-0.869682577905013	1	FALSE
EDS1	Vitvi17g01520	41_retained_homologs	Rpv12+1	0	0.667319261132091	1	FALSE
EDS1	Vitvi17g01520	41_retained_homologs	Rpv12+1	6	-0.10398627179013	1	FALSE
EDS1	Vitvi17g01520	41_retained_homologs	Rpv12+1	24	-1.27878050544422	1	TRUE
EDS1	Vitvi17g01520	41_retained_homologs	Rpv12+1+3	0	-3.32831479145782	0.00288999228131262	TRUE
EDS1	Vitvi17g01520	41_retained_homologs	Rpv12+1+3	6	-3.62600907952206	0.000438412236221697	TRUE
EDS1	Vitvi17g01520	41_retained_homologs	Rpv12+1+3	24	-4.64976216898265	5.25389226617164e-08	TRUE
EIX1	Vitvi00g04469	AlphaFold_EIX1	Rpv12	0	2.74352666293763	0.137416350299728	TRUE
EIX1	Vitvi00g04469	AlphaFold_EIX1	Rpv12	6	0.300754988899387	1	FALSE
EIX1	Vitvi00g04469	AlphaFold_EIX1	Rpv12	24	-0.0110500211910843	1	FALSE
EIX1	Vitvi00g04469	AlphaFold_EIX1	Rpv12+1	0	0.252168383219897	1	FALSE
EIX1	Vitvi00g04469	AlphaFold_EIX1	Rpv12+1	6	-0.0202746140253315	1	FALSE
EIX1	Vitvi00g04469	AlphaFold_EIX1	Rpv12+1	24	-0.504729354547587	1	FALSE
EIX1	Vitvi00g04469	AlphaFold_EIX1	Rpv12+1+3	0	-2.86318224875302	0.251614735617783	TRUE
EIX1	Vitvi00g04469	AlphaFold_EIX1	Rpv12+1+3	6	-0.831457886104852	0.847188269518625	FALSE
EIX1	Vitvi00g04469	AlphaFold_EIX1	Rpv12+1+3	24	-0.290258759272836	1	FALSE
EIX1	Vitvi01g01400	AlphaFold_EIX1	Rpv12	0	0.512766678709789	1	FALSE
EIX1	Vitvi01g01400	AlphaFold_EIX1	Rpv12	6	0.533389857640039	1	FALSE
EIX1	Vitvi01g01400	AlphaFold_EIX1	Rpv12	24	0.239503050822035	1	FALSE
EIX1	Vitvi01g01400	AlphaFold_EIX1	Rpv12+1	0	0.353022620013758	1	FALSE
EIX1	Vitvi01g01400	AlphaFold_EIX1	Rpv12+1	6	0.503597643027058	1	FALSE
EIX1	Vitvi01g01400	AlphaFold_EIX1	Rpv12+1	24	0.076610704621208	1	FALSE
EIX1	Vitvi01g01400	AlphaFold_EIX1	Rpv12+1+3	0	0.262199245005912	1	FALSE
EIX1	Vitvi01g01400	AlphaFold_EIX1	Rpv12+1+3	6	0.46469348096762	1	FALSE
EIX1	Vitvi01g01400	AlphaFold_EIX1	Rpv12+1+3	24	0.125209794553283	1	FALSE
EIX1	Vitvi01g01618	AlphaFold_EIX1	Rpv12	0	1.06152487721529	1	TRUE
EIX1	Vitvi01g01618	AlphaFold_EIX1	Rpv12	6	0.606086347780523	1	FALSE
EIX1	Vitvi01g01618	AlphaFold_EIX1	Rpv12	24	0.00624008303807217	1	FALSE
EIX1	Vitvi01g01618	AlphaFold_EIX1	Rpv12+1	0	0.245290540402034	1	FALSE
EIX1	Vitvi01g01618	AlphaFold_EIX1	Rpv12+1	6	0.320386990829943	1	FALSE
EIX1	Vitvi01g01618	AlphaFold_EIX1	Rpv12+1	24	-0.322086147322067	1	FALSE
EIX1	Vitvi01g01618	AlphaFold_EIX1	Rpv12+1+3	0	0.410417281411014	1	FALSE
EIX1	Vitvi01g01618	AlphaFold_EIX1	Rpv12+1+3	6	0.311137423021594	1	FALSE
EIX1	Vitvi01g01618	AlphaFold_EIX1	Rpv12+1+3	24	-0.103945723014	1	FALSE
EIX1	Vitvi01g04414	AlphaFold_EIX1	Rpv12	0	3.67394102775013	0.000320515764695136	TRUE
EIX1	Vitvi01g04414	AlphaFold_EIX1	Rpv12	6	2.22941068081136	0.265568379580637	TRUE
EIX1	Vitvi01g04414	AlphaFold_EIX1	Rpv12	24	1.06180292169536	1	TRUE
EIX1	Vitvi01g04414	AlphaFold_EIX1	Rpv12+1	0	1.58973980406287	0.639507205419298	TRUE
EIX1	Vitvi01g04414	AlphaFold_EIX1	Rpv12+1	6	1.01960655967054	1	FALSE
EIX1	Vitvi01g04414	AlphaFold_EIX1	Rpv12+1	24	0.0318643272165021	1	FALSE
EIX1	Vitvi01g04414	AlphaFold_EIX1	Rpv12+1+3	0	-0.00939821575225498	1	FALSE
EIX1	Vitvi01g04414	AlphaFold_EIX1	Rpv12+1+3	6	0.166588266063051	1	FALSE
EIX1	Vitvi01g04414	AlphaFold_EIX1	Rpv12+1+3	24	0.380452174781888	1	FALSE
EIX1	Vitvi01g04416	AlphaFold_EIX1	Rpv12	0	3.61881491356724	0.00268356837506143	TRUE
EIX1	Vitvi01g04416	AlphaFold_EIX1	Rpv12	6	0.289368990795043	1	FALSE
EIX1	Vitvi01g04416	AlphaFold_EIX1	Rpv12	24	-0.794164979455123	1	FALSE
EIX1	Vitvi01g04416	AlphaFold_EIX1	Rpv12+1	0	0.323524178542052	1	FALSE
EIX1	Vitvi01g04416	AlphaFold_EIX1	Rpv12+1	6	-0.130948095417534	1	FALSE
EIX1	Vitvi01g04416	AlphaFold_EIX1	Rpv12+1	24	-3.91694961424531	0.000380912175759478	TRUE
EIX1	Vitvi01g04416	AlphaFold_EIX1	Rpv12+1+3	0	-0.144525458195353	1	FALSE
EIX1	Vitvi01g04416	AlphaFold_EIX1	Rpv12+1+3	6	-0.580285991445271	1	FALSE
EIX1	Vitvi01g04416	AlphaFold_EIX1	Rpv12+1+3	24	-1.31853842491925	0.705850857608949	TRUE
EIX1	Vitvi01g04419	AlphaFold_EIX1	Rpv12	0	3.81831661201996	0.0156359670155427	TRUE
EIX1	Vitvi01g04419	AlphaFold_EIX1	Rpv12	6	0.359026309594649	1	FALSE
EIX1	Vitvi01g04419	AlphaFold_EIX1	Rpv12	24	0.276513227452919	1	FALSE
EIX1	Vitvi01g04419	AlphaFold_EIX1	Rpv12+1	0	0.644448695866664	1	FALSE
EIX1	Vitvi01g04419	AlphaFold_EIX1	Rpv12+1	6	0.0186549910290793	1	FALSE
EIX1	Vitvi01g04419	AlphaFold_EIX1	Rpv12+1	24	-0.991949537093038	0.971455379352327	FALSE
EIX1	Vitvi01g04419	AlphaFold_EIX1	Rpv12+1+3	0	0.019276285246774	1	FALSE
EIX1	Vitvi01g04419	AlphaFold_EIX1	Rpv12+1+3	6	-0.36744325169793	1	FALSE
EIX1	Vitvi01g04419	AlphaFold_EIX1	Rpv12+1+3	24	0.276504649019539	1	FALSE
EIX1	Vitvi01g04429	AlphaFold_EIX1	Rpv12	0	2.19274752098464	0.221539157040907	TRUE
EIX1	Vitvi01g04429	AlphaFold_EIX1	Rpv12	6	0.746179058703413	1	FALSE
EIX1	Vitvi01g04429	AlphaFold_EIX1	Rpv12	24	-0.335224974485801	1	FALSE
EIX1	Vitvi01g04429	AlphaFold_EIX1	Rpv12+1	0	0.144968738698722	1	FALSE
EIX1	Vitvi01g04429	AlphaFold_EIX1	Rpv12+1	6	-0.022769372085622	1	FALSE
EIX1	Vitvi01g04429	AlphaFold_EIX1	Rpv12+1	24	-3.41042826857432	0.00870830701601175	TRUE
EIX1	Vitvi01g04429	AlphaFold_EIX1	Rpv12+1+3	0	-0.206731058573737	1	FALSE
EIX1	Vitvi01g04429	AlphaFold_EIX1	Rpv12+1+3	6	-1.07833558844481	0.88576801531198	FALSE
EIX1	Vitvi01g04429	AlphaFold_EIX1	Rpv12+1+3	24	-0.998455564556034	0.970667007913075	FALSE
EIX1	Vitvi07g00060	AlphaFold_EIX1	Rpv12	0	1.68985259186915	0.18407389014335	TRUE
EIX1	Vitvi07g00060	AlphaFold_EIX1	Rpv12	6	0.450459417160755	1	FALSE
EIX1	Vitvi07g00060	AlphaFold_EIX1	Rpv12	24	-0.317485789591438	1	FALSE
EIX1	Vitvi07g00060	AlphaFold_EIX1	Rpv12+1	0	1.21294998666598	1	TRUE
EIX1	Vitvi07g00060	AlphaFold_EIX1	Rpv12+1	6	0.175778502363007	1	FALSE
EIX1	Vitvi07g00060	AlphaFold_EIX1	Rpv12+1	24	-0.286586192050216	1	FALSE
EIX1	Vitvi07g00060	AlphaFold_EIX1	Rpv12+1+3	0	0.115644571974029	1	FALSE
EIX1	Vitvi07g00060	AlphaFold_EIX1	Rpv12+1+3	6	-0.348815675331955	1	FALSE
EIX1	Vitvi07g00060	AlphaFold_EIX1	Rpv12+1+3	24	-0.229641679250092	1	FALSE
EIX1	Vitvi07g01920	AlphaFold_EIX1	Rpv12	0	1.54225605932318	0.276288713837121	TRUE
EIX1	Vitvi07g01920	AlphaFold_EIX1	Rpv12	6	0.786077655492496	1	FALSE
EIX1	Vitvi07g01920	AlphaFold_EIX1	Rpv12	24	-0.377265756225123	1	FALSE
EIX1	Vitvi07g01920	AlphaFold_EIX1	Rpv12+1	0	0.0795769445955109	1	FALSE
EIX1	Vitvi07g01920	AlphaFold_EIX1	Rpv12+1	6	0.0429044724571486	1	FALSE
EIX1	Vitvi07g01920	AlphaFold_EIX1	Rpv12+1	24	-1.02138714256541	1	TRUE
EIX1	Vitvi07g01920	AlphaFold_EIX1	Rpv12+1+3	0	-0.233388326460666	1	FALSE
EIX1	Vitvi07g01920	AlphaFold_EIX1	Rpv12+1+3	6	-0.131254706536162	1	FALSE
EIX1	Vitvi07g01920	AlphaFold_EIX1	Rpv12+1+3	24	-0.355676164803447	1	FALSE
EIX1	Vitvi08g00671	AlphaFold_EIX1	Rpv12	0	0.629949785661811	1	FALSE
EIX1	Vitvi08g00671	AlphaFold_EIX1	Rpv12	6	0.291760684136072	1	FALSE
EIX1	Vitvi08g00671	AlphaFold_EIX1	Rpv12	24	0.0887210517822725	1	FALSE
EIX1	Vitvi08g00671	AlphaFold_EIX1	Rpv12+1	0	0.225072744668011	1	FALSE
EIX1	Vitvi08g00671	AlphaFold_EIX1	Rpv12+1	6	0.412515168472527	1	FALSE
EIX1	Vitvi08g00671	AlphaFold_EIX1	Rpv12+1	24	0.255257044701479	1	FALSE
EIX1	Vitvi08g00671	AlphaFold_EIX1	Rpv12+1+3	0	-0.0361858170415506	1	FALSE
EIX1	Vitvi08g00671	AlphaFold_EIX1	Rpv12+1+3	6	0.244898994388836	1	FALSE
EIX1	Vitvi08g00671	AlphaFold_EIX1	Rpv12+1+3	24	0.251007352205353	1	FALSE
EIX1	Vitvi08g00703	AlphaFold_EIX1	Rpv12	0	2.36884789435916	0.00467663109394049	TRUE
EIX1	Vitvi08g00703	AlphaFold_EIX1	Rpv12	6	1.25088560757044	1	TRUE
EIX1	Vitvi08g00703	AlphaFold_EIX1	Rpv12	24	0.410962425897055	1	FALSE
EIX1	Vitvi08g00703	AlphaFold_EIX1	Rpv12+1	0	0.823896010024045	1	FALSE
EIX1	Vitvi08g00703	AlphaFold_EIX1	Rpv12+1	6	0.172082483388134	1	FALSE
EIX1	Vitvi08g00703	AlphaFold_EIX1	Rpv12+1	24	-0.586732937580202	1	FALSE
EIX1	Vitvi08g00703	AlphaFold_EIX1	Rpv12+1+3	0	0.490975258238155	1	FALSE
EIX1	Vitvi08g00703	AlphaFold_EIX1	Rpv12+1+3	6	0.17529951078892	1	FALSE
EIX1	Vitvi08g00703	AlphaFold_EIX1	Rpv12+1+3	24	-0.00764126410438717	1	FALSE
EIX1	Vitvi08g02068	AlphaFold_EIX1	Rpv12	0	3.20052849494237	0.00222490011298289	TRUE
EIX1	Vitvi08g02068	AlphaFold_EIX1	Rpv12	6	0.540408070185904	1	FALSE
EIX1	Vitvi08g02068	AlphaFold_EIX1	Rpv12	24	0.405109877510289	1	FALSE
EIX1	Vitvi08g02068	AlphaFold_EIX1	Rpv12+1	0	1.8947794216732	0.34102771876806	TRUE
EIX1	Vitvi08g02068	AlphaFold_EIX1	Rpv12+1	6	0.116658427017599	1	FALSE
EIX1	Vitvi08g02068	AlphaFold_EIX1	Rpv12+1	24	-0.294548508248143	1	FALSE
EIX1	Vitvi08g02068	AlphaFold_EIX1	Rpv12+1+3	0	0.828265359721473	1	FALSE
EIX1	Vitvi08g02068	AlphaFold_EIX1	Rpv12+1+3	6	0.174076641748911	1	FALSE
EIX1	Vitvi08g02068	AlphaFold_EIX1	Rpv12+1+3	24	0.0509695243060158	1	FALSE
EIX1	Vitvi09g01335	AlphaFold_EIX1	Rpv12	0	5.38810726560342	1.85512643932733e-06	TRUE
EIX1	Vitvi09g01335	AlphaFold_EIX1	Rpv12	6	2.4612246219317	0.27965172658436	TRUE
EIX1	Vitvi09g01335	AlphaFold_EIX1	Rpv12	24	-0.612759557942314	1	FALSE
EIX1	Vitvi09g01335	AlphaFold_EIX1	Rpv12+1	0	0.733494863931544	1	FALSE
EIX1	Vitvi09g01335	AlphaFold_EIX1	Rpv12+1	6	0.0403193447170705	1	FALSE
EIX1	Vitvi09g01335	AlphaFold_EIX1	Rpv12+1	24	-2.61254882781999	0.102152877062561	TRUE
EIX1	Vitvi09g01335	AlphaFold_EIX1	Rpv12+1+3	0	-0.0209266349951788	1	FALSE
EIX1	Vitvi09g01335	AlphaFold_EIX1	Rpv12+1+3	6	-0.0938911997327128	1	FALSE
EIX1	Vitvi09g01335	AlphaFold_EIX1	Rpv12+1+3	24	-0.540723392394063	1	FALSE
EIX1	Vitvi09g01853	AlphaFold_EIX1	Rpv12	0	1.00542914613098	1	TRUE
EIX1	Vitvi09g01853	AlphaFold_EIX1	Rpv12	6	0.514592578523128	1	FALSE
EIX1	Vitvi09g01853	AlphaFold_EIX1	Rpv12	24	-0.823184375385825	1	FALSE
EIX1	Vitvi09g01853	AlphaFold_EIX1	Rpv12+1	0	0.0958175794992219	1	FALSE
EIX1	Vitvi09g01853	AlphaFold_EIX1	Rpv12+1	6	0.279578161075591	1	FALSE
EIX1	Vitvi09g01853	AlphaFold_EIX1	Rpv12+1	24	-0.728869940123923	1	FALSE
EIX1	Vitvi09g01853	AlphaFold_EIX1	Rpv12+1+3	0	-0.176646026197442	1	FALSE
EIX1	Vitvi09g01853	AlphaFold_EIX1	Rpv12+1+3	6	-0.0870792739290334	1	FALSE
EIX1	Vitvi09g01853	AlphaFold_EIX1	Rpv12+1+3	24	-0.353540968467427	1	FALSE
EIX1	Vitvi09g04205	AlphaFold_EIX1	Rpv12	0	2.98280400188458	0.0403382204736631	TRUE
EIX1	Vitvi09g04205	AlphaFold_EIX1	Rpv12	6	0.355392627332794	1	FALSE
EIX1	Vitvi09g04205	AlphaFold_EIX1	Rpv12	24	-0.896213367387898	1	FALSE
EIX1	Vitvi09g04205	AlphaFold_EIX1	Rpv12+1	0	0.29909377611416	1	FALSE
EIX1	Vitvi09g04205	AlphaFold_EIX1	Rpv12+1	6	-0.075630578924991	1	FALSE
EIX1	Vitvi09g04205	AlphaFold_EIX1	Rpv12+1	24	-2.0808942145089	0.326535568684633	TRUE
EIX1	Vitvi09g04205	AlphaFold_EIX1	Rpv12+1+3	0	0.097531176291421	1	FALSE
EIX1	Vitvi09g04205	AlphaFold_EIX1	Rpv12+1+3	6	0.0584337713684202	1	FALSE
EIX1	Vitvi09g04205	AlphaFold_EIX1	Rpv12+1+3	24	-0.234896325456038	1	FALSE
EIX1	Vitvi09g04208	AlphaFold_EIX1	Rpv12	0	2.58181629737724	0.0979382504323297	TRUE
EIX1	Vitvi09g04208	AlphaFold_EIX1	Rpv12	6	1.3894803453632	1	TRUE
EIX1	Vitvi09g04208	AlphaFold_EIX1	Rpv12	24	-0.464322663402815	1	FALSE
EIX1	Vitvi09g04208	AlphaFold_EIX1	Rpv12+1	0	0.322742182410782	1	FALSE
EIX1	Vitvi09g04208	AlphaFold_EIX1	Rpv12+1	6	0.329467795383558	1	FALSE
EIX1	Vitvi09g04208	AlphaFold_EIX1	Rpv12+1	24	-1.19127321000199	1	FALSE
EIX1	Vitvi09g04208	AlphaFold_EIX1	Rpv12+1+3	0	0.153548441937332	1	FALSE
EIX1	Vitvi09g04208	AlphaFold_EIX1	Rpv12+1+3	6	0.0385440224077387	1	FALSE
EIX1	Vitvi09g04208	AlphaFold_EIX1	Rpv12+1+3	24	-0.0685023390752165	1	FALSE
EIX1	Vitvi09g04219	AlphaFold_EIX1	Rpv12	0	1.75441173504964	0.413592404478267	TRUE
EIX1	Vitvi09g04219	AlphaFold_EIX1	Rpv12	6	0.376352409440644	1	FALSE
EIX1	Vitvi09g04219	AlphaFold_EIX1	Rpv12	24	-1.19191432194324	0.915680213322187	TRUE
EIX1	Vitvi09g04219	AlphaFold_EIX1	Rpv12+1	0	0.0587443420848333	1	FALSE
EIX1	Vitvi09g04219	AlphaFold_EIX1	Rpv12+1	6	0.0823930996096654	1	FALSE
EIX1	Vitvi09g04219	AlphaFold_EIX1	Rpv12+1	24	-2.37887612710723	0.182517549625708	TRUE
EIX1	Vitvi09g04219	AlphaFold_EIX1	Rpv12+1+3	0	-0.334865181465173	1	FALSE
EIX1	Vitvi09g04219	AlphaFold_EIX1	Rpv12+1+3	6	-0.317883643242596	1	FALSE
EIX1	Vitvi09g04219	AlphaFold_EIX1	Rpv12+1+3	24	-0.559819891881367	1	FALSE
EIX1	Vitvi09g04221	AlphaFold_EIX1	Rpv12	0	2.34806434025826	0.143856713420943	TRUE
EIX1	Vitvi09g04221	AlphaFold_EIX1	Rpv12	6	0.402406329186751	1	FALSE
EIX1	Vitvi09g04221	AlphaFold_EIX1	Rpv12	24	-1.0776363513848	1	TRUE
EIX1	Vitvi09g04221	AlphaFold_EIX1	Rpv12+1	0	0.264813305053768	1	FALSE
EIX1	Vitvi09g04221	AlphaFold_EIX1	Rpv12+1	6	0.140375113326321	1	FALSE
EIX1	Vitvi09g04221	AlphaFold_EIX1	Rpv12+1	24	-1.26932657889529	1	TRUE
EIX1	Vitvi09g04221	AlphaFold_EIX1	Rpv12+1+3	0	-0.118995934848834	1	FALSE
EIX1	Vitvi09g04221	AlphaFold_EIX1	Rpv12+1+3	6	0.051760632469575	1	FALSE
EIX1	Vitvi09g04221	AlphaFold_EIX1	Rpv12+1+3	24	-0.328295782429081	1	FALSE
EIX1	Vitvi09g04475	AlphaFold_EIX1	Rpv12	0	3.66518567542373	0.00137523318994867	TRUE
EIX1	Vitvi09g04475	AlphaFold_EIX1	Rpv12	6	2.56251257731117	0.14119281805624	TRUE
EIX1	Vitvi09g04475	AlphaFold_EIX1	Rpv12	24	0.016104707936874	1	FALSE
EIX1	Vitvi09g04475	AlphaFold_EIX1	Rpv12+1	0	1.50187231637009	0.751411583558902	TRUE
EIX1	Vitvi09g04475	AlphaFold_EIX1	Rpv12+1	6	0.358745783646373	1	FALSE
EIX1	Vitvi09g04475	AlphaFold_EIX1	Rpv12+1	24	-0.264173120629842	1	FALSE
EIX1	Vitvi09g04475	AlphaFold_EIX1	Rpv12+1+3	0	0.173197844696349	1	FALSE
EIX1	Vitvi09g04475	AlphaFold_EIX1	Rpv12+1+3	6	0.230033216675189	1	FALSE
EIX1	Vitvi09g04475	AlphaFold_EIX1	Rpv12+1+3	24	0.283640471041675	1	FALSE
EIX1	Vitvi09g04535	AlphaFold_EIX1	Rpv12	0	7.01709513417184	2.96279161238933e-10	TRUE
EIX1	Vitvi09g04535	AlphaFold_EIX1	Rpv12	6	5.18102803845069	9.41358759290849e-06	TRUE
EIX1	Vitvi09g04535	AlphaFold_EIX1	Rpv12	24	0.0691684641294422	1	FALSE
EIX1	Vitvi09g04535	AlphaFold_EIX1	Rpv12+1	0	3.37939515891901	0.0258622511837638	TRUE
EIX1	Vitvi09g04535	AlphaFold_EIX1	Rpv12+1	6	0.275720389414691	1	FALSE
EIX1	Vitvi09g04535	AlphaFold_EIX1	Rpv12+1	24	-0.812978859997748	1	FALSE
EIX1	Vitvi09g04535	AlphaFold_EIX1	Rpv12+1+3	0	1.50070313095145	0.547389537221972	TRUE
EIX1	Vitvi09g04535	AlphaFold_EIX1	Rpv12+1+3	6	0.892986977373615	0.93138919054975	FALSE
EIX1	Vitvi09g04535	AlphaFold_EIX1	Rpv12+1+3	24	-0.121460264763787	1	FALSE
EIX1	Vitvi09g04536	AlphaFold_EIX1	Rpv12	0	5.40471044228229	2.71425354508039e-05	TRUE
EIX1	Vitvi09g04536	AlphaFold_EIX1	Rpv12	6	3.53341729711266	0.0317471844642927	TRUE
EIX1	Vitvi09g04536	AlphaFold_EIX1	Rpv12	24	-0.307119210899687	1	FALSE
EIX1	Vitvi09g04536	AlphaFold_EIX1	Rpv12+1	0	2.32397937917266	0.260522058415088	TRUE
EIX1	Vitvi09g04536	AlphaFold_EIX1	Rpv12+1	6	0.0237934675908111	1	FALSE
EIX1	Vitvi09g04536	AlphaFold_EIX1	Rpv12+1	24	-4.1055431431442	0.00267591510637694	TRUE
EIX1	Vitvi09g04536	AlphaFold_EIX1	Rpv12+1+3	0	-0.0277093223711152	1	FALSE
EIX1	Vitvi09g04536	AlphaFold_EIX1	Rpv12+1+3	6	-0.0307229129305678	1	FALSE
EIX1	Vitvi09g04536	AlphaFold_EIX1	Rpv12+1+3	24	-0.53036066671086	1	FALSE
EIX1	Vitvi09g04541	AlphaFold_EIX1	Rpv12	0	5.33870383047966	4.61912008048883e-06	TRUE
EIX1	Vitvi09g04541	AlphaFold_EIX1	Rpv12	6	3.34997597799611	0.0253125943114368	TRUE
EIX1	Vitvi09g04541	AlphaFold_EIX1	Rpv12	24	0.750856398540718	1	FALSE
EIX1	Vitvi09g04541	AlphaFold_EIX1	Rpv12+1	0	1.72777785020004	0.578146087399475	TRUE
EIX1	Vitvi09g04541	AlphaFold_EIX1	Rpv12+1	6	0.639275318889896	1	FALSE
EIX1	Vitvi09g04541	AlphaFold_EIX1	Rpv12+1	24	-0.145122101553746	1	FALSE
EIX1	Vitvi09g04541	AlphaFold_EIX1	Rpv12+1+3	0	0.957463176912534	1	FALSE
EIX1	Vitvi09g04541	AlphaFold_EIX1	Rpv12+1+3	6	0.169742551138757	1	FALSE
EIX1	Vitvi09g04541	AlphaFold_EIX1	Rpv12+1+3	24	0.397410932451252	1	FALSE
EIX1	Vitvi09g04548	AlphaFold_EIX1	Rpv12	0	3.91131337321591	0.00967537439216006	TRUE
EIX1	Vitvi09g04548	AlphaFold_EIX1	Rpv12	6	2.74960413753594	0.228885232063711	TRUE
EIX1	Vitvi09g04548	AlphaFold_EIX1	Rpv12	24	-0.334832339785953	1	FALSE
EIX1	Vitvi09g04548	AlphaFold_EIX1	Rpv12+1	0	0.36215170491129	1	FALSE
EIX1	Vitvi09g04548	AlphaFold_EIX1	Rpv12+1	6	-0.0611098838719153	1	FALSE
EIX1	Vitvi09g04548	AlphaFold_EIX1	Rpv12+1	24	-2.7057261638237	0.126984293591894	TRUE
EIX1	Vitvi09g04548	AlphaFold_EIX1	Rpv12+1+3	0	-0.779473269901264	0.918615553963278	FALSE
EIX1	Vitvi09g04548	AlphaFold_EIX1	Rpv12+1+3	6	-0.330041262785756	1	FALSE
EIX1	Vitvi09g04548	AlphaFold_EIX1	Rpv12+1+3	24	-0.790247265372704	1	FALSE
EIX1	Vitvi09g04565	AlphaFold_EIX1	Rpv12	0	4.78601396217021	2.00478670716654e-06	TRUE
EIX1	Vitvi09g04565	AlphaFold_EIX1	Rpv12	6	2.56204659869171	0.140169081298894	TRUE
EIX1	Vitvi09g04565	AlphaFold_EIX1	Rpv12	24	-0.0456754470040249	1	FALSE
EIX1	Vitvi09g04565	AlphaFold_EIX1	Rpv12+1	0	1.52943934021016	0.726083731324964	TRUE
EIX1	Vitvi09g04565	AlphaFold_EIX1	Rpv12+1	6	0.226076353979099	1	FALSE
EIX1	Vitvi09g04565	AlphaFold_EIX1	Rpv12+1	24	-1.02620684104854	1	FALSE
EIX1	Vitvi09g04565	AlphaFold_EIX1	Rpv12+1+3	0	-0.338654678588884	1	FALSE
EIX1	Vitvi09g04565	AlphaFold_EIX1	Rpv12+1+3	6	-0.498762875983644	1	FALSE
EIX1	Vitvi09g04565	AlphaFold_EIX1	Rpv12+1+3	24	-0.516982824769465	1	FALSE
EIX1	Vitvi10g02023	AlphaFold_EIX1	Rpv12	0	4.71379339363529	1.5549258287256e-08	TRUE
EIX1	Vitvi10g02023	AlphaFold_EIX1	Rpv12	6	3.14782497442726	0.00183610913162219	TRUE
EIX1	Vitvi10g02023	AlphaFold_EIX1	Rpv12	24	-0.516052603476424	1	FALSE
EIX1	Vitvi10g02023	AlphaFold_EIX1	Rpv12+1	0	2.71932773009993	0.0232929190430956	TRUE
EIX1	Vitvi10g02023	AlphaFold_EIX1	Rpv12+1	6	1.52213481374321	0.975178846931725	TRUE
EIX1	Vitvi10g02023	AlphaFold_EIX1	Rpv12+1	24	-0.251006524605516	1	FALSE
EIX1	Vitvi10g02023	AlphaFold_EIX1	Rpv12+1+3	0	1.37505115466852	0.751945193593359	TRUE
EIX1	Vitvi10g02023	AlphaFold_EIX1	Rpv12+1+3	6	0.634860114793372	1	FALSE
EIX1	Vitvi10g02023	AlphaFold_EIX1	Rpv12+1+3	24	0.0823135979426596	1	FALSE
EIX1	Vitvi11g01641	AlphaFold_EIX1	Rpv12	0	2.52011459828891	0.019624888226269	TRUE
EIX1	Vitvi11g01641	AlphaFold_EIX1	Rpv12	6	1.04443775619536	1	TRUE
EIX1	Vitvi11g01641	AlphaFold_EIX1	Rpv12	24	-0.441164604135248	1	FALSE
EIX1	Vitvi11g01641	AlphaFold_EIX1	Rpv12+1	0	0.255988192399347	1	FALSE
EIX1	Vitvi11g01641	AlphaFold_EIX1	Rpv12+1	6	-0.294004469436884	1	FALSE
EIX1	Vitvi11g01641	AlphaFold_EIX1	Rpv12+1	24	-1.45887028467507	0.860031830652632	TRUE
EIX1	Vitvi11g01641	AlphaFold_EIX1	Rpv12+1+3	0	-0.344376956175964	1	FALSE
EIX1	Vitvi11g01641	AlphaFold_EIX1	Rpv12+1+3	6	-0.321119903110512	1	FALSE
EIX1	Vitvi11g01641	AlphaFold_EIX1	Rpv12+1+3	24	-0.55341305346135	1	FALSE
EIX1	Vitvi13g04184	AlphaFold_EIX1	Rpv12	0	2.31993108719246	0.0450173834575781	TRUE
EIX1	Vitvi13g04184	AlphaFold_EIX1	Rpv12	6	0.821561789471446	1	FALSE
EIX1	Vitvi13g04184	AlphaFold_EIX1	Rpv12	24	0.0122998739225986	1	FALSE
EIX1	Vitvi13g04184	AlphaFold_EIX1	Rpv12+1	0	2.46935350399765	0.0325323979380312	TRUE
EIX1	Vitvi13g04184	AlphaFold_EIX1	Rpv12+1	6	0.298406090109317	1	FALSE
EIX1	Vitvi13g04184	AlphaFold_EIX1	Rpv12+1	24	-0.228867629173905	1	FALSE
EIX1	Vitvi13g04184	AlphaFold_EIX1	Rpv12+1+3	0	0.222142600595186	1	FALSE
EIX1	Vitvi13g04184	AlphaFold_EIX1	Rpv12+1+3	6	-0.0424174538894742	1	FALSE
EIX1	Vitvi13g04184	AlphaFold_EIX1	Rpv12+1+3	24	0.321900283271154	1	FALSE
EIX1	Vitvi14g01967	AlphaFold_EIX1	Rpv12	0	3.3995540084125	4.87801559744485e-05	TRUE
EIX1	Vitvi14g01967	AlphaFold_EIX1	Rpv12	6	0.89675491246974	1	FALSE
EIX1	Vitvi14g01967	AlphaFold_EIX1	Rpv12	24	-0.270923711125137	1	FALSE
EIX1	Vitvi14g01967	AlphaFold_EIX1	Rpv12+1	0	1.46184560132011	0.736608637572335	TRUE
EIX1	Vitvi14g01967	AlphaFold_EIX1	Rpv12+1	6	0.182306773963694	1	FALSE
EIX1	Vitvi14g01967	AlphaFold_EIX1	Rpv12+1	24	-0.866817243837718	1	FALSE
EIX1	Vitvi14g01967	AlphaFold_EIX1	Rpv12+1+3	0	0.193017708463756	1	FALSE
EIX1	Vitvi14g01967	AlphaFold_EIX1	Rpv12+1+3	6	-0.159170614340253	1	FALSE
EIX1	Vitvi14g01967	AlphaFold_EIX1	Rpv12+1+3	24	-0.377823434948903	1	FALSE
EIX1	Vitvi14g03057	AlphaFold_EIX1	Rpv12	0	5.06502680675108	2.03583409561379e-10	TRUE
EIX1	Vitvi14g03057	AlphaFold_EIX1	Rpv12	6	2.02583370008243	0.356215852384172	TRUE
EIX1	Vitvi14g03057	AlphaFold_EIX1	Rpv12	24	-0.525117501885156	1	FALSE
EIX1	Vitvi14g03057	AlphaFold_EIX1	Rpv12+1	0	2.33388093733393	0.0865639289961402	TRUE
EIX1	Vitvi14g03057	AlphaFold_EIX1	Rpv12+1	6	0.0515554176801548	1	FALSE
EIX1	Vitvi14g03057	AlphaFold_EIX1	Rpv12+1	24	-0.87600865691958	1	FALSE
EIX1	Vitvi14g03057	AlphaFold_EIX1	Rpv12+1+3	0	0.292448797473542	1	FALSE
EIX1	Vitvi14g03057	AlphaFold_EIX1	Rpv12+1+3	6	-0.15937655968965	1	FALSE
EIX1	Vitvi14g03057	AlphaFold_EIX1	Rpv12+1+3	24	-0.121487373590555	1	FALSE
EIX1	Vitvi16g01964	AlphaFold_EIX1	Rpv12	0	1.86828328288532	0.168347623501882	TRUE
EIX1	Vitvi16g01964	AlphaFold_EIX1	Rpv12	6	0.376070440188822	1	FALSE
EIX1	Vitvi16g01964	AlphaFold_EIX1	Rpv12	24	0.676130079235875	1	FALSE
EIX1	Vitvi16g01964	AlphaFold_EIX1	Rpv12+1	0	1.67752505454693	0.427092559934727	TRUE
EIX1	Vitvi16g01964	AlphaFold_EIX1	Rpv12+1	6	0.0717668590340024	1	FALSE
EIX1	Vitvi16g01964	AlphaFold_EIX1	Rpv12+1	24	-0.0123201093865187	1	FALSE
EIX1	Vitvi16g01964	AlphaFold_EIX1	Rpv12+1+3	0	-0.334811902794032	1	FALSE
EIX1	Vitvi16g01964	AlphaFold_EIX1	Rpv12+1+3	6	-1.07103891478781	1	TRUE
EIX1	Vitvi16g01964	AlphaFold_EIX1	Rpv12+1+3	24	0.341736440146708	1	FALSE
EIX1	Vitvi16g04400	AlphaFold_EIX1	Rpv12	0	2.30388293235783	0.060362191397795	TRUE
EIX1	Vitvi16g04400	AlphaFold_EIX1	Rpv12	6	0.21082149680207	1	FALSE
EIX1	Vitvi16g04400	AlphaFold_EIX1	Rpv12	24	-0.366441021032236	1	FALSE
EIX1	Vitvi16g04400	AlphaFold_EIX1	Rpv12+1	0	1.49882238029474	0.703904534603507	TRUE
EIX1	Vitvi16g04400	AlphaFold_EIX1	Rpv12+1	6	-0.0686423505035304	1	FALSE
EIX1	Vitvi16g04400	AlphaFold_EIX1	Rpv12+1	24	-0.930844305326243	1	FALSE
EIX1	Vitvi16g04400	AlphaFold_EIX1	Rpv12+1+3	0	-0.0704216003416506	1	FALSE
EIX1	Vitvi16g04400	AlphaFold_EIX1	Rpv12+1+3	6	-0.4508810582637	1	FALSE
EIX1	Vitvi16g04400	AlphaFold_EIX1	Rpv12+1+3	24	-0.110494958993142	1	FALSE
EIX1	Vitvi17g01392	AlphaFold_EIX1	Rpv12	0	1.99494254144088	0.0487134856051592	TRUE
EIX1	Vitvi17g01392	AlphaFold_EIX1	Rpv12	6	0.468637823102054	1	FALSE
EIX1	Vitvi17g01392	AlphaFold_EIX1	Rpv12	24	0.360314054882838	1	FALSE
EIX1	Vitvi17g01392	AlphaFold_EIX1	Rpv12+1	0	0.732024125872171	1	FALSE
EIX1	Vitvi17g01392	AlphaFold_EIX1	Rpv12+1	6	0.0600152919352707	1	FALSE
EIX1	Vitvi17g01392	AlphaFold_EIX1	Rpv12+1	24	-0.0113043805526662	1	FALSE
EIX1	Vitvi17g01392	AlphaFold_EIX1	Rpv12+1+3	0	-0.0394467557530151	1	FALSE
EIX1	Vitvi17g01392	AlphaFold_EIX1	Rpv12+1+3	6	-0.293699664221042	1	FALSE
EIX1	Vitvi17g01392	AlphaFold_EIX1	Rpv12+1+3	24	0.26401771749595	1	FALSE
EIX1	Vitvi18g01676	AlphaFold_EIX1	Rpv12	0	1.88719123271704	0.038992434578824	TRUE
EIX1	Vitvi18g01676	AlphaFold_EIX1	Rpv12	6	0.699493135766322	1	FALSE
EIX1	Vitvi18g01676	AlphaFold_EIX1	Rpv12	24	-0.70629617352701	1	FALSE
EIX1	Vitvi18g01676	AlphaFold_EIX1	Rpv12+1	0	0.446327373467194	1	FALSE
EIX1	Vitvi18g01676	AlphaFold_EIX1	Rpv12+1	6	0.441619267022762	1	FALSE
EIX1	Vitvi18g01676	AlphaFold_EIX1	Rpv12+1	24	-0.365967904291225	1	FALSE
EIX1	Vitvi18g01676	AlphaFold_EIX1	Rpv12+1+3	0	0.335994338469574	1	FALSE
EIX1	Vitvi18g01676	AlphaFold_EIX1	Rpv12+1+3	6	0.223707544476707	1	FALSE
EIX1	Vitvi18g01676	AlphaFold_EIX1	Rpv12+1+3	24	-0.131203361515866	1	FALSE
EIX1	Vitvi18g03244	AlphaFold_EIX1	Rpv12	0	5.55572293966622	5.50584786873212e-10	TRUE
EIX1	Vitvi18g03244	AlphaFold_EIX1	Rpv12	6	2.61283780391522	0.0935429964414242	TRUE
EIX1	Vitvi18g03244	AlphaFold_EIX1	Rpv12	24	0.101829565442672	1	FALSE
EIX1	Vitvi18g03244	AlphaFold_EIX1	Rpv12+1	0	2.05161479359957	0.270451695486681	TRUE
EIX1	Vitvi18g03244	AlphaFold_EIX1	Rpv12+1	6	0.202459699657887	1	FALSE
EIX1	Vitvi18g03244	AlphaFold_EIX1	Rpv12+1	24	-0.65575181653932	1	FALSE
EIX1	Vitvi18g03244	AlphaFold_EIX1	Rpv12+1+3	0	0.231645603000677	1	FALSE
EIX1	Vitvi18g03244	AlphaFold_EIX1	Rpv12+1+3	6	0.164463075506771	1	FALSE
EIX1	Vitvi18g03244	AlphaFold_EIX1	Rpv12+1+3	24	-0.295895164081743	1	FALSE
EIX1	Vitvi19g02292	AlphaFold_EIX1	Rpv12	0	3.35707029735843	0.00178983959831923	TRUE
EIX1	Vitvi19g02292	AlphaFold_EIX1	Rpv12	6	0.897495568576493	1	FALSE
EIX1	Vitvi19g02292	AlphaFold_EIX1	Rpv12	24	-0.232508131031274	1	FALSE
EIX1	Vitvi19g02292	AlphaFold_EIX1	Rpv12+1	0	0.786404009978985	1	FALSE
EIX1	Vitvi19g02292	AlphaFold_EIX1	Rpv12+1	6	-0.121586275032917	1	FALSE
EIX1	Vitvi19g02292	AlphaFold_EIX1	Rpv12+1	24	-1.56856718586197	0.746040714378291	TRUE
EIX1	Vitvi19g02292	AlphaFold_EIX1	Rpv12+1+3	0	-0.0683853818387482	1	FALSE
EIX1	Vitvi19g02292	AlphaFold_EIX1	Rpv12+1+3	6	-0.537559720692044	1	FALSE
EIX1	Vitvi19g02292	AlphaFold_EIX1	Rpv12+1+3	24	-0.44664838779017	1	FALSE
MAPKKK1	Vitvi12g01776	41_retained_homologs	Rpv12	0	-5.42023259838717	8.16584102215609e-05	TRUE
MAPKKK1	Vitvi12g01776	41_retained_homologs	Rpv12	6	-4.78894400751662	0.0007427595227057	TRUE
MAPKKK1	Vitvi12g01776	41_retained_homologs	Rpv12	24	-5.95026488130739	9.49072803920547e-06	TRUE
MAPKKK1	Vitvi12g01776	41_retained_homologs	Rpv12+1	0	-10.3031412522806	3.63254205759272e-07	TRUE
MAPKKK1	Vitvi12g01776	41_retained_homologs	Rpv12+1	6	-8.90336221615031	2.26714854529383e-05	TRUE
MAPKKK1	Vitvi12g01776	41_retained_homologs	Rpv12+1	24	-6.00888299874922	8.02455609795365e-06	TRUE
MAPKKK1	Vitvi12g01776	41_retained_homologs	Rpv12+1+3	0	-10.3245077573632	2.76362638074963e-07	TRUE
MAPKKK1	Vitvi12g01776	41_retained_homologs	Rpv12+1+3	6	-5.9509858969926	0.000352824270438724	TRUE
MAPKKK1	Vitvi12g01776	41_retained_homologs	Rpv12+1+3	24	-10.1254196252417	1.22447108309163e-07	TRUE
MIK2	Vitvi14g03057	41_retained_homologs	Rpv12	0	5.06502680675108	2.03583409561379e-10	TRUE
MIK2	Vitvi14g03057	41_retained_homologs	Rpv12	6	2.02583370008243	0.356215852384172	TRUE
MIK2	Vitvi14g03057	41_retained_homologs	Rpv12	24	-0.525117501885156	1	FALSE
MIK2	Vitvi14g03057	41_retained_homologs	Rpv12+1	0	2.33388093733393	0.0865639289961402	TRUE
MIK2	Vitvi14g03057	41_retained_homologs	Rpv12+1	6	0.0515554176801548	1	FALSE
MIK2	Vitvi14g03057	41_retained_homologs	Rpv12+1	24	-0.87600865691958	1	FALSE
MIK2	Vitvi14g03057	41_retained_homologs	Rpv12+1+3	0	0.292448797473542	1	FALSE
MIK2	Vitvi14g03057	41_retained_homologs	Rpv12+1+3	6	-0.15937655968965	1	FALSE
MIK2	Vitvi14g03057	41_retained_homologs	Rpv12+1+3	24	-0.121487373590555	1	FALSE
MYB12	Vitvi07g00393	41_retained_homologs	Rpv12	0	0.290427660607766	1	FALSE
MYB12	Vitvi07g00393	41_retained_homologs	Rpv12	6	-3.04725751030012	0.19026260041084	TRUE
MYB12	Vitvi07g00393	41_retained_homologs	Rpv12	24	-1.6514692015923	0.590271559618602	TRUE
MYB12	Vitvi07g00393	41_retained_homologs	Rpv12+1	0	1.33898458211353	0.729645857753594	FALSE
MYB12	Vitvi07g00393	41_retained_homologs	Rpv12+1	6	-0.0359649307851639	1	FALSE
MYB12	Vitvi07g00393	41_retained_homologs	Rpv12+1	24	-0.183700363175784	1	FALSE
MYB12	Vitvi07g00393	41_retained_homologs	Rpv12+1+3	0	-5.40800457510328	0.00416677423549172	TRUE
MYB12	Vitvi07g00393	41_retained_homologs	Rpv12+1+3	6	-3.33128982114454	0.0383335664494406	TRUE
MYB12	Vitvi07g00393	41_retained_homologs	Rpv12+1+3	24	-3.47944180704671	0.0340592014582161	TRUE
NAC21/22	Vitvi19g01484	41_retained_homologs	Rpv12	0	-1.62133432833304	0.525058662410204	TRUE
NAC21/22	Vitvi19g01484	41_retained_homologs	Rpv12	6	2.53302080173366	0.180128939171781	TRUE
NAC21/22	Vitvi19g01484	41_retained_homologs	Rpv12	24	0.212653727424431	1	FALSE
NAC21/22	Vitvi19g01484	41_retained_homologs	Rpv12+1	0	0.0626317071331742	1	FALSE
NAC21/22	Vitvi19g01484	41_retained_homologs	Rpv12+1	6	1.46993706503879	1	TRUE
NAC21/22	Vitvi19g01484	41_retained_homologs	Rpv12+1	24	1.53491021909583	0.725335935389634	TRUE
NAC21/22	Vitvi19g01484	41_retained_homologs	Rpv12+1+3	0	3.49290885213432	0.00441542870013881	TRUE
NAC21/22	Vitvi19g01484	41_retained_homologs	Rpv12+1+3	6	3.97084595425607	0.000514382044538015	TRUE
NAC21/22	Vitvi19g01484	41_retained_homologs	Rpv12+1+3	24	2.51712272714302	0.0797225371098478	TRUE
NAC29	Vitvi01g01038	41_retained_homologs	Rpv12	0	-0.701754374967945	1	FALSE
NAC29	Vitvi01g01038	41_retained_homologs	Rpv12	6	1.73338146755553	0.488778649336008	TRUE
NAC29	Vitvi01g01038	41_retained_homologs	Rpv12	24	-1.17270350700772	1	TRUE
NAC29	Vitvi01g01038	41_retained_homologs	Rpv12+1	0	2.21184895772315	0.047924049955603	TRUE
NAC29	Vitvi01g01038	41_retained_homologs	Rpv12+1	6	2.13160813946244	0.0935787598303544	TRUE
NAC29	Vitvi01g01038	41_retained_homologs	Rpv12+1	24	1.96608858345576	0.100335313581921	TRUE
NAC29	Vitvi01g01038	41_retained_homologs	Rpv12+1+3	0	3.14158057816406	3.24666371569599e-05	TRUE
NAC29	Vitvi01g01038	41_retained_homologs	Rpv12+1+3	6	2.73395157851427	0.000985410253324277	TRUE
NAC29	Vitvi01g01038	41_retained_homologs	Rpv12+1+3	24	2.24984644105876	0.01698990056047	TRUE
RGA4	Vitvi01g00407	AlphaFold_RGA4	Rpv12	0	-1.09509638481336	1	TRUE
RGA4	Vitvi01g00407	AlphaFold_RGA4	Rpv12	6	-0.965234044281029	1	FALSE
RGA4	Vitvi01g00407	AlphaFold_RGA4	Rpv12	24	-1.17801331411476	0.996757658086496	TRUE
RGA4	Vitvi01g00407	AlphaFold_RGA4	Rpv12+1	0	0.310690204547605	1	FALSE
RGA4	Vitvi01g00407	AlphaFold_RGA4	Rpv12+1	6	0.117541251737545	1	FALSE
RGA4	Vitvi01g00407	AlphaFold_RGA4	Rpv12+1	24	0.312136913906774	1	FALSE
RGA4	Vitvi01g00407	AlphaFold_RGA4	Rpv12+1+3	0	-0.943931229017176	1	FALSE
RGA4	Vitvi01g00407	AlphaFold_RGA4	Rpv12+1+3	6	-0.76402587247927	1	FALSE
RGA4	Vitvi01g00407	AlphaFold_RGA4	Rpv12+1+3	24	-0.817681694297177	1	FALSE
RGA4	Vitvi01g00463	AlphaFold_RGA4	Rpv12	0	-1.14946462443222	1	TRUE
RGA4	Vitvi01g00463	AlphaFold_RGA4	Rpv12	6	-2.26196127808887	0.209087058291084	TRUE
RGA4	Vitvi01g00463	AlphaFold_RGA4	Rpv12	24	-2.15879989311754	0.147803016253917	TRUE
RGA4	Vitvi01g00463	AlphaFold_RGA4	Rpv12+1	0	0.385421836805104	1	FALSE
RGA4	Vitvi01g00463	AlphaFold_RGA4	Rpv12+1	6	0.169437539199577	1	FALSE
RGA4	Vitvi01g00463	AlphaFold_RGA4	Rpv12+1	24	0.144730024563549	1	FALSE
RGA4	Vitvi01g00463	AlphaFold_RGA4	Rpv12+1+3	0	-4.23003974648541	5.64164911967034e-06	TRUE
RGA4	Vitvi01g00463	AlphaFold_RGA4	Rpv12+1+3	6	-4.16540806622957	7.34789625901884e-06	TRUE
RGA4	Vitvi01g00463	AlphaFold_RGA4	Rpv12+1+3	24	-2.43226979062135	0.0483541678908518	TRUE
RGA4	Vitvi01g00467	AlphaFold_RGA4	Rpv12	0	-1.18150936227424	0.77250482112185	TRUE
RGA4	Vitvi01g00467	AlphaFold_RGA4	Rpv12	6	-0.44916939720654	1	FALSE
RGA4	Vitvi01g00467	AlphaFold_RGA4	Rpv12	24	-0.0949878364865262	1	FALSE
RGA4	Vitvi01g00467	AlphaFold_RGA4	Rpv12+1	0	0.252596144363082	1	FALSE
RGA4	Vitvi01g00467	AlphaFold_RGA4	Rpv12+1	6	0.373735833180163	1	FALSE
RGA4	Vitvi01g00467	AlphaFold_RGA4	Rpv12+1	24	0.812923537693386	1	FALSE
RGA4	Vitvi01g00467	AlphaFold_RGA4	Rpv12+1+3	0	-1.20488338808085	0.786955235795251	TRUE
RGA4	Vitvi01g00467	AlphaFold_RGA4	Rpv12+1+3	6	-0.889054307464767	1	FALSE
RGA4	Vitvi01g00467	AlphaFold_RGA4	Rpv12+1+3	24	-0.360752554063675	1	FALSE
RGA4	Vitvi01g00596	AlphaFold_RGA4	Rpv12	0	-0.192042752643826	1	FALSE
RGA4	Vitvi01g00596	AlphaFold_RGA4	Rpv12	6	-0.327327757835499	1	FALSE
RGA4	Vitvi01g00596	AlphaFold_RGA4	Rpv12	24	-0.193853934647261	1	FALSE
RGA4	Vitvi01g00596	AlphaFold_RGA4	Rpv12+1	0	0.119749749362528	1	FALSE
RGA4	Vitvi01g00596	AlphaFold_RGA4	Rpv12+1	6	0.0197888912020649	1	FALSE
RGA4	Vitvi01g00596	AlphaFold_RGA4	Rpv12+1	24	-0.0692457483162325	1	FALSE
RGA4	Vitvi01g00596	AlphaFold_RGA4	Rpv12+1+3	0	-0.33653137916782	1	FALSE
RGA4	Vitvi01g00596	AlphaFold_RGA4	Rpv12+1+3	6	-0.224129613290417	1	FALSE
RGA4	Vitvi01g00596	AlphaFold_RGA4	Rpv12+1+3	24	-0.313078570626407	1	FALSE
RGA4	Vitvi01g00845	AlphaFold_RGA4	Rpv12	0	-1.38463816960633	0.530769732645588	TRUE
RGA4	Vitvi01g00845	AlphaFold_RGA4	Rpv12	6	-1.50172955986529	0.587449275210244	TRUE
RGA4	Vitvi01g00845	AlphaFold_RGA4	Rpv12	24	0.0662446419427072	1	FALSE
RGA4	Vitvi01g00845	AlphaFold_RGA4	Rpv12+1	0	0.467923776707633	1	FALSE
RGA4	Vitvi01g00845	AlphaFold_RGA4	Rpv12+1	6	0.719110759243566	1	FALSE
RGA4	Vitvi01g00845	AlphaFold_RGA4	Rpv12+1	24	1.18327178466688	1	TRUE
RGA4	Vitvi01g00845	AlphaFold_RGA4	Rpv12+1+3	0	-1.78152330353781	0.0788389427539275	TRUE
RGA4	Vitvi01g00845	AlphaFold_RGA4	Rpv12+1+3	6	-1.72413087728645	0.0799456362228378	TRUE
RGA4	Vitvi01g00845	AlphaFold_RGA4	Rpv12+1+3	24	-1.5294725905179	0.274247634741832	TRUE
RGA4	Vitvi01g01701	AlphaFold_RGA4	Rpv12	0	-1.55159789683172	0.0505058294402271	TRUE
RGA4	Vitvi01g01701	AlphaFold_RGA4	Rpv12	6	-1.84634762702058	0.00057538719766718	TRUE
RGA4	Vitvi01g01701	AlphaFold_RGA4	Rpv12	24	-2.3526213470246	6.41511100862847e-10	TRUE
RGA4	Vitvi01g01701	AlphaFold_RGA4	Rpv12+1	0	1.9002116472438	0.000258818904346106	TRUE
RGA4	Vitvi01g01701	AlphaFold_RGA4	Rpv12+1	6	0.19177295382548	1	FALSE
RGA4	Vitvi01g01701	AlphaFold_RGA4	Rpv12+1	24	0.105799522212532	1	FALSE
RGA4	Vitvi01g01701	AlphaFold_RGA4	Rpv12+1+3	0	-1.21020356057459	0.853561098767434	TRUE
RGA4	Vitvi01g01701	AlphaFold_RGA4	Rpv12+1+3	6	-1.78572158751857	0.00161419933600147	TRUE
RGA4	Vitvi01g01701	AlphaFold_RGA4	Rpv12+1+3	24	-1.14001426710364	1	TRUE
RGA4	Vitvi01g04052	AlphaFold_RGA4	Rpv12	0	-6.31929075823342	0.00346214474098951	TRUE
RGA4	Vitvi01g04052	AlphaFold_RGA4	Rpv12	6	-8.88078057359557	3.19587860428545e-05	TRUE
RGA4	Vitvi01g04052	AlphaFold_RGA4	Rpv12	24	-8.26324547474062	3.32665181676982e-06	TRUE
RGA4	Vitvi01g04052	AlphaFold_RGA4	Rpv12+1	0	2.22442077333092	0.426527403757245	TRUE
RGA4	Vitvi01g04052	AlphaFold_RGA4	Rpv12+1	6	0.133957450403802	1	FALSE
RGA4	Vitvi01g04052	AlphaFold_RGA4	Rpv12+1	24	0.122765846277581	1	FALSE
RGA4	Vitvi01g04052	AlphaFold_RGA4	Rpv12+1+3	0	-6.63496574586328	0.0020382987248735	TRUE
RGA4	Vitvi01g04052	AlphaFold_RGA4	Rpv12+1+3	6	-8.41575279597571	0.00013781189583093	TRUE
RGA4	Vitvi01g04052	AlphaFold_RGA4	Rpv12+1+3	24	-10.2586278940886	2.58932496885672e-07	TRUE
RGA4	Vitvi01g04115	AlphaFold_RGA4	Rpv12	0	-0.779156659759435	1	FALSE
RGA4	Vitvi01g04115	AlphaFold_RGA4	Rpv12	6	-3.99717797140304	0.0110416942023561	TRUE
RGA4	Vitvi01g04115	AlphaFold_RGA4	Rpv12	24	-2.28479912919694	0.274138659041182	TRUE
RGA4	Vitvi01g04115	AlphaFold_RGA4	Rpv12+1	0	0.783570100357786	1	FALSE
RGA4	Vitvi01g04115	AlphaFold_RGA4	Rpv12+1	6	0.0394511348582287	1	FALSE
RGA4	Vitvi01g04115	AlphaFold_RGA4	Rpv12+1	24	0.141831220601679	1	FALSE
RGA4	Vitvi01g04115	AlphaFold_RGA4	Rpv12+1+3	0	-6.04905373798637	5.61223749984899e-05	TRUE
RGA4	Vitvi01g04115	AlphaFold_RGA4	Rpv12+1+3	6	-8.23263989889855	2.60508403013545e-07	TRUE
RGA4	Vitvi01g04115	AlphaFold_RGA4	Rpv12+1+3	24	-5.39388843039124	2.39773988455571e-05	TRUE
RGA4	Vitvi02g04226	AlphaFold_RGA4	Rpv12	0	-3.59717213547838	0.000167657173917999	TRUE
RGA4	Vitvi02g04226	AlphaFold_RGA4	Rpv12	6	-0.120855408791199	1	FALSE
RGA4	Vitvi02g04226	AlphaFold_RGA4	Rpv12	24	-3.06270772695872	0.000372713652104394	TRUE
RGA4	Vitvi02g04226	AlphaFold_RGA4	Rpv12+1	0	0.777717745436092	1	FALSE
RGA4	Vitvi02g04226	AlphaFold_RGA4	Rpv12+1	6	2.46246873094822	0.0251252752159646	TRUE
RGA4	Vitvi02g04226	AlphaFold_RGA4	Rpv12+1	24	0.427408462262364	1	FALSE
RGA4	Vitvi02g04226	AlphaFold_RGA4	Rpv12+1+3	0	-1.24142630168952	1	TRUE
RGA4	Vitvi02g04226	AlphaFold_RGA4	Rpv12+1+3	6	-0.462902176452559	1	FALSE
RGA4	Vitvi02g04226	AlphaFold_RGA4	Rpv12+1+3	24	-2.79939079522872	0.00107490334582779	TRUE
RGA4	Vitvi03g00745	AlphaFold_RGA4	Rpv12	0	-7.35824670474058	0.00062973337084521	TRUE
RGA4	Vitvi03g00745	AlphaFold_RGA4	Rpv12	6	-3.03490353964302	0.196645157084112	TRUE
RGA4	Vitvi03g00745	AlphaFold_RGA4	Rpv12	24	-3.85770684339771	0.00871569005950422	TRUE
RGA4	Vitvi03g00745	AlphaFold_RGA4	Rpv12+1	0	0.176190767445313	1	FALSE
RGA4	Vitvi03g00745	AlphaFold_RGA4	Rpv12+1	6	0.18995329384087	1	FALSE
RGA4	Vitvi03g00745	AlphaFold_RGA4	Rpv12+1	24	-0.648708170563478	1	FALSE
RGA4	Vitvi03g00745	AlphaFold_RGA4	Rpv12+1+3	0	-7.66288226959775	0.000336314990057942	TRUE
RGA4	Vitvi03g00745	AlphaFold_RGA4	Rpv12+1+3	6	-7.01581876718571	0.00111595388280605	TRUE
RGA4	Vitvi03g00745	AlphaFold_RGA4	Rpv12+1+3	24	-8.41413104009244	2.19727711065647e-05	TRUE
RGA4	Vitvi03g00752	AlphaFold_RGA4	Rpv12	0	-2.41505991888591	0.150221599527732	TRUE
RGA4	Vitvi03g00752	AlphaFold_RGA4	Rpv12	6	-4.87241969936485	9.1008927363176e-06	TRUE
RGA4	Vitvi03g00752	AlphaFold_RGA4	Rpv12	24	-1.22197663263572	1	TRUE
RGA4	Vitvi03g00752	AlphaFold_RGA4	Rpv12+1	0	0.38252295448138	1	FALSE
RGA4	Vitvi03g00752	AlphaFold_RGA4	Rpv12+1	6	0.125059033535535	1	FALSE
RGA4	Vitvi03g00752	AlphaFold_RGA4	Rpv12+1	24	-0.756360946770418	1	FALSE
RGA4	Vitvi03g00752	AlphaFold_RGA4	Rpv12+1+3	0	-7.33532998951067	2.99116417421741e-13	TRUE
RGA4	Vitvi03g00752	AlphaFold_RGA4	Rpv12+1+3	6	-6.5797401298174	1.9127299173544e-10	TRUE
RGA4	Vitvi03g00752	AlphaFold_RGA4	Rpv12+1+3	24	-4.96527649708558	1.35946194062094e-06	TRUE
RGA4	Vitvi03g01649	AlphaFold_RGA4	Rpv12	0	-6.01703860197798	0.00949063580805371	TRUE
RGA4	Vitvi03g01649	AlphaFold_RGA4	Rpv12	6	-6.50679743871962	0.00666293246789434	TRUE
RGA4	Vitvi03g01649	AlphaFold_RGA4	Rpv12	24	-3.66325768364797	0.0112281717567989	TRUE
RGA4	Vitvi03g01649	AlphaFold_RGA4	Rpv12+1	0	0.827905425361672	1	FALSE
RGA4	Vitvi03g01649	AlphaFold_RGA4	Rpv12+1	6	0.27581666626913	1	FALSE
RGA4	Vitvi03g01649	AlphaFold_RGA4	Rpv12+1	24	-1.11531779287001	1	FALSE
RGA4	Vitvi03g01649	AlphaFold_RGA4	Rpv12+1+3	0	-6.33403442259674	0.00597467773910038	TRUE
RGA4	Vitvi03g01649	AlphaFold_RGA4	Rpv12+1+3	6	-6.74564046500159	0.00209519434280328	TRUE
RGA4	Vitvi03g01649	AlphaFold_RGA4	Rpv12+1+3	24	-5.68015155843751	0.000669517624383796	TRUE
RGA4	Vitvi04g00646	AlphaFold_RGA4	Rpv12	0	-6.27442603883616	0.00287870094614681	TRUE
RGA4	Vitvi04g00646	AlphaFold_RGA4	Rpv12	6	-2.02066252668796	0.512138751073904	TRUE
RGA4	Vitvi04g00646	AlphaFold_RGA4	Rpv12	24	-0.486138763940945	1	FALSE
RGA4	Vitvi04g00646	AlphaFold_RGA4	Rpv12+1	0	0.959458356250043	1	FALSE
RGA4	Vitvi04g00646	AlphaFold_RGA4	Rpv12+1	6	-0.0146425070405819	1	FALSE
RGA4	Vitvi04g00646	AlphaFold_RGA4	Rpv12+1	24	0.0732328984067076	1	FALSE
RGA4	Vitvi04g00646	AlphaFold_RGA4	Rpv12+1+3	0	-6.58706592039513	0.00167360144866965	TRUE
RGA4	Vitvi04g00646	AlphaFold_RGA4	Rpv12+1+3	6	-7.13945907073363	0.000721672644731258	TRUE
RGA4	Vitvi04g00646	AlphaFold_RGA4	Rpv12+1+3	24	-8.79852666473851	4.2301583722345e-06	TRUE
RGA4	Vitvi04g04010	AlphaFold_RGA4	Rpv12	0	-10.1744862146059	3.71498728721129e-08	TRUE
RGA4	Vitvi04g04010	AlphaFold_RGA4	Rpv12	6	-11.2491219913123	8.34429413991647e-10	TRUE
RGA4	Vitvi04g04010	AlphaFold_RGA4	Rpv12	24	-12.2838172587158	1.10136762500594e-15	TRUE
RGA4	Vitvi04g04010	AlphaFold_RGA4	Rpv12+1	0	0.804074034993927	1	FALSE
RGA4	Vitvi04g04010	AlphaFold_RGA4	Rpv12+1	6	-0.0525023790413852	1	FALSE
RGA4	Vitvi04g04010	AlphaFold_RGA4	Rpv12+1	24	-2.96918614520207	0.00379485258864337	TRUE
RGA4	Vitvi04g04010	AlphaFold_RGA4	Rpv12+1+3	0	-10.4621214157012	1.22802710934229e-08	TRUE
RGA4	Vitvi04g04010	AlphaFold_RGA4	Rpv12+1+3	6	-10.9189688567611	8.86583415710437e-09	TRUE
RGA4	Vitvi04g04010	AlphaFold_RGA4	Rpv12+1+3	24	-14.728255606325	7.36312402726836e-18	TRUE
RGA4	Vitvi04g04011	AlphaFold_RGA4	Rpv12	0	-5.30265946965738	7.68550299500867e-08	TRUE
RGA4	Vitvi04g04011	AlphaFold_RGA4	Rpv12	6	-8.22434299815117	1.67367334338207e-16	TRUE
RGA4	Vitvi04g04011	AlphaFold_RGA4	Rpv12	24	-9.66788509499914	3.03997269933034e-35	TRUE
RGA4	Vitvi04g04011	AlphaFold_RGA4	Rpv12+1	0	1.14567168659242	1	TRUE
RGA4	Vitvi04g04011	AlphaFold_RGA4	Rpv12+1	6	-0.192808384462361	1	FALSE
RGA4	Vitvi04g04011	AlphaFold_RGA4	Rpv12+1	24	-2.54022639323055	0.0376503394755874	TRUE
RGA4	Vitvi04g04011	AlphaFold_RGA4	Rpv12+1+3	0	-11.9106129017709	5.93181513041118e-11	TRUE
RGA4	Vitvi04g04011	AlphaFold_RGA4	Rpv12+1+3	6	-8.88736651042685	9.60827677984421e-13	TRUE
RGA4	Vitvi04g04011	AlphaFold_RGA4	Rpv12+1+3	24	-10.2822578765536	4.85647502032677e-35	TRUE
RGA4	Vitvi05g04527	AlphaFold_RGA4	Rpv12	0	-2.41014088332297	0.170061767338967	TRUE
RGA4	Vitvi05g04527	AlphaFold_RGA4	Rpv12	6	-1.51017749031885	1	TRUE
RGA4	Vitvi05g04527	AlphaFold_RGA4	Rpv12	24	-1.6156535437697	0.600080416686371	TRUE
RGA4	Vitvi05g04527	AlphaFold_RGA4	Rpv12+1	0	1.63216240800025	0.590538088598649	TRUE
RGA4	Vitvi05g04527	AlphaFold_RGA4	Rpv12+1	6	1.79255482173287	0.563132901293436	TRUE
RGA4	Vitvi05g04527	AlphaFold_RGA4	Rpv12+1	24	1.22578059517687	1	TRUE
RGA4	Vitvi05g04527	AlphaFold_RGA4	Rpv12+1+3	0	-3.00013286106797	0.0752347606904179	TRUE
RGA4	Vitvi05g04527	AlphaFold_RGA4	Rpv12+1+3	6	-3.6990181304559	0.0112367405252159	TRUE
RGA4	Vitvi05g04527	AlphaFold_RGA4	Rpv12+1+3	24	-5.47027015428489	0.000335014476445821	TRUE
RGA4	Vitvi06g01255	AlphaFold_RGA4	Rpv12	0	-0.933707187857707	1	FALSE
RGA4	Vitvi06g01255	AlphaFold_RGA4	Rpv12	6	-1.30663717685895	1	TRUE
RGA4	Vitvi06g01255	AlphaFold_RGA4	Rpv12	24	-1.66803444442323	0.602027469035456	TRUE
RGA4	Vitvi06g01255	AlphaFold_RGA4	Rpv12+1	0	2.70577881197512	0.0494388037055145	TRUE
RGA4	Vitvi06g01255	AlphaFold_RGA4	Rpv12+1	6	0.437258293183918	1	FALSE
RGA4	Vitvi06g01255	AlphaFold_RGA4	Rpv12+1	24	-0.0858351599577668	1	FALSE
RGA4	Vitvi06g01255	AlphaFold_RGA4	Rpv12+1+3	0	-0.7994327987378	1	FALSE
RGA4	Vitvi06g01255	AlphaFold_RGA4	Rpv12+1+3	6	-0.667264909133033	1	FALSE
RGA4	Vitvi06g01255	AlphaFold_RGA4	Rpv12+1+3	24	-2.55661005618853	0.0472205305656966	TRUE
RGA4	Vitvi06g01946	AlphaFold_RGA4	Rpv12	0	-0.258951892672835	1	FALSE
RGA4	Vitvi06g01946	AlphaFold_RGA4	Rpv12	6	-0.436550505658587	1	FALSE
RGA4	Vitvi06g01946	AlphaFold_RGA4	Rpv12	24	-0.820339832798095	1	FALSE
RGA4	Vitvi06g01946	AlphaFold_RGA4	Rpv12+1	0	1.21198850095228	0.88476047355935	TRUE
RGA4	Vitvi06g01946	AlphaFold_RGA4	Rpv12+1	6	0.126199970345676	1	FALSE
RGA4	Vitvi06g01946	AlphaFold_RGA4	Rpv12+1	24	-0.316583330994656	1	FALSE
RGA4	Vitvi06g01946	AlphaFold_RGA4	Rpv12+1+3	0	-0.463670485354764	1	FALSE
RGA4	Vitvi06g01946	AlphaFold_RGA4	Rpv12+1+3	6	-0.519694522206222	1	FALSE
RGA4	Vitvi06g01946	AlphaFold_RGA4	Rpv12+1+3	24	-1.09844628209659	1	TRUE
RGA4	Vitvi06g04118	AlphaFold_RGA4	Rpv12	0	-6.49472788674461	0.00216739612193986	TRUE
RGA4	Vitvi06g04118	AlphaFold_RGA4	Rpv12	6	-4.36383835378449	0.0583272633555534	TRUE
RGA4	Vitvi06g04118	AlphaFold_RGA4	Rpv12	24	-8.15192627806264	3.25996793110219e-05	TRUE
RGA4	Vitvi06g04118	AlphaFold_RGA4	Rpv12+1	0	0.189957405900292	1	FALSE
RGA4	Vitvi06g04118	AlphaFold_RGA4	Rpv12+1	6	0.0622977189527511	1	FALSE
RGA4	Vitvi06g04118	AlphaFold_RGA4	Rpv12+1	24	-0.590074349970262	1	FALSE
RGA4	Vitvi06g04118	AlphaFold_RGA4	Rpv12+1+3	0	-6.80532062659079	0.00121360360702341	TRUE
RGA4	Vitvi06g04118	AlphaFold_RGA4	Rpv12+1+3	6	-6.31257545239341	0.00303341778848838	TRUE
RGA4	Vitvi06g04118	AlphaFold_RGA4	Rpv12+1+3	24	-8.26175427438264	1.64091994302705e-05	TRUE
RGA4	Vitvi06g04121	AlphaFold_RGA4	Rpv12	0	-8.94685512529196	1.57205758387002e-06	TRUE
RGA4	Vitvi06g04121	AlphaFold_RGA4	Rpv12	6	-7.07301818209515	2.90493887327934e-05	TRUE
RGA4	Vitvi06g04121	AlphaFold_RGA4	Rpv12	24	-9.81884059797141	4.18254095631316e-08	TRUE
RGA4	Vitvi06g04121	AlphaFold_RGA4	Rpv12+1	0	0.187803135081055	1	FALSE
RGA4	Vitvi06g04121	AlphaFold_RGA4	Rpv12+1	6	0.0329864086450454	1	FALSE
RGA4	Vitvi06g04121	AlphaFold_RGA4	Rpv12+1	24	-0.254891438652041	1	FALSE
RGA4	Vitvi06g04121	AlphaFold_RGA4	Rpv12+1+3	0	-9.23909449008772	5.73228513448186e-07	TRUE
RGA4	Vitvi06g04121	AlphaFold_RGA4	Rpv12+1+3	6	-7.32579639958508	8.20784000588398e-06	TRUE
RGA4	Vitvi06g04121	AlphaFold_RGA4	Rpv12+1+3	24	-7.27177322183465	3.12520003730988e-07	TRUE
RGA4	Vitvi08g01185	AlphaFold_RGA4	Rpv12	0	-2.09771744441778	0.0282904455204161	TRUE
RGA4	Vitvi08g01185	AlphaFold_RGA4	Rpv12	6	-1.69266194194328	0.363425420908728	TRUE
RGA4	Vitvi08g01185	AlphaFold_RGA4	Rpv12	24	-1.12024497545935	1	TRUE
RGA4	Vitvi08g01185	AlphaFold_RGA4	Rpv12+1	0	-0.441396235758737	1	FALSE
RGA4	Vitvi08g01185	AlphaFold_RGA4	Rpv12+1	6	0.271892897355748	1	FALSE
RGA4	Vitvi08g01185	AlphaFold_RGA4	Rpv12+1	24	0.32460675568273	1	FALSE
RGA4	Vitvi08g01185	AlphaFold_RGA4	Rpv12+1+3	0	-2.89858879482092	7.51441855956249e-05	TRUE
RGA4	Vitvi08g01185	AlphaFold_RGA4	Rpv12+1+3	6	-2.16251281766812	0.0122109750213953	TRUE
RGA4	Vitvi08g01185	AlphaFold_RGA4	Rpv12+1+3	24	-1.98358218035358	0.0340592014582161	TRUE
RGA4	Vitvi08g02166	AlphaFold_RGA4	Rpv12	0	-0.449468115525583	1	FALSE
RGA4	Vitvi08g02166	AlphaFold_RGA4	Rpv12	6	-5.34675719163372	5.81667444137571e-05	TRUE
RGA4	Vitvi08g02166	AlphaFold_RGA4	Rpv12	24	-2.78489879013309	0.0899548484170381	TRUE
RGA4	Vitvi08g02166	AlphaFold_RGA4	Rpv12+1	0	1.84656845971418	0.510319785805212	TRUE
RGA4	Vitvi08g02166	AlphaFold_RGA4	Rpv12+1	6	0.0648996307215954	1	FALSE
RGA4	Vitvi08g02166	AlphaFold_RGA4	Rpv12+1	24	1.81360126542942	0.546861537281908	TRUE
RGA4	Vitvi08g02166	AlphaFold_RGA4	Rpv12+1+3	0	-7.14672498374629	0.000758646848478949	TRUE
RGA4	Vitvi08g02166	AlphaFold_RGA4	Rpv12+1+3	6	-9.24366986958393	1.1060927172745e-05	TRUE
RGA4	Vitvi08g02166	AlphaFold_RGA4	Rpv12+1+3	24	-3.00674705611577	0.058981021830163	TRUE
RGA4	Vitvi08g02238	AlphaFold_RGA4	Rpv12	0	-1.64404131957554	0.0507346014948846	TRUE
RGA4	Vitvi08g02238	AlphaFold_RGA4	Rpv12	6	-0.983379082926472	1	FALSE
RGA4	Vitvi08g02238	AlphaFold_RGA4	Rpv12	24	-0.132897757793976	1	FALSE
RGA4	Vitvi08g02238	AlphaFold_RGA4	Rpv12+1	0	-0.0620625187272827	1	FALSE
RGA4	Vitvi08g02238	AlphaFold_RGA4	Rpv12+1	6	0.0963144367633384	1	FALSE
RGA4	Vitvi08g02238	AlphaFold_RGA4	Rpv12+1	24	-0.110548951417372	1	FALSE
RGA4	Vitvi08g02238	AlphaFold_RGA4	Rpv12+1+3	0	-2.29432965674375	2.8785188827742e-06	TRUE
RGA4	Vitvi08g02238	AlphaFold_RGA4	Rpv12+1+3	6	-2.14090732580216	4.81211238685122e-05	TRUE
RGA4	Vitvi08g02238	AlphaFold_RGA4	Rpv12+1+3	24	-1.89793544478207	0.000952603916969957	TRUE
RGA4	Vitvi08g02383	AlphaFold_RGA4	Rpv12	0	-0.707008070344716	1	FALSE
RGA4	Vitvi08g02383	AlphaFold_RGA4	Rpv12	6	-1.97006800375929	0.366050420229803	TRUE
RGA4	Vitvi08g02383	AlphaFold_RGA4	Rpv12	24	-0.193057629086316	1	FALSE
RGA4	Vitvi08g02383	AlphaFold_RGA4	Rpv12+1	0	1.99630504240098	0.227776240567149	TRUE
RGA4	Vitvi08g02383	AlphaFold_RGA4	Rpv12+1	6	0.305365842911478	1	FALSE
RGA4	Vitvi08g02383	AlphaFold_RGA4	Rpv12+1	24	1.69242945859141	0.481032885764499	TRUE
RGA4	Vitvi08g02383	AlphaFold_RGA4	Rpv12+1+3	0	-1.03623330261692	1	TRUE
RGA4	Vitvi08g02383	AlphaFold_RGA4	Rpv12+1+3	6	-1.94946283672337	0.19234509221643	TRUE
RGA4	Vitvi08g02383	AlphaFold_RGA4	Rpv12+1+3	24	-1.51068499962202	0.606974156509825	TRUE
RGA4	Vitvi08g04277	AlphaFold_RGA4	Rpv12	0	-2.15884901423615	0.00695166090411036	TRUE
RGA4	Vitvi08g04277	AlphaFold_RGA4	Rpv12	6	-0.939956660196923	1	FALSE
RGA4	Vitvi08g04277	AlphaFold_RGA4	Rpv12	24	0.694357283576625	1	FALSE
RGA4	Vitvi08g04277	AlphaFold_RGA4	Rpv12+1	0	0.084939634411398	1	FALSE
RGA4	Vitvi08g04277	AlphaFold_RGA4	Rpv12+1	6	0.198899793946975	1	FALSE
RGA4	Vitvi08g04277	AlphaFold_RGA4	Rpv12+1	24	0.331906283927764	1	FALSE
RGA4	Vitvi08g04277	AlphaFold_RGA4	Rpv12+1+3	0	-3.19102680228035	9.75073684570409e-09	TRUE
RGA4	Vitvi08g04277	AlphaFold_RGA4	Rpv12+1+3	6	-3.04006256209335	1.15831781639041e-07	TRUE
RGA4	Vitvi08g04277	AlphaFold_RGA4	Rpv12+1+3	24	-2.13397627700454	0.00371075013345771	TRUE
RGA4	Vitvi09g00412	AlphaFold_RGA4	Rpv12	0	-0.295892305412433	1	FALSE
RGA4	Vitvi09g00412	AlphaFold_RGA4	Rpv12	6	-0.736379248164456	1	FALSE
RGA4	Vitvi09g00412	AlphaFold_RGA4	Rpv12	24	-0.472173056758463	1	FALSE
RGA4	Vitvi09g00412	AlphaFold_RGA4	Rpv12+1	0	1.12301021553691	1	TRUE
RGA4	Vitvi09g00412	AlphaFold_RGA4	Rpv12+1	6	0.291306065749911	1	FALSE
RGA4	Vitvi09g00412	AlphaFold_RGA4	Rpv12+1	24	0.385741365851621	1	FALSE
RGA4	Vitvi09g00412	AlphaFold_RGA4	Rpv12+1+3	0	-0.148271128244181	1	FALSE
RGA4	Vitvi09g00412	AlphaFold_RGA4	Rpv12+1+3	6	-0.766570461939006	1	FALSE
RGA4	Vitvi09g00412	AlphaFold_RGA4	Rpv12+1+3	24	-0.749658703133831	1	FALSE
RGA4	Vitvi09g00570	AlphaFold_RGA4	Rpv12	0	-1.15045355666244	0.873826718369789	TRUE
RGA4	Vitvi09g00570	AlphaFold_RGA4	Rpv12	6	-0.831262772406931	1	FALSE
RGA4	Vitvi09g00570	AlphaFold_RGA4	Rpv12	24	-1.01020694830924	1	TRUE
RGA4	Vitvi09g00570	AlphaFold_RGA4	Rpv12+1	0	-0.384364578468518	1	FALSE
RGA4	Vitvi09g00570	AlphaFold_RGA4	Rpv12+1	6	0.108855090242306	1	FALSE
RGA4	Vitvi09g00570	AlphaFold_RGA4	Rpv12+1	24	0.0829440003367103	1	FALSE
RGA4	Vitvi09g00570	AlphaFold_RGA4	Rpv12+1+3	0	-1.07134815079695	1	TRUE
RGA4	Vitvi09g00570	AlphaFold_RGA4	Rpv12+1+3	6	-0.930621067369325	1	FALSE
RGA4	Vitvi09g00570	AlphaFold_RGA4	Rpv12+1+3	24	-1.0813545761895	1	TRUE
RGA4	Vitvi09g00867	AlphaFold_RGA4	Rpv12	0	-1.48086801326912	0.634638509332021	TRUE
RGA4	Vitvi09g00867	AlphaFold_RGA4	Rpv12	6	-4.21167634108597	2.46862028154009e-05	TRUE
RGA4	Vitvi09g00867	AlphaFold_RGA4	Rpv12	24	-2.75313239885637	0.00935041538704992	TRUE
RGA4	Vitvi09g00867	AlphaFold_RGA4	Rpv12+1	0	0.183858436073616	1	FALSE
RGA4	Vitvi09g00867	AlphaFold_RGA4	Rpv12+1	6	-0.243046139347942	1	FALSE
RGA4	Vitvi09g00867	AlphaFold_RGA4	Rpv12+1	24	-0.559499652886981	1	FALSE
RGA4	Vitvi09g00867	AlphaFold_RGA4	Rpv12+1+3	0	-9.6855301369698	1.9799542416761e-07	TRUE
RGA4	Vitvi09g00867	AlphaFold_RGA4	Rpv12+1+3	6	-6.57882246960118	1.09670247679661e-05	TRUE
RGA4	Vitvi09g00867	AlphaFold_RGA4	Rpv12+1+3	24	-6.91595393823223	3.60153486166177e-08	TRUE
RGA4	Vitvi09g01764	AlphaFold_RGA4	Rpv12	0	-2.29242403196808	0.166092049336239	TRUE
RGA4	Vitvi09g01764	AlphaFold_RGA4	Rpv12	6	-3.49543204814497	0.0136427044106102	TRUE
RGA4	Vitvi09g01764	AlphaFold_RGA4	Rpv12	24	-4.50879896166865	0.000964864251524771	TRUE
RGA4	Vitvi09g01764	AlphaFold_RGA4	Rpv12+1	0	0.148005050209318	1	FALSE
RGA4	Vitvi09g01764	AlphaFold_RGA4	Rpv12+1	6	-0.222541963933802	1	FALSE
RGA4	Vitvi09g01764	AlphaFold_RGA4	Rpv12+1	24	-0.890543443415326	1	FALSE
RGA4	Vitvi09g01764	AlphaFold_RGA4	Rpv12+1+3	0	-7.9176663640746	8.10882182404118e-05	TRUE
RGA4	Vitvi09g01764	AlphaFold_RGA4	Rpv12+1+3	6	-8.09534843080301	5.21127894676672e-05	TRUE
RGA4	Vitvi09g01764	AlphaFold_RGA4	Rpv12+1+3	24	-5.44436589746171	0.000894415150931339	TRUE
RGA4	Vitvi09g04121	AlphaFold_RGA4	Rpv12	0	-1.66643631431348	0.367181587768737	TRUE
RGA4	Vitvi09g04121	AlphaFold_RGA4	Rpv12	6	-1.2051771718946	1	TRUE
RGA4	Vitvi09g04121	AlphaFold_RGA4	Rpv12	24	-0.249980391341877	1	FALSE
RGA4	Vitvi09g04121	AlphaFold_RGA4	Rpv12+1	0	0.438160157285068	1	FALSE
RGA4	Vitvi09g04121	AlphaFold_RGA4	Rpv12+1	6	0.0269173267040821	1	FALSE
RGA4	Vitvi09g04121	AlphaFold_RGA4	Rpv12+1	24	0.225294868559583	1	FALSE
RGA4	Vitvi09g04121	AlphaFold_RGA4	Rpv12+1+3	0	-1.55319641982299	0.548440958831271	TRUE
RGA4	Vitvi09g04121	AlphaFold_RGA4	Rpv12+1+3	6	-1.72827005165894	0.277163032807987	TRUE
RGA4	Vitvi09g04121	AlphaFold_RGA4	Rpv12+1+3	24	-1.81484845175886	0.233682141286857	TRUE
RGA4	Vitvi09g04122	AlphaFold_RGA4	Rpv12	0	-0.727302023943574	1	FALSE
RGA4	Vitvi09g04122	AlphaFold_RGA4	Rpv12	6	-1.66497247755106	0.574486303648974	TRUE
RGA4	Vitvi09g04122	AlphaFold_RGA4	Rpv12	24	-0.269574420031375	1	FALSE
RGA4	Vitvi09g04122	AlphaFold_RGA4	Rpv12+1	0	0.70017081713175	1	FALSE
RGA4	Vitvi09g04122	AlphaFold_RGA4	Rpv12+1	6	-0.199750363008122	1	FALSE
RGA4	Vitvi09g04122	AlphaFold_RGA4	Rpv12+1	24	0.464824740470322	1	FALSE
RGA4	Vitvi09g04122	AlphaFold_RGA4	Rpv12+1+3	0	-1.02195398828983	1	TRUE
RGA4	Vitvi09g04122	AlphaFold_RGA4	Rpv12+1+3	6	-1.86865715532636	0.136522621526738	TRUE
RGA4	Vitvi09g04122	AlphaFold_RGA4	Rpv12+1+3	24	-1.43567485182839	0.669584249967495	TRUE
RGA4	Vitvi09g04280	AlphaFold_RGA4	Rpv12	0	-7.42013241514962	0.000181126822857789	TRUE
RGA4	Vitvi09g04280	AlphaFold_RGA4	Rpv12	6	-8.74377176749173	5.14137735887907e-06	TRUE
RGA4	Vitvi09g04280	AlphaFold_RGA4	Rpv12	24	-8.17470254627355	2.00477948386984e-05	TRUE
RGA4	Vitvi09g04280	AlphaFold_RGA4	Rpv12+1	0	0.293323082696601	1	FALSE
RGA4	Vitvi09g04280	AlphaFold_RGA4	Rpv12+1	6	-0.316292533727027	1	FALSE
RGA4	Vitvi09g04280	AlphaFold_RGA4	Rpv12+1	24	-0.0657826195216082	1	FALSE
RGA4	Vitvi09g04280	AlphaFold_RGA4	Rpv12+1+3	0	-7.72102769038159	8.30302649280287e-05	TRUE
RGA4	Vitvi09g04280	AlphaFold_RGA4	Rpv12+1+3	6	-8.5837188405695	9.19805439491544e-06	TRUE
RGA4	Vitvi09g04280	AlphaFold_RGA4	Rpv12+1+3	24	-8.09054238075625	2.01872456193792e-05	TRUE
RGA4	Vitvi09g04286	AlphaFold_RGA4	Rpv12	0	-4.78592304981586	0.0132513038681309	TRUE
RGA4	Vitvi09g04286	AlphaFold_RGA4	Rpv12	6	-8.13920067365343	6.29958960652456e-05	TRUE
RGA4	Vitvi09g04286	AlphaFold_RGA4	Rpv12	24	-6.13092342048787	0.00488790490284992	TRUE
RGA4	Vitvi09g04286	AlphaFold_RGA4	Rpv12+1	0	0.238549267276257	1	FALSE
RGA4	Vitvi09g04286	AlphaFold_RGA4	Rpv12+1	6	-0.077049957496277	1	FALSE
RGA4	Vitvi09g04286	AlphaFold_RGA4	Rpv12+1	24	0.128085164146714	1	FALSE
RGA4	Vitvi09g04286	AlphaFold_RGA4	Rpv12+1+3	0	-7.06953239629499	0.000765064820868473	TRUE
RGA4	Vitvi09g04286	AlphaFold_RGA4	Rpv12+1+3	6	-8.15382622889391	5.23646836480959e-05	TRUE
RGA4	Vitvi09g04286	AlphaFold_RGA4	Rpv12+1+3	24	-6.27756916286453	0.00305737916538118	TRUE
RGA4	Vitvi10g00196	AlphaFold_RGA4	Rpv12	0	-1.97075048931529	0.0204713145954665	TRUE
RGA4	Vitvi10g00196	AlphaFold_RGA4	Rpv12	6	-1.05704992545925	1	TRUE
RGA4	Vitvi10g00196	AlphaFold_RGA4	Rpv12	24	-0.761220122491675	1	FALSE
RGA4	Vitvi10g00196	AlphaFold_RGA4	Rpv12+1	0	-0.143248439470208	1	FALSE
RGA4	Vitvi10g00196	AlphaFold_RGA4	Rpv12+1	6	-0.337273910674448	1	FALSE
RGA4	Vitvi10g00196	AlphaFold_RGA4	Rpv12+1	24	-0.719530607831292	1	FALSE
RGA4	Vitvi10g00196	AlphaFold_RGA4	Rpv12+1+3	0	-1.98571414627896	0.0176043763482444	TRUE
RGA4	Vitvi10g00196	AlphaFold_RGA4	Rpv12+1+3	6	-1.9980319677118	0.0127381576789096	TRUE
RGA4	Vitvi10g00196	AlphaFold_RGA4	Rpv12+1+3	24	-2.84649407159252	4.93541258385448e-08	TRUE
RGA4	Vitvi10g00984	AlphaFold_RGA4	Rpv12	0	-2.22475715117913	0.0351152988502555	TRUE
RGA4	Vitvi10g00984	AlphaFold_RGA4	Rpv12	6	-1.61877758902156	0.681388555788447	TRUE
RGA4	Vitvi10g00984	AlphaFold_RGA4	Rpv12	24	-1.55564243664011	0.50655861005994	TRUE
RGA4	Vitvi10g00984	AlphaFold_RGA4	Rpv12+1	0	0.174251796597526	1	FALSE
RGA4	Vitvi10g00984	AlphaFold_RGA4	Rpv12+1	6	-0.239301701266214	1	FALSE
RGA4	Vitvi10g00984	AlphaFold_RGA4	Rpv12+1	24	-1.19242857212437	1	TRUE
RGA4	Vitvi10g00984	AlphaFold_RGA4	Rpv12+1+3	0	-2.9822332950951	0.000321891125103926	TRUE
RGA4	Vitvi10g00984	AlphaFold_RGA4	Rpv12+1+3	6	-2.83929222869373	0.000581486807407365	TRUE
RGA4	Vitvi10g00984	AlphaFold_RGA4	Rpv12+1+3	24	-3.52749764584958	4.95805002286976e-08	TRUE
RGA4	Vitvi10g04063	AlphaFold_RGA4	Rpv12	0	-3.99227860465928	0.00739062975033831	TRUE
RGA4	Vitvi10g04063	AlphaFold_RGA4	Rpv12	6	-0.455998031776482	1	FALSE
RGA4	Vitvi10g04063	AlphaFold_RGA4	Rpv12	24	-0.0657207122990894	1	FALSE
RGA4	Vitvi10g04063	AlphaFold_RGA4	Rpv12+1	0	0.0744452363032984	1	FALSE
RGA4	Vitvi10g04063	AlphaFold_RGA4	Rpv12+1	6	0.125784013207038	1	FALSE
RGA4	Vitvi10g04063	AlphaFold_RGA4	Rpv12+1	24	0.0484871264677624	1	FALSE
RGA4	Vitvi10g04063	AlphaFold_RGA4	Rpv12+1+3	0	-4.20796678961383	0.00349555481538587	TRUE
RGA4	Vitvi10g04063	AlphaFold_RGA4	Rpv12+1+3	6	-3.95442850582934	0.00399764523966526	TRUE
RGA4	Vitvi10g04063	AlphaFold_RGA4	Rpv12+1+3	24	-3.10270651355001	0.0182809814799857	TRUE
RGA4	Vitvi10g04504	AlphaFold_RGA4	Rpv12	0	-1.65206693535221	0.259690686816473	TRUE
RGA4	Vitvi10g04504	AlphaFold_RGA4	Rpv12	6	-0.962893518989921	1	FALSE
RGA4	Vitvi10g04504	AlphaFold_RGA4	Rpv12	24	-0.585607619411619	1	FALSE
RGA4	Vitvi10g04504	AlphaFold_RGA4	Rpv12+1	0	0.726389224033466	1	FALSE
RGA4	Vitvi10g04504	AlphaFold_RGA4	Rpv12+1	6	0.0852927157872722	1	FALSE
RGA4	Vitvi10g04504	AlphaFold_RGA4	Rpv12+1	24	0.0341340558644423	1	FALSE
RGA4	Vitvi10g04504	AlphaFold_RGA4	Rpv12+1+3	0	-3.78645435341855	1.19740616191799e-07	TRUE
RGA4	Vitvi10g04504	AlphaFold_RGA4	Rpv12+1+3	6	-2.98517936836715	3.72513681422649e-05	TRUE
RGA4	Vitvi10g04504	AlphaFold_RGA4	Rpv12+1+3	24	-2.52006664885057	0.000283495965552934	TRUE
RGA4	Vitvi11g00217	AlphaFold_RGA4	Rpv12	0	-2.01286347631047	0.024488141947286	TRUE
RGA4	Vitvi11g00217	AlphaFold_RGA4	Rpv12	6	-1.33563014724405	1	TRUE
RGA4	Vitvi11g00217	AlphaFold_RGA4	Rpv12	24	-0.775043025889082	1	FALSE
RGA4	Vitvi11g00217	AlphaFold_RGA4	Rpv12+1	0	0.140038592479685	1	FALSE
RGA4	Vitvi11g00217	AlphaFold_RGA4	Rpv12+1	6	-0.174131575897132	1	FALSE
RGA4	Vitvi11g00217	AlphaFold_RGA4	Rpv12+1	24	-0.601216947270383	1	FALSE
RGA4	Vitvi11g00217	AlphaFold_RGA4	Rpv12+1+3	0	-4.22335702339247	4.59671609570856e-13	TRUE
RGA4	Vitvi11g00217	AlphaFold_RGA4	Rpv12+1+3	6	-4.05934491664601	5.21755044893904e-13	TRUE
RGA4	Vitvi11g00217	AlphaFold_RGA4	Rpv12+1+3	24	-4.00837634598912	1.03334126317448e-16	TRUE
RGA4	Vitvi11g00286	AlphaFold_RGA4	Rpv12	0	-0.330553215769238	1	FALSE
RGA4	Vitvi11g00286	AlphaFold_RGA4	Rpv12	6	-1.93989606232943	0.0446392664683382	TRUE
RGA4	Vitvi11g00286	AlphaFold_RGA4	Rpv12	24	0.524892752138727	1	FALSE
RGA4	Vitvi11g00286	AlphaFold_RGA4	Rpv12+1	0	1.74902876277717	0.138399584957738	TRUE
RGA4	Vitvi11g00286	AlphaFold_RGA4	Rpv12+1	6	0.285833863151031	1	FALSE
RGA4	Vitvi11g00286	AlphaFold_RGA4	Rpv12+1	24	1.11204846213673	1	TRUE
RGA4	Vitvi11g00286	AlphaFold_RGA4	Rpv12+1+3	0	-4.88102224108216	2.69419709420373e-17	TRUE
RGA4	Vitvi11g00286	AlphaFold_RGA4	Rpv12+1+3	6	-5.16320961797451	2.19988331349242e-23	TRUE
RGA4	Vitvi11g00286	AlphaFold_RGA4	Rpv12+1+3	24	-3.21799377392633	9.1815006133619e-10	TRUE
RGA4	Vitvi12g00261	AlphaFold_RGA4	Rpv12	0	-0.566815266993856	1	FALSE
RGA4	Vitvi12g00261	AlphaFold_RGA4	Rpv12	6	-0.390525182327474	1	FALSE
RGA4	Vitvi12g00261	AlphaFold_RGA4	Rpv12	24	-1.34731828725021	0.963088894485834	TRUE
RGA4	Vitvi12g00261	AlphaFold_RGA4	Rpv12+1	0	0.779837793393034	1	FALSE
RGA4	Vitvi12g00261	AlphaFold_RGA4	Rpv12+1	6	0.167699480258165	1	FALSE
RGA4	Vitvi12g00261	AlphaFold_RGA4	Rpv12+1	24	0.0797622681171294	1	FALSE
RGA4	Vitvi12g00261	AlphaFold_RGA4	Rpv12+1+3	0	-0.686009026747074	1	FALSE
RGA4	Vitvi12g00261	AlphaFold_RGA4	Rpv12+1+3	6	-0.906648854240261	1	FALSE
RGA4	Vitvi12g00261	AlphaFold_RGA4	Rpv12+1+3	24	-1.3487592398618	0.802786634998414	TRUE
RGA4	Vitvi12g01844	AlphaFold_RGA4	Rpv12	0	-0.19964249237633	1	FALSE
RGA4	Vitvi12g01844	AlphaFold_RGA4	Rpv12	6	-0.506185694000495	1	FALSE
RGA4	Vitvi12g01844	AlphaFold_RGA4	Rpv12	24	-0.236860281277255	1	FALSE
RGA4	Vitvi12g01844	AlphaFold_RGA4	Rpv12+1	0	1.10291955606426	1	TRUE
RGA4	Vitvi12g01844	AlphaFold_RGA4	Rpv12+1	6	1.36524343833128	1	TRUE
RGA4	Vitvi12g01844	AlphaFold_RGA4	Rpv12+1	24	0.679796568433931	1	FALSE
RGA4	Vitvi12g01844	AlphaFold_RGA4	Rpv12+1+3	0	-1.10328947478498	1	TRUE
RGA4	Vitvi12g01844	AlphaFold_RGA4	Rpv12+1+3	6	-0.484017282265012	1	FALSE
RGA4	Vitvi12g01844	AlphaFold_RGA4	Rpv12+1+3	24	-0.989087636864265	1	FALSE
RGA4	Vitvi12g01883	AlphaFold_RGA4	Rpv12	0	-0.830042394606374	1	FALSE
RGA4	Vitvi12g01883	AlphaFold_RGA4	Rpv12	6	-0.397969464247258	1	FALSE
RGA4	Vitvi12g01883	AlphaFold_RGA4	Rpv12	24	-1.30117513532558	0.615327573718259	TRUE
RGA4	Vitvi12g01883	AlphaFold_RGA4	Rpv12+1	0	0.216659354583643	1	FALSE
RGA4	Vitvi12g01883	AlphaFold_RGA4	Rpv12+1	6	0.380189526127132	1	FALSE
RGA4	Vitvi12g01883	AlphaFold_RGA4	Rpv12+1	24	-0.214144077889025	1	FALSE
RGA4	Vitvi12g01883	AlphaFold_RGA4	Rpv12+1+3	0	-0.422119041239789	1	FALSE
RGA4	Vitvi12g01883	AlphaFold_RGA4	Rpv12+1+3	6	-0.226855896103801	1	FALSE
RGA4	Vitvi12g01883	AlphaFold_RGA4	Rpv12+1+3	24	-1.46205779020338	0.136908635677846	TRUE
RGA4	Vitvi12g02160	AlphaFold_RGA4	Rpv12	0	-0.963014312050176	1	FALSE
RGA4	Vitvi12g02160	AlphaFold_RGA4	Rpv12	6	-0.757699540109177	1	FALSE
RGA4	Vitvi12g02160	AlphaFold_RGA4	Rpv12	24	-0.679874753606035	1	FALSE
RGA4	Vitvi12g02160	AlphaFold_RGA4	Rpv12+1	0	0.32273465633838	1	FALSE
RGA4	Vitvi12g02160	AlphaFold_RGA4	Rpv12+1	6	0.0509857708677245	1	FALSE
RGA4	Vitvi12g02160	AlphaFold_RGA4	Rpv12+1	24	0.428992304171617	1	FALSE
RGA4	Vitvi12g02160	AlphaFold_RGA4	Rpv12+1+3	0	-0.698530419993414	1	FALSE
RGA4	Vitvi12g02160	AlphaFold_RGA4	Rpv12+1+3	6	-0.811372266647135	1	FALSE
RGA4	Vitvi12g02160	AlphaFold_RGA4	Rpv12+1+3	24	-0.636370642237043	1	FALSE
RGA4	Vitvi12g02174	AlphaFold_RGA4	Rpv12	0	-0.344907342328317	1	FALSE
RGA4	Vitvi12g02174	AlphaFold_RGA4	Rpv12	6	-0.346259046796992	1	FALSE
RGA4	Vitvi12g02174	AlphaFold_RGA4	Rpv12	24	-0.791084416557742	1	FALSE
RGA4	Vitvi12g02174	AlphaFold_RGA4	Rpv12+1	0	0.0332197135106249	1	FALSE
RGA4	Vitvi12g02174	AlphaFold_RGA4	Rpv12+1	6	0.361170304144548	1	FALSE
RGA4	Vitvi12g02174	AlphaFold_RGA4	Rpv12+1	24	0.113117744078215	1	FALSE
RGA4	Vitvi12g02174	AlphaFold_RGA4	Rpv12+1+3	0	-0.123959855969048	1	FALSE
RGA4	Vitvi12g02174	AlphaFold_RGA4	Rpv12+1+3	6	-0.478575425924601	1	FALSE
RGA4	Vitvi12g02174	AlphaFold_RGA4	Rpv12+1+3	24	-0.72541831355612	1	FALSE
RGA4	Vitvi12g02721	AlphaFold_RGA4	Rpv12	0	-0.379061944744152	1	FALSE
RGA4	Vitvi12g02721	AlphaFold_RGA4	Rpv12	6	-0.943900261910911	1	FALSE
RGA4	Vitvi12g02721	AlphaFold_RGA4	Rpv12	24	-1.00822745136293	1	TRUE
RGA4	Vitvi12g02721	AlphaFold_RGA4	Rpv12+1	0	0.943801627781383	1	FALSE
RGA4	Vitvi12g02721	AlphaFold_RGA4	Rpv12+1	6	0.151782701828308	1	FALSE
RGA4	Vitvi12g02721	AlphaFold_RGA4	Rpv12+1	24	0.1763683328496	1	FALSE
RGA4	Vitvi12g02721	AlphaFold_RGA4	Rpv12+1+3	0	-1.69395437894922	0.38607887488276	TRUE
RGA4	Vitvi12g02721	AlphaFold_RGA4	Rpv12+1+3	6	-1.88961311750229	0.156090922745847	TRUE
RGA4	Vitvi12g02721	AlphaFold_RGA4	Rpv12+1+3	24	-1.60828712762375	0.427031344784528	TRUE
RGA4	Vitvi12g04476	AlphaFold_RGA4	Rpv12	0	-0.505837086815845	1	FALSE
RGA4	Vitvi12g04476	AlphaFold_RGA4	Rpv12	6	-0.0983977118056612	1	FALSE
RGA4	Vitvi12g04476	AlphaFold_RGA4	Rpv12	24	-0.502254552747795	1	FALSE
RGA4	Vitvi12g04476	AlphaFold_RGA4	Rpv12+1	0	0.552135622167593	1	FALSE
RGA4	Vitvi12g04476	AlphaFold_RGA4	Rpv12+1	6	0.675135593511693	1	FALSE
RGA4	Vitvi12g04476	AlphaFold_RGA4	Rpv12+1	24	0.188748886026382	1	FALSE
RGA4	Vitvi12g04476	AlphaFold_RGA4	Rpv12+1+3	0	-1.01863243371477	1	TRUE
RGA4	Vitvi12g04476	AlphaFold_RGA4	Rpv12+1+3	6	-0.482680944808797	1	FALSE
RGA4	Vitvi12g04476	AlphaFold_RGA4	Rpv12+1+3	24	-1.0018630425459	1	TRUE
RGA4	Vitvi12g04477	AlphaFold_RGA4	Rpv12	0	-1.6664173085703	0.0856845775873775	TRUE
RGA4	Vitvi12g04477	AlphaFold_RGA4	Rpv12	6	-0.93742993969265	1	FALSE
RGA4	Vitvi12g04477	AlphaFold_RGA4	Rpv12	24	-1.69357976801521	0.0545674224483157	TRUE
RGA4	Vitvi12g04477	AlphaFold_RGA4	Rpv12+1	0	-0.0498081916641084	1	FALSE
RGA4	Vitvi12g04477	AlphaFold_RGA4	Rpv12+1	6	0.63554331112065	1	FALSE
RGA4	Vitvi12g04477	AlphaFold_RGA4	Rpv12+1	24	-0.0438807312768542	1	FALSE
RGA4	Vitvi12g04477	AlphaFold_RGA4	Rpv12+1+3	0	-2.28901358719606	9.27578570637829e-05	TRUE
RGA4	Vitvi12g04477	AlphaFold_RGA4	Rpv12+1+3	6	-1.16812013280244	1	TRUE
RGA4	Vitvi12g04477	AlphaFold_RGA4	Rpv12+1+3	24	-2.28422251867611	1.35261100105495e-05	TRUE
RGA4	Vitvi12g04510	AlphaFold_RGA4	Rpv12	0	-0.993911891882884	1	FALSE
RGA4	Vitvi12g04510	AlphaFold_RGA4	Rpv12	6	-1.16256828002919	1	TRUE
RGA4	Vitvi12g04510	AlphaFold_RGA4	Rpv12	24	0.710148985827721	1	FALSE
RGA4	Vitvi12g04510	AlphaFold_RGA4	Rpv12+1	0	2.27781078719673	0.00574492913092374	TRUE
RGA4	Vitvi12g04510	AlphaFold_RGA4	Rpv12+1	6	2.25193184093733	0.00803013431245779	TRUE
RGA4	Vitvi12g04510	AlphaFold_RGA4	Rpv12+1	24	1.94171827986396	0.0317973509631645	TRUE
RGA4	Vitvi12g04510	AlphaFold_RGA4	Rpv12+1+3	0	-3.27043781123889	0.000547250452807769	TRUE
RGA4	Vitvi12g04510	AlphaFold_RGA4	Rpv12+1+3	6	-2.63353061014168	0.00608942203688798	TRUE
RGA4	Vitvi12g04510	AlphaFold_RGA4	Rpv12+1+3	24	-2.49619442059164	0.00220328884949813	TRUE
RGA4	Vitvi12g04511	AlphaFold_RGA4	Rpv12	0	-3.3996119510404	0.0204713145954665	TRUE
RGA4	Vitvi12g04511	AlphaFold_RGA4	Rpv12	6	-0.582953889962082	1	FALSE
RGA4	Vitvi12g04511	AlphaFold_RGA4	Rpv12	24	0.74448812465739	1	FALSE
RGA4	Vitvi12g04511	AlphaFold_RGA4	Rpv12+1	0	1.72801754308453	0.578674787698965	TRUE
RGA4	Vitvi12g04511	AlphaFold_RGA4	Rpv12+1	6	1.77317031316052	0.713346272485828	TRUE
RGA4	Vitvi12g04511	AlphaFold_RGA4	Rpv12+1	24	1.9581680042583	0.276415232906392	TRUE
RGA4	Vitvi12g04511	AlphaFold_RGA4	Rpv12+1+3	0	-3.386356188333	0.0162047173492924	TRUE
RGA4	Vitvi12g04511	AlphaFold_RGA4	Rpv12+1+3	6	-4.29961606866079	0.00776585726612138	TRUE
RGA4	Vitvi12g04511	AlphaFold_RGA4	Rpv12+1+3	24	-2.59270102198937	0.0746512761240792	TRUE
RGA4	Vitvi12g04533	AlphaFold_RGA4	Rpv12	0	-2.12386214859253	0.35375945045356	TRUE
RGA4	Vitvi12g04533	AlphaFold_RGA4	Rpv12	6	-0.0395863128699546	1	FALSE
RGA4	Vitvi12g04533	AlphaFold_RGA4	Rpv12	24	-3.95385432169771	0.0437532902093078	TRUE
RGA4	Vitvi12g04533	AlphaFold_RGA4	Rpv12+1	0	0.0950707284128697	1	FALSE
RGA4	Vitvi12g04533	AlphaFold_RGA4	Rpv12+1	6	0.292286002640352	1	FALSE
RGA4	Vitvi12g04533	AlphaFold_RGA4	Rpv12+1	24	-0.172457837221755	1	FALSE
RGA4	Vitvi12g04533	AlphaFold_RGA4	Rpv12+1+3	0	-7.4656579808294	0.00403820484829178	TRUE
RGA4	Vitvi12g04533	AlphaFold_RGA4	Rpv12+1+3	6	-4.54925374983912	0.0882241767750152	TRUE
RGA4	Vitvi12g04533	AlphaFold_RGA4	Rpv12+1+3	24	-8.66963732063381	0.000191447006735238	TRUE
RGA4	Vitvi12g04583	AlphaFold_RGA4	Rpv12	0	-1.73496238382129	0.174366395602172	TRUE
RGA4	Vitvi12g04583	AlphaFold_RGA4	Rpv12	6	-0.721186683362211	1	FALSE
RGA4	Vitvi12g04583	AlphaFold_RGA4	Rpv12	24	-1.40151696966942	0.762858691832531	TRUE
RGA4	Vitvi12g04583	AlphaFold_RGA4	Rpv12+1	0	-0.504708996522902	1	FALSE
RGA4	Vitvi12g04583	AlphaFold_RGA4	Rpv12+1	6	0.288633775709882	1	FALSE
RGA4	Vitvi12g04583	AlphaFold_RGA4	Rpv12+1	24	-0.560931039809432	1	FALSE
RGA4	Vitvi12g04583	AlphaFold_RGA4	Rpv12+1+3	0	-1.87141424767443	0.0991279644044367	TRUE
RGA4	Vitvi12g04583	AlphaFold_RGA4	Rpv12+1+3	6	-0.805383333080703	1	FALSE
RGA4	Vitvi12g04583	AlphaFold_RGA4	Rpv12+1+3	24	-1.62086720045472	0.260731179227088	TRUE
RGA4	Vitvi12g04595	AlphaFold_RGA4	Rpv12	0	-2.97546419865216	1.22789478096788e-07	TRUE
RGA4	Vitvi12g04595	AlphaFold_RGA4	Rpv12	6	-2.63955416289441	9.41358759290849e-06	TRUE
RGA4	Vitvi12g04595	AlphaFold_RGA4	Rpv12	24	-3.57769053671827	7.18584374536976e-14	TRUE
RGA4	Vitvi12g04595	AlphaFold_RGA4	Rpv12+1	0	-0.794571857703005	1	FALSE
RGA4	Vitvi12g04595	AlphaFold_RGA4	Rpv12+1	6	-0.452001837875337	1	FALSE
RGA4	Vitvi12g04595	AlphaFold_RGA4	Rpv12+1	24	-1.28475595735383	1	TRUE
RGA4	Vitvi12g04595	AlphaFold_RGA4	Rpv12+1+3	0	-2.26716239193719	0.00150046743593774	TRUE
RGA4	Vitvi12g04595	AlphaFold_RGA4	Rpv12+1+3	6	-2.56973935902226	4.32134310003089e-05	TRUE
RGA4	Vitvi12g04595	AlphaFold_RGA4	Rpv12+1+3	24	-3.50418374988162	1.17051410902456e-13	TRUE
RGA4	Vitvi13g00199	AlphaFold_RGA4	Rpv12	0	-0.258223409510917	1	FALSE
RGA4	Vitvi13g00199	AlphaFold_RGA4	Rpv12	6	-0.251726508440628	1	FALSE
RGA4	Vitvi13g00199	AlphaFold_RGA4	Rpv12	24	-0.201440233254726	1	FALSE
RGA4	Vitvi13g00199	AlphaFold_RGA4	Rpv12+1	0	0.452747294320688	1	FALSE
RGA4	Vitvi13g00199	AlphaFold_RGA4	Rpv12+1	6	0.172072140465315	1	FALSE
RGA4	Vitvi13g00199	AlphaFold_RGA4	Rpv12+1	24	0.201574535672812	1	FALSE
RGA4	Vitvi13g00199	AlphaFold_RGA4	Rpv12+1+3	0	-0.525942139517086	1	FALSE
RGA4	Vitvi13g00199	AlphaFold_RGA4	Rpv12+1+3	6	-0.703629285400919	1	FALSE
RGA4	Vitvi13g00199	AlphaFold_RGA4	Rpv12+1+3	24	-0.483684532028601	1	FALSE
RGA4	Vitvi13g00852	AlphaFold_RGA4	Rpv12	0	-1.89115817530079	0.146396743343444	TRUE
RGA4	Vitvi13g00852	AlphaFold_RGA4	Rpv12	6	-1.41538817866079	1	TRUE
RGA4	Vitvi13g00852	AlphaFold_RGA4	Rpv12	24	-0.637387860776322	1	FALSE
RGA4	Vitvi13g00852	AlphaFold_RGA4	Rpv12+1	0	0.250795043880568	1	FALSE
RGA4	Vitvi13g00852	AlphaFold_RGA4	Rpv12+1	6	-0.0516722479688516	1	FALSE
RGA4	Vitvi13g00852	AlphaFold_RGA4	Rpv12+1	24	-0.220416742530419	1	FALSE
RGA4	Vitvi13g00852	AlphaFold_RGA4	Rpv12+1+3	0	-2.6628189541823	0.0027280863996695	TRUE
RGA4	Vitvi13g00852	AlphaFold_RGA4	Rpv12+1+3	6	-3.06306098846104	0.000101750045139008	TRUE
RGA4	Vitvi13g00852	AlphaFold_RGA4	Rpv12+1+3	24	-2.53185597300182	0.00263464174421847	TRUE
RGA4	Vitvi13g01468	AlphaFold_RGA4	Rpv12	0	-8.7475705318284	3.41488005427312e-15	TRUE
RGA4	Vitvi13g01468	AlphaFold_RGA4	Rpv12	6	-1.05022396497397	1	TRUE
RGA4	Vitvi13g01468	AlphaFold_RGA4	Rpv12	24	-0.298743567460424	1	FALSE
RGA4	Vitvi13g01468	AlphaFold_RGA4	Rpv12+1	0	-0.307863218299219	1	FALSE
RGA4	Vitvi13g01468	AlphaFold_RGA4	Rpv12+1	6	-0.0368423965006235	1	FALSE
RGA4	Vitvi13g01468	AlphaFold_RGA4	Rpv12+1	24	-0.464786610017764	1	FALSE
RGA4	Vitvi13g01468	AlphaFold_RGA4	Rpv12+1+3	0	-8.17274267942033	8.03979993391957e-17	TRUE
RGA4	Vitvi13g01468	AlphaFold_RGA4	Rpv12+1+3	6	-8.93078051285332	3.51997748272797e-12	TRUE
RGA4	Vitvi13g01468	AlphaFold_RGA4	Rpv12+1+3	24	-7.66082445651786	1.18581675893165e-16	TRUE
RGA4	Vitvi13g01608	AlphaFold_RGA4	Rpv12	0	-4.81071598745734	8.78947846509783e-07	TRUE
RGA4	Vitvi13g01608	AlphaFold_RGA4	Rpv12	6	-5.23629315045354	1.17065512817984e-07	TRUE
RGA4	Vitvi13g01608	AlphaFold_RGA4	Rpv12	24	-3.72311947005166	0.000404433216575035	TRUE
RGA4	Vitvi13g01608	AlphaFold_RGA4	Rpv12+1	0	-2.35401444081088	0.130971933266093	TRUE
RGA4	Vitvi13g01608	AlphaFold_RGA4	Rpv12+1	6	-0.00982295563730199	1	FALSE
RGA4	Vitvi13g01608	AlphaFold_RGA4	Rpv12+1	24	-0.190086282493689	1	FALSE
RGA4	Vitvi13g01608	AlphaFold_RGA4	Rpv12+1+3	0	-4.58014199546461	2.53995006337071e-06	TRUE
RGA4	Vitvi13g01608	AlphaFold_RGA4	Rpv12+1+3	6	-6.06912407319744	2.52087556630226e-09	TRUE
RGA4	Vitvi13g01608	AlphaFold_RGA4	Rpv12+1+3	24	-4.83839971806397	3.60294952755035e-07	TRUE
RGA4	Vitvi13g01616	AlphaFold_RGA4	Rpv12	0	-1.96027394788159	0.00783949941810108	TRUE
RGA4	Vitvi13g01616	AlphaFold_RGA4	Rpv12	6	-2.10117330629036	0.00158627494325037	TRUE
RGA4	Vitvi13g01616	AlphaFold_RGA4	Rpv12	24	-0.717636328306052	1	FALSE
RGA4	Vitvi13g01616	AlphaFold_RGA4	Rpv12+1	0	-0.203068818130277	1	FALSE
RGA4	Vitvi13g01616	AlphaFold_RGA4	Rpv12+1	6	-0.2523655275525	1	FALSE
RGA4	Vitvi13g01616	AlphaFold_RGA4	Rpv12+1	24	0.0114778706278427	1	FALSE
RGA4	Vitvi13g01616	AlphaFold_RGA4	Rpv12+1+3	0	-2.27891445767126	0.000173458025439078	TRUE
RGA4	Vitvi13g01616	AlphaFold_RGA4	Rpv12+1+3	6	-2.28943893163529	0.000118869386829996	TRUE
RGA4	Vitvi13g01616	AlphaFold_RGA4	Rpv12+1+3	24	-1.28584883522939	0.737724571773683	TRUE
RGA4	Vitvi13g01634	AlphaFold_RGA4	Rpv12	0	-1.60940927105713	0.0849110846466247	TRUE
RGA4	Vitvi13g01634	AlphaFold_RGA4	Rpv12	6	-1.21236033884645	1	TRUE
RGA4	Vitvi13g01634	AlphaFold_RGA4	Rpv12	24	-2.0930689336102	0.000113053773551591	TRUE
RGA4	Vitvi13g01634	AlphaFold_RGA4	Rpv12+1	0	-0.147527624293653	1	FALSE
RGA4	Vitvi13g01634	AlphaFold_RGA4	Rpv12+1	6	0.159719218552466	1	FALSE
RGA4	Vitvi13g01634	AlphaFold_RGA4	Rpv12+1	24	0.246892680399225	1	FALSE
RGA4	Vitvi13g01634	AlphaFold_RGA4	Rpv12+1+3	0	-1.7548433645205	0.0227788125392071	TRUE
RGA4	Vitvi13g01634	AlphaFold_RGA4	Rpv12+1+3	6	-1.9040924041615	0.00300596219533839	TRUE
RGA4	Vitvi13g01634	AlphaFold_RGA4	Rpv12+1+3	24	-1.92311798494277	0.00117130735247839	TRUE
RGA4	Vitvi13g01638	AlphaFold_RGA4	Rpv12	0	-10.296455362243	9.8246118186984e-09	TRUE
RGA4	Vitvi13g01638	AlphaFold_RGA4	Rpv12	6	-11.8838820732609	1.5586872936816e-11	TRUE
RGA4	Vitvi13g01638	AlphaFold_RGA4	Rpv12	24	-12.3092757080412	1.05607230441725e-12	TRUE
RGA4	Vitvi13g01638	AlphaFold_RGA4	Rpv12+1	0	1.52329429686758	0.804151197260628	TRUE
RGA4	Vitvi13g01638	AlphaFold_RGA4	Rpv12+1	6	-0.163042062805131	1	FALSE
RGA4	Vitvi13g01638	AlphaFold_RGA4	Rpv12+1	24	-0.204320827092186	1	FALSE
RGA4	Vitvi13g01638	AlphaFold_RGA4	Rpv12+1+3	0	-10.5832640116547	2.8033564806311e-09	TRUE
RGA4	Vitvi13g01638	AlphaFold_RGA4	Rpv12+1+3	6	-11.579578762505	1.72100173965552e-10	TRUE
RGA4	Vitvi13g01638	AlphaFold_RGA4	Rpv12+1+3	24	-12.0961417655279	3.10399198230966e-12	TRUE
RGA4	Vitvi13g01984	AlphaFold_RGA4	Rpv12	0	-3.99084020512602	0.000798381036600894	TRUE
RGA4	Vitvi13g01984	AlphaFold_RGA4	Rpv12	6	-4.23525559749803	0.000323456785761015	TRUE
RGA4	Vitvi13g01984	AlphaFold_RGA4	Rpv12	24	-4.24184217703773	1.91708657392015e-05	TRUE
RGA4	Vitvi13g01984	AlphaFold_RGA4	Rpv12+1	0	-0.0271648806345656	1	FALSE
RGA4	Vitvi13g01984	AlphaFold_RGA4	Rpv12+1	6	0.01846344091608	1	FALSE
RGA4	Vitvi13g01984	AlphaFold_RGA4	Rpv12+1	24	-0.0503900518047069	1	FALSE
RGA4	Vitvi13g01984	AlphaFold_RGA4	Rpv12+1+3	0	-3.04810594360064	0.00672162366557717	TRUE
RGA4	Vitvi13g01984	AlphaFold_RGA4	Rpv12+1+3	6	-3.54427314818262	0.00132991003529481	TRUE
RGA4	Vitvi13g01984	AlphaFold_RGA4	Rpv12+1+3	24	-3.78690697943653	5.40499573678281e-05	TRUE
RGA4	Vitvi13g02344	AlphaFold_RGA4	Rpv12	0	-3.72368644687967	5.74938182823111e-07	TRUE
RGA4	Vitvi13g02344	AlphaFold_RGA4	Rpv12	6	-0.948803224191115	1	FALSE
RGA4	Vitvi13g02344	AlphaFold_RGA4	Rpv12	24	-0.61089315587325	1	FALSE
RGA4	Vitvi13g02344	AlphaFold_RGA4	Rpv12+1	0	-0.376623466057615	1	FALSE
RGA4	Vitvi13g02344	AlphaFold_RGA4	Rpv12+1	6	-0.0345345309189966	1	FALSE
RGA4	Vitvi13g02344	AlphaFold_RGA4	Rpv12+1	24	-0.957184405282062	1	FALSE
RGA4	Vitvi13g02344	AlphaFold_RGA4	Rpv12+1+3	0	-3.21411763149857	5.37458992314027e-05	TRUE
RGA4	Vitvi13g02344	AlphaFold_RGA4	Rpv12+1+3	6	-2.54406068469205	0.00590332755899536	TRUE
RGA4	Vitvi13g02344	AlphaFold_RGA4	Rpv12+1+3	24	-2.90196895112509	0.00017067757739858	TRUE
RGA4	Vitvi13g02360	AlphaFold_RGA4	Rpv12	0	-0.867045828817492	1	FALSE
RGA4	Vitvi13g02360	AlphaFold_RGA4	Rpv12	6	-0.953913493065904	1	FALSE
RGA4	Vitvi13g02360	AlphaFold_RGA4	Rpv12	24	-0.581628523890399	1	FALSE
RGA4	Vitvi13g02360	AlphaFold_RGA4	Rpv12+1	0	-0.147306238868221	1	FALSE
RGA4	Vitvi13g02360	AlphaFold_RGA4	Rpv12+1	6	-0.198701013760023	1	FALSE
RGA4	Vitvi13g02360	AlphaFold_RGA4	Rpv12+1	24	-0.615224844479735	1	FALSE
RGA4	Vitvi13g02360	AlphaFold_RGA4	Rpv12+1+3	0	-2.40644149187564	6.4382871598609e-07	TRUE
RGA4	Vitvi13g02360	AlphaFold_RGA4	Rpv12+1+3	6	-1.86591054923928	0.00288939512525634	TRUE
RGA4	Vitvi13g02360	AlphaFold_RGA4	Rpv12+1+3	24	-2.1178359480173	9.20787112208432e-06	TRUE
RGA4	Vitvi13g04177	AlphaFold_RGA4	Rpv12	0	-1.01986677677039	1	TRUE
RGA4	Vitvi13g04177	AlphaFold_RGA4	Rpv12	6	-0.547937611503985	1	FALSE
RGA4	Vitvi13g04177	AlphaFold_RGA4	Rpv12	24	-0.593804132651068	1	FALSE
RGA4	Vitvi13g04177	AlphaFold_RGA4	Rpv12+1	0	0.160594860891958	1	FALSE
RGA4	Vitvi13g04177	AlphaFold_RGA4	Rpv12+1	6	0.488029027452896	1	FALSE
RGA4	Vitvi13g04177	AlphaFold_RGA4	Rpv12+1	24	0.026307113961485	1	FALSE
RGA4	Vitvi13g04177	AlphaFold_RGA4	Rpv12+1+3	0	-1.08269906189969	1	TRUE
RGA4	Vitvi13g04177	AlphaFold_RGA4	Rpv12+1+3	6	-0.776953729095982	1	FALSE
RGA4	Vitvi13g04177	AlphaFold_RGA4	Rpv12+1+3	24	-1.58281794444402	0.131317443637926	TRUE
RGA4	Vitvi13g04178	AlphaFold_RGA4	Rpv12	0	-1.05183146200014	1	TRUE
RGA4	Vitvi13g04178	AlphaFold_RGA4	Rpv12	6	-0.710368352624296	1	FALSE
RGA4	Vitvi13g04178	AlphaFold_RGA4	Rpv12	24	-0.940050994532628	1	FALSE
RGA4	Vitvi13g04178	AlphaFold_RGA4	Rpv12+1	0	0.325530125190992	1	FALSE
RGA4	Vitvi13g04178	AlphaFold_RGA4	Rpv12+1	6	0.231394604030937	1	FALSE
RGA4	Vitvi13g04178	AlphaFold_RGA4	Rpv12+1	24	-0.0980616134808443	1	FALSE
RGA4	Vitvi13g04178	AlphaFold_RGA4	Rpv12+1+3	0	-1.14626837246737	1	TRUE
RGA4	Vitvi13g04178	AlphaFold_RGA4	Rpv12+1+3	6	-0.829559306794438	1	FALSE
RGA4	Vitvi13g04178	AlphaFold_RGA4	Rpv12+1+3	24	-1.35141699613449	0.568015387551561	TRUE
RGA4	Vitvi13g04521	AlphaFold_RGA4	Rpv12	0	-8.33774051079308	3.76889327213423e-07	TRUE
RGA4	Vitvi13g04521	AlphaFold_RGA4	Rpv12	6	-2.18057310336174	0.246961734619829	TRUE
RGA4	Vitvi13g04521	AlphaFold_RGA4	Rpv12	24	-0.175040031290383	1	FALSE
RGA4	Vitvi13g04521	AlphaFold_RGA4	Rpv12+1	0	-1.2307617250585	1	TRUE
RGA4	Vitvi13g04521	AlphaFold_RGA4	Rpv12+1	6	-0.250841270480127	1	FALSE
RGA4	Vitvi13g04521	AlphaFold_RGA4	Rpv12+1	24	-0.600177226799542	1	FALSE
RGA4	Vitvi13g04521	AlphaFold_RGA4	Rpv12+1+3	0	-10.9734775608538	1.55729861260025e-09	TRUE
RGA4	Vitvi13g04521	AlphaFold_RGA4	Rpv12+1+3	6	-10.5172052534027	1.22040259423894e-08	TRUE
RGA4	Vitvi13g04521	AlphaFold_RGA4	Rpv12+1+3	24	-9.8960628604831	6.63415275856011e-08	TRUE
RGA4	Vitvi13g04522	AlphaFold_RGA4	Rpv12	0	-7.10395463674774	0.00287664384342898	TRUE
RGA4	Vitvi13g04522	AlphaFold_RGA4	Rpv12	6	-0.132463141473588	1	FALSE
RGA4	Vitvi13g04522	AlphaFold_RGA4	Rpv12	24	-0.393977793050434	1	FALSE
RGA4	Vitvi13g04522	AlphaFold_RGA4	Rpv12+1	0	-0.0500832866331012	1	FALSE
RGA4	Vitvi13g04522	AlphaFold_RGA4	Rpv12+1	6	0.0933898643648481	1	FALSE
RGA4	Vitvi13g04522	AlphaFold_RGA4	Rpv12+1	24	-0.270167969162769	1	FALSE
RGA4	Vitvi13g04522	AlphaFold_RGA4	Rpv12+1+3	0	-3.59747027698369	0.0734758248694484	TRUE
RGA4	Vitvi13g04522	AlphaFold_RGA4	Rpv12+1+3	6	-5.8131107136915	0.0184814846436286	TRUE
RGA4	Vitvi13g04522	AlphaFold_RGA4	Rpv12+1+3	24	-4.26385640216006	0.0300240177542239	TRUE
RGA4	Vitvi13g04528	AlphaFold_RGA4	Rpv12	0	-8.76813459958422	3.6635916780232e-15	TRUE
RGA4	Vitvi13g04528	AlphaFold_RGA4	Rpv12	6	-2.65125220189204	0.0262892994237198	TRUE
RGA4	Vitvi13g04528	AlphaFold_RGA4	Rpv12	24	-0.420305142424139	1	FALSE
RGA4	Vitvi13g04528	AlphaFold_RGA4	Rpv12+1	0	-0.0402605474947295	1	FALSE
RGA4	Vitvi13g04528	AlphaFold_RGA4	Rpv12+1	6	0.0178414506756017	1	FALSE
RGA4	Vitvi13g04528	AlphaFold_RGA4	Rpv12+1	24	-0.513468811030876	1	FALSE
RGA4	Vitvi13g04528	AlphaFold_RGA4	Rpv12+1+3	0	-9.96964485031169	1.14514896530147e-12	TRUE
RGA4	Vitvi13g04528	AlphaFold_RGA4	Rpv12+1+3	6	-9.38840107193503	3.07582187535783e-11	TRUE
RGA4	Vitvi13g04528	AlphaFold_RGA4	Rpv12+1+3	24	-8.36591690058447	1.43513554223915e-18	TRUE
RGA4	Vitvi13g04529	AlphaFold_RGA4	Rpv12	0	-5.61803597983844	3.33692483720608e-10	TRUE
RGA4	Vitvi13g04529	AlphaFold_RGA4	Rpv12	6	-1.96483823560933	0.203420486141109	TRUE
RGA4	Vitvi13g04529	AlphaFold_RGA4	Rpv12	24	-0.671970038813373	1	FALSE
RGA4	Vitvi13g04529	AlphaFold_RGA4	Rpv12+1	0	-0.0180631889961752	1	FALSE
RGA4	Vitvi13g04529	AlphaFold_RGA4	Rpv12+1	6	-0.0962288106609276	1	FALSE
RGA4	Vitvi13g04529	AlphaFold_RGA4	Rpv12+1	24	-0.549135849355075	1	FALSE
RGA4	Vitvi13g04529	AlphaFold_RGA4	Rpv12+1+3	0	-5.69363205514078	2.73017689438917e-11	TRUE
RGA4	Vitvi13g04529	AlphaFold_RGA4	Rpv12+1+3	6	-5.46186003208091	6.22163575822931e-11	TRUE
RGA4	Vitvi13g04529	AlphaFold_RGA4	Rpv12+1+3	24	-6.47307559688314	3.14024621066171e-16	TRUE
RGA4	Vitvi13g04537	AlphaFold_RGA4	Rpv12	0	-2.64400808323191	0.000139204105716006	TRUE
RGA4	Vitvi13g04537	AlphaFold_RGA4	Rpv12	6	-1.13051479104912	1	TRUE
RGA4	Vitvi13g04537	AlphaFold_RGA4	Rpv12	24	-0.978947732146923	1	FALSE
RGA4	Vitvi13g04537	AlphaFold_RGA4	Rpv12+1	0	-0.487693465191443	1	FALSE
RGA4	Vitvi13g04537	AlphaFold_RGA4	Rpv12+1	6	0.412421834628741	1	FALSE
RGA4	Vitvi13g04537	AlphaFold_RGA4	Rpv12+1	24	-0.242208254834982	1	FALSE
RGA4	Vitvi13g04537	AlphaFold_RGA4	Rpv12+1+3	0	-2.88519730857027	6.84124538060235e-06	TRUE
RGA4	Vitvi13g04537	AlphaFold_RGA4	Rpv12+1+3	6	-2.31072786327467	0.00297391266981541	TRUE
RGA4	Vitvi13g04537	AlphaFold_RGA4	Rpv12+1+3	24	-2.98215687793637	2.40379052531288e-07	TRUE
RGA4	Vitvi13g04656	AlphaFold_RGA4	Rpv12	0	-0.0634702296014922	1	FALSE
RGA4	Vitvi13g04656	AlphaFold_RGA4	Rpv12	6	-0.97775947888421	1	FALSE
RGA4	Vitvi13g04656	AlphaFold_RGA4	Rpv12	24	-1.91055037759296	0.0413696401100212	TRUE
RGA4	Vitvi13g04656	AlphaFold_RGA4	Rpv12+1	0	0.761727606563414	1	FALSE
RGA4	Vitvi13g04656	AlphaFold_RGA4	Rpv12+1	6	0.0894324303075471	1	FALSE
RGA4	Vitvi13g04656	AlphaFold_RGA4	Rpv12+1	24	-0.0808079791598832	1	FALSE
RGA4	Vitvi13g04656	AlphaFold_RGA4	Rpv12+1+3	0	-1.30627573817571	0.878061052886083	TRUE
RGA4	Vitvi13g04656	AlphaFold_RGA4	Rpv12+1+3	6	-1.73066258464285	0.134073860617405	TRUE
RGA4	Vitvi13g04656	AlphaFold_RGA4	Rpv12+1+3	24	-2.12156392209402	0.00643693266677664	TRUE
RGA4	Vitvi19g01610	AlphaFold_RGA4	Rpv12	0	-5.63344104049073	5.24911481695375e-18	TRUE
RGA4	Vitvi19g01610	AlphaFold_RGA4	Rpv12	6	-5.35007118601172	2.06642512245393e-14	TRUE
RGA4	Vitvi19g01610	AlphaFold_RGA4	Rpv12	24	-4.11575757873149	4.69231498923267e-12	TRUE
RGA4	Vitvi19g01610	AlphaFold_RGA4	Rpv12+1	0	1.61022699326716	0.476293102175496	TRUE
RGA4	Vitvi19g01610	AlphaFold_RGA4	Rpv12+1	6	1.81810602192682	0.335808646303755	TRUE
RGA4	Vitvi19g01610	AlphaFold_RGA4	Rpv12+1	24	0.236322366930555	1	FALSE
RGA4	Vitvi19g01610	AlphaFold_RGA4	Rpv12+1+3	0	-6.45656817719032	4.38346122233712e-22	TRUE
RGA4	Vitvi19g01610	AlphaFold_RGA4	Rpv12+1+3	6	-7.50402636515294	5.21755044893904e-13	TRUE
RGA4	Vitvi19g01610	AlphaFold_RGA4	Rpv12+1+3	24	-8.47255464953786	1.12125427096724e-26	TRUE
RIPK	Vitvi04g00179	41_retained_homologs	Rpv12	0	0.582258876005859	1	FALSE
RIPK	Vitvi04g00179	41_retained_homologs	Rpv12	6	-0.0519954186011125	1	FALSE
RIPK	Vitvi04g00179	41_retained_homologs	Rpv12	24	-2.49614880752427	0.0307188223035079	TRUE
RIPK	Vitvi04g00179	41_retained_homologs	Rpv12+1	0	0.376941319629812	1	FALSE
RIPK	Vitvi04g00179	41_retained_homologs	Rpv12+1	6	-0.0685916098656871	1	FALSE
RIPK	Vitvi04g00179	41_retained_homologs	Rpv12+1	24	-0.623217945713332	1	FALSE
RIPK	Vitvi04g00179	41_retained_homologs	Rpv12+1+3	0	-0.202616884048519	1	FALSE
RIPK	Vitvi04g00179	41_retained_homologs	Rpv12+1+3	6	-0.237117176707606	1	FALSE
RIPK	Vitvi04g00179	41_retained_homologs	Rpv12+1+3	24	-0.107245481017433	1	FALSE
RPP13	Vitvi03g01373	41_retained_homologs	Rpv12	0	-5.27827933589866	9.08197928721859e-05	TRUE
RPP13	Vitvi03g01373	41_retained_homologs	Rpv12	6	0.0426514513938209	1	FALSE
RPP13	Vitvi03g01373	41_retained_homologs	Rpv12	24	-1.2282459564703	0.949022542134457	FALSE
RPP13	Vitvi03g01373	41_retained_homologs	Rpv12+1	0	-0.957179426021867	1	FALSE
RPP13	Vitvi03g01373	41_retained_homologs	Rpv12+1	6	0.127122224593151	1	FALSE
RPP13	Vitvi03g01373	41_retained_homologs	Rpv12+1	24	-0.0473240796489562	1	FALSE
RPP13	Vitvi03g01373	41_retained_homologs	Rpv12+1+3	0	-0.182062859410373	1	FALSE
RPP13	Vitvi03g01373	41_retained_homologs	Rpv12+1+3	6	0.404522884962721	1	FALSE
RPP13	Vitvi03g01373	41_retained_homologs	Rpv12+1+3	24	0.0492175731352161	1	FALSE
RPP13	Vitvi03g04047	41_retained_homologs	Rpv12	0	3.8025817992001	2.68732430367959e-07	TRUE
RPP13	Vitvi03g04047	41_retained_homologs	Rpv12	6	4.39923009126217	6.98562441368174e-09	TRUE
RPP13	Vitvi03g04047	41_retained_homologs	Rpv12	24	3.42774752375171	3.61251227283545e-10	TRUE
RPP13	Vitvi03g04047	41_retained_homologs	Rpv12+1	0	3.97385076607681	3.37956753620218e-08	TRUE
RPP13	Vitvi03g04047	41_retained_homologs	Rpv12+1	6	4.3369612676551	2.67276823212598e-08	TRUE
RPP13	Vitvi03g04047	41_retained_homologs	Rpv12+1	24	2.77206403774716	1.29033861263545e-05	TRUE
RPP13	Vitvi03g04047	41_retained_homologs	Rpv12+1+3	0	3.70065922123808	6.72670619643957e-07	TRUE
RPP13	Vitvi03g04047	41_retained_homologs	Rpv12+1+3	6	4.28638957641378	2.91192565352627e-08	TRUE
RPP13	Vitvi03g04047	41_retained_homologs	Rpv12+1+3	24	2.77160316127659	9.28256603677248e-06	TRUE
RPP13	Vitvi03g04050	41_retained_homologs	Rpv12	0	7.8329582436346	7.18773761403969e-14	TRUE
RPP13	Vitvi03g04050	41_retained_homologs	Rpv12	6	7.98330249171179	3.40864136148341e-10	TRUE
RPP13	Vitvi03g04050	41_retained_homologs	Rpv12	24	7.624549283554	8.19080915779082e-21	TRUE
RPP13	Vitvi03g04050	41_retained_homologs	Rpv12+1	0	7.65934864999363	2.83357258093262e-13	TRUE
RPP13	Vitvi03g04050	41_retained_homologs	Rpv12+1	6	8.10921368636916	1.89105981862468e-10	TRUE
RPP13	Vitvi03g04050	41_retained_homologs	Rpv12+1	24	7.09579469726787	9.98919474487619e-18	TRUE
RPP13	Vitvi03g04050	41_retained_homologs	Rpv12+1+3	0	7.55315447649543	6.50299098989013e-13	TRUE
RPP13	Vitvi03g04050	41_retained_homologs	Rpv12+1+3	6	8.02734620914757	2.22609409496026e-10	TRUE
RPP13	Vitvi03g04050	41_retained_homologs	Rpv12+1+3	24	6.94150972169822	6.0270712574159e-17	TRUE
RPP13	Vitvi15g01670	41_retained_homologs	Rpv12	0	-0.370543255848464	1	FALSE
RPP13	Vitvi15g01670	41_retained_homologs	Rpv12	6	-0.257308255128464	0.0942449469387732	FALSE
RPP13	Vitvi15g01670	41_retained_homologs	Rpv12	24	-0.254276354747378	1	FALSE
RPP13	Vitvi15g01670	41_retained_homologs	Rpv12+1	0	-0.350406789907755	0.825118449751873	FALSE
RPP13	Vitvi15g01670	41_retained_homologs	Rpv12+1	6	-0.238204254245171	0.123443877515935	FALSE
RPP13	Vitvi15g01670	41_retained_homologs	Rpv12+1	24	-8.03522481899155	0.00136610379904376	TRUE
RPP13	Vitvi15g01670	41_retained_homologs	Rpv12+1+3	0	-4.91485607144176	0.0693489574626129	TRUE
RPP13	Vitvi15g01670	41_retained_homologs	Rpv12+1+3	6	-5.39390234173621	0.0442208734162968	TRUE
RPP13	Vitvi15g01670	41_retained_homologs	Rpv12+1+3	24	-3.00648046176798	0.115156348060941	TRUE
RPP13	Vitvi15g01686	41_retained_homologs	Rpv12	0	1.71377438694429	0.345596033449234	TRUE
RPP13	Vitvi15g01686	41_retained_homologs	Rpv12	6	1.50322627198734	1	TRUE
RPP13	Vitvi15g01686	41_retained_homologs	Rpv12	24	4.84263896979562	3.17603529582394e-09	TRUE
RPP13	Vitvi15g01686	41_retained_homologs	Rpv12+1	0	2.86919413523267	0.0113211696442297	TRUE
RPP13	Vitvi15g01686	41_retained_homologs	Rpv12+1	6	1.42548617451045	1	TRUE
RPP13	Vitvi15g01686	41_retained_homologs	Rpv12+1	24	4.49021903385243	7.34871937317893e-08	TRUE
RPP13	Vitvi15g01686	41_retained_homologs	Rpv12+1+3	0	2.48006030927809	0.0407127024561374	TRUE
RPP13	Vitvi15g01686	41_retained_homologs	Rpv12+1+3	6	1.89373214568191	0.240019311935482	TRUE
RPP13	Vitvi15g01686	41_retained_homologs	Rpv12+1+3	24	4.51709283350402	3.58041338378786e-08	TRUE
RPP8	Vitvi16g00787	41_retained_homologs	Rpv12	0	-12.9934200667827	4.77450180518125e-06	TRUE
RPP8	Vitvi16g00787	41_retained_homologs	Rpv12	6	-0.147291703505202	3.52814531996916e-05	FALSE
RPP8	Vitvi16g00787	41_retained_homologs	Rpv12	24	-0.0150781252907782	1	FALSE
RPP8	Vitvi16g00787	41_retained_homologs	Rpv12+1	0	-0.0822921814970231	1	FALSE
RPP8	Vitvi16g00787	41_retained_homologs	Rpv12+1	6	-0.0330484432986122	1	FALSE
RPP8	Vitvi16g00787	41_retained_homologs	Rpv12+1	24	10.2434109184158	8.58090384369058e-05	TRUE
RPP8	Vitvi16g00787	41_retained_homologs	Rpv12+1+3	0	-0.374834298215121	6.88534486646736e-05	FALSE
RPP8	Vitvi16g00787	41_retained_homologs	Rpv12+1+3	6	-13.7586749869636	1.24055885137668e-06	TRUE
RPP8	Vitvi16g00787	41_retained_homologs	Rpv12+1+3	24	-0.0268383529595168	1	FALSE
RPS5	Vitvi09g00368	41_retained_homologs	Rpv12	0	-0.15288027249295	1	FALSE
RPS5	Vitvi09g00368	41_retained_homologs	Rpv12	6	-0.0918663803970483	1	FALSE
RPS5	Vitvi09g00368	41_retained_homologs	Rpv12	24	-0.156420327045639	1	FALSE
RPS5	Vitvi09g00368	41_retained_homologs	Rpv12+1	0	-6.63525063503684	0.0221668624578308	TRUE
RPS5	Vitvi09g00368	41_retained_homologs	Rpv12+1	6	-0.336991746187115	0.0601265636158363	FALSE
RPS5	Vitvi09g00368	41_retained_homologs	Rpv12+1	24	-8.31008184524432	0.000701178856229269	TRUE
RPS5	Vitvi09g00368	41_retained_homologs	Rpv12+1+3	0	-0.315282897613439	1	FALSE
RPS5	Vitvi09g00368	41_retained_homologs	Rpv12+1+3	6	-0.238420880881502	1	FALSE
RPS5	Vitvi09g00368	41_retained_homologs	Rpv12+1+3	24	-1.71068369793916	0.377336383581267	TRUE
RPS5	Vitvi09g00419	41_retained_homologs	Rpv12	0	4.85953936980922	8.73247978276274e-17	TRUE
RPS5	Vitvi09g00419	41_retained_homologs	Rpv12	6	5.09514263541279	5.91264067236572e-21	TRUE
RPS5	Vitvi09g00419	41_retained_homologs	Rpv12	24	5.53029285270913	9.50709555489982e-25	TRUE
RPS5	Vitvi09g00419	41_retained_homologs	Rpv12+1	0	-0.784145552506476	1	FALSE
RPS5	Vitvi09g00419	41_retained_homologs	Rpv12+1	6	-0.430376562242837	1	FALSE
RPS5	Vitvi09g00419	41_retained_homologs	Rpv12+1	24	0.0291428036793852	1	FALSE
RPS5	Vitvi09g00419	41_retained_homologs	Rpv12+1+3	0	4.60873634029855	5.28603846272334e-15	TRUE
RPS5	Vitvi09g00419	41_retained_homologs	Rpv12+1+3	6	4.60902724476113	6.72134800896751e-15	TRUE
RPS5	Vitvi09g00419	41_retained_homologs	Rpv12+1+3	24	5.1173040317341	3.58051146325033e-21	TRUE
RPS5	Vitvi09g01588	41_retained_homologs	Rpv12	0	-0.129816779330606	1	FALSE
RPS5	Vitvi09g01588	41_retained_homologs	Rpv12	6	-0.777149795814761	1	FALSE
RPS5	Vitvi09g01588	41_retained_homologs	Rpv12	24	-1.46572336876526e-05	1	FALSE
RPS5	Vitvi09g01588	41_retained_homologs	Rpv12+1	0	-0.156690833057589	1	FALSE
RPS5	Vitvi09g01588	41_retained_homologs	Rpv12+1	6	-1.5481716079362	0.165238995577241	TRUE
RPS5	Vitvi09g01588	41_retained_homologs	Rpv12+1	24	-1.86278811404812	0.000808105810058229	TRUE
RPS5	Vitvi09g01588	41_retained_homologs	Rpv12+1+3	0	-1.09118748241405	1	TRUE
RPS5	Vitvi09g01588	41_retained_homologs	Rpv12+1+3	6	-0.924863413169759	1	FALSE
RPS5	Vitvi09g01588	41_retained_homologs	Rpv12+1+3	24	-0.967485309510031	1	FALSE
RPS5	Vitvi09g02033	41_retained_homologs	Rpv12	0	3.2967824101774	2.32313048259212e-10	TRUE
RPS5	Vitvi09g02033	41_retained_homologs	Rpv12	6	3.7610561977536	3.22436719962196e-16	TRUE
RPS5	Vitvi09g02033	41_retained_homologs	Rpv12	24	3.33479946765535	2.92103759321049e-13	TRUE
RPS5	Vitvi09g02033	41_retained_homologs	Rpv12+1	0	3.24403068441054	5.72013835012881e-10	TRUE
RPS5	Vitvi09g02033	41_retained_homologs	Rpv12+1	6	3.90052190115142	1.05569311895203e-16	TRUE
RPS5	Vitvi09g02033	41_retained_homologs	Rpv12+1	24	3.4002404433488	3.686585152461e-14	TRUE
RPS5	Vitvi09g02033	41_retained_homologs	Rpv12+1+3	0	3.80776273253581	1.73087975209167e-15	TRUE
RPS5	Vitvi09g02033	41_retained_homologs	Rpv12+1+3	6	3.95507916585019	2.39734900736658e-17	TRUE
RPS5	Vitvi09g02033	41_retained_homologs	Rpv12+1+3	24	3.28264564930135	3.65522374557291e-13	TRUE
RPS5	Vitvi09g04351	41_retained_homologs	Rpv12	0	-1.812685069745	0.15453602185032	TRUE
RPS5	Vitvi09g04351	41_retained_homologs	Rpv12	6	0.128484380283635	1	FALSE
RPS5	Vitvi09g04351	41_retained_homologs	Rpv12	24	-0.521456900640645	1	FALSE
RPS5	Vitvi09g04351	41_retained_homologs	Rpv12+1	0	-2.37978340120325	0.0104901461271351	TRUE
RPS5	Vitvi09g04351	41_retained_homologs	Rpv12+1	6	-0.665003035297616	1	FALSE
RPS5	Vitvi09g04351	41_retained_homologs	Rpv12+1	24	-0.986369587351362	1	FALSE
RPS5	Vitvi09g04351	41_retained_homologs	Rpv12+1+3	0	0.0481290786203443	1	FALSE
RPS5	Vitvi09g04351	41_retained_homologs	Rpv12+1+3	6	0.642323732355352	1	FALSE
RPS5	Vitvi09g04351	41_retained_homologs	Rpv12+1+3	24	-0.483565443256046	1	FALSE
RPS5	Vitvi19g01648	41_retained_homologs	Rpv12	0	-3.9200939498295	0.0730045923876418	TRUE
RPS5	Vitvi19g01648	41_retained_homologs	Rpv12	6	-0.333644475484258	1	FALSE
RPS5	Vitvi19g01648	41_retained_homologs	Rpv12	24	-2.88631486296296	0.192684624870715	TRUE
RPS5	Vitvi19g01648	41_retained_homologs	Rpv12+1	0	0.111047302794415	1	FALSE
RPS5	Vitvi19g01648	41_retained_homologs	Rpv12+1	6	0.152564039681025	1	FALSE
RPS5	Vitvi19g01648	41_retained_homologs	Rpv12+1	24	0.029335352281457	1	FALSE
RPS5	Vitvi19g01648	41_retained_homologs	Rpv12+1+3	0	-7.09022175885217	0.00307910428274431	TRUE
RPS5	Vitvi19g01648	41_retained_homologs	Rpv12+1+3	6	-1.15876946188176	0.704299375990342	FALSE
RPS5	Vitvi19g01648	41_retained_homologs	Rpv12+1+3	24	-2.69649203582551	0.188554686326917	TRUE
RPS5	Vitvi19g04600	41_retained_homologs	Rpv12	0	-7.27817854577792	0.000973481078056817	TRUE
RPS5	Vitvi19g04600	41_retained_homologs	Rpv12	6	-6.05131569665954	0.0170598996256576	TRUE
RPS5	Vitvi19g04600	41_retained_homologs	Rpv12	24	-0.650630787258659	1	FALSE
RPS5	Vitvi19g04600	41_retained_homologs	Rpv12+1	0	0.238403755031311	1	FALSE
RPS5	Vitvi19g04600	41_retained_homologs	Rpv12+1	6	0.221511514659689	1	FALSE
RPS5	Vitvi19g04600	41_retained_homologs	Rpv12+1	24	0.345690591177899	1	FALSE
RPS5	Vitvi19g04600	41_retained_homologs	Rpv12+1+3	0	-7.5841775379997	0.000542896944887491	TRUE
RPS5	Vitvi19g04600	41_retained_homologs	Rpv12+1+3	6	-4.02396741612896	0.0499143358829771	TRUE
RPS5	Vitvi19g04600	41_retained_homologs	Rpv12+1+3	24	-6.76449799368871	0.00188506716067918	TRUE
SARD4	Vitvi16g01127	41_retained_homologs	Rpv12	0	1.86316583748142	0.113845186679072	TRUE
SARD4	Vitvi16g01127	41_retained_homologs	Rpv12	6	0.411771770116231	1	FALSE
SARD4	Vitvi16g01127	41_retained_homologs	Rpv12	24	-1.74444712690513	0.196821826639529	TRUE
SARD4	Vitvi16g01127	41_retained_homologs	Rpv12+1	0	-0.260416708440491	1	FALSE
SARD4	Vitvi16g01127	41_retained_homologs	Rpv12+1	6	-0.238474731267906	1	FALSE
SARD4	Vitvi16g01127	41_retained_homologs	Rpv12+1	24	-2.38490404093437	0.00284259594664703	TRUE
SARD4	Vitvi16g01127	41_retained_homologs	Rpv12+1+3	0	-0.0326250126360752	1	FALSE
SARD4	Vitvi16g01127	41_retained_homologs	Rpv12+1+3	6	0.0181595238831098	1	FALSE
SARD4	Vitvi16g01127	41_retained_homologs	Rpv12+1+3	24	-1.10336395035739	1	TRUE
SRC2	Vitvi07g02185	41_retained_homologs	Rpv12	0	-1.29796724801594	0.86372115256874	TRUE
SRC2	Vitvi07g02185	41_retained_homologs	Rpv12	6	2.25179585382915	0.321802581873584	TRUE
SRC2	Vitvi07g02185	41_retained_homologs	Rpv12	24	-3.43124870517982	0.0026293398839335	TRUE
SRC2	Vitvi07g02185	41_retained_homologs	Rpv12+1	0	-0.399630492146012	1	FALSE
SRC2	Vitvi07g02185	41_retained_homologs	Rpv12+1	6	2.32188094934426	0.284688691251845	TRUE
SRC2	Vitvi07g02185	41_retained_homologs	Rpv12+1	24	0.0716989244621202	1	FALSE
SRC2	Vitvi07g02185	41_retained_homologs	Rpv12+1+3	0	0.582442278205734	1	FALSE
SRC2	Vitvi07g02185	41_retained_homologs	Rpv12+1+3	6	2.58768628703032	0.0699368907162366	TRUE
SRC2	Vitvi07g02185	41_retained_homologs	Rpv12+1+3	24	0.233948339063029	1	FALSE
SRC2	Vitvi18g02114	41_retained_homologs	Rpv12	0	-0.122251611793633	1	FALSE
SRC2	Vitvi18g02114	41_retained_homologs	Rpv12	6	-0.0602804018632821	1	FALSE
SRC2	Vitvi18g02114	41_retained_homologs	Rpv12	24	-0.200903923477892	1	FALSE
SRC2	Vitvi18g02114	41_retained_homologs	Rpv12+1	0	-0.139905319626796	1	FALSE
SRC2	Vitvi18g02114	41_retained_homologs	Rpv12+1	6	-0.117213709351843	0.676061137978307	FALSE
SRC2	Vitvi18g02114	41_retained_homologs	Rpv12+1	24	-4.40810421722529	0.0871563765604905	TRUE
SRC2	Vitvi18g02114	41_retained_homologs	Rpv12+1+3	0	-0.17689499237777	1	FALSE
SRC2	Vitvi18g02114	41_retained_homologs	Rpv12+1+3	6	-0.418750721204663	0.283626869040028	FALSE
SRC2	Vitvi18g02114	41_retained_homologs	Rpv12+1+3	24	-7.82671358103307	0.00865417306023033	TRUE
SRG1	Vitvi02g01473	41_retained_homologs	Rpv12	0	0.093556671407096	1	FALSE
SRG1	Vitvi02g01473	41_retained_homologs	Rpv12	6	-0.0260498134220479	1	FALSE
SRG1	Vitvi02g01473	41_retained_homologs	Rpv12	24	-4.24818893880307	0.00404983898642057	TRUE
SRG1	Vitvi02g01473	41_retained_homologs	Rpv12+1	0	-0.129574922305964	1	FALSE
SRG1	Vitvi02g01473	41_retained_homologs	Rpv12+1	6	-0.00510878422121505	1	FALSE
SRG1	Vitvi02g01473	41_retained_homologs	Rpv12+1	24	-3.40940944807095	0.0403885676543082	TRUE
SRG1	Vitvi02g01473	41_retained_homologs	Rpv12+1+3	0	2.33356784430324	0.225845962561227	TRUE
SRG1	Vitvi02g01473	41_retained_homologs	Rpv12+1+3	6	0.322625260540168	1	FALSE
SRG1	Vitvi02g01473	41_retained_homologs	Rpv12+1+3	24	0.0475572627191343	1	FALSE
SRG1	Vitvi10g00685	41_retained_homologs	Rpv12	0	-3.96755910891717	0.106522785851217	TRUE
SRG1	Vitvi10g00685	41_retained_homologs	Rpv12	6	-0.151303577156668	1	FALSE
SRG1	Vitvi10g00685	41_retained_homologs	Rpv12	24	-1.32585666618665	0.962956572487366	TRUE
SRG1	Vitvi10g00685	41_retained_homologs	Rpv12+1	0	1.94447420121897	0.429091339590074	TRUE
SRG1	Vitvi10g00685	41_retained_homologs	Rpv12+1	6	0.312292508162866	1	FALSE
SRG1	Vitvi10g00685	41_retained_homologs	Rpv12+1	24	-0.298794363818867	1	FALSE
SRG1	Vitvi10g00685	41_retained_homologs	Rpv12+1+3	0	3.43144624961463	0.0159699504360398	TRUE
SRG1	Vitvi10g00685	41_retained_homologs	Rpv12+1+3	6	0.621822479982449	1	FALSE
SRG1	Vitvi10g00685	41_retained_homologs	Rpv12+1+3	24	0.426536878497074	1	FALSE
SRG1	Vitvi10g00687	41_retained_homologs	Rpv12	0	0.486014739868425	1	FALSE
SRG1	Vitvi10g00687	41_retained_homologs	Rpv12	6	0.0421684529904367	1	FALSE
SRG1	Vitvi10g00687	41_retained_homologs	Rpv12	24	-5.74385181406072	0.000326867740614051	TRUE
SRG1	Vitvi10g00687	41_retained_homologs	Rpv12+1	0	2.50879947364243	0.275655789329296	TRUE
SRG1	Vitvi10g00687	41_retained_homologs	Rpv12+1	6	0.0202396362759449	1	FALSE
SRG1	Vitvi10g00687	41_retained_homologs	Rpv12+1	24	-1.83584767624244	0.435840273388758	TRUE
SRG1	Vitvi10g00687	41_retained_homologs	Rpv12+1+3	0	0.381134806879045	1	FALSE
SRG1	Vitvi10g00687	41_retained_homologs	Rpv12+1+3	6	0.0608220796497585	1	FALSE
SRG1	Vitvi10g00687	41_retained_homologs	Rpv12+1+3	24	0.0244889004406512	1	FALSE
SRG1	Vitvi10g00694	41_retained_homologs	Rpv12	0	-6.64067546040755	0.0203118747696551	TRUE
SRG1	Vitvi10g00694	41_retained_homologs	Rpv12	6	2.75299860614776	0.446801068520748	TRUE
SRG1	Vitvi10g00694	41_retained_homologs	Rpv12	24	-0.013301631822284	1	FALSE
SRG1	Vitvi10g00694	41_retained_homologs	Rpv12+1	0	0.0673574189627545	1	FALSE
SRG1	Vitvi10g00694	41_retained_homologs	Rpv12+1	6	0.217476705231155	1	FALSE
SRG1	Vitvi10g00694	41_retained_homologs	Rpv12+1	24	5.14613195235425	0.0534477288938751	TRUE
SRG1	Vitvi10g00694	41_retained_homologs	Rpv12+1+3	0	0.442833333059225	1	FALSE
SRG1	Vitvi10g00694	41_retained_homologs	Rpv12+1+3	6	4.40715170273288	0.0361791727864755	TRUE
SRG1	Vitvi10g00694	41_retained_homologs	Rpv12+1+3	24	7.36876599251104	0.00271926943761555	TRUE
WRKY47	Vitvi07g00523	41_retained_homologs	Rpv12	0	-0.489740557973511	1	FALSE
WRKY47	Vitvi07g00523	41_retained_homologs	Rpv12	6	1.12689120155939	1	TRUE
WRKY47	Vitvi07g00523	41_retained_homologs	Rpv12	24	-2.07198987769428	0.109011919513094	TRUE
WRKY47	Vitvi07g00523	41_retained_homologs	Rpv12+1	0	-0.349322422434332	1	FALSE
WRKY47	Vitvi07g00523	41_retained_homologs	Rpv12+1	6	1.5867072689862	0.873075062379214	TRUE
WRKY47	Vitvi07g00523	41_retained_homologs	Rpv12+1	24	0.144651255452057	1	FALSE
WRKY47	Vitvi07g00523	41_retained_homologs	Rpv12+1+3	0	1.81602308542124	0.285955735293775	TRUE
WRKY47	Vitvi07g00523	41_retained_homologs	Rpv12+1+3	6	2.39863519099631	0.0250989226191514	TRUE
WRKY47	Vitvi07g00523	41_retained_homologs	Rpv12+1+3	24	0.603023892634977	1	FALSE
WRKY51	Vitvi04g00760	41_retained_homologs	Rpv12	0	0.820455723420495	0.974877849087822	FALSE
WRKY51	Vitvi04g00760	41_retained_homologs	Rpv12	6	0.0585948178810427	1	FALSE
WRKY51	Vitvi04g00760	41_retained_homologs	Rpv12	24	-3.27562899260403	0.0304615385648219	TRUE
WRKY51	Vitvi04g00760	41_retained_homologs	Rpv12+1	0	0.00954947643723061	1	FALSE
WRKY51	Vitvi04g00760	41_retained_homologs	Rpv12+1	6	-0.0642303238432489	1	FALSE
WRKY51	Vitvi04g00760	41_retained_homologs	Rpv12+1	24	-4.19417602837606	0.003117708278942	TRUE
WRKY51	Vitvi04g00760	41_retained_homologs	Rpv12+1+3	0	0.00660174279015889	1	FALSE
WRKY51	Vitvi04g00760	41_retained_homologs	Rpv12+1+3	6	0.262196499147882	1	FALSE
WRKY51	Vitvi04g00760	41_retained_homologs	Rpv12+1+3	24	-0.134776862865495	1	FALSE
WRKY51	Vitvi07g01847	41_retained_homologs	Rpv12	0	1.65975657944354	0.31890745691727	TRUE
WRKY51	Vitvi07g01847	41_retained_homologs	Rpv12	6	0.290003951913962	1	FALSE
WRKY51	Vitvi07g01847	41_retained_homologs	Rpv12	24	-1.0100516944504	1	TRUE
WRKY51	Vitvi07g01847	41_retained_homologs	Rpv12+1	0	0.130711218073784	1	FALSE
WRKY51	Vitvi07g01847	41_retained_homologs	Rpv12+1	6	-0.0855197841666183	1	FALSE
WRKY51	Vitvi07g01847	41_retained_homologs	Rpv12+1	24	-2.17968557712179	0.0326419497555051	TRUE
WRKY51	Vitvi07g01847	41_retained_homologs	Rpv12+1+3	0	0.0571727472733173	1	FALSE
WRKY51	Vitvi07g01847	41_retained_homologs	Rpv12+1+3	6	-0.148235102520372	1	FALSE
WRKY51	Vitvi07g01847	41_retained_homologs	Rpv12+1+3	24	-0.890015905689615	1	FALSE
WRKY55	Vitvi13g00189	41_retained_homologs	Rpv12	0	3.25644248859417	0.00200213531398217	TRUE
WRKY55	Vitvi13g00189	41_retained_homologs	Rpv12	6	0.216875763543557	1	FALSE
WRKY55	Vitvi13g00189	41_retained_homologs	Rpv12	24	0.0909655448017984	1	FALSE
WRKY55	Vitvi13g00189	41_retained_homologs	Rpv12+1	0	2.21349155421053	0.175804467463361	TRUE
WRKY55	Vitvi13g00189	41_retained_homologs	Rpv12+1	6	-0.10369611581121	1	FALSE
WRKY55	Vitvi13g00189	41_retained_homologs	Rpv12+1	24	-0.618490807159019	1	FALSE
WRKY55	Vitvi13g00189	41_retained_homologs	Rpv12+1+3	0	-0.608753471104575	1	FALSE
WRKY55	Vitvi13g00189	41_retained_homologs	Rpv12+1+3	6	-0.464586075542975	1	FALSE
WRKY55	Vitvi13g00189	41_retained_homologs	Rpv12+1+3	24	-0.383242310782529	1	FALSE
ZAR1	Vitvi19g02165	41_retained_homologs	Rpv12	0	0.168188957239589	1	FALSE
ZAR1	Vitvi19g02165	41_retained_homologs	Rpv12	6	0.536855514017531	1	FALSE
ZAR1	Vitvi19g02165	41_retained_homologs	Rpv12	24	0.787935423889577	1	FALSE
ZAR1	Vitvi19g02165	41_retained_homologs	Rpv12+1	0	-0.862325525026075	1	FALSE
ZAR1	Vitvi19g02165	41_retained_homologs	Rpv12+1	6	-1.48615547647656	0.737924727723985	TRUE
ZAR1	Vitvi19g02165	41_retained_homologs	Rpv12+1	24	-1.20897909045268	1	TRUE
ZAR1	Vitvi19g02165	41_retained_homologs	Rpv12+1+3	0	1.93286430292245	0.020480072196366	TRUE
ZAR1	Vitvi19g02165	41_retained_homologs	Rpv12+1+3	6	1.5339263098047	0.251482568239277	TRUE
ZAR1	Vitvi19g02165	41_retained_homologs	Rpv12+1+3	24	1.70910240768418	0.0759393957315794	TRUE
ZAR1	Vitvi19g04138	41_retained_homologs	Rpv12	0	1.83326476201425	0.322832709012272	TRUE
ZAR1	Vitvi19g04138	41_retained_homologs	Rpv12	6	0.00307717276896349	1	FALSE
ZAR1	Vitvi19g04138	41_retained_homologs	Rpv12	24	-0.113527292989618	1	FALSE
ZAR1	Vitvi19g04138	41_retained_homologs	Rpv12+1	0	2.69692648123399	0.0419285050505491	TRUE
ZAR1	Vitvi19g04138	41_retained_homologs	Rpv12+1	6	0.116982376184127	1	FALSE
ZAR1	Vitvi19g04138	41_retained_homologs	Rpv12+1	24	0.362301099670843	1	FALSE
ZAR1	Vitvi19g04138	41_retained_homologs	Rpv12+1+3	0	-0.0547039762584151	1	FALSE
ZAR1	Vitvi19g04138	41_retained_homologs	Rpv12+1+3	6	-2.14003766034678	0.168748097319531	TRUE
ZAR1	Vitvi19g04138	41_retained_homologs	Rpv12+1+3	24	0.124026678728155	1	FALSE
