Loading bio/fastp/1.0.1-GCC-13.3.0
  Loading requirement: compiler/GCCcore/13.3.0 lib/zlib/1.3.1-GCCcore-13.3.0
    tools/binutils/2.42-GCCcore-13.3.0 compiler/GCC/13.3.0
    system/libdeflate/1.20-GCCcore-13.3.0 lang/NASM/2.16.03-GCCcore-13.3.0
    lib/ISA-L/2.31.0-GCCcore-13.3.0
Read1 before filtering:
total reads: 47441473
total bases: 2372073650
Q20 bases: 2342208792(98.741%)
Q30 bases: 2296741103(96.8242%)
Q40 bases: 1123620826(47.3687%)

Read2 before filtering:
total reads: 47441473
total bases: 2372073650
Q20 bases: 2295605830(96.7763%)
Q30 bases: 2235014035(94.2219%)
Q40 bases: 1072143898(45.1986%)

Read1 after filtering:
total reads: 44334065
total bases: 2216119862
Q20 bases: 2206866196(99.5824%)
Q30 bases: 2176450249(98.21%)
Q40 bases: 1096381958(49.473%)

Read2 after filtering:
total reads: 44334065
total bases: 2216119862
Q20 bases: 2204545104(99.4777%)
Q30 bases: 2166780479(97.7736%)
Q40 bases: 1063236848(47.9774%)

Filtering result:
reads passed filter: 88668130
reads failed due to low quality: 6214014
reads failed due to too many N: 802
reads with adapter trimmed: 500152
bases trimmed due to adapters: 4244096

Duplication rate: 44.4679%

Insert size peak (evaluated by paired-end reads): 50

JSON report: ERR2987432_fastp.json
HTML report: ERR2987432_fastp.html

fastp -i ERR2987432_1.fastq.gz -I ERR2987432_2.fastq.gz -o ERR2987432_1.q30.fastq.gz -O ERR2987432_2.q30.fastq.gz --average_qual 30 --disable_length_filtering -w 8 -j ERR2987432_fastp.json -h ERR2987432_fastp.html 
fastp v1.0.1, time used: 54 seconds
Unloading compiler/GCC/13.3.0 <aL>
  Unloading dependent: bio/fastp/1.0.1-GCC-13.3.0
  Unloading useless requirement: lib/ISA-L/2.31.0-GCCcore-13.3.0
    lang/NASM/2.16.03-GCCcore-13.3.0 system/libdeflate/1.20-GCCcore-13.3.0
    tools/binutils/2.42-GCCcore-13.3.0 lib/zlib/1.3.1-GCCcore-13.3.0
    compiler/GCCcore/13.3.0
Loading bio/STAR/2.7.10b-GCC-11.3.0
  Loading requirement: compiler/GCCcore/11.3.0 lib/zlib/1.2.12-GCCcore-11.3.0
    tools/binutils/2.38-GCCcore-11.3.0 compiler/GCC/11.3.0
    tools/bzip2/1.0.8-GCCcore-11.3.0 tools/XZ/5.2.5-GCCcore-11.3.0
    system/OpenSSL/1.1 tools/cURL/7.83.0-GCCcore-11.3.0
    bio/HTSlib/1.15.1-GCC-11.3.0
	STAR --runThreadN 24 --genomeDir /scratch/USERNAME/Vitis/GGref/STAR_index_PN40024v4 --readFilesIn ERR2987432_1.q30.fastq.gz ERR2987432_2.q30.fastq.gz --readFilesCommand zcat --outFileNamePrefix ERR2987432_ --outSAMtype BAM SortedByCoordinate --outBAMsortingBinsN 20 --limitBAMsortRAM 10000000000 --outFilterMultimapNmax 1 --twopassMode Basic
	STAR version: 2.7.10b   compiled: 2024-07-31T14:09:58+02:00 ramses4:/dev/shm/sborowsk/build/STAR/2.7.10b/GCC-11.3.0/STAR-2.7.10b/source
Jul 30 09:31:23 ..... started STAR run
Jul 30 09:31:23 ..... loading genome
Jul 30 09:31:24 ..... started 1st pass mapping
Jul 30 09:32:18 ..... finished 1st pass mapping
Jul 30 09:32:18 ..... inserting junctions into the genome indices
Jul 30 09:32:29 ..... started mapping
Jul 30 09:33:27 ..... finished mapping
Jul 30 09:33:27 ..... started sorting BAM
Jul 30 09:33:45 ..... finished successfully
Unloading compiler/GCC/11.3.0 <aL>
  Unloading dependent: bio/STAR/2.7.10b-GCC-11.3.0
  Unloading useless requirement: bio/HTSlib/1.15.1-GCC-11.3.0
    tools/cURL/7.83.0-GCCcore-11.3.0 system/OpenSSL/1.1
    tools/XZ/5.2.5-GCCcore-11.3.0 tools/bzip2/1.0.8-GCCcore-11.3.0
    tools/binutils/2.38-GCCcore-11.3.0 lib/zlib/1.2.12-GCCcore-11.3.0
    compiler/GCCcore/11.3.0
Loading bio/fastp/1.0.1-GCC-13.3.0
  Loading requirement: compiler/GCCcore/13.3.0 lib/zlib/1.3.1-GCCcore-13.3.0
    tools/binutils/2.42-GCCcore-13.3.0 compiler/GCC/13.3.0
    system/libdeflate/1.20-GCCcore-13.3.0 lang/NASM/2.16.03-GCCcore-13.3.0
    lib/ISA-L/2.31.0-GCCcore-13.3.0
Read1 before filtering:
total reads: 42704655
total bases: 2135232750
Q20 bases: 2112434252(98.9323%)
Q30 bases: 2073671434(97.1169%)
Q40 bases: 1031900721(48.3273%)

Read2 before filtering:
total reads: 42704655
total bases: 2135232750
Q20 bases: 2073672161(97.1169%)
Q30 bases: 2023254594(94.7557%)
Q40 bases: 1000462422(46.855%)

Read1 after filtering:
total reads: 40211240
total bases: 2010163556
Q20 bases: 2002138593(99.6008%)
Q30 bases: 1975554741(98.2783%)
Q40 bases: 1008813197(50.1856%)

Read2 after filtering:
total reads: 40211240
total bases: 2010163556
Q20 bases: 2000254932(99.5071%)
Q30 bases: 1968770436(97.9408%)
Q40 bases: 992892338(49.3936%)

Filtering result:
reads passed filter: 80422480
reads failed due to low quality: 4986056
reads failed due to too many N: 774
reads with adapter trimmed: 256472
bases trimmed due to adapters: 2241302

Duplication rate: 42.2983%

Insert size peak (evaluated by paired-end reads): 50

JSON report: ERR2987443_fastp.json
HTML report: ERR2987443_fastp.html

fastp -i ERR2987443_1.fastq.gz -I ERR2987443_2.fastq.gz -o ERR2987443_1.q30.fastq.gz -O ERR2987443_2.q30.fastq.gz --average_qual 30 --disable_length_filtering -w 8 -j ERR2987443_fastp.json -h ERR2987443_fastp.html 
fastp v1.0.1, time used: 49 seconds
Unloading compiler/GCC/13.3.0 <aL>
  Unloading dependent: bio/fastp/1.0.1-GCC-13.3.0
  Unloading useless requirement: lib/ISA-L/2.31.0-GCCcore-13.3.0
    lang/NASM/2.16.03-GCCcore-13.3.0 system/libdeflate/1.20-GCCcore-13.3.0
    tools/binutils/2.42-GCCcore-13.3.0 lib/zlib/1.3.1-GCCcore-13.3.0
    compiler/GCCcore/13.3.0
Loading bio/STAR/2.7.10b-GCC-11.3.0
  Loading requirement: compiler/GCCcore/11.3.0 lib/zlib/1.2.12-GCCcore-11.3.0
    tools/binutils/2.38-GCCcore-11.3.0 compiler/GCC/11.3.0
    tools/bzip2/1.0.8-GCCcore-11.3.0 tools/XZ/5.2.5-GCCcore-11.3.0
    system/OpenSSL/1.1 tools/cURL/7.83.0-GCCcore-11.3.0
    bio/HTSlib/1.15.1-GCC-11.3.0
	STAR --runThreadN 24 --genomeDir /scratch/USERNAME/Vitis/GGref/STAR_index_PN40024v4 --readFilesIn ERR2987443_1.q30.fastq.gz ERR2987443_2.q30.fastq.gz --readFilesCommand zcat --outFileNamePrefix ERR2987443_ --outSAMtype BAM SortedByCoordinate --outBAMsortingBinsN 20 --limitBAMsortRAM 10000000000 --outFilterMultimapNmax 1 --twopassMode Basic
	STAR version: 2.7.10b   compiled: 2024-07-31T14:09:58+02:00 ramses4:/dev/shm/sborowsk/build/STAR/2.7.10b/GCC-11.3.0/STAR-2.7.10b/source
Jul 30 09:34:35 ..... started STAR run
Jul 30 09:34:35 ..... loading genome
Jul 30 09:34:36 ..... started 1st pass mapping
Jul 30 09:35:31 ..... finished 1st pass mapping
Jul 30 09:35:31 ..... inserting junctions into the genome indices
Jul 30 09:35:42 ..... started mapping
Jul 30 09:36:36 ..... finished mapping
Jul 30 09:36:36 ..... started sorting BAM
Jul 30 09:36:54 ..... finished successfully
Unloading compiler/GCC/11.3.0 <aL>
  Unloading dependent: bio/STAR/2.7.10b-GCC-11.3.0
  Unloading useless requirement: bio/HTSlib/1.15.1-GCC-11.3.0
    tools/cURL/7.83.0-GCCcore-11.3.0 system/OpenSSL/1.1
    tools/XZ/5.2.5-GCCcore-11.3.0 tools/bzip2/1.0.8-GCCcore-11.3.0
    tools/binutils/2.38-GCCcore-11.3.0 lib/zlib/1.2.12-GCCcore-11.3.0
    compiler/GCCcore/11.3.0
Loading bio/fastp/1.0.1-GCC-13.3.0
  Loading requirement: compiler/GCCcore/13.3.0 lib/zlib/1.3.1-GCCcore-13.3.0
    tools/binutils/2.42-GCCcore-13.3.0 compiler/GCC/13.3.0
    system/libdeflate/1.20-GCCcore-13.3.0 lang/NASM/2.16.03-GCCcore-13.3.0
    lib/ISA-L/2.31.0-GCCcore-13.3.0
Read1 before filtering:
total reads: 23678598
total bases: 1183929900
Q20 bases: 1167920738(98.6478%)
Q30 bases: 1147992837(96.9646%)
Q40 bases: 581639100(49.1278%)

Read2 before filtering:
total reads: 23678598
total bases: 1183929900
Q20 bases: 1152293384(97.3278%)
Q30 bases: 1128717276(95.3365%)
Q40 bases: 577262535(48.7582%)

Read1 after filtering:
total reads: 22295002
total bases: 1114265937
Q20 bases: 1109900354(99.6082%)
Q30 bases: 1096329074(98.3903%)
Q40 bases: 570815341(51.2279%)

Read2 after filtering:
total reads: 22295002
total bases: 1114265937
Q20 bases: 1109568626(99.5784%)
Q30 bases: 1094702684(98.2443%)
Q40 bases: 571784908(51.3149%)

Filtering result:
reads passed filter: 44590004
reads failed due to low quality: 2766946
reads failed due to too many N: 246
reads with adapter trimmed: 355740
bases trimmed due to adapters: 2930462

Duplication rate: 21.4454%

Insert size peak (evaluated by paired-end reads): 50

JSON report: ERR2987454_fastp.json
HTML report: ERR2987454_fastp.html

fastp -i ERR2987454_1.fastq.gz -I ERR2987454_2.fastq.gz -o ERR2987454_1.q30.fastq.gz -O ERR2987454_2.q30.fastq.gz --average_qual 30 --disable_length_filtering -w 8 -j ERR2987454_fastp.json -h ERR2987454_fastp.html 
fastp v1.0.1, time used: 27 seconds
Unloading compiler/GCC/13.3.0 <aL>
  Unloading dependent: bio/fastp/1.0.1-GCC-13.3.0
  Unloading useless requirement: lib/ISA-L/2.31.0-GCCcore-13.3.0
    lang/NASM/2.16.03-GCCcore-13.3.0 system/libdeflate/1.20-GCCcore-13.3.0
    tools/binutils/2.42-GCCcore-13.3.0 lib/zlib/1.3.1-GCCcore-13.3.0
    compiler/GCCcore/13.3.0
Loading bio/STAR/2.7.10b-GCC-11.3.0
  Loading requirement: compiler/GCCcore/11.3.0 lib/zlib/1.2.12-GCCcore-11.3.0
    tools/binutils/2.38-GCCcore-11.3.0 compiler/GCC/11.3.0
    tools/bzip2/1.0.8-GCCcore-11.3.0 tools/XZ/5.2.5-GCCcore-11.3.0
    system/OpenSSL/1.1 tools/cURL/7.83.0-GCCcore-11.3.0
    bio/HTSlib/1.15.1-GCC-11.3.0
	STAR --runThreadN 24 --genomeDir /scratch/USERNAME/Vitis/GGref/STAR_index_PN40024v4 --readFilesIn ERR2987454_1.q30.fastq.gz ERR2987454_2.q30.fastq.gz --readFilesCommand zcat --outFileNamePrefix ERR2987454_ --outSAMtype BAM SortedByCoordinate --outBAMsortingBinsN 20 --limitBAMsortRAM 10000000000 --outFilterMultimapNmax 1 --twopassMode Basic
	STAR version: 2.7.10b   compiled: 2024-07-31T14:09:58+02:00 ramses4:/dev/shm/sborowsk/build/STAR/2.7.10b/GCC-11.3.0/STAR-2.7.10b/source
Jul 30 09:37:22 ..... started STAR run
Jul 30 09:37:22 ..... loading genome
Jul 30 09:37:23 ..... started 1st pass mapping
Jul 30 09:37:55 ..... finished 1st pass mapping
Jul 30 09:37:55 ..... inserting junctions into the genome indices
Jul 30 09:38:06 ..... started mapping
Jul 30 09:38:37 ..... finished mapping
Jul 30 09:38:38 ..... started sorting BAM
Jul 30 09:38:48 ..... finished successfully
Unloading compiler/GCC/11.3.0 <aL>
  Unloading dependent: bio/STAR/2.7.10b-GCC-11.3.0
  Unloading useless requirement: bio/HTSlib/1.15.1-GCC-11.3.0
    tools/cURL/7.83.0-GCCcore-11.3.0 system/OpenSSL/1.1
    tools/XZ/5.2.5-GCCcore-11.3.0 tools/bzip2/1.0.8-GCCcore-11.3.0
    tools/binutils/2.38-GCCcore-11.3.0 lib/zlib/1.2.12-GCCcore-11.3.0
    compiler/GCCcore/11.3.0
Loading bio/fastp/1.0.1-GCC-13.3.0
  Loading requirement: compiler/GCCcore/13.3.0 lib/zlib/1.3.1-GCCcore-13.3.0
    tools/binutils/2.42-GCCcore-13.3.0 compiler/GCC/13.3.0
    system/libdeflate/1.20-GCCcore-13.3.0 lang/NASM/2.16.03-GCCcore-13.3.0
    lib/ISA-L/2.31.0-GCCcore-13.3.0
Read1 before filtering:
total reads: 48802049
total bases: 2440102450
Q20 bases: 2412907832(98.8855%)
Q30 bases: 2370666714(97.1544%)
Q40 bases: 1203152544(49.3075%)

Read2 before filtering:
total reads: 48802049
total bases: 2440102450
Q20 bases: 2370042330(97.1288%)
Q30 bases: 2315697475(94.9016%)
Q40 bases: 1166348097(47.7991%)

Read1 after filtering:
total reads: 45977120
total bases: 2298257093
Q20 bases: 2289191631(99.6056%)
Q30 bases: 2260289769(98.348%)
Q40 bases: 1176879124(51.2075%)

Read2 after filtering:
total reads: 45977120
total bases: 2298257093
Q20 bases: 2287299579(99.5232%)
Q30 bases: 2253477140(98.0516%)
Q40 bases: 1157434977(50.3614%)

Filtering result:
reads passed filter: 91954240
reads failed due to low quality: 5648986
reads failed due to too many N: 872
reads with adapter trimmed: 333362
bases trimmed due to adapters: 2752902

Duplication rate: 28.4303%

Insert size peak (evaluated by paired-end reads): 50

JSON report: ERR2987435_fastp.json
HTML report: ERR2987435_fastp.html

fastp -i ERR2987435_1.fastq.gz -I ERR2987435_2.fastq.gz -o ERR2987435_1.q30.fastq.gz -O ERR2987435_2.q30.fastq.gz --average_qual 30 --disable_length_filtering -w 8 -j ERR2987435_fastp.json -h ERR2987435_fastp.html 
fastp v1.0.1, time used: 56 seconds
Unloading compiler/GCC/13.3.0 <aL>
  Unloading dependent: bio/fastp/1.0.1-GCC-13.3.0
  Unloading useless requirement: lib/ISA-L/2.31.0-GCCcore-13.3.0
    lang/NASM/2.16.03-GCCcore-13.3.0 system/libdeflate/1.20-GCCcore-13.3.0
    tools/binutils/2.42-GCCcore-13.3.0 lib/zlib/1.3.1-GCCcore-13.3.0
    compiler/GCCcore/13.3.0
Loading bio/STAR/2.7.10b-GCC-11.3.0
  Loading requirement: compiler/GCCcore/11.3.0 lib/zlib/1.2.12-GCCcore-11.3.0
    tools/binutils/2.38-GCCcore-11.3.0 compiler/GCC/11.3.0
    tools/bzip2/1.0.8-GCCcore-11.3.0 tools/XZ/5.2.5-GCCcore-11.3.0
    system/OpenSSL/1.1 tools/cURL/7.83.0-GCCcore-11.3.0
    bio/HTSlib/1.15.1-GCC-11.3.0
	STAR --runThreadN 24 --genomeDir /scratch/USERNAME/Vitis/GGref/STAR_index_PN40024v4 --readFilesIn ERR2987435_1.q30.fastq.gz ERR2987435_2.q30.fastq.gz --readFilesCommand zcat --outFileNamePrefix ERR2987435_ --outSAMtype BAM SortedByCoordinate --outBAMsortingBinsN 20 --limitBAMsortRAM 10000000000 --outFilterMultimapNmax 1 --twopassMode Basic
	STAR version: 2.7.10b   compiled: 2024-07-31T14:09:58+02:00 ramses4:/dev/shm/sborowsk/build/STAR/2.7.10b/GCC-11.3.0/STAR-2.7.10b/source
Jul 30 09:39:45 ..... started STAR run
Jul 30 09:39:45 ..... loading genome
Jul 30 09:39:46 ..... started 1st pass mapping
Jul 30 09:40:51 ..... finished 1st pass mapping
Jul 30 09:40:52 ..... inserting junctions into the genome indices
Jul 30 09:41:04 ..... started mapping
Jul 30 09:42:07 ..... finished mapping
Jul 30 09:42:08 ..... started sorting BAM
Jul 30 09:42:30 ..... finished successfully
Unloading compiler/GCC/11.3.0 <aL>
  Unloading dependent: bio/STAR/2.7.10b-GCC-11.3.0
  Unloading useless requirement: bio/HTSlib/1.15.1-GCC-11.3.0
    tools/cURL/7.83.0-GCCcore-11.3.0 system/OpenSSL/1.1
    tools/XZ/5.2.5-GCCcore-11.3.0 tools/bzip2/1.0.8-GCCcore-11.3.0
    tools/binutils/2.38-GCCcore-11.3.0 lib/zlib/1.2.12-GCCcore-11.3.0
    compiler/GCCcore/11.3.0
Loading bio/fastp/1.0.1-GCC-13.3.0
  Loading requirement: compiler/GCCcore/13.3.0 lib/zlib/1.3.1-GCCcore-13.3.0
    tools/binutils/2.42-GCCcore-13.3.0 compiler/GCC/13.3.0
    system/libdeflate/1.20-GCCcore-13.3.0 lang/NASM/2.16.03-GCCcore-13.3.0
    lib/ISA-L/2.31.0-GCCcore-13.3.0
Read1 before filtering:
total reads: 37922391
total bases: 1896119550
Q20 bases: 1874200355(98.844%)
Q30 bases: 1841098565(97.0982%)
Q40 bases: 931828144(49.144%)

Read2 before filtering:
total reads: 37922391
total bases: 1896119550
Q20 bases: 1840459893(97.0645%)
Q30 bases: 1797737673(94.8114%)
Q40 bases: 902545613(47.5996%)

Read1 after filtering:
total reads: 35661260
total bases: 1782572212
Q20 bases: 1775510796(99.6039%)
Q30 bases: 1752964665(98.3391%)
Q40 bases: 911028024(51.1075%)

Read2 after filtering:
total reads: 35661260
total bases: 1782572212
Q20 bases: 1773985150(99.5183%)
Q30 bases: 1747510914(98.0331%)
Q40 bases: 895189906(50.219%)

Filtering result:
reads passed filter: 71322520
reads failed due to low quality: 4521512
reads failed due to too many N: 750
reads with adapter trimmed: 286692
bases trimmed due to adapters: 2356504

Duplication rate: 22.6155%

Insert size peak (evaluated by paired-end reads): 50

JSON report: ERR2987446_fastp.json
HTML report: ERR2987446_fastp.html

fastp -i ERR2987446_1.fastq.gz -I ERR2987446_2.fastq.gz -o ERR2987446_1.q30.fastq.gz -O ERR2987446_2.q30.fastq.gz --average_qual 30 --disable_length_filtering -w 8 -j ERR2987446_fastp.json -h ERR2987446_fastp.html 
fastp v1.0.1, time used: 44 seconds
Unloading compiler/GCC/13.3.0 <aL>
  Unloading dependent: bio/fastp/1.0.1-GCC-13.3.0
  Unloading useless requirement: lib/ISA-L/2.31.0-GCCcore-13.3.0
    lang/NASM/2.16.03-GCCcore-13.3.0 system/libdeflate/1.20-GCCcore-13.3.0
    tools/binutils/2.42-GCCcore-13.3.0 lib/zlib/1.3.1-GCCcore-13.3.0
    compiler/GCCcore/13.3.0
Loading bio/STAR/2.7.10b-GCC-11.3.0
  Loading requirement: compiler/GCCcore/11.3.0 lib/zlib/1.2.12-GCCcore-11.3.0
    tools/binutils/2.38-GCCcore-11.3.0 compiler/GCC/11.3.0
    tools/bzip2/1.0.8-GCCcore-11.3.0 tools/XZ/5.2.5-GCCcore-11.3.0
    system/OpenSSL/1.1 tools/cURL/7.83.0-GCCcore-11.3.0
    bio/HTSlib/1.15.1-GCC-11.3.0
	STAR --runThreadN 24 --genomeDir /scratch/USERNAME/Vitis/GGref/STAR_index_PN40024v4 --readFilesIn ERR2987446_1.q30.fastq.gz ERR2987446_2.q30.fastq.gz --readFilesCommand zcat --outFileNamePrefix ERR2987446_ --outSAMtype BAM SortedByCoordinate --outBAMsortingBinsN 20 --limitBAMsortRAM 10000000000 --outFilterMultimapNmax 1 --twopassMode Basic
	STAR version: 2.7.10b   compiled: 2024-07-31T14:09:58+02:00 ramses4:/dev/shm/sborowsk/build/STAR/2.7.10b/GCC-11.3.0/STAR-2.7.10b/source
Jul 30 09:43:14 ..... started STAR run
Jul 30 09:43:14 ..... loading genome
Jul 30 09:43:15 ..... started 1st pass mapping
Jul 30 09:44:03 ..... finished 1st pass mapping
Jul 30 09:44:03 ..... inserting junctions into the genome indices
Jul 30 09:44:15 ..... started mapping
Jul 30 09:45:03 ..... finished mapping
Jul 30 09:45:04 ..... started sorting BAM
Jul 30 09:45:21 ..... finished successfully
Unloading compiler/GCC/11.3.0 <aL>
  Unloading dependent: bio/STAR/2.7.10b-GCC-11.3.0
  Unloading useless requirement: bio/HTSlib/1.15.1-GCC-11.3.0
    tools/cURL/7.83.0-GCCcore-11.3.0 system/OpenSSL/1.1
    tools/XZ/5.2.5-GCCcore-11.3.0 tools/bzip2/1.0.8-GCCcore-11.3.0
    tools/binutils/2.38-GCCcore-11.3.0 lib/zlib/1.2.12-GCCcore-11.3.0
    compiler/GCCcore/11.3.0
Loading bio/fastp/1.0.1-GCC-13.3.0
  Loading requirement: compiler/GCCcore/13.3.0 lib/zlib/1.3.1-GCCcore-13.3.0
    tools/binutils/2.42-GCCcore-13.3.0 compiler/GCC/13.3.0
    system/libdeflate/1.20-GCCcore-13.3.0 lang/NASM/2.16.03-GCCcore-13.3.0
    lib/ISA-L/2.31.0-GCCcore-13.3.0
Read1 before filtering:
total reads: 21103334
total bases: 1055166700
Q20 bases: 1043952027(98.9372%)
Q30 bases: 1027279429(97.3571%)
Q40 bases: 531197456(50.3425%)

Read2 before filtering:
total reads: 21103334
total bases: 1055166700
Q20 bases: 1030017343(97.6166%)
Q30 bases: 1009093637(95.6336%)
Q40 bases: 517859586(49.0785%)

Read1 after filtering:
total reads: 20040906
total bases: 1001799952
Q20 bases: 998167965(99.6375%)
Q30 bases: 986677234(98.4904%)
Q40 bases: 522214186(52.1276%)

Read2 after filtering:
total reads: 20040906
total bases: 1001799952
Q20 bases: 997609738(99.5817%)
Q30 bases: 984141758(98.2374%)
Q40 bases: 514078751(51.3155%)

Filtering result:
reads passed filter: 40081812
reads failed due to low quality: 2124638
reads failed due to too many N: 218
reads with adapter trimmed: 142356
bases trimmed due to adapters: 1185386

Duplication rate: 18.9395%

Insert size peak (evaluated by paired-end reads): 55

JSON report: ERR2987457_fastp.json
HTML report: ERR2987457_fastp.html

fastp -i ERR2987457_1.fastq.gz -I ERR2987457_2.fastq.gz -o ERR2987457_1.q30.fastq.gz -O ERR2987457_2.q30.fastq.gz --average_qual 30 --disable_length_filtering -w 8 -j ERR2987457_fastp.json -h ERR2987457_fastp.html 
fastp v1.0.1, time used: 24 seconds
Unloading compiler/GCC/13.3.0 <aL>
  Unloading dependent: bio/fastp/1.0.1-GCC-13.3.0
  Unloading useless requirement: lib/ISA-L/2.31.0-GCCcore-13.3.0
    lang/NASM/2.16.03-GCCcore-13.3.0 system/libdeflate/1.20-GCCcore-13.3.0
    tools/binutils/2.42-GCCcore-13.3.0 lib/zlib/1.3.1-GCCcore-13.3.0
    compiler/GCCcore/13.3.0
Loading bio/STAR/2.7.10b-GCC-11.3.0
  Loading requirement: compiler/GCCcore/11.3.0 lib/zlib/1.2.12-GCCcore-11.3.0
    tools/binutils/2.38-GCCcore-11.3.0 compiler/GCC/11.3.0
    tools/bzip2/1.0.8-GCCcore-11.3.0 tools/XZ/5.2.5-GCCcore-11.3.0
    system/OpenSSL/1.1 tools/cURL/7.83.0-GCCcore-11.3.0
    bio/HTSlib/1.15.1-GCC-11.3.0
	STAR --runThreadN 24 --genomeDir /scratch/USERNAME/Vitis/GGref/STAR_index_PN40024v4 --readFilesIn ERR2987457_1.q30.fastq.gz ERR2987457_2.q30.fastq.gz --readFilesCommand zcat --outFileNamePrefix ERR2987457_ --outSAMtype BAM SortedByCoordinate --outBAMsortingBinsN 20 --limitBAMsortRAM 10000000000 --outFilterMultimapNmax 1 --twopassMode Basic
	STAR version: 2.7.10b   compiled: 2024-07-31T14:09:58+02:00 ramses4:/dev/shm/sborowsk/build/STAR/2.7.10b/GCC-11.3.0/STAR-2.7.10b/source
Jul 30 09:45:47 ..... started STAR run
Jul 30 09:45:47 ..... loading genome
Jul 30 09:45:48 ..... started 1st pass mapping
Jul 30 09:46:14 ..... finished 1st pass mapping
Jul 30 09:46:14 ..... inserting junctions into the genome indices
Jul 30 09:46:25 ..... started mapping
Jul 30 09:46:52 ..... finished mapping
Jul 30 09:46:53 ..... started sorting BAM
Jul 30 09:47:02 ..... finished successfully
Unloading compiler/GCC/11.3.0 <aL>
  Unloading dependent: bio/STAR/2.7.10b-GCC-11.3.0
  Unloading useless requirement: bio/HTSlib/1.15.1-GCC-11.3.0
    tools/cURL/7.83.0-GCCcore-11.3.0 system/OpenSSL/1.1
    tools/XZ/5.2.5-GCCcore-11.3.0 tools/bzip2/1.0.8-GCCcore-11.3.0
    tools/binutils/2.38-GCCcore-11.3.0 lib/zlib/1.2.12-GCCcore-11.3.0
    compiler/GCCcore/11.3.0
Loading bio/fastp/1.0.1-GCC-13.3.0
  Loading requirement: compiler/GCCcore/13.3.0 lib/zlib/1.3.1-GCCcore-13.3.0
    tools/binutils/2.42-GCCcore-13.3.0 compiler/GCC/13.3.0
    system/libdeflate/1.20-GCCcore-13.3.0 lang/NASM/2.16.03-GCCcore-13.3.0
    lib/ISA-L/2.31.0-GCCcore-13.3.0
Read1 before filtering:
total reads: 41248088
total bases: 2062404400
Q20 bases: 2034839586(98.6635%)
Q30 bases: 1996929011(96.8253%)
Q40 bases: 993568515(48.1753%)

Read2 before filtering:
total reads: 41248088
total bases: 2062404400
Q20 bases: 1999272615(96.9389%)
Q30 bases: 1952020595(94.6478%)
Q40 bases: 972816604(47.1691%)

Read1 after filtering:
total reads: 38599752
total bases: 1929291790
Q20 bases: 1921224773(99.5819%)
Q30 bases: 1895608053(98.2541%)
Q40 bases: 970501547(50.3035%)

Read2 after filtering:
total reads: 38599752
total bases: 1929291790
Q20 bases: 1919909221(99.5137%)
Q30 bases: 1890999320(98.0152%)
Q40 bases: 963792209(49.9558%)

Filtering result:
reads passed filter: 77199504
reads failed due to low quality: 5295942
reads failed due to too many N: 730
reads with adapter trimmed: 444308
bases trimmed due to adapters: 3507756

Duplication rate: 22.2995%

Insert size peak (evaluated by paired-end reads): 50

JSON report: ERR2987436_fastp.json
HTML report: ERR2987436_fastp.html

fastp -i ERR2987436_1.fastq.gz -I ERR2987436_2.fastq.gz -o ERR2987436_1.q30.fastq.gz -O ERR2987436_2.q30.fastq.gz --average_qual 30 --disable_length_filtering -w 8 -j ERR2987436_fastp.json -h ERR2987436_fastp.html 
fastp v1.0.1, time used: 47 seconds
Unloading compiler/GCC/13.3.0 <aL>
  Unloading dependent: bio/fastp/1.0.1-GCC-13.3.0
  Unloading useless requirement: lib/ISA-L/2.31.0-GCCcore-13.3.0
    lang/NASM/2.16.03-GCCcore-13.3.0 system/libdeflate/1.20-GCCcore-13.3.0
    tools/binutils/2.42-GCCcore-13.3.0 lib/zlib/1.3.1-GCCcore-13.3.0
    compiler/GCCcore/13.3.0
Loading bio/STAR/2.7.10b-GCC-11.3.0
  Loading requirement: compiler/GCCcore/11.3.0 lib/zlib/1.2.12-GCCcore-11.3.0
    tools/binutils/2.38-GCCcore-11.3.0 compiler/GCC/11.3.0
    tools/bzip2/1.0.8-GCCcore-11.3.0 tools/XZ/5.2.5-GCCcore-11.3.0
    system/OpenSSL/1.1 tools/cURL/7.83.0-GCCcore-11.3.0
    bio/HTSlib/1.15.1-GCC-11.3.0
	STAR --runThreadN 24 --genomeDir /scratch/USERNAME/Vitis/GGref/STAR_index_PN40024v4 --readFilesIn ERR2987436_1.q30.fastq.gz ERR2987436_2.q30.fastq.gz --readFilesCommand zcat --outFileNamePrefix ERR2987436_ --outSAMtype BAM SortedByCoordinate --outBAMsortingBinsN 20 --limitBAMsortRAM 10000000000 --outFilterMultimapNmax 1 --twopassMode Basic
	STAR version: 2.7.10b   compiled: 2024-07-31T14:09:58+02:00 ramses4:/dev/shm/sborowsk/build/STAR/2.7.10b/GCC-11.3.0/STAR-2.7.10b/source
Jul 30 09:47:50 ..... started STAR run
Jul 30 09:47:50 ..... loading genome
Jul 30 09:47:51 ..... started 1st pass mapping
Jul 30 09:48:42 ..... finished 1st pass mapping
Jul 30 09:48:42 ..... inserting junctions into the genome indices
Jul 30 09:48:55 ..... started mapping
Jul 30 09:49:48 ..... finished mapping
Jul 30 09:49:49 ..... started sorting BAM
Jul 30 09:50:07 ..... finished successfully
Unloading compiler/GCC/11.3.0 <aL>
  Unloading dependent: bio/STAR/2.7.10b-GCC-11.3.0
  Unloading useless requirement: bio/HTSlib/1.15.1-GCC-11.3.0
    tools/cURL/7.83.0-GCCcore-11.3.0 system/OpenSSL/1.1
    tools/XZ/5.2.5-GCCcore-11.3.0 tools/bzip2/1.0.8-GCCcore-11.3.0
    tools/binutils/2.38-GCCcore-11.3.0 lib/zlib/1.2.12-GCCcore-11.3.0
    compiler/GCCcore/11.3.0
Loading bio/fastp/1.0.1-GCC-13.3.0
  Loading requirement: compiler/GCCcore/13.3.0 lib/zlib/1.3.1-GCCcore-13.3.0
    tools/binutils/2.42-GCCcore-13.3.0 compiler/GCC/13.3.0
    system/libdeflate/1.20-GCCcore-13.3.0 lang/NASM/2.16.03-GCCcore-13.3.0
    lib/ISA-L/2.31.0-GCCcore-13.3.0
Read1 before filtering:
total reads: 34785631
total bases: 1739281550
Q20 bases: 1718510479(98.8058%)
Q30 bases: 1688507700(97.0808%)
Q40 bases: 857920686(49.3262%)

Read2 before filtering:
total reads: 34785631
total bases: 1739281550
Q20 bases: 1690951882(97.2213%)
Q30 bases: 1653056719(95.0425%)
Q40 bases: 836914093(48.1184%)

Read1 after filtering:
total reads: 32757096
total bases: 1637397350
Q20 bases: 1630867990(99.6012%)
Q30 bases: 1610351072(98.3482%)
Q40 bases: 839802195(51.2888%)

Read2 after filtering:
total reads: 32757096
total bases: 1637397350
Q20 bases: 1629695684(99.5296%)
Q30 bases: 1606194720(98.0944%)
Q40 bases: 829542204(50.6622%)

Filtering result:
reads passed filter: 65514192
reads failed due to low quality: 4056420
reads failed due to too many N: 650
reads with adapter trimmed: 256470
bases trimmed due to adapters: 2123164

Duplication rate: 19.292%

Insert size peak (evaluated by paired-end reads): 50

JSON report: ERR2987447_fastp.json
HTML report: ERR2987447_fastp.html

fastp -i ERR2987447_1.fastq.gz -I ERR2987447_2.fastq.gz -o ERR2987447_1.q30.fastq.gz -O ERR2987447_2.q30.fastq.gz --average_qual 30 --disable_length_filtering -w 8 -j ERR2987447_fastp.json -h ERR2987447_fastp.html 
fastp v1.0.1, time used: 40 seconds
Unloading compiler/GCC/13.3.0 <aL>
  Unloading dependent: bio/fastp/1.0.1-GCC-13.3.0
  Unloading useless requirement: lib/ISA-L/2.31.0-GCCcore-13.3.0
    lang/NASM/2.16.03-GCCcore-13.3.0 system/libdeflate/1.20-GCCcore-13.3.0
    tools/binutils/2.42-GCCcore-13.3.0 lib/zlib/1.3.1-GCCcore-13.3.0
    compiler/GCCcore/13.3.0
Loading bio/STAR/2.7.10b-GCC-11.3.0
  Loading requirement: compiler/GCCcore/11.3.0 lib/zlib/1.2.12-GCCcore-11.3.0
    tools/binutils/2.38-GCCcore-11.3.0 compiler/GCC/11.3.0
    tools/bzip2/1.0.8-GCCcore-11.3.0 tools/XZ/5.2.5-GCCcore-11.3.0
    system/OpenSSL/1.1 tools/cURL/7.83.0-GCCcore-11.3.0
    bio/HTSlib/1.15.1-GCC-11.3.0
	STAR --runThreadN 24 --genomeDir /scratch/USERNAME/Vitis/GGref/STAR_index_PN40024v4 --readFilesIn ERR2987447_1.q30.fastq.gz ERR2987447_2.q30.fastq.gz --readFilesCommand zcat --outFileNamePrefix ERR2987447_ --outSAMtype BAM SortedByCoordinate --outBAMsortingBinsN 20 --limitBAMsortRAM 10000000000 --outFilterMultimapNmax 1 --twopassMode Basic
	STAR version: 2.7.10b   compiled: 2024-07-31T14:09:58+02:00 ramses4:/dev/shm/sborowsk/build/STAR/2.7.10b/GCC-11.3.0/STAR-2.7.10b/source
Jul 30 09:50:47 ..... started STAR run
Jul 30 09:50:47 ..... loading genome
Jul 30 09:50:48 ..... started 1st pass mapping
Jul 30 09:51:32 ..... finished 1st pass mapping
Jul 30 09:51:33 ..... inserting junctions into the genome indices
Jul 30 09:51:45 ..... started mapping
Jul 30 09:52:30 ..... finished mapping
Jul 30 09:52:31 ..... started sorting BAM
Jul 30 09:52:46 ..... finished successfully
Unloading compiler/GCC/11.3.0 <aL>
  Unloading dependent: bio/STAR/2.7.10b-GCC-11.3.0
  Unloading useless requirement: bio/HTSlib/1.15.1-GCC-11.3.0
    tools/cURL/7.83.0-GCCcore-11.3.0 system/OpenSSL/1.1
    tools/XZ/5.2.5-GCCcore-11.3.0 tools/bzip2/1.0.8-GCCcore-11.3.0
    tools/binutils/2.38-GCCcore-11.3.0 lib/zlib/1.2.12-GCCcore-11.3.0
    compiler/GCCcore/11.3.0
Loading bio/fastp/1.0.1-GCC-13.3.0
  Loading requirement: compiler/GCCcore/13.3.0 lib/zlib/1.3.1-GCCcore-13.3.0
    tools/binutils/2.42-GCCcore-13.3.0 compiler/GCC/13.3.0
    system/libdeflate/1.20-GCCcore-13.3.0 lang/NASM/2.16.03-GCCcore-13.3.0
    lib/ISA-L/2.31.0-GCCcore-13.3.0
Read1 before filtering:
total reads: 30838447
total bases: 1541922350
Q20 bases: 1525258064(98.9193%)
Q30 bases: 1501035146(97.3483%)
Q40 bases: 778276216(50.4744%)

Read2 before filtering:
total reads: 30838447
total bases: 1541922350
Q20 bases: 1505514170(97.6388%)
Q30 bases: 1475638856(95.7012%)
Q40 bases: 762053647(49.4223%)

Read1 after filtering:
total reads: 29290785
total bases: 1464152294
Q20 bases: 1458812013(99.6353%)
Q30 bases: 1442069621(98.4918%)
Q40 bases: 765294274(52.2688%)

Read2 after filtering:
total reads: 29290785
total bases: 1464152294
Q20 bases: 1458135062(99.589%)
Q30 bases: 1438899403(98.2753%)
Q40 bases: 756173166(51.6458%)

Filtering result:
reads passed filter: 58581570
reads failed due to low quality: 3095064
reads failed due to too many N: 260
reads with adapter trimmed: 206260
bases trimmed due to adapters: 1711164

Duplication rate: 19.545%

Insert size peak (evaluated by paired-end reads): 55

JSON report: ERR2987458_fastp.json
HTML report: ERR2987458_fastp.html

fastp -i ERR2987458_1.fastq.gz -I ERR2987458_2.fastq.gz -o ERR2987458_1.q30.fastq.gz -O ERR2987458_2.q30.fastq.gz --average_qual 30 --disable_length_filtering -w 8 -j ERR2987458_fastp.json -h ERR2987458_fastp.html 
fastp v1.0.1, time used: 35 seconds
Unloading compiler/GCC/13.3.0 <aL>
  Unloading dependent: bio/fastp/1.0.1-GCC-13.3.0
  Unloading useless requirement: lib/ISA-L/2.31.0-GCCcore-13.3.0
    lang/NASM/2.16.03-GCCcore-13.3.0 system/libdeflate/1.20-GCCcore-13.3.0
    tools/binutils/2.42-GCCcore-13.3.0 lib/zlib/1.3.1-GCCcore-13.3.0
    compiler/GCCcore/13.3.0
Loading bio/STAR/2.7.10b-GCC-11.3.0
  Loading requirement: compiler/GCCcore/11.3.0 lib/zlib/1.2.12-GCCcore-11.3.0
    tools/binutils/2.38-GCCcore-11.3.0 compiler/GCC/11.3.0
    tools/bzip2/1.0.8-GCCcore-11.3.0 tools/XZ/5.2.5-GCCcore-11.3.0
    system/OpenSSL/1.1 tools/cURL/7.83.0-GCCcore-11.3.0
    bio/HTSlib/1.15.1-GCC-11.3.0
	STAR --runThreadN 24 --genomeDir /scratch/USERNAME/Vitis/GGref/STAR_index_PN40024v4 --readFilesIn ERR2987458_1.q30.fastq.gz ERR2987458_2.q30.fastq.gz --readFilesCommand zcat --outFileNamePrefix ERR2987458_ --outSAMtype BAM SortedByCoordinate --outBAMsortingBinsN 20 --limitBAMsortRAM 10000000000 --outFilterMultimapNmax 1 --twopassMode Basic
	STAR version: 2.7.10b   compiled: 2024-07-31T14:09:58+02:00 ramses4:/dev/shm/sborowsk/build/STAR/2.7.10b/GCC-11.3.0/STAR-2.7.10b/source
Jul 30 09:53:23 ..... started STAR run
Jul 30 09:53:23 ..... loading genome
Jul 30 09:53:24 ..... started 1st pass mapping
Jul 30 09:54:05 ..... finished 1st pass mapping
Jul 30 09:54:05 ..... inserting junctions into the genome indices
Jul 30 09:54:17 ..... started mapping
Jul 30 09:54:56 ..... finished mapping
Jul 30 09:54:57 ..... started sorting BAM
Jul 30 09:55:11 ..... finished successfully
Unloading compiler/GCC/11.3.0 <aL>
  Unloading dependent: bio/STAR/2.7.10b-GCC-11.3.0
  Unloading useless requirement: bio/HTSlib/1.15.1-GCC-11.3.0
    tools/cURL/7.83.0-GCCcore-11.3.0 system/OpenSSL/1.1
    tools/XZ/5.2.5-GCCcore-11.3.0 tools/bzip2/1.0.8-GCCcore-11.3.0
    tools/binutils/2.38-GCCcore-11.3.0 lib/zlib/1.2.12-GCCcore-11.3.0
    compiler/GCCcore/11.3.0
Loading bio/fastp/1.0.1-GCC-13.3.0
  Loading requirement: compiler/GCCcore/13.3.0 lib/zlib/1.3.1-GCCcore-13.3.0
    tools/binutils/2.42-GCCcore-13.3.0 compiler/GCC/13.3.0
    system/libdeflate/1.20-GCCcore-13.3.0 lang/NASM/2.16.03-GCCcore-13.3.0
    lib/ISA-L/2.31.0-GCCcore-13.3.0
Read1 before filtering:
total reads: 22563532
total bases: 1613469700
Q20 bases: 1579438840(97.8908%)
Q30 bases: 1557920577(96.5572%)
Q40 bases: 871094302(53.9889%)

Read2 before filtering:
total reads: 22563532
total bases: 1613469700
Q20 bases: 1565595794(97.0329%)
Q30 bases: 1539970098(95.4446%)
Q40 bases: 835655704(51.7925%)

Read1 after filtering:
total reads: 21386960
total bases: 1508286978
Q20 bases: 1496629728(99.2271%)
Q30 bases: 1483426343(98.3517%)
Q40 bases: 851938127(56.4838%)

Read2 after filtering:
total reads: 21386960
total bases: 1508286978
Q20 bases: 1494756136(99.1029%)
Q30 bases: 1480167484(98.1357%)
Q40 bases: 823946895(54.628%)

Filtering result:
reads passed filter: 42773920
reads failed due to low quality: 2351248
reads failed due to too many N: 1896
reads with adapter trimmed: 2705274
bases trimmed due to adapters: 37744124

Duplication rate: 9.0464%

Insert size peak (evaluated by paired-end reads): 100

JSON report: ERR2987437_fastp.json
HTML report: ERR2987437_fastp.html

fastp -i ERR2987437_1.fastq.gz -I ERR2987437_2.fastq.gz -o ERR2987437_1.q30.fastq.gz -O ERR2987437_2.q30.fastq.gz --average_qual 30 --disable_length_filtering -w 8 -j ERR2987437_fastp.json -h ERR2987437_fastp.html 
fastp v1.0.1, time used: 35 seconds
Unloading compiler/GCC/13.3.0 <aL>
  Unloading dependent: bio/fastp/1.0.1-GCC-13.3.0
  Unloading useless requirement: lib/ISA-L/2.31.0-GCCcore-13.3.0
    lang/NASM/2.16.03-GCCcore-13.3.0 system/libdeflate/1.20-GCCcore-13.3.0
    tools/binutils/2.42-GCCcore-13.3.0 lib/zlib/1.3.1-GCCcore-13.3.0
    compiler/GCCcore/13.3.0
Loading bio/STAR/2.7.10b-GCC-11.3.0
  Loading requirement: compiler/GCCcore/11.3.0 lib/zlib/1.2.12-GCCcore-11.3.0
    tools/binutils/2.38-GCCcore-11.3.0 compiler/GCC/11.3.0
    tools/bzip2/1.0.8-GCCcore-11.3.0 tools/XZ/5.2.5-GCCcore-11.3.0
    system/OpenSSL/1.1 tools/cURL/7.83.0-GCCcore-11.3.0
    bio/HTSlib/1.15.1-GCC-11.3.0
	STAR --runThreadN 24 --genomeDir /scratch/USERNAME/Vitis/GGref/STAR_index_PN40024v4 --readFilesIn ERR2987437_1.q30.fastq.gz ERR2987437_2.q30.fastq.gz --readFilesCommand zcat --outFileNamePrefix ERR2987437_ --outSAMtype BAM SortedByCoordinate --outBAMsortingBinsN 20 --limitBAMsortRAM 10000000000 --outFilterMultimapNmax 1 --twopassMode Basic
	STAR version: 2.7.10b   compiled: 2024-07-31T14:09:58+02:00 ramses4:/dev/shm/sborowsk/build/STAR/2.7.10b/GCC-11.3.0/STAR-2.7.10b/source
Jul 30 09:55:46 ..... started STAR run
Jul 30 09:55:46 ..... loading genome
Jul 30 09:55:47 ..... started 1st pass mapping
Jul 30 09:56:44 ..... finished 1st pass mapping
Jul 30 09:56:44 ..... inserting junctions into the genome indices
Jul 30 09:56:56 ..... started mapping
Jul 30 09:58:03 ..... finished mapping
Jul 30 09:58:04 ..... started sorting BAM
Jul 30 09:58:17 ..... finished successfully
Unloading compiler/GCC/11.3.0 <aL>
  Unloading dependent: bio/STAR/2.7.10b-GCC-11.3.0
  Unloading useless requirement: bio/HTSlib/1.15.1-GCC-11.3.0
    tools/cURL/7.83.0-GCCcore-11.3.0 system/OpenSSL/1.1
    tools/XZ/5.2.5-GCCcore-11.3.0 tools/bzip2/1.0.8-GCCcore-11.3.0
    tools/binutils/2.38-GCCcore-11.3.0 lib/zlib/1.2.12-GCCcore-11.3.0
    compiler/GCCcore/11.3.0
Loading bio/fastp/1.0.1-GCC-13.3.0
  Loading requirement: compiler/GCCcore/13.3.0 lib/zlib/1.3.1-GCCcore-13.3.0
    tools/binutils/2.42-GCCcore-13.3.0 compiler/GCC/13.3.0
    system/libdeflate/1.20-GCCcore-13.3.0 lang/NASM/2.16.03-GCCcore-13.3.0
    lib/ISA-L/2.31.0-GCCcore-13.3.0
Read1 before filtering:
total reads: 24170607
total bases: 1828012350
Q20 bases: 1780380544(97.3943%)
Q30 bases: 1751761126(95.8287%)
Q40 bases: 965341544(52.8083%)

Read2 before filtering:
total reads: 24170607
total bases: 1828012350
Q20 bases: 1763718525(96.4829%)
Q30 bases: 1731174556(94.7026%)
Q40 bases: 919136268(50.2806%)

Read1 after filtering:
total reads: 22780758
total bases: 1661120418
Q20 bases: 1645723744(99.0731%)
Q30 bases: 1629505984(98.0968%)
Q40 bases: 928698778(55.908%)

Read2 after filtering:
total reads: 22780758
total bases: 1661120418
Q20 bases: 1642908816(98.9037%)
Q30 bases: 1624798749(97.8134%)
Q40 bases: 889627068(53.5558%)

Filtering result:
reads passed filter: 45561516
reads failed due to low quality: 2777578
reads failed due to too many N: 2120
reads with adapter trimmed: 6627470
bases trimmed due to adapters: 116555912

Duplication rate: 21.6597%

Insert size peak (evaluated by paired-end reads): 123

JSON report: ERR2987448_fastp.json
HTML report: ERR2987448_fastp.html

fastp -i ERR2987448_1.fastq.gz -I ERR2987448_2.fastq.gz -o ERR2987448_1.q30.fastq.gz -O ERR2987448_2.q30.fastq.gz --average_qual 30 --disable_length_filtering -w 8 -j ERR2987448_fastp.json -h ERR2987448_fastp.html 
fastp v1.0.1, time used: 37 seconds
Unloading compiler/GCC/13.3.0 <aL>
  Unloading dependent: bio/fastp/1.0.1-GCC-13.3.0
  Unloading useless requirement: lib/ISA-L/2.31.0-GCCcore-13.3.0
    lang/NASM/2.16.03-GCCcore-13.3.0 system/libdeflate/1.20-GCCcore-13.3.0
    tools/binutils/2.42-GCCcore-13.3.0 lib/zlib/1.3.1-GCCcore-13.3.0
    compiler/GCCcore/13.3.0
Loading bio/STAR/2.7.10b-GCC-11.3.0
  Loading requirement: compiler/GCCcore/11.3.0 lib/zlib/1.2.12-GCCcore-11.3.0
    tools/binutils/2.38-GCCcore-11.3.0 compiler/GCC/11.3.0
    tools/bzip2/1.0.8-GCCcore-11.3.0 tools/XZ/5.2.5-GCCcore-11.3.0
    system/OpenSSL/1.1 tools/cURL/7.83.0-GCCcore-11.3.0
    bio/HTSlib/1.15.1-GCC-11.3.0
	STAR --runThreadN 24 --genomeDir /scratch/USERNAME/Vitis/GGref/STAR_index_PN40024v4 --readFilesIn ERR2987448_1.q30.fastq.gz ERR2987448_2.q30.fastq.gz --readFilesCommand zcat --outFileNamePrefix ERR2987448_ --outSAMtype BAM SortedByCoordinate --outBAMsortingBinsN 20 --limitBAMsortRAM 10000000000 --outFilterMultimapNmax 1 --twopassMode Basic
	STAR version: 2.7.10b   compiled: 2024-07-31T14:09:58+02:00 ramses4:/dev/shm/sborowsk/build/STAR/2.7.10b/GCC-11.3.0/STAR-2.7.10b/source
Jul 30 09:58:54 ..... started STAR run
Jul 30 09:58:54 ..... loading genome
Jul 30 09:58:55 ..... started 1st pass mapping
Jul 30 10:01:01 ..... finished 1st pass mapping
Jul 30 10:01:01 ..... inserting junctions into the genome indices
Jul 30 10:01:13 ..... started mapping
Jul 30 10:03:28 ..... finished mapping
Jul 30 10:03:28 ..... started sorting BAM
Jul 30 10:03:40 ..... finished successfully
Unloading compiler/GCC/11.3.0 <aL>
  Unloading dependent: bio/STAR/2.7.10b-GCC-11.3.0
  Unloading useless requirement: bio/HTSlib/1.15.1-GCC-11.3.0
    tools/cURL/7.83.0-GCCcore-11.3.0 system/OpenSSL/1.1
    tools/XZ/5.2.5-GCCcore-11.3.0 tools/bzip2/1.0.8-GCCcore-11.3.0
    tools/binutils/2.38-GCCcore-11.3.0 lib/zlib/1.2.12-GCCcore-11.3.0
    compiler/GCCcore/11.3.0
Loading bio/fastp/1.0.1-GCC-13.3.0
  Loading requirement: compiler/GCCcore/13.3.0 lib/zlib/1.3.1-GCCcore-13.3.0
    tools/binutils/2.42-GCCcore-13.3.0 compiler/GCC/13.3.0
    system/libdeflate/1.20-GCCcore-13.3.0 lang/NASM/2.16.03-GCCcore-13.3.0
    lib/ISA-L/2.31.0-GCCcore-13.3.0
Read1 before filtering:
total reads: 35708863
total bases: 2570074950
Q20 bases: 2514332761(97.8311%)
Q30 bases: 2480365508(96.5095%)
Q40 bases: 1395478380(54.2972%)

Read2 before filtering:
total reads: 35708863
total bases: 2570074950
Q20 bases: 2492731393(96.9906%)
Q30 bases: 2450873617(95.362%)
Q40 bases: 1327941368(51.6694%)

Read1 after filtering:
total reads: 33785231
total bases: 2402866076
Q20 bases: 2384411038(99.232%)
Q30 bases: 2363762122(98.3726%)
Q40 bases: 1366030850(56.8501%)

Read2 after filtering:
total reads: 33785231
total bases: 2402866076
Q20 bases: 2380776152(99.0807%)
Q30 bases: 2357167081(98.0981%)
Q40 bases: 1310305758(54.531%)

Filtering result:
reads passed filter: 67570462
reads failed due to low quality: 3844280
reads failed due to too many N: 2984
reads with adapter trimmed: 3583152
bases trimmed due to adapters: 46574656

Duplication rate: 13.08%

Insert size peak (evaluated by paired-end reads): 100

JSON report: ERR2987459_fastp.json
HTML report: ERR2987459_fastp.html

fastp -i ERR2987459_1.fastq.gz -I ERR2987459_2.fastq.gz -o ERR2987459_1.q30.fastq.gz -O ERR2987459_2.q30.fastq.gz --average_qual 30 --disable_length_filtering -w 8 -j ERR2987459_fastp.json -h ERR2987459_fastp.html 
fastp v1.0.1, time used: 55 seconds
Unloading compiler/GCC/13.3.0 <aL>
  Unloading dependent: bio/fastp/1.0.1-GCC-13.3.0
  Unloading useless requirement: lib/ISA-L/2.31.0-GCCcore-13.3.0
    lang/NASM/2.16.03-GCCcore-13.3.0 system/libdeflate/1.20-GCCcore-13.3.0
    tools/binutils/2.42-GCCcore-13.3.0 lib/zlib/1.3.1-GCCcore-13.3.0
    compiler/GCCcore/13.3.0
Loading bio/STAR/2.7.10b-GCC-11.3.0
  Loading requirement: compiler/GCCcore/11.3.0 lib/zlib/1.2.12-GCCcore-11.3.0
    tools/binutils/2.38-GCCcore-11.3.0 compiler/GCC/11.3.0
    tools/bzip2/1.0.8-GCCcore-11.3.0 tools/XZ/5.2.5-GCCcore-11.3.0
    system/OpenSSL/1.1 tools/cURL/7.83.0-GCCcore-11.3.0
    bio/HTSlib/1.15.1-GCC-11.3.0
	STAR --runThreadN 24 --genomeDir /scratch/USERNAME/Vitis/GGref/STAR_index_PN40024v4 --readFilesIn ERR2987459_1.q30.fastq.gz ERR2987459_2.q30.fastq.gz --readFilesCommand zcat --outFileNamePrefix ERR2987459_ --outSAMtype BAM SortedByCoordinate --outBAMsortingBinsN 20 --limitBAMsortRAM 10000000000 --outFilterMultimapNmax 1 --twopassMode Basic
	STAR version: 2.7.10b   compiled: 2024-07-31T14:09:58+02:00 ramses4:/dev/shm/sborowsk/build/STAR/2.7.10b/GCC-11.3.0/STAR-2.7.10b/source
Jul 30 10:04:35 ..... started STAR run
Jul 30 10:04:35 ..... loading genome
Jul 30 10:04:36 ..... started 1st pass mapping
Jul 30 10:05:57 ..... finished 1st pass mapping
Jul 30 10:05:57 ..... inserting junctions into the genome indices
Jul 30 10:06:10 ..... started mapping
Jul 30 10:07:46 ..... finished mapping
Jul 30 10:07:46 ..... started sorting BAM
Jul 30 10:08:07 ..... finished successfully
Unloading compiler/GCC/11.3.0 <aL>
  Unloading dependent: bio/STAR/2.7.10b-GCC-11.3.0
  Unloading useless requirement: bio/HTSlib/1.15.1-GCC-11.3.0
    tools/cURL/7.83.0-GCCcore-11.3.0 system/OpenSSL/1.1
    tools/XZ/5.2.5-GCCcore-11.3.0 tools/bzip2/1.0.8-GCCcore-11.3.0
    tools/binutils/2.38-GCCcore-11.3.0 lib/zlib/1.2.12-GCCcore-11.3.0
    compiler/GCCcore/11.3.0
Loading bio/fastp/1.0.1-GCC-13.3.0
  Loading requirement: compiler/GCCcore/13.3.0 lib/zlib/1.3.1-GCCcore-13.3.0
    tools/binutils/2.42-GCCcore-13.3.0 compiler/GCC/13.3.0
    system/libdeflate/1.20-GCCcore-13.3.0 lang/NASM/2.16.03-GCCcore-13.3.0
    lib/ISA-L/2.31.0-GCCcore-13.3.0
Read1 before filtering:
total reads: 33000336
total bases: 2349837350
Q20 bases: 2306896835(98.1726%)
Q30 bases: 2274837146(96.8083%)
Q40 bases: 1257576098(53.5176%)

Read2 before filtering:
total reads: 33000336
total bases: 2349837350
Q20 bases: 2284705314(97.2282%)
Q30 bases: 2245864689(95.5753%)
Q40 bases: 1196709526(50.9273%)

Read1 after filtering:
total reads: 31443584
total bases: 2217124079
Q20 bases: 2199740070(99.2159%)
Q30 bases: 2179450746(98.3008%)
Q40 bases: 1234976797(55.7017%)

Read2 after filtering:
total reads: 31443584
total bases: 2217124079
Q20 bases: 2196887233(99.0872%)
Q30 bases: 2173704774(98.0416%)
Q40 bases: 1184810657(53.4391%)

Filtering result:
reads passed filter: 62887168
reads failed due to low quality: 3110800
reads failed due to too many N: 2704
reads with adapter trimmed: 2650250
bases trimmed due to adapters: 32100612

Duplication rate: 17.3686%

Insert size peak (evaluated by paired-end reads): 122

JSON report: ERR2987438_fastp.json
HTML report: ERR2987438_fastp.html

fastp -i ERR2987438_1.fastq.gz -I ERR2987438_2.fastq.gz -o ERR2987438_1.q30.fastq.gz -O ERR2987438_2.q30.fastq.gz --average_qual 30 --disable_length_filtering -w 8 -j ERR2987438_fastp.json -h ERR2987438_fastp.html 
fastp v1.0.1, time used: 51 seconds
Unloading compiler/GCC/13.3.0 <aL>
  Unloading dependent: bio/fastp/1.0.1-GCC-13.3.0
  Unloading useless requirement: lib/ISA-L/2.31.0-GCCcore-13.3.0
    lang/NASM/2.16.03-GCCcore-13.3.0 system/libdeflate/1.20-GCCcore-13.3.0
    tools/binutils/2.42-GCCcore-13.3.0 lib/zlib/1.3.1-GCCcore-13.3.0
    compiler/GCCcore/13.3.0
Loading bio/STAR/2.7.10b-GCC-11.3.0
  Loading requirement: compiler/GCCcore/11.3.0 lib/zlib/1.2.12-GCCcore-11.3.0
    tools/binutils/2.38-GCCcore-11.3.0 compiler/GCC/11.3.0
    tools/bzip2/1.0.8-GCCcore-11.3.0 tools/XZ/5.2.5-GCCcore-11.3.0
    system/OpenSSL/1.1 tools/cURL/7.83.0-GCCcore-11.3.0
    bio/HTSlib/1.15.1-GCC-11.3.0
	STAR --runThreadN 24 --genomeDir /scratch/USERNAME/Vitis/GGref/STAR_index_PN40024v4 --readFilesIn ERR2987438_1.q30.fastq.gz ERR2987438_2.q30.fastq.gz --readFilesCommand zcat --outFileNamePrefix ERR2987438_ --outSAMtype BAM SortedByCoordinate --outBAMsortingBinsN 20 --limitBAMsortRAM 10000000000 --outFilterMultimapNmax 1 --twopassMode Basic
	STAR version: 2.7.10b   compiled: 2024-07-31T14:09:58+02:00 ramses4:/dev/shm/sborowsk/build/STAR/2.7.10b/GCC-11.3.0/STAR-2.7.10b/source
Jul 30 10:08:58 ..... started STAR run
Jul 30 10:08:58 ..... loading genome
Jul 30 10:08:59 ..... started 1st pass mapping
Jul 30 10:10:09 ..... finished 1st pass mapping
Jul 30 10:10:09 ..... inserting junctions into the genome indices
Jul 30 10:10:22 ..... started mapping
Jul 30 10:11:45 ..... finished mapping
Jul 30 10:11:46 ..... started sorting BAM
Jul 30 10:12:04 ..... finished successfully
Unloading compiler/GCC/11.3.0 <aL>
  Unloading dependent: bio/STAR/2.7.10b-GCC-11.3.0
  Unloading useless requirement: bio/HTSlib/1.15.1-GCC-11.3.0
    tools/cURL/7.83.0-GCCcore-11.3.0 system/OpenSSL/1.1
    tools/XZ/5.2.5-GCCcore-11.3.0 tools/bzip2/1.0.8-GCCcore-11.3.0
    tools/binutils/2.38-GCCcore-11.3.0 lib/zlib/1.2.12-GCCcore-11.3.0
    compiler/GCCcore/11.3.0
Loading bio/fastp/1.0.1-GCC-13.3.0
  Loading requirement: compiler/GCCcore/13.3.0 lib/zlib/1.3.1-GCCcore-13.3.0
    tools/binutils/2.42-GCCcore-13.3.0 compiler/GCC/13.3.0
    system/libdeflate/1.20-GCCcore-13.3.0 lang/NASM/2.16.03-GCCcore-13.3.0
    lib/ISA-L/2.31.0-GCCcore-13.3.0
Read1 before filtering:
total reads: 30484472
total bases: 1524223600
Q20 bases: 1508334460(98.9576%)
Q30 bases: 1483278769(97.3137%)
Q40 bases: 758471155(49.7611%)

Read2 before filtering:
total reads: 30484472
total bases: 1524223600
Q20 bases: 1490140244(97.7639%)
Q30 bases: 1459110437(95.7281%)
Q40 bases: 743023296(48.7477%)

Read1 after filtering:
total reads: 29010947
total bases: 1450183717
Q20 bases: 1444698711(99.6218%)
Q30 bases: 1427242127(98.418%)
Q40 bases: 746740892(51.4928%)

Read2 after filtering:
total reads: 29010947
total bases: 1450183717
Q20 bases: 1443955327(99.5705%)
Q30 bases: 1423745985(98.1769%)
Q40 bases: 737609979(50.8632%)

Filtering result:
reads passed filter: 58021894
reads failed due to low quality: 2946770
reads failed due to too many N: 280
reads with adapter trimmed: 154408
bases trimmed due to adapters: 1312778

Duplication rate: 18.588%

Insert size peak (evaluated by paired-end reads): 55

JSON report: ERR2987449_fastp.json
HTML report: ERR2987449_fastp.html

fastp -i ERR2987449_1.fastq.gz -I ERR2987449_2.fastq.gz -o ERR2987449_1.q30.fastq.gz -O ERR2987449_2.q30.fastq.gz --average_qual 30 --disable_length_filtering -w 8 -j ERR2987449_fastp.json -h ERR2987449_fastp.html 
fastp v1.0.1, time used: 35 seconds
Unloading compiler/GCC/13.3.0 <aL>
  Unloading dependent: bio/fastp/1.0.1-GCC-13.3.0
  Unloading useless requirement: lib/ISA-L/2.31.0-GCCcore-13.3.0
    lang/NASM/2.16.03-GCCcore-13.3.0 system/libdeflate/1.20-GCCcore-13.3.0
    tools/binutils/2.42-GCCcore-13.3.0 lib/zlib/1.3.1-GCCcore-13.3.0
    compiler/GCCcore/13.3.0
Loading bio/STAR/2.7.10b-GCC-11.3.0
  Loading requirement: compiler/GCCcore/11.3.0 lib/zlib/1.2.12-GCCcore-11.3.0
    tools/binutils/2.38-GCCcore-11.3.0 compiler/GCC/11.3.0
    tools/bzip2/1.0.8-GCCcore-11.3.0 tools/XZ/5.2.5-GCCcore-11.3.0
    system/OpenSSL/1.1 tools/cURL/7.83.0-GCCcore-11.3.0
    bio/HTSlib/1.15.1-GCC-11.3.0
	STAR --runThreadN 24 --genomeDir /scratch/USERNAME/Vitis/GGref/STAR_index_PN40024v4 --readFilesIn ERR2987449_1.q30.fastq.gz ERR2987449_2.q30.fastq.gz --readFilesCommand zcat --outFileNamePrefix ERR2987449_ --outSAMtype BAM SortedByCoordinate --outBAMsortingBinsN 20 --limitBAMsortRAM 10000000000 --outFilterMultimapNmax 1 --twopassMode Basic
	STAR version: 2.7.10b   compiled: 2024-07-31T14:09:58+02:00 ramses4:/dev/shm/sborowsk/build/STAR/2.7.10b/GCC-11.3.0/STAR-2.7.10b/source
Jul 30 10:12:40 ..... started STAR run
Jul 30 10:12:40 ..... loading genome
Jul 30 10:12:41 ..... started 1st pass mapping
Jul 30 10:13:20 ..... finished 1st pass mapping
Jul 30 10:13:20 ..... inserting junctions into the genome indices
Jul 30 10:13:32 ..... started mapping
Jul 30 10:14:13 ..... finished mapping
Jul 30 10:14:13 ..... started sorting BAM
Jul 30 10:14:27 ..... finished successfully
Unloading compiler/GCC/11.3.0 <aL>
  Unloading dependent: bio/STAR/2.7.10b-GCC-11.3.0
  Unloading useless requirement: bio/HTSlib/1.15.1-GCC-11.3.0
    tools/cURL/7.83.0-GCCcore-11.3.0 system/OpenSSL/1.1
    tools/XZ/5.2.5-GCCcore-11.3.0 tools/bzip2/1.0.8-GCCcore-11.3.0
    tools/binutils/2.38-GCCcore-11.3.0 lib/zlib/1.2.12-GCCcore-11.3.0
    compiler/GCCcore/11.3.0
Loading bio/fastp/1.0.1-GCC-13.3.0
  Loading requirement: compiler/GCCcore/13.3.0 lib/zlib/1.3.1-GCCcore-13.3.0
    tools/binutils/2.42-GCCcore-13.3.0 compiler/GCC/13.3.0
    system/libdeflate/1.20-GCCcore-13.3.0 lang/NASM/2.16.03-GCCcore-13.3.0
    lib/ISA-L/2.31.0-GCCcore-13.3.0
Read1 before filtering:
total reads: 28981299
total bases: 2091154300
Q20 bases: 2048662080(97.968%)
Q30 bases: 2021914503(96.6889%)
Q40 bases: 1143029105(54.6602%)

Read2 before filtering:
total reads: 28981299
total bases: 2091154300
Q20 bases: 2029705114(97.0615%)
Q30 bases: 1996602826(95.4785%)
Q40 bases: 1088653364(52.0599%)

Read1 after filtering:
total reads: 27496068
total bases: 1963865116
Q20 bases: 1948920088(99.239%)
Q30 bases: 1932453226(98.4005%)
Q40 bases: 1120492767(57.0555%)

Read2 after filtering:
total reads: 27496068
total bases: 1963865116
Q20 bases: 1945906860(99.0856%)
Q30 bases: 1927152148(98.1306%)
Q40 bases: 1076129395(54.7965%)

Filtering result:
reads passed filter: 54992136
reads failed due to low quality: 2967694
reads failed due to too many N: 2768
reads with adapter trimmed: 2178378
bases trimmed due to adapters: 26844790

Duplication rate: 10.2995%

Insert size peak (evaluated by paired-end reads): 100

JSON report: ERR2987460_fastp.json
HTML report: ERR2987460_fastp.html

fastp -i ERR2987460_1.fastq.gz -I ERR2987460_2.fastq.gz -o ERR2987460_1.q30.fastq.gz -O ERR2987460_2.q30.fastq.gz --average_qual 30 --disable_length_filtering -w 8 -j ERR2987460_fastp.json -h ERR2987460_fastp.html 
fastp v1.0.1, time used: 44 seconds
Unloading compiler/GCC/13.3.0 <aL>
  Unloading dependent: bio/fastp/1.0.1-GCC-13.3.0
  Unloading useless requirement: lib/ISA-L/2.31.0-GCCcore-13.3.0
    lang/NASM/2.16.03-GCCcore-13.3.0 system/libdeflate/1.20-GCCcore-13.3.0
    tools/binutils/2.42-GCCcore-13.3.0 lib/zlib/1.3.1-GCCcore-13.3.0
    compiler/GCCcore/13.3.0
Loading bio/STAR/2.7.10b-GCC-11.3.0
  Loading requirement: compiler/GCCcore/11.3.0 lib/zlib/1.2.12-GCCcore-11.3.0
    tools/binutils/2.38-GCCcore-11.3.0 compiler/GCC/11.3.0
    tools/bzip2/1.0.8-GCCcore-11.3.0 tools/XZ/5.2.5-GCCcore-11.3.0
    system/OpenSSL/1.1 tools/cURL/7.83.0-GCCcore-11.3.0
    bio/HTSlib/1.15.1-GCC-11.3.0
	STAR --runThreadN 24 --genomeDir /scratch/USERNAME/Vitis/GGref/STAR_index_PN40024v4 --readFilesIn ERR2987460_1.q30.fastq.gz ERR2987460_2.q30.fastq.gz --readFilesCommand zcat --outFileNamePrefix ERR2987460_ --outSAMtype BAM SortedByCoordinate --outBAMsortingBinsN 20 --limitBAMsortRAM 10000000000 --outFilterMultimapNmax 1 --twopassMode Basic
	STAR version: 2.7.10b   compiled: 2024-07-31T14:09:58+02:00 ramses4:/dev/shm/sborowsk/build/STAR/2.7.10b/GCC-11.3.0/STAR-2.7.10b/source
Jul 30 10:15:13 ..... started STAR run
Jul 30 10:15:13 ..... loading genome
Jul 30 10:15:14 ..... started 1st pass mapping
Jul 30 10:16:27 ..... finished 1st pass mapping
Jul 30 10:16:27 ..... inserting junctions into the genome indices
Jul 30 10:16:40 ..... started mapping
Jul 30 10:18:07 ..... finished mapping
Jul 30 10:18:08 ..... started sorting BAM
Jul 30 10:18:24 ..... finished successfully
Unloading compiler/GCC/11.3.0 <aL>
  Unloading dependent: bio/STAR/2.7.10b-GCC-11.3.0
  Unloading useless requirement: bio/HTSlib/1.15.1-GCC-11.3.0
    tools/cURL/7.83.0-GCCcore-11.3.0 system/OpenSSL/1.1
    tools/XZ/5.2.5-GCCcore-11.3.0 tools/bzip2/1.0.8-GCCcore-11.3.0
    tools/binutils/2.38-GCCcore-11.3.0 lib/zlib/1.2.12-GCCcore-11.3.0
    compiler/GCCcore/11.3.0
Loading bio/fastp/1.0.1-GCC-13.3.0
  Loading requirement: compiler/GCCcore/13.3.0 lib/zlib/1.3.1-GCCcore-13.3.0
    tools/binutils/2.42-GCCcore-13.3.0 compiler/GCC/13.3.0
    system/libdeflate/1.20-GCCcore-13.3.0 lang/NASM/2.16.03-GCCcore-13.3.0
    lib/ISA-L/2.31.0-GCCcore-13.3.0
Read1 before filtering:
total reads: 17891104
total bases: 894555200
Q20 bases: 884351803(98.8594%)
Q30 bases: 868147667(97.048%)
Q40 bases: 434807353(48.606%)

Read2 before filtering:
total reads: 17891104
total bases: 894555200
Q20 bases: 867768589(97.0056%)
Q30 bases: 847055854(94.6902%)
Q40 bases: 421968376(47.1707%)

Read1 after filtering:
total reads: 16814081
total bases: 840420592
Q20 bases: 836982940(99.591%)
Q30 bases: 825906412(98.273%)
Q40 bases: 424708587(50.5352%)

Read2 after filtering:
total reads: 16814081
total bases: 840420592
Q20 bases: 836273925(99.5066%)
Q30 bases: 823505553(97.9873%)
Q40 bases: 418897568(49.8438%)

Filtering result:
reads passed filter: 33628162
reads failed due to low quality: 2153718
reads failed due to too many N: 328
reads with adapter trimmed: 146042
bases trimmed due to adapters: 1242584

Duplication rate: 13.5304%

Insert size peak (evaluated by paired-end reads): 50

JSON report: ERR2987439_fastp.json
HTML report: ERR2987439_fastp.html

fastp -i ERR2987439_1.fastq.gz -I ERR2987439_2.fastq.gz -o ERR2987439_1.q30.fastq.gz -O ERR2987439_2.q30.fastq.gz --average_qual 30 --disable_length_filtering -w 8 -j ERR2987439_fastp.json -h ERR2987439_fastp.html 
fastp v1.0.1, time used: 21 seconds
Unloading compiler/GCC/13.3.0 <aL>
  Unloading dependent: bio/fastp/1.0.1-GCC-13.3.0
  Unloading useless requirement: lib/ISA-L/2.31.0-GCCcore-13.3.0
    lang/NASM/2.16.03-GCCcore-13.3.0 system/libdeflate/1.20-GCCcore-13.3.0
    tools/binutils/2.42-GCCcore-13.3.0 lib/zlib/1.3.1-GCCcore-13.3.0
    compiler/GCCcore/13.3.0
Loading bio/STAR/2.7.10b-GCC-11.3.0
  Loading requirement: compiler/GCCcore/11.3.0 lib/zlib/1.2.12-GCCcore-11.3.0
    tools/binutils/2.38-GCCcore-11.3.0 compiler/GCC/11.3.0
    tools/bzip2/1.0.8-GCCcore-11.3.0 tools/XZ/5.2.5-GCCcore-11.3.0
    system/OpenSSL/1.1 tools/cURL/7.83.0-GCCcore-11.3.0
    bio/HTSlib/1.15.1-GCC-11.3.0
	STAR --runThreadN 24 --genomeDir /scratch/USERNAME/Vitis/GGref/STAR_index_PN40024v4 --readFilesIn ERR2987439_1.q30.fastq.gz ERR2987439_2.q30.fastq.gz --readFilesCommand zcat --outFileNamePrefix ERR2987439_ --outSAMtype BAM SortedByCoordinate --outBAMsortingBinsN 20 --limitBAMsortRAM 10000000000 --outFilterMultimapNmax 1 --twopassMode Basic
	STAR version: 2.7.10b   compiled: 2024-07-31T14:09:58+02:00 ramses4:/dev/shm/sborowsk/build/STAR/2.7.10b/GCC-11.3.0/STAR-2.7.10b/source
Jul 30 10:18:46 ..... started STAR run
Jul 30 10:18:46 ..... loading genome
Jul 30 10:18:47 ..... started 1st pass mapping
Jul 30 10:19:10 ..... finished 1st pass mapping
Jul 30 10:19:10 ..... inserting junctions into the genome indices
Jul 30 10:19:21 ..... started mapping
Jul 30 10:19:45 ..... finished mapping
Jul 30 10:19:46 ..... started sorting BAM
Jul 30 10:19:54 ..... finished successfully
Unloading compiler/GCC/11.3.0 <aL>
  Unloading dependent: bio/STAR/2.7.10b-GCC-11.3.0
  Unloading useless requirement: bio/HTSlib/1.15.1-GCC-11.3.0
    tools/cURL/7.83.0-GCCcore-11.3.0 system/OpenSSL/1.1
    tools/XZ/5.2.5-GCCcore-11.3.0 tools/bzip2/1.0.8-GCCcore-11.3.0
    tools/binutils/2.38-GCCcore-11.3.0 lib/zlib/1.2.12-GCCcore-11.3.0
    compiler/GCCcore/11.3.0
Loading bio/fastp/1.0.1-GCC-13.3.0
  Loading requirement: compiler/GCCcore/13.3.0 lib/zlib/1.3.1-GCCcore-13.3.0
    tools/binutils/2.42-GCCcore-13.3.0 compiler/GCC/13.3.0
    system/libdeflate/1.20-GCCcore-13.3.0 lang/NASM/2.16.03-GCCcore-13.3.0
    lib/ISA-L/2.31.0-GCCcore-13.3.0
Read1 before filtering:
total reads: 32131032
total bases: 1606551600
Q20 bases: 1582641058(98.5117%)
Q30 bases: 1554591547(96.7657%)
Q40 bases: 782794765(48.7252%)

Read2 before filtering:
total reads: 32131032
total bases: 1606551600
Q20 bases: 1567164337(97.5483%)
Q30 bases: 1533799695(95.4715%)
Q40 bases: 775095601(48.2459%)

Read1 after filtering:
total reads: 30144563
total bases: 1506572991
Q20 bases: 1500163936(99.5746%)
Q30 bases: 1481691007(98.3484%)
Q40 bases: 769060500(51.047%)

Read2 after filtering:
total reads: 30144563
total bases: 1506572991
Q20 bases: 1499929059(99.559%)
Q30 bases: 1479623829(98.2112%)
Q40 bases: 764502138(50.7444%)

Filtering result:
reads passed filter: 60289126
reads failed due to low quality: 3972658
reads failed due to too many N: 280
reads with adapter trimmed: 358648
bases trimmed due to adapters: 2746680

Duplication rate: 29.2366%

Insert size peak (evaluated by paired-end reads): 55

JSON report: ERR2987450_fastp.json
HTML report: ERR2987450_fastp.html

fastp -i ERR2987450_1.fastq.gz -I ERR2987450_2.fastq.gz -o ERR2987450_1.q30.fastq.gz -O ERR2987450_2.q30.fastq.gz --average_qual 30 --disable_length_filtering -w 8 -j ERR2987450_fastp.json -h ERR2987450_fastp.html 
fastp v1.0.1, time used: 36 seconds
Unloading compiler/GCC/13.3.0 <aL>
  Unloading dependent: bio/fastp/1.0.1-GCC-13.3.0
  Unloading useless requirement: lib/ISA-L/2.31.0-GCCcore-13.3.0
    lang/NASM/2.16.03-GCCcore-13.3.0 system/libdeflate/1.20-GCCcore-13.3.0
    tools/binutils/2.42-GCCcore-13.3.0 lib/zlib/1.3.1-GCCcore-13.3.0
    compiler/GCCcore/13.3.0
Loading bio/STAR/2.7.10b-GCC-11.3.0
  Loading requirement: compiler/GCCcore/11.3.0 lib/zlib/1.2.12-GCCcore-11.3.0
    tools/binutils/2.38-GCCcore-11.3.0 compiler/GCC/11.3.0
    tools/bzip2/1.0.8-GCCcore-11.3.0 tools/XZ/5.2.5-GCCcore-11.3.0
    system/OpenSSL/1.1 tools/cURL/7.83.0-GCCcore-11.3.0
    bio/HTSlib/1.15.1-GCC-11.3.0
	STAR --runThreadN 24 --genomeDir /scratch/USERNAME/Vitis/GGref/STAR_index_PN40024v4 --readFilesIn ERR2987450_1.q30.fastq.gz ERR2987450_2.q30.fastq.gz --readFilesCommand zcat --outFileNamePrefix ERR2987450_ --outSAMtype BAM SortedByCoordinate --outBAMsortingBinsN 20 --limitBAMsortRAM 10000000000 --outFilterMultimapNmax 1 --twopassMode Basic
	STAR version: 2.7.10b   compiled: 2024-07-31T14:09:58+02:00 ramses4:/dev/shm/sborowsk/build/STAR/2.7.10b/GCC-11.3.0/STAR-2.7.10b/source
Jul 30 10:20:31 ..... started STAR run
Jul 30 10:20:31 ..... loading genome
Jul 30 10:20:32 ..... started 1st pass mapping
Jul 30 10:21:12 ..... finished 1st pass mapping
Jul 30 10:21:12 ..... inserting junctions into the genome indices
Jul 30 10:21:23 ..... started mapping
Jul 30 10:22:04 ..... finished mapping
Jul 30 10:22:05 ..... started sorting BAM
Jul 30 10:22:18 ..... finished successfully
Unloading compiler/GCC/11.3.0 <aL>
  Unloading dependent: bio/STAR/2.7.10b-GCC-11.3.0
  Unloading useless requirement: bio/HTSlib/1.15.1-GCC-11.3.0
    tools/cURL/7.83.0-GCCcore-11.3.0 system/OpenSSL/1.1
    tools/XZ/5.2.5-GCCcore-11.3.0 tools/bzip2/1.0.8-GCCcore-11.3.0
    tools/binutils/2.38-GCCcore-11.3.0 lib/zlib/1.2.12-GCCcore-11.3.0
    compiler/GCCcore/11.3.0
Loading bio/fastp/1.0.1-GCC-13.3.0
  Loading requirement: compiler/GCCcore/13.3.0 lib/zlib/1.3.1-GCCcore-13.3.0
    tools/binutils/2.42-GCCcore-13.3.0 compiler/GCC/13.3.0
    system/libdeflate/1.20-GCCcore-13.3.0 lang/NASM/2.16.03-GCCcore-13.3.0
    lib/ISA-L/2.31.0-GCCcore-13.3.0
Read1 before filtering:
total reads: 31997908
total bases: 1599895400
Q20 bases: 1581888788(98.8745%)
Q30 bases: 1555963434(97.2541%)
Q40 bases: 797737231(49.8618%)

Read2 before filtering:
total reads: 31997908
total bases: 1599895400
Q20 bases: 1559168710(97.4544%)
Q30 bases: 1526192532(95.3933%)
Q40 bases: 776618991(48.5419%)

Read1 after filtering:
total reads: 30272150
total bases: 1513149876
Q20 bases: 1507452331(99.6235%)
Q30 bases: 1489855011(98.4605%)
Q40 bases: 783785912(51.7983%)

Read2 after filtering:
total reads: 30272150
total bases: 1513149876
Q20 bases: 1506588234(99.5664%)
Q30 bases: 1485964758(98.2034%)
Q40 bases: 770440775(50.9164%)

Filtering result:
reads passed filter: 60544300
reads failed due to low quality: 3451216
reads failed due to too many N: 300
reads with adapter trimmed: 275712
bases trimmed due to adapters: 2325982

Duplication rate: 19.7493%

Insert size peak (evaluated by paired-end reads): 55

JSON report: ERR2987461_fastp.json
HTML report: ERR2987461_fastp.html

fastp -i ERR2987461_1.fastq.gz -I ERR2987461_2.fastq.gz -o ERR2987461_1.q30.fastq.gz -O ERR2987461_2.q30.fastq.gz --average_qual 30 --disable_length_filtering -w 8 -j ERR2987461_fastp.json -h ERR2987461_fastp.html 
fastp v1.0.1, time used: 37 seconds
Unloading compiler/GCC/13.3.0 <aL>
  Unloading dependent: bio/fastp/1.0.1-GCC-13.3.0
  Unloading useless requirement: lib/ISA-L/2.31.0-GCCcore-13.3.0
    lang/NASM/2.16.03-GCCcore-13.3.0 system/libdeflate/1.20-GCCcore-13.3.0
    tools/binutils/2.42-GCCcore-13.3.0 lib/zlib/1.3.1-GCCcore-13.3.0
    compiler/GCCcore/13.3.0
Loading bio/STAR/2.7.10b-GCC-11.3.0
  Loading requirement: compiler/GCCcore/11.3.0 lib/zlib/1.2.12-GCCcore-11.3.0
    tools/binutils/2.38-GCCcore-11.3.0 compiler/GCC/11.3.0
    tools/bzip2/1.0.8-GCCcore-11.3.0 tools/XZ/5.2.5-GCCcore-11.3.0
    system/OpenSSL/1.1 tools/cURL/7.83.0-GCCcore-11.3.0
    bio/HTSlib/1.15.1-GCC-11.3.0
	STAR --runThreadN 24 --genomeDir /scratch/USERNAME/Vitis/GGref/STAR_index_PN40024v4 --readFilesIn ERR2987461_1.q30.fastq.gz ERR2987461_2.q30.fastq.gz --readFilesCommand zcat --outFileNamePrefix ERR2987461_ --outSAMtype BAM SortedByCoordinate --outBAMsortingBinsN 20 --limitBAMsortRAM 10000000000 --outFilterMultimapNmax 1 --twopassMode Basic
	STAR version: 2.7.10b   compiled: 2024-07-31T14:09:58+02:00 ramses4:/dev/shm/sborowsk/build/STAR/2.7.10b/GCC-11.3.0/STAR-2.7.10b/source
Jul 30 10:22:56 ..... started STAR run
Jul 30 10:22:56 ..... loading genome
Jul 30 10:22:57 ..... started 1st pass mapping
Jul 30 10:23:36 ..... finished 1st pass mapping
Jul 30 10:23:36 ..... inserting junctions into the genome indices
Jul 30 10:23:47 ..... started mapping
Jul 30 10:24:31 ..... finished mapping
Jul 30 10:24:31 ..... started sorting BAM
Jul 30 10:24:46 ..... finished successfully
Unloading compiler/GCC/11.3.0 <aL>
  Unloading dependent: bio/STAR/2.7.10b-GCC-11.3.0
  Unloading useless requirement: bio/HTSlib/1.15.1-GCC-11.3.0
    tools/cURL/7.83.0-GCCcore-11.3.0 system/OpenSSL/1.1
    tools/XZ/5.2.5-GCCcore-11.3.0 tools/bzip2/1.0.8-GCCcore-11.3.0
    tools/binutils/2.38-GCCcore-11.3.0 lib/zlib/1.2.12-GCCcore-11.3.0
    compiler/GCCcore/11.3.0
Loading bio/fastp/1.0.1-GCC-13.3.0
  Loading requirement: compiler/GCCcore/13.3.0 lib/zlib/1.3.1-GCCcore-13.3.0
    tools/binutils/2.42-GCCcore-13.3.0 compiler/GCC/13.3.0
    system/libdeflate/1.20-GCCcore-13.3.0 lang/NASM/2.16.03-GCCcore-13.3.0
    lib/ISA-L/2.31.0-GCCcore-13.3.0
Read1 before filtering:
total reads: 15491046
total bases: 1119657050
Q20 bases: 1094473011(97.7507%)
Q30 bases: 1079734453(96.4344%)
Q40 bases: 607118238(54.2236%)

Read2 before filtering:
total reads: 15491046
total bases: 1119657050
Q20 bases: 1083591436(96.7789%)
Q30 bases: 1065598736(95.1719%)
Q40 bases: 580292783(51.8277%)

Read1 after filtering:
total reads: 14604365
total bases: 1043323737
Q20 bases: 1035236708(99.2249%)
Q30 bases: 1026334640(98.3716%)
Q40 bases: 592908480(56.8288%)

Read2 after filtering:
total reads: 14604365
total bases: 1043323737
Q20 bases: 1033782350(99.0855%)
Q30 bases: 1023840513(98.1326%)
Q40 bases: 572294733(54.853%)

Filtering result:
reads passed filter: 29208730
reads failed due to low quality: 1771946
reads failed due to too many N: 1416
reads with adapter trimmed: 1461416
bases trimmed due to adapters: 18476444

Duplication rate: 6.67348%

Insert size peak (evaluated by paired-end reads): 100

JSON report: ERR2987440_fastp.json
HTML report: ERR2987440_fastp.html

fastp -i ERR2987440_1.fastq.gz -I ERR2987440_2.fastq.gz -o ERR2987440_1.q30.fastq.gz -O ERR2987440_2.q30.fastq.gz --average_qual 30 --disable_length_filtering -w 8 -j ERR2987440_fastp.json -h ERR2987440_fastp.html 
fastp v1.0.1, time used: 24 seconds
Unloading compiler/GCC/13.3.0 <aL>
  Unloading dependent: bio/fastp/1.0.1-GCC-13.3.0
  Unloading useless requirement: lib/ISA-L/2.31.0-GCCcore-13.3.0
    lang/NASM/2.16.03-GCCcore-13.3.0 system/libdeflate/1.20-GCCcore-13.3.0
    tools/binutils/2.42-GCCcore-13.3.0 lib/zlib/1.3.1-GCCcore-13.3.0
    compiler/GCCcore/13.3.0
Loading bio/STAR/2.7.10b-GCC-11.3.0
  Loading requirement: compiler/GCCcore/11.3.0 lib/zlib/1.2.12-GCCcore-11.3.0
    tools/binutils/2.38-GCCcore-11.3.0 compiler/GCC/11.3.0
    tools/bzip2/1.0.8-GCCcore-11.3.0 tools/XZ/5.2.5-GCCcore-11.3.0
    system/OpenSSL/1.1 tools/cURL/7.83.0-GCCcore-11.3.0
    bio/HTSlib/1.15.1-GCC-11.3.0
	STAR --runThreadN 24 --genomeDir /scratch/USERNAME/Vitis/GGref/STAR_index_PN40024v4 --readFilesIn ERR2987440_1.q30.fastq.gz ERR2987440_2.q30.fastq.gz --readFilesCommand zcat --outFileNamePrefix ERR2987440_ --outSAMtype BAM SortedByCoordinate --outBAMsortingBinsN 20 --limitBAMsortRAM 10000000000 --outFilterMultimapNmax 1 --twopassMode Basic
	STAR version: 2.7.10b   compiled: 2024-07-31T14:09:58+02:00 ramses4:/dev/shm/sborowsk/build/STAR/2.7.10b/GCC-11.3.0/STAR-2.7.10b/source
Jul 30 10:25:10 ..... started STAR run
Jul 30 10:25:10 ..... loading genome
Jul 30 10:25:11 ..... started 1st pass mapping
Jul 30 10:25:56 ..... finished 1st pass mapping
Jul 30 10:25:56 ..... inserting junctions into the genome indices
Jul 30 10:26:08 ..... started mapping
Jul 30 10:27:00 ..... finished mapping
Jul 30 10:27:00 ..... started sorting BAM
Jul 30 10:27:09 ..... finished successfully
Unloading compiler/GCC/11.3.0 <aL>
  Unloading dependent: bio/STAR/2.7.10b-GCC-11.3.0
  Unloading useless requirement: bio/HTSlib/1.15.1-GCC-11.3.0
    tools/cURL/7.83.0-GCCcore-11.3.0 system/OpenSSL/1.1
    tools/XZ/5.2.5-GCCcore-11.3.0 tools/bzip2/1.0.8-GCCcore-11.3.0
    tools/binutils/2.38-GCCcore-11.3.0 lib/zlib/1.2.12-GCCcore-11.3.0
    compiler/GCCcore/11.3.0
Loading bio/fastp/1.0.1-GCC-13.3.0
  Loading requirement: compiler/GCCcore/13.3.0 lib/zlib/1.3.1-GCCcore-13.3.0
    tools/binutils/2.42-GCCcore-13.3.0 compiler/GCC/13.3.0
    system/libdeflate/1.20-GCCcore-13.3.0 lang/NASM/2.16.03-GCCcore-13.3.0
    lib/ISA-L/2.31.0-GCCcore-13.3.0
Read1 before filtering:
total reads: 31833268
total bases: 2273593850
Q20 bases: 2229005019(98.0388%)
Q30 bases: 2199556833(96.7436%)
Q40 bases: 1240277571(54.5514%)

Read2 before filtering:
total reads: 31833268
total bases: 2273593850
Q20 bases: 2207326760(97.0854%)
Q30 bases: 2171135269(95.4935%)
Q40 bases: 1179266976(51.868%)

Read1 after filtering:
total reads: 30213077
total bases: 2133570846
Q20 bases: 2117659706(99.2542%)
Q30 bases: 2099453268(98.4009%)
Q40 bases: 1214219269(56.9102%)

Read2 after filtering:
total reads: 30213077
total bases: 2133570846
Q20 bases: 2114365089(99.0998%)
Q30 bases: 2093615801(98.1273%)
Q40 bases: 1165047986(54.6055%)

Filtering result:
reads passed filter: 60426154
reads failed due to low quality: 3237750
reads failed due to too many N: 2632
reads with adapter trimmed: 3091406
bases trimmed due to adapters: 40058640

Duplication rate: 11.4132%

Insert size peak (evaluated by paired-end reads): 123

JSON report: ERR2987451_fastp.json
HTML report: ERR2987451_fastp.html

fastp -i ERR2987451_1.fastq.gz -I ERR2987451_2.fastq.gz -o ERR2987451_1.q30.fastq.gz -O ERR2987451_2.q30.fastq.gz --average_qual 30 --disable_length_filtering -w 8 -j ERR2987451_fastp.json -h ERR2987451_fastp.html 
fastp v1.0.1, time used: 49 seconds
Unloading compiler/GCC/13.3.0 <aL>
  Unloading dependent: bio/fastp/1.0.1-GCC-13.3.0
  Unloading useless requirement: lib/ISA-L/2.31.0-GCCcore-13.3.0
    lang/NASM/2.16.03-GCCcore-13.3.0 system/libdeflate/1.20-GCCcore-13.3.0
    tools/binutils/2.42-GCCcore-13.3.0 lib/zlib/1.3.1-GCCcore-13.3.0
    compiler/GCCcore/13.3.0
Loading bio/STAR/2.7.10b-GCC-11.3.0
  Loading requirement: compiler/GCCcore/11.3.0 lib/zlib/1.2.12-GCCcore-11.3.0
    tools/binutils/2.38-GCCcore-11.3.0 compiler/GCC/11.3.0
    tools/bzip2/1.0.8-GCCcore-11.3.0 tools/XZ/5.2.5-GCCcore-11.3.0
    system/OpenSSL/1.1 tools/cURL/7.83.0-GCCcore-11.3.0
    bio/HTSlib/1.15.1-GCC-11.3.0
	STAR --runThreadN 24 --genomeDir /scratch/USERNAME/Vitis/GGref/STAR_index_PN40024v4 --readFilesIn ERR2987451_1.q30.fastq.gz ERR2987451_2.q30.fastq.gz --readFilesCommand zcat --outFileNamePrefix ERR2987451_ --outSAMtype BAM SortedByCoordinate --outBAMsortingBinsN 20 --limitBAMsortRAM 10000000000 --outFilterMultimapNmax 1 --twopassMode Basic
	STAR version: 2.7.10b   compiled: 2024-07-31T14:09:58+02:00 ramses4:/dev/shm/sborowsk/build/STAR/2.7.10b/GCC-11.3.0/STAR-2.7.10b/source
Jul 30 10:27:59 ..... started STAR run
Jul 30 10:27:59 ..... loading genome
Jul 30 10:28:00 ..... started 1st pass mapping
Jul 30 10:29:16 ..... finished 1st pass mapping
Jul 30 10:29:16 ..... inserting junctions into the genome indices
Jul 30 10:29:28 ..... started mapping
Jul 30 10:31:00 ..... finished mapping
Jul 30 10:31:01 ..... started sorting BAM
Jul 30 10:31:19 ..... finished successfully
Unloading compiler/GCC/11.3.0 <aL>
  Unloading dependent: bio/STAR/2.7.10b-GCC-11.3.0
  Unloading useless requirement: bio/HTSlib/1.15.1-GCC-11.3.0
    tools/cURL/7.83.0-GCCcore-11.3.0 system/OpenSSL/1.1
    tools/XZ/5.2.5-GCCcore-11.3.0 tools/bzip2/1.0.8-GCCcore-11.3.0
    tools/binutils/2.38-GCCcore-11.3.0 lib/zlib/1.2.12-GCCcore-11.3.0
    compiler/GCCcore/11.3.0
Loading bio/fastp/1.0.1-GCC-13.3.0
  Loading requirement: compiler/GCCcore/13.3.0 lib/zlib/1.3.1-GCCcore-13.3.0
    tools/binutils/2.42-GCCcore-13.3.0 compiler/GCC/13.3.0
    system/libdeflate/1.20-GCCcore-13.3.0 lang/NASM/2.16.03-GCCcore-13.3.0
    lib/ISA-L/2.31.0-GCCcore-13.3.0
Read1 before filtering:
total reads: 19223069
total bases: 961153450
Q20 bases: 951105977(98.9546%)
Q30 bases: 935906526(97.3733%)
Q40 bases: 483639968(50.3187%)

Read2 before filtering:
total reads: 19223069
total bases: 961153450
Q20 bases: 938586953(97.6521%)
Q30 bases: 919525532(95.669%)
Q40 bases: 471487734(49.0544%)

Read1 after filtering:
total reads: 18267418
total bases: 913089440
Q20 bases: 909774615(99.637%)
Q30 bases: 899258766(98.4853%)
Q40 bases: 475521982(52.0784%)

Read2 after filtering:
total reads: 18267418
total bases: 913089440
Q20 bases: 909234905(99.5779%)
Q30 bases: 896943756(98.2318%)
Q40 bases: 468300654(51.2875%)

Filtering result:
reads passed filter: 36534836
reads failed due to low quality: 1911142
reads failed due to too many N: 160
reads with adapter trimmed: 153594
bases trimmed due to adapters: 1277598

Duplication rate: 13.8131%

Insert size peak (evaluated by paired-end reads): 50

JSON report: ERR2987462_fastp.json
HTML report: ERR2987462_fastp.html

fastp -i ERR2987462_1.fastq.gz -I ERR2987462_2.fastq.gz -o ERR2987462_1.q30.fastq.gz -O ERR2987462_2.q30.fastq.gz --average_qual 30 --disable_length_filtering -w 8 -j ERR2987462_fastp.json -h ERR2987462_fastp.html 
fastp v1.0.1, time used: 22 seconds
Unloading compiler/GCC/13.3.0 <aL>
  Unloading dependent: bio/fastp/1.0.1-GCC-13.3.0
  Unloading useless requirement: lib/ISA-L/2.31.0-GCCcore-13.3.0
    lang/NASM/2.16.03-GCCcore-13.3.0 system/libdeflate/1.20-GCCcore-13.3.0
    tools/binutils/2.42-GCCcore-13.3.0 lib/zlib/1.3.1-GCCcore-13.3.0
    compiler/GCCcore/13.3.0
Loading bio/STAR/2.7.10b-GCC-11.3.0
  Loading requirement: compiler/GCCcore/11.3.0 lib/zlib/1.2.12-GCCcore-11.3.0
    tools/binutils/2.38-GCCcore-11.3.0 compiler/GCC/11.3.0
    tools/bzip2/1.0.8-GCCcore-11.3.0 tools/XZ/5.2.5-GCCcore-11.3.0
    system/OpenSSL/1.1 tools/cURL/7.83.0-GCCcore-11.3.0
    bio/HTSlib/1.15.1-GCC-11.3.0
	STAR --runThreadN 24 --genomeDir /scratch/USERNAME/Vitis/GGref/STAR_index_PN40024v4 --readFilesIn ERR2987462_1.q30.fastq.gz ERR2987462_2.q30.fastq.gz --readFilesCommand zcat --outFileNamePrefix ERR2987462_ --outSAMtype BAM SortedByCoordinate --outBAMsortingBinsN 20 --limitBAMsortRAM 10000000000 --outFilterMultimapNmax 1 --twopassMode Basic
	STAR version: 2.7.10b   compiled: 2024-07-31T14:09:58+02:00 ramses4:/dev/shm/sborowsk/build/STAR/2.7.10b/GCC-11.3.0/STAR-2.7.10b/source
Jul 30 10:31:42 ..... started STAR run
Jul 30 10:31:42 ..... loading genome
Jul 30 10:31:43 ..... started 1st pass mapping
Jul 30 10:32:08 ..... finished 1st pass mapping
Jul 30 10:32:08 ..... inserting junctions into the genome indices
Jul 30 10:32:20 ..... started mapping
Jul 30 10:32:45 ..... finished mapping
Jul 30 10:32:45 ..... started sorting BAM
Jul 30 10:32:54 ..... finished successfully
Unloading compiler/GCC/11.3.0 <aL>
  Unloading dependent: bio/STAR/2.7.10b-GCC-11.3.0
  Unloading useless requirement: bio/HTSlib/1.15.1-GCC-11.3.0
    tools/cURL/7.83.0-GCCcore-11.3.0 system/OpenSSL/1.1
    tools/XZ/5.2.5-GCCcore-11.3.0 tools/bzip2/1.0.8-GCCcore-11.3.0
    tools/binutils/2.38-GCCcore-11.3.0 lib/zlib/1.2.12-GCCcore-11.3.0
    compiler/GCCcore/11.3.0
Loading bio/fastp/1.0.1-GCC-13.3.0
  Loading requirement: compiler/GCCcore/13.3.0 lib/zlib/1.3.1-GCCcore-13.3.0
    tools/binutils/2.42-GCCcore-13.3.0 compiler/GCC/13.3.0
    system/libdeflate/1.20-GCCcore-13.3.0 lang/NASM/2.16.03-GCCcore-13.3.0
    lib/ISA-L/2.31.0-GCCcore-13.3.0
Read1 before filtering:
total reads: 28191901
total bases: 2010002450
Q20 bases: 1969075962(97.9639%)
Q30 bases: 1943379720(96.6854%)
Q40 bases: 1098951127(54.6741%)

Read2 before filtering:
total reads: 28191901
total bases: 2010002450
Q20 bases: 1948531133(96.9417%)
Q30 bases: 1915635212(95.3051%)
Q40 bases: 1033786196(51.4321%)

Read1 after filtering:
total reads: 26696053
total bases: 1878299383
Q20 bases: 1864378343(99.2588%)
Q30 bases: 1848688958(98.4236%)
Q40 bases: 1072988930(57.1256%)

Read2 after filtering:
total reads: 26696053
total bases: 1878299383
Q20 bases: 1860936976(99.0756%)
Q30 bases: 1842577347(98.0982%)
Q40 bases: 1019785185(54.293%)

Filtering result:
reads passed filter: 53392106
reads failed due to low quality: 2989368
reads failed due to too many N: 2328
reads with adapter trimmed: 2989972
bases trimmed due to adapters: 39709650

Duplication rate: 10.7036%

Insert size peak (evaluated by paired-end reads): 100

JSON report: ERR2987441_fastp.json
HTML report: ERR2987441_fastp.html

fastp -i ERR2987441_1.fastq.gz -I ERR2987441_2.fastq.gz -o ERR2987441_1.q30.fastq.gz -O ERR2987441_2.q30.fastq.gz --average_qual 30 --disable_length_filtering -w 8 -j ERR2987441_fastp.json -h ERR2987441_fastp.html 
fastp v1.0.1, time used: 43 seconds
Unloading compiler/GCC/13.3.0 <aL>
  Unloading dependent: bio/fastp/1.0.1-GCC-13.3.0
  Unloading useless requirement: lib/ISA-L/2.31.0-GCCcore-13.3.0
    lang/NASM/2.16.03-GCCcore-13.3.0 system/libdeflate/1.20-GCCcore-13.3.0
    tools/binutils/2.42-GCCcore-13.3.0 lib/zlib/1.3.1-GCCcore-13.3.0
    compiler/GCCcore/13.3.0
Loading bio/STAR/2.7.10b-GCC-11.3.0
  Loading requirement: compiler/GCCcore/11.3.0 lib/zlib/1.2.12-GCCcore-11.3.0
    tools/binutils/2.38-GCCcore-11.3.0 compiler/GCC/11.3.0
    tools/bzip2/1.0.8-GCCcore-11.3.0 tools/XZ/5.2.5-GCCcore-11.3.0
    system/OpenSSL/1.1 tools/cURL/7.83.0-GCCcore-11.3.0
    bio/HTSlib/1.15.1-GCC-11.3.0
	STAR --runThreadN 24 --genomeDir /scratch/USERNAME/Vitis/GGref/STAR_index_PN40024v4 --readFilesIn ERR2987441_1.q30.fastq.gz ERR2987441_2.q30.fastq.gz --readFilesCommand zcat --outFileNamePrefix ERR2987441_ --outSAMtype BAM SortedByCoordinate --outBAMsortingBinsN 20 --limitBAMsortRAM 10000000000 --outFilterMultimapNmax 1 --twopassMode Basic
	STAR version: 2.7.10b   compiled: 2024-07-31T14:09:58+02:00 ramses4:/dev/shm/sborowsk/build/STAR/2.7.10b/GCC-11.3.0/STAR-2.7.10b/source
Jul 30 10:33:38 ..... started STAR run
Jul 30 10:33:38 ..... loading genome
Jul 30 10:33:39 ..... started 1st pass mapping
Jul 30 10:34:49 ..... finished 1st pass mapping
Jul 30 10:34:50 ..... inserting junctions into the genome indices
Jul 30 10:35:02 ..... started mapping
Jul 30 10:36:36 ..... finished mapping
Jul 30 10:36:37 ..... started sorting BAM
Jul 30 10:36:53 ..... finished successfully
Unloading compiler/GCC/11.3.0 <aL>
  Unloading dependent: bio/STAR/2.7.10b-GCC-11.3.0
  Unloading useless requirement: bio/HTSlib/1.15.1-GCC-11.3.0
    tools/cURL/7.83.0-GCCcore-11.3.0 system/OpenSSL/1.1
    tools/XZ/5.2.5-GCCcore-11.3.0 tools/bzip2/1.0.8-GCCcore-11.3.0
    tools/binutils/2.38-GCCcore-11.3.0 lib/zlib/1.2.12-GCCcore-11.3.0
    compiler/GCCcore/11.3.0
Loading bio/fastp/1.0.1-GCC-13.3.0
  Loading requirement: compiler/GCCcore/13.3.0 lib/zlib/1.3.1-GCCcore-13.3.0
    tools/binutils/2.42-GCCcore-13.3.0 compiler/GCC/13.3.0
    system/libdeflate/1.20-GCCcore-13.3.0 lang/NASM/2.16.03-GCCcore-13.3.0
    lib/ISA-L/2.31.0-GCCcore-13.3.0
Read1 before filtering:
total reads: 24367007
total bases: 1743845150
Q20 bases: 1707694196(97.9269%)
Q30 bases: 1684847109(96.6168%)
Q40 bases: 943443193(54.1013%)

Read2 before filtering:
total reads: 24367007
total bases: 1743845150
Q20 bases: 1691691256(97.0093%)
Q30 bases: 1662906006(95.3586%)
Q40 bases: 899761601(51.5964%)

Read1 after filtering:
total reads: 23088474
total bases: 1628548362
Q20 bases: 1615904323(99.2236%)
Q30 bases: 1601669430(98.3495%)
Q40 bases: 919939532(56.4883%)

Read2 after filtering:
total reads: 23088474
total bases: 1628548362
Q20 bases: 1613668641(99.0863%)
Q30 bases: 1597654280(98.103%)
Q40 bases: 886273680(54.4211%)

Filtering result:
reads passed filter: 46176948
reads failed due to low quality: 2555050
reads failed due to too many N: 2016
reads with adapter trimmed: 2592096
bases trimmed due to adapters: 33539996

Duplication rate: 14.1481%

Insert size peak (evaluated by paired-end reads): 100

JSON report: ERR2987452_fastp.json
HTML report: ERR2987452_fastp.html

fastp -i ERR2987452_1.fastq.gz -I ERR2987452_2.fastq.gz -o ERR2987452_1.q30.fastq.gz -O ERR2987452_2.q30.fastq.gz --average_qual 30 --disable_length_filtering -w 8 -j ERR2987452_fastp.json -h ERR2987452_fastp.html 
fastp v1.0.1, time used: 37 seconds
Unloading compiler/GCC/13.3.0 <aL>
  Unloading dependent: bio/fastp/1.0.1-GCC-13.3.0
  Unloading useless requirement: lib/ISA-L/2.31.0-GCCcore-13.3.0
    lang/NASM/2.16.03-GCCcore-13.3.0 system/libdeflate/1.20-GCCcore-13.3.0
    tools/binutils/2.42-GCCcore-13.3.0 lib/zlib/1.3.1-GCCcore-13.3.0
    compiler/GCCcore/13.3.0
Loading bio/STAR/2.7.10b-GCC-11.3.0
  Loading requirement: compiler/GCCcore/11.3.0 lib/zlib/1.2.12-GCCcore-11.3.0
    tools/binutils/2.38-GCCcore-11.3.0 compiler/GCC/11.3.0
    tools/bzip2/1.0.8-GCCcore-11.3.0 tools/XZ/5.2.5-GCCcore-11.3.0
    system/OpenSSL/1.1 tools/cURL/7.83.0-GCCcore-11.3.0
    bio/HTSlib/1.15.1-GCC-11.3.0
	STAR --runThreadN 24 --genomeDir /scratch/USERNAME/Vitis/GGref/STAR_index_PN40024v4 --readFilesIn ERR2987452_1.q30.fastq.gz ERR2987452_2.q30.fastq.gz --readFilesCommand zcat --outFileNamePrefix ERR2987452_ --outSAMtype BAM SortedByCoordinate --outBAMsortingBinsN 20 --limitBAMsortRAM 10000000000 --outFilterMultimapNmax 1 --twopassMode Basic
	STAR version: 2.7.10b   compiled: 2024-07-31T14:09:58+02:00 ramses4:/dev/shm/sborowsk/build/STAR/2.7.10b/GCC-11.3.0/STAR-2.7.10b/source
Jul 30 10:37:31 ..... started STAR run
Jul 30 10:37:31 ..... loading genome
Jul 30 10:37:32 ..... started 1st pass mapping
Jul 30 10:38:34 ..... finished 1st pass mapping
Jul 30 10:38:34 ..... inserting junctions into the genome indices
Jul 30 10:38:46 ..... started mapping
Jul 30 10:40:13 ..... finished mapping
Jul 30 10:40:13 ..... started sorting BAM
Jul 30 10:40:27 ..... finished successfully
Unloading compiler/GCC/11.3.0 <aL>
  Unloading dependent: bio/STAR/2.7.10b-GCC-11.3.0
  Unloading useless requirement: bio/HTSlib/1.15.1-GCC-11.3.0
    tools/cURL/7.83.0-GCCcore-11.3.0 system/OpenSSL/1.1
    tools/XZ/5.2.5-GCCcore-11.3.0 tools/bzip2/1.0.8-GCCcore-11.3.0
    tools/binutils/2.38-GCCcore-11.3.0 lib/zlib/1.2.12-GCCcore-11.3.0
    compiler/GCCcore/11.3.0
Loading bio/fastp/1.0.1-GCC-13.3.0
  Loading requirement: compiler/GCCcore/13.3.0 lib/zlib/1.3.1-GCCcore-13.3.0
    tools/binutils/2.42-GCCcore-13.3.0 compiler/GCC/13.3.0
    system/libdeflate/1.20-GCCcore-13.3.0 lang/NASM/2.16.03-GCCcore-13.3.0
    lib/ISA-L/2.31.0-GCCcore-13.3.0
Read1 before filtering:
total reads: 26813244
total bases: 1934330550
Q20 bases: 1896223978(98.03%)
Q30 bases: 1871240074(96.7384%)
Q40 bases: 1055845335(54.5845%)

Read2 before filtering:
total reads: 26813244
total bases: 1934330550
Q20 bases: 1877493634(97.0617%)
Q30 bases: 1846955710(95.4829%)
Q40 bases: 1006154598(52.0156%)

Read1 after filtering:
total reads: 25464728
total bases: 1807701446
Q20 bases: 1793921188(99.2377%)
Q30 bases: 1778467267(98.3828%)
Q40 bases: 1029582935(56.9554%)

Read2 after filtering:
total reads: 25464728
total bases: 1807701446
Q20 bases: 1791473102(99.1023%)
Q30 bases: 1774268675(98.1505%)
Q40 bases: 991129652(54.8282%)

Filtering result:
reads passed filter: 50929456
reads failed due to low quality: 2694806
reads failed due to too many N: 2226
reads with adapter trimmed: 3694398
bases trimmed due to adapters: 49710354

Duplication rate: 11.2222%

Insert size peak (evaluated by paired-end reads): 100

JSON report: ERR2987463_fastp.json
HTML report: ERR2987463_fastp.html

fastp -i ERR2987463_1.fastq.gz -I ERR2987463_2.fastq.gz -o ERR2987463_1.q30.fastq.gz -O ERR2987463_2.q30.fastq.gz --average_qual 30 --disable_length_filtering -w 8 -j ERR2987463_fastp.json -h ERR2987463_fastp.html 
fastp v1.0.1, time used: 41 seconds
Unloading compiler/GCC/13.3.0 <aL>
  Unloading dependent: bio/fastp/1.0.1-GCC-13.3.0
  Unloading useless requirement: lib/ISA-L/2.31.0-GCCcore-13.3.0
    lang/NASM/2.16.03-GCCcore-13.3.0 system/libdeflate/1.20-GCCcore-13.3.0
    tools/binutils/2.42-GCCcore-13.3.0 lib/zlib/1.3.1-GCCcore-13.3.0
    compiler/GCCcore/13.3.0
Loading bio/STAR/2.7.10b-GCC-11.3.0
  Loading requirement: compiler/GCCcore/11.3.0 lib/zlib/1.2.12-GCCcore-11.3.0
    tools/binutils/2.38-GCCcore-11.3.0 compiler/GCC/11.3.0
    tools/bzip2/1.0.8-GCCcore-11.3.0 tools/XZ/5.2.5-GCCcore-11.3.0
    system/OpenSSL/1.1 tools/cURL/7.83.0-GCCcore-11.3.0
    bio/HTSlib/1.15.1-GCC-11.3.0
	STAR --runThreadN 24 --genomeDir /scratch/USERNAME/Vitis/GGref/STAR_index_PN40024v4 --readFilesIn ERR2987463_1.q30.fastq.gz ERR2987463_2.q30.fastq.gz --readFilesCommand zcat --outFileNamePrefix ERR2987463_ --outSAMtype BAM SortedByCoordinate --outBAMsortingBinsN 20 --limitBAMsortRAM 10000000000 --outFilterMultimapNmax 1 --twopassMode Basic
	STAR version: 2.7.10b   compiled: 2024-07-31T14:09:58+02:00 ramses4:/dev/shm/sborowsk/build/STAR/2.7.10b/GCC-11.3.0/STAR-2.7.10b/source
Jul 30 10:41:09 ..... started STAR run
Jul 30 10:41:09 ..... loading genome
Jul 30 10:41:10 ..... started 1st pass mapping
Jul 30 10:42:22 ..... finished 1st pass mapping
Jul 30 10:42:22 ..... inserting junctions into the genome indices
Jul 30 10:42:34 ..... started mapping
Jul 30 10:43:59 ..... finished mapping
Jul 30 10:43:59 ..... started sorting BAM
Jul 30 10:44:15 ..... finished successfully
Unloading compiler/GCC/11.3.0 <aL>
  Unloading dependent: bio/STAR/2.7.10b-GCC-11.3.0
  Unloading useless requirement: bio/HTSlib/1.15.1-GCC-11.3.0
    tools/cURL/7.83.0-GCCcore-11.3.0 system/OpenSSL/1.1
    tools/XZ/5.2.5-GCCcore-11.3.0 tools/bzip2/1.0.8-GCCcore-11.3.0
    tools/binutils/2.38-GCCcore-11.3.0 lib/zlib/1.2.12-GCCcore-11.3.0
    compiler/GCCcore/11.3.0
Loading bio/fastp/1.0.1-GCC-13.3.0
  Loading requirement: compiler/GCCcore/13.3.0 lib/zlib/1.3.1-GCCcore-13.3.0
    tools/binutils/2.42-GCCcore-13.3.0 compiler/GCC/13.3.0
    system/libdeflate/1.20-GCCcore-13.3.0 lang/NASM/2.16.03-GCCcore-13.3.0
    lib/ISA-L/2.31.0-GCCcore-13.3.0
Read1 before filtering:
total reads: 34475854
total bases: 1723792700
Q20 bases: 1703426840(98.8185%)
Q30 bases: 1672860552(97.0453%)
Q40 bases: 839421368(48.6962%)

Read2 before filtering:
total reads: 34475854
total bases: 1723792700
Q20 bases: 1668452437(96.7896%)
Q30 bases: 1628382007(94.4651%)
Q40 bases: 812166713(47.1151%)

Read1 after filtering:
total reads: 32261909
total bases: 1612606206
Q20 bases: 1606124969(99.5981%)
Q30 bases: 1585695786(98.3312%)
Q40 bases: 818870776(50.7793%)

Read2 after filtering:
total reads: 32261909
total bases: 1612606206
Q20 bases: 1604721802(99.5111%)
Q30 bases: 1580584599(98.0143%)
Q40 bases: 804863385(49.9107%)

Filtering result:
reads passed filter: 64523818
reads failed due to low quality: 4427292
reads failed due to too many N: 598
reads with adapter trimmed: 263198
bases trimmed due to adapters: 2178794

Duplication rate: 22.0145%

Insert size peak (evaluated by paired-end reads): 55

JSON report: ERR2987442_fastp.json
HTML report: ERR2987442_fastp.html

fastp -i ERR2987442_1.fastq.gz -I ERR2987442_2.fastq.gz -o ERR2987442_1.q30.fastq.gz -O ERR2987442_2.q30.fastq.gz --average_qual 30 --disable_length_filtering -w 8 -j ERR2987442_fastp.json -h ERR2987442_fastp.html 
fastp v1.0.1, time used: 40 seconds
Unloading compiler/GCC/13.3.0 <aL>
  Unloading dependent: bio/fastp/1.0.1-GCC-13.3.0
  Unloading useless requirement: lib/ISA-L/2.31.0-GCCcore-13.3.0
    lang/NASM/2.16.03-GCCcore-13.3.0 system/libdeflate/1.20-GCCcore-13.3.0
    tools/binutils/2.42-GCCcore-13.3.0 lib/zlib/1.3.1-GCCcore-13.3.0
    compiler/GCCcore/13.3.0
Loading bio/STAR/2.7.10b-GCC-11.3.0
  Loading requirement: compiler/GCCcore/11.3.0 lib/zlib/1.2.12-GCCcore-11.3.0
    tools/binutils/2.38-GCCcore-11.3.0 compiler/GCC/11.3.0
    tools/bzip2/1.0.8-GCCcore-11.3.0 tools/XZ/5.2.5-GCCcore-11.3.0
    system/OpenSSL/1.1 tools/cURL/7.83.0-GCCcore-11.3.0
    bio/HTSlib/1.15.1-GCC-11.3.0
	STAR --runThreadN 24 --genomeDir /scratch/USERNAME/Vitis/GGref/STAR_index_PN40024v4 --readFilesIn ERR2987442_1.q30.fastq.gz ERR2987442_2.q30.fastq.gz --readFilesCommand zcat --outFileNamePrefix ERR2987442_ --outSAMtype BAM SortedByCoordinate --outBAMsortingBinsN 20 --limitBAMsortRAM 10000000000 --outFilterMultimapNmax 1 --twopassMode Basic
	STAR version: 2.7.10b   compiled: 2024-07-31T14:09:58+02:00 ramses4:/dev/shm/sborowsk/build/STAR/2.7.10b/GCC-11.3.0/STAR-2.7.10b/source
Jul 30 10:44:55 ..... started STAR run
Jul 30 10:44:55 ..... loading genome
Jul 30 10:44:56 ..... started 1st pass mapping
Jul 30 10:45:39 ..... finished 1st pass mapping
Jul 30 10:45:40 ..... inserting junctions into the genome indices
Jul 30 10:45:51 ..... started mapping
Jul 30 10:46:45 ..... finished mapping
Jul 30 10:46:46 ..... started sorting BAM
Jul 30 10:47:01 ..... finished successfully
Unloading compiler/GCC/11.3.0 <aL>
  Unloading dependent: bio/STAR/2.7.10b-GCC-11.3.0
  Unloading useless requirement: bio/HTSlib/1.15.1-GCC-11.3.0
    tools/cURL/7.83.0-GCCcore-11.3.0 system/OpenSSL/1.1
    tools/XZ/5.2.5-GCCcore-11.3.0 tools/bzip2/1.0.8-GCCcore-11.3.0
    tools/binutils/2.38-GCCcore-11.3.0 lib/zlib/1.2.12-GCCcore-11.3.0
    compiler/GCCcore/11.3.0
Loading bio/fastp/1.0.1-GCC-13.3.0
  Loading requirement: compiler/GCCcore/13.3.0 lib/zlib/1.3.1-GCCcore-13.3.0
    tools/binutils/2.42-GCCcore-13.3.0 compiler/GCC/13.3.0
    system/libdeflate/1.20-GCCcore-13.3.0 lang/NASM/2.16.03-GCCcore-13.3.0
    lib/ISA-L/2.31.0-GCCcore-13.3.0
Read1 before filtering:
total reads: 24745747
total bases: 1871247550
Q20 bases: 1826877206(97.6288%)
Q30 bases: 1800868585(96.2389%)
Q40 bases: 1019055004(54.4586%)

Read2 before filtering:
total reads: 24745747
total bases: 1871247550
Q20 bases: 1809210394(96.6847%)
Q30 bases: 1778411222(95.0388%)
Q40 bases: 972407344(51.9657%)

Read1 after filtering:
total reads: 23389825
total bases: 1720800171
Q20 bases: 1706049199(99.1428%)
Q30 bases: 1690826080(98.2581%)
Q40 bases: 985721773(57.2828%)

Read2 after filtering:
total reads: 23389825
total bases: 1720800171
Q20 bases: 1703646461(99.0032%)
Q30 bases: 1686655648(98.0158%)
Q40 bases: 948163100(55.1001%)

Filtering result:
reads passed filter: 46779650
reads failed due to low quality: 2709446
reads failed due to too many N: 2398
reads with adapter trimmed: 5714456
bases trimmed due to adapters: 87606240

Duplication rate: 18.5753%

Insert size peak (evaluated by paired-end reads): 91

JSON report: ERR2987453_fastp.json
HTML report: ERR2987453_fastp.html

fastp -i ERR2987453_1.fastq.gz -I ERR2987453_2.fastq.gz -o ERR2987453_1.q30.fastq.gz -O ERR2987453_2.q30.fastq.gz --average_qual 30 --disable_length_filtering -w 8 -j ERR2987453_fastp.json -h ERR2987453_fastp.html 
fastp v1.0.1, time used: 38 seconds
Unloading compiler/GCC/13.3.0 <aL>
  Unloading dependent: bio/fastp/1.0.1-GCC-13.3.0
  Unloading useless requirement: lib/ISA-L/2.31.0-GCCcore-13.3.0
    lang/NASM/2.16.03-GCCcore-13.3.0 system/libdeflate/1.20-GCCcore-13.3.0
    tools/binutils/2.42-GCCcore-13.3.0 lib/zlib/1.3.1-GCCcore-13.3.0
    compiler/GCCcore/13.3.0
Loading bio/STAR/2.7.10b-GCC-11.3.0
  Loading requirement: compiler/GCCcore/11.3.0 lib/zlib/1.2.12-GCCcore-11.3.0
    tools/binutils/2.38-GCCcore-11.3.0 compiler/GCC/11.3.0
    tools/bzip2/1.0.8-GCCcore-11.3.0 tools/XZ/5.2.5-GCCcore-11.3.0
    system/OpenSSL/1.1 tools/cURL/7.83.0-GCCcore-11.3.0
    bio/HTSlib/1.15.1-GCC-11.3.0
	STAR --runThreadN 24 --genomeDir /scratch/USERNAME/Vitis/GGref/STAR_index_PN40024v4 --readFilesIn ERR2987453_1.q30.fastq.gz ERR2987453_2.q30.fastq.gz --readFilesCommand zcat --outFileNamePrefix ERR2987453_ --outSAMtype BAM SortedByCoordinate --outBAMsortingBinsN 20 --limitBAMsortRAM 10000000000 --outFilterMultimapNmax 1 --twopassMode Basic
	STAR version: 2.7.10b   compiled: 2024-07-31T14:09:58+02:00 ramses4:/dev/shm/sborowsk/build/STAR/2.7.10b/GCC-11.3.0/STAR-2.7.10b/source
Jul 30 10:47:40 ..... started STAR run
Jul 30 10:47:40 ..... loading genome
Jul 30 10:47:41 ..... started 1st pass mapping
Jul 30 10:49:49 ..... finished 1st pass mapping
Jul 30 10:49:49 ..... inserting junctions into the genome indices
Jul 30 10:50:01 ..... started mapping
Jul 30 10:52:14 ..... finished mapping
Jul 30 10:52:15 ..... started sorting BAM
Jul 30 10:52:27 ..... finished successfully
Unloading compiler/GCC/11.3.0 <aL>
  Unloading dependent: bio/STAR/2.7.10b-GCC-11.3.0
  Unloading useless requirement: bio/HTSlib/1.15.1-GCC-11.3.0
    tools/cURL/7.83.0-GCCcore-11.3.0 system/OpenSSL/1.1
    tools/XZ/5.2.5-GCCcore-11.3.0 tools/bzip2/1.0.8-GCCcore-11.3.0
    tools/binutils/2.38-GCCcore-11.3.0 lib/zlib/1.2.12-GCCcore-11.3.0
    compiler/GCCcore/11.3.0
Loading bio/fastp/1.0.1-GCC-13.3.0
  Loading requirement: compiler/GCCcore/13.3.0 lib/zlib/1.3.1-GCCcore-13.3.0
    tools/binutils/2.42-GCCcore-13.3.0 compiler/GCC/13.3.0
    system/libdeflate/1.20-GCCcore-13.3.0 lang/NASM/2.16.03-GCCcore-13.3.0
    lib/ISA-L/2.31.0-GCCcore-13.3.0
Read1 before filtering:
total reads: 22402038
total bases: 1120101900
Q20 bases: 1107787228(98.9006%)
Q30 bases: 1089982413(97.311%)
Q40 bases: 562204006(50.1922%)

Read2 before filtering:
total reads: 22402038
total bases: 1120101900
Q20 bases: 1091551780(97.4511%)
Q30 bases: 1069125765(95.449%)
Q40 bases: 547758122(48.9025%)

Read1 after filtering:
total reads: 21215102
total bases: 1060423776
Q20 bases: 1056492280(99.6293%)
Q30 bases: 1044310798(98.4805%)
Q40 bases: 552135202(52.0674%)

Read2 after filtering:
total reads: 21215102
total bases: 1060423776
Q20 bases: 1055941914(99.5774%)
Q30 bases: 1041805142(98.2442%)
Q40 bases: 543569800(51.2597%)

Filtering result:
reads passed filter: 42430204
reads failed due to low quality: 2373654
reads failed due to too many N: 218
reads with adapter trimmed: 202962
bases trimmed due to adapters: 1683936

Duplication rate: 16.9812%

Insert size peak (evaluated by paired-end reads): 55

JSON report: ERR2987464_fastp.json
HTML report: ERR2987464_fastp.html

fastp -i ERR2987464_1.fastq.gz -I ERR2987464_2.fastq.gz -o ERR2987464_1.q30.fastq.gz -O ERR2987464_2.q30.fastq.gz --average_qual 30 --disable_length_filtering -w 8 -j ERR2987464_fastp.json -h ERR2987464_fastp.html 
fastp v1.0.1, time used: 26 seconds
Unloading compiler/GCC/13.3.0 <aL>
  Unloading dependent: bio/fastp/1.0.1-GCC-13.3.0
  Unloading useless requirement: lib/ISA-L/2.31.0-GCCcore-13.3.0
    lang/NASM/2.16.03-GCCcore-13.3.0 system/libdeflate/1.20-GCCcore-13.3.0
    tools/binutils/2.42-GCCcore-13.3.0 lib/zlib/1.3.1-GCCcore-13.3.0
    compiler/GCCcore/13.3.0
Loading bio/STAR/2.7.10b-GCC-11.3.0
  Loading requirement: compiler/GCCcore/11.3.0 lib/zlib/1.2.12-GCCcore-11.3.0
    tools/binutils/2.38-GCCcore-11.3.0 compiler/GCC/11.3.0
    tools/bzip2/1.0.8-GCCcore-11.3.0 tools/XZ/5.2.5-GCCcore-11.3.0
    system/OpenSSL/1.1 tools/cURL/7.83.0-GCCcore-11.3.0
    bio/HTSlib/1.15.1-GCC-11.3.0
	STAR --runThreadN 24 --genomeDir /scratch/USERNAME/Vitis/GGref/STAR_index_PN40024v4 --readFilesIn ERR2987464_1.q30.fastq.gz ERR2987464_2.q30.fastq.gz --readFilesCommand zcat --outFileNamePrefix ERR2987464_ --outSAMtype BAM SortedByCoordinate --outBAMsortingBinsN 20 --limitBAMsortRAM 10000000000 --outFilterMultimapNmax 1 --twopassMode Basic
	STAR version: 2.7.10b   compiled: 2024-07-31T14:09:58+02:00 ramses4:/dev/shm/sborowsk/build/STAR/2.7.10b/GCC-11.3.0/STAR-2.7.10b/source
Jul 30 10:52:54 ..... started STAR run
Jul 30 10:52:54 ..... loading genome
Jul 30 10:52:54 ..... started 1st pass mapping
Jul 30 10:53:24 ..... finished 1st pass mapping
Jul 30 10:53:24 ..... inserting junctions into the genome indices
Jul 30 10:53:35 ..... started mapping
Jul 30 10:54:06 ..... finished mapping
Jul 30 10:54:06 ..... started sorting BAM
Jul 30 10:54:16 ..... finished successfully
Unloading compiler/GCC/11.3.0 <aL>
  Unloading dependent: bio/STAR/2.7.10b-GCC-11.3.0
  Unloading useless requirement: bio/HTSlib/1.15.1-GCC-11.3.0
    tools/cURL/7.83.0-GCCcore-11.3.0 system/OpenSSL/1.1
    tools/XZ/5.2.5-GCCcore-11.3.0 tools/bzip2/1.0.8-GCCcore-11.3.0
    tools/binutils/2.38-GCCcore-11.3.0 lib/zlib/1.2.12-GCCcore-11.3.0
    compiler/GCCcore/11.3.0
Loading bio/fastp/1.0.1-GCC-13.3.0
  Loading requirement: compiler/GCCcore/13.3.0 lib/zlib/1.3.1-GCCcore-13.3.0
    tools/binutils/2.42-GCCcore-13.3.0 compiler/GCC/13.3.0
    system/libdeflate/1.20-GCCcore-13.3.0 lang/NASM/2.16.03-GCCcore-13.3.0
    lib/ISA-L/2.31.0-GCCcore-13.3.0
Read1 before filtering:
total reads: 33429804
total bases: 2409092150
Q20 bases: 2360547122(97.9849%)
Q30 bases: 2327758896(96.6239%)
Q40 bases: 1296516032(53.8176%)

Read2 before filtering:
total reads: 33429804
total bases: 2409092150
Q20 bases: 2335703470(96.9537%)
Q30 bases: 2294337269(95.2366%)
Q40 bases: 1220151732(50.6478%)

Read1 after filtering:
total reads: 31694353
total bases: 2238170775
Q20 bases: 2220749062(99.2216%)
Q30 bases: 2200602955(98.3215%)
Q40 bases: 1259097704(56.2557%)

Read2 after filtering:
total reads: 31694353
total bases: 2238170775
Q20 bases: 2217156846(99.0611%)
Q30 bases: 2193610309(98.0091%)
Q40 bases: 1198149700(53.5325%)

Filtering result:
reads passed filter: 63388706
reads failed due to low quality: 3468190
reads failed due to too many N: 2712
reads with adapter trimmed: 5498886
bases trimmed due to adapters: 77844474

Duplication rate: 20.3381%

Insert size peak (evaluated by paired-end reads): 100

JSON report: ERR2987433_fastp.json
HTML report: ERR2987433_fastp.html

fastp -i ERR2987433_1.fastq.gz -I ERR2987433_2.fastq.gz -o ERR2987433_1.q30.fastq.gz -O ERR2987433_2.q30.fastq.gz --average_qual 30 --disable_length_filtering -w 8 -j ERR2987433_fastp.json -h ERR2987433_fastp.html 
fastp v1.0.1, time used: 50 seconds
Unloading compiler/GCC/13.3.0 <aL>
  Unloading dependent: bio/fastp/1.0.1-GCC-13.3.0
  Unloading useless requirement: lib/ISA-L/2.31.0-GCCcore-13.3.0
    lang/NASM/2.16.03-GCCcore-13.3.0 system/libdeflate/1.20-GCCcore-13.3.0
    tools/binutils/2.42-GCCcore-13.3.0 lib/zlib/1.3.1-GCCcore-13.3.0
    compiler/GCCcore/13.3.0
Loading bio/STAR/2.7.10b-GCC-11.3.0
  Loading requirement: compiler/GCCcore/11.3.0 lib/zlib/1.2.12-GCCcore-11.3.0
    tools/binutils/2.38-GCCcore-11.3.0 compiler/GCC/11.3.0
    tools/bzip2/1.0.8-GCCcore-11.3.0 tools/XZ/5.2.5-GCCcore-11.3.0
    system/OpenSSL/1.1 tools/cURL/7.83.0-GCCcore-11.3.0
    bio/HTSlib/1.15.1-GCC-11.3.0
	STAR --runThreadN 24 --genomeDir /scratch/USERNAME/Vitis/GGref/STAR_index_PN40024v4 --readFilesIn ERR2987433_1.q30.fastq.gz ERR2987433_2.q30.fastq.gz --readFilesCommand zcat --outFileNamePrefix ERR2987433_ --outSAMtype BAM SortedByCoordinate --outBAMsortingBinsN 20 --limitBAMsortRAM 10000000000 --outFilterMultimapNmax 1 --twopassMode Basic
	STAR version: 2.7.10b   compiled: 2024-07-31T14:09:58+02:00 ramses4:/dev/shm/sborowsk/build/STAR/2.7.10b/GCC-11.3.0/STAR-2.7.10b/source
Jul 30 10:55:08 ..... started STAR run
Jul 30 10:55:08 ..... loading genome
Jul 30 10:55:09 ..... started 1st pass mapping
Jul 30 10:56:28 ..... finished 1st pass mapping
Jul 30 10:56:28 ..... inserting junctions into the genome indices
Jul 30 10:56:40 ..... started mapping
Jul 30 10:58:12 ..... finished mapping
Jul 30 10:58:13 ..... started sorting BAM
Jul 30 10:58:30 ..... finished successfully
Unloading compiler/GCC/11.3.0 <aL>
  Unloading dependent: bio/STAR/2.7.10b-GCC-11.3.0
  Unloading useless requirement: bio/HTSlib/1.15.1-GCC-11.3.0
    tools/cURL/7.83.0-GCCcore-11.3.0 system/OpenSSL/1.1
    tools/XZ/5.2.5-GCCcore-11.3.0 tools/bzip2/1.0.8-GCCcore-11.3.0
    tools/binutils/2.38-GCCcore-11.3.0 lib/zlib/1.2.12-GCCcore-11.3.0
    compiler/GCCcore/11.3.0
Loading bio/fastp/1.0.1-GCC-13.3.0
  Loading requirement: compiler/GCCcore/13.3.0 lib/zlib/1.3.1-GCCcore-13.3.0
    tools/binutils/2.42-GCCcore-13.3.0 compiler/GCC/13.3.0
    system/libdeflate/1.20-GCCcore-13.3.0 lang/NASM/2.16.03-GCCcore-13.3.0
    lib/ISA-L/2.31.0-GCCcore-13.3.0
Read1 before filtering:
total reads: 24610624
total bases: 1751632500
Q20 bases: 1717974803(98.0785%)
Q30 bases: 1695395567(96.7895%)
Q40 bases: 955241364(54.5343%)

Read2 before filtering:
total reads: 24610624
total bases: 1751632500
Q20 bases: 1702075361(97.1708%)
Q30 bases: 1674553259(95.5996%)
Q40 bases: 914156515(52.1888%)

Read1 after filtering:
total reads: 23386644
total bases: 1645063548
Q20 bases: 1632642578(99.245%)
Q30 bases: 1618526564(98.3869%)
Q40 bases: 934943913(56.8333%)

Read2 after filtering:
total reads: 23386644
total bases: 1645063548
Q20 bases: 1630650760(99.1239%)
Q30 bases: 1614969358(98.1706%)
Q40 bases: 902902473(54.8856%)

Filtering result:
reads passed filter: 46773288
reads failed due to low quality: 2445860
reads failed due to too many N: 2100
reads with adapter trimmed: 2436044
bases trimmed due to adapters: 30834576

Duplication rate: 9.81241%

Insert size peak (evaluated by paired-end reads): 100

JSON report: ERR2987444_fastp.json
HTML report: ERR2987444_fastp.html

fastp -i ERR2987444_1.fastq.gz -I ERR2987444_2.fastq.gz -o ERR2987444_1.q30.fastq.gz -O ERR2987444_2.q30.fastq.gz --average_qual 30 --disable_length_filtering -w 8 -j ERR2987444_fastp.json -h ERR2987444_fastp.html 
fastp v1.0.1, time used: 37 seconds
Unloading compiler/GCC/13.3.0 <aL>
  Unloading dependent: bio/fastp/1.0.1-GCC-13.3.0
  Unloading useless requirement: lib/ISA-L/2.31.0-GCCcore-13.3.0
    lang/NASM/2.16.03-GCCcore-13.3.0 system/libdeflate/1.20-GCCcore-13.3.0
    tools/binutils/2.42-GCCcore-13.3.0 lib/zlib/1.3.1-GCCcore-13.3.0
    compiler/GCCcore/13.3.0
Loading bio/STAR/2.7.10b-GCC-11.3.0
  Loading requirement: compiler/GCCcore/11.3.0 lib/zlib/1.2.12-GCCcore-11.3.0
    tools/binutils/2.38-GCCcore-11.3.0 compiler/GCC/11.3.0
    tools/bzip2/1.0.8-GCCcore-11.3.0 tools/XZ/5.2.5-GCCcore-11.3.0
    system/OpenSSL/1.1 tools/cURL/7.83.0-GCCcore-11.3.0
    bio/HTSlib/1.15.1-GCC-11.3.0
	STAR --runThreadN 24 --genomeDir /scratch/USERNAME/Vitis/GGref/STAR_index_PN40024v4 --readFilesIn ERR2987444_1.q30.fastq.gz ERR2987444_2.q30.fastq.gz --readFilesCommand zcat --outFileNamePrefix ERR2987444_ --outSAMtype BAM SortedByCoordinate --outBAMsortingBinsN 20 --limitBAMsortRAM 10000000000 --outFilterMultimapNmax 1 --twopassMode Basic
	STAR version: 2.7.10b   compiled: 2024-07-31T14:09:58+02:00 ramses4:/dev/shm/sborowsk/build/STAR/2.7.10b/GCC-11.3.0/STAR-2.7.10b/source
Jul 30 10:59:09 ..... started STAR run
Jul 30 10:59:09 ..... loading genome
Jul 30 10:59:09 ..... started 1st pass mapping
Jul 30 11:00:09 ..... finished 1st pass mapping
Jul 30 11:00:09 ..... inserting junctions into the genome indices
Jul 30 11:00:21 ..... started mapping
Jul 30 11:01:32 ..... finished mapping
Jul 30 11:01:33 ..... started sorting BAM
Jul 30 11:01:47 ..... finished successfully
Unloading compiler/GCC/11.3.0 <aL>
  Unloading dependent: bio/STAR/2.7.10b-GCC-11.3.0
  Unloading useless requirement: bio/HTSlib/1.15.1-GCC-11.3.0
    tools/cURL/7.83.0-GCCcore-11.3.0 system/OpenSSL/1.1
    tools/XZ/5.2.5-GCCcore-11.3.0 tools/bzip2/1.0.8-GCCcore-11.3.0
    tools/binutils/2.38-GCCcore-11.3.0 lib/zlib/1.2.12-GCCcore-11.3.0
    compiler/GCCcore/11.3.0
Loading bio/fastp/1.0.1-GCC-13.3.0
  Loading requirement: compiler/GCCcore/13.3.0 lib/zlib/1.3.1-GCCcore-13.3.0
    tools/binutils/2.42-GCCcore-13.3.0 compiler/GCC/13.3.0
    system/libdeflate/1.20-GCCcore-13.3.0 lang/NASM/2.16.03-GCCcore-13.3.0
    lib/ISA-L/2.31.0-GCCcore-13.3.0
ERROR: Failed to open file: ERR2987455_2.fastq.gz
