Loading bio/Subread/2.1.1-GCC-13.2.0
  Loading requirement: compiler/GCCcore/13.2.0 lib/zlib/1.2.13-GCCcore-13.2.0
    tools/binutils/2.40-GCCcore-13.2.0 compiler/GCC/13.2.0

        ==========     _____ _    _ ____  _____  ______          _____  
        =====         / ____| |  | |  _ \|  __ \|  ____|   /\   |  __ \ 
          =====      | (___ | |  | | |_) | |__) | |__     /  \  | |  | |
            ====      \___ \| |  | |  _ <|  _  /|  __|   / /\ \ | |  | |
              ====    ____) | |__| | |_) | | \ \| |____ / ____ \| |__| |
        ==========   |_____/ \____/|____/|_|  \_\______/_/    \_\_____/
	  v2.1.1

//========================== featureCounts setting ===========================\\
||                                                                            ||
||             Input files : 1 BAM file                                       ||
||                                                                            ||
||                           ERR2987432_Aligned.sortedByCoord.out.bam         ||
||                                                                            ||
||             Output file : ERR2987432.count                                 ||
||                 Summary : ERR2987432.count.summary                         ||
||              Paired-end : yes                                              ||
||        Count read pairs : no                                               ||
||              Annotation : Vitis_vinifera.PN40024.v4.56.gff3 (GTF)          ||
||      Dir for temp files : /scratch/USERNAME/Vitis/Chitarrini2020/STARm ... ||
||                                                                            ||
||                 Threads : 24                                               ||
||                   Level : meta-feature level                               ||
||      Multimapping reads : not counted                                      ||
|| Multi-overlapping reads : not counted                                      ||
||   Min overlapping bases : 1                                                ||
||                                                                            ||
\\============================================================================//

//================================= Running ==================================\\
||                                                                            ||
|| Load annotation file Vitis_vinifera.PN40024.v4.56.gff3 ...                 ||
||    Features : 35134                                                        ||
||    Meta-features : 35134                                                   ||
||    Chromosomes/contigs : 20                                                ||
||                                                                            ||
|| Process BAM file ERR2987432_Aligned.sortedByCoord.out.bam...               ||
||    Paired-end reads are included.                                          ||
||    The reads are assigned on the single-end mode.                          ||
||    Total alignments : 103620656                                            ||
||    Successfully assigned alignments : 60677041 (58.6%)                     ||
||    Running time : 0.04 minutes                                             ||
||                                                                            ||
|| Write the final count table.                                               ||
|| Write the read assignment summary.                                         ||
||                                                                            ||
|| Summary of counting results can be found in file "/scratch/USERNAME/Vitis  ||
|| /Chitarrini2020/STARmap1/fC/ERR2987432.count.summary"                      ||
||                                                                            ||
\\============================================================================//


        ==========     _____ _    _ ____  _____  ______          _____  
        =====         / ____| |  | |  _ \|  __ \|  ____|   /\   |  __ \ 
          =====      | (___ | |  | | |_) | |__) | |__     /  \  | |  | |
            ====      \___ \| |  | |  _ <|  _  /|  __|   / /\ \ | |  | |
              ====    ____) | |__| | |_) | | \ \| |____ / ____ \| |__| |
        ==========   |_____/ \____/|____/|_|  \_\______/_/    \_\_____/
	  v2.1.1

//========================== featureCounts setting ===========================\\
||                                                                            ||
||             Input files : 1 BAM file                                       ||
||                                                                            ||
||                           ERR2987432_Aligned.sortedByCoord.out.bam         ||
||                                                                            ||
||             Output file : ERR2987432.count                                 ||
||                 Summary : ERR2987432.count.summary                         ||
||              Paired-end : no                                               ||
||        Count read pairs : no                                               ||
||              Annotation : Vitis_vinifera.PN40024.v4.56.gff3 (GTF)          ||
||      Dir for temp files : /scratch/USERNAME/Vitis/Chitarrini2020/STARm ... ||
||                                                                            ||
||                 Threads : 24                                               ||
||                   Level : meta-feature level                               ||
||      Multimapping reads : not counted                                      ||
|| Multi-overlapping reads : not counted                                      ||
||   Min overlapping bases : 1                                                ||
||                                                                            ||
\\============================================================================//

//================================= Running ==================================\\
||                                                                            ||
|| Load annotation file Vitis_vinifera.PN40024.v4.56.gff3 ...                 ||
||    Features : 35134                                                        ||
||    Meta-features : 35134                                                   ||
||    Chromosomes/contigs : 20                                                ||
||                                                                            ||
|| Process BAM file ERR2987432_Aligned.sortedByCoord.out.bam...               ||
||    Single-end reads are included.                                          ||
||    Total alignments : 2467655                                              ||
||    Successfully assigned alignments : 1119892 (45.4%)                      ||
||    Running time : 0.00 minutes                                             ||
||                                                                            ||
|| Write the final count table.                                               ||
|| Write the read assignment summary.                                         ||
||                                                                            ||
|| Summary of counting results can be found in file "/scratch/USERNAME/Vitis  ||
|| /Chitarrini2020/STARmap1_F/fC/ERR2987432.count.summary"                    ||
||                                                                            ||
\\============================================================================//


        ==========     _____ _    _ ____  _____  ______          _____  
        =====         / ____| |  | |  _ \|  __ \|  ____|   /\   |  __ \ 
          =====      | (___ | |  | | |_) | |__) | |__     /  \  | |  | |
            ====      \___ \| |  | |  _ <|  _  /|  __|   / /\ \ | |  | |
              ====    ____) | |__| | |_) | | \ \| |____ / ____ \| |__| |
        ==========   |_____/ \____/|____/|_|  \_\______/_/    \_\_____/
	  v2.1.1

//========================== featureCounts setting ===========================\\
||                                                                            ||
||             Input files : 1 BAM file                                       ||
||                                                                            ||
||                           ERR2987443_Aligned.sortedByCoord.out.bam         ||
||                                                                            ||
||             Output file : ERR2987443.count                                 ||
||                 Summary : ERR2987443.count.summary                         ||
||              Paired-end : yes                                              ||
||        Count read pairs : no                                               ||
||              Annotation : Vitis_vinifera.PN40024.v4.56.gff3 (GTF)          ||
||      Dir for temp files : /scratch/USERNAME/Vitis/Chitarrini2020/STARm ... ||
||                                                                            ||
||                 Threads : 24                                               ||
||                   Level : meta-feature level                               ||
||      Multimapping reads : not counted                                      ||
|| Multi-overlapping reads : not counted                                      ||
||   Min overlapping bases : 1                                                ||
||                                                                            ||
\\============================================================================//

//================================= Running ==================================\\
||                                                                            ||
|| Load annotation file Vitis_vinifera.PN40024.v4.56.gff3 ...                 ||
||    Features : 35134                                                        ||
||    Meta-features : 35134                                                   ||
||    Chromosomes/contigs : 20                                                ||
||                                                                            ||
|| Process BAM file ERR2987443_Aligned.sortedByCoord.out.bam...               ||
||    Paired-end reads are included.                                          ||
||    The reads are assigned on the single-end mode.                          ||
||    Total alignments : 87401372                                             ||
||    Successfully assigned alignments : 65867030 (75.4%)                     ||
||    Running time : 0.04 minutes                                             ||
||                                                                            ||
|| Write the final count table.                                               ||
|| Write the read assignment summary.                                         ||
||                                                                            ||
|| Summary of counting results can be found in file "/scratch/USERNAME/Vitis  ||
|| /Chitarrini2020/STARmap1/fC/ERR2987443.count.summary"                      ||
||                                                                            ||
\\============================================================================//


        ==========     _____ _    _ ____  _____  ______          _____  
        =====         / ____| |  | |  _ \|  __ \|  ____|   /\   |  __ \ 
          =====      | (___ | |  | | |_) | |__) | |__     /  \  | |  | |
            ====      \___ \| |  | |  _ <|  _  /|  __|   / /\ \ | |  | |
              ====    ____) | |__| | |_) | | \ \| |____ / ____ \| |__| |
        ==========   |_____/ \____/|____/|_|  \_\______/_/    \_\_____/
	  v2.1.1

//========================== featureCounts setting ===========================\\
||                                                                            ||
||             Input files : 1 BAM file                                       ||
||                                                                            ||
||                           ERR2987443_Aligned.sortedByCoord.out.bam         ||
||                                                                            ||
||             Output file : ERR2987443.count                                 ||
||                 Summary : ERR2987443.count.summary                         ||
||              Paired-end : no                                               ||
||        Count read pairs : no                                               ||
||              Annotation : Vitis_vinifera.PN40024.v4.56.gff3 (GTF)          ||
||      Dir for temp files : /scratch/USERNAME/Vitis/Chitarrini2020/STARm ... ||
||                                                                            ||
||                 Threads : 24                                               ||
||                   Level : meta-feature level                               ||
||      Multimapping reads : not counted                                      ||
|| Multi-overlapping reads : not counted                                      ||
||   Min overlapping bases : 1                                                ||
||                                                                            ||
\\============================================================================//

//================================= Running ==================================\\
||                                                                            ||
|| Load annotation file Vitis_vinifera.PN40024.v4.56.gff3 ...                 ||
||    Features : 35134                                                        ||
||    Meta-features : 35134                                                   ||
||    Chromosomes/contigs : 20                                                ||
||                                                                            ||
|| Process BAM file ERR2987443_Aligned.sortedByCoord.out.bam...               ||
||    Single-end reads are included.                                          ||
||    Total alignments : 1919907                                              ||
||    Successfully assigned alignments : 1216094 (63.3%)                      ||
||    Running time : 0.00 minutes                                             ||
||                                                                            ||
|| Write the final count table.                                               ||
|| Write the read assignment summary.                                         ||
||                                                                            ||
|| Summary of counting results can be found in file "/scratch/USERNAME/Vitis  ||
|| /Chitarrini2020/STARmap1_F/fC/ERR2987443.count.summary"                    ||
||                                                                            ||
\\============================================================================//


        ==========     _____ _    _ ____  _____  ______          _____  
        =====         / ____| |  | |  _ \|  __ \|  ____|   /\   |  __ \ 
          =====      | (___ | |  | | |_) | |__) | |__     /  \  | |  | |
            ====      \___ \| |  | |  _ <|  _  /|  __|   / /\ \ | |  | |
              ====    ____) | |__| | |_) | | \ \| |____ / ____ \| |__| |
        ==========   |_____/ \____/|____/|_|  \_\______/_/    \_\_____/
	  v2.1.1

//========================== featureCounts setting ===========================\\
||                                                                            ||
||             Input files : 1 BAM file                                       ||
||                                                                            ||
||                           ERR2987454_Aligned.sortedByCoord.out.bam         ||
||                                                                            ||
||             Output file : ERR2987454.count                                 ||
||                 Summary : ERR2987454.count.summary                         ||
||              Paired-end : yes                                              ||
||        Count read pairs : no                                               ||
||              Annotation : Vitis_vinifera.PN40024.v4.56.gff3 (GTF)          ||
||      Dir for temp files : /scratch/USERNAME/Vitis/Chitarrini2020/STARm ... ||
||                                                                            ||
||                 Threads : 24                                               ||
||                   Level : meta-feature level                               ||
||      Multimapping reads : not counted                                      ||
|| Multi-overlapping reads : not counted                                      ||
||   Min overlapping bases : 1                                                ||
||                                                                            ||
\\============================================================================//

//================================= Running ==================================\\
||                                                                            ||
|| Load annotation file Vitis_vinifera.PN40024.v4.56.gff3 ...                 ||
||    Features : 35134                                                        ||
||    Meta-features : 35134                                                   ||
||    Chromosomes/contigs : 20                                                ||
||                                                                            ||
|| Process BAM file ERR2987454_Aligned.sortedByCoord.out.bam...               ||
||    Paired-end reads are included.                                          ||
||    The reads are assigned on the single-end mode.                          ||
||    Total alignments : 46491852                                             ||
||    Successfully assigned alignments : 38751366 (83.4%)                     ||
||    Running time : 0.02 minutes                                             ||
||                                                                            ||
|| Write the final count table.                                               ||
|| Write the read assignment summary.                                         ||
||                                                                            ||
|| Summary of counting results can be found in file "/scratch/USERNAME/Vitis  ||
|| /Chitarrini2020/STARmap1/fC/ERR2987454.count.summary"                      ||
||                                                                            ||
\\============================================================================//


        ==========     _____ _    _ ____  _____  ______          _____  
        =====         / ____| |  | |  _ \|  __ \|  ____|   /\   |  __ \ 
          =====      | (___ | |  | | |_) | |__) | |__     /  \  | |  | |
            ====      \___ \| |  | |  _ <|  _  /|  __|   / /\ \ | |  | |
              ====    ____) | |__| | |_) | | \ \| |____ / ____ \| |__| |
        ==========   |_____/ \____/|____/|_|  \_\______/_/    \_\_____/
	  v2.1.1

//========================== featureCounts setting ===========================\\
||                                                                            ||
||             Input files : 1 BAM file                                       ||
||                                                                            ||
||                           ERR2987454_Aligned.sortedByCoord.out.bam         ||
||                                                                            ||
||             Output file : ERR2987454.count                                 ||
||                 Summary : ERR2987454.count.summary                         ||
||              Paired-end : no                                               ||
||        Count read pairs : no                                               ||
||              Annotation : Vitis_vinifera.PN40024.v4.56.gff3 (GTF)          ||
||      Dir for temp files : /scratch/USERNAME/Vitis/Chitarrini2020/STARm ... ||
||                                                                            ||
||                 Threads : 24                                               ||
||                   Level : meta-feature level                               ||
||      Multimapping reads : not counted                                      ||
|| Multi-overlapping reads : not counted                                      ||
||   Min overlapping bases : 1                                                ||
||                                                                            ||
\\============================================================================//

//================================= Running ==================================\\
||                                                                            ||
|| Load annotation file Vitis_vinifera.PN40024.v4.56.gff3 ...                 ||
||    Features : 35134                                                        ||
||    Meta-features : 35134                                                   ||
||    Chromosomes/contigs : 20                                                ||
||                                                                            ||
|| Process BAM file ERR2987454_Aligned.sortedByCoord.out.bam...               ||
||    Single-end reads are included.                                          ||
||    Total alignments : 834372                                               ||
||    Successfully assigned alignments : 519873 (62.3%)                       ||
||    Running time : 0.00 minutes                                             ||
||                                                                            ||
|| Write the final count table.                                               ||
|| Write the read assignment summary.                                         ||
||                                                                            ||
|| Summary of counting results can be found in file "/scratch/USERNAME/Vitis  ||
|| /Chitarrini2020/STARmap1_F/fC/ERR2987454.count.summary"                    ||
||                                                                            ||
\\============================================================================//


        ==========     _____ _    _ ____  _____  ______          _____  
        =====         / ____| |  | |  _ \|  __ \|  ____|   /\   |  __ \ 
          =====      | (___ | |  | | |_) | |__) | |__     /  \  | |  | |
            ====      \___ \| |  | |  _ <|  _  /|  __|   / /\ \ | |  | |
              ====    ____) | |__| | |_) | | \ \| |____ / ____ \| |__| |
        ==========   |_____/ \____/|____/|_|  \_\______/_/    \_\_____/
	  v2.1.1

//========================== featureCounts setting ===========================\\
||                                                                            ||
||             Input files : 1 BAM file                                       ||
||                                                                            ||
||                           ERR2987435_Aligned.sortedByCoord.out.bam         ||
||                                                                            ||
||             Output file : ERR2987435.count                                 ||
||                 Summary : ERR2987435.count.summary                         ||
||              Paired-end : yes                                              ||
||        Count read pairs : no                                               ||
||              Annotation : Vitis_vinifera.PN40024.v4.56.gff3 (GTF)          ||
||      Dir for temp files : /scratch/USERNAME/Vitis/Chitarrini2020/STARm ... ||
||                                                                            ||
||                 Threads : 24                                               ||
||                   Level : meta-feature level                               ||
||      Multimapping reads : not counted                                      ||
|| Multi-overlapping reads : not counted                                      ||
||   Min overlapping bases : 1                                                ||
||                                                                            ||
\\============================================================================//

//================================= Running ==================================\\
||                                                                            ||
|| Load annotation file Vitis_vinifera.PN40024.v4.56.gff3 ...                 ||
||    Features : 35134                                                        ||
||    Meta-features : 35134                                                   ||
||    Chromosomes/contigs : 20                                                ||
||                                                                            ||
|| Process BAM file ERR2987435_Aligned.sortedByCoord.out.bam...               ||
||    Paired-end reads are included.                                          ||
||    The reads are assigned on the single-end mode.                          ||
||    Total alignments : 97479500                                             ||
||    Successfully assigned alignments : 78813061 (80.9%)                     ||
||    Running time : 0.04 minutes                                             ||
||                                                                            ||
|| Write the final count table.                                               ||
|| Write the read assignment summary.                                         ||
||                                                                            ||
|| Summary of counting results can be found in file "/scratch/USERNAME/Vitis  ||
|| /Chitarrini2020/STARmap1/fC/ERR2987435.count.summary"                      ||
||                                                                            ||
\\============================================================================//


        ==========     _____ _    _ ____  _____  ______          _____  
        =====         / ____| |  | |  _ \|  __ \|  ____|   /\   |  __ \ 
          =====      | (___ | |  | | |_) | |__) | |__     /  \  | |  | |
            ====      \___ \| |  | |  _ <|  _  /|  __|   / /\ \ | |  | |
              ====    ____) | |__| | |_) | | \ \| |____ / ____ \| |__| |
        ==========   |_____/ \____/|____/|_|  \_\______/_/    \_\_____/
	  v2.1.1

//========================== featureCounts setting ===========================\\
||                                                                            ||
||             Input files : 1 BAM file                                       ||
||                                                                            ||
||                           ERR2987435_Aligned.sortedByCoord.out.bam         ||
||                                                                            ||
||             Output file : ERR2987435.count                                 ||
||                 Summary : ERR2987435.count.summary                         ||
||              Paired-end : no                                               ||
||        Count read pairs : no                                               ||
||              Annotation : Vitis_vinifera.PN40024.v4.56.gff3 (GTF)          ||
||      Dir for temp files : /scratch/USERNAME/Vitis/Chitarrini2020/STARm ... ||
||                                                                            ||
||                 Threads : 24                                               ||
||                   Level : meta-feature level                               ||
||      Multimapping reads : not counted                                      ||
|| Multi-overlapping reads : not counted                                      ||
||   Min overlapping bases : 1                                                ||
||                                                                            ||
\\============================================================================//

//================================= Running ==================================\\
||                                                                            ||
|| Load annotation file Vitis_vinifera.PN40024.v4.56.gff3 ...                 ||
||    Features : 35134                                                        ||
||    Meta-features : 35134                                                   ||
||    Chromosomes/contigs : 20                                                ||
||                                                                            ||
|| Process BAM file ERR2987435_Aligned.sortedByCoord.out.bam...               ||
||    Single-end reads are included.                                          ||
||    Total alignments : 2070251                                              ||
||    Successfully assigned alignments : 1397832 (67.5%)                      ||
||    Running time : 0.00 minutes                                             ||
||                                                                            ||
|| Write the final count table.                                               ||
|| Write the read assignment summary.                                         ||
||                                                                            ||
|| Summary of counting results can be found in file "/scratch/USERNAME/Vitis  ||
|| /Chitarrini2020/STARmap1_F/fC/ERR2987435.count.summary"                    ||
||                                                                            ||
\\============================================================================//


        ==========     _____ _    _ ____  _____  ______          _____  
        =====         / ____| |  | |  _ \|  __ \|  ____|   /\   |  __ \ 
          =====      | (___ | |  | | |_) | |__) | |__     /  \  | |  | |
            ====      \___ \| |  | |  _ <|  _  /|  __|   / /\ \ | |  | |
              ====    ____) | |__| | |_) | | \ \| |____ / ____ \| |__| |
        ==========   |_____/ \____/|____/|_|  \_\______/_/    \_\_____/
	  v2.1.1

//========================== featureCounts setting ===========================\\
||                                                                            ||
||             Input files : 1 BAM file                                       ||
||                                                                            ||
||                           ERR2987446_Aligned.sortedByCoord.out.bam         ||
||                                                                            ||
||             Output file : ERR2987446.count                                 ||
||                 Summary : ERR2987446.count.summary                         ||
||              Paired-end : yes                                              ||
||        Count read pairs : no                                               ||
||              Annotation : Vitis_vinifera.PN40024.v4.56.gff3 (GTF)          ||
||      Dir for temp files : /scratch/USERNAME/Vitis/Chitarrini2020/STARm ... ||
||                                                                            ||
||                 Threads : 24                                               ||
||                   Level : meta-feature level                               ||
||      Multimapping reads : not counted                                      ||
|| Multi-overlapping reads : not counted                                      ||
||   Min overlapping bases : 1                                                ||
||                                                                            ||
\\============================================================================//

//================================= Running ==================================\\
||                                                                            ||
|| Load annotation file Vitis_vinifera.PN40024.v4.56.gff3 ...                 ||
||    Features : 35134                                                        ||
||    Meta-features : 35134                                                   ||
||    Chromosomes/contigs : 20                                                ||
||                                                                            ||
|| Process BAM file ERR2987446_Aligned.sortedByCoord.out.bam...               ||
||    Paired-end reads are included.                                          ||
||    The reads are assigned on the single-end mode.                          ||
||    Total alignments : 75855486                                             ||
||    Successfully assigned alignments : 59810671 (78.8%)                     ||
||    Running time : 0.04 minutes                                             ||
||                                                                            ||
|| Write the final count table.                                               ||
|| Write the read assignment summary.                                         ||
||                                                                            ||
|| Summary of counting results can be found in file "/scratch/USERNAME/Vitis  ||
|| /Chitarrini2020/STARmap1/fC/ERR2987446.count.summary"                      ||
||                                                                            ||
\\============================================================================//


        ==========     _____ _    _ ____  _____  ______          _____  
        =====         / ____| |  | |  _ \|  __ \|  ____|   /\   |  __ \ 
          =====      | (___ | |  | | |_) | |__) | |__     /  \  | |  | |
            ====      \___ \| |  | |  _ <|  _  /|  __|   / /\ \ | |  | |
              ====    ____) | |__| | |_) | | \ \| |____ / ____ \| |__| |
        ==========   |_____/ \____/|____/|_|  \_\______/_/    \_\_____/
	  v2.1.1

//========================== featureCounts setting ===========================\\
||                                                                            ||
||             Input files : 1 BAM file                                       ||
||                                                                            ||
||                           ERR2987446_Aligned.sortedByCoord.out.bam         ||
||                                                                            ||
||             Output file : ERR2987446.count                                 ||
||                 Summary : ERR2987446.count.summary                         ||
||              Paired-end : no                                               ||
||        Count read pairs : no                                               ||
||              Annotation : Vitis_vinifera.PN40024.v4.56.gff3 (GTF)          ||
||      Dir for temp files : /scratch/USERNAME/Vitis/Chitarrini2020/STARm ... ||
||                                                                            ||
||                 Threads : 24                                               ||
||                   Level : meta-feature level                               ||
||      Multimapping reads : not counted                                      ||
|| Multi-overlapping reads : not counted                                      ||
||   Min overlapping bases : 1                                                ||
||                                                                            ||
\\============================================================================//

//================================= Running ==================================\\
||                                                                            ||
|| Load annotation file Vitis_vinifera.PN40024.v4.56.gff3 ...                 ||
||    Features : 35134                                                        ||
||    Meta-features : 35134                                                   ||
||    Chromosomes/contigs : 20                                                ||
||                                                                            ||
|| Process BAM file ERR2987446_Aligned.sortedByCoord.out.bam...               ||
||    Single-end reads are included.                                          ||
||    Total alignments : 1625286                                              ||
||    Successfully assigned alignments : 1062112 (65.3%)                      ||
||    Running time : 0.00 minutes                                             ||
||                                                                            ||
|| Write the final count table.                                               ||
|| Write the read assignment summary.                                         ||
||                                                                            ||
|| Summary of counting results can be found in file "/scratch/USERNAME/Vitis  ||
|| /Chitarrini2020/STARmap1_F/fC/ERR2987446.count.summary"                    ||
||                                                                            ||
\\============================================================================//


        ==========     _____ _    _ ____  _____  ______          _____  
        =====         / ____| |  | |  _ \|  __ \|  ____|   /\   |  __ \ 
          =====      | (___ | |  | | |_) | |__) | |__     /  \  | |  | |
            ====      \___ \| |  | |  _ <|  _  /|  __|   / /\ \ | |  | |
              ====    ____) | |__| | |_) | | \ \| |____ / ____ \| |__| |
        ==========   |_____/ \____/|____/|_|  \_\______/_/    \_\_____/
	  v2.1.1

//========================== featureCounts setting ===========================\\
||                                                                            ||
||             Input files : 1 BAM file                                       ||
||                                                                            ||
||                           ERR2987457_Aligned.sortedByCoord.out.bam         ||
||                                                                            ||
||             Output file : ERR2987457.count                                 ||
||                 Summary : ERR2987457.count.summary                         ||
||              Paired-end : yes                                              ||
||        Count read pairs : no                                               ||
||              Annotation : Vitis_vinifera.PN40024.v4.56.gff3 (GTF)          ||
||      Dir for temp files : /scratch/USERNAME/Vitis/Chitarrini2020/STARm ... ||
||                                                                            ||
||                 Threads : 24                                               ||
||                   Level : meta-feature level                               ||
||      Multimapping reads : not counted                                      ||
|| Multi-overlapping reads : not counted                                      ||
||   Min overlapping bases : 1                                                ||
||                                                                            ||
\\============================================================================//

//================================= Running ==================================\\
||                                                                            ||
|| Load annotation file Vitis_vinifera.PN40024.v4.56.gff3 ...                 ||
||    Features : 35134                                                        ||
||    Meta-features : 35134                                                   ||
||    Chromosomes/contigs : 20                                                ||
||                                                                            ||
|| Process BAM file ERR2987457_Aligned.sortedByCoord.out.bam...               ||
||    Paired-end reads are included.                                          ||
||    The reads are assigned on the single-end mode.                          ||
||    Total alignments : 42300268                                             ||
||    Successfully assigned alignments : 34193170 (80.8%)                     ||
||    Running time : 0.02 minutes                                             ||
||                                                                            ||
|| Write the final count table.                                               ||
|| Write the read assignment summary.                                         ||
||                                                                            ||
|| Summary of counting results can be found in file "/scratch/USERNAME/Vitis  ||
|| /Chitarrini2020/STARmap1/fC/ERR2987457.count.summary"                      ||
||                                                                            ||
\\============================================================================//


        ==========     _____ _    _ ____  _____  ______          _____  
        =====         / ____| |  | |  _ \|  __ \|  ____|   /\   |  __ \ 
          =====      | (___ | |  | | |_) | |__) | |__     /  \  | |  | |
            ====      \___ \| |  | |  _ <|  _  /|  __|   / /\ \ | |  | |
              ====    ____) | |__| | |_) | | \ \| |____ / ____ \| |__| |
        ==========   |_____/ \____/|____/|_|  \_\______/_/    \_\_____/
	  v2.1.1

//========================== featureCounts setting ===========================\\
||                                                                            ||
||             Input files : 1 BAM file                                       ||
||                                                                            ||
||                           ERR2987457_Aligned.sortedByCoord.out.bam         ||
||                                                                            ||
||             Output file : ERR2987457.count                                 ||
||                 Summary : ERR2987457.count.summary                         ||
||              Paired-end : no                                               ||
||        Count read pairs : no                                               ||
||              Annotation : Vitis_vinifera.PN40024.v4.56.gff3 (GTF)          ||
||      Dir for temp files : /scratch/USERNAME/Vitis/Chitarrini2020/STARm ... ||
||                                                                            ||
||                 Threads : 24                                               ||
||                   Level : meta-feature level                               ||
||      Multimapping reads : not counted                                      ||
|| Multi-overlapping reads : not counted                                      ||
||   Min overlapping bases : 1                                                ||
||                                                                            ||
\\============================================================================//

//================================= Running ==================================\\
||                                                                            ||
|| Load annotation file Vitis_vinifera.PN40024.v4.56.gff3 ...                 ||
||    Features : 35134                                                        ||
||    Meta-features : 35134                                                   ||
||    Chromosomes/contigs : 20                                                ||
||                                                                            ||
|| Process BAM file ERR2987457_Aligned.sortedByCoord.out.bam...               ||
||    Single-end reads are included.                                          ||
||    Total alignments : 732852                                               ||
||    Successfully assigned alignments : 478611 (65.3%)                       ||
||    Running time : 0.00 minutes                                             ||
||                                                                            ||
|| Write the final count table.                                               ||
|| Write the read assignment summary.                                         ||
||                                                                            ||
|| Summary of counting results can be found in file "/scratch/USERNAME/Vitis  ||
|| /Chitarrini2020/STARmap1_F/fC/ERR2987457.count.summary"                    ||
||                                                                            ||
\\============================================================================//


        ==========     _____ _    _ ____  _____  ______          _____  
        =====         / ____| |  | |  _ \|  __ \|  ____|   /\   |  __ \ 
          =====      | (___ | |  | | |_) | |__) | |__     /  \  | |  | |
            ====      \___ \| |  | |  _ <|  _  /|  __|   / /\ \ | |  | |
              ====    ____) | |__| | |_) | | \ \| |____ / ____ \| |__| |
        ==========   |_____/ \____/|____/|_|  \_\______/_/    \_\_____/
	  v2.1.1

//========================== featureCounts setting ===========================\\
||                                                                            ||
||             Input files : 1 BAM file                                       ||
||                                                                            ||
||                           ERR2987436_Aligned.sortedByCoord.out.bam         ||
||                                                                            ||
||             Output file : ERR2987436.count                                 ||
||                 Summary : ERR2987436.count.summary                         ||
||              Paired-end : yes                                              ||
||        Count read pairs : no                                               ||
||              Annotation : Vitis_vinifera.PN40024.v4.56.gff3 (GTF)          ||
||      Dir for temp files : /scratch/USERNAME/Vitis/Chitarrini2020/STARm ... ||
||                                                                            ||
||                 Threads : 24                                               ||
||                   Level : meta-feature level                               ||
||      Multimapping reads : not counted                                      ||
|| Multi-overlapping reads : not counted                                      ||
||   Min overlapping bases : 1                                                ||
||                                                                            ||
\\============================================================================//

//================================= Running ==================================\\
||                                                                            ||
|| Load annotation file Vitis_vinifera.PN40024.v4.56.gff3 ...                 ||
||    Features : 35134                                                        ||
||    Meta-features : 35134                                                   ||
||    Chromosomes/contigs : 20                                                ||
||                                                                            ||
|| Process BAM file ERR2987436_Aligned.sortedByCoord.out.bam...               ||
||    Paired-end reads are included.                                          ||
||    The reads are assigned on the single-end mode.                          ||
||    Total alignments : 82389522                                             ||
||    Successfully assigned alignments : 64535612 (78.3%)                     ||
||    Running time : 0.04 minutes                                             ||
||                                                                            ||
|| Write the final count table.                                               ||
|| Write the read assignment summary.                                         ||
||                                                                            ||
|| Summary of counting results can be found in file "/scratch/USERNAME/Vitis  ||
|| /Chitarrini2020/STARmap1/fC/ERR2987436.count.summary"                      ||
||                                                                            ||
\\============================================================================//


        ==========     _____ _    _ ____  _____  ______          _____  
        =====         / ____| |  | |  _ \|  __ \|  ____|   /\   |  __ \ 
          =====      | (___ | |  | | |_) | |__) | |__     /  \  | |  | |
            ====      \___ \| |  | |  _ <|  _  /|  __|   / /\ \ | |  | |
              ====    ____) | |__| | |_) | | \ \| |____ / ____ \| |__| |
        ==========   |_____/ \____/|____/|_|  \_\______/_/    \_\_____/
	  v2.1.1

//========================== featureCounts setting ===========================\\
||                                                                            ||
||             Input files : 1 BAM file                                       ||
||                                                                            ||
||                           ERR2987436_Aligned.sortedByCoord.out.bam         ||
||                                                                            ||
||             Output file : ERR2987436.count                                 ||
||                 Summary : ERR2987436.count.summary                         ||
||              Paired-end : no                                               ||
||        Count read pairs : no                                               ||
||              Annotation : Vitis_vinifera.PN40024.v4.56.gff3 (GTF)          ||
||      Dir for temp files : /scratch/USERNAME/Vitis/Chitarrini2020/STARm ... ||
||                                                                            ||
||                 Threads : 24                                               ||
||                   Level : meta-feature level                               ||
||      Multimapping reads : not counted                                      ||
|| Multi-overlapping reads : not counted                                      ||
||   Min overlapping bases : 1                                                ||
||                                                                            ||
\\============================================================================//

//================================= Running ==================================\\
||                                                                            ||
|| Load annotation file Vitis_vinifera.PN40024.v4.56.gff3 ...                 ||
||    Features : 35134                                                        ||
||    Meta-features : 35134                                                   ||
||    Chromosomes/contigs : 20                                                ||
||                                                                            ||
|| Process BAM file ERR2987436_Aligned.sortedByCoord.out.bam...               ||
||    Single-end reads are included.                                          ||
||    Total alignments : 1874138                                              ||
||    Successfully assigned alignments : 1161268 (62.0%)                      ||
||    Running time : 0.00 minutes                                             ||
||                                                                            ||
|| Write the final count table.                                               ||
|| Write the read assignment summary.                                         ||
||                                                                            ||
|| Summary of counting results can be found in file "/scratch/USERNAME/Vitis  ||
|| /Chitarrini2020/STARmap1_F/fC/ERR2987436.count.summary"                    ||
||                                                                            ||
\\============================================================================//


        ==========     _____ _    _ ____  _____  ______          _____  
        =====         / ____| |  | |  _ \|  __ \|  ____|   /\   |  __ \ 
          =====      | (___ | |  | | |_) | |__) | |__     /  \  | |  | |
            ====      \___ \| |  | |  _ <|  _  /|  __|   / /\ \ | |  | |
              ====    ____) | |__| | |_) | | \ \| |____ / ____ \| |__| |
        ==========   |_____/ \____/|____/|_|  \_\______/_/    \_\_____/
	  v2.1.1

//========================== featureCounts setting ===========================\\
||                                                                            ||
||             Input files : 1 BAM file                                       ||
||                                                                            ||
||                           ERR2987447_Aligned.sortedByCoord.out.bam         ||
||                                                                            ||
||             Output file : ERR2987447.count                                 ||
||                 Summary : ERR2987447.count.summary                         ||
||              Paired-end : yes                                              ||
||        Count read pairs : no                                               ||
||              Annotation : Vitis_vinifera.PN40024.v4.56.gff3 (GTF)          ||
||      Dir for temp files : /scratch/USERNAME/Vitis/Chitarrini2020/STARm ... ||
||                                                                            ||
||                 Threads : 24                                               ||
||                   Level : meta-feature level                               ||
||      Multimapping reads : not counted                                      ||
|| Multi-overlapping reads : not counted                                      ||
||   Min overlapping bases : 1                                                ||
||                                                                            ||
\\============================================================================//

//================================= Running ==================================\\
||                                                                            ||
|| Load annotation file Vitis_vinifera.PN40024.v4.56.gff3 ...                 ||
||    Features : 35134                                                        ||
||    Meta-features : 35134                                                   ||
||    Chromosomes/contigs : 20                                                ||
||                                                                            ||
|| Process BAM file ERR2987447_Aligned.sortedByCoord.out.bam...               ||
||    Paired-end reads are included.                                          ||
||    The reads are assigned on the single-end mode.                          ||
||    Total alignments : 68464668                                             ||
||    Successfully assigned alignments : 55849166 (81.6%)                     ||
||    Running time : 0.03 minutes                                             ||
||                                                                            ||
|| Write the final count table.                                               ||
|| Write the read assignment summary.                                         ||
||                                                                            ||
|| Summary of counting results can be found in file "/scratch/USERNAME/Vitis  ||
|| /Chitarrini2020/STARmap1/fC/ERR2987447.count.summary"                      ||
||                                                                            ||
\\============================================================================//


        ==========     _____ _    _ ____  _____  ______          _____  
        =====         / ____| |  | |  _ \|  __ \|  ____|   /\   |  __ \ 
          =====      | (___ | |  | | |_) | |__) | |__     /  \  | |  | |
            ====      \___ \| |  | |  _ <|  _  /|  __|   / /\ \ | |  | |
              ====    ____) | |__| | |_) | | \ \| |____ / ____ \| |__| |
        ==========   |_____/ \____/|____/|_|  \_\______/_/    \_\_____/
	  v2.1.1

//========================== featureCounts setting ===========================\\
||                                                                            ||
||             Input files : 1 BAM file                                       ||
||                                                                            ||
||                           ERR2987447_Aligned.sortedByCoord.out.bam         ||
||                                                                            ||
||             Output file : ERR2987447.count                                 ||
||                 Summary : ERR2987447.count.summary                         ||
||              Paired-end : no                                               ||
||        Count read pairs : no                                               ||
||              Annotation : Vitis_vinifera.PN40024.v4.56.gff3 (GTF)          ||
||      Dir for temp files : /scratch/USERNAME/Vitis/Chitarrini2020/STARm ... ||
||                                                                            ||
||                 Threads : 24                                               ||
||                   Level : meta-feature level                               ||
||      Multimapping reads : not counted                                      ||
|| Multi-overlapping reads : not counted                                      ||
||   Min overlapping bases : 1                                                ||
||                                                                            ||
\\============================================================================//

//================================= Running ==================================\\
||                                                                            ||
|| Load annotation file Vitis_vinifera.PN40024.v4.56.gff3 ...                 ||
||    Features : 35134                                                        ||
||    Meta-features : 35134                                                   ||
||    Chromosomes/contigs : 20                                                ||
||                                                                            ||
|| Process BAM file ERR2987447_Aligned.sortedByCoord.out.bam...               ||
||    Single-end reads are included.                                          ||
||    Total alignments : 1427826                                              ||
||    Successfully assigned alignments : 962687 (67.4%)                       ||
||    Running time : 0.00 minutes                                             ||
||                                                                            ||
|| Write the final count table.                                               ||
|| Write the read assignment summary.                                         ||
||                                                                            ||
|| Summary of counting results can be found in file "/scratch/USERNAME/Vitis  ||
|| /Chitarrini2020/STARmap1_F/fC/ERR2987447.count.summary"                    ||
||                                                                            ||
\\============================================================================//


        ==========     _____ _    _ ____  _____  ______          _____  
        =====         / ____| |  | |  _ \|  __ \|  ____|   /\   |  __ \ 
          =====      | (___ | |  | | |_) | |__) | |__     /  \  | |  | |
            ====      \___ \| |  | |  _ <|  _  /|  __|   / /\ \ | |  | |
              ====    ____) | |__| | |_) | | \ \| |____ / ____ \| |__| |
        ==========   |_____/ \____/|____/|_|  \_\______/_/    \_\_____/
	  v2.1.1

//========================== featureCounts setting ===========================\\
||                                                                            ||
||             Input files : 1 BAM file                                       ||
||                                                                            ||
||                           ERR2987458_Aligned.sortedByCoord.out.bam         ||
||                                                                            ||
||             Output file : ERR2987458.count                                 ||
||                 Summary : ERR2987458.count.summary                         ||
||              Paired-end : yes                                              ||
||        Count read pairs : no                                               ||
||              Annotation : Vitis_vinifera.PN40024.v4.56.gff3 (GTF)          ||
||      Dir for temp files : /scratch/USERNAME/Vitis/Chitarrini2020/STARm ... ||
||                                                                            ||
||                 Threads : 24                                               ||
||                   Level : meta-feature level                               ||
||      Multimapping reads : not counted                                      ||
|| Multi-overlapping reads : not counted                                      ||
||   Min overlapping bases : 1                                                ||
||                                                                            ||
\\============================================================================//

//================================= Running ==================================\\
||                                                                            ||
|| Load annotation file Vitis_vinifera.PN40024.v4.56.gff3 ...                 ||
||    Features : 35134                                                        ||
||    Meta-features : 35134                                                   ||
||    Chromosomes/contigs : 20                                                ||
||                                                                            ||
|| Process BAM file ERR2987458_Aligned.sortedByCoord.out.bam...               ||
||    Paired-end reads are included.                                          ||
||    The reads are assigned on the single-end mode.                          ||
||    Total alignments : 61577514                                             ||
||    Successfully assigned alignments : 50312857 (81.7%)                     ||
||    Running time : 0.03 minutes                                             ||
||                                                                            ||
|| Write the final count table.                                               ||
|| Write the read assignment summary.                                         ||
||                                                                            ||
|| Summary of counting results can be found in file "/scratch/USERNAME/Vitis  ||
|| /Chitarrini2020/STARmap1/fC/ERR2987458.count.summary"                      ||
||                                                                            ||
\\============================================================================//


        ==========     _____ _    _ ____  _____  ______          _____  
        =====         / ____| |  | |  _ \|  __ \|  ____|   /\   |  __ \ 
          =====      | (___ | |  | | |_) | |__) | |__     /  \  | |  | |
            ====      \___ \| |  | |  _ <|  _  /|  __|   / /\ \ | |  | |
              ====    ____) | |__| | |_) | | \ \| |____ / ____ \| |__| |
        ==========   |_____/ \____/|____/|_|  \_\______/_/    \_\_____/
	  v2.1.1

//========================== featureCounts setting ===========================\\
||                                                                            ||
||             Input files : 1 BAM file                                       ||
||                                                                            ||
||                           ERR2987458_Aligned.sortedByCoord.out.bam         ||
||                                                                            ||
||             Output file : ERR2987458.count                                 ||
||                 Summary : ERR2987458.count.summary                         ||
||              Paired-end : no                                               ||
||        Count read pairs : no                                               ||
||              Annotation : Vitis_vinifera.PN40024.v4.56.gff3 (GTF)          ||
||      Dir for temp files : /scratch/USERNAME/Vitis/Chitarrini2020/STARm ... ||
||                                                                            ||
||                 Threads : 24                                               ||
||                   Level : meta-feature level                               ||
||      Multimapping reads : not counted                                      ||
|| Multi-overlapping reads : not counted                                      ||
||   Min overlapping bases : 1                                                ||
||                                                                            ||
\\============================================================================//

//================================= Running ==================================\\
||                                                                            ||
|| Load annotation file Vitis_vinifera.PN40024.v4.56.gff3 ...                 ||
||    Features : 35134                                                        ||
||    Meta-features : 35134                                                   ||
||    Chromosomes/contigs : 20                                                ||
||                                                                            ||
|| Process BAM file ERR2987458_Aligned.sortedByCoord.out.bam...               ||
||    Single-end reads are included.                                          ||
||    Total alignments : 1032742                                              ||
||    Successfully assigned alignments : 682876 (66.1%)                       ||
||    Running time : 0.00 minutes                                             ||
||                                                                            ||
|| Write the final count table.                                               ||
|| Write the read assignment summary.                                         ||
||                                                                            ||
|| Summary of counting results can be found in file "/scratch/USERNAME/Vitis  ||
|| /Chitarrini2020/STARmap1_F/fC/ERR2987458.count.summary"                    ||
||                                                                            ||
\\============================================================================//


        ==========     _____ _    _ ____  _____  ______          _____  
        =====         / ____| |  | |  _ \|  __ \|  ____|   /\   |  __ \ 
          =====      | (___ | |  | | |_) | |__) | |__     /  \  | |  | |
            ====      \___ \| |  | |  _ <|  _  /|  __|   / /\ \ | |  | |
              ====    ____) | |__| | |_) | | \ \| |____ / ____ \| |__| |
        ==========   |_____/ \____/|____/|_|  \_\______/_/    \_\_____/
	  v2.1.1

//========================== featureCounts setting ===========================\\
||                                                                            ||
||             Input files : 1 BAM file                                       ||
||                                                                            ||
||                           ERR2987437_Aligned.sortedByCoord.out.bam         ||
||                                                                            ||
||             Output file : ERR2987437.count                                 ||
||                 Summary : ERR2987437.count.summary                         ||
||              Paired-end : yes                                              ||
||        Count read pairs : no                                               ||
||              Annotation : Vitis_vinifera.PN40024.v4.56.gff3 (GTF)          ||
||      Dir for temp files : /scratch/USERNAME/Vitis/Chitarrini2020/STARm ... ||
||                                                                            ||
||                 Threads : 24                                               ||
||                   Level : meta-feature level                               ||
||      Multimapping reads : not counted                                      ||
|| Multi-overlapping reads : not counted                                      ||
||   Min overlapping bases : 1                                                ||
||                                                                            ||
\\============================================================================//

//================================= Running ==================================\\
||                                                                            ||
|| Load annotation file Vitis_vinifera.PN40024.v4.56.gff3 ...                 ||
||    Features : 35134                                                        ||
||    Meta-features : 35134                                                   ||
||    Chromosomes/contigs : 20                                                ||
||                                                                            ||
|| Process BAM file ERR2987437_Aligned.sortedByCoord.out.bam...               ||
||    Paired-end reads are included.                                          ||
||    The reads are assigned on the single-end mode.                          ||
||    Total alignments : 43942367                                             ||
||    Successfully assigned alignments : 34690515 (78.9%)                     ||
||    Running time : 0.03 minutes                                             ||
||                                                                            ||
|| Write the final count table.                                               ||
|| Write the read assignment summary.                                         ||
||                                                                            ||
|| Summary of counting results can be found in file "/scratch/USERNAME/Vitis  ||
|| /Chitarrini2020/STARmap1/fC/ERR2987437.count.summary"                      ||
||                                                                            ||
\\============================================================================//


        ==========     _____ _    _ ____  _____  ______          _____  
        =====         / ____| |  | |  _ \|  __ \|  ____|   /\   |  __ \ 
          =====      | (___ | |  | | |_) | |__) | |__     /  \  | |  | |
            ====      \___ \| |  | |  _ <|  _  /|  __|   / /\ \ | |  | |
              ====    ____) | |__| | |_) | | \ \| |____ / ____ \| |__| |
        ==========   |_____/ \____/|____/|_|  \_\______/_/    \_\_____/
	  v2.1.1

//========================== featureCounts setting ===========================\\
||                                                                            ||
||             Input files : 1 BAM file                                       ||
||                                                                            ||
||                           ERR2987437_Aligned.sortedByCoord.out.bam         ||
||                                                                            ||
||             Output file : ERR2987437.count                                 ||
||                 Summary : ERR2987437.count.summary                         ||
||              Paired-end : no                                               ||
||        Count read pairs : no                                               ||
||              Annotation : Vitis_vinifera.PN40024.v4.56.gff3 (GTF)          ||
||      Dir for temp files : /scratch/USERNAME/Vitis/Chitarrini2020/STARm ... ||
||                                                                            ||
||                 Threads : 24                                               ||
||                   Level : meta-feature level                               ||
||      Multimapping reads : not counted                                      ||
|| Multi-overlapping reads : not counted                                      ||
||   Min overlapping bases : 1                                                ||
||                                                                            ||
\\============================================================================//

//================================= Running ==================================\\
||                                                                            ||
|| Load annotation file Vitis_vinifera.PN40024.v4.56.gff3 ...                 ||
||    Features : 35134                                                        ||
||    Meta-features : 35134                                                   ||
||    Chromosomes/contigs : 20                                                ||
||                                                                            ||
|| Process BAM file ERR2987437_Aligned.sortedByCoord.out.bam...               ||
||    Single-end reads are included.                                          ||
||    Total alignments : 802759                                               ||
||    Successfully assigned alignments : 377679 (47.0%)                       ||
||    Running time : 0.00 minutes                                             ||
||                                                                            ||
|| Write the final count table.                                               ||
|| Write the read assignment summary.                                         ||
||                                                                            ||
|| Summary of counting results can be found in file "/scratch/USERNAME/Vitis  ||
|| /Chitarrini2020/STARmap1_F/fC/ERR2987437.count.summary"                    ||
||                                                                            ||
\\============================================================================//


        ==========     _____ _    _ ____  _____  ______          _____  
        =====         / ____| |  | |  _ \|  __ \|  ____|   /\   |  __ \ 
          =====      | (___ | |  | | |_) | |__) | |__     /  \  | |  | |
            ====      \___ \| |  | |  _ <|  _  /|  __|   / /\ \ | |  | |
              ====    ____) | |__| | |_) | | \ \| |____ / ____ \| |__| |
        ==========   |_____/ \____/|____/|_|  \_\______/_/    \_\_____/
	  v2.1.1

//========================== featureCounts setting ===========================\\
||                                                                            ||
||             Input files : 1 BAM file                                       ||
||                                                                            ||
||                           ERR2987448_Aligned.sortedByCoord.out.bam         ||
||                                                                            ||
||             Output file : ERR2987448.count                                 ||
||                 Summary : ERR2987448.count.summary                         ||
||              Paired-end : yes                                              ||
||        Count read pairs : no                                               ||
||              Annotation : Vitis_vinifera.PN40024.v4.56.gff3 (GTF)          ||
||      Dir for temp files : /scratch/USERNAME/Vitis/Chitarrini2020/STARm ... ||
||                                                                            ||
||                 Threads : 24                                               ||
||                   Level : meta-feature level                               ||
||      Multimapping reads : not counted                                      ||
|| Multi-overlapping reads : not counted                                      ||
||   Min overlapping bases : 1                                                ||
||                                                                            ||
\\============================================================================//

//================================= Running ==================================\\
||                                                                            ||
|| Load annotation file Vitis_vinifera.PN40024.v4.56.gff3 ...                 ||
||    Features : 35134                                                        ||
||    Meta-features : 35134                                                   ||
||    Chromosomes/contigs : 20                                                ||
||                                                                            ||
|| Process BAM file ERR2987448_Aligned.sortedByCoord.out.bam...               ||
||    Paired-end reads are included.                                          ||
||    The reads are assigned on the single-end mode.                          ||
||    Total alignments : 39216110                                             ||
||    Successfully assigned alignments : 30774854 (78.5%)                     ||
||    Running time : 0.03 minutes                                             ||
||                                                                            ||
|| Write the final count table.                                               ||
|| Write the read assignment summary.                                         ||
||                                                                            ||
|| Summary of counting results can be found in file "/scratch/USERNAME/Vitis  ||
|| /Chitarrini2020/STARmap1/fC/ERR2987448.count.summary"                      ||
||                                                                            ||
\\============================================================================//


        ==========     _____ _    _ ____  _____  ______          _____  
        =====         / ____| |  | |  _ \|  __ \|  ____|   /\   |  __ \ 
          =====      | (___ | |  | | |_) | |__) | |__     /  \  | |  | |
            ====      \___ \| |  | |  _ <|  _  /|  __|   / /\ \ | |  | |
              ====    ____) | |__| | |_) | | \ \| |____ / ____ \| |__| |
        ==========   |_____/ \____/|____/|_|  \_\______/_/    \_\_____/
	  v2.1.1

//========================== featureCounts setting ===========================\\
||                                                                            ||
||             Input files : 1 BAM file                                       ||
||                                                                            ||
||                           ERR2987448_Aligned.sortedByCoord.out.bam         ||
||                                                                            ||
||             Output file : ERR2987448.count                                 ||
||                 Summary : ERR2987448.count.summary                         ||
||              Paired-end : no                                               ||
||        Count read pairs : no                                               ||
||              Annotation : Vitis_vinifera.PN40024.v4.56.gff3 (GTF)          ||
||      Dir for temp files : /scratch/USERNAME/Vitis/Chitarrini2020/STARm ... ||
||                                                                            ||
||                 Threads : 24                                               ||
||                   Level : meta-feature level                               ||
||      Multimapping reads : not counted                                      ||
|| Multi-overlapping reads : not counted                                      ||
||   Min overlapping bases : 1                                                ||
||                                                                            ||
\\============================================================================//

//================================= Running ==================================\\
||                                                                            ||
|| Load annotation file Vitis_vinifera.PN40024.v4.56.gff3 ...                 ||
||    Features : 35134                                                        ||
||    Meta-features : 35134                                                   ||
||    Chromosomes/contigs : 20                                                ||
||                                                                            ||
|| Process BAM file ERR2987448_Aligned.sortedByCoord.out.bam...               ||
||    Single-end reads are included.                                          ||
||    Total alignments : 755192                                               ||
||    Successfully assigned alignments : 363314 (48.1%)                       ||
||    Running time : 0.00 minutes                                             ||
||                                                                            ||
|| Write the final count table.                                               ||
|| Write the read assignment summary.                                         ||
||                                                                            ||
|| Summary of counting results can be found in file "/scratch/USERNAME/Vitis  ||
|| /Chitarrini2020/STARmap1_F/fC/ERR2987448.count.summary"                    ||
||                                                                            ||
\\============================================================================//


        ==========     _____ _    _ ____  _____  ______          _____  
        =====         / ____| |  | |  _ \|  __ \|  ____|   /\   |  __ \ 
          =====      | (___ | |  | | |_) | |__) | |__     /  \  | |  | |
            ====      \___ \| |  | |  _ <|  _  /|  __|   / /\ \ | |  | |
              ====    ____) | |__| | |_) | | \ \| |____ / ____ \| |__| |
        ==========   |_____/ \____/|____/|_|  \_\______/_/    \_\_____/
	  v2.1.1

//========================== featureCounts setting ===========================\\
||                                                                            ||
||             Input files : 1 BAM file                                       ||
||                                                                            ||
||                           ERR2987459_Aligned.sortedByCoord.out.bam         ||
||                                                                            ||
||             Output file : ERR2987459.count                                 ||
||                 Summary : ERR2987459.count.summary                         ||
||              Paired-end : yes                                              ||
||        Count read pairs : no                                               ||
||              Annotation : Vitis_vinifera.PN40024.v4.56.gff3 (GTF)          ||
||      Dir for temp files : /scratch/USERNAME/Vitis/Chitarrini2020/STARm ... ||
||                                                                            ||
||                 Threads : 24                                               ||
||                   Level : meta-feature level                               ||
||      Multimapping reads : not counted                                      ||
|| Multi-overlapping reads : not counted                                      ||
||   Min overlapping bases : 1                                                ||
||                                                                            ||
\\============================================================================//

//================================= Running ==================================\\
||                                                                            ||
|| Load annotation file Vitis_vinifera.PN40024.v4.56.gff3 ...                 ||
||    Features : 35134                                                        ||
||    Meta-features : 35134                                                   ||
||    Chromosomes/contigs : 20                                                ||
||                                                                            ||
|| Process BAM file ERR2987459_Aligned.sortedByCoord.out.bam...               ||
||    Paired-end reads are included.                                          ||
||    The reads are assigned on the single-end mode.                          ||
||    Total alignments : 71280487                                             ||
||    Successfully assigned alignments : 52968296 (74.3%)                     ||
||    Running time : 0.04 minutes                                             ||
||                                                                            ||
|| Write the final count table.                                               ||
|| Write the read assignment summary.                                         ||
||                                                                            ||
|| Summary of counting results can be found in file "/scratch/USERNAME/Vitis  ||
|| /Chitarrini2020/STARmap1/fC/ERR2987459.count.summary"                      ||
||                                                                            ||
\\============================================================================//


        ==========     _____ _    _ ____  _____  ______          _____  
        =====         / ____| |  | |  _ \|  __ \|  ____|   /\   |  __ \ 
          =====      | (___ | |  | | |_) | |__) | |__     /  \  | |  | |
            ====      \___ \| |  | |  _ <|  _  /|  __|   / /\ \ | |  | |
              ====    ____) | |__| | |_) | | \ \| |____ / ____ \| |__| |
        ==========   |_____/ \____/|____/|_|  \_\______/_/    \_\_____/
	  v2.1.1

//========================== featureCounts setting ===========================\\
||                                                                            ||
||             Input files : 1 BAM file                                       ||
||                                                                            ||
||                           ERR2987459_Aligned.sortedByCoord.out.bam         ||
||                                                                            ||
||             Output file : ERR2987459.count                                 ||
||                 Summary : ERR2987459.count.summary                         ||
||              Paired-end : no                                               ||
||        Count read pairs : no                                               ||
||              Annotation : Vitis_vinifera.PN40024.v4.56.gff3 (GTF)          ||
||      Dir for temp files : /scratch/USERNAME/Vitis/Chitarrini2020/STARm ... ||
||                                                                            ||
||                 Threads : 24                                               ||
||                   Level : meta-feature level                               ||
||      Multimapping reads : not counted                                      ||
|| Multi-overlapping reads : not counted                                      ||
||   Min overlapping bases : 1                                                ||
||                                                                            ||
\\============================================================================//

//================================= Running ==================================\\
||                                                                            ||
|| Load annotation file Vitis_vinifera.PN40024.v4.56.gff3 ...                 ||
||    Features : 35134                                                        ||
||    Meta-features : 35134                                                   ||
||    Chromosomes/contigs : 20                                                ||
||                                                                            ||
|| Process BAM file ERR2987459_Aligned.sortedByCoord.out.bam...               ||
||    Single-end reads are included.                                          ||
||    Total alignments : 1405225                                              ||
||    Successfully assigned alignments : 592606 (42.2%)                       ||
||    Running time : 0.00 minutes                                             ||
||                                                                            ||
|| Write the final count table.                                               ||
|| Write the read assignment summary.                                         ||
||                                                                            ||
|| Summary of counting results can be found in file "/scratch/USERNAME/Vitis  ||
|| /Chitarrini2020/STARmap1_F/fC/ERR2987459.count.summary"                    ||
||                                                                            ||
\\============================================================================//


        ==========     _____ _    _ ____  _____  ______          _____  
        =====         / ____| |  | |  _ \|  __ \|  ____|   /\   |  __ \ 
          =====      | (___ | |  | | |_) | |__) | |__     /  \  | |  | |
            ====      \___ \| |  | |  _ <|  _  /|  __|   / /\ \ | |  | |
              ====    ____) | |__| | |_) | | \ \| |____ / ____ \| |__| |
        ==========   |_____/ \____/|____/|_|  \_\______/_/    \_\_____/
	  v2.1.1

//========================== featureCounts setting ===========================\\
||                                                                            ||
||             Input files : 1 BAM file                                       ||
||                                                                            ||
||                           ERR2987438_Aligned.sortedByCoord.out.bam         ||
||                                                                            ||
||             Output file : ERR2987438.count                                 ||
||                 Summary : ERR2987438.count.summary                         ||
||              Paired-end : yes                                              ||
||        Count read pairs : no                                               ||
||              Annotation : Vitis_vinifera.PN40024.v4.56.gff3 (GTF)          ||
||      Dir for temp files : /scratch/USERNAME/Vitis/Chitarrini2020/STARm ... ||
||                                                                            ||
||                 Threads : 24                                               ||
||                   Level : meta-feature level                               ||
||      Multimapping reads : not counted                                      ||
|| Multi-overlapping reads : not counted                                      ||
||   Min overlapping bases : 1                                                ||
||                                                                            ||
\\============================================================================//

//================================= Running ==================================\\
||                                                                            ||
|| Load annotation file Vitis_vinifera.PN40024.v4.56.gff3 ...                 ||
||    Features : 35134                                                        ||
||    Meta-features : 35134                                                   ||
||    Chromosomes/contigs : 20                                                ||
||                                                                            ||
|| Process BAM file ERR2987438_Aligned.sortedByCoord.out.bam...               ||
||    Paired-end reads are included.                                          ||
||    The reads are assigned on the single-end mode.                          ||
||    Total alignments : 69429127                                             ||
||    Successfully assigned alignments : 45448445 (65.5%)                     ||
||    Running time : 0.04 minutes                                             ||
||                                                                            ||
|| Write the final count table.                                               ||
|| Write the read assignment summary.                                         ||
||                                                                            ||
|| Summary of counting results can be found in file "/scratch/USERNAME/Vitis  ||
|| /Chitarrini2020/STARmap1/fC/ERR2987438.count.summary"                      ||
||                                                                            ||
\\============================================================================//


        ==========     _____ _    _ ____  _____  ______          _____  
        =====         / ____| |  | |  _ \|  __ \|  ____|   /\   |  __ \ 
          =====      | (___ | |  | | |_) | |__) | |__     /  \  | |  | |
            ====      \___ \| |  | |  _ <|  _  /|  __|   / /\ \ | |  | |
              ====    ____) | |__| | |_) | | \ \| |____ / ____ \| |__| |
        ==========   |_____/ \____/|____/|_|  \_\______/_/    \_\_____/
	  v2.1.1

//========================== featureCounts setting ===========================\\
||                                                                            ||
||             Input files : 1 BAM file                                       ||
||                                                                            ||
||                           ERR2987438_Aligned.sortedByCoord.out.bam         ||
||                                                                            ||
||             Output file : ERR2987438.count                                 ||
||                 Summary : ERR2987438.count.summary                         ||
||              Paired-end : no                                               ||
||        Count read pairs : no                                               ||
||              Annotation : Vitis_vinifera.PN40024.v4.56.gff3 (GTF)          ||
||      Dir for temp files : /scratch/USERNAME/Vitis/Chitarrini2020/STARm ... ||
||                                                                            ||
||                 Threads : 24                                               ||
||                   Level : meta-feature level                               ||
||      Multimapping reads : not counted                                      ||
|| Multi-overlapping reads : not counted                                      ||
||   Min overlapping bases : 1                                                ||
||                                                                            ||
\\============================================================================//

//================================= Running ==================================\\
||                                                                            ||
|| Load annotation file Vitis_vinifera.PN40024.v4.56.gff3 ...                 ||
||    Features : 35134                                                        ||
||    Meta-features : 35134                                                   ||
||    Chromosomes/contigs : 20                                                ||
||                                                                            ||
|| Process BAM file ERR2987438_Aligned.sortedByCoord.out.bam...               ||
||    Single-end reads are included.                                          ||
||    Total alignments : 1116114                                              ||
||    Successfully assigned alignments : 515293 (46.2%)                       ||
||    Running time : 0.00 minutes                                             ||
||                                                                            ||
|| Write the final count table.                                               ||
|| Write the read assignment summary.                                         ||
||                                                                            ||
|| Summary of counting results can be found in file "/scratch/USERNAME/Vitis  ||
|| /Chitarrini2020/STARmap1_F/fC/ERR2987438.count.summary"                    ||
||                                                                            ||
\\============================================================================//


        ==========     _____ _    _ ____  _____  ______          _____  
        =====         / ____| |  | |  _ \|  __ \|  ____|   /\   |  __ \ 
          =====      | (___ | |  | | |_) | |__) | |__     /  \  | |  | |
            ====      \___ \| |  | |  _ <|  _  /|  __|   / /\ \ | |  | |
              ====    ____) | |__| | |_) | | \ \| |____ / ____ \| |__| |
        ==========   |_____/ \____/|____/|_|  \_\______/_/    \_\_____/
	  v2.1.1

//========================== featureCounts setting ===========================\\
||                                                                            ||
||             Input files : 1 BAM file                                       ||
||                                                                            ||
||                           ERR2987449_Aligned.sortedByCoord.out.bam         ||
||                                                                            ||
||             Output file : ERR2987449.count                                 ||
||                 Summary : ERR2987449.count.summary                         ||
||              Paired-end : yes                                              ||
||        Count read pairs : no                                               ||
||              Annotation : Vitis_vinifera.PN40024.v4.56.gff3 (GTF)          ||
||      Dir for temp files : /scratch/USERNAME/Vitis/Chitarrini2020/STARm ... ||
||                                                                            ||
||                 Threads : 24                                               ||
||                   Level : meta-feature level                               ||
||      Multimapping reads : not counted                                      ||
|| Multi-overlapping reads : not counted                                      ||
||   Min overlapping bases : 1                                                ||
||                                                                            ||
\\============================================================================//

//================================= Running ==================================\\
||                                                                            ||
|| Load annotation file Vitis_vinifera.PN40024.v4.56.gff3 ...                 ||
||    Features : 35134                                                        ||
||    Meta-features : 35134                                                   ||
||    Chromosomes/contigs : 20                                                ||
||                                                                            ||
|| Process BAM file ERR2987449_Aligned.sortedByCoord.out.bam...               ||
||    Paired-end reads are included.                                          ||
||    The reads are assigned on the single-end mode.                          ||
||    Total alignments : 61885380                                             ||
||    Successfully assigned alignments : 47543783 (76.8%)                     ||
||    Running time : 0.03 minutes                                             ||
||                                                                            ||
|| Write the final count table.                                               ||
|| Write the read assignment summary.                                         ||
||                                                                            ||
|| Summary of counting results can be found in file "/scratch/USERNAME/Vitis  ||
|| /Chitarrini2020/STARmap1/fC/ERR2987449.count.summary"                      ||
||                                                                            ||
\\============================================================================//


        ==========     _____ _    _ ____  _____  ______          _____  
        =====         / ____| |  | |  _ \|  __ \|  ____|   /\   |  __ \ 
          =====      | (___ | |  | | |_) | |__) | |__     /  \  | |  | |
            ====      \___ \| |  | |  _ <|  _  /|  __|   / /\ \ | |  | |
              ====    ____) | |__| | |_) | | \ \| |____ / ____ \| |__| |
        ==========   |_____/ \____/|____/|_|  \_\______/_/    \_\_____/
	  v2.1.1

//========================== featureCounts setting ===========================\\
||                                                                            ||
||             Input files : 1 BAM file                                       ||
||                                                                            ||
||                           ERR2987449_Aligned.sortedByCoord.out.bam         ||
||                                                                            ||
||             Output file : ERR2987449.count                                 ||
||                 Summary : ERR2987449.count.summary                         ||
||              Paired-end : no                                               ||
||        Count read pairs : no                                               ||
||              Annotation : Vitis_vinifera.PN40024.v4.56.gff3 (GTF)          ||
||      Dir for temp files : /scratch/USERNAME/Vitis/Chitarrini2020/STARm ... ||
||                                                                            ||
||                 Threads : 24                                               ||
||                   Level : meta-feature level                               ||
||      Multimapping reads : not counted                                      ||
|| Multi-overlapping reads : not counted                                      ||
||   Min overlapping bases : 1                                                ||
||                                                                            ||
\\============================================================================//

//================================= Running ==================================\\
||                                                                            ||
|| Load annotation file Vitis_vinifera.PN40024.v4.56.gff3 ...                 ||
||    Features : 35134                                                        ||
||    Meta-features : 35134                                                   ||
||    Chromosomes/contigs : 20                                                ||
||                                                                            ||
|| Process BAM file ERR2987449_Aligned.sortedByCoord.out.bam...               ||
||    Single-end reads are included.                                          ||
||    Total alignments : 1034964                                              ||
||    Successfully assigned alignments : 651750 (63.0%)                       ||
||    Running time : 0.00 minutes                                             ||
||                                                                            ||
|| Write the final count table.                                               ||
|| Write the read assignment summary.                                         ||
||                                                                            ||
|| Summary of counting results can be found in file "/scratch/USERNAME/Vitis  ||
|| /Chitarrini2020/STARmap1_F/fC/ERR2987449.count.summary"                    ||
||                                                                            ||
\\============================================================================//


        ==========     _____ _    _ ____  _____  ______          _____  
        =====         / ____| |  | |  _ \|  __ \|  ____|   /\   |  __ \ 
          =====      | (___ | |  | | |_) | |__) | |__     /  \  | |  | |
            ====      \___ \| |  | |  _ <|  _  /|  __|   / /\ \ | |  | |
              ====    ____) | |__| | |_) | | \ \| |____ / ____ \| |__| |
        ==========   |_____/ \____/|____/|_|  \_\______/_/    \_\_____/
	  v2.1.1

//========================== featureCounts setting ===========================\\
||                                                                            ||
||             Input files : 1 BAM file                                       ||
||                                                                            ||
||                           ERR2987460_Aligned.sortedByCoord.out.bam         ||
||                                                                            ||
||             Output file : ERR2987460.count                                 ||
||                 Summary : ERR2987460.count.summary                         ||
||              Paired-end : yes                                              ||
||        Count read pairs : no                                               ||
||              Annotation : Vitis_vinifera.PN40024.v4.56.gff3 (GTF)          ||
||      Dir for temp files : /scratch/USERNAME/Vitis/Chitarrini2020/STARm ... ||
||                                                                            ||
||                 Threads : 24                                               ||
||                   Level : meta-feature level                               ||
||      Multimapping reads : not counted                                      ||
|| Multi-overlapping reads : not counted                                      ||
||   Min overlapping bases : 1                                                ||
||                                                                            ||
\\============================================================================//

//================================= Running ==================================\\
||                                                                            ||
|| Load annotation file Vitis_vinifera.PN40024.v4.56.gff3 ...                 ||
||    Features : 35134                                                        ||
||    Meta-features : 35134                                                   ||
||    Chromosomes/contigs : 20                                                ||
||                                                                            ||
|| Process BAM file ERR2987460_Aligned.sortedByCoord.out.bam...               ||
||    Paired-end reads are included.                                          ||
||    The reads are assigned on the single-end mode.                          ||
||    Total alignments : 56556725                                             ||
||    Successfully assigned alignments : 45018908 (79.6%)                     ||
||    Running time : 0.03 minutes                                             ||
||                                                                            ||
|| Write the final count table.                                               ||
|| Write the read assignment summary.                                         ||
||                                                                            ||
|| Summary of counting results can be found in file "/scratch/USERNAME/Vitis  ||
|| /Chitarrini2020/STARmap1/fC/ERR2987460.count.summary"                      ||
||                                                                            ||
\\============================================================================//


        ==========     _____ _    _ ____  _____  ______          _____  
        =====         / ____| |  | |  _ \|  __ \|  ____|   /\   |  __ \ 
          =====      | (___ | |  | | |_) | |__) | |__     /  \  | |  | |
            ====      \___ \| |  | |  _ <|  _  /|  __|   / /\ \ | |  | |
              ====    ____) | |__| | |_) | | \ \| |____ / ____ \| |__| |
        ==========   |_____/ \____/|____/|_|  \_\______/_/    \_\_____/
	  v2.1.1

//========================== featureCounts setting ===========================\\
||                                                                            ||
||             Input files : 1 BAM file                                       ||
||                                                                            ||
||                           ERR2987460_Aligned.sortedByCoord.out.bam         ||
||                                                                            ||
||             Output file : ERR2987460.count                                 ||
||                 Summary : ERR2987460.count.summary                         ||
||              Paired-end : no                                               ||
||        Count read pairs : no                                               ||
||              Annotation : Vitis_vinifera.PN40024.v4.56.gff3 (GTF)          ||
||      Dir for temp files : /scratch/USERNAME/Vitis/Chitarrini2020/STARm ... ||
||                                                                            ||
||                 Threads : 24                                               ||
||                   Level : meta-feature level                               ||
||      Multimapping reads : not counted                                      ||
|| Multi-overlapping reads : not counted                                      ||
||   Min overlapping bases : 1                                                ||
||                                                                            ||
\\============================================================================//

//================================= Running ==================================\\
||                                                                            ||
|| Load annotation file Vitis_vinifera.PN40024.v4.56.gff3 ...                 ||
||    Features : 35134                                                        ||
||    Meta-features : 35134                                                   ||
||    Chromosomes/contigs : 20                                                ||
||                                                                            ||
|| Process BAM file ERR2987460_Aligned.sortedByCoord.out.bam...               ||
||    Single-end reads are included.                                          ||
||    Total alignments : 1055202                                              ||
||    Successfully assigned alignments : 508014 (48.1%)                       ||
||    Running time : 0.00 minutes                                             ||
||                                                                            ||
|| Write the final count table.                                               ||
|| Write the read assignment summary.                                         ||
||                                                                            ||
|| Summary of counting results can be found in file "/scratch/USERNAME/Vitis  ||
|| /Chitarrini2020/STARmap1_F/fC/ERR2987460.count.summary"                    ||
||                                                                            ||
\\============================================================================//


        ==========     _____ _    _ ____  _____  ______          _____  
        =====         / ____| |  | |  _ \|  __ \|  ____|   /\   |  __ \ 
          =====      | (___ | |  | | |_) | |__) | |__     /  \  | |  | |
            ====      \___ \| |  | |  _ <|  _  /|  __|   / /\ \ | |  | |
              ====    ____) | |__| | |_) | | \ \| |____ / ____ \| |__| |
        ==========   |_____/ \____/|____/|_|  \_\______/_/    \_\_____/
	  v2.1.1

//========================== featureCounts setting ===========================\\
||                                                                            ||
||             Input files : 1 BAM file                                       ||
||                                                                            ||
||                           ERR2987439_Aligned.sortedByCoord.out.bam         ||
||                                                                            ||
||             Output file : ERR2987439.count                                 ||
||                 Summary : ERR2987439.count.summary                         ||
||              Paired-end : yes                                              ||
||        Count read pairs : no                                               ||
||              Annotation : Vitis_vinifera.PN40024.v4.56.gff3 (GTF)          ||
||      Dir for temp files : /scratch/USERNAME/Vitis/Chitarrini2020/STARm ... ||
||                                                                            ||
||                 Threads : 24                                               ||
||                   Level : meta-feature level                               ||
||      Multimapping reads : not counted                                      ||
|| Multi-overlapping reads : not counted                                      ||
||   Min overlapping bases : 1                                                ||
||                                                                            ||
\\============================================================================//

//================================= Running ==================================\\
||                                                                            ||
|| Load annotation file Vitis_vinifera.PN40024.v4.56.gff3 ...                 ||
||    Features : 35134                                                        ||
||    Meta-features : 35134                                                   ||
||    Chromosomes/contigs : 20                                                ||
||                                                                            ||
|| Process BAM file ERR2987439_Aligned.sortedByCoord.out.bam...               ||
||    Paired-end reads are included.                                          ||
||    The reads are assigned on the single-end mode.                          ||
||    Total alignments : 35879318                                             ||
||    Successfully assigned alignments : 28273627 (78.8%)                     ||
||    Running time : 0.02 minutes                                             ||
||                                                                            ||
|| Write the final count table.                                               ||
|| Write the read assignment summary.                                         ||
||                                                                            ||
|| Summary of counting results can be found in file "/scratch/USERNAME/Vitis  ||
|| /Chitarrini2020/STARmap1/fC/ERR2987439.count.summary"                      ||
||                                                                            ||
\\============================================================================//


        ==========     _____ _    _ ____  _____  ______          _____  
        =====         / ____| |  | |  _ \|  __ \|  ____|   /\   |  __ \ 
          =====      | (___ | |  | | |_) | |__) | |__     /  \  | |  | |
            ====      \___ \| |  | |  _ <|  _  /|  __|   / /\ \ | |  | |
              ====    ____) | |__| | |_) | | \ \| |____ / ____ \| |__| |
        ==========   |_____/ \____/|____/|_|  \_\______/_/    \_\_____/
	  v2.1.1

//========================== featureCounts setting ===========================\\
||                                                                            ||
||             Input files : 1 BAM file                                       ||
||                                                                            ||
||                           ERR2987439_Aligned.sortedByCoord.out.bam         ||
||                                                                            ||
||             Output file : ERR2987439.count                                 ||
||                 Summary : ERR2987439.count.summary                         ||
||              Paired-end : no                                               ||
||        Count read pairs : no                                               ||
||              Annotation : Vitis_vinifera.PN40024.v4.56.gff3 (GTF)          ||
||      Dir for temp files : /scratch/USERNAME/Vitis/Chitarrini2020/STARm ... ||
||                                                                            ||
||                 Threads : 24                                               ||
||                   Level : meta-feature level                               ||
||      Multimapping reads : not counted                                      ||
|| Multi-overlapping reads : not counted                                      ||
||   Min overlapping bases : 1                                                ||
||                                                                            ||
\\============================================================================//

//================================= Running ==================================\\
||                                                                            ||
|| Load annotation file Vitis_vinifera.PN40024.v4.56.gff3 ...                 ||
||    Features : 35134                                                        ||
||    Meta-features : 35134                                                   ||
||    Chromosomes/contigs : 20                                                ||
||                                                                            ||
|| Process BAM file ERR2987439_Aligned.sortedByCoord.out.bam...               ||
||    Single-end reads are included.                                          ||
||    Total alignments : 819890                                               ||
||    Successfully assigned alignments : 529864 (64.6%)                       ||
||    Running time : 0.00 minutes                                             ||
||                                                                            ||
|| Write the final count table.                                               ||
|| Write the read assignment summary.                                         ||
||                                                                            ||
|| Summary of counting results can be found in file "/scratch/USERNAME/Vitis  ||
|| /Chitarrini2020/STARmap1_F/fC/ERR2987439.count.summary"                    ||
||                                                                            ||
\\============================================================================//


        ==========     _____ _    _ ____  _____  ______          _____  
        =====         / ____| |  | |  _ \|  __ \|  ____|   /\   |  __ \ 
          =====      | (___ | |  | | |_) | |__) | |__     /  \  | |  | |
            ====      \___ \| |  | |  _ <|  _  /|  __|   / /\ \ | |  | |
              ====    ____) | |__| | |_) | | \ \| |____ / ____ \| |__| |
        ==========   |_____/ \____/|____/|_|  \_\______/_/    \_\_____/
	  v2.1.1

//========================== featureCounts setting ===========================\\
||                                                                            ||
||             Input files : 1 BAM file                                       ||
||                                                                            ||
||                           ERR2987450_Aligned.sortedByCoord.out.bam         ||
||                                                                            ||
||             Output file : ERR2987450.count                                 ||
||                 Summary : ERR2987450.count.summary                         ||
||              Paired-end : yes                                              ||
||        Count read pairs : no                                               ||
||              Annotation : Vitis_vinifera.PN40024.v4.56.gff3 (GTF)          ||
||      Dir for temp files : /scratch/USERNAME/Vitis/Chitarrini2020/STARm ... ||
||                                                                            ||
||                 Threads : 24                                               ||
||                   Level : meta-feature level                               ||
||      Multimapping reads : not counted                                      ||
|| Multi-overlapping reads : not counted                                      ||
||   Min overlapping bases : 1                                                ||
||                                                                            ||
\\============================================================================//

//================================= Running ==================================\\
||                                                                            ||
|| Load annotation file Vitis_vinifera.PN40024.v4.56.gff3 ...                 ||
||    Features : 35134                                                        ||
||    Meta-features : 35134                                                   ||
||    Chromosomes/contigs : 20                                                ||
||                                                                            ||
|| Process BAM file ERR2987450_Aligned.sortedByCoord.out.bam...               ||
||    Paired-end reads are included.                                          ||
||    The reads are assigned on the single-end mode.                          ||
||    Total alignments : 62961950                                             ||
||    Successfully assigned alignments : 48865741 (77.6%)                     ||
||    Running time : 0.03 minutes                                             ||
||                                                                            ||
|| Write the final count table.                                               ||
|| Write the read assignment summary.                                         ||
||                                                                            ||
|| Summary of counting results can be found in file "/scratch/USERNAME/Vitis  ||
|| /Chitarrini2020/STARmap1/fC/ERR2987450.count.summary"                      ||
||                                                                            ||
\\============================================================================//


        ==========     _____ _    _ ____  _____  ______          _____  
        =====         / ____| |  | |  _ \|  __ \|  ____|   /\   |  __ \ 
          =====      | (___ | |  | | |_) | |__) | |__     /  \  | |  | |
            ====      \___ \| |  | |  _ <|  _  /|  __|   / /\ \ | |  | |
              ====    ____) | |__| | |_) | | \ \| |____ / ____ \| |__| |
        ==========   |_____/ \____/|____/|_|  \_\______/_/    \_\_____/
	  v2.1.1

//========================== featureCounts setting ===========================\\
||                                                                            ||
||             Input files : 1 BAM file                                       ||
||                                                                            ||
||                           ERR2987450_Aligned.sortedByCoord.out.bam         ||
||                                                                            ||
||             Output file : ERR2987450.count                                 ||
||                 Summary : ERR2987450.count.summary                         ||
||              Paired-end : no                                               ||
||        Count read pairs : no                                               ||
||              Annotation : Vitis_vinifera.PN40024.v4.56.gff3 (GTF)          ||
||      Dir for temp files : /scratch/USERNAME/Vitis/Chitarrini2020/STARm ... ||
||                                                                            ||
||                 Threads : 24                                               ||
||                   Level : meta-feature level                               ||
||      Multimapping reads : not counted                                      ||
|| Multi-overlapping reads : not counted                                      ||
||   Min overlapping bases : 1                                                ||
||                                                                            ||
\\============================================================================//

//================================= Running ==================================\\
||                                                                            ||
|| Load annotation file Vitis_vinifera.PN40024.v4.56.gff3 ...                 ||
||    Features : 35134                                                        ||
||    Meta-features : 35134                                                   ||
||    Chromosomes/contigs : 20                                                ||
||                                                                            ||
|| Process BAM file ERR2987450_Aligned.sortedByCoord.out.bam...               ||
||    Single-end reads are included.                                          ||
||    Total alignments : 1282387                                              ||
||    Successfully assigned alignments : 649519 (50.6%)                       ||
||    Running time : 0.00 minutes                                             ||
||                                                                            ||
|| Write the final count table.                                               ||
|| Write the read assignment summary.                                         ||
||                                                                            ||
|| Summary of counting results can be found in file "/scratch/USERNAME/Vitis  ||
|| /Chitarrini2020/STARmap1_F/fC/ERR2987450.count.summary"                    ||
||                                                                            ||
\\============================================================================//


        ==========     _____ _    _ ____  _____  ______          _____  
        =====         / ____| |  | |  _ \|  __ \|  ____|   /\   |  __ \ 
          =====      | (___ | |  | | |_) | |__) | |__     /  \  | |  | |
            ====      \___ \| |  | |  _ <|  _  /|  __|   / /\ \ | |  | |
              ====    ____) | |__| | |_) | | \ \| |____ / ____ \| |__| |
        ==========   |_____/ \____/|____/|_|  \_\______/_/    \_\_____/
	  v2.1.1

//========================== featureCounts setting ===========================\\
||                                                                            ||
||             Input files : 1 BAM file                                       ||
||                                                                            ||
||                           ERR2987461_Aligned.sortedByCoord.out.bam         ||
||                                                                            ||
||             Output file : ERR2987461.count                                 ||
||                 Summary : ERR2987461.count.summary                         ||
||              Paired-end : yes                                              ||
||        Count read pairs : no                                               ||
||              Annotation : Vitis_vinifera.PN40024.v4.56.gff3 (GTF)          ||
||      Dir for temp files : /scratch/USERNAME/Vitis/Chitarrini2020/STARm ... ||
||                                                                            ||
||                 Threads : 24                                               ||
||                   Level : meta-feature level                               ||
||      Multimapping reads : not counted                                      ||
|| Multi-overlapping reads : not counted                                      ||
||   Min overlapping bases : 1                                                ||
||                                                                            ||
\\============================================================================//

//================================= Running ==================================\\
||                                                                            ||
|| Load annotation file Vitis_vinifera.PN40024.v4.56.gff3 ...                 ||
||    Features : 35134                                                        ||
||    Meta-features : 35134                                                   ||
||    Chromosomes/contigs : 20                                                ||
||                                                                            ||
|| Process BAM file ERR2987461_Aligned.sortedByCoord.out.bam...               ||
||    Paired-end reads are included.                                          ||
||    The reads are assigned on the single-end mode.                          ||
||    Total alignments : 63629260                                             ||
||    Successfully assigned alignments : 50783481 (79.8%)                     ||
||    Running time : 0.03 minutes                                             ||
||                                                                            ||
|| Write the final count table.                                               ||
|| Write the read assignment summary.                                         ||
||                                                                            ||
|| Summary of counting results can be found in file "/scratch/USERNAME/Vitis  ||
|| /Chitarrini2020/STARmap1/fC/ERR2987461.count.summary"                      ||
||                                                                            ||
\\============================================================================//


        ==========     _____ _    _ ____  _____  ______          _____  
        =====         / ____| |  | |  _ \|  __ \|  ____|   /\   |  __ \ 
          =====      | (___ | |  | | |_) | |__) | |__     /  \  | |  | |
            ====      \___ \| |  | |  _ <|  _  /|  __|   / /\ \ | |  | |
              ====    ____) | |__| | |_) | | \ \| |____ / ____ \| |__| |
        ==========   |_____/ \____/|____/|_|  \_\______/_/    \_\_____/
	  v2.1.1

//========================== featureCounts setting ===========================\\
||                                                                            ||
||             Input files : 1 BAM file                                       ||
||                                                                            ||
||                           ERR2987461_Aligned.sortedByCoord.out.bam         ||
||                                                                            ||
||             Output file : ERR2987461.count                                 ||
||                 Summary : ERR2987461.count.summary                         ||
||              Paired-end : no                                               ||
||        Count read pairs : no                                               ||
||              Annotation : Vitis_vinifera.PN40024.v4.56.gff3 (GTF)          ||
||      Dir for temp files : /scratch/USERNAME/Vitis/Chitarrini2020/STARm ... ||
||                                                                            ||
||                 Threads : 24                                               ||
||                   Level : meta-feature level                               ||
||      Multimapping reads : not counted                                      ||
|| Multi-overlapping reads : not counted                                      ||
||   Min overlapping bases : 1                                                ||
||                                                                            ||
\\============================================================================//

//================================= Running ==================================\\
||                                                                            ||
|| Load annotation file Vitis_vinifera.PN40024.v4.56.gff3 ...                 ||
||    Features : 35134                                                        ||
||    Meta-features : 35134                                                   ||
||    Chromosomes/contigs : 20                                                ||
||                                                                            ||
|| Process BAM file ERR2987461_Aligned.sortedByCoord.out.bam...               ||
||    Single-end reads are included.                                          ||
||    Total alignments : 1171353                                              ||
||    Successfully assigned alignments : 711039 (60.7%)                       ||
||    Running time : 0.00 minutes                                             ||
||                                                                            ||
|| Write the final count table.                                               ||
|| Write the read assignment summary.                                         ||
||                                                                            ||
|| Summary of counting results can be found in file "/scratch/USERNAME/Vitis  ||
|| /Chitarrini2020/STARmap1_F/fC/ERR2987461.count.summary"                    ||
||                                                                            ||
\\============================================================================//


        ==========     _____ _    _ ____  _____  ______          _____  
        =====         / ____| |  | |  _ \|  __ \|  ____|   /\   |  __ \ 
          =====      | (___ | |  | | |_) | |__) | |__     /  \  | |  | |
            ====      \___ \| |  | |  _ <|  _  /|  __|   / /\ \ | |  | |
              ====    ____) | |__| | |_) | | \ \| |____ / ____ \| |__| |
        ==========   |_____/ \____/|____/|_|  \_\______/_/    \_\_____/
	  v2.1.1

//========================== featureCounts setting ===========================\\
||                                                                            ||
||             Input files : 1 BAM file                                       ||
||                                                                            ||
||                           ERR2987440_Aligned.sortedByCoord.out.bam         ||
||                                                                            ||
||             Output file : ERR2987440.count                                 ||
||                 Summary : ERR2987440.count.summary                         ||
||              Paired-end : yes                                              ||
||        Count read pairs : no                                               ||
||              Annotation : Vitis_vinifera.PN40024.v4.56.gff3 (GTF)          ||
||      Dir for temp files : /scratch/USERNAME/Vitis/Chitarrini2020/STARm ... ||
||                                                                            ||
||                 Threads : 24                                               ||
||                   Level : meta-feature level                               ||
||      Multimapping reads : not counted                                      ||
|| Multi-overlapping reads : not counted                                      ||
||   Min overlapping bases : 1                                                ||
||                                                                            ||
\\============================================================================//

//================================= Running ==================================\\
||                                                                            ||
|| Load annotation file Vitis_vinifera.PN40024.v4.56.gff3 ...                 ||
||    Features : 35134                                                        ||
||    Meta-features : 35134                                                   ||
||    Chromosomes/contigs : 20                                                ||
||                                                                            ||
|| Process BAM file ERR2987440_Aligned.sortedByCoord.out.bam...               ||
||    Paired-end reads are included.                                          ||
||    The reads are assigned on the single-end mode.                          ||
||    Total alignments : 29649069                                             ||
||    Successfully assigned alignments : 23699136 (79.9%)                     ||
||    Running time : 0.02 minutes                                             ||
||                                                                            ||
|| Write the final count table.                                               ||
|| Write the read assignment summary.                                         ||
||                                                                            ||
|| Summary of counting results can be found in file "/scratch/USERNAME/Vitis  ||
|| /Chitarrini2020/STARmap1/fC/ERR2987440.count.summary"                      ||
||                                                                            ||
\\============================================================================//


        ==========     _____ _    _ ____  _____  ______          _____  
        =====         / ____| |  | |  _ \|  __ \|  ____|   /\   |  __ \ 
          =====      | (___ | |  | | |_) | |__) | |__     /  \  | |  | |
            ====      \___ \| |  | |  _ <|  _  /|  __|   / /\ \ | |  | |
              ====    ____) | |__| | |_) | | \ \| |____ / ____ \| |__| |
        ==========   |_____/ \____/|____/|_|  \_\______/_/    \_\_____/
	  v2.1.1

//========================== featureCounts setting ===========================\\
||                                                                            ||
||             Input files : 1 BAM file                                       ||
||                                                                            ||
||                           ERR2987440_Aligned.sortedByCoord.out.bam         ||
||                                                                            ||
||             Output file : ERR2987440.count                                 ||
||                 Summary : ERR2987440.count.summary                         ||
||              Paired-end : no                                               ||
||        Count read pairs : no                                               ||
||              Annotation : Vitis_vinifera.PN40024.v4.56.gff3 (GTF)          ||
||      Dir for temp files : /scratch/USERNAME/Vitis/Chitarrini2020/STARm ... ||
||                                                                            ||
||                 Threads : 24                                               ||
||                   Level : meta-feature level                               ||
||      Multimapping reads : not counted                                      ||
|| Multi-overlapping reads : not counted                                      ||
||   Min overlapping bases : 1                                                ||
||                                                                            ||
\\============================================================================//

//================================= Running ==================================\\
||                                                                            ||
|| Load annotation file Vitis_vinifera.PN40024.v4.56.gff3 ...                 ||
||    Features : 35134                                                        ||
||    Meta-features : 35134                                                   ||
||    Chromosomes/contigs : 20                                                ||
||                                                                            ||
|| Process BAM file ERR2987440_Aligned.sortedByCoord.out.bam...               ||
||    Single-end reads are included.                                          ||
||    Total alignments : 630426                                               ||
||    Successfully assigned alignments : 275832 (43.8%)                       ||
||    Running time : 0.00 minutes                                             ||
||                                                                            ||
|| Write the final count table.                                               ||
|| Write the read assignment summary.                                         ||
||                                                                            ||
|| Summary of counting results can be found in file "/scratch/USERNAME/Vitis  ||
|| /Chitarrini2020/STARmap1_F/fC/ERR2987440.count.summary"                    ||
||                                                                            ||
\\============================================================================//


        ==========     _____ _    _ ____  _____  ______          _____  
        =====         / ____| |  | |  _ \|  __ \|  ____|   /\   |  __ \ 
          =====      | (___ | |  | | |_) | |__) | |__     /  \  | |  | |
            ====      \___ \| |  | |  _ <|  _  /|  __|   / /\ \ | |  | |
              ====    ____) | |__| | |_) | | \ \| |____ / ____ \| |__| |
        ==========   |_____/ \____/|____/|_|  \_\______/_/    \_\_____/
	  v2.1.1

//========================== featureCounts setting ===========================\\
||                                                                            ||
||             Input files : 1 BAM file                                       ||
||                                                                            ||
||                           ERR2987451_Aligned.sortedByCoord.out.bam         ||
||                                                                            ||
||             Output file : ERR2987451.count                                 ||
||                 Summary : ERR2987451.count.summary                         ||
||              Paired-end : yes                                              ||
||        Count read pairs : no                                               ||
||              Annotation : Vitis_vinifera.PN40024.v4.56.gff3 (GTF)          ||
||      Dir for temp files : /scratch/USERNAME/Vitis/Chitarrini2020/STARm ... ||
||                                                                            ||
||                 Threads : 24                                               ||
||                   Level : meta-feature level                               ||
||      Multimapping reads : not counted                                      ||
|| Multi-overlapping reads : not counted                                      ||
||   Min overlapping bases : 1                                                ||
||                                                                            ||
\\============================================================================//

//================================= Running ==================================\\
||                                                                            ||
|| Load annotation file Vitis_vinifera.PN40024.v4.56.gff3 ...                 ||
||    Features : 35134                                                        ||
||    Meta-features : 35134                                                   ||
||    Chromosomes/contigs : 20                                                ||
||                                                                            ||
|| Process BAM file ERR2987451_Aligned.sortedByCoord.out.bam...               ||
||    Paired-end reads are included.                                          ||
||    The reads are assigned on the single-end mode.                          ||
||    Total alignments : 63082285                                             ||
||    Successfully assigned alignments : 48112942 (76.3%)                     ||
||    Running time : 0.04 minutes                                             ||
||                                                                            ||
|| Write the final count table.                                               ||
|| Write the read assignment summary.                                         ||
||                                                                            ||
|| Summary of counting results can be found in file "/scratch/USERNAME/Vitis  ||
|| /Chitarrini2020/STARmap1/fC/ERR2987451.count.summary"                      ||
||                                                                            ||
\\============================================================================//


        ==========     _____ _    _ ____  _____  ______          _____  
        =====         / ____| |  | |  _ \|  __ \|  ____|   /\   |  __ \ 
          =====      | (___ | |  | | |_) | |__) | |__     /  \  | |  | |
            ====      \___ \| |  | |  _ <|  _  /|  __|   / /\ \ | |  | |
              ====    ____) | |__| | |_) | | \ \| |____ / ____ \| |__| |
        ==========   |_____/ \____/|____/|_|  \_\______/_/    \_\_____/
	  v2.1.1

//========================== featureCounts setting ===========================\\
||                                                                            ||
||             Input files : 1 BAM file                                       ||
||                                                                            ||
||                           ERR2987451_Aligned.sortedByCoord.out.bam         ||
||                                                                            ||
||             Output file : ERR2987451.count                                 ||
||                 Summary : ERR2987451.count.summary                         ||
||              Paired-end : no                                               ||
||        Count read pairs : no                                               ||
||              Annotation : Vitis_vinifera.PN40024.v4.56.gff3 (GTF)          ||
||      Dir for temp files : /scratch/USERNAME/Vitis/Chitarrini2020/STARm ... ||
||                                                                            ||
||                 Threads : 24                                               ||
||                   Level : meta-feature level                               ||
||      Multimapping reads : not counted                                      ||
|| Multi-overlapping reads : not counted                                      ||
||   Min overlapping bases : 1                                                ||
||                                                                            ||
\\============================================================================//

//================================= Running ==================================\\
||                                                                            ||
|| Load annotation file Vitis_vinifera.PN40024.v4.56.gff3 ...                 ||
||    Features : 35134                                                        ||
||    Meta-features : 35134                                                   ||
||    Chromosomes/contigs : 20                                                ||
||                                                                            ||
|| Process BAM file ERR2987451_Aligned.sortedByCoord.out.bam...               ||
||    Single-end reads are included.                                          ||
||    Total alignments : 1182792                                              ||
||    Successfully assigned alignments : 561432 (47.5%)                       ||
||    Running time : 0.00 minutes                                             ||
||                                                                            ||
|| Write the final count table.                                               ||
|| Write the read assignment summary.                                         ||
||                                                                            ||
|| Summary of counting results can be found in file "/scratch/USERNAME/Vitis  ||
|| /Chitarrini2020/STARmap1_F/fC/ERR2987451.count.summary"                    ||
||                                                                            ||
\\============================================================================//


        ==========     _____ _    _ ____  _____  ______          _____  
        =====         / ____| |  | |  _ \|  __ \|  ____|   /\   |  __ \ 
          =====      | (___ | |  | | |_) | |__) | |__     /  \  | |  | |
            ====      \___ \| |  | |  _ <|  _  /|  __|   / /\ \ | |  | |
              ====    ____) | |__| | |_) | | \ \| |____ / ____ \| |__| |
        ==========   |_____/ \____/|____/|_|  \_\______/_/    \_\_____/
	  v2.1.1

//========================== featureCounts setting ===========================\\
||                                                                            ||
||             Input files : 1 BAM file                                       ||
||                                                                            ||
||                           ERR2987462_Aligned.sortedByCoord.out.bam         ||
||                                                                            ||
||             Output file : ERR2987462.count                                 ||
||                 Summary : ERR2987462.count.summary                         ||
||              Paired-end : yes                                              ||
||        Count read pairs : no                                               ||
||              Annotation : Vitis_vinifera.PN40024.v4.56.gff3 (GTF)          ||
||      Dir for temp files : /scratch/USERNAME/Vitis/Chitarrini2020/STARm ... ||
||                                                                            ||
||                 Threads : 24                                               ||
||                   Level : meta-feature level                               ||
||      Multimapping reads : not counted                                      ||
|| Multi-overlapping reads : not counted                                      ||
||   Min overlapping bases : 1                                                ||
||                                                                            ||
\\============================================================================//

//================================= Running ==================================\\
||                                                                            ||
|| Load annotation file Vitis_vinifera.PN40024.v4.56.gff3 ...                 ||
||    Features : 35134                                                        ||
||    Meta-features : 35134                                                   ||
||    Chromosomes/contigs : 20                                                ||
||                                                                            ||
|| Process BAM file ERR2987462_Aligned.sortedByCoord.out.bam...               ||
||    Paired-end reads are included.                                          ||
||    The reads are assigned on the single-end mode.                          ||
||    Total alignments : 38933478                                             ||
||    Successfully assigned alignments : 30609054 (78.6%)                     ||
||    Running time : 0.02 minutes                                             ||
||                                                                            ||
|| Write the final count table.                                               ||
|| Write the read assignment summary.                                         ||
||                                                                            ||
|| Summary of counting results can be found in file "/scratch/USERNAME/Vitis  ||
|| /Chitarrini2020/STARmap1/fC/ERR2987462.count.summary"                      ||
||                                                                            ||
\\============================================================================//


        ==========     _____ _    _ ____  _____  ______          _____  
        =====         / ____| |  | |  _ \|  __ \|  ____|   /\   |  __ \ 
          =====      | (___ | |  | | |_) | |__) | |__     /  \  | |  | |
            ====      \___ \| |  | |  _ <|  _  /|  __|   / /\ \ | |  | |
              ====    ____) | |__| | |_) | | \ \| |____ / ____ \| |__| |
        ==========   |_____/ \____/|____/|_|  \_\______/_/    \_\_____/
	  v2.1.1

//========================== featureCounts setting ===========================\\
||                                                                            ||
||             Input files : 1 BAM file                                       ||
||                                                                            ||
||                           ERR2987462_Aligned.sortedByCoord.out.bam         ||
||                                                                            ||
||             Output file : ERR2987462.count                                 ||
||                 Summary : ERR2987462.count.summary                         ||
||              Paired-end : no                                               ||
||        Count read pairs : no                                               ||
||              Annotation : Vitis_vinifera.PN40024.v4.56.gff3 (GTF)          ||
||      Dir for temp files : /scratch/USERNAME/Vitis/Chitarrini2020/STARm ... ||
||                                                                            ||
||                 Threads : 24                                               ||
||                   Level : meta-feature level                               ||
||      Multimapping reads : not counted                                      ||
|| Multi-overlapping reads : not counted                                      ||
||   Min overlapping bases : 1                                                ||
||                                                                            ||
\\============================================================================//

//================================= Running ==================================\\
||                                                                            ||
|| Load annotation file Vitis_vinifera.PN40024.v4.56.gff3 ...                 ||
||    Features : 35134                                                        ||
||    Meta-features : 35134                                                   ||
||    Chromosomes/contigs : 20                                                ||
||                                                                            ||
|| Process BAM file ERR2987462_Aligned.sortedByCoord.out.bam...               ||
||    Single-end reads are included.                                          ||
||    Total alignments : 695963                                               ||
||    Successfully assigned alignments : 427693 (61.5%)                       ||
||    Running time : 0.00 minutes                                             ||
||                                                                            ||
|| Write the final count table.                                               ||
|| Write the read assignment summary.                                         ||
||                                                                            ||
|| Summary of counting results can be found in file "/scratch/USERNAME/Vitis  ||
|| /Chitarrini2020/STARmap1_F/fC/ERR2987462.count.summary"                    ||
||                                                                            ||
\\============================================================================//


        ==========     _____ _    _ ____  _____  ______          _____  
        =====         / ____| |  | |  _ \|  __ \|  ____|   /\   |  __ \ 
          =====      | (___ | |  | | |_) | |__) | |__     /  \  | |  | |
            ====      \___ \| |  | |  _ <|  _  /|  __|   / /\ \ | |  | |
              ====    ____) | |__| | |_) | | \ \| |____ / ____ \| |__| |
        ==========   |_____/ \____/|____/|_|  \_\______/_/    \_\_____/
	  v2.1.1

//========================== featureCounts setting ===========================\\
||                                                                            ||
||             Input files : 1 BAM file                                       ||
||                                                                            ||
||                           ERR2987441_Aligned.sortedByCoord.out.bam         ||
||                                                                            ||
||             Output file : ERR2987441.count                                 ||
||                 Summary : ERR2987441.count.summary                         ||
||              Paired-end : yes                                              ||
||        Count read pairs : no                                               ||
||              Annotation : Vitis_vinifera.PN40024.v4.56.gff3 (GTF)          ||
||      Dir for temp files : /scratch/USERNAME/Vitis/Chitarrini2020/STARm ... ||
||                                                                            ||
||                 Threads : 24                                               ||
||                   Level : meta-feature level                               ||
||      Multimapping reads : not counted                                      ||
|| Multi-overlapping reads : not counted                                      ||
||   Min overlapping bases : 1                                                ||
||                                                                            ||
\\============================================================================//

//================================= Running ==================================\\
||                                                                            ||
|| Load annotation file Vitis_vinifera.PN40024.v4.56.gff3 ...                 ||
||    Features : 35134                                                        ||
||    Meta-features : 35134                                                   ||
||    Chromosomes/contigs : 20                                                ||
||                                                                            ||
|| Process BAM file ERR2987441_Aligned.sortedByCoord.out.bam...               ||
||    Paired-end reads are included.                                          ||
||    The reads are assigned on the single-end mode.                          ||
||    Total alignments : 53542966                                             ||
||    Successfully assigned alignments : 43793113 (81.8%)                     ||
||    Running time : 0.03 minutes                                             ||
||                                                                            ||
|| Write the final count table.                                               ||
|| Write the read assignment summary.                                         ||
||                                                                            ||
|| Summary of counting results can be found in file "/scratch/USERNAME/Vitis  ||
|| /Chitarrini2020/STARmap1/fC/ERR2987441.count.summary"                      ||
||                                                                            ||
\\============================================================================//


        ==========     _____ _    _ ____  _____  ______          _____  
        =====         / ____| |  | |  _ \|  __ \|  ____|   /\   |  __ \ 
          =====      | (___ | |  | | |_) | |__) | |__     /  \  | |  | |
            ====      \___ \| |  | |  _ <|  _  /|  __|   / /\ \ | |  | |
              ====    ____) | |__| | |_) | | \ \| |____ / ____ \| |__| |
        ==========   |_____/ \____/|____/|_|  \_\______/_/    \_\_____/
	  v2.1.1

//========================== featureCounts setting ===========================\\
||                                                                            ||
||             Input files : 1 BAM file                                       ||
||                                                                            ||
||                           ERR2987441_Aligned.sortedByCoord.out.bam         ||
||                                                                            ||
||             Output file : ERR2987441.count                                 ||
||                 Summary : ERR2987441.count.summary                         ||
||              Paired-end : no                                               ||
||        Count read pairs : no                                               ||
||              Annotation : Vitis_vinifera.PN40024.v4.56.gff3 (GTF)          ||
||      Dir for temp files : /scratch/USERNAME/Vitis/Chitarrini2020/STARm ... ||
||                                                                            ||
||                 Threads : 24                                               ||
||                   Level : meta-feature level                               ||
||      Multimapping reads : not counted                                      ||
|| Multi-overlapping reads : not counted                                      ||
||   Min overlapping bases : 1                                                ||
||                                                                            ||
\\============================================================================//

//================================= Running ==================================\\
||                                                                            ||
|| Load annotation file Vitis_vinifera.PN40024.v4.56.gff3 ...                 ||
||    Features : 35134                                                        ||
||    Meta-features : 35134                                                   ||
||    Chromosomes/contigs : 20                                                ||
||                                                                            ||
|| Process BAM file ERR2987441_Aligned.sortedByCoord.out.bam...               ||
||    Single-end reads are included.                                          ||
||    Total alignments : 1106894                                              ||
||    Successfully assigned alignments : 531063 (48.0%)                       ||
||    Running time : 0.00 minutes                                             ||
||                                                                            ||
|| Write the final count table.                                               ||
|| Write the read assignment summary.                                         ||
||                                                                            ||
|| Summary of counting results can be found in file "/scratch/USERNAME/Vitis  ||
|| /Chitarrini2020/STARmap1_F/fC/ERR2987441.count.summary"                    ||
||                                                                            ||
\\============================================================================//


        ==========     _____ _    _ ____  _____  ______          _____  
        =====         / ____| |  | |  _ \|  __ \|  ____|   /\   |  __ \ 
          =====      | (___ | |  | | |_) | |__) | |__     /  \  | |  | |
            ====      \___ \| |  | |  _ <|  _  /|  __|   / /\ \ | |  | |
              ====    ____) | |__| | |_) | | \ \| |____ / ____ \| |__| |
        ==========   |_____/ \____/|____/|_|  \_\______/_/    \_\_____/
	  v2.1.1

//========================== featureCounts setting ===========================\\
||                                                                            ||
||             Input files : 1 BAM file                                       ||
||                                                                            ||
||                           ERR2987452_Aligned.sortedByCoord.out.bam         ||
||                                                                            ||
||             Output file : ERR2987452.count                                 ||
||                 Summary : ERR2987452.count.summary                         ||
||              Paired-end : yes                                              ||
||        Count read pairs : no                                               ||
||              Annotation : Vitis_vinifera.PN40024.v4.56.gff3 (GTF)          ||
||      Dir for temp files : /scratch/USERNAME/Vitis/Chitarrini2020/STARm ... ||
||                                                                            ||
||                 Threads : 24                                               ||
||                   Level : meta-feature level                               ||
||      Multimapping reads : not counted                                      ||
|| Multi-overlapping reads : not counted                                      ||
||   Min overlapping bases : 1                                                ||
||                                                                            ||
\\============================================================================//

//================================= Running ==================================\\
||                                                                            ||
|| Load annotation file Vitis_vinifera.PN40024.v4.56.gff3 ...                 ||
||    Features : 35134                                                        ||
||    Meta-features : 35134                                                   ||
||    Chromosomes/contigs : 20                                                ||
||                                                                            ||
|| Process BAM file ERR2987452_Aligned.sortedByCoord.out.bam...               ||
||    Paired-end reads are included.                                          ||
||    The reads are assigned on the single-end mode.                          ||
||    Total alignments : 46352574                                             ||
||    Successfully assigned alignments : 35773218 (77.2%)                     ||
||    Running time : 0.03 minutes                                             ||
||                                                                            ||
|| Write the final count table.                                               ||
|| Write the read assignment summary.                                         ||
||                                                                            ||
|| Summary of counting results can be found in file "/scratch/USERNAME/Vitis  ||
|| /Chitarrini2020/STARmap1/fC/ERR2987452.count.summary"                      ||
||                                                                            ||
\\============================================================================//


        ==========     _____ _    _ ____  _____  ______          _____  
        =====         / ____| |  | |  _ \|  __ \|  ____|   /\   |  __ \ 
          =====      | (___ | |  | | |_) | |__) | |__     /  \  | |  | |
            ====      \___ \| |  | |  _ <|  _  /|  __|   / /\ \ | |  | |
              ====    ____) | |__| | |_) | | \ \| |____ / ____ \| |__| |
        ==========   |_____/ \____/|____/|_|  \_\______/_/    \_\_____/
	  v2.1.1

//========================== featureCounts setting ===========================\\
||                                                                            ||
||             Input files : 1 BAM file                                       ||
||                                                                            ||
||                           ERR2987452_Aligned.sortedByCoord.out.bam         ||
||                                                                            ||
||             Output file : ERR2987452.count                                 ||
||                 Summary : ERR2987452.count.summary                         ||
||              Paired-end : no                                               ||
||        Count read pairs : no                                               ||
||              Annotation : Vitis_vinifera.PN40024.v4.56.gff3 (GTF)          ||
||      Dir for temp files : /scratch/USERNAME/Vitis/Chitarrini2020/STARm ... ||
||                                                                            ||
||                 Threads : 24                                               ||
||                   Level : meta-feature level                               ||
||      Multimapping reads : not counted                                      ||
|| Multi-overlapping reads : not counted                                      ||
||   Min overlapping bases : 1                                                ||
||                                                                            ||
\\============================================================================//

//================================= Running ==================================\\
||                                                                            ||
|| Load annotation file Vitis_vinifera.PN40024.v4.56.gff3 ...                 ||
||    Features : 35134                                                        ||
||    Meta-features : 35134                                                   ||
||    Chromosomes/contigs : 20                                                ||
||                                                                            ||
|| Process BAM file ERR2987452_Aligned.sortedByCoord.out.bam...               ||
||    Single-end reads are included.                                          ||
||    Total alignments : 989123                                               ||
||    Successfully assigned alignments : 401245 (40.6%)                       ||
||    Running time : 0.00 minutes                                             ||
||                                                                            ||
|| Write the final count table.                                               ||
|| Write the read assignment summary.                                         ||
||                                                                            ||
|| Summary of counting results can be found in file "/scratch/USERNAME/Vitis  ||
|| /Chitarrini2020/STARmap1_F/fC/ERR2987452.count.summary"                    ||
||                                                                            ||
\\============================================================================//


        ==========     _____ _    _ ____  _____  ______          _____  
        =====         / ____| |  | |  _ \|  __ \|  ____|   /\   |  __ \ 
          =====      | (___ | |  | | |_) | |__) | |__     /  \  | |  | |
            ====      \___ \| |  | |  _ <|  _  /|  __|   / /\ \ | |  | |
              ====    ____) | |__| | |_) | | \ \| |____ / ____ \| |__| |
        ==========   |_____/ \____/|____/|_|  \_\______/_/    \_\_____/
	  v2.1.1

//========================== featureCounts setting ===========================\\
||                                                                            ||
||             Input files : 1 BAM file                                       ||
||                                                                            ||
||                           ERR2987463_Aligned.sortedByCoord.out.bam         ||
||                                                                            ||
||             Output file : ERR2987463.count                                 ||
||                 Summary : ERR2987463.count.summary                         ||
||              Paired-end : yes                                              ||
||        Count read pairs : no                                               ||
||              Annotation : Vitis_vinifera.PN40024.v4.56.gff3 (GTF)          ||
||      Dir for temp files : /scratch/USERNAME/Vitis/Chitarrini2020/STARm ... ||
||                                                                            ||
||                 Threads : 24                                               ||
||                   Level : meta-feature level                               ||
||      Multimapping reads : not counted                                      ||
|| Multi-overlapping reads : not counted                                      ||
||   Min overlapping bases : 1                                                ||
||                                                                            ||
\\============================================================================//

//================================= Running ==================================\\
||                                                                            ||
|| Load annotation file Vitis_vinifera.PN40024.v4.56.gff3 ...                 ||
||    Features : 35134                                                        ||
||    Meta-features : 35134                                                   ||
||    Chromosomes/contigs : 20                                                ||
||                                                                            ||
|| Process BAM file ERR2987463_Aligned.sortedByCoord.out.bam...               ||
||    Paired-end reads are included.                                          ||
||    The reads are assigned on the single-end mode.                          ||
||    Total alignments : 51069868                                             ||
||    Successfully assigned alignments : 41643690 (81.5%)                     ||
||    Running time : 0.03 minutes                                             ||
||                                                                            ||
|| Write the final count table.                                               ||
|| Write the read assignment summary.                                         ||
||                                                                            ||
|| Summary of counting results can be found in file "/scratch/USERNAME/Vitis  ||
|| /Chitarrini2020/STARmap1/fC/ERR2987463.count.summary"                      ||
||                                                                            ||
\\============================================================================//


        ==========     _____ _    _ ____  _____  ______          _____  
        =====         / ____| |  | |  _ \|  __ \|  ____|   /\   |  __ \ 
          =====      | (___ | |  | | |_) | |__) | |__     /  \  | |  | |
            ====      \___ \| |  | |  _ <|  _  /|  __|   / /\ \ | |  | |
              ====    ____) | |__| | |_) | | \ \| |____ / ____ \| |__| |
        ==========   |_____/ \____/|____/|_|  \_\______/_/    \_\_____/
	  v2.1.1

//========================== featureCounts setting ===========================\\
||                                                                            ||
||             Input files : 1 BAM file                                       ||
||                                                                            ||
||                           ERR2987463_Aligned.sortedByCoord.out.bam         ||
||                                                                            ||
||             Output file : ERR2987463.count                                 ||
||                 Summary : ERR2987463.count.summary                         ||
||              Paired-end : no                                               ||
||        Count read pairs : no                                               ||
||              Annotation : Vitis_vinifera.PN40024.v4.56.gff3 (GTF)          ||
||      Dir for temp files : /scratch/USERNAME/Vitis/Chitarrini2020/STARm ... ||
||                                                                            ||
||                 Threads : 24                                               ||
||                   Level : meta-feature level                               ||
||      Multimapping reads : not counted                                      ||
|| Multi-overlapping reads : not counted                                      ||
||   Min overlapping bases : 1                                                ||
||                                                                            ||
\\============================================================================//

//================================= Running ==================================\\
||                                                                            ||
|| Load annotation file Vitis_vinifera.PN40024.v4.56.gff3 ...                 ||
||    Features : 35134                                                        ||
||    Meta-features : 35134                                                   ||
||    Chromosomes/contigs : 20                                                ||
||                                                                            ||
|| Process BAM file ERR2987463_Aligned.sortedByCoord.out.bam...               ||
||    Single-end reads are included.                                          ||
||    Total alignments : 964132                                               ||
||    Successfully assigned alignments : 481575 (49.9%)                       ||
||    Running time : 0.00 minutes                                             ||
||                                                                            ||
|| Write the final count table.                                               ||
|| Write the read assignment summary.                                         ||
||                                                                            ||
|| Summary of counting results can be found in file "/scratch/USERNAME/Vitis  ||
|| /Chitarrini2020/STARmap1_F/fC/ERR2987463.count.summary"                    ||
||                                                                            ||
\\============================================================================//


        ==========     _____ _    _ ____  _____  ______          _____  
        =====         / ____| |  | |  _ \|  __ \|  ____|   /\   |  __ \ 
          =====      | (___ | |  | | |_) | |__) | |__     /  \  | |  | |
            ====      \___ \| |  | |  _ <|  _  /|  __|   / /\ \ | |  | |
              ====    ____) | |__| | |_) | | \ \| |____ / ____ \| |__| |
        ==========   |_____/ \____/|____/|_|  \_\______/_/    \_\_____/
	  v2.1.1

//========================== featureCounts setting ===========================\\
||                                                                            ||
||             Input files : 1 BAM file                                       ||
||                                                                            ||
||                           ERR2987442_Aligned.sortedByCoord.out.bam         ||
||                                                                            ||
||             Output file : ERR2987442.count                                 ||
||                 Summary : ERR2987442.count.summary                         ||
||              Paired-end : yes                                              ||
||        Count read pairs : no                                               ||
||              Annotation : Vitis_vinifera.PN40024.v4.56.gff3 (GTF)          ||
||      Dir for temp files : /scratch/USERNAME/Vitis/Chitarrini2020/STARm ... ||
||                                                                            ||
||                 Threads : 24                                               ||
||                   Level : meta-feature level                               ||
||      Multimapping reads : not counted                                      ||
|| Multi-overlapping reads : not counted                                      ||
||   Min overlapping bases : 1                                                ||
||                                                                            ||
\\============================================================================//

//================================= Running ==================================\\
||                                                                            ||
|| Load annotation file Vitis_vinifera.PN40024.v4.56.gff3 ...                 ||
||    Features : 35134                                                        ||
||    Meta-features : 35134                                                   ||
||    Chromosomes/contigs : 20                                                ||
||                                                                            ||
|| Process BAM file ERR2987442_Aligned.sortedByCoord.out.bam...               ||
||    Paired-end reads are included.                                          ||
||    The reads are assigned on the single-end mode.                          ||
||    Total alignments : 68244806                                             ||
||    Successfully assigned alignments : 52303915 (76.6%)                     ||
||    Running time : 0.03 minutes                                             ||
||                                                                            ||
|| Write the final count table.                                               ||
|| Write the read assignment summary.                                         ||
||                                                                            ||
|| Summary of counting results can be found in file "/scratch/USERNAME/Vitis  ||
|| /Chitarrini2020/STARmap1/fC/ERR2987442.count.summary"                      ||
||                                                                            ||
\\============================================================================//


        ==========     _____ _    _ ____  _____  ______          _____  
        =====         / ____| |  | |  _ \|  __ \|  ____|   /\   |  __ \ 
          =====      | (___ | |  | | |_) | |__) | |__     /  \  | |  | |
            ====      \___ \| |  | |  _ <|  _  /|  __|   / /\ \ | |  | |
              ====    ____) | |__| | |_) | | \ \| |____ / ____ \| |__| |
        ==========   |_____/ \____/|____/|_|  \_\______/_/    \_\_____/
	  v2.1.1

//========================== featureCounts setting ===========================\\
||                                                                            ||
||             Input files : 1 BAM file                                       ||
||                                                                            ||
||                           ERR2987442_Aligned.sortedByCoord.out.bam         ||
||                                                                            ||
||             Output file : ERR2987442.count                                 ||
||                 Summary : ERR2987442.count.summary                         ||
||              Paired-end : no                                               ||
||        Count read pairs : no                                               ||
||              Annotation : Vitis_vinifera.PN40024.v4.56.gff3 (GTF)          ||
||      Dir for temp files : /scratch/USERNAME/Vitis/Chitarrini2020/STARm ... ||
||                                                                            ||
||                 Threads : 24                                               ||
||                   Level : meta-feature level                               ||
||      Multimapping reads : not counted                                      ||
|| Multi-overlapping reads : not counted                                      ||
||   Min overlapping bases : 1                                                ||
||                                                                            ||
\\============================================================================//

//================================= Running ==================================\\
||                                                                            ||
|| Load annotation file Vitis_vinifera.PN40024.v4.56.gff3 ...                 ||
||    Features : 35134                                                        ||
||    Meta-features : 35134                                                   ||
||    Chromosomes/contigs : 20                                                ||
||                                                                            ||
|| Process BAM file ERR2987442_Aligned.sortedByCoord.out.bam...               ||
||    Single-end reads are included.                                          ||
||    Total alignments : 1665012                                              ||
||    Successfully assigned alignments : 971528 (58.3%)                       ||
||    Running time : 0.00 minutes                                             ||
||                                                                            ||
|| Write the final count table.                                               ||
|| Write the read assignment summary.                                         ||
||                                                                            ||
|| Summary of counting results can be found in file "/scratch/USERNAME/Vitis  ||
|| /Chitarrini2020/STARmap1_F/fC/ERR2987442.count.summary"                    ||
||                                                                            ||
\\============================================================================//


        ==========     _____ _    _ ____  _____  ______          _____  
        =====         / ____| |  | |  _ \|  __ \|  ____|   /\   |  __ \ 
          =====      | (___ | |  | | |_) | |__) | |__     /  \  | |  | |
            ====      \___ \| |  | |  _ <|  _  /|  __|   / /\ \ | |  | |
              ====    ____) | |__| | |_) | | \ \| |____ / ____ \| |__| |
        ==========   |_____/ \____/|____/|_|  \_\______/_/    \_\_____/
	  v2.1.1

//========================== featureCounts setting ===========================\\
||                                                                            ||
||             Input files : 1 BAM file                                       ||
||                                                                            ||
||                           ERR2987453_Aligned.sortedByCoord.out.bam         ||
||                                                                            ||
||             Output file : ERR2987453.count                                 ||
||                 Summary : ERR2987453.count.summary                         ||
||              Paired-end : yes                                              ||
||        Count read pairs : no                                               ||
||              Annotation : Vitis_vinifera.PN40024.v4.56.gff3 (GTF)          ||
||      Dir for temp files : /scratch/USERNAME/Vitis/Chitarrini2020/STARm ... ||
||                                                                            ||
||                 Threads : 24                                               ||
||                   Level : meta-feature level                               ||
||      Multimapping reads : not counted                                      ||
|| Multi-overlapping reads : not counted                                      ||
||   Min overlapping bases : 1                                                ||
||                                                                            ||
\\============================================================================//

//================================= Running ==================================\\
||                                                                            ||
|| Load annotation file Vitis_vinifera.PN40024.v4.56.gff3 ...                 ||
||    Features : 35134                                                        ||
||    Meta-features : 35134                                                   ||
||    Chromosomes/contigs : 20                                                ||
||                                                                            ||
|| Process BAM file ERR2987453_Aligned.sortedByCoord.out.bam...               ||
||    Paired-end reads are included.                                          ||
||    The reads are assigned on the single-end mode.                          ||
||    Total alignments : 40994780                                             ||
||    Successfully assigned alignments : 32996213 (80.5%)                     ||
||    Running time : 0.02 minutes                                             ||
||                                                                            ||
|| Write the final count table.                                               ||
|| Write the read assignment summary.                                         ||
||                                                                            ||
|| Summary of counting results can be found in file "/scratch/USERNAME/Vitis  ||
|| /Chitarrini2020/STARmap1/fC/ERR2987453.count.summary"                      ||
||                                                                            ||
\\============================================================================//


        ==========     _____ _    _ ____  _____  ______          _____  
        =====         / ____| |  | |  _ \|  __ \|  ____|   /\   |  __ \ 
          =====      | (___ | |  | | |_) | |__) | |__     /  \  | |  | |
            ====      \___ \| |  | |  _ <|  _  /|  __|   / /\ \ | |  | |
              ====    ____) | |__| | |_) | | \ \| |____ / ____ \| |__| |
        ==========   |_____/ \____/|____/|_|  \_\______/_/    \_\_____/
	  v2.1.1

//========================== featureCounts setting ===========================\\
||                                                                            ||
||             Input files : 1 BAM file                                       ||
||                                                                            ||
||                           ERR2987453_Aligned.sortedByCoord.out.bam         ||
||                                                                            ||
||             Output file : ERR2987453.count                                 ||
||                 Summary : ERR2987453.count.summary                         ||
||              Paired-end : no                                               ||
||        Count read pairs : no                                               ||
||              Annotation : Vitis_vinifera.PN40024.v4.56.gff3 (GTF)          ||
||      Dir for temp files : /scratch/USERNAME/Vitis/Chitarrini2020/STARm ... ||
||                                                                            ||
||                 Threads : 24                                               ||
||                   Level : meta-feature level                               ||
||      Multimapping reads : not counted                                      ||
|| Multi-overlapping reads : not counted                                      ||
||   Min overlapping bases : 1                                                ||
||                                                                            ||
\\============================================================================//

//================================= Running ==================================\\
||                                                                            ||
|| Load annotation file Vitis_vinifera.PN40024.v4.56.gff3 ...                 ||
||    Features : 35134                                                        ||
||    Meta-features : 35134                                                   ||
||    Chromosomes/contigs : 20                                                ||
||                                                                            ||
|| Process BAM file ERR2987453_Aligned.sortedByCoord.out.bam...               ||
||    Single-end reads are included.                                          ||
||    Total alignments : 781853                                               ||
||    Successfully assigned alignments : 363980 (46.6%)                       ||
||    Running time : 0.00 minutes                                             ||
||                                                                            ||
|| Write the final count table.                                               ||
|| Write the read assignment summary.                                         ||
||                                                                            ||
|| Summary of counting results can be found in file "/scratch/USERNAME/Vitis  ||
|| /Chitarrini2020/STARmap1_F/fC/ERR2987453.count.summary"                    ||
||                                                                            ||
\\============================================================================//


        ==========     _____ _    _ ____  _____  ______          _____  
        =====         / ____| |  | |  _ \|  __ \|  ____|   /\   |  __ \ 
          =====      | (___ | |  | | |_) | |__) | |__     /  \  | |  | |
            ====      \___ \| |  | |  _ <|  _  /|  __|   / /\ \ | |  | |
              ====    ____) | |__| | |_) | | \ \| |____ / ____ \| |__| |
        ==========   |_____/ \____/|____/|_|  \_\______/_/    \_\_____/
	  v2.1.1

//========================== featureCounts setting ===========================\\
||                                                                            ||
||             Input files : 1 BAM file                                       ||
||                                                                            ||
||                           ERR2987464_Aligned.sortedByCoord.out.bam         ||
||                                                                            ||
||             Output file : ERR2987464.count                                 ||
||                 Summary : ERR2987464.count.summary                         ||
||              Paired-end : yes                                              ||
||        Count read pairs : no                                               ||
||              Annotation : Vitis_vinifera.PN40024.v4.56.gff3 (GTF)          ||
||      Dir for temp files : /scratch/USERNAME/Vitis/Chitarrini2020/STARm ... ||
||                                                                            ||
||                 Threads : 24                                               ||
||                   Level : meta-feature level                               ||
||      Multimapping reads : not counted                                      ||
|| Multi-overlapping reads : not counted                                      ||
||   Min overlapping bases : 1                                                ||
||                                                                            ||
\\============================================================================//

//================================= Running ==================================\\
||                                                                            ||
|| Load annotation file Vitis_vinifera.PN40024.v4.56.gff3 ...                 ||
||    Features : 35134                                                        ||
||    Meta-features : 35134                                                   ||
||    Chromosomes/contigs : 20                                                ||
||                                                                            ||
|| Process BAM file ERR2987464_Aligned.sortedByCoord.out.bam...               ||
||    Paired-end reads are included.                                          ||
||    The reads are assigned on the single-end mode.                          ||
||    Total alignments : 44285270                                             ||
||    Successfully assigned alignments : 35625278 (80.4%)                     ||
||    Running time : 0.02 minutes                                             ||
||                                                                            ||
|| Write the final count table.                                               ||
|| Write the read assignment summary.                                         ||
||                                                                            ||
|| Summary of counting results can be found in file "/scratch/USERNAME/Vitis  ||
|| /Chitarrini2020/STARmap1/fC/ERR2987464.count.summary"                      ||
||                                                                            ||
\\============================================================================//


        ==========     _____ _    _ ____  _____  ______          _____  
        =====         / ____| |  | |  _ \|  __ \|  ____|   /\   |  __ \ 
          =====      | (___ | |  | | |_) | |__) | |__     /  \  | |  | |
            ====      \___ \| |  | |  _ <|  _  /|  __|   / /\ \ | |  | |
              ====    ____) | |__| | |_) | | \ \| |____ / ____ \| |__| |
        ==========   |_____/ \____/|____/|_|  \_\______/_/    \_\_____/
	  v2.1.1

//========================== featureCounts setting ===========================\\
||                                                                            ||
||             Input files : 1 BAM file                                       ||
||                                                                            ||
||                           ERR2987464_Aligned.sortedByCoord.out.bam         ||
||                                                                            ||
||             Output file : ERR2987464.count                                 ||
||                 Summary : ERR2987464.count.summary                         ||
||              Paired-end : no                                               ||
||        Count read pairs : no                                               ||
||              Annotation : Vitis_vinifera.PN40024.v4.56.gff3 (GTF)          ||
||      Dir for temp files : /scratch/USERNAME/Vitis/Chitarrini2020/STARm ... ||
||                                                                            ||
||                 Threads : 24                                               ||
||                   Level : meta-feature level                               ||
||      Multimapping reads : not counted                                      ||
|| Multi-overlapping reads : not counted                                      ||
||   Min overlapping bases : 1                                                ||
||                                                                            ||
\\============================================================================//

//================================= Running ==================================\\
||                                                                            ||
|| Load annotation file Vitis_vinifera.PN40024.v4.56.gff3 ...                 ||
||    Features : 35134                                                        ||
||    Meta-features : 35134                                                   ||
||    Chromosomes/contigs : 20                                                ||
||                                                                            ||
|| Process BAM file ERR2987464_Aligned.sortedByCoord.out.bam...               ||
||    Single-end reads are included.                                          ||
||    Total alignments : 790218                                               ||
||    Successfully assigned alignments : 483575 (61.2%)                       ||
||    Running time : 0.00 minutes                                             ||
||                                                                            ||
|| Write the final count table.                                               ||
|| Write the read assignment summary.                                         ||
||                                                                            ||
|| Summary of counting results can be found in file "/scratch/USERNAME/Vitis  ||
|| /Chitarrini2020/STARmap1_F/fC/ERR2987464.count.summary"                    ||
||                                                                            ||
\\============================================================================//


        ==========     _____ _    _ ____  _____  ______          _____  
        =====         / ____| |  | |  _ \|  __ \|  ____|   /\   |  __ \ 
          =====      | (___ | |  | | |_) | |__) | |__     /  \  | |  | |
            ====      \___ \| |  | |  _ <|  _  /|  __|   / /\ \ | |  | |
              ====    ____) | |__| | |_) | | \ \| |____ / ____ \| |__| |
        ==========   |_____/ \____/|____/|_|  \_\______/_/    \_\_____/
	  v2.1.1

//========================== featureCounts setting ===========================\\
||                                                                            ||
||             Input files : 1 BAM file                                       ||
||                                                                            ||
||                           ERR2987433_Aligned.sortedByCoord.out.bam         ||
||                                                                            ||
||             Output file : ERR2987433.count                                 ||
||                 Summary : ERR2987433.count.summary                         ||
||              Paired-end : yes                                              ||
||        Count read pairs : no                                               ||
||              Annotation : Vitis_vinifera.PN40024.v4.56.gff3 (GTF)          ||
||      Dir for temp files : /scratch/USERNAME/Vitis/Chitarrini2020/STARm ... ||
||                                                                            ||
||                 Threads : 24                                               ||
||                   Level : meta-feature level                               ||
||      Multimapping reads : not counted                                      ||
|| Multi-overlapping reads : not counted                                      ||
||   Min overlapping bases : 1                                                ||
||                                                                            ||
\\============================================================================//

//================================= Running ==================================\\
||                                                                            ||
|| Load annotation file Vitis_vinifera.PN40024.v4.56.gff3 ...                 ||
||    Features : 35134                                                        ||
||    Meta-features : 35134                                                   ||
||    Chromosomes/contigs : 20                                                ||
||                                                                            ||
|| Process BAM file ERR2987433_Aligned.sortedByCoord.out.bam...               ||
||    Paired-end reads are included.                                          ||
||    The reads are assigned on the single-end mode.                          ||
||    Total alignments : 67965170                                             ||
||    Successfully assigned alignments : 41133212 (60.5%)                     ||
||    Running time : 0.04 minutes                                             ||
||                                                                            ||
|| Write the final count table.                                               ||
|| Write the read assignment summary.                                         ||
||                                                                            ||
|| Summary of counting results can be found in file "/scratch/USERNAME/Vitis  ||
|| /Chitarrini2020/STARmap1/fC/ERR2987433.count.summary"                      ||
||                                                                            ||
\\============================================================================//


        ==========     _____ _    _ ____  _____  ______          _____  
        =====         / ____| |  | |  _ \|  __ \|  ____|   /\   |  __ \ 
          =====      | (___ | |  | | |_) | |__) | |__     /  \  | |  | |
            ====      \___ \| |  | |  _ <|  _  /|  __|   / /\ \ | |  | |
              ====    ____) | |__| | |_) | | \ \| |____ / ____ \| |__| |
        ==========   |_____/ \____/|____/|_|  \_\______/_/    \_\_____/
	  v2.1.1

//========================== featureCounts setting ===========================\\
||                                                                            ||
||             Input files : 1 BAM file                                       ||
||                                                                            ||
||                           ERR2987433_Aligned.sortedByCoord.out.bam         ||
||                                                                            ||
||             Output file : ERR2987433.count                                 ||
||                 Summary : ERR2987433.count.summary                         ||
||              Paired-end : no                                               ||
||        Count read pairs : no                                               ||
||              Annotation : Vitis_vinifera.PN40024.v4.56.gff3 (GTF)          ||
||      Dir for temp files : /scratch/USERNAME/Vitis/Chitarrini2020/STARm ... ||
||                                                                            ||
||                 Threads : 24                                               ||
||                   Level : meta-feature level                               ||
||      Multimapping reads : not counted                                      ||
|| Multi-overlapping reads : not counted                                      ||
||   Min overlapping bases : 1                                                ||
||                                                                            ||
\\============================================================================//

//================================= Running ==================================\\
||                                                                            ||
|| Load annotation file Vitis_vinifera.PN40024.v4.56.gff3 ...                 ||
||    Features : 35134                                                        ||
||    Meta-features : 35134                                                   ||
||    Chromosomes/contigs : 20                                                ||
||                                                                            ||
|| Process BAM file ERR2987433_Aligned.sortedByCoord.out.bam...               ||
||    Single-end reads are included.                                          ||
||    Total alignments : 1271865                                              ||
||    Successfully assigned alignments : 463244 (36.4%)                       ||
||    Running time : 0.00 minutes                                             ||
||                                                                            ||
|| Write the final count table.                                               ||
|| Write the read assignment summary.                                         ||
||                                                                            ||
|| Summary of counting results can be found in file "/scratch/USERNAME/Vitis  ||
|| /Chitarrini2020/STARmap1_F/fC/ERR2987433.count.summary"                    ||
||                                                                            ||
\\============================================================================//


        ==========     _____ _    _ ____  _____  ______          _____  
        =====         / ____| |  | |  _ \|  __ \|  ____|   /\   |  __ \ 
          =====      | (___ | |  | | |_) | |__) | |__     /  \  | |  | |
            ====      \___ \| |  | |  _ <|  _  /|  __|   / /\ \ | |  | |
              ====    ____) | |__| | |_) | | \ \| |____ / ____ \| |__| |
        ==========   |_____/ \____/|____/|_|  \_\______/_/    \_\_____/
	  v2.1.1

//========================== featureCounts setting ===========================\\
||                                                                            ||
||             Input files : 1 BAM file                                       ||
||                                                                            ||
||                           ERR2987444_Aligned.sortedByCoord.out.bam         ||
||                                                                            ||
||             Output file : ERR2987444.count                                 ||
||                 Summary : ERR2987444.count.summary                         ||
||              Paired-end : yes                                              ||
||        Count read pairs : no                                               ||
||              Annotation : Vitis_vinifera.PN40024.v4.56.gff3 (GTF)          ||
||      Dir for temp files : /scratch/USERNAME/Vitis/Chitarrini2020/STARm ... ||
||                                                                            ||
||                 Threads : 24                                               ||
||                   Level : meta-feature level                               ||
||      Multimapping reads : not counted                                      ||
|| Multi-overlapping reads : not counted                                      ||
||   Min overlapping bases : 1                                                ||
||                                                                            ||
\\============================================================================//

//================================= Running ==================================\\
||                                                                            ||
|| Load annotation file Vitis_vinifera.PN40024.v4.56.gff3 ...                 ||
||    Features : 35134                                                        ||
||    Meta-features : 35134                                                   ||
||    Chromosomes/contigs : 20                                                ||
||                                                                            ||
|| Process BAM file ERR2987444_Aligned.sortedByCoord.out.bam...               ||
||    Paired-end reads are included.                                          ||
||    The reads are assigned on the single-end mode.                          ||
||    Total alignments : 47804146                                             ||
||    Successfully assigned alignments : 38418247 (80.4%)                     ||
||    Running time : 0.03 minutes                                             ||
||                                                                            ||
|| Write the final count table.                                               ||
|| Write the read assignment summary.                                         ||
||                                                                            ||
|| Summary of counting results can be found in file "/scratch/USERNAME/Vitis  ||
|| /Chitarrini2020/STARmap1/fC/ERR2987444.count.summary"                      ||
||                                                                            ||
\\============================================================================//


        ==========     _____ _    _ ____  _____  ______          _____  
        =====         / ____| |  | |  _ \|  __ \|  ____|   /\   |  __ \ 
          =====      | (___ | |  | | |_) | |__) | |__     /  \  | |  | |
            ====      \___ \| |  | |  _ <|  _  /|  __|   / /\ \ | |  | |
              ====    ____) | |__| | |_) | | \ \| |____ / ____ \| |__| |
        ==========   |_____/ \____/|____/|_|  \_\______/_/    \_\_____/
	  v2.1.1

//========================== featureCounts setting ===========================\\
||                                                                            ||
||             Input files : 1 BAM file                                       ||
||                                                                            ||
||                           ERR2987444_Aligned.sortedByCoord.out.bam         ||
||                                                                            ||
||             Output file : ERR2987444.count                                 ||
||                 Summary : ERR2987444.count.summary                         ||
||              Paired-end : no                                               ||
||        Count read pairs : no                                               ||
||              Annotation : Vitis_vinifera.PN40024.v4.56.gff3 (GTF)          ||
||      Dir for temp files : /scratch/USERNAME/Vitis/Chitarrini2020/STARm ... ||
||                                                                            ||
||                 Threads : 24                                               ||
||                   Level : meta-feature level                               ||
||      Multimapping reads : not counted                                      ||
|| Multi-overlapping reads : not counted                                      ||
||   Min overlapping bases : 1                                                ||
||                                                                            ||
\\============================================================================//

//================================= Running ==================================\\
||                                                                            ||
|| Load annotation file Vitis_vinifera.PN40024.v4.56.gff3 ...                 ||
||    Features : 35134                                                        ||
||    Meta-features : 35134                                                   ||
||    Chromosomes/contigs : 20                                                ||
||                                                                            ||
|| Process BAM file ERR2987444_Aligned.sortedByCoord.out.bam...               ||
||    Single-end reads are included.                                          ||
||    Total alignments : 852213                                               ||
||    Successfully assigned alignments : 426779 (50.1%)                       ||
||    Running time : 0.00 minutes                                             ||
||                                                                            ||
|| Write the final count table.                                               ||
|| Write the read assignment summary.                                         ||
||                                                                            ||
|| Summary of counting results can be found in file "/scratch/USERNAME/Vitis  ||
|| /Chitarrini2020/STARmap1_F/fC/ERR2987444.count.summary"                    ||
||                                                                            ||
\\============================================================================//

SKIP paired featureCounts for ERR2987455: no BAM (mapping not completed for this run).
SKIP F-only featureCounts for ERR2987455: no BAM (mapping not completed for this run).
SKIP R-only featureCounts for ERR2987455: no BAM (R-only branch not run for this job - see script header).
SKIP paired featureCounts for ERR2987434: no BAM (mapping not completed for this run).
SKIP F-only featureCounts for ERR2987434: no BAM (mapping not completed for this run).
SKIP R-only featureCounts for ERR2987434: no BAM (R-only branch not run for this job - see script header).
SKIP paired featureCounts for ERR2987445: no BAM (mapping not completed for this run).
SKIP F-only featureCounts for ERR2987445: no BAM (mapping not completed for this run).
SKIP R-only featureCounts for ERR2987445: no BAM (R-only branch not run for this job - see script header).
SKIP paired featureCounts for ERR2987456: no BAM (mapping not completed for this run).
SKIP F-only featureCounts for ERR2987456: no BAM (mapping not completed for this run).
SKIP R-only featureCounts for ERR2987456: no BAM (R-only branch not run for this job - see script header).
Of 33 total runs in the run list: paired counts=29, F-only counts=29, R-only counts=29.
Done. Paired counts: /scratch/USERNAME/Vitis/Chitarrini2020/STARmap1/fC/. F-only counts: /scratch/USERNAME/Vitis/Chitarrini2020/STARmap1_F/fC/. R-only counts: /scratch/USERNAME/Vitis/Chitarrini2020/STARmap1_R/fC/.
