"gene","genotype","timing","established_methods_tested","established_methods_DE","established_families_DE","DESeq2_threshold_DE","edgeR_methods_tested","edgeR_methods_DE","voom_methods_tested","voom_methods_DE","transformed_threshold_methods_tested","transformed_threshold_methods_DE","transformed_zero_null_methods_tested","transformed_zero_null_methods_DE","all_DE_directions_agree","consensus_direction","DESeq2_stringent_leading_signal","multi_method_stringent_consensus"
"Vitvi00g01805","Rpv12",0,5,5,3,1,2,2,2,2,2,1,4,3,TRUE,"Up",TRUE,TRUE
"Vitvi00g04006","Rpv12",0,5,5,3,1,2,2,2,2,2,0,4,2,TRUE,"Up",TRUE,TRUE
"Vitvi00g04249","Rpv12",0,5,4,3,1,2,2,2,1,2,0,4,0,TRUE,"Up",TRUE,TRUE
"Vitvi00g04274","Rpv12",0,5,5,3,1,2,2,2,2,2,0,4,3,TRUE,"Down",TRUE,TRUE
"Vitvi00g04361","Rpv12",0,5,5,3,1,2,2,2,2,2,1,4,3,TRUE,"Up",TRUE,TRUE
"Vitvi00g04449","Rpv12",0,5,5,3,1,2,2,2,2,2,2,4,2,TRUE,"Up",TRUE,TRUE
"Vitvi00g04564","Rpv12",0,5,5,3,1,2,2,2,2,2,0,4,2,TRUE,"Up",TRUE,TRUE
"Vitvi00g04610","Rpv12",0,5,5,3,1,2,2,2,2,2,0,4,3,TRUE,"Up",TRUE,TRUE
"Vitvi00g04625","Rpv12",0,5,5,3,1,2,2,2,2,2,0,4,0,TRUE,"Down",TRUE,TRUE
"Vitvi00g04636","Rpv12",0,5,4,3,1,2,2,2,1,2,0,4,1,TRUE,"Down",TRUE,TRUE
"Vitvi00g04704","Rpv12",0,5,5,3,1,2,2,2,2,2,2,4,3,TRUE,"Up",TRUE,TRUE
"Vitvi00g04737","Rpv12",0,5,5,3,1,2,2,2,2,2,1,4,2,TRUE,"Down",TRUE,TRUE
"Vitvi00g04748","Rpv12",0,5,5,3,1,2,2,2,2,2,0,4,2,TRUE,"Up",TRUE,TRUE
"Vitvi00g04752","Rpv12",0,5,5,3,1,2,2,2,2,2,1,4,3,TRUE,"Up",TRUE,TRUE
"Vitvi00g04849","Rpv12",0,5,5,3,1,2,2,2,2,2,0,4,2,TRUE,"Up",TRUE,TRUE
"Vitvi00g04867","Rpv12",0,5,4,3,1,2,2,2,1,2,0,4,1,TRUE,"Down",TRUE,TRUE
"Vitvi01g00083","Rpv12",0,5,5,3,1,2,2,2,2,2,1,4,2,TRUE,"Down",TRUE,TRUE
"Vitvi01g00088","Rpv12",0,5,4,3,1,2,2,2,1,2,0,4,2,TRUE,"Down",TRUE,TRUE
"Vitvi01g00160","Rpv12",0,5,5,3,1,2,2,2,2,2,0,4,2,TRUE,"Up",TRUE,TRUE
"Vitvi01g00267","Rpv12",0,5,4,3,1,2,2,2,1,2,0,4,1,TRUE,"Up",TRUE,TRUE
"Vitvi01g00477","Rpv12",0,5,5,3,1,2,2,2,2,2,1,4,2,TRUE,"Up",TRUE,TRUE
"Vitvi01g00621","Rpv12",0,5,4,3,1,2,2,2,1,2,0,4,2,TRUE,"Down",TRUE,TRUE
"Vitvi01g00687","Rpv12",0,5,5,3,1,2,2,2,2,2,1,4,2,TRUE,"Up",TRUE,TRUE
"Vitvi01g00693","Rpv12",0,5,4,3,1,2,2,2,1,2,0,4,2,TRUE,"Up",TRUE,TRUE
"Vitvi01g00781","Rpv12",0,5,4,3,1,2,2,2,1,2,0,4,0,TRUE,"Up",TRUE,TRUE
"Vitvi01g00812","Rpv12",0,5,5,3,1,2,2,2,2,2,1,4,2,TRUE,"Down",TRUE,TRUE
"Vitvi01g01019","Rpv12",0,5,4,3,1,2,2,2,1,2,0,4,2,TRUE,"Down",TRUE,TRUE
"Vitvi01g01133","Rpv12",0,5,4,3,1,2,2,2,1,2,0,4,0,TRUE,"Up",TRUE,TRUE
"Vitvi01g01592","Rpv12",0,5,4,3,1,2,2,2,1,2,0,4,2,TRUE,"Up",TRUE,TRUE
"Vitvi01g01641","Rpv12",0,5,4,3,1,2,2,2,1,2,0,4,2,TRUE,"Up",TRUE,TRUE
"Vitvi01g01711","Rpv12",0,5,4,3,1,2,2,2,1,2,1,4,2,TRUE,"Down",TRUE,TRUE
"Vitvi01g01751","Rpv12",0,5,5,3,1,2,2,2,2,2,2,4,2,TRUE,"Down",TRUE,TRUE
"Vitvi01g01853","Rpv12",0,5,5,3,1,2,2,2,2,2,0,4,2,TRUE,"Up",TRUE,TRUE
"Vitvi01g01919","Rpv12",0,5,5,3,1,2,2,2,2,2,0,4,2,TRUE,"Up",TRUE,TRUE
"Vitvi01g01952","Rpv12",0,5,5,3,1,2,2,2,2,2,1,4,2,TRUE,"Up",TRUE,TRUE
"Vitvi01g02003","Rpv12",0,5,5,3,1,2,2,2,2,2,1,4,3,TRUE,"Up",TRUE,TRUE
"Vitvi01g02020","Rpv12",0,5,5,3,1,2,2,2,2,2,1,4,2,TRUE,"Up",TRUE,TRUE
"Vitvi01g02026","Rpv12",0,5,5,3,1,2,2,2,2,2,0,4,2,TRUE,"Down",TRUE,TRUE
"Vitvi01g02201","Rpv12",0,5,5,3,1,2,2,2,2,2,0,4,2,TRUE,"Up",TRUE,TRUE
"Vitvi01g02242","Rpv12",0,5,5,3,1,2,2,2,2,2,1,4,3,TRUE,"Down",TRUE,TRUE
"Vitvi01g02252","Rpv12",0,5,5,3,1,2,2,2,2,2,0,4,2,TRUE,"Up",TRUE,TRUE
"Vitvi01g02254","Rpv12",0,5,5,3,1,2,2,2,2,2,1,4,2,TRUE,"Up",TRUE,TRUE
"Vitvi01g02286","Rpv12",0,5,4,3,1,2,2,2,1,2,0,4,2,TRUE,"Down",TRUE,TRUE
"Vitvi01g04047","Rpv12",0,5,5,3,1,2,2,2,2,2,0,4,0,TRUE,"Down",TRUE,TRUE
"Vitvi01g04056","Rpv12",0,5,5,3,1,2,2,2,2,2,0,4,3,TRUE,"Up",TRUE,TRUE
"Vitvi01g04080","Rpv12",0,5,5,3,1,2,2,2,2,2,2,4,2,TRUE,"Up",TRUE,TRUE
"Vitvi01g04096","Rpv12",0,5,5,3,1,2,2,2,2,2,0,4,3,TRUE,"Up",TRUE,TRUE
"Vitvi01g04191","Rpv12",0,5,5,3,1,2,2,2,2,2,2,4,3,TRUE,"Up",TRUE,TRUE
"Vitvi01g04206","Rpv12",0,5,5,3,1,2,2,2,2,2,0,4,0,TRUE,"Up",TRUE,TRUE
"Vitvi01g04207","Rpv12",0,5,5,3,1,2,2,2,2,2,1,4,3,TRUE,"Up",TRUE,TRUE
"Vitvi01g04325","Rpv12",0,5,5,3,1,2,2,2,2,2,0,4,2,TRUE,"Up",TRUE,TRUE
"Vitvi01g04364","Rpv12",0,5,4,3,1,2,2,2,1,2,0,4,2,TRUE,"Up",TRUE,TRUE
"Vitvi01g04414","Rpv12",0,5,5,3,1,2,2,2,2,2,1,4,3,TRUE,"Up",TRUE,TRUE
"Vitvi01g04419","Rpv12",0,5,5,3,1,2,2,2,2,2,0,4,3,TRUE,"Up",TRUE,TRUE
"Vitvi02g00055","Rpv12",0,5,4,3,1,2,2,2,1,2,0,4,0,TRUE,"Up",TRUE,TRUE
"Vitvi02g00056","Rpv12",0,5,5,3,1,2,2,2,2,2,1,4,2,TRUE,"Up",TRUE,TRUE
"Vitvi02g00121","Rpv12",0,5,4,3,1,2,2,2,1,2,0,4,2,TRUE,"Up",TRUE,TRUE
"Vitvi02g01004","Rpv12",0,5,5,3,1,2,2,2,2,2,0,4,1,TRUE,"Up",TRUE,TRUE
"Vitvi02g01182","Rpv12",0,5,5,3,1,2,2,2,2,2,1,4,2,TRUE,"Up",TRUE,TRUE
"Vitvi02g01215","Rpv12",0,5,5,3,1,2,2,2,2,2,1,4,2,TRUE,"Up",TRUE,TRUE
"Vitvi02g01349","Rpv12",0,5,5,3,1,2,2,2,2,2,1,4,2,TRUE,"Down",TRUE,TRUE
"Vitvi02g01404","Rpv12",0,5,5,3,1,2,2,2,2,2,2,4,2,TRUE,"Up",TRUE,TRUE
"Vitvi02g01405","Rpv12",0,5,4,3,1,2,2,2,1,2,1,4,2,TRUE,"Up",TRUE,TRUE
"Vitvi02g01577","Rpv12",0,5,5,3,1,2,2,2,2,2,0,4,0,TRUE,"Up",TRUE,TRUE
"Vitvi02g04123","Rpv12",0,5,4,3,1,2,2,2,1,2,0,4,2,TRUE,"Up",TRUE,TRUE
"Vitvi02g04226","Rpv12",0,5,4,3,1,2,2,2,1,2,0,4,2,TRUE,"Down",TRUE,TRUE
"Vitvi03g00207","Rpv12",0,5,5,3,1,2,2,2,2,2,0,4,3,TRUE,"Up",TRUE,TRUE
"Vitvi03g00263","Rpv12",0,5,4,3,1,2,2,2,1,2,0,4,2,TRUE,"Up",TRUE,TRUE
"Vitvi03g00500","Rpv12",0,5,5,3,1,2,2,2,2,2,0,4,2,TRUE,"Down",TRUE,TRUE
"Vitvi03g00537","Rpv12",0,5,4,3,1,2,2,2,1,2,0,4,2,TRUE,"Up",TRUE,TRUE
"Vitvi03g00548","Rpv12",0,5,5,3,1,2,2,2,2,2,0,4,2,TRUE,"Up",TRUE,TRUE
"Vitvi03g00557","Rpv12",0,5,5,3,1,2,2,2,2,2,0,4,2,TRUE,"Down",TRUE,TRUE
"Vitvi03g00610","Rpv12",0,5,5,3,1,2,2,2,2,2,1,4,3,TRUE,"Up",TRUE,TRUE
"Vitvi03g00661","Rpv12",0,5,5,3,1,2,2,2,2,2,1,4,2,TRUE,"Up",TRUE,TRUE
"Vitvi03g00745","Rpv12",0,5,5,3,1,2,2,2,2,2,0,4,2,TRUE,"Down",TRUE,TRUE
"Vitvi03g00755","Rpv12",0,5,5,3,1,2,2,2,2,2,1,4,2,TRUE,"Up",TRUE,TRUE
"Vitvi03g00780","Rpv12",0,5,4,3,1,2,2,2,1,2,0,4,2,TRUE,"Up",TRUE,TRUE
"Vitvi03g00936","Rpv12",0,5,5,3,1,2,2,2,2,2,2,4,3,TRUE,"Up",TRUE,TRUE
"Vitvi03g01059","Rpv12",0,5,4,3,1,2,2,2,1,2,0,4,2,TRUE,"Up",TRUE,TRUE
"Vitvi03g01255","Rpv12",0,5,4,3,1,2,2,2,1,2,0,4,1,TRUE,"Up",TRUE,TRUE
"Vitvi03g01347","Rpv12",0,5,5,3,1,2,2,2,2,2,0,4,2,TRUE,"Up",TRUE,TRUE
"Vitvi03g01350","Rpv12",0,5,5,3,1,2,2,2,2,2,0,4,3,TRUE,"Up",TRUE,TRUE
"Vitvi03g01353","Rpv12",0,5,4,3,1,2,2,2,1,2,0,4,3,TRUE,"Up",TRUE,TRUE
"Vitvi03g01356","Rpv12",0,5,5,3,1,2,2,2,2,2,0,4,3,TRUE,"Up",TRUE,TRUE
"Vitvi03g01373","Rpv12",0,5,4,3,1,2,2,2,1,2,1,4,3,TRUE,"Down",TRUE,TRUE
"Vitvi03g01434","Rpv12",0,5,4,3,1,2,2,2,1,2,0,4,2,TRUE,"Up",TRUE,TRUE
"Vitvi03g01461","Rpv12",0,5,4,3,1,2,2,2,1,2,0,4,0,TRUE,"Up",TRUE,TRUE
"Vitvi03g01467","Rpv12",0,5,5,3,1,2,2,2,2,2,1,4,2,TRUE,"Up",TRUE,TRUE
"Vitvi03g01524","Rpv12",0,5,5,3,1,2,2,2,2,2,1,4,2,TRUE,"Up",TRUE,TRUE
"Vitvi03g01566","Rpv12",0,5,5,3,1,2,2,2,2,2,1,4,3,TRUE,"Up",TRUE,TRUE
"Vitvi03g01572","Rpv12",0,5,5,3,1,2,2,2,2,2,0,4,3,TRUE,"Up",TRUE,TRUE
"Vitvi03g01597","Rpv12",0,5,5,3,1,2,2,2,2,2,1,4,2,TRUE,"Up",TRUE,TRUE
"Vitvi03g01625","Rpv12",0,5,5,3,1,2,2,2,2,2,0,4,1,TRUE,"Down",TRUE,TRUE
"Vitvi03g01649","Rpv12",0,5,4,3,1,2,2,2,1,2,0,4,0,TRUE,"Down",TRUE,TRUE
"Vitvi03g01809","Rpv12",0,5,5,3,1,2,2,2,2,2,2,4,2,TRUE,"Up",TRUE,TRUE
"Vitvi03g01816","Rpv12",0,5,5,3,1,2,2,2,2,2,0,4,2,TRUE,"Up",TRUE,TRUE
"Vitvi03g01839","Rpv12",0,5,4,3,1,2,2,2,1,2,0,4,3,TRUE,"Down",TRUE,TRUE
"Vitvi03g01872","Rpv12",0,5,5,3,1,2,2,2,2,2,0,4,3,TRUE,"Up",TRUE,TRUE
"Vitvi03g04029","Rpv12",0,5,5,3,1,2,2,2,2,2,0,4,3,TRUE,"Up",TRUE,TRUE
"Vitvi03g04047","Rpv12",0,5,5,3,1,2,2,2,2,2,1,4,3,TRUE,"Up",TRUE,TRUE
"Vitvi03g04050","Rpv12",0,5,5,3,1,2,2,2,2,2,2,4,3,TRUE,"Up",TRUE,TRUE
"Vitvi03g04079","Rpv12",0,5,4,3,1,2,2,2,1,2,0,4,2,TRUE,"Down",TRUE,TRUE
"Vitvi03g04160","Rpv12",0,5,5,3,1,2,2,2,2,2,0,4,2,TRUE,"Down",TRUE,TRUE
"Vitvi03g04196","Rpv12",0,5,5,3,1,2,2,2,2,2,2,4,3,TRUE,"Up",TRUE,TRUE
"Vitvi03g04268","Rpv12",0,5,5,3,1,2,2,2,2,2,0,4,1,TRUE,"Down",TRUE,TRUE
"Vitvi03g04291","Rpv12",0,5,5,3,1,2,2,2,2,2,1,4,3,TRUE,"Up",TRUE,TRUE
"Vitvi03g04295","Rpv12",0,5,5,3,1,2,2,2,2,2,1,4,3,TRUE,"Up",TRUE,TRUE
"Vitvi03g04372","Rpv12",0,5,4,3,1,2,2,2,1,2,0,4,1,TRUE,"Up",TRUE,TRUE
"Vitvi03g04393","Rpv12",0,5,5,3,1,2,2,2,2,2,0,4,1,TRUE,"Down",TRUE,TRUE
"Vitvi03g04400","Rpv12",0,5,5,3,1,2,2,2,2,2,2,4,2,TRUE,"Up",TRUE,TRUE
"Vitvi03g04406","Rpv12",0,5,4,3,1,2,2,2,1,2,0,4,1,TRUE,"Up",TRUE,TRUE
"Vitvi03g04424","Rpv12",0,5,5,3,1,2,2,2,2,2,2,4,2,TRUE,"Up",TRUE,TRUE
"Vitvi03g04434","Rpv12",0,5,5,3,1,2,2,2,2,2,1,4,3,TRUE,"Up",TRUE,TRUE
"Vitvi03g04463","Rpv12",0,5,5,3,1,2,2,2,2,2,0,4,2,TRUE,"Down",TRUE,TRUE
"Vitvi04g00017","Rpv12",0,5,5,3,1,2,2,2,2,2,0,4,2,TRUE,"Up",TRUE,TRUE
"Vitvi04g00021","Rpv12",0,5,5,3,1,2,2,2,2,2,1,4,2,TRUE,"Up",TRUE,TRUE
"Vitvi04g00022","Rpv12",0,5,4,3,1,2,2,2,1,2,0,4,2,TRUE,"Up",TRUE,TRUE
"Vitvi04g00029","Rpv12",0,5,5,3,1,2,2,2,2,2,1,4,2,TRUE,"Up",TRUE,TRUE
"Vitvi04g00034","Rpv12",0,5,4,3,1,2,2,2,1,2,0,4,3,TRUE,"Up",TRUE,TRUE
"Vitvi04g00133","Rpv12",0,5,4,3,1,2,2,2,1,2,0,4,2,TRUE,"Up",TRUE,TRUE
"Vitvi04g00217","Rpv12",0,5,4,3,1,2,2,2,1,2,0,4,2,TRUE,"Up",TRUE,TRUE
"Vitvi04g00646","Rpv12",0,5,5,3,1,2,2,2,2,2,0,4,0,TRUE,"Down",TRUE,TRUE
"Vitvi04g01221","Rpv12",0,5,4,3,1,2,2,2,1,2,0,4,3,TRUE,"Up",TRUE,TRUE
"Vitvi04g01254","Rpv12",0,5,5,3,1,2,2,2,2,2,0,4,2,TRUE,"Down",TRUE,TRUE
"Vitvi04g01300","Rpv12",0,5,4,3,1,2,2,2,1,2,0,4,2,TRUE,"Up",TRUE,TRUE
"Vitvi04g01309","Rpv12",0,5,4,3,1,2,2,2,1,2,0,4,2,TRUE,"Up",TRUE,TRUE
"Vitvi04g01389","Rpv12",0,5,5,3,1,2,2,2,2,2,0,4,2,TRUE,"Up",TRUE,TRUE
"Vitvi04g01475","Rpv12",0,5,5,3,1,2,2,2,2,2,0,4,2,TRUE,"Up",TRUE,TRUE
"Vitvi04g01511","Rpv12",0,5,5,3,1,2,2,2,2,2,1,4,2,TRUE,"Up",TRUE,TRUE
"Vitvi04g01555","Rpv12",0,5,5,3,1,2,2,2,2,2,0,4,2,TRUE,"Down",TRUE,TRUE
"Vitvi04g01934","Rpv12",0,5,4,3,1,2,2,2,1,2,0,4,3,TRUE,"Up",TRUE,TRUE
"Vitvi04g01941","Rpv12",0,5,5,3,1,2,2,2,2,2,1,4,3,TRUE,"Up",TRUE,TRUE
"Vitvi04g02247","Rpv12",0,5,5,3,1,2,2,2,2,2,1,4,2,TRUE,"Up",TRUE,TRUE
"Vitvi04g02295","Rpv12",0,5,4,3,1,2,2,2,1,2,0,4,2,TRUE,"Up",TRUE,TRUE
"Vitvi04g04001","Rpv12",0,5,5,3,1,2,2,2,2,2,0,4,0,TRUE,"Up",TRUE,TRUE
"Vitvi04g04009","Rpv12",0,5,5,3,1,2,2,2,2,2,2,4,2,TRUE,"Down",TRUE,TRUE
"Vitvi04g04010","Rpv12",0,5,5,3,1,2,2,2,2,2,2,4,2,TRUE,"Down",TRUE,TRUE
"Vitvi04g04011","Rpv12",0,5,4,3,1,2,2,2,1,2,2,4,2,TRUE,"Down",TRUE,TRUE
"Vitvi04g04013","Rpv12",0,5,5,3,1,2,2,2,2,2,1,4,2,TRUE,"Up",TRUE,TRUE
"Vitvi04g04017","Rpv12",0,5,5,3,1,2,2,2,2,2,0,4,0,TRUE,"Up",TRUE,TRUE
"Vitvi04g04232","Rpv12",0,5,5,3,1,2,2,2,2,2,0,4,0,TRUE,"Up",TRUE,TRUE
"Vitvi04g04314","Rpv12",0,5,5,3,1,2,2,2,2,2,1,4,2,TRUE,"Up",TRUE,TRUE
"Vitvi05g00039","Rpv12",0,5,4,3,1,2,2,2,1,2,0,4,3,TRUE,"Up",TRUE,TRUE
"Vitvi05g00337","Rpv12",0,5,4,3,1,2,2,2,1,2,0,4,3,TRUE,"Down",TRUE,TRUE
"Vitvi05g00385","Rpv12",0,5,5,3,1,2,2,2,2,2,0,4,2,TRUE,"Up",TRUE,TRUE
"Vitvi05g00482","Rpv12",0,5,5,3,1,2,2,2,2,2,1,4,3,TRUE,"Up",TRUE,TRUE
"Vitvi05g00544","Rpv12",0,5,5,3,1,2,2,2,2,2,0,4,3,TRUE,"Up",TRUE,TRUE
"Vitvi05g00546","Rpv12",0,5,5,3,1,2,2,2,2,2,0,4,3,TRUE,"Up",TRUE,TRUE
"Vitvi05g00582","Rpv12",0,5,5,3,1,2,2,2,2,2,0,4,2,TRUE,"Down",TRUE,TRUE
"Vitvi05g00600","Rpv12",0,5,5,3,1,2,2,2,2,2,1,4,2,TRUE,"Up",TRUE,TRUE
"Vitvi05g00637","Rpv12",0,5,5,3,1,2,2,2,2,2,2,4,3,TRUE,"Up",TRUE,TRUE
"Vitvi05g00734","Rpv12",0,5,5,3,1,2,2,2,2,2,1,4,2,TRUE,"Up",TRUE,TRUE
"Vitvi05g00961","Rpv12",0,5,5,3,1,2,2,2,2,2,0,4,2,TRUE,"Up",TRUE,TRUE
"Vitvi05g01088","Rpv12",0,5,5,3,1,2,2,2,2,2,0,4,3,TRUE,"Up",TRUE,TRUE
"Vitvi05g01159","Rpv12",0,5,5,3,1,2,2,2,2,2,1,4,2,TRUE,"Up",TRUE,TRUE
"Vitvi05g01400","Rpv12",0,5,4,3,1,2,2,2,1,2,1,4,2,TRUE,"Up",TRUE,TRUE
"Vitvi05g01435","Rpv12",0,5,5,3,1,2,2,2,2,2,1,4,2,TRUE,"Up",TRUE,TRUE
"Vitvi05g01579","Rpv12",0,5,5,3,1,2,2,2,2,2,2,4,3,TRUE,"Up",TRUE,TRUE
"Vitvi05g01650","Rpv12",0,5,4,3,1,2,2,2,1,2,1,4,2,TRUE,"Up",TRUE,TRUE
"Vitvi05g01672","Rpv12",0,5,5,3,1,2,2,2,2,2,2,4,2,TRUE,"Up",TRUE,TRUE
"Vitvi05g01704","Rpv12",0,5,4,3,1,2,2,2,1,2,0,4,2,TRUE,"Up",TRUE,TRUE
"Vitvi05g01768","Rpv12",0,5,4,3,1,2,2,2,1,2,1,4,3,TRUE,"Down",TRUE,TRUE
"Vitvi05g01815","Rpv12",0,5,5,3,1,2,2,2,2,2,0,4,2,TRUE,"Up",TRUE,TRUE
"Vitvi05g01998","Rpv12",0,5,4,3,1,2,2,2,1,2,1,4,2,TRUE,"Up",TRUE,TRUE
"Vitvi05g02096","Rpv12",0,5,4,3,1,2,2,2,1,2,0,4,1,TRUE,"Down",TRUE,TRUE
"Vitvi05g02195","Rpv12",0,5,5,3,1,2,2,2,2,2,0,4,2,TRUE,"Up",TRUE,TRUE
"Vitvi05g02197","Rpv12",0,5,5,3,1,2,2,2,2,2,1,4,2,TRUE,"Up",TRUE,TRUE
"Vitvi05g02215","Rpv12",0,5,5,3,1,2,2,2,2,2,1,4,2,TRUE,"Up",TRUE,TRUE
"Vitvi05g02222","Rpv12",0,5,5,3,1,2,2,2,2,2,1,4,3,TRUE,"Up",TRUE,TRUE
"Vitvi05g02223","Rpv12",0,5,5,3,1,2,2,2,2,2,1,4,3,TRUE,"Up",TRUE,TRUE
"Vitvi05g02228","Rpv12",0,5,5,3,1,2,2,2,2,2,1,4,3,TRUE,"Up",TRUE,TRUE
"Vitvi05g04062","Rpv12",0,5,4,3,1,2,2,2,1,2,0,4,2,TRUE,"Up",TRUE,TRUE
"Vitvi05g04153","Rpv12",0,5,5,3,1,2,2,2,2,2,1,4,3,TRUE,"Up",TRUE,TRUE
"Vitvi05g04232","Rpv12",0,5,5,3,1,2,2,2,2,2,2,4,3,TRUE,"Up",TRUE,TRUE
"Vitvi05g04293","Rpv12",0,5,5,3,1,2,2,2,2,2,0,4,1,TRUE,"Up",TRUE,TRUE
"Vitvi05g04298","Rpv12",0,5,5,3,1,2,2,2,2,2,0,4,0,TRUE,"Up",TRUE,TRUE
"Vitvi05g04312","Rpv12",0,5,5,3,1,2,2,2,2,2,1,4,3,TRUE,"Up",TRUE,TRUE
"Vitvi05g04413","Rpv12",0,5,5,3,1,2,2,2,2,2,0,4,2,TRUE,"Down",TRUE,TRUE
"Vitvi05g04467","Rpv12",0,5,4,3,1,2,2,2,1,2,0,4,2,TRUE,"Up",TRUE,TRUE
"Vitvi05g04471","Rpv12",0,5,5,3,1,2,2,2,2,2,0,4,0,TRUE,"Up",TRUE,TRUE
"Vitvi05g04474","Rpv12",0,5,5,3,1,2,2,2,2,2,0,4,0,TRUE,"Up",TRUE,TRUE
"Vitvi05g04487","Rpv12",0,5,5,3,1,2,2,2,2,2,1,4,2,TRUE,"Down",TRUE,TRUE
"Vitvi05g04493","Rpv12",0,5,5,3,1,2,2,2,2,2,0,4,2,TRUE,"Down",TRUE,TRUE
"Vitvi05g04494","Rpv12",0,5,5,3,1,2,2,2,2,2,2,4,2,TRUE,"Down",TRUE,TRUE
"Vitvi05g04504","Rpv12",0,5,5,3,1,2,2,2,2,2,0,4,3,TRUE,"Up",TRUE,TRUE
"Vitvi05g04535","Rpv12",0,5,5,3,1,2,2,2,2,2,2,4,3,TRUE,"Up",TRUE,TRUE
"Vitvi06g00111","Rpv12",0,5,5,3,1,2,2,2,2,2,0,4,2,TRUE,"Up",TRUE,TRUE
"Vitvi06g00119","Rpv12",0,5,5,3,1,2,2,2,2,2,0,4,2,TRUE,"Up",TRUE,TRUE
"Vitvi06g00411","Rpv12",0,5,4,3,1,2,2,2,1,2,0,4,2,TRUE,"Up",TRUE,TRUE
"Vitvi06g00412","Rpv12",0,5,4,3,1,2,2,2,1,2,0,4,1,TRUE,"Up",TRUE,TRUE
"Vitvi06g00495","Rpv12",0,5,5,3,1,2,2,2,2,2,0,4,3,TRUE,"Up",TRUE,TRUE
"Vitvi06g00529","Rpv12",0,5,4,3,1,2,2,2,1,2,0,4,3,TRUE,"Down",TRUE,TRUE
"Vitvi06g00558","Rpv12",0,5,5,3,1,2,2,2,2,2,0,4,2,TRUE,"Up",TRUE,TRUE
"Vitvi06g00591","Rpv12",0,5,5,3,1,2,2,2,2,2,0,4,2,TRUE,"Up",TRUE,TRUE
"Vitvi06g00648","Rpv12",0,5,4,3,1,2,2,2,1,2,0,4,3,TRUE,"Up",TRUE,TRUE
"Vitvi06g00674","Rpv12",0,5,5,3,1,2,2,2,2,2,1,4,2,TRUE,"Up",TRUE,TRUE
"Vitvi06g01327","Rpv12",0,5,4,3,1,2,2,2,1,2,0,4,1,TRUE,"Down",TRUE,TRUE
"Vitvi06g01396","Rpv12",0,5,5,3,1,2,2,2,2,2,0,4,3,TRUE,"Down",TRUE,TRUE
"Vitvi06g01537","Rpv12",0,5,4,3,1,2,2,2,1,2,0,4,2,TRUE,"Down",TRUE,TRUE
"Vitvi06g01559","Rpv12",0,5,5,3,1,2,2,2,2,2,1,4,2,TRUE,"Up",TRUE,TRUE
"Vitvi06g01574","Rpv12",0,5,5,3,1,2,2,2,2,2,0,4,3,TRUE,"Up",TRUE,TRUE
"Vitvi06g01607","Rpv12",0,5,4,3,1,2,2,2,1,2,0,4,2,TRUE,"Down",TRUE,TRUE
"Vitvi06g01618","Rpv12",0,5,5,3,1,2,2,2,2,2,1,4,2,TRUE,"Down",TRUE,TRUE
"Vitvi06g01678","Rpv12",0,5,5,3,1,2,2,2,2,2,0,4,3,TRUE,"Up",TRUE,TRUE
"Vitvi06g01924","Rpv12",0,5,5,3,1,2,2,2,2,2,1,4,2,TRUE,"Up",TRUE,TRUE
"Vitvi06g01944","Rpv12",0,5,4,3,1,2,2,2,1,2,0,4,2,TRUE,"Down",TRUE,TRUE
"Vitvi06g01965","Rpv12",0,5,4,3,1,2,2,2,1,2,0,4,2,TRUE,"Down",TRUE,TRUE
"Vitvi06g04011","Rpv12",0,5,5,3,1,2,2,2,2,2,0,4,2,TRUE,"Up",TRUE,TRUE
"Vitvi06g04048","Rpv12",0,5,5,3,1,2,2,2,2,2,1,4,3,TRUE,"Up",TRUE,TRUE
"Vitvi06g04118","Rpv12",0,5,5,3,1,2,2,2,2,2,0,4,0,TRUE,"Down",TRUE,TRUE
"Vitvi06g04121","Rpv12",0,5,5,3,1,2,2,2,2,2,2,4,2,TRUE,"Down",TRUE,TRUE
"Vitvi06g04129","Rpv12",0,5,4,3,1,2,2,2,1,2,0,4,2,TRUE,"Up",TRUE,TRUE
"Vitvi06g04173","Rpv12",0,5,5,3,1,2,2,2,2,2,1,4,3,TRUE,"Down",TRUE,TRUE
"Vitvi06g04211","Rpv12",0,5,4,3,1,2,2,2,1,2,0,4,2,TRUE,"Down",TRUE,TRUE
"Vitvi06g04257","Rpv12",0,5,5,3,1,2,2,2,2,2,0,4,1,TRUE,"Down",TRUE,TRUE
"Vitvi07g00255","Rpv12",0,5,4,3,1,2,2,2,1,2,0,4,2,TRUE,"Up",TRUE,TRUE
"Vitvi07g00454","Rpv12",0,5,5,3,1,2,2,2,2,2,0,4,2,TRUE,"Up",TRUE,TRUE
"Vitvi07g00586","Rpv12",0,5,5,3,1,2,2,2,2,2,0,4,2,TRUE,"Up",TRUE,TRUE
"Vitvi07g00664","Rpv12",0,5,5,3,1,2,2,2,2,2,1,4,3,TRUE,"Down",TRUE,TRUE
"Vitvi07g00890","Rpv12",0,5,5,3,1,2,2,2,2,2,2,4,2,TRUE,"Down",TRUE,TRUE
"Vitvi07g01255","Rpv12",0,5,5,3,1,2,2,2,2,2,0,4,2,TRUE,"Up",TRUE,TRUE
"Vitvi07g01315","Rpv12",0,5,5,3,1,2,2,2,2,2,2,4,3,TRUE,"Up",TRUE,TRUE
"Vitvi07g01342","Rpv12",0,5,5,3,1,2,2,2,2,2,0,4,3,TRUE,"Up",TRUE,TRUE
"Vitvi07g01614","Rpv12",0,5,5,3,1,2,2,2,2,2,0,4,2,TRUE,"Up",TRUE,TRUE
"Vitvi07g01645","Rpv12",0,5,5,3,1,2,2,2,2,2,1,4,3,TRUE,"Up",TRUE,TRUE
"Vitvi07g01718","Rpv12",0,5,5,3,1,2,2,2,2,2,2,4,3,TRUE,"Up",TRUE,TRUE
"Vitvi07g01719","Rpv12",0,5,5,3,1,2,2,2,2,2,1,4,3,TRUE,"Up",TRUE,TRUE
"Vitvi07g01866","Rpv12",0,5,4,3,1,2,2,2,1,2,0,4,2,TRUE,"Down",TRUE,TRUE
"Vitvi07g01888","Rpv12",0,5,5,3,1,2,2,2,2,2,0,4,1,TRUE,"Down",TRUE,TRUE
"Vitvi07g02000","Rpv12",0,5,4,3,1,2,2,2,1,2,0,4,2,TRUE,"Down",TRUE,TRUE
"Vitvi07g02062","Rpv12",0,5,5,3,1,2,2,2,2,2,1,4,2,TRUE,"Up",TRUE,TRUE
"Vitvi07g02102","Rpv12",0,5,5,3,1,2,2,2,2,2,1,4,3,TRUE,"Up",TRUE,TRUE
"Vitvi07g02294","Rpv12",0,5,4,3,1,2,2,2,1,2,0,4,3,TRUE,"Up",TRUE,TRUE
"Vitvi07g02298","Rpv12",0,5,5,3,1,2,2,2,2,2,0,4,2,TRUE,"Up",TRUE,TRUE
"Vitvi07g02323","Rpv12",0,5,5,3,1,2,2,2,2,2,2,4,2,TRUE,"Down",TRUE,TRUE
"Vitvi07g02345","Rpv12",0,5,5,3,1,2,2,2,2,2,1,4,3,TRUE,"Up",TRUE,TRUE
"Vitvi07g02362","Rpv12",0,5,4,3,1,2,2,2,1,2,1,4,2,TRUE,"Up",TRUE,TRUE
"Vitvi07g02402","Rpv12",0,5,5,3,1,2,2,2,2,2,1,4,3,TRUE,"Up",TRUE,TRUE
"Vitvi07g02425","Rpv12",0,5,5,3,1,2,2,2,2,2,0,4,3,TRUE,"Up",TRUE,TRUE
"Vitvi07g02979","Rpv12",0,5,4,3,1,2,2,2,1,2,0,4,2,TRUE,"Down",TRUE,TRUE
"Vitvi07g03086","Rpv12",0,5,5,3,1,2,2,2,2,2,1,4,3,TRUE,"Up",TRUE,TRUE
"Vitvi07g04167","Rpv12",0,5,5,3,1,2,2,2,2,2,2,4,3,TRUE,"Up",TRUE,TRUE
"Vitvi07g04339","Rpv12",0,5,5,3,1,2,2,2,2,2,1,4,3,TRUE,"Down",TRUE,TRUE
"Vitvi07g04371","Rpv12",0,5,5,3,1,2,2,2,2,2,1,4,2,TRUE,"Down",TRUE,TRUE
"Vitvi07g04392","Rpv12",0,5,5,3,1,2,2,2,2,2,0,4,2,TRUE,"Up",TRUE,TRUE
"Vitvi07g04441","Rpv12",0,5,4,3,1,2,2,2,1,2,0,4,2,TRUE,"Up",TRUE,TRUE
"Vitvi07g04480","Rpv12",0,5,4,3,1,2,2,2,1,2,0,4,2,TRUE,"Up",TRUE,TRUE
"Vitvi07g04561","Rpv12",0,5,5,3,1,2,2,2,2,2,2,4,2,TRUE,"Up",TRUE,TRUE
"Vitvi07g04623","Rpv12",0,5,4,3,1,2,2,2,1,2,0,4,2,TRUE,"Up",TRUE,TRUE
"Vitvi07g04728","Rpv12",0,5,5,3,1,2,2,2,2,2,0,4,3,TRUE,"Up",TRUE,TRUE
"Vitvi08g00014","Rpv12",0,5,4,3,1,2,2,2,1,2,0,4,0,TRUE,"Down",TRUE,TRUE
"Vitvi08g00138","Rpv12",0,5,4,3,1,2,2,2,1,2,0,4,2,TRUE,"Up",TRUE,TRUE
"Vitvi08g00703","Rpv12",0,5,5,3,1,2,2,2,2,2,0,4,3,TRUE,"Up",TRUE,TRUE
"Vitvi08g00768","Rpv12",0,5,5,3,1,2,2,2,2,2,1,4,2,TRUE,"Down",TRUE,TRUE
"Vitvi08g00822","Rpv12",0,5,5,3,1,2,2,2,2,2,1,4,2,TRUE,"Up",TRUE,TRUE
"Vitvi08g00911","Rpv12",0,5,5,3,1,2,2,2,2,2,0,4,2,TRUE,"Up",TRUE,TRUE
"Vitvi08g01235","Rpv12",0,5,5,3,1,2,2,2,2,2,2,4,2,TRUE,"Down",TRUE,TRUE
"Vitvi08g01358","Rpv12",0,5,4,3,1,2,2,2,1,2,0,4,2,TRUE,"Up",TRUE,TRUE
"Vitvi08g01411","Rpv12",0,5,5,3,1,2,2,2,2,2,1,4,2,TRUE,"Up",TRUE,TRUE
"Vitvi08g01426","Rpv12",0,5,4,3,1,2,2,2,1,2,0,4,2,TRUE,"Up",TRUE,TRUE
"Vitvi08g01502","Rpv12",0,5,5,3,1,2,2,2,2,2,0,4,2,TRUE,"Down",TRUE,TRUE
"Vitvi08g01699","Rpv12",0,5,5,3,1,2,2,2,2,2,1,4,2,TRUE,"Up",TRUE,TRUE
"Vitvi08g01702","Rpv12",0,5,5,3,1,2,2,2,2,2,1,4,2,TRUE,"Up",TRUE,TRUE
"Vitvi08g01777","Rpv12",0,5,5,3,1,2,2,2,2,2,1,4,2,TRUE,"Up",TRUE,TRUE
"Vitvi08g01794","Rpv12",0,5,5,3,1,2,2,2,2,2,2,4,2,TRUE,"Up",TRUE,TRUE
"Vitvi08g01848","Rpv12",0,5,5,3,1,2,2,2,2,2,0,4,2,TRUE,"Up",TRUE,TRUE
"Vitvi08g02068","Rpv12",0,5,5,3,1,2,2,2,2,2,0,4,2,TRUE,"Up",TRUE,TRUE
"Vitvi08g02069","Rpv12",0,5,5,3,1,2,2,2,2,2,1,4,3,TRUE,"Up",TRUE,TRUE
"Vitvi08g02288","Rpv12",0,5,5,3,1,2,2,2,2,2,0,4,2,TRUE,"Up",TRUE,TRUE
"Vitvi08g02331","Rpv12",0,5,5,3,1,2,2,2,2,2,1,4,2,TRUE,"Up",TRUE,TRUE
"Vitvi08g02406","Rpv12",0,5,5,3,1,2,2,2,2,2,0,4,2,TRUE,"Down",TRUE,TRUE
"Vitvi08g04277","Rpv12",0,5,4,3,1,2,2,2,1,2,0,4,2,TRUE,"Down",TRUE,TRUE
"Vitvi09g00233","Rpv12",0,5,5,3,1,2,2,2,2,2,1,4,4,TRUE,"Up",TRUE,TRUE
"Vitvi09g00241","Rpv12",0,5,5,3,1,2,2,2,2,2,1,4,2,TRUE,"Up",TRUE,TRUE
"Vitvi09g00253","Rpv12",0,5,5,3,1,2,2,2,2,2,2,4,3,TRUE,"Up",TRUE,TRUE
"Vitvi09g00255","Rpv12",0,5,5,3,1,2,2,2,2,2,2,4,2,TRUE,"Up",TRUE,TRUE
"Vitvi09g00258","Rpv12",0,5,4,3,1,2,2,2,1,2,0,4,2,TRUE,"Up",TRUE,TRUE
"Vitvi09g00290","Rpv12",0,5,4,3,1,2,2,2,1,2,0,4,2,TRUE,"Up",TRUE,TRUE
"Vitvi09g00389","Rpv12",0,5,5,3,1,2,2,2,2,2,0,4,2,TRUE,"Up",TRUE,TRUE
"Vitvi09g00419","Rpv12",0,5,5,3,1,2,2,2,2,2,2,4,3,TRUE,"Up",TRUE,TRUE
"Vitvi09g00535","Rpv12",0,5,5,3,1,2,2,2,2,2,1,4,3,TRUE,"Up",TRUE,TRUE
"Vitvi09g00536","Rpv12",0,5,4,3,1,2,2,2,1,2,0,4,2,TRUE,"Down",TRUE,TRUE
"Vitvi09g00566","Rpv12",0,5,5,3,1,2,2,2,2,2,2,4,3,TRUE,"Up",TRUE,TRUE
"Vitvi09g00582","Rpv12",0,5,4,3,1,2,2,2,1,2,0,4,0,TRUE,"Up",TRUE,TRUE
"Vitvi09g00782","Rpv12",0,5,5,3,1,2,2,2,2,2,1,4,2,TRUE,"Up",TRUE,TRUE
"Vitvi09g01187","Rpv12",0,5,5,3,1,2,2,2,2,2,2,4,2,TRUE,"Up",TRUE,TRUE
"Vitvi09g01214","Rpv12",0,5,5,3,1,2,2,2,2,2,2,4,3,TRUE,"Up",TRUE,TRUE
"Vitvi09g01310","Rpv12",0,5,5,3,1,2,2,2,2,2,0,4,3,TRUE,"Up",TRUE,TRUE
"Vitvi09g01329","Rpv12",0,5,5,3,1,2,2,2,2,2,0,4,0,TRUE,"Up",TRUE,TRUE
"Vitvi09g01335","Rpv12",0,5,5,3,1,2,2,2,2,2,1,4,3,TRUE,"Up",TRUE,TRUE
"Vitvi09g01376","Rpv12",0,5,5,3,1,2,2,2,2,2,2,4,3,TRUE,"Up",TRUE,TRUE
"Vitvi09g01399","Rpv12",0,5,5,3,1,2,2,2,2,2,0,4,2,TRUE,"Up",TRUE,TRUE
"Vitvi09g01555","Rpv12",0,5,5,3,1,2,2,2,2,2,1,4,2,TRUE,"Up",TRUE,TRUE
"Vitvi09g01556","Rpv12",0,5,5,3,1,2,2,2,2,2,1,4,3,TRUE,"Up",TRUE,TRUE
"Vitvi09g01560","Rpv12",0,5,5,3,1,2,2,2,2,2,1,4,4,TRUE,"Up",TRUE,TRUE
"Vitvi09g01587","Rpv12",0,5,5,3,1,2,2,2,2,2,1,4,2,TRUE,"Down",TRUE,TRUE
"Vitvi09g01590","Rpv12",0,5,5,3,1,2,2,2,2,2,0,4,2,TRUE,"Up",TRUE,TRUE
"Vitvi09g01592","Rpv12",0,5,5,3,1,2,2,2,2,2,2,4,3,TRUE,"Up",TRUE,TRUE
"Vitvi09g01693","Rpv12",0,5,5,3,1,2,2,2,2,2,0,4,0,TRUE,"Up",TRUE,TRUE
"Vitvi09g01698","Rpv12",0,5,5,3,1,2,2,2,2,2,2,4,3,TRUE,"Up",TRUE,TRUE
"Vitvi09g01773","Rpv12",0,5,4,3,1,2,2,2,1,2,0,4,2,TRUE,"Down",TRUE,TRUE
"Vitvi09g01807","Rpv12",0,5,5,3,1,2,2,2,2,2,1,4,2,TRUE,"Up",TRUE,TRUE
"Vitvi09g01936","Rpv12",0,5,5,3,1,2,2,2,2,2,0,4,0,TRUE,"Up",TRUE,TRUE
"Vitvi09g02008","Rpv12",0,5,5,3,1,2,2,2,2,2,1,4,2,TRUE,"Up",TRUE,TRUE
"Vitvi09g02033","Rpv12",0,5,5,3,1,2,2,2,2,2,1,4,2,TRUE,"Up",TRUE,TRUE
"Vitvi09g04067","Rpv12",0,5,5,3,1,2,2,2,2,2,0,4,2,TRUE,"Up",TRUE,TRUE
"Vitvi09g04078","Rpv12",0,5,5,3,1,2,2,2,2,2,1,4,3,TRUE,"Up",TRUE,TRUE
"Vitvi09g04094","Rpv12",0,5,5,3,1,2,2,2,2,2,1,4,3,TRUE,"Down",TRUE,TRUE
"Vitvi09g04150","Rpv12",0,5,5,3,1,2,2,2,2,2,1,4,2,TRUE,"Up",TRUE,TRUE
"Vitvi09g04166","Rpv12",0,5,5,3,1,2,2,2,2,2,0,4,3,TRUE,"Up",TRUE,TRUE
"Vitvi09g04205","Rpv12",0,5,4,3,1,2,2,2,1,2,0,4,2,TRUE,"Up",TRUE,TRUE
"Vitvi09g04211","Rpv12",0,5,5,3,1,2,2,2,2,2,0,4,0,TRUE,"Up",TRUE,TRUE
"Vitvi09g04212","Rpv12",0,5,5,3,1,2,2,2,2,2,1,4,3,TRUE,"Up",TRUE,TRUE
"Vitvi09g04222","Rpv12",0,5,5,3,1,2,2,2,2,2,1,4,2,TRUE,"Up",TRUE,TRUE
"Vitvi09g04231","Rpv12",0,5,5,3,1,2,2,2,2,2,0,4,1,TRUE,"Up",TRUE,TRUE
"Vitvi09g04280","Rpv12",0,5,5,3,1,2,2,2,2,2,0,4,2,TRUE,"Down",TRUE,TRUE
"Vitvi09g04286","Rpv12",0,5,5,3,1,2,2,2,2,2,0,4,0,TRUE,"Down",TRUE,TRUE
"Vitvi09g04307","Rpv12",0,5,4,3,1,2,2,2,1,2,0,4,2,TRUE,"Down",TRUE,TRUE
"Vitvi09g04337","Rpv12",0,5,5,3,1,2,2,2,2,2,0,4,2,TRUE,"Up",TRUE,TRUE
"Vitvi09g04415","Rpv12",0,5,5,3,1,2,2,2,2,2,0,4,2,TRUE,"Up",TRUE,TRUE
"Vitvi09g04416","Rpv12",0,5,5,3,1,2,2,2,2,2,1,4,3,TRUE,"Up",TRUE,TRUE
"Vitvi09g04473","Rpv12",0,5,4,3,1,2,2,2,1,2,0,4,2,TRUE,"Up",TRUE,TRUE
"Vitvi09g04475","Rpv12",0,5,5,3,1,2,2,2,2,2,1,4,3,TRUE,"Up",TRUE,TRUE
"Vitvi09g04535","Rpv12",0,5,5,3,1,2,2,2,2,2,2,4,3,TRUE,"Up",TRUE,TRUE
"Vitvi09g04536","Rpv12",0,5,5,3,1,2,2,2,2,2,1,4,3,TRUE,"Up",TRUE,TRUE
"Vitvi09g04537","Rpv12",0,5,5,3,1,2,2,2,2,2,1,4,2,TRUE,"Up",TRUE,TRUE
"Vitvi09g04541","Rpv12",0,5,5,3,1,2,2,2,2,2,2,4,4,TRUE,"Up",TRUE,TRUE
"Vitvi09g04545","Rpv12",0,5,5,3,1,2,2,2,2,2,1,4,2,TRUE,"Up",TRUE,TRUE
"Vitvi09g04548","Rpv12",0,5,5,3,1,2,2,2,2,2,0,4,2,TRUE,"Up",TRUE,TRUE
"Vitvi09g04564","Rpv12",0,5,5,3,1,2,2,2,2,2,2,4,3,TRUE,"Up",TRUE,TRUE
"Vitvi09g04565","Rpv12",0,5,5,3,1,2,2,2,2,2,1,4,3,TRUE,"Up",TRUE,TRUE
"Vitvi09g04595","Rpv12",0,5,5,3,1,2,2,2,2,2,0,4,0,TRUE,"Up",TRUE,TRUE
"Vitvi10g00017","Rpv12",0,5,5,3,1,2,2,2,2,2,1,4,2,TRUE,"Down",TRUE,TRUE
"Vitvi10g00049","Rpv12",0,5,4,3,1,2,2,2,1,2,1,4,2,TRUE,"Down",TRUE,TRUE
"Vitvi10g00183","Rpv12",0,5,5,3,1,2,2,2,2,2,0,4,2,TRUE,"Up",TRUE,TRUE
"Vitvi10g00210","Rpv12",0,5,5,3,1,2,2,2,2,2,0,4,3,TRUE,"Up",TRUE,TRUE
"Vitvi10g00235","Rpv12",0,5,5,3,1,2,2,2,2,2,0,4,2,TRUE,"Up",TRUE,TRUE
"Vitvi10g00241","Rpv12",0,5,4,3,1,2,2,2,1,2,0,4,2,TRUE,"Up",TRUE,TRUE
"Vitvi10g00275","Rpv12",0,5,4,3,1,2,2,2,1,2,0,4,2,TRUE,"Up",TRUE,TRUE
"Vitvi10g00379","Rpv12",0,5,4,3,1,2,2,2,1,2,0,4,2,TRUE,"Down",TRUE,TRUE
"Vitvi10g00437","Rpv12",0,5,5,3,1,2,2,2,2,2,1,4,2,TRUE,"Down",TRUE,TRUE
"Vitvi10g00576","Rpv12",0,5,4,3,1,2,2,2,1,2,0,4,3,TRUE,"Up",TRUE,TRUE
"Vitvi10g00652","Rpv12",0,5,5,3,1,2,2,2,2,2,1,4,2,TRUE,"Up",TRUE,TRUE
"Vitvi10g00655","Rpv12",0,5,5,3,1,2,2,2,2,2,0,4,2,TRUE,"Up",TRUE,TRUE
"Vitvi10g00667","Rpv12",0,5,4,3,1,2,2,2,1,2,1,4,2,TRUE,"Up",TRUE,TRUE
"Vitvi10g00977","Rpv12",0,5,5,3,1,2,2,2,2,2,2,4,3,TRUE,"Down",TRUE,TRUE
"Vitvi10g00984","Rpv12",0,5,4,3,1,2,2,2,1,2,0,4,2,TRUE,"Down",TRUE,TRUE
"Vitvi10g01072","Rpv12",0,5,4,3,1,2,2,2,1,2,1,4,3,TRUE,"Down",TRUE,TRUE
"Vitvi10g01155","Rpv12",0,5,5,3,1,2,2,2,2,2,0,4,1,TRUE,"Down",TRUE,TRUE
"Vitvi10g01406","Rpv12",0,5,4,3,1,2,2,2,1,2,0,4,2,TRUE,"Up",TRUE,TRUE
"Vitvi10g01615","Rpv12",0,5,5,3,1,2,2,2,2,2,2,4,2,TRUE,"Up",TRUE,TRUE
"Vitvi10g01666","Rpv12",0,5,4,3,1,2,2,2,1,2,0,4,2,TRUE,"Up",TRUE,TRUE
"Vitvi10g01696","Rpv12",0,5,5,3,1,2,2,2,2,2,1,4,3,TRUE,"Up",TRUE,TRUE
"Vitvi10g01700","Rpv12",0,5,4,3,1,2,2,2,1,2,0,4,2,TRUE,"Up",TRUE,TRUE
"Vitvi10g01862","Rpv12",0,5,5,3,1,2,2,2,2,2,1,4,3,TRUE,"Up",TRUE,TRUE
"Vitvi10g01875","Rpv12",0,5,5,3,1,2,2,2,2,2,1,4,3,TRUE,"Up",TRUE,TRUE
"Vitvi10g01952","Rpv12",0,5,5,3,1,2,2,2,2,2,0,4,1,TRUE,"Down",TRUE,TRUE
"Vitvi10g02023","Rpv12",0,5,5,3,1,2,2,2,2,2,1,4,3,TRUE,"Up",TRUE,TRUE
"Vitvi10g02024","Rpv12",0,5,5,3,1,2,2,2,2,2,1,4,2,TRUE,"Up",TRUE,TRUE
"Vitvi10g02048","Rpv12",0,5,5,3,1,2,2,2,2,2,1,4,2,TRUE,"Up",TRUE,TRUE
"Vitvi10g02289","Rpv12",0,5,4,3,1,2,2,2,1,2,0,4,3,TRUE,"Down",TRUE,TRUE
"Vitvi10g04043","Rpv12",0,5,5,3,1,2,2,2,2,2,0,4,2,TRUE,"Down",TRUE,TRUE
"Vitvi10g04044","Rpv12",0,5,5,3,1,2,2,2,2,2,1,4,3,TRUE,"Down",TRUE,TRUE
"Vitvi10g04045","Rpv12",0,5,4,3,1,2,2,2,1,2,0,4,2,TRUE,"Up",TRUE,TRUE
"Vitvi10g04063","Rpv12",0,5,5,3,1,2,2,2,2,2,0,4,2,TRUE,"Down",TRUE,TRUE
"Vitvi10g04071","Rpv12",0,5,5,3,1,2,2,2,2,2,1,4,3,TRUE,"Up",TRUE,TRUE
"Vitvi10g04130","Rpv12",0,5,4,3,1,2,2,2,1,2,0,4,1,TRUE,"Down",TRUE,TRUE
"Vitvi10g04131","Rpv12",0,5,5,3,1,2,2,2,2,2,1,4,2,TRUE,"Down",TRUE,TRUE
"Vitvi10g04132","Rpv12",0,5,5,3,1,2,2,2,2,2,1,4,2,TRUE,"Down",TRUE,TRUE
"Vitvi10g04135","Rpv12",0,5,4,3,1,2,2,2,1,2,0,4,2,TRUE,"Up",TRUE,TRUE
"Vitvi10g04136","Rpv12",0,5,5,3,1,2,2,2,2,2,0,4,0,TRUE,"Up",TRUE,TRUE
"Vitvi10g04236","Rpv12",0,5,5,3,1,2,2,2,2,2,1,4,2,TRUE,"Down",TRUE,TRUE
"Vitvi10g04478","Rpv12",0,5,5,3,1,2,2,2,2,2,0,4,3,TRUE,"Up",TRUE,TRUE
"Vitvi10g04508","Rpv12",0,5,5,3,1,2,2,2,2,2,1,4,3,TRUE,"Up",TRUE,TRUE
"Vitvi10g04511","Rpv12",0,5,5,3,1,2,2,2,2,2,1,4,2,TRUE,"Up",TRUE,TRUE
"Vitvi10g04641","Rpv12",0,5,5,3,1,2,2,2,2,2,1,4,2,TRUE,"Up",TRUE,TRUE
"Vitvi10g04646","Rpv12",0,5,5,3,1,2,2,2,2,2,1,4,2,TRUE,"Up",TRUE,TRUE
"Vitvi10g04691","Rpv12",0,5,4,3,1,2,2,2,1,2,0,4,0,TRUE,"Up",TRUE,TRUE
"Vitvi11g00016","Rpv12",0,5,4,3,1,2,2,2,1,2,0,4,2,TRUE,"Up",TRUE,TRUE
"Vitvi11g00098","Rpv12",0,5,4,3,1,2,2,2,1,2,0,4,2,TRUE,"Down",TRUE,TRUE
"Vitvi11g00217","Rpv12",0,5,4,3,1,2,2,2,1,2,0,4,3,TRUE,"Down",TRUE,TRUE
"Vitvi11g00338","Rpv12",0,5,5,3,1,2,2,2,2,2,0,4,0,TRUE,"Up",TRUE,TRUE
"Vitvi11g00371","Rpv12",0,5,4,3,1,2,2,2,1,2,0,4,2,TRUE,"Down",TRUE,TRUE
"Vitvi11g00469","Rpv12",0,5,5,3,1,2,2,2,2,2,0,4,2,TRUE,"Up",TRUE,TRUE
"Vitvi11g00479","Rpv12",0,5,5,3,1,2,2,2,2,2,1,4,2,TRUE,"Down",TRUE,TRUE
"Vitvi11g00497","Rpv12",0,5,4,3,1,2,2,2,1,2,0,4,2,TRUE,"Down",TRUE,TRUE
"Vitvi11g01134","Rpv12",0,5,5,3,1,2,2,2,2,2,0,4,2,TRUE,"Up",TRUE,TRUE
"Vitvi11g01258","Rpv12",0,5,5,3,1,2,2,2,2,2,0,4,2,TRUE,"Down",TRUE,TRUE
"Vitvi11g01279","Rpv12",0,5,5,3,1,2,2,2,2,2,0,4,2,TRUE,"Up",TRUE,TRUE
"Vitvi11g01281","Rpv12",0,5,5,3,1,2,2,2,2,2,1,4,3,TRUE,"Up",TRUE,TRUE
"Vitvi11g01295","Rpv12",0,5,5,3,1,2,2,2,2,2,1,4,3,TRUE,"Up",TRUE,TRUE
"Vitvi11g01457","Rpv12",0,5,5,3,1,2,2,2,2,2,0,4,3,TRUE,"Up",TRUE,TRUE
"Vitvi11g01582","Rpv12",0,5,4,3,1,2,2,2,1,2,0,4,2,TRUE,"Up",TRUE,TRUE
"Vitvi11g04001","Rpv12",0,5,4,3,1,2,2,2,1,2,0,4,2,TRUE,"Down",TRUE,TRUE
"Vitvi12g00036","Rpv12",0,5,4,3,1,2,2,2,1,2,2,4,3,TRUE,"Down",TRUE,TRUE
"Vitvi12g00117","Rpv12",0,5,5,3,1,2,2,2,2,2,1,4,2,TRUE,"Down",TRUE,TRUE
"Vitvi12g00554","Rpv12",0,5,5,3,1,2,2,2,2,2,1,4,3,TRUE,"Up",TRUE,TRUE
"Vitvi12g00572","Rpv12",0,5,4,3,1,2,2,2,1,2,0,4,2,TRUE,"Up",TRUE,TRUE
"Vitvi12g00765","Rpv12",0,5,5,3,1,2,2,2,2,2,0,4,3,TRUE,"Up",TRUE,TRUE
"Vitvi12g01643","Rpv12",0,5,4,3,1,2,2,2,1,2,0,4,2,TRUE,"Down",TRUE,TRUE
"Vitvi12g01776","Rpv12",0,5,5,3,1,2,2,2,2,2,1,4,2,TRUE,"Down",TRUE,TRUE
"Vitvi12g01792","Rpv12",0,5,5,3,1,2,2,2,2,2,0,4,2,TRUE,"Up",TRUE,TRUE
"Vitvi12g01885","Rpv12",0,5,5,3,1,2,2,2,2,2,2,4,2,TRUE,"Up",TRUE,TRUE
"Vitvi12g01921","Rpv12",0,5,5,3,1,2,2,2,2,2,2,4,3,TRUE,"Up",TRUE,TRUE
"Vitvi12g01939","Rpv12",0,5,5,3,1,2,2,2,2,2,2,4,3,TRUE,"Up",TRUE,TRUE
"Vitvi12g02011","Rpv12",0,5,5,3,1,2,2,2,2,2,2,4,2,TRUE,"Up",TRUE,TRUE
"Vitvi12g02066","Rpv12",0,5,5,3,1,2,2,2,2,2,2,4,3,TRUE,"Down",TRUE,TRUE
"Vitvi12g02085","Rpv12",0,5,5,3,1,2,2,2,2,2,0,4,2,TRUE,"Up",TRUE,TRUE
"Vitvi12g02105","Rpv12",0,5,5,3,1,2,2,2,2,2,0,4,2,TRUE,"Down",TRUE,TRUE
"Vitvi12g02218","Rpv12",0,5,5,3,1,2,2,2,2,2,0,4,2,TRUE,"Up",TRUE,TRUE
"Vitvi12g02223","Rpv12",0,5,5,3,1,2,2,2,2,2,1,4,3,TRUE,"Up",TRUE,TRUE
"Vitvi12g02227","Rpv12",0,5,5,3,1,2,2,2,2,2,0,4,1,TRUE,"Up",TRUE,TRUE
"Vitvi12g02266","Rpv12",0,5,4,3,1,2,2,2,1,2,0,4,2,TRUE,"Up",TRUE,TRUE
"Vitvi12g02316","Rpv12",0,5,4,3,1,2,2,2,1,2,0,4,3,TRUE,"Up",TRUE,TRUE
"Vitvi12g02318","Rpv12",0,5,4,3,1,2,2,2,1,2,1,4,2,TRUE,"Up",TRUE,TRUE
"Vitvi12g02324","Rpv12",0,5,5,3,1,2,2,2,2,2,1,4,2,TRUE,"Up",TRUE,TRUE
"Vitvi12g02326","Rpv12",0,5,5,3,1,2,2,2,2,2,1,4,2,TRUE,"Up",TRUE,TRUE
"Vitvi12g02353","Rpv12",0,5,5,3,1,2,2,2,2,2,2,4,3,TRUE,"Up",TRUE,TRUE
"Vitvi12g02371","Rpv12",0,5,5,3,1,2,2,2,2,2,1,4,2,TRUE,"Down",TRUE,TRUE
"Vitvi12g02389","Rpv12",0,5,4,3,1,2,2,2,1,2,0,4,2,TRUE,"Down",TRUE,TRUE
"Vitvi12g02409","Rpv12",0,5,5,3,1,2,2,2,2,2,0,4,2,TRUE,"Up",TRUE,TRUE
"Vitvi12g02450","Rpv12",0,5,5,3,1,2,2,2,2,2,0,4,3,TRUE,"Up",TRUE,TRUE
"Vitvi12g02491","Rpv12",0,5,4,3,1,2,2,2,1,2,0,4,3,TRUE,"Up",TRUE,TRUE
"Vitvi12g02536","Rpv12",0,5,5,3,1,2,2,2,2,2,1,4,3,TRUE,"Down",TRUE,TRUE
"Vitvi12g02578","Rpv12",0,5,5,3,1,2,2,2,2,2,1,4,2,TRUE,"Up",TRUE,TRUE
"Vitvi12g02607","Rpv12",0,5,5,3,1,2,2,2,2,2,2,4,3,TRUE,"Up",TRUE,TRUE
"Vitvi12g02621","Rpv12",0,5,5,3,1,2,2,2,2,2,1,4,2,TRUE,"Down",TRUE,TRUE
"Vitvi12g02678","Rpv12",0,5,5,3,1,2,2,2,2,2,2,4,3,TRUE,"Up",TRUE,TRUE
"Vitvi12g02682","Rpv12",0,5,5,3,1,2,2,2,2,2,1,4,2,TRUE,"Up",TRUE,TRUE
"Vitvi12g02701","Rpv12",0,5,4,3,1,2,2,2,1,2,1,4,2,TRUE,"Down",TRUE,TRUE
"Vitvi12g02735","Rpv12",0,5,5,3,1,2,2,2,2,2,1,4,2,TRUE,"Down",TRUE,TRUE
"Vitvi12g02753","Rpv12",0,5,5,3,1,2,2,2,2,2,1,4,2,TRUE,"Down",TRUE,TRUE
"Vitvi12g04093","Rpv12",0,5,5,3,1,2,2,2,2,2,0,4,2,TRUE,"Up",TRUE,TRUE
"Vitvi12g04094","Rpv12",0,5,5,3,1,2,2,2,2,2,1,4,2,TRUE,"Up",TRUE,TRUE
"Vitvi12g04108","Rpv12",0,5,5,3,1,2,2,2,2,2,2,4,3,TRUE,"Up",TRUE,TRUE
"Vitvi12g04185","Rpv12",0,5,5,3,1,2,2,2,2,2,1,4,2,TRUE,"Down",TRUE,TRUE
"Vitvi12g04197","Rpv12",0,5,5,3,1,2,2,2,2,2,0,4,2,TRUE,"Up",TRUE,TRUE
"Vitvi12g04233","Rpv12",0,5,4,3,1,2,2,2,1,2,1,4,2,TRUE,"Up",TRUE,TRUE
"Vitvi12g04354","Rpv12",0,5,4,3,1,2,2,2,1,2,0,4,2,TRUE,"Up",TRUE,TRUE
"Vitvi12g04365","Rpv12",0,5,5,3,1,2,2,2,2,2,0,4,2,TRUE,"Up",TRUE,TRUE
"Vitvi12g04373","Rpv12",0,5,5,3,1,2,2,2,2,2,0,4,1,TRUE,"Up",TRUE,TRUE
"Vitvi12g04404","Rpv12",0,5,5,3,1,2,2,2,2,2,2,4,3,TRUE,"Up",TRUE,TRUE
"Vitvi12g04430","Rpv12",0,5,5,3,1,2,2,2,2,2,0,4,2,TRUE,"Up",TRUE,TRUE
"Vitvi12g04440","Rpv12",0,5,5,3,1,2,2,2,2,2,1,4,2,TRUE,"Up",TRUE,TRUE
"Vitvi12g04463","Rpv12",0,5,5,3,1,2,2,2,2,2,0,4,3,TRUE,"Up",TRUE,TRUE
"Vitvi12g04495","Rpv12",0,5,5,3,1,2,2,2,2,2,0,4,2,TRUE,"Up",TRUE,TRUE
"Vitvi12g04498","Rpv12",0,5,5,3,1,2,2,2,2,2,2,4,2,TRUE,"Up",TRUE,TRUE
"Vitvi12g04514","Rpv12",0,5,5,3,1,2,2,2,2,2,0,4,1,TRUE,"Up",TRUE,TRUE
"Vitvi12g04515","Rpv12",0,5,5,3,1,2,2,2,2,2,2,4,2,TRUE,"Up",TRUE,TRUE
"Vitvi12g04518","Rpv12",0,5,5,3,1,2,2,2,2,2,1,4,3,TRUE,"Up",TRUE,TRUE
"Vitvi12g04522","Rpv12",0,5,5,3,1,2,2,2,2,2,0,4,0,TRUE,"Up",TRUE,TRUE
"Vitvi12g04523","Rpv12",0,5,5,3,1,2,2,2,2,2,2,4,3,TRUE,"Up",TRUE,TRUE
"Vitvi12g04535","Rpv12",0,5,5,3,1,2,2,2,2,2,2,4,2,TRUE,"Up",TRUE,TRUE
"Vitvi12g04536","Rpv12",0,5,5,3,1,2,2,2,2,2,0,4,2,TRUE,"Up",TRUE,TRUE
"Vitvi12g04543","Rpv12",0,5,5,3,1,2,2,2,2,2,2,4,2,TRUE,"Up",TRUE,TRUE
"Vitvi12g04545","Rpv12",0,5,5,3,1,2,2,2,2,2,2,4,3,TRUE,"Up",TRUE,TRUE
"Vitvi12g04548","Rpv12",0,5,5,3,1,2,2,2,2,2,2,4,3,TRUE,"Up",TRUE,TRUE
"Vitvi12g04563","Rpv12",0,5,5,3,1,2,2,2,2,2,2,4,3,TRUE,"Down",TRUE,TRUE
"Vitvi12g04595","Rpv12",0,5,5,3,1,2,2,2,2,2,1,4,2,TRUE,"Down",TRUE,TRUE
"Vitvi12g04596","Rpv12",0,5,5,3,1,2,2,2,2,2,1,4,2,TRUE,"Up",TRUE,TRUE
"Vitvi12g04597","Rpv12",0,5,5,3,1,2,2,2,2,2,2,4,3,TRUE,"Up",TRUE,TRUE
"Vitvi12g04598","Rpv12",0,5,5,3,1,2,2,2,2,2,2,4,2,TRUE,"Up",TRUE,TRUE
"Vitvi12g04607","Rpv12",0,5,5,3,1,2,2,2,2,2,2,4,3,TRUE,"Up",TRUE,TRUE
"Vitvi12g04630","Rpv12",0,5,5,3,1,2,2,2,2,2,2,4,2,TRUE,"Down",TRUE,TRUE
"Vitvi13g00189","Rpv12",0,5,5,3,1,2,2,2,2,2,0,4,3,TRUE,"Up",TRUE,TRUE
"Vitvi13g00297","Rpv12",0,5,5,3,1,2,2,2,2,2,1,4,3,TRUE,"Up",TRUE,TRUE
"Vitvi13g00387","Rpv12",0,5,5,3,1,2,2,2,2,2,0,4,2,TRUE,"Up",TRUE,TRUE
"Vitvi13g00621","Rpv12",0,5,4,3,1,2,2,2,1,2,0,4,2,TRUE,"Up",TRUE,TRUE
"Vitvi13g00818","Rpv12",0,5,4,3,1,2,2,2,1,2,0,4,2,TRUE,"Down",TRUE,TRUE
"Vitvi13g01102","Rpv12",0,5,5,3,1,2,2,2,2,2,1,4,3,TRUE,"Down",TRUE,TRUE
"Vitvi13g01164","Rpv12",0,5,5,3,1,2,2,2,2,2,0,4,0,TRUE,"Up",TRUE,TRUE
"Vitvi13g01179","Rpv12",0,5,5,3,1,2,2,2,2,2,0,4,1,TRUE,"Down",TRUE,TRUE
"Vitvi13g01272","Rpv12",0,5,4,3,1,2,2,2,1,2,0,4,2,TRUE,"Down",TRUE,TRUE
"Vitvi13g01468","Rpv12",0,5,5,3,1,2,2,2,2,2,2,4,3,TRUE,"Down",TRUE,TRUE
"Vitvi13g01608","Rpv12",0,5,5,3,1,2,2,2,2,2,1,4,3,TRUE,"Down",TRUE,TRUE
"Vitvi13g01616","Rpv12",0,5,5,3,1,2,2,2,2,2,0,4,3,TRUE,"Down",TRUE,TRUE
"Vitvi13g01638","Rpv12",0,5,5,3,1,2,2,2,2,2,2,4,2,TRUE,"Down",TRUE,TRUE
"Vitvi13g01764","Rpv12",0,5,5,3,1,2,2,2,2,2,0,4,3,TRUE,"Up",TRUE,TRUE
"Vitvi13g01889","Rpv12",0,5,5,3,1,2,2,2,2,2,1,4,3,TRUE,"Up",TRUE,TRUE
"Vitvi13g01916","Rpv12",0,5,4,3,1,2,2,2,1,2,0,4,2,TRUE,"Up",TRUE,TRUE
"Vitvi13g01929","Rpv12",0,5,5,3,1,2,2,2,2,2,0,4,2,TRUE,"Down",TRUE,TRUE
"Vitvi13g01974","Rpv12",0,5,4,3,1,2,2,2,1,2,0,4,2,TRUE,"Up",TRUE,TRUE
"Vitvi13g01977","Rpv12",0,5,5,3,1,2,2,2,2,2,2,4,3,TRUE,"Up",TRUE,TRUE
"Vitvi13g01979","Rpv12",0,5,5,3,1,2,2,2,2,2,1,4,2,TRUE,"Up",TRUE,TRUE
"Vitvi13g01980","Rpv12",0,5,5,3,1,2,2,2,2,2,1,4,3,TRUE,"Up",TRUE,TRUE
"Vitvi13g01981","Rpv12",0,5,5,3,1,2,2,2,2,2,1,4,3,TRUE,"Up",TRUE,TRUE
"Vitvi13g01984","Rpv12",0,5,5,3,1,2,2,2,2,2,0,4,3,TRUE,"Down",TRUE,TRUE
"Vitvi13g02046","Rpv12",0,5,5,3,1,2,2,2,2,2,1,4,3,TRUE,"Up",TRUE,TRUE
"Vitvi13g02083","Rpv12",0,5,4,3,1,2,2,2,1,2,1,4,3,TRUE,"Down",TRUE,TRUE
"Vitvi13g02238","Rpv12",0,5,5,3,1,2,2,2,2,2,0,4,1,TRUE,"Down",TRUE,TRUE
"Vitvi13g02344","Rpv12",0,5,5,3,1,2,2,2,2,2,1,4,2,TRUE,"Down",TRUE,TRUE
"Vitvi13g02354","Rpv12",0,5,5,3,1,2,2,2,2,2,0,4,3,TRUE,"Down",TRUE,TRUE
"Vitvi13g02465","Rpv12",0,5,4,3,1,2,2,2,1,2,0,4,1,TRUE,"Down",TRUE,TRUE
"Vitvi13g02509","Rpv12",0,5,5,3,1,2,2,2,2,2,1,4,3,TRUE,"Up",TRUE,TRUE
"Vitvi13g04025","Rpv12",0,5,5,3,1,2,2,2,2,2,0,4,2,TRUE,"Up",TRUE,TRUE
"Vitvi13g04150","Rpv12",0,5,5,3,1,2,2,2,2,2,0,4,0,TRUE,"Up",TRUE,TRUE
"Vitvi13g04184","Rpv12",0,5,4,3,1,2,2,2,1,2,0,4,3,TRUE,"Up",TRUE,TRUE
"Vitvi13g04209","Rpv12",0,5,5,3,1,2,2,2,2,2,1,4,3,TRUE,"Down",TRUE,TRUE
"Vitvi13g04231","Rpv12",0,5,5,3,1,2,2,2,2,2,0,4,2,TRUE,"Down",TRUE,TRUE
"Vitvi13g04419","Rpv12",0,5,4,3,1,2,2,2,1,2,0,4,1,TRUE,"Up",TRUE,TRUE
"Vitvi13g04427","Rpv12",0,5,5,3,1,2,2,2,2,2,0,4,1,TRUE,"Up",TRUE,TRUE
"Vitvi13g04443","Rpv12",0,5,5,3,1,2,2,2,2,2,1,4,2,TRUE,"Up",TRUE,TRUE
"Vitvi13g04444","Rpv12",0,5,5,3,1,2,2,2,2,2,0,4,0,TRUE,"Down",TRUE,TRUE
"Vitvi13g04446","Rpv12",0,5,5,3,1,2,2,2,2,2,1,4,2,TRUE,"Up",TRUE,TRUE
"Vitvi13g04506","Rpv12",0,5,5,3,1,2,2,2,2,2,1,4,2,TRUE,"Up",TRUE,TRUE
"Vitvi13g04521","Rpv12",0,5,5,3,1,2,2,2,2,2,1,4,2,TRUE,"Down",TRUE,TRUE
"Vitvi13g04522","Rpv12",0,5,5,3,1,2,2,2,2,2,0,4,1,TRUE,"Down",TRUE,TRUE
"Vitvi13g04527","Rpv12",0,5,5,3,1,2,2,2,2,2,0,4,2,TRUE,"Down",TRUE,TRUE
"Vitvi13g04528","Rpv12",0,5,5,3,1,2,2,2,2,2,2,4,3,TRUE,"Down",TRUE,TRUE
"Vitvi13g04529","Rpv12",0,5,5,3,1,2,2,2,2,2,1,4,3,TRUE,"Down",TRUE,TRUE
"Vitvi13g04536","Rpv12",0,5,5,3,1,2,2,2,2,2,0,4,2,TRUE,"Down",TRUE,TRUE
"Vitvi13g04537","Rpv12",0,5,5,3,1,2,2,2,2,2,1,4,2,TRUE,"Down",TRUE,TRUE
"Vitvi13g04540","Rpv12",0,5,5,3,1,2,2,2,2,2,0,4,2,TRUE,"Down",TRUE,TRUE
"Vitvi13g04549","Rpv12",0,5,4,3,1,2,2,2,1,2,0,4,2,TRUE,"Up",TRUE,TRUE
"Vitvi13g04677","Rpv12",0,5,5,3,1,2,2,2,2,2,0,4,2,TRUE,"Down",TRUE,TRUE
"Vitvi13g04682","Rpv12",0,5,5,3,1,2,2,2,2,2,0,4,1,TRUE,"Down",TRUE,TRUE
"Vitvi13g04706","Rpv12",0,5,5,3,1,2,2,2,2,2,0,4,3,TRUE,"Down",TRUE,TRUE
"Vitvi13g04709","Rpv12",0,5,4,3,1,2,2,2,1,2,0,4,2,TRUE,"Up",TRUE,TRUE
"Vitvi13g04716","Rpv12",0,5,5,3,1,2,2,2,2,2,1,4,3,TRUE,"Up",TRUE,TRUE
"Vitvi13g04782","Rpv12",0,5,5,3,1,2,2,2,2,2,0,4,1,TRUE,"Up",TRUE,TRUE
"Vitvi13g04783","Rpv12",0,5,4,3,1,2,2,2,1,2,0,4,3,TRUE,"Up",TRUE,TRUE
"Vitvi14g00315","Rpv12",0,5,5,3,1,2,2,2,2,2,0,4,2,TRUE,"Up",TRUE,TRUE
"Vitvi14g00405","Rpv12",0,5,5,3,1,2,2,2,2,2,0,4,2,TRUE,"Up",TRUE,TRUE
"Vitvi14g00511","Rpv12",0,5,5,3,1,2,2,2,2,2,0,4,3,TRUE,"Up",TRUE,TRUE
"Vitvi14g00647","Rpv12",0,5,5,3,1,2,2,2,2,2,2,4,3,TRUE,"Up",TRUE,TRUE
"Vitvi14g00656","Rpv12",0,5,5,3,1,2,2,2,2,2,0,4,1,TRUE,"Up",TRUE,TRUE
"Vitvi14g00668","Rpv12",0,5,5,3,1,2,2,2,2,2,2,4,3,TRUE,"Up",TRUE,TRUE
"Vitvi14g00685","Rpv12",0,5,5,3,1,2,2,2,2,2,0,4,1,TRUE,"Up",TRUE,TRUE
"Vitvi14g00707","Rpv12",0,5,5,3,1,2,2,2,2,2,0,4,1,TRUE,"Down",TRUE,TRUE
"Vitvi14g01174","Rpv12",0,5,5,3,1,2,2,2,2,2,1,4,2,TRUE,"Up",TRUE,TRUE
"Vitvi14g01198","Rpv12",0,5,4,3,1,2,2,2,1,2,0,4,3,TRUE,"Up",TRUE,TRUE
"Vitvi14g01336","Rpv12",0,5,5,3,1,2,2,2,2,2,0,4,2,TRUE,"Up",TRUE,TRUE
"Vitvi14g01357","Rpv12",0,5,4,3,1,2,2,2,1,2,0,4,2,TRUE,"Up",TRUE,TRUE
"Vitvi14g01381","Rpv12",0,5,4,3,1,2,2,2,1,2,0,4,2,TRUE,"Up",TRUE,TRUE
"Vitvi14g01404","Rpv12",0,5,5,3,1,2,2,2,2,2,0,4,2,TRUE,"Up",TRUE,TRUE
"Vitvi14g01568","Rpv12",0,5,4,3,1,2,2,2,1,2,0,4,2,TRUE,"Up",TRUE,TRUE
"Vitvi14g01809","Rpv12",0,5,5,3,1,2,2,2,2,2,1,4,2,TRUE,"Up",TRUE,TRUE
"Vitvi14g01840","Rpv12",0,5,5,3,1,2,2,2,2,2,1,4,3,TRUE,"Up",TRUE,TRUE
"Vitvi14g01858","Rpv12",0,5,5,3,1,2,2,2,2,2,2,4,2,TRUE,"Up",TRUE,TRUE
"Vitvi14g01859","Rpv12",0,5,5,3,1,2,2,2,2,2,2,4,2,TRUE,"Up",TRUE,TRUE
"Vitvi14g01917","Rpv12",0,5,5,3,1,2,2,2,2,2,1,4,3,TRUE,"Up",TRUE,TRUE
"Vitvi14g01967","Rpv12",0,5,5,3,1,2,2,2,2,2,1,4,3,TRUE,"Up",TRUE,TRUE
"Vitvi14g02430","Rpv12",0,5,5,3,1,2,2,2,2,2,1,4,2,TRUE,"Up",TRUE,TRUE
"Vitvi14g02489","Rpv12",0,5,4,3,1,2,2,2,1,2,1,4,2,TRUE,"Up",TRUE,TRUE
"Vitvi14g02490","Rpv12",0,5,5,3,1,2,2,2,2,2,0,4,2,TRUE,"Up",TRUE,TRUE
"Vitvi14g02494","Rpv12",0,5,4,3,1,2,2,2,1,2,0,4,2,TRUE,"Up",TRUE,TRUE
"Vitvi14g02495","Rpv12",0,5,5,3,1,2,2,2,2,2,1,4,2,TRUE,"Up",TRUE,TRUE
"Vitvi14g02497","Rpv12",0,5,4,3,1,2,2,2,1,2,1,4,2,TRUE,"Up",TRUE,TRUE
"Vitvi14g02695","Rpv12",0,5,4,3,1,2,2,2,1,2,0,4,0,TRUE,"Up",TRUE,TRUE
"Vitvi14g02707","Rpv12",0,5,5,3,1,2,2,2,2,2,0,4,2,TRUE,"Up",TRUE,TRUE
"Vitvi14g03032","Rpv12",0,5,5,3,1,2,2,2,2,2,1,4,2,TRUE,"Up",TRUE,TRUE
"Vitvi14g03033","Rpv12",0,5,5,3,1,2,2,2,2,2,1,4,3,TRUE,"Up",TRUE,TRUE
"Vitvi14g03042","Rpv12",0,5,5,3,1,2,2,2,2,2,1,4,3,TRUE,"Up",TRUE,TRUE
"Vitvi14g03055","Rpv12",0,5,5,3,1,2,2,2,2,2,2,4,3,TRUE,"Up",TRUE,TRUE
"Vitvi14g03056","Rpv12",0,5,5,3,1,2,2,2,2,2,2,4,2,TRUE,"Up",TRUE,TRUE
"Vitvi14g03057","Rpv12",0,5,5,3,1,2,2,2,2,2,2,4,2,TRUE,"Up",TRUE,TRUE
"Vitvi14g04000","Rpv12",0,5,4,3,1,2,2,2,1,2,0,4,2,TRUE,"Up",TRUE,TRUE
"Vitvi14g04045","Rpv12",0,5,4,3,1,2,2,2,1,2,0,4,2,TRUE,"Up",TRUE,TRUE
"Vitvi14g04165","Rpv12",0,5,5,3,1,2,2,2,2,2,0,4,2,TRUE,"Down",TRUE,TRUE
"Vitvi14g04211","Rpv12",0,5,4,3,1,2,2,2,1,2,0,4,2,TRUE,"Up",TRUE,TRUE
"Vitvi14g04248","Rpv12",0,5,5,3,1,2,2,2,2,2,0,4,2,TRUE,"Up",TRUE,TRUE
"Vitvi14g04255","Rpv12",0,5,5,3,1,2,2,2,2,2,1,4,2,TRUE,"Up",TRUE,TRUE
"Vitvi14g04415","Rpv12",0,5,5,3,1,2,2,2,2,2,1,4,3,TRUE,"Up",TRUE,TRUE
"Vitvi14g04448","Rpv12",0,5,5,3,1,2,2,2,2,2,1,4,3,TRUE,"Up",TRUE,TRUE
"Vitvi14g04449","Rpv12",0,5,5,3,1,2,2,2,2,2,1,4,2,TRUE,"Up",TRUE,TRUE
"Vitvi14g04450","Rpv12",0,5,5,3,1,2,2,2,2,2,1,4,3,TRUE,"Up",TRUE,TRUE
"Vitvi14g04475","Rpv12",0,5,5,3,1,2,2,2,2,2,0,4,1,TRUE,"Up",TRUE,TRUE
"Vitvi14g04501","Rpv12",0,5,4,3,1,2,2,2,1,2,0,4,1,TRUE,"Up",TRUE,TRUE
"Vitvi14g04518","Rpv12",0,5,5,3,1,2,2,2,2,2,0,4,2,TRUE,"Up",TRUE,TRUE
"Vitvi14g04588","Rpv12",0,5,5,3,1,2,2,2,2,2,2,4,2,TRUE,"Up",TRUE,TRUE
"Vitvi14g04653","Rpv12",0,5,5,3,1,2,2,2,2,2,2,4,2,TRUE,"Up",TRUE,TRUE
"Vitvi15g00301","Rpv12",0,5,4,3,1,2,2,2,1,2,0,4,2,TRUE,"Up",TRUE,TRUE
"Vitvi15g00522","Rpv12",0,5,4,3,1,2,2,2,1,2,0,4,2,TRUE,"Down",TRUE,TRUE
"Vitvi15g00526","Rpv12",0,5,5,3,1,2,2,2,2,2,0,4,2,TRUE,"Up",TRUE,TRUE
"Vitvi15g00714","Rpv12",0,5,4,3,1,2,2,2,1,2,1,4,2,TRUE,"Up",TRUE,TRUE
"Vitvi15g00715","Rpv12",0,5,5,3,1,2,2,2,2,2,1,4,3,TRUE,"Up",TRUE,TRUE
"Vitvi15g00763","Rpv12",0,5,4,3,1,2,2,2,1,2,0,4,1,TRUE,"Up",TRUE,TRUE
"Vitvi15g00771","Rpv12",0,5,5,3,1,2,2,2,2,2,1,4,2,TRUE,"Up",TRUE,TRUE
"Vitvi15g00804","Rpv12",0,5,5,3,1,2,2,2,2,2,0,4,2,TRUE,"Up",TRUE,TRUE
"Vitvi15g01037","Rpv12",0,5,5,3,1,2,2,2,2,2,1,4,2,TRUE,"Up",TRUE,TRUE
"Vitvi15g01073","Rpv12",0,5,5,3,1,2,2,2,2,2,1,4,2,TRUE,"Down",TRUE,TRUE
"Vitvi15g01075","Rpv12",0,5,5,3,1,2,2,2,2,2,0,4,1,TRUE,"Down",TRUE,TRUE
"Vitvi15g01150","Rpv12",0,5,4,3,1,2,2,2,1,2,0,4,2,TRUE,"Up",TRUE,TRUE
"Vitvi15g01183","Rpv12",0,5,5,3,1,2,2,2,2,2,0,4,2,TRUE,"Up",TRUE,TRUE
"Vitvi15g01247","Rpv12",0,5,5,3,1,2,2,2,2,2,1,4,3,TRUE,"Up",TRUE,TRUE
"Vitvi15g01483","Rpv12",0,5,4,3,1,2,2,2,1,2,1,4,2,TRUE,"Down",TRUE,TRUE
"Vitvi15g01505","Rpv12",0,5,4,3,1,2,2,2,1,2,1,4,2,TRUE,"Down",TRUE,TRUE
"Vitvi15g01667","Rpv12",0,5,4,3,1,2,2,2,1,2,0,4,2,TRUE,"Up",TRUE,TRUE
"Vitvi15g01691","Rpv12",0,5,5,3,1,2,2,2,2,2,0,4,2,TRUE,"Up",TRUE,TRUE
"Vitvi15g01730","Rpv12",0,5,4,3,1,2,2,2,1,2,0,4,2,TRUE,"Up",TRUE,TRUE
"Vitvi15g04273","Rpv12",0,5,5,3,1,2,2,2,2,2,0,4,2,TRUE,"Up",TRUE,TRUE
"Vitvi15g04365","Rpv12",0,5,5,3,1,2,2,2,2,2,0,4,1,TRUE,"Up",TRUE,TRUE
"Vitvi15g04378","Rpv12",0,5,5,3,1,2,2,2,2,2,1,4,3,TRUE,"Up",TRUE,TRUE
"Vitvi15g04379","Rpv12",0,5,5,3,1,2,2,2,2,2,1,4,3,TRUE,"Up",TRUE,TRUE
"Vitvi15g04461","Rpv12",0,5,5,3,1,2,2,2,2,2,2,4,3,TRUE,"Up",TRUE,TRUE
"Vitvi15g04598","Rpv12",0,5,5,3,1,2,2,2,2,2,1,4,2,TRUE,"Down",TRUE,TRUE
"Vitvi15g04604","Rpv12",0,5,4,3,1,2,2,2,1,2,1,4,2,TRUE,"Down",TRUE,TRUE
"Vitvi16g01021","Rpv12",0,5,5,3,1,2,2,2,2,2,1,4,2,TRUE,"Down",TRUE,TRUE
"Vitvi16g01081","Rpv12",0,5,5,3,1,2,2,2,2,2,1,4,2,TRUE,"Up",TRUE,TRUE
"Vitvi16g01150","Rpv12",0,5,5,3,1,2,2,2,2,2,1,4,2,TRUE,"Up",TRUE,TRUE
"Vitvi16g01194","Rpv12",0,5,5,3,1,2,2,2,2,2,0,4,2,TRUE,"Up",TRUE,TRUE
"Vitvi16g01344","Rpv12",0,5,5,3,1,2,2,2,2,2,0,4,2,TRUE,"Up",TRUE,TRUE
"Vitvi16g01418","Rpv12",0,5,4,3,1,2,2,2,1,2,0,4,2,TRUE,"Up",TRUE,TRUE
"Vitvi16g01699","Rpv12",0,5,5,3,1,2,2,2,2,2,1,4,2,TRUE,"Up",TRUE,TRUE
"Vitvi16g01733","Rpv12",0,5,5,3,1,2,2,2,2,2,2,4,3,TRUE,"Up",TRUE,TRUE
"Vitvi16g01753","Rpv12",0,5,4,3,1,2,2,2,1,2,0,4,2,TRUE,"Down",TRUE,TRUE
"Vitvi16g01796","Rpv12",0,5,5,3,1,2,2,2,2,2,1,4,2,TRUE,"Up",TRUE,TRUE
"Vitvi16g01844","Rpv12",0,5,5,3,1,2,2,2,2,2,1,4,2,TRUE,"Up",TRUE,TRUE
"Vitvi16g01907","Rpv12",0,5,5,3,1,2,2,2,2,2,0,4,2,TRUE,"Down",TRUE,TRUE
"Vitvi16g01922","Rpv12",0,5,5,3,1,2,2,2,2,2,0,4,2,TRUE,"Up",TRUE,TRUE
"Vitvi16g01923","Rpv12",0,5,5,3,1,2,2,2,2,2,1,4,3,TRUE,"Down",TRUE,TRUE
"Vitvi16g01932","Rpv12",0,5,4,3,1,2,2,2,1,2,0,4,2,TRUE,"Up",TRUE,TRUE
"Vitvi16g01935","Rpv12",0,5,5,3,1,2,2,2,2,2,0,4,2,TRUE,"Up",TRUE,TRUE
"Vitvi16g01963","Rpv12",0,5,5,3,1,2,2,2,2,2,1,4,2,TRUE,"Up",TRUE,TRUE
"Vitvi16g01965","Rpv12",0,5,5,3,1,2,2,2,2,2,1,4,2,TRUE,"Up",TRUE,TRUE
"Vitvi16g01966","Rpv12",0,5,5,3,1,2,2,2,2,2,0,4,2,TRUE,"Up",TRUE,TRUE
"Vitvi16g04134","Rpv12",0,5,4,3,1,2,2,2,1,2,0,4,1,TRUE,"Down",TRUE,TRUE
"Vitvi16g04154","Rpv12",0,5,5,3,1,2,2,2,2,2,2,4,3,TRUE,"Up",TRUE,TRUE
"Vitvi16g04219","Rpv12",0,5,5,3,1,2,2,2,2,2,0,4,2,TRUE,"Up",TRUE,TRUE
"Vitvi16g04222","Rpv12",0,5,5,3,1,2,2,2,2,2,1,4,2,TRUE,"Up",TRUE,TRUE
"Vitvi16g04254","Rpv12",0,5,5,3,1,2,2,2,2,2,0,4,0,TRUE,"Down",TRUE,TRUE
"Vitvi16g04295","Rpv12",0,5,5,3,1,2,2,2,2,2,1,4,3,TRUE,"Up",TRUE,TRUE
"Vitvi16g04388","Rpv12",0,5,5,3,1,2,2,2,2,2,1,4,2,TRUE,"Down",TRUE,TRUE
"Vitvi16g04389","Rpv12",0,5,5,3,1,2,2,2,2,2,0,4,2,TRUE,"Down",TRUE,TRUE
"Vitvi16g04402","Rpv12",0,5,5,3,1,2,2,2,2,2,0,4,2,TRUE,"Up",TRUE,TRUE
"Vitvi16g04405","Rpv12",0,5,5,3,1,2,2,2,2,2,0,4,2,TRUE,"Up",TRUE,TRUE
"Vitvi16g04448","Rpv12",0,5,4,3,1,2,2,2,1,2,0,4,3,TRUE,"Up",TRUE,TRUE
"Vitvi16g04491","Rpv12",0,5,5,3,1,2,2,2,2,2,1,4,2,TRUE,"Down",TRUE,TRUE
"Vitvi17g00175","Rpv12",0,5,5,3,1,2,2,2,2,2,1,4,2,TRUE,"Down",TRUE,TRUE
"Vitvi17g00203","Rpv12",0,5,5,3,1,2,2,2,2,2,1,4,3,TRUE,"Up",TRUE,TRUE
"Vitvi17g00205","Rpv12",0,5,5,3,1,2,2,2,2,2,0,4,2,TRUE,"Up",TRUE,TRUE
"Vitvi17g00245","Rpv12",0,5,5,3,1,2,2,2,2,2,1,4,3,TRUE,"Up",TRUE,TRUE
"Vitvi17g00278","Rpv12",0,5,5,3,1,2,2,2,2,2,1,4,2,TRUE,"Up",TRUE,TRUE
"Vitvi17g00293","Rpv12",0,5,5,3,1,2,2,2,2,2,0,4,2,TRUE,"Up",TRUE,TRUE
"Vitvi17g00350","Rpv12",0,5,5,3,1,2,2,2,2,2,0,4,2,TRUE,"Up",TRUE,TRUE
"Vitvi17g00450","Rpv12",0,5,4,3,1,2,2,2,1,2,0,4,3,TRUE,"Up",TRUE,TRUE
"Vitvi17g00461","Rpv12",0,5,5,3,1,2,2,2,2,2,2,4,2,TRUE,"Up",TRUE,TRUE
"Vitvi17g00480","Rpv12",0,5,4,3,1,2,2,2,1,2,0,4,2,TRUE,"Up",TRUE,TRUE
"Vitvi17g00609","Rpv12",0,5,5,3,1,2,2,2,2,2,0,4,2,TRUE,"Up",TRUE,TRUE
"Vitvi17g00658","Rpv12",0,5,5,3,1,2,2,2,2,2,0,4,2,TRUE,"Up",TRUE,TRUE
"Vitvi17g00719","Rpv12",0,5,5,3,1,2,2,2,2,2,1,4,2,TRUE,"Down",TRUE,TRUE
"Vitvi17g00744","Rpv12",0,5,4,3,1,2,2,2,1,2,0,4,3,TRUE,"Down",TRUE,TRUE
"Vitvi17g00898","Rpv12",0,5,4,3,1,2,2,2,1,2,0,4,2,TRUE,"Up",TRUE,TRUE
"Vitvi17g00972","Rpv12",0,5,5,3,1,2,2,2,2,2,0,4,3,TRUE,"Down",TRUE,TRUE
"Vitvi17g01355","Rpv12",0,5,5,3,1,2,2,2,2,2,0,4,0,TRUE,"Down",TRUE,TRUE
"Vitvi17g01380","Rpv12",0,5,5,3,1,2,2,2,2,2,1,4,2,TRUE,"Down",TRUE,TRUE
"Vitvi17g01471","Rpv12",0,5,5,3,1,2,2,2,2,2,1,4,2,TRUE,"Up",TRUE,TRUE
"Vitvi17g01496","Rpv12",0,5,5,3,1,2,2,2,2,2,0,4,2,TRUE,"Down",TRUE,TRUE
"Vitvi17g01497","Rpv12",0,5,5,3,1,2,2,2,2,2,1,4,2,TRUE,"Down",TRUE,TRUE
"Vitvi17g01513","Rpv12",0,5,5,3,1,2,2,2,2,2,0,4,2,TRUE,"Up",TRUE,TRUE
"Vitvi17g01650","Rpv12",0,5,4,3,1,2,2,2,1,2,0,4,0,TRUE,"Up",TRUE,TRUE
"Vitvi17g04044","Rpv12",0,5,5,3,1,2,2,2,2,2,1,4,2,TRUE,"Up",TRUE,TRUE
"Vitvi17g04067","Rpv12",0,5,4,3,1,2,2,2,1,2,0,4,2,TRUE,"Down",TRUE,TRUE
"Vitvi17g04078","Rpv12",0,5,5,3,1,2,2,2,2,2,0,4,2,TRUE,"Up",TRUE,TRUE
"Vitvi17g04101","Rpv12",0,5,5,3,1,2,2,2,2,2,0,4,2,TRUE,"Down",TRUE,TRUE
"Vitvi17g04171","Rpv12",0,5,5,3,1,2,2,2,2,2,1,4,3,TRUE,"Down",TRUE,TRUE
"Vitvi17g04183","Rpv12",0,5,4,3,1,2,2,2,1,2,0,4,2,TRUE,"Up",TRUE,TRUE
"Vitvi17g04200","Rpv12",0,5,4,3,1,2,2,2,1,2,0,4,2,TRUE,"Up",TRUE,TRUE
"Vitvi18g00065","Rpv12",0,5,5,3,1,2,2,2,2,2,1,4,2,TRUE,"Up",TRUE,TRUE
"Vitvi18g00106","Rpv12",0,5,5,3,1,2,2,2,2,2,1,4,3,TRUE,"Up",TRUE,TRUE
"Vitvi18g00135","Rpv12",0,5,4,3,1,2,2,2,1,2,0,4,3,TRUE,"Down",TRUE,TRUE
"Vitvi18g00161","Rpv12",0,5,4,3,1,2,2,2,1,2,0,4,2,TRUE,"Up",TRUE,TRUE
"Vitvi18g00191","Rpv12",0,5,5,3,1,2,2,2,2,2,1,4,2,TRUE,"Up",TRUE,TRUE
"Vitvi18g00242","Rpv12",0,5,5,3,1,2,2,2,2,2,0,4,2,TRUE,"Up",TRUE,TRUE
"Vitvi18g00313","Rpv12",0,5,5,3,1,2,2,2,2,2,0,4,2,TRUE,"Up",TRUE,TRUE
"Vitvi18g00317","Rpv12",0,5,4,3,1,2,2,2,1,2,0,4,1,TRUE,"Down",TRUE,TRUE
"Vitvi18g00473","Rpv12",0,5,5,3,1,2,2,2,2,2,1,4,3,TRUE,"Up",TRUE,TRUE
"Vitvi18g00640","Rpv12",0,5,5,3,1,2,2,2,2,2,0,4,2,TRUE,"Up",TRUE,TRUE
"Vitvi18g00708","Rpv12",0,5,5,3,1,2,2,2,2,2,0,4,2,TRUE,"Down",TRUE,TRUE
"Vitvi18g00780","Rpv12",0,5,5,3,1,2,2,2,2,2,1,4,2,TRUE,"Up",TRUE,TRUE
"Vitvi18g00818","Rpv12",0,5,4,3,1,2,2,2,1,2,0,4,0,TRUE,"Down",TRUE,TRUE
"Vitvi18g00840","Rpv12",0,5,5,3,1,2,2,2,2,2,1,4,2,TRUE,"Down",TRUE,TRUE
"Vitvi18g00899","Rpv12",0,5,5,3,1,2,2,2,2,2,1,4,2,TRUE,"Down",TRUE,TRUE
"Vitvi18g01022","Rpv12",0,5,5,3,1,2,2,2,2,2,0,4,2,TRUE,"Up",TRUE,TRUE
"Vitvi18g01036","Rpv12",0,5,5,3,1,2,2,2,2,2,1,4,2,TRUE,"Up",TRUE,TRUE
"Vitvi18g01037","Rpv12",0,5,5,3,1,2,2,2,2,2,0,4,2,TRUE,"Up",TRUE,TRUE
"Vitvi18g01148","Rpv12",0,5,4,3,1,2,2,2,1,2,0,4,2,TRUE,"Up",TRUE,TRUE
"Vitvi18g01232","Rpv12",0,5,4,3,1,2,2,2,1,2,0,4,1,TRUE,"Up",TRUE,TRUE
"Vitvi18g01390","Rpv12",0,5,5,3,1,2,2,2,2,2,0,4,1,TRUE,"Up",TRUE,TRUE
"Vitvi18g01636","Rpv12",0,5,4,3,1,2,2,2,1,2,0,4,1,TRUE,"Down",TRUE,TRUE
"Vitvi18g01676","Rpv12",0,5,4,3,1,2,2,2,1,2,0,4,2,TRUE,"Up",TRUE,TRUE
"Vitvi18g01678","Rpv12",0,5,4,3,1,2,2,2,1,2,0,4,2,TRUE,"Down",TRUE,TRUE
"Vitvi18g01950","Rpv12",0,5,5,3,1,2,2,2,2,2,1,4,2,TRUE,"Up",TRUE,TRUE
"Vitvi18g01959","Rpv12",0,5,5,3,1,2,2,2,2,2,2,4,3,TRUE,"Up",TRUE,TRUE
"Vitvi18g01980","Rpv12",0,5,5,3,1,2,2,2,2,2,1,4,3,TRUE,"Up",TRUE,TRUE
"Vitvi18g02180","Rpv12",0,5,5,3,1,2,2,2,2,2,1,4,3,TRUE,"Down",TRUE,TRUE
"Vitvi18g02222","Rpv12",0,5,5,3,1,2,2,2,2,2,1,4,2,TRUE,"Down",TRUE,TRUE
"Vitvi18g02375","Rpv12",0,5,4,3,1,2,2,2,1,2,1,4,2,TRUE,"Up",TRUE,TRUE
"Vitvi18g02406","Rpv12",0,5,5,3,1,2,2,2,2,2,1,4,3,TRUE,"Down",TRUE,TRUE
"Vitvi18g02490","Rpv12",0,5,5,3,1,2,2,2,2,2,0,4,2,TRUE,"Up",TRUE,TRUE
"Vitvi18g02509","Rpv12",0,5,5,3,1,2,2,2,2,2,0,4,2,TRUE,"Up",TRUE,TRUE
"Vitvi18g02585","Rpv12",0,5,5,3,1,2,2,2,2,2,0,4,2,TRUE,"Up",TRUE,TRUE
"Vitvi18g02617","Rpv12",0,5,5,3,1,2,2,2,2,2,0,4,2,TRUE,"Up",TRUE,TRUE
"Vitvi18g02651","Rpv12",0,5,5,3,1,2,2,2,2,2,0,4,2,TRUE,"Up",TRUE,TRUE
"Vitvi18g02671","Rpv12",0,5,4,3,1,2,2,2,1,2,0,4,2,TRUE,"Up",TRUE,TRUE
"Vitvi18g02672","Rpv12",0,5,5,3,1,2,2,2,2,2,1,4,2,TRUE,"Up",TRUE,TRUE
"Vitvi18g02695","Rpv12",0,5,5,3,1,2,2,2,2,2,2,4,3,TRUE,"Up",TRUE,TRUE
"Vitvi18g02715","Rpv12",0,5,5,3,1,2,2,2,2,2,1,4,3,TRUE,"Down",TRUE,TRUE
"Vitvi18g02819","Rpv12",0,5,4,3,1,2,2,2,1,2,0,4,2,TRUE,"Up",TRUE,TRUE
"Vitvi18g02824","Rpv12",0,5,4,3,1,2,2,2,1,2,0,4,2,TRUE,"Down",TRUE,TRUE
"Vitvi18g02921","Rpv12",0,5,4,3,1,2,2,2,1,2,0,4,1,TRUE,"Up",TRUE,TRUE
"Vitvi18g02981","Rpv12",0,5,4,3,1,2,2,2,1,2,0,4,1,TRUE,"Up",TRUE,TRUE
"Vitvi18g03099","Rpv12",0,5,5,3,1,2,2,2,2,2,1,4,2,TRUE,"Up",TRUE,TRUE
"Vitvi18g03244","Rpv12",0,5,5,3,1,2,2,2,2,2,2,4,3,TRUE,"Up",TRUE,TRUE
"Vitvi18g03248","Rpv12",0,5,5,3,1,2,2,2,2,2,1,4,2,TRUE,"Up",TRUE,TRUE
"Vitvi18g03249","Rpv12",0,5,5,3,1,2,2,2,2,2,1,4,2,TRUE,"Up",TRUE,TRUE
"Vitvi18g03251","Rpv12",0,5,5,3,1,2,2,2,2,2,0,4,1,TRUE,"Down",TRUE,TRUE
"Vitvi18g03366","Rpv12",0,5,4,3,1,2,2,2,1,2,0,4,2,TRUE,"Up",TRUE,TRUE
"Vitvi18g03383","Rpv12",0,5,5,3,1,2,2,2,2,2,1,4,3,TRUE,"Down",TRUE,TRUE
"Vitvi18g04003","Rpv12",0,5,5,3,1,2,2,2,2,2,2,4,2,TRUE,"Down",TRUE,TRUE
"Vitvi18g04004","Rpv12",0,5,5,3,1,2,2,2,2,2,2,4,2,TRUE,"Down",TRUE,TRUE
"Vitvi18g04038","Rpv12",0,5,5,3,1,2,2,2,2,2,1,4,2,TRUE,"Down",TRUE,TRUE
"Vitvi18g04176","Rpv12",0,5,5,3,1,2,2,2,2,2,1,4,3,TRUE,"Down",TRUE,TRUE
"Vitvi18g04272","Rpv12",0,5,5,3,1,2,2,2,2,2,1,4,3,TRUE,"Up",TRUE,TRUE
"Vitvi18g04440","Rpv12",0,5,5,3,1,2,2,2,2,2,0,4,2,TRUE,"Up",TRUE,TRUE
"Vitvi18g04447","Rpv12",0,5,5,3,1,2,2,2,2,2,0,4,2,TRUE,"Up",TRUE,TRUE
"Vitvi18g04507","Rpv12",0,5,5,3,1,2,2,2,2,2,0,4,2,TRUE,"Up",TRUE,TRUE
"Vitvi18g04508","Rpv12",0,5,5,3,1,2,2,2,2,2,0,4,2,TRUE,"Up",TRUE,TRUE
"Vitvi18g04559","Rpv12",0,5,4,3,1,2,2,2,1,2,0,4,2,TRUE,"Down",TRUE,TRUE
"Vitvi18g04593","Rpv12",0,5,5,3,1,2,2,2,2,2,0,4,2,TRUE,"Up",TRUE,TRUE
"Vitvi18g04640","Rpv12",0,5,5,3,1,2,2,2,2,2,1,4,2,TRUE,"Down",TRUE,TRUE
"Vitvi18g04642","Rpv12",0,5,5,3,1,2,2,2,2,2,1,4,3,TRUE,"Down",TRUE,TRUE
"Vitvi18g04643","Rpv12",0,5,5,3,1,2,2,2,2,2,1,4,3,TRUE,"Down",TRUE,TRUE
"Vitvi18g04646","Rpv12",0,5,5,3,1,2,2,2,2,2,1,4,3,TRUE,"Up",TRUE,TRUE
"Vitvi18g04655","Rpv12",0,5,5,3,1,2,2,2,2,2,0,4,2,TRUE,"Up",TRUE,TRUE
"Vitvi18g04656","Rpv12",0,5,5,3,1,2,2,2,2,2,1,4,2,TRUE,"Down",TRUE,TRUE
"Vitvi18g04660","Rpv12",0,5,5,3,1,2,2,2,2,2,1,4,3,TRUE,"Up",TRUE,TRUE
"Vitvi18g04665","Rpv12",0,5,4,3,1,2,2,2,1,2,0,4,2,TRUE,"Up",TRUE,TRUE
"Vitvi18g04748","Rpv12",0,5,5,3,1,2,2,2,2,2,0,4,0,TRUE,"Up",TRUE,TRUE
"Vitvi18g04749","Rpv12",0,5,5,3,1,2,2,2,2,2,1,4,2,TRUE,"Up",TRUE,TRUE
"Vitvi18g04756","Rpv12",0,5,4,3,1,2,2,2,1,2,0,4,2,TRUE,"Up",TRUE,TRUE
"Vitvi18g04757","Rpv12",0,5,5,3,1,2,2,2,2,2,1,4,2,TRUE,"Up",TRUE,TRUE
"Vitvi18g04767","Rpv12",0,5,5,3,1,2,2,2,2,2,1,4,3,TRUE,"Up",TRUE,TRUE
"Vitvi18g04768","Rpv12",0,5,5,3,1,2,2,2,2,2,1,4,2,TRUE,"Up",TRUE,TRUE
"Vitvi18g04771","Rpv12",0,5,5,3,1,2,2,2,2,2,0,4,3,TRUE,"Down",TRUE,TRUE
"Vitvi19g00042","Rpv12",0,5,4,3,1,2,2,2,1,2,0,4,2,TRUE,"Up",TRUE,TRUE
"Vitvi19g00166","Rpv12",0,5,5,3,1,2,2,2,2,2,0,4,2,TRUE,"Up",TRUE,TRUE
"Vitvi19g00205","Rpv12",0,5,4,3,1,2,2,2,1,2,0,4,0,TRUE,"Down",TRUE,TRUE
"Vitvi19g00476","Rpv12",0,5,5,3,1,2,2,2,2,2,1,4,2,TRUE,"Down",TRUE,TRUE
"Vitvi19g00576","Rpv12",0,5,5,3,1,2,2,2,2,2,0,4,2,TRUE,"Up",TRUE,TRUE
"Vitvi19g00586","Rpv12",0,5,5,3,1,2,2,2,2,2,1,4,2,TRUE,"Up",TRUE,TRUE
"Vitvi19g00626","Rpv12",0,5,5,3,1,2,2,2,2,2,1,4,3,TRUE,"Up",TRUE,TRUE
"Vitvi19g00709","Rpv12",0,5,5,3,1,2,2,2,2,2,0,4,2,TRUE,"Down",TRUE,TRUE
"Vitvi19g00781","Rpv12",0,5,5,3,1,2,2,2,2,2,0,4,2,TRUE,"Up",TRUE,TRUE
"Vitvi19g00978","Rpv12",0,5,4,3,1,2,2,2,1,2,0,4,3,TRUE,"Up",TRUE,TRUE
"Vitvi19g01307","Rpv12",0,5,5,3,1,2,2,2,2,2,1,4,3,TRUE,"Up",TRUE,TRUE
"Vitvi19g01610","Rpv12",0,5,5,3,1,2,2,2,2,2,2,4,3,TRUE,"Down",TRUE,TRUE
"Vitvi19g01612","Rpv12",0,5,5,3,1,2,2,2,2,2,2,4,2,TRUE,"Down",TRUE,TRUE
"Vitvi19g01720","Rpv12",0,5,5,3,1,2,2,2,2,2,2,4,4,TRUE,"Up",TRUE,TRUE
"Vitvi19g01869","Rpv12",0,5,4,3,1,2,2,2,1,2,0,4,3,TRUE,"Up",TRUE,TRUE
"Vitvi19g01875","Rpv12",0,5,4,3,1,2,2,2,1,2,0,4,2,TRUE,"Down",TRUE,TRUE
"Vitvi19g02001","Rpv12",0,5,4,3,1,2,2,2,1,2,0,4,3,TRUE,"Up",TRUE,TRUE
"Vitvi19g02292","Rpv12",0,5,5,3,1,2,2,2,2,2,1,4,2,TRUE,"Up",TRUE,TRUE
"Vitvi19g04006","Rpv12",0,5,5,3,1,2,2,2,2,2,0,4,2,TRUE,"Up",TRUE,TRUE
"Vitvi19g04070","Rpv12",0,5,5,3,1,2,2,2,2,2,1,4,2,TRUE,"Up",TRUE,TRUE
"Vitvi19g04074","Rpv12",0,5,5,3,1,2,2,2,2,2,0,4,2,TRUE,"Up",TRUE,TRUE
"Vitvi19g04075","Rpv12",0,5,5,3,1,2,2,2,2,2,0,4,0,TRUE,"Up",TRUE,TRUE
"Vitvi19g04105","Rpv12",0,5,5,3,1,2,2,2,2,2,1,4,2,TRUE,"Up",TRUE,TRUE
"Vitvi19g04110","Rpv12",0,5,5,3,1,2,2,2,2,2,1,4,2,TRUE,"Up",TRUE,TRUE
"Vitvi19g04167","Rpv12",0,5,4,3,1,2,2,2,1,2,0,4,2,TRUE,"Down",TRUE,TRUE
"Vitvi19g04185","Rpv12",0,5,5,3,1,2,2,2,2,2,1,4,2,TRUE,"Up",TRUE,TRUE
"Vitvi19g04215","Rpv12",0,5,5,3,1,2,2,2,2,2,0,4,1,TRUE,"Up",TRUE,TRUE
"Vitvi19g04230","Rpv12",0,5,4,3,1,2,2,2,1,2,0,4,3,TRUE,"Up",TRUE,TRUE
"Vitvi19g04233","Rpv12",0,5,5,3,1,2,2,2,2,2,1,4,2,TRUE,"Down",TRUE,TRUE
"Vitvi19g04259","Rpv12",0,5,5,3,1,2,2,2,2,2,2,4,2,TRUE,"Down",TRUE,TRUE
"Vitvi19g04349","Rpv12",0,5,5,3,1,2,2,2,2,2,0,4,2,TRUE,"Down",TRUE,TRUE
"Vitvi19g04529","Rpv12",0,5,4,3,1,2,2,2,1,2,0,4,2,TRUE,"Down",TRUE,TRUE
"Vitvi19g04530","Rpv12",0,5,5,3,1,2,2,2,2,2,0,4,2,TRUE,"Down",TRUE,TRUE
"Vitvi19g04531","Rpv12",0,5,5,3,1,2,2,2,2,2,0,4,2,TRUE,"Down",TRUE,TRUE
"Vitvi19g04572","Rpv12",0,5,5,3,1,2,2,2,2,2,2,4,3,TRUE,"Down",TRUE,TRUE
"Vitvi19g04600","Rpv12",0,5,5,3,1,2,2,2,2,2,0,4,3,TRUE,"Down",TRUE,TRUE
"Vitvi00g01805","Rpv12",6,5,4,3,1,2,2,2,1,2,0,4,2,TRUE,"Up",TRUE,TRUE
"Vitvi00g04005","Rpv12",6,5,5,3,1,2,2,2,2,2,0,4,3,TRUE,"Up",TRUE,TRUE
"Vitvi00g04006","Rpv12",6,5,5,3,1,2,2,2,2,2,2,4,2,TRUE,"Up",TRUE,TRUE
"Vitvi00g04274","Rpv12",6,5,4,3,1,2,2,2,1,2,0,4,2,TRUE,"Down",TRUE,TRUE
"Vitvi00g04275","Rpv12",6,5,5,3,1,2,2,2,2,2,0,4,2,TRUE,"Down",TRUE,TRUE
"Vitvi00g04313","Rpv12",6,5,5,3,1,2,2,2,2,2,1,4,2,TRUE,"Up",TRUE,TRUE
"Vitvi00g04449","Rpv12",6,5,5,3,1,2,2,2,2,2,2,4,3,TRUE,"Up",TRUE,TRUE
"Vitvi00g04463","Rpv12",6,5,5,3,1,2,2,2,2,2,0,4,2,TRUE,"Up",TRUE,TRUE
"Vitvi00g04522","Rpv12",6,5,4,3,1,2,2,2,1,2,0,4,2,TRUE,"Down",TRUE,TRUE
"Vitvi00g04653","Rpv12",6,5,5,3,1,2,2,2,2,2,0,4,0,TRUE,"Up",TRUE,TRUE
"Vitvi00g04704","Rpv12",6,5,5,3,1,2,2,2,2,2,2,4,3,TRUE,"Up",TRUE,TRUE
"Vitvi00g04706","Rpv12",6,5,5,3,1,2,2,2,2,2,0,4,2,TRUE,"Up",TRUE,TRUE
"Vitvi00g04737","Rpv12",6,5,5,3,1,2,2,2,2,2,2,4,3,TRUE,"Down",TRUE,TRUE
"Vitvi00g04752","Rpv12",6,5,4,3,1,2,2,2,1,2,0,4,1,TRUE,"Up",TRUE,TRUE
"Vitvi01g01701","Rpv12",6,5,5,3,1,2,2,2,2,2,0,4,2,TRUE,"Down",TRUE,TRUE
"Vitvi01g01751","Rpv12",6,5,5,3,1,2,2,2,2,2,2,4,2,TRUE,"Down",TRUE,TRUE
"Vitvi01g02003","Rpv12",6,5,4,3,1,2,2,2,1,2,0,4,3,TRUE,"Up",TRUE,TRUE
"Vitvi01g02242","Rpv12",6,5,5,3,1,2,2,2,2,2,1,4,3,TRUE,"Down",TRUE,TRUE
"Vitvi01g04002","Rpv12",6,5,5,3,1,2,2,2,2,2,0,4,2,TRUE,"Up",TRUE,TRUE
"Vitvi01g04028","Rpv12",6,5,5,3,1,2,2,2,2,2,0,4,0,TRUE,"Down",TRUE,TRUE
"Vitvi01g04052","Rpv12",6,5,5,3,1,2,2,2,2,2,0,4,3,TRUE,"Down",TRUE,TRUE
"Vitvi01g04191","Rpv12",6,5,5,3,1,2,2,2,2,2,2,4,3,TRUE,"Up",TRUE,TRUE
"Vitvi01g04206","Rpv12",6,5,5,3,1,2,2,2,2,2,0,4,0,TRUE,"Up",TRUE,TRUE
"Vitvi01g04207","Rpv12",6,5,5,3,1,2,2,2,2,2,2,4,2,TRUE,"Up",TRUE,TRUE
"Vitvi02g00056","Rpv12",6,5,5,3,1,2,2,2,2,2,1,4,2,TRUE,"Up",TRUE,TRUE
"Vitvi02g00436","Rpv12",6,5,4,3,1,2,2,2,1,2,0,4,2,TRUE,"Up",TRUE,TRUE
"Vitvi02g00446","Rpv12",6,5,4,3,1,2,2,2,1,2,0,4,2,TRUE,"Up",TRUE,TRUE
"Vitvi02g01621","Rpv12",6,5,5,3,1,2,2,2,2,2,0,4,2,TRUE,"Up",TRUE,TRUE
"Vitvi03g00183","Rpv12",6,5,5,3,1,2,2,2,2,2,0,4,2,TRUE,"Down",TRUE,TRUE
"Vitvi03g00542","Rpv12",6,5,4,3,1,2,2,2,1,2,0,4,2,TRUE,"Down",TRUE,TRUE
"Vitvi03g00610","Rpv12",6,5,5,3,1,2,2,2,2,2,1,4,3,TRUE,"Up",TRUE,TRUE
"Vitvi03g00661","Rpv12",6,5,5,3,1,2,2,2,2,2,0,4,1,TRUE,"Up",TRUE,TRUE
"Vitvi03g00752","Rpv12",6,5,5,3,1,2,2,2,2,2,2,4,2,TRUE,"Down",TRUE,TRUE
"Vitvi03g00860","Rpv12",6,5,4,3,1,2,2,2,1,2,0,4,2,TRUE,"Down",TRUE,TRUE
"Vitvi03g01258","Rpv12",6,5,4,3,1,2,2,2,1,2,0,4,2,TRUE,"Up",TRUE,TRUE
"Vitvi03g01649","Rpv12",6,5,5,3,1,2,2,2,2,2,0,4,0,TRUE,"Down",TRUE,TRUE
"Vitvi03g01809","Rpv12",6,5,5,3,1,2,2,2,2,2,2,4,2,TRUE,"Up",TRUE,TRUE
"Vitvi03g04047","Rpv12",6,5,5,3,1,2,2,2,2,2,1,4,3,TRUE,"Up",TRUE,TRUE
"Vitvi03g04050","Rpv12",6,5,5,3,1,2,2,2,2,2,2,4,3,TRUE,"Up",TRUE,TRUE
"Vitvi03g04196","Rpv12",6,5,5,3,1,2,2,2,2,2,2,4,3,TRUE,"Up",TRUE,TRUE
"Vitvi03g04291","Rpv12",6,5,5,3,1,2,2,2,2,2,1,4,2,TRUE,"Up",TRUE,TRUE
"Vitvi03g04400","Rpv12",6,5,5,3,1,2,2,2,2,2,1,4,3,TRUE,"Up",TRUE,TRUE
"Vitvi04g00827","Rpv12",6,5,5,3,1,2,2,2,2,2,2,4,2,TRUE,"Down",TRUE,TRUE
"Vitvi04g04009","Rpv12",6,5,5,3,1,2,2,2,2,2,2,4,2,TRUE,"Down",TRUE,TRUE
"Vitvi04g04010","Rpv12",6,5,5,3,1,2,2,2,2,2,2,4,2,TRUE,"Down",TRUE,TRUE
"Vitvi04g04011","Rpv12",6,5,5,3,1,2,2,2,2,2,2,4,2,TRUE,"Down",TRUE,TRUE
"Vitvi04g04232","Rpv12",6,5,5,3,1,2,2,2,2,2,1,4,2,TRUE,"Up",TRUE,TRUE
"Vitvi04g04448","Rpv12",6,5,4,3,1,2,2,2,1,2,0,4,3,TRUE,"Up",TRUE,TRUE
"Vitvi05g00637","Rpv12",6,5,5,3,1,2,2,2,2,2,0,4,2,TRUE,"Up",TRUE,TRUE
"Vitvi05g00913","Rpv12",6,5,4,3,1,2,2,2,1,2,0,4,2,TRUE,"Up",TRUE,TRUE
"Vitvi05g01081","Rpv12",6,5,4,3,1,2,2,2,1,2,0,4,3,TRUE,"Up",TRUE,TRUE
"Vitvi05g01159","Rpv12",6,5,4,3,1,2,2,2,1,2,0,4,1,TRUE,"Up",TRUE,TRUE
"Vitvi05g01400","Rpv12",6,5,4,3,1,2,2,2,1,2,0,4,2,TRUE,"Up",TRUE,TRUE
"Vitvi05g01435","Rpv12",6,5,5,3,1,2,2,2,2,2,0,4,1,TRUE,"Up",TRUE,TRUE
"Vitvi05g01450","Rpv12",6,5,5,3,1,2,2,2,2,2,0,4,2,TRUE,"Down",TRUE,TRUE
"Vitvi05g01579","Rpv12",6,5,5,3,1,2,2,2,2,2,2,4,2,TRUE,"Up",TRUE,TRUE
"Vitvi05g01672","Rpv12",6,5,5,3,1,2,2,2,2,2,2,4,3,TRUE,"Up",TRUE,TRUE
"Vitvi05g01674","Rpv12",6,5,4,3,1,2,2,2,1,2,2,4,2,TRUE,"Up",TRUE,TRUE
"Vitvi05g01769","Rpv12",6,5,5,3,1,2,2,2,2,2,2,4,4,TRUE,"Up",TRUE,TRUE
"Vitvi05g02074","Rpv12",6,5,4,3,1,2,2,2,1,2,0,4,2,TRUE,"Up",TRUE,TRUE
"Vitvi05g02190","Rpv12",6,5,5,3,1,2,2,2,2,2,0,4,2,TRUE,"Down",TRUE,TRUE
"Vitvi05g02197","Rpv12",6,5,5,3,1,2,2,2,2,2,0,4,1,TRUE,"Up",TRUE,TRUE
"Vitvi05g04062","Rpv12",6,5,5,3,1,2,2,2,2,2,2,4,2,TRUE,"Up",TRUE,TRUE
"Vitvi05g04232","Rpv12",6,5,4,3,1,2,2,2,1,2,0,4,2,TRUE,"Up",TRUE,TRUE
"Vitvi05g04293","Rpv12",6,5,5,3,1,2,2,2,2,2,0,4,0,TRUE,"Up",TRUE,TRUE
"Vitvi05g04312","Rpv12",6,5,5,3,1,2,2,2,2,2,0,4,2,TRUE,"Up",TRUE,TRUE
"Vitvi05g04455","Rpv12",6,5,5,3,1,2,2,2,2,2,1,4,3,TRUE,"Down",TRUE,TRUE
"Vitvi05g04487","Rpv12",6,5,5,3,1,2,2,2,2,2,0,4,2,TRUE,"Down",TRUE,TRUE
"Vitvi05g04494","Rpv12",6,5,5,3,1,2,2,2,2,2,1,4,3,TRUE,"Down",TRUE,TRUE
"Vitvi05g04535","Rpv12",6,5,4,3,1,2,2,2,1,2,0,4,2,TRUE,"Up",TRUE,TRUE
"Vitvi05g04565","Rpv12",6,5,5,3,1,2,2,2,2,2,0,4,2,TRUE,"Up",TRUE,TRUE
"Vitvi06g00463","Rpv12",6,5,4,3,1,2,2,2,1,2,1,4,2,TRUE,"Down",TRUE,TRUE
"Vitvi06g00928","Rpv12",6,5,4,3,1,2,2,2,1,2,0,4,2,TRUE,"Down",TRUE,TRUE
"Vitvi06g01762","Rpv12",6,5,4,3,1,2,2,2,1,2,0,4,2,TRUE,"Up",TRUE,TRUE
"Vitvi06g04048","Rpv12",6,5,5,3,1,2,2,2,2,2,1,4,2,TRUE,"Up",TRUE,TRUE
"Vitvi06g04121","Rpv12",6,5,5,3,1,2,2,2,2,2,2,4,2,TRUE,"Down",TRUE,TRUE
"Vitvi06g04156","Rpv12",6,5,5,3,1,2,2,2,2,2,2,4,3,TRUE,"Down",TRUE,TRUE
"Vitvi07g00468","Rpv12",6,5,4,3,1,2,2,2,1,2,0,4,3,TRUE,"Down",TRUE,TRUE
"Vitvi07g00615","Rpv12",6,5,5,3,1,2,2,2,2,2,0,4,3,TRUE,"Down",TRUE,TRUE
"Vitvi07g00890","Rpv12",6,5,5,3,1,2,2,2,2,2,2,4,3,TRUE,"Down",TRUE,TRUE
"Vitvi07g01315","Rpv12",6,5,5,3,1,2,2,2,2,2,0,4,2,TRUE,"Up",TRUE,TRUE
"Vitvi07g01718","Rpv12",6,5,5,3,1,2,2,2,2,2,1,4,3,TRUE,"Up",TRUE,TRUE
"Vitvi07g01719","Rpv12",6,5,5,3,1,2,2,2,2,2,0,4,3,TRUE,"Up",TRUE,TRUE
"Vitvi07g02323","Rpv12",6,5,5,3,1,2,2,2,2,2,2,4,3,TRUE,"Down",TRUE,TRUE
"Vitvi07g02357","Rpv12",6,5,4,3,1,2,2,2,1,2,0,4,0,TRUE,"Down",TRUE,TRUE
"Vitvi07g02402","Rpv12",6,5,5,3,1,2,2,2,2,2,1,4,2,TRUE,"Up",TRUE,TRUE
"Vitvi07g02686","Rpv12",6,5,4,3,1,2,2,2,1,2,0,4,2,TRUE,"Up",TRUE,TRUE
"Vitvi07g02900","Rpv12",6,5,4,3,1,2,2,2,1,2,0,4,4,TRUE,"Down",TRUE,TRUE
"Vitvi07g02901","Rpv12",6,5,4,3,1,2,2,2,1,2,0,4,4,TRUE,"Down",TRUE,TRUE
"Vitvi07g03083","Rpv12",6,5,5,3,1,2,2,2,2,2,0,4,2,TRUE,"Down",TRUE,TRUE
"Vitvi07g03086","Rpv12",6,5,5,3,1,2,2,2,2,2,2,4,2,TRUE,"Up",TRUE,TRUE
"Vitvi07g04167","Rpv12",6,5,5,3,1,2,2,2,2,2,2,4,3,TRUE,"Up",TRUE,TRUE
"Vitvi07g04392","Rpv12",6,5,5,3,1,2,2,2,2,2,0,4,0,TRUE,"Up",TRUE,TRUE
"Vitvi07g04561","Rpv12",6,5,5,3,1,2,2,2,2,2,1,4,2,TRUE,"Up",TRUE,TRUE
"Vitvi07g04752","Rpv12",6,5,5,3,1,2,2,2,2,2,0,4,2,TRUE,"Up",TRUE,TRUE
"Vitvi08g01235","Rpv12",6,5,5,3,1,2,2,2,2,2,2,4,3,TRUE,"Down",TRUE,TRUE
"Vitvi08g01434","Rpv12",6,5,5,3,1,2,2,2,2,2,2,4,3,TRUE,"Down",TRUE,TRUE
"Vitvi08g01847","Rpv12",6,5,4,3,1,2,2,2,1,2,0,4,2,TRUE,"Up",TRUE,TRUE
"Vitvi08g02166","Rpv12",6,5,5,3,1,2,2,2,2,2,2,4,3,TRUE,"Down",TRUE,TRUE
"Vitvi08g04284","Rpv12",6,5,5,3,1,2,2,2,2,2,1,4,3,TRUE,"Down",TRUE,TRUE
"Vitvi08g04377","Rpv12",6,5,5,3,1,2,2,2,2,2,0,4,2,TRUE,"Down",TRUE,TRUE
"Vitvi09g00241","Rpv12",6,5,4,3,1,2,2,2,1,2,0,4,2,TRUE,"Up",TRUE,TRUE
"Vitvi09g00253","Rpv12",6,5,5,3,1,2,2,2,2,2,0,4,2,TRUE,"Up",TRUE,TRUE
"Vitvi09g00255","Rpv12",6,5,5,3,1,2,2,2,2,2,0,4,2,TRUE,"Up",TRUE,TRUE
"Vitvi09g00419","Rpv12",6,5,5,3,1,2,2,2,2,2,2,4,3,TRUE,"Up",TRUE,TRUE
"Vitvi09g00535","Rpv12",6,5,5,3,1,2,2,2,2,2,1,4,2,TRUE,"Up",TRUE,TRUE
"Vitvi09g00867","Rpv12",6,5,5,3,1,2,2,2,2,2,2,4,2,TRUE,"Down",TRUE,TRUE
"Vitvi09g01026","Rpv12",6,5,5,3,1,2,2,2,2,2,1,4,2,TRUE,"Up",TRUE,TRUE
"Vitvi09g01187","Rpv12",6,5,5,3,1,2,2,2,2,2,0,4,2,TRUE,"Up",TRUE,TRUE
"Vitvi09g01214","Rpv12",6,5,5,3,1,2,2,2,2,2,2,4,2,TRUE,"Up",TRUE,TRUE
"Vitvi09g01309","Rpv12",6,5,4,3,1,2,2,2,1,2,0,4,2,TRUE,"Down",TRUE,TRUE
"Vitvi09g01329","Rpv12",6,5,5,3,1,2,2,2,2,2,0,4,0,TRUE,"Up",TRUE,TRUE
"Vitvi09g01376","Rpv12",6,5,5,3,1,2,2,2,2,2,1,4,2,TRUE,"Up",TRUE,TRUE
"Vitvi09g01390","Rpv12",6,5,5,3,1,2,2,2,2,2,1,4,3,TRUE,"Up",TRUE,TRUE
"Vitvi09g01592","Rpv12",6,5,5,3,1,2,2,2,2,2,2,4,3,TRUE,"Up",TRUE,TRUE
"Vitvi09g01693","Rpv12",6,5,5,3,1,2,2,2,2,2,0,4,1,TRUE,"Up",TRUE,TRUE
"Vitvi09g01698","Rpv12",6,5,5,3,1,2,2,2,2,2,2,4,2,TRUE,"Up",TRUE,TRUE
"Vitvi09g01764","Rpv12",6,5,4,3,1,2,2,2,1,2,0,4,3,TRUE,"Down",TRUE,TRUE
"Vitvi09g01807","Rpv12",6,5,5,3,1,2,2,2,2,2,2,4,3,TRUE,"Up",TRUE,TRUE
"Vitvi09g02033","Rpv12",6,5,5,3,1,2,2,2,2,2,1,4,3,TRUE,"Up",TRUE,TRUE
"Vitvi09g02034","Rpv12",6,5,4,3,1,2,2,2,1,2,0,4,2,TRUE,"Up",TRUE,TRUE
"Vitvi09g04078","Rpv12",6,5,5,3,1,2,2,2,2,2,0,4,3,TRUE,"Up",TRUE,TRUE
"Vitvi09g04119","Rpv12",6,5,5,3,1,2,2,2,2,2,0,4,0,TRUE,"Down",TRUE,TRUE
"Vitvi09g04166","Rpv12",6,5,5,3,1,2,2,2,2,2,0,4,2,TRUE,"Up",TRUE,TRUE
"Vitvi09g04170","Rpv12",6,5,4,3,1,2,2,2,1,2,0,4,4,TRUE,"Down",TRUE,TRUE
"Vitvi09g04211","Rpv12",6,5,5,3,1,2,2,2,2,2,0,4,0,TRUE,"Up",TRUE,TRUE
"Vitvi09g04212","Rpv12",6,5,5,3,1,2,2,2,2,2,1,4,2,TRUE,"Up",TRUE,TRUE
"Vitvi09g04222","Rpv12",6,5,5,3,1,2,2,2,2,2,1,4,3,TRUE,"Up",TRUE,TRUE
"Vitvi09g04280","Rpv12",6,5,5,3,1,2,2,2,2,2,2,4,3,TRUE,"Down",TRUE,TRUE
"Vitvi09g04286","Rpv12",6,5,5,3,1,2,2,2,2,2,0,4,2,TRUE,"Down",TRUE,TRUE
"Vitvi09g04292","Rpv12",6,5,5,3,1,2,2,2,2,2,0,4,2,TRUE,"Down",TRUE,TRUE
"Vitvi09g04415","Rpv12",6,5,5,3,1,2,2,2,2,2,0,4,3,TRUE,"Up",TRUE,TRUE
"Vitvi09g04416","Rpv12",6,5,5,3,1,2,2,2,2,2,1,4,3,TRUE,"Up",TRUE,TRUE
"Vitvi09g04421","Rpv12",6,5,4,3,1,2,2,2,1,2,0,4,2,TRUE,"Up",TRUE,TRUE
"Vitvi09g04473","Rpv12",6,5,5,3,1,2,2,2,2,2,1,4,3,TRUE,"Up",TRUE,TRUE
"Vitvi09g04535","Rpv12",6,5,5,3,1,2,2,2,2,2,1,4,2,TRUE,"Up",TRUE,TRUE
"Vitvi09g04537","Rpv12",6,5,5,3,1,2,2,2,2,2,1,4,2,TRUE,"Up",TRUE,TRUE
"Vitvi09g04564","Rpv12",6,5,5,3,1,2,2,2,2,2,1,4,2,TRUE,"Up",TRUE,TRUE
"Vitvi10g00017","Rpv12",6,5,5,3,1,2,2,2,2,2,0,4,3,TRUE,"Down",TRUE,TRUE
"Vitvi10g00806","Rpv12",6,5,4,3,1,2,2,2,1,2,0,4,2,TRUE,"Up",TRUE,TRUE
"Vitvi10g02023","Rpv12",6,5,4,3,1,2,2,2,1,2,0,4,2,TRUE,"Up",TRUE,TRUE
"Vitvi10g04029","Rpv12",6,5,4,3,1,2,2,2,1,2,0,4,3,TRUE,"Down",TRUE,TRUE
"Vitvi10g04085","Rpv12",6,5,4,3,1,2,2,2,1,2,0,4,4,TRUE,"Down",TRUE,TRUE
"Vitvi10g04508","Rpv12",6,5,5,3,1,2,2,2,2,2,0,4,2,TRUE,"Up",TRUE,TRUE
"Vitvi10g04691","Rpv12",6,5,5,3,1,2,2,2,2,2,0,4,0,TRUE,"Up",TRUE,TRUE
"Vitvi11g00098","Rpv12",6,5,4,3,1,2,2,2,1,2,0,4,2,TRUE,"Down",TRUE,TRUE
"Vitvi11g00286","Rpv12",6,5,4,3,1,2,2,2,1,2,0,4,3,TRUE,"Down",TRUE,TRUE
"Vitvi11g00356","Rpv12",6,5,5,3,1,2,2,2,2,2,2,4,2,TRUE,"Down",TRUE,TRUE
"Vitvi11g00821","Rpv12",6,5,5,3,1,2,2,2,2,2,0,4,0,TRUE,"Down",TRUE,TRUE
"Vitvi11g01251","Rpv12",6,5,4,3,1,2,2,2,1,2,0,4,2,TRUE,"Up",TRUE,TRUE
"Vitvi11g01446","Rpv12",6,5,4,3,1,2,2,2,1,2,2,4,2,TRUE,"Down",TRUE,TRUE
"Vitvi11g01637","Rpv12",6,5,4,3,1,2,2,2,1,2,0,4,2,TRUE,"Up",TRUE,TRUE
"Vitvi12g00183","Rpv12",6,5,5,3,1,2,2,2,2,2,2,4,2,TRUE,"Down",TRUE,TRUE
"Vitvi12g00342","Rpv12",6,5,4,3,1,2,2,2,1,2,0,4,2,TRUE,"Down",TRUE,TRUE
"Vitvi12g00691","Rpv12",6,5,4,3,1,2,2,2,1,2,0,4,2,TRUE,"Up",TRUE,TRUE
"Vitvi12g01776","Rpv12",6,5,5,3,1,2,2,2,2,2,1,4,2,TRUE,"Down",TRUE,TRUE
"Vitvi12g01813","Rpv12",6,5,4,3,1,2,2,2,1,2,0,4,2,TRUE,"Down",TRUE,TRUE
"Vitvi12g01881","Rpv12",6,5,4,3,1,2,2,2,1,2,0,4,2,TRUE,"Up",TRUE,TRUE
"Vitvi12g01882","Rpv12",6,5,5,3,1,2,2,2,2,2,0,4,2,TRUE,"Up",TRUE,TRUE
"Vitvi12g01885","Rpv12",6,5,5,3,1,2,2,2,2,2,0,4,3,TRUE,"Up",TRUE,TRUE
"Vitvi12g01921","Rpv12",6,5,5,3,1,2,2,2,2,2,2,4,2,TRUE,"Up",TRUE,TRUE
"Vitvi12g01939","Rpv12",6,5,5,3,1,2,2,2,2,2,1,4,3,TRUE,"Up",TRUE,TRUE
"Vitvi12g02011","Rpv12",6,5,5,3,1,2,2,2,2,2,2,4,2,TRUE,"Up",TRUE,TRUE
"Vitvi12g02066","Rpv12",6,5,5,3,1,2,2,2,2,2,2,4,2,TRUE,"Down",TRUE,TRUE
"Vitvi12g02191","Rpv12",6,5,5,3,1,2,2,2,2,2,0,4,2,TRUE,"Up",TRUE,TRUE
"Vitvi12g02247","Rpv12",6,5,4,3,1,2,2,2,1,2,0,4,2,TRUE,"Down",TRUE,TRUE
"Vitvi12g02545","Rpv12",6,5,5,3,1,2,2,2,2,2,0,4,3,TRUE,"Up",TRUE,TRUE
"Vitvi12g02621","Rpv12",6,5,5,3,1,2,2,2,2,2,1,4,2,TRUE,"Down",TRUE,TRUE
"Vitvi12g02678","Rpv12",6,5,5,3,1,2,2,2,2,2,2,4,2,TRUE,"Up",TRUE,TRUE
"Vitvi12g02682","Rpv12",6,5,5,3,1,2,2,2,2,2,0,4,1,TRUE,"Up",TRUE,TRUE
"Vitvi12g02701","Rpv12",6,5,5,3,1,2,2,2,2,2,1,4,3,TRUE,"Down",TRUE,TRUE
"Vitvi12g02735","Rpv12",6,5,5,3,1,2,2,2,2,2,0,4,3,TRUE,"Down",TRUE,TRUE
"Vitvi12g02753","Rpv12",6,5,4,3,1,2,2,2,1,2,0,4,2,TRUE,"Down",TRUE,TRUE
"Vitvi12g04106","Rpv12",6,5,4,3,1,2,2,2,1,2,0,4,2,TRUE,"Up",TRUE,TRUE
"Vitvi12g04108","Rpv12",6,5,5,3,1,2,2,2,2,2,2,4,2,TRUE,"Up",TRUE,TRUE
"Vitvi12g04173","Rpv12",6,5,5,3,1,2,2,2,2,2,0,4,2,TRUE,"Down",TRUE,TRUE
"Vitvi12g04227","Rpv12",6,5,5,3,1,2,2,2,2,2,0,4,4,TRUE,"Up",TRUE,TRUE
"Vitvi12g04285","Rpv12",6,5,4,3,1,2,2,2,1,2,0,4,2,TRUE,"Up",TRUE,TRUE
"Vitvi12g04365","Rpv12",6,5,5,3,1,2,2,2,2,2,0,4,1,TRUE,"Up",TRUE,TRUE
"Vitvi12g04404","Rpv12",6,5,5,3,1,2,2,2,2,2,2,4,4,TRUE,"Up",TRUE,TRUE
"Vitvi12g04444","Rpv12",6,5,4,3,1,2,2,2,1,2,0,4,3,TRUE,"Up",TRUE,TRUE
"Vitvi12g04463","Rpv12",6,5,5,3,1,2,2,2,2,2,1,4,3,TRUE,"Up",TRUE,TRUE
"Vitvi12g04467","Rpv12",6,5,4,3,1,2,2,2,1,2,0,4,2,TRUE,"Up",TRUE,TRUE
"Vitvi12g04498","Rpv12",6,5,5,3,1,2,2,2,2,2,0,4,2,TRUE,"Up",TRUE,TRUE
"Vitvi12g04505","Rpv12",6,5,5,3,1,2,2,2,2,2,0,4,3,TRUE,"Up",TRUE,TRUE
"Vitvi12g04515","Rpv12",6,5,5,3,1,2,2,2,2,2,0,4,2,TRUE,"Up",TRUE,TRUE
"Vitvi12g04518","Rpv12",6,5,5,3,1,2,2,2,2,2,1,4,3,TRUE,"Up",TRUE,TRUE
"Vitvi12g04523","Rpv12",6,5,5,3,1,2,2,2,2,2,0,4,2,TRUE,"Up",TRUE,TRUE
"Vitvi12g04536","Rpv12",6,5,5,3,1,2,2,2,2,2,0,4,2,TRUE,"Up",TRUE,TRUE
"Vitvi12g04539","Rpv12",6,5,5,3,1,2,2,2,2,2,0,4,2,TRUE,"Up",TRUE,TRUE
"Vitvi12g04543","Rpv12",6,5,5,3,1,2,2,2,2,2,1,4,2,TRUE,"Up",TRUE,TRUE
"Vitvi12g04545","Rpv12",6,5,5,3,1,2,2,2,2,2,2,4,2,TRUE,"Up",TRUE,TRUE
"Vitvi12g04548","Rpv12",6,5,5,3,1,2,2,2,2,2,2,4,2,TRUE,"Up",TRUE,TRUE
"Vitvi12g04563","Rpv12",6,5,5,3,1,2,2,2,2,2,2,4,2,TRUE,"Down",TRUE,TRUE
"Vitvi12g04595","Rpv12",6,5,5,3,1,2,2,2,2,2,1,4,2,TRUE,"Down",TRUE,TRUE
"Vitvi12g04597","Rpv12",6,5,5,3,1,2,2,2,2,2,2,4,3,TRUE,"Up",TRUE,TRUE
"Vitvi12g04598","Rpv12",6,5,5,3,1,2,2,2,2,2,2,4,4,TRUE,"Up",TRUE,TRUE
"Vitvi12g04607","Rpv12",6,5,5,3,1,2,2,2,2,2,2,4,2,TRUE,"Up",TRUE,TRUE
"Vitvi12g04630","Rpv12",6,5,5,3,1,2,2,2,2,2,1,4,2,TRUE,"Down",TRUE,TRUE
"Vitvi12g04631","Rpv12",6,5,5,3,1,2,2,2,2,2,1,4,4,TRUE,"Down",TRUE,TRUE
"Vitvi13g00452","Rpv12",6,5,4,3,1,2,2,2,1,2,0,4,2,TRUE,"Up",TRUE,TRUE
"Vitvi13g01608","Rpv12",6,5,5,3,1,2,2,2,2,2,1,4,3,TRUE,"Down",TRUE,TRUE
"Vitvi13g01616","Rpv12",6,5,5,3,1,2,2,2,2,2,0,4,2,TRUE,"Down",TRUE,TRUE
"Vitvi13g01638","Rpv12",6,5,5,3,1,2,2,2,2,2,2,4,4,TRUE,"Down",TRUE,TRUE
"Vitvi13g01889","Rpv12",6,5,5,3,1,2,2,2,2,2,1,4,2,TRUE,"Up",TRUE,TRUE
"Vitvi13g01984","Rpv12",6,5,5,3,1,2,2,2,2,2,0,4,4,TRUE,"Down",TRUE,TRUE
"Vitvi13g02285","Rpv12",6,5,4,3,1,2,2,2,1,2,0,4,1,TRUE,"Up",TRUE,TRUE
"Vitvi13g04267","Rpv12",6,5,4,3,1,2,2,2,1,2,0,4,0,TRUE,"Down",TRUE,TRUE
"Vitvi13g04446","Rpv12",6,5,4,3,1,2,2,2,1,2,0,4,2,TRUE,"Up",TRUE,TRUE
"Vitvi13g04528","Rpv12",6,5,5,3,1,2,2,2,2,2,1,4,2,TRUE,"Down",TRUE,TRUE
"Vitvi13g04536","Rpv12",6,5,5,3,1,2,2,2,2,2,0,4,2,TRUE,"Down",TRUE,TRUE
"Vitvi13g04677","Rpv12",6,5,5,3,1,2,2,2,2,2,2,4,4,TRUE,"Down",TRUE,TRUE
"Vitvi13g04699","Rpv12",6,5,5,3,1,2,2,2,2,2,2,4,2,TRUE,"Down",TRUE,TRUE
"Vitvi13g04706","Rpv12",6,5,5,3,1,2,2,2,2,2,2,4,2,TRUE,"Down",TRUE,TRUE
"Vitvi14g00647","Rpv12",6,5,5,3,1,2,2,2,2,2,0,4,2,TRUE,"Up",TRUE,TRUE
"Vitvi14g00656","Rpv12",6,5,5,3,1,2,2,2,2,2,0,4,0,TRUE,"Up",TRUE,TRUE
"Vitvi14g00668","Rpv12",6,5,5,3,1,2,2,2,2,2,2,4,3,TRUE,"Up",TRUE,TRUE
"Vitvi14g01858","Rpv12",6,5,5,3,1,2,2,2,2,2,1,4,2,TRUE,"Up",TRUE,TRUE
"Vitvi14g01859","Rpv12",6,5,5,3,1,2,2,2,2,2,1,4,2,TRUE,"Up",TRUE,TRUE
"Vitvi14g02663","Rpv12",6,5,5,3,1,2,2,2,2,2,2,4,2,TRUE,"Up",TRUE,TRUE
"Vitvi14g02707","Rpv12",6,5,5,3,1,2,2,2,2,2,0,4,2,TRUE,"Up",TRUE,TRUE
"Vitvi14g02923","Rpv12",6,5,4,3,1,2,2,2,1,2,0,4,2,TRUE,"Down",TRUE,TRUE
"Vitvi14g04248","Rpv12",6,5,5,3,1,2,2,2,2,2,0,4,1,TRUE,"Up",TRUE,TRUE
"Vitvi14g04255","Rpv12",6,5,5,3,1,2,2,2,2,2,1,4,3,TRUE,"Up",TRUE,TRUE
"Vitvi14g04449","Rpv12",6,5,5,3,1,2,2,2,2,2,0,4,2,TRUE,"Up",TRUE,TRUE
"Vitvi14g04450","Rpv12",6,5,5,3,1,2,2,2,2,2,0,4,2,TRUE,"Up",TRUE,TRUE
"Vitvi14g04653","Rpv12",6,5,5,3,1,2,2,2,2,2,1,4,2,TRUE,"Up",TRUE,TRUE
"Vitvi15g01247","Rpv12",6,5,5,3,1,2,2,2,2,2,1,4,3,TRUE,"Up",TRUE,TRUE
"Vitvi15g04150","Rpv12",6,5,4,3,1,2,2,2,1,2,0,4,2,TRUE,"Up",TRUE,TRUE
"Vitvi15g04365","Rpv12",6,5,5,3,1,2,2,2,2,2,1,4,3,TRUE,"Up",TRUE,TRUE
"Vitvi15g04378","Rpv12",6,5,5,3,1,2,2,2,2,2,0,4,1,TRUE,"Up",TRUE,TRUE
"Vitvi15g04379","Rpv12",6,5,4,3,1,2,2,2,1,2,0,4,1,TRUE,"Up",TRUE,TRUE
"Vitvi15g04461","Rpv12",6,5,5,3,1,2,2,2,2,2,2,4,2,TRUE,"Up",TRUE,TRUE
"Vitvi16g01303","Rpv12",6,5,4,3,1,2,2,2,1,2,0,4,2,TRUE,"Up",TRUE,TRUE
"Vitvi16g01733","Rpv12",6,5,5,3,1,2,2,2,2,2,2,4,2,TRUE,"Up",TRUE,TRUE
"Vitvi16g01796","Rpv12",6,5,5,3,1,2,2,2,2,2,0,4,3,TRUE,"Up",TRUE,TRUE
"Vitvi16g01935","Rpv12",6,5,5,3,1,2,2,2,2,2,0,4,0,TRUE,"Up",TRUE,TRUE
"Vitvi16g02116","Rpv12",6,5,5,3,1,2,2,2,2,2,0,4,4,TRUE,"Up",TRUE,TRUE
"Vitvi16g04012","Rpv12",6,5,5,3,1,2,2,2,2,2,1,4,2,TRUE,"Up",TRUE,TRUE
"Vitvi16g04154","Rpv12",6,5,4,3,1,2,2,2,1,2,0,4,2,TRUE,"Up",TRUE,TRUE
"Vitvi16g04191","Rpv12",6,5,5,3,1,2,2,2,2,2,0,4,0,TRUE,"Up",TRUE,TRUE
"Vitvi16g04222","Rpv12",6,5,4,3,1,2,2,2,1,2,0,4,2,TRUE,"Up",TRUE,TRUE
"Vitvi16g04448","Rpv12",6,5,4,3,1,2,2,2,1,2,0,4,3,TRUE,"Up",TRUE,TRUE
"Vitvi16g04451","Rpv12",6,5,4,3,1,2,2,2,1,2,0,4,2,TRUE,"Up",TRUE,TRUE
"Vitvi17g00340","Rpv12",6,5,4,3,1,2,2,2,1,2,0,4,2,TRUE,"Up",TRUE,TRUE
"Vitvi17g01015","Rpv12",6,5,5,3,1,2,2,2,2,2,1,4,2,TRUE,"Down",TRUE,TRUE
"Vitvi17g01495","Rpv12",6,5,5,3,1,2,2,2,2,2,0,4,3,TRUE,"Up",TRUE,TRUE
"Vitvi17g04091","Rpv12",6,5,4,3,1,2,2,2,1,2,0,4,3,TRUE,"Down",TRUE,TRUE
"Vitvi17g04275","Rpv12",6,5,5,3,1,2,2,2,2,2,0,4,2,TRUE,"Down",TRUE,TRUE
"Vitvi18g00106","Rpv12",6,5,5,3,1,2,2,2,2,2,2,4,2,TRUE,"Up",TRUE,TRUE
"Vitvi18g00191","Rpv12",6,5,5,3,1,2,2,2,2,2,1,4,2,TRUE,"Up",TRUE,TRUE
"Vitvi18g00731","Rpv12",6,5,4,3,1,2,2,2,1,2,0,4,2,TRUE,"Down",TRUE,TRUE
"Vitvi18g00878","Rpv12",6,5,4,3,1,2,2,2,1,2,0,4,2,TRUE,"Up",TRUE,TRUE
"Vitvi18g01959","Rpv12",6,5,5,3,1,2,2,2,2,2,2,4,3,TRUE,"Up",TRUE,TRUE
"Vitvi18g01980","Rpv12",6,5,5,3,1,2,2,2,2,2,2,4,3,TRUE,"Up",TRUE,TRUE
"Vitvi18g02478","Rpv12",6,5,5,3,1,2,2,2,2,2,0,4,2,TRUE,"Down",TRUE,TRUE
"Vitvi18g02479","Rpv12",6,5,4,3,1,2,2,2,1,2,0,4,2,TRUE,"Down",TRUE,TRUE
"Vitvi18g02490","Rpv12",6,5,5,3,1,2,2,2,2,2,0,4,2,TRUE,"Up",TRUE,TRUE
"Vitvi18g02494","Rpv12",6,5,4,3,1,2,2,2,1,2,1,4,2,TRUE,"Up",TRUE,TRUE
"Vitvi18g02695","Rpv12",6,5,5,3,1,2,2,2,2,2,1,4,2,TRUE,"Up",TRUE,TRUE
"Vitvi18g02819","Rpv12",6,5,5,3,1,2,2,2,2,2,1,4,4,TRUE,"Up",TRUE,TRUE
"Vitvi18g04003","Rpv12",6,5,5,3,1,2,2,2,2,2,1,4,2,TRUE,"Down",TRUE,TRUE
"Vitvi18g04004","Rpv12",6,5,5,3,1,2,2,2,2,2,1,4,2,TRUE,"Down",TRUE,TRUE
"Vitvi18g04028","Rpv12",6,5,4,3,1,2,2,2,1,2,0,4,2,TRUE,"Down",TRUE,TRUE
"Vitvi18g04440","Rpv12",6,5,5,3,1,2,2,2,2,2,1,4,2,TRUE,"Up",TRUE,TRUE
"Vitvi18g04551","Rpv12",6,5,5,3,1,2,2,2,2,2,2,4,2,TRUE,"Up",TRUE,TRUE
"Vitvi18g04646","Rpv12",6,5,5,3,1,2,2,2,2,2,2,4,2,TRUE,"Up",TRUE,TRUE
"Vitvi18g04656","Rpv12",6,5,5,3,1,2,2,2,2,2,0,4,2,TRUE,"Down",TRUE,TRUE
"Vitvi18g04660","Rpv12",6,5,5,3,1,2,2,2,2,2,2,4,3,TRUE,"Up",TRUE,TRUE
"Vitvi18g04748","Rpv12",6,5,5,3,1,2,2,2,2,2,0,4,0,TRUE,"Up",TRUE,TRUE
"Vitvi18g04749","Rpv12",6,5,5,3,1,2,2,2,2,2,1,4,2,TRUE,"Up",TRUE,TRUE
"Vitvi19g00166","Rpv12",6,5,5,3,1,2,2,2,2,2,0,4,2,TRUE,"Up",TRUE,TRUE
"Vitvi19g00174","Rpv12",6,5,4,3,1,2,2,2,1,2,0,4,2,TRUE,"Up",TRUE,TRUE
"Vitvi19g00339","Rpv12",6,5,4,3,1,2,2,2,1,2,0,4,2,TRUE,"Up",TRUE,TRUE
"Vitvi19g00476","Rpv12",6,5,4,3,1,2,2,2,1,2,0,4,4,TRUE,"Down",TRUE,TRUE
"Vitvi19g00978","Rpv12",6,5,4,3,1,2,2,2,1,2,0,4,2,TRUE,"Up",TRUE,TRUE
"Vitvi19g01307","Rpv12",6,5,5,3,1,2,2,2,2,2,0,4,2,TRUE,"Up",TRUE,TRUE
"Vitvi19g01610","Rpv12",6,5,5,3,1,2,2,2,2,2,2,4,3,TRUE,"Down",TRUE,TRUE
"Vitvi19g01612","Rpv12",6,5,5,3,1,2,2,2,2,2,2,4,2,TRUE,"Down",TRUE,TRUE
"Vitvi19g01720","Rpv12",6,5,5,3,1,2,2,2,2,2,2,4,4,TRUE,"Up",TRUE,TRUE
"Vitvi19g01790","Rpv12",6,5,5,3,1,2,2,2,2,2,2,4,2,TRUE,"Down",TRUE,TRUE
"Vitvi19g04005","Rpv12",6,5,4,3,1,2,2,2,1,2,0,4,2,TRUE,"Up",TRUE,TRUE
"Vitvi19g04006","Rpv12",6,5,5,3,1,2,2,2,2,2,1,4,3,TRUE,"Up",TRUE,TRUE
"Vitvi19g04070","Rpv12",6,5,5,3,1,2,2,2,2,2,1,4,3,TRUE,"Up",TRUE,TRUE
"Vitvi19g04074","Rpv12",6,5,5,3,1,2,2,2,2,2,0,4,2,TRUE,"Up",TRUE,TRUE
"Vitvi19g04075","Rpv12",6,5,5,3,1,2,2,2,2,2,0,4,1,TRUE,"Up",TRUE,TRUE
"Vitvi19g04105","Rpv12",6,5,5,3,1,2,2,2,2,2,0,4,2,TRUE,"Up",TRUE,TRUE
"Vitvi19g04196","Rpv12",6,5,4,3,1,2,2,2,1,2,0,4,2,TRUE,"Up",TRUE,TRUE
"Vitvi19g04259","Rpv12",6,5,5,3,1,2,2,2,2,2,2,4,3,TRUE,"Down",TRUE,TRUE
"Vitvi19g04541","Rpv12",6,5,5,3,1,2,2,2,2,2,0,4,0,TRUE,"Up",TRUE,TRUE
"Vitvi19g04572","Rpv12",6,5,5,3,1,2,2,2,2,2,1,4,2,TRUE,"Down",TRUE,TRUE
"Vitvi00g04006","Rpv12",24,5,5,3,1,2,2,2,2,2,2,4,2,TRUE,"Up",TRUE,TRUE
"Vitvi00g04252","Rpv12",24,5,5,3,1,2,2,2,2,2,0,4,2,TRUE,"Down",TRUE,TRUE
"Vitvi00g04274","Rpv12",24,5,4,3,1,2,2,2,1,2,0,4,2,TRUE,"Down",TRUE,TRUE
"Vitvi00g04313","Rpv12",24,5,5,3,1,2,2,2,2,2,2,4,3,TRUE,"Up",TRUE,TRUE
"Vitvi00g04449","Rpv12",24,5,5,3,1,2,2,2,2,2,2,4,2,TRUE,"Up",TRUE,TRUE
"Vitvi00g04498","Rpv12",24,5,5,3,1,2,2,2,2,2,0,4,2,TRUE,"Down",TRUE,TRUE
"Vitvi00g04499","Rpv12",24,5,5,3,1,2,2,2,2,2,2,4,2,TRUE,"Down",TRUE,TRUE
"Vitvi00g04500","Rpv12",24,5,5,3,1,2,2,2,2,2,2,4,2,TRUE,"Down",TRUE,TRUE
"Vitvi00g04501","Rpv12",24,5,4,3,1,2,2,2,1,2,0,4,2,TRUE,"Down",TRUE,TRUE
"Vitvi00g04508","Rpv12",24,5,5,3,1,2,2,2,2,2,2,4,2,TRUE,"Down",TRUE,TRUE
"Vitvi00g04555","Rpv12",24,5,4,3,1,2,2,2,1,2,0,4,2,TRUE,"Down",TRUE,TRUE
"Vitvi00g04629","Rpv12",24,5,4,3,1,2,2,2,1,2,0,4,2,TRUE,"Down",TRUE,TRUE
"Vitvi00g04634","Rpv12",24,5,5,3,1,2,2,2,2,2,2,4,2,TRUE,"Down",TRUE,TRUE
"Vitvi00g04671","Rpv12",24,5,4,3,1,2,2,2,1,2,0,4,2,TRUE,"Down",TRUE,TRUE
"Vitvi00g04704","Rpv12",24,5,5,3,1,2,2,2,2,2,2,4,2,TRUE,"Up",TRUE,TRUE
"Vitvi00g04706","Rpv12",24,5,5,3,1,2,2,2,2,2,0,4,2,TRUE,"Up",TRUE,TRUE
"Vitvi00g04707","Rpv12",24,5,4,3,1,2,2,2,1,2,0,4,2,TRUE,"Up",TRUE,TRUE
"Vitvi00g04728","Rpv12",24,5,5,3,1,2,2,2,2,2,2,4,4,TRUE,"Down",TRUE,TRUE
"Vitvi00g04737","Rpv12",24,5,5,3,1,2,2,2,2,2,2,4,3,TRUE,"Down",TRUE,TRUE
"Vitvi00g04777","Rpv12",24,5,4,3,1,2,2,2,1,2,0,4,2,TRUE,"Down",TRUE,TRUE
"Vitvi00g04831","Rpv12",24,5,5,3,1,2,2,2,2,2,0,4,1,TRUE,"Down",TRUE,TRUE
"Vitvi01g00034","Rpv12",24,5,4,3,1,2,2,2,1,2,0,4,2,TRUE,"Down",TRUE,TRUE
"Vitvi01g00048","Rpv12",24,5,4,3,1,2,2,2,1,2,0,4,2,TRUE,"Down",TRUE,TRUE
"Vitvi01g00083","Rpv12",24,5,5,3,1,2,2,2,2,2,2,4,3,TRUE,"Down",TRUE,TRUE
"Vitvi01g00088","Rpv12",24,5,5,3,1,2,2,2,2,2,1,4,2,TRUE,"Down",TRUE,TRUE
"Vitvi01g00191","Rpv12",24,5,4,3,1,2,2,2,1,2,0,4,2,TRUE,"Down",TRUE,TRUE
"Vitvi01g00193","Rpv12",24,5,5,3,1,2,2,2,2,2,0,4,2,TRUE,"Down",TRUE,TRUE
"Vitvi01g00465","Rpv12",24,5,4,3,1,2,2,2,1,2,0,4,2,TRUE,"Down",TRUE,TRUE
"Vitvi01g00525","Rpv12",24,5,4,3,1,2,2,2,1,2,0,4,2,TRUE,"Down",TRUE,TRUE
"Vitvi01g00558","Rpv12",24,5,5,3,1,2,2,2,2,2,2,4,2,TRUE,"Down",TRUE,TRUE
"Vitvi01g00612","Rpv12",24,5,4,3,1,2,2,2,1,2,0,4,2,TRUE,"Down",TRUE,TRUE
"Vitvi01g00812","Rpv12",24,5,5,3,1,2,2,2,2,2,2,4,2,TRUE,"Down",TRUE,TRUE
"Vitvi01g00889","Rpv12",24,5,5,3,1,2,2,2,2,2,1,4,2,TRUE,"Down",TRUE,TRUE
"Vitvi01g01536","Rpv12",24,5,5,3,1,2,2,2,2,2,0,4,2,TRUE,"Down",TRUE,TRUE
"Vitvi01g01611","Rpv12",24,5,5,3,1,2,2,2,2,2,0,4,2,TRUE,"Down",TRUE,TRUE
"Vitvi01g01701","Rpv12",24,5,5,3,1,2,2,2,2,2,2,4,2,TRUE,"Down",TRUE,TRUE
"Vitvi01g01751","Rpv12",24,5,5,3,1,2,2,2,2,2,2,4,2,TRUE,"Down",TRUE,TRUE
"Vitvi01g01852","Rpv12",24,5,5,3,1,2,2,2,2,2,2,4,3,TRUE,"Down",TRUE,TRUE
"Vitvi01g01919","Rpv12",24,5,4,3,1,2,2,2,1,2,0,4,2,TRUE,"Up",TRUE,TRUE
"Vitvi01g01932","Rpv12",24,5,4,3,1,2,2,2,1,2,0,4,2,TRUE,"Down",TRUE,TRUE
"Vitvi01g01987","Rpv12",24,5,4,3,1,2,2,2,1,2,0,4,2,TRUE,"Down",TRUE,TRUE
"Vitvi01g02047","Rpv12",24,5,5,3,1,2,2,2,2,2,2,4,3,TRUE,"Up",TRUE,TRUE
"Vitvi01g02201","Rpv12",24,5,4,3,1,2,2,2,1,2,1,4,2,TRUE,"Up",TRUE,TRUE
"Vitvi01g02242","Rpv12",24,5,5,3,1,2,2,2,2,2,2,4,3,TRUE,"Down",TRUE,TRUE
"Vitvi01g04052","Rpv12",24,5,5,3,1,2,2,2,2,2,2,4,2,TRUE,"Down",TRUE,TRUE
"Vitvi01g04132","Rpv12",24,5,5,3,1,2,2,2,2,2,2,4,4,TRUE,"Up",TRUE,TRUE
"Vitvi01g04191","Rpv12",24,5,5,3,1,2,2,2,2,2,2,4,3,TRUE,"Up",TRUE,TRUE
"Vitvi01g04206","Rpv12",24,5,5,3,1,2,2,2,2,2,0,4,2,TRUE,"Up",TRUE,TRUE
"Vitvi01g04207","Rpv12",24,5,5,3,1,2,2,2,2,2,2,4,3,TRUE,"Up",TRUE,TRUE
"Vitvi01g04283","Rpv12",24,5,5,3,1,2,2,2,2,2,0,4,3,TRUE,"Down",TRUE,TRUE
"Vitvi02g00066","Rpv12",24,5,4,3,1,2,2,2,1,2,0,4,2,TRUE,"Down",TRUE,TRUE
"Vitvi02g00226","Rpv12",24,5,4,3,1,2,2,2,1,2,0,4,1,TRUE,"Down",TRUE,TRUE
"Vitvi02g00378","Rpv12",24,5,5,3,1,2,2,2,2,2,2,4,3,TRUE,"Up",TRUE,TRUE
"Vitvi02g00391","Rpv12",24,5,4,3,1,2,2,2,1,2,0,4,2,TRUE,"Down",TRUE,TRUE
"Vitvi02g00393","Rpv12",24,5,4,3,1,2,2,2,1,2,0,4,2,TRUE,"Down",TRUE,TRUE
"Vitvi02g00575","Rpv12",24,5,5,3,1,2,2,2,2,2,2,4,2,TRUE,"Up",TRUE,TRUE
"Vitvi02g00666","Rpv12",24,5,5,3,1,2,2,2,2,2,1,4,2,TRUE,"Up",TRUE,TRUE
"Vitvi02g00673","Rpv12",24,5,4,3,1,2,2,2,1,2,0,4,2,TRUE,"Down",TRUE,TRUE
"Vitvi02g01001","Rpv12",24,5,4,3,1,2,2,2,1,2,0,4,2,TRUE,"Down",TRUE,TRUE
"Vitvi02g01003","Rpv12",24,5,5,3,1,2,2,2,2,2,2,4,2,TRUE,"Up",TRUE,TRUE
"Vitvi02g01004","Rpv12",24,5,4,3,1,2,2,2,1,2,0,4,2,TRUE,"Up",TRUE,TRUE
"Vitvi02g01167","Rpv12",24,5,4,3,1,2,2,2,1,2,0,4,2,TRUE,"Down",TRUE,TRUE
"Vitvi02g01349","Rpv12",24,5,4,3,1,2,2,2,1,2,0,4,2,TRUE,"Down",TRUE,TRUE
"Vitvi02g01355","Rpv12",24,5,5,3,1,2,2,2,2,2,2,4,2,TRUE,"Up",TRUE,TRUE
"Vitvi02g01403","Rpv12",24,5,4,3,1,2,2,2,1,2,2,4,2,TRUE,"Down",TRUE,TRUE
"Vitvi02g01409","Rpv12",24,5,4,3,1,2,2,2,1,2,0,4,2,TRUE,"Down",TRUE,TRUE
"Vitvi02g01621","Rpv12",24,5,5,3,1,2,2,2,2,2,0,4,2,TRUE,"Up",TRUE,TRUE
"Vitvi02g01640","Rpv12",24,5,4,3,1,2,2,2,1,2,1,4,2,TRUE,"Down",TRUE,TRUE
"Vitvi02g04113","Rpv12",24,5,4,3,1,2,2,2,1,2,0,4,2,TRUE,"Down",TRUE,TRUE
"Vitvi02g04226","Rpv12",24,5,5,3,1,2,2,2,2,2,0,4,2,TRUE,"Down",TRUE,TRUE
"Vitvi02g04302","Rpv12",24,5,5,3,1,2,2,2,2,2,0,4,3,TRUE,"Up",TRUE,TRUE
"Vitvi02g04303","Rpv12",24,5,5,3,1,2,2,2,2,2,0,4,2,TRUE,"Up",TRUE,TRUE
"Vitvi02g04372","Rpv12",24,5,4,3,1,2,2,2,1,2,0,4,2,TRUE,"Down",TRUE,TRUE
"Vitvi03g00119","Rpv12",24,5,5,3,1,2,2,2,2,2,2,4,2,TRUE,"Up",TRUE,TRUE
"Vitvi03g00353","Rpv12",24,5,4,3,1,2,2,2,1,2,0,4,3,TRUE,"Up",TRUE,TRUE
"Vitvi03g00354","Rpv12",24,5,5,3,1,2,2,2,2,2,0,4,2,TRUE,"Up",TRUE,TRUE
"Vitvi03g00359","Rpv12",24,5,4,3,1,2,2,2,1,2,0,4,2,TRUE,"Down",TRUE,TRUE
"Vitvi03g00398","Rpv12",24,5,4,3,1,2,2,2,1,2,0,4,2,TRUE,"Down",TRUE,TRUE
"Vitvi03g00433","Rpv12",24,5,5,3,1,2,2,2,2,2,0,4,2,TRUE,"Up",TRUE,TRUE
"Vitvi03g00610","Rpv12",24,5,5,3,1,2,2,2,2,2,2,4,2,TRUE,"Up",TRUE,TRUE
"Vitvi03g00745","Rpv12",24,5,5,3,1,2,2,2,2,2,0,4,2,TRUE,"Down",TRUE,TRUE
"Vitvi03g00886","Rpv12",24,5,4,3,1,2,2,2,1,2,2,4,2,TRUE,"Up",TRUE,TRUE
"Vitvi03g01185","Rpv12",24,5,4,3,1,2,2,2,1,2,0,4,2,TRUE,"Down",TRUE,TRUE
"Vitvi03g01258","Rpv12",24,5,4,3,1,2,2,2,1,2,0,4,2,TRUE,"Up",TRUE,TRUE
"Vitvi03g01292","Rpv12",24,5,5,3,1,2,2,2,2,2,0,4,2,TRUE,"Up",TRUE,TRUE
"Vitvi03g01380","Rpv12",24,5,5,3,1,2,2,2,2,2,0,4,2,TRUE,"Up",TRUE,TRUE
"Vitvi03g01618","Rpv12",24,5,4,3,1,2,2,2,1,2,0,4,2,TRUE,"Up",TRUE,TRUE
"Vitvi03g01649","Rpv12",24,5,5,3,1,2,2,2,2,2,0,4,2,TRUE,"Down",TRUE,TRUE
"Vitvi03g01651","Rpv12",24,5,4,3,1,2,2,2,1,2,0,4,2,TRUE,"Down",TRUE,TRUE
"Vitvi03g01695","Rpv12",24,5,4,3,1,2,2,2,1,2,0,4,2,TRUE,"Up",TRUE,TRUE
"Vitvi03g01703","Rpv12",24,5,4,3,1,2,2,2,1,2,0,4,2,TRUE,"Down",TRUE,TRUE
"Vitvi03g01769","Rpv12",24,5,5,3,1,2,2,2,2,2,2,4,2,TRUE,"Up",TRUE,TRUE
"Vitvi03g01809","Rpv12",24,5,5,3,1,2,2,2,2,2,2,4,2,TRUE,"Up",TRUE,TRUE
"Vitvi03g01834","Rpv12",24,5,4,3,1,2,2,2,1,2,0,4,2,TRUE,"Down",TRUE,TRUE
"Vitvi03g04047","Rpv12",24,5,5,3,1,2,2,2,2,2,2,4,3,TRUE,"Up",TRUE,TRUE
"Vitvi03g04050","Rpv12",24,5,5,3,1,2,2,2,2,2,2,4,3,TRUE,"Up",TRUE,TRUE
"Vitvi03g04147","Rpv12",24,5,5,3,1,2,2,2,2,2,0,4,2,TRUE,"Down",TRUE,TRUE
"Vitvi03g04157","Rpv12",24,5,5,3,1,2,2,2,2,2,0,4,1,TRUE,"Up",TRUE,TRUE
"Vitvi03g04159","Rpv12",24,5,5,3,1,2,2,2,2,2,1,4,2,TRUE,"Up",TRUE,TRUE
"Vitvi03g04163","Rpv12",24,5,5,3,1,2,2,2,2,2,2,4,4,TRUE,"Up",TRUE,TRUE
"Vitvi03g04196","Rpv12",24,5,5,3,1,2,2,2,2,2,2,4,3,TRUE,"Up",TRUE,TRUE
"Vitvi03g04213","Rpv12",24,5,4,3,1,2,2,2,1,2,0,4,2,TRUE,"Down",TRUE,TRUE
"Vitvi03g04245","Rpv12",24,5,5,3,1,2,2,2,2,2,0,4,0,TRUE,"Down",TRUE,TRUE
"Vitvi03g04246","Rpv12",24,5,4,3,1,2,2,2,1,2,0,4,2,TRUE,"Down",TRUE,TRUE
"Vitvi03g04267","Rpv12",24,5,4,3,1,2,2,2,1,2,0,4,0,TRUE,"Up",TRUE,TRUE
"Vitvi03g04291","Rpv12",24,5,5,3,1,2,2,2,2,2,2,4,2,TRUE,"Up",TRUE,TRUE
"Vitvi03g04299","Rpv12",24,5,4,3,1,2,2,2,1,2,1,4,2,TRUE,"Up",TRUE,TRUE
"Vitvi03g04400","Rpv12",24,5,5,3,1,2,2,2,2,2,2,4,2,TRUE,"Up",TRUE,TRUE
"Vitvi03g04402","Rpv12",24,5,5,3,1,2,2,2,2,2,2,4,3,TRUE,"Up",TRUE,TRUE
"Vitvi03g04455","Rpv12",24,5,5,3,1,2,2,2,2,2,2,4,2,TRUE,"Up",TRUE,TRUE
"Vitvi03g04466","Rpv12",24,5,5,3,1,2,2,2,2,2,2,4,2,TRUE,"Up",TRUE,TRUE
"Vitvi04g00109","Rpv12",24,5,5,3,1,2,2,2,2,2,0,4,2,TRUE,"Down",TRUE,TRUE
"Vitvi04g00121","Rpv12",24,5,4,3,1,2,2,2,1,2,0,4,1,TRUE,"Down",TRUE,TRUE
"Vitvi04g00225","Rpv12",24,5,4,3,1,2,2,2,1,2,0,4,2,TRUE,"Down",TRUE,TRUE
"Vitvi04g00252","Rpv12",24,5,5,3,1,2,2,2,2,2,2,4,2,TRUE,"Up",TRUE,TRUE
"Vitvi04g00359","Rpv12",24,5,4,3,1,2,2,2,1,2,0,4,0,TRUE,"Down",TRUE,TRUE
"Vitvi04g00707","Rpv12",24,5,4,3,1,2,2,2,1,2,0,4,2,TRUE,"Down",TRUE,TRUE
"Vitvi04g01151","Rpv12",24,5,4,3,1,2,2,2,1,2,0,4,2,TRUE,"Down",TRUE,TRUE
"Vitvi04g01233","Rpv12",24,5,5,3,1,2,2,2,2,2,2,4,2,TRUE,"Down",TRUE,TRUE
"Vitvi04g01325","Rpv12",24,5,5,3,1,2,2,2,2,2,2,4,4,TRUE,"Down",TRUE,TRUE
"Vitvi04g01360","Rpv12",24,5,4,3,1,2,2,2,1,2,0,4,0,TRUE,"Down",TRUE,TRUE
"Vitvi04g01375","Rpv12",24,5,5,3,1,2,2,2,2,2,2,4,2,TRUE,"Down",TRUE,TRUE
"Vitvi04g01519","Rpv12",24,5,4,3,1,2,2,2,1,2,0,4,3,TRUE,"Down",TRUE,TRUE
"Vitvi04g01941","Rpv12",24,5,4,3,1,2,2,2,1,2,0,4,2,TRUE,"Down",TRUE,TRUE
"Vitvi04g01980","Rpv12",24,5,5,3,1,2,2,2,2,2,1,4,2,TRUE,"Up",TRUE,TRUE
"Vitvi04g02205","Rpv12",24,5,5,3,1,2,2,2,2,2,1,4,2,TRUE,"Down",TRUE,TRUE
"Vitvi04g02221","Rpv12",24,5,4,3,1,2,2,2,1,2,0,4,2,TRUE,"Down",TRUE,TRUE
"Vitvi04g02226","Rpv12",24,5,5,3,1,2,2,2,2,2,2,4,2,TRUE,"Down",TRUE,TRUE
"Vitvi04g04009","Rpv12",24,5,5,3,1,2,2,2,2,2,2,4,2,TRUE,"Down",TRUE,TRUE
"Vitvi04g04010","Rpv12",24,5,5,3,1,2,2,2,2,2,2,4,2,TRUE,"Down",TRUE,TRUE
"Vitvi04g04011","Rpv12",24,5,5,3,1,2,2,2,2,2,2,4,2,TRUE,"Down",TRUE,TRUE
"Vitvi04g04030","Rpv12",24,5,5,3,1,2,2,2,2,2,0,4,2,TRUE,"Up",TRUE,TRUE
"Vitvi04g04232","Rpv12",24,5,5,3,1,2,2,2,2,2,2,4,2,TRUE,"Up",TRUE,TRUE
"Vitvi05g00163","Rpv12",24,5,4,3,1,2,2,2,1,2,0,4,2,TRUE,"Down",TRUE,TRUE
"Vitvi05g00170","Rpv12",24,5,4,3,1,2,2,2,1,2,0,4,2,TRUE,"Down",TRUE,TRUE
"Vitvi05g00274","Rpv12",24,5,4,3,1,2,2,2,1,2,0,4,2,TRUE,"Down",TRUE,TRUE
"Vitvi05g00342","Rpv12",24,5,4,3,1,2,2,2,1,2,1,4,2,TRUE,"Down",TRUE,TRUE
"Vitvi05g00468","Rpv12",24,5,4,3,1,2,2,2,1,2,0,4,2,TRUE,"Down",TRUE,TRUE
"Vitvi05g00563","Rpv12",24,5,5,3,1,2,2,2,2,2,2,4,2,TRUE,"Down",TRUE,TRUE
"Vitvi05g00710","Rpv12",24,5,4,3,1,2,2,2,1,2,1,4,2,TRUE,"Down",TRUE,TRUE
"Vitvi05g00772","Rpv12",24,5,4,3,1,2,2,2,1,2,0,4,2,TRUE,"Down",TRUE,TRUE
"Vitvi05g01164","Rpv12",24,5,5,3,1,2,2,2,2,2,1,4,2,TRUE,"Down",TRUE,TRUE
"Vitvi05g01256","Rpv12",24,5,5,3,1,2,2,2,2,2,1,4,3,TRUE,"Up",TRUE,TRUE
"Vitvi05g01351","Rpv12",24,5,5,3,1,2,2,2,2,2,2,4,2,TRUE,"Down",TRUE,TRUE
"Vitvi05g01353","Rpv12",24,5,4,3,1,2,2,2,1,2,0,4,2,TRUE,"Down",TRUE,TRUE
"Vitvi05g01575","Rpv12",24,5,4,3,1,2,2,2,1,2,0,4,2,TRUE,"Down",TRUE,TRUE
"Vitvi05g01579","Rpv12",24,5,5,3,1,2,2,2,2,2,2,4,3,TRUE,"Up",TRUE,TRUE
"Vitvi05g01581","Rpv12",24,5,4,3,1,2,2,2,1,2,0,4,2,TRUE,"Down",TRUE,TRUE
"Vitvi05g01672","Rpv12",24,5,5,3,1,2,2,2,2,2,2,4,2,TRUE,"Up",TRUE,TRUE
"Vitvi05g01819","Rpv12",24,5,4,3,1,2,2,2,1,2,1,4,2,TRUE,"Up",TRUE,TRUE
"Vitvi05g01858","Rpv12",24,5,4,3,1,2,2,2,1,2,0,4,2,TRUE,"Down",TRUE,TRUE
"Vitvi05g02148","Rpv12",24,5,5,3,1,2,2,2,2,2,1,4,2,TRUE,"Down",TRUE,TRUE
"Vitvi05g02215","Rpv12",24,5,4,3,1,2,2,2,1,2,0,4,3,TRUE,"Down",TRUE,TRUE
"Vitvi05g02222","Rpv12",24,5,4,3,1,2,2,2,1,2,0,4,3,TRUE,"Down",TRUE,TRUE
"Vitvi05g02232","Rpv12",24,5,4,3,1,2,2,2,1,2,0,4,2,TRUE,"Down",TRUE,TRUE
"Vitvi05g02234","Rpv12",24,5,5,3,1,2,2,2,2,2,2,4,2,TRUE,"Down",TRUE,TRUE
"Vitvi05g02286","Rpv12",24,5,4,3,1,2,2,2,1,2,0,4,2,TRUE,"Down",TRUE,TRUE
"Vitvi05g04029","Rpv12",24,5,5,3,1,2,2,2,2,2,0,4,2,TRUE,"Up",TRUE,TRUE
"Vitvi05g04232","Rpv12",24,5,4,3,1,2,2,2,1,2,1,4,2,TRUE,"Down",TRUE,TRUE
"Vitvi05g04314","Rpv12",24,5,4,3,1,2,2,2,1,2,0,4,2,TRUE,"Down",TRUE,TRUE
"Vitvi05g04410","Rpv12",24,5,5,3,1,2,2,2,2,2,2,4,2,TRUE,"Down",TRUE,TRUE
"Vitvi05g04435","Rpv12",24,5,5,3,1,2,2,2,2,2,0,4,0,TRUE,"Down",TRUE,TRUE
"Vitvi05g04477","Rpv12",24,5,4,3,1,2,2,2,1,2,0,4,2,TRUE,"Down",TRUE,TRUE
"Vitvi05g04487","Rpv12",24,5,5,3,1,2,2,2,2,2,2,4,3,TRUE,"Down",TRUE,TRUE
"Vitvi05g04493","Rpv12",24,5,5,3,1,2,2,2,2,2,2,4,3,TRUE,"Down",TRUE,TRUE
"Vitvi05g04494","Rpv12",24,5,5,3,1,2,2,2,2,2,2,4,3,TRUE,"Down",TRUE,TRUE
"Vitvi06g00007","Rpv12",24,5,4,3,1,2,2,2,1,2,0,4,2,TRUE,"Down",TRUE,TRUE
"Vitvi06g00016","Rpv12",24,5,5,3,1,2,2,2,2,2,2,4,2,TRUE,"Up",TRUE,TRUE
"Vitvi06g00141","Rpv12",24,5,4,3,1,2,2,2,1,2,0,4,2,TRUE,"Down",TRUE,TRUE
"Vitvi06g00308","Rpv12",24,5,4,3,1,2,2,2,1,2,0,4,2,TRUE,"Down",TRUE,TRUE
"Vitvi06g00455","Rpv12",24,5,4,3,1,2,2,2,1,2,0,4,2,TRUE,"Down",TRUE,TRUE
"Vitvi06g00560","Rpv12",24,5,4,3,1,2,2,2,1,2,1,4,2,TRUE,"Up",TRUE,TRUE
"Vitvi06g01055","Rpv12",24,5,4,3,1,2,2,2,1,2,0,4,2,TRUE,"Down",TRUE,TRUE
"Vitvi06g01374","Rpv12",24,5,4,3,1,2,2,2,1,2,0,4,2,TRUE,"Down",TRUE,TRUE
"Vitvi06g01411","Rpv12",24,5,5,3,1,2,2,2,2,2,0,4,2,TRUE,"Down",TRUE,TRUE
"Vitvi06g01417","Rpv12",24,5,4,3,1,2,2,2,1,2,0,4,2,TRUE,"Down",TRUE,TRUE
"Vitvi06g01530","Rpv12",24,5,4,3,1,2,2,2,1,2,0,4,2,TRUE,"Down",TRUE,TRUE
"Vitvi06g01637","Rpv12",24,5,4,3,1,2,2,2,1,2,0,4,2,TRUE,"Down",TRUE,TRUE
"Vitvi06g01917","Rpv12",24,5,4,3,1,2,2,2,1,2,0,4,2,TRUE,"Down",TRUE,TRUE
"Vitvi06g04030","Rpv12",24,5,4,3,1,2,2,2,1,2,0,4,2,TRUE,"Down",TRUE,TRUE
"Vitvi06g04048","Rpv12",24,5,5,3,1,2,2,2,2,2,2,4,2,TRUE,"Up",TRUE,TRUE
"Vitvi06g04049","Rpv12",24,5,4,3,1,2,2,2,1,2,0,4,2,TRUE,"Up",TRUE,TRUE
"Vitvi06g04118","Rpv12",24,5,5,3,1,2,2,2,2,2,0,4,2,TRUE,"Down",TRUE,TRUE
"Vitvi06g04121","Rpv12",24,5,5,3,1,2,2,2,2,2,2,4,2,TRUE,"Down",TRUE,TRUE
"Vitvi06g04344","Rpv12",24,5,4,3,1,2,2,2,1,2,0,4,3,TRUE,"Up",TRUE,TRUE
"Vitvi07g00154","Rpv12",24,5,4,3,1,2,2,2,1,2,0,4,2,TRUE,"Down",TRUE,TRUE
"Vitvi07g00217","Rpv12",24,5,4,3,1,2,2,2,1,2,0,4,2,TRUE,"Down",TRUE,TRUE
"Vitvi07g00434","Rpv12",24,5,4,3,1,2,2,2,1,2,0,4,2,TRUE,"Down",TRUE,TRUE
"Vitvi07g00736","Rpv12",24,5,4,3,1,2,2,2,1,2,0,4,2,TRUE,"Down",TRUE,TRUE
"Vitvi07g00807","Rpv12",24,5,5,3,1,2,2,2,2,2,2,4,2,TRUE,"Up",TRUE,TRUE
"Vitvi07g00814","Rpv12",24,5,5,3,1,2,2,2,2,2,2,4,2,TRUE,"Up",TRUE,TRUE
"Vitvi07g00890","Rpv12",24,5,5,3,1,2,2,2,2,2,2,4,3,TRUE,"Down",TRUE,TRUE
"Vitvi07g01315","Rpv12",24,5,4,3,1,2,2,2,1,2,0,4,2,TRUE,"Up",TRUE,TRUE
"Vitvi07g01718","Rpv12",24,5,5,3,1,2,2,2,2,2,1,4,2,TRUE,"Up",TRUE,TRUE
"Vitvi07g01719","Rpv12",24,5,5,3,1,2,2,2,2,2,0,4,2,TRUE,"Up",TRUE,TRUE
"Vitvi07g01791","Rpv12",24,5,4,3,1,2,2,2,1,2,0,4,2,TRUE,"Down",TRUE,TRUE
"Vitvi07g01990","Rpv12",24,5,4,3,1,2,2,2,1,2,0,4,2,TRUE,"Down",TRUE,TRUE
"Vitvi07g02067","Rpv12",24,5,5,3,1,2,2,2,2,2,1,4,2,TRUE,"Down",TRUE,TRUE
"Vitvi07g02131","Rpv12",24,5,4,3,1,2,2,2,1,2,0,4,2,TRUE,"Down",TRUE,TRUE
"Vitvi07g02185","Rpv12",24,5,4,3,1,2,2,2,1,2,0,4,2,TRUE,"Down",TRUE,TRUE
"Vitvi07g02277","Rpv12",24,5,4,3,1,2,2,2,1,2,0,4,2,TRUE,"Down",TRUE,TRUE
"Vitvi07g02290","Rpv12",24,5,5,3,1,2,2,2,2,2,0,4,2,TRUE,"Down",TRUE,TRUE
"Vitvi07g02323","Rpv12",24,5,5,3,1,2,2,2,2,2,2,4,3,TRUE,"Down",TRUE,TRUE
"Vitvi07g02461","Rpv12",24,5,5,3,1,2,2,2,2,2,2,4,2,TRUE,"Down",TRUE,TRUE
"Vitvi07g02538","Rpv12",24,5,4,3,1,2,2,2,1,2,2,4,2,TRUE,"Down",TRUE,TRUE
"Vitvi07g02650","Rpv12",24,5,4,3,1,2,2,2,1,2,0,4,2,TRUE,"Down",TRUE,TRUE
"Vitvi07g02676","Rpv12",24,5,5,3,1,2,2,2,2,2,2,4,2,TRUE,"Down",TRUE,TRUE
"Vitvi07g02979","Rpv12",24,5,5,3,1,2,2,2,2,2,2,4,2,TRUE,"Down",TRUE,TRUE
"Vitvi07g03086","Rpv12",24,5,5,3,1,2,2,2,2,2,1,4,3,TRUE,"Up",TRUE,TRUE
"Vitvi07g04137","Rpv12",24,5,4,3,1,2,2,2,1,2,0,4,2,TRUE,"Up",TRUE,TRUE
"Vitvi07g04433","Rpv12",24,5,5,3,1,2,2,2,2,2,0,4,1,TRUE,"Down",TRUE,TRUE
"Vitvi07g04434","Rpv12",24,5,5,3,1,2,2,2,2,2,0,4,2,TRUE,"Down",TRUE,TRUE
"Vitvi07g04438","Rpv12",24,5,4,3,1,2,2,2,1,2,0,4,2,TRUE,"Down",TRUE,TRUE
"Vitvi07g04439","Rpv12",24,5,5,3,1,2,2,2,2,2,0,4,3,TRUE,"Down",TRUE,TRUE
"Vitvi07g04561","Rpv12",24,5,5,3,1,2,2,2,2,2,2,4,2,TRUE,"Up",TRUE,TRUE
"Vitvi07g04658","Rpv12",24,5,5,3,1,2,2,2,2,2,0,4,2,TRUE,"Down",TRUE,TRUE
"Vitvi08g00086","Rpv12",24,5,4,3,1,2,2,2,1,2,0,4,2,TRUE,"Down",TRUE,TRUE
"Vitvi08g00233","Rpv12",24,5,5,3,1,2,2,2,2,2,2,4,2,TRUE,"Up",TRUE,TRUE
"Vitvi08g00630","Rpv12",24,5,4,3,1,2,2,2,1,2,0,4,2,TRUE,"Down",TRUE,TRUE
"Vitvi08g00795","Rpv12",24,5,4,3,1,2,2,2,1,2,1,4,2,TRUE,"Down",TRUE,TRUE
"Vitvi08g00957","Rpv12",24,5,4,3,1,2,2,2,1,2,0,4,2,TRUE,"Down",TRUE,TRUE
"Vitvi08g01112","Rpv12",24,5,4,3,1,2,2,2,1,2,0,4,2,TRUE,"Down",TRUE,TRUE
"Vitvi08g01172","Rpv12",24,5,4,3,1,2,2,2,1,2,0,4,2,TRUE,"Down",TRUE,TRUE
"Vitvi08g01196","Rpv12",24,5,4,3,1,2,2,2,1,2,0,4,2,TRUE,"Up",TRUE,TRUE
"Vitvi08g01235","Rpv12",24,5,5,3,1,2,2,2,2,2,2,4,2,TRUE,"Down",TRUE,TRUE
"Vitvi08g01262","Rpv12",24,5,4,3,1,2,2,2,1,2,0,4,2,TRUE,"Down",TRUE,TRUE
"Vitvi08g01300","Rpv12",24,5,4,3,1,2,2,2,1,2,0,4,2,TRUE,"Down",TRUE,TRUE
"Vitvi08g01333","Rpv12",24,5,5,3,1,2,2,2,2,2,2,4,3,TRUE,"Up",TRUE,TRUE
"Vitvi08g01631","Rpv12",24,5,5,3,1,2,2,2,2,2,2,4,4,TRUE,"Up",TRUE,TRUE
"Vitvi08g01667","Rpv12",24,5,5,3,1,2,2,2,2,2,1,4,2,TRUE,"Up",TRUE,TRUE
"Vitvi08g01904","Rpv12",24,5,4,3,1,2,2,2,1,2,0,4,2,TRUE,"Down",TRUE,TRUE
"Vitvi08g01940","Rpv12",24,5,4,3,1,2,2,2,1,2,0,4,2,TRUE,"Down",TRUE,TRUE
"Vitvi08g01974","Rpv12",24,5,4,3,1,2,2,2,1,2,0,4,2,TRUE,"Down",TRUE,TRUE
"Vitvi08g02100","Rpv12",24,5,5,3,1,2,2,2,2,2,0,4,2,TRUE,"Up",TRUE,TRUE
"Vitvi08g02397","Rpv12",24,5,5,3,1,2,2,2,2,2,2,4,2,TRUE,"Down",TRUE,TRUE
"Vitvi08g04001","Rpv12",24,5,5,3,1,2,2,2,2,2,0,4,0,TRUE,"Down",TRUE,TRUE
"Vitvi08g04038","Rpv12",24,5,4,3,1,2,2,2,1,2,0,4,2,TRUE,"Up",TRUE,TRUE
"Vitvi08g04124","Rpv12",24,5,4,3,1,2,2,2,1,2,0,4,0,TRUE,"Down",TRUE,TRUE
"Vitvi08g04243","Rpv12",24,5,4,3,1,2,2,2,1,2,0,4,2,TRUE,"Down",TRUE,TRUE
"Vitvi08g04284","Rpv12",24,5,5,3,1,2,2,2,2,2,2,4,2,TRUE,"Down",TRUE,TRUE
"Vitvi08g04290","Rpv12",24,5,5,3,1,2,2,2,2,2,2,4,2,TRUE,"Down",TRUE,TRUE
"Vitvi08g04377","Rpv12",24,5,5,3,1,2,2,2,2,2,0,4,2,TRUE,"Up",TRUE,TRUE
"Vitvi09g00028","Rpv12",24,5,4,3,1,2,2,2,1,2,1,4,2,TRUE,"Down",TRUE,TRUE
"Vitvi09g00284","Rpv12",24,5,5,3,1,2,2,2,2,2,1,4,2,TRUE,"Up",TRUE,TRUE
"Vitvi09g00285","Rpv12",24,5,5,3,1,2,2,2,2,2,1,4,2,TRUE,"Up",TRUE,TRUE
"Vitvi09g00383","Rpv12",24,5,4,3,1,2,2,2,1,2,0,4,2,TRUE,"Down",TRUE,TRUE
"Vitvi09g00419","Rpv12",24,5,5,3,1,2,2,2,2,2,2,4,4,TRUE,"Up",TRUE,TRUE
"Vitvi09g00476","Rpv12",24,5,4,3,1,2,2,2,1,2,0,4,2,TRUE,"Down",TRUE,TRUE
"Vitvi09g00500","Rpv12",24,5,4,3,1,2,2,2,1,2,0,4,2,TRUE,"Down",TRUE,TRUE
"Vitvi09g00535","Rpv12",24,5,5,3,1,2,2,2,2,2,2,4,2,TRUE,"Up",TRUE,TRUE
"Vitvi09g00540","Rpv12",24,5,5,3,1,2,2,2,2,2,2,4,2,TRUE,"Up",TRUE,TRUE
"Vitvi09g00566","Rpv12",24,5,5,3,1,2,2,2,2,2,2,4,2,TRUE,"Up",TRUE,TRUE
"Vitvi09g00782","Rpv12",24,5,5,3,1,2,2,2,2,2,0,4,2,TRUE,"Up",TRUE,TRUE
"Vitvi09g00834","Rpv12",24,5,4,3,1,2,2,2,1,2,0,4,2,TRUE,"Down",TRUE,TRUE
"Vitvi09g00867","Rpv12",24,5,5,3,1,2,2,2,2,2,0,4,2,TRUE,"Down",TRUE,TRUE
"Vitvi09g00870","Rpv12",24,5,5,3,1,2,2,2,2,2,0,4,2,TRUE,"Up",TRUE,TRUE
"Vitvi09g00994","Rpv12",24,5,5,3,1,2,2,2,2,2,0,4,3,TRUE,"Up",TRUE,TRUE
"Vitvi09g01122","Rpv12",24,5,4,3,1,2,2,2,1,2,0,4,2,TRUE,"Down",TRUE,TRUE
"Vitvi09g01196","Rpv12",24,5,4,3,1,2,2,2,1,2,0,4,2,TRUE,"Up",TRUE,TRUE
"Vitvi09g01214","Rpv12",24,5,5,3,1,2,2,2,2,2,2,4,3,TRUE,"Up",TRUE,TRUE
"Vitvi09g01282","Rpv12",24,5,5,3,1,2,2,2,2,2,2,4,2,TRUE,"Down",TRUE,TRUE
"Vitvi09g01329","Rpv12",24,5,5,3,1,2,2,2,2,2,0,4,0,TRUE,"Up",TRUE,TRUE
"Vitvi09g01376","Rpv12",24,5,5,3,1,2,2,2,2,2,2,4,2,TRUE,"Up",TRUE,TRUE
"Vitvi09g01427","Rpv12",24,5,4,3,1,2,2,2,1,2,0,4,2,TRUE,"Down",TRUE,TRUE
"Vitvi09g01542","Rpv12",24,5,4,3,1,2,2,2,1,2,0,4,2,TRUE,"Down",TRUE,TRUE
"Vitvi09g01560","Rpv12",24,5,4,3,1,2,2,2,1,2,0,4,2,TRUE,"Down",TRUE,TRUE
"Vitvi09g01592","Rpv12",24,5,5,3,1,2,2,2,2,2,2,4,3,TRUE,"Up",TRUE,TRUE
"Vitvi09g01664","Rpv12",24,5,4,3,1,2,2,2,1,2,0,4,2,TRUE,"Down",TRUE,TRUE
"Vitvi09g01698","Rpv12",24,5,5,3,1,2,2,2,2,2,2,4,2,TRUE,"Up",TRUE,TRUE
"Vitvi09g01764","Rpv12",24,5,5,3,1,2,2,2,2,2,0,4,2,TRUE,"Down",TRUE,TRUE
"Vitvi09g01807","Rpv12",24,5,5,3,1,2,2,2,2,2,2,4,2,TRUE,"Up",TRUE,TRUE
"Vitvi09g02033","Rpv12",24,5,5,3,1,2,2,2,2,2,2,4,3,TRUE,"Up",TRUE,TRUE
"Vitvi09g04078","Rpv12",24,5,5,3,1,2,2,2,2,2,2,4,2,TRUE,"Up",TRUE,TRUE
"Vitvi09g04166","Rpv12",24,5,5,3,1,2,2,2,2,2,1,4,2,TRUE,"Up",TRUE,TRUE
"Vitvi09g04212","Rpv12",24,5,4,3,1,2,2,2,1,2,0,4,2,TRUE,"Up",TRUE,TRUE
"Vitvi09g04215","Rpv12",24,5,4,3,1,2,2,2,1,2,2,4,2,TRUE,"Down",TRUE,TRUE
"Vitvi09g04222","Rpv12",24,5,4,3,1,2,2,2,1,2,0,4,2,TRUE,"Up",TRUE,TRUE
"Vitvi09g04264","Rpv12",24,5,4,3,1,2,2,2,1,2,0,4,0,TRUE,"Up",TRUE,TRUE
"Vitvi09g04280","Rpv12",24,5,5,3,1,2,2,2,2,2,0,4,2,TRUE,"Down",TRUE,TRUE
"Vitvi09g04286","Rpv12",24,5,5,3,1,2,2,2,2,2,0,4,0,TRUE,"Down",TRUE,TRUE
"Vitvi09g04337","Rpv12",24,5,5,3,1,2,2,2,2,2,1,4,2,TRUE,"Up",TRUE,TRUE
"Vitvi09g04374","Rpv12",24,5,5,3,1,2,2,2,2,2,0,4,2,TRUE,"Up",TRUE,TRUE
"Vitvi09g04376","Rpv12",24,5,4,3,1,2,2,2,1,2,0,4,2,TRUE,"Up",TRUE,TRUE
"Vitvi09g04415","Rpv12",24,5,4,3,1,2,2,2,1,2,0,4,3,TRUE,"Up",TRUE,TRUE
"Vitvi09g04416","Rpv12",24,5,5,3,1,2,2,2,2,2,2,4,3,TRUE,"Up",TRUE,TRUE
"Vitvi09g04421","Rpv12",24,5,4,3,1,2,2,2,1,2,0,4,2,TRUE,"Up",TRUE,TRUE
"Vitvi09g04537","Rpv12",24,5,4,3,1,2,2,2,1,2,0,4,3,TRUE,"Up",TRUE,TRUE
"Vitvi09g04546","Rpv12",24,5,4,3,1,2,2,2,1,2,0,4,2,TRUE,"Down",TRUE,TRUE
"Vitvi09g04564","Rpv12",24,5,5,3,1,2,2,2,2,2,2,4,2,TRUE,"Up",TRUE,TRUE
"Vitvi09g04595","Rpv12",24,5,5,3,1,2,2,2,2,2,0,4,0,TRUE,"Up",TRUE,TRUE
"Vitvi10g00017","Rpv12",24,5,5,3,1,2,2,2,2,2,0,4,2,TRUE,"Down",TRUE,TRUE
"Vitvi10g00086","Rpv12",24,5,5,3,1,2,2,2,2,2,0,4,2,TRUE,"Up",TRUE,TRUE
"Vitvi10g00178","Rpv12",24,5,5,3,1,2,2,2,2,2,2,4,3,TRUE,"Up",TRUE,TRUE
"Vitvi10g00179","Rpv12",24,5,5,3,1,2,2,2,2,2,0,4,2,TRUE,"Up",TRUE,TRUE
"Vitvi10g00183","Rpv12",24,5,5,3,1,2,2,2,2,2,2,4,2,TRUE,"Up",TRUE,TRUE
"Vitvi10g00229","Rpv12",24,5,4,3,1,2,2,2,1,2,0,4,2,TRUE,"Down",TRUE,TRUE
"Vitvi10g00233","Rpv12",24,5,5,3,1,2,2,2,2,2,2,4,2,TRUE,"Up",TRUE,TRUE
"Vitvi10g00246","Rpv12",24,5,5,3,1,2,2,2,2,2,2,4,2,TRUE,"Up",TRUE,TRUE
"Vitvi10g00339","Rpv12",24,5,5,3,1,2,2,2,2,2,0,4,2,TRUE,"Up",TRUE,TRUE
"Vitvi10g00399","Rpv12",24,5,4,3,1,2,2,2,1,2,0,4,2,TRUE,"Down",TRUE,TRUE
"Vitvi10g00519","Rpv12",24,5,4,3,1,2,2,2,1,2,0,4,2,TRUE,"Up",TRUE,TRUE
"Vitvi10g00542","Rpv12",24,5,5,3,1,2,2,2,2,2,0,4,2,TRUE,"Down",TRUE,TRUE
"Vitvi10g00641","Rpv12",24,5,5,3,1,2,2,2,2,2,1,4,2,TRUE,"Up",TRUE,TRUE
"Vitvi10g00687","Rpv12",24,5,4,3,1,2,2,2,1,2,0,4,2,TRUE,"Down",TRUE,TRUE
"Vitvi10g00732","Rpv12",24,5,4,3,1,2,2,2,1,2,0,4,2,TRUE,"Down",TRUE,TRUE
"Vitvi10g00734","Rpv12",24,5,5,3,1,2,2,2,2,2,2,4,2,TRUE,"Down",TRUE,TRUE
"Vitvi10g00736","Rpv12",24,5,5,3,1,2,2,2,2,2,1,4,2,TRUE,"Down",TRUE,TRUE
"Vitvi10g00742","Rpv12",24,5,5,3,1,2,2,2,2,2,0,4,2,TRUE,"Up",TRUE,TRUE
"Vitvi10g00806","Rpv12",24,5,5,3,1,2,2,2,2,2,2,4,2,TRUE,"Up",TRUE,TRUE
"Vitvi10g00977","Rpv12",24,5,5,3,1,2,2,2,2,2,2,4,2,TRUE,"Down",TRUE,TRUE
"Vitvi10g01138","Rpv12",24,5,5,3,1,2,2,2,2,2,2,4,2,TRUE,"Down",TRUE,TRUE
"Vitvi10g01247","Rpv12",24,5,5,3,1,2,2,2,2,2,2,4,2,TRUE,"Down",TRUE,TRUE
"Vitvi10g01569","Rpv12",24,5,5,3,1,2,2,2,2,2,0,4,2,TRUE,"Down",TRUE,TRUE
"Vitvi10g01678","Rpv12",24,5,4,3,1,2,2,2,1,2,0,4,2,TRUE,"Down",TRUE,TRUE
"Vitvi10g01684","Rpv12",24,5,4,3,1,2,2,2,1,2,0,4,2,TRUE,"Down",TRUE,TRUE
"Vitvi10g01696","Rpv12",24,5,5,3,1,2,2,2,2,2,2,4,2,TRUE,"Up",TRUE,TRUE
"Vitvi10g01697","Rpv12",24,5,5,3,1,2,2,2,2,2,2,4,4,TRUE,"Up",TRUE,TRUE
"Vitvi10g01787","Rpv12",24,5,5,3,1,2,2,2,2,2,2,4,2,TRUE,"Down",TRUE,TRUE
"Vitvi10g01789","Rpv12",24,5,5,3,1,2,2,2,2,2,2,4,2,TRUE,"Down",TRUE,TRUE
"Vitvi10g01862","Rpv12",24,5,5,3,1,2,2,2,2,2,2,4,2,TRUE,"Up",TRUE,TRUE
"Vitvi10g01875","Rpv12",24,5,5,3,1,2,2,2,2,2,2,4,2,TRUE,"Up",TRUE,TRUE
"Vitvi10g01881","Rpv12",24,5,5,3,1,2,2,2,2,2,0,4,3,TRUE,"Up",TRUE,TRUE
"Vitvi10g01952","Rpv12",24,5,5,3,1,2,2,2,2,2,0,4,2,TRUE,"Down",TRUE,TRUE
"Vitvi10g02047","Rpv12",24,5,5,3,1,2,2,2,2,2,1,4,2,TRUE,"Down",TRUE,TRUE
"Vitvi10g02298","Rpv12",24,5,4,3,1,2,2,2,1,2,0,4,2,TRUE,"Down",TRUE,TRUE
"Vitvi10g02300","Rpv12",24,5,5,3,1,2,2,2,2,2,2,4,2,TRUE,"Down",TRUE,TRUE
"Vitvi10g04043","Rpv12",24,5,4,3,1,2,2,2,1,2,0,4,2,TRUE,"Down",TRUE,TRUE
"Vitvi10g04074","Rpv12",24,5,4,3,1,2,2,2,1,2,2,4,4,TRUE,"Up",TRUE,TRUE
"Vitvi10g04114","Rpv12",24,5,4,3,1,2,2,2,1,2,0,4,2,TRUE,"Up",TRUE,TRUE
"Vitvi10g04123","Rpv12",24,5,4,3,1,2,2,2,1,2,2,4,2,TRUE,"Up",TRUE,TRUE
"Vitvi10g04191","Rpv12",24,5,5,3,1,2,2,2,2,2,2,4,2,TRUE,"Up",TRUE,TRUE
"Vitvi10g04218","Rpv12",24,5,5,3,1,2,2,2,2,2,0,4,0,TRUE,"Down",TRUE,TRUE
"Vitvi10g04287","Rpv12",24,5,4,3,1,2,2,2,1,2,0,4,2,TRUE,"Down",TRUE,TRUE
"Vitvi10g04412","Rpv12",24,5,5,3,1,2,2,2,2,2,0,4,2,TRUE,"Down",TRUE,TRUE
"Vitvi10g04413","Rpv12",24,5,5,3,1,2,2,2,2,2,0,4,2,TRUE,"Down",TRUE,TRUE
"Vitvi10g04463","Rpv12",24,5,5,3,1,2,2,2,2,2,2,4,2,TRUE,"Down",TRUE,TRUE
"Vitvi10g04464","Rpv12",24,5,5,3,1,2,2,2,2,2,2,4,4,TRUE,"Down",TRUE,TRUE
"Vitvi10g04614","Rpv12",24,5,4,3,1,2,2,2,1,2,0,4,0,TRUE,"Up",TRUE,TRUE
"Vitvi10g04646","Rpv12",24,5,4,3,1,2,2,2,1,2,0,4,2,TRUE,"Down",TRUE,TRUE
"Vitvi10g04650","Rpv12",24,5,5,3,1,2,2,2,2,2,1,4,2,TRUE,"Up",TRUE,TRUE
"Vitvi10g04709","Rpv12",24,5,5,3,1,2,2,2,2,2,2,4,2,TRUE,"Down",TRUE,TRUE
"Vitvi11g00098","Rpv12",24,5,5,3,1,2,2,2,2,2,2,4,2,TRUE,"Up",TRUE,TRUE
"Vitvi11g00238","Rpv12",24,5,4,3,1,2,2,2,1,2,0,4,2,TRUE,"Down",TRUE,TRUE
"Vitvi11g00261","Rpv12",24,5,4,3,1,2,2,2,1,2,0,4,2,TRUE,"Down",TRUE,TRUE
"Vitvi11g00370","Rpv12",24,5,4,3,1,2,2,2,1,2,0,4,2,TRUE,"Down",TRUE,TRUE
"Vitvi11g00526","Rpv12",24,5,4,3,1,2,2,2,1,2,0,4,2,TRUE,"Up",TRUE,TRUE
"Vitvi11g00535","Rpv12",24,5,4,3,1,2,2,2,1,2,0,4,2,TRUE,"Down",TRUE,TRUE
"Vitvi11g00635","Rpv12",24,5,5,3,1,2,2,2,2,2,2,4,2,TRUE,"Down",TRUE,TRUE
"Vitvi11g00749","Rpv12",24,5,4,3,1,2,2,2,1,2,0,4,2,TRUE,"Up",TRUE,TRUE
"Vitvi11g00924","Rpv12",24,5,5,3,1,2,2,2,2,2,0,4,2,TRUE,"Down",TRUE,TRUE
"Vitvi11g01132","Rpv12",24,5,5,3,1,2,2,2,2,2,0,4,2,TRUE,"Up",TRUE,TRUE
"Vitvi11g01268","Rpv12",24,5,4,3,1,2,2,2,1,2,0,4,2,TRUE,"Down",TRUE,TRUE
"Vitvi11g01349","Rpv12",24,5,4,3,1,2,2,2,1,2,0,4,2,TRUE,"Down",TRUE,TRUE
"Vitvi11g01637","Rpv12",24,5,5,3,1,2,2,2,2,2,2,4,2,TRUE,"Up",TRUE,TRUE
"Vitvi11g01671","Rpv12",24,5,4,3,1,2,2,2,1,2,0,4,2,TRUE,"Down",TRUE,TRUE
"Vitvi11g01685","Rpv12",24,5,5,3,1,2,2,2,2,2,0,4,0,TRUE,"Down",TRUE,TRUE
"Vitvi11g01686","Rpv12",24,5,4,3,1,2,2,2,1,2,0,4,2,TRUE,"Down",TRUE,TRUE
"Vitvi11g01687","Rpv12",24,5,4,3,1,2,2,2,1,2,0,4,2,TRUE,"Down",TRUE,TRUE
"Vitvi11g04203","Rpv12",24,5,5,3,1,2,2,2,2,2,2,4,3,TRUE,"Up",TRUE,TRUE
"Vitvi11g04204","Rpv12",24,5,4,3,1,2,2,2,1,2,0,4,2,TRUE,"Up",TRUE,TRUE
"Vitvi12g00036","Rpv12",24,5,4,3,1,2,2,2,1,2,0,4,2,TRUE,"Down",TRUE,TRUE
"Vitvi12g00076","Rpv12",24,5,4,3,1,2,2,2,1,2,0,4,2,TRUE,"Down",TRUE,TRUE
"Vitvi12g00117","Rpv12",24,5,4,3,1,2,2,2,1,2,0,4,2,TRUE,"Down",TRUE,TRUE
"Vitvi12g00381","Rpv12",24,5,5,3,1,2,2,2,2,2,1,4,2,TRUE,"Up",TRUE,TRUE
"Vitvi12g00405","Rpv12",24,5,5,3,1,2,2,2,2,2,0,4,2,TRUE,"Down",TRUE,TRUE
"Vitvi12g00543","Rpv12",24,5,4,3,1,2,2,2,1,2,0,4,2,TRUE,"Down",TRUE,TRUE
"Vitvi12g00649","Rpv12",24,5,4,3,1,2,2,2,1,2,0,4,2,TRUE,"Down",TRUE,TRUE
"Vitvi12g01776","Rpv12",24,5,5,3,1,2,2,2,2,2,2,4,2,TRUE,"Down",TRUE,TRUE
"Vitvi12g01809","Rpv12",24,5,5,3,1,2,2,2,2,2,0,4,2,TRUE,"Down",TRUE,TRUE
"Vitvi12g01813","Rpv12",24,5,4,3,1,2,2,2,1,2,2,4,2,TRUE,"Down",TRUE,TRUE
"Vitvi12g01885","Rpv12",24,5,5,3,1,2,2,2,2,2,2,4,4,TRUE,"Up",TRUE,TRUE
"Vitvi12g01921","Rpv12",24,5,5,3,1,2,2,2,2,2,2,4,2,TRUE,"Up",TRUE,TRUE
"Vitvi12g01939","Rpv12",24,5,5,3,1,2,2,2,2,2,2,4,2,TRUE,"Up",TRUE,TRUE
"Vitvi12g02011","Rpv12",24,5,5,3,1,2,2,2,2,2,2,4,2,TRUE,"Up",TRUE,TRUE
"Vitvi12g02044","Rpv12",24,5,4,3,1,2,2,2,1,2,0,4,2,TRUE,"Down",TRUE,TRUE
"Vitvi12g02066","Rpv12",24,5,5,3,1,2,2,2,2,2,2,4,3,TRUE,"Down",TRUE,TRUE
"Vitvi12g02085","Rpv12",24,5,5,3,1,2,2,2,2,2,0,4,2,TRUE,"Up",TRUE,TRUE
"Vitvi12g02218","Rpv12",24,5,4,3,1,2,2,2,1,2,0,4,2,TRUE,"Up",TRUE,TRUE
"Vitvi12g02227","Rpv12",24,5,4,3,1,2,2,2,1,2,0,4,0,TRUE,"Up",TRUE,TRUE
"Vitvi12g02239","Rpv12",24,5,4,3,1,2,2,2,1,2,0,4,2,TRUE,"Up",TRUE,TRUE
"Vitvi12g02273","Rpv12",24,5,4,3,1,2,2,2,1,2,0,4,2,TRUE,"Down",TRUE,TRUE
"Vitvi12g02450","Rpv12",24,5,5,3,1,2,2,2,2,2,1,4,2,TRUE,"Up",TRUE,TRUE
"Vitvi12g02474","Rpv12",24,5,5,3,1,2,2,2,2,2,2,4,3,TRUE,"Down",TRUE,TRUE
"Vitvi12g02508","Rpv12",24,5,4,3,1,2,2,2,1,2,0,4,2,TRUE,"Down",TRUE,TRUE
"Vitvi12g02545","Rpv12",24,5,5,3,1,2,2,2,2,2,1,4,2,TRUE,"Up",TRUE,TRUE
"Vitvi12g02621","Rpv12",24,5,5,3,1,2,2,2,2,2,1,4,3,TRUE,"Down",TRUE,TRUE
"Vitvi12g02678","Rpv12",24,5,5,3,1,2,2,2,2,2,2,4,3,TRUE,"Up",TRUE,TRUE
"Vitvi12g02682","Rpv12",24,5,4,3,1,2,2,2,1,2,0,4,1,TRUE,"Up",TRUE,TRUE
"Vitvi12g02701","Rpv12",24,5,4,3,1,2,2,2,1,2,0,4,2,TRUE,"Down",TRUE,TRUE
"Vitvi12g02703","Rpv12",24,5,5,3,1,2,2,2,2,2,2,4,2,TRUE,"Up",TRUE,TRUE
"Vitvi12g02735","Rpv12",24,5,5,3,1,2,2,2,2,2,2,4,3,TRUE,"Down",TRUE,TRUE
"Vitvi12g02753","Rpv12",24,5,5,3,1,2,2,2,2,2,2,4,2,TRUE,"Down",TRUE,TRUE
"Vitvi12g04028","Rpv12",24,5,5,3,1,2,2,2,2,2,1,4,2,TRUE,"Down",TRUE,TRUE
"Vitvi12g04108","Rpv12",24,5,5,3,1,2,2,2,2,2,2,4,2,TRUE,"Up",TRUE,TRUE
"Vitvi12g04190","Rpv12",24,5,5,3,1,2,2,2,2,2,0,4,3,TRUE,"Down",TRUE,TRUE
"Vitvi12g04202","Rpv12",24,5,4,3,1,2,2,2,1,2,0,4,2,TRUE,"Down",TRUE,TRUE
"Vitvi12g04230","Rpv12",24,5,4,3,1,2,2,2,1,2,0,4,2,TRUE,"Down",TRUE,TRUE
"Vitvi12g04235","Rpv12",24,5,4,3,1,2,2,2,1,2,2,4,2,TRUE,"Down",TRUE,TRUE
"Vitvi12g04240","Rpv12",24,5,4,3,1,2,2,2,1,2,0,4,2,TRUE,"Down",TRUE,TRUE
"Vitvi12g04316","Rpv12",24,5,4,3,1,2,2,2,1,2,0,4,2,TRUE,"Down",TRUE,TRUE
"Vitvi12g04364","Rpv12",24,5,5,3,1,2,2,2,2,2,0,4,0,TRUE,"Up",TRUE,TRUE
"Vitvi12g04365","Rpv12",24,5,5,3,1,2,2,2,2,2,0,4,2,TRUE,"Up",TRUE,TRUE
"Vitvi12g04404","Rpv12",24,5,5,3,1,2,2,2,2,2,2,4,3,TRUE,"Up",TRUE,TRUE
"Vitvi12g04427","Rpv12",24,5,4,3,1,2,2,2,1,2,0,4,3,TRUE,"Up",TRUE,TRUE
"Vitvi12g04432","Rpv12",24,5,5,3,1,2,2,2,2,2,1,4,2,TRUE,"Up",TRUE,TRUE
"Vitvi12g04462","Rpv12",24,5,4,3,1,2,2,2,1,2,0,4,2,TRUE,"Up",TRUE,TRUE
"Vitvi12g04463","Rpv12",24,5,5,3,1,2,2,2,2,2,0,4,3,TRUE,"Up",TRUE,TRUE
"Vitvi12g04467","Rpv12",24,5,4,3,1,2,2,2,1,2,0,4,2,TRUE,"Up",TRUE,TRUE
"Vitvi12g04498","Rpv12",24,5,5,3,1,2,2,2,2,2,2,4,2,TRUE,"Up",TRUE,TRUE
"Vitvi12g04512","Rpv12",24,5,5,3,1,2,2,2,2,2,2,4,2,TRUE,"Up",TRUE,TRUE
"Vitvi12g04514","Rpv12",24,5,5,3,1,2,2,2,2,2,0,4,2,TRUE,"Up",TRUE,TRUE
"Vitvi12g04515","Rpv12",24,5,5,3,1,2,2,2,2,2,2,4,2,TRUE,"Up",TRUE,TRUE
"Vitvi12g04517","Rpv12",24,5,4,3,1,2,2,2,1,2,0,4,2,TRUE,"Up",TRUE,TRUE
"Vitvi12g04518","Rpv12",24,5,5,3,1,2,2,2,2,2,2,4,3,TRUE,"Up",TRUE,TRUE
"Vitvi12g04523","Rpv12",24,5,5,3,1,2,2,2,2,2,2,4,2,TRUE,"Up",TRUE,TRUE
"Vitvi12g04533","Rpv12",24,5,5,3,1,2,2,2,2,2,0,4,2,TRUE,"Down",TRUE,TRUE
"Vitvi12g04536","Rpv12",24,5,4,3,1,2,2,2,1,2,0,4,2,TRUE,"Up",TRUE,TRUE
"Vitvi12g04543","Rpv12",24,5,5,3,1,2,2,2,2,2,2,4,2,TRUE,"Up",TRUE,TRUE
"Vitvi12g04545","Rpv12",24,5,5,3,1,2,2,2,2,2,2,4,3,TRUE,"Up",TRUE,TRUE
"Vitvi12g04548","Rpv12",24,5,4,3,1,2,2,2,1,2,2,4,3,TRUE,"Up",TRUE,TRUE
"Vitvi12g04563","Rpv12",24,5,5,3,1,2,2,2,2,2,2,4,3,TRUE,"Down",TRUE,TRUE
"Vitvi12g04565","Rpv12",24,5,5,3,1,2,2,2,2,2,0,4,3,TRUE,"Up",TRUE,TRUE
"Vitvi12g04566","Rpv12",24,5,5,3,1,2,2,2,2,2,0,4,3,TRUE,"Up",TRUE,TRUE
"Vitvi12g04567","Rpv12",24,5,5,3,1,2,2,2,2,2,0,4,2,TRUE,"Up",TRUE,TRUE
"Vitvi12g04571","Rpv12",24,5,4,3,1,2,2,2,1,2,0,4,2,TRUE,"Up",TRUE,TRUE
"Vitvi12g04595","Rpv12",24,5,5,3,1,2,2,2,2,2,2,4,2,TRUE,"Down",TRUE,TRUE
"Vitvi12g04596","Rpv12",24,5,5,3,1,2,2,2,2,2,2,4,2,TRUE,"Up",TRUE,TRUE
"Vitvi12g04597","Rpv12",24,5,5,3,1,2,2,2,2,2,2,4,3,TRUE,"Up",TRUE,TRUE
"Vitvi12g04598","Rpv12",24,5,5,3,1,2,2,2,2,2,2,4,2,TRUE,"Up",TRUE,TRUE
"Vitvi12g04607","Rpv12",24,5,5,3,1,2,2,2,2,2,2,4,4,TRUE,"Up",TRUE,TRUE
"Vitvi12g04626","Rpv12",24,5,5,3,1,2,2,2,2,2,0,4,3,TRUE,"Down",TRUE,TRUE
"Vitvi12g04630","Rpv12",24,5,5,3,1,2,2,2,2,2,2,4,2,TRUE,"Down",TRUE,TRUE
"Vitvi13g00143","Rpv12",24,5,4,3,1,2,2,2,1,2,0,4,2,TRUE,"Down",TRUE,TRUE
"Vitvi13g00155","Rpv12",24,5,4,3,1,2,2,2,1,2,0,4,2,TRUE,"Down",TRUE,TRUE
"Vitvi13g00233","Rpv12",24,5,4,3,1,2,2,2,1,2,0,4,2,TRUE,"Down",TRUE,TRUE
"Vitvi13g00242","Rpv12",24,5,5,3,1,2,2,2,2,2,0,4,2,TRUE,"Up",TRUE,TRUE
"Vitvi13g00274","Rpv12",24,5,5,3,1,2,2,2,2,2,2,4,3,TRUE,"Up",TRUE,TRUE
"Vitvi13g00387","Rpv12",24,5,5,3,1,2,2,2,2,2,0,4,2,TRUE,"Up",TRUE,TRUE
"Vitvi13g00452","Rpv12",24,5,4,3,1,2,2,2,1,2,2,4,3,TRUE,"Up",TRUE,TRUE
"Vitvi13g00494","Rpv12",24,5,4,3,1,2,2,2,1,2,0,4,2,TRUE,"Down",TRUE,TRUE
"Vitvi13g00551","Rpv12",24,5,5,3,1,2,2,2,2,2,2,4,3,TRUE,"Up",TRUE,TRUE
"Vitvi13g00578","Rpv12",24,5,4,3,1,2,2,2,1,2,0,4,2,TRUE,"Down",TRUE,TRUE
"Vitvi13g00680","Rpv12",24,5,4,3,1,2,2,2,1,2,0,4,2,TRUE,"Down",TRUE,TRUE
"Vitvi13g00683","Rpv12",24,5,4,3,1,2,2,2,1,2,0,4,2,TRUE,"Down",TRUE,TRUE
"Vitvi13g00779","Rpv12",24,5,4,3,1,2,2,2,1,2,0,4,2,TRUE,"Down",TRUE,TRUE
"Vitvi13g00807","Rpv12",24,5,5,3,1,2,2,2,2,2,2,4,2,TRUE,"Up",TRUE,TRUE
"Vitvi13g01177","Rpv12",24,5,4,3,1,2,2,2,1,2,0,4,2,TRUE,"Up",TRUE,TRUE
"Vitvi13g01200","Rpv12",24,5,5,3,1,2,2,2,2,2,0,4,4,TRUE,"Down",TRUE,TRUE
"Vitvi13g01389","Rpv12",24,5,4,3,1,2,2,2,1,2,0,4,2,TRUE,"Down",TRUE,TRUE
"Vitvi13g01435","Rpv12",24,5,5,3,1,2,2,2,2,2,2,4,2,TRUE,"Up",TRUE,TRUE
"Vitvi13g01608","Rpv12",24,5,4,3,1,2,2,2,1,2,0,4,2,TRUE,"Down",TRUE,TRUE
"Vitvi13g01634","Rpv12",24,5,5,3,1,2,2,2,2,2,0,4,2,TRUE,"Down",TRUE,TRUE
"Vitvi13g01638","Rpv12",24,5,5,3,1,2,2,2,2,2,2,4,3,TRUE,"Down",TRUE,TRUE
"Vitvi13g01667","Rpv12",24,5,5,3,1,2,2,2,2,2,0,4,2,TRUE,"Down",TRUE,TRUE
"Vitvi13g01673","Rpv12",24,5,4,3,1,2,2,2,1,2,0,4,2,TRUE,"Down",TRUE,TRUE
"Vitvi13g01984","Rpv12",24,5,5,3,1,2,2,2,2,2,2,4,2,TRUE,"Down",TRUE,TRUE
"Vitvi13g01998","Rpv12",24,5,4,3,1,2,2,2,1,2,1,4,3,TRUE,"Up",TRUE,TRUE
"Vitvi13g02024","Rpv12",24,5,4,3,1,2,2,2,1,2,0,4,2,TRUE,"Up",TRUE,TRUE
"Vitvi13g02105","Rpv12",24,5,5,3,1,2,2,2,2,2,0,4,2,TRUE,"Up",TRUE,TRUE
"Vitvi13g02189","Rpv12",24,5,5,3,1,2,2,2,2,2,2,4,2,TRUE,"Up",TRUE,TRUE
"Vitvi13g02226","Rpv12",24,5,4,3,1,2,2,2,1,2,0,4,1,TRUE,"Up",TRUE,TRUE
"Vitvi13g02328","Rpv12",24,5,4,3,1,2,2,2,1,2,0,4,2,TRUE,"Down",TRUE,TRUE
"Vitvi13g02332","Rpv12",24,5,5,3,1,2,2,2,2,2,0,4,2,TRUE,"Up",TRUE,TRUE
"Vitvi13g02351","Rpv12",24,5,4,3,1,2,2,2,1,2,0,4,2,TRUE,"Up",TRUE,TRUE
"Vitvi13g02475","Rpv12",24,5,5,3,1,2,2,2,2,2,1,4,2,TRUE,"Down",TRUE,TRUE
"Vitvi13g04005","Rpv12",24,5,5,3,1,2,2,2,2,2,2,4,2,TRUE,"Up",TRUE,TRUE
"Vitvi13g04006","Rpv12",24,5,5,3,1,2,2,2,2,2,0,4,0,TRUE,"Up",TRUE,TRUE
"Vitvi13g04144","Rpv12",24,5,4,3,1,2,2,2,1,2,0,4,3,TRUE,"Up",TRUE,TRUE
"Vitvi13g04267","Rpv12",24,5,5,3,1,2,2,2,2,2,1,4,2,TRUE,"Down",TRUE,TRUE
"Vitvi13g04338","Rpv12",24,5,4,3,1,2,2,2,1,2,2,4,3,TRUE,"Up",TRUE,TRUE
"Vitvi13g04346","Rpv12",24,5,5,3,1,2,2,2,2,2,0,4,2,TRUE,"Up",TRUE,TRUE
"Vitvi13g04362","Rpv12",24,5,4,3,1,2,2,2,1,2,0,4,0,TRUE,"Up",TRUE,TRUE
"Vitvi13g04503","Rpv12",24,5,5,3,1,2,2,2,2,2,0,4,2,TRUE,"Up",TRUE,TRUE
"Vitvi13g04549","Rpv12",24,5,4,3,1,2,2,2,1,2,0,4,2,TRUE,"Up",TRUE,TRUE
"Vitvi13g04593","Rpv12",24,5,4,3,1,2,2,2,1,2,0,4,2,TRUE,"Down",TRUE,TRUE
"Vitvi13g04656","Rpv12",24,5,4,3,1,2,2,2,1,2,0,4,3,TRUE,"Down",TRUE,TRUE
"Vitvi13g04677","Rpv12",24,5,5,3,1,2,2,2,2,2,1,4,2,TRUE,"Down",TRUE,TRUE
"Vitvi13g04699","Rpv12",24,5,5,3,1,2,2,2,2,2,2,4,4,TRUE,"Down",TRUE,TRUE
"Vitvi13g04706","Rpv12",24,5,4,3,1,2,2,2,1,2,0,4,2,TRUE,"Down",TRUE,TRUE
"Vitvi13g04713","Rpv12",24,5,5,3,1,2,2,2,2,2,0,4,2,TRUE,"Down",TRUE,TRUE
"Vitvi13g04715","Rpv12",24,5,5,3,1,2,2,2,2,2,0,4,2,TRUE,"Down",TRUE,TRUE
"Vitvi13g04716","Rpv12",24,5,4,3,1,2,2,2,1,2,0,4,1,TRUE,"Down",TRUE,TRUE
"Vitvi13g04717","Rpv12",24,5,5,3,1,2,2,2,2,2,1,4,2,TRUE,"Down",TRUE,TRUE
"Vitvi13g04744","Rpv12",24,5,5,3,1,2,2,2,2,2,2,4,3,TRUE,"Up",TRUE,TRUE
"Vitvi14g00157","Rpv12",24,5,5,3,1,2,2,2,2,2,1,4,2,TRUE,"Down",TRUE,TRUE
"Vitvi14g00301","Rpv12",24,5,5,3,1,2,2,2,2,2,0,4,2,TRUE,"Up",TRUE,TRUE
"Vitvi14g00458","Rpv12",24,5,4,3,1,2,2,2,1,2,0,4,3,TRUE,"Up",TRUE,TRUE
"Vitvi14g00468","Rpv12",24,5,4,3,1,2,2,2,1,2,0,4,2,TRUE,"Down",TRUE,TRUE
"Vitvi14g00656","Rpv12",24,5,5,3,1,2,2,2,2,2,0,4,2,TRUE,"Up",TRUE,TRUE
"Vitvi14g00668","Rpv12",24,5,5,3,1,2,2,2,2,2,2,4,3,TRUE,"Up",TRUE,TRUE
"Vitvi14g00685","Rpv12",24,5,4,3,1,2,2,2,1,2,0,4,2,TRUE,"Up",TRUE,TRUE
"Vitvi14g00930","Rpv12",24,5,4,3,1,2,2,2,1,2,1,4,2,TRUE,"Up",TRUE,TRUE
"Vitvi14g01004","Rpv12",24,5,4,3,1,2,2,2,1,2,0,4,2,TRUE,"Up",TRUE,TRUE
"Vitvi14g01033","Rpv12",24,5,5,3,1,2,2,2,2,2,0,4,0,TRUE,"Up",TRUE,TRUE
"Vitvi14g01046","Rpv12",24,5,4,3,1,2,2,2,1,2,2,4,3,TRUE,"Up",TRUE,TRUE
"Vitvi14g01361","Rpv12",24,5,4,3,1,2,2,2,1,2,0,4,2,TRUE,"Down",TRUE,TRUE
"Vitvi14g01507","Rpv12",24,5,4,3,1,2,2,2,1,2,0,4,2,TRUE,"Down",TRUE,TRUE
"Vitvi14g01624","Rpv12",24,5,5,3,1,2,2,2,2,2,0,4,2,TRUE,"Up",TRUE,TRUE
"Vitvi14g01717","Rpv12",24,5,4,3,1,2,2,2,1,2,0,4,2,TRUE,"Down",TRUE,TRUE
"Vitvi14g01761","Rpv12",24,5,4,3,1,2,2,2,1,2,0,4,2,TRUE,"Down",TRUE,TRUE
"Vitvi14g01809","Rpv12",24,5,4,3,1,2,2,2,1,2,2,4,2,TRUE,"Up",TRUE,TRUE
"Vitvi14g01897","Rpv12",24,5,5,3,1,2,2,2,2,2,2,4,2,TRUE,"Down",TRUE,TRUE
"Vitvi14g01917","Rpv12",24,5,4,3,1,2,2,2,1,2,0,4,2,TRUE,"Down",TRUE,TRUE
"Vitvi14g01985","Rpv12",24,5,4,3,1,2,2,2,1,2,0,4,2,TRUE,"Down",TRUE,TRUE
"Vitvi14g02004","Rpv12",24,5,4,3,1,2,2,2,1,2,0,4,2,TRUE,"Down",TRUE,TRUE
"Vitvi14g02607","Rpv12",24,5,5,3,1,2,2,2,2,2,2,4,3,TRUE,"Down",TRUE,TRUE
"Vitvi14g02637","Rpv12",24,5,5,3,1,2,2,2,2,2,0,4,2,TRUE,"Down",TRUE,TRUE
"Vitvi14g02663","Rpv12",24,5,4,3,1,2,2,2,1,2,0,4,2,TRUE,"Up",TRUE,TRUE
"Vitvi14g02707","Rpv12",24,5,5,3,1,2,2,2,2,2,0,4,3,TRUE,"Up",TRUE,TRUE
"Vitvi14g02857","Rpv12",24,5,5,3,1,2,2,2,2,2,1,4,2,TRUE,"Down",TRUE,TRUE
"Vitvi14g02923","Rpv12",24,5,5,3,1,2,2,2,2,2,0,4,2,TRUE,"Down",TRUE,TRUE
"Vitvi14g02934","Rpv12",24,5,4,3,1,2,2,2,1,2,2,4,2,TRUE,"Down",TRUE,TRUE
"Vitvi14g02935","Rpv12",24,5,5,3,1,2,2,2,2,2,2,4,2,TRUE,"Down",TRUE,TRUE
"Vitvi14g03015","Rpv12",24,5,5,3,1,2,2,2,2,2,0,4,3,TRUE,"Up",TRUE,TRUE
"Vitvi14g03076","Rpv12",24,5,4,3,1,2,2,2,1,2,0,4,2,TRUE,"Down",TRUE,TRUE
"Vitvi14g04211","Rpv12",24,5,5,3,1,2,2,2,2,2,2,4,2,TRUE,"Up",TRUE,TRUE
"Vitvi14g04241","Rpv12",24,5,4,3,1,2,2,2,1,2,0,4,2,TRUE,"Up",TRUE,TRUE
"Vitvi14g04248","Rpv12",24,5,5,3,1,2,2,2,2,2,2,4,3,TRUE,"Up",TRUE,TRUE
"Vitvi14g04255","Rpv12",24,5,5,3,1,2,2,2,2,2,1,4,3,TRUE,"Up",TRUE,TRUE
"Vitvi14g04262","Rpv12",24,5,4,3,1,2,2,2,1,2,0,4,2,TRUE,"Down",TRUE,TRUE
"Vitvi14g04416","Rpv12",24,5,5,3,1,2,2,2,2,2,0,4,2,TRUE,"Down",TRUE,TRUE
"Vitvi14g04425","Rpv12",24,5,4,3,1,2,2,2,1,2,0,4,2,TRUE,"Down",TRUE,TRUE
"Vitvi14g04448","Rpv12",24,5,5,3,1,2,2,2,2,2,1,4,2,TRUE,"Up",TRUE,TRUE
"Vitvi14g04449","Rpv12",24,5,5,3,1,2,2,2,2,2,0,4,2,TRUE,"Up",TRUE,TRUE
"Vitvi14g04450","Rpv12",24,5,5,3,1,2,2,2,2,2,0,4,2,TRUE,"Up",TRUE,TRUE
"Vitvi14g04475","Rpv12",24,5,4,3,1,2,2,2,1,2,0,4,0,TRUE,"Up",TRUE,TRUE
"Vitvi14g04588","Rpv12",24,5,5,3,1,2,2,2,2,2,0,4,2,TRUE,"Up",TRUE,TRUE
"Vitvi14g04662","Rpv12",24,5,5,3,1,2,2,2,2,2,2,4,2,TRUE,"Down",TRUE,TRUE
"Vitvi14g04673","Rpv12",24,5,5,3,1,2,2,2,2,2,0,4,2,TRUE,"Up",TRUE,TRUE
"Vitvi15g00017","Rpv12",24,5,5,3,1,2,2,2,2,2,0,4,2,TRUE,"Down",TRUE,TRUE
"Vitvi15g00018","Rpv12",24,5,5,3,1,2,2,2,2,2,0,4,2,TRUE,"Down",TRUE,TRUE
"Vitvi15g00071","Rpv12",24,5,4,3,1,2,2,2,1,2,0,4,2,TRUE,"Down",TRUE,TRUE
"Vitvi15g00122","Rpv12",24,5,4,3,1,2,2,2,1,2,0,4,2,TRUE,"Down",TRUE,TRUE
"Vitvi15g00263","Rpv12",24,5,5,3,1,2,2,2,2,2,1,4,2,TRUE,"Up",TRUE,TRUE
"Vitvi15g00640","Rpv12",24,5,4,3,1,2,2,2,1,2,0,4,2,TRUE,"Down",TRUE,TRUE
"Vitvi15g00787","Rpv12",24,5,5,3,1,2,2,2,2,2,0,4,2,TRUE,"Down",TRUE,TRUE
"Vitvi15g00960","Rpv12",24,5,4,3,1,2,2,2,1,2,0,4,2,TRUE,"Down",TRUE,TRUE
"Vitvi15g01083","Rpv12",24,5,4,3,1,2,2,2,1,2,0,4,2,TRUE,"Down",TRUE,TRUE
"Vitvi15g01123","Rpv12",24,5,4,3,1,2,2,2,1,2,0,4,2,TRUE,"Down",TRUE,TRUE
"Vitvi15g01184","Rpv12",24,5,4,3,1,2,2,2,1,2,0,4,2,TRUE,"Down",TRUE,TRUE
"Vitvi15g01235","Rpv12",24,5,5,3,1,2,2,2,2,2,2,4,2,TRUE,"Down",TRUE,TRUE
"Vitvi15g01395","Rpv12",24,5,5,3,1,2,2,2,2,2,0,4,2,TRUE,"Up",TRUE,TRUE
"Vitvi15g01606","Rpv12",24,5,5,3,1,2,2,2,2,2,1,4,2,TRUE,"Down",TRUE,TRUE
"Vitvi15g01618","Rpv12",24,5,4,3,1,2,2,2,1,2,0,4,2,TRUE,"Down",TRUE,TRUE
"Vitvi15g01663","Rpv12",24,5,4,3,1,2,2,2,1,2,0,4,3,TRUE,"Down",TRUE,TRUE
"Vitvi15g01667","Rpv12",24,5,5,3,1,2,2,2,2,2,2,4,2,TRUE,"Up",TRUE,TRUE
"Vitvi15g01686","Rpv12",24,5,5,3,1,2,2,2,2,2,2,4,2,TRUE,"Up",TRUE,TRUE
"Vitvi15g01697","Rpv12",24,5,4,3,1,2,2,2,1,2,0,4,2,TRUE,"Down",TRUE,TRUE
"Vitvi15g04045","Rpv12",24,5,5,3,1,2,2,2,2,2,1,4,2,TRUE,"Down",TRUE,TRUE
"Vitvi15g04179","Rpv12",24,5,5,3,1,2,2,2,2,2,0,4,1,TRUE,"Down",TRUE,TRUE
"Vitvi15g04205","Rpv12",24,5,5,3,1,2,2,2,2,2,0,4,2,TRUE,"Down",TRUE,TRUE
"Vitvi15g04352","Rpv12",24,5,5,3,1,2,2,2,2,2,0,4,0,TRUE,"Down",TRUE,TRUE
"Vitvi15g04365","Rpv12",24,5,5,3,1,2,2,2,2,2,2,4,2,TRUE,"Up",TRUE,TRUE
"Vitvi15g04406","Rpv12",24,5,4,3,1,2,2,2,1,2,0,4,2,TRUE,"Down",TRUE,TRUE
"Vitvi15g04432","Rpv12",24,5,5,3,1,2,2,2,2,2,0,4,0,TRUE,"Down",TRUE,TRUE
"Vitvi15g04544","Rpv12",24,5,4,3,1,2,2,2,1,2,1,4,2,TRUE,"Up",TRUE,TRUE
"Vitvi15g04598","Rpv12",24,5,5,3,1,2,2,2,2,2,2,4,3,TRUE,"Down",TRUE,TRUE
"Vitvi15g04599","Rpv12",24,5,5,3,1,2,2,2,2,2,1,4,2,TRUE,"Down",TRUE,TRUE
"Vitvi15g04623","Rpv12",24,5,5,3,1,2,2,2,2,2,0,4,2,TRUE,"Up",TRUE,TRUE
"Vitvi15g04624","Rpv12",24,5,5,3,1,2,2,2,2,2,0,4,2,TRUE,"Up",TRUE,TRUE
"Vitvi16g00160","Rpv12",24,5,5,3,1,2,2,2,2,2,2,4,2,TRUE,"Down",TRUE,TRUE
"Vitvi16g00205","Rpv12",24,5,4,3,1,2,2,2,1,2,0,4,2,TRUE,"Down",TRUE,TRUE
"Vitvi16g01034","Rpv12",24,5,4,3,1,2,2,2,1,2,0,4,2,TRUE,"Up",TRUE,TRUE
"Vitvi16g01081","Rpv12",24,5,5,3,1,2,2,2,2,2,2,4,2,TRUE,"Up",TRUE,TRUE
"Vitvi16g01090","Rpv12",24,5,5,3,1,2,2,2,2,2,1,4,2,TRUE,"Down",TRUE,TRUE
"Vitvi16g01119","Rpv12",24,5,5,3,1,2,2,2,2,2,0,4,2,TRUE,"Down",TRUE,TRUE
"Vitvi16g01246","Rpv12",24,5,4,3,1,2,2,2,1,2,0,4,2,TRUE,"Down",TRUE,TRUE
"Vitvi16g01279","Rpv12",24,5,4,3,1,2,2,2,1,2,0,4,2,TRUE,"Down",TRUE,TRUE
"Vitvi16g01407","Rpv12",24,5,5,3,1,2,2,2,2,2,0,4,2,TRUE,"Up",TRUE,TRUE
"Vitvi16g01733","Rpv12",24,5,5,3,1,2,2,2,2,2,2,4,3,TRUE,"Up",TRUE,TRUE
"Vitvi16g01796","Rpv12",24,5,5,3,1,2,2,2,2,2,1,4,3,TRUE,"Up",TRUE,TRUE
"Vitvi16g01922","Rpv12",24,5,5,3,1,2,2,2,2,2,2,4,2,TRUE,"Up",TRUE,TRUE
"Vitvi16g01928","Rpv12",24,5,5,3,1,2,2,2,2,2,2,4,2,TRUE,"Down",TRUE,TRUE
"Vitvi16g01929","Rpv12",24,5,5,3,1,2,2,2,2,2,0,4,2,TRUE,"Down",TRUE,TRUE
"Vitvi16g01935","Rpv12",24,5,5,3,1,2,2,2,2,2,0,4,0,TRUE,"Up",TRUE,TRUE
"Vitvi16g02122","Rpv12",24,5,4,3,1,2,2,2,1,2,0,4,2,TRUE,"Down",TRUE,TRUE
"Vitvi16g04103","Rpv12",24,5,4,3,1,2,2,2,1,2,0,4,2,TRUE,"Down",TRUE,TRUE
"Vitvi16g04219","Rpv12",24,5,4,3,1,2,2,2,1,2,0,4,0,TRUE,"Up",TRUE,TRUE
"Vitvi16g04376","Rpv12",24,5,4,3,1,2,2,2,1,2,1,4,2,TRUE,"Down",TRUE,TRUE
"Vitvi16g04447","Rpv12",24,5,4,3,1,2,2,2,1,2,0,4,2,TRUE,"Down",TRUE,TRUE
"Vitvi16g04458","Rpv12",24,5,4,3,1,2,2,2,1,2,1,4,2,TRUE,"Down",TRUE,TRUE
"Vitvi17g00175","Rpv12",24,5,4,3,1,2,2,2,1,2,0,4,2,TRUE,"Down",TRUE,TRUE
"Vitvi17g00461","Rpv12",24,5,5,3,1,2,2,2,2,2,2,4,2,TRUE,"Up",TRUE,TRUE
"Vitvi17g00504","Rpv12",24,5,4,3,1,2,2,2,1,2,0,4,2,TRUE,"Down",TRUE,TRUE
"Vitvi17g00719","Rpv12",24,5,4,3,1,2,2,2,1,2,0,4,2,TRUE,"Down",TRUE,TRUE
"Vitvi17g00819","Rpv12",24,5,4,3,1,2,2,2,1,2,1,4,2,TRUE,"Down",TRUE,TRUE
"Vitvi17g01015","Rpv12",24,5,5,3,1,2,2,2,2,2,2,4,3,TRUE,"Down",TRUE,TRUE
"Vitvi17g01320","Rpv12",24,5,4,3,1,2,2,2,1,2,0,4,2,TRUE,"Down",TRUE,TRUE
"Vitvi17g01467","Rpv12",24,5,4,3,1,2,2,2,1,2,0,4,2,TRUE,"Down",TRUE,TRUE
"Vitvi17g01495","Rpv12",24,5,5,3,1,2,2,2,2,2,2,4,2,TRUE,"Up",TRUE,TRUE
"Vitvi17g01564","Rpv12",24,5,5,3,1,2,2,2,2,2,2,4,2,TRUE,"Up",TRUE,TRUE
"Vitvi17g01604","Rpv12",24,5,5,3,1,2,2,2,2,2,0,4,2,TRUE,"Up",TRUE,TRUE
"Vitvi17g04067","Rpv12",24,5,5,3,1,2,2,2,2,2,0,4,2,TRUE,"Down",TRUE,TRUE
"Vitvi17g04101","Rpv12",24,5,5,3,1,2,2,2,2,2,0,4,2,TRUE,"Down",TRUE,TRUE
"Vitvi17g04102","Rpv12",24,5,4,3,1,2,2,2,1,2,0,4,2,TRUE,"Down",TRUE,TRUE
"Vitvi17g04111","Rpv12",24,5,4,3,1,2,2,2,1,2,0,4,0,TRUE,"Down",TRUE,TRUE
"Vitvi17g04200","Rpv12",24,5,5,3,1,2,2,2,2,2,2,4,2,TRUE,"Up",TRUE,TRUE
"Vitvi17g04289","Rpv12",24,5,5,3,1,2,2,2,2,2,1,4,2,TRUE,"Up",TRUE,TRUE
"Vitvi18g00106","Rpv12",24,5,4,3,1,2,2,2,1,2,0,4,2,TRUE,"Up",TRUE,TRUE
"Vitvi18g00108","Rpv12",24,5,4,3,1,2,2,2,1,2,0,4,2,TRUE,"Down",TRUE,TRUE
"Vitvi18g00142","Rpv12",24,5,5,3,1,2,2,2,2,2,0,4,2,TRUE,"Down",TRUE,TRUE
"Vitvi18g00290","Rpv12",24,5,4,3,1,2,2,2,1,2,2,4,2,TRUE,"Down",TRUE,TRUE
"Vitvi18g00341","Rpv12",24,5,4,3,1,2,2,2,1,2,0,4,3,TRUE,"Up",TRUE,TRUE
"Vitvi18g00397","Rpv12",24,5,4,3,1,2,2,2,1,2,0,4,2,TRUE,"Down",TRUE,TRUE
"Vitvi18g00818","Rpv12",24,5,5,3,1,2,2,2,2,2,0,4,0,TRUE,"Down",TRUE,TRUE
"Vitvi18g00973","Rpv12",24,5,4,3,1,2,2,2,1,2,0,4,2,TRUE,"Down",TRUE,TRUE
"Vitvi18g01019","Rpv12",24,5,5,3,1,2,2,2,2,2,2,4,2,TRUE,"Up",TRUE,TRUE
"Vitvi18g01203","Rpv12",24,5,4,3,1,2,2,2,1,2,0,4,2,TRUE,"Down",TRUE,TRUE
"Vitvi18g01570","Rpv12",24,5,4,3,1,2,2,2,1,2,0,4,2,TRUE,"Down",TRUE,TRUE
"Vitvi18g01608","Rpv12",24,5,5,3,1,2,2,2,2,2,2,4,2,TRUE,"Down",TRUE,TRUE
"Vitvi18g01669","Rpv12",24,5,5,3,1,2,2,2,2,2,1,4,2,TRUE,"Down",TRUE,TRUE
"Vitvi18g01766","Rpv12",24,5,4,3,1,2,2,2,1,2,0,4,2,TRUE,"Down",TRUE,TRUE
"Vitvi18g01959","Rpv12",24,5,5,3,1,2,2,2,2,2,2,4,2,TRUE,"Up",TRUE,TRUE
"Vitvi18g01980","Rpv12",24,5,5,3,1,2,2,2,2,2,2,4,3,TRUE,"Up",TRUE,TRUE
"Vitvi18g01987","Rpv12",24,5,5,3,1,2,2,2,2,2,2,4,2,TRUE,"Up",TRUE,TRUE
"Vitvi18g02222","Rpv12",24,5,4,3,1,2,2,2,1,2,0,4,2,TRUE,"Down",TRUE,TRUE
"Vitvi18g02375","Rpv12",24,5,5,3,1,2,2,2,2,2,0,4,3,TRUE,"Up",TRUE,TRUE
"Vitvi18g02476","Rpv12",24,5,5,3,1,2,2,2,2,2,1,4,2,TRUE,"Up",TRUE,TRUE
"Vitvi18g02592","Rpv12",24,5,4,3,1,2,2,2,1,2,0,4,2,TRUE,"Down",TRUE,TRUE
"Vitvi18g02620","Rpv12",24,5,4,3,1,2,2,2,1,2,0,4,2,TRUE,"Down",TRUE,TRUE
"Vitvi18g02695","Rpv12",24,5,5,3,1,2,2,2,2,2,2,4,2,TRUE,"Up",TRUE,TRUE
"Vitvi18g02730","Rpv12",24,5,4,3,1,2,2,2,1,2,0,4,2,TRUE,"Down",TRUE,TRUE
"Vitvi18g02761","Rpv12",24,5,4,3,1,2,2,2,1,2,0,4,2,TRUE,"Down",TRUE,TRUE
"Vitvi18g02773","Rpv12",24,5,4,3,1,2,2,2,1,2,0,4,2,TRUE,"Down",TRUE,TRUE
"Vitvi18g02824","Rpv12",24,5,5,3,1,2,2,2,2,2,0,4,2,TRUE,"Down",TRUE,TRUE
"Vitvi18g02846","Rpv12",24,5,5,3,1,2,2,2,2,2,0,4,1,TRUE,"Up",TRUE,TRUE
"Vitvi18g03149","Rpv12",24,5,5,3,1,2,2,2,2,2,0,4,2,TRUE,"Down",TRUE,TRUE
"Vitvi18g03152","Rpv12",24,5,4,3,1,2,2,2,1,2,0,4,0,TRUE,"Down",TRUE,TRUE
"Vitvi18g03250","Rpv12",24,5,5,3,1,2,2,2,2,2,0,4,2,TRUE,"Down",TRUE,TRUE
"Vitvi18g03366","Rpv12",24,5,4,3,1,2,2,2,1,2,0,4,2,TRUE,"Up",TRUE,TRUE
"Vitvi18g04003","Rpv12",24,5,5,3,1,2,2,2,2,2,2,4,2,TRUE,"Down",TRUE,TRUE
"Vitvi18g04004","Rpv12",24,5,5,3,1,2,2,2,2,2,2,4,2,TRUE,"Down",TRUE,TRUE
"Vitvi18g04038","Rpv12",24,5,5,3,1,2,2,2,2,2,0,4,2,TRUE,"Down",TRUE,TRUE
"Vitvi18g04127","Rpv12",24,5,4,3,1,2,2,2,1,2,0,4,2,TRUE,"Down",TRUE,TRUE
"Vitvi18g04286","Rpv12",24,5,4,3,1,2,2,2,1,2,0,4,2,TRUE,"Down",TRUE,TRUE
"Vitvi18g04293","Rpv12",24,5,4,3,1,2,2,2,1,2,0,4,2,TRUE,"Down",TRUE,TRUE
"Vitvi18g04314","Rpv12",24,5,5,3,1,2,2,2,2,2,2,4,4,TRUE,"Down",TRUE,TRUE
"Vitvi18g04440","Rpv12",24,5,5,3,1,2,2,2,2,2,2,4,3,TRUE,"Up",TRUE,TRUE
"Vitvi18g04551","Rpv12",24,5,5,3,1,2,2,2,2,2,2,4,2,TRUE,"Up",TRUE,TRUE
"Vitvi18g04595","Rpv12",24,5,5,3,1,2,2,2,2,2,1,4,2,TRUE,"Down",TRUE,TRUE
"Vitvi18g04598","Rpv12",24,5,4,3,1,2,2,2,1,2,0,4,2,TRUE,"Down",TRUE,TRUE
"Vitvi18g04599","Rpv12",24,5,5,3,1,2,2,2,2,2,2,4,3,TRUE,"Down",TRUE,TRUE
"Vitvi18g04600","Rpv12",24,5,5,3,1,2,2,2,2,2,2,4,2,TRUE,"Down",TRUE,TRUE
"Vitvi18g04601","Rpv12",24,5,5,3,1,2,2,2,2,2,2,4,2,TRUE,"Down",TRUE,TRUE
"Vitvi18g04640","Rpv12",24,5,5,3,1,2,2,2,2,2,2,4,2,TRUE,"Down",TRUE,TRUE
"Vitvi18g04646","Rpv12",24,5,5,3,1,2,2,2,2,2,2,4,2,TRUE,"Up",TRUE,TRUE
"Vitvi18g04655","Rpv12",24,5,5,3,1,2,2,2,2,2,0,4,2,TRUE,"Up",TRUE,TRUE
"Vitvi18g04656","Rpv12",24,5,5,3,1,2,2,2,2,2,2,4,2,TRUE,"Down",TRUE,TRUE
"Vitvi18g04660","Rpv12",24,5,5,3,1,2,2,2,2,2,2,4,2,TRUE,"Up",TRUE,TRUE
"Vitvi18g04749","Rpv12",24,5,4,3,1,2,2,2,1,2,0,4,2,TRUE,"Up",TRUE,TRUE
"Vitvi18g04757","Rpv12",24,5,5,3,1,2,2,2,2,2,2,4,2,TRUE,"Up",TRUE,TRUE
"Vitvi19g00166","Rpv12",24,5,4,3,1,2,2,2,1,2,0,4,2,TRUE,"Up",TRUE,TRUE
"Vitvi19g00252","Rpv12",24,5,4,3,1,2,2,2,1,2,0,4,2,TRUE,"Down",TRUE,TRUE
"Vitvi19g00255","Rpv12",24,5,4,3,1,2,2,2,1,2,0,4,2,TRUE,"Up",TRUE,TRUE
"Vitvi19g00283","Rpv12",24,5,4,3,1,2,2,2,1,2,2,4,3,TRUE,"Up",TRUE,TRUE
"Vitvi19g00339","Rpv12",24,5,5,3,1,2,2,2,2,2,0,4,2,TRUE,"Up",TRUE,TRUE
"Vitvi19g00484","Rpv12",24,5,5,3,1,2,2,2,2,2,0,4,2,TRUE,"Up",TRUE,TRUE
"Vitvi19g00641","Rpv12",24,5,4,3,1,2,2,2,1,2,0,4,2,TRUE,"Down",TRUE,TRUE
"Vitvi19g00664","Rpv12",24,5,4,3,1,2,2,2,1,2,0,4,1,TRUE,"Down",TRUE,TRUE
"Vitvi19g00709","Rpv12",24,5,5,3,1,2,2,2,2,2,2,4,3,TRUE,"Down",TRUE,TRUE
"Vitvi19g00740","Rpv12",24,5,5,3,1,2,2,2,2,2,0,4,1,TRUE,"Up",TRUE,TRUE
"Vitvi19g01571","Rpv12",24,5,4,3,1,2,2,2,1,2,2,4,2,TRUE,"Up",TRUE,TRUE
"Vitvi19g01602","Rpv12",24,5,5,3,1,2,2,2,2,2,2,4,2,TRUE,"Up",TRUE,TRUE
"Vitvi19g01610","Rpv12",24,5,5,3,1,2,2,2,2,2,2,4,2,TRUE,"Down",TRUE,TRUE
"Vitvi19g01612","Rpv12",24,5,5,3,1,2,2,2,2,2,2,4,2,TRUE,"Down",TRUE,TRUE
"Vitvi19g01720","Rpv12",24,5,5,3,1,2,2,2,2,2,2,4,4,TRUE,"Up",TRUE,TRUE
"Vitvi19g01851","Rpv12",24,5,5,3,1,2,2,2,2,2,2,4,2,TRUE,"Up",TRUE,TRUE
"Vitvi19g01931","Rpv12",24,5,4,3,1,2,2,2,1,2,0,4,2,TRUE,"Down",TRUE,TRUE
"Vitvi19g02300","Rpv12",24,5,5,3,1,2,2,2,2,2,2,4,3,TRUE,"Down",TRUE,TRUE
"Vitvi19g02309","Rpv12",24,5,4,3,1,2,2,2,1,2,0,4,2,TRUE,"Down",TRUE,TRUE
"Vitvi19g04005","Rpv12",24,5,4,3,1,2,2,2,1,2,0,4,2,TRUE,"Up",TRUE,TRUE
"Vitvi19g04006","Rpv12",24,5,4,3,1,2,2,2,1,2,0,4,2,TRUE,"Up",TRUE,TRUE
"Vitvi19g04070","Rpv12",24,5,5,3,1,2,2,2,2,2,2,4,2,TRUE,"Up",TRUE,TRUE
"Vitvi19g04072","Rpv12",24,5,4,3,1,2,2,2,1,2,0,4,2,TRUE,"Up",TRUE,TRUE
"Vitvi19g04074","Rpv12",24,5,5,3,1,2,2,2,2,2,0,4,2,TRUE,"Up",TRUE,TRUE
"Vitvi19g04075","Rpv12",24,5,5,3,1,2,2,2,2,2,0,4,0,TRUE,"Up",TRUE,TRUE
"Vitvi19g04102","Rpv12",24,5,5,3,1,2,2,2,2,2,2,4,2,TRUE,"Up",TRUE,TRUE
"Vitvi19g04110","Rpv12",24,5,5,3,1,2,2,2,2,2,2,4,4,TRUE,"Up",TRUE,TRUE
"Vitvi19g04155","Rpv12",24,5,4,3,1,2,2,2,1,2,0,4,2,TRUE,"Down",TRUE,TRUE
"Vitvi19g04185","Rpv12",24,5,5,3,1,2,2,2,2,2,2,4,2,TRUE,"Up",TRUE,TRUE
"Vitvi19g04196","Rpv12",24,5,5,3,1,2,2,2,2,2,2,4,2,TRUE,"Up",TRUE,TRUE
"Vitvi19g04259","Rpv12",24,5,5,3,1,2,2,2,2,2,2,4,2,TRUE,"Down",TRUE,TRUE
"Vitvi19g04260","Rpv12",24,5,5,3,1,2,2,2,2,2,1,4,2,TRUE,"Down",TRUE,TRUE
"Vitvi19g04533","Rpv12",24,5,5,3,1,2,2,2,2,2,2,4,2,TRUE,"Up",TRUE,TRUE
"Vitvi19g04541","Rpv12",24,5,4,3,1,2,2,2,1,2,0,4,0,TRUE,"Up",TRUE,TRUE
"Vitvi19g04570","Rpv12",24,5,5,3,1,2,2,2,2,2,0,4,2,TRUE,"Up",TRUE,TRUE
"Vitvi19g04572","Rpv12",24,5,5,3,1,2,2,2,2,2,2,4,3,TRUE,"Down",TRUE,TRUE
"Vitvi19g04573","Rpv12",24,5,5,3,1,2,2,2,2,2,0,4,0,TRUE,"Down",TRUE,TRUE
"Vitvi19g04583","Rpv12",24,5,4,3,1,2,2,2,1,2,0,4,3,TRUE,"Up",TRUE,TRUE
"Vitvi00g01805","Rpv12+1",0,5,4,3,1,2,2,2,1,2,0,4,2,TRUE,"Up",TRUE,TRUE
"Vitvi00g04022","Rpv12+1",0,5,4,3,1,2,2,2,1,2,0,4,2,TRUE,"Down",TRUE,TRUE
"Vitvi00g04274","Rpv12+1",0,5,5,3,1,2,2,2,2,2,0,4,2,TRUE,"Down",TRUE,TRUE
"Vitvi00g04275","Rpv12+1",0,5,4,3,1,2,2,2,1,2,0,4,2,TRUE,"Down",TRUE,TRUE
"Vitvi00g04313","Rpv12+1",0,5,5,3,1,2,2,2,2,2,2,4,2,TRUE,"Up",TRUE,TRUE
"Vitvi00g04361","Rpv12+1",0,5,5,3,1,2,2,2,2,2,0,4,2,TRUE,"Up",TRUE,TRUE
"Vitvi00g04449","Rpv12+1",0,5,5,3,1,2,2,2,2,2,2,4,2,TRUE,"Up",TRUE,TRUE
"Vitvi00g04498","Rpv12+1",0,5,5,3,1,2,2,2,2,2,0,4,3,TRUE,"Down",TRUE,TRUE
"Vitvi00g04499","Rpv12+1",0,5,5,3,1,2,2,2,2,2,1,4,3,TRUE,"Down",TRUE,TRUE
"Vitvi00g04500","Rpv12+1",0,5,5,3,1,2,2,2,2,2,2,4,2,TRUE,"Down",TRUE,TRUE
"Vitvi00g04501","Rpv12+1",0,5,5,3,1,2,2,2,2,2,2,4,2,TRUE,"Down",TRUE,TRUE
"Vitvi00g04598","Rpv12+1",0,5,5,3,1,2,2,2,2,2,1,4,3,TRUE,"Up",TRUE,TRUE
"Vitvi00g04617","Rpv12+1",0,5,5,3,1,2,2,2,2,2,0,4,2,TRUE,"Up",TRUE,TRUE
"Vitvi00g04704","Rpv12+1",0,5,5,3,1,2,2,2,2,2,2,4,3,TRUE,"Up",TRUE,TRUE
"Vitvi00g04706","Rpv12+1",0,5,5,3,1,2,2,2,2,2,0,4,2,TRUE,"Up",TRUE,TRUE
"Vitvi00g04728","Rpv12+1",0,5,5,3,1,2,2,2,2,2,2,4,2,TRUE,"Down",TRUE,TRUE
"Vitvi00g04737","Rpv12+1",0,5,5,3,1,2,2,2,2,2,1,4,2,TRUE,"Down",TRUE,TRUE
"Vitvi00g04747","Rpv12+1",0,5,5,3,1,2,2,2,2,2,0,4,2,TRUE,"Down",TRUE,TRUE
"Vitvi00g04752","Rpv12+1",0,5,5,3,1,2,2,2,2,2,1,4,2,TRUE,"Up",TRUE,TRUE
"Vitvi00g04823","Rpv12+1",0,5,5,3,1,2,2,2,2,2,0,4,2,TRUE,"Down",TRUE,TRUE
"Vitvi00g04881","Rpv12+1",0,5,5,3,1,2,2,2,2,2,0,4,2,TRUE,"Up",TRUE,TRUE
"Vitvi01g00083","Rpv12+1",0,5,5,3,1,2,2,2,2,2,2,4,2,TRUE,"Down",TRUE,TRUE
"Vitvi01g00160","Rpv12+1",0,5,5,3,1,2,2,2,2,2,0,4,2,TRUE,"Up",TRUE,TRUE
"Vitvi01g00191","Rpv12+1",0,5,5,3,1,2,2,2,2,2,2,4,2,TRUE,"Up",TRUE,TRUE
"Vitvi01g00217","Rpv12+1",0,5,5,3,1,2,2,2,2,2,1,4,2,TRUE,"Up",TRUE,TRUE
"Vitvi01g00271","Rpv12+1",0,5,5,3,1,2,2,2,2,2,1,4,3,TRUE,"Up",TRUE,TRUE
"Vitvi01g00337","Rpv12+1",0,5,5,3,1,2,2,2,2,2,0,4,2,TRUE,"Up",TRUE,TRUE
"Vitvi01g00403","Rpv12+1",0,5,5,3,1,2,2,2,2,2,0,4,2,TRUE,"Up",TRUE,TRUE
"Vitvi01g00483","Rpv12+1",0,5,5,3,1,2,2,2,2,2,0,4,3,TRUE,"Up",TRUE,TRUE
"Vitvi01g01037","Rpv12+1",0,5,5,3,1,2,2,2,2,2,0,4,0,TRUE,"Up",TRUE,TRUE
"Vitvi01g01038","Rpv12+1",0,5,4,3,1,2,2,2,1,2,0,4,2,TRUE,"Up",TRUE,TRUE
"Vitvi01g01133","Rpv12+1",0,5,5,3,1,2,2,2,2,2,0,4,0,TRUE,"Up",TRUE,TRUE
"Vitvi01g01320","Rpv12+1",0,5,4,3,1,2,2,2,1,2,0,4,2,TRUE,"Up",TRUE,TRUE
"Vitvi01g01355","Rpv12+1",0,5,5,3,1,2,2,2,2,2,1,4,2,TRUE,"Down",TRUE,TRUE
"Vitvi01g01701","Rpv12+1",0,5,5,3,1,2,2,2,2,2,1,4,2,TRUE,"Up",TRUE,TRUE
"Vitvi01g01751","Rpv12+1",0,5,5,3,1,2,2,2,2,2,2,4,2,TRUE,"Down",TRUE,TRUE
"Vitvi01g01944","Rpv12+1",0,5,5,3,1,2,2,2,2,2,0,4,1,TRUE,"Down",TRUE,TRUE
"Vitvi01g01972","Rpv12+1",0,5,4,3,1,2,2,2,1,2,0,4,2,TRUE,"Up",TRUE,TRUE
"Vitvi01g01990","Rpv12+1",0,5,5,3,1,2,2,2,2,2,2,4,2,TRUE,"Down",TRUE,TRUE
"Vitvi01g02003","Rpv12+1",0,5,5,3,1,2,2,2,2,2,0,4,2,TRUE,"Up",TRUE,TRUE
"Vitvi01g02242","Rpv12+1",0,5,5,3,1,2,2,2,2,2,1,4,2,TRUE,"Down",TRUE,TRUE
"Vitvi01g04002","Rpv12+1",0,5,4,3,1,2,2,2,1,2,0,4,1,TRUE,"Up",TRUE,TRUE
"Vitvi01g04080","Rpv12+1",0,5,5,3,1,2,2,2,2,2,1,4,2,TRUE,"Up",TRUE,TRUE
"Vitvi01g04132","Rpv12+1",0,5,5,3,1,2,2,2,2,2,2,4,3,TRUE,"Up",TRUE,TRUE
"Vitvi01g04191","Rpv12+1",0,5,5,3,1,2,2,2,2,2,2,4,2,TRUE,"Up",TRUE,TRUE
"Vitvi01g04206","Rpv12+1",0,5,5,3,1,2,2,2,2,2,0,4,0,TRUE,"Up",TRUE,TRUE
"Vitvi01g04207","Rpv12+1",0,5,5,3,1,2,2,2,2,2,1,4,2,TRUE,"Up",TRUE,TRUE
"Vitvi01g04423","Rpv12+1",0,5,5,3,1,2,2,2,2,2,1,4,2,TRUE,"Down",TRUE,TRUE
"Vitvi01g04428","Rpv12+1",0,5,5,3,1,2,2,2,2,2,0,4,2,TRUE,"Down",TRUE,TRUE
"Vitvi02g00273","Rpv12+1",0,5,5,3,1,2,2,2,2,2,1,4,3,TRUE,"Up",TRUE,TRUE
"Vitvi02g00304","Rpv12+1",0,5,5,3,1,2,2,2,2,2,1,4,2,TRUE,"Up",TRUE,TRUE
"Vitvi02g00547","Rpv12+1",0,5,5,3,1,2,2,2,2,2,0,4,2,TRUE,"Up",TRUE,TRUE
"Vitvi02g00719","Rpv12+1",0,5,5,3,1,2,2,2,2,2,2,4,3,TRUE,"Up",TRUE,TRUE
"Vitvi02g01167","Rpv12+1",0,5,5,3,1,2,2,2,2,2,1,4,2,TRUE,"Down",TRUE,TRUE
"Vitvi02g01344","Rpv12+1",0,5,5,3,1,2,2,2,2,2,1,4,2,TRUE,"Up",TRUE,TRUE
"Vitvi02g01409","Rpv12+1",0,5,5,3,1,2,2,2,2,2,0,4,2,TRUE,"Up",TRUE,TRUE
"Vitvi02g01411","Rpv12+1",0,5,5,3,1,2,2,2,2,2,1,4,2,TRUE,"Down",TRUE,TRUE
"Vitvi02g01486","Rpv12+1",0,5,5,3,1,2,2,2,2,2,0,4,2,TRUE,"Up",TRUE,TRUE
"Vitvi02g01577","Rpv12+1",0,5,5,3,1,2,2,2,2,2,0,4,0,TRUE,"Up",TRUE,TRUE
"Vitvi02g04029","Rpv12+1",0,5,4,3,1,2,2,2,1,2,0,4,2,TRUE,"Down",TRUE,TRUE
"Vitvi02g04096","Rpv12+1",0,5,5,3,1,2,2,2,2,2,1,4,3,TRUE,"Down",TRUE,TRUE
"Vitvi02g04120","Rpv12+1",0,5,4,3,1,2,2,2,1,2,0,4,1,TRUE,"Down",TRUE,TRUE
"Vitvi02g04218","Rpv12+1",0,5,5,3,1,2,2,2,2,2,0,4,1,TRUE,"Down",TRUE,TRUE
"Vitvi03g00119","Rpv12+1",0,5,4,3,1,2,2,2,1,2,0,4,3,TRUE,"Up",TRUE,TRUE
"Vitvi03g00263","Rpv12+1",0,5,5,3,1,2,2,2,2,2,0,4,2,TRUE,"Up",TRUE,TRUE
"Vitvi03g00379","Rpv12+1",0,5,5,3,1,2,2,2,2,2,1,4,3,TRUE,"Up",TRUE,TRUE
"Vitvi03g00394","Rpv12+1",0,5,4,3,1,2,2,2,1,2,0,4,2,TRUE,"Up",TRUE,TRUE
"Vitvi03g00610","Rpv12+1",0,5,5,3,1,2,2,2,2,2,1,4,2,TRUE,"Up",TRUE,TRUE
"Vitvi03g00661","Rpv12+1",0,5,5,3,1,2,2,2,2,2,0,4,2,TRUE,"Up",TRUE,TRUE
"Vitvi03g00841","Rpv12+1",0,5,5,3,1,2,2,2,2,2,0,4,2,TRUE,"Down",TRUE,TRUE
"Vitvi03g00886","Rpv12+1",0,5,5,3,1,2,2,2,2,2,2,4,2,TRUE,"Up",TRUE,TRUE
"Vitvi03g01169","Rpv12+1",0,5,4,3,1,2,2,2,1,2,0,4,2,TRUE,"Up",TRUE,TRUE
"Vitvi03g01185","Rpv12+1",0,5,5,3,1,2,2,2,2,2,2,4,3,TRUE,"Up",TRUE,TRUE
"Vitvi03g01258","Rpv12+1",0,5,4,3,1,2,2,2,1,2,1,4,2,TRUE,"Up",TRUE,TRUE
"Vitvi03g01292","Rpv12+1",0,5,5,3,1,2,2,2,2,2,1,4,2,TRUE,"Up",TRUE,TRUE
"Vitvi03g01395","Rpv12+1",0,5,5,3,1,2,2,2,2,2,1,4,2,TRUE,"Up",TRUE,TRUE
"Vitvi03g01482","Rpv12+1",0,5,5,3,1,2,2,2,2,2,0,4,2,TRUE,"Down",TRUE,TRUE
"Vitvi03g01524","Rpv12+1",0,5,5,3,1,2,2,2,2,2,2,4,2,TRUE,"Up",TRUE,TRUE
"Vitvi03g01531","Rpv12+1",0,5,5,3,1,2,2,2,2,2,1,4,3,TRUE,"Up",TRUE,TRUE
"Vitvi03g01537","Rpv12+1",0,5,5,3,1,2,2,2,2,2,1,4,2,TRUE,"Down",TRUE,TRUE
"Vitvi03g01695","Rpv12+1",0,5,5,3,1,2,2,2,2,2,0,4,0,TRUE,"Up",TRUE,TRUE
"Vitvi03g01769","Rpv12+1",0,5,5,3,1,2,2,2,2,2,2,4,2,TRUE,"Up",TRUE,TRUE
"Vitvi03g01834","Rpv12+1",0,5,4,3,1,2,2,2,1,2,1,4,3,TRUE,"Up",TRUE,TRUE
"Vitvi03g01872","Rpv12+1",0,5,4,3,1,2,2,2,1,2,0,4,2,TRUE,"Up",TRUE,TRUE
"Vitvi03g04047","Rpv12+1",0,5,5,3,1,2,2,2,2,2,1,4,2,TRUE,"Up",TRUE,TRUE
"Vitvi03g04050","Rpv12+1",0,5,5,3,1,2,2,2,2,2,2,4,3,TRUE,"Up",TRUE,TRUE
"Vitvi03g04051","Rpv12+1",0,5,5,3,1,2,2,2,2,2,0,4,0,TRUE,"Down",TRUE,TRUE
"Vitvi03g04148","Rpv12+1",0,5,5,3,1,2,2,2,2,2,0,4,2,TRUE,"Down",TRUE,TRUE
"Vitvi03g04196","Rpv12+1",0,5,5,3,1,2,2,2,2,2,2,4,3,TRUE,"Up",TRUE,TRUE
"Vitvi03g04291","Rpv12+1",0,5,5,3,1,2,2,2,2,2,0,4,2,TRUE,"Up",TRUE,TRUE
"Vitvi03g04393","Rpv12+1",0,5,5,3,1,2,2,2,2,2,0,4,1,TRUE,"Down",TRUE,TRUE
"Vitvi03g04400","Rpv12+1",0,5,5,3,1,2,2,2,2,2,1,4,2,TRUE,"Up",TRUE,TRUE
"Vitvi03g04450","Rpv12+1",0,5,5,3,1,2,2,2,2,2,2,4,2,TRUE,"Down",TRUE,TRUE
"Vitvi03g04466","Rpv12+1",0,5,5,3,1,2,2,2,2,2,2,4,2,TRUE,"Up",TRUE,TRUE
"Vitvi04g00017","Rpv12+1",0,5,5,3,1,2,2,2,2,2,1,4,2,TRUE,"Up",TRUE,TRUE
"Vitvi04g00078","Rpv12+1",0,5,5,3,1,2,2,2,2,2,2,4,3,TRUE,"Up",TRUE,TRUE
"Vitvi04g00145","Rpv12+1",0,5,4,3,1,2,2,2,1,2,0,4,2,TRUE,"Up",TRUE,TRUE
"Vitvi04g00352","Rpv12+1",0,5,5,3,1,2,2,2,2,2,1,4,2,TRUE,"Up",TRUE,TRUE
"Vitvi04g01233","Rpv12+1",0,5,5,3,1,2,2,2,2,2,2,4,2,TRUE,"Down",TRUE,TRUE
"Vitvi04g01244","Rpv12+1",0,5,4,3,1,2,2,2,1,2,0,4,2,TRUE,"Up",TRUE,TRUE
"Vitvi04g01325","Rpv12+1",0,5,5,3,1,2,2,2,2,2,2,4,4,TRUE,"Down",TRUE,TRUE
"Vitvi04g01375","Rpv12+1",0,5,5,3,1,2,2,2,2,2,0,4,2,TRUE,"Down",TRUE,TRUE
"Vitvi04g02226","Rpv12+1",0,5,4,3,1,2,2,2,1,2,1,4,2,TRUE,"Down",TRUE,TRUE
"Vitvi04g04006","Rpv12+1",0,5,5,3,1,2,2,2,2,2,0,4,3,TRUE,"Down",TRUE,TRUE
"Vitvi04g04007","Rpv12+1",0,5,5,3,1,2,2,2,2,2,1,4,2,TRUE,"Up",TRUE,TRUE
"Vitvi04g04012","Rpv12+1",0,5,5,3,1,2,2,2,2,2,2,4,3,TRUE,"Up",TRUE,TRUE
"Vitvi04g04014","Rpv12+1",0,5,5,3,1,2,2,2,2,2,1,4,3,TRUE,"Up",TRUE,TRUE
"Vitvi04g04017","Rpv12+1",0,5,5,3,1,2,2,2,2,2,0,4,0,TRUE,"Up",TRUE,TRUE
"Vitvi04g04018","Rpv12+1",0,5,5,3,1,2,2,2,2,2,2,4,2,TRUE,"Up",TRUE,TRUE
"Vitvi04g04029","Rpv12+1",0,5,5,3,1,2,2,2,2,2,1,4,2,TRUE,"Up",TRUE,TRUE
"Vitvi04g04030","Rpv12+1",0,5,5,3,1,2,2,2,2,2,1,4,3,TRUE,"Up",TRUE,TRUE
"Vitvi04g04232","Rpv12+1",0,5,5,3,1,2,2,2,2,2,2,4,2,TRUE,"Up",TRUE,TRUE
"Vitvi04g04291","Rpv12+1",0,5,5,3,1,2,2,2,2,2,0,4,0,TRUE,"Down",TRUE,TRUE
"Vitvi04g04448","Rpv12+1",0,5,5,3,1,2,2,2,2,2,0,4,3,TRUE,"Up",TRUE,TRUE
"Vitvi05g00107","Rpv12+1",0,5,5,3,1,2,2,2,2,2,1,4,2,TRUE,"Up",TRUE,TRUE
"Vitvi05g00170","Rpv12+1",0,5,5,3,1,2,2,2,2,2,2,4,2,TRUE,"Up",TRUE,TRUE
"Vitvi05g00198","Rpv12+1",0,5,5,3,1,2,2,2,2,2,2,4,2,TRUE,"Up",TRUE,TRUE
"Vitvi05g00430","Rpv12+1",0,5,4,3,1,2,2,2,1,2,0,4,2,TRUE,"Up",TRUE,TRUE
"Vitvi05g00527","Rpv12+1",0,5,5,3,1,2,2,2,2,2,1,4,2,TRUE,"Up",TRUE,TRUE
"Vitvi05g00548","Rpv12+1",0,5,4,3,1,2,2,2,1,2,0,4,2,TRUE,"Up",TRUE,TRUE
"Vitvi05g00563","Rpv12+1",0,5,5,3,1,2,2,2,2,2,0,4,2,TRUE,"Up",TRUE,TRUE
"Vitvi05g00582","Rpv12+1",0,5,4,3,1,2,2,2,1,2,0,4,1,TRUE,"Down",TRUE,TRUE
"Vitvi05g00703","Rpv12+1",0,5,5,3,1,2,2,2,2,2,0,4,3,TRUE,"Down",TRUE,TRUE
"Vitvi05g01159","Rpv12+1",0,5,5,3,1,2,2,2,2,2,1,4,2,TRUE,"Up",TRUE,TRUE
"Vitvi05g01435","Rpv12+1",0,5,5,3,1,2,2,2,2,2,1,4,3,TRUE,"Up",TRUE,TRUE
"Vitvi05g01663","Rpv12+1",0,5,5,3,1,2,2,2,2,2,0,4,2,TRUE,"Up",TRUE,TRUE
"Vitvi05g01741","Rpv12+1",0,5,5,3,1,2,2,2,2,2,0,4,2,TRUE,"Down",TRUE,TRUE
"Vitvi05g01742","Rpv12+1",0,5,5,3,1,2,2,2,2,2,1,4,2,TRUE,"Down",TRUE,TRUE
"Vitvi05g01769","Rpv12+1",0,5,5,3,1,2,2,2,2,2,1,4,2,TRUE,"Down",TRUE,TRUE
"Vitvi05g01931","Rpv12+1",0,5,4,3,1,2,2,2,1,2,0,4,2,TRUE,"Up",TRUE,TRUE
"Vitvi05g01933","Rpv12+1",0,5,4,3,1,2,2,2,1,2,2,4,2,TRUE,"Up",TRUE,TRUE
"Vitvi05g01940","Rpv12+1",0,5,5,3,1,2,2,2,2,2,0,4,2,TRUE,"Up",TRUE,TRUE
"Vitvi05g02096","Rpv12+1",0,5,4,3,1,2,2,2,1,2,0,4,1,TRUE,"Down",TRUE,TRUE
"Vitvi05g02197","Rpv12+1",0,5,5,3,1,2,2,2,2,2,1,4,2,TRUE,"Up",TRUE,TRUE
"Vitvi05g02223","Rpv12+1",0,5,5,3,1,2,2,2,2,2,0,4,2,TRUE,"Up",TRUE,TRUE
"Vitvi05g02228","Rpv12+1",0,5,5,3,1,2,2,2,2,2,1,4,2,TRUE,"Up",TRUE,TRUE
"Vitvi05g04136","Rpv12+1",0,5,5,3,1,2,2,2,2,2,1,4,2,TRUE,"Down",TRUE,TRUE
"Vitvi05g04147","Rpv12+1",0,5,5,3,1,2,2,2,2,2,0,4,3,TRUE,"Up",TRUE,TRUE
"Vitvi05g04293","Rpv12+1",0,5,5,3,1,2,2,2,2,2,0,4,1,TRUE,"Up",TRUE,TRUE
"Vitvi05g04298","Rpv12+1",0,5,5,3,1,2,2,2,2,2,0,4,0,TRUE,"Up",TRUE,TRUE
"Vitvi05g04312","Rpv12+1",0,5,5,3,1,2,2,2,2,2,1,4,3,TRUE,"Up",TRUE,TRUE
"Vitvi05g04385","Rpv12+1",0,5,5,3,1,2,2,2,2,2,1,4,3,TRUE,"Up",TRUE,TRUE
"Vitvi05g04410","Rpv12+1",0,5,5,3,1,2,2,2,2,2,2,4,2,TRUE,"Down",TRUE,TRUE
"Vitvi05g04474","Rpv12+1",0,5,5,3,1,2,2,2,2,2,0,4,0,TRUE,"Up",TRUE,TRUE
"Vitvi05g04477","Rpv12+1",0,5,5,3,1,2,2,2,2,2,1,4,2,TRUE,"Down",TRUE,TRUE
"Vitvi05g04494","Rpv12+1",0,5,5,3,1,2,2,2,2,2,1,4,2,TRUE,"Down",TRUE,TRUE
"Vitvi05g04505","Rpv12+1",0,5,5,3,1,2,2,2,2,2,1,4,2,TRUE,"Down",TRUE,TRUE
"Vitvi05g04506","Rpv12+1",0,5,5,3,1,2,2,2,2,2,2,4,2,TRUE,"Down",TRUE,TRUE
"Vitvi05g04535","Rpv12+1",0,5,5,3,1,2,2,2,2,2,1,4,3,TRUE,"Up",TRUE,TRUE
"Vitvi06g00162","Rpv12+1",0,5,4,3,1,2,2,2,1,2,0,4,2,TRUE,"Up",TRUE,TRUE
"Vitvi06g00281","Rpv12+1",0,5,5,3,1,2,2,2,2,2,1,4,2,TRUE,"Up",TRUE,TRUE
"Vitvi06g00412","Rpv12+1",0,5,5,3,1,2,2,2,2,2,1,4,3,TRUE,"Up",TRUE,TRUE
"Vitvi06g00529","Rpv12+1",0,5,5,3,1,2,2,2,2,2,1,4,3,TRUE,"Down",TRUE,TRUE
"Vitvi06g00666","Rpv12+1",0,5,4,3,1,2,2,2,1,2,0,4,1,TRUE,"Up",TRUE,TRUE
"Vitvi06g00796","Rpv12+1",0,5,5,3,1,2,2,2,2,2,0,4,0,TRUE,"Down",TRUE,TRUE
"Vitvi06g00999","Rpv12+1",0,5,4,3,1,2,2,2,1,2,0,4,2,TRUE,"Up",TRUE,TRUE
"Vitvi06g01539","Rpv12+1",0,5,4,3,1,2,2,2,1,2,1,4,2,TRUE,"Up",TRUE,TRUE
"Vitvi06g01637","Rpv12+1",0,5,5,3,1,2,2,2,2,2,2,4,4,TRUE,"Down",TRUE,TRUE
"Vitvi06g01781","Rpv12+1",0,5,5,3,1,2,2,2,2,2,0,4,2,TRUE,"Down",TRUE,TRUE
"Vitvi06g04048","Rpv12+1",0,5,5,3,1,2,2,2,2,2,1,4,2,TRUE,"Up",TRUE,TRUE
"Vitvi06g04173","Rpv12+1",0,5,5,3,1,2,2,2,2,2,1,4,3,TRUE,"Down",TRUE,TRUE
"Vitvi06g04249","Rpv12+1",0,5,5,3,1,2,2,2,2,2,2,4,3,TRUE,"Down",TRUE,TRUE
"Vitvi06g04250","Rpv12+1",0,5,5,3,1,2,2,2,2,2,2,4,3,TRUE,"Down",TRUE,TRUE
"Vitvi07g00114","Rpv12+1",0,5,4,3,1,2,2,2,1,2,0,4,2,TRUE,"Up",TRUE,TRUE
"Vitvi07g00383","Rpv12+1",0,5,5,3,1,2,2,2,2,2,1,4,2,TRUE,"Down",TRUE,TRUE
"Vitvi07g00664","Rpv12+1",0,5,5,3,1,2,2,2,2,2,1,4,3,TRUE,"Down",TRUE,TRUE
"Vitvi07g00696","Rpv12+1",0,5,4,3,1,2,2,2,1,2,0,4,2,TRUE,"Down",TRUE,TRUE
"Vitvi07g00890","Rpv12+1",0,5,5,3,1,2,2,2,2,2,2,4,2,TRUE,"Down",TRUE,TRUE
"Vitvi07g01097","Rpv12+1",0,5,5,3,1,2,2,2,2,2,0,4,2,TRUE,"Down",TRUE,TRUE
"Vitvi07g01120","Rpv12+1",0,5,5,3,1,2,2,2,2,2,0,4,3,TRUE,"Up",TRUE,TRUE
"Vitvi07g01267","Rpv12+1",0,5,5,3,1,2,2,2,2,2,0,4,2,TRUE,"Up",TRUE,TRUE
"Vitvi07g01415","Rpv12+1",0,5,4,3,1,2,2,2,1,2,0,4,2,TRUE,"Up",TRUE,TRUE
"Vitvi07g01614","Rpv12+1",0,5,4,3,1,2,2,2,1,2,0,4,2,TRUE,"Up",TRUE,TRUE
"Vitvi07g01718","Rpv12+1",0,5,5,3,1,2,2,2,2,2,1,4,3,TRUE,"Up",TRUE,TRUE
"Vitvi07g01719","Rpv12+1",0,5,5,3,1,2,2,2,2,2,1,4,3,TRUE,"Up",TRUE,TRUE
"Vitvi07g02000","Rpv12+1",0,5,4,3,1,2,2,2,1,2,0,4,2,TRUE,"Down",TRUE,TRUE
"Vitvi07g02062","Rpv12+1",0,5,4,3,1,2,2,2,1,2,0,4,1,TRUE,"Up",TRUE,TRUE
"Vitvi07g02094","Rpv12+1",0,5,5,3,1,2,2,2,2,2,0,4,1,TRUE,"Down",TRUE,TRUE
"Vitvi07g02102","Rpv12+1",0,5,5,3,1,2,2,2,2,2,1,4,2,TRUE,"Up",TRUE,TRUE
"Vitvi07g02132","Rpv12+1",0,5,5,3,1,2,2,2,2,2,0,4,2,TRUE,"Up",TRUE,TRUE
"Vitvi07g02229","Rpv12+1",0,5,5,3,1,2,2,2,2,2,1,4,2,TRUE,"Up",TRUE,TRUE
"Vitvi07g02298","Rpv12+1",0,5,5,3,1,2,2,2,2,2,0,4,2,TRUE,"Up",TRUE,TRUE
"Vitvi07g02323","Rpv12+1",0,5,5,3,1,2,2,2,2,2,2,4,2,TRUE,"Down",TRUE,TRUE
"Vitvi07g02362","Rpv12+1",0,5,5,3,1,2,2,2,2,2,2,4,3,TRUE,"Up",TRUE,TRUE
"Vitvi07g02402","Rpv12+1",0,5,5,3,1,2,2,2,2,2,1,4,3,TRUE,"Up",TRUE,TRUE
"Vitvi07g02403","Rpv12+1",0,5,5,3,1,2,2,2,2,2,0,4,0,TRUE,"Up",TRUE,TRUE
"Vitvi07g02605","Rpv12+1",0,5,4,3,1,2,2,2,1,2,0,4,2,TRUE,"Up",TRUE,TRUE
"Vitvi07g02853","Rpv12+1",0,5,5,3,1,2,2,2,2,2,0,4,2,TRUE,"Down",TRUE,TRUE
"Vitvi07g03086","Rpv12+1",0,5,5,3,1,2,2,2,2,2,1,4,2,TRUE,"Up",TRUE,TRUE
"Vitvi07g04118","Rpv12+1",0,5,5,3,1,2,2,2,2,2,0,4,0,TRUE,"Up",TRUE,TRUE
"Vitvi07g04167","Rpv12+1",0,5,5,3,1,2,2,2,2,2,1,4,3,TRUE,"Up",TRUE,TRUE
"Vitvi07g04265","Rpv12+1",0,5,5,3,1,2,2,2,2,2,0,4,1,TRUE,"Down",TRUE,TRUE
"Vitvi07g04338","Rpv12+1",0,5,5,3,1,2,2,2,2,2,1,4,2,TRUE,"Down",TRUE,TRUE
"Vitvi07g04339","Rpv12+1",0,5,5,3,1,2,2,2,2,2,1,4,3,TRUE,"Down",TRUE,TRUE
"Vitvi07g04340","Rpv12+1",0,5,5,3,1,2,2,2,2,2,0,4,3,TRUE,"Down",TRUE,TRUE
"Vitvi07g04371","Rpv12+1",0,5,4,3,1,2,2,2,1,2,0,4,1,TRUE,"Down",TRUE,TRUE
"Vitvi07g04392","Rpv12+1",0,5,5,3,1,2,2,2,2,2,0,4,1,TRUE,"Up",TRUE,TRUE
"Vitvi07g04561","Rpv12+1",0,5,5,3,1,2,2,2,2,2,0,4,2,TRUE,"Up",TRUE,TRUE
"Vitvi07g04750","Rpv12+1",0,5,4,3,1,2,2,2,1,2,0,4,2,TRUE,"Down",TRUE,TRUE
"Vitvi08g00719","Rpv12+1",0,5,5,3,1,2,2,2,2,2,2,4,2,TRUE,"Up",TRUE,TRUE
"Vitvi08g00795","Rpv12+1",0,5,4,3,1,2,2,2,1,2,0,4,2,TRUE,"Down",TRUE,TRUE
"Vitvi08g00802","Rpv12+1",0,5,5,3,1,2,2,2,2,2,1,4,2,TRUE,"Up",TRUE,TRUE
"Vitvi08g00846","Rpv12+1",0,5,5,3,1,2,2,2,2,2,0,4,2,TRUE,"Up",TRUE,TRUE
"Vitvi08g00888","Rpv12+1",0,5,5,3,1,2,2,2,2,2,0,4,2,TRUE,"Down",TRUE,TRUE
"Vitvi08g00957","Rpv12+1",0,5,5,3,1,2,2,2,2,2,1,4,2,TRUE,"Up",TRUE,TRUE
"Vitvi08g01036","Rpv12+1",0,5,5,3,1,2,2,2,2,2,0,4,3,TRUE,"Up",TRUE,TRUE
"Vitvi08g01058","Rpv12+1",0,5,4,3,1,2,2,2,1,2,0,4,2,TRUE,"Up",TRUE,TRUE
"Vitvi08g01070","Rpv12+1",0,5,4,3,1,2,2,2,1,2,0,4,2,TRUE,"Down",TRUE,TRUE
"Vitvi08g01235","Rpv12+1",0,5,5,3,1,2,2,2,2,2,2,4,2,TRUE,"Down",TRUE,TRUE
"Vitvi08g01260","Rpv12+1",0,5,5,3,1,2,2,2,2,2,0,4,2,TRUE,"Up",TRUE,TRUE
"Vitvi08g01276","Rpv12+1",0,5,4,3,1,2,2,2,1,2,0,4,2,TRUE,"Up",TRUE,TRUE
"Vitvi08g01299","Rpv12+1",0,5,4,3,1,2,2,2,1,2,1,4,2,TRUE,"Up",TRUE,TRUE
"Vitvi08g01333","Rpv12+1",0,5,4,3,1,2,2,2,1,2,0,4,2,TRUE,"Up",TRUE,TRUE
"Vitvi08g01382","Rpv12+1",0,5,5,3,1,2,2,2,2,2,0,4,2,TRUE,"Down",TRUE,TRUE
"Vitvi08g01528","Rpv12+1",0,5,5,3,1,2,2,2,2,2,2,4,3,TRUE,"Up",TRUE,TRUE
"Vitvi08g02100","Rpv12+1",0,5,4,3,1,2,2,2,1,2,0,4,2,TRUE,"Up",TRUE,TRUE
"Vitvi08g02217","Rpv12+1",0,5,5,3,1,2,2,2,2,2,0,4,1,TRUE,"Down",TRUE,TRUE
"Vitvi08g02249","Rpv12+1",0,5,4,3,1,2,2,2,1,2,1,4,2,TRUE,"Down",TRUE,TRUE
"Vitvi08g02288","Rpv12+1",0,5,5,3,1,2,2,2,2,2,1,4,2,TRUE,"Down",TRUE,TRUE
"Vitvi08g02387","Rpv12+1",0,5,4,3,1,2,2,2,1,2,1,4,2,TRUE,"Up",TRUE,TRUE
"Vitvi08g02397","Rpv12+1",0,5,5,3,1,2,2,2,2,2,2,4,2,TRUE,"Down",TRUE,TRUE
"Vitvi08g04260","Rpv12+1",0,5,5,3,1,2,2,2,2,2,0,4,2,TRUE,"Down",TRUE,TRUE
"Vitvi08g04284","Rpv12+1",0,5,5,3,1,2,2,2,2,2,1,4,2,TRUE,"Down",TRUE,TRUE
"Vitvi08g04371","Rpv12+1",0,5,5,3,1,2,2,2,2,2,0,4,2,TRUE,"Down",TRUE,TRUE
"Vitvi09g00384","Rpv12+1",0,5,5,3,1,2,2,2,2,2,1,4,2,TRUE,"Down",TRUE,TRUE
"Vitvi09g00389","Rpv12+1",0,5,5,3,1,2,2,2,2,2,0,4,2,TRUE,"Up",TRUE,TRUE
"Vitvi09g00535","Rpv12+1",0,5,5,3,1,2,2,2,2,2,1,4,2,TRUE,"Up",TRUE,TRUE
"Vitvi09g00782","Rpv12+1",0,5,5,3,1,2,2,2,2,2,1,4,2,TRUE,"Up",TRUE,TRUE
"Vitvi09g01214","Rpv12+1",0,5,5,3,1,2,2,2,2,2,2,4,3,TRUE,"Up",TRUE,TRUE
"Vitvi09g01309","Rpv12+1",0,5,5,3,1,2,2,2,2,2,1,4,2,TRUE,"Down",TRUE,TRUE
"Vitvi09g01376","Rpv12+1",0,5,5,3,1,2,2,2,2,2,1,4,3,TRUE,"Up",TRUE,TRUE
"Vitvi09g01467","Rpv12+1",0,5,5,3,1,2,2,2,2,2,1,4,2,TRUE,"Up",TRUE,TRUE
"Vitvi09g01587","Rpv12+1",0,5,5,3,1,2,2,2,2,2,1,4,2,TRUE,"Down",TRUE,TRUE
"Vitvi09g01592","Rpv12+1",0,5,5,3,1,2,2,2,2,2,2,4,3,TRUE,"Up",TRUE,TRUE
"Vitvi09g01807","Rpv12+1",0,5,5,3,1,2,2,2,2,2,1,4,2,TRUE,"Up",TRUE,TRUE
"Vitvi09g01936","Rpv12+1",0,5,5,3,1,2,2,2,2,2,1,4,2,TRUE,"Up",TRUE,TRUE
"Vitvi09g02033","Rpv12+1",0,5,5,3,1,2,2,2,2,2,1,4,2,TRUE,"Up",TRUE,TRUE
"Vitvi09g04078","Rpv12+1",0,5,5,3,1,2,2,2,2,2,1,4,2,TRUE,"Up",TRUE,TRUE
"Vitvi09g04094","Rpv12+1",0,5,5,3,1,2,2,2,2,2,1,4,3,TRUE,"Down",TRUE,TRUE
"Vitvi09g04123","Rpv12+1",0,5,5,3,1,2,2,2,2,2,0,4,3,TRUE,"Down",TRUE,TRUE
"Vitvi09g04146","Rpv12+1",0,5,5,3,1,2,2,2,2,2,1,4,3,TRUE,"Down",TRUE,TRUE
"Vitvi09g04152","Rpv12+1",0,5,5,3,1,2,2,2,2,2,0,4,2,TRUE,"Up",TRUE,TRUE
"Vitvi09g04166","Rpv12+1",0,5,5,3,1,2,2,2,2,2,1,4,2,TRUE,"Up",TRUE,TRUE
"Vitvi09g04212","Rpv12+1",0,5,5,3,1,2,2,2,2,2,1,4,2,TRUE,"Up",TRUE,TRUE
"Vitvi09g04222","Rpv12+1",0,5,5,3,1,2,2,2,2,2,0,4,2,TRUE,"Up",TRUE,TRUE
"Vitvi09g04231","Rpv12+1",0,5,5,3,1,2,2,2,2,2,0,4,0,TRUE,"Up",TRUE,TRUE
"Vitvi09g04264","Rpv12+1",0,5,5,3,1,2,2,2,2,2,0,4,0,TRUE,"Up",TRUE,TRUE
"Vitvi09g04307","Rpv12+1",0,5,4,3,1,2,2,2,1,2,0,4,2,TRUE,"Down",TRUE,TRUE
"Vitvi09g04351","Rpv12+1",0,5,4,3,1,2,2,2,1,2,0,4,2,TRUE,"Down",TRUE,TRUE
"Vitvi09g04415","Rpv12+1",0,5,4,3,1,2,2,2,1,2,0,4,1,TRUE,"Up",TRUE,TRUE
"Vitvi09g04416","Rpv12+1",0,5,5,3,1,2,2,2,2,2,1,4,2,TRUE,"Up",TRUE,TRUE
"Vitvi09g04473","Rpv12+1",0,5,5,3,1,2,2,2,2,2,1,4,2,TRUE,"Up",TRUE,TRUE
"Vitvi09g04537","Rpv12+1",0,5,5,3,1,2,2,2,2,2,1,4,2,TRUE,"Up",TRUE,TRUE
"Vitvi09g04564","Rpv12+1",0,5,5,3,1,2,2,2,2,2,2,4,3,TRUE,"Up",TRUE,TRUE
"Vitvi10g00017","Rpv12+1",0,5,5,3,1,2,2,2,2,2,1,4,2,TRUE,"Down",TRUE,TRUE
"Vitvi10g00020","Rpv12+1",0,5,5,3,1,2,2,2,2,2,0,4,2,TRUE,"Down",TRUE,TRUE
"Vitvi10g00049","Rpv12+1",0,5,4,3,1,2,2,2,1,2,0,4,2,TRUE,"Down",TRUE,TRUE
"Vitvi10g00605","Rpv12+1",0,5,5,3,1,2,2,2,2,2,0,4,2,TRUE,"Up",TRUE,TRUE
"Vitvi10g00669","Rpv12+1",0,5,5,3,1,2,2,2,2,2,1,4,2,TRUE,"Up",TRUE,TRUE
"Vitvi10g00732","Rpv12+1",0,5,4,3,1,2,2,2,1,2,0,4,2,TRUE,"Up",TRUE,TRUE
"Vitvi10g00827","Rpv12+1",0,5,5,3,1,2,2,2,2,2,1,4,3,TRUE,"Up",TRUE,TRUE
"Vitvi10g00977","Rpv12+1",0,5,5,3,1,2,2,2,2,2,1,4,2,TRUE,"Down",TRUE,TRUE
"Vitvi10g01092","Rpv12+1",0,5,4,3,1,2,2,2,1,2,0,4,1,TRUE,"Down",TRUE,TRUE
"Vitvi10g01247","Rpv12+1",0,5,4,3,1,2,2,2,1,2,0,4,2,TRUE,"Down",TRUE,TRUE
"Vitvi10g01585","Rpv12+1",0,5,5,3,1,2,2,2,2,2,2,4,2,TRUE,"Down",TRUE,TRUE
"Vitvi10g01594","Rpv12+1",0,5,4,3,1,2,2,2,1,2,0,4,2,TRUE,"Up",TRUE,TRUE
"Vitvi10g01696","Rpv12+1",0,5,5,3,1,2,2,2,2,2,0,4,2,TRUE,"Up",TRUE,TRUE
"Vitvi10g01697","Rpv12+1",0,5,5,3,1,2,2,2,2,2,0,4,3,TRUE,"Up",TRUE,TRUE
"Vitvi10g01729","Rpv12+1",0,5,5,3,1,2,2,2,2,2,0,4,2,TRUE,"Up",TRUE,TRUE
"Vitvi10g01787","Rpv12+1",0,5,5,3,1,2,2,2,2,2,0,4,2,TRUE,"Down",TRUE,TRUE
"Vitvi10g01789","Rpv12+1",0,5,5,3,1,2,2,2,2,2,1,4,2,TRUE,"Down",TRUE,TRUE
"Vitvi10g01798","Rpv12+1",0,5,5,3,1,2,2,2,2,2,1,4,3,TRUE,"Up",TRUE,TRUE
"Vitvi10g01813","Rpv12+1",0,5,5,3,1,2,2,2,2,2,1,4,2,TRUE,"Up",TRUE,TRUE
"Vitvi10g01862","Rpv12+1",0,5,5,3,1,2,2,2,2,2,0,4,1,TRUE,"Up",TRUE,TRUE
"Vitvi10g01952","Rpv12+1",0,5,5,3,1,2,2,2,2,2,0,4,1,TRUE,"Down",TRUE,TRUE
"Vitvi10g02089","Rpv12+1",0,5,5,3,1,2,2,2,2,2,1,4,3,TRUE,"Up",TRUE,TRUE
"Vitvi10g02289","Rpv12+1",0,5,4,3,1,2,2,2,1,2,0,4,2,TRUE,"Down",TRUE,TRUE
"Vitvi10g02340","Rpv12+1",0,5,4,3,1,2,2,2,1,2,0,4,2,TRUE,"Up",TRUE,TRUE
"Vitvi10g04131","Rpv12+1",0,5,5,3,1,2,2,2,2,2,1,4,2,TRUE,"Down",TRUE,TRUE
"Vitvi10g04132","Rpv12+1",0,5,5,3,1,2,2,2,2,2,0,4,2,TRUE,"Down",TRUE,TRUE
"Vitvi10g04160","Rpv12+1",0,5,5,3,1,2,2,2,2,2,1,4,2,TRUE,"Up",TRUE,TRUE
"Vitvi10g04202","Rpv12+1",0,5,5,3,1,2,2,2,2,2,0,4,2,TRUE,"Up",TRUE,TRUE
"Vitvi10g04218","Rpv12+1",0,5,4,3,1,2,2,2,1,2,0,4,0,TRUE,"Down",TRUE,TRUE
"Vitvi10g04310","Rpv12+1",0,5,5,3,1,2,2,2,2,2,1,4,2,TRUE,"Up",TRUE,TRUE
"Vitvi10g04344","Rpv12+1",0,5,4,3,1,2,2,2,1,2,0,4,0,TRUE,"Down",TRUE,TRUE
"Vitvi10g04463","Rpv12+1",0,5,5,3,1,2,2,2,2,2,2,4,2,TRUE,"Down",TRUE,TRUE
"Vitvi10g04464","Rpv12+1",0,5,5,3,1,2,2,2,2,2,2,4,2,TRUE,"Down",TRUE,TRUE
"Vitvi10g04709","Rpv12+1",0,5,5,3,1,2,2,2,2,2,0,4,2,TRUE,"Down",TRUE,TRUE
"Vitvi11g00257","Rpv12+1",0,5,5,3,1,2,2,2,2,2,1,4,2,TRUE,"Down",TRUE,TRUE
"Vitvi11g00285","Rpv12+1",0,5,4,3,1,2,2,2,1,2,0,4,3,TRUE,"Up",TRUE,TRUE
"Vitvi11g00356","Rpv12+1",0,5,5,3,1,2,2,2,2,2,1,4,2,TRUE,"Up",TRUE,TRUE
"Vitvi11g00460","Rpv12+1",0,5,5,3,1,2,2,2,2,2,2,4,2,TRUE,"Down",TRUE,TRUE
"Vitvi11g00672","Rpv12+1",0,5,5,3,1,2,2,2,2,2,0,4,2,TRUE,"Down",TRUE,TRUE
"Vitvi11g00730","Rpv12+1",0,5,5,3,1,2,2,2,2,2,1,4,2,TRUE,"Up",TRUE,TRUE
"Vitvi11g00798","Rpv12+1",0,5,5,3,1,2,2,2,2,2,0,4,3,TRUE,"Up",TRUE,TRUE
"Vitvi11g00838","Rpv12+1",0,5,4,3,1,2,2,2,1,2,0,4,2,TRUE,"Up",TRUE,TRUE
"Vitvi11g00843","Rpv12+1",0,5,5,3,1,2,2,2,2,2,0,4,2,TRUE,"Up",TRUE,TRUE
"Vitvi11g01228","Rpv12+1",0,5,5,3,1,2,2,2,2,2,0,4,2,TRUE,"Up",TRUE,TRUE
"Vitvi11g01268","Rpv12+1",0,5,5,3,1,2,2,2,2,2,1,4,2,TRUE,"Up",TRUE,TRUE
"Vitvi11g01415","Rpv12+1",0,5,5,3,1,2,2,2,2,2,0,4,1,TRUE,"Down",TRUE,TRUE
"Vitvi11g01468","Rpv12+1",0,5,5,3,1,2,2,2,2,2,0,4,3,TRUE,"Up",TRUE,TRUE
"Vitvi11g01522","Rpv12+1",0,5,4,3,1,2,2,2,1,2,0,4,2,TRUE,"Up",TRUE,TRUE
"Vitvi11g01564","Rpv12+1",0,5,5,3,1,2,2,2,2,2,1,4,2,TRUE,"Down",TRUE,TRUE
"Vitvi11g01637","Rpv12+1",0,5,4,3,1,2,2,2,1,2,1,4,2,TRUE,"Up",TRUE,TRUE
"Vitvi11g01676","Rpv12+1",0,5,5,3,1,2,2,2,2,2,0,4,3,TRUE,"Up",TRUE,TRUE
"Vitvi11g04123","Rpv12+1",0,5,5,3,1,2,2,2,2,2,1,4,3,TRUE,"Up",TRUE,TRUE
"Vitvi11g04175","Rpv12+1",0,5,5,3,1,2,2,2,2,2,0,4,2,TRUE,"Down",TRUE,TRUE
"Vitvi11g04251","Rpv12+1",0,5,5,3,1,2,2,2,2,2,2,4,2,TRUE,"Down",TRUE,TRUE
"Vitvi11g04267","Rpv12+1",0,5,5,3,1,2,2,2,2,2,1,4,2,TRUE,"Down",TRUE,TRUE
"Vitvi11g04284","Rpv12+1",0,5,5,3,1,2,2,2,2,2,0,4,0,TRUE,"Down",TRUE,TRUE
"Vitvi11g04368","Rpv12+1",0,5,5,3,1,2,2,2,2,2,0,4,1,TRUE,"Up",TRUE,TRUE
"Vitvi12g00146","Rpv12+1",0,5,5,3,1,2,2,2,2,2,0,4,3,TRUE,"Up",TRUE,TRUE
"Vitvi12g00368","Rpv12+1",0,5,5,3,1,2,2,2,2,2,2,4,3,TRUE,"Up",TRUE,TRUE
"Vitvi12g00462","Rpv12+1",0,5,5,3,1,2,2,2,2,2,0,4,2,TRUE,"Up",TRUE,TRUE
"Vitvi12g00555","Rpv12+1",0,5,5,3,1,2,2,2,2,2,0,4,2,TRUE,"Up",TRUE,TRUE
"Vitvi12g00638","Rpv12+1",0,5,4,3,1,2,2,2,1,2,0,4,2,TRUE,"Up",TRUE,TRUE
"Vitvi12g01643","Rpv12+1",0,5,5,3,1,2,2,2,2,2,0,4,2,TRUE,"Down",TRUE,TRUE
"Vitvi12g01776","Rpv12+1",0,5,5,3,1,2,2,2,2,2,2,4,2,TRUE,"Down",TRUE,TRUE
"Vitvi12g01809","Rpv12+1",0,5,4,3,1,2,2,2,1,2,0,4,2,TRUE,"Down",TRUE,TRUE
"Vitvi12g01880","Rpv12+1",0,5,4,3,1,2,2,2,1,2,0,4,2,TRUE,"Up",TRUE,TRUE
"Vitvi12g01885","Rpv12+1",0,5,4,3,1,2,2,2,1,2,0,4,2,TRUE,"Up",TRUE,TRUE
"Vitvi12g01939","Rpv12+1",0,5,5,3,1,2,2,2,2,2,2,4,2,TRUE,"Up",TRUE,TRUE
"Vitvi12g02066","Rpv12+1",0,5,5,3,1,2,2,2,2,2,2,4,3,TRUE,"Down",TRUE,TRUE
"Vitvi12g02105","Rpv12+1",0,5,4,3,1,2,2,2,1,2,0,4,2,TRUE,"Down",TRUE,TRUE
"Vitvi12g02227","Rpv12+1",0,5,4,3,1,2,2,2,1,2,0,4,0,TRUE,"Up",TRUE,TRUE
"Vitvi12g02409","Rpv12+1",0,5,5,3,1,2,2,2,2,2,0,4,1,TRUE,"Up",TRUE,TRUE
"Vitvi12g02444","Rpv12+1",0,5,5,3,1,2,2,2,2,2,1,4,3,TRUE,"Up",TRUE,TRUE
"Vitvi12g02448","Rpv12+1",0,5,5,3,1,2,2,2,2,2,1,4,2,TRUE,"Up",TRUE,TRUE
"Vitvi12g02458","Rpv12+1",0,5,5,3,1,2,2,2,2,2,0,4,2,TRUE,"Up",TRUE,TRUE
"Vitvi12g02465","Rpv12+1",0,5,5,3,1,2,2,2,2,2,0,4,0,TRUE,"Down",TRUE,TRUE
"Vitvi12g02621","Rpv12+1",0,5,5,3,1,2,2,2,2,2,2,4,3,TRUE,"Down",TRUE,TRUE
"Vitvi12g02701","Rpv12+1",0,5,5,3,1,2,2,2,2,2,1,4,2,TRUE,"Down",TRUE,TRUE
"Vitvi12g02743","Rpv12+1",0,5,5,3,1,2,2,2,2,2,2,4,3,TRUE,"Up",TRUE,TRUE
"Vitvi12g02753","Rpv12+1",0,5,5,3,1,2,2,2,2,2,0,4,2,TRUE,"Down",TRUE,TRUE
"Vitvi12g04084","Rpv12+1",0,5,5,3,1,2,2,2,2,2,1,4,2,TRUE,"Down",TRUE,TRUE
"Vitvi12g04091","Rpv12+1",0,5,5,3,1,2,2,2,2,2,0,4,2,TRUE,"Down",TRUE,TRUE
"Vitvi12g04094","Rpv12+1",0,5,4,3,1,2,2,2,1,2,0,4,1,TRUE,"Up",TRUE,TRUE
"Vitvi12g04185","Rpv12+1",0,5,5,3,1,2,2,2,2,2,1,4,2,TRUE,"Down",TRUE,TRUE
"Vitvi12g04365","Rpv12+1",0,5,4,3,1,2,2,2,1,2,0,4,1,TRUE,"Up",TRUE,TRUE
"Vitvi12g04373","Rpv12+1",0,5,5,3,1,2,2,2,2,2,0,4,2,TRUE,"Up",TRUE,TRUE
"Vitvi12g04421","Rpv12+1",0,5,5,3,1,2,2,2,2,2,1,4,3,TRUE,"Down",TRUE,TRUE
"Vitvi12g04429","Rpv12+1",0,5,5,3,1,2,2,2,2,2,0,4,2,TRUE,"Down",TRUE,TRUE
"Vitvi12g04510","Rpv12+1",0,5,5,3,1,2,2,2,2,2,0,4,2,TRUE,"Up",TRUE,TRUE
"Vitvi12g04512","Rpv12+1",0,5,5,3,1,2,2,2,2,2,1,4,3,TRUE,"Up",TRUE,TRUE
"Vitvi12g04517","Rpv12+1",0,5,5,3,1,2,2,2,2,2,2,4,2,TRUE,"Up",TRUE,TRUE
"Vitvi12g04518","Rpv12+1",0,5,5,3,1,2,2,2,2,2,2,4,2,TRUE,"Up",TRUE,TRUE
"Vitvi12g04531","Rpv12+1",0,5,5,3,1,2,2,2,2,2,0,4,2,TRUE,"Up",TRUE,TRUE
"Vitvi12g04532","Rpv12+1",0,5,5,3,1,2,2,2,2,2,1,4,2,TRUE,"Up",TRUE,TRUE
"Vitvi12g04535","Rpv12+1",0,5,4,3,1,2,2,2,1,2,0,4,2,TRUE,"Up",TRUE,TRUE
"Vitvi12g04536","Rpv12+1",0,5,4,3,1,2,2,2,1,2,0,4,2,TRUE,"Up",TRUE,TRUE
"Vitvi12g04543","Rpv12+1",0,5,5,3,1,2,2,2,2,2,0,4,2,TRUE,"Up",TRUE,TRUE
"Vitvi12g04548","Rpv12+1",0,5,5,3,1,2,2,2,2,2,1,4,3,TRUE,"Up",TRUE,TRUE
"Vitvi12g04563","Rpv12+1",0,5,5,3,1,2,2,2,2,2,2,4,3,TRUE,"Down",TRUE,TRUE
"Vitvi12g04581","Rpv12+1",0,5,5,3,1,2,2,2,2,2,1,4,3,TRUE,"Up",TRUE,TRUE
"Vitvi12g04582","Rpv12+1",0,5,5,3,1,2,2,2,2,2,1,4,2,TRUE,"Up",TRUE,TRUE
"Vitvi12g04596","Rpv12+1",0,5,5,3,1,2,2,2,2,2,2,4,2,TRUE,"Up",TRUE,TRUE
"Vitvi12g04597","Rpv12+1",0,5,5,3,1,2,2,2,2,2,2,4,3,TRUE,"Up",TRUE,TRUE
"Vitvi12g04613","Rpv12+1",0,5,4,3,1,2,2,2,1,2,0,4,2,TRUE,"Up",TRUE,TRUE
"Vitvi12g04630","Rpv12+1",0,5,5,3,1,2,2,2,2,2,2,4,2,TRUE,"Down",TRUE,TRUE
"Vitvi13g00109","Rpv12+1",0,5,4,3,1,2,2,2,1,2,0,4,2,TRUE,"Up",TRUE,TRUE
"Vitvi13g00143","Rpv12+1",0,5,5,3,1,2,2,2,2,2,1,4,2,TRUE,"Up",TRUE,TRUE
"Vitvi13g00221","Rpv12+1",0,5,5,3,1,2,2,2,2,2,1,4,2,TRUE,"Up",TRUE,TRUE
"Vitvi13g00325","Rpv12+1",0,5,5,3,1,2,2,2,2,2,1,4,2,TRUE,"Up",TRUE,TRUE
"Vitvi13g00367","Rpv12+1",0,5,5,3,1,2,2,2,2,2,1,4,2,TRUE,"Up",TRUE,TRUE
"Vitvi13g00387","Rpv12+1",0,5,5,3,1,2,2,2,2,2,0,4,3,TRUE,"Up",TRUE,TRUE
"Vitvi13g00805","Rpv12+1",0,5,4,3,1,2,2,2,1,2,0,4,2,TRUE,"Up",TRUE,TRUE
"Vitvi13g00891","Rpv12+1",0,5,4,3,1,2,2,2,1,2,0,4,0,TRUE,"Down",TRUE,TRUE
"Vitvi13g01001","Rpv12+1",0,5,5,3,1,2,2,2,2,2,0,4,2,TRUE,"Up",TRUE,TRUE
"Vitvi13g01389","Rpv12+1",0,5,5,3,1,2,2,2,2,2,0,4,2,TRUE,"Up",TRUE,TRUE
"Vitvi13g02110","Rpv12+1",0,5,4,3,1,2,2,2,1,2,0,4,2,TRUE,"Down",TRUE,TRUE
"Vitvi13g02189","Rpv12+1",0,5,4,3,1,2,2,2,1,2,0,4,2,TRUE,"Down",TRUE,TRUE
"Vitvi13g02509","Rpv12+1",0,5,5,3,1,2,2,2,2,2,1,4,2,TRUE,"Up",TRUE,TRUE
"Vitvi13g02541","Rpv12+1",0,5,5,3,1,2,2,2,2,2,0,4,1,TRUE,"Up",TRUE,TRUE
"Vitvi13g02551","Rpv12+1",0,5,4,3,1,2,2,2,1,2,1,4,3,TRUE,"Up",TRUE,TRUE
"Vitvi13g02553","Rpv12+1",0,5,5,3,1,2,2,2,2,2,0,4,2,TRUE,"Up",TRUE,TRUE
"Vitvi13g04184","Rpv12+1",0,5,4,3,1,2,2,2,1,2,0,4,2,TRUE,"Up",TRUE,TRUE
"Vitvi13g04325","Rpv12+1",0,5,5,3,1,2,2,2,2,2,2,4,3,TRUE,"Down",TRUE,TRUE
"Vitvi13g04329","Rpv12+1",0,5,5,3,1,2,2,2,2,2,1,4,2,TRUE,"Down",TRUE,TRUE
"Vitvi13g04338","Rpv12+1",0,5,4,3,1,2,2,2,1,2,0,4,1,TRUE,"Down",TRUE,TRUE
"Vitvi13g04371","Rpv12+1",0,5,4,3,1,2,2,2,1,2,0,4,1,TRUE,"Down",TRUE,TRUE
"Vitvi13g04392","Rpv12+1",0,5,4,3,1,2,2,2,1,2,0,4,1,TRUE,"Down",TRUE,TRUE
"Vitvi13g04427","Rpv12+1",0,5,5,3,1,2,2,2,2,2,0,4,1,TRUE,"Up",TRUE,TRUE
"Vitvi13g04443","Rpv12+1",0,5,4,3,1,2,2,2,1,2,0,4,1,TRUE,"Up",TRUE,TRUE
"Vitvi13g04446","Rpv12+1",0,5,4,3,1,2,2,2,1,2,0,4,1,TRUE,"Up",TRUE,TRUE
"Vitvi13g04716","Rpv12+1",0,5,5,3,1,2,2,2,2,2,1,4,3,TRUE,"Up",TRUE,TRUE
"Vitvi13g04718","Rpv12+1",0,5,5,3,1,2,2,2,2,2,0,4,2,TRUE,"Up",TRUE,TRUE
"Vitvi13g04744","Rpv12+1",0,5,4,3,1,2,2,2,1,2,0,4,2,TRUE,"Down",TRUE,TRUE
"Vitvi13g04767","Rpv12+1",0,5,4,3,1,2,2,2,1,2,0,4,2,TRUE,"Up",TRUE,TRUE
"Vitvi13g04782","Rpv12+1",0,5,5,3,1,2,2,2,2,2,0,4,1,TRUE,"Up",TRUE,TRUE
"Vitvi13g04783","Rpv12+1",0,5,4,3,1,2,2,2,1,2,0,4,2,TRUE,"Up",TRUE,TRUE
"Vitvi14g00152","Rpv12+1",0,5,5,3,1,2,2,2,2,2,1,4,2,TRUE,"Up",TRUE,TRUE
"Vitvi14g00157","Rpv12+1",0,5,5,3,1,2,2,2,2,2,1,4,2,TRUE,"Up",TRUE,TRUE
"Vitvi14g00511","Rpv12+1",0,5,5,3,1,2,2,2,2,2,0,4,3,TRUE,"Up",TRUE,TRUE
"Vitvi14g00668","Rpv12+1",0,5,5,3,1,2,2,2,2,2,2,4,2,TRUE,"Up",TRUE,TRUE
"Vitvi14g01174","Rpv12+1",0,5,5,3,1,2,2,2,2,2,1,4,2,TRUE,"Up",TRUE,TRUE
"Vitvi14g01318","Rpv12+1",0,5,5,3,1,2,2,2,2,2,1,4,2,TRUE,"Down",TRUE,TRUE
"Vitvi14g01437","Rpv12+1",0,5,5,3,1,2,2,2,2,2,0,4,2,TRUE,"Up",TRUE,TRUE
"Vitvi14g01469","Rpv12+1",0,5,4,3,1,2,2,2,1,2,2,4,2,TRUE,"Down",TRUE,TRUE
"Vitvi14g02663","Rpv12+1",0,5,4,3,1,2,2,2,1,2,0,4,2,TRUE,"Up",TRUE,TRUE
"Vitvi14g02707","Rpv12+1",0,5,5,3,1,2,2,2,2,2,1,4,2,TRUE,"Up",TRUE,TRUE
"Vitvi14g02749","Rpv12+1",0,5,4,3,1,2,2,2,1,2,0,4,2,TRUE,"Up",TRUE,TRUE
"Vitvi14g02857","Rpv12+1",0,5,5,3,1,2,2,2,2,2,2,4,2,TRUE,"Down",TRUE,TRUE
"Vitvi14g02888","Rpv12+1",0,5,5,3,1,2,2,2,2,2,1,4,2,TRUE,"Down",TRUE,TRUE
"Vitvi14g04165","Rpv12+1",0,5,4,3,1,2,2,2,1,2,0,4,2,TRUE,"Down",TRUE,TRUE
"Vitvi14g04241","Rpv12+1",0,5,5,3,1,2,2,2,2,2,0,4,2,TRUE,"Up",TRUE,TRUE
"Vitvi14g04248","Rpv12+1",0,5,5,3,1,2,2,2,2,2,1,4,2,TRUE,"Up",TRUE,TRUE
"Vitvi14g04255","Rpv12+1",0,5,5,3,1,2,2,2,2,2,1,4,2,TRUE,"Up",TRUE,TRUE
"Vitvi14g04414","Rpv12+1",0,5,4,3,1,2,2,2,1,2,0,4,0,TRUE,"Down",TRUE,TRUE
"Vitvi14g04416","Rpv12+1",0,5,5,3,1,2,2,2,2,2,2,4,2,TRUE,"Down",TRUE,TRUE
"Vitvi14g04449","Rpv12+1",0,5,5,3,1,2,2,2,2,2,1,4,2,TRUE,"Up",TRUE,TRUE
"Vitvi14g04450","Rpv12+1",0,5,5,3,1,2,2,2,2,2,1,4,3,TRUE,"Up",TRUE,TRUE
"Vitvi14g04475","Rpv12+1",0,5,5,3,1,2,2,2,2,2,0,4,1,TRUE,"Up",TRUE,TRUE
"Vitvi14g04501","Rpv12+1",0,5,5,3,1,2,2,2,2,2,0,4,2,TRUE,"Up",TRUE,TRUE
"Vitvi14g04505","Rpv12+1",0,5,5,3,1,2,2,2,2,2,0,4,2,TRUE,"Up",TRUE,TRUE
"Vitvi14g04588","Rpv12+1",0,5,5,3,1,2,2,2,2,2,0,4,2,TRUE,"Up",TRUE,TRUE
"Vitvi14g04673","Rpv12+1",0,5,4,3,1,2,2,2,1,2,0,4,1,TRUE,"Down",TRUE,TRUE
"Vitvi15g00298","Rpv12+1",0,5,4,3,1,2,2,2,1,2,0,4,2,TRUE,"Up",TRUE,TRUE
"Vitvi15g00331","Rpv12+1",0,5,5,3,1,2,2,2,2,2,0,4,2,TRUE,"Down",TRUE,TRUE
"Vitvi15g00830","Rpv12+1",0,5,5,3,1,2,2,2,2,2,0,4,2,TRUE,"Down",TRUE,TRUE
"Vitvi15g00992","Rpv12+1",0,5,5,3,1,2,2,2,2,2,0,4,2,TRUE,"Up",TRUE,TRUE
"Vitvi15g01021","Rpv12+1",0,5,5,3,1,2,2,2,2,2,0,4,2,TRUE,"Up",TRUE,TRUE
"Vitvi15g01075","Rpv12+1",0,5,5,3,1,2,2,2,2,2,0,4,1,TRUE,"Down",TRUE,TRUE
"Vitvi15g01247","Rpv12+1",0,5,5,3,1,2,2,2,2,2,2,4,3,TRUE,"Up",TRUE,TRUE
"Vitvi15g01395","Rpv12+1",0,5,5,3,1,2,2,2,2,2,0,4,2,TRUE,"Up",TRUE,TRUE
"Vitvi15g01483","Rpv12+1",0,5,5,3,1,2,2,2,2,2,1,4,2,TRUE,"Down",TRUE,TRUE
"Vitvi15g01496","Rpv12+1",0,5,5,3,1,2,2,2,2,2,1,4,2,TRUE,"Up",TRUE,TRUE
"Vitvi15g01553","Rpv12+1",0,5,4,3,1,2,2,2,1,2,0,4,2,TRUE,"Down",TRUE,TRUE
"Vitvi15g01574","Rpv12+1",0,5,5,3,1,2,2,2,2,2,2,4,2,TRUE,"Down",TRUE,TRUE
"Vitvi15g01686","Rpv12+1",0,5,5,3,1,2,2,2,2,2,1,4,2,TRUE,"Up",TRUE,TRUE
"Vitvi15g01730","Rpv12+1",0,5,5,3,1,2,2,2,2,2,1,4,2,TRUE,"Up",TRUE,TRUE
"Vitvi15g04213","Rpv12+1",0,5,5,3,1,2,2,2,2,2,0,4,0,TRUE,"Up",TRUE,TRUE
"Vitvi15g04273","Rpv12+1",0,5,4,3,1,2,2,2,1,2,0,4,2,TRUE,"Up",TRUE,TRUE
"Vitvi15g04365","Rpv12+1",0,5,4,3,1,2,2,2,1,2,0,4,1,TRUE,"Up",TRUE,TRUE
"Vitvi15g04378","Rpv12+1",0,5,5,3,1,2,2,2,2,2,1,4,2,TRUE,"Up",TRUE,TRUE
"Vitvi15g04379","Rpv12+1",0,5,5,3,1,2,2,2,2,2,1,4,3,TRUE,"Up",TRUE,TRUE
"Vitvi15g04472","Rpv12+1",0,5,5,3,1,2,2,2,2,2,0,4,2,TRUE,"Up",TRUE,TRUE
"Vitvi15g04598","Rpv12+1",0,5,5,3,1,2,2,2,2,2,1,4,2,TRUE,"Down",TRUE,TRUE
"Vitvi15g04604","Rpv12+1",0,5,4,3,1,2,2,2,1,2,1,4,3,TRUE,"Down",TRUE,TRUE
"Vitvi16g00040","Rpv12+1",0,5,5,3,1,2,2,2,2,2,0,4,0,TRUE,"Down",TRUE,TRUE
"Vitvi16g00041","Rpv12+1",0,5,5,3,1,2,2,2,2,2,2,4,3,TRUE,"Up",TRUE,TRUE
"Vitvi16g00964","Rpv12+1",0,5,5,3,1,2,2,2,2,2,0,4,3,TRUE,"Up",TRUE,TRUE
"Vitvi16g01081","Rpv12+1",0,5,5,3,1,2,2,2,2,2,1,4,2,TRUE,"Up",TRUE,TRUE
"Vitvi16g01150","Rpv12+1",0,5,5,3,1,2,2,2,2,2,1,4,2,TRUE,"Up",TRUE,TRUE
"Vitvi16g01167","Rpv12+1",0,5,4,3,1,2,2,2,1,2,0,4,3,TRUE,"Up",TRUE,TRUE
"Vitvi16g01526","Rpv12+1",0,5,5,3,1,2,2,2,2,2,0,4,2,TRUE,"Down",TRUE,TRUE
"Vitvi16g01733","Rpv12+1",0,5,5,3,1,2,2,2,2,2,2,4,3,TRUE,"Up",TRUE,TRUE
"Vitvi16g01796","Rpv12+1",0,5,5,3,1,2,2,2,2,2,0,4,1,TRUE,"Up",TRUE,TRUE
"Vitvi16g01965","Rpv12+1",0,5,4,3,1,2,2,2,1,2,1,4,2,TRUE,"Up",TRUE,TRUE
"Vitvi16g01966","Rpv12+1",0,5,5,3,1,2,2,2,2,2,0,4,2,TRUE,"Up",TRUE,TRUE
"Vitvi16g04012","Rpv12+1",0,5,5,3,1,2,2,2,2,2,1,4,2,TRUE,"Up",TRUE,TRUE
"Vitvi16g04352","Rpv12+1",0,5,5,3,1,2,2,2,2,2,0,4,2,TRUE,"Down",TRUE,TRUE
"Vitvi17g00340","Rpv12+1",0,5,5,3,1,2,2,2,2,2,2,4,2,TRUE,"Up",TRUE,TRUE
"Vitvi17g00343","Rpv12+1",0,5,5,3,1,2,2,2,2,2,1,4,2,TRUE,"Up",TRUE,TRUE
"Vitvi17g00609","Rpv12+1",0,5,5,3,1,2,2,2,2,2,0,4,2,TRUE,"Up",TRUE,TRUE
"Vitvi17g00819","Rpv12+1",0,5,5,3,1,2,2,2,2,2,2,4,2,TRUE,"Up",TRUE,TRUE
"Vitvi17g01376","Rpv12+1",0,5,5,3,1,2,2,2,2,2,0,4,1,TRUE,"Down",TRUE,TRUE
"Vitvi17g01380","Rpv12+1",0,5,5,3,1,2,2,2,2,2,1,4,2,TRUE,"Down",TRUE,TRUE
"Vitvi17g01496","Rpv12+1",0,5,5,3,1,2,2,2,2,2,1,4,2,TRUE,"Down",TRUE,TRUE
"Vitvi17g04034","Rpv12+1",0,5,5,3,1,2,2,2,2,2,1,4,2,TRUE,"Down",TRUE,TRUE
"Vitvi17g04068","Rpv12+1",0,5,5,3,1,2,2,2,2,2,0,4,2,TRUE,"Down",TRUE,TRUE
"Vitvi17g04093","Rpv12+1",0,5,5,3,1,2,2,2,2,2,1,4,3,TRUE,"Down",TRUE,TRUE
"Vitvi18g00101","Rpv12+1",0,5,5,3,1,2,2,2,2,2,1,4,2,TRUE,"Up",TRUE,TRUE
"Vitvi18g00214","Rpv12+1",0,5,5,3,1,2,2,2,2,2,1,4,2,TRUE,"Down",TRUE,TRUE
"Vitvi18g00295","Rpv12+1",0,5,4,3,1,2,2,2,1,2,0,4,2,TRUE,"Up",TRUE,TRUE
"Vitvi18g00432","Rpv12+1",0,5,5,3,1,2,2,2,2,2,1,4,3,TRUE,"Up",TRUE,TRUE
"Vitvi18g00433","Rpv12+1",0,5,5,3,1,2,2,2,2,2,1,4,3,TRUE,"Up",TRUE,TRUE
"Vitvi18g00470","Rpv12+1",0,5,5,3,1,2,2,2,2,2,0,4,2,TRUE,"Up",TRUE,TRUE
"Vitvi18g00479","Rpv12+1",0,5,5,3,1,2,2,2,2,2,1,4,2,TRUE,"Up",TRUE,TRUE
"Vitvi18g00605","Rpv12+1",0,5,5,3,1,2,2,2,2,2,1,4,2,TRUE,"Up",TRUE,TRUE
"Vitvi18g00683","Rpv12+1",0,5,4,3,1,2,2,2,1,2,0,4,2,TRUE,"Up",TRUE,TRUE
"Vitvi18g00996","Rpv12+1",0,5,5,3,1,2,2,2,2,2,0,4,2,TRUE,"Down",TRUE,TRUE
"Vitvi18g01276","Rpv12+1",0,5,4,3,1,2,2,2,1,2,0,4,3,TRUE,"Up",TRUE,TRUE
"Vitvi18g01849","Rpv12+1",0,5,5,3,1,2,2,2,2,2,0,4,1,TRUE,"Up",TRUE,TRUE
"Vitvi18g01950","Rpv12+1",0,5,5,3,1,2,2,2,2,2,1,4,2,TRUE,"Up",TRUE,TRUE
"Vitvi18g01959","Rpv12+1",0,5,5,3,1,2,2,2,2,2,2,4,3,TRUE,"Up",TRUE,TRUE
"Vitvi18g01980","Rpv12+1",0,5,5,3,1,2,2,2,2,2,1,4,2,TRUE,"Up",TRUE,TRUE
"Vitvi18g02428","Rpv12+1",0,5,5,3,1,2,2,2,2,2,0,4,2,TRUE,"Up",TRUE,TRUE
"Vitvi18g02490","Rpv12+1",0,5,5,3,1,2,2,2,2,2,0,4,3,TRUE,"Up",TRUE,TRUE
"Vitvi18g02509","Rpv12+1",0,5,5,3,1,2,2,2,2,2,0,4,2,TRUE,"Up",TRUE,TRUE
"Vitvi18g02584","Rpv12+1",0,5,5,3,1,2,2,2,2,2,1,4,3,TRUE,"Up",TRUE,TRUE
"Vitvi18g02669","Rpv12+1",0,5,5,3,1,2,2,2,2,2,1,4,2,TRUE,"Up",TRUE,TRUE
"Vitvi18g02695","Rpv12+1",0,5,5,3,1,2,2,2,2,2,2,4,3,TRUE,"Up",TRUE,TRUE
"Vitvi18g02715","Rpv12+1",0,5,5,3,1,2,2,2,2,2,1,4,2,TRUE,"Down",TRUE,TRUE
"Vitvi18g02819","Rpv12+1",0,5,4,3,1,2,2,2,1,2,0,4,2,TRUE,"Up",TRUE,TRUE
"Vitvi18g03383","Rpv12+1",0,5,5,3,1,2,2,2,2,2,1,4,3,TRUE,"Down",TRUE,TRUE
"Vitvi18g04003","Rpv12+1",0,5,5,3,1,2,2,2,2,2,1,4,2,TRUE,"Down",TRUE,TRUE
"Vitvi18g04004","Rpv12+1",0,5,5,3,1,2,2,2,2,2,1,4,2,TRUE,"Down",TRUE,TRUE
"Vitvi18g04176","Rpv12+1",0,5,5,3,1,2,2,2,2,2,1,4,3,TRUE,"Down",TRUE,TRUE
"Vitvi18g04193","Rpv12+1",0,5,4,3,1,2,2,2,1,2,0,4,2,TRUE,"Up",TRUE,TRUE
"Vitvi18g04440","Rpv12+1",0,5,5,3,1,2,2,2,2,2,1,4,2,TRUE,"Up",TRUE,TRUE
"Vitvi18g04507","Rpv12+1",0,5,5,3,1,2,2,2,2,2,0,4,2,TRUE,"Up",TRUE,TRUE
"Vitvi18g04508","Rpv12+1",0,5,5,3,1,2,2,2,2,2,0,4,2,TRUE,"Up",TRUE,TRUE
"Vitvi18g04640","Rpv12+1",0,5,5,3,1,2,2,2,2,2,2,4,2,TRUE,"Down",TRUE,TRUE
"Vitvi18g04642","Rpv12+1",0,5,5,3,1,2,2,2,2,2,1,4,2,TRUE,"Down",TRUE,TRUE
"Vitvi18g04643","Rpv12+1",0,5,5,3,1,2,2,2,2,2,1,4,2,TRUE,"Down",TRUE,TRUE
"Vitvi18g04646","Rpv12+1",0,5,5,3,1,2,2,2,2,2,1,4,2,TRUE,"Up",TRUE,TRUE
"Vitvi18g04655","Rpv12+1",0,5,4,3,1,2,2,2,1,2,0,4,1,TRUE,"Up",TRUE,TRUE
"Vitvi18g04656","Rpv12+1",0,5,5,3,1,2,2,2,2,2,1,4,2,TRUE,"Down",TRUE,TRUE
"Vitvi18g04660","Rpv12+1",0,5,5,3,1,2,2,2,2,2,1,4,3,TRUE,"Up",TRUE,TRUE
"Vitvi18g04665","Rpv12+1",0,5,5,3,1,2,2,2,2,2,0,4,1,TRUE,"Up",TRUE,TRUE
"Vitvi18g04684","Rpv12+1",0,5,5,3,1,2,2,2,2,2,0,4,2,TRUE,"Down",TRUE,TRUE
"Vitvi18g04748","Rpv12+1",0,5,5,3,1,2,2,2,2,2,0,4,0,TRUE,"Up",TRUE,TRUE
"Vitvi18g04749","Rpv12+1",0,5,5,3,1,2,2,2,2,2,1,4,2,TRUE,"Up",TRUE,TRUE
"Vitvi18g04757","Rpv12+1",0,5,4,3,1,2,2,2,1,2,1,4,2,TRUE,"Up",TRUE,TRUE
"Vitvi19g00177","Rpv12+1",0,5,5,3,1,2,2,2,2,2,0,4,2,TRUE,"Down",TRUE,TRUE
"Vitvi19g00214","Rpv12+1",0,5,5,3,1,2,2,2,2,2,1,4,2,TRUE,"Down",TRUE,TRUE
"Vitvi19g00239","Rpv12+1",0,5,5,3,1,2,2,2,2,2,1,4,2,TRUE,"Up",TRUE,TRUE
"Vitvi19g00306","Rpv12+1",0,5,5,3,1,2,2,2,2,2,1,4,2,TRUE,"Up",TRUE,TRUE
"Vitvi19g00339","Rpv12+1",0,5,5,3,1,2,2,2,2,2,0,4,2,TRUE,"Up",TRUE,TRUE
"Vitvi19g01307","Rpv12+1",0,5,4,3,1,2,2,2,1,2,0,4,1,TRUE,"Up",TRUE,TRUE
"Vitvi19g01450","Rpv12+1",0,5,5,3,1,2,2,2,2,2,0,4,3,TRUE,"Up",TRUE,TRUE
"Vitvi19g04006","Rpv12+1",0,5,5,3,1,2,2,2,2,2,0,4,2,TRUE,"Up",TRUE,TRUE
"Vitvi19g04070","Rpv12+1",0,5,5,3,1,2,2,2,2,2,1,4,2,TRUE,"Up",TRUE,TRUE
"Vitvi19g04074","Rpv12+1",0,5,5,3,1,2,2,2,2,2,0,4,1,TRUE,"Up",TRUE,TRUE
"Vitvi19g04102","Rpv12+1",0,5,4,3,1,2,2,2,1,2,0,4,0,TRUE,"Down",TRUE,TRUE
"Vitvi19g04259","Rpv12+1",0,5,5,3,1,2,2,2,2,2,1,4,2,TRUE,"Down",TRUE,TRUE
"Vitvi19g04455","Rpv12+1",0,5,5,3,1,2,2,2,2,2,1,4,3,TRUE,"Up",TRUE,TRUE
"Vitvi19g04582","Rpv12+1",0,5,5,3,1,2,2,2,2,2,1,4,3,TRUE,"Down",TRUE,TRUE
"Vitvi00g01805","Rpv12+1",6,5,4,3,1,2,2,2,1,2,0,4,3,TRUE,"Up",TRUE,TRUE
"Vitvi00g04006","Rpv12+1",6,5,4,3,1,2,2,2,1,2,0,4,2,TRUE,"Up",TRUE,TRUE
"Vitvi00g04022","Rpv12+1",6,5,4,3,1,2,2,2,1,2,0,4,3,TRUE,"Down",TRUE,TRUE
"Vitvi00g04024","Rpv12+1",6,5,5,3,1,2,2,2,2,2,0,4,2,TRUE,"Down",TRUE,TRUE
"Vitvi00g04037","Rpv12+1",6,5,5,3,1,2,2,2,2,2,0,4,2,TRUE,"Down",TRUE,TRUE
"Vitvi00g04275","Rpv12+1",6,5,5,3,1,2,2,2,2,2,1,4,3,TRUE,"Down",TRUE,TRUE
"Vitvi00g04313","Rpv12+1",6,5,5,3,1,2,2,2,2,2,2,4,2,TRUE,"Up",TRUE,TRUE
"Vitvi00g04449","Rpv12+1",6,5,5,3,1,2,2,2,2,2,2,4,4,TRUE,"Up",TRUE,TRUE
"Vitvi00g04463","Rpv12+1",6,5,5,3,1,2,2,2,2,2,0,4,3,TRUE,"Up",TRUE,TRUE
"Vitvi00g04500","Rpv12+1",6,5,5,3,1,2,2,2,2,2,2,4,3,TRUE,"Down",TRUE,TRUE
"Vitvi00g04522","Rpv12+1",6,5,4,3,1,2,2,2,1,2,0,4,4,TRUE,"Down",TRUE,TRUE
"Vitvi00g04598","Rpv12+1",6,5,5,3,1,2,2,2,2,2,0,4,2,TRUE,"Up",TRUE,TRUE
"Vitvi00g04704","Rpv12+1",6,5,5,3,1,2,2,2,2,2,2,4,4,TRUE,"Up",TRUE,TRUE
"Vitvi00g04706","Rpv12+1",6,5,5,3,1,2,2,2,2,2,1,4,3,TRUE,"Up",TRUE,TRUE
"Vitvi00g04728","Rpv12+1",6,5,5,3,1,2,2,2,2,2,2,4,4,TRUE,"Down",TRUE,TRUE
"Vitvi00g04737","Rpv12+1",6,5,5,3,1,2,2,2,2,2,1,4,3,TRUE,"Down",TRUE,TRUE
"Vitvi00g04747","Rpv12+1",6,5,5,3,1,2,2,2,2,2,0,4,3,TRUE,"Down",TRUE,TRUE
"Vitvi00g04752","Rpv12+1",6,5,5,3,1,2,2,2,2,2,1,4,3,TRUE,"Up",TRUE,TRUE
"Vitvi01g00083","Rpv12+1",6,5,5,3,1,2,2,2,2,2,1,4,2,TRUE,"Down",TRUE,TRUE
"Vitvi01g00271","Rpv12+1",6,5,5,3,1,2,2,2,2,2,2,4,3,TRUE,"Up",TRUE,TRUE
"Vitvi01g00555","Rpv12+1",6,5,4,3,1,2,2,2,1,2,0,4,2,TRUE,"Up",TRUE,TRUE
"Vitvi01g00653","Rpv12+1",6,5,5,3,1,2,2,2,2,2,0,4,2,TRUE,"Up",TRUE,TRUE
"Vitvi01g01355","Rpv12+1",6,5,5,3,1,2,2,2,2,2,1,4,3,TRUE,"Down",TRUE,TRUE
"Vitvi01g01751","Rpv12+1",6,5,5,3,1,2,2,2,2,2,1,4,3,TRUE,"Down",TRUE,TRUE
"Vitvi01g01881","Rpv12+1",6,5,5,3,1,2,2,2,2,2,0,4,2,TRUE,"Up",TRUE,TRUE
"Vitvi01g01990","Rpv12+1",6,5,5,3,1,2,2,2,2,2,1,4,3,TRUE,"Down",TRUE,TRUE
"Vitvi01g02242","Rpv12+1",6,5,5,3,1,2,2,2,2,2,1,4,2,TRUE,"Down",TRUE,TRUE
"Vitvi01g04002","Rpv12+1",6,5,5,3,1,2,2,2,2,2,0,4,1,TRUE,"Up",TRUE,TRUE
"Vitvi01g04132","Rpv12+1",6,5,5,3,1,2,2,2,2,2,1,4,2,TRUE,"Up",TRUE,TRUE
"Vitvi01g04191","Rpv12+1",6,5,5,3,1,2,2,2,2,2,1,4,2,TRUE,"Up",TRUE,TRUE
"Vitvi01g04206","Rpv12+1",6,5,5,3,1,2,2,2,2,2,0,4,0,TRUE,"Up",TRUE,TRUE
"Vitvi01g04207","Rpv12+1",6,5,5,3,1,2,2,2,2,2,1,4,3,TRUE,"Up",TRUE,TRUE
"Vitvi01g04423","Rpv12+1",6,5,5,3,1,2,2,2,2,2,1,4,3,TRUE,"Down",TRUE,TRUE
"Vitvi01g04428","Rpv12+1",6,5,5,3,1,2,2,2,2,2,1,4,3,TRUE,"Down",TRUE,TRUE
"Vitvi02g00056","Rpv12+1",6,5,5,3,1,2,2,2,2,2,0,4,1,TRUE,"Up",TRUE,TRUE
"Vitvi02g00393","Rpv12+1",6,5,4,3,1,2,2,2,1,2,0,4,3,TRUE,"Down",TRUE,TRUE
"Vitvi02g00446","Rpv12+1",6,5,4,3,1,2,2,2,1,2,0,4,3,TRUE,"Up",TRUE,TRUE
"Vitvi02g00575","Rpv12+1",6,5,4,3,1,2,2,2,1,2,0,4,3,TRUE,"Up",TRUE,TRUE
"Vitvi02g01404","Rpv12+1",6,5,4,3,1,2,2,2,1,2,1,4,2,TRUE,"Down",TRUE,TRUE
"Vitvi02g01411","Rpv12+1",6,5,5,3,1,2,2,2,2,2,1,4,2,TRUE,"Down",TRUE,TRUE
"Vitvi02g04120","Rpv12+1",6,5,5,3,1,2,2,2,2,2,0,4,2,TRUE,"Down",TRUE,TRUE
"Vitvi02g04218","Rpv12+1",6,5,5,3,1,2,2,2,2,2,0,4,3,TRUE,"Down",TRUE,TRUE
"Vitvi02g04226","Rpv12+1",6,5,4,3,1,2,2,2,1,2,0,4,2,TRUE,"Up",TRUE,TRUE
"Vitvi03g00610","Rpv12+1",6,5,5,3,1,2,2,2,2,2,1,4,3,TRUE,"Up",TRUE,TRUE
"Vitvi03g00661","Rpv12+1",6,5,5,3,1,2,2,2,2,2,0,4,3,TRUE,"Up",TRUE,TRUE
"Vitvi03g00841","Rpv12+1",6,5,5,3,1,2,2,2,2,2,0,4,2,TRUE,"Down",TRUE,TRUE
"Vitvi03g00886","Rpv12+1",6,5,5,3,1,2,2,2,2,2,0,4,2,TRUE,"Up",TRUE,TRUE
"Vitvi03g01084","Rpv12+1",6,5,5,3,1,2,2,2,2,2,0,4,2,TRUE,"Down",TRUE,TRUE
"Vitvi03g01258","Rpv12+1",6,5,4,3,1,2,2,2,1,2,1,4,4,TRUE,"Up",TRUE,TRUE
"Vitvi03g01292","Rpv12+1",6,5,5,3,1,2,2,2,2,2,0,4,2,TRUE,"Up",TRUE,TRUE
"Vitvi03g01833","Rpv12+1",6,5,4,3,1,2,2,2,1,2,0,4,2,TRUE,"Up",TRUE,TRUE
"Vitvi03g01839","Rpv12+1",6,5,4,3,1,2,2,2,1,2,0,4,1,TRUE,"Down",TRUE,TRUE
"Vitvi03g04047","Rpv12+1",6,5,5,3,1,2,2,2,2,2,1,4,4,TRUE,"Up",TRUE,TRUE
"Vitvi03g04050","Rpv12+1",6,5,5,3,1,2,2,2,2,2,2,4,3,TRUE,"Up",TRUE,TRUE
"Vitvi03g04196","Rpv12+1",6,5,5,3,1,2,2,2,2,2,2,4,3,TRUE,"Up",TRUE,TRUE
"Vitvi03g04291","Rpv12+1",6,5,5,3,1,2,2,2,2,2,0,4,3,TRUE,"Up",TRUE,TRUE
"Vitvi03g04400","Rpv12+1",6,5,5,3,1,2,2,2,2,2,1,4,3,TRUE,"Up",TRUE,TRUE
"Vitvi03g04450","Rpv12+1",6,5,5,3,1,2,2,2,2,2,2,4,3,TRUE,"Down",TRUE,TRUE
"Vitvi03g04466","Rpv12+1",6,5,4,3,1,2,2,2,1,2,0,4,2,TRUE,"Up",TRUE,TRUE
"Vitvi04g01325","Rpv12+1",6,5,5,3,1,2,2,2,2,2,2,4,4,TRUE,"Down",TRUE,TRUE
"Vitvi04g01375","Rpv12+1",6,5,5,3,1,2,2,2,2,2,2,4,3,TRUE,"Down",TRUE,TRUE
"Vitvi04g01696","Rpv12+1",6,5,4,3,1,2,2,2,1,2,0,4,2,TRUE,"Up",TRUE,TRUE
"Vitvi04g01889","Rpv12+1",6,5,4,3,1,2,2,2,1,2,0,4,4,TRUE,"Up",TRUE,TRUE
"Vitvi04g02226","Rpv12+1",6,5,5,3,1,2,2,2,2,2,2,4,4,TRUE,"Down",TRUE,TRUE
"Vitvi04g04009","Rpv12+1",6,5,5,3,1,2,2,2,2,2,1,4,2,TRUE,"Down",TRUE,TRUE
"Vitvi04g04018","Rpv12+1",6,5,5,3,1,2,2,2,2,2,1,4,3,TRUE,"Up",TRUE,TRUE
"Vitvi04g04029","Rpv12+1",6,5,5,3,1,2,2,2,2,2,0,4,2,TRUE,"Up",TRUE,TRUE
"Vitvi04g04191","Rpv12+1",6,5,5,3,1,2,2,2,2,2,0,4,2,TRUE,"Up",TRUE,TRUE
"Vitvi04g04232","Rpv12+1",6,5,5,3,1,2,2,2,2,2,1,4,3,TRUE,"Up",TRUE,TRUE
"Vitvi04g04429","Rpv12+1",6,5,4,3,1,2,2,2,1,2,0,4,2,TRUE,"Down",TRUE,TRUE
"Vitvi05g00198","Rpv12+1",6,5,5,3,1,2,2,2,2,2,2,4,3,TRUE,"Up",TRUE,TRUE
"Vitvi05g00280","Rpv12+1",6,5,4,3,1,2,2,2,1,2,0,4,4,TRUE,"Down",TRUE,TRUE
"Vitvi05g00715","Rpv12+1",6,5,4,3,1,2,2,2,1,2,0,4,2,TRUE,"Up",TRUE,TRUE
"Vitvi05g00913","Rpv12+1",6,5,4,3,1,2,2,2,1,2,0,4,4,TRUE,"Up",TRUE,TRUE
"Vitvi05g01159","Rpv12+1",6,5,5,3,1,2,2,2,2,2,1,4,3,TRUE,"Up",TRUE,TRUE
"Vitvi05g01399","Rpv12+1",6,5,5,3,1,2,2,2,2,2,0,4,3,TRUE,"Up",TRUE,TRUE
"Vitvi05g01400","Rpv12+1",6,5,4,3,1,2,2,2,1,2,1,4,3,TRUE,"Up",TRUE,TRUE
"Vitvi05g01412","Rpv12+1",6,5,5,3,1,2,2,2,2,2,0,4,2,TRUE,"Up",TRUE,TRUE
"Vitvi05g01435","Rpv12+1",6,5,5,3,1,2,2,2,2,2,1,4,2,TRUE,"Up",TRUE,TRUE
"Vitvi05g01464","Rpv12+1",6,5,4,3,1,2,2,2,1,2,0,4,2,TRUE,"Up",TRUE,TRUE
"Vitvi05g01672","Rpv12+1",6,5,5,3,1,2,2,2,2,2,0,4,2,TRUE,"Up",TRUE,TRUE
"Vitvi05g01924","Rpv12+1",6,5,4,3,1,2,2,2,1,2,0,4,2,TRUE,"Down",TRUE,TRUE
"Vitvi05g02074","Rpv12+1",6,5,4,3,1,2,2,2,1,2,0,4,2,TRUE,"Up",TRUE,TRUE
"Vitvi05g02096","Rpv12+1",6,5,4,3,1,2,2,2,1,2,1,4,3,TRUE,"Down",TRUE,TRUE
"Vitvi05g02170","Rpv12+1",6,5,4,3,1,2,2,2,1,2,1,4,2,TRUE,"Up",TRUE,TRUE
"Vitvi05g02234","Rpv12+1",6,5,5,3,1,2,2,2,2,2,0,4,3,TRUE,"Down",TRUE,TRUE
"Vitvi05g04147","Rpv12+1",6,5,4,3,1,2,2,2,1,2,0,4,3,TRUE,"Up",TRUE,TRUE
"Vitvi05g04293","Rpv12+1",6,5,5,3,1,2,2,2,2,2,0,4,2,TRUE,"Up",TRUE,TRUE
"Vitvi05g04312","Rpv12+1",6,5,5,3,1,2,2,2,2,2,1,4,2,TRUE,"Up",TRUE,TRUE
"Vitvi05g04471","Rpv12+1",6,5,5,3,1,2,2,2,2,2,0,4,0,TRUE,"Up",TRUE,TRUE
"Vitvi05g04494","Rpv12+1",6,5,5,3,1,2,2,2,2,2,1,4,3,TRUE,"Down",TRUE,TRUE
"Vitvi05g04505","Rpv12+1",6,5,5,3,1,2,2,2,2,2,1,4,3,TRUE,"Down",TRUE,TRUE
"Vitvi05g04506","Rpv12+1",6,5,5,3,1,2,2,2,2,2,2,4,3,TRUE,"Down",TRUE,TRUE
"Vitvi05g04535","Rpv12+1",6,5,4,3,1,2,2,2,1,2,0,4,2,TRUE,"Up",TRUE,TRUE
"Vitvi05g04565","Rpv12+1",6,5,5,3,1,2,2,2,2,2,0,4,2,TRUE,"Up",TRUE,TRUE
"Vitvi06g00039","Rpv12+1",6,5,5,3,1,2,2,2,2,2,0,4,4,TRUE,"Down",TRUE,TRUE
"Vitvi06g00397","Rpv12+1",6,5,4,3,1,2,2,2,1,2,0,4,2,TRUE,"Up",TRUE,TRUE
"Vitvi06g00666","Rpv12+1",6,5,4,3,1,2,2,2,1,2,0,4,1,TRUE,"Up",TRUE,TRUE
"Vitvi06g00796","Rpv12+1",6,5,5,3,1,2,2,2,2,2,0,4,0,TRUE,"Down",TRUE,TRUE
"Vitvi06g01100","Rpv12+1",6,5,5,3,1,2,2,2,2,2,1,4,3,TRUE,"Down",TRUE,TRUE
"Vitvi06g01637","Rpv12+1",6,5,5,3,1,2,2,2,2,2,1,4,3,TRUE,"Down",TRUE,TRUE
"Vitvi06g04048","Rpv12+1",6,5,5,3,1,2,2,2,2,2,1,4,3,TRUE,"Up",TRUE,TRUE
"Vitvi06g04173","Rpv12+1",6,5,5,3,1,2,2,2,2,2,1,4,2,TRUE,"Down",TRUE,TRUE
"Vitvi06g04249","Rpv12+1",6,5,5,3,1,2,2,2,2,2,2,4,3,TRUE,"Down",TRUE,TRUE
"Vitvi06g04250","Rpv12+1",6,5,5,3,1,2,2,2,2,2,2,4,3,TRUE,"Down",TRUE,TRUE
"Vitvi07g00383","Rpv12+1",6,5,5,3,1,2,2,2,2,2,1,4,3,TRUE,"Down",TRUE,TRUE
"Vitvi07g00664","Rpv12+1",6,5,5,3,1,2,2,2,2,2,1,4,3,TRUE,"Down",TRUE,TRUE
"Vitvi07g00807","Rpv12+1",6,5,5,3,1,2,2,2,2,2,2,4,3,TRUE,"Up",TRUE,TRUE
"Vitvi07g00890","Rpv12+1",6,5,5,3,1,2,2,2,2,2,1,4,3,TRUE,"Down",TRUE,TRUE
"Vitvi07g01097","Rpv12+1",6,5,5,3,1,2,2,2,2,2,1,4,3,TRUE,"Down",TRUE,TRUE
"Vitvi07g01718","Rpv12+1",6,5,5,3,1,2,2,2,2,2,0,4,1,TRUE,"Up",TRUE,TRUE
"Vitvi07g01719","Rpv12+1",6,5,4,3,1,2,2,2,1,2,0,4,1,TRUE,"Up",TRUE,TRUE
"Vitvi07g01814","Rpv12+1",6,5,4,3,1,2,2,2,1,2,2,4,2,TRUE,"Up",TRUE,TRUE
"Vitvi07g01929","Rpv12+1",6,5,5,3,1,2,2,2,2,2,0,4,2,TRUE,"Up",TRUE,TRUE
"Vitvi07g02062","Rpv12+1",6,5,5,3,1,2,2,2,2,2,0,4,1,TRUE,"Up",TRUE,TRUE
"Vitvi07g02094","Rpv12+1",6,5,5,3,1,2,2,2,2,2,0,4,1,TRUE,"Down",TRUE,TRUE
"Vitvi07g02323","Rpv12+1",6,5,5,3,1,2,2,2,2,2,2,4,3,TRUE,"Down",TRUE,TRUE
"Vitvi07g02362","Rpv12+1",6,5,5,3,1,2,2,2,2,2,1,4,3,TRUE,"Up",TRUE,TRUE
"Vitvi07g02402","Rpv12+1",6,5,5,3,1,2,2,2,2,2,1,4,3,TRUE,"Up",TRUE,TRUE
"Vitvi07g02403","Rpv12+1",6,5,5,3,1,2,2,2,2,2,0,4,0,TRUE,"Up",TRUE,TRUE
"Vitvi07g02412","Rpv12+1",6,5,5,3,1,2,2,2,2,2,0,4,3,TRUE,"Up",TRUE,TRUE
"Vitvi07g02686","Rpv12+1",6,5,5,3,1,2,2,2,2,2,1,4,3,TRUE,"Up",TRUE,TRUE
"Vitvi07g02832","Rpv12+1",6,5,5,3,1,2,2,2,2,2,1,4,2,TRUE,"Down",TRUE,TRUE
"Vitvi07g02853","Rpv12+1",6,5,5,3,1,2,2,2,2,2,0,4,2,TRUE,"Down",TRUE,TRUE
"Vitvi07g03086","Rpv12+1",6,5,5,3,1,2,2,2,2,2,1,4,2,TRUE,"Up",TRUE,TRUE
"Vitvi07g04167","Rpv12+1",6,5,4,3,1,2,2,2,1,2,1,4,1,TRUE,"Up",TRUE,TRUE
"Vitvi07g04265","Rpv12+1",6,5,5,3,1,2,2,2,2,2,0,4,2,TRUE,"Down",TRUE,TRUE
"Vitvi07g04338","Rpv12+1",6,5,5,3,1,2,2,2,2,2,1,4,3,TRUE,"Down",TRUE,TRUE
"Vitvi07g04339","Rpv12+1",6,5,5,3,1,2,2,2,2,2,1,4,3,TRUE,"Down",TRUE,TRUE
"Vitvi07g04340","Rpv12+1",6,5,5,3,1,2,2,2,2,2,1,4,3,TRUE,"Down",TRUE,TRUE
"Vitvi07g04371","Rpv12+1",6,5,5,3,1,2,2,2,2,2,1,4,3,TRUE,"Down",TRUE,TRUE
"Vitvi07g04372","Rpv12+1",6,5,5,3,1,2,2,2,2,2,1,4,4,TRUE,"Down",TRUE,TRUE
"Vitvi07g04521","Rpv12+1",6,5,4,3,1,2,2,2,1,2,0,4,4,TRUE,"Down",TRUE,TRUE
"Vitvi07g04561","Rpv12+1",6,5,5,3,1,2,2,2,2,2,1,4,3,TRUE,"Up",TRUE,TRUE
"Vitvi08g01235","Rpv12+1",6,5,5,3,1,2,2,2,2,2,1,4,2,TRUE,"Down",TRUE,TRUE
"Vitvi08g01348","Rpv12+1",6,5,4,3,1,2,2,2,1,2,0,4,2,TRUE,"Down",TRUE,TRUE
"Vitvi08g01382","Rpv12+1",6,5,5,3,1,2,2,2,2,2,1,4,3,TRUE,"Down",TRUE,TRUE
"Vitvi08g01528","Rpv12+1",6,5,5,3,1,2,2,2,2,2,2,4,3,TRUE,"Up",TRUE,TRUE
"Vitvi08g01770","Rpv12+1",6,5,5,3,1,2,2,2,2,2,1,4,3,TRUE,"Down",TRUE,TRUE
"Vitvi08g01846","Rpv12+1",6,5,5,3,1,2,2,2,2,2,1,4,2,TRUE,"Down",TRUE,TRUE
"Vitvi08g01847","Rpv12+1",6,5,4,3,1,2,2,2,1,2,1,4,2,TRUE,"Up",TRUE,TRUE
"Vitvi08g01936","Rpv12+1",6,5,5,3,1,2,2,2,2,2,0,4,2,TRUE,"Down",TRUE,TRUE
"Vitvi08g02249","Rpv12+1",6,5,4,3,1,2,2,2,1,2,2,4,3,TRUE,"Down",TRUE,TRUE
"Vitvi08g02288","Rpv12+1",6,5,5,3,1,2,2,2,2,2,2,4,2,TRUE,"Down",TRUE,TRUE
"Vitvi08g02397","Rpv12+1",6,5,5,3,1,2,2,2,2,2,2,4,2,TRUE,"Down",TRUE,TRUE
"Vitvi08g04001","Rpv12+1",6,5,5,3,1,2,2,2,2,2,0,4,0,TRUE,"Down",TRUE,TRUE
"Vitvi08g04284","Rpv12+1",6,5,5,3,1,2,2,2,2,2,1,4,2,TRUE,"Down",TRUE,TRUE
"Vitvi08g04287","Rpv12+1",6,5,5,3,1,2,2,2,2,2,1,4,3,TRUE,"Down",TRUE,TRUE
"Vitvi08g04290","Rpv12+1",6,5,5,3,1,2,2,2,2,2,1,4,2,TRUE,"Down",TRUE,TRUE
"Vitvi08g04370","Rpv12+1",6,5,4,3,1,2,2,2,1,2,0,4,2,TRUE,"Down",TRUE,TRUE
"Vitvi09g00384","Rpv12+1",6,5,5,3,1,2,2,2,2,2,0,4,2,TRUE,"Down",TRUE,TRUE
"Vitvi09g00535","Rpv12+1",6,5,5,3,1,2,2,2,2,2,1,4,2,TRUE,"Up",TRUE,TRUE
"Vitvi09g01026","Rpv12+1",6,5,5,3,1,2,2,2,2,2,1,4,3,TRUE,"Up",TRUE,TRUE
"Vitvi09g01187","Rpv12+1",6,5,5,3,1,2,2,2,2,2,0,4,2,TRUE,"Up",TRUE,TRUE
"Vitvi09g01196","Rpv12+1",6,5,5,3,1,2,2,2,2,2,0,4,2,TRUE,"Up",TRUE,TRUE
"Vitvi09g01214","Rpv12+1",6,5,5,3,1,2,2,2,2,2,2,4,3,TRUE,"Up",TRUE,TRUE
"Vitvi09g01376","Rpv12+1",6,5,5,3,1,2,2,2,2,2,1,4,3,TRUE,"Up",TRUE,TRUE
"Vitvi09g01587","Rpv12+1",6,5,5,3,1,2,2,2,2,2,1,4,3,TRUE,"Down",TRUE,TRUE
"Vitvi09g01592","Rpv12+1",6,5,5,3,1,2,2,2,2,2,2,4,3,TRUE,"Up",TRUE,TRUE
"Vitvi09g01646","Rpv12+1",6,5,5,3,1,2,2,2,2,2,0,4,3,TRUE,"Up",TRUE,TRUE
"Vitvi09g01693","Rpv12+1",6,5,5,3,1,2,2,2,2,2,0,4,1,TRUE,"Up",TRUE,TRUE
"Vitvi09g01784","Rpv12+1",6,5,5,3,1,2,2,2,2,2,0,4,0,TRUE,"Down",TRUE,TRUE
"Vitvi09g01807","Rpv12+1",6,5,5,3,1,2,2,2,2,2,1,4,3,TRUE,"Up",TRUE,TRUE
"Vitvi09g02033","Rpv12+1",6,5,5,3,1,2,2,2,2,2,1,4,3,TRUE,"Up",TRUE,TRUE
"Vitvi09g02034","Rpv12+1",6,5,4,3,1,2,2,2,1,2,0,4,4,TRUE,"Up",TRUE,TRUE
"Vitvi09g04078","Rpv12+1",6,5,5,3,1,2,2,2,2,2,0,4,3,TRUE,"Up",TRUE,TRUE
"Vitvi09g04085","Rpv12+1",6,5,5,3,1,2,2,2,2,2,1,4,3,TRUE,"Up",TRUE,TRUE
"Vitvi09g04094","Rpv12+1",6,5,5,3,1,2,2,2,2,2,1,4,3,TRUE,"Down",TRUE,TRUE
"Vitvi09g04123","Rpv12+1",6,5,5,3,1,2,2,2,2,2,0,4,2,TRUE,"Down",TRUE,TRUE
"Vitvi09g04127","Rpv12+1",6,5,5,3,1,2,2,2,2,2,0,4,1,TRUE,"Down",TRUE,TRUE
"Vitvi09g04146","Rpv12+1",6,5,5,3,1,2,2,2,2,2,1,4,3,TRUE,"Down",TRUE,TRUE
"Vitvi09g04166","Rpv12+1",6,5,5,3,1,2,2,2,2,2,0,4,2,TRUE,"Up",TRUE,TRUE
"Vitvi09g04187","Rpv12+1",6,5,5,3,1,2,2,2,2,2,0,4,2,TRUE,"Up",TRUE,TRUE
"Vitvi09g04211","Rpv12+1",6,5,5,3,1,2,2,2,2,2,0,4,0,TRUE,"Up",TRUE,TRUE
"Vitvi09g04212","Rpv12+1",6,5,5,3,1,2,2,2,2,2,1,4,3,TRUE,"Up",TRUE,TRUE
"Vitvi09g04222","Rpv12+1",6,5,5,3,1,2,2,2,2,2,1,4,3,TRUE,"Up",TRUE,TRUE
"Vitvi09g04231","Rpv12+1",6,5,5,3,1,2,2,2,2,2,0,4,2,TRUE,"Up",TRUE,TRUE
"Vitvi09g04415","Rpv12+1",6,5,4,3,1,2,2,2,1,2,0,4,1,TRUE,"Up",TRUE,TRUE
"Vitvi09g04416","Rpv12+1",6,5,5,3,1,2,2,2,2,2,1,4,3,TRUE,"Up",TRUE,TRUE
"Vitvi09g04473","Rpv12+1",6,5,4,3,1,2,2,2,1,2,1,4,4,TRUE,"Up",TRUE,TRUE
"Vitvi09g04537","Rpv12+1",6,5,5,3,1,2,2,2,2,2,1,4,3,TRUE,"Up",TRUE,TRUE
"Vitvi09g04564","Rpv12+1",6,5,5,3,1,2,2,2,2,2,1,4,2,TRUE,"Up",TRUE,TRUE
"Vitvi10g00903","Rpv12+1",6,5,4,3,1,2,2,2,1,2,1,4,2,TRUE,"Up",TRUE,TRUE
"Vitvi10g00977","Rpv12+1",6,5,5,3,1,2,2,2,2,2,0,4,3,TRUE,"Down",TRUE,TRUE
"Vitvi10g01070","Rpv12+1",6,5,4,3,1,2,2,2,1,2,0,4,2,TRUE,"Down",TRUE,TRUE
"Vitvi10g01247","Rpv12+1",6,5,4,3,1,2,2,2,1,2,0,4,3,TRUE,"Down",TRUE,TRUE
"Vitvi10g01585","Rpv12+1",6,5,5,3,1,2,2,2,2,2,2,4,3,TRUE,"Down",TRUE,TRUE
"Vitvi10g01686","Rpv12+1",6,5,4,3,1,2,2,2,1,2,0,4,2,TRUE,"Up",TRUE,TRUE
"Vitvi10g01789","Rpv12+1",6,5,4,3,1,2,2,2,1,2,0,4,2,TRUE,"Down",TRUE,TRUE
"Vitvi10g01952","Rpv12+1",6,5,5,3,1,2,2,2,2,2,0,4,0,TRUE,"Down",TRUE,TRUE
"Vitvi10g04023","Rpv12+1",6,5,5,3,1,2,2,2,2,2,0,4,2,TRUE,"Up",TRUE,TRUE
"Vitvi10g04284","Rpv12+1",6,5,5,3,1,2,2,2,2,2,1,4,3,TRUE,"Down",TRUE,TRUE
"Vitvi10g04400","Rpv12+1",6,5,5,3,1,2,2,2,2,2,0,4,0,TRUE,"Up",TRUE,TRUE
"Vitvi10g04463","Rpv12+1",6,5,5,3,1,2,2,2,2,2,2,4,4,TRUE,"Down",TRUE,TRUE
"Vitvi10g04464","Rpv12+1",6,5,5,3,1,2,2,2,2,2,1,4,3,TRUE,"Down",TRUE,TRUE
"Vitvi10g04473","Rpv12+1",6,5,5,3,1,2,2,2,2,2,0,4,3,TRUE,"Up",TRUE,TRUE
"Vitvi11g00460","Rpv12+1",6,5,5,3,1,2,2,2,2,2,2,4,3,TRUE,"Down",TRUE,TRUE
"Vitvi11g00825","Rpv12+1",6,5,4,3,1,2,2,2,1,2,1,4,2,TRUE,"Up",TRUE,TRUE
"Vitvi11g00865","Rpv12+1",6,5,5,3,1,2,2,2,2,2,2,4,3,TRUE,"Down",TRUE,TRUE
"Vitvi11g01564","Rpv12+1",6,5,5,3,1,2,2,2,2,2,1,4,3,TRUE,"Down",TRUE,TRUE
"Vitvi11g01637","Rpv12+1",6,5,4,3,1,2,2,2,1,2,2,4,4,TRUE,"Up",TRUE,TRUE
"Vitvi11g04123","Rpv12+1",6,5,5,3,1,2,2,2,2,2,2,4,3,TRUE,"Up",TRUE,TRUE
"Vitvi11g04175","Rpv12+1",6,5,5,3,1,2,2,2,2,2,0,4,3,TRUE,"Down",TRUE,TRUE
"Vitvi11g04251","Rpv12+1",6,5,5,3,1,2,2,2,2,2,1,4,3,TRUE,"Down",TRUE,TRUE
"Vitvi11g04267","Rpv12+1",6,5,5,3,1,2,2,2,2,2,2,4,2,TRUE,"Down",TRUE,TRUE
"Vitvi11g04345","Rpv12+1",6,5,5,3,1,2,2,2,2,2,0,4,2,TRUE,"Up",TRUE,TRUE
"Vitvi11g04368","Rpv12+1",6,5,5,3,1,2,2,2,2,2,0,4,2,TRUE,"Up",TRUE,TRUE
"Vitvi12g00368","Rpv12+1",6,5,5,3,1,2,2,2,2,2,1,4,2,TRUE,"Up",TRUE,TRUE
"Vitvi12g00675","Rpv12+1",6,5,4,3,1,2,2,2,1,2,0,4,2,TRUE,"Up",TRUE,TRUE
"Vitvi12g01776","Rpv12+1",6,5,5,3,1,2,2,2,2,2,1,4,3,TRUE,"Down",TRUE,TRUE
"Vitvi12g01939","Rpv12+1",6,5,5,3,1,2,2,2,2,2,1,4,3,TRUE,"Up",TRUE,TRUE
"Vitvi12g02066","Rpv12+1",6,5,5,3,1,2,2,2,2,2,2,4,3,TRUE,"Down",TRUE,TRUE
"Vitvi12g02621","Rpv12+1",6,5,5,3,1,2,2,2,2,2,2,4,3,TRUE,"Down",TRUE,TRUE
"Vitvi12g02701","Rpv12+1",6,5,5,3,1,2,2,2,2,2,1,4,4,TRUE,"Down",TRUE,TRUE
"Vitvi12g02743","Rpv12+1",6,5,5,3,1,2,2,2,2,2,1,4,2,TRUE,"Up",TRUE,TRUE
"Vitvi12g02753","Rpv12+1",6,5,5,3,1,2,2,2,2,2,0,4,2,TRUE,"Down",TRUE,TRUE
"Vitvi12g04084","Rpv12+1",6,5,5,3,1,2,2,2,2,2,0,4,3,TRUE,"Down",TRUE,TRUE
"Vitvi12g04091","Rpv12+1",6,5,5,3,1,2,2,2,2,2,1,4,2,TRUE,"Down",TRUE,TRUE
"Vitvi12g04185","Rpv12+1",6,5,5,3,1,2,2,2,2,2,1,4,3,TRUE,"Down",TRUE,TRUE
"Vitvi12g04365","Rpv12+1",6,5,5,3,1,2,2,2,2,2,0,4,2,TRUE,"Up",TRUE,TRUE
"Vitvi12g04421","Rpv12+1",6,5,5,3,1,2,2,2,2,2,1,4,3,TRUE,"Down",TRUE,TRUE
"Vitvi12g04429","Rpv12+1",6,5,5,3,1,2,2,2,2,2,0,4,2,TRUE,"Down",TRUE,TRUE
"Vitvi12g04510","Rpv12+1",6,5,5,3,1,2,2,2,2,2,0,4,3,TRUE,"Up",TRUE,TRUE
"Vitvi12g04512","Rpv12+1",6,5,5,3,1,2,2,2,2,2,1,4,3,TRUE,"Up",TRUE,TRUE
"Vitvi12g04517","Rpv12+1",6,5,5,3,1,2,2,2,2,2,2,4,2,TRUE,"Up",TRUE,TRUE
"Vitvi12g04518","Rpv12+1",6,5,5,3,1,2,2,2,2,2,2,4,3,TRUE,"Up",TRUE,TRUE
"Vitvi12g04536","Rpv12+1",6,5,5,3,1,2,2,2,2,2,0,4,3,TRUE,"Up",TRUE,TRUE
"Vitvi12g04548","Rpv12+1",6,5,4,3,1,2,2,2,1,2,1,4,2,TRUE,"Up",TRUE,TRUE
"Vitvi12g04563","Rpv12+1",6,5,5,3,1,2,2,2,2,2,2,4,3,TRUE,"Down",TRUE,TRUE
"Vitvi12g04581","Rpv12+1",6,5,5,3,1,2,2,2,2,2,1,4,3,TRUE,"Up",TRUE,TRUE
"Vitvi12g04596","Rpv12+1",6,5,5,3,1,2,2,2,2,2,1,4,3,TRUE,"Up",TRUE,TRUE
"Vitvi12g04597","Rpv12+1",6,5,5,3,1,2,2,2,2,2,2,4,3,TRUE,"Up",TRUE,TRUE
"Vitvi13g00390","Rpv12+1",6,5,4,3,1,2,2,2,1,2,0,4,2,TRUE,"Down",TRUE,TRUE
"Vitvi13g00807","Rpv12+1",6,5,5,3,1,2,2,2,2,2,2,4,3,TRUE,"Down",TRUE,TRUE
"Vitvi13g01098","Rpv12+1",6,5,4,3,1,2,2,2,1,2,0,4,2,TRUE,"Up",TRUE,TRUE
"Vitvi13g01435","Rpv12+1",6,5,5,3,1,2,2,2,2,2,0,4,3,TRUE,"Down",TRUE,TRUE
"Vitvi13g01796","Rpv12+1",6,5,5,3,1,2,2,2,2,2,0,4,3,TRUE,"Up",TRUE,TRUE
"Vitvi13g02005","Rpv12+1",6,5,5,3,1,2,2,2,2,2,2,4,2,TRUE,"Down",TRUE,TRUE
"Vitvi13g02189","Rpv12+1",6,5,5,3,1,2,2,2,2,2,0,4,2,TRUE,"Down",TRUE,TRUE
"Vitvi13g02285","Rpv12+1",6,5,5,3,1,2,2,2,2,2,1,4,3,TRUE,"Up",TRUE,TRUE
"Vitvi13g02551","Rpv12+1",6,5,4,3,1,2,2,2,1,2,1,4,3,TRUE,"Up",TRUE,TRUE
"Vitvi13g02553","Rpv12+1",6,5,5,3,1,2,2,2,2,2,0,4,2,TRUE,"Up",TRUE,TRUE
"Vitvi13g04231","Rpv12+1",6,5,5,3,1,2,2,2,2,2,1,4,3,TRUE,"Down",TRUE,TRUE
"Vitvi13g04325","Rpv12+1",6,5,5,3,1,2,2,2,2,2,2,4,3,TRUE,"Down",TRUE,TRUE
"Vitvi13g04329","Rpv12+1",6,5,5,3,1,2,2,2,2,2,1,4,3,TRUE,"Down",TRUE,TRUE
"Vitvi13g04336","Rpv12+1",6,5,5,3,1,2,2,2,2,2,0,4,2,TRUE,"Down",TRUE,TRUE
"Vitvi13g04337","Rpv12+1",6,5,5,3,1,2,2,2,2,2,0,4,2,TRUE,"Down",TRUE,TRUE
"Vitvi13g04338","Rpv12+1",6,5,5,3,1,2,2,2,2,2,1,4,3,TRUE,"Down",TRUE,TRUE
"Vitvi13g04363","Rpv12+1",6,5,5,3,1,2,2,2,2,2,0,4,2,TRUE,"Down",TRUE,TRUE
"Vitvi13g04369","Rpv12+1",6,5,4,3,1,2,2,2,1,2,0,4,3,TRUE,"Down",TRUE,TRUE
"Vitvi13g04371","Rpv12+1",6,5,5,3,1,2,2,2,2,2,0,4,2,TRUE,"Down",TRUE,TRUE
"Vitvi13g04443","Rpv12+1",6,5,5,3,1,2,2,2,2,2,0,4,1,TRUE,"Up",TRUE,TRUE
"Vitvi13g04446","Rpv12+1",6,5,5,3,1,2,2,2,2,2,1,4,2,TRUE,"Up",TRUE,TRUE
"Vitvi13g04459","Rpv12+1",6,5,5,3,1,2,2,2,2,2,0,4,0,TRUE,"Up",TRUE,TRUE
"Vitvi13g04585","Rpv12+1",6,5,5,3,1,2,2,2,2,2,0,4,3,TRUE,"Up",TRUE,TRUE
"Vitvi13g04709","Rpv12+1",6,5,5,3,1,2,2,2,2,2,0,4,3,TRUE,"Up",TRUE,TRUE
"Vitvi13g04742","Rpv12+1",6,5,5,3,1,2,2,2,2,2,0,4,2,TRUE,"Down",TRUE,TRUE
"Vitvi13g04743","Rpv12+1",6,5,5,3,1,2,2,2,2,2,0,4,2,TRUE,"Down",TRUE,TRUE
"Vitvi13g04744","Rpv12+1",6,5,5,3,1,2,2,2,2,2,1,4,4,TRUE,"Down",TRUE,TRUE
"Vitvi13g04782","Rpv12+1",6,5,5,3,1,2,2,2,2,2,0,4,0,TRUE,"Up",TRUE,TRUE
"Vitvi13g04783","Rpv12+1",6,5,4,3,1,2,2,2,1,2,0,4,1,TRUE,"Up",TRUE,TRUE
"Vitvi14g00456","Rpv12+1",6,5,5,3,1,2,2,2,2,2,0,4,1,TRUE,"Up",TRUE,TRUE
"Vitvi14g00668","Rpv12+1",6,5,5,3,1,2,2,2,2,2,2,4,3,TRUE,"Up",TRUE,TRUE
"Vitvi14g01822","Rpv12+1",6,5,5,3,1,2,2,2,2,2,0,4,2,TRUE,"Up",TRUE,TRUE
"Vitvi14g02663","Rpv12+1",6,5,5,3,1,2,2,2,2,2,2,4,4,TRUE,"Up",TRUE,TRUE
"Vitvi14g02707","Rpv12+1",6,5,5,3,1,2,2,2,2,2,0,4,1,TRUE,"Up",TRUE,TRUE
"Vitvi14g02857","Rpv12+1",6,5,4,3,1,2,2,2,1,2,0,4,4,TRUE,"Down",TRUE,TRUE
"Vitvi14g02869","Rpv12+1",6,5,5,3,1,2,2,2,2,2,1,4,2,TRUE,"Down",TRUE,TRUE
"Vitvi14g03092","Rpv12+1",6,5,4,3,1,2,2,2,1,2,0,4,2,TRUE,"Up",TRUE,TRUE
"Vitvi14g04255","Rpv12+1",6,5,5,3,1,2,2,2,2,2,1,4,3,TRUE,"Up",TRUE,TRUE
"Vitvi14g04416","Rpv12+1",6,5,5,3,1,2,2,2,2,2,1,4,4,TRUE,"Down",TRUE,TRUE
"Vitvi14g04449","Rpv12+1",6,5,5,3,1,2,2,2,2,2,1,4,2,TRUE,"Up",TRUE,TRUE
"Vitvi14g04450","Rpv12+1",6,5,5,3,1,2,2,2,2,2,0,4,2,TRUE,"Up",TRUE,TRUE
"Vitvi14g04475","Rpv12+1",6,5,5,3,1,2,2,2,2,2,0,4,0,TRUE,"Up",TRUE,TRUE
"Vitvi14g04673","Rpv12+1",6,5,5,3,1,2,2,2,2,2,0,4,2,TRUE,"Down",TRUE,TRUE
"Vitvi15g00071","Rpv12+1",6,5,5,3,1,2,2,2,2,2,0,4,4,TRUE,"Down",TRUE,TRUE
"Vitvi15g00835","Rpv12+1",6,5,4,3,1,2,2,2,1,2,1,4,2,TRUE,"Down",TRUE,TRUE
"Vitvi15g01247","Rpv12+1",6,5,5,3,1,2,2,2,2,2,1,4,3,TRUE,"Up",TRUE,TRUE
"Vitvi15g01483","Rpv12+1",6,5,5,3,1,2,2,2,2,2,1,4,3,TRUE,"Down",TRUE,TRUE
"Vitvi15g01574","Rpv12+1",6,5,5,3,1,2,2,2,2,2,2,4,3,TRUE,"Down",TRUE,TRUE
"Vitvi15g01687","Rpv12+1",6,5,5,3,1,2,2,2,2,2,0,4,2,TRUE,"Down",TRUE,TRUE
"Vitvi15g04150","Rpv12+1",6,5,4,3,1,2,2,2,1,2,2,4,4,TRUE,"Up",TRUE,TRUE
"Vitvi15g04365","Rpv12+1",6,5,5,3,1,2,2,2,2,2,1,4,3,TRUE,"Up",TRUE,TRUE
"Vitvi15g04378","Rpv12+1",6,5,5,3,1,2,2,2,2,2,1,4,3,TRUE,"Up",TRUE,TRUE
"Vitvi15g04379","Rpv12+1",6,5,5,3,1,2,2,2,2,2,1,4,3,TRUE,"Up",TRUE,TRUE
"Vitvi15g04598","Rpv12+1",6,5,4,3,1,2,2,2,1,2,0,4,3,TRUE,"Down",TRUE,TRUE
"Vitvi16g00041","Rpv12+1",6,5,5,3,1,2,2,2,2,2,2,4,3,TRUE,"Up",TRUE,TRUE
"Vitvi16g00170","Rpv12+1",6,5,4,3,1,2,2,2,1,2,0,4,4,TRUE,"Down",TRUE,TRUE
"Vitvi16g01081","Rpv12+1",6,5,5,3,1,2,2,2,2,2,0,4,2,TRUE,"Up",TRUE,TRUE
"Vitvi16g01542","Rpv12+1",6,5,4,3,1,2,2,2,1,2,0,4,2,TRUE,"Down",TRUE,TRUE
"Vitvi16g01733","Rpv12+1",6,5,5,3,1,2,2,2,2,2,2,4,3,TRUE,"Up",TRUE,TRUE
"Vitvi16g01796","Rpv12+1",6,5,4,3,1,2,2,2,1,2,0,4,0,TRUE,"Up",TRUE,TRUE
"Vitvi16g04012","Rpv12+1",6,5,5,3,1,2,2,2,2,2,2,4,3,TRUE,"Up",TRUE,TRUE
"Vitvi16g04191","Rpv12+1",6,5,5,3,1,2,2,2,2,2,0,4,0,TRUE,"Up",TRUE,TRUE
"Vitvi17g00102","Rpv12+1",6,5,4,3,1,2,2,2,1,2,0,4,3,TRUE,"Up",TRUE,TRUE
"Vitvi17g00340","Rpv12+1",6,5,4,3,1,2,2,2,1,2,0,4,2,TRUE,"Up",TRUE,TRUE
"Vitvi17g00405","Rpv12+1",6,5,5,3,1,2,2,2,2,2,0,4,3,TRUE,"Down",TRUE,TRUE
"Vitvi17g01015","Rpv12+1",6,5,5,3,1,2,2,2,2,2,0,4,2,TRUE,"Down",TRUE,TRUE
"Vitvi17g01380","Rpv12+1",6,5,5,3,1,2,2,2,2,2,1,4,3,TRUE,"Down",TRUE,TRUE
"Vitvi17g01496","Rpv12+1",6,5,5,3,1,2,2,2,2,2,0,4,3,TRUE,"Down",TRUE,TRUE
"Vitvi17g01554","Rpv12+1",6,5,4,3,1,2,2,2,1,2,0,4,2,TRUE,"Up",TRUE,TRUE
"Vitvi17g04034","Rpv12+1",6,5,5,3,1,2,2,2,2,2,0,4,2,TRUE,"Down",TRUE,TRUE
"Vitvi17g04093","Rpv12+1",6,5,5,3,1,2,2,2,2,2,1,4,2,TRUE,"Down",TRUE,TRUE
"Vitvi17g04097","Rpv12+1",6,5,5,3,1,2,2,2,2,2,1,4,3,TRUE,"Up",TRUE,TRUE
"Vitvi18g00020","Rpv12+1",6,5,4,3,1,2,2,2,1,2,0,4,2,TRUE,"Up",TRUE,TRUE
"Vitvi18g00427","Rpv12+1",6,5,4,3,1,2,2,2,1,2,0,4,2,TRUE,"Up",TRUE,TRUE
"Vitvi18g00878","Rpv12+1",6,5,5,3,1,2,2,2,2,2,1,4,2,TRUE,"Up",TRUE,TRUE
"Vitvi18g01959","Rpv12+1",6,5,5,3,1,2,2,2,2,2,2,4,3,TRUE,"Up",TRUE,TRUE
"Vitvi18g01980","Rpv12+1",6,5,5,3,1,2,2,2,2,2,2,4,4,TRUE,"Up",TRUE,TRUE
"Vitvi18g02139","Rpv12+1",6,5,4,3,1,2,2,2,1,2,0,4,4,TRUE,"Up",TRUE,TRUE
"Vitvi18g02428","Rpv12+1",6,5,5,3,1,2,2,2,2,2,0,4,3,TRUE,"Up",TRUE,TRUE
"Vitvi18g02490","Rpv12+1",6,5,5,3,1,2,2,2,2,2,0,4,2,TRUE,"Up",TRUE,TRUE
"Vitvi18g02494","Rpv12+1",6,5,4,3,1,2,2,2,1,2,0,4,2,TRUE,"Up",TRUE,TRUE
"Vitvi18g02663","Rpv12+1",6,5,5,3,1,2,2,2,2,2,0,4,3,TRUE,"Down",TRUE,TRUE
"Vitvi18g02695","Rpv12+1",6,5,5,3,1,2,2,2,2,2,1,4,3,TRUE,"Up",TRUE,TRUE
"Vitvi18g02819","Rpv12+1",6,5,5,3,1,2,2,2,2,2,1,4,3,TRUE,"Up",TRUE,TRUE
"Vitvi18g03054","Rpv12+1",6,5,4,3,1,2,2,2,1,2,0,4,2,TRUE,"Up",TRUE,TRUE
"Vitvi18g03383","Rpv12+1",6,5,5,3,1,2,2,2,2,2,1,4,3,TRUE,"Down",TRUE,TRUE
"Vitvi18g04003","Rpv12+1",6,5,5,3,1,2,2,2,2,2,1,4,2,TRUE,"Down",TRUE,TRUE
"Vitvi18g04176","Rpv12+1",6,5,5,3,1,2,2,2,2,2,1,4,3,TRUE,"Down",TRUE,TRUE
"Vitvi18g04440","Rpv12+1",6,5,5,3,1,2,2,2,2,2,1,4,2,TRUE,"Up",TRUE,TRUE
"Vitvi18g04551","Rpv12+1",6,5,5,3,1,2,2,2,2,2,2,4,2,TRUE,"Up",TRUE,TRUE
"Vitvi18g04555","Rpv12+1",6,5,4,3,1,2,2,2,1,2,0,4,3,TRUE,"Up",TRUE,TRUE
"Vitvi18g04642","Rpv12+1",6,5,5,3,1,2,2,2,2,2,1,4,3,TRUE,"Down",TRUE,TRUE
"Vitvi18g04643","Rpv12+1",6,5,5,3,1,2,2,2,2,2,1,4,2,TRUE,"Down",TRUE,TRUE
"Vitvi18g04646","Rpv12+1",6,5,5,3,1,2,2,2,2,2,1,4,3,TRUE,"Up",TRUE,TRUE
"Vitvi18g04660","Rpv12+1",6,5,5,3,1,2,2,2,2,2,2,4,3,TRUE,"Up",TRUE,TRUE
"Vitvi18g04739","Rpv12+1",6,5,5,3,1,2,2,2,2,2,0,4,2,TRUE,"Down",TRUE,TRUE
"Vitvi18g04748","Rpv12+1",6,5,5,3,1,2,2,2,2,2,0,4,0,TRUE,"Up",TRUE,TRUE
"Vitvi18g04749","Rpv12+1",6,5,5,3,1,2,2,2,2,2,1,4,2,TRUE,"Up",TRUE,TRUE
"Vitvi19g00166","Rpv12+1",6,5,5,3,1,2,2,2,2,2,0,4,2,TRUE,"Up",TRUE,TRUE
"Vitvi19g00174","Rpv12+1",6,5,4,3,1,2,2,2,1,2,0,4,4,TRUE,"Up",TRUE,TRUE
"Vitvi19g00177","Rpv12+1",6,5,5,3,1,2,2,2,2,2,1,4,3,TRUE,"Down",TRUE,TRUE
"Vitvi19g00214","Rpv12+1",6,5,5,3,1,2,2,2,2,2,1,4,2,TRUE,"Down",TRUE,TRUE
"Vitvi19g00255","Rpv12+1",6,5,4,3,1,2,2,2,1,2,0,4,2,TRUE,"Up",TRUE,TRUE
"Vitvi19g00339","Rpv12+1",6,5,4,3,1,2,2,2,1,2,0,4,2,TRUE,"Up",TRUE,TRUE
"Vitvi19g01851","Rpv12+1",6,5,5,3,1,2,2,2,2,2,0,4,2,TRUE,"Down",TRUE,TRUE
"Vitvi19g02303","Rpv12+1",6,5,4,3,1,2,2,2,1,2,0,4,2,TRUE,"Down",TRUE,TRUE
"Vitvi19g02309","Rpv12+1",6,5,5,3,1,2,2,2,2,2,1,4,2,TRUE,"Down",TRUE,TRUE
"Vitvi19g04006","Rpv12+1",6,5,5,3,1,2,2,2,2,2,1,4,3,TRUE,"Up",TRUE,TRUE
"Vitvi19g04027","Rpv12+1",6,5,4,3,1,2,2,2,1,2,0,4,2,TRUE,"Up",TRUE,TRUE
"Vitvi19g04070","Rpv12+1",6,5,4,3,1,2,2,2,1,2,0,4,3,TRUE,"Up",TRUE,TRUE
"Vitvi19g04074","Rpv12+1",6,5,5,3,1,2,2,2,2,2,0,4,2,TRUE,"Up",TRUE,TRUE
"Vitvi19g04075","Rpv12+1",6,5,5,3,1,2,2,2,2,2,0,4,0,TRUE,"Up",TRUE,TRUE
"Vitvi19g04102","Rpv12+1",6,5,5,3,1,2,2,2,2,2,0,4,2,TRUE,"Down",TRUE,TRUE
"Vitvi19g04259","Rpv12+1",6,5,5,3,1,2,2,2,2,2,1,4,3,TRUE,"Down",TRUE,TRUE
"Vitvi19g04541","Rpv12+1",6,5,5,3,1,2,2,2,2,2,0,4,0,TRUE,"Up",TRUE,TRUE
"Vitvi19g04582","Rpv12+1",6,5,5,3,1,2,2,2,2,2,0,4,3,TRUE,"Down",TRUE,TRUE
"Vitvi00g00447","Rpv12+1",24,5,4,3,1,2,2,2,1,2,0,4,0,TRUE,"Down",TRUE,TRUE
"Vitvi00g04251","Rpv12+1",24,5,4,3,1,2,2,2,1,2,0,4,0,TRUE,"Up",TRUE,TRUE
"Vitvi00g04275","Rpv12+1",24,5,5,3,1,2,2,2,2,2,1,4,3,TRUE,"Down",TRUE,TRUE
"Vitvi00g04313","Rpv12+1",24,5,5,3,1,2,2,2,2,2,2,4,2,TRUE,"Up",TRUE,TRUE
"Vitvi00g04449","Rpv12+1",24,5,5,3,1,2,2,2,2,2,2,4,2,TRUE,"Up",TRUE,TRUE
"Vitvi00g04498","Rpv12+1",24,5,4,3,1,2,2,2,1,2,0,4,0,TRUE,"Down",TRUE,TRUE
"Vitvi00g04500","Rpv12+1",24,5,5,3,1,2,2,2,2,2,2,4,2,TRUE,"Down",TRUE,TRUE
"Vitvi00g04501","Rpv12+1",24,5,4,3,1,2,2,2,1,2,0,4,2,TRUE,"Down",TRUE,TRUE
"Vitvi00g04508","Rpv12+1",24,5,5,3,1,2,2,2,2,2,0,4,2,TRUE,"Down",TRUE,TRUE
"Vitvi00g04509","Rpv12+1",24,5,5,3,1,2,2,2,2,2,0,4,0,TRUE,"Down",TRUE,TRUE
"Vitvi00g04555","Rpv12+1",24,5,4,3,1,2,2,2,1,2,0,4,2,TRUE,"Down",TRUE,TRUE
"Vitvi00g04598","Rpv12+1",24,5,5,3,1,2,2,2,2,2,0,4,2,TRUE,"Up",TRUE,TRUE
"Vitvi00g04634","Rpv12+1",24,5,5,3,1,2,2,2,2,2,1,4,2,TRUE,"Down",TRUE,TRUE
"Vitvi00g04671","Rpv12+1",24,5,4,3,1,2,2,2,1,2,0,4,2,TRUE,"Down",TRUE,TRUE
"Vitvi00g04704","Rpv12+1",24,5,5,3,1,2,2,2,2,2,2,4,2,TRUE,"Up",TRUE,TRUE
"Vitvi00g04706","Rpv12+1",24,5,5,3,1,2,2,2,2,2,0,4,2,TRUE,"Up",TRUE,TRUE
"Vitvi00g04707","Rpv12+1",24,5,4,3,1,2,2,2,1,2,0,4,2,TRUE,"Up",TRUE,TRUE
"Vitvi00g04709","Rpv12+1",24,5,4,3,1,2,2,2,1,2,0,4,2,TRUE,"Down",TRUE,TRUE
"Vitvi00g04728","Rpv12+1",24,5,5,3,1,2,2,2,2,2,2,4,3,TRUE,"Down",TRUE,TRUE
"Vitvi00g04731","Rpv12+1",24,5,4,3,1,2,2,2,1,2,0,4,2,TRUE,"Down",TRUE,TRUE
"Vitvi00g04737","Rpv12+1",24,5,5,3,1,2,2,2,2,2,2,4,3,TRUE,"Down",TRUE,TRUE
"Vitvi00g04747","Rpv12+1",24,5,5,3,1,2,2,2,2,2,0,4,2,TRUE,"Down",TRUE,TRUE
"Vitvi00g04752","Rpv12+1",24,5,4,3,1,2,2,2,1,2,1,4,2,TRUE,"Up",TRUE,TRUE
"Vitvi01g00083","Rpv12+1",24,5,5,3,1,2,2,2,2,2,2,4,3,TRUE,"Down",TRUE,TRUE
"Vitvi01g00088","Rpv12+1",24,5,5,3,1,2,2,2,2,2,0,4,2,TRUE,"Down",TRUE,TRUE
"Vitvi01g00271","Rpv12+1",24,5,5,3,1,2,2,2,2,2,2,4,2,TRUE,"Up",TRUE,TRUE
"Vitvi01g00347","Rpv12+1",24,5,4,3,1,2,2,2,1,2,0,4,1,TRUE,"Down",TRUE,TRUE
"Vitvi01g00557","Rpv12+1",24,5,5,3,1,2,2,2,2,2,0,4,2,TRUE,"Down",TRUE,TRUE
"Vitvi01g00558","Rpv12+1",24,5,5,3,1,2,2,2,2,2,0,4,2,TRUE,"Down",TRUE,TRUE
"Vitvi01g00655","Rpv12+1",24,5,4,3,1,2,2,2,1,2,0,4,2,TRUE,"Down",TRUE,TRUE
"Vitvi01g00687","Rpv12+1",24,5,4,3,1,2,2,2,1,2,0,4,2,TRUE,"Down",TRUE,TRUE
"Vitvi01g00812","Rpv12+1",24,5,5,3,1,2,2,2,2,2,1,4,2,TRUE,"Down",TRUE,TRUE
"Vitvi01g01027","Rpv12+1",24,5,4,3,1,2,2,2,1,2,0,4,2,TRUE,"Down",TRUE,TRUE
"Vitvi01g01037","Rpv12+1",24,5,4,3,1,2,2,2,1,2,0,4,0,TRUE,"Up",TRUE,TRUE
"Vitvi01g01355","Rpv12+1",24,5,5,3,1,2,2,2,2,2,2,4,2,TRUE,"Down",TRUE,TRUE
"Vitvi01g01537","Rpv12+1",24,5,5,3,1,2,2,2,2,2,0,4,2,TRUE,"Down",TRUE,TRUE
"Vitvi01g01611","Rpv12+1",24,5,5,3,1,2,2,2,2,2,2,4,2,TRUE,"Down",TRUE,TRUE
"Vitvi01g01751","Rpv12+1",24,5,5,3,1,2,2,2,2,2,2,4,3,TRUE,"Down",TRUE,TRUE
"Vitvi01g01852","Rpv12+1",24,5,5,3,1,2,2,2,2,2,2,4,2,TRUE,"Down",TRUE,TRUE
"Vitvi01g01881","Rpv12+1",24,5,5,3,1,2,2,2,2,2,1,4,2,TRUE,"Up",TRUE,TRUE
"Vitvi01g01944","Rpv12+1",24,5,4,3,1,2,2,2,1,2,0,4,2,TRUE,"Down",TRUE,TRUE
"Vitvi01g01990","Rpv12+1",24,5,5,3,1,2,2,2,2,2,2,4,2,TRUE,"Down",TRUE,TRUE
"Vitvi01g02003","Rpv12+1",24,5,4,3,1,2,2,2,1,2,0,4,2,TRUE,"Up",TRUE,TRUE
"Vitvi01g02047","Rpv12+1",24,5,5,3,1,2,2,2,2,2,2,4,2,TRUE,"Up",TRUE,TRUE
"Vitvi01g02060","Rpv12+1",24,5,4,3,1,2,2,2,1,2,0,4,2,TRUE,"Up",TRUE,TRUE
"Vitvi01g02061","Rpv12+1",24,5,4,3,1,2,2,2,1,2,0,4,2,TRUE,"Up",TRUE,TRUE
"Vitvi01g02242","Rpv12+1",24,5,5,3,1,2,2,2,2,2,2,4,3,TRUE,"Down",TRUE,TRUE
"Vitvi01g02254","Rpv12+1",24,5,4,3,1,2,2,2,1,2,2,4,2,TRUE,"Down",TRUE,TRUE
"Vitvi01g04002","Rpv12+1",24,5,4,3,1,2,2,2,1,2,0,4,2,TRUE,"Up",TRUE,TRUE
"Vitvi01g04028","Rpv12+1",24,5,5,3,1,2,2,2,2,2,0,4,1,TRUE,"Up",TRUE,TRUE
"Vitvi01g04079","Rpv12+1",24,5,5,3,1,2,2,2,2,2,2,4,2,TRUE,"Down",TRUE,TRUE
"Vitvi01g04132","Rpv12+1",24,5,5,3,1,2,2,2,2,2,2,4,2,TRUE,"Up",TRUE,TRUE
"Vitvi01g04170","Rpv12+1",24,5,5,3,1,2,2,2,2,2,1,4,2,TRUE,"Up",TRUE,TRUE
"Vitvi01g04191","Rpv12+1",24,5,5,3,1,2,2,2,2,2,2,4,2,TRUE,"Up",TRUE,TRUE
"Vitvi01g04206","Rpv12+1",24,5,4,3,1,2,2,2,1,2,0,4,0,TRUE,"Up",TRUE,TRUE
"Vitvi01g04207","Rpv12+1",24,5,5,3,1,2,2,2,2,2,2,4,3,TRUE,"Up",TRUE,TRUE
"Vitvi01g04283","Rpv12+1",24,5,4,3,1,2,2,2,1,2,0,4,2,TRUE,"Down",TRUE,TRUE
"Vitvi01g04317","Rpv12+1",24,5,4,3,1,2,2,2,1,2,0,4,2,TRUE,"Up",TRUE,TRUE
"Vitvi01g04413","Rpv12+1",24,5,4,3,1,2,2,2,1,2,0,4,2,TRUE,"Down",TRUE,TRUE
"Vitvi01g04423","Rpv12+1",24,5,5,3,1,2,2,2,2,2,1,4,3,TRUE,"Down",TRUE,TRUE
"Vitvi01g04428","Rpv12+1",24,5,5,3,1,2,2,2,2,2,2,4,2,TRUE,"Down",TRUE,TRUE
"Vitvi01g04436","Rpv12+1",24,5,4,3,1,2,2,2,1,2,0,4,0,TRUE,"Up",TRUE,TRUE
"Vitvi02g00056","Rpv12+1",24,5,4,3,1,2,2,2,1,2,0,4,1,TRUE,"Up",TRUE,TRUE
"Vitvi02g00086","Rpv12+1",24,5,5,3,1,2,2,2,2,2,0,4,2,TRUE,"Down",TRUE,TRUE
"Vitvi02g00096","Rpv12+1",24,5,5,3,1,2,2,2,2,2,0,4,2,TRUE,"Up",TRUE,TRUE
"Vitvi02g00167","Rpv12+1",24,5,4,3,1,2,2,2,1,2,0,4,0,TRUE,"Down",TRUE,TRUE
"Vitvi02g00378","Rpv12+1",24,5,5,3,1,2,2,2,2,2,1,4,2,TRUE,"Up",TRUE,TRUE
"Vitvi02g00391","Rpv12+1",24,5,5,3,1,2,2,2,2,2,1,4,2,TRUE,"Down",TRUE,TRUE
"Vitvi02g00393","Rpv12+1",24,5,5,3,1,2,2,2,2,2,2,4,2,TRUE,"Down",TRUE,TRUE
"Vitvi02g00575","Rpv12+1",24,5,4,3,1,2,2,2,1,2,0,4,2,TRUE,"Up",TRUE,TRUE
"Vitvi02g00666","Rpv12+1",24,5,5,3,1,2,2,2,2,2,0,4,2,TRUE,"Up",TRUE,TRUE
"Vitvi02g01003","Rpv12+1",24,5,5,3,1,2,2,2,2,2,0,4,2,TRUE,"Up",TRUE,TRUE
"Vitvi02g01004","Rpv12+1",24,5,5,3,1,2,2,2,2,2,0,4,2,TRUE,"Up",TRUE,TRUE
"Vitvi02g01167","Rpv12+1",24,5,4,3,1,2,2,2,1,2,0,4,2,TRUE,"Down",TRUE,TRUE
"Vitvi02g01179","Rpv12+1",24,5,5,3,1,2,2,2,2,2,0,4,2,TRUE,"Up",TRUE,TRUE
"Vitvi02g01403","Rpv12+1",24,5,4,3,1,2,2,2,1,2,2,4,2,TRUE,"Down",TRUE,TRUE
"Vitvi02g01404","Rpv12+1",24,5,5,3,1,2,2,2,2,2,2,4,2,TRUE,"Down",TRUE,TRUE
"Vitvi02g01405","Rpv12+1",24,5,5,3,1,2,2,2,2,2,2,4,2,TRUE,"Down",TRUE,TRUE
"Vitvi02g01406","Rpv12+1",24,5,5,3,1,2,2,2,2,2,2,4,2,TRUE,"Down",TRUE,TRUE
"Vitvi02g01411","Rpv12+1",24,5,5,3,1,2,2,2,2,2,1,4,2,TRUE,"Down",TRUE,TRUE
"Vitvi02g01526","Rpv12+1",24,5,5,3,1,2,2,2,2,2,1,4,2,TRUE,"Up",TRUE,TRUE
"Vitvi02g01577","Rpv12+1",24,5,4,3,1,2,2,2,1,2,0,4,0,TRUE,"Up",TRUE,TRUE
"Vitvi02g01621","Rpv12+1",24,5,4,3,1,2,2,2,1,2,0,4,2,TRUE,"Up",TRUE,TRUE
"Vitvi02g01640","Rpv12+1",24,5,4,3,1,2,2,2,1,2,0,4,2,TRUE,"Down",TRUE,TRUE
"Vitvi02g04092","Rpv12+1",24,5,5,3,1,2,2,2,2,2,2,4,2,TRUE,"Down",TRUE,TRUE
"Vitvi02g04120","Rpv12+1",24,5,4,3,1,2,2,2,1,2,0,4,2,TRUE,"Down",TRUE,TRUE
"Vitvi02g04204","Rpv12+1",24,5,4,3,1,2,2,2,1,2,0,4,2,TRUE,"Up",TRUE,TRUE
"Vitvi02g04347","Rpv12+1",24,5,4,3,1,2,2,2,1,2,0,4,2,TRUE,"Up",TRUE,TRUE
"Vitvi03g00119","Rpv12+1",24,5,5,3,1,2,2,2,2,2,0,4,2,TRUE,"Up",TRUE,TRUE
"Vitvi03g00353","Rpv12+1",24,5,4,3,1,2,2,2,1,2,2,4,2,TRUE,"Up",TRUE,TRUE
"Vitvi03g00354","Rpv12+1",24,5,4,3,1,2,2,2,1,2,0,4,2,TRUE,"Up",TRUE,TRUE
"Vitvi03g00379","Rpv12+1",24,5,4,3,1,2,2,2,1,2,0,4,2,TRUE,"Up",TRUE,TRUE
"Vitvi03g00433","Rpv12+1",24,5,4,3,1,2,2,2,1,2,0,4,2,TRUE,"Up",TRUE,TRUE
"Vitvi03g00557","Rpv12+1",24,5,5,3,1,2,2,2,2,2,1,4,2,TRUE,"Down",TRUE,TRUE
"Vitvi03g00610","Rpv12+1",24,5,5,3,1,2,2,2,2,2,1,4,2,TRUE,"Up",TRUE,TRUE
"Vitvi03g00661","Rpv12+1",24,5,5,3,1,2,2,2,2,2,0,4,2,TRUE,"Up",TRUE,TRUE
"Vitvi03g00841","Rpv12+1",24,5,5,3,1,2,2,2,2,2,0,4,2,TRUE,"Down",TRUE,TRUE
"Vitvi03g00886","Rpv12+1",24,5,4,3,1,2,2,2,1,2,1,4,2,TRUE,"Up",TRUE,TRUE
"Vitvi03g01084","Rpv12+1",24,5,5,3,1,2,2,2,2,2,0,4,2,TRUE,"Down",TRUE,TRUE
"Vitvi03g01213","Rpv12+1",24,5,4,3,1,2,2,2,1,2,2,4,2,TRUE,"Down",TRUE,TRUE
"Vitvi03g01258","Rpv12+1",24,5,4,3,1,2,2,2,1,2,0,4,2,TRUE,"Up",TRUE,TRUE
"Vitvi03g01292","Rpv12+1",24,5,4,3,1,2,2,2,1,2,0,4,2,TRUE,"Up",TRUE,TRUE
"Vitvi03g01597","Rpv12+1",24,5,4,3,1,2,2,2,1,2,0,4,2,TRUE,"Down",TRUE,TRUE
"Vitvi03g01621","Rpv12+1",24,5,4,3,1,2,2,2,1,2,1,4,2,TRUE,"Down",TRUE,TRUE
"Vitvi03g01695","Rpv12+1",24,5,4,3,1,2,2,2,1,2,0,4,0,TRUE,"Up",TRUE,TRUE
"Vitvi03g04047","Rpv12+1",24,5,4,3,1,2,2,2,1,2,0,4,2,TRUE,"Up",TRUE,TRUE
"Vitvi03g04050","Rpv12+1",24,5,5,3,1,2,2,2,2,2,2,4,2,TRUE,"Up",TRUE,TRUE
"Vitvi03g04143","Rpv12+1",24,5,4,3,1,2,2,2,1,2,0,4,2,TRUE,"Up",TRUE,TRUE
"Vitvi03g04163","Rpv12+1",24,5,5,3,1,2,2,2,2,2,2,4,2,TRUE,"Up",TRUE,TRUE
"Vitvi03g04196","Rpv12+1",24,5,5,3,1,2,2,2,2,2,2,4,2,TRUE,"Up",TRUE,TRUE
"Vitvi03g04267","Rpv12+1",24,5,4,3,1,2,2,2,1,2,0,4,0,TRUE,"Up",TRUE,TRUE
"Vitvi03g04291","Rpv12+1",24,5,4,3,1,2,2,2,1,2,0,4,2,TRUE,"Up",TRUE,TRUE
"Vitvi03g04299","Rpv12+1",24,5,4,3,1,2,2,2,1,2,0,4,3,TRUE,"Up",TRUE,TRUE
"Vitvi03g04393","Rpv12+1",24,5,5,3,1,2,2,2,2,2,0,4,1,TRUE,"Down",TRUE,TRUE
"Vitvi03g04400","Rpv12+1",24,5,5,3,1,2,2,2,2,2,2,4,2,TRUE,"Up",TRUE,TRUE
"Vitvi03g04450","Rpv12+1",24,5,5,3,1,2,2,2,2,2,2,4,2,TRUE,"Down",TRUE,TRUE
"Vitvi03g04455","Rpv12+1",24,5,4,3,1,2,2,2,1,2,0,4,2,TRUE,"Up",TRUE,TRUE
"Vitvi03g04466","Rpv12+1",24,5,5,3,1,2,2,2,2,2,2,4,2,TRUE,"Up",TRUE,TRUE
"Vitvi04g00259","Rpv12+1",24,5,4,3,1,2,2,2,1,2,0,4,2,TRUE,"Down",TRUE,TRUE
"Vitvi04g00760","Rpv12+1",24,5,4,3,1,2,2,2,1,2,0,4,2,TRUE,"Down",TRUE,TRUE
"Vitvi04g00958","Rpv12+1",24,5,5,3,1,2,2,2,2,2,1,4,2,TRUE,"Down",TRUE,TRUE
"Vitvi04g01233","Rpv12+1",24,5,5,3,1,2,2,2,2,2,2,4,2,TRUE,"Down",TRUE,TRUE
"Vitvi04g01325","Rpv12+1",24,5,5,3,1,2,2,2,2,2,2,4,3,TRUE,"Down",TRUE,TRUE
"Vitvi04g01375","Rpv12+1",24,5,5,3,1,2,2,2,2,2,2,4,3,TRUE,"Down",TRUE,TRUE
"Vitvi04g01941","Rpv12+1",24,5,5,3,1,2,2,2,2,2,2,4,2,TRUE,"Down",TRUE,TRUE
"Vitvi04g02153","Rpv12+1",24,5,4,3,1,2,2,2,1,2,0,4,2,TRUE,"Up",TRUE,TRUE
"Vitvi04g02205","Rpv12+1",24,5,5,3,1,2,2,2,2,2,0,4,2,TRUE,"Down",TRUE,TRUE
"Vitvi04g02221","Rpv12+1",24,5,4,3,1,2,2,2,1,2,0,4,2,TRUE,"Down",TRUE,TRUE
"Vitvi04g02226","Rpv12+1",24,5,5,3,1,2,2,2,2,2,2,4,2,TRUE,"Down",TRUE,TRUE
"Vitvi04g04006","Rpv12+1",24,5,4,3,1,2,2,2,1,2,0,4,0,TRUE,"Down",TRUE,TRUE
"Vitvi04g04007","Rpv12+1",24,5,4,3,1,2,2,2,1,2,0,4,2,TRUE,"Up",TRUE,TRUE
"Vitvi04g04009","Rpv12+1",24,5,5,3,1,2,2,2,2,2,2,4,2,TRUE,"Down",TRUE,TRUE
"Vitvi04g04010","Rpv12+1",24,5,5,3,1,2,2,2,2,2,2,4,2,TRUE,"Down",TRUE,TRUE
"Vitvi04g04011","Rpv12+1",24,5,5,3,1,2,2,2,2,2,1,4,2,TRUE,"Down",TRUE,TRUE
"Vitvi04g04012","Rpv12+1",24,5,5,3,1,2,2,2,2,2,2,4,2,TRUE,"Up",TRUE,TRUE
"Vitvi04g04018","Rpv12+1",24,5,5,3,1,2,2,2,2,2,1,4,2,TRUE,"Up",TRUE,TRUE
"Vitvi04g04175","Rpv12+1",24,5,5,3,1,2,2,2,2,2,0,4,2,TRUE,"Down",TRUE,TRUE
"Vitvi04g04191","Rpv12+1",24,5,5,3,1,2,2,2,2,2,0,4,2,TRUE,"Up",TRUE,TRUE
"Vitvi04g04232","Rpv12+1",24,5,5,3,1,2,2,2,2,2,2,4,2,TRUE,"Up",TRUE,TRUE
"Vitvi04g04291","Rpv12+1",24,5,4,3,1,2,2,2,1,2,0,4,0,TRUE,"Down",TRUE,TRUE
"Vitvi04g04448","Rpv12+1",24,5,5,3,1,2,2,2,2,2,0,4,2,TRUE,"Up",TRUE,TRUE
"Vitvi05g00198","Rpv12+1",24,5,5,3,1,2,2,2,2,2,2,4,2,TRUE,"Up",TRUE,TRUE
"Vitvi05g00261","Rpv12+1",24,5,4,3,1,2,2,2,1,2,0,4,2,TRUE,"Down",TRUE,TRUE
"Vitvi05g00381","Rpv12+1",24,5,5,3,1,2,2,2,2,2,1,4,2,TRUE,"Down",TRUE,TRUE
"Vitvi05g00468","Rpv12+1",24,5,4,3,1,2,2,2,1,2,0,4,2,TRUE,"Down",TRUE,TRUE
"Vitvi05g00582","Rpv12+1",24,5,5,3,1,2,2,2,2,2,0,4,2,TRUE,"Down",TRUE,TRUE
"Vitvi05g01044","Rpv12+1",24,5,4,3,1,2,2,2,1,2,0,4,2,TRUE,"Down",TRUE,TRUE
"Vitvi05g01116","Rpv12+1",24,5,5,3,1,2,2,2,2,2,1,4,2,TRUE,"Up",TRUE,TRUE
"Vitvi05g01159","Rpv12+1",24,5,5,3,1,2,2,2,2,2,1,4,2,TRUE,"Up",TRUE,TRUE
"Vitvi05g01337","Rpv12+1",24,5,5,3,1,2,2,2,2,2,0,4,2,TRUE,"Up",TRUE,TRUE
"Vitvi05g01353","Rpv12+1",24,5,4,3,1,2,2,2,1,2,0,4,2,TRUE,"Down",TRUE,TRUE
"Vitvi05g01435","Rpv12+1",24,5,4,3,1,2,2,2,1,2,1,4,2,TRUE,"Up",TRUE,TRUE
"Vitvi05g01522","Rpv12+1",24,5,5,3,1,2,2,2,2,2,0,4,2,TRUE,"Down",TRUE,TRUE
"Vitvi05g01528","Rpv12+1",24,5,4,3,1,2,2,2,1,2,0,4,0,TRUE,"Up",TRUE,TRUE
"Vitvi05g01672","Rpv12+1",24,5,4,3,1,2,2,2,1,2,0,4,2,TRUE,"Up",TRUE,TRUE
"Vitvi05g01742","Rpv12+1",24,5,5,3,1,2,2,2,2,2,0,4,2,TRUE,"Down",TRUE,TRUE
"Vitvi05g01819","Rpv12+1",24,5,4,3,1,2,2,2,1,2,2,4,2,TRUE,"Up",TRUE,TRUE
"Vitvi05g01874","Rpv12+1",24,5,5,3,1,2,2,2,2,2,1,4,2,TRUE,"Up",TRUE,TRUE
"Vitvi05g01924","Rpv12+1",24,5,4,3,1,2,2,2,1,2,0,4,2,TRUE,"Down",TRUE,TRUE
"Vitvi05g01991","Rpv12+1",24,5,5,3,1,2,2,2,2,2,0,4,2,TRUE,"Down",TRUE,TRUE
"Vitvi05g02197","Rpv12+1",24,5,4,3,1,2,2,2,1,2,0,4,1,TRUE,"Up",TRUE,TRUE
"Vitvi05g02221","Rpv12+1",24,5,5,3,1,2,2,2,2,2,0,4,2,TRUE,"Down",TRUE,TRUE
"Vitvi05g02232","Rpv12+1",24,5,5,3,1,2,2,2,2,2,2,4,2,TRUE,"Down",TRUE,TRUE
"Vitvi05g02233","Rpv12+1",24,5,5,3,1,2,2,2,2,2,0,4,2,TRUE,"Down",TRUE,TRUE
"Vitvi05g02234","Rpv12+1",24,5,5,3,1,2,2,2,2,2,2,4,2,TRUE,"Down",TRUE,TRUE
"Vitvi05g02235","Rpv12+1",24,5,5,3,1,2,2,2,2,2,0,4,2,TRUE,"Down",TRUE,TRUE
"Vitvi05g02253","Rpv12+1",24,5,4,3,1,2,2,2,1,2,0,4,2,TRUE,"Up",TRUE,TRUE
"Vitvi05g04029","Rpv12+1",24,5,5,3,1,2,2,2,2,2,0,4,2,TRUE,"Up",TRUE,TRUE
"Vitvi05g04059","Rpv12+1",24,5,4,3,1,2,2,2,1,2,0,4,1,TRUE,"Up",TRUE,TRUE
"Vitvi05g04067","Rpv12+1",24,5,5,3,1,2,2,2,2,2,0,4,0,TRUE,"Up",TRUE,TRUE
"Vitvi05g04091","Rpv12+1",24,5,5,3,1,2,2,2,2,2,0,4,2,TRUE,"Down",TRUE,TRUE
"Vitvi05g04232","Rpv12+1",24,5,5,3,1,2,2,2,2,2,2,4,2,TRUE,"Down",TRUE,TRUE
"Vitvi05g04293","Rpv12+1",24,5,4,3,1,2,2,2,1,2,0,4,1,TRUE,"Up",TRUE,TRUE
"Vitvi05g04312","Rpv12+1",24,5,4,3,1,2,2,2,1,2,0,4,2,TRUE,"Up",TRUE,TRUE
"Vitvi05g04410","Rpv12+1",24,5,5,3,1,2,2,2,2,2,0,4,2,TRUE,"Down",TRUE,TRUE
"Vitvi05g04471","Rpv12+1",24,5,4,3,1,2,2,2,1,2,0,4,0,TRUE,"Up",TRUE,TRUE
"Vitvi05g04474","Rpv12+1",24,5,4,3,1,2,2,2,1,2,0,4,0,TRUE,"Up",TRUE,TRUE
"Vitvi05g04487","Rpv12+1",24,5,5,3,1,2,2,2,2,2,2,4,2,TRUE,"Down",TRUE,TRUE
"Vitvi05g04493","Rpv12+1",24,5,5,3,1,2,2,2,2,2,1,4,2,TRUE,"Down",TRUE,TRUE
"Vitvi05g04494","Rpv12+1",24,5,5,3,1,2,2,2,2,2,2,4,2,TRUE,"Down",TRUE,TRUE
"Vitvi05g04505","Rpv12+1",24,5,5,3,1,2,2,2,2,2,1,4,2,TRUE,"Down",TRUE,TRUE
"Vitvi05g04506","Rpv12+1",24,5,5,3,1,2,2,2,2,2,2,4,2,TRUE,"Down",TRUE,TRUE
"Vitvi06g00016","Rpv12+1",24,5,5,3,1,2,2,2,2,2,2,4,2,TRUE,"Up",TRUE,TRUE
"Vitvi06g00037","Rpv12+1",24,5,4,3,1,2,2,2,1,2,0,4,2,TRUE,"Down",TRUE,TRUE
"Vitvi06g00039","Rpv12+1",24,5,4,3,1,2,2,2,1,2,0,4,2,TRUE,"Down",TRUE,TRUE
"Vitvi06g00090","Rpv12+1",24,5,4,3,1,2,2,2,1,2,0,4,0,TRUE,"Up",TRUE,TRUE
"Vitvi06g00096","Rpv12+1",24,5,4,3,1,2,2,2,1,2,0,4,2,TRUE,"Up",TRUE,TRUE
"Vitvi06g00796","Rpv12+1",24,5,5,3,1,2,2,2,2,2,0,4,0,TRUE,"Down",TRUE,TRUE
"Vitvi06g00978","Rpv12+1",24,5,5,3,1,2,2,2,2,2,0,4,1,TRUE,"Down",TRUE,TRUE
"Vitvi06g01097","Rpv12+1",24,5,5,3,1,2,2,2,2,2,1,4,2,TRUE,"Down",TRUE,TRUE
"Vitvi06g01100","Rpv12+1",24,5,5,3,1,2,2,2,2,2,1,4,2,TRUE,"Down",TRUE,TRUE
"Vitvi06g01598","Rpv12+1",24,5,4,3,1,2,2,2,1,2,0,4,2,TRUE,"Down",TRUE,TRUE
"Vitvi06g01601","Rpv12+1",24,5,4,3,1,2,2,2,1,2,0,4,2,TRUE,"Down",TRUE,TRUE
"Vitvi06g01603","Rpv12+1",24,5,5,3,1,2,2,2,2,2,2,4,2,TRUE,"Down",TRUE,TRUE
"Vitvi06g01637","Rpv12+1",24,5,4,3,1,2,2,2,1,2,0,4,2,TRUE,"Down",TRUE,TRUE
"Vitvi06g01725","Rpv12+1",24,5,5,3,1,2,2,2,2,2,1,4,2,TRUE,"Down",TRUE,TRUE
"Vitvi06g01917","Rpv12+1",24,5,4,3,1,2,2,2,1,2,0,4,2,TRUE,"Down",TRUE,TRUE
"Vitvi06g01944","Rpv12+1",24,5,5,3,1,2,2,2,2,2,1,4,2,TRUE,"Down",TRUE,TRUE
"Vitvi06g04048","Rpv12+1",24,5,5,3,1,2,2,2,2,2,1,4,2,TRUE,"Up",TRUE,TRUE
"Vitvi06g04156","Rpv12+1",24,5,4,3,1,2,2,2,1,2,1,4,2,TRUE,"Up",TRUE,TRUE
"Vitvi06g04173","Rpv12+1",24,5,5,3,1,2,2,2,2,2,1,4,2,TRUE,"Down",TRUE,TRUE
"Vitvi06g04231","Rpv12+1",24,5,4,3,1,2,2,2,1,2,0,4,1,TRUE,"Up",TRUE,TRUE
"Vitvi06g04249","Rpv12+1",24,5,5,3,1,2,2,2,2,2,2,4,2,TRUE,"Down",TRUE,TRUE
"Vitvi06g04250","Rpv12+1",24,5,5,3,1,2,2,2,2,2,2,4,3,TRUE,"Down",TRUE,TRUE
"Vitvi06g04257","Rpv12+1",24,5,5,3,1,2,2,2,2,2,0,4,2,TRUE,"Down",TRUE,TRUE
"Vitvi07g00237","Rpv12+1",24,5,5,3,1,2,2,2,2,2,0,4,2,TRUE,"Up",TRUE,TRUE
"Vitvi07g00383","Rpv12+1",24,5,5,3,1,2,2,2,2,2,2,4,2,TRUE,"Down",TRUE,TRUE
"Vitvi07g00664","Rpv12+1",24,5,5,3,1,2,2,2,2,2,1,4,2,TRUE,"Down",TRUE,TRUE
"Vitvi07g00807","Rpv12+1",24,5,4,3,1,2,2,2,1,2,2,4,2,TRUE,"Up",TRUE,TRUE
"Vitvi07g00814","Rpv12+1",24,5,4,3,1,2,2,2,1,2,1,4,2,TRUE,"Up",TRUE,TRUE
"Vitvi07g00890","Rpv12+1",24,5,5,3,1,2,2,2,2,2,2,4,2,TRUE,"Down",TRUE,TRUE
"Vitvi07g01097","Rpv12+1",24,5,5,3,1,2,2,2,2,2,1,4,2,TRUE,"Down",TRUE,TRUE
"Vitvi07g01718","Rpv12+1",24,5,5,3,1,2,2,2,2,2,1,4,2,TRUE,"Up",TRUE,TRUE
"Vitvi07g01719","Rpv12+1",24,5,4,3,1,2,2,2,1,2,0,4,2,TRUE,"Up",TRUE,TRUE
"Vitvi07g01847","Rpv12+1",24,5,4,3,1,2,2,2,1,2,0,4,2,TRUE,"Down",TRUE,TRUE
"Vitvi07g01990","Rpv12+1",24,5,4,3,1,2,2,2,1,2,0,4,2,TRUE,"Down",TRUE,TRUE
"Vitvi07g02000","Rpv12+1",24,5,4,3,1,2,2,2,1,2,0,4,2,TRUE,"Down",TRUE,TRUE
"Vitvi07g02094","Rpv12+1",24,5,5,3,1,2,2,2,2,2,0,4,2,TRUE,"Down",TRUE,TRUE
"Vitvi07g02323","Rpv12+1",24,5,5,3,1,2,2,2,2,2,2,4,2,TRUE,"Down",TRUE,TRUE
"Vitvi07g02402","Rpv12+1",24,5,4,3,1,2,2,2,1,2,1,4,2,TRUE,"Up",TRUE,TRUE
"Vitvi07g02403","Rpv12+1",24,5,4,3,1,2,2,2,1,2,0,4,0,TRUE,"Up",TRUE,TRUE
"Vitvi07g02538","Rpv12+1",24,5,5,3,1,2,2,2,2,2,2,4,2,TRUE,"Down",TRUE,TRUE
"Vitvi07g02676","Rpv12+1",24,5,4,3,1,2,2,2,1,2,0,4,2,TRUE,"Down",TRUE,TRUE
"Vitvi07g02832","Rpv12+1",24,5,5,3,1,2,2,2,2,2,1,4,2,TRUE,"Down",TRUE,TRUE
"Vitvi07g02853","Rpv12+1",24,5,5,3,1,2,2,2,2,2,0,4,2,TRUE,"Down",TRUE,TRUE
"Vitvi07g03086","Rpv12+1",24,5,5,3,1,2,2,2,2,2,1,4,2,TRUE,"Up",TRUE,TRUE
"Vitvi07g04167","Rpv12+1",24,5,4,3,1,2,2,2,1,2,1,4,2,TRUE,"Up",TRUE,TRUE
"Vitvi07g04254","Rpv12+1",24,5,4,3,1,2,2,2,1,2,0,4,1,TRUE,"Up",TRUE,TRUE
"Vitvi07g04338","Rpv12+1",24,5,5,3,1,2,2,2,2,2,1,4,2,TRUE,"Down",TRUE,TRUE
"Vitvi07g04339","Rpv12+1",24,5,5,3,1,2,2,2,2,2,1,4,2,TRUE,"Down",TRUE,TRUE
"Vitvi07g04340","Rpv12+1",24,5,5,3,1,2,2,2,2,2,1,4,2,TRUE,"Down",TRUE,TRUE
"Vitvi07g04371","Rpv12+1",24,5,5,3,1,2,2,2,2,2,1,4,2,TRUE,"Down",TRUE,TRUE
"Vitvi07g04373","Rpv12+1",24,5,5,3,1,2,2,2,2,2,1,4,2,TRUE,"Down",TRUE,TRUE
"Vitvi07g04392","Rpv12+1",24,5,4,3,1,2,2,2,1,2,0,4,0,TRUE,"Up",TRUE,TRUE
"Vitvi07g04445","Rpv12+1",24,5,4,3,1,2,2,2,1,2,0,4,0,TRUE,"Up",TRUE,TRUE
"Vitvi07g04561","Rpv12+1",24,5,5,3,1,2,2,2,2,2,1,4,2,TRUE,"Up",TRUE,TRUE
"Vitvi08g00802","Rpv12+1",24,5,4,3,1,2,2,2,1,2,0,4,2,TRUE,"Up",TRUE,TRUE
"Vitvi08g00888","Rpv12+1",24,5,5,3,1,2,2,2,2,2,0,4,2,TRUE,"Down",TRUE,TRUE
"Vitvi08g01235","Rpv12+1",24,5,5,3,1,2,2,2,2,2,2,4,2,TRUE,"Down",TRUE,TRUE
"Vitvi08g01260","Rpv12+1",24,5,5,3,1,2,2,2,2,2,2,4,2,TRUE,"Up",TRUE,TRUE
"Vitvi08g01272","Rpv12+1",24,5,5,3,1,2,2,2,2,2,0,4,2,TRUE,"Up",TRUE,TRUE
"Vitvi08g01333","Rpv12+1",24,5,5,3,1,2,2,2,2,2,2,4,2,TRUE,"Up",TRUE,TRUE
"Vitvi08g01382","Rpv12+1",24,5,5,3,1,2,2,2,2,2,2,4,2,TRUE,"Down",TRUE,TRUE
"Vitvi08g01434","Rpv12+1",24,5,5,3,1,2,2,2,2,2,2,4,2,TRUE,"Up",TRUE,TRUE
"Vitvi08g01528","Rpv12+1",24,5,5,3,1,2,2,2,2,2,2,4,2,TRUE,"Up",TRUE,TRUE
"Vitvi08g01662","Rpv12+1",24,5,5,3,1,2,2,2,2,2,0,4,2,TRUE,"Down",TRUE,TRUE
"Vitvi08g01770","Rpv12+1",24,5,5,3,1,2,2,2,2,2,2,4,2,TRUE,"Down",TRUE,TRUE
"Vitvi08g02066","Rpv12+1",24,5,4,3,1,2,2,2,1,2,0,4,2,TRUE,"Down",TRUE,TRUE
"Vitvi08g02100","Rpv12+1",24,5,5,3,1,2,2,2,2,2,2,4,3,TRUE,"Up",TRUE,TRUE
"Vitvi08g02217","Rpv12+1",24,5,5,3,1,2,2,2,2,2,0,4,2,TRUE,"Down",TRUE,TRUE
"Vitvi08g02249","Rpv12+1",24,5,5,3,1,2,2,2,2,2,2,4,2,TRUE,"Down",TRUE,TRUE
"Vitvi08g02288","Rpv12+1",24,5,5,3,1,2,2,2,2,2,2,4,2,TRUE,"Down",TRUE,TRUE
"Vitvi08g02295","Rpv12+1",24,5,4,3,1,2,2,2,1,2,0,4,1,TRUE,"Down",TRUE,TRUE
"Vitvi08g02334","Rpv12+1",24,5,4,3,1,2,2,2,1,2,0,4,2,TRUE,"Down",TRUE,TRUE
"Vitvi08g02335","Rpv12+1",24,5,4,3,1,2,2,2,1,2,0,4,2,TRUE,"Down",TRUE,TRUE
"Vitvi08g02387","Rpv12+1",24,5,4,3,1,2,2,2,1,2,2,4,2,TRUE,"Up",TRUE,TRUE
"Vitvi08g02397","Rpv12+1",24,5,5,3,1,2,2,2,2,2,2,4,2,TRUE,"Down",TRUE,TRUE
"Vitvi08g02412","Rpv12+1",24,5,4,3,1,2,2,2,1,2,0,4,2,TRUE,"Up",TRUE,TRUE
"Vitvi08g04001","Rpv12+1",24,5,4,3,1,2,2,2,1,2,0,4,0,TRUE,"Down",TRUE,TRUE
"Vitvi08g04038","Rpv12+1",24,5,4,3,1,2,2,2,1,2,0,4,2,TRUE,"Up",TRUE,TRUE
"Vitvi08g04162","Rpv12+1",24,5,5,3,1,2,2,2,2,2,0,4,2,TRUE,"Up",TRUE,TRUE
"Vitvi08g04166","Rpv12+1",24,5,4,3,1,2,2,2,1,2,0,4,0,TRUE,"Up",TRUE,TRUE
"Vitvi08g04243","Rpv12+1",24,5,4,3,1,2,2,2,1,2,0,4,2,TRUE,"Down",TRUE,TRUE
"Vitvi08g04284","Rpv12+1",24,5,5,3,1,2,2,2,2,2,2,4,2,TRUE,"Down",TRUE,TRUE
"Vitvi08g04287","Rpv12+1",24,5,5,3,1,2,2,2,2,2,2,4,2,TRUE,"Down",TRUE,TRUE
"Vitvi08g04290","Rpv12+1",24,5,5,3,1,2,2,2,2,2,2,4,2,TRUE,"Down",TRUE,TRUE
"Vitvi08g04292","Rpv12+1",24,5,4,3,1,2,2,2,1,2,0,4,0,TRUE,"Down",TRUE,TRUE
"Vitvi08g04351","Rpv12+1",24,5,5,3,1,2,2,2,2,2,0,4,2,TRUE,"Down",TRUE,TRUE
"Vitvi08g04358","Rpv12+1",24,5,5,3,1,2,2,2,2,2,0,4,2,TRUE,"Up",TRUE,TRUE
"Vitvi08g04370","Rpv12+1",24,5,5,3,1,2,2,2,2,2,2,4,2,TRUE,"Down",TRUE,TRUE
"Vitvi08g04371","Rpv12+1",24,5,5,3,1,2,2,2,2,2,1,4,3,TRUE,"Down",TRUE,TRUE
"Vitvi08g04377","Rpv12+1",24,5,4,3,1,2,2,2,1,2,0,4,2,TRUE,"Up",TRUE,TRUE
"Vitvi09g00258","Rpv12+1",24,5,4,3,1,2,2,2,1,2,0,4,1,TRUE,"Down",TRUE,TRUE
"Vitvi09g00290","Rpv12+1",24,5,4,3,1,2,2,2,1,2,0,4,2,TRUE,"Up",TRUE,TRUE
"Vitvi09g00296","Rpv12+1",24,5,4,3,1,2,2,2,1,2,0,4,0,TRUE,"Up",TRUE,TRUE
"Vitvi09g00368","Rpv12+1",24,5,5,3,1,2,2,2,2,2,0,4,2,TRUE,"Down",TRUE,TRUE
"Vitvi09g00384","Rpv12+1",24,5,4,3,1,2,2,2,1,2,0,4,2,TRUE,"Down",TRUE,TRUE
"Vitvi09g00394","Rpv12+1",24,5,4,3,1,2,2,2,1,2,0,4,2,TRUE,"Down",TRUE,TRUE
"Vitvi09g00462","Rpv12+1",24,5,4,3,1,2,2,2,1,2,1,4,2,TRUE,"Down",TRUE,TRUE
"Vitvi09g00500","Rpv12+1",24,5,4,3,1,2,2,2,1,2,0,4,2,TRUE,"Down",TRUE,TRUE
"Vitvi09g00535","Rpv12+1",24,5,5,3,1,2,2,2,2,2,1,4,2,TRUE,"Up",TRUE,TRUE
"Vitvi09g00540","Rpv12+1",24,5,5,3,1,2,2,2,2,2,0,4,2,TRUE,"Up",TRUE,TRUE
"Vitvi09g00782","Rpv12+1",24,5,4,3,1,2,2,2,1,2,0,4,2,TRUE,"Up",TRUE,TRUE
"Vitvi09g00790","Rpv12+1",24,5,4,3,1,2,2,2,1,2,0,4,2,TRUE,"Down",TRUE,TRUE
"Vitvi09g00870","Rpv12+1",24,5,5,3,1,2,2,2,2,2,0,4,2,TRUE,"Up",TRUE,TRUE
"Vitvi09g00937","Rpv12+1",24,5,5,3,1,2,2,2,2,2,2,4,2,TRUE,"Down",TRUE,TRUE
"Vitvi09g00971","Rpv12+1",24,5,4,3,1,2,2,2,1,2,0,4,2,TRUE,"Up",TRUE,TRUE
"Vitvi09g00994","Rpv12+1",24,5,5,3,1,2,2,2,2,2,0,4,2,TRUE,"Up",TRUE,TRUE
"Vitvi09g01026","Rpv12+1",24,5,4,3,1,2,2,2,1,2,0,4,3,TRUE,"Up",TRUE,TRUE
"Vitvi09g01145","Rpv12+1",24,5,4,3,1,2,2,2,1,2,0,4,2,TRUE,"Down",TRUE,TRUE
"Vitvi09g01196","Rpv12+1",24,5,4,3,1,2,2,2,1,2,0,4,2,TRUE,"Up",TRUE,TRUE
"Vitvi09g01214","Rpv12+1",24,5,5,3,1,2,2,2,2,2,2,4,3,TRUE,"Up",TRUE,TRUE
"Vitvi09g01309","Rpv12+1",24,5,4,3,1,2,2,2,1,2,1,4,2,TRUE,"Down",TRUE,TRUE
"Vitvi09g01329","Rpv12+1",24,5,4,3,1,2,2,2,1,2,0,4,0,TRUE,"Up",TRUE,TRUE
"Vitvi09g01376","Rpv12+1",24,5,5,3,1,2,2,2,2,2,2,4,2,TRUE,"Up",TRUE,TRUE
"Vitvi09g01555","Rpv12+1",24,5,4,3,1,2,2,2,1,2,0,4,2,TRUE,"Down",TRUE,TRUE
"Vitvi09g01556","Rpv12+1",24,5,5,3,1,2,2,2,2,2,2,4,2,TRUE,"Down",TRUE,TRUE
"Vitvi09g01560","Rpv12+1",24,5,5,3,1,2,2,2,2,2,2,4,2,TRUE,"Down",TRUE,TRUE
"Vitvi09g01587","Rpv12+1",24,5,5,3,1,2,2,2,2,2,1,4,3,TRUE,"Down",TRUE,TRUE
"Vitvi09g01588","Rpv12+1",24,5,5,3,1,2,2,2,2,2,0,4,2,TRUE,"Down",TRUE,TRUE
"Vitvi09g01592","Rpv12+1",24,5,5,3,1,2,2,2,2,2,2,4,3,TRUE,"Up",TRUE,TRUE
"Vitvi09g01646","Rpv12+1",24,5,5,3,1,2,2,2,2,2,0,4,2,TRUE,"Up",TRUE,TRUE
"Vitvi09g01784","Rpv12+1",24,5,4,3,1,2,2,2,1,2,0,4,0,TRUE,"Down",TRUE,TRUE
"Vitvi09g01807","Rpv12+1",24,5,5,3,1,2,2,2,2,2,1,4,2,TRUE,"Up",TRUE,TRUE
"Vitvi09g01992","Rpv12+1",24,5,4,3,1,2,2,2,1,2,0,4,2,TRUE,"Down",TRUE,TRUE
"Vitvi09g02002","Rpv12+1",24,5,5,3,1,2,2,2,2,2,0,4,2,TRUE,"Down",TRUE,TRUE
"Vitvi09g02033","Rpv12+1",24,5,5,3,1,2,2,2,2,2,2,4,2,TRUE,"Up",TRUE,TRUE
"Vitvi09g04078","Rpv12+1",24,5,5,3,1,2,2,2,2,2,0,4,2,TRUE,"Up",TRUE,TRUE
"Vitvi09g04079","Rpv12+1",24,5,5,3,1,2,2,2,2,2,0,4,2,TRUE,"Up",TRUE,TRUE
"Vitvi09g04094","Rpv12+1",24,5,5,3,1,2,2,2,2,2,1,4,2,TRUE,"Down",TRUE,TRUE
"Vitvi09g04123","Rpv12+1",24,5,5,3,1,2,2,2,2,2,0,4,2,TRUE,"Down",TRUE,TRUE
"Vitvi09g04124","Rpv12+1",24,5,4,3,1,2,2,2,1,2,0,4,0,TRUE,"Down",TRUE,TRUE
"Vitvi09g04127","Rpv12+1",24,5,5,3,1,2,2,2,2,2,0,4,2,TRUE,"Down",TRUE,TRUE
"Vitvi09g04146","Rpv12+1",24,5,5,3,1,2,2,2,2,2,1,4,3,TRUE,"Down",TRUE,TRUE
"Vitvi09g04150","Rpv12+1",24,5,4,3,1,2,2,2,1,2,0,4,2,TRUE,"Down",TRUE,TRUE
"Vitvi09g04166","Rpv12+1",24,5,5,3,1,2,2,2,2,2,1,4,2,TRUE,"Up",TRUE,TRUE
"Vitvi09g04167","Rpv12+1",24,5,4,3,1,2,2,2,1,2,0,4,0,TRUE,"Down",TRUE,TRUE
"Vitvi09g04187","Rpv12+1",24,5,4,3,1,2,2,2,1,2,0,4,1,TRUE,"Up",TRUE,TRUE
"Vitvi09g04211","Rpv12+1",24,5,4,3,1,2,2,2,1,2,0,4,0,TRUE,"Up",TRUE,TRUE
"Vitvi09g04212","Rpv12+1",24,5,4,3,1,2,2,2,1,2,0,4,2,TRUE,"Up",TRUE,TRUE
"Vitvi09g04222","Rpv12+1",24,5,5,3,1,2,2,2,2,2,1,4,2,TRUE,"Up",TRUE,TRUE
"Vitvi09g04225","Rpv12+1",24,5,5,3,1,2,2,2,2,2,0,4,2,TRUE,"Down",TRUE,TRUE
"Vitvi09g04231","Rpv12+1",24,5,4,3,1,2,2,2,1,2,0,4,2,TRUE,"Up",TRUE,TRUE
"Vitvi09g04264","Rpv12+1",24,5,4,3,1,2,2,2,1,2,0,4,0,TRUE,"Up",TRUE,TRUE
"Vitvi09g04307","Rpv12+1",24,5,5,3,1,2,2,2,2,2,0,4,2,TRUE,"Down",TRUE,TRUE
"Vitvi09g04337","Rpv12+1",24,5,4,3,1,2,2,2,1,2,0,4,0,TRUE,"Up",TRUE,TRUE
"Vitvi09g04357","Rpv12+1",24,5,5,3,1,2,2,2,2,2,0,4,1,TRUE,"Down",TRUE,TRUE
"Vitvi09g04374","Rpv12+1",24,5,4,3,1,2,2,2,1,2,0,4,2,TRUE,"Up",TRUE,TRUE
"Vitvi09g04415","Rpv12+1",24,5,5,3,1,2,2,2,2,2,0,4,2,TRUE,"Up",TRUE,TRUE
"Vitvi09g04416","Rpv12+1",24,5,5,3,1,2,2,2,2,2,2,4,3,TRUE,"Up",TRUE,TRUE
"Vitvi09g04421","Rpv12+1",24,5,4,3,1,2,2,2,1,2,0,4,1,TRUE,"Up",TRUE,TRUE
"Vitvi09g04473","Rpv12+1",24,5,5,3,1,2,2,2,2,2,1,4,2,TRUE,"Up",TRUE,TRUE
"Vitvi09g04546","Rpv12+1",24,5,5,3,1,2,2,2,2,2,2,4,2,TRUE,"Down",TRUE,TRUE
"Vitvi09g04564","Rpv12+1",24,5,4,3,1,2,2,2,1,2,1,4,2,TRUE,"Up",TRUE,TRUE
"Vitvi09g04597","Rpv12+1",24,5,5,3,1,2,2,2,2,2,2,4,2,TRUE,"Down",TRUE,TRUE
"Vitvi10g00178","Rpv12+1",24,5,5,3,1,2,2,2,2,2,2,4,2,TRUE,"Up",TRUE,TRUE
"Vitvi10g00179","Rpv12+1",24,5,4,3,1,2,2,2,1,2,0,4,2,TRUE,"Up",TRUE,TRUE
"Vitvi10g00183","Rpv12+1",24,5,4,3,1,2,2,2,1,2,0,4,2,TRUE,"Up",TRUE,TRUE
"Vitvi10g00519","Rpv12+1",24,5,5,3,1,2,2,2,2,2,0,4,2,TRUE,"Up",TRUE,TRUE
"Vitvi10g00542","Rpv12+1",24,5,5,3,1,2,2,2,2,2,1,4,2,TRUE,"Down",TRUE,TRUE
"Vitvi10g00641","Rpv12+1",24,5,5,3,1,2,2,2,2,2,1,4,2,TRUE,"Up",TRUE,TRUE
"Vitvi10g00862","Rpv12+1",24,5,5,3,1,2,2,2,2,2,0,4,2,TRUE,"Up",TRUE,TRUE
"Vitvi10g00977","Rpv12+1",24,5,5,3,1,2,2,2,2,2,2,4,2,TRUE,"Down",TRUE,TRUE
"Vitvi10g01138","Rpv12+1",24,5,5,3,1,2,2,2,2,2,0,4,2,TRUE,"Down",TRUE,TRUE
"Vitvi10g01211","Rpv12+1",24,5,5,3,1,2,2,2,2,2,1,4,2,TRUE,"Down",TRUE,TRUE
"Vitvi10g01247","Rpv12+1",24,5,5,3,1,2,2,2,2,2,0,4,2,TRUE,"Down",TRUE,TRUE
"Vitvi10g01585","Rpv12+1",24,5,5,3,1,2,2,2,2,2,2,4,2,TRUE,"Down",TRUE,TRUE
"Vitvi10g01684","Rpv12+1",24,5,5,3,1,2,2,2,2,2,0,4,2,TRUE,"Down",TRUE,TRUE
"Vitvi10g01697","Rpv12+1",24,5,4,3,1,2,2,2,1,2,0,4,0,TRUE,"Up",TRUE,TRUE
"Vitvi10g01735","Rpv12+1",24,5,4,3,1,2,2,2,1,2,0,4,2,TRUE,"Down",TRUE,TRUE
"Vitvi10g01773","Rpv12+1",24,5,4,3,1,2,2,2,1,2,0,4,2,TRUE,"Up",TRUE,TRUE
"Vitvi10g01787","Rpv12+1",24,5,5,3,1,2,2,2,2,2,2,4,2,TRUE,"Down",TRUE,TRUE
"Vitvi10g01789","Rpv12+1",24,5,5,3,1,2,2,2,2,2,1,4,2,TRUE,"Down",TRUE,TRUE
"Vitvi10g01862","Rpv12+1",24,5,4,3,1,2,2,2,1,2,1,4,2,TRUE,"Up",TRUE,TRUE
"Vitvi10g01875","Rpv12+1",24,5,4,3,1,2,2,2,1,2,1,4,2,TRUE,"Up",TRUE,TRUE
"Vitvi10g01952","Rpv12+1",24,5,5,3,1,2,2,2,2,2,0,4,2,TRUE,"Down",TRUE,TRUE
"Vitvi10g02229","Rpv12+1",24,5,5,3,1,2,2,2,2,2,0,4,2,TRUE,"Down",TRUE,TRUE
"Vitvi10g02300","Rpv12+1",24,5,4,3,1,2,2,2,1,2,0,4,2,TRUE,"Down",TRUE,TRUE
"Vitvi10g04191","Rpv12+1",24,5,5,3,1,2,2,2,2,2,2,4,2,TRUE,"Up",TRUE,TRUE
"Vitvi10g04218","Rpv12+1",24,5,4,3,1,2,2,2,1,2,0,4,0,TRUE,"Down",TRUE,TRUE
"Vitvi10g04284","Rpv12+1",24,5,4,3,1,2,2,2,1,2,0,4,2,TRUE,"Down",TRUE,TRUE
"Vitvi10g04344","Rpv12+1",24,5,4,3,1,2,2,2,1,2,0,4,0,TRUE,"Down",TRUE,TRUE
"Vitvi10g04463","Rpv12+1",24,5,5,3,1,2,2,2,2,2,0,4,2,TRUE,"Down",TRUE,TRUE
"Vitvi10g04464","Rpv12+1",24,5,5,3,1,2,2,2,2,2,2,4,2,TRUE,"Down",TRUE,TRUE
"Vitvi10g04475","Rpv12+1",24,5,4,3,1,2,2,2,1,2,0,4,0,TRUE,"Up",TRUE,TRUE
"Vitvi10g04614","Rpv12+1",24,5,5,3,1,2,2,2,2,2,0,4,2,TRUE,"Up",TRUE,TRUE
"Vitvi10g04668","Rpv12+1",24,5,5,3,1,2,2,2,2,2,1,4,2,TRUE,"Down",TRUE,TRUE
"Vitvi10g04707","Rpv12+1",24,5,4,3,1,2,2,2,1,2,0,4,2,TRUE,"Down",TRUE,TRUE
"Vitvi10g04709","Rpv12+1",24,5,5,3,1,2,2,2,2,2,2,4,2,TRUE,"Down",TRUE,TRUE
"Vitvi11g00097","Rpv12+1",24,5,4,3,1,2,2,2,1,2,0,4,2,TRUE,"Down",TRUE,TRUE
"Vitvi11g00228","Rpv12+1",24,5,4,3,1,2,2,2,1,2,0,4,2,TRUE,"Down",TRUE,TRUE
"Vitvi11g00257","Rpv12+1",24,5,4,3,1,2,2,2,1,2,0,4,1,TRUE,"Down",TRUE,TRUE
"Vitvi11g00460","Rpv12+1",24,5,5,3,1,2,2,2,2,2,2,4,2,TRUE,"Down",TRUE,TRUE
"Vitvi11g00712","Rpv12+1",24,5,5,3,1,2,2,2,2,2,0,4,2,TRUE,"Up",TRUE,TRUE
"Vitvi11g00749","Rpv12+1",24,5,4,3,1,2,2,2,1,2,0,4,2,TRUE,"Up",TRUE,TRUE
"Vitvi11g00825","Rpv12+1",24,5,4,3,1,2,2,2,1,2,2,4,2,TRUE,"Up",TRUE,TRUE
"Vitvi11g01415","Rpv12+1",24,5,5,3,1,2,2,2,2,2,1,4,2,TRUE,"Down",TRUE,TRUE
"Vitvi11g01446","Rpv12+1",24,5,4,3,1,2,2,2,1,2,2,4,2,TRUE,"Up",TRUE,TRUE
"Vitvi11g01564","Rpv12+1",24,5,5,3,1,2,2,2,2,2,1,4,2,TRUE,"Down",TRUE,TRUE
"Vitvi11g01604","Rpv12+1",24,5,5,3,1,2,2,2,2,2,0,4,2,TRUE,"Down",TRUE,TRUE
"Vitvi11g01637","Rpv12+1",24,5,5,3,1,2,2,2,2,2,2,4,2,TRUE,"Up",TRUE,TRUE
"Vitvi11g01692","Rpv12+1",24,5,5,3,1,2,2,2,2,2,0,4,2,TRUE,"Up",TRUE,TRUE
"Vitvi11g04030","Rpv12+1",24,5,4,3,1,2,2,2,1,2,0,4,2,TRUE,"Down",TRUE,TRUE
"Vitvi11g04068","Rpv12+1",24,5,4,3,1,2,2,2,1,2,0,4,2,TRUE,"Up",TRUE,TRUE
"Vitvi11g04123","Rpv12+1",24,5,5,3,1,2,2,2,2,2,2,4,2,TRUE,"Up",TRUE,TRUE
"Vitvi11g04175","Rpv12+1",24,5,5,3,1,2,2,2,2,2,0,4,2,TRUE,"Down",TRUE,TRUE
"Vitvi11g04203","Rpv12+1",24,5,5,3,1,2,2,2,2,2,2,4,2,TRUE,"Up",TRUE,TRUE
"Vitvi11g04204","Rpv12+1",24,5,5,3,1,2,2,2,2,2,0,4,2,TRUE,"Up",TRUE,TRUE
"Vitvi11g04251","Rpv12+1",24,5,5,3,1,2,2,2,2,2,1,4,2,TRUE,"Down",TRUE,TRUE
"Vitvi11g04267","Rpv12+1",24,5,5,3,1,2,2,2,2,2,2,4,2,TRUE,"Down",TRUE,TRUE
"Vitvi11g04368","Rpv12+1",24,5,4,3,1,2,2,2,1,2,0,4,2,TRUE,"Up",TRUE,TRUE
"Vitvi12g00101","Rpv12+1",24,5,5,3,1,2,2,2,2,2,1,4,2,TRUE,"Down",TRUE,TRUE
"Vitvi12g00368","Rpv12+1",24,5,5,3,1,2,2,2,2,2,2,4,2,TRUE,"Up",TRUE,TRUE
"Vitvi12g00391","Rpv12+1",24,5,4,3,1,2,2,2,1,2,0,4,2,TRUE,"Up",TRUE,TRUE
"Vitvi12g01776","Rpv12+1",24,5,5,3,1,2,2,2,2,2,2,4,2,TRUE,"Down",TRUE,TRUE
"Vitvi12g01796","Rpv12+1",24,5,5,3,1,2,2,2,2,2,0,4,2,TRUE,"Down",TRUE,TRUE
"Vitvi12g01809","Rpv12+1",24,5,5,3,1,2,2,2,2,2,1,4,2,TRUE,"Down",TRUE,TRUE
"Vitvi12g01813","Rpv12+1",24,5,4,3,1,2,2,2,1,2,0,4,2,TRUE,"Down",TRUE,TRUE
"Vitvi12g01939","Rpv12+1",24,5,5,3,1,2,2,2,2,2,2,4,2,TRUE,"Up",TRUE,TRUE
"Vitvi12g02066","Rpv12+1",24,5,5,3,1,2,2,2,2,2,2,4,2,TRUE,"Down",TRUE,TRUE
"Vitvi12g02218","Rpv12+1",24,5,4,3,1,2,2,2,1,2,0,4,1,TRUE,"Up",TRUE,TRUE
"Vitvi12g02245","Rpv12+1",24,5,4,3,1,2,2,2,1,2,2,4,2,TRUE,"Down",TRUE,TRUE
"Vitvi12g02273","Rpv12+1",24,5,5,3,1,2,2,2,2,2,0,4,2,TRUE,"Down",TRUE,TRUE
"Vitvi12g02318","Rpv12+1",24,5,4,3,1,2,2,2,1,2,1,4,2,TRUE,"Up",TRUE,TRUE
"Vitvi12g02324","Rpv12+1",24,5,5,3,1,2,2,2,2,2,2,4,2,TRUE,"Up",TRUE,TRUE
"Vitvi12g02326","Rpv12+1",24,5,5,3,1,2,2,2,2,2,1,4,2,TRUE,"Up",TRUE,TRUE
"Vitvi12g02450","Rpv12+1",24,5,4,3,1,2,2,2,1,2,0,4,2,TRUE,"Up",TRUE,TRUE
"Vitvi12g02578","Rpv12+1",24,5,4,3,1,2,2,2,1,2,0,4,2,TRUE,"Down",TRUE,TRUE
"Vitvi12g02621","Rpv12+1",24,5,5,3,1,2,2,2,2,2,2,4,2,TRUE,"Down",TRUE,TRUE
"Vitvi12g02701","Rpv12+1",24,5,5,3,1,2,2,2,2,2,2,4,2,TRUE,"Down",TRUE,TRUE
"Vitvi12g02703","Rpv12+1",24,5,4,3,1,2,2,2,1,2,0,4,2,TRUE,"Up",TRUE,TRUE
"Vitvi12g02705","Rpv12+1",24,5,5,3,1,2,2,2,2,2,1,4,2,TRUE,"Down",TRUE,TRUE
"Vitvi12g02735","Rpv12+1",24,5,5,3,1,2,2,2,2,2,0,4,2,TRUE,"Down",TRUE,TRUE
"Vitvi12g02743","Rpv12+1",24,5,5,3,1,2,2,2,2,2,2,4,2,TRUE,"Up",TRUE,TRUE
"Vitvi12g02753","Rpv12+1",24,5,5,3,1,2,2,2,2,2,2,4,2,TRUE,"Down",TRUE,TRUE
"Vitvi12g04082","Rpv12+1",24,5,4,3,1,2,2,2,1,2,0,4,0,TRUE,"Up",TRUE,TRUE
"Vitvi12g04091","Rpv12+1",24,5,4,3,1,2,2,2,1,2,0,4,2,TRUE,"Down",TRUE,TRUE
"Vitvi12g04094","Rpv12+1",24,5,4,3,1,2,2,2,1,2,1,4,2,TRUE,"Up",TRUE,TRUE
"Vitvi12g04185","Rpv12+1",24,5,5,3,1,2,2,2,2,2,2,4,2,TRUE,"Down",TRUE,TRUE
"Vitvi12g04201","Rpv12+1",24,5,4,3,1,2,2,2,1,2,0,4,2,TRUE,"Up",TRUE,TRUE
"Vitvi12g04282","Rpv12+1",24,5,4,3,1,2,2,2,1,2,0,4,2,TRUE,"Down",TRUE,TRUE
"Vitvi12g04365","Rpv12+1",24,5,4,3,1,2,2,2,1,2,0,4,2,TRUE,"Up",TRUE,TRUE
"Vitvi12g04421","Rpv12+1",24,5,5,3,1,2,2,2,2,2,1,4,2,TRUE,"Down",TRUE,TRUE
"Vitvi12g04427","Rpv12+1",24,5,5,3,1,2,2,2,2,2,1,4,2,TRUE,"Up",TRUE,TRUE
"Vitvi12g04429","Rpv12+1",24,5,5,3,1,2,2,2,2,2,0,4,2,TRUE,"Down",TRUE,TRUE
"Vitvi12g04432","Rpv12+1",24,5,5,3,1,2,2,2,2,2,0,4,2,TRUE,"Up",TRUE,TRUE
"Vitvi12g04475","Rpv12+1",24,5,4,3,1,2,2,2,1,2,0,4,2,TRUE,"Up",TRUE,TRUE
"Vitvi12g04497","Rpv12+1",24,5,4,3,1,2,2,2,1,2,0,4,2,TRUE,"Down",TRUE,TRUE
"Vitvi12g04512","Rpv12+1",24,5,5,3,1,2,2,2,2,2,1,4,2,TRUE,"Up",TRUE,TRUE
"Vitvi12g04517","Rpv12+1",24,5,5,3,1,2,2,2,2,2,2,4,2,TRUE,"Up",TRUE,TRUE
"Vitvi12g04518","Rpv12+1",24,5,5,3,1,2,2,2,2,2,2,4,2,TRUE,"Up",TRUE,TRUE
"Vitvi12g04536","Rpv12+1",24,5,5,3,1,2,2,2,2,2,0,4,2,TRUE,"Up",TRUE,TRUE
"Vitvi12g04543","Rpv12+1",24,5,4,3,1,2,2,2,1,2,0,4,2,TRUE,"Up",TRUE,TRUE
"Vitvi12g04563","Rpv12+1",24,5,5,3,1,2,2,2,2,2,2,4,3,TRUE,"Down",TRUE,TRUE
"Vitvi12g04566","Rpv12+1",24,5,5,3,1,2,2,2,2,2,0,4,2,TRUE,"Up",TRUE,TRUE
"Vitvi12g04567","Rpv12+1",24,5,4,3,1,2,2,2,1,2,0,4,2,TRUE,"Up",TRUE,TRUE
"Vitvi12g04581","Rpv12+1",24,5,5,3,1,2,2,2,2,2,1,4,2,TRUE,"Up",TRUE,TRUE
"Vitvi12g04596","Rpv12+1",24,5,5,3,1,2,2,2,2,2,2,4,2,TRUE,"Up",TRUE,TRUE
"Vitvi12g04597","Rpv12+1",24,5,5,3,1,2,2,2,2,2,2,4,3,TRUE,"Up",TRUE,TRUE
"Vitvi12g04630","Rpv12+1",24,5,5,3,1,2,2,2,2,2,2,4,2,TRUE,"Down",TRUE,TRUE
"Vitvi13g00387","Rpv12+1",24,5,5,3,1,2,2,2,2,2,1,4,2,TRUE,"Up",TRUE,TRUE
"Vitvi13g00551","Rpv12+1",24,5,4,3,1,2,2,2,1,2,0,4,2,TRUE,"Up",TRUE,TRUE
"Vitvi13g00891","Rpv12+1",24,5,5,3,1,2,2,2,2,2,0,4,0,TRUE,"Down",TRUE,TRUE
"Vitvi13g01327","Rpv12+1",24,5,5,3,1,2,2,2,2,2,0,4,2,TRUE,"Up",TRUE,TRUE
"Vitvi13g01796","Rpv12+1",24,5,5,3,1,2,2,2,2,2,0,4,2,TRUE,"Up",TRUE,TRUE
"Vitvi13g02005","Rpv12+1",24,5,5,3,1,2,2,2,2,2,2,4,2,TRUE,"Down",TRUE,TRUE
"Vitvi13g02402","Rpv12+1",24,5,4,3,1,2,2,2,1,2,0,4,0,TRUE,"Up",TRUE,TRUE
"Vitvi13g04005","Rpv12+1",24,5,5,3,1,2,2,2,2,2,2,4,2,TRUE,"Up",TRUE,TRUE
"Vitvi13g04187","Rpv12+1",24,5,4,3,1,2,2,2,1,2,0,4,0,TRUE,"Down",TRUE,TRUE
"Vitvi13g04231","Rpv12+1",24,5,5,3,1,2,2,2,2,2,1,4,2,TRUE,"Down",TRUE,TRUE
"Vitvi13g04325","Rpv12+1",24,5,5,3,1,2,2,2,2,2,2,4,2,TRUE,"Down",TRUE,TRUE
"Vitvi13g04329","Rpv12+1",24,5,5,3,1,2,2,2,2,2,1,4,3,TRUE,"Down",TRUE,TRUE
"Vitvi13g04363","Rpv12+1",24,5,5,3,1,2,2,2,2,2,1,4,2,TRUE,"Down",TRUE,TRUE
"Vitvi13g04370","Rpv12+1",24,5,4,3,1,2,2,2,1,2,0,4,2,TRUE,"Down",TRUE,TRUE
"Vitvi13g04371","Rpv12+1",24,5,5,3,1,2,2,2,2,2,0,4,2,TRUE,"Down",TRUE,TRUE
"Vitvi13g04419","Rpv12+1",24,5,4,3,1,2,2,2,1,2,0,4,2,TRUE,"Up",TRUE,TRUE
"Vitvi13g04420","Rpv12+1",24,5,5,3,1,2,2,2,2,2,1,4,2,TRUE,"Up",TRUE,TRUE
"Vitvi13g04421","Rpv12+1",24,5,5,3,1,2,2,2,2,2,1,4,2,TRUE,"Up",TRUE,TRUE
"Vitvi13g04427","Rpv12+1",24,5,5,3,1,2,2,2,2,2,0,4,2,TRUE,"Up",TRUE,TRUE
"Vitvi13g04443","Rpv12+1",24,5,5,3,1,2,2,2,2,2,1,4,2,TRUE,"Up",TRUE,TRUE
"Vitvi13g04446","Rpv12+1",24,5,4,3,1,2,2,2,1,2,0,4,2,TRUE,"Up",TRUE,TRUE
"Vitvi13g04506","Rpv12+1",24,5,4,3,1,2,2,2,1,2,0,4,2,TRUE,"Up",TRUE,TRUE
"Vitvi13g04549","Rpv12+1",24,5,4,3,1,2,2,2,1,2,0,4,2,TRUE,"Up",TRUE,TRUE
"Vitvi13g04709","Rpv12+1",24,5,5,3,1,2,2,2,2,2,0,4,2,TRUE,"Up",TRUE,TRUE
"Vitvi13g04716","Rpv12+1",24,5,4,3,1,2,2,2,1,2,0,4,1,TRUE,"Up",TRUE,TRUE
"Vitvi13g04783","Rpv12+1",24,5,4,3,1,2,2,2,1,2,0,4,2,TRUE,"Up",TRUE,TRUE
"Vitvi14g00668","Rpv12+1",24,5,5,3,1,2,2,2,2,2,2,4,3,TRUE,"Up",TRUE,TRUE
"Vitvi14g01318","Rpv12+1",24,5,5,3,1,2,2,2,2,2,0,4,2,TRUE,"Down",TRUE,TRUE
"Vitvi14g01361","Rpv12+1",24,5,5,3,1,2,2,2,2,2,0,4,2,TRUE,"Down",TRUE,TRUE
"Vitvi14g01449","Rpv12+1",24,5,4,3,1,2,2,2,1,2,0,4,2,TRUE,"Down",TRUE,TRUE
"Vitvi14g01809","Rpv12+1",24,5,4,3,1,2,2,2,1,2,1,4,2,TRUE,"Up",TRUE,TRUE
"Vitvi14g01897","Rpv12+1",24,5,5,3,1,2,2,2,2,2,2,4,2,TRUE,"Down",TRUE,TRUE
"Vitvi14g02607","Rpv12+1",24,5,5,3,1,2,2,2,2,2,0,4,2,TRUE,"Down",TRUE,TRUE
"Vitvi14g02663","Rpv12+1",24,5,5,3,1,2,2,2,2,2,2,4,2,TRUE,"Up",TRUE,TRUE
"Vitvi14g02707","Rpv12+1",24,5,4,3,1,2,2,2,1,2,0,4,2,TRUE,"Up",TRUE,TRUE
"Vitvi14g02762","Rpv12+1",24,5,4,3,1,2,2,2,1,2,0,4,2,TRUE,"Down",TRUE,TRUE
"Vitvi14g02857","Rpv12+1",24,5,5,3,1,2,2,2,2,2,0,4,2,TRUE,"Down",TRUE,TRUE
"Vitvi14g02923","Rpv12+1",24,5,5,3,1,2,2,2,2,2,0,4,2,TRUE,"Down",TRUE,TRUE
"Vitvi14g02934","Rpv12+1",24,5,5,3,1,2,2,2,2,2,2,4,2,TRUE,"Down",TRUE,TRUE
"Vitvi14g02935","Rpv12+1",24,5,5,3,1,2,2,2,2,2,2,4,2,TRUE,"Down",TRUE,TRUE
"Vitvi14g03012","Rpv12+1",24,5,4,3,1,2,2,2,1,2,0,4,2,TRUE,"Up",TRUE,TRUE
"Vitvi14g03044","Rpv12+1",24,5,5,3,1,2,2,2,2,2,1,4,2,TRUE,"Down",TRUE,TRUE
"Vitvi14g03072","Rpv12+1",24,5,4,3,1,2,2,2,1,2,0,4,2,TRUE,"Down",TRUE,TRUE
"Vitvi14g04211","Rpv12+1",24,5,4,3,1,2,2,2,1,2,0,4,2,TRUE,"Up",TRUE,TRUE
"Vitvi14g04248","Rpv12+1",24,5,4,3,1,2,2,2,1,2,0,4,2,TRUE,"Up",TRUE,TRUE
"Vitvi14g04255","Rpv12+1",24,5,5,3,1,2,2,2,2,2,1,4,2,TRUE,"Up",TRUE,TRUE
"Vitvi14g04416","Rpv12+1",24,5,5,3,1,2,2,2,2,2,0,4,2,TRUE,"Down",TRUE,TRUE
"Vitvi14g04449","Rpv12+1",24,5,5,3,1,2,2,2,2,2,0,4,2,TRUE,"Up",TRUE,TRUE
"Vitvi14g04450","Rpv12+1",24,5,5,3,1,2,2,2,2,2,1,4,2,TRUE,"Up",TRUE,TRUE
"Vitvi14g04475","Rpv12+1",24,5,4,3,1,2,2,2,1,2,0,4,1,TRUE,"Up",TRUE,TRUE
"Vitvi14g04477","Rpv12+1",24,5,4,3,1,2,2,2,1,2,0,4,2,TRUE,"Up",TRUE,TRUE
"Vitvi14g04501","Rpv12+1",24,5,5,3,1,2,2,2,2,2,0,4,2,TRUE,"Up",TRUE,TRUE
"Vitvi14g04517","Rpv12+1",24,5,5,3,1,2,2,2,2,2,0,4,2,TRUE,"Down",TRUE,TRUE
"Vitvi14g04662","Rpv12+1",24,5,5,3,1,2,2,2,2,2,2,4,2,TRUE,"Down",TRUE,TRUE
"Vitvi15g00071","Rpv12+1",24,5,5,3,1,2,2,2,2,2,0,4,2,TRUE,"Down",TRUE,TRUE
"Vitvi15g00263","Rpv12+1",24,5,5,3,1,2,2,2,2,2,0,4,2,TRUE,"Up",TRUE,TRUE
"Vitvi15g00331","Rpv12+1",24,5,5,3,1,2,2,2,2,2,1,4,2,TRUE,"Down",TRUE,TRUE
"Vitvi15g00335","Rpv12+1",24,5,5,3,1,2,2,2,2,2,0,4,2,TRUE,"Down",TRUE,TRUE
"Vitvi15g00835","Rpv12+1",24,5,5,3,1,2,2,2,2,2,2,4,2,TRUE,"Down",TRUE,TRUE
"Vitvi15g01075","Rpv12+1",24,5,5,3,1,2,2,2,2,2,0,4,2,TRUE,"Down",TRUE,TRUE
"Vitvi15g01084","Rpv12+1",24,5,4,3,1,2,2,2,1,2,0,4,2,TRUE,"Up",TRUE,TRUE
"Vitvi15g01247","Rpv12+1",24,5,5,3,1,2,2,2,2,2,1,4,2,TRUE,"Up",TRUE,TRUE
"Vitvi15g01395","Rpv12+1",24,5,4,3,1,2,2,2,1,2,0,4,2,TRUE,"Up",TRUE,TRUE
"Vitvi15g01483","Rpv12+1",24,5,5,3,1,2,2,2,2,2,1,4,2,TRUE,"Down",TRUE,TRUE
"Vitvi15g01574","Rpv12+1",24,5,5,3,1,2,2,2,2,2,2,4,2,TRUE,"Down",TRUE,TRUE
"Vitvi15g01617","Rpv12+1",24,5,5,3,1,2,2,2,2,2,0,4,2,TRUE,"Up",TRUE,TRUE
"Vitvi15g01618","Rpv12+1",24,5,5,3,1,2,2,2,2,2,2,4,2,TRUE,"Down",TRUE,TRUE
"Vitvi15g01670","Rpv12+1",24,5,5,3,1,2,2,2,2,2,0,4,2,TRUE,"Down",TRUE,TRUE
"Vitvi15g01686","Rpv12+1",24,5,5,3,1,2,2,2,2,2,2,4,2,TRUE,"Up",TRUE,TRUE
"Vitvi15g01687","Rpv12+1",24,5,5,3,1,2,2,2,2,2,0,4,2,TRUE,"Down",TRUE,TRUE
"Vitvi15g01705","Rpv12+1",24,5,5,3,1,2,2,2,2,2,2,4,2,TRUE,"Up",TRUE,TRUE
"Vitvi15g01767","Rpv12+1",24,5,4,3,1,2,2,2,1,2,0,4,2,TRUE,"Up",TRUE,TRUE
"Vitvi15g04157","Rpv12+1",24,5,5,3,1,2,2,2,2,2,0,4,1,TRUE,"Down",TRUE,TRUE
"Vitvi15g04177","Rpv12+1",24,5,4,3,1,2,2,2,1,2,0,4,2,TRUE,"Down",TRUE,TRUE
"Vitvi15g04365","Rpv12+1",24,5,5,3,1,2,2,2,2,2,2,4,3,TRUE,"Up",TRUE,TRUE
"Vitvi15g04378","Rpv12+1",24,5,4,3,1,2,2,2,1,2,1,4,2,TRUE,"Up",TRUE,TRUE
"Vitvi15g04379","Rpv12+1",24,5,5,3,1,2,2,2,2,2,1,4,2,TRUE,"Up",TRUE,TRUE
"Vitvi15g04400","Rpv12+1",24,5,5,3,1,2,2,2,2,2,0,4,2,TRUE,"Down",TRUE,TRUE
"Vitvi15g04598","Rpv12+1",24,5,5,3,1,2,2,2,2,2,2,4,2,TRUE,"Down",TRUE,TRUE
"Vitvi16g00160","Rpv12+1",24,5,4,3,1,2,2,2,1,2,0,4,2,TRUE,"Down",TRUE,TRUE
"Vitvi16g00211","Rpv12+1",24,5,4,3,1,2,2,2,1,2,0,4,2,TRUE,"Down",TRUE,TRUE
"Vitvi16g01034","Rpv12+1",24,5,4,3,1,2,2,2,1,2,0,4,2,TRUE,"Up",TRUE,TRUE
"Vitvi16g01081","Rpv12+1",24,5,4,3,1,2,2,2,1,2,1,4,3,TRUE,"Up",TRUE,TRUE
"Vitvi16g01127","Rpv12+1",24,5,4,3,1,2,2,2,1,2,0,4,2,TRUE,"Down",TRUE,TRUE
"Vitvi16g01336","Rpv12+1",24,5,4,3,1,2,2,2,1,2,0,4,2,TRUE,"Down",TRUE,TRUE
"Vitvi16g01354","Rpv12+1",24,5,4,3,1,2,2,2,1,2,0,4,2,TRUE,"Up",TRUE,TRUE
"Vitvi16g01501","Rpv12+1",24,5,4,3,1,2,2,2,1,2,0,4,2,TRUE,"Down",TRUE,TRUE
"Vitvi16g01526","Rpv12+1",24,5,5,3,1,2,2,2,2,2,1,4,2,TRUE,"Down",TRUE,TRUE
"Vitvi16g01542","Rpv12+1",24,5,5,3,1,2,2,2,2,2,2,4,2,TRUE,"Down",TRUE,TRUE
"Vitvi16g01569","Rpv12+1",24,5,4,3,1,2,2,2,1,2,0,4,2,TRUE,"Down",TRUE,TRUE
"Vitvi16g01665","Rpv12+1",24,5,4,3,1,2,2,2,1,2,0,4,0,TRUE,"Down",TRUE,TRUE
"Vitvi16g01695","Rpv12+1",24,5,4,3,1,2,2,2,1,2,0,4,2,TRUE,"Down",TRUE,TRUE
"Vitvi16g01701","Rpv12+1",24,5,4,3,1,2,2,2,1,2,0,4,2,TRUE,"Down",TRUE,TRUE
"Vitvi16g01733","Rpv12+1",24,5,5,3,1,2,2,2,2,2,2,4,2,TRUE,"Up",TRUE,TRUE
"Vitvi16g01796","Rpv12+1",24,5,5,3,1,2,2,2,2,2,0,4,2,TRUE,"Up",TRUE,TRUE
"Vitvi16g01854","Rpv12+1",24,5,5,3,1,2,2,2,2,2,2,4,2,TRUE,"Up",TRUE,TRUE
"Vitvi16g01877","Rpv12+1",24,5,4,3,1,2,2,2,1,2,0,4,2,TRUE,"Down",TRUE,TRUE
"Vitvi16g01960","Rpv12+1",24,5,4,3,1,2,2,2,1,2,2,4,2,TRUE,"Down",TRUE,TRUE
"Vitvi16g01963","Rpv12+1",24,5,4,3,1,2,2,2,1,2,0,4,2,TRUE,"Up",TRUE,TRUE
"Vitvi16g01965","Rpv12+1",24,5,5,3,1,2,2,2,2,2,1,4,2,TRUE,"Up",TRUE,TRUE
"Vitvi16g01966","Rpv12+1",24,5,4,3,1,2,2,2,1,2,0,4,2,TRUE,"Up",TRUE,TRUE
"Vitvi16g01979","Rpv12+1",24,5,4,3,1,2,2,2,1,2,0,4,2,TRUE,"Down",TRUE,TRUE
"Vitvi16g01980","Rpv12+1",24,5,4,3,1,2,2,2,1,2,0,4,2,TRUE,"Down",TRUE,TRUE
"Vitvi16g02072","Rpv12+1",24,5,5,3,1,2,2,2,2,2,2,4,2,TRUE,"Down",TRUE,TRUE
"Vitvi16g04012","Rpv12+1",24,5,5,3,1,2,2,2,2,2,2,4,3,TRUE,"Up",TRUE,TRUE
"Vitvi16g04087","Rpv12+1",24,5,4,3,1,2,2,2,1,2,2,4,2,TRUE,"Down",TRUE,TRUE
"Vitvi16g04191","Rpv12+1",24,5,4,3,1,2,2,2,1,2,0,4,0,TRUE,"Up",TRUE,TRUE
"Vitvi16g04318","Rpv12+1",24,5,4,3,1,2,2,2,1,2,0,4,2,TRUE,"Down",TRUE,TRUE
"Vitvi16g04352","Rpv12+1",24,5,5,3,1,2,2,2,2,2,0,4,2,TRUE,"Down",TRUE,TRUE
"Vitvi16g04356","Rpv12+1",24,5,5,3,1,2,2,2,2,2,0,4,2,TRUE,"Down",TRUE,TRUE
"Vitvi16g04448","Rpv12+1",24,5,4,3,1,2,2,2,1,2,0,4,2,TRUE,"Down",TRUE,TRUE
"Vitvi17g00062","Rpv12+1",24,5,4,3,1,2,2,2,1,2,0,4,2,TRUE,"Down",TRUE,TRUE
"Vitvi17g00203","Rpv12+1",24,5,4,3,1,2,2,2,1,2,0,4,2,TRUE,"Down",TRUE,TRUE
"Vitvi17g00278","Rpv12+1",24,5,4,3,1,2,2,2,1,2,0,4,2,TRUE,"Down",TRUE,TRUE
"Vitvi17g00479","Rpv12+1",24,5,4,3,1,2,2,2,1,2,2,4,2,TRUE,"Down",TRUE,TRUE
"Vitvi17g00838","Rpv12+1",24,5,5,3,1,2,2,2,2,2,1,4,2,TRUE,"Up",TRUE,TRUE
"Vitvi17g01015","Rpv12+1",24,5,5,3,1,2,2,2,2,2,2,4,2,TRUE,"Down",TRUE,TRUE
"Vitvi17g01365","Rpv12+1",24,5,4,3,1,2,2,2,1,2,0,4,2,TRUE,"Down",TRUE,TRUE
"Vitvi17g01379","Rpv12+1",24,5,4,3,1,2,2,2,1,2,0,4,2,TRUE,"Down",TRUE,TRUE
"Vitvi17g01380","Rpv12+1",24,5,5,3,1,2,2,2,2,2,2,4,2,TRUE,"Down",TRUE,TRUE
"Vitvi17g01394","Rpv12+1",24,5,5,3,1,2,2,2,2,2,0,4,2,TRUE,"Down",TRUE,TRUE
"Vitvi17g01481","Rpv12+1",24,5,5,3,1,2,2,2,2,2,2,4,2,TRUE,"Up",TRUE,TRUE
"Vitvi17g01495","Rpv12+1",24,5,5,3,1,2,2,2,2,2,2,4,2,TRUE,"Up",TRUE,TRUE
"Vitvi17g01496","Rpv12+1",24,5,5,3,1,2,2,2,2,2,0,4,2,TRUE,"Down",TRUE,TRUE
"Vitvi17g01515","Rpv12+1",24,5,4,3,1,2,2,2,1,2,0,4,2,TRUE,"Down",TRUE,TRUE
"Vitvi17g01604","Rpv12+1",24,5,5,3,1,2,2,2,2,2,0,4,2,TRUE,"Up",TRUE,TRUE
"Vitvi17g04034","Rpv12+1",24,5,5,3,1,2,2,2,2,2,1,4,2,TRUE,"Down",TRUE,TRUE
"Vitvi17g04067","Rpv12+1",24,5,5,3,1,2,2,2,2,2,0,4,2,TRUE,"Down",TRUE,TRUE
"Vitvi17g04068","Rpv12+1",24,5,4,3,1,2,2,2,1,2,0,4,2,TRUE,"Down",TRUE,TRUE
"Vitvi17g04093","Rpv12+1",24,5,4,3,1,2,2,2,1,2,1,4,2,TRUE,"Down",TRUE,TRUE
"Vitvi17g04097","Rpv12+1",24,5,5,3,1,2,2,2,2,2,0,4,2,TRUE,"Up",TRUE,TRUE
"Vitvi17g04130","Rpv12+1",24,5,4,3,1,2,2,2,1,2,0,4,0,TRUE,"Up",TRUE,TRUE
"Vitvi17g04183","Rpv12+1",24,5,5,3,1,2,2,2,2,2,0,4,2,TRUE,"Up",TRUE,TRUE
"Vitvi17g04210","Rpv12+1",24,5,5,3,1,2,2,2,2,2,0,4,2,TRUE,"Up",TRUE,TRUE
"Vitvi17g04211","Rpv12+1",24,5,4,3,1,2,2,2,1,2,0,4,2,TRUE,"Up",TRUE,TRUE
"Vitvi17g04275","Rpv12+1",24,5,5,3,1,2,2,2,2,2,0,4,2,TRUE,"Up",TRUE,TRUE
"Vitvi17g04289","Rpv12+1",24,5,4,3,1,2,2,2,1,2,0,4,2,TRUE,"Up",TRUE,TRUE
"Vitvi18g00635","Rpv12+1",24,5,5,3,1,2,2,2,2,2,0,4,2,TRUE,"Down",TRUE,TRUE
"Vitvi18g00722","Rpv12+1",24,5,4,3,1,2,2,2,1,2,0,4,0,TRUE,"Down",TRUE,TRUE
"Vitvi18g00878","Rpv12+1",24,5,5,3,1,2,2,2,2,2,2,4,2,TRUE,"Up",TRUE,TRUE
"Vitvi18g01203","Rpv12+1",24,5,4,3,1,2,2,2,1,2,0,4,2,TRUE,"Down",TRUE,TRUE
"Vitvi18g01937","Rpv12+1",24,5,4,3,1,2,2,2,1,2,2,4,2,TRUE,"Down",TRUE,TRUE
"Vitvi18g01959","Rpv12+1",24,5,5,3,1,2,2,2,2,2,2,4,3,TRUE,"Up",TRUE,TRUE
"Vitvi18g01980","Rpv12+1",24,5,5,3,1,2,2,2,2,2,2,4,3,TRUE,"Up",TRUE,TRUE
"Vitvi18g01987","Rpv12+1",24,5,4,3,1,2,2,2,1,2,1,4,2,TRUE,"Up",TRUE,TRUE
"Vitvi18g02024","Rpv12+1",24,5,4,3,1,2,2,2,1,2,0,4,0,TRUE,"Up",TRUE,TRUE
"Vitvi18g02180","Rpv12+1",24,5,4,3,1,2,2,2,1,2,1,4,3,TRUE,"Down",TRUE,TRUE
"Vitvi18g02228","Rpv12+1",24,5,5,3,1,2,2,2,2,2,0,4,2,TRUE,"Up",TRUE,TRUE
"Vitvi18g02276","Rpv12+1",24,5,5,3,1,2,2,2,2,2,1,4,2,TRUE,"Up",TRUE,TRUE
"Vitvi18g02375","Rpv12+1",24,5,5,3,1,2,2,2,2,2,1,4,2,TRUE,"Up",TRUE,TRUE
"Vitvi18g02478","Rpv12+1",24,5,5,3,1,2,2,2,2,2,0,4,2,TRUE,"Up",TRUE,TRUE
"Vitvi18g02657","Rpv12+1",24,5,5,3,1,2,2,2,2,2,0,4,2,TRUE,"Up",TRUE,TRUE
"Vitvi18g02663","Rpv12+1",24,5,5,3,1,2,2,2,2,2,0,4,2,TRUE,"Down",TRUE,TRUE
"Vitvi18g02672","Rpv12+1",24,5,5,3,1,2,2,2,2,2,1,4,2,TRUE,"Up",TRUE,TRUE
"Vitvi18g02695","Rpv12+1",24,5,5,3,1,2,2,2,2,2,1,4,2,TRUE,"Up",TRUE,TRUE
"Vitvi18g02824","Rpv12+1",24,5,5,3,1,2,2,2,2,2,2,4,2,TRUE,"Down",TRUE,TRUE
"Vitvi18g02921","Rpv12+1",24,5,4,3,1,2,2,2,1,2,1,4,2,TRUE,"Up",TRUE,TRUE
"Vitvi18g02924","Rpv12+1",24,5,5,3,1,2,2,2,2,2,1,4,2,TRUE,"Up",TRUE,TRUE
"Vitvi18g03147","Rpv12+1",24,5,4,3,1,2,2,2,1,2,0,4,2,TRUE,"Down",TRUE,TRUE
"Vitvi18g03246","Rpv12+1",24,5,4,3,1,2,2,2,1,2,0,4,2,TRUE,"Down",TRUE,TRUE
"Vitvi18g03250","Rpv12+1",24,5,5,3,1,2,2,2,2,2,0,4,2,TRUE,"Down",TRUE,TRUE
"Vitvi18g03366","Rpv12+1",24,5,4,3,1,2,2,2,1,2,0,4,2,TRUE,"Up",TRUE,TRUE
"Vitvi18g03383","Rpv12+1",24,5,5,3,1,2,2,2,2,2,1,4,2,TRUE,"Down",TRUE,TRUE
"Vitvi18g04003","Rpv12+1",24,5,5,3,1,2,2,2,2,2,2,4,2,TRUE,"Down",TRUE,TRUE
"Vitvi18g04004","Rpv12+1",24,5,5,3,1,2,2,2,2,2,1,4,2,TRUE,"Down",TRUE,TRUE
"Vitvi18g04176","Rpv12+1",24,5,5,3,1,2,2,2,2,2,1,4,2,TRUE,"Down",TRUE,TRUE
"Vitvi18g04291","Rpv12+1",24,5,5,3,1,2,2,2,2,2,0,4,0,TRUE,"Up",TRUE,TRUE
"Vitvi18g04440","Rpv12+1",24,5,5,3,1,2,2,2,2,2,2,4,2,TRUE,"Up",TRUE,TRUE
"Vitvi18g04446","Rpv12+1",24,5,4,3,1,2,2,2,1,2,0,4,1,TRUE,"Down",TRUE,TRUE
"Vitvi18g04543","Rpv12+1",24,5,4,3,1,2,2,2,1,2,0,4,2,TRUE,"Up",TRUE,TRUE
"Vitvi18g04551","Rpv12+1",24,5,5,3,1,2,2,2,2,2,2,4,2,TRUE,"Up",TRUE,TRUE
"Vitvi18g04555","Rpv12+1",24,5,5,3,1,2,2,2,2,2,2,4,2,TRUE,"Up",TRUE,TRUE
"Vitvi18g04595","Rpv12+1",24,5,5,3,1,2,2,2,2,2,0,4,2,TRUE,"Down",TRUE,TRUE
"Vitvi18g04629","Rpv12+1",24,5,5,3,1,2,2,2,2,2,0,4,2,TRUE,"Up",TRUE,TRUE
"Vitvi18g04640","Rpv12+1",24,5,5,3,1,2,2,2,2,2,2,4,2,TRUE,"Down",TRUE,TRUE
"Vitvi18g04642","Rpv12+1",24,5,5,3,1,2,2,2,2,2,1,4,3,TRUE,"Down",TRUE,TRUE
"Vitvi18g04643","Rpv12+1",24,5,5,3,1,2,2,2,2,2,2,4,2,TRUE,"Down",TRUE,TRUE
"Vitvi18g04646","Rpv12+1",24,5,5,3,1,2,2,2,2,2,2,4,2,TRUE,"Up",TRUE,TRUE
"Vitvi18g04655","Rpv12+1",24,5,5,3,1,2,2,2,2,2,1,4,2,TRUE,"Up",TRUE,TRUE
"Vitvi18g04656","Rpv12+1",24,5,5,3,1,2,2,2,2,2,2,4,2,TRUE,"Down",TRUE,TRUE
"Vitvi18g04660","Rpv12+1",24,5,5,3,1,2,2,2,2,2,2,4,2,TRUE,"Up",TRUE,TRUE
"Vitvi18g04665","Rpv12+1",24,5,5,3,1,2,2,2,2,2,0,4,2,TRUE,"Up",TRUE,TRUE
"Vitvi18g04739","Rpv12+1",24,5,5,3,1,2,2,2,2,2,1,4,2,TRUE,"Down",TRUE,TRUE
"Vitvi18g04748","Rpv12+1",24,5,4,3,1,2,2,2,1,2,0,4,0,TRUE,"Up",TRUE,TRUE
"Vitvi18g04749","Rpv12+1",24,5,5,3,1,2,2,2,2,2,1,4,2,TRUE,"Up",TRUE,TRUE
"Vitvi18g04756","Rpv12+1",24,5,5,3,1,2,2,2,2,2,1,4,2,TRUE,"Up",TRUE,TRUE
"Vitvi18g04757","Rpv12+1",24,5,5,3,1,2,2,2,2,2,2,4,2,TRUE,"Up",TRUE,TRUE
"Vitvi18g04758","Rpv12+1",24,5,5,3,1,2,2,2,2,2,1,4,2,TRUE,"Up",TRUE,TRUE
"Vitvi18g04765","Rpv12+1",24,5,5,3,1,2,2,2,2,2,0,4,2,TRUE,"Down",TRUE,TRUE
"Vitvi19g00166","Rpv12+1",24,5,4,3,1,2,2,2,1,2,0,4,0,TRUE,"Up",TRUE,TRUE
"Vitvi19g00174","Rpv12+1",24,5,4,3,1,2,2,2,1,2,0,4,2,TRUE,"Up",TRUE,TRUE
"Vitvi19g00177","Rpv12+1",24,5,5,3,1,2,2,2,2,2,0,4,2,TRUE,"Down",TRUE,TRUE
"Vitvi19g00214","Rpv12+1",24,5,5,3,1,2,2,2,2,2,1,4,2,TRUE,"Down",TRUE,TRUE
"Vitvi19g00255","Rpv12+1",24,5,5,3,1,2,2,2,2,2,1,4,2,TRUE,"Up",TRUE,TRUE
"Vitvi19g00283","Rpv12+1",24,5,4,3,1,2,2,2,1,2,2,4,2,TRUE,"Up",TRUE,TRUE
"Vitvi19g00698","Rpv12+1",24,5,4,3,1,2,2,2,1,2,0,4,2,TRUE,"Up",TRUE,TRUE
"Vitvi19g01307","Rpv12+1",24,5,4,3,1,2,2,2,1,2,0,4,2,TRUE,"Up",TRUE,TRUE
"Vitvi19g02057","Rpv12+1",24,5,4,3,1,2,2,2,1,2,0,4,2,TRUE,"Down",TRUE,TRUE
"Vitvi19g02270","Rpv12+1",24,5,5,3,1,2,2,2,2,2,1,4,2,TRUE,"Down",TRUE,TRUE
"Vitvi19g04005","Rpv12+1",24,5,4,3,1,2,2,2,1,2,0,4,2,TRUE,"Up",TRUE,TRUE
"Vitvi19g04006","Rpv12+1",24,5,5,3,1,2,2,2,2,2,1,4,2,TRUE,"Up",TRUE,TRUE
"Vitvi19g04070","Rpv12+1",24,5,5,3,1,2,2,2,2,2,0,4,2,TRUE,"Up",TRUE,TRUE
"Vitvi19g04074","Rpv12+1",24,5,5,3,1,2,2,2,2,2,0,4,1,TRUE,"Up",TRUE,TRUE
"Vitvi19g04075","Rpv12+1",24,5,4,3,1,2,2,2,1,2,0,4,0,TRUE,"Up",TRUE,TRUE
"Vitvi19g04110","Rpv12+1",24,5,5,3,1,2,2,2,2,2,2,4,2,TRUE,"Up",TRUE,TRUE
"Vitvi19g04149","Rpv12+1",24,5,5,3,1,2,2,2,2,2,0,4,2,TRUE,"Down",TRUE,TRUE
"Vitvi19g04259","Rpv12+1",24,5,5,3,1,2,2,2,2,2,2,4,2,TRUE,"Down",TRUE,TRUE
"Vitvi19g04330","Rpv12+1",24,5,5,3,1,2,2,2,2,2,0,4,0,TRUE,"Up",TRUE,TRUE
"Vitvi00g00859","Rpv12+1+3",0,5,4,3,1,2,2,2,1,2,0,4,2,TRUE,"Down",TRUE,TRUE
"Vitvi00g01805","Rpv12+1+3",0,5,4,3,1,2,2,2,1,2,0,4,3,TRUE,"Up",TRUE,TRUE
"Vitvi00g04006","Rpv12+1+3",0,5,5,3,1,2,2,2,2,2,2,4,3,TRUE,"Up",TRUE,TRUE
"Vitvi00g04022","Rpv12+1+3",0,5,5,3,1,2,2,2,2,2,1,4,2,TRUE,"Down",TRUE,TRUE
"Vitvi00g04274","Rpv12+1+3",0,5,4,3,1,2,2,2,1,2,0,4,2,TRUE,"Down",TRUE,TRUE
"Vitvi00g04275","Rpv12+1+3",0,5,5,3,1,2,2,2,2,2,1,4,2,TRUE,"Down",TRUE,TRUE
"Vitvi00g04360","Rpv12+1+3",0,5,4,3,1,2,2,2,1,2,0,4,0,TRUE,"Up",TRUE,TRUE
"Vitvi00g04449","Rpv12+1+3",0,5,5,3,1,2,2,2,2,2,2,4,2,TRUE,"Up",TRUE,TRUE
"Vitvi00g04625","Rpv12+1+3",0,5,5,3,1,2,2,2,2,2,0,4,0,TRUE,"Down",TRUE,TRUE
"Vitvi00g04704","Rpv12+1+3",0,5,5,3,1,2,2,2,2,2,2,4,3,TRUE,"Up",TRUE,TRUE
"Vitvi00g04706","Rpv12+1+3",0,5,5,3,1,2,2,2,2,2,0,4,2,TRUE,"Up",TRUE,TRUE
"Vitvi00g04737","Rpv12+1+3",0,5,5,3,1,2,2,2,2,2,2,4,3,TRUE,"Down",TRUE,TRUE
"Vitvi00g04752","Rpv12+1+3",0,5,5,3,1,2,2,2,2,2,1,4,2,TRUE,"Up",TRUE,TRUE
"Vitvi00g04763","Rpv12+1+3",0,5,5,3,1,2,2,2,2,2,1,4,2,TRUE,"Down",TRUE,TRUE
"Vitvi00g04812","Rpv12+1+3",0,5,5,3,1,2,2,2,2,2,0,4,3,TRUE,"Down",TRUE,TRUE
"Vitvi00g04868","Rpv12+1+3",0,5,4,3,1,2,2,2,1,2,0,4,2,TRUE,"Down",TRUE,TRUE
"Vitvi01g00083","Rpv12+1+3",0,5,5,3,1,2,2,2,2,2,1,4,2,TRUE,"Down",TRUE,TRUE
"Vitvi01g00193","Rpv12+1+3",0,5,4,3,1,2,2,2,1,2,1,4,2,TRUE,"Up",TRUE,TRUE
"Vitvi01g00299","Rpv12+1+3",0,5,5,3,1,2,2,2,2,2,1,4,2,TRUE,"Up",TRUE,TRUE
"Vitvi01g00325","Rpv12+1+3",0,5,4,3,1,2,2,2,1,2,0,4,3,TRUE,"Down",TRUE,TRUE
"Vitvi01g00463","Rpv12+1+3",0,5,5,3,1,2,2,2,2,2,2,4,2,TRUE,"Down",TRUE,TRUE
"Vitvi01g00558","Rpv12+1+3",0,5,5,3,1,2,2,2,2,2,2,4,3,TRUE,"Down",TRUE,TRUE
"Vitvi01g00656","Rpv12+1+3",0,5,4,3,1,2,2,2,1,2,0,4,2,TRUE,"Down",TRUE,TRUE
"Vitvi01g00747","Rpv12+1+3",0,5,4,3,1,2,2,2,1,2,0,4,2,TRUE,"Down",TRUE,TRUE
"Vitvi01g00784","Rpv12+1+3",0,5,4,3,1,2,2,2,1,2,0,4,2,TRUE,"Down",TRUE,TRUE
"Vitvi01g00857","Rpv12+1+3",0,5,5,3,1,2,2,2,2,2,0,4,2,TRUE,"Down",TRUE,TRUE
"Vitvi01g00944","Rpv12+1+3",0,5,4,3,1,2,2,2,1,2,0,4,2,TRUE,"Down",TRUE,TRUE
"Vitvi01g00958","Rpv12+1+3",0,5,4,3,1,2,2,2,1,2,0,4,2,TRUE,"Down",TRUE,TRUE
"Vitvi01g01037","Rpv12+1+3",0,5,5,3,1,2,2,2,2,2,0,4,1,TRUE,"Up",TRUE,TRUE
"Vitvi01g01038","Rpv12+1+3",0,5,5,3,1,2,2,2,2,2,1,4,3,TRUE,"Up",TRUE,TRUE
"Vitvi01g01561","Rpv12+1+3",0,5,4,3,1,2,2,2,1,2,1,4,2,TRUE,"Down",TRUE,TRUE
"Vitvi01g01578","Rpv12+1+3",0,5,5,3,1,2,2,2,2,2,2,4,3,TRUE,"Down",TRUE,TRUE
"Vitvi01g01611","Rpv12+1+3",0,5,5,3,1,2,2,2,2,2,0,4,2,TRUE,"Down",TRUE,TRUE
"Vitvi01g01751","Rpv12+1+3",0,5,5,3,1,2,2,2,2,2,2,4,2,TRUE,"Down",TRUE,TRUE
"Vitvi01g01791","Rpv12+1+3",0,5,4,3,1,2,2,2,1,2,0,4,2,TRUE,"Down",TRUE,TRUE
"Vitvi01g01852","Rpv12+1+3",0,5,5,3,1,2,2,2,2,2,1,4,2,TRUE,"Down",TRUE,TRUE
"Vitvi01g01998","Rpv12+1+3",0,5,4,3,1,2,2,2,1,2,0,4,2,TRUE,"Down",TRUE,TRUE
"Vitvi01g02072","Rpv12+1+3",0,5,5,3,1,2,2,2,2,2,1,4,2,TRUE,"Up",TRUE,TRUE
"Vitvi01g02242","Rpv12+1+3",0,5,5,3,1,2,2,2,2,2,1,4,2,TRUE,"Down",TRUE,TRUE
"Vitvi01g04002","Rpv12+1+3",0,5,5,3,1,2,2,2,2,2,0,4,2,TRUE,"Up",TRUE,TRUE
"Vitvi01g04190","Rpv12+1+3",0,5,5,3,1,2,2,2,2,2,0,4,2,TRUE,"Up",TRUE,TRUE
"Vitvi01g04191","Rpv12+1+3",0,5,5,3,1,2,2,2,2,2,2,4,2,TRUE,"Up",TRUE,TRUE
"Vitvi01g04206","Rpv12+1+3",0,5,5,3,1,2,2,2,2,2,0,4,0,TRUE,"Up",TRUE,TRUE
"Vitvi01g04207","Rpv12+1+3",0,5,5,3,1,2,2,2,2,2,2,4,3,TRUE,"Up",TRUE,TRUE
"Vitvi02g00032","Rpv12+1+3",0,5,4,3,1,2,2,2,1,2,1,4,2,TRUE,"Down",TRUE,TRUE
"Vitvi02g00056","Rpv12+1+3",0,5,5,3,1,2,2,2,2,2,1,4,2,TRUE,"Up",TRUE,TRUE
"Vitvi02g00086","Rpv12+1+3",0,5,5,3,1,2,2,2,2,2,0,4,3,TRUE,"Down",TRUE,TRUE
"Vitvi02g00093","Rpv12+1+3",0,5,4,3,1,2,2,2,1,2,0,4,2,TRUE,"Down",TRUE,TRUE
"Vitvi02g00239","Rpv12+1+3",0,5,4,3,1,2,2,2,1,2,0,4,2,TRUE,"Down",TRUE,TRUE
"Vitvi02g00429","Rpv12+1+3",0,5,4,3,1,2,2,2,1,2,0,4,2,TRUE,"Up",TRUE,TRUE
"Vitvi02g00436","Rpv12+1+3",0,5,4,3,1,2,2,2,1,2,1,4,2,TRUE,"Up",TRUE,TRUE
"Vitvi02g00446","Rpv12+1+3",0,5,4,3,1,2,2,2,1,2,0,4,3,TRUE,"Up",TRUE,TRUE
"Vitvi02g00666","Rpv12+1+3",0,5,5,3,1,2,2,2,2,2,0,4,2,TRUE,"Down",TRUE,TRUE
"Vitvi02g01537","Rpv12+1+3",0,5,4,3,1,2,2,2,1,2,0,4,2,TRUE,"Down",TRUE,TRUE
"Vitvi02g04136","Rpv12+1+3",0,5,4,3,1,2,2,2,1,2,0,4,2,TRUE,"Down",TRUE,TRUE
"Vitvi02g04155","Rpv12+1+3",0,5,4,3,1,2,2,2,1,2,0,4,2,TRUE,"Down",TRUE,TRUE
"Vitvi03g00129","Rpv12+1+3",0,5,4,3,1,2,2,2,1,2,0,4,2,TRUE,"Down",TRUE,TRUE
"Vitvi03g00315","Rpv12+1+3",0,5,4,3,1,2,2,2,1,2,0,4,2,TRUE,"Down",TRUE,TRUE
"Vitvi03g00318","Rpv12+1+3",0,5,5,3,1,2,2,2,2,2,2,4,3,TRUE,"Down",TRUE,TRUE
"Vitvi03g00325","Rpv12+1+3",0,5,4,3,1,2,2,2,1,2,0,4,2,TRUE,"Down",TRUE,TRUE
"Vitvi03g00537","Rpv12+1+3",0,5,4,3,1,2,2,2,1,2,0,4,2,TRUE,"Down",TRUE,TRUE
"Vitvi03g00553","Rpv12+1+3",0,5,4,3,1,2,2,2,1,2,0,4,2,TRUE,"Down",TRUE,TRUE
"Vitvi03g00610","Rpv12+1+3",0,5,5,3,1,2,2,2,2,2,1,4,3,TRUE,"Up",TRUE,TRUE
"Vitvi03g00666","Rpv12+1+3",0,5,4,3,1,2,2,2,1,2,0,4,2,TRUE,"Down",TRUE,TRUE
"Vitvi03g00692","Rpv12+1+3",0,5,4,3,1,2,2,2,1,2,2,4,2,TRUE,"Down",TRUE,TRUE
"Vitvi03g00745","Rpv12+1+3",0,5,5,3,1,2,2,2,2,2,0,4,2,TRUE,"Down",TRUE,TRUE
"Vitvi03g00752","Rpv12+1+3",0,5,5,3,1,2,2,2,2,2,2,4,2,TRUE,"Down",TRUE,TRUE
"Vitvi03g00786","Rpv12+1+3",0,5,4,3,1,2,2,2,1,2,0,4,2,TRUE,"Down",TRUE,TRUE
"Vitvi03g00841","Rpv12+1+3",0,5,5,3,1,2,2,2,2,2,0,4,2,TRUE,"Down",TRUE,TRUE
"Vitvi03g01200","Rpv12+1+3",0,5,5,3,1,2,2,2,2,2,1,4,2,TRUE,"Down",TRUE,TRUE
"Vitvi03g01482","Rpv12+1+3",0,5,5,3,1,2,2,2,2,2,1,4,3,TRUE,"Down",TRUE,TRUE
"Vitvi03g01649","Rpv12+1+3",0,5,4,3,1,2,2,2,1,2,0,4,0,TRUE,"Down",TRUE,TRUE
"Vitvi03g01695","Rpv12+1+3",0,5,5,3,1,2,2,2,2,2,0,4,0,TRUE,"Up",TRUE,TRUE
"Vitvi03g01809","Rpv12+1+3",0,5,5,3,1,2,2,2,2,2,2,4,2,TRUE,"Up",TRUE,TRUE
"Vitvi03g01833","Rpv12+1+3",0,5,4,3,1,2,2,2,1,2,0,4,2,TRUE,"Up",TRUE,TRUE
"Vitvi03g01834","Rpv12+1+3",0,5,4,3,1,2,2,2,1,2,0,4,2,TRUE,"Up",TRUE,TRUE
"Vitvi03g01839","Rpv12+1+3",0,5,5,3,1,2,2,2,2,2,1,4,2,TRUE,"Down",TRUE,TRUE
"Vitvi03g04047","Rpv12+1+3",0,5,5,3,1,2,2,2,2,2,1,4,2,TRUE,"Up",TRUE,TRUE
"Vitvi03g04050","Rpv12+1+3",0,5,5,3,1,2,2,2,2,2,2,4,3,TRUE,"Up",TRUE,TRUE
"Vitvi03g04051","Rpv12+1+3",0,5,5,3,1,2,2,2,2,2,0,4,0,TRUE,"Down",TRUE,TRUE
"Vitvi03g04147","Rpv12+1+3",0,5,5,3,1,2,2,2,2,2,0,4,2,TRUE,"Down",TRUE,TRUE
"Vitvi03g04196","Rpv12+1+3",0,5,5,3,1,2,2,2,2,2,2,4,3,TRUE,"Up",TRUE,TRUE
"Vitvi03g04291","Rpv12+1+3",0,5,5,3,1,2,2,2,2,2,1,4,2,TRUE,"Up",TRUE,TRUE
"Vitvi03g04393","Rpv12+1+3",0,5,5,3,1,2,2,2,2,2,0,4,1,TRUE,"Down",TRUE,TRUE
"Vitvi03g04400","Rpv12+1+3",0,5,5,3,1,2,2,2,2,2,2,4,2,TRUE,"Up",TRUE,TRUE
"Vitvi03g04463","Rpv12+1+3",0,5,5,3,1,2,2,2,2,2,0,4,2,TRUE,"Down",TRUE,TRUE
"Vitvi04g00099","Rpv12+1+3",0,5,4,3,1,2,2,2,1,2,0,4,2,TRUE,"Down",TRUE,TRUE
"Vitvi04g00350","Rpv12+1+3",0,5,4,3,1,2,2,2,1,2,0,4,2,TRUE,"Down",TRUE,TRUE
"Vitvi04g00644","Rpv12+1+3",0,5,5,3,1,2,2,2,2,2,1,4,2,TRUE,"Down",TRUE,TRUE
"Vitvi04g00646","Rpv12+1+3",0,5,5,3,1,2,2,2,2,2,0,4,0,TRUE,"Down",TRUE,TRUE
"Vitvi04g00838","Rpv12+1+3",0,5,5,3,1,2,2,2,2,2,0,4,3,TRUE,"Down",TRUE,TRUE
"Vitvi04g01163","Rpv12+1+3",0,5,4,3,1,2,2,2,1,2,0,4,2,TRUE,"Down",TRUE,TRUE
"Vitvi04g01471","Rpv12+1+3",0,5,5,3,1,2,2,2,2,2,0,4,2,TRUE,"Down",TRUE,TRUE
"Vitvi04g01555","Rpv12+1+3",0,5,5,3,1,2,2,2,2,2,0,4,2,TRUE,"Down",TRUE,TRUE
"Vitvi04g01643","Rpv12+1+3",0,5,5,3,1,2,2,2,2,2,0,4,2,TRUE,"Down",TRUE,TRUE
"Vitvi04g01740","Rpv12+1+3",0,5,4,3,1,2,2,2,1,2,0,4,2,TRUE,"Down",TRUE,TRUE
"Vitvi04g01887","Rpv12+1+3",0,5,4,3,1,2,2,2,1,2,0,4,2,TRUE,"Up",TRUE,TRUE
"Vitvi04g02114","Rpv12+1+3",0,5,5,3,1,2,2,2,2,2,2,4,3,TRUE,"Down",TRUE,TRUE
"Vitvi04g04001","Rpv12+1+3",0,5,5,3,1,2,2,2,2,2,0,4,0,TRUE,"Up",TRUE,TRUE
"Vitvi04g04009","Rpv12+1+3",0,5,5,3,1,2,2,2,2,2,2,4,2,TRUE,"Down",TRUE,TRUE
"Vitvi04g04010","Rpv12+1+3",0,5,5,3,1,2,2,2,2,2,2,4,2,TRUE,"Down",TRUE,TRUE
"Vitvi04g04011","Rpv12+1+3",0,5,5,3,1,2,2,2,2,2,2,4,2,TRUE,"Down",TRUE,TRUE
"Vitvi04g04080","Rpv12+1+3",0,5,4,3,1,2,2,2,1,2,0,4,2,TRUE,"Down",TRUE,TRUE
"Vitvi04g04232","Rpv12+1+3",0,5,5,3,1,2,2,2,2,2,1,4,3,TRUE,"Up",TRUE,TRUE
"Vitvi04g04296","Rpv12+1+3",0,5,5,3,1,2,2,2,2,2,1,4,3,TRUE,"Down",TRUE,TRUE
"Vitvi04g04448","Rpv12+1+3",0,5,5,3,1,2,2,2,2,2,1,4,3,TRUE,"Up",TRUE,TRUE
"Vitvi05g00110","Rpv12+1+3",0,5,5,3,1,2,2,2,2,2,0,4,2,TRUE,"Up",TRUE,TRUE
"Vitvi05g00139","Rpv12+1+3",0,5,5,3,1,2,2,2,2,2,0,4,2,TRUE,"Down",TRUE,TRUE
"Vitvi05g00170","Rpv12+1+3",0,5,4,3,1,2,2,2,1,2,1,4,2,TRUE,"Up",TRUE,TRUE
"Vitvi05g00177","Rpv12+1+3",0,5,4,3,1,2,2,2,1,2,0,4,2,TRUE,"Down",TRUE,TRUE
"Vitvi05g00350","Rpv12+1+3",0,5,4,3,1,2,2,2,1,2,0,4,3,TRUE,"Down",TRUE,TRUE
"Vitvi05g00604","Rpv12+1+3",0,5,5,3,1,2,2,2,2,2,1,4,3,TRUE,"Down",TRUE,TRUE
"Vitvi05g00652","Rpv12+1+3",0,5,4,3,1,2,2,2,1,2,0,4,3,TRUE,"Down",TRUE,TRUE
"Vitvi05g00681","Rpv12+1+3",0,5,4,3,1,2,2,2,1,2,0,4,2,TRUE,"Up",TRUE,TRUE
"Vitvi05g00726","Rpv12+1+3",0,5,5,3,1,2,2,2,2,2,2,4,2,TRUE,"Up",TRUE,TRUE
"Vitvi05g00886","Rpv12+1+3",0,5,4,3,1,2,2,2,1,2,0,4,2,TRUE,"Up",TRUE,TRUE
"Vitvi05g00888","Rpv12+1+3",0,5,4,3,1,2,2,2,1,2,0,4,2,TRUE,"Down",TRUE,TRUE
"Vitvi05g00953","Rpv12+1+3",0,5,4,3,1,2,2,2,1,2,0,4,2,TRUE,"Down",TRUE,TRUE
"Vitvi05g01159","Rpv12+1+3",0,5,5,3,1,2,2,2,2,2,1,4,3,TRUE,"Up",TRUE,TRUE
"Vitvi05g01399","Rpv12+1+3",0,5,5,3,1,2,2,2,2,2,1,4,3,TRUE,"Up",TRUE,TRUE
"Vitvi05g01400","Rpv12+1+3",0,5,4,3,1,2,2,2,1,2,1,4,2,TRUE,"Up",TRUE,TRUE
"Vitvi05g01435","Rpv12+1+3",0,5,5,3,1,2,2,2,2,2,0,4,2,TRUE,"Up",TRUE,TRUE
"Vitvi05g01464","Rpv12+1+3",0,5,4,3,1,2,2,2,1,2,0,4,2,TRUE,"Up",TRUE,TRUE
"Vitvi05g01494","Rpv12+1+3",0,5,4,3,1,2,2,2,1,2,0,4,3,TRUE,"Down",TRUE,TRUE
"Vitvi05g01579","Rpv12+1+3",0,5,5,3,1,2,2,2,2,2,2,4,2,TRUE,"Up",TRUE,TRUE
"Vitvi05g01672","Rpv12+1+3",0,5,5,3,1,2,2,2,2,2,1,4,2,TRUE,"Up",TRUE,TRUE
"Vitvi05g01674","Rpv12+1+3",0,5,4,3,1,2,2,2,1,2,2,4,2,TRUE,"Up",TRUE,TRUE
"Vitvi05g01950","Rpv12+1+3",0,5,4,3,1,2,2,2,1,2,2,4,2,TRUE,"Up",TRUE,TRUE
"Vitvi05g02074","Rpv12+1+3",0,5,4,3,1,2,2,2,1,2,0,4,2,TRUE,"Up",TRUE,TRUE
"Vitvi05g02082","Rpv12+1+3",0,5,5,3,1,2,2,2,2,2,1,4,2,TRUE,"Down",TRUE,TRUE
"Vitvi05g02096","Rpv12+1+3",0,5,4,3,1,2,2,2,1,2,0,4,1,TRUE,"Down",TRUE,TRUE
"Vitvi05g02170","Rpv12+1+3",0,5,4,3,1,2,2,2,1,2,1,4,3,TRUE,"Up",TRUE,TRUE
"Vitvi05g02228","Rpv12+1+3",0,5,4,3,1,2,2,2,1,2,0,4,1,TRUE,"Up",TRUE,TRUE
"Vitvi05g02234","Rpv12+1+3",0,5,5,3,1,2,2,2,2,2,1,4,2,TRUE,"Down",TRUE,TRUE
"Vitvi05g04062","Rpv12+1+3",0,5,4,3,1,2,2,2,1,2,0,4,2,TRUE,"Up",TRUE,TRUE
"Vitvi05g04157","Rpv12+1+3",0,5,4,3,1,2,2,2,1,2,0,4,0,TRUE,"Down",TRUE,TRUE
"Vitvi05g04232","Rpv12+1+3",0,5,5,3,1,2,2,2,2,2,1,4,3,TRUE,"Up",TRUE,TRUE
"Vitvi05g04293","Rpv12+1+3",0,5,5,3,1,2,2,2,2,2,0,4,2,TRUE,"Up",TRUE,TRUE
"Vitvi05g04298","Rpv12+1+3",0,5,5,3,1,2,2,2,2,2,0,4,0,TRUE,"Up",TRUE,TRUE
"Vitvi05g04312","Rpv12+1+3",0,5,5,3,1,2,2,2,2,2,1,4,3,TRUE,"Up",TRUE,TRUE
"Vitvi05g04355","Rpv12+1+3",0,5,4,3,1,2,2,2,1,2,0,4,2,TRUE,"Up",TRUE,TRUE
"Vitvi05g04413","Rpv12+1+3",0,5,5,3,1,2,2,2,2,2,0,4,2,TRUE,"Down",TRUE,TRUE
"Vitvi05g04474","Rpv12+1+3",0,5,4,3,1,2,2,2,1,2,0,4,0,TRUE,"Up",TRUE,TRUE
"Vitvi05g04477","Rpv12+1+3",0,5,4,3,1,2,2,2,1,2,1,4,2,TRUE,"Down",TRUE,TRUE
"Vitvi05g04487","Rpv12+1+3",0,5,5,3,1,2,2,2,2,2,1,4,2,TRUE,"Down",TRUE,TRUE
"Vitvi05g04494","Rpv12+1+3",0,5,5,3,1,2,2,2,2,2,2,4,2,TRUE,"Down",TRUE,TRUE
"Vitvi06g00303","Rpv12+1+3",0,5,4,3,1,2,2,2,1,2,0,4,2,TRUE,"Down",TRUE,TRUE
"Vitvi06g00465","Rpv12+1+3",0,5,4,3,1,2,2,2,1,2,1,4,2,TRUE,"Down",TRUE,TRUE
"Vitvi06g00541","Rpv12+1+3",0,5,4,3,1,2,2,2,1,2,0,4,2,TRUE,"Down",TRUE,TRUE
"Vitvi06g00680","Rpv12+1+3",0,5,5,3,1,2,2,2,2,2,0,4,2,TRUE,"Down",TRUE,TRUE
"Vitvi06g00693","Rpv12+1+3",0,5,4,3,1,2,2,2,1,2,0,4,2,TRUE,"Down",TRUE,TRUE
"Vitvi06g00759","Rpv12+1+3",0,5,5,3,1,2,2,2,2,2,1,4,3,TRUE,"Up",TRUE,TRUE
"Vitvi06g00903","Rpv12+1+3",0,5,4,3,1,2,2,2,1,2,0,4,3,TRUE,"Down",TRUE,TRUE
"Vitvi06g01097","Rpv12+1+3",0,5,5,3,1,2,2,2,2,2,1,4,2,TRUE,"Down",TRUE,TRUE
"Vitvi06g01327","Rpv12+1+3",0,5,4,3,1,2,2,2,1,2,0,4,3,TRUE,"Down",TRUE,TRUE
"Vitvi06g01536","Rpv12+1+3",0,5,4,3,1,2,2,2,1,2,0,4,2,TRUE,"Down",TRUE,TRUE
"Vitvi06g01618","Rpv12+1+3",0,5,5,3,1,2,2,2,2,2,1,4,3,TRUE,"Down",TRUE,TRUE
"Vitvi06g01725","Rpv12+1+3",0,5,4,3,1,2,2,2,1,2,0,4,2,TRUE,"Down",TRUE,TRUE
"Vitvi06g01937","Rpv12+1+3",0,5,4,3,1,2,2,2,1,2,0,4,2,TRUE,"Down",TRUE,TRUE
"Vitvi06g01945","Rpv12+1+3",0,5,4,3,1,2,2,2,1,2,0,4,2,TRUE,"Down",TRUE,TRUE
"Vitvi06g04048","Rpv12+1+3",0,5,5,3,1,2,2,2,2,2,1,4,2,TRUE,"Up",TRUE,TRUE
"Vitvi06g04118","Rpv12+1+3",0,5,5,3,1,2,2,2,2,2,0,4,0,TRUE,"Down",TRUE,TRUE
"Vitvi06g04121","Rpv12+1+3",0,5,5,3,1,2,2,2,2,2,2,4,2,TRUE,"Down",TRUE,TRUE
"Vitvi06g04173","Rpv12+1+3",0,5,5,3,1,2,2,2,2,2,1,4,3,TRUE,"Down",TRUE,TRUE
"Vitvi06g04257","Rpv12+1+3",0,5,5,3,1,2,2,2,2,2,0,4,1,TRUE,"Down",TRUE,TRUE
"Vitvi07g00217","Rpv12+1+3",0,5,5,3,1,2,2,2,2,2,0,4,2,TRUE,"Up",TRUE,TRUE
"Vitvi07g00283","Rpv12+1+3",0,5,4,3,1,2,2,2,1,2,0,4,2,TRUE,"Down",TRUE,TRUE
"Vitvi07g00293","Rpv12+1+3",0,5,4,3,1,2,2,2,1,2,0,4,2,TRUE,"Down",TRUE,TRUE
"Vitvi07g00329","Rpv12+1+3",0,5,4,3,1,2,2,2,1,2,0,4,2,TRUE,"Up",TRUE,TRUE
"Vitvi07g00388","Rpv12+1+3",0,5,5,3,1,2,2,2,2,2,0,4,1,TRUE,"Down",TRUE,TRUE
"Vitvi07g00515","Rpv12+1+3",0,5,4,3,1,2,2,2,1,2,0,4,2,TRUE,"Down",TRUE,TRUE
"Vitvi07g00586","Rpv12+1+3",0,5,4,3,1,2,2,2,1,2,0,4,2,TRUE,"Down",TRUE,TRUE
"Vitvi07g00664","Rpv12+1+3",0,5,5,3,1,2,2,2,2,2,1,4,3,TRUE,"Down",TRUE,TRUE
"Vitvi07g00890","Rpv12+1+3",0,5,5,3,1,2,2,2,2,2,2,4,2,TRUE,"Down",TRUE,TRUE
"Vitvi07g01097","Rpv12+1+3",0,5,5,3,1,2,2,2,2,2,1,4,3,TRUE,"Down",TRUE,TRUE
"Vitvi07g01250","Rpv12+1+3",0,5,4,3,1,2,2,2,1,2,0,4,2,TRUE,"Down",TRUE,TRUE
"Vitvi07g01315","Rpv12+1+3",0,5,5,3,1,2,2,2,2,2,2,4,3,TRUE,"Up",TRUE,TRUE
"Vitvi07g01342","Rpv12+1+3",0,5,4,3,1,2,2,2,1,2,0,4,2,TRUE,"Down",TRUE,TRUE
"Vitvi07g01354","Rpv12+1+3",0,5,4,3,1,2,2,2,1,2,0,4,2,TRUE,"Up",TRUE,TRUE
"Vitvi07g01394","Rpv12+1+3",0,5,4,3,1,2,2,2,1,2,0,4,2,TRUE,"Up",TRUE,TRUE
"Vitvi07g01407","Rpv12+1+3",0,5,5,3,1,2,2,2,2,2,1,4,2,TRUE,"Down",TRUE,TRUE
"Vitvi07g01415","Rpv12+1+3",0,5,5,3,1,2,2,2,2,2,0,4,2,TRUE,"Down",TRUE,TRUE
"Vitvi07g01699","Rpv12+1+3",0,5,4,3,1,2,2,2,1,2,0,4,3,TRUE,"Down",TRUE,TRUE
"Vitvi07g01718","Rpv12+1+3",0,5,5,3,1,2,2,2,2,2,0,4,1,TRUE,"Up",TRUE,TRUE
"Vitvi07g01719","Rpv12+1+3",0,5,5,3,1,2,2,2,2,2,0,4,1,TRUE,"Up",TRUE,TRUE
"Vitvi07g01732","Rpv12+1+3",0,5,4,3,1,2,2,2,1,2,0,4,2,TRUE,"Down",TRUE,TRUE
"Vitvi07g02000","Rpv12+1+3",0,5,4,3,1,2,2,2,1,2,0,4,2,TRUE,"Down",TRUE,TRUE
"Vitvi07g02062","Rpv12+1+3",0,5,4,3,1,2,2,2,1,2,0,4,1,TRUE,"Up",TRUE,TRUE
"Vitvi07g02246","Rpv12+1+3",0,5,5,3,1,2,2,2,2,2,2,4,3,TRUE,"Down",TRUE,TRUE
"Vitvi07g02323","Rpv12+1+3",0,5,5,3,1,2,2,2,2,2,2,4,2,TRUE,"Down",TRUE,TRUE
"Vitvi07g02362","Rpv12+1+3",0,5,4,3,1,2,2,2,1,2,1,4,2,TRUE,"Up",TRUE,TRUE
"Vitvi07g02402","Rpv12+1+3",0,5,5,3,1,2,2,2,2,2,1,4,2,TRUE,"Up",TRUE,TRUE
"Vitvi07g02588","Rpv12+1+3",0,5,4,3,1,2,2,2,1,2,0,4,2,TRUE,"Down",TRUE,TRUE
"Vitvi07g02832","Rpv12+1+3",0,5,5,3,1,2,2,2,2,2,1,4,2,TRUE,"Down",TRUE,TRUE
"Vitvi07g03086","Rpv12+1+3",0,5,5,3,1,2,2,2,2,2,1,4,2,TRUE,"Up",TRUE,TRUE
"Vitvi07g04261","Rpv12+1+3",0,5,4,3,1,2,2,2,1,2,0,4,2,TRUE,"Down",TRUE,TRUE
"Vitvi07g04265","Rpv12+1+3",0,5,5,3,1,2,2,2,2,2,0,4,1,TRUE,"Down",TRUE,TRUE
"Vitvi07g04338","Rpv12+1+3",0,5,5,3,1,2,2,2,2,2,1,4,2,TRUE,"Down",TRUE,TRUE
"Vitvi07g04339","Rpv12+1+3",0,5,5,3,1,2,2,2,2,2,1,4,2,TRUE,"Down",TRUE,TRUE
"Vitvi07g04340","Rpv12+1+3",0,5,5,3,1,2,2,2,2,2,1,4,3,TRUE,"Down",TRUE,TRUE
"Vitvi07g04371","Rpv12+1+3",0,5,5,3,1,2,2,2,2,2,1,4,2,TRUE,"Down",TRUE,TRUE
"Vitvi07g04372","Rpv12+1+3",0,5,4,3,1,2,2,2,1,2,0,4,2,TRUE,"Down",TRUE,TRUE
"Vitvi07g04373","Rpv12+1+3",0,5,5,3,1,2,2,2,2,2,0,4,2,TRUE,"Down",TRUE,TRUE
"Vitvi07g04480","Rpv12+1+3",0,5,4,3,1,2,2,2,1,2,0,4,2,TRUE,"Down",TRUE,TRUE
"Vitvi07g04548","Rpv12+1+3",0,5,4,3,1,2,2,2,1,2,0,4,2,TRUE,"Down",TRUE,TRUE
"Vitvi07g04561","Rpv12+1+3",0,5,5,3,1,2,2,2,2,2,1,4,2,TRUE,"Up",TRUE,TRUE
"Vitvi07g04623","Rpv12+1+3",0,5,4,3,1,2,2,2,1,2,0,4,2,TRUE,"Up",TRUE,TRUE
"Vitvi07g04661","Rpv12+1+3",0,5,4,3,1,2,2,2,1,2,0,4,2,TRUE,"Down",TRUE,TRUE
"Vitvi08g00235","Rpv12+1+3",0,5,4,3,1,2,2,2,1,2,0,4,2,TRUE,"Down",TRUE,TRUE
"Vitvi08g00662","Rpv12+1+3",0,5,5,3,1,2,2,2,2,2,0,4,2,TRUE,"Down",TRUE,TRUE
"Vitvi08g01185","Rpv12+1+3",0,5,5,3,1,2,2,2,2,2,0,4,2,TRUE,"Down",TRUE,TRUE
"Vitvi08g01235","Rpv12+1+3",0,5,5,3,1,2,2,2,2,2,2,4,2,TRUE,"Down",TRUE,TRUE
"Vitvi08g01498","Rpv12+1+3",0,5,5,3,1,2,2,2,2,2,0,4,2,TRUE,"Down",TRUE,TRUE
"Vitvi08g01561","Rpv12+1+3",0,5,4,3,1,2,2,2,1,2,0,4,2,TRUE,"Down",TRUE,TRUE
"Vitvi08g01572","Rpv12+1+3",0,5,5,3,1,2,2,2,2,2,2,4,3,TRUE,"Down",TRUE,TRUE
"Vitvi08g01617","Rpv12+1+3",0,5,5,3,1,2,2,2,2,2,0,4,2,TRUE,"Down",TRUE,TRUE
"Vitvi08g01744","Rpv12+1+3",0,5,4,3,1,2,2,2,1,2,0,4,2,TRUE,"Up",TRUE,TRUE
"Vitvi08g01843","Rpv12+1+3",0,5,4,3,1,2,2,2,1,2,0,4,2,TRUE,"Up",TRUE,TRUE
"Vitvi08g01846","Rpv12+1+3",0,5,5,3,1,2,2,2,2,2,1,4,2,TRUE,"Down",TRUE,TRUE
"Vitvi08g01881","Rpv12+1+3",0,5,4,3,1,2,2,2,1,2,0,4,2,TRUE,"Down",TRUE,TRUE
"Vitvi08g01897","Rpv12+1+3",0,5,4,3,1,2,2,2,1,2,0,4,2,TRUE,"Down",TRUE,TRUE
"Vitvi08g02147","Rpv12+1+3",0,5,4,3,1,2,2,2,1,2,0,4,2,TRUE,"Down",TRUE,TRUE
"Vitvi08g02162","Rpv12+1+3",0,5,4,3,1,2,2,2,1,2,0,4,2,TRUE,"Down",TRUE,TRUE
"Vitvi08g02166","Rpv12+1+3",0,5,5,3,1,2,2,2,2,2,0,4,2,TRUE,"Down",TRUE,TRUE
"Vitvi08g02218","Rpv12+1+3",0,5,5,3,1,2,2,2,2,2,1,4,4,TRUE,"Down",TRUE,TRUE
"Vitvi08g02238","Rpv12+1+3",0,5,5,3,1,2,2,2,2,2,1,4,2,TRUE,"Down",TRUE,TRUE
"Vitvi08g02412","Rpv12+1+3",0,5,4,3,1,2,2,2,1,2,0,4,2,TRUE,"Up",TRUE,TRUE
"Vitvi08g04123","Rpv12+1+3",0,5,4,3,1,2,2,2,1,2,0,4,3,TRUE,"Up",TRUE,TRUE
"Vitvi08g04277","Rpv12+1+3",0,5,5,3,1,2,2,2,2,2,1,4,2,TRUE,"Down",TRUE,TRUE
"Vitvi08g04284","Rpv12+1+3",0,5,5,3,1,2,2,2,2,2,1,4,2,TRUE,"Down",TRUE,TRUE
"Vitvi08g04367","Rpv12+1+3",0,5,4,3,1,2,2,2,1,2,0,4,2,TRUE,"Down",TRUE,TRUE
"Vitvi09g00419","Rpv12+1+3",0,5,5,3,1,2,2,2,2,2,2,4,2,TRUE,"Up",TRUE,TRUE
"Vitvi09g00535","Rpv12+1+3",0,5,5,3,1,2,2,2,2,2,1,4,3,TRUE,"Up",TRUE,TRUE
"Vitvi09g00536","Rpv12+1+3",0,5,4,3,1,2,2,2,1,2,0,4,2,TRUE,"Down",TRUE,TRUE
"Vitvi09g00867","Rpv12+1+3",0,5,5,3,1,2,2,2,2,2,2,4,2,TRUE,"Down",TRUE,TRUE
"Vitvi09g01214","Rpv12+1+3",0,5,5,3,1,2,2,2,2,2,2,4,3,TRUE,"Up",TRUE,TRUE
"Vitvi09g01233","Rpv12+1+3",0,5,4,3,1,2,2,2,1,2,0,4,2,TRUE,"Down",TRUE,TRUE
"Vitvi09g01309","Rpv12+1+3",0,5,4,3,1,2,2,2,1,2,0,4,2,TRUE,"Down",TRUE,TRUE
"Vitvi09g01329","Rpv12+1+3",0,5,5,3,1,2,2,2,2,2,0,4,0,TRUE,"Up",TRUE,TRUE
"Vitvi09g01376","Rpv12+1+3",0,5,5,3,1,2,2,2,2,2,1,4,3,TRUE,"Up",TRUE,TRUE
"Vitvi09g01414","Rpv12+1+3",0,5,4,3,1,2,2,2,1,2,0,4,2,TRUE,"Down",TRUE,TRUE
"Vitvi09g01587","Rpv12+1+3",0,5,5,3,1,2,2,2,2,2,1,4,2,TRUE,"Down",TRUE,TRUE
"Vitvi09g01592","Rpv12+1+3",0,5,5,3,1,2,2,2,2,2,2,4,3,TRUE,"Up",TRUE,TRUE
"Vitvi09g01646","Rpv12+1+3",0,5,4,3,1,2,2,2,1,2,0,4,2,TRUE,"Up",TRUE,TRUE
"Vitvi09g01650","Rpv12+1+3",0,5,5,3,1,2,2,2,2,2,0,4,2,TRUE,"Down",TRUE,TRUE
"Vitvi09g01764","Rpv12+1+3",0,5,5,3,1,2,2,2,2,2,0,4,2,TRUE,"Down",TRUE,TRUE
"Vitvi09g01807","Rpv12+1+3",0,5,5,3,1,2,2,2,2,2,1,4,2,TRUE,"Up",TRUE,TRUE
"Vitvi09g02033","Rpv12+1+3",0,5,5,3,1,2,2,2,2,2,2,4,2,TRUE,"Up",TRUE,TRUE
"Vitvi09g04078","Rpv12+1+3",0,5,5,3,1,2,2,2,2,2,1,4,2,TRUE,"Up",TRUE,TRUE
"Vitvi09g04094","Rpv12+1+3",0,5,5,3,1,2,2,2,2,2,1,4,2,TRUE,"Down",TRUE,TRUE
"Vitvi09g04166","Rpv12+1+3",0,5,5,3,1,2,2,2,2,2,0,4,1,TRUE,"Up",TRUE,TRUE
"Vitvi09g04211","Rpv12+1+3",0,5,5,3,1,2,2,2,2,2,0,4,0,TRUE,"Up",TRUE,TRUE
"Vitvi09g04212","Rpv12+1+3",0,5,5,3,1,2,2,2,2,2,0,4,2,TRUE,"Up",TRUE,TRUE
"Vitvi09g04222","Rpv12+1+3",0,5,5,3,1,2,2,2,2,2,1,4,2,TRUE,"Up",TRUE,TRUE
"Vitvi09g04231","Rpv12+1+3",0,5,5,3,1,2,2,2,2,2,0,4,2,TRUE,"Up",TRUE,TRUE
"Vitvi09g04264","Rpv12+1+3",0,5,5,3,1,2,2,2,2,2,0,4,0,TRUE,"Up",TRUE,TRUE
"Vitvi09g04280","Rpv12+1+3",0,5,5,3,1,2,2,2,2,2,0,4,2,TRUE,"Down",TRUE,TRUE
"Vitvi09g04286","Rpv12+1+3",0,5,5,3,1,2,2,2,2,2,0,4,1,TRUE,"Down",TRUE,TRUE
"Vitvi09g04415","Rpv12+1+3",0,5,5,3,1,2,2,2,2,2,1,4,2,TRUE,"Up",TRUE,TRUE
"Vitvi09g04416","Rpv12+1+3",0,5,5,3,1,2,2,2,2,2,1,4,3,TRUE,"Up",TRUE,TRUE
"Vitvi09g04421","Rpv12+1+3",0,5,4,3,1,2,2,2,1,2,0,4,2,TRUE,"Up",TRUE,TRUE
"Vitvi09g04473","Rpv12+1+3",0,5,4,3,1,2,2,2,1,2,1,4,2,TRUE,"Up",TRUE,TRUE
"Vitvi09g04537","Rpv12+1+3",0,5,5,3,1,2,2,2,2,2,0,4,2,TRUE,"Up",TRUE,TRUE
"Vitvi09g04564","Rpv12+1+3",0,5,5,3,1,2,2,2,2,2,1,4,3,TRUE,"Up",TRUE,TRUE
"Vitvi09g04595","Rpv12+1+3",0,5,5,3,1,2,2,2,2,2,0,4,0,TRUE,"Up",TRUE,TRUE
"Vitvi10g00196","Rpv12+1+3",0,5,4,3,1,2,2,2,1,2,0,4,2,TRUE,"Down",TRUE,TRUE
"Vitvi10g00213","Rpv12+1+3",0,5,4,3,1,2,2,2,1,2,0,4,2,TRUE,"Down",TRUE,TRUE
"Vitvi10g00290","Rpv12+1+3",0,5,4,3,1,2,2,2,1,2,0,4,2,TRUE,"Down",TRUE,TRUE
"Vitvi10g00372","Rpv12+1+3",0,5,5,3,1,2,2,2,2,2,0,4,2,TRUE,"Down",TRUE,TRUE
"Vitvi10g00436","Rpv12+1+3",0,5,4,3,1,2,2,2,1,2,0,4,2,TRUE,"Down",TRUE,TRUE
"Vitvi10g00509","Rpv12+1+3",0,5,5,3,1,2,2,2,2,2,0,4,2,TRUE,"Up",TRUE,TRUE
"Vitvi10g00685","Rpv12+1+3",0,5,4,3,1,2,2,2,1,2,0,4,2,TRUE,"Up",TRUE,TRUE
"Vitvi10g00740","Rpv12+1+3",0,5,5,3,1,2,2,2,2,2,1,4,2,TRUE,"Down",TRUE,TRUE
"Vitvi10g00903","Rpv12+1+3",0,5,4,3,1,2,2,2,1,2,1,4,2,TRUE,"Up",TRUE,TRUE
"Vitvi10g00977","Rpv12+1+3",0,5,5,3,1,2,2,2,2,2,1,4,2,TRUE,"Down",TRUE,TRUE
"Vitvi10g00984","Rpv12+1+3",0,5,5,3,1,2,2,2,2,2,1,4,2,TRUE,"Down",TRUE,TRUE
"Vitvi10g01457","Rpv12+1+3",0,5,5,3,1,2,2,2,2,2,0,4,1,TRUE,"Down",TRUE,TRUE
"Vitvi10g01686","Rpv12+1+3",0,5,4,3,1,2,2,2,1,2,0,4,2,TRUE,"Up",TRUE,TRUE
"Vitvi10g01952","Rpv12+1+3",0,5,5,3,1,2,2,2,2,2,0,4,1,TRUE,"Down",TRUE,TRUE
"Vitvi10g02177","Rpv12+1+3",0,5,4,3,1,2,2,2,1,2,0,4,2,TRUE,"Down",TRUE,TRUE
"Vitvi10g02268","Rpv12+1+3",0,5,4,3,1,2,2,2,1,2,0,4,2,TRUE,"Down",TRUE,TRUE
"Vitvi10g02283","Rpv12+1+3",0,5,4,3,1,2,2,2,1,2,0,4,2,TRUE,"Up",TRUE,TRUE
"Vitvi10g02309","Rpv12+1+3",0,5,4,3,1,2,2,2,1,2,0,4,2,TRUE,"Down",TRUE,TRUE
"Vitvi10g04029","Rpv12+1+3",0,5,5,3,1,2,2,2,2,2,0,4,1,TRUE,"Down",TRUE,TRUE
"Vitvi10g04031","Rpv12+1+3",0,5,5,3,1,2,2,2,2,2,1,4,2,TRUE,"Up",TRUE,TRUE
"Vitvi10g04044","Rpv12+1+3",0,5,4,3,1,2,2,2,1,2,1,4,3,TRUE,"Down",TRUE,TRUE
"Vitvi10g04054","Rpv12+1+3",0,5,4,3,1,2,2,2,1,2,0,4,2,TRUE,"Down",TRUE,TRUE
"Vitvi10g04063","Rpv12+1+3",0,5,5,3,1,2,2,2,2,2,0,4,1,TRUE,"Down",TRUE,TRUE
"Vitvi10g04085","Rpv12+1+3",0,5,5,3,1,2,2,2,2,2,1,4,2,TRUE,"Down",TRUE,TRUE
"Vitvi10g04236","Rpv12+1+3",0,5,5,3,1,2,2,2,2,2,1,4,2,TRUE,"Down",TRUE,TRUE
"Vitvi10g04280","Rpv12+1+3",0,5,5,3,1,2,2,2,2,2,2,4,2,TRUE,"Up",TRUE,TRUE
"Vitvi10g04281","Rpv12+1+3",0,5,4,3,1,2,2,2,1,2,1,4,2,TRUE,"Up",TRUE,TRUE
"Vitvi10g04388","Rpv12+1+3",0,5,4,3,1,2,2,2,1,2,0,4,2,TRUE,"Down",TRUE,TRUE
"Vitvi10g04504","Rpv12+1+3",0,5,5,3,1,2,2,2,2,2,1,4,2,TRUE,"Down",TRUE,TRUE
"Vitvi10g04650","Rpv12+1+3",0,5,4,3,1,2,2,2,1,2,0,4,2,TRUE,"Down",TRUE,TRUE
"Vitvi10g04691","Rpv12+1+3",0,5,5,3,1,2,2,2,2,2,0,4,0,TRUE,"Up",TRUE,TRUE
"Vitvi11g00014","Rpv12+1+3",0,5,4,3,1,2,2,2,1,2,0,4,2,TRUE,"Down",TRUE,TRUE
"Vitvi11g00098","Rpv12+1+3",0,5,4,3,1,2,2,2,1,2,0,4,2,TRUE,"Down",TRUE,TRUE
"Vitvi11g00217","Rpv12+1+3",0,5,5,3,1,2,2,2,2,2,2,4,2,TRUE,"Down",TRUE,TRUE
"Vitvi11g00286","Rpv12+1+3",0,5,5,3,1,2,2,2,2,2,2,4,2,TRUE,"Down",TRUE,TRUE
"Vitvi11g01474","Rpv12+1+3",0,5,5,3,1,2,2,2,2,2,0,4,2,TRUE,"Down",TRUE,TRUE
"Vitvi11g04267","Rpv12+1+3",0,5,5,3,1,2,2,2,2,2,1,4,2,TRUE,"Down",TRUE,TRUE
"Vitvi12g00036","Rpv12+1+3",0,5,4,3,1,2,2,2,1,2,1,4,2,TRUE,"Down",TRUE,TRUE
"Vitvi12g00117","Rpv12+1+3",0,5,5,3,1,2,2,2,2,2,0,4,2,TRUE,"Down",TRUE,TRUE
"Vitvi12g00208","Rpv12+1+3",0,5,4,3,1,2,2,2,1,2,0,4,2,TRUE,"Up",TRUE,TRUE
"Vitvi12g01776","Rpv12+1+3",0,5,5,3,1,2,2,2,2,2,2,4,2,TRUE,"Down",TRUE,TRUE
"Vitvi12g01881","Rpv12+1+3",0,5,5,3,1,2,2,2,2,2,2,4,3,TRUE,"Up",TRUE,TRUE
"Vitvi12g01882","Rpv12+1+3",0,5,5,3,1,2,2,2,2,2,0,4,2,TRUE,"Up",TRUE,TRUE
"Vitvi12g01885","Rpv12+1+3",0,5,5,3,1,2,2,2,2,2,2,4,2,TRUE,"Up",TRUE,TRUE
"Vitvi12g01921","Rpv12+1+3",0,5,5,3,1,2,2,2,2,2,0,4,2,TRUE,"Up",TRUE,TRUE
"Vitvi12g01939","Rpv12+1+3",0,5,5,3,1,2,2,2,2,2,2,4,2,TRUE,"Up",TRUE,TRUE
"Vitvi12g02011","Rpv12+1+3",0,5,5,3,1,2,2,2,2,2,2,4,2,TRUE,"Up",TRUE,TRUE
"Vitvi12g02066","Rpv12+1+3",0,5,5,3,1,2,2,2,2,2,2,4,2,TRUE,"Down",TRUE,TRUE
"Vitvi12g02137","Rpv12+1+3",0,5,4,3,1,2,2,2,1,2,0,4,2,TRUE,"Down",TRUE,TRUE
"Vitvi12g02191","Rpv12+1+3",0,5,5,3,1,2,2,2,2,2,2,4,2,TRUE,"Up",TRUE,TRUE
"Vitvi12g02194","Rpv12+1+3",0,5,5,3,1,2,2,2,2,2,0,4,0,TRUE,"Down",TRUE,TRUE
"Vitvi12g02198","Rpv12+1+3",0,5,5,3,1,2,2,2,2,2,0,4,0,TRUE,"Down",TRUE,TRUE
"Vitvi12g02318","Rpv12+1+3",0,5,4,3,1,2,2,2,1,2,1,4,1,TRUE,"Up",TRUE,TRUE
"Vitvi12g02454","Rpv12+1+3",0,5,5,3,1,2,2,2,2,2,1,4,3,TRUE,"Down",TRUE,TRUE
"Vitvi12g02474","Rpv12+1+3",0,5,4,3,1,2,2,2,1,2,0,4,2,TRUE,"Down",TRUE,TRUE
"Vitvi12g02621","Rpv12+1+3",0,5,5,3,1,2,2,2,2,2,1,4,3,TRUE,"Down",TRUE,TRUE
"Vitvi12g02678","Rpv12+1+3",0,5,4,3,1,2,2,2,1,2,0,4,2,TRUE,"Up",TRUE,TRUE
"Vitvi12g02682","Rpv12+1+3",0,5,4,3,1,2,2,2,1,2,0,4,1,TRUE,"Up",TRUE,TRUE
"Vitvi12g02701","Rpv12+1+3",0,5,5,3,1,2,2,2,2,2,1,4,2,TRUE,"Down",TRUE,TRUE
"Vitvi12g02705","Rpv12+1+3",0,5,5,3,1,2,2,2,2,2,1,4,2,TRUE,"Down",TRUE,TRUE
"Vitvi12g02727","Rpv12+1+3",0,5,5,3,1,2,2,2,2,2,0,4,2,TRUE,"Up",TRUE,TRUE
"Vitvi12g02753","Rpv12+1+3",0,5,5,3,1,2,2,2,2,2,1,4,2,TRUE,"Down",TRUE,TRUE
"Vitvi12g02758","Rpv12+1+3",0,5,5,3,1,2,2,2,2,2,0,4,2,TRUE,"Up",TRUE,TRUE
"Vitvi12g04084","Rpv12+1+3",0,5,5,3,1,2,2,2,2,2,1,4,2,TRUE,"Down",TRUE,TRUE
"Vitvi12g04108","Rpv12+1+3",0,5,5,3,1,2,2,2,2,2,2,4,2,TRUE,"Up",TRUE,TRUE
"Vitvi12g04185","Rpv12+1+3",0,5,5,3,1,2,2,2,2,2,1,4,3,TRUE,"Down",TRUE,TRUE
"Vitvi12g04373","Rpv12+1+3",0,5,5,3,1,2,2,2,2,2,0,4,1,TRUE,"Up",TRUE,TRUE
"Vitvi12g04404","Rpv12+1+3",0,5,5,3,1,2,2,2,2,2,2,4,3,TRUE,"Up",TRUE,TRUE
"Vitvi12g04440","Rpv12+1+3",0,5,5,3,1,2,2,2,2,2,0,4,2,TRUE,"Up",TRUE,TRUE
"Vitvi12g04463","Rpv12+1+3",0,5,5,3,1,2,2,2,2,2,0,4,2,TRUE,"Up",TRUE,TRUE
"Vitvi12g04477","Rpv12+1+3",0,5,4,3,1,2,2,2,1,2,0,4,2,TRUE,"Down",TRUE,TRUE
"Vitvi12g04498","Rpv12+1+3",0,5,5,3,1,2,2,2,2,2,1,4,3,TRUE,"Up",TRUE,TRUE
"Vitvi12g04510","Rpv12+1+3",0,5,5,3,1,2,2,2,2,2,0,4,2,TRUE,"Down",TRUE,TRUE
"Vitvi12g04518","Rpv12+1+3",0,5,5,3,1,2,2,2,2,2,0,4,1,TRUE,"Up",TRUE,TRUE
"Vitvi12g04523","Rpv12+1+3",0,5,5,3,1,2,2,2,2,2,0,4,3,TRUE,"Up",TRUE,TRUE
"Vitvi12g04526","Rpv12+1+3",0,5,5,3,1,2,2,2,2,2,1,4,2,TRUE,"Down",TRUE,TRUE
"Vitvi12g04535","Rpv12+1+3",0,5,4,3,1,2,2,2,1,2,0,4,2,TRUE,"Up",TRUE,TRUE
"Vitvi12g04536","Rpv12+1+3",0,5,4,3,1,2,2,2,1,2,0,4,2,TRUE,"Up",TRUE,TRUE
"Vitvi12g04543","Rpv12+1+3",0,5,5,3,1,2,2,2,2,2,1,4,3,TRUE,"Up",TRUE,TRUE
"Vitvi12g04545","Rpv12+1+3",0,5,5,3,1,2,2,2,2,2,1,4,2,TRUE,"Up",TRUE,TRUE
"Vitvi12g04548","Rpv12+1+3",0,5,5,3,1,2,2,2,2,2,1,4,3,TRUE,"Up",TRUE,TRUE
"Vitvi12g04563","Rpv12+1+3",0,5,5,3,1,2,2,2,2,2,2,4,2,TRUE,"Down",TRUE,TRUE
"Vitvi12g04595","Rpv12+1+3",0,5,5,3,1,2,2,2,2,2,0,4,2,TRUE,"Down",TRUE,TRUE
"Vitvi12g04596","Rpv12+1+3",0,5,5,3,1,2,2,2,2,2,1,4,2,TRUE,"Up",TRUE,TRUE
"Vitvi12g04597","Rpv12+1+3",0,5,5,3,1,2,2,2,2,2,2,4,3,TRUE,"Up",TRUE,TRUE
"Vitvi12g04598","Rpv12+1+3",0,5,5,3,1,2,2,2,2,2,2,4,4,TRUE,"Up",TRUE,TRUE
"Vitvi12g04607","Rpv12+1+3",0,5,5,3,1,2,2,2,2,2,2,4,3,TRUE,"Up",TRUE,TRUE
"Vitvi12g04626","Rpv12+1+3",0,5,4,3,1,2,2,2,1,2,0,4,0,TRUE,"Down",TRUE,TRUE
"Vitvi12g04630","Rpv12+1+3",0,5,5,3,1,2,2,2,2,2,2,4,2,TRUE,"Down",TRUE,TRUE
"Vitvi13g00095","Rpv12+1+3",0,5,5,3,1,2,2,2,2,2,2,4,2,TRUE,"Down",TRUE,TRUE
"Vitvi13g00156","Rpv12+1+3",0,5,4,3,1,2,2,2,1,2,0,4,2,TRUE,"Down",TRUE,TRUE
"Vitvi13g00387","Rpv12+1+3",0,5,5,3,1,2,2,2,2,2,0,4,1,TRUE,"Down",TRUE,TRUE
"Vitvi13g00590","Rpv12+1+3",0,5,5,3,1,2,2,2,2,2,0,4,3,TRUE,"Down",TRUE,TRUE
"Vitvi13g00714","Rpv12+1+3",0,5,4,3,1,2,2,2,1,2,1,4,2,TRUE,"Up",TRUE,TRUE
"Vitvi13g00852","Rpv12+1+3",0,5,4,3,1,2,2,2,1,2,0,4,2,TRUE,"Down",TRUE,TRUE
"Vitvi13g01098","Rpv12+1+3",0,5,4,3,1,2,2,2,1,2,1,4,2,TRUE,"Up",TRUE,TRUE
"Vitvi13g01179","Rpv12+1+3",0,5,5,3,1,2,2,2,2,2,0,4,1,TRUE,"Down",TRUE,TRUE
"Vitvi13g01300","Rpv12+1+3",0,5,4,3,1,2,2,2,1,2,0,4,2,TRUE,"Down",TRUE,TRUE
"Vitvi13g01323","Rpv12+1+3",0,5,4,3,1,2,2,2,1,2,0,4,2,TRUE,"Up",TRUE,TRUE
"Vitvi13g01468","Rpv12+1+3",0,5,5,3,1,2,2,2,2,2,2,4,2,TRUE,"Down",TRUE,TRUE
"Vitvi13g01550","Rpv12+1+3",0,5,5,3,1,2,2,2,2,2,1,4,2,TRUE,"Down",TRUE,TRUE
"Vitvi13g01608","Rpv12+1+3",0,5,5,3,1,2,2,2,2,2,1,4,3,TRUE,"Down",TRUE,TRUE
"Vitvi13g01616","Rpv12+1+3",0,5,5,3,1,2,2,2,2,2,0,4,3,TRUE,"Down",TRUE,TRUE
"Vitvi13g01634","Rpv12+1+3",0,5,4,3,1,2,2,2,1,2,0,4,2,TRUE,"Down",TRUE,TRUE
"Vitvi13g01638","Rpv12+1+3",0,5,5,3,1,2,2,2,2,2,2,4,2,TRUE,"Down",TRUE,TRUE
"Vitvi13g01796","Rpv12+1+3",0,5,4,3,1,2,2,2,1,2,0,4,2,TRUE,"Up",TRUE,TRUE
"Vitvi13g01851","Rpv12+1+3",0,5,5,3,1,2,2,2,2,2,0,4,2,TRUE,"Down",TRUE,TRUE
"Vitvi13g01855","Rpv12+1+3",0,5,4,3,1,2,2,2,1,2,0,4,2,TRUE,"Down",TRUE,TRUE
"Vitvi13g01889","Rpv12+1+3",0,5,5,3,1,2,2,2,2,2,2,4,3,TRUE,"Up",TRUE,TRUE
"Vitvi13g01903","Rpv12+1+3",0,5,5,3,1,2,2,2,2,2,2,4,2,TRUE,"Down",TRUE,TRUE
"Vitvi13g01932","Rpv12+1+3",0,5,4,3,1,2,2,2,1,2,2,4,2,TRUE,"Down",TRUE,TRUE
"Vitvi13g02005","Rpv12+1+3",0,5,5,3,1,2,2,2,2,2,2,4,2,TRUE,"Down",TRUE,TRUE
"Vitvi13g02083","Rpv12+1+3",0,5,4,3,1,2,2,2,1,2,1,4,3,TRUE,"Down",TRUE,TRUE
"Vitvi13g02222","Rpv12+1+3",0,5,4,3,1,2,2,2,1,2,0,4,1,TRUE,"Down",TRUE,TRUE
"Vitvi13g02238","Rpv12+1+3",0,5,5,3,1,2,2,2,2,2,0,4,2,TRUE,"Down",TRUE,TRUE
"Vitvi13g02285","Rpv12+1+3",0,5,5,3,1,2,2,2,2,2,0,4,2,TRUE,"Up",TRUE,TRUE
"Vitvi13g02344","Rpv12+1+3",0,5,5,3,1,2,2,2,2,2,1,4,2,TRUE,"Down",TRUE,TRUE
"Vitvi13g02354","Rpv12+1+3",0,5,4,3,1,2,2,2,1,2,0,4,2,TRUE,"Down",TRUE,TRUE
"Vitvi13g02360","Rpv12+1+3",0,5,5,3,1,2,2,2,2,2,1,4,2,TRUE,"Down",TRUE,TRUE
"Vitvi13g02465","Rpv12+1+3",0,5,4,3,1,2,2,2,1,2,0,4,1,TRUE,"Down",TRUE,TRUE
"Vitvi13g02551","Rpv12+1+3",0,5,4,3,1,2,2,2,1,2,1,4,2,TRUE,"Up",TRUE,TRUE
"Vitvi13g02553","Rpv12+1+3",0,5,5,3,1,2,2,2,2,2,0,4,1,TRUE,"Up",TRUE,TRUE
"Vitvi13g04210","Rpv12+1+3",0,5,5,3,1,2,2,2,2,2,0,4,2,TRUE,"Down",TRUE,TRUE
"Vitvi13g04231","Rpv12+1+3",0,5,5,3,1,2,2,2,2,2,0,4,2,TRUE,"Down",TRUE,TRUE
"Vitvi13g04233","Rpv12+1+3",0,5,4,3,1,2,2,2,1,2,0,4,2,TRUE,"Down",TRUE,TRUE
"Vitvi13g04289","Rpv12+1+3",0,5,4,3,1,2,2,2,1,2,0,4,3,TRUE,"Down",TRUE,TRUE
"Vitvi13g04371","Rpv12+1+3",0,5,4,3,1,2,2,2,1,2,0,4,1,TRUE,"Down",TRUE,TRUE
"Vitvi13g04419","Rpv12+1+3",0,5,4,3,1,2,2,2,1,2,0,4,2,TRUE,"Up",TRUE,TRUE
"Vitvi13g04420","Rpv12+1+3",0,5,5,3,1,2,2,2,2,2,0,4,2,TRUE,"Up",TRUE,TRUE
"Vitvi13g04421","Rpv12+1+3",0,5,5,3,1,2,2,2,2,2,1,4,2,TRUE,"Up",TRUE,TRUE
"Vitvi13g04427","Rpv12+1+3",0,5,5,3,1,2,2,2,2,2,0,4,1,TRUE,"Up",TRUE,TRUE
"Vitvi13g04443","Rpv12+1+3",0,5,5,3,1,2,2,2,2,2,1,4,2,TRUE,"Up",TRUE,TRUE
"Vitvi13g04444","Rpv12+1+3",0,5,5,3,1,2,2,2,2,2,0,4,0,TRUE,"Down",TRUE,TRUE
"Vitvi13g04446","Rpv12+1+3",0,5,5,3,1,2,2,2,2,2,0,4,1,TRUE,"Up",TRUE,TRUE
"Vitvi13g04459","Rpv12+1+3",0,5,5,3,1,2,2,2,2,2,0,4,1,TRUE,"Up",TRUE,TRUE
"Vitvi13g04521","Rpv12+1+3",0,5,5,3,1,2,2,2,2,2,1,4,2,TRUE,"Down",TRUE,TRUE
"Vitvi13g04528","Rpv12+1+3",0,5,5,3,1,2,2,2,2,2,2,4,3,TRUE,"Down",TRUE,TRUE
"Vitvi13g04529","Rpv12+1+3",0,5,5,3,1,2,2,2,2,2,2,4,2,TRUE,"Down",TRUE,TRUE
"Vitvi13g04536","Rpv12+1+3",0,5,5,3,1,2,2,2,2,2,0,4,2,TRUE,"Down",TRUE,TRUE
"Vitvi13g04537","Rpv12+1+3",0,5,5,3,1,2,2,2,2,2,1,4,2,TRUE,"Down",TRUE,TRUE
"Vitvi13g04539","Rpv12+1+3",0,5,4,3,1,2,2,2,1,2,0,4,2,TRUE,"Down",TRUE,TRUE
"Vitvi13g04540","Rpv12+1+3",0,5,5,3,1,2,2,2,2,2,0,4,2,TRUE,"Down",TRUE,TRUE
"Vitvi13g04585","Rpv12+1+3",0,5,4,3,1,2,2,2,1,2,0,4,1,TRUE,"Up",TRUE,TRUE
"Vitvi13g04677","Rpv12+1+3",0,5,5,3,1,2,2,2,2,2,0,4,2,TRUE,"Down",TRUE,TRUE
"Vitvi13g04696","Rpv12+1+3",0,5,4,3,1,2,2,2,1,2,0,4,2,TRUE,"Down",TRUE,TRUE
"Vitvi13g04698","Rpv12+1+3",0,5,4,3,1,2,2,2,1,2,0,4,2,TRUE,"Down",TRUE,TRUE
"Vitvi13g04699","Rpv12+1+3",0,5,5,3,1,2,2,2,2,2,2,4,2,TRUE,"Down",TRUE,TRUE
"Vitvi13g04706","Rpv12+1+3",0,5,5,3,1,2,2,2,2,2,2,4,2,TRUE,"Down",TRUE,TRUE
"Vitvi13g04709","Rpv12+1+3",0,5,5,3,1,2,2,2,2,2,0,4,2,TRUE,"Up",TRUE,TRUE
"Vitvi13g04782","Rpv12+1+3",0,5,5,3,1,2,2,2,2,2,0,4,0,TRUE,"Up",TRUE,TRUE
"Vitvi13g04785","Rpv12+1+3",0,5,4,3,1,2,2,2,1,2,0,4,2,TRUE,"Down",TRUE,TRUE
"Vitvi13g04786","Rpv12+1+3",0,5,4,3,1,2,2,2,1,2,0,4,2,TRUE,"Down",TRUE,TRUE
"Vitvi14g00065","Rpv12+1+3",0,5,4,3,1,2,2,2,1,2,0,4,2,TRUE,"Down",TRUE,TRUE
"Vitvi14g00087","Rpv12+1+3",0,5,4,3,1,2,2,2,1,2,0,4,2,TRUE,"Down",TRUE,TRUE
"Vitvi14g00656","Rpv12+1+3",0,5,5,3,1,2,2,2,2,2,0,4,1,TRUE,"Up",TRUE,TRUE
"Vitvi14g00668","Rpv12+1+3",0,5,5,3,1,2,2,2,2,2,2,4,3,TRUE,"Up",TRUE,TRUE
"Vitvi14g00707","Rpv12+1+3",0,5,5,3,1,2,2,2,2,2,0,4,1,TRUE,"Down",TRUE,TRUE
"Vitvi14g01575","Rpv12+1+3",0,5,4,3,1,2,2,2,1,2,0,4,2,TRUE,"Down",TRUE,TRUE
"Vitvi14g01763","Rpv12+1+3",0,5,5,3,1,2,2,2,2,2,0,4,2,TRUE,"Down",TRUE,TRUE
"Vitvi14g01926","Rpv12+1+3",0,5,5,3,1,2,2,2,2,2,2,4,2,TRUE,"Down",TRUE,TRUE
"Vitvi14g02524","Rpv12+1+3",0,5,5,3,1,2,2,2,2,2,0,4,0,TRUE,"Down",TRUE,TRUE
"Vitvi14g02580","Rpv12+1+3",0,5,4,3,1,2,2,2,1,2,0,4,3,TRUE,"Down",TRUE,TRUE
"Vitvi14g02663","Rpv12+1+3",0,5,5,3,1,2,2,2,2,2,2,4,2,TRUE,"Up",TRUE,TRUE
"Vitvi14g02707","Rpv12+1+3",0,5,5,3,1,2,2,2,2,2,1,4,2,TRUE,"Up",TRUE,TRUE
"Vitvi14g02869","Rpv12+1+3",0,5,5,3,1,2,2,2,2,2,1,4,2,TRUE,"Down",TRUE,TRUE
"Vitvi14g02888","Rpv12+1+3",0,5,4,3,1,2,2,2,1,2,0,4,2,TRUE,"Down",TRUE,TRUE
"Vitvi14g02923","Rpv12+1+3",0,5,4,3,1,2,2,2,1,2,0,4,2,TRUE,"Down",TRUE,TRUE
"Vitvi14g02930","Rpv12+1+3",0,5,5,3,1,2,2,2,2,2,1,4,3,TRUE,"Down",TRUE,TRUE
"Vitvi14g04248","Rpv12+1+3",0,5,5,3,1,2,2,2,2,2,1,4,2,TRUE,"Up",TRUE,TRUE
"Vitvi14g04255","Rpv12+1+3",0,5,5,3,1,2,2,2,2,2,1,4,2,TRUE,"Up",TRUE,TRUE
"Vitvi14g04449","Rpv12+1+3",0,5,5,3,1,2,2,2,2,2,0,4,2,TRUE,"Up",TRUE,TRUE
"Vitvi14g04450","Rpv12+1+3",0,5,5,3,1,2,2,2,2,2,0,4,2,TRUE,"Up",TRUE,TRUE
"Vitvi14g04501","Rpv12+1+3",0,5,4,3,1,2,2,2,1,2,0,4,1,TRUE,"Up",TRUE,TRUE
"Vitvi14g04632","Rpv12+1+3",0,5,4,3,1,2,2,2,1,2,0,4,3,TRUE,"Down",TRUE,TRUE
"Vitvi14g04653","Rpv12+1+3",0,5,5,3,1,2,2,2,2,2,0,4,2,TRUE,"Up",TRUE,TRUE
"Vitvi15g00331","Rpv12+1+3",0,5,5,3,1,2,2,2,2,2,0,4,3,TRUE,"Down",TRUE,TRUE
"Vitvi15g00641","Rpv12+1+3",0,5,5,3,1,2,2,2,2,2,0,4,2,TRUE,"Down",TRUE,TRUE
"Vitvi15g00690","Rpv12+1+3",0,5,4,3,1,2,2,2,1,2,0,4,2,TRUE,"Down",TRUE,TRUE
"Vitvi15g00721","Rpv12+1+3",0,5,4,3,1,2,2,2,1,2,0,4,2,TRUE,"Down",TRUE,TRUE
"Vitvi15g00835","Rpv12+1+3",0,5,4,3,1,2,2,2,1,2,0,4,2,TRUE,"Down",TRUE,TRUE
"Vitvi15g00885","Rpv12+1+3",0,5,4,3,1,2,2,2,1,2,1,4,3,TRUE,"Down",TRUE,TRUE
"Vitvi15g00916","Rpv12+1+3",0,5,4,3,1,2,2,2,1,2,0,4,3,TRUE,"Down",TRUE,TRUE
"Vitvi15g01247","Rpv12+1+3",0,5,5,3,1,2,2,2,2,2,2,4,3,TRUE,"Up",TRUE,TRUE
"Vitvi15g01483","Rpv12+1+3",0,5,5,3,1,2,2,2,2,2,1,4,2,TRUE,"Down",TRUE,TRUE
"Vitvi15g01617","Rpv12+1+3",0,5,5,3,1,2,2,2,2,2,0,4,2,TRUE,"Up",TRUE,TRUE
"Vitvi15g01618","Rpv12+1+3",0,5,5,3,1,2,2,2,2,2,0,4,2,TRUE,"Down",TRUE,TRUE
"Vitvi15g01686","Rpv12+1+3",0,5,5,3,1,2,2,2,2,2,0,4,2,TRUE,"Up",TRUE,TRUE
"Vitvi15g01687","Rpv12+1+3",0,5,5,3,1,2,2,2,2,2,1,4,3,TRUE,"Down",TRUE,TRUE
"Vitvi15g04001","Rpv12+1+3",0,5,4,3,1,2,2,2,1,2,0,4,2,TRUE,"Down",TRUE,TRUE
"Vitvi15g04163","Rpv12+1+3",0,5,4,3,1,2,2,2,1,2,0,4,2,TRUE,"Down",TRUE,TRUE
"Vitvi15g04177","Rpv12+1+3",0,5,4,3,1,2,2,2,1,2,0,4,2,TRUE,"Down",TRUE,TRUE
"Vitvi15g04365","Rpv12+1+3",0,5,5,3,1,2,2,2,2,2,0,4,2,TRUE,"Up",TRUE,TRUE
"Vitvi15g04378","Rpv12+1+3",0,5,5,3,1,2,2,2,2,2,1,4,2,TRUE,"Up",TRUE,TRUE
"Vitvi15g04379","Rpv12+1+3",0,5,5,3,1,2,2,2,2,2,1,4,2,TRUE,"Up",TRUE,TRUE
"Vitvi15g04400","Rpv12+1+3",0,5,5,3,1,2,2,2,2,2,0,4,2,TRUE,"Down",TRUE,TRUE
"Vitvi15g04461","Rpv12+1+3",0,5,5,3,1,2,2,2,2,2,2,4,3,TRUE,"Up",TRUE,TRUE
"Vitvi15g04501","Rpv12+1+3",0,5,5,3,1,2,2,2,2,2,1,4,2,TRUE,"Down",TRUE,TRUE
"Vitvi15g04598","Rpv12+1+3",0,5,5,3,1,2,2,2,2,2,1,4,2,TRUE,"Down",TRUE,TRUE
"Vitvi15g04655","Rpv12+1+3",0,5,4,3,1,2,2,2,1,2,0,4,3,TRUE,"Down",TRUE,TRUE
"Vitvi16g00160","Rpv12+1+3",0,5,5,3,1,2,2,2,2,2,0,4,2,TRUE,"Down",TRUE,TRUE
"Vitvi16g00609","Rpv12+1+3",0,5,5,3,1,2,2,2,2,2,0,4,3,TRUE,"Down",TRUE,TRUE
"Vitvi16g00636","Rpv12+1+3",0,5,4,3,1,2,2,2,1,2,0,4,2,TRUE,"Down",TRUE,TRUE
"Vitvi16g00878","Rpv12+1+3",0,5,4,3,1,2,2,2,1,2,0,4,2,TRUE,"Down",TRUE,TRUE
"Vitvi16g00894","Rpv12+1+3",0,5,4,3,1,2,2,2,1,2,0,4,0,TRUE,"Down",TRUE,TRUE
"Vitvi16g00901","Rpv12+1+3",0,5,5,3,1,2,2,2,2,2,1,4,2,TRUE,"Down",TRUE,TRUE
"Vitvi16g01081","Rpv12+1+3",0,5,5,3,1,2,2,2,2,2,1,4,3,TRUE,"Up",TRUE,TRUE
"Vitvi16g01126","Rpv12+1+3",0,5,4,3,1,2,2,2,1,2,0,4,2,TRUE,"Down",TRUE,TRUE
"Vitvi16g01141","Rpv12+1+3",0,5,5,3,1,2,2,2,2,2,1,4,2,TRUE,"Down",TRUE,TRUE
"Vitvi16g01418","Rpv12+1+3",0,5,4,3,1,2,2,2,1,2,0,4,2,TRUE,"Down",TRUE,TRUE
"Vitvi16g01442","Rpv12+1+3",0,5,4,3,1,2,2,2,1,2,0,4,2,TRUE,"Down",TRUE,TRUE
"Vitvi16g01542","Rpv12+1+3",0,5,4,3,1,2,2,2,1,2,0,4,2,TRUE,"Down",TRUE,TRUE
"Vitvi16g01733","Rpv12+1+3",0,5,5,3,1,2,2,2,2,2,2,4,3,TRUE,"Up",TRUE,TRUE
"Vitvi16g01753","Rpv12+1+3",0,5,4,3,1,2,2,2,1,2,0,4,2,TRUE,"Down",TRUE,TRUE
"Vitvi16g01769","Rpv12+1+3",0,5,5,3,1,2,2,2,2,2,1,4,3,TRUE,"Down",TRUE,TRUE
"Vitvi16g01796","Rpv12+1+3",0,5,5,3,1,2,2,2,2,2,0,4,2,TRUE,"Up",TRUE,TRUE
"Vitvi16g01874","Rpv12+1+3",0,5,4,3,1,2,2,2,1,2,0,4,2,TRUE,"Down",TRUE,TRUE
"Vitvi16g01935","Rpv12+1+3",0,5,5,3,1,2,2,2,2,2,0,4,0,TRUE,"Up",TRUE,TRUE
"Vitvi16g01938","Rpv12+1+3",0,5,5,3,1,2,2,2,2,2,1,4,3,TRUE,"Down",TRUE,TRUE
"Vitvi16g02061","Rpv12+1+3",0,5,5,3,1,2,2,2,2,2,0,4,2,TRUE,"Up",TRUE,TRUE
"Vitvi16g04134","Rpv12+1+3",0,5,4,3,1,2,2,2,1,2,0,4,1,TRUE,"Down",TRUE,TRUE
"Vitvi16g04154","Rpv12+1+3",0,5,5,3,1,2,2,2,2,2,1,4,3,TRUE,"Up",TRUE,TRUE
"Vitvi16g04219","Rpv12+1+3",0,5,5,3,1,2,2,2,2,2,0,4,3,TRUE,"Up",TRUE,TRUE
"Vitvi16g04222","Rpv12+1+3",0,5,5,3,1,2,2,2,2,2,1,4,2,TRUE,"Up",TRUE,TRUE
"Vitvi16g04254","Rpv12+1+3",0,5,5,3,1,2,2,2,2,2,0,4,0,TRUE,"Down",TRUE,TRUE
"Vitvi16g04263","Rpv12+1+3",0,5,5,3,1,2,2,2,2,2,0,4,1,TRUE,"Down",TRUE,TRUE
"Vitvi16g04296","Rpv12+1+3",0,5,4,3,1,2,2,2,1,2,2,4,3,TRUE,"Down",TRUE,TRUE
"Vitvi16g04376","Rpv12+1+3",0,5,4,3,1,2,2,2,1,2,0,4,2,TRUE,"Down",TRUE,TRUE
"Vitvi16g04388","Rpv12+1+3",0,5,5,3,1,2,2,2,2,2,1,4,2,TRUE,"Down",TRUE,TRUE
"Vitvi16g04389","Rpv12+1+3",0,5,5,3,1,2,2,2,2,2,2,4,2,TRUE,"Down",TRUE,TRUE
"Vitvi16g04491","Rpv12+1+3",0,5,5,3,1,2,2,2,2,2,1,4,2,TRUE,"Down",TRUE,TRUE
"Vitvi17g00139","Rpv12+1+3",0,5,4,3,1,2,2,2,1,2,0,4,2,TRUE,"Down",TRUE,TRUE
"Vitvi17g00175","Rpv12+1+3",0,5,4,3,1,2,2,2,1,2,0,4,2,TRUE,"Down",TRUE,TRUE
"Vitvi17g00339","Rpv12+1+3",0,5,5,3,1,2,2,2,2,2,2,4,3,TRUE,"Up",TRUE,TRUE
"Vitvi17g00340","Rpv12+1+3",0,5,5,3,1,2,2,2,2,2,2,4,3,TRUE,"Up",TRUE,TRUE
"Vitvi17g00479","Rpv12+1+3",0,5,4,3,1,2,2,2,1,2,0,4,2,TRUE,"Down",TRUE,TRUE
"Vitvi17g00480","Rpv12+1+3",0,5,4,3,1,2,2,2,1,2,0,4,2,TRUE,"Down",TRUE,TRUE
"Vitvi17g00622","Rpv12+1+3",0,5,5,3,1,2,2,2,2,2,1,4,2,TRUE,"Up",TRUE,TRUE
"Vitvi17g00700","Rpv12+1+3",0,5,5,3,1,2,2,2,2,2,0,4,3,TRUE,"Down",TRUE,TRUE
"Vitvi17g00704","Rpv12+1+3",0,5,5,3,1,2,2,2,2,2,1,4,2,TRUE,"Down",TRUE,TRUE
"Vitvi17g00719","Rpv12+1+3",0,5,4,3,1,2,2,2,1,2,1,4,2,TRUE,"Down",TRUE,TRUE
"Vitvi17g00722","Rpv12+1+3",0,5,4,3,1,2,2,2,1,2,0,4,2,TRUE,"Down",TRUE,TRUE
"Vitvi17g00838","Rpv12+1+3",0,5,5,3,1,2,2,2,2,2,0,4,2,TRUE,"Up",TRUE,TRUE
"Vitvi17g01015","Rpv12+1+3",0,5,5,3,1,2,2,2,2,2,2,4,2,TRUE,"Down",TRUE,TRUE
"Vitvi17g01203","Rpv12+1+3",0,5,4,3,1,2,2,2,1,2,0,4,2,TRUE,"Down",TRUE,TRUE
"Vitvi17g01228","Rpv12+1+3",0,5,5,3,1,2,2,2,2,2,0,4,2,TRUE,"Down",TRUE,TRUE
"Vitvi17g01373","Rpv12+1+3",0,5,5,3,1,2,2,2,2,2,0,4,3,TRUE,"Up",TRUE,TRUE
"Vitvi17g01380","Rpv12+1+3",0,5,5,3,1,2,2,2,2,2,1,4,2,TRUE,"Down",TRUE,TRUE
"Vitvi17g01495","Rpv12+1+3",0,5,5,3,1,2,2,2,2,2,2,4,2,TRUE,"Up",TRUE,TRUE
"Vitvi17g01499","Rpv12+1+3",0,5,5,3,1,2,2,2,2,2,1,4,2,TRUE,"Down",TRUE,TRUE
"Vitvi17g01520","Rpv12+1+3",0,5,4,3,1,2,2,2,1,2,0,4,2,TRUE,"Down",TRUE,TRUE
"Vitvi17g01564","Rpv12+1+3",0,5,4,3,1,2,2,2,1,2,0,4,2,TRUE,"Down",TRUE,TRUE
"Vitvi17g04095","Rpv12+1+3",0,5,5,3,1,2,2,2,2,2,0,4,2,TRUE,"Down",TRUE,TRUE
"Vitvi17g04130","Rpv12+1+3",0,5,5,3,1,2,2,2,2,2,0,4,2,TRUE,"Up",TRUE,TRUE
"Vitvi17g04171","Rpv12+1+3",0,5,5,3,1,2,2,2,2,2,1,4,3,TRUE,"Down",TRUE,TRUE
"Vitvi17g04238","Rpv12+1+3",0,5,4,3,1,2,2,2,1,2,0,4,1,TRUE,"Up",TRUE,TRUE
"Vitvi17g04289","Rpv12+1+3",0,5,5,3,1,2,2,2,2,2,0,4,2,TRUE,"Up",TRUE,TRUE
"Vitvi18g00106","Rpv12+1+3",0,5,4,3,1,2,2,2,1,2,0,4,2,TRUE,"Up",TRUE,TRUE
"Vitvi18g00174","Rpv12+1+3",0,5,5,3,1,2,2,2,2,2,1,4,2,TRUE,"Down",TRUE,TRUE
"Vitvi18g00190","Rpv12+1+3",0,5,4,3,1,2,2,2,1,2,0,4,2,TRUE,"Down",TRUE,TRUE
"Vitvi18g00191","Rpv12+1+3",0,5,5,3,1,2,2,2,2,2,1,4,3,TRUE,"Up",TRUE,TRUE
"Vitvi18g00291","Rpv12+1+3",0,5,4,3,1,2,2,2,1,2,1,4,2,TRUE,"Up",TRUE,TRUE
"Vitvi18g00307","Rpv12+1+3",0,5,5,3,1,2,2,2,2,2,0,4,0,TRUE,"Down",TRUE,TRUE
"Vitvi18g00422","Rpv12+1+3",0,5,4,3,1,2,2,2,1,2,2,4,4,TRUE,"Down",TRUE,TRUE
"Vitvi18g00462","Rpv12+1+3",0,5,5,3,1,2,2,2,2,2,1,4,3,TRUE,"Down",TRUE,TRUE
"Vitvi18g00473","Rpv12+1+3",0,5,5,3,1,2,2,2,2,2,2,4,3,TRUE,"Down",TRUE,TRUE
"Vitvi18g00479","Rpv12+1+3",0,5,5,3,1,2,2,2,2,2,0,4,2,TRUE,"Up",TRUE,TRUE
"Vitvi18g00878","Rpv12+1+3",0,5,5,3,1,2,2,2,2,2,1,4,3,TRUE,"Up",TRUE,TRUE
"Vitvi18g01390","Rpv12+1+3",0,5,5,3,1,2,2,2,2,2,0,4,2,TRUE,"Up",TRUE,TRUE
"Vitvi18g01617","Rpv12+1+3",0,5,4,3,1,2,2,2,1,2,0,4,2,TRUE,"Up",TRUE,TRUE
"Vitvi18g01959","Rpv12+1+3",0,5,5,3,1,2,2,2,2,2,2,4,2,TRUE,"Up",TRUE,TRUE
"Vitvi18g01980","Rpv12+1+3",0,5,5,3,1,2,2,2,2,2,2,4,3,TRUE,"Up",TRUE,TRUE
"Vitvi18g01992","Rpv12+1+3",0,5,5,3,1,2,2,2,2,2,0,4,2,TRUE,"Down",TRUE,TRUE
"Vitvi18g02167","Rpv12+1+3",0,5,5,3,1,2,2,2,2,2,2,4,2,TRUE,"Up",TRUE,TRUE
"Vitvi18g02180","Rpv12+1+3",0,5,4,3,1,2,2,2,1,2,1,4,2,TRUE,"Down",TRUE,TRUE
"Vitvi18g02222","Rpv12+1+3",0,5,5,3,1,2,2,2,2,2,0,4,3,TRUE,"Down",TRUE,TRUE
"Vitvi18g02375","Rpv12+1+3",0,5,4,3,1,2,2,2,1,2,0,4,2,TRUE,"Up",TRUE,TRUE
"Vitvi18g02417","Rpv12+1+3",0,5,4,3,1,2,2,2,1,2,0,4,2,TRUE,"Down",TRUE,TRUE
"Vitvi18g02479","Rpv12+1+3",0,5,5,3,1,2,2,2,2,2,0,4,2,TRUE,"Down",TRUE,TRUE
"Vitvi18g02490","Rpv12+1+3",0,5,5,3,1,2,2,2,2,2,0,4,3,TRUE,"Up",TRUE,TRUE
"Vitvi18g02584","Rpv12+1+3",0,5,4,3,1,2,2,2,1,2,0,4,2,TRUE,"Down",TRUE,TRUE
"Vitvi18g02617","Rpv12+1+3",0,5,4,3,1,2,2,2,1,2,0,4,2,TRUE,"Down",TRUE,TRUE
"Vitvi18g02663","Rpv12+1+3",0,5,5,3,1,2,2,2,2,2,0,4,2,TRUE,"Down",TRUE,TRUE
"Vitvi18g02695","Rpv12+1+3",0,5,5,3,1,2,2,2,2,2,1,4,3,TRUE,"Up",TRUE,TRUE
"Vitvi18g02720","Rpv12+1+3",0,5,4,3,1,2,2,2,1,2,1,4,2,TRUE,"Down",TRUE,TRUE
"Vitvi18g02819","Rpv12+1+3",0,5,4,3,1,2,2,2,1,2,1,4,2,TRUE,"Up",TRUE,TRUE
"Vitvi18g02824","Rpv12+1+3",0,5,5,3,1,2,2,2,2,2,1,4,2,TRUE,"Down",TRUE,TRUE
"Vitvi18g03366","Rpv12+1+3",0,5,4,3,1,2,2,2,1,2,0,4,2,TRUE,"Up",TRUE,TRUE
"Vitvi18g03383","Rpv12+1+3",0,5,5,3,1,2,2,2,2,2,1,4,3,TRUE,"Down",TRUE,TRUE
"Vitvi18g04003","Rpv12+1+3",0,5,5,3,1,2,2,2,2,2,2,4,2,TRUE,"Down",TRUE,TRUE
"Vitvi18g04004","Rpv12+1+3",0,5,5,3,1,2,2,2,2,2,2,4,2,TRUE,"Down",TRUE,TRUE
"Vitvi18g04095","Rpv12+1+3",0,5,4,3,1,2,2,2,1,2,0,4,2,TRUE,"Down",TRUE,TRUE
"Vitvi18g04176","Rpv12+1+3",0,5,5,3,1,2,2,2,2,2,1,4,3,TRUE,"Down",TRUE,TRUE
"Vitvi18g04440","Rpv12+1+3",0,5,5,3,1,2,2,2,2,2,1,4,2,TRUE,"Up",TRUE,TRUE
"Vitvi18g04534","Rpv12+1+3",0,5,4,3,1,2,2,2,1,2,0,4,2,TRUE,"Down",TRUE,TRUE
"Vitvi18g04555","Rpv12+1+3",0,5,4,3,1,2,2,2,1,2,0,4,3,TRUE,"Up",TRUE,TRUE
"Vitvi18g04625","Rpv12+1+3",0,5,5,3,1,2,2,2,2,2,1,4,2,TRUE,"Down",TRUE,TRUE
"Vitvi18g04629","Rpv12+1+3",0,5,5,3,1,2,2,2,2,2,0,4,2,TRUE,"Up",TRUE,TRUE
"Vitvi18g04640","Rpv12+1+3",0,5,5,3,1,2,2,2,2,2,2,4,2,TRUE,"Down",TRUE,TRUE
"Vitvi18g04642","Rpv12+1+3",0,5,5,3,1,2,2,2,2,2,1,4,3,TRUE,"Down",TRUE,TRUE
"Vitvi18g04643","Rpv12+1+3",0,5,5,3,1,2,2,2,2,2,1,4,2,TRUE,"Down",TRUE,TRUE
"Vitvi18g04646","Rpv12+1+3",0,5,5,3,1,2,2,2,2,2,2,4,2,TRUE,"Up",TRUE,TRUE
"Vitvi18g04656","Rpv12+1+3",0,5,5,3,1,2,2,2,2,2,1,4,2,TRUE,"Down",TRUE,TRUE
"Vitvi18g04660","Rpv12+1+3",0,5,5,3,1,2,2,2,2,2,2,4,3,TRUE,"Up",TRUE,TRUE
"Vitvi18g04749","Rpv12+1+3",0,5,5,3,1,2,2,2,2,2,1,4,2,TRUE,"Up",TRUE,TRUE
"Vitvi18g04771","Rpv12+1+3",0,5,4,3,1,2,2,2,1,2,0,4,2,TRUE,"Down",TRUE,TRUE
"Vitvi19g00166","Rpv12+1+3",0,5,5,3,1,2,2,2,2,2,0,4,0,TRUE,"Up",TRUE,TRUE
"Vitvi19g00270","Rpv12+1+3",0,5,4,3,1,2,2,2,1,2,0,4,3,TRUE,"Up",TRUE,TRUE
"Vitvi19g00275","Rpv12+1+3",0,5,4,3,1,2,2,2,1,2,0,4,2,TRUE,"Down",TRUE,TRUE
"Vitvi19g00476","Rpv12+1+3",0,5,5,3,1,2,2,2,2,2,2,4,2,TRUE,"Down",TRUE,TRUE
"Vitvi19g00586","Rpv12+1+3",0,5,4,3,1,2,2,2,1,2,0,4,2,TRUE,"Down",TRUE,TRUE
"Vitvi19g00709","Rpv12+1+3",0,5,5,3,1,2,2,2,2,2,0,4,2,TRUE,"Down",TRUE,TRUE
"Vitvi19g00735","Rpv12+1+3",0,5,4,3,1,2,2,2,1,2,0,4,2,TRUE,"Down",TRUE,TRUE
"Vitvi19g00978","Rpv12+1+3",0,5,5,3,1,2,2,2,2,2,1,4,3,TRUE,"Up",TRUE,TRUE
"Vitvi19g01307","Rpv12+1+3",0,5,5,3,1,2,2,2,2,2,1,4,3,TRUE,"Up",TRUE,TRUE
"Vitvi19g01484","Rpv12+1+3",0,5,4,3,1,2,2,2,1,2,0,4,3,TRUE,"Up",TRUE,TRUE
"Vitvi19g01610","Rpv12+1+3",0,5,5,3,1,2,2,2,2,2,2,4,3,TRUE,"Down",TRUE,TRUE
"Vitvi19g01612","Rpv12+1+3",0,5,5,3,1,2,2,2,2,2,2,4,3,TRUE,"Down",TRUE,TRUE
"Vitvi19g01648","Rpv12+1+3",0,5,4,3,1,2,2,2,1,2,0,4,0,TRUE,"Down",TRUE,TRUE
"Vitvi19g01720","Rpv12+1+3",0,5,5,3,1,2,2,2,2,2,2,4,4,TRUE,"Up",TRUE,TRUE
"Vitvi19g01790","Rpv12+1+3",0,5,5,3,1,2,2,2,2,2,2,4,2,TRUE,"Down",TRUE,TRUE
"Vitvi19g01793","Rpv12+1+3",0,5,5,3,1,2,2,2,2,2,0,4,2,TRUE,"Down",TRUE,TRUE
"Vitvi19g02165","Rpv12+1+3",0,5,4,3,1,2,2,2,1,2,0,4,2,TRUE,"Up",TRUE,TRUE
"Vitvi19g02186","Rpv12+1+3",0,5,5,3,1,2,2,2,2,2,0,4,1,TRUE,"Down",TRUE,TRUE
"Vitvi19g04006","Rpv12+1+3",0,5,5,3,1,2,2,2,2,2,1,4,2,TRUE,"Up",TRUE,TRUE
"Vitvi19g04070","Rpv12+1+3",0,5,5,3,1,2,2,2,2,2,0,4,2,TRUE,"Up",TRUE,TRUE
"Vitvi19g04074","Rpv12+1+3",0,5,5,3,1,2,2,2,2,2,0,4,0,TRUE,"Up",TRUE,TRUE
"Vitvi19g04105","Rpv12+1+3",0,5,5,3,1,2,2,2,2,2,0,4,2,TRUE,"Up",TRUE,TRUE
"Vitvi19g04110","Rpv12+1+3",0,5,5,3,1,2,2,2,2,2,1,4,2,TRUE,"Up",TRUE,TRUE
"Vitvi19g04122","Rpv12+1+3",0,5,5,3,1,2,2,2,2,2,0,4,1,TRUE,"Down",TRUE,TRUE
"Vitvi19g04193","Rpv12+1+3",0,5,5,3,1,2,2,2,2,2,1,4,4,TRUE,"Down",TRUE,TRUE
"Vitvi19g04259","Rpv12+1+3",0,5,5,3,1,2,2,2,2,2,2,4,2,TRUE,"Down",TRUE,TRUE
"Vitvi19g04339","Rpv12+1+3",0,5,5,3,1,2,2,2,2,2,0,4,2,TRUE,"Up",TRUE,TRUE
"Vitvi19g04349","Rpv12+1+3",0,5,5,3,1,2,2,2,2,2,0,4,2,TRUE,"Down",TRUE,TRUE
"Vitvi19g04530","Rpv12+1+3",0,5,5,3,1,2,2,2,2,2,0,4,2,TRUE,"Down",TRUE,TRUE
"Vitvi19g04531","Rpv12+1+3",0,5,5,3,1,2,2,2,2,2,0,4,2,TRUE,"Down",TRUE,TRUE
"Vitvi19g04533","Rpv12+1+3",0,5,4,3,1,2,2,2,1,2,0,4,1,TRUE,"Down",TRUE,TRUE
"Vitvi19g04572","Rpv12+1+3",0,5,5,3,1,2,2,2,2,2,2,4,3,TRUE,"Down",TRUE,TRUE
"Vitvi19g04600","Rpv12+1+3",0,5,5,3,1,2,2,2,2,2,0,4,3,TRUE,"Down",TRUE,TRUE
"Vitvi00g00859","Rpv12+1+3",6,5,5,3,1,2,2,2,2,2,0,4,2,TRUE,"Down",TRUE,TRUE
"Vitvi00g04005","Rpv12+1+3",6,5,5,3,1,2,2,2,2,2,0,4,2,TRUE,"Up",TRUE,TRUE
"Vitvi00g04006","Rpv12+1+3",6,5,5,3,1,2,2,2,2,2,2,4,2,TRUE,"Up",TRUE,TRUE
"Vitvi00g04017","Rpv12+1+3",6,5,5,3,1,2,2,2,2,2,1,4,3,TRUE,"Down",TRUE,TRUE
"Vitvi00g04022","Rpv12+1+3",6,5,5,3,1,2,2,2,2,2,1,4,3,TRUE,"Down",TRUE,TRUE
"Vitvi00g04024","Rpv12+1+3",6,5,5,3,1,2,2,2,2,2,0,4,3,TRUE,"Down",TRUE,TRUE
"Vitvi00g04037","Rpv12+1+3",6,5,5,3,1,2,2,2,2,2,1,4,3,TRUE,"Down",TRUE,TRUE
"Vitvi00g04251","Rpv12+1+3",6,5,5,3,1,2,2,2,2,2,0,4,0,TRUE,"Up",TRUE,TRUE
"Vitvi00g04274","Rpv12+1+3",6,5,4,3,1,2,2,2,1,2,0,4,2,TRUE,"Down",TRUE,TRUE
"Vitvi00g04275","Rpv12+1+3",6,5,5,3,1,2,2,2,2,2,1,4,2,TRUE,"Down",TRUE,TRUE
"Vitvi00g04449","Rpv12+1+3",6,5,5,3,1,2,2,2,2,2,2,4,3,TRUE,"Up",TRUE,TRUE
"Vitvi00g04463","Rpv12+1+3",6,5,5,3,1,2,2,2,2,2,0,4,2,TRUE,"Up",TRUE,TRUE
"Vitvi00g04522","Rpv12+1+3",6,5,5,3,1,2,2,2,2,2,0,4,2,TRUE,"Down",TRUE,TRUE
"Vitvi00g04625","Rpv12+1+3",6,5,5,3,1,2,2,2,2,2,0,4,0,TRUE,"Down",TRUE,TRUE
"Vitvi00g04636","Rpv12+1+3",6,5,4,3,1,2,2,2,1,2,0,4,2,TRUE,"Down",TRUE,TRUE
"Vitvi00g04653","Rpv12+1+3",6,5,5,3,1,2,2,2,2,2,0,4,0,TRUE,"Up",TRUE,TRUE
"Vitvi00g04696","Rpv12+1+3",6,5,5,3,1,2,2,2,2,2,0,4,2,TRUE,"Down",TRUE,TRUE
"Vitvi00g04704","Rpv12+1+3",6,5,5,3,1,2,2,2,2,2,2,4,3,TRUE,"Up",TRUE,TRUE
"Vitvi00g04706","Rpv12+1+3",6,5,5,3,1,2,2,2,2,2,1,4,2,TRUE,"Up",TRUE,TRUE
"Vitvi00g04737","Rpv12+1+3",6,5,5,3,1,2,2,2,2,2,1,4,3,TRUE,"Down",TRUE,TRUE
"Vitvi00g04742","Rpv12+1+3",6,5,5,3,1,2,2,2,2,2,0,4,0,TRUE,"Down",TRUE,TRUE
"Vitvi00g04752","Rpv12+1+3",6,5,5,3,1,2,2,2,2,2,1,4,2,TRUE,"Up",TRUE,TRUE
"Vitvi01g00052","Rpv12+1+3",6,5,4,3,1,2,2,2,1,2,0,4,2,TRUE,"Down",TRUE,TRUE
"Vitvi01g00083","Rpv12+1+3",6,5,5,3,1,2,2,2,2,2,1,4,2,TRUE,"Down",TRUE,TRUE
"Vitvi01g00095","Rpv12+1+3",6,5,5,3,1,2,2,2,2,2,0,4,2,TRUE,"Down",TRUE,TRUE
"Vitvi01g00193","Rpv12+1+3",6,5,5,3,1,2,2,2,2,2,0,4,2,TRUE,"Up",TRUE,TRUE
"Vitvi01g00218","Rpv12+1+3",6,5,5,3,1,2,2,2,2,2,0,4,1,TRUE,"Down",TRUE,TRUE
"Vitvi01g00241","Rpv12+1+3",6,5,4,3,1,2,2,2,1,2,0,4,2,TRUE,"Down",TRUE,TRUE
"Vitvi01g00258","Rpv12+1+3",6,5,5,3,1,2,2,2,2,2,0,4,2,TRUE,"Down",TRUE,TRUE
"Vitvi01g00282","Rpv12+1+3",6,5,5,3,1,2,2,2,2,2,0,4,2,TRUE,"Up",TRUE,TRUE
"Vitvi01g00290","Rpv12+1+3",6,5,5,3,1,2,2,2,2,2,0,4,0,TRUE,"Down",TRUE,TRUE
"Vitvi01g00317","Rpv12+1+3",6,5,4,3,1,2,2,2,1,2,0,4,2,TRUE,"Up",TRUE,TRUE
"Vitvi01g00325","Rpv12+1+3",6,5,5,3,1,2,2,2,2,2,0,4,2,TRUE,"Down",TRUE,TRUE
"Vitvi01g00337","Rpv12+1+3",6,5,4,3,1,2,2,2,1,2,1,4,2,TRUE,"Down",TRUE,TRUE
"Vitvi01g00394","Rpv12+1+3",6,5,5,3,1,2,2,2,2,2,0,4,2,TRUE,"Down",TRUE,TRUE
"Vitvi01g00441","Rpv12+1+3",6,5,5,3,1,2,2,2,2,2,0,4,2,TRUE,"Down",TRUE,TRUE
"Vitvi01g00463","Rpv12+1+3",6,5,5,3,1,2,2,2,2,2,2,4,2,TRUE,"Down",TRUE,TRUE
"Vitvi01g00555","Rpv12+1+3",6,5,4,3,1,2,2,2,1,2,0,4,2,TRUE,"Up",TRUE,TRUE
"Vitvi01g00556","Rpv12+1+3",6,5,4,3,1,2,2,2,1,2,0,4,2,TRUE,"Up",TRUE,TRUE
"Vitvi01g00558","Rpv12+1+3",6,5,5,3,1,2,2,2,2,2,2,4,2,TRUE,"Down",TRUE,TRUE
"Vitvi01g00612","Rpv12+1+3",6,5,5,3,1,2,2,2,2,2,2,4,2,TRUE,"Down",TRUE,TRUE
"Vitvi01g00656","Rpv12+1+3",6,5,5,3,1,2,2,2,2,2,2,4,2,TRUE,"Down",TRUE,TRUE
"Vitvi01g00695","Rpv12+1+3",6,5,5,3,1,2,2,2,2,2,0,4,2,TRUE,"Down",TRUE,TRUE
"Vitvi01g00747","Rpv12+1+3",6,5,4,3,1,2,2,2,1,2,1,4,2,TRUE,"Down",TRUE,TRUE
"Vitvi01g00784","Rpv12+1+3",6,5,5,3,1,2,2,2,2,2,1,4,2,TRUE,"Down",TRUE,TRUE
"Vitvi01g00810","Rpv12+1+3",6,5,4,3,1,2,2,2,1,2,0,4,2,TRUE,"Down",TRUE,TRUE
"Vitvi01g00842","Rpv12+1+3",6,5,5,3,1,2,2,2,2,2,0,4,2,TRUE,"Down",TRUE,TRUE
"Vitvi01g00864","Rpv12+1+3",6,5,4,3,1,2,2,2,1,2,0,4,3,TRUE,"Down",TRUE,TRUE
"Vitvi01g00900","Rpv12+1+3",6,5,4,3,1,2,2,2,1,2,0,4,2,TRUE,"Down",TRUE,TRUE
"Vitvi01g00944","Rpv12+1+3",6,5,4,3,1,2,2,2,1,2,0,4,2,TRUE,"Down",TRUE,TRUE
"Vitvi01g01006","Rpv12+1+3",6,5,4,3,1,2,2,2,1,2,0,4,4,TRUE,"Down",TRUE,TRUE
"Vitvi01g01021","Rpv12+1+3",6,5,4,3,1,2,2,2,1,2,0,4,2,TRUE,"Up",TRUE,TRUE
"Vitvi01g01037","Rpv12+1+3",6,5,5,3,1,2,2,2,2,2,0,4,1,TRUE,"Up",TRUE,TRUE
"Vitvi01g01038","Rpv12+1+3",6,5,5,3,1,2,2,2,2,2,0,4,2,TRUE,"Up",TRUE,TRUE
"Vitvi01g01307","Rpv12+1+3",6,5,5,3,1,2,2,2,2,2,0,4,0,TRUE,"Down",TRUE,TRUE
"Vitvi01g01561","Rpv12+1+3",6,5,5,3,1,2,2,2,2,2,2,4,2,TRUE,"Down",TRUE,TRUE
"Vitvi01g01578","Rpv12+1+3",6,5,5,3,1,2,2,2,2,2,2,4,3,TRUE,"Down",TRUE,TRUE
"Vitvi01g01644","Rpv12+1+3",6,5,5,3,1,2,2,2,2,2,0,4,2,TRUE,"Down",TRUE,TRUE
"Vitvi01g01657","Rpv12+1+3",6,5,5,3,1,2,2,2,2,2,0,4,2,TRUE,"Down",TRUE,TRUE
"Vitvi01g01680","Rpv12+1+3",6,5,4,3,1,2,2,2,1,2,0,4,2,TRUE,"Up",TRUE,TRUE
"Vitvi01g01701","Rpv12+1+3",6,5,5,3,1,2,2,2,2,2,0,4,2,TRUE,"Down",TRUE,TRUE
"Vitvi01g01751","Rpv12+1+3",6,5,5,3,1,2,2,2,2,2,2,4,2,TRUE,"Down",TRUE,TRUE
"Vitvi01g01835","Rpv12+1+3",6,5,5,3,1,2,2,2,2,2,0,4,2,TRUE,"Down",TRUE,TRUE
"Vitvi01g01907","Rpv12+1+3",6,5,4,3,1,2,2,2,1,2,0,4,2,TRUE,"Down",TRUE,TRUE
"Vitvi01g01998","Rpv12+1+3",6,5,5,3,1,2,2,2,2,2,2,4,2,TRUE,"Down",TRUE,TRUE
"Vitvi01g02072","Rpv12+1+3",6,5,5,3,1,2,2,2,2,2,2,4,3,TRUE,"Up",TRUE,TRUE
"Vitvi01g02242","Rpv12+1+3",6,5,5,3,1,2,2,2,2,2,1,4,3,TRUE,"Down",TRUE,TRUE
"Vitvi01g04002","Rpv12+1+3",6,5,5,3,1,2,2,2,2,2,0,4,2,TRUE,"Up",TRUE,TRUE
"Vitvi01g04052","Rpv12+1+3",6,5,5,3,1,2,2,2,2,2,0,4,3,TRUE,"Down",TRUE,TRUE
"Vitvi01g04082","Rpv12+1+3",6,5,5,3,1,2,2,2,2,2,0,4,2,TRUE,"Down",TRUE,TRUE
"Vitvi01g04115","Rpv12+1+3",6,5,4,3,1,2,2,2,1,2,2,4,3,TRUE,"Down",TRUE,TRUE
"Vitvi01g04190","Rpv12+1+3",6,5,5,3,1,2,2,2,2,2,0,4,2,TRUE,"Up",TRUE,TRUE
"Vitvi01g04191","Rpv12+1+3",6,5,5,3,1,2,2,2,2,2,1,4,3,TRUE,"Up",TRUE,TRUE
"Vitvi01g04206","Rpv12+1+3",6,5,5,3,1,2,2,2,2,2,0,4,0,TRUE,"Up",TRUE,TRUE
"Vitvi01g04207","Rpv12+1+3",6,5,5,3,1,2,2,2,2,2,1,4,2,TRUE,"Up",TRUE,TRUE
"Vitvi01g04261","Rpv12+1+3",6,5,5,3,1,2,2,2,2,2,0,4,2,TRUE,"Up",TRUE,TRUE
"Vitvi01g04267","Rpv12+1+3",6,5,4,3,1,2,2,2,1,2,0,4,2,TRUE,"Down",TRUE,TRUE
"Vitvi01g04468","Rpv12+1+3",6,5,4,3,1,2,2,2,1,2,0,4,2,TRUE,"Down",TRUE,TRUE
"Vitvi02g00022","Rpv12+1+3",6,5,4,3,1,2,2,2,1,2,1,4,2,TRUE,"Down",TRUE,TRUE
"Vitvi02g00032","Rpv12+1+3",6,5,5,3,1,2,2,2,2,2,2,4,2,TRUE,"Down",TRUE,TRUE
"Vitvi02g00056","Rpv12+1+3",6,5,5,3,1,2,2,2,2,2,1,4,2,TRUE,"Up",TRUE,TRUE
"Vitvi02g00070","Rpv12+1+3",6,5,4,3,1,2,2,2,1,2,0,4,2,TRUE,"Down",TRUE,TRUE
"Vitvi02g00086","Rpv12+1+3",6,5,5,3,1,2,2,2,2,2,1,4,2,TRUE,"Down",TRUE,TRUE
"Vitvi02g00093","Rpv12+1+3",6,5,5,3,1,2,2,2,2,2,0,4,2,TRUE,"Down",TRUE,TRUE
"Vitvi02g00118","Rpv12+1+3",6,5,5,3,1,2,2,2,2,2,0,4,2,TRUE,"Down",TRUE,TRUE
"Vitvi02g00239","Rpv12+1+3",6,5,5,3,1,2,2,2,2,2,0,4,2,TRUE,"Down",TRUE,TRUE
"Vitvi02g00242","Rpv12+1+3",6,5,5,3,1,2,2,2,2,2,0,4,2,TRUE,"Down",TRUE,TRUE
"Vitvi02g00327","Rpv12+1+3",6,5,5,3,1,2,2,2,2,2,0,4,2,TRUE,"Down",TRUE,TRUE
"Vitvi02g00416","Rpv12+1+3",6,5,5,3,1,2,2,2,2,2,0,4,2,TRUE,"Down",TRUE,TRUE
"Vitvi02g00429","Rpv12+1+3",6,5,5,3,1,2,2,2,2,2,2,4,2,TRUE,"Up",TRUE,TRUE
"Vitvi02g00436","Rpv12+1+3",6,5,5,3,1,2,2,2,2,2,2,4,2,TRUE,"Up",TRUE,TRUE
"Vitvi02g00446","Rpv12+1+3",6,5,5,3,1,2,2,2,2,2,1,4,2,TRUE,"Up",TRUE,TRUE
"Vitvi02g00476","Rpv12+1+3",6,5,5,3,1,2,2,2,2,2,0,4,2,TRUE,"Down",TRUE,TRUE
"Vitvi02g00605","Rpv12+1+3",6,5,4,3,1,2,2,2,1,2,0,4,2,TRUE,"Up",TRUE,TRUE
"Vitvi02g00666","Rpv12+1+3",6,5,5,3,1,2,2,2,2,2,0,4,2,TRUE,"Down",TRUE,TRUE
"Vitvi02g01215","Rpv12+1+3",6,5,4,3,1,2,2,2,1,2,0,4,2,TRUE,"Down",TRUE,TRUE
"Vitvi02g01236","Rpv12+1+3",6,5,5,3,1,2,2,2,2,2,0,4,2,TRUE,"Down",TRUE,TRUE
"Vitvi02g01288","Rpv12+1+3",6,5,4,3,1,2,2,2,1,2,0,4,2,TRUE,"Up",TRUE,TRUE
"Vitvi02g01355","Rpv12+1+3",6,5,5,3,1,2,2,2,2,2,0,4,2,TRUE,"Down",TRUE,TRUE
"Vitvi02g01486","Rpv12+1+3",6,5,5,3,1,2,2,2,2,2,0,4,2,TRUE,"Down",TRUE,TRUE
"Vitvi02g01559","Rpv12+1+3",6,5,4,3,1,2,2,2,1,2,0,4,2,TRUE,"Down",TRUE,TRUE
"Vitvi02g01621","Rpv12+1+3",6,5,5,3,1,2,2,2,2,2,0,4,1,TRUE,"Up",TRUE,TRUE
"Vitvi02g04035","Rpv12+1+3",6,5,5,3,1,2,2,2,2,2,0,4,2,TRUE,"Down",TRUE,TRUE
"Vitvi02g04106","Rpv12+1+3",6,5,4,3,1,2,2,2,1,2,0,4,2,TRUE,"Up",TRUE,TRUE
"Vitvi02g04144","Rpv12+1+3",6,5,4,3,1,2,2,2,1,2,0,4,2,TRUE,"Up",TRUE,TRUE
"Vitvi02g04155","Rpv12+1+3",6,5,5,3,1,2,2,2,2,2,0,4,2,TRUE,"Down",TRUE,TRUE
"Vitvi03g00125","Rpv12+1+3",6,5,5,3,1,2,2,2,2,2,0,4,2,TRUE,"Down",TRUE,TRUE
"Vitvi03g00183","Rpv12+1+3",6,5,5,3,1,2,2,2,2,2,0,4,2,TRUE,"Down",TRUE,TRUE
"Vitvi03g00227","Rpv12+1+3",6,5,4,3,1,2,2,2,1,2,0,4,2,TRUE,"Down",TRUE,TRUE
"Vitvi03g00251","Rpv12+1+3",6,5,4,3,1,2,2,2,1,2,0,4,2,TRUE,"Down",TRUE,TRUE
"Vitvi03g00312","Rpv12+1+3",6,5,4,3,1,2,2,2,1,2,0,4,2,TRUE,"Up",TRUE,TRUE
"Vitvi03g00315","Rpv12+1+3",6,5,5,3,1,2,2,2,2,2,0,4,2,TRUE,"Down",TRUE,TRUE
"Vitvi03g00325","Rpv12+1+3",6,5,4,3,1,2,2,2,1,2,0,4,2,TRUE,"Down",TRUE,TRUE
"Vitvi03g00413","Rpv12+1+3",6,5,4,3,1,2,2,2,1,2,0,4,2,TRUE,"Down",TRUE,TRUE
"Vitvi03g00527","Rpv12+1+3",6,5,4,3,1,2,2,2,1,2,0,4,2,TRUE,"Up",TRUE,TRUE
"Vitvi03g00537","Rpv12+1+3",6,5,5,3,1,2,2,2,2,2,2,4,2,TRUE,"Down",TRUE,TRUE
"Vitvi03g00553","Rpv12+1+3",6,5,5,3,1,2,2,2,2,2,2,4,2,TRUE,"Down",TRUE,TRUE
"Vitvi03g00610","Rpv12+1+3",6,5,5,3,1,2,2,2,2,2,1,4,3,TRUE,"Up",TRUE,TRUE
"Vitvi03g00638","Rpv12+1+3",6,5,5,3,1,2,2,2,2,2,0,4,2,TRUE,"Down",TRUE,TRUE
"Vitvi03g00661","Rpv12+1+3",6,5,5,3,1,2,2,2,2,2,0,4,2,TRUE,"Up",TRUE,TRUE
"Vitvi03g00692","Rpv12+1+3",6,5,5,3,1,2,2,2,2,2,2,4,2,TRUE,"Down",TRUE,TRUE
"Vitvi03g00702","Rpv12+1+3",6,5,4,3,1,2,2,2,1,2,0,4,2,TRUE,"Down",TRUE,TRUE
"Vitvi03g00745","Rpv12+1+3",6,5,5,3,1,2,2,2,2,2,0,4,2,TRUE,"Down",TRUE,TRUE
"Vitvi03g00752","Rpv12+1+3",6,5,5,3,1,2,2,2,2,2,2,4,3,TRUE,"Down",TRUE,TRUE
"Vitvi03g00786","Rpv12+1+3",6,5,5,3,1,2,2,2,2,2,0,4,2,TRUE,"Down",TRUE,TRUE
"Vitvi03g00841","Rpv12+1+3",6,5,4,3,1,2,2,2,1,2,0,4,2,TRUE,"Down",TRUE,TRUE
"Vitvi03g01198","Rpv12+1+3",6,5,5,3,1,2,2,2,2,2,0,4,0,TRUE,"Down",TRUE,TRUE
"Vitvi03g01200","Rpv12+1+3",6,5,5,3,1,2,2,2,2,2,0,4,2,TRUE,"Down",TRUE,TRUE
"Vitvi03g01255","Rpv12+1+3",6,5,4,3,1,2,2,2,1,2,0,4,2,TRUE,"Down",TRUE,TRUE
"Vitvi03g01336","Rpv12+1+3",6,5,4,3,1,2,2,2,1,2,0,4,0,TRUE,"Down",TRUE,TRUE
"Vitvi03g01351","Rpv12+1+3",6,5,4,3,1,2,2,2,1,2,0,4,3,TRUE,"Down",TRUE,TRUE
"Vitvi03g01367","Rpv12+1+3",6,5,4,3,1,2,2,2,1,2,0,4,2,TRUE,"Down",TRUE,TRUE
"Vitvi03g01649","Rpv12+1+3",6,5,5,3,1,2,2,2,2,2,0,4,0,TRUE,"Down",TRUE,TRUE
"Vitvi03g01809","Rpv12+1+3",6,5,5,3,1,2,2,2,2,2,2,4,4,TRUE,"Up",TRUE,TRUE
"Vitvi03g01833","Rpv12+1+3",6,5,4,3,1,2,2,2,1,2,0,4,2,TRUE,"Up",TRUE,TRUE
"Vitvi03g01834","Rpv12+1+3",6,5,4,3,1,2,2,2,1,2,0,4,2,TRUE,"Up",TRUE,TRUE
"Vitvi03g01839","Rpv12+1+3",6,5,5,3,1,2,2,2,2,2,0,4,2,TRUE,"Down",TRUE,TRUE
"Vitvi03g04047","Rpv12+1+3",6,5,5,3,1,2,2,2,2,2,1,4,3,TRUE,"Up",TRUE,TRUE
"Vitvi03g04050","Rpv12+1+3",6,5,5,3,1,2,2,2,2,2,2,4,2,TRUE,"Up",TRUE,TRUE
"Vitvi03g04055","Rpv12+1+3",6,5,4,3,1,2,2,2,1,2,0,4,2,TRUE,"Down",TRUE,TRUE
"Vitvi03g04182","Rpv12+1+3",6,5,5,3,1,2,2,2,2,2,0,4,0,TRUE,"Down",TRUE,TRUE
"Vitvi03g04196","Rpv12+1+3",6,5,5,3,1,2,2,2,2,2,2,4,3,TRUE,"Up",TRUE,TRUE
"Vitvi03g04266","Rpv12+1+3",6,5,4,3,1,2,2,2,1,2,0,4,3,TRUE,"Down",TRUE,TRUE
"Vitvi03g04291","Rpv12+1+3",6,5,5,3,1,2,2,2,2,2,1,4,3,TRUE,"Up",TRUE,TRUE
"Vitvi03g04369","Rpv12+1+3",6,5,4,3,1,2,2,2,1,2,0,4,3,TRUE,"Down",TRUE,TRUE
"Vitvi03g04393","Rpv12+1+3",6,5,5,3,1,2,2,2,2,2,0,4,2,TRUE,"Down",TRUE,TRUE
"Vitvi03g04400","Rpv12+1+3",6,5,5,3,1,2,2,2,2,2,1,4,4,TRUE,"Up",TRUE,TRUE
"Vitvi03g04422","Rpv12+1+3",6,5,4,3,1,2,2,2,1,2,0,4,2,TRUE,"Up",TRUE,TRUE
"Vitvi03g04463","Rpv12+1+3",6,5,5,3,1,2,2,2,2,2,1,4,2,TRUE,"Down",TRUE,TRUE
"Vitvi04g00070","Rpv12+1+3",6,5,5,3,1,2,2,2,2,2,0,4,2,TRUE,"Down",TRUE,TRUE
"Vitvi04g00095","Rpv12+1+3",6,5,5,3,1,2,2,2,2,2,0,4,2,TRUE,"Down",TRUE,TRUE
"Vitvi04g00160","Rpv12+1+3",6,5,4,3,1,2,2,2,1,2,0,4,2,TRUE,"Down",TRUE,TRUE
"Vitvi04g00171","Rpv12+1+3",6,5,5,3,1,2,2,2,2,2,0,4,2,TRUE,"Down",TRUE,TRUE
"Vitvi04g00182","Rpv12+1+3",6,5,4,3,1,2,2,2,1,2,0,4,2,TRUE,"Down",TRUE,TRUE
"Vitvi04g00190","Rpv12+1+3",6,5,5,3,1,2,2,2,2,2,0,4,3,TRUE,"Down",TRUE,TRUE
"Vitvi04g00252","Rpv12+1+3",6,5,5,3,1,2,2,2,2,2,1,4,2,TRUE,"Down",TRUE,TRUE
"Vitvi04g00289","Rpv12+1+3",6,5,5,3,1,2,2,2,2,2,2,4,3,TRUE,"Down",TRUE,TRUE
"Vitvi04g00347","Rpv12+1+3",6,5,5,3,1,2,2,2,2,2,1,4,3,TRUE,"Down",TRUE,TRUE
"Vitvi04g00350","Rpv12+1+3",6,5,5,3,1,2,2,2,2,2,2,4,2,TRUE,"Down",TRUE,TRUE
"Vitvi04g00359","Rpv12+1+3",6,5,4,3,1,2,2,2,1,2,0,4,2,TRUE,"Up",TRUE,TRUE
"Vitvi04g00641","Rpv12+1+3",6,5,5,3,1,2,2,2,2,2,0,4,2,TRUE,"Down",TRUE,TRUE
"Vitvi04g00644","Rpv12+1+3",6,5,5,3,1,2,2,2,2,2,1,4,2,TRUE,"Down",TRUE,TRUE
"Vitvi04g00646","Rpv12+1+3",6,5,5,3,1,2,2,2,2,2,0,4,1,TRUE,"Down",TRUE,TRUE
"Vitvi04g00735","Rpv12+1+3",6,5,5,3,1,2,2,2,2,2,0,4,2,TRUE,"Down",TRUE,TRUE
"Vitvi04g00817","Rpv12+1+3",6,5,5,3,1,2,2,2,2,2,0,4,0,TRUE,"Down",TRUE,TRUE
"Vitvi04g00827","Rpv12+1+3",6,5,5,3,1,2,2,2,2,2,1,4,2,TRUE,"Down",TRUE,TRUE
"Vitvi04g00838","Rpv12+1+3",6,5,5,3,1,2,2,2,2,2,1,4,3,TRUE,"Down",TRUE,TRUE
"Vitvi04g00932","Rpv12+1+3",6,5,4,3,1,2,2,2,1,2,0,4,2,TRUE,"Down",TRUE,TRUE
"Vitvi04g00991","Rpv12+1+3",6,5,4,3,1,2,2,2,1,2,1,4,2,TRUE,"Down",TRUE,TRUE
"Vitvi04g01007","Rpv12+1+3",6,5,5,3,1,2,2,2,2,2,0,4,2,TRUE,"Down",TRUE,TRUE
"Vitvi04g01254","Rpv12+1+3",6,5,4,3,1,2,2,2,1,2,0,4,3,TRUE,"Down",TRUE,TRUE
"Vitvi04g01317","Rpv12+1+3",6,5,4,3,1,2,2,2,1,2,0,4,2,TRUE,"Down",TRUE,TRUE
"Vitvi04g01319","Rpv12+1+3",6,5,4,3,1,2,2,2,1,2,0,4,0,TRUE,"Down",TRUE,TRUE
"Vitvi04g01408","Rpv12+1+3",6,5,4,3,1,2,2,2,1,2,0,4,2,TRUE,"Down",TRUE,TRUE
"Vitvi04g01550","Rpv12+1+3",6,5,5,3,1,2,2,2,2,2,0,4,2,TRUE,"Up",TRUE,TRUE
"Vitvi04g01555","Rpv12+1+3",6,5,5,3,1,2,2,2,2,2,0,4,3,TRUE,"Down",TRUE,TRUE
"Vitvi04g01585","Rpv12+1+3",6,5,5,3,1,2,2,2,2,2,0,4,2,TRUE,"Down",TRUE,TRUE
"Vitvi04g01643","Rpv12+1+3",6,5,5,3,1,2,2,2,2,2,2,4,2,TRUE,"Down",TRUE,TRUE
"Vitvi04g01666","Rpv12+1+3",6,5,4,3,1,2,2,2,1,2,0,4,2,TRUE,"Down",TRUE,TRUE
"Vitvi04g01685","Rpv12+1+3",6,5,4,3,1,2,2,2,1,2,0,4,2,TRUE,"Up",TRUE,TRUE
"Vitvi04g01696","Rpv12+1+3",6,5,4,3,1,2,2,2,1,2,0,4,2,TRUE,"Up",TRUE,TRUE
"Vitvi04g01740","Rpv12+1+3",6,5,5,3,1,2,2,2,2,2,2,4,4,TRUE,"Down",TRUE,TRUE
"Vitvi04g01887","Rpv12+1+3",6,5,5,3,1,2,2,2,2,2,2,4,2,TRUE,"Up",TRUE,TRUE
"Vitvi04g01935","Rpv12+1+3",6,5,4,3,1,2,2,2,1,2,0,4,2,TRUE,"Down",TRUE,TRUE
"Vitvi04g01937","Rpv12+1+3",6,5,4,3,1,2,2,2,1,2,0,4,2,TRUE,"Down",TRUE,TRUE
"Vitvi04g02114","Rpv12+1+3",6,5,5,3,1,2,2,2,2,2,2,4,3,TRUE,"Down",TRUE,TRUE
"Vitvi04g02210","Rpv12+1+3",6,5,4,3,1,2,2,2,1,2,0,4,2,TRUE,"Up",TRUE,TRUE
"Vitvi04g04009","Rpv12+1+3",6,5,5,3,1,2,2,2,2,2,2,4,2,TRUE,"Down",TRUE,TRUE
"Vitvi04g04010","Rpv12+1+3",6,5,5,3,1,2,2,2,2,2,2,4,2,TRUE,"Down",TRUE,TRUE
"Vitvi04g04011","Rpv12+1+3",6,5,5,3,1,2,2,2,2,2,2,4,2,TRUE,"Down",TRUE,TRUE
"Vitvi04g04075","Rpv12+1+3",6,5,4,3,1,2,2,2,1,2,0,4,2,TRUE,"Up",TRUE,TRUE
"Vitvi04g04080","Rpv12+1+3",6,5,5,3,1,2,2,2,2,2,0,4,2,TRUE,"Down",TRUE,TRUE
"Vitvi04g04209","Rpv12+1+3",6,5,4,3,1,2,2,2,1,2,0,4,2,TRUE,"Down",TRUE,TRUE
"Vitvi04g04232","Rpv12+1+3",6,5,5,3,1,2,2,2,2,2,1,4,2,TRUE,"Up",TRUE,TRUE
"Vitvi04g04296","Rpv12+1+3",6,5,5,3,1,2,2,2,2,2,0,4,2,TRUE,"Down",TRUE,TRUE
"Vitvi04g04434","Rpv12+1+3",6,5,4,3,1,2,2,2,1,2,0,4,2,TRUE,"Down",TRUE,TRUE
"Vitvi04g04448","Rpv12+1+3",6,5,5,3,1,2,2,2,2,2,0,4,2,TRUE,"Up",TRUE,TRUE
"Vitvi05g00006","Rpv12+1+3",6,5,5,3,1,2,2,2,2,2,0,4,2,TRUE,"Down",TRUE,TRUE
"Vitvi05g00009","Rpv12+1+3",6,5,4,3,1,2,2,2,1,2,0,4,2,TRUE,"Down",TRUE,TRUE
"Vitvi05g00031","Rpv12+1+3",6,5,4,3,1,2,2,2,1,2,0,4,2,TRUE,"Down",TRUE,TRUE
"Vitvi05g00077","Rpv12+1+3",6,5,4,3,1,2,2,2,1,2,0,4,2,TRUE,"Down",TRUE,TRUE
"Vitvi05g00110","Rpv12+1+3",6,5,5,3,1,2,2,2,2,2,0,4,1,TRUE,"Up",TRUE,TRUE
"Vitvi05g00145","Rpv12+1+3",6,5,4,3,1,2,2,2,1,2,0,4,2,TRUE,"Up",TRUE,TRUE
"Vitvi05g00170","Rpv12+1+3",6,5,4,3,1,2,2,2,1,2,0,4,2,TRUE,"Up",TRUE,TRUE
"Vitvi05g00276","Rpv12+1+3",6,5,5,3,1,2,2,2,2,2,0,4,2,TRUE,"Down",TRUE,TRUE
"Vitvi05g00423","Rpv12+1+3",6,5,5,3,1,2,2,2,2,2,0,4,2,TRUE,"Down",TRUE,TRUE
"Vitvi05g00426","Rpv12+1+3",6,5,5,3,1,2,2,2,2,2,0,4,2,TRUE,"Down",TRUE,TRUE
"Vitvi05g00475","Rpv12+1+3",6,5,4,3,1,2,2,2,1,2,0,4,2,TRUE,"Down",TRUE,TRUE
"Vitvi05g00540","Rpv12+1+3",6,5,4,3,1,2,2,2,1,2,0,4,2,TRUE,"Up",TRUE,TRUE
"Vitvi05g00542","Rpv12+1+3",6,5,5,3,1,2,2,2,2,2,0,4,2,TRUE,"Down",TRUE,TRUE
"Vitvi05g00565","Rpv12+1+3",6,5,4,3,1,2,2,2,1,2,0,4,2,TRUE,"Down",TRUE,TRUE
"Vitvi05g00604","Rpv12+1+3",6,5,5,3,1,2,2,2,2,2,2,4,2,TRUE,"Down",TRUE,TRUE
"Vitvi05g00652","Rpv12+1+3",6,5,5,3,1,2,2,2,2,2,1,4,2,TRUE,"Down",TRUE,TRUE
"Vitvi05g00675","Rpv12+1+3",6,5,4,3,1,2,2,2,1,2,0,4,2,TRUE,"Up",TRUE,TRUE
"Vitvi05g00681","Rpv12+1+3",6,5,5,3,1,2,2,2,2,2,2,4,2,TRUE,"Up",TRUE,TRUE
"Vitvi05g00715","Rpv12+1+3",6,5,5,3,1,2,2,2,2,2,0,4,2,TRUE,"Up",TRUE,TRUE
"Vitvi05g00726","Rpv12+1+3",6,5,5,3,1,2,2,2,2,2,2,4,2,TRUE,"Up",TRUE,TRUE
"Vitvi05g00842","Rpv12+1+3",6,5,5,3,1,2,2,2,2,2,0,4,0,TRUE,"Up",TRUE,TRUE
"Vitvi05g00886","Rpv12+1+3",6,5,5,3,1,2,2,2,2,2,0,4,2,TRUE,"Up",TRUE,TRUE
"Vitvi05g00888","Rpv12+1+3",6,5,5,3,1,2,2,2,2,2,0,4,2,TRUE,"Down",TRUE,TRUE
"Vitvi05g00910","Rpv12+1+3",6,5,4,3,1,2,2,2,1,2,0,4,2,TRUE,"Up",TRUE,TRUE
"Vitvi05g00953","Rpv12+1+3",6,5,5,3,1,2,2,2,2,2,0,4,2,TRUE,"Down",TRUE,TRUE
"Vitvi05g00961","Rpv12+1+3",6,5,5,3,1,2,2,2,2,2,0,4,2,TRUE,"Down",TRUE,TRUE
"Vitvi05g01159","Rpv12+1+3",6,5,5,3,1,2,2,2,2,2,1,4,3,TRUE,"Up",TRUE,TRUE
"Vitvi05g01285","Rpv12+1+3",6,5,5,3,1,2,2,2,2,2,0,4,2,TRUE,"Down",TRUE,TRUE
"Vitvi05g01366","Rpv12+1+3",6,5,5,3,1,2,2,2,2,2,0,4,2,TRUE,"Down",TRUE,TRUE
"Vitvi05g01399","Rpv12+1+3",6,5,5,3,1,2,2,2,2,2,1,4,2,TRUE,"Up",TRUE,TRUE
"Vitvi05g01400","Rpv12+1+3",6,5,5,3,1,2,2,2,2,2,2,4,3,TRUE,"Up",TRUE,TRUE
"Vitvi05g01412","Rpv12+1+3",6,5,4,3,1,2,2,2,1,2,0,4,1,TRUE,"Up",TRUE,TRUE
"Vitvi05g01435","Rpv12+1+3",6,5,5,3,1,2,2,2,2,2,0,4,1,TRUE,"Up",TRUE,TRUE
"Vitvi05g01450","Rpv12+1+3",6,5,5,3,1,2,2,2,2,2,0,4,2,TRUE,"Down",TRUE,TRUE
"Vitvi05g01464","Rpv12+1+3",6,5,4,3,1,2,2,2,1,2,0,4,2,TRUE,"Up",TRUE,TRUE
"Vitvi05g01494","Rpv12+1+3",6,5,5,3,1,2,2,2,2,2,2,4,3,TRUE,"Down",TRUE,TRUE
"Vitvi05g01579","Rpv12+1+3",6,5,5,3,1,2,2,2,2,2,2,4,3,TRUE,"Up",TRUE,TRUE
"Vitvi05g01623","Rpv12+1+3",6,5,4,3,1,2,2,2,1,2,0,4,2,TRUE,"Up",TRUE,TRUE
"Vitvi05g01672","Rpv12+1+3",6,5,5,3,1,2,2,2,2,2,2,4,3,TRUE,"Up",TRUE,TRUE
"Vitvi05g01674","Rpv12+1+3",6,5,5,3,1,2,2,2,2,2,2,4,2,TRUE,"Up",TRUE,TRUE
"Vitvi05g01675","Rpv12+1+3",6,5,4,3,1,2,2,2,1,2,0,4,2,TRUE,"Up",TRUE,TRUE
"Vitvi05g01733","Rpv12+1+3",6,5,4,3,1,2,2,2,1,2,0,4,2,TRUE,"Up",TRUE,TRUE
"Vitvi05g01769","Rpv12+1+3",6,5,5,3,1,2,2,2,2,2,2,4,4,TRUE,"Up",TRUE,TRUE
"Vitvi05g01924","Rpv12+1+3",6,5,5,3,1,2,2,2,2,2,1,4,2,TRUE,"Down",TRUE,TRUE
"Vitvi05g01930","Rpv12+1+3",6,5,5,3,1,2,2,2,2,2,0,4,2,TRUE,"Up",TRUE,TRUE
"Vitvi05g01947","Rpv12+1+3",6,5,4,3,1,2,2,2,1,2,2,4,2,TRUE,"Up",TRUE,TRUE
"Vitvi05g01948","Rpv12+1+3",6,5,4,3,1,2,2,2,1,2,2,4,2,TRUE,"Up",TRUE,TRUE
"Vitvi05g01950","Rpv12+1+3",6,5,4,3,1,2,2,2,1,2,2,4,2,TRUE,"Up",TRUE,TRUE
"Vitvi05g02017","Rpv12+1+3",6,5,5,3,1,2,2,2,2,2,2,4,2,TRUE,"Down",TRUE,TRUE
"Vitvi05g02018","Rpv12+1+3",6,5,5,3,1,2,2,2,2,2,0,4,3,TRUE,"Down",TRUE,TRUE
"Vitvi05g02019","Rpv12+1+3",6,5,4,3,1,2,2,2,1,2,2,4,2,TRUE,"Down",TRUE,TRUE
"Vitvi05g02074","Rpv12+1+3",6,5,4,3,1,2,2,2,1,2,0,4,2,TRUE,"Up",TRUE,TRUE
"Vitvi05g02082","Rpv12+1+3",6,5,5,3,1,2,2,2,2,2,0,4,2,TRUE,"Down",TRUE,TRUE
"Vitvi05g02096","Rpv12+1+3",6,5,4,3,1,2,2,2,1,2,1,4,3,TRUE,"Down",TRUE,TRUE
"Vitvi05g02111","Rpv12+1+3",6,5,4,3,1,2,2,2,1,2,0,4,2,TRUE,"Down",TRUE,TRUE
"Vitvi05g02170","Rpv12+1+3",6,5,5,3,1,2,2,2,2,2,1,4,2,TRUE,"Up",TRUE,TRUE
"Vitvi05g02190","Rpv12+1+3",6,5,4,3,1,2,2,2,1,2,0,4,2,TRUE,"Down",TRUE,TRUE
"Vitvi05g02201","Rpv12+1+3",6,5,4,3,1,2,2,2,1,2,0,4,2,TRUE,"Down",TRUE,TRUE
"Vitvi05g04030","Rpv12+1+3",6,5,4,3,1,2,2,2,1,2,0,4,2,TRUE,"Down",TRUE,TRUE
"Vitvi05g04062","Rpv12+1+3",6,5,5,3,1,2,2,2,2,2,2,4,2,TRUE,"Up",TRUE,TRUE
"Vitvi05g04171","Rpv12+1+3",6,5,4,3,1,2,2,2,1,2,0,4,3,TRUE,"Up",TRUE,TRUE
"Vitvi05g04174","Rpv12+1+3",6,5,5,3,1,2,2,2,2,2,2,4,3,TRUE,"Up",TRUE,TRUE
"Vitvi05g04232","Rpv12+1+3",6,5,5,3,1,2,2,2,2,2,1,4,3,TRUE,"Up",TRUE,TRUE
"Vitvi05g04243","Rpv12+1+3",6,5,4,3,1,2,2,2,1,2,0,4,0,TRUE,"Down",TRUE,TRUE
"Vitvi05g04293","Rpv12+1+3",6,5,5,3,1,2,2,2,2,2,0,4,1,TRUE,"Up",TRUE,TRUE
"Vitvi05g04298","Rpv12+1+3",6,5,5,3,1,2,2,2,2,2,0,4,0,TRUE,"Up",TRUE,TRUE
"Vitvi05g04312","Rpv12+1+3",6,5,5,3,1,2,2,2,2,2,0,4,3,TRUE,"Up",TRUE,TRUE
"Vitvi05g04382","Rpv12+1+3",6,5,4,3,1,2,2,2,1,2,0,4,2,TRUE,"Down",TRUE,TRUE
"Vitvi05g04475","Rpv12+1+3",6,5,4,3,1,2,2,2,1,2,0,4,2,TRUE,"Down",TRUE,TRUE
"Vitvi05g04494","Rpv12+1+3",6,5,5,3,1,2,2,2,2,2,1,4,3,TRUE,"Down",TRUE,TRUE
"Vitvi05g04527","Rpv12+1+3",6,5,5,3,1,2,2,2,2,2,0,4,2,TRUE,"Down",TRUE,TRUE
"Vitvi05g04565","Rpv12+1+3",6,5,5,3,1,2,2,2,2,2,0,4,2,TRUE,"Up",TRUE,TRUE
"Vitvi06g00008","Rpv12+1+3",6,5,5,3,1,2,2,2,2,2,0,4,2,TRUE,"Down",TRUE,TRUE
"Vitvi06g00016","Rpv12+1+3",6,5,4,3,1,2,2,2,1,2,0,4,2,TRUE,"Down",TRUE,TRUE
"Vitvi06g00184","Rpv12+1+3",6,5,5,3,1,2,2,2,2,2,0,4,2,TRUE,"Down",TRUE,TRUE
"Vitvi06g00303","Rpv12+1+3",6,5,4,3,1,2,2,2,1,2,0,4,2,TRUE,"Down",TRUE,TRUE
"Vitvi06g00541","Rpv12+1+3",6,5,5,3,1,2,2,2,2,2,0,4,2,TRUE,"Down",TRUE,TRUE
"Vitvi06g00575","Rpv12+1+3",6,5,5,3,1,2,2,2,2,2,0,4,2,TRUE,"Down",TRUE,TRUE
"Vitvi06g00591","Rpv12+1+3",6,5,4,3,1,2,2,2,1,2,0,4,2,TRUE,"Down",TRUE,TRUE
"Vitvi06g00621","Rpv12+1+3",6,5,5,3,1,2,2,2,2,2,0,4,1,TRUE,"Down",TRUE,TRUE
"Vitvi06g00680","Rpv12+1+3",6,5,4,3,1,2,2,2,1,2,0,4,2,TRUE,"Down",TRUE,TRUE
"Vitvi06g00693","Rpv12+1+3",6,5,5,3,1,2,2,2,2,2,0,4,2,TRUE,"Down",TRUE,TRUE
"Vitvi06g00709","Rpv12+1+3",6,5,4,3,1,2,2,2,1,2,0,4,2,TRUE,"Up",TRUE,TRUE
"Vitvi06g00759","Rpv12+1+3",6,5,5,3,1,2,2,2,2,2,0,4,3,TRUE,"Up",TRUE,TRUE
"Vitvi06g00772","Rpv12+1+3",6,5,4,3,1,2,2,2,1,2,0,4,2,TRUE,"Up",TRUE,TRUE
"Vitvi06g00783","Rpv12+1+3",6,5,5,3,1,2,2,2,2,2,0,4,2,TRUE,"Down",TRUE,TRUE
"Vitvi06g00800","Rpv12+1+3",6,5,4,3,1,2,2,2,1,2,0,4,3,TRUE,"Down",TRUE,TRUE
"Vitvi06g00903","Rpv12+1+3",6,5,5,3,1,2,2,2,2,2,0,4,2,TRUE,"Down",TRUE,TRUE
"Vitvi06g00906","Rpv12+1+3",6,5,4,3,1,2,2,2,1,2,0,4,2,TRUE,"Down",TRUE,TRUE
"Vitvi06g00928","Rpv12+1+3",6,5,5,3,1,2,2,2,2,2,1,4,2,TRUE,"Down",TRUE,TRUE
"Vitvi06g00947","Rpv12+1+3",6,5,5,3,1,2,2,2,2,2,0,4,2,TRUE,"Down",TRUE,TRUE
"Vitvi06g01097","Rpv12+1+3",6,5,5,3,1,2,2,2,2,2,1,4,3,TRUE,"Down",TRUE,TRUE
"Vitvi06g01100","Rpv12+1+3",6,5,5,3,1,2,2,2,2,2,1,4,3,TRUE,"Down",TRUE,TRUE
"Vitvi06g01226","Rpv12+1+3",6,5,4,3,1,2,2,2,1,2,0,4,2,TRUE,"Down",TRUE,TRUE
"Vitvi06g01334","Rpv12+1+3",6,5,5,3,1,2,2,2,2,2,0,4,2,TRUE,"Down",TRUE,TRUE
"Vitvi06g01354","Rpv12+1+3",6,5,5,3,1,2,2,2,2,2,0,4,2,TRUE,"Up",TRUE,TRUE
"Vitvi06g01419","Rpv12+1+3",6,5,4,3,1,2,2,2,1,2,0,4,3,TRUE,"Up",TRUE,TRUE
"Vitvi06g01513","Rpv12+1+3",6,5,5,3,1,2,2,2,2,2,2,4,2,TRUE,"Down",TRUE,TRUE
"Vitvi06g01536","Rpv12+1+3",6,5,5,3,1,2,2,2,2,2,0,4,2,TRUE,"Down",TRUE,TRUE
"Vitvi06g01618","Rpv12+1+3",6,5,5,3,1,2,2,2,2,2,1,4,3,TRUE,"Down",TRUE,TRUE
"Vitvi06g01718","Rpv12+1+3",6,5,5,3,1,2,2,2,2,2,2,4,2,TRUE,"Up",TRUE,TRUE
"Vitvi06g01725","Rpv12+1+3",6,5,5,3,1,2,2,2,2,2,0,4,2,TRUE,"Down",TRUE,TRUE
"Vitvi06g01762","Rpv12+1+3",6,5,4,3,1,2,2,2,1,2,0,4,2,TRUE,"Up",TRUE,TRUE
"Vitvi06g01937","Rpv12+1+3",6,5,5,3,1,2,2,2,2,2,2,4,2,TRUE,"Down",TRUE,TRUE
"Vitvi06g01945","Rpv12+1+3",6,5,5,3,1,2,2,2,2,2,0,4,2,TRUE,"Down",TRUE,TRUE
"Vitvi06g04015","Rpv12+1+3",6,5,5,3,1,2,2,2,2,2,0,4,2,TRUE,"Down",TRUE,TRUE
"Vitvi06g04048","Rpv12+1+3",6,5,5,3,1,2,2,2,2,2,1,4,3,TRUE,"Up",TRUE,TRUE
"Vitvi06g04118","Rpv12+1+3",6,5,5,3,1,2,2,2,2,2,0,4,0,TRUE,"Down",TRUE,TRUE
"Vitvi06g04121","Rpv12+1+3",6,5,5,3,1,2,2,2,2,2,2,4,2,TRUE,"Down",TRUE,TRUE
"Vitvi06g04134","Rpv12+1+3",6,5,4,3,1,2,2,2,1,2,0,4,2,TRUE,"Down",TRUE,TRUE
"Vitvi06g04156","Rpv12+1+3",6,5,4,3,1,2,2,2,1,2,2,4,2,TRUE,"Down",TRUE,TRUE
"Vitvi06g04173","Rpv12+1+3",6,5,5,3,1,2,2,2,2,2,1,4,2,TRUE,"Down",TRUE,TRUE
"Vitvi07g00064","Rpv12+1+3",6,5,5,3,1,2,2,2,2,2,0,4,2,TRUE,"Down",TRUE,TRUE
"Vitvi07g00187","Rpv12+1+3",6,5,4,3,1,2,2,2,1,2,0,4,2,TRUE,"Down",TRUE,TRUE
"Vitvi07g00390","Rpv12+1+3",6,5,5,3,1,2,2,2,2,2,0,4,2,TRUE,"Down",TRUE,TRUE
"Vitvi07g00400","Rpv12+1+3",6,5,4,3,1,2,2,2,1,2,0,4,2,TRUE,"Down",TRUE,TRUE
"Vitvi07g00445","Rpv12+1+3",6,5,5,3,1,2,2,2,2,2,0,4,2,TRUE,"Down",TRUE,TRUE
"Vitvi07g00515","Rpv12+1+3",6,5,5,3,1,2,2,2,2,2,2,4,2,TRUE,"Down",TRUE,TRUE
"Vitvi07g00523","Rpv12+1+3",6,5,4,3,1,2,2,2,1,2,0,4,2,TRUE,"Up",TRUE,TRUE
"Vitvi07g00586","Rpv12+1+3",6,5,5,3,1,2,2,2,2,2,2,4,2,TRUE,"Down",TRUE,TRUE
"Vitvi07g00664","Rpv12+1+3",6,5,5,3,1,2,2,2,2,2,1,4,3,TRUE,"Down",TRUE,TRUE
"Vitvi07g00735","Rpv12+1+3",6,5,4,3,1,2,2,2,1,2,0,4,3,TRUE,"Up",TRUE,TRUE
"Vitvi07g00741","Rpv12+1+3",6,5,4,3,1,2,2,2,1,2,2,4,2,TRUE,"Down",TRUE,TRUE
"Vitvi07g00890","Rpv12+1+3",6,5,5,3,1,2,2,2,2,2,1,4,2,TRUE,"Down",TRUE,TRUE
"Vitvi07g01097","Rpv12+1+3",6,5,5,3,1,2,2,2,2,2,1,4,3,TRUE,"Down",TRUE,TRUE
"Vitvi07g01250","Rpv12+1+3",6,5,5,3,1,2,2,2,2,2,0,4,2,TRUE,"Down",TRUE,TRUE
"Vitvi07g01255","Rpv12+1+3",6,5,4,3,1,2,2,2,1,2,0,4,2,TRUE,"Down",TRUE,TRUE
"Vitvi07g01315","Rpv12+1+3",6,5,5,3,1,2,2,2,2,2,0,4,3,TRUE,"Up",TRUE,TRUE
"Vitvi07g01326","Rpv12+1+3",6,5,4,3,1,2,2,2,1,2,0,4,2,TRUE,"Down",TRUE,TRUE
"Vitvi07g01342","Rpv12+1+3",6,5,4,3,1,2,2,2,1,2,0,4,2,TRUE,"Down",TRUE,TRUE
"Vitvi07g01394","Rpv12+1+3",6,5,5,3,1,2,2,2,2,2,0,4,2,TRUE,"Up",TRUE,TRUE
"Vitvi07g01396","Rpv12+1+3",6,5,4,3,1,2,2,2,1,2,0,4,2,TRUE,"Down",TRUE,TRUE
"Vitvi07g01407","Rpv12+1+3",6,5,5,3,1,2,2,2,2,2,2,4,2,TRUE,"Down",TRUE,TRUE
"Vitvi07g01415","Rpv12+1+3",6,5,5,3,1,2,2,2,2,2,2,4,2,TRUE,"Down",TRUE,TRUE
"Vitvi07g01473","Rpv12+1+3",6,5,4,3,1,2,2,2,1,2,0,4,2,TRUE,"Down",TRUE,TRUE
"Vitvi07g01591","Rpv12+1+3",6,5,4,3,1,2,2,2,1,2,0,4,2,TRUE,"Down",TRUE,TRUE
"Vitvi07g01612","Rpv12+1+3",6,5,5,3,1,2,2,2,2,2,0,4,2,TRUE,"Down",TRUE,TRUE
"Vitvi07g01686","Rpv12+1+3",6,5,5,3,1,2,2,2,2,2,0,4,2,TRUE,"Down",TRUE,TRUE
"Vitvi07g01699","Rpv12+1+3",6,5,5,3,1,2,2,2,2,2,0,4,2,TRUE,"Down",TRUE,TRUE
"Vitvi07g01718","Rpv12+1+3",6,5,5,3,1,2,2,2,2,2,0,4,1,TRUE,"Up",TRUE,TRUE
"Vitvi07g01732","Rpv12+1+3",6,5,5,3,1,2,2,2,2,2,1,4,2,TRUE,"Down",TRUE,TRUE
"Vitvi07g01736","Rpv12+1+3",6,5,4,3,1,2,2,2,1,2,0,4,2,TRUE,"Down",TRUE,TRUE
"Vitvi07g01814","Rpv12+1+3",6,5,4,3,1,2,2,2,1,2,0,4,2,TRUE,"Up",TRUE,TRUE
"Vitvi07g01829","Rpv12+1+3",6,5,4,3,1,2,2,2,1,2,0,4,2,TRUE,"Up",TRUE,TRUE
"Vitvi07g01970","Rpv12+1+3",6,5,5,3,1,2,2,2,2,2,0,4,2,TRUE,"Down",TRUE,TRUE
"Vitvi07g02062","Rpv12+1+3",6,5,5,3,1,2,2,2,2,2,0,4,2,TRUE,"Up",TRUE,TRUE
"Vitvi07g02110","Rpv12+1+3",6,5,5,3,1,2,2,2,2,2,0,4,2,TRUE,"Down",TRUE,TRUE
"Vitvi07g02114","Rpv12+1+3",6,5,5,3,1,2,2,2,2,2,2,4,2,TRUE,"Down",TRUE,TRUE
"Vitvi07g02119","Rpv12+1+3",6,5,5,3,1,2,2,2,2,2,2,4,2,TRUE,"Down",TRUE,TRUE
"Vitvi07g02123","Rpv12+1+3",6,5,5,3,1,2,2,2,2,2,0,4,2,TRUE,"Down",TRUE,TRUE
"Vitvi07g02213","Rpv12+1+3",6,5,4,3,1,2,2,2,1,2,0,4,2,TRUE,"Down",TRUE,TRUE
"Vitvi07g02246","Rpv12+1+3",6,5,5,3,1,2,2,2,2,2,2,4,2,TRUE,"Down",TRUE,TRUE
"Vitvi07g02249","Rpv12+1+3",6,5,5,3,1,2,2,2,2,2,0,4,2,TRUE,"Down",TRUE,TRUE
"Vitvi07g02323","Rpv12+1+3",6,5,5,3,1,2,2,2,2,2,2,4,2,TRUE,"Down",TRUE,TRUE
"Vitvi07g02345","Rpv12+1+3",6,5,4,3,1,2,2,2,1,2,0,4,2,TRUE,"Down",TRUE,TRUE
"Vitvi07g02362","Rpv12+1+3",6,5,4,3,1,2,2,2,1,2,1,4,2,TRUE,"Up",TRUE,TRUE
"Vitvi07g02402","Rpv12+1+3",6,5,5,3,1,2,2,2,2,2,1,4,3,TRUE,"Up",TRUE,TRUE
"Vitvi07g02403","Rpv12+1+3",6,5,5,3,1,2,2,2,2,2,0,4,0,TRUE,"Up",TRUE,TRUE
"Vitvi07g02412","Rpv12+1+3",6,5,5,3,1,2,2,2,2,2,0,4,2,TRUE,"Up",TRUE,TRUE
"Vitvi07g02558","Rpv12+1+3",6,5,4,3,1,2,2,2,1,2,0,4,2,TRUE,"Up",TRUE,TRUE
"Vitvi07g02613","Rpv12+1+3",6,5,5,3,1,2,2,2,2,2,0,4,2,TRUE,"Down",TRUE,TRUE
"Vitvi07g02686","Rpv12+1+3",6,5,5,3,1,2,2,2,2,2,0,4,2,TRUE,"Up",TRUE,TRUE
"Vitvi07g02711","Rpv12+1+3",6,5,4,3,1,2,2,2,1,2,0,4,0,TRUE,"Down",TRUE,TRUE
"Vitvi07g02789","Rpv12+1+3",6,5,5,3,1,2,2,2,2,2,0,4,2,TRUE,"Down",TRUE,TRUE
"Vitvi07g02832","Rpv12+1+3",6,5,5,3,1,2,2,2,2,2,1,4,2,TRUE,"Down",TRUE,TRUE
"Vitvi07g02920","Rpv12+1+3",6,5,5,3,1,2,2,2,2,2,0,4,3,TRUE,"Down",TRUE,TRUE
"Vitvi07g03072","Rpv12+1+3",6,5,5,3,1,2,2,2,2,2,0,4,2,TRUE,"Down",TRUE,TRUE
"Vitvi07g03086","Rpv12+1+3",6,5,5,3,1,2,2,2,2,2,2,4,2,TRUE,"Up",TRUE,TRUE
"Vitvi07g04040","Rpv12+1+3",6,5,5,3,1,2,2,2,2,2,2,4,2,TRUE,"Down",TRUE,TRUE
"Vitvi07g04261","Rpv12+1+3",6,5,5,3,1,2,2,2,2,2,1,4,2,TRUE,"Down",TRUE,TRUE
"Vitvi07g04268","Rpv12+1+3",6,5,4,3,1,2,2,2,1,2,0,4,2,TRUE,"Down",TRUE,TRUE
"Vitvi07g04338","Rpv12+1+3",6,5,5,3,1,2,2,2,2,2,1,4,3,TRUE,"Down",TRUE,TRUE
"Vitvi07g04339","Rpv12+1+3",6,5,5,3,1,2,2,2,2,2,1,4,3,TRUE,"Down",TRUE,TRUE
"Vitvi07g04340","Rpv12+1+3",6,5,5,3,1,2,2,2,2,2,1,4,2,TRUE,"Down",TRUE,TRUE
"Vitvi07g04371","Rpv12+1+3",6,5,5,3,1,2,2,2,2,2,1,4,3,TRUE,"Down",TRUE,TRUE
"Vitvi07g04372","Rpv12+1+3",6,5,5,3,1,2,2,2,2,2,1,4,3,TRUE,"Down",TRUE,TRUE
"Vitvi07g04373","Rpv12+1+3",6,5,5,3,1,2,2,2,2,2,1,4,3,TRUE,"Down",TRUE,TRUE
"Vitvi07g04392","Rpv12+1+3",6,5,5,3,1,2,2,2,2,2,0,4,0,TRUE,"Up",TRUE,TRUE
"Vitvi07g04401","Rpv12+1+3",6,5,5,3,1,2,2,2,2,2,0,4,2,TRUE,"Down",TRUE,TRUE
"Vitvi07g04464","Rpv12+1+3",6,5,4,3,1,2,2,2,1,2,0,4,2,TRUE,"Down",TRUE,TRUE
"Vitvi07g04480","Rpv12+1+3",6,5,5,3,1,2,2,2,2,2,0,4,2,TRUE,"Down",TRUE,TRUE
"Vitvi07g04483","Rpv12+1+3",6,5,4,3,1,2,2,2,1,2,0,4,2,TRUE,"Down",TRUE,TRUE
"Vitvi07g04521","Rpv12+1+3",6,5,5,3,1,2,2,2,2,2,0,4,2,TRUE,"Down",TRUE,TRUE
"Vitvi07g04548","Rpv12+1+3",6,5,5,3,1,2,2,2,2,2,0,4,2,TRUE,"Down",TRUE,TRUE
"Vitvi07g04549","Rpv12+1+3",6,5,5,3,1,2,2,2,2,2,0,4,2,TRUE,"Down",TRUE,TRUE
"Vitvi07g04561","Rpv12+1+3",6,5,5,3,1,2,2,2,2,2,1,4,3,TRUE,"Up",TRUE,TRUE
"Vitvi07g04591","Rpv12+1+3",6,5,4,3,1,2,2,2,1,2,0,4,2,TRUE,"Up",TRUE,TRUE
"Vitvi07g04634","Rpv12+1+3",6,5,5,3,1,2,2,2,2,2,0,4,2,TRUE,"Down",TRUE,TRUE
"Vitvi07g04661","Rpv12+1+3",6,5,5,3,1,2,2,2,2,2,2,4,2,TRUE,"Down",TRUE,TRUE
"Vitvi07g04752","Rpv12+1+3",6,5,5,3,1,2,2,2,2,2,0,4,0,TRUE,"Up",TRUE,TRUE
"Vitvi08g00100","Rpv12+1+3",6,5,5,3,1,2,2,2,2,2,1,4,2,TRUE,"Down",TRUE,TRUE
"Vitvi08g00171","Rpv12+1+3",6,5,5,3,1,2,2,2,2,2,0,4,2,TRUE,"Up",TRUE,TRUE
"Vitvi08g00235","Rpv12+1+3",6,5,5,3,1,2,2,2,2,2,0,4,2,TRUE,"Down",TRUE,TRUE
"Vitvi08g00662","Rpv12+1+3",6,5,5,3,1,2,2,2,2,2,1,4,2,TRUE,"Down",TRUE,TRUE
"Vitvi08g00769","Rpv12+1+3",6,5,5,3,1,2,2,2,2,2,0,4,2,TRUE,"Down",TRUE,TRUE
"Vitvi08g01196","Rpv12+1+3",6,5,4,3,1,2,2,2,1,2,0,4,4,TRUE,"Down",TRUE,TRUE
"Vitvi08g01228","Rpv12+1+3",6,5,4,3,1,2,2,2,1,2,0,4,0,TRUE,"Down",TRUE,TRUE
"Vitvi08g01235","Rpv12+1+3",6,5,5,3,1,2,2,2,2,2,2,4,3,TRUE,"Down",TRUE,TRUE
"Vitvi08g01426","Rpv12+1+3",6,5,5,3,1,2,2,2,2,2,0,4,2,TRUE,"Down",TRUE,TRUE
"Vitvi08g01434","Rpv12+1+3",6,5,5,3,1,2,2,2,2,2,2,4,2,TRUE,"Down",TRUE,TRUE
"Vitvi08g01498","Rpv12+1+3",6,5,5,3,1,2,2,2,2,2,2,4,2,TRUE,"Down",TRUE,TRUE
"Vitvi08g01500","Rpv12+1+3",6,5,4,3,1,2,2,2,1,2,0,4,2,TRUE,"Down",TRUE,TRUE
"Vitvi08g01523","Rpv12+1+3",6,5,4,3,1,2,2,2,1,2,0,4,2,TRUE,"Down",TRUE,TRUE
"Vitvi08g01561","Rpv12+1+3",6,5,5,3,1,2,2,2,2,2,0,4,2,TRUE,"Down",TRUE,TRUE
"Vitvi08g01572","Rpv12+1+3",6,5,5,3,1,2,2,2,2,2,1,4,2,TRUE,"Down",TRUE,TRUE
"Vitvi08g01617","Rpv12+1+3",6,5,5,3,1,2,2,2,2,2,2,4,4,TRUE,"Down",TRUE,TRUE
"Vitvi08g01702","Rpv12+1+3",6,5,4,3,1,2,2,2,1,2,0,4,2,TRUE,"Down",TRUE,TRUE
"Vitvi08g01744","Rpv12+1+3",6,5,4,3,1,2,2,2,1,2,0,4,3,TRUE,"Up",TRUE,TRUE
"Vitvi08g01841","Rpv12+1+3",6,5,4,3,1,2,2,2,1,2,0,4,2,TRUE,"Up",TRUE,TRUE
"Vitvi08g01843","Rpv12+1+3",6,5,4,3,1,2,2,2,1,2,0,4,2,TRUE,"Up",TRUE,TRUE
"Vitvi08g01846","Rpv12+1+3",6,5,5,3,1,2,2,2,2,2,1,4,2,TRUE,"Down",TRUE,TRUE
"Vitvi08g01881","Rpv12+1+3",6,5,5,3,1,2,2,2,2,2,0,4,2,TRUE,"Down",TRUE,TRUE
"Vitvi08g01897","Rpv12+1+3",6,5,5,3,1,2,2,2,2,2,1,4,2,TRUE,"Down",TRUE,TRUE
"Vitvi08g01940","Rpv12+1+3",6,5,5,3,1,2,2,2,2,2,0,4,2,TRUE,"Up",TRUE,TRUE
"Vitvi08g02162","Rpv12+1+3",6,5,4,3,1,2,2,2,1,2,2,4,2,TRUE,"Down",TRUE,TRUE
"Vitvi08g02166","Rpv12+1+3",6,5,5,3,1,2,2,2,2,2,2,4,3,TRUE,"Down",TRUE,TRUE
"Vitvi08g02176","Rpv12+1+3",6,5,4,3,1,2,2,2,1,2,0,4,2,TRUE,"Down",TRUE,TRUE
"Vitvi08g02201","Rpv12+1+3",6,5,5,3,1,2,2,2,2,2,0,4,2,TRUE,"Down",TRUE,TRUE
"Vitvi08g02218","Rpv12+1+3",6,5,5,3,1,2,2,2,2,2,1,4,3,TRUE,"Down",TRUE,TRUE
"Vitvi08g02238","Rpv12+1+3",6,5,5,3,1,2,2,2,2,2,1,4,2,TRUE,"Down",TRUE,TRUE
"Vitvi08g02261","Rpv12+1+3",6,5,5,3,1,2,2,2,2,2,0,4,2,TRUE,"Down",TRUE,TRUE
"Vitvi08g02295","Rpv12+1+3",6,5,5,3,1,2,2,2,2,2,0,4,0,TRUE,"Down",TRUE,TRUE
"Vitvi08g02330","Rpv12+1+3",6,5,5,3,1,2,2,2,2,2,0,4,2,TRUE,"Down",TRUE,TRUE
"Vitvi08g02387","Rpv12+1+3",6,5,5,3,1,2,2,2,2,2,0,4,2,TRUE,"Down",TRUE,TRUE
"Vitvi08g04002","Rpv12+1+3",6,5,5,3,1,2,2,2,2,2,1,4,2,TRUE,"Down",TRUE,TRUE
"Vitvi08g04123","Rpv12+1+3",6,5,4,3,1,2,2,2,1,2,0,4,3,TRUE,"Up",TRUE,TRUE
"Vitvi08g04277","Rpv12+1+3",6,5,5,3,1,2,2,2,2,2,1,4,3,TRUE,"Down",TRUE,TRUE
"Vitvi08g04284","Rpv12+1+3",6,5,5,3,1,2,2,2,2,2,1,4,3,TRUE,"Down",TRUE,TRUE
"Vitvi08g04290","Rpv12+1+3",6,5,5,3,1,2,2,2,2,2,1,4,2,TRUE,"Down",TRUE,TRUE
"Vitvi08g04296","Rpv12+1+3",6,5,4,3,1,2,2,2,1,2,0,4,2,TRUE,"Down",TRUE,TRUE
"Vitvi08g04367","Rpv12+1+3",6,5,5,3,1,2,2,2,2,2,0,4,2,TRUE,"Down",TRUE,TRUE
"Vitvi08g04368","Rpv12+1+3",6,5,4,3,1,2,2,2,1,2,0,4,2,TRUE,"Down",TRUE,TRUE
"Vitvi08g04377","Rpv12+1+3",6,5,5,3,1,2,2,2,2,2,0,4,2,TRUE,"Down",TRUE,TRUE
"Vitvi09g00039","Rpv12+1+3",6,5,4,3,1,2,2,2,1,2,0,4,2,TRUE,"Down",TRUE,TRUE
"Vitvi09g00083","Rpv12+1+3",6,5,5,3,1,2,2,2,2,2,0,4,2,TRUE,"Down",TRUE,TRUE
"Vitvi09g00241","Rpv12+1+3",6,5,5,3,1,2,2,2,2,2,0,4,3,TRUE,"Up",TRUE,TRUE
"Vitvi09g00261","Rpv12+1+3",6,5,5,3,1,2,2,2,2,2,1,4,2,TRUE,"Down",TRUE,TRUE
"Vitvi09g00419","Rpv12+1+3",6,5,5,3,1,2,2,2,2,2,2,4,4,TRUE,"Up",TRUE,TRUE
"Vitvi09g00488","Rpv12+1+3",6,5,5,3,1,2,2,2,2,2,2,4,2,TRUE,"Down",TRUE,TRUE
"Vitvi09g00535","Rpv12+1+3",6,5,5,3,1,2,2,2,2,2,1,4,2,TRUE,"Up",TRUE,TRUE
"Vitvi09g00593","Rpv12+1+3",6,5,5,3,1,2,2,2,2,2,0,4,2,TRUE,"Down",TRUE,TRUE
"Vitvi09g00618","Rpv12+1+3",6,5,4,3,1,2,2,2,1,2,0,4,2,TRUE,"Down",TRUE,TRUE
"Vitvi09g00867","Rpv12+1+3",6,5,5,3,1,2,2,2,2,2,2,4,3,TRUE,"Down",TRUE,TRUE
"Vitvi09g01026","Rpv12+1+3",6,5,5,3,1,2,2,2,2,2,1,4,2,TRUE,"Up",TRUE,TRUE
"Vitvi09g01036","Rpv12+1+3",6,5,4,3,1,2,2,2,1,2,0,4,2,TRUE,"Down",TRUE,TRUE
"Vitvi09g01141","Rpv12+1+3",6,5,5,3,1,2,2,2,2,2,0,4,2,TRUE,"Down",TRUE,TRUE
"Vitvi09g01145","Rpv12+1+3",6,5,4,3,1,2,2,2,1,2,0,4,2,TRUE,"Down",TRUE,TRUE
"Vitvi09g01187","Rpv12+1+3",6,5,4,3,1,2,2,2,1,2,0,4,1,TRUE,"Up",TRUE,TRUE
"Vitvi09g01214","Rpv12+1+3",6,5,5,3,1,2,2,2,2,2,2,4,3,TRUE,"Up",TRUE,TRUE
"Vitvi09g01233","Rpv12+1+3",6,5,5,3,1,2,2,2,2,2,2,4,2,TRUE,"Down",TRUE,TRUE
"Vitvi09g01297","Rpv12+1+3",6,5,5,3,1,2,2,2,2,2,0,4,2,TRUE,"Down",TRUE,TRUE
"Vitvi09g01317","Rpv12+1+3",6,5,5,3,1,2,2,2,2,2,0,4,2,TRUE,"Down",TRUE,TRUE
"Vitvi09g01329","Rpv12+1+3",6,5,5,3,1,2,2,2,2,2,0,4,0,TRUE,"Up",TRUE,TRUE
"Vitvi09g01376","Rpv12+1+3",6,5,5,3,1,2,2,2,2,2,1,4,3,TRUE,"Up",TRUE,TRUE
"Vitvi09g01390","Rpv12+1+3",6,5,5,3,1,2,2,2,2,2,1,4,3,TRUE,"Up",TRUE,TRUE
"Vitvi09g01587","Rpv12+1+3",6,5,5,3,1,2,2,2,2,2,1,4,3,TRUE,"Down",TRUE,TRUE
"Vitvi09g01592","Rpv12+1+3",6,5,5,3,1,2,2,2,2,2,2,4,3,TRUE,"Up",TRUE,TRUE
"Vitvi09g01646","Rpv12+1+3",6,5,5,3,1,2,2,2,2,2,0,4,3,TRUE,"Up",TRUE,TRUE
"Vitvi09g01650","Rpv12+1+3",6,5,5,3,1,2,2,2,2,2,2,4,2,TRUE,"Down",TRUE,TRUE
"Vitvi09g01693","Rpv12+1+3",6,5,5,3,1,2,2,2,2,2,0,4,1,TRUE,"Up",TRUE,TRUE
"Vitvi09g01751","Rpv12+1+3",6,5,5,3,1,2,2,2,2,2,1,4,2,TRUE,"Down",TRUE,TRUE
"Vitvi09g01764","Rpv12+1+3",6,5,5,3,1,2,2,2,2,2,0,4,4,TRUE,"Down",TRUE,TRUE
"Vitvi09g01807","Rpv12+1+3",6,5,5,3,1,2,2,2,2,2,1,4,2,TRUE,"Up",TRUE,TRUE
"Vitvi09g02006","Rpv12+1+3",6,5,4,3,1,2,2,2,1,2,0,4,2,TRUE,"Down",TRUE,TRUE
"Vitvi09g02033","Rpv12+1+3",6,5,5,3,1,2,2,2,2,2,1,4,3,TRUE,"Up",TRUE,TRUE
"Vitvi09g02034","Rpv12+1+3",6,5,5,3,1,2,2,2,2,2,0,4,3,TRUE,"Up",TRUE,TRUE
"Vitvi09g04078","Rpv12+1+3",6,5,4,3,1,2,2,2,1,2,0,4,1,TRUE,"Up",TRUE,TRUE
"Vitvi09g04085","Rpv12+1+3",6,5,4,3,1,2,2,2,1,2,0,4,2,TRUE,"Up",TRUE,TRUE
"Vitvi09g04094","Rpv12+1+3",6,5,5,3,1,2,2,2,2,2,1,4,3,TRUE,"Down",TRUE,TRUE
"Vitvi09g04119","Rpv12+1+3",6,5,5,3,1,2,2,2,2,2,0,4,0,TRUE,"Down",TRUE,TRUE
"Vitvi09g04166","Rpv12+1+3",6,5,5,3,1,2,2,2,2,2,0,4,1,TRUE,"Up",TRUE,TRUE
"Vitvi09g04187","Rpv12+1+3",6,5,5,3,1,2,2,2,2,2,0,4,2,TRUE,"Up",TRUE,TRUE
"Vitvi09g04211","Rpv12+1+3",6,5,5,3,1,2,2,2,2,2,0,4,0,TRUE,"Up",TRUE,TRUE
"Vitvi09g04212","Rpv12+1+3",6,5,5,3,1,2,2,2,2,2,1,4,3,TRUE,"Up",TRUE,TRUE
"Vitvi09g04222","Rpv12+1+3",6,5,5,3,1,2,2,2,2,2,1,4,3,TRUE,"Up",TRUE,TRUE
"Vitvi09g04280","Rpv12+1+3",6,5,5,3,1,2,2,2,2,2,2,4,3,TRUE,"Down",TRUE,TRUE
"Vitvi09g04286","Rpv12+1+3",6,5,5,3,1,2,2,2,2,2,0,4,2,TRUE,"Down",TRUE,TRUE
"Vitvi09g04292","Rpv12+1+3",6,5,5,3,1,2,2,2,2,2,0,4,2,TRUE,"Down",TRUE,TRUE
"Vitvi09g04415","Rpv12+1+3",6,5,5,3,1,2,2,2,2,2,1,4,3,TRUE,"Up",TRUE,TRUE
"Vitvi09g04416","Rpv12+1+3",6,5,5,3,1,2,2,2,2,2,1,4,2,TRUE,"Up",TRUE,TRUE
"Vitvi09g04421","Rpv12+1+3",6,5,5,3,1,2,2,2,2,2,0,4,1,TRUE,"Up",TRUE,TRUE
"Vitvi09g04473","Rpv12+1+3",6,5,4,3,1,2,2,2,1,2,0,4,2,TRUE,"Up",TRUE,TRUE
"Vitvi09g04537","Rpv12+1+3",6,5,5,3,1,2,2,2,2,2,1,4,2,TRUE,"Up",TRUE,TRUE
"Vitvi09g04564","Rpv12+1+3",6,5,5,3,1,2,2,2,2,2,1,4,2,TRUE,"Up",TRUE,TRUE
"Vitvi09g04595","Rpv12+1+3",6,5,5,3,1,2,2,2,2,2,0,4,0,TRUE,"Up",TRUE,TRUE
"Vitvi09g04597","Rpv12+1+3",6,5,5,3,1,2,2,2,2,2,0,4,2,TRUE,"Down",TRUE,TRUE
"Vitvi10g00196","Rpv12+1+3",6,5,4,3,1,2,2,2,1,2,0,4,2,TRUE,"Down",TRUE,TRUE
"Vitvi10g00213","Rpv12+1+3",6,5,5,3,1,2,2,2,2,2,2,4,2,TRUE,"Down",TRUE,TRUE
"Vitvi10g00235","Rpv12+1+3",6,5,5,3,1,2,2,2,2,2,0,4,2,TRUE,"Down",TRUE,TRUE
"Vitvi10g00290","Rpv12+1+3",6,5,5,3,1,2,2,2,2,2,0,4,2,TRUE,"Down",TRUE,TRUE
"Vitvi10g00339","Rpv12+1+3",6,5,4,3,1,2,2,2,1,2,0,4,3,TRUE,"Down",TRUE,TRUE
"Vitvi10g00359","Rpv12+1+3",6,5,4,3,1,2,2,2,1,2,0,4,2,TRUE,"Down",TRUE,TRUE
"Vitvi10g00372","Rpv12+1+3",6,5,5,3,1,2,2,2,2,2,2,4,2,TRUE,"Down",TRUE,TRUE
"Vitvi10g00436","Rpv12+1+3",6,5,5,3,1,2,2,2,2,2,2,4,2,TRUE,"Down",TRUE,TRUE
"Vitvi10g00451","Rpv12+1+3",6,5,5,3,1,2,2,2,2,2,0,4,3,TRUE,"Down",TRUE,TRUE
"Vitvi10g00520","Rpv12+1+3",6,5,4,3,1,2,2,2,1,2,0,4,2,TRUE,"Down",TRUE,TRUE
"Vitvi10g00562","Rpv12+1+3",6,5,5,3,1,2,2,2,2,2,1,4,2,TRUE,"Down",TRUE,TRUE
"Vitvi10g00567","Rpv12+1+3",6,5,4,3,1,2,2,2,1,2,2,4,2,TRUE,"Down",TRUE,TRUE
"Vitvi10g00669","Rpv12+1+3",6,5,5,3,1,2,2,2,2,2,0,4,2,TRUE,"Down",TRUE,TRUE
"Vitvi10g00694","Rpv12+1+3",6,5,4,3,1,2,2,2,1,2,0,4,2,TRUE,"Up",TRUE,TRUE
"Vitvi10g00740","Rpv12+1+3",6,5,5,3,1,2,2,2,2,2,2,4,2,TRUE,"Down",TRUE,TRUE
"Vitvi10g00870","Rpv12+1+3",6,5,5,3,1,2,2,2,2,2,2,4,2,TRUE,"Down",TRUE,TRUE
"Vitvi10g00903","Rpv12+1+3",6,5,5,3,1,2,2,2,2,2,2,4,2,TRUE,"Up",TRUE,TRUE
"Vitvi10g00949","Rpv12+1+3",6,5,4,3,1,2,2,2,1,2,0,4,2,TRUE,"Down",TRUE,TRUE
"Vitvi10g00984","Rpv12+1+3",6,5,5,3,1,2,2,2,2,2,0,4,3,TRUE,"Down",TRUE,TRUE
"Vitvi10g01507","Rpv12+1+3",6,5,5,3,1,2,2,2,2,2,0,4,2,TRUE,"Down",TRUE,TRUE
"Vitvi10g01620","Rpv12+1+3",6,5,4,3,1,2,2,2,1,2,0,4,2,TRUE,"Down",TRUE,TRUE
"Vitvi10g01657","Rpv12+1+3",6,5,5,3,1,2,2,2,2,2,2,4,2,TRUE,"Down",TRUE,TRUE
"Vitvi10g01666","Rpv12+1+3",6,5,5,3,1,2,2,2,2,2,0,4,2,TRUE,"Down",TRUE,TRUE
"Vitvi10g01678","Rpv12+1+3",6,5,4,3,1,2,2,2,1,2,2,4,2,TRUE,"Up",TRUE,TRUE
"Vitvi10g01686","Rpv12+1+3",6,5,4,3,1,2,2,2,1,2,0,4,2,TRUE,"Up",TRUE,TRUE
"Vitvi10g01760","Rpv12+1+3",6,5,5,3,1,2,2,2,2,2,0,4,2,TRUE,"Down",TRUE,TRUE
"Vitvi10g01813","Rpv12+1+3",6,5,4,3,1,2,2,2,1,2,0,4,2,TRUE,"Up",TRUE,TRUE
"Vitvi10g02177","Rpv12+1+3",6,5,5,3,1,2,2,2,2,2,0,4,2,TRUE,"Down",TRUE,TRUE
"Vitvi10g02283","Rpv12+1+3",6,5,4,3,1,2,2,2,1,2,0,4,2,TRUE,"Up",TRUE,TRUE
"Vitvi10g02309","Rpv12+1+3",6,5,5,3,1,2,2,2,2,2,2,4,2,TRUE,"Down",TRUE,TRUE
"Vitvi10g04023","Rpv12+1+3",6,5,5,3,1,2,2,2,2,2,0,4,2,TRUE,"Up",TRUE,TRUE
"Vitvi10g04029","Rpv12+1+3",6,5,5,3,1,2,2,2,2,2,0,4,3,TRUE,"Down",TRUE,TRUE
"Vitvi10g04031","Rpv12+1+3",6,5,4,3,1,2,2,2,1,2,0,4,2,TRUE,"Up",TRUE,TRUE
"Vitvi10g04044","Rpv12+1+3",6,5,5,3,1,2,2,2,2,2,2,4,2,TRUE,"Down",TRUE,TRUE
"Vitvi10g04045","Rpv12+1+3",6,5,4,3,1,2,2,2,1,2,0,4,2,TRUE,"Down",TRUE,TRUE
"Vitvi10g04054","Rpv12+1+3",6,5,5,3,1,2,2,2,2,2,1,4,2,TRUE,"Down",TRUE,TRUE
"Vitvi10g04063","Rpv12+1+3",6,5,4,3,1,2,2,2,1,2,0,4,1,TRUE,"Down",TRUE,TRUE
"Vitvi10g04085","Rpv12+1+3",6,5,5,3,1,2,2,2,2,2,1,4,3,TRUE,"Down",TRUE,TRUE
"Vitvi10g04124","Rpv12+1+3",6,5,4,3,1,2,2,2,1,2,0,4,2,TRUE,"Down",TRUE,TRUE
"Vitvi10g04242","Rpv12+1+3",6,5,4,3,1,2,2,2,1,2,0,4,2,TRUE,"Down",TRUE,TRUE
"Vitvi10g04276","Rpv12+1+3",6,5,4,3,1,2,2,2,1,2,0,4,2,TRUE,"Down",TRUE,TRUE
"Vitvi10g04281","Rpv12+1+3",6,5,4,3,1,2,2,2,1,2,0,4,2,TRUE,"Up",TRUE,TRUE
"Vitvi10g04400","Rpv12+1+3",6,5,5,3,1,2,2,2,2,2,0,4,2,TRUE,"Up",TRUE,TRUE
"Vitvi10g04473","Rpv12+1+3",6,5,5,3,1,2,2,2,2,2,0,4,2,TRUE,"Up",TRUE,TRUE
"Vitvi10g04504","Rpv12+1+3",6,5,5,3,1,2,2,2,2,2,0,4,2,TRUE,"Down",TRUE,TRUE
"Vitvi10g04650","Rpv12+1+3",6,5,5,3,1,2,2,2,2,2,0,4,3,TRUE,"Down",TRUE,TRUE
"Vitvi10g04734","Rpv12+1+3",6,5,4,3,1,2,2,2,1,2,0,4,2,TRUE,"Up",TRUE,TRUE
"Vitvi10g04735","Rpv12+1+3",6,5,4,3,1,2,2,2,1,2,0,4,3,TRUE,"Up",TRUE,TRUE
"Vitvi11g00013","Rpv12+1+3",6,5,4,3,1,2,2,2,1,2,0,4,2,TRUE,"Down",TRUE,TRUE
"Vitvi11g00014","Rpv12+1+3",6,5,5,3,1,2,2,2,2,2,0,4,2,TRUE,"Down",TRUE,TRUE
"Vitvi11g00030","Rpv12+1+3",6,5,4,3,1,2,2,2,1,2,0,4,2,TRUE,"Down",TRUE,TRUE
"Vitvi11g00098","Rpv12+1+3",6,5,5,3,1,2,2,2,2,2,1,4,2,TRUE,"Down",TRUE,TRUE
"Vitvi11g00099","Rpv12+1+3",6,5,5,3,1,2,2,2,2,2,1,4,2,TRUE,"Down",TRUE,TRUE
"Vitvi11g00217","Rpv12+1+3",6,5,5,3,1,2,2,2,2,2,2,4,3,TRUE,"Down",TRUE,TRUE
"Vitvi11g00286","Rpv12+1+3",6,5,5,3,1,2,2,2,2,2,2,4,3,TRUE,"Down",TRUE,TRUE
"Vitvi11g00394","Rpv12+1+3",6,5,4,3,1,2,2,2,1,2,0,4,2,TRUE,"Up",TRUE,TRUE
"Vitvi11g00398","Rpv12+1+3",6,5,5,3,1,2,2,2,2,2,0,4,2,TRUE,"Down",TRUE,TRUE
"Vitvi11g00467","Rpv12+1+3",6,5,4,3,1,2,2,2,1,2,0,4,2,TRUE,"Down",TRUE,TRUE
"Vitvi11g00712","Rpv12+1+3",6,5,5,3,1,2,2,2,2,2,0,4,2,TRUE,"Down",TRUE,TRUE
"Vitvi11g01205","Rpv12+1+3",6,5,5,3,1,2,2,2,2,2,0,4,2,TRUE,"Up",TRUE,TRUE
"Vitvi11g01251","Rpv12+1+3",6,5,5,3,1,2,2,2,2,2,1,4,2,TRUE,"Up",TRUE,TRUE
"Vitvi11g01295","Rpv12+1+3",6,5,5,3,1,2,2,2,2,2,1,4,2,TRUE,"Down",TRUE,TRUE
"Vitvi11g01349","Rpv12+1+3",6,5,4,3,1,2,2,2,1,2,0,4,2,TRUE,"Up",TRUE,TRUE
"Vitvi11g01394","Rpv12+1+3",6,5,5,3,1,2,2,2,2,2,0,4,2,TRUE,"Down",TRUE,TRUE
"Vitvi11g01411","Rpv12+1+3",6,5,4,3,1,2,2,2,1,2,0,4,2,TRUE,"Down",TRUE,TRUE
"Vitvi11g04036","Rpv12+1+3",6,5,5,3,1,2,2,2,2,2,0,4,0,TRUE,"Down",TRUE,TRUE
"Vitvi11g04266","Rpv12+1+3",6,5,5,3,1,2,2,2,2,2,1,4,2,TRUE,"Down",TRUE,TRUE
"Vitvi11g04267","Rpv12+1+3",6,5,5,3,1,2,2,2,2,2,1,4,3,TRUE,"Down",TRUE,TRUE
"Vitvi11g04345","Rpv12+1+3",6,5,5,3,1,2,2,2,2,2,1,4,2,TRUE,"Up",TRUE,TRUE
"Vitvi12g00183","Rpv12+1+3",6,5,5,3,1,2,2,2,2,2,0,4,3,TRUE,"Down",TRUE,TRUE
"Vitvi12g00208","Rpv12+1+3",6,5,5,3,1,2,2,2,2,2,2,4,2,TRUE,"Up",TRUE,TRUE
"Vitvi12g00226","Rpv12+1+3",6,5,4,3,1,2,2,2,1,2,0,4,2,TRUE,"Down",TRUE,TRUE
"Vitvi12g00297","Rpv12+1+3",6,5,4,3,1,2,2,2,1,2,0,4,2,TRUE,"Down",TRUE,TRUE
"Vitvi12g00300","Rpv12+1+3",6,5,4,3,1,2,2,2,1,2,0,4,2,TRUE,"Up",TRUE,TRUE
"Vitvi12g00342","Rpv12+1+3",6,5,5,3,1,2,2,2,2,2,2,4,2,TRUE,"Down",TRUE,TRUE
"Vitvi12g00381","Rpv12+1+3",6,5,5,3,1,2,2,2,2,2,0,4,2,TRUE,"Down",TRUE,TRUE
"Vitvi12g00430","Rpv12+1+3",6,5,4,3,1,2,2,2,1,2,0,4,2,TRUE,"Down",TRUE,TRUE
"Vitvi12g00440","Rpv12+1+3",6,5,5,3,1,2,2,2,2,2,0,4,2,TRUE,"Down",TRUE,TRUE
"Vitvi12g00522","Rpv12+1+3",6,5,4,3,1,2,2,2,1,2,0,4,2,TRUE,"Down",TRUE,TRUE
"Vitvi12g00606","Rpv12+1+3",6,5,4,3,1,2,2,2,1,2,0,4,2,TRUE,"Down",TRUE,TRUE
"Vitvi12g00631","Rpv12+1+3",6,5,5,3,1,2,2,2,2,2,0,4,2,TRUE,"Down",TRUE,TRUE
"Vitvi12g01655","Rpv12+1+3",6,5,5,3,1,2,2,2,2,2,0,4,2,TRUE,"Down",TRUE,TRUE
"Vitvi12g01776","Rpv12+1+3",6,5,5,3,1,2,2,2,2,2,1,4,2,TRUE,"Down",TRUE,TRUE
"Vitvi12g01881","Rpv12+1+3",6,5,5,3,1,2,2,2,2,2,2,4,3,TRUE,"Up",TRUE,TRUE
"Vitvi12g01882","Rpv12+1+3",6,5,5,3,1,2,2,2,2,2,0,4,2,TRUE,"Up",TRUE,TRUE
"Vitvi12g01885","Rpv12+1+3",6,5,5,3,1,2,2,2,2,2,0,4,4,TRUE,"Up",TRUE,TRUE
"Vitvi12g01921","Rpv12+1+3",6,5,5,3,1,2,2,2,2,2,1,4,4,TRUE,"Up",TRUE,TRUE
"Vitvi12g01939","Rpv12+1+3",6,5,5,3,1,2,2,2,2,2,1,4,3,TRUE,"Up",TRUE,TRUE
"Vitvi12g02011","Rpv12+1+3",6,5,5,3,1,2,2,2,2,2,2,4,2,TRUE,"Up",TRUE,TRUE
"Vitvi12g02016","Rpv12+1+3",6,5,5,3,1,2,2,2,2,2,0,4,2,TRUE,"Down",TRUE,TRUE
"Vitvi12g02028","Rpv12+1+3",6,5,4,3,1,2,2,2,1,2,0,4,2,TRUE,"Down",TRUE,TRUE
"Vitvi12g02066","Rpv12+1+3",6,5,5,3,1,2,2,2,2,2,2,4,3,TRUE,"Down",TRUE,TRUE
"Vitvi12g02142","Rpv12+1+3",6,5,5,3,1,2,2,2,2,2,0,4,2,TRUE,"Down",TRUE,TRUE
"Vitvi12g02191","Rpv12+1+3",6,5,5,3,1,2,2,2,2,2,2,4,2,TRUE,"Up",TRUE,TRUE
"Vitvi12g02394","Rpv12+1+3",6,5,5,3,1,2,2,2,2,2,2,4,2,TRUE,"Down",TRUE,TRUE
"Vitvi12g02451","Rpv12+1+3",6,5,4,3,1,2,2,2,1,2,0,4,2,TRUE,"Down",TRUE,TRUE
"Vitvi12g02454","Rpv12+1+3",6,5,5,3,1,2,2,2,2,2,1,4,2,TRUE,"Down",TRUE,TRUE
"Vitvi12g02465","Rpv12+1+3",6,5,5,3,1,2,2,2,2,2,2,4,2,TRUE,"Up",TRUE,TRUE
"Vitvi12g02621","Rpv12+1+3",6,5,5,3,1,2,2,2,2,2,1,4,3,TRUE,"Down",TRUE,TRUE
"Vitvi12g02678","Rpv12+1+3",6,5,5,3,1,2,2,2,2,2,0,4,2,TRUE,"Up",TRUE,TRUE
"Vitvi12g02681","Rpv12+1+3",6,5,5,3,1,2,2,2,2,2,0,4,2,TRUE,"Down",TRUE,TRUE
"Vitvi12g02682","Rpv12+1+3",6,5,4,3,1,2,2,2,1,2,0,4,0,TRUE,"Up",TRUE,TRUE
"Vitvi12g02701","Rpv12+1+3",6,5,5,3,1,2,2,2,2,2,1,4,3,TRUE,"Down",TRUE,TRUE
"Vitvi12g02705","Rpv12+1+3",6,5,4,3,1,2,2,2,1,2,0,4,1,TRUE,"Down",TRUE,TRUE
"Vitvi12g02718","Rpv12+1+3",6,5,5,3,1,2,2,2,2,2,2,4,2,TRUE,"Down",TRUE,TRUE
"Vitvi12g02735","Rpv12+1+3",6,5,5,3,1,2,2,2,2,2,0,4,3,TRUE,"Down",TRUE,TRUE
"Vitvi12g02753","Rpv12+1+3",6,5,5,3,1,2,2,2,2,2,1,4,3,TRUE,"Down",TRUE,TRUE
"Vitvi12g02755","Rpv12+1+3",6,5,4,3,1,2,2,2,1,2,0,4,2,TRUE,"Down",TRUE,TRUE
"Vitvi12g04067","Rpv12+1+3",6,5,5,3,1,2,2,2,2,2,0,4,2,TRUE,"Down",TRUE,TRUE
"Vitvi12g04084","Rpv12+1+3",6,5,5,3,1,2,2,2,2,2,0,4,3,TRUE,"Down",TRUE,TRUE
"Vitvi12g04106","Rpv12+1+3",6,5,4,3,1,2,2,2,1,2,0,4,3,TRUE,"Up",TRUE,TRUE
"Vitvi12g04108","Rpv12+1+3",6,5,5,3,1,2,2,2,2,2,2,4,4,TRUE,"Up",TRUE,TRUE
"Vitvi12g04185","Rpv12+1+3",6,5,5,3,1,2,2,2,2,2,1,4,3,TRUE,"Down",TRUE,TRUE
"Vitvi12g04227","Rpv12+1+3",6,5,4,3,1,2,2,2,1,2,0,4,1,TRUE,"Up",TRUE,TRUE
"Vitvi12g04365","Rpv12+1+3",6,5,5,3,1,2,2,2,2,2,0,4,1,TRUE,"Up",TRUE,TRUE
"Vitvi12g04404","Rpv12+1+3",6,5,5,3,1,2,2,2,2,2,2,4,4,TRUE,"Up",TRUE,TRUE
"Vitvi12g04440","Rpv12+1+3",6,5,5,3,1,2,2,2,2,2,0,4,2,TRUE,"Up",TRUE,TRUE
"Vitvi12g04441","Rpv12+1+3",6,5,5,3,1,2,2,2,2,2,0,4,0,TRUE,"Up",TRUE,TRUE
"Vitvi12g04444","Rpv12+1+3",6,5,4,3,1,2,2,2,1,2,0,4,2,TRUE,"Up",TRUE,TRUE
"Vitvi12g04463","Rpv12+1+3",6,5,5,3,1,2,2,2,2,2,0,4,3,TRUE,"Up",TRUE,TRUE
"Vitvi12g04464","Rpv12+1+3",6,5,5,3,1,2,2,2,2,2,0,4,3,TRUE,"Up",TRUE,TRUE
"Vitvi12g04498","Rpv12+1+3",6,5,5,3,1,2,2,2,2,2,0,4,2,TRUE,"Up",TRUE,TRUE
"Vitvi12g04505","Rpv12+1+3",6,5,4,3,1,2,2,2,1,2,0,4,2,TRUE,"Up",TRUE,TRUE
"Vitvi12g04511","Rpv12+1+3",6,5,5,3,1,2,2,2,2,2,0,4,2,TRUE,"Down",TRUE,TRUE
"Vitvi12g04518","Rpv12+1+3",6,5,5,3,1,2,2,2,2,2,0,4,2,TRUE,"Up",TRUE,TRUE
"Vitvi12g04523","Rpv12+1+3",6,5,4,3,1,2,2,2,1,2,0,4,2,TRUE,"Up",TRUE,TRUE
"Vitvi12g04526","Rpv12+1+3",6,5,5,3,1,2,2,2,2,2,1,4,2,TRUE,"Down",TRUE,TRUE
"Vitvi12g04536","Rpv12+1+3",6,5,4,3,1,2,2,2,1,2,0,4,1,TRUE,"Up",TRUE,TRUE
"Vitvi12g04539","Rpv12+1+3",6,5,5,3,1,2,2,2,2,2,0,4,2,TRUE,"Up",TRUE,TRUE
"Vitvi12g04541","Rpv12+1+3",6,5,5,3,1,2,2,2,2,2,0,4,0,TRUE,"Up",TRUE,TRUE
"Vitvi12g04543","Rpv12+1+3",6,5,5,3,1,2,2,2,2,2,1,4,3,TRUE,"Up",TRUE,TRUE
"Vitvi12g04545","Rpv12+1+3",6,5,5,3,1,2,2,2,2,2,1,4,2,TRUE,"Up",TRUE,TRUE
"Vitvi12g04548","Rpv12+1+3",6,5,5,3,1,2,2,2,2,2,1,4,2,TRUE,"Up",TRUE,TRUE
"Vitvi12g04563","Rpv12+1+3",6,5,5,3,1,2,2,2,2,2,2,4,3,TRUE,"Down",TRUE,TRUE
"Vitvi12g04595","Rpv12+1+3",6,5,5,3,1,2,2,2,2,2,1,4,4,TRUE,"Down",TRUE,TRUE
"Vitvi12g04596","Rpv12+1+3",6,5,4,3,1,2,2,2,1,2,0,4,3,TRUE,"Up",TRUE,TRUE
"Vitvi12g04597","Rpv12+1+3",6,5,5,3,1,2,2,2,2,2,2,4,3,TRUE,"Up",TRUE,TRUE
"Vitvi12g04598","Rpv12+1+3",6,5,5,3,1,2,2,2,2,2,2,4,4,TRUE,"Up",TRUE,TRUE
"Vitvi12g04607","Rpv12+1+3",6,5,5,3,1,2,2,2,2,2,2,4,3,TRUE,"Up",TRUE,TRUE
"Vitvi12g04630","Rpv12+1+3",6,5,5,3,1,2,2,2,2,2,1,4,3,TRUE,"Down",TRUE,TRUE
"Vitvi12g04631","Rpv12+1+3",6,5,5,3,1,2,2,2,2,2,1,4,3,TRUE,"Down",TRUE,TRUE
"Vitvi13g00037","Rpv12+1+3",6,5,4,3,1,2,2,2,1,2,0,4,2,TRUE,"Down",TRUE,TRUE
"Vitvi13g00095","Rpv12+1+3",6,5,5,3,1,2,2,2,2,2,1,4,2,TRUE,"Down",TRUE,TRUE
"Vitvi13g00126","Rpv12+1+3",6,5,5,3,1,2,2,2,2,2,0,4,2,TRUE,"Up",TRUE,TRUE
"Vitvi13g00139","Rpv12+1+3",6,5,4,3,1,2,2,2,1,2,0,4,2,TRUE,"Down",TRUE,TRUE
"Vitvi13g00156","Rpv12+1+3",6,5,5,3,1,2,2,2,2,2,2,4,2,TRUE,"Down",TRUE,TRUE
"Vitvi13g00258","Rpv12+1+3",6,5,5,3,1,2,2,2,2,2,2,4,2,TRUE,"Up",TRUE,TRUE
"Vitvi13g00322","Rpv12+1+3",6,5,4,3,1,2,2,2,1,2,0,4,2,TRUE,"Down",TRUE,TRUE
"Vitvi13g00341","Rpv12+1+3",6,5,5,3,1,2,2,2,2,2,0,4,2,TRUE,"Down",TRUE,TRUE
"Vitvi13g00342","Rpv12+1+3",6,5,5,3,1,2,2,2,2,2,0,4,2,TRUE,"Down",TRUE,TRUE
"Vitvi13g00387","Rpv12+1+3",6,5,5,3,1,2,2,2,2,2,0,4,2,TRUE,"Down",TRUE,TRUE
"Vitvi13g00590","Rpv12+1+3",6,5,5,3,1,2,2,2,2,2,0,4,2,TRUE,"Down",TRUE,TRUE
"Vitvi13g00680","Rpv12+1+3",6,5,4,3,1,2,2,2,1,2,0,4,2,TRUE,"Up",TRUE,TRUE
"Vitvi13g00714","Rpv12+1+3",6,5,4,3,1,2,2,2,1,2,1,4,2,TRUE,"Up",TRUE,TRUE
"Vitvi13g00738","Rpv12+1+3",6,5,5,3,1,2,2,2,2,2,0,4,2,TRUE,"Down",TRUE,TRUE
"Vitvi13g00754","Rpv12+1+3",6,5,5,3,1,2,2,2,2,2,0,4,2,TRUE,"Down",TRUE,TRUE
"Vitvi13g00794","Rpv12+1+3",6,5,4,3,1,2,2,2,1,2,0,4,2,TRUE,"Up",TRUE,TRUE
"Vitvi13g00852","Rpv12+1+3",6,5,5,3,1,2,2,2,2,2,1,4,2,TRUE,"Down",TRUE,TRUE
"Vitvi13g01098","Rpv12+1+3",6,5,4,3,1,2,2,2,1,2,2,4,2,TRUE,"Up",TRUE,TRUE
"Vitvi13g01114","Rpv12+1+3",6,5,4,3,1,2,2,2,1,2,0,4,2,TRUE,"Down",TRUE,TRUE
"Vitvi13g01171","Rpv12+1+3",6,5,5,3,1,2,2,2,2,2,0,4,2,TRUE,"Down",TRUE,TRUE
"Vitvi13g01177","Rpv12+1+3",6,5,4,3,1,2,2,2,1,2,0,4,2,TRUE,"Up",TRUE,TRUE
"Vitvi13g01179","Rpv12+1+3",6,5,5,3,1,2,2,2,2,2,0,4,1,TRUE,"Down",TRUE,TRUE
"Vitvi13g01468","Rpv12+1+3",6,5,5,3,1,2,2,2,2,2,2,4,3,TRUE,"Down",TRUE,TRUE
"Vitvi13g01603","Rpv12+1+3",6,5,5,3,1,2,2,2,2,2,0,4,2,TRUE,"Down",TRUE,TRUE
"Vitvi13g01608","Rpv12+1+3",6,5,5,3,1,2,2,2,2,2,2,4,2,TRUE,"Down",TRUE,TRUE
"Vitvi13g01616","Rpv12+1+3",6,5,5,3,1,2,2,2,2,2,1,4,3,TRUE,"Down",TRUE,TRUE
"Vitvi13g01634","Rpv12+1+3",6,5,5,3,1,2,2,2,2,2,0,4,2,TRUE,"Down",TRUE,TRUE
"Vitvi13g01638","Rpv12+1+3",6,5,5,3,1,2,2,2,2,2,2,4,3,TRUE,"Down",TRUE,TRUE
"Vitvi13g01676","Rpv12+1+3",6,5,4,3,1,2,2,2,1,2,0,4,2,TRUE,"Down",TRUE,TRUE
"Vitvi13g01684","Rpv12+1+3",6,5,5,3,1,2,2,2,2,2,0,4,2,TRUE,"Down",TRUE,TRUE
"Vitvi13g01690","Rpv12+1+3",6,5,4,3,1,2,2,2,1,2,1,4,2,TRUE,"Down",TRUE,TRUE
"Vitvi13g01796","Rpv12+1+3",6,5,5,3,1,2,2,2,2,2,0,4,2,TRUE,"Up",TRUE,TRUE
"Vitvi13g01851","Rpv12+1+3",6,5,5,3,1,2,2,2,2,2,0,4,3,TRUE,"Down",TRUE,TRUE
"Vitvi13g01855","Rpv12+1+3",6,5,5,3,1,2,2,2,2,2,2,4,2,TRUE,"Down",TRUE,TRUE
"Vitvi13g01882","Rpv12+1+3",6,5,5,3,1,2,2,2,2,2,0,4,3,TRUE,"Down",TRUE,TRUE
"Vitvi13g01889","Rpv12+1+3",6,5,5,3,1,2,2,2,2,2,2,4,3,TRUE,"Up",TRUE,TRUE
"Vitvi13g01903","Rpv12+1+3",6,5,5,3,1,2,2,2,2,2,2,4,3,TRUE,"Down",TRUE,TRUE
"Vitvi13g01932","Rpv12+1+3",6,5,5,3,1,2,2,2,2,2,0,4,2,TRUE,"Down",TRUE,TRUE
"Vitvi13g01984","Rpv12+1+3",6,5,5,3,1,2,2,2,2,2,0,4,3,TRUE,"Down",TRUE,TRUE
"Vitvi13g02005","Rpv12+1+3",6,5,5,3,1,2,2,2,2,2,2,4,2,TRUE,"Down",TRUE,TRUE
"Vitvi13g02006","Rpv12+1+3",6,5,5,3,1,2,2,2,2,2,1,4,2,TRUE,"Down",TRUE,TRUE
"Vitvi13g02083","Rpv12+1+3",6,5,5,3,1,2,2,2,2,2,1,4,3,TRUE,"Down",TRUE,TRUE
"Vitvi13g02285","Rpv12+1+3",6,5,5,3,1,2,2,2,2,2,1,4,3,TRUE,"Up",TRUE,TRUE
"Vitvi13g02344","Rpv12+1+3",6,5,5,3,1,2,2,2,2,2,0,4,2,TRUE,"Down",TRUE,TRUE
"Vitvi13g02354","Rpv12+1+3",6,5,4,3,1,2,2,2,1,2,0,4,3,TRUE,"Down",TRUE,TRUE
"Vitvi13g02360","Rpv12+1+3",6,5,5,3,1,2,2,2,2,2,0,4,3,TRUE,"Down",TRUE,TRUE
"Vitvi13g02413","Rpv12+1+3",6,5,5,3,1,2,2,2,2,2,0,4,2,TRUE,"Down",TRUE,TRUE
"Vitvi13g02465","Rpv12+1+3",6,5,5,3,1,2,2,2,2,2,0,4,2,TRUE,"Down",TRUE,TRUE
"Vitvi13g02551","Rpv12+1+3",6,5,5,3,1,2,2,2,2,2,2,4,2,TRUE,"Up",TRUE,TRUE
"Vitvi13g02553","Rpv12+1+3",6,5,5,3,1,2,2,2,2,2,0,4,1,TRUE,"Up",TRUE,TRUE
"Vitvi13g02560","Rpv12+1+3",6,5,5,3,1,2,2,2,2,2,0,4,2,TRUE,"Down",TRUE,TRUE
"Vitvi13g04074","Rpv12+1+3",6,5,5,3,1,2,2,2,2,2,0,4,2,TRUE,"Up",TRUE,TRUE
"Vitvi13g04231","Rpv12+1+3",6,5,5,3,1,2,2,2,2,2,1,4,3,TRUE,"Down",TRUE,TRUE
"Vitvi13g04233","Rpv12+1+3",6,5,5,3,1,2,2,2,2,2,0,4,3,TRUE,"Down",TRUE,TRUE
"Vitvi13g04289","Rpv12+1+3",6,5,5,3,1,2,2,2,2,2,0,4,3,TRUE,"Down",TRUE,TRUE
"Vitvi13g04427","Rpv12+1+3",6,5,5,3,1,2,2,2,2,2,0,4,2,TRUE,"Up",TRUE,TRUE
"Vitvi13g04443","Rpv12+1+3",6,5,5,3,1,2,2,2,2,2,1,4,2,TRUE,"Up",TRUE,TRUE
"Vitvi13g04446","Rpv12+1+3",6,5,5,3,1,2,2,2,2,2,0,4,1,TRUE,"Up",TRUE,TRUE
"Vitvi13g04459","Rpv12+1+3",6,5,5,3,1,2,2,2,2,2,0,4,0,TRUE,"Up",TRUE,TRUE
"Vitvi13g04468","Rpv12+1+3",6,5,5,3,1,2,2,2,2,2,0,4,3,TRUE,"Down",TRUE,TRUE
"Vitvi13g04492","Rpv12+1+3",6,5,5,3,1,2,2,2,2,2,0,4,1,TRUE,"Down",TRUE,TRUE
"Vitvi13g04521","Rpv12+1+3",6,5,5,3,1,2,2,2,2,2,1,4,3,TRUE,"Down",TRUE,TRUE
"Vitvi13g04522","Rpv12+1+3",6,5,5,3,1,2,2,2,2,2,0,4,0,TRUE,"Down",TRUE,TRUE
"Vitvi13g04528","Rpv12+1+3",6,5,5,3,1,2,2,2,2,2,2,4,3,TRUE,"Down",TRUE,TRUE
"Vitvi13g04529","Rpv12+1+3",6,5,5,3,1,2,2,2,2,2,2,4,3,TRUE,"Down",TRUE,TRUE
"Vitvi13g04536","Rpv12+1+3",6,5,5,3,1,2,2,2,2,2,0,4,2,TRUE,"Down",TRUE,TRUE
"Vitvi13g04537","Rpv12+1+3",6,5,5,3,1,2,2,2,2,2,0,4,2,TRUE,"Down",TRUE,TRUE
"Vitvi13g04539","Rpv12+1+3",6,5,5,3,1,2,2,2,2,2,1,4,3,TRUE,"Down",TRUE,TRUE
"Vitvi13g04540","Rpv12+1+3",6,5,5,3,1,2,2,2,2,2,0,4,3,TRUE,"Down",TRUE,TRUE
"Vitvi13g04585","Rpv12+1+3",6,5,5,3,1,2,2,2,2,2,0,4,2,TRUE,"Up",TRUE,TRUE
"Vitvi13g04677","Rpv12+1+3",6,5,5,3,1,2,2,2,2,2,2,4,2,TRUE,"Down",TRUE,TRUE
"Vitvi13g04699","Rpv12+1+3",6,5,5,3,1,2,2,2,2,2,2,4,2,TRUE,"Down",TRUE,TRUE
"Vitvi13g04706","Rpv12+1+3",6,5,5,3,1,2,2,2,2,2,2,4,4,TRUE,"Down",TRUE,TRUE
"Vitvi13g04707","Rpv12+1+3",6,5,5,3,1,2,2,2,2,2,0,4,3,TRUE,"Down",TRUE,TRUE
"Vitvi13g04709","Rpv12+1+3",6,5,5,3,1,2,2,2,2,2,1,4,2,TRUE,"Up",TRUE,TRUE
"Vitvi13g04745","Rpv12+1+3",6,5,5,3,1,2,2,2,2,2,0,4,2,TRUE,"Down",TRUE,TRUE
"Vitvi13g04750","Rpv12+1+3",6,5,5,3,1,2,2,2,2,2,0,4,2,TRUE,"Down",TRUE,TRUE
"Vitvi13g04774","Rpv12+1+3",6,5,5,3,1,2,2,2,2,2,0,4,2,TRUE,"Down",TRUE,TRUE
"Vitvi13g04785","Rpv12+1+3",6,5,5,3,1,2,2,2,2,2,2,4,2,TRUE,"Down",TRUE,TRUE
"Vitvi13g04786","Rpv12+1+3",6,5,5,3,1,2,2,2,2,2,0,4,2,TRUE,"Down",TRUE,TRUE
"Vitvi14g00184","Rpv12+1+3",6,5,4,3,1,2,2,2,1,2,0,4,2,TRUE,"Down",TRUE,TRUE
"Vitvi14g00656","Rpv12+1+3",6,5,5,3,1,2,2,2,2,2,0,4,0,TRUE,"Up",TRUE,TRUE
"Vitvi14g00668","Rpv12+1+3",6,5,5,3,1,2,2,2,2,2,2,4,3,TRUE,"Up",TRUE,TRUE
"Vitvi14g00707","Rpv12+1+3",6,5,5,3,1,2,2,2,2,2,0,4,0,TRUE,"Down",TRUE,TRUE
"Vitvi14g01046","Rpv12+1+3",6,5,4,3,1,2,2,2,1,2,1,4,3,TRUE,"Down",TRUE,TRUE
"Vitvi14g01294","Rpv12+1+3",6,5,5,3,1,2,2,2,2,2,0,4,2,TRUE,"Down",TRUE,TRUE
"Vitvi14g01301","Rpv12+1+3",6,5,5,3,1,2,2,2,2,2,0,4,2,TRUE,"Down",TRUE,TRUE
"Vitvi14g01380","Rpv12+1+3",6,5,4,3,1,2,2,2,1,2,0,4,2,TRUE,"Down",TRUE,TRUE
"Vitvi14g01404","Rpv12+1+3",6,5,5,3,1,2,2,2,2,2,0,4,2,TRUE,"Down",TRUE,TRUE
"Vitvi14g01485","Rpv12+1+3",6,5,4,3,1,2,2,2,1,2,0,4,2,TRUE,"Up",TRUE,TRUE
"Vitvi14g01500","Rpv12+1+3",6,5,5,3,1,2,2,2,2,2,0,4,2,TRUE,"Down",TRUE,TRUE
"Vitvi14g01502","Rpv12+1+3",6,5,4,3,1,2,2,2,1,2,0,4,2,TRUE,"Down",TRUE,TRUE
"Vitvi14g01575","Rpv12+1+3",6,5,5,3,1,2,2,2,2,2,2,4,2,TRUE,"Down",TRUE,TRUE
"Vitvi14g01581","Rpv12+1+3",6,5,4,3,1,2,2,2,1,2,0,4,2,TRUE,"Down",TRUE,TRUE
"Vitvi14g01688","Rpv12+1+3",6,5,5,3,1,2,2,2,2,2,0,4,2,TRUE,"Down",TRUE,TRUE
"Vitvi14g01735","Rpv12+1+3",6,5,5,3,1,2,2,2,2,2,0,4,2,TRUE,"Down",TRUE,TRUE
"Vitvi14g01858","Rpv12+1+3",6,5,5,3,1,2,2,2,2,2,1,4,2,TRUE,"Up",TRUE,TRUE
"Vitvi14g01859","Rpv12+1+3",6,5,5,3,1,2,2,2,2,2,1,4,2,TRUE,"Up",TRUE,TRUE
"Vitvi14g01922","Rpv12+1+3",6,5,5,3,1,2,2,2,2,2,0,4,2,TRUE,"Down",TRUE,TRUE
"Vitvi14g01960","Rpv12+1+3",6,5,5,3,1,2,2,2,2,2,0,4,2,TRUE,"Down",TRUE,TRUE
"Vitvi14g02043","Rpv12+1+3",6,5,4,3,1,2,2,2,1,2,0,4,2,TRUE,"Down",TRUE,TRUE
"Vitvi14g02469","Rpv12+1+3",6,5,4,3,1,2,2,2,1,2,0,4,3,TRUE,"Down",TRUE,TRUE
"Vitvi14g02490","Rpv12+1+3",6,5,4,3,1,2,2,2,1,2,0,4,2,TRUE,"Down",TRUE,TRUE
"Vitvi14g02494","Rpv12+1+3",6,5,4,3,1,2,2,2,1,2,0,4,2,TRUE,"Down",TRUE,TRUE
"Vitvi14g02586","Rpv12+1+3",6,5,4,3,1,2,2,2,1,2,0,4,2,TRUE,"Down",TRUE,TRUE
"Vitvi14g02663","Rpv12+1+3",6,5,5,3,1,2,2,2,2,2,2,4,2,TRUE,"Up",TRUE,TRUE
"Vitvi14g02707","Rpv12+1+3",6,5,5,3,1,2,2,2,2,2,1,4,3,TRUE,"Up",TRUE,TRUE
"Vitvi14g02758","Rpv12+1+3",6,5,5,3,1,2,2,2,2,2,2,4,2,TRUE,"Down",TRUE,TRUE
"Vitvi14g02869","Rpv12+1+3",6,5,5,3,1,2,2,2,2,2,2,4,2,TRUE,"Down",TRUE,TRUE
"Vitvi14g02920","Rpv12+1+3",6,5,4,3,1,2,2,2,1,2,0,4,2,TRUE,"Down",TRUE,TRUE
"Vitvi14g02930","Rpv12+1+3",6,5,5,3,1,2,2,2,2,2,2,4,3,TRUE,"Down",TRUE,TRUE
"Vitvi14g02946","Rpv12+1+3",6,5,5,3,1,2,2,2,2,2,0,4,2,TRUE,"Down",TRUE,TRUE
"Vitvi14g03012","Rpv12+1+3",6,5,5,3,1,2,2,2,2,2,0,4,0,TRUE,"Down",TRUE,TRUE
"Vitvi14g03025","Rpv12+1+3",6,5,4,3,1,2,2,2,1,2,0,4,2,TRUE,"Down",TRUE,TRUE
"Vitvi14g03076","Rpv12+1+3",6,5,5,3,1,2,2,2,2,2,0,4,2,TRUE,"Up",TRUE,TRUE
"Vitvi14g04045","Rpv12+1+3",6,5,4,3,1,2,2,2,1,2,0,4,2,TRUE,"Down",TRUE,TRUE
"Vitvi14g04248","Rpv12+1+3",6,5,5,3,1,2,2,2,2,2,0,4,1,TRUE,"Up",TRUE,TRUE
"Vitvi14g04255","Rpv12+1+3",6,5,5,3,1,2,2,2,2,2,1,4,3,TRUE,"Up",TRUE,TRUE
"Vitvi14g04449","Rpv12+1+3",6,5,5,3,1,2,2,2,2,2,1,4,2,TRUE,"Up",TRUE,TRUE
"Vitvi14g04450","Rpv12+1+3",6,5,5,3,1,2,2,2,2,2,0,4,2,TRUE,"Up",TRUE,TRUE
"Vitvi14g04456","Rpv12+1+3",6,5,4,3,1,2,2,2,1,2,0,4,2,TRUE,"Down",TRUE,TRUE
"Vitvi14g04475","Rpv12+1+3",6,5,5,3,1,2,2,2,2,2,0,4,0,TRUE,"Up",TRUE,TRUE
"Vitvi14g04477","Rpv12+1+3",6,5,4,3,1,2,2,2,1,2,0,4,2,TRUE,"Down",TRUE,TRUE
"Vitvi14g04517","Rpv12+1+3",6,5,5,3,1,2,2,2,2,2,0,4,2,TRUE,"Down",TRUE,TRUE
"Vitvi14g04632","Rpv12+1+3",6,5,5,3,1,2,2,2,2,2,0,4,2,TRUE,"Down",TRUE,TRUE
"Vitvi14g04653","Rpv12+1+3",6,5,5,3,1,2,2,2,2,2,1,4,2,TRUE,"Up",TRUE,TRUE
"Vitvi15g00331","Rpv12+1+3",6,5,5,3,1,2,2,2,2,2,0,4,1,TRUE,"Down",TRUE,TRUE
"Vitvi15g00431","Rpv12+1+3",6,5,5,3,1,2,2,2,2,2,0,4,2,TRUE,"Down",TRUE,TRUE
"Vitvi15g00523","Rpv12+1+3",6,5,5,3,1,2,2,2,2,2,0,4,2,TRUE,"Down",TRUE,TRUE
"Vitvi15g00537","Rpv12+1+3",6,5,5,3,1,2,2,2,2,2,1,4,2,TRUE,"Down",TRUE,TRUE
"Vitvi15g00618","Rpv12+1+3",6,5,4,3,1,2,2,2,1,2,0,4,0,TRUE,"Down",TRUE,TRUE
"Vitvi15g00619","Rpv12+1+3",6,5,4,3,1,2,2,2,1,2,0,4,2,TRUE,"Down",TRUE,TRUE
"Vitvi15g00641","Rpv12+1+3",6,5,4,3,1,2,2,2,1,2,0,4,2,TRUE,"Down",TRUE,TRUE
"Vitvi15g00690","Rpv12+1+3",6,5,5,3,1,2,2,2,2,2,1,4,2,TRUE,"Down",TRUE,TRUE
"Vitvi15g00721","Rpv12+1+3",6,5,5,3,1,2,2,2,2,2,1,4,2,TRUE,"Down",TRUE,TRUE
"Vitvi15g00767","Rpv12+1+3",6,5,5,3,1,2,2,2,2,2,0,4,2,TRUE,"Down",TRUE,TRUE
"Vitvi15g00804","Rpv12+1+3",6,5,4,3,1,2,2,2,1,2,0,4,2,TRUE,"Down",TRUE,TRUE
"Vitvi15g00888","Rpv12+1+3",6,5,5,3,1,2,2,2,2,2,0,4,2,TRUE,"Down",TRUE,TRUE
"Vitvi15g00916","Rpv12+1+3",6,5,4,3,1,2,2,2,1,2,0,4,4,TRUE,"Down",TRUE,TRUE
"Vitvi15g00921","Rpv12+1+3",6,5,5,3,1,2,2,2,2,2,2,4,2,TRUE,"Down",TRUE,TRUE
"Vitvi15g00931","Rpv12+1+3",6,5,5,3,1,2,2,2,2,2,0,4,2,TRUE,"Down",TRUE,TRUE
"Vitvi15g00947","Rpv12+1+3",6,5,5,3,1,2,2,2,2,2,0,4,2,TRUE,"Down",TRUE,TRUE
"Vitvi15g01075","Rpv12+1+3",6,5,5,3,1,2,2,2,2,2,0,4,0,TRUE,"Down",TRUE,TRUE
"Vitvi15g01150","Rpv12+1+3",6,5,5,3,1,2,2,2,2,2,0,4,2,TRUE,"Down",TRUE,TRUE
"Vitvi15g01247","Rpv12+1+3",6,5,5,3,1,2,2,2,2,2,2,4,3,TRUE,"Up",TRUE,TRUE
"Vitvi15g01388","Rpv12+1+3",6,5,5,3,1,2,2,2,2,2,0,4,2,TRUE,"Down",TRUE,TRUE
"Vitvi15g01483","Rpv12+1+3",6,5,5,3,1,2,2,2,2,2,1,4,3,TRUE,"Down",TRUE,TRUE
"Vitvi15g01504","Rpv12+1+3",6,5,5,3,1,2,2,2,2,2,0,4,3,TRUE,"Up",TRUE,TRUE
"Vitvi15g01541","Rpv12+1+3",6,5,5,3,1,2,2,2,2,2,0,4,2,TRUE,"Down",TRUE,TRUE
"Vitvi15g01617","Rpv12+1+3",6,5,5,3,1,2,2,2,2,2,0,4,1,TRUE,"Up",TRUE,TRUE
"Vitvi15g01639","Rpv12+1+3",6,5,4,3,1,2,2,2,1,2,0,4,3,TRUE,"Up",TRUE,TRUE
"Vitvi15g01687","Rpv12+1+3",6,5,5,3,1,2,2,2,2,2,2,4,2,TRUE,"Down",TRUE,TRUE
"Vitvi15g04001","Rpv12+1+3",6,5,5,3,1,2,2,2,2,2,1,4,2,TRUE,"Down",TRUE,TRUE
"Vitvi15g04365","Rpv12+1+3",6,5,5,3,1,2,2,2,2,2,1,4,2,TRUE,"Up",TRUE,TRUE
"Vitvi15g04378","Rpv12+1+3",6,5,5,3,1,2,2,2,2,2,1,4,3,TRUE,"Up",TRUE,TRUE
"Vitvi15g04379","Rpv12+1+3",6,5,5,3,1,2,2,2,2,2,1,4,3,TRUE,"Up",TRUE,TRUE
"Vitvi15g04400","Rpv12+1+3",6,5,5,3,1,2,2,2,2,2,0,4,2,TRUE,"Down",TRUE,TRUE
"Vitvi15g04461","Rpv12+1+3",6,5,5,3,1,2,2,2,2,2,2,4,3,TRUE,"Up",TRUE,TRUE
"Vitvi15g04494","Rpv12+1+3",6,5,4,3,1,2,2,2,1,2,0,4,2,TRUE,"Down",TRUE,TRUE
"Vitvi15g04555","Rpv12+1+3",6,5,4,3,1,2,2,2,1,2,0,4,3,TRUE,"Up",TRUE,TRUE
"Vitvi15g04598","Rpv12+1+3",6,5,4,3,1,2,2,2,1,2,0,4,2,TRUE,"Down",TRUE,TRUE
"Vitvi15g04604","Rpv12+1+3",6,5,4,3,1,2,2,2,1,2,0,4,1,TRUE,"Down",TRUE,TRUE
"Vitvi15g04655","Rpv12+1+3",6,5,5,3,1,2,2,2,2,2,0,4,3,TRUE,"Down",TRUE,TRUE
"Vitvi16g00160","Rpv12+1+3",6,5,5,3,1,2,2,2,2,2,1,4,4,TRUE,"Down",TRUE,TRUE
"Vitvi16g00372","Rpv12+1+3",6,5,4,3,1,2,2,2,1,2,0,4,2,TRUE,"Down",TRUE,TRUE
"Vitvi16g00609","Rpv12+1+3",6,5,5,3,1,2,2,2,2,2,1,4,3,TRUE,"Down",TRUE,TRUE
"Vitvi16g00636","Rpv12+1+3",6,5,5,3,1,2,2,2,2,2,0,4,2,TRUE,"Down",TRUE,TRUE
"Vitvi16g00741","Rpv12+1+3",6,5,5,3,1,2,2,2,2,2,0,4,2,TRUE,"Down",TRUE,TRUE
"Vitvi16g00775","Rpv12+1+3",6,5,5,3,1,2,2,2,2,2,0,4,2,TRUE,"Down",TRUE,TRUE
"Vitvi16g00849","Rpv12+1+3",6,5,5,3,1,2,2,2,2,2,1,4,2,TRUE,"Down",TRUE,TRUE
"Vitvi16g00878","Rpv12+1+3",6,5,5,3,1,2,2,2,2,2,2,4,2,TRUE,"Down",TRUE,TRUE
"Vitvi16g01017","Rpv12+1+3",6,5,4,3,1,2,2,2,1,2,0,4,0,TRUE,"Down",TRUE,TRUE
"Vitvi16g01081","Rpv12+1+3",6,5,5,3,1,2,2,2,2,2,0,4,2,TRUE,"Up",TRUE,TRUE
"Vitvi16g01126","Rpv12+1+3",6,5,5,3,1,2,2,2,2,2,1,4,2,TRUE,"Down",TRUE,TRUE
"Vitvi16g01141","Rpv12+1+3",6,5,5,3,1,2,2,2,2,2,1,4,2,TRUE,"Down",TRUE,TRUE
"Vitvi16g01418","Rpv12+1+3",6,5,5,3,1,2,2,2,2,2,2,4,2,TRUE,"Down",TRUE,TRUE
"Vitvi16g01419","Rpv12+1+3",6,5,4,3,1,2,2,2,1,2,0,4,2,TRUE,"Down",TRUE,TRUE
"Vitvi16g01497","Rpv12+1+3",6,5,5,3,1,2,2,2,2,2,0,4,2,TRUE,"Up",TRUE,TRUE
"Vitvi16g01733","Rpv12+1+3",6,5,5,3,1,2,2,2,2,2,2,4,3,TRUE,"Up",TRUE,TRUE
"Vitvi16g01753","Rpv12+1+3",6,5,5,3,1,2,2,2,2,2,1,4,3,TRUE,"Down",TRUE,TRUE
"Vitvi16g01769","Rpv12+1+3",6,5,5,3,1,2,2,2,2,2,1,4,3,TRUE,"Down",TRUE,TRUE
"Vitvi16g01772","Rpv12+1+3",6,5,4,3,1,2,2,2,1,2,0,4,3,TRUE,"Down",TRUE,TRUE
"Vitvi16g01796","Rpv12+1+3",6,5,5,3,1,2,2,2,2,2,0,4,3,TRUE,"Up",TRUE,TRUE
"Vitvi16g01874","Rpv12+1+3",6,5,4,3,1,2,2,2,1,2,2,4,3,TRUE,"Down",TRUE,TRUE
"Vitvi16g01935","Rpv12+1+3",6,5,5,3,1,2,2,2,2,2,0,4,0,TRUE,"Up",TRUE,TRUE
"Vitvi16g01938","Rpv12+1+3",6,5,5,3,1,2,2,2,2,2,0,4,3,TRUE,"Down",TRUE,TRUE
"Vitvi16g01980","Rpv12+1+3",6,5,4,3,1,2,2,2,1,2,0,4,3,TRUE,"Down",TRUE,TRUE
"Vitvi16g02061","Rpv12+1+3",6,5,4,3,1,2,2,2,1,2,0,4,1,TRUE,"Up",TRUE,TRUE
"Vitvi16g02072","Rpv12+1+3",6,5,5,3,1,2,2,2,2,2,0,4,3,TRUE,"Down",TRUE,TRUE
"Vitvi16g02116","Rpv12+1+3",6,5,5,3,1,2,2,2,2,2,0,4,2,TRUE,"Up",TRUE,TRUE
"Vitvi16g04012","Rpv12+1+3",6,5,5,3,1,2,2,2,2,2,1,4,2,TRUE,"Up",TRUE,TRUE
"Vitvi16g04154","Rpv12+1+3",6,5,4,3,1,2,2,2,1,2,0,4,2,TRUE,"Up",TRUE,TRUE
"Vitvi16g04222","Rpv12+1+3",6,5,5,3,1,2,2,2,2,2,1,4,3,TRUE,"Up",TRUE,TRUE
"Vitvi16g04254","Rpv12+1+3",6,5,5,3,1,2,2,2,2,2,0,4,0,TRUE,"Down",TRUE,TRUE
"Vitvi16g04263","Rpv12+1+3",6,5,5,3,1,2,2,2,2,2,0,4,3,TRUE,"Down",TRUE,TRUE
"Vitvi16g04296","Rpv12+1+3",6,5,5,3,1,2,2,2,2,2,2,4,2,TRUE,"Down",TRUE,TRUE
"Vitvi16g04364","Rpv12+1+3",6,5,4,3,1,2,2,2,1,2,0,4,0,TRUE,"Down",TRUE,TRUE
"Vitvi16g04376","Rpv12+1+3",6,5,5,3,1,2,2,2,2,2,0,4,2,TRUE,"Down",TRUE,TRUE
"Vitvi16g04388","Rpv12+1+3",6,5,5,3,1,2,2,2,2,2,1,4,3,TRUE,"Down",TRUE,TRUE
"Vitvi16g04389","Rpv12+1+3",6,5,5,3,1,2,2,2,2,2,2,4,3,TRUE,"Down",TRUE,TRUE
"Vitvi16g04418","Rpv12+1+3",6,5,4,3,1,2,2,2,1,2,2,4,2,TRUE,"Down",TRUE,TRUE
"Vitvi16g04448","Rpv12+1+3",6,5,4,3,1,2,2,2,1,2,0,4,2,TRUE,"Up",TRUE,TRUE
"Vitvi16g04491","Rpv12+1+3",6,5,5,3,1,2,2,2,2,2,1,4,3,TRUE,"Down",TRUE,TRUE
"Vitvi17g00031","Rpv12+1+3",6,5,5,3,1,2,2,2,2,2,0,4,2,TRUE,"Down",TRUE,TRUE
"Vitvi17g00062","Rpv12+1+3",6,5,5,3,1,2,2,2,2,2,2,4,2,TRUE,"Down",TRUE,TRUE
"Vitvi17g00087","Rpv12+1+3",6,5,5,3,1,2,2,2,2,2,2,4,2,TRUE,"Down",TRUE,TRUE
"Vitvi17g00100","Rpv12+1+3",6,5,5,3,1,2,2,2,2,2,0,4,2,TRUE,"Down",TRUE,TRUE
"Vitvi17g00102","Rpv12+1+3",6,5,4,3,1,2,2,2,1,2,0,4,2,TRUE,"Up",TRUE,TRUE
"Vitvi17g00139","Rpv12+1+3",6,5,5,3,1,2,2,2,2,2,0,4,2,TRUE,"Down",TRUE,TRUE
"Vitvi17g00232","Rpv12+1+3",6,5,5,3,1,2,2,2,2,2,0,4,2,TRUE,"Down",TRUE,TRUE
"Vitvi17g00273","Rpv12+1+3",6,5,4,3,1,2,2,2,1,2,0,4,2,TRUE,"Down",TRUE,TRUE
"Vitvi17g00339","Rpv12+1+3",6,5,5,3,1,2,2,2,2,2,1,4,2,TRUE,"Up",TRUE,TRUE
"Vitvi17g00340","Rpv12+1+3",6,5,5,3,1,2,2,2,2,2,2,4,2,TRUE,"Up",TRUE,TRUE
"Vitvi17g00350","Rpv12+1+3",6,5,5,3,1,2,2,2,2,2,0,4,2,TRUE,"Down",TRUE,TRUE
"Vitvi17g00480","Rpv12+1+3",6,5,5,3,1,2,2,2,2,2,0,4,2,TRUE,"Down",TRUE,TRUE
"Vitvi17g00601","Rpv12+1+3",6,5,4,3,1,2,2,2,1,2,2,4,3,TRUE,"Down",TRUE,TRUE
"Vitvi17g00645","Rpv12+1+3",6,5,5,3,1,2,2,2,2,2,0,4,2,TRUE,"Down",TRUE,TRUE
"Vitvi17g00658","Rpv12+1+3",6,5,4,3,1,2,2,2,1,2,0,4,2,TRUE,"Down",TRUE,TRUE
"Vitvi17g00700","Rpv12+1+3",6,5,4,3,1,2,2,2,1,2,0,4,2,TRUE,"Down",TRUE,TRUE
"Vitvi17g00704","Rpv12+1+3",6,5,5,3,1,2,2,2,2,2,2,4,3,TRUE,"Down",TRUE,TRUE
"Vitvi17g00722","Rpv12+1+3",6,5,5,3,1,2,2,2,2,2,0,4,2,TRUE,"Down",TRUE,TRUE
"Vitvi17g00753","Rpv12+1+3",6,5,4,3,1,2,2,2,1,2,0,4,2,TRUE,"Up",TRUE,TRUE
"Vitvi17g00917","Rpv12+1+3",6,5,5,3,1,2,2,2,2,2,0,4,2,TRUE,"Down",TRUE,TRUE
"Vitvi17g01015","Rpv12+1+3",6,5,5,3,1,2,2,2,2,2,0,4,2,TRUE,"Down",TRUE,TRUE
"Vitvi17g01203","Rpv12+1+3",6,5,5,3,1,2,2,2,2,2,0,4,2,TRUE,"Down",TRUE,TRUE
"Vitvi17g01355","Rpv12+1+3",6,5,5,3,1,2,2,2,2,2,0,4,0,TRUE,"Down",TRUE,TRUE
"Vitvi17g01373","Rpv12+1+3",6,5,5,3,1,2,2,2,2,2,0,4,2,TRUE,"Up",TRUE,TRUE
"Vitvi17g01380","Rpv12+1+3",6,5,5,3,1,2,2,2,2,2,1,4,3,TRUE,"Down",TRUE,TRUE
"Vitvi17g01495","Rpv12+1+3",6,5,5,3,1,2,2,2,2,2,1,4,3,TRUE,"Up",TRUE,TRUE
"Vitvi17g01499","Rpv12+1+3",6,5,5,3,1,2,2,2,2,2,0,4,2,TRUE,"Down",TRUE,TRUE
"Vitvi17g01520","Rpv12+1+3",6,5,5,3,1,2,2,2,2,2,1,4,2,TRUE,"Down",TRUE,TRUE
"Vitvi17g01564","Rpv12+1+3",6,5,5,3,1,2,2,2,2,2,1,4,3,TRUE,"Down",TRUE,TRUE
"Vitvi17g04171","Rpv12+1+3",6,5,5,3,1,2,2,2,2,2,1,4,2,TRUE,"Down",TRUE,TRUE
"Vitvi17g04200","Rpv12+1+3",6,5,4,3,1,2,2,2,1,2,0,4,2,TRUE,"Down",TRUE,TRUE
"Vitvi17g04275","Rpv12+1+3",6,5,5,3,1,2,2,2,2,2,0,4,4,TRUE,"Down",TRUE,TRUE
"Vitvi17g04289","Rpv12+1+3",6,5,4,3,1,2,2,2,1,2,0,4,1,TRUE,"Up",TRUE,TRUE
"Vitvi18g00043","Rpv12+1+3",6,5,5,3,1,2,2,2,2,2,1,4,2,TRUE,"Down",TRUE,TRUE
"Vitvi18g00106","Rpv12+1+3",6,5,5,3,1,2,2,2,2,2,1,4,2,TRUE,"Up",TRUE,TRUE
"Vitvi18g00118","Rpv12+1+3",6,5,4,3,1,2,2,2,1,2,0,4,2,TRUE,"Down",TRUE,TRUE
"Vitvi18g00174","Rpv12+1+3",6,5,5,3,1,2,2,2,2,2,0,4,3,TRUE,"Down",TRUE,TRUE
"Vitvi18g00191","Rpv12+1+3",6,5,5,3,1,2,2,2,2,2,0,4,3,TRUE,"Up",TRUE,TRUE
"Vitvi18g00215","Rpv12+1+3",6,5,4,3,1,2,2,2,1,2,0,4,2,TRUE,"Up",TRUE,TRUE
"Vitvi18g00242","Rpv12+1+3",6,5,4,3,1,2,2,2,1,2,0,4,2,TRUE,"Down",TRUE,TRUE
"Vitvi18g00291","Rpv12+1+3",6,5,4,3,1,2,2,2,1,2,2,4,2,TRUE,"Up",TRUE,TRUE
"Vitvi18g00307","Rpv12+1+3",6,5,4,3,1,2,2,2,1,2,0,4,0,TRUE,"Down",TRUE,TRUE
"Vitvi18g00310","Rpv12+1+3",6,5,4,3,1,2,2,2,1,2,0,4,2,TRUE,"Down",TRUE,TRUE
"Vitvi18g00421","Rpv12+1+3",6,5,5,3,1,2,2,2,2,2,0,4,2,TRUE,"Down",TRUE,TRUE
"Vitvi18g00422","Rpv12+1+3",6,5,5,3,1,2,2,2,2,2,2,4,2,TRUE,"Down",TRUE,TRUE
"Vitvi18g00427","Rpv12+1+3",6,5,4,3,1,2,2,2,1,2,0,4,2,TRUE,"Up",TRUE,TRUE
"Vitvi18g00462","Rpv12+1+3",6,5,5,3,1,2,2,2,2,2,0,4,2,TRUE,"Down",TRUE,TRUE
"Vitvi18g00466","Rpv12+1+3",6,5,5,3,1,2,2,2,2,2,0,4,2,TRUE,"Down",TRUE,TRUE
"Vitvi18g00473","Rpv12+1+3",6,5,5,3,1,2,2,2,2,2,2,4,2,TRUE,"Down",TRUE,TRUE
"Vitvi18g00634","Rpv12+1+3",6,5,5,3,1,2,2,2,2,2,0,4,2,TRUE,"Down",TRUE,TRUE
"Vitvi18g00640","Rpv12+1+3",6,5,4,3,1,2,2,2,1,2,0,4,2,TRUE,"Down",TRUE,TRUE
"Vitvi18g00683","Rpv12+1+3",6,5,5,3,1,2,2,2,2,2,0,4,2,TRUE,"Down",TRUE,TRUE
"Vitvi18g00697","Rpv12+1+3",6,5,4,3,1,2,2,2,1,2,0,4,2,TRUE,"Down",TRUE,TRUE
"Vitvi18g00759","Rpv12+1+3",6,5,5,3,1,2,2,2,2,2,0,4,2,TRUE,"Up",TRUE,TRUE
"Vitvi18g00869","Rpv12+1+3",6,5,5,3,1,2,2,2,2,2,1,4,2,TRUE,"Down",TRUE,TRUE
"Vitvi18g00878","Rpv12+1+3",6,5,5,3,1,2,2,2,2,2,2,4,2,TRUE,"Up",TRUE,TRUE
"Vitvi18g00881","Rpv12+1+3",6,5,5,3,1,2,2,2,2,2,0,4,2,TRUE,"Down",TRUE,TRUE
"Vitvi18g00909","Rpv12+1+3",6,5,4,3,1,2,2,2,1,2,0,4,2,TRUE,"Down",TRUE,TRUE
"Vitvi18g01010","Rpv12+1+3",6,5,4,3,1,2,2,2,1,2,0,4,2,TRUE,"Down",TRUE,TRUE
"Vitvi18g01019","Rpv12+1+3",6,5,4,3,1,2,2,2,1,2,0,4,2,TRUE,"Down",TRUE,TRUE
"Vitvi18g01022","Rpv12+1+3",6,5,5,3,1,2,2,2,2,2,0,4,2,TRUE,"Down",TRUE,TRUE
"Vitvi18g01037","Rpv12+1+3",6,5,4,3,1,2,2,2,1,2,0,4,2,TRUE,"Down",TRUE,TRUE
"Vitvi18g01072","Rpv12+1+3",6,5,4,3,1,2,2,2,1,2,0,4,2,TRUE,"Up",TRUE,TRUE
"Vitvi18g01120","Rpv12+1+3",6,5,4,3,1,2,2,2,1,2,0,4,2,TRUE,"Down",TRUE,TRUE
"Vitvi18g01132","Rpv12+1+3",6,5,4,3,1,2,2,2,1,2,0,4,2,TRUE,"Down",TRUE,TRUE
"Vitvi18g01148","Rpv12+1+3",6,5,5,3,1,2,2,2,2,2,1,4,2,TRUE,"Down",TRUE,TRUE
"Vitvi18g01232","Rpv12+1+3",6,5,4,3,1,2,2,2,1,2,0,4,2,TRUE,"Down",TRUE,TRUE
"Vitvi18g01385","Rpv12+1+3",6,5,5,3,1,2,2,2,2,2,2,4,2,TRUE,"Down",TRUE,TRUE
"Vitvi18g01501","Rpv12+1+3",6,5,5,3,1,2,2,2,2,2,0,4,2,TRUE,"Up",TRUE,TRUE
"Vitvi18g01504","Rpv12+1+3",6,5,4,3,1,2,2,2,1,2,0,4,2,TRUE,"Down",TRUE,TRUE
"Vitvi18g01681","Rpv12+1+3",6,5,5,3,1,2,2,2,2,2,0,4,2,TRUE,"Up",TRUE,TRUE
"Vitvi18g01735","Rpv12+1+3",6,5,5,3,1,2,2,2,2,2,0,4,2,TRUE,"Down",TRUE,TRUE
"Vitvi18g01884","Rpv12+1+3",6,5,5,3,1,2,2,2,2,2,0,4,2,TRUE,"Down",TRUE,TRUE
"Vitvi18g01959","Rpv12+1+3",6,5,5,3,1,2,2,2,2,2,2,4,3,TRUE,"Up",TRUE,TRUE
"Vitvi18g01973","Rpv12+1+3",6,5,5,3,1,2,2,2,2,2,0,4,2,TRUE,"Up",TRUE,TRUE
"Vitvi18g01980","Rpv12+1+3",6,5,5,3,1,2,2,2,2,2,2,4,3,TRUE,"Up",TRUE,TRUE
"Vitvi18g01992","Rpv12+1+3",6,5,5,3,1,2,2,2,2,2,0,4,2,TRUE,"Down",TRUE,TRUE
"Vitvi18g02072","Rpv12+1+3",6,5,4,3,1,2,2,2,1,2,0,4,2,TRUE,"Down",TRUE,TRUE
"Vitvi18g02147","Rpv12+1+3",6,5,4,3,1,2,2,2,1,2,0,4,2,TRUE,"Down",TRUE,TRUE
"Vitvi18g02167","Rpv12+1+3",6,5,5,3,1,2,2,2,2,2,2,4,3,TRUE,"Up",TRUE,TRUE
"Vitvi18g02171","Rpv12+1+3",6,5,5,3,1,2,2,2,2,2,0,4,2,TRUE,"Up",TRUE,TRUE
"Vitvi18g02180","Rpv12+1+3",6,5,4,3,1,2,2,2,1,2,1,4,3,TRUE,"Down",TRUE,TRUE
"Vitvi18g02417","Rpv12+1+3",6,5,5,3,1,2,2,2,2,2,2,4,2,TRUE,"Down",TRUE,TRUE
"Vitvi18g02472","Rpv12+1+3",6,5,4,3,1,2,2,2,1,2,0,4,2,TRUE,"Up",TRUE,TRUE
"Vitvi18g02479","Rpv12+1+3",6,5,5,3,1,2,2,2,2,2,0,4,2,TRUE,"Down",TRUE,TRUE
"Vitvi18g02490","Rpv12+1+3",6,5,5,3,1,2,2,2,2,2,0,4,2,TRUE,"Up",TRUE,TRUE
"Vitvi18g02582","Rpv12+1+3",6,5,4,3,1,2,2,2,1,2,0,4,2,TRUE,"Up",TRUE,TRUE
"Vitvi18g02617","Rpv12+1+3",6,5,5,3,1,2,2,2,2,2,0,4,2,TRUE,"Down",TRUE,TRUE
"Vitvi18g02631","Rpv12+1+3",6,5,5,3,1,2,2,2,2,2,0,4,2,TRUE,"Up",TRUE,TRUE
"Vitvi18g02663","Rpv12+1+3",6,5,5,3,1,2,2,2,2,2,0,4,3,TRUE,"Down",TRUE,TRUE
"Vitvi18g02692","Rpv12+1+3",6,5,5,3,1,2,2,2,2,2,1,4,2,TRUE,"Down",TRUE,TRUE
"Vitvi18g02695","Rpv12+1+3",6,5,5,3,1,2,2,2,2,2,1,4,2,TRUE,"Up",TRUE,TRUE
"Vitvi18g02720","Rpv12+1+3",6,5,4,3,1,2,2,2,1,2,1,4,1,TRUE,"Down",TRUE,TRUE
"Vitvi18g02775","Rpv12+1+3",6,5,5,3,1,2,2,2,2,2,0,4,2,TRUE,"Down",TRUE,TRUE
"Vitvi18g02788","Rpv12+1+3",6,5,5,3,1,2,2,2,2,2,0,4,2,TRUE,"Up",TRUE,TRUE
"Vitvi18g02819","Rpv12+1+3",6,5,5,3,1,2,2,2,2,2,1,4,2,TRUE,"Up",TRUE,TRUE
"Vitvi18g02833","Rpv12+1+3",6,5,5,3,1,2,2,2,2,2,0,4,2,TRUE,"Down",TRUE,TRUE
"Vitvi18g02993","Rpv12+1+3",6,5,5,3,1,2,2,2,2,2,0,4,2,TRUE,"Down",TRUE,TRUE
"Vitvi18g03383","Rpv12+1+3",6,5,5,3,1,2,2,2,2,2,1,4,3,TRUE,"Down",TRUE,TRUE
"Vitvi18g03385","Rpv12+1+3",6,5,5,3,1,2,2,2,2,2,1,4,2,TRUE,"Down",TRUE,TRUE
"Vitvi18g04003","Rpv12+1+3",6,5,5,3,1,2,2,2,2,2,2,4,3,TRUE,"Down",TRUE,TRUE
"Vitvi18g04004","Rpv12+1+3",6,5,5,3,1,2,2,2,2,2,2,4,3,TRUE,"Down",TRUE,TRUE
"Vitvi18g04028","Rpv12+1+3",6,5,4,3,1,2,2,2,1,2,0,4,2,TRUE,"Down",TRUE,TRUE
"Vitvi18g04095","Rpv12+1+3",6,5,5,3,1,2,2,2,2,2,0,4,2,TRUE,"Down",TRUE,TRUE
"Vitvi18g04171","Rpv12+1+3",6,5,5,3,1,2,2,2,2,2,0,4,2,TRUE,"Down",TRUE,TRUE
"Vitvi18g04176","Rpv12+1+3",6,5,5,3,1,2,2,2,2,2,1,4,3,TRUE,"Down",TRUE,TRUE
"Vitvi18g04257","Rpv12+1+3",6,5,4,3,1,2,2,2,1,2,0,4,2,TRUE,"Down",TRUE,TRUE
"Vitvi18g04272","Rpv12+1+3",6,5,4,3,1,2,2,2,1,2,0,4,2,TRUE,"Down",TRUE,TRUE
"Vitvi18g04286","Rpv12+1+3",6,5,4,3,1,2,2,2,1,2,0,4,2,TRUE,"Up",TRUE,TRUE
"Vitvi18g04440","Rpv12+1+3",6,5,5,3,1,2,2,2,2,2,1,4,2,TRUE,"Up",TRUE,TRUE
"Vitvi18g04534","Rpv12+1+3",6,5,5,3,1,2,2,2,2,2,1,4,2,TRUE,"Down",TRUE,TRUE
"Vitvi18g04543","Rpv12+1+3",6,5,5,3,1,2,2,2,2,2,0,4,2,TRUE,"Up",TRUE,TRUE
"Vitvi18g04551","Rpv12+1+3",6,5,5,3,1,2,2,2,2,2,1,4,2,TRUE,"Up",TRUE,TRUE
"Vitvi18g04555","Rpv12+1+3",6,5,4,3,1,2,2,2,1,2,0,4,2,TRUE,"Up",TRUE,TRUE
"Vitvi18g04625","Rpv12+1+3",6,5,5,3,1,2,2,2,2,2,1,4,3,TRUE,"Down",TRUE,TRUE
"Vitvi18g04629","Rpv12+1+3",6,5,5,3,1,2,2,2,2,2,0,4,2,TRUE,"Up",TRUE,TRUE
"Vitvi18g04640","Rpv12+1+3",6,5,5,3,1,2,2,2,2,2,1,4,3,TRUE,"Down",TRUE,TRUE
"Vitvi18g04642","Rpv12+1+3",6,5,5,3,1,2,2,2,2,2,1,4,2,TRUE,"Down",TRUE,TRUE
"Vitvi18g04643","Rpv12+1+3",6,5,5,3,1,2,2,2,2,2,1,4,2,TRUE,"Down",TRUE,TRUE
"Vitvi18g04646","Rpv12+1+3",6,5,5,3,1,2,2,2,2,2,2,4,3,TRUE,"Up",TRUE,TRUE
"Vitvi18g04655","Rpv12+1+3",6,5,4,3,1,2,2,2,1,2,0,4,1,TRUE,"Up",TRUE,TRUE
"Vitvi18g04660","Rpv12+1+3",6,5,5,3,1,2,2,2,2,2,2,4,3,TRUE,"Up",TRUE,TRUE
"Vitvi18g04739","Rpv12+1+3",6,5,5,3,1,2,2,2,2,2,0,4,2,TRUE,"Down",TRUE,TRUE
"Vitvi18g04748","Rpv12+1+3",6,5,5,3,1,2,2,2,2,2,0,4,0,TRUE,"Up",TRUE,TRUE
"Vitvi18g04749","Rpv12+1+3",6,5,5,3,1,2,2,2,2,2,1,4,3,TRUE,"Up",TRUE,TRUE
"Vitvi18g04755","Rpv12+1+3",6,5,5,3,1,2,2,2,2,2,1,4,2,TRUE,"Down",TRUE,TRUE
"Vitvi18g04771","Rpv12+1+3",6,5,5,3,1,2,2,2,2,2,0,4,2,TRUE,"Down",TRUE,TRUE
"Vitvi19g00041","Rpv12+1+3",6,5,5,3,1,2,2,2,2,2,1,4,2,TRUE,"Down",TRUE,TRUE
"Vitvi19g00147","Rpv12+1+3",6,5,4,3,1,2,2,2,1,2,0,4,2,TRUE,"Down",TRUE,TRUE
"Vitvi19g00166","Rpv12+1+3",6,5,5,3,1,2,2,2,2,2,0,4,1,TRUE,"Up",TRUE,TRUE
"Vitvi19g00174","Rpv12+1+3",6,5,4,3,1,2,2,2,1,2,0,4,2,TRUE,"Up",TRUE,TRUE
"Vitvi19g00177","Rpv12+1+3",6,5,5,3,1,2,2,2,2,2,0,4,2,TRUE,"Down",TRUE,TRUE
"Vitvi19g00255","Rpv12+1+3",6,5,4,3,1,2,2,2,1,2,0,4,2,TRUE,"Up",TRUE,TRUE
"Vitvi19g00270","Rpv12+1+3",6,5,5,3,1,2,2,2,2,2,0,4,2,TRUE,"Up",TRUE,TRUE
"Vitvi19g00275","Rpv12+1+3",6,5,5,3,1,2,2,2,2,2,2,4,2,TRUE,"Down",TRUE,TRUE
"Vitvi19g00339","Rpv12+1+3",6,5,5,3,1,2,2,2,2,2,0,4,1,TRUE,"Up",TRUE,TRUE
"Vitvi19g00378","Rpv12+1+3",6,5,4,3,1,2,2,2,1,2,0,4,2,TRUE,"Up",TRUE,TRUE
"Vitvi19g00410","Rpv12+1+3",6,5,4,3,1,2,2,2,1,2,0,4,2,TRUE,"Down",TRUE,TRUE
"Vitvi19g00476","Rpv12+1+3",6,5,5,3,1,2,2,2,2,2,0,4,2,TRUE,"Down",TRUE,TRUE
"Vitvi19g00508","Rpv12+1+3",6,5,4,3,1,2,2,2,1,2,0,4,2,TRUE,"Down",TRUE,TRUE
"Vitvi19g00555","Rpv12+1+3",6,5,5,3,1,2,2,2,2,2,0,4,2,TRUE,"Down",TRUE,TRUE
"Vitvi19g00572","Rpv12+1+3",6,5,5,3,1,2,2,2,2,2,0,4,2,TRUE,"Down",TRUE,TRUE
"Vitvi19g00586","Rpv12+1+3",6,5,5,3,1,2,2,2,2,2,0,4,2,TRUE,"Down",TRUE,TRUE
"Vitvi19g00652","Rpv12+1+3",6,5,4,3,1,2,2,2,1,2,0,4,2,TRUE,"Up",TRUE,TRUE
"Vitvi19g00700","Rpv12+1+3",6,5,4,3,1,2,2,2,1,2,0,4,2,TRUE,"Up",TRUE,TRUE
"Vitvi19g00709","Rpv12+1+3",6,5,4,3,1,2,2,2,1,2,0,4,2,TRUE,"Down",TRUE,TRUE
"Vitvi19g00735","Rpv12+1+3",6,5,5,3,1,2,2,2,2,2,2,4,2,TRUE,"Down",TRUE,TRUE
"Vitvi19g00978","Rpv12+1+3",6,5,5,3,1,2,2,2,2,2,1,4,3,TRUE,"Up",TRUE,TRUE
"Vitvi19g01058","Rpv12+1+3",6,5,4,3,1,2,2,2,1,2,0,4,2,TRUE,"Up",TRUE,TRUE
"Vitvi19g01307","Rpv12+1+3",6,5,5,3,1,2,2,2,2,2,1,4,3,TRUE,"Up",TRUE,TRUE
"Vitvi19g01432","Rpv12+1+3",6,5,4,3,1,2,2,2,1,2,0,4,2,TRUE,"Down",TRUE,TRUE
"Vitvi19g01484","Rpv12+1+3",6,5,4,3,1,2,2,2,1,2,0,4,2,TRUE,"Up",TRUE,TRUE
"Vitvi19g01610","Rpv12+1+3",6,5,5,3,1,2,2,2,2,2,2,4,3,TRUE,"Down",TRUE,TRUE
"Vitvi19g01612","Rpv12+1+3",6,5,5,3,1,2,2,2,2,2,2,4,4,TRUE,"Down",TRUE,TRUE
"Vitvi19g01720","Rpv12+1+3",6,5,5,3,1,2,2,2,2,2,2,4,3,TRUE,"Up",TRUE,TRUE
"Vitvi19g01790","Rpv12+1+3",6,5,5,3,1,2,2,2,2,2,2,4,3,TRUE,"Down",TRUE,TRUE
"Vitvi19g01793","Rpv12+1+3",6,5,5,3,1,2,2,2,2,2,2,4,3,TRUE,"Down",TRUE,TRUE
"Vitvi19g01833","Rpv12+1+3",6,5,4,3,1,2,2,2,1,2,0,4,2,TRUE,"Down",TRUE,TRUE
"Vitvi19g01835","Rpv12+1+3",6,5,5,3,1,2,2,2,2,2,0,4,2,TRUE,"Up",TRUE,TRUE
"Vitvi19g02038","Rpv12+1+3",6,5,4,3,1,2,2,2,1,2,2,4,2,TRUE,"Up",TRUE,TRUE
"Vitvi19g02186","Rpv12+1+3",6,5,5,3,1,2,2,2,2,2,0,4,0,TRUE,"Down",TRUE,TRUE
"Vitvi19g02261","Rpv12+1+3",6,5,4,3,1,2,2,2,1,2,0,4,2,TRUE,"Down",TRUE,TRUE
"Vitvi19g02295","Rpv12+1+3",6,5,4,3,1,2,2,2,1,2,0,4,0,TRUE,"Down",TRUE,TRUE
"Vitvi19g04005","Rpv12+1+3",6,5,5,3,1,2,2,2,2,2,0,4,2,TRUE,"Up",TRUE,TRUE
"Vitvi19g04006","Rpv12+1+3",6,5,5,3,1,2,2,2,2,2,1,4,3,TRUE,"Up",TRUE,TRUE
"Vitvi19g04027","Rpv12+1+3",6,5,5,3,1,2,2,2,2,2,0,4,2,TRUE,"Up",TRUE,TRUE
"Vitvi19g04070","Rpv12+1+3",6,5,4,3,1,2,2,2,1,2,0,4,1,TRUE,"Up",TRUE,TRUE
"Vitvi19g04074","Rpv12+1+3",6,5,5,3,1,2,2,2,2,2,0,4,0,TRUE,"Up",TRUE,TRUE
"Vitvi19g04075","Rpv12+1+3",6,5,5,3,1,2,2,2,2,2,0,4,0,TRUE,"Up",TRUE,TRUE
"Vitvi19g04105","Rpv12+1+3",6,5,5,3,1,2,2,2,2,2,0,4,2,TRUE,"Up",TRUE,TRUE
"Vitvi19g04193","Rpv12+1+3",6,5,5,3,1,2,2,2,2,2,1,4,2,TRUE,"Down",TRUE,TRUE
"Vitvi19g04259","Rpv12+1+3",6,5,5,3,1,2,2,2,2,2,2,4,3,TRUE,"Down",TRUE,TRUE
"Vitvi19g04363","Rpv12+1+3",6,5,4,3,1,2,2,2,1,2,0,4,2,TRUE,"Up",TRUE,TRUE
"Vitvi19g04373","Rpv12+1+3",6,5,4,3,1,2,2,2,1,2,0,4,2,TRUE,"Up",TRUE,TRUE
"Vitvi19g04471","Rpv12+1+3",6,5,4,3,1,2,2,2,1,2,0,4,2,TRUE,"Up",TRUE,TRUE
"Vitvi19g04530","Rpv12+1+3",6,5,5,3,1,2,2,2,2,2,0,4,3,TRUE,"Down",TRUE,TRUE
"Vitvi19g04531","Rpv12+1+3",6,5,5,3,1,2,2,2,2,2,0,4,3,TRUE,"Down",TRUE,TRUE
"Vitvi19g04533","Rpv12+1+3",6,5,5,3,1,2,2,2,2,2,0,4,3,TRUE,"Down",TRUE,TRUE
"Vitvi19g04541","Rpv12+1+3",6,5,5,3,1,2,2,2,2,2,0,4,0,TRUE,"Up",TRUE,TRUE
"Vitvi19g04572","Rpv12+1+3",6,5,5,3,1,2,2,2,2,2,2,4,4,TRUE,"Down",TRUE,TRUE
"Vitvi19g04581","Rpv12+1+3",6,5,5,3,1,2,2,2,2,2,0,4,0,TRUE,"Down",TRUE,TRUE
"Vitvi19g04599","Rpv12+1+3",6,5,5,3,1,2,2,2,2,2,0,4,0,TRUE,"Down",TRUE,TRUE
"Vitvi00g04006","Rpv12+1+3",24,5,5,3,1,2,2,2,2,2,2,4,2,TRUE,"Up",TRUE,TRUE
"Vitvi00g04449","Rpv12+1+3",24,5,5,3,1,2,2,2,2,2,2,4,2,TRUE,"Up",TRUE,TRUE
"Vitvi00g04507","Rpv12+1+3",24,5,4,3,1,2,2,2,1,2,0,4,2,TRUE,"Up",TRUE,TRUE
"Vitvi00g04508","Rpv12+1+3",24,5,5,3,1,2,2,2,2,2,0,4,2,TRUE,"Down",TRUE,TRUE
"Vitvi00g04625","Rpv12+1+3",24,5,5,3,1,2,2,2,2,2,0,4,0,TRUE,"Down",TRUE,TRUE
"Vitvi00g04632","Rpv12+1+3",24,5,4,3,1,2,2,2,1,2,0,4,0,TRUE,"Up",TRUE,TRUE
"Vitvi00g04688","Rpv12+1+3",24,5,4,3,1,2,2,2,1,2,0,4,2,TRUE,"Down",TRUE,TRUE
"Vitvi00g04704","Rpv12+1+3",24,5,5,3,1,2,2,2,2,2,2,4,2,TRUE,"Up",TRUE,TRUE
"Vitvi00g04706","Rpv12+1+3",24,5,5,3,1,2,2,2,2,2,1,4,2,TRUE,"Up",TRUE,TRUE
"Vitvi00g04737","Rpv12+1+3",24,5,5,3,1,2,2,2,2,2,2,4,2,TRUE,"Down",TRUE,TRUE
"Vitvi00g04752","Rpv12+1+3",24,5,4,3,1,2,2,2,1,2,1,4,2,TRUE,"Up",TRUE,TRUE
"Vitvi00g04763","Rpv12+1+3",24,5,5,3,1,2,2,2,2,2,2,4,2,TRUE,"Down",TRUE,TRUE
"Vitvi01g00083","Rpv12+1+3",24,5,5,3,1,2,2,2,2,2,2,4,3,TRUE,"Down",TRUE,TRUE
"Vitvi01g00088","Rpv12+1+3",24,5,5,3,1,2,2,2,2,2,2,4,2,TRUE,"Down",TRUE,TRUE
"Vitvi01g00463","Rpv12+1+3",24,5,4,3,1,2,2,2,1,2,0,4,2,TRUE,"Down",TRUE,TRUE
"Vitvi01g00558","Rpv12+1+3",24,5,5,3,1,2,2,2,2,2,2,4,2,TRUE,"Down",TRUE,TRUE
"Vitvi01g00784","Rpv12+1+3",24,5,5,3,1,2,2,2,2,2,2,4,2,TRUE,"Down",TRUE,TRUE
"Vitvi01g00812","Rpv12+1+3",24,5,5,3,1,2,2,2,2,2,1,4,2,TRUE,"Down",TRUE,TRUE
"Vitvi01g01037","Rpv12+1+3",24,5,4,3,1,2,2,2,1,2,0,4,0,TRUE,"Up",TRUE,TRUE
"Vitvi01g01307","Rpv12+1+3",24,5,4,3,1,2,2,2,1,2,0,4,0,TRUE,"Down",TRUE,TRUE
"Vitvi01g01561","Rpv12+1+3",24,5,5,3,1,2,2,2,2,2,0,4,2,TRUE,"Down",TRUE,TRUE
"Vitvi01g01611","Rpv12+1+3",24,5,5,3,1,2,2,2,2,2,2,4,2,TRUE,"Down",TRUE,TRUE
"Vitvi01g01751","Rpv12+1+3",24,5,5,3,1,2,2,2,2,2,2,4,2,TRUE,"Down",TRUE,TRUE
"Vitvi01g01852","Rpv12+1+3",24,5,5,3,1,2,2,2,2,2,2,4,2,TRUE,"Down",TRUE,TRUE
"Vitvi01g02047","Rpv12+1+3",24,5,4,3,1,2,2,2,1,2,1,4,2,TRUE,"Up",TRUE,TRUE
"Vitvi01g02061","Rpv12+1+3",24,5,5,3,1,2,2,2,2,2,0,4,2,TRUE,"Up",TRUE,TRUE
"Vitvi01g02072","Rpv12+1+3",24,5,4,3,1,2,2,2,1,2,0,4,2,TRUE,"Up",TRUE,TRUE
"Vitvi01g02242","Rpv12+1+3",24,5,5,3,1,2,2,2,2,2,2,4,3,TRUE,"Down",TRUE,TRUE
"Vitvi01g04002","Rpv12+1+3",24,5,4,3,1,2,2,2,1,2,0,4,2,TRUE,"Up",TRUE,TRUE
"Vitvi01g04015","Rpv12+1+3",24,5,5,3,1,2,2,2,2,2,0,4,1,TRUE,"Down",TRUE,TRUE
"Vitvi01g04052","Rpv12+1+3",24,5,5,3,1,2,2,2,2,2,2,4,2,TRUE,"Down",TRUE,TRUE
"Vitvi01g04079","Rpv12+1+3",24,5,5,3,1,2,2,2,2,2,1,4,2,TRUE,"Down",TRUE,TRUE
"Vitvi01g04132","Rpv12+1+3",24,5,4,3,1,2,2,2,1,2,0,4,2,TRUE,"Up",TRUE,TRUE
"Vitvi01g04191","Rpv12+1+3",24,5,5,3,1,2,2,2,2,2,2,4,2,TRUE,"Up",TRUE,TRUE
"Vitvi01g04206","Rpv12+1+3",24,5,5,3,1,2,2,2,2,2,0,4,2,TRUE,"Up",TRUE,TRUE
"Vitvi01g04207","Rpv12+1+3",24,5,5,3,1,2,2,2,2,2,2,4,2,TRUE,"Up",TRUE,TRUE
"Vitvi02g00056","Rpv12+1+3",24,5,5,3,1,2,2,2,2,2,2,4,2,TRUE,"Up",TRUE,TRUE
"Vitvi02g00259","Rpv12+1+3",24,5,4,3,1,2,2,2,1,2,0,4,2,TRUE,"Up",TRUE,TRUE
"Vitvi02g00378","Rpv12+1+3",24,5,5,3,1,2,2,2,2,2,2,4,2,TRUE,"Up",TRUE,TRUE
"Vitvi02g00717","Rpv12+1+3",24,5,5,3,1,2,2,2,2,2,0,4,2,TRUE,"Down",TRUE,TRUE
"Vitvi02g01019","Rpv12+1+3",24,5,4,3,1,2,2,2,1,2,0,4,0,TRUE,"Up",TRUE,TRUE
"Vitvi02g01179","Rpv12+1+3",24,5,5,3,1,2,2,2,2,2,2,4,2,TRUE,"Up",TRUE,TRUE
"Vitvi02g01403","Rpv12+1+3",24,5,4,3,1,2,2,2,1,2,0,4,2,TRUE,"Down",TRUE,TRUE
"Vitvi02g04136","Rpv12+1+3",24,5,5,3,1,2,2,2,2,2,0,4,2,TRUE,"Down",TRUE,TRUE
"Vitvi02g04303","Rpv12+1+3",24,5,4,3,1,2,2,2,1,2,0,4,2,TRUE,"Up",TRUE,TRUE
"Vitvi03g00119","Rpv12+1+3",24,5,5,3,1,2,2,2,2,2,1,4,2,TRUE,"Up",TRUE,TRUE
"Vitvi03g00353","Rpv12+1+3",24,5,4,3,1,2,2,2,1,2,0,4,2,TRUE,"Up",TRUE,TRUE
"Vitvi03g00557","Rpv12+1+3",24,5,4,3,1,2,2,2,1,2,0,4,2,TRUE,"Down",TRUE,TRUE
"Vitvi03g00569","Rpv12+1+3",24,5,4,3,1,2,2,2,1,2,0,4,2,TRUE,"Down",TRUE,TRUE
"Vitvi03g00610","Rpv12+1+3",24,5,5,3,1,2,2,2,2,2,2,4,2,TRUE,"Up",TRUE,TRUE
"Vitvi03g00661","Rpv12+1+3",24,5,5,3,1,2,2,2,2,2,0,4,2,TRUE,"Up",TRUE,TRUE
"Vitvi03g00745","Rpv12+1+3",24,5,5,3,1,2,2,2,2,2,0,4,2,TRUE,"Down",TRUE,TRUE
"Vitvi03g00752","Rpv12+1+3",24,5,5,3,1,2,2,2,2,2,2,4,2,TRUE,"Down",TRUE,TRUE
"Vitvi03g00786","Rpv12+1+3",24,5,5,3,1,2,2,2,2,2,0,4,2,TRUE,"Down",TRUE,TRUE
"Vitvi03g00882","Rpv12+1+3",24,5,5,3,1,2,2,2,2,2,1,4,2,TRUE,"Down",TRUE,TRUE
"Vitvi03g01016","Rpv12+1+3",24,5,5,3,1,2,2,2,2,2,0,4,2,TRUE,"Down",TRUE,TRUE
"Vitvi03g01198","Rpv12+1+3",24,5,5,3,1,2,2,2,2,2,0,4,3,TRUE,"Down",TRUE,TRUE
"Vitvi03g01479","Rpv12+1+3",24,5,5,3,1,2,2,2,2,2,0,4,2,TRUE,"Up",TRUE,TRUE
"Vitvi03g01621","Rpv12+1+3",24,5,4,3,1,2,2,2,1,2,2,4,2,TRUE,"Down",TRUE,TRUE
"Vitvi03g01649","Rpv12+1+3",24,5,5,3,1,2,2,2,2,2,0,4,2,TRUE,"Down",TRUE,TRUE
"Vitvi03g01809","Rpv12+1+3",24,5,5,3,1,2,2,2,2,2,2,4,2,TRUE,"Up",TRUE,TRUE
"Vitvi03g04047","Rpv12+1+3",24,5,4,3,1,2,2,2,1,2,0,4,3,TRUE,"Up",TRUE,TRUE
"Vitvi03g04050","Rpv12+1+3",24,5,5,3,1,2,2,2,2,2,2,4,2,TRUE,"Up",TRUE,TRUE
"Vitvi03g04143","Rpv12+1+3",24,5,4,3,1,2,2,2,1,2,0,4,2,TRUE,"Up",TRUE,TRUE
"Vitvi03g04147","Rpv12+1+3",24,5,5,3,1,2,2,2,2,2,0,4,2,TRUE,"Down",TRUE,TRUE
"Vitvi03g04196","Rpv12+1+3",24,5,5,3,1,2,2,2,2,2,2,4,3,TRUE,"Up",TRUE,TRUE
"Vitvi03g04245","Rpv12+1+3",24,5,5,3,1,2,2,2,2,2,0,4,0,TRUE,"Down",TRUE,TRUE
"Vitvi03g04266","Rpv12+1+3",24,5,5,3,1,2,2,2,2,2,0,4,2,TRUE,"Down",TRUE,TRUE
"Vitvi03g04291","Rpv12+1+3",24,5,4,3,1,2,2,2,1,2,1,4,2,TRUE,"Up",TRUE,TRUE
"Vitvi03g04400","Rpv12+1+3",24,5,5,3,1,2,2,2,2,2,2,4,2,TRUE,"Up",TRUE,TRUE
"Vitvi03g04460","Rpv12+1+3",24,5,5,3,1,2,2,2,2,2,0,4,2,TRUE,"Down",TRUE,TRUE
"Vitvi03g04463","Rpv12+1+3",24,5,5,3,1,2,2,2,2,2,0,4,2,TRUE,"Down",TRUE,TRUE
"Vitvi04g00022","Rpv12+1+3",24,5,4,3,1,2,2,2,1,2,0,4,2,TRUE,"Down",TRUE,TRUE
"Vitvi04g00095","Rpv12+1+3",24,5,5,3,1,2,2,2,2,2,0,4,2,TRUE,"Down",TRUE,TRUE
"Vitvi04g00644","Rpv12+1+3",24,5,5,3,1,2,2,2,2,2,2,4,2,TRUE,"Down",TRUE,TRUE
"Vitvi04g00646","Rpv12+1+3",24,5,5,3,1,2,2,2,2,2,0,4,2,TRUE,"Down",TRUE,TRUE
"Vitvi04g01198","Rpv12+1+3",24,5,5,3,1,2,2,2,2,2,0,4,2,TRUE,"Down",TRUE,TRUE
"Vitvi04g01319","Rpv12+1+3",24,5,5,3,1,2,2,2,2,2,0,4,0,TRUE,"Down",TRUE,TRUE
"Vitvi04g01454","Rpv12+1+3",24,5,5,3,1,2,2,2,2,2,0,4,2,TRUE,"Down",TRUE,TRUE
"Vitvi04g01555","Rpv12+1+3",24,5,5,3,1,2,2,2,2,2,0,4,2,TRUE,"Down",TRUE,TRUE
"Vitvi04g01576","Rpv12+1+3",24,5,5,3,1,2,2,2,2,2,0,4,2,TRUE,"Up",TRUE,TRUE
"Vitvi04g01980","Rpv12+1+3",24,5,5,3,1,2,2,2,2,2,0,4,2,TRUE,"Up",TRUE,TRUE
"Vitvi04g04009","Rpv12+1+3",24,5,5,3,1,2,2,2,2,2,2,4,2,TRUE,"Down",TRUE,TRUE
"Vitvi04g04010","Rpv12+1+3",24,5,5,3,1,2,2,2,2,2,2,4,2,TRUE,"Down",TRUE,TRUE
"Vitvi04g04011","Rpv12+1+3",24,5,5,3,1,2,2,2,2,2,2,4,2,TRUE,"Down",TRUE,TRUE
"Vitvi04g04155","Rpv12+1+3",24,5,5,3,1,2,2,2,2,2,0,4,0,TRUE,"Down",TRUE,TRUE
"Vitvi04g04175","Rpv12+1+3",24,5,5,3,1,2,2,2,2,2,0,4,2,TRUE,"Down",TRUE,TRUE
"Vitvi04g04232","Rpv12+1+3",24,5,5,3,1,2,2,2,2,2,0,4,2,TRUE,"Up",TRUE,TRUE
"Vitvi04g04296","Rpv12+1+3",24,5,5,3,1,2,2,2,2,2,0,4,2,TRUE,"Down",TRUE,TRUE
"Vitvi04g04448","Rpv12+1+3",24,5,4,3,1,2,2,2,1,2,0,4,2,TRUE,"Up",TRUE,TRUE
"Vitvi05g00539","Rpv12+1+3",24,5,5,3,1,2,2,2,2,2,0,4,2,TRUE,"Up",TRUE,TRUE
"Vitvi05g00726","Rpv12+1+3",24,5,4,3,1,2,2,2,1,2,0,4,2,TRUE,"Up",TRUE,TRUE
"Vitvi05g00836","Rpv12+1+3",24,5,5,3,1,2,2,2,2,2,0,4,2,TRUE,"Up",TRUE,TRUE
"Vitvi05g00857","Rpv12+1+3",24,5,4,3,1,2,2,2,1,2,0,4,2,TRUE,"Up",TRUE,TRUE
"Vitvi05g00886","Rpv12+1+3",24,5,5,3,1,2,2,2,2,2,0,4,2,TRUE,"Up",TRUE,TRUE
"Vitvi05g01044","Rpv12+1+3",24,5,5,3,1,2,2,2,2,2,0,4,2,TRUE,"Down",TRUE,TRUE
"Vitvi05g01116","Rpv12+1+3",24,5,5,3,1,2,2,2,2,2,2,4,2,TRUE,"Up",TRUE,TRUE
"Vitvi05g01159","Rpv12+1+3",24,5,5,3,1,2,2,2,2,2,1,4,3,TRUE,"Up",TRUE,TRUE
"Vitvi05g01337","Rpv12+1+3",24,5,5,3,1,2,2,2,2,2,2,4,2,TRUE,"Up",TRUE,TRUE
"Vitvi05g01399","Rpv12+1+3",24,5,4,3,1,2,2,2,1,2,0,4,2,TRUE,"Up",TRUE,TRUE
"Vitvi05g01435","Rpv12+1+3",24,5,4,3,1,2,2,2,1,2,0,4,2,TRUE,"Up",TRUE,TRUE
"Vitvi05g01579","Rpv12+1+3",24,5,5,3,1,2,2,2,2,2,2,4,3,TRUE,"Up",TRUE,TRUE
"Vitvi05g01672","Rpv12+1+3",24,5,5,3,1,2,2,2,2,2,2,4,2,TRUE,"Up",TRUE,TRUE
"Vitvi05g01819","Rpv12+1+3",24,5,4,3,1,2,2,2,1,2,2,4,2,TRUE,"Up",TRUE,TRUE
"Vitvi05g01927","Rpv12+1+3",24,5,5,3,1,2,2,2,2,2,1,4,3,TRUE,"Down",TRUE,TRUE
"Vitvi05g02221","Rpv12+1+3",24,5,5,3,1,2,2,2,2,2,0,4,2,TRUE,"Down",TRUE,TRUE
"Vitvi05g02234","Rpv12+1+3",24,5,5,3,1,2,2,2,2,2,2,4,2,TRUE,"Down",TRUE,TRUE
"Vitvi05g04059","Rpv12+1+3",24,5,4,3,1,2,2,2,1,2,0,4,2,TRUE,"Up",TRUE,TRUE
"Vitvi05g04062","Rpv12+1+3",24,5,4,3,1,2,2,2,1,2,0,4,2,TRUE,"Up",TRUE,TRUE
"Vitvi05g04174","Rpv12+1+3",24,5,4,3,1,2,2,2,1,2,2,4,2,TRUE,"Up",TRUE,TRUE
"Vitvi05g04293","Rpv12+1+3",24,5,4,3,1,2,2,2,1,2,0,4,2,TRUE,"Up",TRUE,TRUE
"Vitvi05g04312","Rpv12+1+3",24,5,4,3,1,2,2,2,1,2,0,4,2,TRUE,"Up",TRUE,TRUE
"Vitvi05g04413","Rpv12+1+3",24,5,5,3,1,2,2,2,2,2,2,4,2,TRUE,"Down",TRUE,TRUE
"Vitvi05g04414","Rpv12+1+3",24,5,5,3,1,2,2,2,2,2,2,4,2,TRUE,"Down",TRUE,TRUE
"Vitvi05g04467","Rpv12+1+3",24,5,4,3,1,2,2,2,1,2,0,4,3,TRUE,"Up",TRUE,TRUE
"Vitvi05g04471","Rpv12+1+3",24,5,4,3,1,2,2,2,1,2,0,4,0,TRUE,"Up",TRUE,TRUE
"Vitvi05g04474","Rpv12+1+3",24,5,4,3,1,2,2,2,1,2,0,4,0,TRUE,"Up",TRUE,TRUE
"Vitvi05g04477","Rpv12+1+3",24,5,5,3,1,2,2,2,2,2,1,4,2,TRUE,"Down",TRUE,TRUE
"Vitvi05g04483","Rpv12+1+3",24,5,5,3,1,2,2,2,2,2,0,4,0,TRUE,"Down",TRUE,TRUE
"Vitvi05g04487","Rpv12+1+3",24,5,5,3,1,2,2,2,2,2,2,4,3,TRUE,"Down",TRUE,TRUE
"Vitvi05g04493","Rpv12+1+3",24,5,4,3,1,2,2,2,1,2,0,4,2,TRUE,"Down",TRUE,TRUE
"Vitvi05g04494","Rpv12+1+3",24,5,5,3,1,2,2,2,2,2,2,4,3,TRUE,"Down",TRUE,TRUE
"Vitvi05g04527","Rpv12+1+3",24,5,5,3,1,2,2,2,2,2,0,4,3,TRUE,"Down",TRUE,TRUE
"Vitvi06g00165","Rpv12+1+3",24,5,4,3,1,2,2,2,1,2,0,4,2,TRUE,"Down",TRUE,TRUE
"Vitvi06g00817","Rpv12+1+3",24,5,4,3,1,2,2,2,1,2,0,4,2,TRUE,"Up",TRUE,TRUE
"Vitvi06g00978","Rpv12+1+3",24,5,5,3,1,2,2,2,2,2,0,4,2,TRUE,"Down",TRUE,TRUE
"Vitvi06g00984","Rpv12+1+3",24,5,5,3,1,2,2,2,2,2,0,4,2,TRUE,"Down",TRUE,TRUE
"Vitvi06g01097","Rpv12+1+3",24,5,5,3,1,2,2,2,2,2,1,4,2,TRUE,"Down",TRUE,TRUE
"Vitvi06g01100","Rpv12+1+3",24,5,5,3,1,2,2,2,2,2,1,4,2,TRUE,"Down",TRUE,TRUE
"Vitvi06g01598","Rpv12+1+3",24,5,4,3,1,2,2,2,1,2,0,4,2,TRUE,"Down",TRUE,TRUE
"Vitvi06g01618","Rpv12+1+3",24,5,5,3,1,2,2,2,2,2,2,4,2,TRUE,"Down",TRUE,TRUE
"Vitvi06g01725","Rpv12+1+3",24,5,4,3,1,2,2,2,1,2,0,4,2,TRUE,"Down",TRUE,TRUE
"Vitvi06g04048","Rpv12+1+3",24,5,5,3,1,2,2,2,2,2,1,4,3,TRUE,"Up",TRUE,TRUE
"Vitvi06g04049","Rpv12+1+3",24,5,4,3,1,2,2,2,1,2,1,4,2,TRUE,"Up",TRUE,TRUE
"Vitvi06g04091","Rpv12+1+3",24,5,4,3,1,2,2,2,1,2,0,4,2,TRUE,"Down",TRUE,TRUE
"Vitvi06g04118","Rpv12+1+3",24,5,5,3,1,2,2,2,2,2,0,4,2,TRUE,"Down",TRUE,TRUE
"Vitvi06g04121","Rpv12+1+3",24,5,5,3,1,2,2,2,2,2,2,4,2,TRUE,"Down",TRUE,TRUE
"Vitvi06g04173","Rpv12+1+3",24,5,5,3,1,2,2,2,2,2,1,4,3,TRUE,"Down",TRUE,TRUE
"Vitvi06g04231","Rpv12+1+3",24,5,5,3,1,2,2,2,2,2,0,4,2,TRUE,"Up",TRUE,TRUE
"Vitvi06g04257","Rpv12+1+3",24,5,5,3,1,2,2,2,2,2,0,4,2,TRUE,"Down",TRUE,TRUE
"Vitvi07g00664","Rpv12+1+3",24,5,5,3,1,2,2,2,2,2,1,4,2,TRUE,"Down",TRUE,TRUE
"Vitvi07g00890","Rpv12+1+3",24,5,5,3,1,2,2,2,2,2,2,4,2,TRUE,"Down",TRUE,TRUE
"Vitvi07g01097","Rpv12+1+3",24,5,5,3,1,2,2,2,2,2,1,4,2,TRUE,"Down",TRUE,TRUE
"Vitvi07g01315","Rpv12+1+3",24,5,5,3,1,2,2,2,2,2,2,4,2,TRUE,"Up",TRUE,TRUE
"Vitvi07g01394","Rpv12+1+3",24,5,4,3,1,2,2,2,1,2,0,4,2,TRUE,"Up",TRUE,TRUE
"Vitvi07g01671","Rpv12+1+3",24,5,4,3,1,2,2,2,1,2,0,4,2,TRUE,"Up",TRUE,TRUE
"Vitvi07g01718","Rpv12+1+3",24,5,4,3,1,2,2,2,1,2,0,4,2,TRUE,"Up",TRUE,TRUE
"Vitvi07g01719","Rpv12+1+3",24,5,4,3,1,2,2,2,1,2,0,4,2,TRUE,"Up",TRUE,TRUE
"Vitvi07g02000","Rpv12+1+3",24,5,5,3,1,2,2,2,2,2,1,4,2,TRUE,"Down",TRUE,TRUE
"Vitvi07g02188","Rpv12+1+3",24,5,4,3,1,2,2,2,1,2,0,4,2,TRUE,"Down",TRUE,TRUE
"Vitvi07g02246","Rpv12+1+3",24,5,4,3,1,2,2,2,1,2,0,4,2,TRUE,"Down",TRUE,TRUE
"Vitvi07g02249","Rpv12+1+3",24,5,5,3,1,2,2,2,2,2,2,4,2,TRUE,"Down",TRUE,TRUE
"Vitvi07g02323","Rpv12+1+3",24,5,5,3,1,2,2,2,2,2,2,4,2,TRUE,"Down",TRUE,TRUE
"Vitvi07g02362","Rpv12+1+3",24,5,5,3,1,2,2,2,2,2,2,4,2,TRUE,"Up",TRUE,TRUE
"Vitvi07g02402","Rpv12+1+3",24,5,5,3,1,2,2,2,2,2,2,4,2,TRUE,"Up",TRUE,TRUE
"Vitvi07g02403","Rpv12+1+3",24,5,4,3,1,2,2,2,1,2,0,4,0,TRUE,"Up",TRUE,TRUE
"Vitvi07g02832","Rpv12+1+3",24,5,5,3,1,2,2,2,2,2,2,4,2,TRUE,"Down",TRUE,TRUE
"Vitvi07g02979","Rpv12+1+3",24,5,4,3,1,2,2,2,1,2,0,4,2,TRUE,"Down",TRUE,TRUE
"Vitvi07g03086","Rpv12+1+3",24,5,5,3,1,2,2,2,2,2,2,4,2,TRUE,"Up",TRUE,TRUE
"Vitvi07g04338","Rpv12+1+3",24,5,5,3,1,2,2,2,2,2,1,4,2,TRUE,"Down",TRUE,TRUE
"Vitvi07g04339","Rpv12+1+3",24,5,5,3,1,2,2,2,2,2,1,4,2,TRUE,"Down",TRUE,TRUE
"Vitvi07g04340","Rpv12+1+3",24,5,5,3,1,2,2,2,2,2,1,4,2,TRUE,"Down",TRUE,TRUE
"Vitvi07g04371","Rpv12+1+3",24,5,5,3,1,2,2,2,2,2,1,4,2,TRUE,"Down",TRUE,TRUE
"Vitvi07g04373","Rpv12+1+3",24,5,5,3,1,2,2,2,2,2,1,4,3,TRUE,"Down",TRUE,TRUE
"Vitvi07g04392","Rpv12+1+3",24,5,4,3,1,2,2,2,1,2,0,4,0,TRUE,"Up",TRUE,TRUE
"Vitvi07g04445","Rpv12+1+3",24,5,5,3,1,2,2,2,2,2,0,4,2,TRUE,"Up",TRUE,TRUE
"Vitvi07g04561","Rpv12+1+3",24,5,5,3,1,2,2,2,2,2,1,4,2,TRUE,"Up",TRUE,TRUE
"Vitvi08g00662","Rpv12+1+3",24,5,5,3,1,2,2,2,2,2,0,4,2,TRUE,"Down",TRUE,TRUE
"Vitvi08g01235","Rpv12+1+3",24,5,5,3,1,2,2,2,2,2,2,4,2,TRUE,"Down",TRUE,TRUE
"Vitvi08g01382","Rpv12+1+3",24,5,4,3,1,2,2,2,1,2,0,4,2,TRUE,"Down",TRUE,TRUE
"Vitvi08g01702","Rpv12+1+3",24,5,4,3,1,2,2,2,1,2,0,4,2,TRUE,"Down",TRUE,TRUE
"Vitvi08g01993","Rpv12+1+3",24,5,5,3,1,2,2,2,2,2,2,4,2,TRUE,"Up",TRUE,TRUE
"Vitvi08g02100","Rpv12+1+3",24,5,5,3,1,2,2,2,2,2,0,4,2,TRUE,"Up",TRUE,TRUE
"Vitvi08g02238","Rpv12+1+3",24,5,5,3,1,2,2,2,2,2,0,4,3,TRUE,"Down",TRUE,TRUE
"Vitvi08g02412","Rpv12+1+3",24,5,5,3,1,2,2,2,2,2,2,4,2,TRUE,"Up",TRUE,TRUE
"Vitvi08g04038","Rpv12+1+3",24,5,4,3,1,2,2,2,1,2,0,4,2,TRUE,"Up",TRUE,TRUE
"Vitvi08g04123","Rpv12+1+3",24,5,5,3,1,2,2,2,2,2,2,4,2,TRUE,"Up",TRUE,TRUE
"Vitvi08g04243","Rpv12+1+3",24,5,4,3,1,2,2,2,1,2,0,4,2,TRUE,"Down",TRUE,TRUE
"Vitvi08g04277","Rpv12+1+3",24,5,4,3,1,2,2,2,1,2,0,4,2,TRUE,"Down",TRUE,TRUE
"Vitvi08g04284","Rpv12+1+3",24,5,5,3,1,2,2,2,2,2,2,4,2,TRUE,"Down",TRUE,TRUE
"Vitvi08g04287","Rpv12+1+3",24,5,5,3,1,2,2,2,2,2,2,4,2,TRUE,"Down",TRUE,TRUE
"Vitvi08g04290","Rpv12+1+3",24,5,5,3,1,2,2,2,2,2,2,4,2,TRUE,"Down",TRUE,TRUE
"Vitvi08g04351","Rpv12+1+3",24,5,4,3,1,2,2,2,1,2,0,4,2,TRUE,"Down",TRUE,TRUE
"Vitvi08g04368","Rpv12+1+3",24,5,5,3,1,2,2,2,2,2,0,4,2,TRUE,"Down",TRUE,TRUE
"Vitvi08g04399","Rpv12+1+3",24,5,4,3,1,2,2,2,1,2,0,4,0,TRUE,"Up",TRUE,TRUE
"Vitvi09g00166","Rpv12+1+3",24,5,5,3,1,2,2,2,2,2,0,4,3,TRUE,"Down",TRUE,TRUE
"Vitvi09g00241","Rpv12+1+3",24,5,4,3,1,2,2,2,1,2,0,4,2,TRUE,"Up",TRUE,TRUE
"Vitvi09g00290","Rpv12+1+3",24,5,4,3,1,2,2,2,1,2,0,4,2,TRUE,"Up",TRUE,TRUE
"Vitvi09g00419","Rpv12+1+3",24,5,5,3,1,2,2,2,2,2,2,4,2,TRUE,"Up",TRUE,TRUE
"Vitvi09g00535","Rpv12+1+3",24,5,5,3,1,2,2,2,2,2,1,4,2,TRUE,"Up",TRUE,TRUE
"Vitvi09g00867","Rpv12+1+3",24,5,5,3,1,2,2,2,2,2,2,4,3,TRUE,"Down",TRUE,TRUE
"Vitvi09g00870","Rpv12+1+3",24,5,5,3,1,2,2,2,2,2,0,4,2,TRUE,"Up",TRUE,TRUE
"Vitvi09g00971","Rpv12+1+3",24,5,4,3,1,2,2,2,1,2,0,4,2,TRUE,"Up",TRUE,TRUE
"Vitvi09g01026","Rpv12+1+3",24,5,4,3,1,2,2,2,1,2,1,4,3,TRUE,"Up",TRUE,TRUE
"Vitvi09g01187","Rpv12+1+3",24,5,4,3,1,2,2,2,1,2,0,4,2,TRUE,"Up",TRUE,TRUE
"Vitvi09g01214","Rpv12+1+3",24,5,5,3,1,2,2,2,2,2,2,4,2,TRUE,"Up",TRUE,TRUE
"Vitvi09g01329","Rpv12+1+3",24,5,5,3,1,2,2,2,2,2,0,4,0,TRUE,"Up",TRUE,TRUE
"Vitvi09g01376","Rpv12+1+3",24,5,5,3,1,2,2,2,2,2,2,4,2,TRUE,"Up",TRUE,TRUE
"Vitvi09g01556","Rpv12+1+3",24,5,5,3,1,2,2,2,2,2,0,4,2,TRUE,"Down",TRUE,TRUE
"Vitvi09g01587","Rpv12+1+3",24,5,5,3,1,2,2,2,2,2,1,4,2,TRUE,"Down",TRUE,TRUE
"Vitvi09g01592","Rpv12+1+3",24,5,5,3,1,2,2,2,2,2,2,4,3,TRUE,"Up",TRUE,TRUE
"Vitvi09g01650","Rpv12+1+3",24,5,4,3,1,2,2,2,1,2,0,4,2,TRUE,"Down",TRUE,TRUE
"Vitvi09g01764","Rpv12+1+3",24,5,5,3,1,2,2,2,2,2,0,4,2,TRUE,"Down",TRUE,TRUE
"Vitvi09g01807","Rpv12+1+3",24,5,5,3,1,2,2,2,2,2,2,4,2,TRUE,"Up",TRUE,TRUE
"Vitvi09g01812","Rpv12+1+3",24,5,4,3,1,2,2,2,1,2,0,4,2,TRUE,"Down",TRUE,TRUE
"Vitvi09g02008","Rpv12+1+3",24,5,5,3,1,2,2,2,2,2,0,4,2,TRUE,"Up",TRUE,TRUE
"Vitvi09g02033","Rpv12+1+3",24,5,5,3,1,2,2,2,2,2,2,4,2,TRUE,"Up",TRUE,TRUE
"Vitvi09g04078","Rpv12+1+3",24,5,5,3,1,2,2,2,2,2,2,4,2,TRUE,"Up",TRUE,TRUE
"Vitvi09g04082","Rpv12+1+3",24,5,4,3,1,2,2,2,1,2,0,4,0,TRUE,"Up",TRUE,TRUE
"Vitvi09g04094","Rpv12+1+3",24,5,5,3,1,2,2,2,2,2,1,4,2,TRUE,"Down",TRUE,TRUE
"Vitvi09g04166","Rpv12+1+3",24,5,5,3,1,2,2,2,2,2,1,4,2,TRUE,"Up",TRUE,TRUE
"Vitvi09g04187","Rpv12+1+3",24,5,4,3,1,2,2,2,1,2,0,4,2,TRUE,"Up",TRUE,TRUE
"Vitvi09g04211","Rpv12+1+3",24,5,4,3,1,2,2,2,1,2,0,4,0,TRUE,"Up",TRUE,TRUE
"Vitvi09g04212","Rpv12+1+3",24,5,4,3,1,2,2,2,1,2,1,4,2,TRUE,"Up",TRUE,TRUE
"Vitvi09g04215","Rpv12+1+3",24,5,4,3,1,2,2,2,1,2,0,4,2,TRUE,"Down",TRUE,TRUE
"Vitvi09g04222","Rpv12+1+3",24,5,5,3,1,2,2,2,2,2,1,4,2,TRUE,"Up",TRUE,TRUE
"Vitvi09g04231","Rpv12+1+3",24,5,4,3,1,2,2,2,1,2,0,4,1,TRUE,"Up",TRUE,TRUE
"Vitvi09g04280","Rpv12+1+3",24,5,5,3,1,2,2,2,2,2,0,4,3,TRUE,"Down",TRUE,TRUE
"Vitvi09g04286","Rpv12+1+3",24,5,5,3,1,2,2,2,2,2,0,4,0,TRUE,"Down",TRUE,TRUE
"Vitvi09g04374","Rpv12+1+3",24,5,4,3,1,2,2,2,1,2,0,4,2,TRUE,"Up",TRUE,TRUE
"Vitvi09g04415","Rpv12+1+3",24,5,5,3,1,2,2,2,2,2,1,4,2,TRUE,"Up",TRUE,TRUE
"Vitvi09g04416","Rpv12+1+3",24,5,5,3,1,2,2,2,2,2,2,4,2,TRUE,"Up",TRUE,TRUE
"Vitvi09g04421","Rpv12+1+3",24,5,4,3,1,2,2,2,1,2,0,4,2,TRUE,"Up",TRUE,TRUE
"Vitvi09g04430","Rpv12+1+3",24,5,5,3,1,2,2,2,2,2,0,4,2,TRUE,"Down",TRUE,TRUE
"Vitvi09g04537","Rpv12+1+3",24,5,4,3,1,2,2,2,1,2,1,4,3,TRUE,"Up",TRUE,TRUE
"Vitvi09g04546","Rpv12+1+3",24,5,5,3,1,2,2,2,2,2,1,4,2,TRUE,"Down",TRUE,TRUE
"Vitvi09g04564","Rpv12+1+3",24,5,4,3,1,2,2,2,1,2,1,4,2,TRUE,"Up",TRUE,TRUE
"Vitvi09g04595","Rpv12+1+3",24,5,5,3,1,2,2,2,2,2,0,4,0,TRUE,"Up",TRUE,TRUE
"Vitvi10g00178","Rpv12+1+3",24,5,4,3,1,2,2,2,1,2,2,4,2,TRUE,"Up",TRUE,TRUE
"Vitvi10g00183","Rpv12+1+3",24,5,5,3,1,2,2,2,2,2,0,4,2,TRUE,"Up",TRUE,TRUE
"Vitvi10g00196","Rpv12+1+3",24,5,5,3,1,2,2,2,2,2,2,4,2,TRUE,"Down",TRUE,TRUE
"Vitvi10g00246","Rpv12+1+3",24,5,5,3,1,2,2,2,2,2,2,4,2,TRUE,"Up",TRUE,TRUE
"Vitvi10g00641","Rpv12+1+3",24,5,5,3,1,2,2,2,2,2,1,4,2,TRUE,"Up",TRUE,TRUE
"Vitvi10g00694","Rpv12+1+3",24,5,4,3,1,2,2,2,1,2,0,4,2,TRUE,"Up",TRUE,TRUE
"Vitvi10g00806","Rpv12+1+3",24,5,4,3,1,2,2,2,1,2,0,4,2,TRUE,"Up",TRUE,TRUE
"Vitvi10g00977","Rpv12+1+3",24,5,5,3,1,2,2,2,2,2,2,4,2,TRUE,"Down",TRUE,TRUE
"Vitvi10g00984","Rpv12+1+3",24,5,5,3,1,2,2,2,2,2,2,4,2,TRUE,"Down",TRUE,TRUE
"Vitvi10g01862","Rpv12+1+3",24,5,4,3,1,2,2,2,1,2,0,4,2,TRUE,"Up",TRUE,TRUE
"Vitvi10g01875","Rpv12+1+3",24,5,4,3,1,2,2,2,1,2,2,4,2,TRUE,"Up",TRUE,TRUE
"Vitvi10g01881","Rpv12+1+3",24,5,5,3,1,2,2,2,2,2,0,4,2,TRUE,"Up",TRUE,TRUE
"Vitvi10g01952","Rpv12+1+3",24,5,5,3,1,2,2,2,2,2,0,4,2,TRUE,"Down",TRUE,TRUE
"Vitvi10g02185","Rpv12+1+3",24,5,5,3,1,2,2,2,2,2,0,4,2,TRUE,"Down",TRUE,TRUE
"Vitvi10g02229","Rpv12+1+3",24,5,4,3,1,2,2,2,1,2,0,4,2,TRUE,"Down",TRUE,TRUE
"Vitvi10g02298","Rpv12+1+3",24,5,4,3,1,2,2,2,1,2,0,4,2,TRUE,"Down",TRUE,TRUE
"Vitvi10g02300","Rpv12+1+3",24,5,4,3,1,2,2,2,1,2,0,4,2,TRUE,"Down",TRUE,TRUE
"Vitvi10g04023","Rpv12+1+3",24,5,4,3,1,2,2,2,1,2,0,4,2,TRUE,"Up",TRUE,TRUE
"Vitvi10g04029","Rpv12+1+3",24,5,5,3,1,2,2,2,2,2,0,4,2,TRUE,"Down",TRUE,TRUE
"Vitvi10g04031","Rpv12+1+3",24,5,4,3,1,2,2,2,1,2,2,4,2,TRUE,"Up",TRUE,TRUE
"Vitvi10g04040","Rpv12+1+3",24,5,4,3,1,2,2,2,1,2,0,4,0,TRUE,"Up",TRUE,TRUE
"Vitvi10g04044","Rpv12+1+3",24,5,5,3,1,2,2,2,2,2,2,4,2,TRUE,"Down",TRUE,TRUE
"Vitvi10g04063","Rpv12+1+3",24,5,4,3,1,2,2,2,1,2,0,4,2,TRUE,"Down",TRUE,TRUE
"Vitvi10g04236","Rpv12+1+3",24,5,5,3,1,2,2,2,2,2,2,4,2,TRUE,"Down",TRUE,TRUE
"Vitvi10g04258","Rpv12+1+3",24,5,5,3,1,2,2,2,2,2,2,4,2,TRUE,"Down",TRUE,TRUE
"Vitvi10g04504","Rpv12+1+3",24,5,5,3,1,2,2,2,2,2,0,4,2,TRUE,"Down",TRUE,TRUE
"Vitvi10g04621","Rpv12+1+3",24,5,5,3,1,2,2,2,2,2,0,4,2,TRUE,"Down",TRUE,TRUE
"Vitvi10g04686","Rpv12+1+3",24,5,4,3,1,2,2,2,1,2,0,4,0,TRUE,"Up",TRUE,TRUE
"Vitvi11g00217","Rpv12+1+3",24,5,5,3,1,2,2,2,2,2,2,4,2,TRUE,"Down",TRUE,TRUE
"Vitvi11g00286","Rpv12+1+3",24,5,5,3,1,2,2,2,2,2,2,4,2,TRUE,"Down",TRUE,TRUE
"Vitvi11g00339","Rpv12+1+3",24,5,4,3,1,2,2,2,1,2,0,4,2,TRUE,"Up",TRUE,TRUE
"Vitvi11g00635","Rpv12+1+3",24,5,5,3,1,2,2,2,2,2,0,4,2,TRUE,"Down",TRUE,TRUE
"Vitvi11g04203","Rpv12+1+3",24,5,5,3,1,2,2,2,2,2,2,4,3,TRUE,"Up",TRUE,TRUE
"Vitvi11g04204","Rpv12+1+3",24,5,4,3,1,2,2,2,1,2,0,4,2,TRUE,"Up",TRUE,TRUE
"Vitvi12g00099","Rpv12+1+3",24,5,5,3,1,2,2,2,2,2,0,4,2,TRUE,"Down",TRUE,TRUE
"Vitvi12g00101","Rpv12+1+3",24,5,5,3,1,2,2,2,2,2,0,4,2,TRUE,"Down",TRUE,TRUE
"Vitvi12g00208","Rpv12+1+3",24,5,5,3,1,2,2,2,2,2,0,4,2,TRUE,"Up",TRUE,TRUE
"Vitvi12g00368","Rpv12+1+3",24,5,5,3,1,2,2,2,2,2,0,4,1,TRUE,"Down",TRUE,TRUE
"Vitvi12g00505","Rpv12+1+3",24,5,4,3,1,2,2,2,1,2,0,4,2,TRUE,"Down",TRUE,TRUE
"Vitvi12g01776","Rpv12+1+3",24,5,5,3,1,2,2,2,2,2,2,4,2,TRUE,"Down",TRUE,TRUE
"Vitvi12g01809","Rpv12+1+3",24,5,4,3,1,2,2,2,1,2,0,4,2,TRUE,"Down",TRUE,TRUE
"Vitvi12g01881","Rpv12+1+3",24,5,4,3,1,2,2,2,1,2,2,4,2,TRUE,"Up",TRUE,TRUE
"Vitvi12g01882","Rpv12+1+3",24,5,4,3,1,2,2,2,1,2,0,4,2,TRUE,"Up",TRUE,TRUE
"Vitvi12g01885","Rpv12+1+3",24,5,5,3,1,2,2,2,2,2,2,4,2,TRUE,"Up",TRUE,TRUE
"Vitvi12g01921","Rpv12+1+3",24,5,5,3,1,2,2,2,2,2,2,4,2,TRUE,"Up",TRUE,TRUE
"Vitvi12g01939","Rpv12+1+3",24,5,5,3,1,2,2,2,2,2,2,4,2,TRUE,"Up",TRUE,TRUE
"Vitvi12g02011","Rpv12+1+3",24,5,5,3,1,2,2,2,2,2,2,4,2,TRUE,"Up",TRUE,TRUE
"Vitvi12g02066","Rpv12+1+3",24,5,5,3,1,2,2,2,2,2,2,4,2,TRUE,"Down",TRUE,TRUE
"Vitvi12g02191","Rpv12+1+3",24,5,4,3,1,2,2,2,1,2,0,4,2,TRUE,"Up",TRUE,TRUE
"Vitvi12g02218","Rpv12+1+3",24,5,5,3,1,2,2,2,2,2,0,4,2,TRUE,"Up",TRUE,TRUE
"Vitvi12g02273","Rpv12+1+3",24,5,5,3,1,2,2,2,2,2,0,4,2,TRUE,"Down",TRUE,TRUE
"Vitvi12g02318","Rpv12+1+3",24,5,4,3,1,2,2,2,1,2,2,4,2,TRUE,"Up",TRUE,TRUE
"Vitvi12g02324","Rpv12+1+3",24,5,5,3,1,2,2,2,2,2,2,4,2,TRUE,"Up",TRUE,TRUE
"Vitvi12g02326","Rpv12+1+3",24,5,5,3,1,2,2,2,2,2,1,4,2,TRUE,"Up",TRUE,TRUE
"Vitvi12g02465","Rpv12+1+3",24,5,5,3,1,2,2,2,2,2,2,4,2,TRUE,"Up",TRUE,TRUE
"Vitvi12g02474","Rpv12+1+3",24,5,4,3,1,2,2,2,1,2,0,4,2,TRUE,"Down",TRUE,TRUE
"Vitvi12g02578","Rpv12+1+3",24,5,4,3,1,2,2,2,1,2,0,4,2,TRUE,"Down",TRUE,TRUE
"Vitvi12g02621","Rpv12+1+3",24,5,5,3,1,2,2,2,2,2,1,4,2,TRUE,"Down",TRUE,TRUE
"Vitvi12g02659","Rpv12+1+3",24,5,4,3,1,2,2,2,1,2,2,4,2,TRUE,"Down",TRUE,TRUE
"Vitvi12g02678","Rpv12+1+3",24,5,4,3,1,2,2,2,1,2,1,4,2,TRUE,"Up",TRUE,TRUE
"Vitvi12g02682","Rpv12+1+3",24,5,4,3,1,2,2,2,1,2,0,4,0,TRUE,"Up",TRUE,TRUE
"Vitvi12g02698","Rpv12+1+3",24,5,4,3,1,2,2,2,1,2,0,4,2,TRUE,"Up",TRUE,TRUE
"Vitvi12g02701","Rpv12+1+3",24,5,5,3,1,2,2,2,2,2,1,4,2,TRUE,"Down",TRUE,TRUE
"Vitvi12g02703","Rpv12+1+3",24,5,5,3,1,2,2,2,2,2,0,4,2,TRUE,"Up",TRUE,TRUE
"Vitvi12g02705","Rpv12+1+3",24,5,5,3,1,2,2,2,2,2,0,4,2,TRUE,"Down",TRUE,TRUE
"Vitvi12g02735","Rpv12+1+3",24,5,5,3,1,2,2,2,2,2,2,4,2,TRUE,"Down",TRUE,TRUE
"Vitvi12g02753","Rpv12+1+3",24,5,5,3,1,2,2,2,2,2,2,4,2,TRUE,"Down",TRUE,TRUE
"Vitvi12g04076","Rpv12+1+3",24,5,4,3,1,2,2,2,1,2,2,4,2,TRUE,"Down",TRUE,TRUE
"Vitvi12g04082","Rpv12+1+3",24,5,4,3,1,2,2,2,1,2,0,4,0,TRUE,"Up",TRUE,TRUE
"Vitvi12g04084","Rpv12+1+3",24,5,5,3,1,2,2,2,2,2,1,4,2,TRUE,"Down",TRUE,TRUE
"Vitvi12g04094","Rpv12+1+3",24,5,5,3,1,2,2,2,2,2,1,4,2,TRUE,"Up",TRUE,TRUE
"Vitvi12g04106","Rpv12+1+3",24,5,5,3,1,2,2,2,2,2,0,4,2,TRUE,"Up",TRUE,TRUE
"Vitvi12g04108","Rpv12+1+3",24,5,5,3,1,2,2,2,2,2,2,4,2,TRUE,"Up",TRUE,TRUE
"Vitvi12g04185","Rpv12+1+3",24,5,5,3,1,2,2,2,2,2,2,4,3,TRUE,"Down",TRUE,TRUE
"Vitvi12g04208","Rpv12+1+3",24,5,5,3,1,2,2,2,2,2,0,4,2,TRUE,"Up",TRUE,TRUE
"Vitvi12g04320","Rpv12+1+3",24,5,5,3,1,2,2,2,2,2,1,4,2,TRUE,"Down",TRUE,TRUE
"Vitvi12g04404","Rpv12+1+3",24,5,5,3,1,2,2,2,2,2,2,4,2,TRUE,"Up",TRUE,TRUE
"Vitvi12g04432","Rpv12+1+3",24,5,5,3,1,2,2,2,2,2,0,4,2,TRUE,"Up",TRUE,TRUE
"Vitvi12g04440","Rpv12+1+3",24,5,5,3,1,2,2,2,2,2,0,4,2,TRUE,"Up",TRUE,TRUE
"Vitvi12g04441","Rpv12+1+3",24,5,4,3,1,2,2,2,1,2,0,4,0,TRUE,"Up",TRUE,TRUE
"Vitvi12g04463","Rpv12+1+3",24,5,4,3,1,2,2,2,1,2,0,4,2,TRUE,"Up",TRUE,TRUE
"Vitvi12g04477","Rpv12+1+3",24,5,5,3,1,2,2,2,2,2,2,4,2,TRUE,"Down",TRUE,TRUE
"Vitvi12g04498","Rpv12+1+3",24,5,4,3,1,2,2,2,1,2,0,4,2,TRUE,"Up",TRUE,TRUE
"Vitvi12g04514","Rpv12+1+3",24,5,4,3,1,2,2,2,1,2,0,4,0,TRUE,"Up",TRUE,TRUE
"Vitvi12g04515","Rpv12+1+3",24,5,4,3,1,2,2,2,1,2,0,4,2,TRUE,"Up",TRUE,TRUE
"Vitvi12g04518","Rpv12+1+3",24,5,4,3,1,2,2,2,1,2,1,4,3,TRUE,"Up",TRUE,TRUE
"Vitvi12g04523","Rpv12+1+3",24,5,5,3,1,2,2,2,2,2,0,4,2,TRUE,"Up",TRUE,TRUE
"Vitvi12g04533","Rpv12+1+3",24,5,5,3,1,2,2,2,2,2,0,4,2,TRUE,"Down",TRUE,TRUE
"Vitvi12g04536","Rpv12+1+3",24,5,5,3,1,2,2,2,2,2,0,4,2,TRUE,"Up",TRUE,TRUE
"Vitvi12g04543","Rpv12+1+3",24,5,5,3,1,2,2,2,2,2,2,4,2,TRUE,"Up",TRUE,TRUE
"Vitvi12g04545","Rpv12+1+3",24,5,5,3,1,2,2,2,2,2,2,4,2,TRUE,"Up",TRUE,TRUE
"Vitvi12g04548","Rpv12+1+3",24,5,4,3,1,2,2,2,1,2,2,4,2,TRUE,"Up",TRUE,TRUE
"Vitvi12g04563","Rpv12+1+3",24,5,5,3,1,2,2,2,2,2,2,4,2,TRUE,"Down",TRUE,TRUE
"Vitvi12g04595","Rpv12+1+3",24,5,5,3,1,2,2,2,2,2,2,4,2,TRUE,"Down",TRUE,TRUE
"Vitvi12g04596","Rpv12+1+3",24,5,5,3,1,2,2,2,2,2,1,4,2,TRUE,"Up",TRUE,TRUE
"Vitvi12g04597","Rpv12+1+3",24,5,5,3,1,2,2,2,2,2,2,4,2,TRUE,"Up",TRUE,TRUE
"Vitvi12g04598","Rpv12+1+3",24,5,5,3,1,2,2,2,2,2,2,4,2,TRUE,"Up",TRUE,TRUE
"Vitvi12g04607","Rpv12+1+3",24,5,5,3,1,2,2,2,2,2,2,4,2,TRUE,"Up",TRUE,TRUE
"Vitvi12g04630","Rpv12+1+3",24,5,5,3,1,2,2,2,2,2,2,4,2,TRUE,"Down",TRUE,TRUE
"Vitvi13g00095","Rpv12+1+3",24,5,5,3,1,2,2,2,2,2,2,4,2,TRUE,"Down",TRUE,TRUE
"Vitvi13g00124","Rpv12+1+3",24,5,4,3,1,2,2,2,1,2,0,4,2,TRUE,"Up",TRUE,TRUE
"Vitvi13g00233","Rpv12+1+3",24,5,4,3,1,2,2,2,1,2,0,4,2,TRUE,"Down",TRUE,TRUE
"Vitvi13g00274","Rpv12+1+3",24,5,5,3,1,2,2,2,2,2,2,4,3,TRUE,"Up",TRUE,TRUE
"Vitvi13g00807","Rpv12+1+3",24,5,5,3,1,2,2,2,2,2,2,4,2,TRUE,"Up",TRUE,TRUE
"Vitvi13g00852","Rpv12+1+3",24,5,5,3,1,2,2,2,2,2,0,4,2,TRUE,"Down",TRUE,TRUE
"Vitvi13g01102","Rpv12+1+3",24,5,5,3,1,2,2,2,2,2,1,4,2,TRUE,"Down",TRUE,TRUE
"Vitvi13g01177","Rpv12+1+3",24,5,5,3,1,2,2,2,2,2,2,4,2,TRUE,"Up",TRUE,TRUE
"Vitvi13g01179","Rpv12+1+3",24,5,5,3,1,2,2,2,2,2,1,4,2,TRUE,"Down",TRUE,TRUE
"Vitvi13g01200","Rpv12+1+3",24,5,4,3,1,2,2,2,1,2,0,4,2,TRUE,"Down",TRUE,TRUE
"Vitvi13g01323","Rpv12+1+3",24,5,5,3,1,2,2,2,2,2,2,4,2,TRUE,"Up",TRUE,TRUE
"Vitvi13g01327","Rpv12+1+3",24,5,5,3,1,2,2,2,2,2,2,4,2,TRUE,"Up",TRUE,TRUE
"Vitvi13g01435","Rpv12+1+3",24,5,5,3,1,2,2,2,2,2,1,4,2,TRUE,"Up",TRUE,TRUE
"Vitvi13g01468","Rpv12+1+3",24,5,5,3,1,2,2,2,2,2,2,4,2,TRUE,"Down",TRUE,TRUE
"Vitvi13g01603","Rpv12+1+3",24,5,5,3,1,2,2,2,2,2,0,4,2,TRUE,"Down",TRUE,TRUE
"Vitvi13g01608","Rpv12+1+3",24,5,5,3,1,2,2,2,2,2,1,4,2,TRUE,"Down",TRUE,TRUE
"Vitvi13g01634","Rpv12+1+3",24,5,5,3,1,2,2,2,2,2,0,4,2,TRUE,"Down",TRUE,TRUE
"Vitvi13g01638","Rpv12+1+3",24,5,5,3,1,2,2,2,2,2,2,4,3,TRUE,"Down",TRUE,TRUE
"Vitvi13g01696","Rpv12+1+3",24,5,5,3,1,2,2,2,2,2,0,4,2,TRUE,"Down",TRUE,TRUE
"Vitvi13g01796","Rpv12+1+3",24,5,5,3,1,2,2,2,2,2,1,4,2,TRUE,"Up",TRUE,TRUE
"Vitvi13g01851","Rpv12+1+3",24,5,4,3,1,2,2,2,1,2,0,4,2,TRUE,"Down",TRUE,TRUE
"Vitvi13g01889","Rpv12+1+3",24,5,5,3,1,2,2,2,2,2,2,4,2,TRUE,"Up",TRUE,TRUE
"Vitvi13g01984","Rpv12+1+3",24,5,5,3,1,2,2,2,2,2,1,4,2,TRUE,"Down",TRUE,TRUE
"Vitvi13g02005","Rpv12+1+3",24,5,5,3,1,2,2,2,2,2,2,4,2,TRUE,"Down",TRUE,TRUE
"Vitvi13g02028","Rpv12+1+3",24,5,4,3,1,2,2,2,1,2,0,4,2,TRUE,"Up",TRUE,TRUE
"Vitvi13g02083","Rpv12+1+3",24,5,5,3,1,2,2,2,2,2,2,4,3,TRUE,"Down",TRUE,TRUE
"Vitvi13g02189","Rpv12+1+3",24,5,5,3,1,2,2,2,2,2,2,4,2,TRUE,"Up",TRUE,TRUE
"Vitvi13g02226","Rpv12+1+3",24,5,4,3,1,2,2,2,1,2,0,4,1,TRUE,"Up",TRUE,TRUE
"Vitvi13g02246","Rpv12+1+3",24,5,4,3,1,2,2,2,1,2,0,4,2,TRUE,"Up",TRUE,TRUE
"Vitvi13g02251","Rpv12+1+3",24,5,5,3,1,2,2,2,2,2,1,4,2,TRUE,"Up",TRUE,TRUE
"Vitvi13g02344","Rpv12+1+3",24,5,5,3,1,2,2,2,2,2,1,4,2,TRUE,"Down",TRUE,TRUE
"Vitvi13g02351","Rpv12+1+3",24,5,4,3,1,2,2,2,1,2,1,4,2,TRUE,"Up",TRUE,TRUE
"Vitvi13g02354","Rpv12+1+3",24,5,5,3,1,2,2,2,2,2,0,4,3,TRUE,"Down",TRUE,TRUE
"Vitvi13g02360","Rpv12+1+3",24,5,5,3,1,2,2,2,2,2,0,4,2,TRUE,"Down",TRUE,TRUE
"Vitvi13g02553","Rpv12+1+3",24,5,4,3,1,2,2,2,1,2,0,4,2,TRUE,"Up",TRUE,TRUE
"Vitvi13g04187","Rpv12+1+3",24,5,5,3,1,2,2,2,2,2,0,4,1,TRUE,"Down",TRUE,TRUE
"Vitvi13g04231","Rpv12+1+3",24,5,5,3,1,2,2,2,2,2,2,4,2,TRUE,"Down",TRUE,TRUE
"Vitvi13g04289","Rpv12+1+3",24,5,5,3,1,2,2,2,2,2,0,4,2,TRUE,"Down",TRUE,TRUE
"Vitvi13g04337","Rpv12+1+3",24,5,4,3,1,2,2,2,1,2,0,4,2,TRUE,"Up",TRUE,TRUE
"Vitvi13g04338","Rpv12+1+3",24,5,4,3,1,2,2,2,1,2,2,4,2,TRUE,"Up",TRUE,TRUE
"Vitvi13g04346","Rpv12+1+3",24,5,4,3,1,2,2,2,1,2,0,4,2,TRUE,"Up",TRUE,TRUE
"Vitvi13g04406","Rpv12+1+3",24,5,4,3,1,2,2,2,1,2,0,4,2,TRUE,"Up",TRUE,TRUE
"Vitvi13g04419","Rpv12+1+3",24,5,5,3,1,2,2,2,2,2,2,4,2,TRUE,"Up",TRUE,TRUE
"Vitvi13g04420","Rpv12+1+3",24,5,5,3,1,2,2,2,2,2,1,4,2,TRUE,"Up",TRUE,TRUE
"Vitvi13g04421","Rpv12+1+3",24,5,5,3,1,2,2,2,2,2,2,4,2,TRUE,"Up",TRUE,TRUE
"Vitvi13g04422","Rpv12+1+3",24,5,4,3,1,2,2,2,1,2,0,4,2,TRUE,"Up",TRUE,TRUE
"Vitvi13g04423","Rpv12+1+3",24,5,4,3,1,2,2,2,1,2,0,4,2,TRUE,"Up",TRUE,TRUE
"Vitvi13g04427","Rpv12+1+3",24,5,4,3,1,2,2,2,1,2,0,4,1,TRUE,"Up",TRUE,TRUE
"Vitvi13g04442","Rpv12+1+3",24,5,5,3,1,2,2,2,2,2,2,4,2,TRUE,"Up",TRUE,TRUE
"Vitvi13g04443","Rpv12+1+3",24,5,4,3,1,2,2,2,1,2,0,4,2,TRUE,"Up",TRUE,TRUE
"Vitvi13g04446","Rpv12+1+3",24,5,4,3,1,2,2,2,1,2,0,4,3,TRUE,"Up",TRUE,TRUE
"Vitvi13g04506","Rpv12+1+3",24,5,5,3,1,2,2,2,2,2,0,4,2,TRUE,"Up",TRUE,TRUE
"Vitvi13g04521","Rpv12+1+3",24,5,5,3,1,2,2,2,2,2,2,4,2,TRUE,"Down",TRUE,TRUE
"Vitvi13g04522","Rpv12+1+3",24,5,5,3,1,2,2,2,2,2,0,4,1,TRUE,"Down",TRUE,TRUE
"Vitvi13g04527","Rpv12+1+3",24,5,5,3,1,2,2,2,2,2,0,4,2,TRUE,"Down",TRUE,TRUE
"Vitvi13g04528","Rpv12+1+3",24,5,5,3,1,2,2,2,2,2,2,4,2,TRUE,"Down",TRUE,TRUE
"Vitvi13g04529","Rpv12+1+3",24,5,5,3,1,2,2,2,2,2,2,4,3,TRUE,"Down",TRUE,TRUE
"Vitvi13g04536","Rpv12+1+3",24,5,5,3,1,2,2,2,2,2,0,4,0,TRUE,"Down",TRUE,TRUE
"Vitvi13g04537","Rpv12+1+3",24,5,5,3,1,2,2,2,2,2,2,4,2,TRUE,"Down",TRUE,TRUE
"Vitvi13g04539","Rpv12+1+3",24,5,5,3,1,2,2,2,2,2,0,4,2,TRUE,"Down",TRUE,TRUE
"Vitvi13g04540","Rpv12+1+3",24,5,5,3,1,2,2,2,2,2,1,4,2,TRUE,"Down",TRUE,TRUE
"Vitvi13g04549","Rpv12+1+3",24,5,5,3,1,2,2,2,2,2,2,4,2,TRUE,"Up",TRUE,TRUE
"Vitvi13g04656","Rpv12+1+3",24,5,5,3,1,2,2,2,2,2,0,4,2,TRUE,"Down",TRUE,TRUE
"Vitvi13g04677","Rpv12+1+3",24,5,5,3,1,2,2,2,2,2,0,4,2,TRUE,"Down",TRUE,TRUE
"Vitvi13g04696","Rpv12+1+3",24,5,4,3,1,2,2,2,1,2,0,4,2,TRUE,"Down",TRUE,TRUE
"Vitvi13g04699","Rpv12+1+3",24,5,5,3,1,2,2,2,2,2,1,4,2,TRUE,"Down",TRUE,TRUE
"Vitvi13g04706","Rpv12+1+3",24,5,5,3,1,2,2,2,2,2,2,4,2,TRUE,"Down",TRUE,TRUE
"Vitvi13g04709","Rpv12+1+3",24,5,4,3,1,2,2,2,1,2,0,4,2,TRUE,"Up",TRUE,TRUE
"Vitvi13g04716","Rpv12+1+3",24,5,5,3,1,2,2,2,2,2,1,4,2,TRUE,"Up",TRUE,TRUE
"Vitvi13g04744","Rpv12+1+3",24,5,5,3,1,2,2,2,2,2,2,4,3,TRUE,"Up",TRUE,TRUE
"Vitvi13g04745","Rpv12+1+3",24,5,4,3,1,2,2,2,1,2,0,4,2,TRUE,"Down",TRUE,TRUE
"Vitvi14g00480","Rpv12+1+3",24,5,4,3,1,2,2,2,1,2,0,4,2,TRUE,"Down",TRUE,TRUE
"Vitvi14g00495","Rpv12+1+3",24,5,4,3,1,2,2,2,1,2,0,4,2,TRUE,"Down",TRUE,TRUE
"Vitvi14g00656","Rpv12+1+3",24,5,4,3,1,2,2,2,1,2,0,4,0,TRUE,"Up",TRUE,TRUE
"Vitvi14g00668","Rpv12+1+3",24,5,5,3,1,2,2,2,2,2,2,4,3,TRUE,"Up",TRUE,TRUE
"Vitvi14g00707","Rpv12+1+3",24,5,5,3,1,2,2,2,2,2,0,4,2,TRUE,"Down",TRUE,TRUE
"Vitvi14g01033","Rpv12+1+3",24,5,5,3,1,2,2,2,2,2,0,4,0,TRUE,"Up",TRUE,TRUE
"Vitvi14g01449","Rpv12+1+3",24,5,4,3,1,2,2,2,1,2,0,4,2,TRUE,"Down",TRUE,TRUE
"Vitvi14g01809","Rpv12+1+3",24,5,4,3,1,2,2,2,1,2,0,4,2,TRUE,"Up",TRUE,TRUE
"Vitvi14g01858","Rpv12+1+3",24,5,4,3,1,2,2,2,1,2,0,4,2,TRUE,"Up",TRUE,TRUE
"Vitvi14g01859","Rpv12+1+3",24,5,4,3,1,2,2,2,1,2,0,4,2,TRUE,"Up",TRUE,TRUE
"Vitvi14g01897","Rpv12+1+3",24,5,4,3,1,2,2,2,1,2,0,4,2,TRUE,"Down",TRUE,TRUE
"Vitvi14g02607","Rpv12+1+3",24,5,5,3,1,2,2,2,2,2,0,4,2,TRUE,"Down",TRUE,TRUE
"Vitvi14g02633","Rpv12+1+3",24,5,5,3,1,2,2,2,2,2,0,4,2,TRUE,"Down",TRUE,TRUE
"Vitvi14g02663","Rpv12+1+3",24,5,5,3,1,2,2,2,2,2,2,4,2,TRUE,"Up",TRUE,TRUE
"Vitvi14g02707","Rpv12+1+3",24,5,4,3,1,2,2,2,1,2,0,4,1,TRUE,"Up",TRUE,TRUE
"Vitvi14g02762","Rpv12+1+3",24,5,5,3,1,2,2,2,2,2,1,4,2,TRUE,"Down",TRUE,TRUE
"Vitvi14g02923","Rpv12+1+3",24,5,5,3,1,2,2,2,2,2,2,4,2,TRUE,"Down",TRUE,TRUE
"Vitvi14g02934","Rpv12+1+3",24,5,4,3,1,2,2,2,1,2,2,4,2,TRUE,"Down",TRUE,TRUE
"Vitvi14g03041","Rpv12+1+3",24,5,5,3,1,2,2,2,2,2,0,4,2,TRUE,"Down",TRUE,TRUE
"Vitvi14g03044","Rpv12+1+3",24,5,5,3,1,2,2,2,2,2,0,4,2,TRUE,"Down",TRUE,TRUE
"Vitvi14g03078","Rpv12+1+3",24,5,5,3,1,2,2,2,2,2,2,4,2,TRUE,"Up",TRUE,TRUE
"Vitvi14g04248","Rpv12+1+3",24,5,4,3,1,2,2,2,1,2,0,4,2,TRUE,"Up",TRUE,TRUE
"Vitvi14g04255","Rpv12+1+3",24,5,4,3,1,2,2,2,1,2,1,4,2,TRUE,"Up",TRUE,TRUE
"Vitvi14g04449","Rpv12+1+3",24,5,5,3,1,2,2,2,2,2,2,4,2,TRUE,"Up",TRUE,TRUE
"Vitvi14g04450","Rpv12+1+3",24,5,5,3,1,2,2,2,2,2,1,4,2,TRUE,"Up",TRUE,TRUE
"Vitvi14g04475","Rpv12+1+3",24,5,4,3,1,2,2,2,1,2,0,4,0,TRUE,"Up",TRUE,TRUE
"Vitvi14g04517","Rpv12+1+3",24,5,5,3,1,2,2,2,2,2,0,4,2,TRUE,"Down",TRUE,TRUE
"Vitvi14g04653","Rpv12+1+3",24,5,4,3,1,2,2,2,1,2,0,4,3,TRUE,"Up",TRUE,TRUE
"Vitvi14g04673","Rpv12+1+3",24,5,5,3,1,2,2,2,2,2,1,4,2,TRUE,"Up",TRUE,TRUE
"Vitvi15g00331","Rpv12+1+3",24,5,5,3,1,2,2,2,2,2,1,4,2,TRUE,"Down",TRUE,TRUE
"Vitvi15g00835","Rpv12+1+3",24,5,4,3,1,2,2,2,1,2,0,4,2,TRUE,"Down",TRUE,TRUE
"Vitvi15g01075","Rpv12+1+3",24,5,5,3,1,2,2,2,2,2,0,4,2,TRUE,"Down",TRUE,TRUE
"Vitvi15g01247","Rpv12+1+3",24,5,5,3,1,2,2,2,2,2,2,4,2,TRUE,"Up",TRUE,TRUE
"Vitvi15g01395","Rpv12+1+3",24,5,4,3,1,2,2,2,1,2,0,4,2,TRUE,"Up",TRUE,TRUE
"Vitvi15g01483","Rpv12+1+3",24,5,5,3,1,2,2,2,2,2,1,4,2,TRUE,"Down",TRUE,TRUE
"Vitvi15g01541","Rpv12+1+3",24,5,5,3,1,2,2,2,2,2,0,4,2,TRUE,"Down",TRUE,TRUE
"Vitvi15g01543","Rpv12+1+3",24,5,5,3,1,2,2,2,2,2,2,4,2,TRUE,"Down",TRUE,TRUE
"Vitvi15g01617","Rpv12+1+3",24,5,5,3,1,2,2,2,2,2,0,4,2,TRUE,"Up",TRUE,TRUE
"Vitvi15g01618","Rpv12+1+3",24,5,5,3,1,2,2,2,2,2,2,4,2,TRUE,"Down",TRUE,TRUE
"Vitvi15g01684","Rpv12+1+3",24,5,5,3,1,2,2,2,2,2,0,4,2,TRUE,"Down",TRUE,TRUE
"Vitvi15g01686","Rpv12+1+3",24,5,5,3,1,2,2,2,2,2,2,4,2,TRUE,"Up",TRUE,TRUE
"Vitvi15g01687","Rpv12+1+3",24,5,5,3,1,2,2,2,2,2,2,4,2,TRUE,"Down",TRUE,TRUE
"Vitvi15g01767","Rpv12+1+3",24,5,4,3,1,2,2,2,1,2,0,4,2,TRUE,"Up",TRUE,TRUE
"Vitvi15g04001","Rpv12+1+3",24,5,5,3,1,2,2,2,2,2,2,4,2,TRUE,"Down",TRUE,TRUE
"Vitvi15g04128","Rpv12+1+3",24,5,5,3,1,2,2,2,2,2,0,4,2,TRUE,"Down",TRUE,TRUE
"Vitvi15g04157","Rpv12+1+3",24,5,5,3,1,2,2,2,2,2,0,4,2,TRUE,"Down",TRUE,TRUE
"Vitvi15g04163","Rpv12+1+3",24,5,4,3,1,2,2,2,1,2,0,4,2,TRUE,"Down",TRUE,TRUE
"Vitvi15g04365","Rpv12+1+3",24,5,5,3,1,2,2,2,2,2,2,4,2,TRUE,"Up",TRUE,TRUE
"Vitvi15g04378","Rpv12+1+3",24,5,4,3,1,2,2,2,1,2,0,4,2,TRUE,"Up",TRUE,TRUE
"Vitvi15g04379","Rpv12+1+3",24,5,5,3,1,2,2,2,2,2,1,4,2,TRUE,"Up",TRUE,TRUE
"Vitvi15g04400","Rpv12+1+3",24,5,5,3,1,2,2,2,2,2,0,4,2,TRUE,"Down",TRUE,TRUE
"Vitvi15g04461","Rpv12+1+3",24,5,4,3,1,2,2,2,1,2,2,4,3,TRUE,"Up",TRUE,TRUE
"Vitvi15g04598","Rpv12+1+3",24,5,5,3,1,2,2,2,2,2,2,4,2,TRUE,"Down",TRUE,TRUE
"Vitvi15g04604","Rpv12+1+3",24,5,4,3,1,2,2,2,1,2,1,4,2,TRUE,"Down",TRUE,TRUE
"Vitvi16g00139","Rpv12+1+3",24,5,5,3,1,2,2,2,2,2,0,4,2,TRUE,"Down",TRUE,TRUE
"Vitvi16g00160","Rpv12+1+3",24,5,5,3,1,2,2,2,2,2,2,4,2,TRUE,"Down",TRUE,TRUE
"Vitvi16g00170","Rpv12+1+3",24,5,5,3,1,2,2,2,2,2,0,4,2,TRUE,"Down",TRUE,TRUE
"Vitvi16g00636","Rpv12+1+3",24,5,4,3,1,2,2,2,1,2,0,4,2,TRUE,"Down",TRUE,TRUE
"Vitvi16g00913","Rpv12+1+3",24,5,4,3,1,2,2,2,1,2,0,4,0,TRUE,"Up",TRUE,TRUE
"Vitvi16g01034","Rpv12+1+3",24,5,4,3,1,2,2,2,1,2,1,4,2,TRUE,"Up",TRUE,TRUE
"Vitvi16g01081","Rpv12+1+3",24,5,4,3,1,2,2,2,1,2,1,4,2,TRUE,"Up",TRUE,TRUE
"Vitvi16g01141","Rpv12+1+3",24,5,5,3,1,2,2,2,2,2,2,4,2,TRUE,"Down",TRUE,TRUE
"Vitvi16g01497","Rpv12+1+3",24,5,4,3,1,2,2,2,1,2,1,4,2,TRUE,"Up",TRUE,TRUE
"Vitvi16g01542","Rpv12+1+3",24,5,5,3,1,2,2,2,2,2,0,4,2,TRUE,"Down",TRUE,TRUE
"Vitvi16g01552","Rpv12+1+3",24,5,4,3,1,2,2,2,1,2,0,4,2,TRUE,"Down",TRUE,TRUE
"Vitvi16g01695","Rpv12+1+3",24,5,4,3,1,2,2,2,1,2,0,4,2,TRUE,"Down",TRUE,TRUE
"Vitvi16g01733","Rpv12+1+3",24,5,5,3,1,2,2,2,2,2,2,4,3,TRUE,"Up",TRUE,TRUE
"Vitvi16g01769","Rpv12+1+3",24,5,5,3,1,2,2,2,2,2,2,4,2,TRUE,"Down",TRUE,TRUE
"Vitvi16g01796","Rpv12+1+3",24,5,5,3,1,2,2,2,2,2,1,4,2,TRUE,"Up",TRUE,TRUE
"Vitvi16g01907","Rpv12+1+3",24,5,5,3,1,2,2,2,2,2,0,4,2,TRUE,"Down",TRUE,TRUE
"Vitvi16g01922","Rpv12+1+3",24,5,4,3,1,2,2,2,1,2,0,4,0,TRUE,"Up",TRUE,TRUE
"Vitvi16g01935","Rpv12+1+3",24,5,5,3,1,2,2,2,2,2,0,4,0,TRUE,"Up",TRUE,TRUE
"Vitvi16g01957","Rpv12+1+3",24,5,4,3,1,2,2,2,1,2,0,4,2,TRUE,"Up",TRUE,TRUE
"Vitvi16g01963","Rpv12+1+3",24,5,4,3,1,2,2,2,1,2,1,4,2,TRUE,"Up",TRUE,TRUE
"Vitvi16g01965","Rpv12+1+3",24,5,5,3,1,2,2,2,2,2,1,4,2,TRUE,"Up",TRUE,TRUE
"Vitvi16g01966","Rpv12+1+3",24,5,5,3,1,2,2,2,2,2,0,4,2,TRUE,"Up",TRUE,TRUE
"Vitvi16g01979","Rpv12+1+3",24,5,4,3,1,2,2,2,1,2,0,4,2,TRUE,"Down",TRUE,TRUE
"Vitvi16g02072","Rpv12+1+3",24,5,5,3,1,2,2,2,2,2,2,4,2,TRUE,"Down",TRUE,TRUE
"Vitvi16g04165","Rpv12+1+3",24,5,4,3,1,2,2,2,1,2,2,4,2,TRUE,"Down",TRUE,TRUE
"Vitvi16g04222","Rpv12+1+3",24,5,5,3,1,2,2,2,2,2,2,4,2,TRUE,"Up",TRUE,TRUE
"Vitvi16g04254","Rpv12+1+3",24,5,5,3,1,2,2,2,2,2,0,4,0,TRUE,"Down",TRUE,TRUE
"Vitvi16g04263","Rpv12+1+3",24,5,4,3,1,2,2,2,1,2,0,4,2,TRUE,"Down",TRUE,TRUE
"Vitvi16g04356","Rpv12+1+3",24,5,5,3,1,2,2,2,2,2,0,4,2,TRUE,"Down",TRUE,TRUE
"Vitvi16g04376","Rpv12+1+3",24,5,4,3,1,2,2,2,1,2,0,4,2,TRUE,"Down",TRUE,TRUE
"Vitvi16g04388","Rpv12+1+3",24,5,5,3,1,2,2,2,2,2,2,4,2,TRUE,"Down",TRUE,TRUE
"Vitvi16g04389","Rpv12+1+3",24,5,5,3,1,2,2,2,2,2,2,4,2,TRUE,"Down",TRUE,TRUE
"Vitvi16g04401","Rpv12+1+3",24,5,4,3,1,2,2,2,1,2,0,4,2,TRUE,"Up",TRUE,TRUE
"Vitvi16g04402","Rpv12+1+3",24,5,4,3,1,2,2,2,1,2,1,4,2,TRUE,"Up",TRUE,TRUE
"Vitvi16g04467","Rpv12+1+3",24,5,5,3,1,2,2,2,2,2,0,4,2,TRUE,"Down",TRUE,TRUE
"Vitvi16g04491","Rpv12+1+3",24,5,5,3,1,2,2,2,2,2,1,4,2,TRUE,"Down",TRUE,TRUE
"Vitvi17g00061","Rpv12+1+3",24,5,4,3,1,2,2,2,1,2,0,4,2,TRUE,"Down",TRUE,TRUE
"Vitvi17g00062","Rpv12+1+3",24,5,4,3,1,2,2,2,1,2,0,4,2,TRUE,"Down",TRUE,TRUE
"Vitvi17g00116","Rpv12+1+3",24,5,4,3,1,2,2,2,1,2,0,4,2,TRUE,"Up",TRUE,TRUE
"Vitvi17g00175","Rpv12+1+3",24,5,4,3,1,2,2,2,1,2,0,4,2,TRUE,"Down",TRUE,TRUE
"Vitvi17g00339","Rpv12+1+3",24,5,4,3,1,2,2,2,1,2,2,4,2,TRUE,"Up",TRUE,TRUE
"Vitvi17g00340","Rpv12+1+3",24,5,4,3,1,2,2,2,1,2,2,4,2,TRUE,"Up",TRUE,TRUE
"Vitvi17g00461","Rpv12+1+3",24,5,4,3,1,2,2,2,1,2,0,4,2,TRUE,"Up",TRUE,TRUE
"Vitvi17g00622","Rpv12+1+3",24,5,4,3,1,2,2,2,1,2,0,4,2,TRUE,"Up",TRUE,TRUE
"Vitvi17g00649","Rpv12+1+3",24,5,4,3,1,2,2,2,1,2,0,4,2,TRUE,"Down",TRUE,TRUE
"Vitvi17g00704","Rpv12+1+3",24,5,5,3,1,2,2,2,2,2,0,4,2,TRUE,"Down",TRUE,TRUE
"Vitvi17g00719","Rpv12+1+3",24,5,4,3,1,2,2,2,1,2,1,4,2,TRUE,"Down",TRUE,TRUE
"Vitvi17g00732","Rpv12+1+3",24,5,4,3,1,2,2,2,1,2,0,4,2,TRUE,"Down",TRUE,TRUE
"Vitvi17g00838","Rpv12+1+3",24,5,4,3,1,2,2,2,1,2,0,4,2,TRUE,"Up",TRUE,TRUE
"Vitvi17g00972","Rpv12+1+3",24,5,5,3,1,2,2,2,2,2,0,4,2,TRUE,"Down",TRUE,TRUE
"Vitvi17g01015","Rpv12+1+3",24,5,5,3,1,2,2,2,2,2,2,4,2,TRUE,"Down",TRUE,TRUE
"Vitvi17g01183","Rpv12+1+3",24,5,5,3,1,2,2,2,2,2,0,4,2,TRUE,"Up",TRUE,TRUE
"Vitvi17g01373","Rpv12+1+3",24,5,4,3,1,2,2,2,1,2,0,4,2,TRUE,"Up",TRUE,TRUE
"Vitvi17g01380","Rpv12+1+3",24,5,5,3,1,2,2,2,2,2,2,4,2,TRUE,"Down",TRUE,TRUE
"Vitvi17g01481","Rpv12+1+3",24,5,5,3,1,2,2,2,2,2,2,4,2,TRUE,"Up",TRUE,TRUE
"Vitvi17g01495","Rpv12+1+3",24,5,5,3,1,2,2,2,2,2,2,4,2,TRUE,"Up",TRUE,TRUE
"Vitvi17g01497","Rpv12+1+3",24,5,5,3,1,2,2,2,2,2,1,4,2,TRUE,"Down",TRUE,TRUE
"Vitvi17g01499","Rpv12+1+3",24,5,5,3,1,2,2,2,2,2,2,4,2,TRUE,"Down",TRUE,TRUE
"Vitvi17g01515","Rpv12+1+3",24,5,5,3,1,2,2,2,2,2,0,4,2,TRUE,"Down",TRUE,TRUE
"Vitvi17g01520","Rpv12+1+3",24,5,5,3,1,2,2,2,2,2,2,4,2,TRUE,"Down",TRUE,TRUE
"Vitvi17g01604","Rpv12+1+3",24,5,5,3,1,2,2,2,2,2,1,4,2,TRUE,"Up",TRUE,TRUE
"Vitvi17g04067","Rpv12+1+3",24,5,5,3,1,2,2,2,2,2,0,4,2,TRUE,"Down",TRUE,TRUE
"Vitvi17g04101","Rpv12+1+3",24,5,5,3,1,2,2,2,2,2,1,4,2,TRUE,"Down",TRUE,TRUE
"Vitvi17g04130","Rpv12+1+3",24,5,4,3,1,2,2,2,1,2,0,4,0,TRUE,"Up",TRUE,TRUE
"Vitvi17g04171","Rpv12+1+3",24,5,5,3,1,2,2,2,2,2,2,4,2,TRUE,"Down",TRUE,TRUE
"Vitvi17g04183","Rpv12+1+3",24,5,5,3,1,2,2,2,2,2,0,4,2,TRUE,"Up",TRUE,TRUE
"Vitvi17g04289","Rpv12+1+3",24,5,5,3,1,2,2,2,2,2,1,4,2,TRUE,"Up",TRUE,TRUE
"Vitvi18g00106","Rpv12+1+3",24,5,4,3,1,2,2,2,1,2,1,4,2,TRUE,"Up",TRUE,TRUE
"Vitvi18g00174","Rpv12+1+3",24,5,4,3,1,2,2,2,1,2,0,4,2,TRUE,"Down",TRUE,TRUE
"Vitvi18g00191","Rpv12+1+3",24,5,5,3,1,2,2,2,2,2,2,4,3,TRUE,"Up",TRUE,TRUE
"Vitvi18g00235","Rpv12+1+3",24,5,5,3,1,2,2,2,2,2,0,4,2,TRUE,"Up",TRUE,TRUE
"Vitvi18g00260","Rpv12+1+3",24,5,4,3,1,2,2,2,1,2,0,4,2,TRUE,"Down",TRUE,TRUE
"Vitvi18g00422","Rpv12+1+3",24,5,4,3,1,2,2,2,1,2,2,4,2,TRUE,"Down",TRUE,TRUE
"Vitvi18g00784","Rpv12+1+3",24,5,5,3,1,2,2,2,2,2,0,4,2,TRUE,"Up",TRUE,TRUE
"Vitvi18g00878","Rpv12+1+3",24,5,5,3,1,2,2,2,2,2,2,4,3,TRUE,"Up",TRUE,TRUE
"Vitvi18g00988","Rpv12+1+3",24,5,4,3,1,2,2,2,1,2,0,4,2,TRUE,"Down",TRUE,TRUE
"Vitvi18g01681","Rpv12+1+3",24,5,4,3,1,2,2,2,1,2,0,4,2,TRUE,"Up",TRUE,TRUE
"Vitvi18g01937","Rpv12+1+3",24,5,4,3,1,2,2,2,1,2,0,4,2,TRUE,"Down",TRUE,TRUE
"Vitvi18g01959","Rpv12+1+3",24,5,5,3,1,2,2,2,2,2,2,4,3,TRUE,"Up",TRUE,TRUE
"Vitvi18g01980","Rpv12+1+3",24,5,5,3,1,2,2,2,2,2,2,4,2,TRUE,"Up",TRUE,TRUE
"Vitvi18g02114","Rpv12+1+3",24,5,5,3,1,2,2,2,2,2,0,4,2,TRUE,"Down",TRUE,TRUE
"Vitvi18g02180","Rpv12+1+3",24,5,5,3,1,2,2,2,2,2,2,4,3,TRUE,"Down",TRUE,TRUE
"Vitvi18g02222","Rpv12+1+3",24,5,4,3,1,2,2,2,1,2,0,4,2,TRUE,"Down",TRUE,TRUE
"Vitvi18g02228","Rpv12+1+3",24,5,5,3,1,2,2,2,2,2,0,4,2,TRUE,"Up",TRUE,TRUE
"Vitvi18g02276","Rpv12+1+3",24,5,4,3,1,2,2,2,1,2,0,4,0,TRUE,"Up",TRUE,TRUE
"Vitvi18g02375","Rpv12+1+3",24,5,5,3,1,2,2,2,2,2,1,4,2,TRUE,"Up",TRUE,TRUE
"Vitvi18g02470","Rpv12+1+3",24,5,4,3,1,2,2,2,1,2,0,4,2,TRUE,"Down",TRUE,TRUE
"Vitvi18g02617","Rpv12+1+3",24,5,5,3,1,2,2,2,2,2,2,4,2,TRUE,"Down",TRUE,TRUE
"Vitvi18g02657","Rpv12+1+3",24,5,5,3,1,2,2,2,2,2,2,4,2,TRUE,"Up",TRUE,TRUE
"Vitvi18g02672","Rpv12+1+3",24,5,5,3,1,2,2,2,2,2,1,4,2,TRUE,"Up",TRUE,TRUE
"Vitvi18g02695","Rpv12+1+3",24,5,5,3,1,2,2,2,2,2,2,4,2,TRUE,"Up",TRUE,TRUE
"Vitvi18g02720","Rpv12+1+3",24,5,4,3,1,2,2,2,1,2,1,4,2,TRUE,"Down",TRUE,TRUE
"Vitvi18g02819","Rpv12+1+3",24,5,4,3,1,2,2,2,1,2,2,4,2,TRUE,"Up",TRUE,TRUE
"Vitvi18g02824","Rpv12+1+3",24,5,5,3,1,2,2,2,2,2,2,4,2,TRUE,"Down",TRUE,TRUE
"Vitvi18g02825","Rpv12+1+3",24,5,4,3,1,2,2,2,1,2,2,4,2,TRUE,"Down",TRUE,TRUE
"Vitvi18g02846","Rpv12+1+3",24,5,4,3,1,2,2,2,1,2,0,4,0,TRUE,"Up",TRUE,TRUE
"Vitvi18g02924","Rpv12+1+3",24,5,5,3,1,2,2,2,2,2,0,4,2,TRUE,"Up",TRUE,TRUE
"Vitvi18g03251","Rpv12+1+3",24,5,5,3,1,2,2,2,2,2,0,4,0,TRUE,"Down",TRUE,TRUE
"Vitvi18g03366","Rpv12+1+3",24,5,4,3,1,2,2,2,1,2,0,4,2,TRUE,"Up",TRUE,TRUE
"Vitvi18g03383","Rpv12+1+3",24,5,5,3,1,2,2,2,2,2,2,4,2,TRUE,"Down",TRUE,TRUE
"Vitvi18g04003","Rpv12+1+3",24,5,5,3,1,2,2,2,2,2,2,4,2,TRUE,"Down",TRUE,TRUE
"Vitvi18g04004","Rpv12+1+3",24,5,5,3,1,2,2,2,2,2,2,4,2,TRUE,"Down",TRUE,TRUE
"Vitvi18g04038","Rpv12+1+3",24,5,5,3,1,2,2,2,2,2,0,4,2,TRUE,"Down",TRUE,TRUE
"Vitvi18g04176","Rpv12+1+3",24,5,5,3,1,2,2,2,2,2,2,4,3,TRUE,"Down",TRUE,TRUE
"Vitvi18g04440","Rpv12+1+3",24,5,4,3,1,2,2,2,1,2,2,4,2,TRUE,"Up",TRUE,TRUE
"Vitvi18g04543","Rpv12+1+3",24,5,4,3,1,2,2,2,1,2,0,4,2,TRUE,"Up",TRUE,TRUE
"Vitvi18g04551","Rpv12+1+3",24,5,5,3,1,2,2,2,2,2,2,4,2,TRUE,"Up",TRUE,TRUE
"Vitvi18g04588","Rpv12+1+3",24,5,4,3,1,2,2,2,1,2,0,4,2,TRUE,"Down",TRUE,TRUE
"Vitvi18g04595","Rpv12+1+3",24,5,5,3,1,2,2,2,2,2,0,4,2,TRUE,"Down",TRUE,TRUE
"Vitvi18g04596","Rpv12+1+3",24,5,4,3,1,2,2,2,1,2,0,4,2,TRUE,"Up",TRUE,TRUE
"Vitvi18g04640","Rpv12+1+3",24,5,5,3,1,2,2,2,2,2,2,4,2,TRUE,"Down",TRUE,TRUE
"Vitvi18g04642","Rpv12+1+3",24,5,5,3,1,2,2,2,2,2,2,4,3,TRUE,"Down",TRUE,TRUE
"Vitvi18g04643","Rpv12+1+3",24,5,5,3,1,2,2,2,2,2,2,4,2,TRUE,"Down",TRUE,TRUE
"Vitvi18g04646","Rpv12+1+3",24,5,5,3,1,2,2,2,2,2,2,4,2,TRUE,"Up",TRUE,TRUE
"Vitvi18g04655","Rpv12+1+3",24,5,5,3,1,2,2,2,2,2,0,4,2,TRUE,"Up",TRUE,TRUE
"Vitvi18g04656","Rpv12+1+3",24,5,5,3,1,2,2,2,2,2,2,4,2,TRUE,"Down",TRUE,TRUE
"Vitvi18g04660","Rpv12+1+3",24,5,5,3,1,2,2,2,2,2,2,4,3,TRUE,"Up",TRUE,TRUE
"Vitvi18g04663","Rpv12+1+3",24,5,5,3,1,2,2,2,2,2,0,4,2,TRUE,"Down",TRUE,TRUE
"Vitvi18g04739","Rpv12+1+3",24,5,5,3,1,2,2,2,2,2,1,4,2,TRUE,"Down",TRUE,TRUE
"Vitvi18g04748","Rpv12+1+3",24,5,4,3,1,2,2,2,1,2,0,4,0,TRUE,"Up",TRUE,TRUE
"Vitvi18g04749","Rpv12+1+3",24,5,5,3,1,2,2,2,2,2,1,4,2,TRUE,"Up",TRUE,TRUE
"Vitvi18g04756","Rpv12+1+3",24,5,5,3,1,2,2,2,2,2,1,4,2,TRUE,"Up",TRUE,TRUE
"Vitvi18g04757","Rpv12+1+3",24,5,5,3,1,2,2,2,2,2,2,4,2,TRUE,"Up",TRUE,TRUE
"Vitvi18g04758","Rpv12+1+3",24,5,4,3,1,2,2,2,1,2,2,4,2,TRUE,"Up",TRUE,TRUE
"Vitvi18g04765","Rpv12+1+3",24,5,4,3,1,2,2,2,1,2,0,4,2,TRUE,"Down",TRUE,TRUE
"Vitvi18g04771","Rpv12+1+3",24,5,5,3,1,2,2,2,2,2,0,4,2,TRUE,"Down",TRUE,TRUE
"Vitvi19g00255","Rpv12+1+3",24,5,5,3,1,2,2,2,2,2,2,4,2,TRUE,"Up",TRUE,TRUE
"Vitvi19g00283","Rpv12+1+3",24,5,4,3,1,2,2,2,1,2,2,4,3,TRUE,"Up",TRUE,TRUE
"Vitvi19g00388","Rpv12+1+3",24,5,5,3,1,2,2,2,2,2,1,4,2,TRUE,"Down",TRUE,TRUE
"Vitvi19g00709","Rpv12+1+3",24,5,5,3,1,2,2,2,2,2,2,4,2,TRUE,"Down",TRUE,TRUE
"Vitvi19g01307","Rpv12+1+3",24,5,4,3,1,2,2,2,1,2,1,4,2,TRUE,"Up",TRUE,TRUE
"Vitvi19g01602","Rpv12+1+3",24,5,4,3,1,2,2,2,1,2,0,4,2,TRUE,"Up",TRUE,TRUE
"Vitvi19g01610","Rpv12+1+3",24,5,5,3,1,2,2,2,2,2,2,4,2,TRUE,"Down",TRUE,TRUE
"Vitvi19g01612","Rpv12+1+3",24,5,5,3,1,2,2,2,2,2,2,4,2,TRUE,"Down",TRUE,TRUE
"Vitvi19g01720","Rpv12+1+3",24,5,5,3,1,2,2,2,2,2,2,4,2,TRUE,"Up",TRUE,TRUE
"Vitvi19g01790","Rpv12+1+3",24,5,5,3,1,2,2,2,2,2,2,4,2,TRUE,"Down",TRUE,TRUE
"Vitvi19g01851","Rpv12+1+3",24,5,5,3,1,2,2,2,2,2,2,4,2,TRUE,"Up",TRUE,TRUE
"Vitvi19g02057","Rpv12+1+3",24,5,4,3,1,2,2,2,1,2,0,4,2,TRUE,"Down",TRUE,TRUE
"Vitvi19g04005","Rpv12+1+3",24,5,4,3,1,2,2,2,1,2,0,4,2,TRUE,"Up",TRUE,TRUE
"Vitvi19g04006","Rpv12+1+3",24,5,5,3,1,2,2,2,2,2,2,4,2,TRUE,"Up",TRUE,TRUE
"Vitvi19g04070","Rpv12+1+3",24,5,5,3,1,2,2,2,2,2,0,4,2,TRUE,"Up",TRUE,TRUE
"Vitvi19g04074","Rpv12+1+3",24,5,5,3,1,2,2,2,2,2,0,4,3,TRUE,"Up",TRUE,TRUE
"Vitvi19g04075","Rpv12+1+3",24,5,5,3,1,2,2,2,2,2,0,4,0,TRUE,"Up",TRUE,TRUE
"Vitvi19g04102","Rpv12+1+3",24,5,5,3,1,2,2,2,2,2,0,4,2,TRUE,"Up",TRUE,TRUE
"Vitvi19g04105","Rpv12+1+3",24,5,4,3,1,2,2,2,1,2,0,4,2,TRUE,"Up",TRUE,TRUE
"Vitvi19g04110","Rpv12+1+3",24,5,5,3,1,2,2,2,2,2,2,4,3,TRUE,"Up",TRUE,TRUE
"Vitvi19g04133","Rpv12+1+3",24,5,5,3,1,2,2,2,2,2,0,4,2,TRUE,"Up",TRUE,TRUE
"Vitvi19g04185","Rpv12+1+3",24,5,4,3,1,2,2,2,1,2,0,4,2,TRUE,"Up",TRUE,TRUE
"Vitvi19g04212","Rpv12+1+3",24,5,5,3,1,2,2,2,2,2,0,4,2,TRUE,"Up",TRUE,TRUE
"Vitvi19g04213","Rpv12+1+3",24,5,4,3,1,2,2,2,1,2,0,4,2,TRUE,"Up",TRUE,TRUE
"Vitvi19g04259","Rpv12+1+3",24,5,5,3,1,2,2,2,2,2,2,4,2,TRUE,"Down",TRUE,TRUE
"Vitvi19g04349","Rpv12+1+3",24,5,5,3,1,2,2,2,2,2,0,4,2,TRUE,"Down",TRUE,TRUE
"Vitvi19g04530","Rpv12+1+3",24,5,5,3,1,2,2,2,2,2,1,4,2,TRUE,"Down",TRUE,TRUE
"Vitvi19g04531","Rpv12+1+3",24,5,5,3,1,2,2,2,2,2,0,4,2,TRUE,"Down",TRUE,TRUE
"Vitvi19g04541","Rpv12+1+3",24,5,4,3,1,2,2,2,1,2,0,4,0,TRUE,"Up",TRUE,TRUE
"Vitvi19g04572","Rpv12+1+3",24,5,5,3,1,2,2,2,2,2,2,4,3,TRUE,"Down",TRUE,TRUE
"Vitvi19g04600","Rpv12+1+3",24,5,5,3,1,2,2,2,2,2,0,4,0,TRUE,"Down",TRUE,TRUE
