=== building STAR index (sjdbOverhang=149, for 2x150bp reads) Sat Aug 15 18:15:07 CEST 2026 ===
Loading bio/STAR/2.7.10b-GCC-11.3.0
  Loading requirement: compiler/GCCcore/11.3.0 lib/zlib/1.2.12-GCCcore-11.3.0
    tools/binutils/2.38-GCCcore-11.3.0 compiler/GCC/11.3.0
    tools/bzip2/1.0.8-GCCcore-11.3.0 tools/XZ/5.2.5-GCCcore-11.3.0
    system/OpenSSL/1.1 tools/cURL/7.83.0-GCCcore-11.3.0
    bio/HTSlib/1.15.1-GCC-11.3.0
	STAR --runThreadN 32 --runMode genomeGenerate --genomeDir /scratch/USERNAME/Vitis/GGref/STAR_index_PN40024v4_ohd149 --genomeFastaFiles /scratch/USERNAME/Vitis/GGref/Vitis_vinifera.PN40024.v4.dna.toplevel.fa --sjdbGTFfile /scratch/USERNAME/Vitis/GGref/Vitis_vinifera.PN40024.v4.56.gff3 --sjdbGTFtagExonParentTranscript Parent --sjdbGTFfeatureExon exon --sjdbOverhang 149 --genomeSAindexNbases 13
	STAR version: 2.7.10b   compiled: 2024-07-31T14:09:58+02:00 ramses4:/dev/shm/sborowsk/build/STAR/2.7.10b/GCC-11.3.0/STAR-2.7.10b/source
Aug 15 18:15:08 ..... started STAR run
Aug 15 18:15:08 ... starting to generate Genome files
Aug 15 18:15:14 ..... processing annotations GTF
Aug 15 18:15:16 ... starting to sort Suffix Array. This may take a long time...
Aug 15 18:15:18 ... sorting Suffix Array chunks and saving them to disk...
Aug 15 18:16:20 ... loading chunks from disk, packing SA...
Aug 15 18:16:28 ... finished generating suffix array
Aug 15 18:16:28 ... generating Suffix Array index
Aug 15 18:17:03 ... completed Suffix Array index
Aug 15 18:17:04 ..... inserting junctions into the genome indices
Aug 15 18:17:43 ... writing Genome to disk ...
Aug 15 18:17:43 ... writing Suffix Array to disk ...
Aug 15 18:17:44 ... writing SAindex to disk
Aug 15 18:17:44 ..... finished successfully
=== fastp SRR20664575 Sat Aug 15 18:17:44 CEST 2026 ===
Loading bio/fastp/1.0.1-GCC-13.3.0
  Loading requirement: compiler/GCCcore/13.3.0 lib/zlib/1.3.1-GCCcore-13.3.0
    tools/binutils/2.42-GCCcore-13.3.0 compiler/GCC/13.3.0
    system/libdeflate/1.20-GCCcore-13.3.0 lang/NASM/2.16.03-GCCcore-13.3.0
    lib/ISA-L/2.31.0-GCCcore-13.3.0
Read1 before filtering:
total reads: 38074613
total bases: 5711191950
Q20 bases: 5613221008(98.2846%)
Q30 bases: 5452991914(95.4791%)
Q40 bases: 4598157402(80.5113%)

Read2 before filtering:
total reads: 38074613
total bases: 5711191950
Q20 bases: 5473399743(95.8364%)
Q30 bases: 5139307324(89.9866%)
Q40 bases: 3910980009(68.4792%)

Read1 after filtering:
total reads: 35092504
total bases: 5203612824
Q20 bases: 5159198381(99.1465%)
Q30 bases: 5059255774(97.2258%)
Q40 bases: 4348473009(83.5664%)

Read2 after filtering:
total reads: 35092504
total bases: 5203612824
Q20 bases: 5099026074(97.9901%)
Q30 bases: 4870871441(93.6056%)
Q40 bases: 3783435885(72.7079%)

Filtering result:
reads passed filter: 70185008
reads failed due to low quality: 5957476
reads failed due to too many N: 6742
reads with adapter trimmed: 4244110
bases trimmed due to adapters: 121723098

Duplication rate: 30.3046%

Insert size peak (evaluated by paired-end reads): 249

JSON report: /scratch/USERNAME/Vitis/Shi2024/SRR20664575_fastp.json
HTML report: /scratch/USERNAME/Vitis/Shi2024/SRR20664575_fastp.html

fastp -i /scratch/USERNAME/Vitis/Shi2024/fastq/SRR20664575_1.fastq.gz -I /scratch/USERNAME/Vitis/Shi2024/fastq/SRR20664575_2.fastq.gz -o /scratch/USERNAME/Vitis/Shi2024/SRR20664575_1.q30.fastq.gz -O /scratch/USERNAME/Vitis/Shi2024/SRR20664575_2.q30.fastq.gz --average_qual 30 --disable_length_filtering -w 8 -j /scratch/USERNAME/Vitis/Shi2024/SRR20664575_fastp.json -h /scratch/USERNAME/Vitis/Shi2024/SRR20664575_fastp.html 
fastp v1.0.1, time used: 106 seconds
=== STAR SRR20664575 Sat Aug 15 18:19:31 CEST 2026 ===
Loading bio/STAR/2.7.10b-GCC-11.3.0
  Loading requirement: compiler/GCCcore/11.3.0 lib/zlib/1.2.12-GCCcore-11.3.0
    tools/binutils/2.38-GCCcore-11.3.0 compiler/GCC/11.3.0
    tools/bzip2/1.0.8-GCCcore-11.3.0 tools/XZ/5.2.5-GCCcore-11.3.0
    system/OpenSSL/1.1 tools/cURL/7.83.0-GCCcore-11.3.0
    bio/HTSlib/1.15.1-GCC-11.3.0
	STAR --runThreadN 32 --genomeDir /scratch/USERNAME/Vitis/GGref/STAR_index_PN40024v4_ohd149 --readFilesIn /scratch/USERNAME/Vitis/Shi2024/SRR20664575_1.q30.fastq.gz /scratch/USERNAME/Vitis/Shi2024/SRR20664575_2.q30.fastq.gz --readFilesCommand zcat --outFileNamePrefix /scratch/USERNAME/Vitis/Shi2024/SRR20664575_ --outSAMtype BAM SortedByCoordinate --outBAMsortingBinsN 20 --limitBAMsortRAM 10000000000 --outFilterMultimapNmax 1 --twopassMode Basic
	STAR version: 2.7.10b   compiled: 2024-07-31T14:09:58+02:00 ramses4:/dev/shm/sborowsk/build/STAR/2.7.10b/GCC-11.3.0/STAR-2.7.10b/source
Aug 15 18:19:31 ..... started STAR run
Aug 15 18:19:31 ..... loading genome
Aug 15 18:19:32 ..... started 1st pass mapping
Aug 15 18:21:42 ..... finished 1st pass mapping
Aug 15 18:21:42 ..... inserting junctions into the genome indices
Aug 15 18:22:06 ..... started mapping
Aug 15 18:24:29 ..... finished mapping
Aug 15 18:24:30 ..... started sorting BAM
Aug 15 18:24:59 ..... finished successfully
=== fastp SRR20664577 Sat Aug 15 18:24:59 CEST 2026 ===
Loading bio/fastp/1.0.1-GCC-13.3.0
  Loading requirement: compiler/GCCcore/13.3.0 lib/zlib/1.3.1-GCCcore-13.3.0
    tools/binutils/2.42-GCCcore-13.3.0 compiler/GCC/13.3.0
    system/libdeflate/1.20-GCCcore-13.3.0 lang/NASM/2.16.03-GCCcore-13.3.0
    lib/ISA-L/2.31.0-GCCcore-13.3.0
Read1 before filtering:
total reads: 53037346
total bases: 7955601900
Q20 bases: 7824127542(98.3474%)
Q30 bases: 7605933957(95.6048%)
Q40 bases: 6414473358(80.6284%)

Read2 before filtering:
total reads: 53037346
total bases: 7955601900
Q20 bases: 7626295580(95.8607%)
Q30 bases: 7165278294(90.0658%)
Q40 bases: 5468262812(68.7347%)

Read1 after filtering:
total reads: 48944118
total bases: 7263507916
Q20 bases: 7202145874(99.1552%)
Q30 bases: 7063875238(97.2516%)
Q40 bases: 6070976956(83.5819%)

Read2 after filtering:
total reads: 48944118
total bases: 7263507916
Q20 bases: 7117798608(97.994%)
Q30 bases: 6802161981(93.6484%)
Q40 bases: 5299045171(72.9544%)

Filtering result:
reads passed filter: 97888236
reads failed due to low quality: 8177380
reads failed due to too many N: 9076
reads with adapter trimmed: 5861520
bases trimmed due to adapters: 157713982

Duplication rate: 21.2075%

Insert size peak (evaluated by paired-end reads): 216

JSON report: /scratch/USERNAME/Vitis/Shi2024/SRR20664577_fastp.json
HTML report: /scratch/USERNAME/Vitis/Shi2024/SRR20664577_fastp.html

fastp -i /scratch/USERNAME/Vitis/Shi2024/fastq/SRR20664577_1.fastq.gz -I /scratch/USERNAME/Vitis/Shi2024/fastq/SRR20664577_2.fastq.gz -o /scratch/USERNAME/Vitis/Shi2024/SRR20664577_1.q30.fastq.gz -O /scratch/USERNAME/Vitis/Shi2024/SRR20664577_2.q30.fastq.gz --average_qual 30 --disable_length_filtering -w 8 -j /scratch/USERNAME/Vitis/Shi2024/SRR20664577_fastp.json -h /scratch/USERNAME/Vitis/Shi2024/SRR20664577_fastp.html 
fastp v1.0.1, time used: 151 seconds
=== STAR SRR20664577 Sat Aug 15 18:27:31 CEST 2026 ===
Loading bio/STAR/2.7.10b-GCC-11.3.0
  Loading requirement: compiler/GCCcore/11.3.0 lib/zlib/1.2.12-GCCcore-11.3.0
    tools/binutils/2.38-GCCcore-11.3.0 compiler/GCC/11.3.0
    tools/bzip2/1.0.8-GCCcore-11.3.0 tools/XZ/5.2.5-GCCcore-11.3.0
    system/OpenSSL/1.1 tools/cURL/7.83.0-GCCcore-11.3.0
    bio/HTSlib/1.15.1-GCC-11.3.0
	STAR --runThreadN 32 --genomeDir /scratch/USERNAME/Vitis/GGref/STAR_index_PN40024v4_ohd149 --readFilesIn /scratch/USERNAME/Vitis/Shi2024/SRR20664577_1.q30.fastq.gz /scratch/USERNAME/Vitis/Shi2024/SRR20664577_2.q30.fastq.gz --readFilesCommand zcat --outFileNamePrefix /scratch/USERNAME/Vitis/Shi2024/SRR20664577_ --outSAMtype BAM SortedByCoordinate --outBAMsortingBinsN 20 --limitBAMsortRAM 10000000000 --outFilterMultimapNmax 1 --twopassMode Basic
	STAR version: 2.7.10b   compiled: 2024-07-31T14:09:58+02:00 ramses4:/dev/shm/sborowsk/build/STAR/2.7.10b/GCC-11.3.0/STAR-2.7.10b/source
Aug 15 18:27:31 ..... started STAR run
Aug 15 18:27:31 ..... loading genome
Aug 15 18:27:32 ..... started 1st pass mapping
Aug 15 18:31:05 ..... finished 1st pass mapping
Aug 15 18:31:05 ..... inserting junctions into the genome indices
Aug 15 18:31:30 ..... started mapping
Aug 15 18:35:05 ..... finished mapping
Aug 15 18:35:06 ..... started sorting BAM
Aug 15 18:35:46 ..... finished successfully
=== fastp SRR20664579 Sat Aug 15 18:35:46 CEST 2026 ===
Loading bio/fastp/1.0.1-GCC-13.3.0
  Loading requirement: compiler/GCCcore/13.3.0 lib/zlib/1.3.1-GCCcore-13.3.0
    tools/binutils/2.42-GCCcore-13.3.0 compiler/GCC/13.3.0
    system/libdeflate/1.20-GCCcore-13.3.0 lang/NASM/2.16.03-GCCcore-13.3.0
    lib/ISA-L/2.31.0-GCCcore-13.3.0
Read1 before filtering:
total reads: 24753333
total bases: 3712999950
Q20 bases: 3653674029(98.4022%)
Q30 bases: 3556081665(95.7738%)
Q40 bases: 3041659227(81.9192%)

Read2 before filtering:
total reads: 24753333
total bases: 3712999950
Q20 bases: 3545495173(95.4887%)
Q30 bases: 3360485744(90.5059%)
Q40 bases: 2699243687(72.6971%)

Read1 after filtering:
total reads: 22546100
total bases: 3313642352
Q20 bases: 3290544747(99.303%)
Q30 bases: 3234668843(97.6167%)
Q40 bases: 2826861242(85.3098%)

Read2 after filtering:
total reads: 22546100
total bases: 3313642352
Q20 bases: 3256533910(98.2766%)
Q30 bases: 3150088277(95.0642%)
Q40 bases: 2590422853(78.1745%)

Filtering result:
reads passed filter: 45092200
reads failed due to low quality: 4407422
reads failed due to too many N: 7044
reads with adapter trimmed: 6126884
bases trimmed due to adapters: 138616462

Duplication rate: 22.5503%

Insert size peak (evaluated by paired-end reads): 175

JSON report: /scratch/USERNAME/Vitis/Shi2024/SRR20664579_fastp.json
HTML report: /scratch/USERNAME/Vitis/Shi2024/SRR20664579_fastp.html

fastp -i /scratch/USERNAME/Vitis/Shi2024/fastq/SRR20664579_1.fastq.gz -I /scratch/USERNAME/Vitis/Shi2024/fastq/SRR20664579_2.fastq.gz -o /scratch/USERNAME/Vitis/Shi2024/SRR20664579_1.q30.fastq.gz -O /scratch/USERNAME/Vitis/Shi2024/SRR20664579_2.q30.fastq.gz --average_qual 30 --disable_length_filtering -w 8 -j /scratch/USERNAME/Vitis/Shi2024/SRR20664579_fastp.json -h /scratch/USERNAME/Vitis/Shi2024/SRR20664579_fastp.html 
fastp v1.0.1, time used: 65 seconds
=== STAR SRR20664579 Sat Aug 15 18:36:51 CEST 2026 ===
Loading bio/STAR/2.7.10b-GCC-11.3.0
  Loading requirement: compiler/GCCcore/11.3.0 lib/zlib/1.2.12-GCCcore-11.3.0
    tools/binutils/2.38-GCCcore-11.3.0 compiler/GCC/11.3.0
    tools/bzip2/1.0.8-GCCcore-11.3.0 tools/XZ/5.2.5-GCCcore-11.3.0
    system/OpenSSL/1.1 tools/cURL/7.83.0-GCCcore-11.3.0
    bio/HTSlib/1.15.1-GCC-11.3.0
	STAR --runThreadN 32 --genomeDir /scratch/USERNAME/Vitis/GGref/STAR_index_PN40024v4_ohd149 --readFilesIn /scratch/USERNAME/Vitis/Shi2024/SRR20664579_1.q30.fastq.gz /scratch/USERNAME/Vitis/Shi2024/SRR20664579_2.q30.fastq.gz --readFilesCommand zcat --outFileNamePrefix /scratch/USERNAME/Vitis/Shi2024/SRR20664579_ --outSAMtype BAM SortedByCoordinate --outBAMsortingBinsN 20 --limitBAMsortRAM 10000000000 --outFilterMultimapNmax 1 --twopassMode Basic
	STAR version: 2.7.10b   compiled: 2024-07-31T14:09:58+02:00 ramses4:/dev/shm/sborowsk/build/STAR/2.7.10b/GCC-11.3.0/STAR-2.7.10b/source
Aug 15 18:36:51 ..... started STAR run
Aug 15 18:36:51 ..... loading genome
Aug 15 18:36:52 ..... started 1st pass mapping
Aug 15 18:38:35 ..... finished 1st pass mapping
Aug 15 18:38:36 ..... inserting junctions into the genome indices
Aug 15 18:38:58 ..... started mapping
Aug 15 18:42:15 ..... finished mapping
Aug 15 18:42:15 ..... started sorting BAM
Aug 15 18:42:32 ..... finished successfully
=== fastp SRR20664586 Sat Aug 15 18:42:32 CEST 2026 ===
Loading bio/fastp/1.0.1-GCC-13.3.0
  Loading requirement: compiler/GCCcore/13.3.0 lib/zlib/1.3.1-GCCcore-13.3.0
    tools/binutils/2.42-GCCcore-13.3.0 compiler/GCC/13.3.0
    system/libdeflate/1.20-GCCcore-13.3.0 lang/NASM/2.16.03-GCCcore-13.3.0
    lib/ISA-L/2.31.0-GCCcore-13.3.0
Read1 before filtering:
total reads: 36902092
total bases: 5535313800
Q20 bases: 5461985734(98.6753%)
Q30 bases: 5328977999(96.2724%)
Q40 bases: 4588025129(82.8865%)

Read2 before filtering:
total reads: 36902092
total bases: 5535313800
Q20 bases: 5270412928(95.2143%)
Q30 bases: 4986234084(90.0804%)
Q40 bases: 4020805693(72.6392%)

Read1 after filtering:
total reads: 33498399
total bases: 4906669120
Q20 bases: 4876480078(99.3847%)
Q30 bases: 4802723105(97.8815%)
Q40 bases: 4229006837(86.189%)

Read2 after filtering:
total reads: 33498399
total bases: 4906669120
Q20 bases: 4821127343(98.2566%)
Q30 bases: 4665361953(95.0821%)
Q40 bases: 3859892189(78.6662%)

Filtering result:
reads passed filter: 66996798
reads failed due to low quality: 6794110
reads failed due to too many N: 13276
reads with adapter trimmed: 11475208
bases trimmed due to adapters: 240761242

Duplication rate: 20.0054%

Insert size peak (evaluated by paired-end reads): 172

JSON report: /scratch/USERNAME/Vitis/Shi2024/SRR20664586_fastp.json
HTML report: /scratch/USERNAME/Vitis/Shi2024/SRR20664586_fastp.html

fastp -i /scratch/USERNAME/Vitis/Shi2024/fastq/SRR20664586_1.fastq.gz -I /scratch/USERNAME/Vitis/Shi2024/fastq/SRR20664586_2.fastq.gz -o /scratch/USERNAME/Vitis/Shi2024/SRR20664586_1.q30.fastq.gz -O /scratch/USERNAME/Vitis/Shi2024/SRR20664586_2.q30.fastq.gz --average_qual 30 --disable_length_filtering -w 8 -j /scratch/USERNAME/Vitis/Shi2024/SRR20664586_fastp.json -h /scratch/USERNAME/Vitis/Shi2024/SRR20664586_fastp.html 
fastp v1.0.1, time used: 95 seconds
=== STAR SRR20664586 Sat Aug 15 18:44:08 CEST 2026 ===
Loading bio/STAR/2.7.10b-GCC-11.3.0
  Loading requirement: compiler/GCCcore/11.3.0 lib/zlib/1.2.12-GCCcore-11.3.0
    tools/binutils/2.38-GCCcore-11.3.0 compiler/GCC/11.3.0
    tools/bzip2/1.0.8-GCCcore-11.3.0 tools/XZ/5.2.5-GCCcore-11.3.0
    system/OpenSSL/1.1 tools/cURL/7.83.0-GCCcore-11.3.0
    bio/HTSlib/1.15.1-GCC-11.3.0
	STAR --runThreadN 32 --genomeDir /scratch/USERNAME/Vitis/GGref/STAR_index_PN40024v4_ohd149 --readFilesIn /scratch/USERNAME/Vitis/Shi2024/SRR20664586_1.q30.fastq.gz /scratch/USERNAME/Vitis/Shi2024/SRR20664586_2.q30.fastq.gz --readFilesCommand zcat --outFileNamePrefix /scratch/USERNAME/Vitis/Shi2024/SRR20664586_ --outSAMtype BAM SortedByCoordinate --outBAMsortingBinsN 20 --limitBAMsortRAM 10000000000 --outFilterMultimapNmax 1 --twopassMode Basic
	STAR version: 2.7.10b   compiled: 2024-07-31T14:09:58+02:00 ramses4:/dev/shm/sborowsk/build/STAR/2.7.10b/GCC-11.3.0/STAR-2.7.10b/source
Aug 15 18:44:09 ..... started STAR run
Aug 15 18:44:09 ..... loading genome
Aug 15 18:44:10 ..... started 1st pass mapping
Aug 15 18:46:35 ..... finished 1st pass mapping
Aug 15 18:46:35 ..... inserting junctions into the genome indices
Aug 15 18:46:58 ..... started mapping
Aug 15 18:53:19 ..... finished mapping
Aug 15 18:53:20 ..... started sorting BAM
Aug 15 18:53:45 ..... finished successfully
=== fastp SRR20664587 Sat Aug 15 18:53:45 CEST 2026 ===
Loading bio/fastp/1.0.1-GCC-13.3.0
  Loading requirement: compiler/GCCcore/13.3.0 lib/zlib/1.3.1-GCCcore-13.3.0
    tools/binutils/2.42-GCCcore-13.3.0 compiler/GCC/13.3.0
    system/libdeflate/1.20-GCCcore-13.3.0 lang/NASM/2.16.03-GCCcore-13.3.0
    lib/ISA-L/2.31.0-GCCcore-13.3.0
Read1 before filtering:
total reads: 38767502
total bases: 5815125300
Q20 bases: 5742270933(98.7472%)
Q30 bases: 5609623988(96.4661%)
Q40 bases: 4851916558(83.4361%)

Read2 before filtering:
total reads: 38767502
total bases: 5815125300
Q20 bases: 5581241959(95.978%)
Q30 bases: 5317745515(91.4468%)
Q40 bases: 4348115724(74.7725%)

Read1 after filtering:
total reads: 35822827
total bases: 5209936417
Q20 bases: 5177710574(99.3815%)
Q30 bases: 5099331488(97.877%)
Q40 bases: 4491645875(86.2131%)

Read2 after filtering:
total reads: 35822827
total bases: 5209936417
Q20 bases: 5127488988(98.4175%)
Q30 bases: 4975234025(95.4951%)
Q40 bases: 4153976802(79.7318%)

Filtering result:
reads passed filter: 71645654
reads failed due to low quality: 5875564
reads failed due to too many N: 13786
reads with adapter trimmed: 15147004
bases trimmed due to adapters: 332764906

Duplication rate: 21.7057%

Insert size peak (evaluated by paired-end reads): 165

JSON report: /scratch/USERNAME/Vitis/Shi2024/SRR20664587_fastp.json
HTML report: /scratch/USERNAME/Vitis/Shi2024/SRR20664587_fastp.html

fastp -i /scratch/USERNAME/Vitis/Shi2024/fastq/SRR20664587_1.fastq.gz -I /scratch/USERNAME/Vitis/Shi2024/fastq/SRR20664587_2.fastq.gz -o /scratch/USERNAME/Vitis/Shi2024/SRR20664587_1.q30.fastq.gz -O /scratch/USERNAME/Vitis/Shi2024/SRR20664587_2.q30.fastq.gz --average_qual 30 --disable_length_filtering -w 8 -j /scratch/USERNAME/Vitis/Shi2024/SRR20664587_fastp.json -h /scratch/USERNAME/Vitis/Shi2024/SRR20664587_fastp.html 
fastp v1.0.1, time used: 100 seconds
=== STAR SRR20664587 Sat Aug 15 18:55:26 CEST 2026 ===
Loading bio/STAR/2.7.10b-GCC-11.3.0
  Loading requirement: compiler/GCCcore/11.3.0 lib/zlib/1.2.12-GCCcore-11.3.0
    tools/binutils/2.38-GCCcore-11.3.0 compiler/GCC/11.3.0
    tools/bzip2/1.0.8-GCCcore-11.3.0 tools/XZ/5.2.5-GCCcore-11.3.0
    system/OpenSSL/1.1 tools/cURL/7.83.0-GCCcore-11.3.0
    bio/HTSlib/1.15.1-GCC-11.3.0
	STAR --runThreadN 32 --genomeDir /scratch/USERNAME/Vitis/GGref/STAR_index_PN40024v4_ohd149 --readFilesIn /scratch/USERNAME/Vitis/Shi2024/SRR20664587_1.q30.fastq.gz /scratch/USERNAME/Vitis/Shi2024/SRR20664587_2.q30.fastq.gz --readFilesCommand zcat --outFileNamePrefix /scratch/USERNAME/Vitis/Shi2024/SRR20664587_ --outSAMtype BAM SortedByCoordinate --outBAMsortingBinsN 20 --limitBAMsortRAM 10000000000 --outFilterMultimapNmax 1 --twopassMode Basic
	STAR version: 2.7.10b   compiled: 2024-07-31T14:09:58+02:00 ramses4:/dev/shm/sborowsk/build/STAR/2.7.10b/GCC-11.3.0/STAR-2.7.10b/source
Aug 15 18:55:27 ..... started STAR run
Aug 15 18:55:27 ..... loading genome
Aug 15 18:55:28 ..... started 1st pass mapping
Aug 15 18:58:03 ..... finished 1st pass mapping
Aug 15 18:58:04 ..... inserting junctions into the genome indices
Aug 15 18:58:28 ..... started mapping
Aug 15 19:05:50 ..... finished mapping
Aug 15 19:05:51 ..... started sorting BAM
Aug 15 19:06:18 ..... finished successfully
=== fastp SRR20664588 Sat Aug 15 19:06:18 CEST 2026 ===
Loading bio/fastp/1.0.1-GCC-13.3.0
  Loading requirement: compiler/GCCcore/13.3.0 lib/zlib/1.3.1-GCCcore-13.3.0
    tools/binutils/2.42-GCCcore-13.3.0 compiler/GCC/13.3.0
    system/libdeflate/1.20-GCCcore-13.3.0 lang/NASM/2.16.03-GCCcore-13.3.0
    lib/ISA-L/2.31.0-GCCcore-13.3.0
Read1 before filtering:
total reads: 30317743
total bases: 4547661450
Q20 bases: 4486042633(98.645%)
Q30 bases: 4374301054(96.1879%)
Q40 bases: 3754301334(82.5545%)

Read2 before filtering:
total reads: 30317743
total bases: 4547661450
Q20 bases: 4353362182(95.7275%)
Q30 bases: 4138693608(91.0071%)
Q40 bases: 3372994226(74.1699%)

Read1 after filtering:
total reads: 27843266
total bases: 4040726801
Q20 bases: 4014033564(99.3394%)
Q30 bases: 3948790680(97.7248%)
Q40 bases: 3457098108(85.5563%)

Read2 after filtering:
total reads: 27843266
total bases: 4040726801
Q20 bases: 3975192005(98.3781%)
Q30 bases: 3854446992(95.3899%)
Q40 bases: 3213511701(79.5281%)

Filtering result:
reads passed filter: 55686532
reads failed due to low quality: 4938086
reads failed due to too many N: 10868
reads with adapter trimmed: 13054206
bases trimmed due to adapters: 276596298

Duplication rate: 19.795%

Insert size peak (evaluated by paired-end reads): 158

JSON report: /scratch/USERNAME/Vitis/Shi2024/SRR20664588_fastp.json
HTML report: /scratch/USERNAME/Vitis/Shi2024/SRR20664588_fastp.html

fastp -i /scratch/USERNAME/Vitis/Shi2024/fastq/SRR20664588_1.fastq.gz -I /scratch/USERNAME/Vitis/Shi2024/fastq/SRR20664588_2.fastq.gz -o /scratch/USERNAME/Vitis/Shi2024/SRR20664588_1.q30.fastq.gz -O /scratch/USERNAME/Vitis/Shi2024/SRR20664588_2.q30.fastq.gz --average_qual 30 --disable_length_filtering -w 8 -j /scratch/USERNAME/Vitis/Shi2024/SRR20664588_fastp.json -h /scratch/USERNAME/Vitis/Shi2024/SRR20664588_fastp.html 
fastp v1.0.1, time used: 79 seconds
=== STAR SRR20664588 Sat Aug 15 19:07:38 CEST 2026 ===
Loading bio/STAR/2.7.10b-GCC-11.3.0
  Loading requirement: compiler/GCCcore/11.3.0 lib/zlib/1.2.12-GCCcore-11.3.0
    tools/binutils/2.38-GCCcore-11.3.0 compiler/GCC/11.3.0
    tools/bzip2/1.0.8-GCCcore-11.3.0 tools/XZ/5.2.5-GCCcore-11.3.0
    system/OpenSSL/1.1 tools/cURL/7.83.0-GCCcore-11.3.0
    bio/HTSlib/1.15.1-GCC-11.3.0
	STAR --runThreadN 32 --genomeDir /scratch/USERNAME/Vitis/GGref/STAR_index_PN40024v4_ohd149 --readFilesIn /scratch/USERNAME/Vitis/Shi2024/SRR20664588_1.q30.fastq.gz /scratch/USERNAME/Vitis/Shi2024/SRR20664588_2.q30.fastq.gz --readFilesCommand zcat --outFileNamePrefix /scratch/USERNAME/Vitis/Shi2024/SRR20664588_ --outSAMtype BAM SortedByCoordinate --outBAMsortingBinsN 20 --limitBAMsortRAM 10000000000 --outFilterMultimapNmax 1 --twopassMode Basic
	STAR version: 2.7.10b   compiled: 2024-07-31T14:09:58+02:00 ramses4:/dev/shm/sborowsk/build/STAR/2.7.10b/GCC-11.3.0/STAR-2.7.10b/source
Aug 15 19:07:39 ..... started STAR run
Aug 15 19:07:39 ..... loading genome
Aug 15 19:07:40 ..... started 1st pass mapping
Aug 15 19:09:50 ..... finished 1st pass mapping
Aug 15 19:09:50 ..... inserting junctions into the genome indices
Aug 15 19:10:13 ..... started mapping
Aug 15 19:15:39 ..... finished mapping
Aug 15 19:15:40 ..... started sorting BAM
Aug 15 19:16:01 ..... finished successfully
=== fastp SRR20664589 Sat Aug 15 19:16:01 CEST 2026 ===
Loading bio/fastp/1.0.1-GCC-13.3.0
  Loading requirement: compiler/GCCcore/13.3.0 lib/zlib/1.3.1-GCCcore-13.3.0
    tools/binutils/2.42-GCCcore-13.3.0 compiler/GCC/13.3.0
    system/libdeflate/1.20-GCCcore-13.3.0 lang/NASM/2.16.03-GCCcore-13.3.0
    lib/ISA-L/2.31.0-GCCcore-13.3.0
Read1 before filtering:
total reads: 38696302
total bases: 5804445300
Q20 bases: 5726419291(98.6558%)
Q30 bases: 5586168335(96.2395%)
Q40 bases: 4800439654(82.7028%)

Read2 before filtering:
total reads: 38696302
total bases: 5804445300
Q20 bases: 5522680184(95.1457%)
Q30 bases: 5220603814(89.9415%)
Q40 bases: 4201214707(72.3793%)

Read1 after filtering:
total reads: 35098270
total bases: 5139354856
Q20 bases: 5107052999(99.3715%)
Q30 bases: 5028249050(97.8381%)
Q40 bases: 4416915124(85.943%)

Read2 after filtering:
total reads: 35098270
total bases: 5139354856
Q20 bases: 5045283417(98.1696%)
Q30 bases: 4877858774(94.9119%)
Q40 bases: 4027795258(78.3716%)

Filtering result:
reads passed filter: 70196540
reads failed due to low quality: 7182424
reads failed due to too many N: 13640
reads with adapter trimmed: 11472164
bases trimmed due to adapters: 255179526

Duplication rate: 21.8489%

Insert size peak (evaluated by paired-end reads): 164

JSON report: /scratch/USERNAME/Vitis/Shi2024/SRR20664589_fastp.json
HTML report: /scratch/USERNAME/Vitis/Shi2024/SRR20664589_fastp.html

fastp -i /scratch/USERNAME/Vitis/Shi2024/fastq/SRR20664589_1.fastq.gz -I /scratch/USERNAME/Vitis/Shi2024/fastq/SRR20664589_2.fastq.gz -o /scratch/USERNAME/Vitis/Shi2024/SRR20664589_1.q30.fastq.gz -O /scratch/USERNAME/Vitis/Shi2024/SRR20664589_2.q30.fastq.gz --average_qual 30 --disable_length_filtering -w 8 -j /scratch/USERNAME/Vitis/Shi2024/SRR20664589_fastp.json -h /scratch/USERNAME/Vitis/Shi2024/SRR20664589_fastp.html 
fastp v1.0.1, time used: 101 seconds
=== STAR SRR20664589 Sat Aug 15 19:17:42 CEST 2026 ===
Loading bio/STAR/2.7.10b-GCC-11.3.0
  Loading requirement: compiler/GCCcore/11.3.0 lib/zlib/1.2.12-GCCcore-11.3.0
    tools/binutils/2.38-GCCcore-11.3.0 compiler/GCC/11.3.0
    tools/bzip2/1.0.8-GCCcore-11.3.0 tools/XZ/5.2.5-GCCcore-11.3.0
    system/OpenSSL/1.1 tools/cURL/7.83.0-GCCcore-11.3.0
    bio/HTSlib/1.15.1-GCC-11.3.0
	STAR --runThreadN 32 --genomeDir /scratch/USERNAME/Vitis/GGref/STAR_index_PN40024v4_ohd149 --readFilesIn /scratch/USERNAME/Vitis/Shi2024/SRR20664589_1.q30.fastq.gz /scratch/USERNAME/Vitis/Shi2024/SRR20664589_2.q30.fastq.gz --readFilesCommand zcat --outFileNamePrefix /scratch/USERNAME/Vitis/Shi2024/SRR20664589_ --outSAMtype BAM SortedByCoordinate --outBAMsortingBinsN 20 --limitBAMsortRAM 10000000000 --outFilterMultimapNmax 1 --twopassMode Basic
	STAR version: 2.7.10b   compiled: 2024-07-31T14:09:58+02:00 ramses4:/dev/shm/sborowsk/build/STAR/2.7.10b/GCC-11.3.0/STAR-2.7.10b/source
Aug 15 19:17:42 ..... started STAR run
Aug 15 19:17:42 ..... loading genome
Aug 15 19:17:43 ..... started 1st pass mapping
Aug 15 19:20:33 ..... finished 1st pass mapping
Aug 15 19:20:33 ..... inserting junctions into the genome indices
Aug 15 19:20:54 ..... started mapping
Aug 15 19:29:21 ..... finished mapping
Aug 15 19:29:22 ..... started sorting BAM
Aug 15 19:29:48 ..... finished successfully
=== fastp SRR20664596 Sat Aug 15 19:29:49 CEST 2026 ===
Loading bio/fastp/1.0.1-GCC-13.3.0
  Loading requirement: compiler/GCCcore/13.3.0 lib/zlib/1.3.1-GCCcore-13.3.0
    tools/binutils/2.42-GCCcore-13.3.0 compiler/GCC/13.3.0
    system/libdeflate/1.20-GCCcore-13.3.0 lang/NASM/2.16.03-GCCcore-13.3.0
    lib/ISA-L/2.31.0-GCCcore-13.3.0
Read1 before filtering:
total reads: 41611940
total bases: 6241791000
Q20 bases: 6161585620(98.715%)
Q30 bases: 6014948556(96.3657%)
Q40 bases: 5188577761(83.1264%)

Read2 before filtering:
total reads: 41611940
total bases: 6241791000
Q20 bases: 6014172998(96.3533%)
Q30 bases: 5741731429(91.9885%)
Q40 bases: 4673684047(74.8773%)

Read1 after filtering:
total reads: 38676402
total bases: 5728035822
Q20 bases: 5691089996(99.355%)
Q30 bases: 5601600593(97.7927%)
Q40 bases: 4923492458(85.9543%)

Read2 after filtering:
total reads: 38676402
total bases: 5728035822
Q20 bases: 5640786019(98.4768%)
Q30 bases: 5473412538(95.5548%)
Q40 bases: 4543701343(79.3239%)

Filtering result:
reads passed filter: 77352804
reads failed due to low quality: 5859014
reads failed due to too many N: 12062
reads with adapter trimmed: 7074008
bases trimmed due to adapters: 148637436

Duplication rate: 21.4718%

Insert size peak (evaluated by paired-end reads): 183

JSON report: /scratch/USERNAME/Vitis/Shi2024/SRR20664596_fastp.json
HTML report: /scratch/USERNAME/Vitis/Shi2024/SRR20664596_fastp.html

fastp -i /scratch/USERNAME/Vitis/Shi2024/fastq/SRR20664596_1.fastq.gz -I /scratch/USERNAME/Vitis/Shi2024/fastq/SRR20664596_2.fastq.gz -o /scratch/USERNAME/Vitis/Shi2024/SRR20664596_1.q30.fastq.gz -O /scratch/USERNAME/Vitis/Shi2024/SRR20664596_2.q30.fastq.gz --average_qual 30 --disable_length_filtering -w 8 -j /scratch/USERNAME/Vitis/Shi2024/SRR20664596_fastp.json -h /scratch/USERNAME/Vitis/Shi2024/SRR20664596_fastp.html 
fastp v1.0.1, time used: 112 seconds
=== STAR SRR20664596 Sat Aug 15 19:31:41 CEST 2026 ===
Loading bio/STAR/2.7.10b-GCC-11.3.0
  Loading requirement: compiler/GCCcore/11.3.0 lib/zlib/1.2.12-GCCcore-11.3.0
    tools/binutils/2.38-GCCcore-11.3.0 compiler/GCC/11.3.0
    tools/bzip2/1.0.8-GCCcore-11.3.0 tools/XZ/5.2.5-GCCcore-11.3.0
    system/OpenSSL/1.1 tools/cURL/7.83.0-GCCcore-11.3.0
    bio/HTSlib/1.15.1-GCC-11.3.0
	STAR --runThreadN 32 --genomeDir /scratch/USERNAME/Vitis/GGref/STAR_index_PN40024v4_ohd149 --readFilesIn /scratch/USERNAME/Vitis/Shi2024/SRR20664596_1.q30.fastq.gz /scratch/USERNAME/Vitis/Shi2024/SRR20664596_2.q30.fastq.gz --readFilesCommand zcat --outFileNamePrefix /scratch/USERNAME/Vitis/Shi2024/SRR20664596_ --outSAMtype BAM SortedByCoordinate --outBAMsortingBinsN 20 --limitBAMsortRAM 10000000000 --outFilterMultimapNmax 1 --twopassMode Basic
	STAR version: 2.7.10b   compiled: 2024-07-31T14:09:58+02:00 ramses4:/dev/shm/sborowsk/build/STAR/2.7.10b/GCC-11.3.0/STAR-2.7.10b/source
Aug 15 19:31:42 ..... started STAR run
Aug 15 19:31:42 ..... loading genome
Aug 15 19:31:43 ..... started 1st pass mapping
Aug 15 19:34:11 ..... finished 1st pass mapping
Aug 15 19:34:11 ..... inserting junctions into the genome indices
Aug 15 19:34:33 ..... started mapping
Aug 15 19:37:39 ..... finished mapping
Aug 15 19:37:40 ..... started sorting BAM
Aug 15 19:38:09 ..... finished successfully
=== fastp SRR20664597 Sat Aug 15 19:38:09 CEST 2026 ===
Loading bio/fastp/1.0.1-GCC-13.3.0
  Loading requirement: compiler/GCCcore/13.3.0 lib/zlib/1.3.1-GCCcore-13.3.0
    tools/binutils/2.42-GCCcore-13.3.0 compiler/GCC/13.3.0
    system/libdeflate/1.20-GCCcore-13.3.0 lang/NASM/2.16.03-GCCcore-13.3.0
    lib/ISA-L/2.31.0-GCCcore-13.3.0
Read1 before filtering:
total reads: 31519979
total bases: 4727996850
Q20 bases: 4659476228(98.5507%)
Q30 bases: 4539428095(96.0117%)
Q40 bases: 3889778585(82.2712%)

Read2 before filtering:
total reads: 31519979
total bases: 4727996850
Q20 bases: 4543866898(96.1055%)
Q30 bases: 4329948212(91.581%)
Q40 bases: 3505198493(74.1371%)

Read1 after filtering:
total reads: 29102618
total bases: 4303311468
Q20 bases: 4272891873(99.2931%)
Q30 bases: 4199952054(97.5981%)
Q40 bases: 3669748780(85.2773%)

Read2 after filtering:
total reads: 29102618
total bases: 4303311468
Q20 bases: 4236866684(98.456%)
Q30 bases: 4108806688(95.4801%)
Q40 bases: 3396007015(78.9161%)

Filtering result:
reads passed filter: 58205236
reads failed due to low quality: 4825528
reads failed due to too many N: 9194
reads with adapter trimmed: 5651626
bases trimmed due to adapters: 125801694

Duplication rate: 20.022%

Insert size peak (evaluated by paired-end reads): 199

JSON report: /scratch/USERNAME/Vitis/Shi2024/SRR20664597_fastp.json
HTML report: /scratch/USERNAME/Vitis/Shi2024/SRR20664597_fastp.html

fastp -i /scratch/USERNAME/Vitis/Shi2024/fastq/SRR20664597_1.fastq.gz -I /scratch/USERNAME/Vitis/Shi2024/fastq/SRR20664597_2.fastq.gz -o /scratch/USERNAME/Vitis/Shi2024/SRR20664597_1.q30.fastq.gz -O /scratch/USERNAME/Vitis/Shi2024/SRR20664597_2.q30.fastq.gz --average_qual 30 --disable_length_filtering -w 8 -j /scratch/USERNAME/Vitis/Shi2024/SRR20664597_fastp.json -h /scratch/USERNAME/Vitis/Shi2024/SRR20664597_fastp.html 
fastp v1.0.1, time used: 85 seconds
=== STAR SRR20664597 Sat Aug 15 19:39:34 CEST 2026 ===
Loading bio/STAR/2.7.10b-GCC-11.3.0
  Loading requirement: compiler/GCCcore/11.3.0 lib/zlib/1.2.12-GCCcore-11.3.0
    tools/binutils/2.38-GCCcore-11.3.0 compiler/GCC/11.3.0
    tools/bzip2/1.0.8-GCCcore-11.3.0 tools/XZ/5.2.5-GCCcore-11.3.0
    system/OpenSSL/1.1 tools/cURL/7.83.0-GCCcore-11.3.0
    bio/HTSlib/1.15.1-GCC-11.3.0
	STAR --runThreadN 32 --genomeDir /scratch/USERNAME/Vitis/GGref/STAR_index_PN40024v4_ohd149 --readFilesIn /scratch/USERNAME/Vitis/Shi2024/SRR20664597_1.q30.fastq.gz /scratch/USERNAME/Vitis/Shi2024/SRR20664597_2.q30.fastq.gz --readFilesCommand zcat --outFileNamePrefix /scratch/USERNAME/Vitis/Shi2024/SRR20664597_ --outSAMtype BAM SortedByCoordinate --outBAMsortingBinsN 20 --limitBAMsortRAM 10000000000 --outFilterMultimapNmax 1 --twopassMode Basic
	STAR version: 2.7.10b   compiled: 2024-07-31T14:09:58+02:00 ramses4:/dev/shm/sborowsk/build/STAR/2.7.10b/GCC-11.3.0/STAR-2.7.10b/source
Aug 15 19:39:35 ..... started STAR run
Aug 15 19:39:35 ..... loading genome
Aug 15 19:39:36 ..... started 1st pass mapping
Aug 15 19:41:32 ..... finished 1st pass mapping
Aug 15 19:41:32 ..... inserting junctions into the genome indices
Aug 15 19:41:51 ..... started mapping
Aug 15 19:44:11 ..... finished mapping
Aug 15 19:44:12 ..... started sorting BAM
Aug 15 19:44:34 ..... finished successfully
=== fastp SRR20664599 Sat Aug 15 19:44:34 CEST 2026 ===
Loading bio/fastp/1.0.1-GCC-13.3.0
  Loading requirement: compiler/GCCcore/13.3.0 lib/zlib/1.3.1-GCCcore-13.3.0
    tools/binutils/2.42-GCCcore-13.3.0 compiler/GCC/13.3.0
    system/libdeflate/1.20-GCCcore-13.3.0 lang/NASM/2.16.03-GCCcore-13.3.0
    lib/ISA-L/2.31.0-GCCcore-13.3.0
Read1 before filtering:
total reads: 31527466
total bases: 4729119900
Q20 bases: 4665298119(98.6505%)
Q30 bases: 4551637059(96.247%)
Q40 bases: 3919771149(82.8858%)

Read2 before filtering:
total reads: 31527466
total bases: 4729119900
Q20 bases: 4548977319(96.1908%)
Q30 bases: 4332794029(91.6195%)
Q40 bases: 3487999902(73.7558%)

Read1 after filtering:
total reads: 29185698
total bases: 4329361929
Q20 bases: 4301203908(99.3496%)
Q30 bases: 4233268195(97.7804%)
Q40 bases: 3718358096(85.887%)

Read2 after filtering:
total reads: 29185698
total bases: 4329361929
Q20 bases: 4261305307(98.428%)
Q30 bases: 4128697828(95.365%)
Q40 bases: 3392825508(78.3678%)

Filtering result:
reads passed filter: 58371396
reads failed due to low quality: 4674488
reads failed due to too many N: 9048
reads with adapter trimmed: 4709378
bases trimmed due to adapters: 98212568

Duplication rate: 17.9449%

Insert size peak (evaluated by paired-end reads): 195

JSON report: /scratch/USERNAME/Vitis/Shi2024/SRR20664599_fastp.json
HTML report: /scratch/USERNAME/Vitis/Shi2024/SRR20664599_fastp.html

fastp -i /scratch/USERNAME/Vitis/Shi2024/fastq/SRR20664599_1.fastq.gz -I /scratch/USERNAME/Vitis/Shi2024/fastq/SRR20664599_2.fastq.gz -o /scratch/USERNAME/Vitis/Shi2024/SRR20664599_1.q30.fastq.gz -O /scratch/USERNAME/Vitis/Shi2024/SRR20664599_2.q30.fastq.gz --average_qual 30 --disable_length_filtering -w 8 -j /scratch/USERNAME/Vitis/Shi2024/SRR20664599_fastp.json -h /scratch/USERNAME/Vitis/Shi2024/SRR20664599_fastp.html 
fastp v1.0.1, time used: 86 seconds
=== STAR SRR20664599 Sat Aug 15 19:46:00 CEST 2026 ===
Loading bio/STAR/2.7.10b-GCC-11.3.0
  Loading requirement: compiler/GCCcore/11.3.0 lib/zlib/1.2.12-GCCcore-11.3.0
    tools/binutils/2.38-GCCcore-11.3.0 compiler/GCC/11.3.0
    tools/bzip2/1.0.8-GCCcore-11.3.0 tools/XZ/5.2.5-GCCcore-11.3.0
    system/OpenSSL/1.1 tools/cURL/7.83.0-GCCcore-11.3.0
    bio/HTSlib/1.15.1-GCC-11.3.0
	STAR --runThreadN 32 --genomeDir /scratch/USERNAME/Vitis/GGref/STAR_index_PN40024v4_ohd149 --readFilesIn /scratch/USERNAME/Vitis/Shi2024/SRR20664599_1.q30.fastq.gz /scratch/USERNAME/Vitis/Shi2024/SRR20664599_2.q30.fastq.gz --readFilesCommand zcat --outFileNamePrefix /scratch/USERNAME/Vitis/Shi2024/SRR20664599_ --outSAMtype BAM SortedByCoordinate --outBAMsortingBinsN 20 --limitBAMsortRAM 10000000000 --outFilterMultimapNmax 1 --twopassMode Basic
	STAR version: 2.7.10b   compiled: 2024-07-31T14:09:58+02:00 ramses4:/dev/shm/sborowsk/build/STAR/2.7.10b/GCC-11.3.0/STAR-2.7.10b/source
Aug 15 19:46:01 ..... started STAR run
Aug 15 19:46:01 ..... loading genome
Aug 15 19:46:02 ..... started 1st pass mapping
Aug 15 19:48:02 ..... finished 1st pass mapping
Aug 15 19:48:02 ..... inserting junctions into the genome indices
Aug 15 19:48:24 ..... started mapping
Aug 15 19:50:35 ..... finished mapping
Aug 15 19:50:36 ..... started sorting BAM
Aug 15 19:50:59 ..... finished successfully
=== fastp SRR20664573 Sat Aug 15 19:50:59 CEST 2026 ===
Loading bio/fastp/1.0.1-GCC-13.3.0
  Loading requirement: compiler/GCCcore/13.3.0 lib/zlib/1.3.1-GCCcore-13.3.0
    tools/binutils/2.42-GCCcore-13.3.0 compiler/GCC/13.3.0
    system/libdeflate/1.20-GCCcore-13.3.0 lang/NASM/2.16.03-GCCcore-13.3.0
    lib/ISA-L/2.31.0-GCCcore-13.3.0
Read1 before filtering:
total reads: 35981048
total bases: 5397157200
Q20 bases: 5272027103(97.6816%)
Q30 bases: 5100312431(94.5%)
Q40 bases: 4267495740(79.0693%)

Read2 before filtering:
total reads: 35981048
total bases: 5397157200
Q20 bases: 5139349837(95.2233%)
Q30 bases: 4814004313(89.1952%)
Q40 bases: 3671470407(68.026%)

Read1 after filtering:
total reads: 32528166
total bases: 4786720324
Q20 bases: 4739829936(99.0204%)
Q30 bases: 4638778434(96.9093%)
Q40 bases: 3961597314(82.7622%)

Read2 after filtering:
total reads: 32528166
total bases: 4786720324
Q20 bases: 4693373476(98.0499%)
Q30 bases: 4488133717(93.7622%)
Q40 bases: 3498854457(73.095%)

Filtering result:
reads passed filter: 65056332
reads failed due to low quality: 6899046
reads failed due to too many N: 6718
reads with adapter trimmed: 6658558
bases trimmed due to adapters: 187168780

Duplication rate: 33.188%

Insert size peak (evaluated by paired-end reads): 249

JSON report: /scratch/USERNAME/Vitis/Shi2024/SRR20664573_fastp.json
HTML report: /scratch/USERNAME/Vitis/Shi2024/SRR20664573_fastp.html

fastp -i /scratch/USERNAME/Vitis/Shi2024/fastq/SRR20664573_1.fastq.gz -I /scratch/USERNAME/Vitis/Shi2024/fastq/SRR20664573_2.fastq.gz -o /scratch/USERNAME/Vitis/Shi2024/SRR20664573_1.q30.fastq.gz -O /scratch/USERNAME/Vitis/Shi2024/SRR20664573_2.q30.fastq.gz --average_qual 30 --disable_length_filtering -w 8 -j /scratch/USERNAME/Vitis/Shi2024/SRR20664573_fastp.json -h /scratch/USERNAME/Vitis/Shi2024/SRR20664573_fastp.html 
fastp v1.0.1, time used: 99 seconds
=== STAR SRR20664573 Sat Aug 15 19:52:38 CEST 2026 ===
Loading bio/STAR/2.7.10b-GCC-11.3.0
  Loading requirement: compiler/GCCcore/11.3.0 lib/zlib/1.2.12-GCCcore-11.3.0
    tools/binutils/2.38-GCCcore-11.3.0 compiler/GCC/11.3.0
    tools/bzip2/1.0.8-GCCcore-11.3.0 tools/XZ/5.2.5-GCCcore-11.3.0
    system/OpenSSL/1.1 tools/cURL/7.83.0-GCCcore-11.3.0
    bio/HTSlib/1.15.1-GCC-11.3.0
	STAR --runThreadN 32 --genomeDir /scratch/USERNAME/Vitis/GGref/STAR_index_PN40024v4_ohd149 --readFilesIn /scratch/USERNAME/Vitis/Shi2024/SRR20664573_1.q30.fastq.gz /scratch/USERNAME/Vitis/Shi2024/SRR20664573_2.q30.fastq.gz --readFilesCommand zcat --outFileNamePrefix /scratch/USERNAME/Vitis/Shi2024/SRR20664573_ --outSAMtype BAM SortedByCoordinate --outBAMsortingBinsN 20 --limitBAMsortRAM 10000000000 --outFilterMultimapNmax 1 --twopassMode Basic
	STAR version: 2.7.10b   compiled: 2024-07-31T14:09:58+02:00 ramses4:/dev/shm/sborowsk/build/STAR/2.7.10b/GCC-11.3.0/STAR-2.7.10b/source
Aug 15 19:52:38 ..... started STAR run
Aug 15 19:52:38 ..... loading genome
Aug 15 19:52:39 ..... started 1st pass mapping
Aug 15 19:54:47 ..... finished 1st pass mapping
Aug 15 19:54:47 ..... inserting junctions into the genome indices
Aug 15 19:55:06 ..... started mapping
Aug 15 19:57:24 ..... finished mapping
Aug 15 19:57:25 ..... started sorting BAM
Aug 15 19:57:50 ..... finished successfully
=== fastp SRR20664576 Sat Aug 15 19:57:50 CEST 2026 ===
Loading bio/fastp/1.0.1-GCC-13.3.0
  Loading requirement: compiler/GCCcore/13.3.0 lib/zlib/1.3.1-GCCcore-13.3.0
    tools/binutils/2.42-GCCcore-13.3.0 compiler/GCC/13.3.0
    system/libdeflate/1.20-GCCcore-13.3.0 lang/NASM/2.16.03-GCCcore-13.3.0
    lib/ISA-L/2.31.0-GCCcore-13.3.0
Read1 before filtering:
total reads: 44559084
total bases: 6683862600
Q20 bases: 6565853997(98.2344%)
Q30 bases: 6368637485(95.2838%)
Q40 bases: 5318049531(79.5655%)

Read2 before filtering:
total reads: 44559084
total bases: 6683862600
Q20 bases: 6360970996(95.1691%)
Q30 bases: 5913224736(88.4702%)
Q40 bases: 4345164005(65.0098%)

Read1 after filtering:
total reads: 40543030
total bases: 6027878399
Q20 bases: 5973973746(99.1057%)
Q30 bases: 5852026561(97.0827%)
Q40 bases: 4993459940(82.8394%)

Read2 after filtering:
total reads: 40543030
total bases: 6027878399
Q20 bases: 5886449902(97.6538%)
Q30 bases: 5582374402(92.6093%)
Q40 bases: 4202967256(69.7255%)

Filtering result:
reads passed filter: 81086060
reads failed due to low quality: 8025798
reads failed due to too many N: 6310
reads with adapter trimmed: 3706956
bases trimmed due to adapters: 108218318

Duplication rate: 27.3942%

Insert size peak (evaluated by paired-end reads): 249

JSON report: /scratch/USERNAME/Vitis/Shi2024/SRR20664576_fastp.json
HTML report: /scratch/USERNAME/Vitis/Shi2024/SRR20664576_fastp.html

fastp -i /scratch/USERNAME/Vitis/Shi2024/fastq/SRR20664576_1.fastq.gz -I /scratch/USERNAME/Vitis/Shi2024/fastq/SRR20664576_2.fastq.gz -o /scratch/USERNAME/Vitis/Shi2024/SRR20664576_1.q30.fastq.gz -O /scratch/USERNAME/Vitis/Shi2024/SRR20664576_2.q30.fastq.gz --average_qual 30 --disable_length_filtering -w 8 -j /scratch/USERNAME/Vitis/Shi2024/SRR20664576_fastp.json -h /scratch/USERNAME/Vitis/Shi2024/SRR20664576_fastp.html 
fastp v1.0.1, time used: 127 seconds
=== STAR SRR20664576 Sat Aug 15 19:59:57 CEST 2026 ===
Loading bio/STAR/2.7.10b-GCC-11.3.0
  Loading requirement: compiler/GCCcore/11.3.0 lib/zlib/1.2.12-GCCcore-11.3.0
    tools/binutils/2.38-GCCcore-11.3.0 compiler/GCC/11.3.0
    tools/bzip2/1.0.8-GCCcore-11.3.0 tools/XZ/5.2.5-GCCcore-11.3.0
    system/OpenSSL/1.1 tools/cURL/7.83.0-GCCcore-11.3.0
    bio/HTSlib/1.15.1-GCC-11.3.0
	STAR --runThreadN 32 --genomeDir /scratch/USERNAME/Vitis/GGref/STAR_index_PN40024v4_ohd149 --readFilesIn /scratch/USERNAME/Vitis/Shi2024/SRR20664576_1.q30.fastq.gz /scratch/USERNAME/Vitis/Shi2024/SRR20664576_2.q30.fastq.gz --readFilesCommand zcat --outFileNamePrefix /scratch/USERNAME/Vitis/Shi2024/SRR20664576_ --outSAMtype BAM SortedByCoordinate --outBAMsortingBinsN 20 --limitBAMsortRAM 10000000000 --outFilterMultimapNmax 1 --twopassMode Basic
	STAR version: 2.7.10b   compiled: 2024-07-31T14:09:58+02:00 ramses4:/dev/shm/sborowsk/build/STAR/2.7.10b/GCC-11.3.0/STAR-2.7.10b/source
Aug 15 19:59:57 ..... started STAR run
Aug 15 19:59:57 ..... loading genome
Aug 15 19:59:58 ..... started 1st pass mapping
Aug 15 20:02:30 ..... finished 1st pass mapping
Aug 15 20:02:31 ..... inserting junctions into the genome indices
Aug 15 20:02:54 ..... started mapping
Aug 15 20:05:37 ..... finished mapping
Aug 15 20:05:38 ..... started sorting BAM
Aug 15 20:06:12 ..... finished successfully
=== fastp SRR20664578 Sat Aug 15 20:06:12 CEST 2026 ===
Loading bio/fastp/1.0.1-GCC-13.3.0
  Loading requirement: compiler/GCCcore/13.3.0 lib/zlib/1.3.1-GCCcore-13.3.0
    tools/binutils/2.42-GCCcore-13.3.0 compiler/GCC/13.3.0
    system/libdeflate/1.20-GCCcore-13.3.0 lang/NASM/2.16.03-GCCcore-13.3.0
    lib/ISA-L/2.31.0-GCCcore-13.3.0
Read1 before filtering:
total reads: 44151240
total bases: 6622686000
Q20 bases: 6491623129(98.021%)
Q30 bases: 6285239285(94.9047%)
Q40 bases: 5234202073(79.0344%)

Read2 before filtering:
total reads: 44151240
total bases: 6622686000
Q20 bases: 6312035065(95.3093%)
Q30 bases: 5889452301(88.9285%)
Q40 bases: 4384714701(66.2075%)

Read1 after filtering:
total reads: 40195909
total bases: 5969317217
Q20 bases: 5909300523(98.9946%)
Q30 bases: 5780362431(96.8346%)
Q40 bases: 4916226080(82.3583%)

Read2 after filtering:
total reads: 40195909
total bases: 5969317217
Q20 bases: 5839761956(97.8296%)
Q30 bases: 5557508042(93.1012%)
Q40 bases: 4235449539(70.9537%)

Filtering result:
reads passed filter: 80391818
reads failed due to low quality: 7903746
reads failed due to too many N: 6916
reads with adapter trimmed: 4268254
bases trimmed due to adapters: 121459702

Duplication rate: 19.6594%

Insert size peak (evaluated by paired-end reads): 249

JSON report: /scratch/USERNAME/Vitis/Shi2024/SRR20664578_fastp.json
HTML report: /scratch/USERNAME/Vitis/Shi2024/SRR20664578_fastp.html

fastp -i /scratch/USERNAME/Vitis/Shi2024/fastq/SRR20664578_1.fastq.gz -I /scratch/USERNAME/Vitis/Shi2024/fastq/SRR20664578_2.fastq.gz -o /scratch/USERNAME/Vitis/Shi2024/SRR20664578_1.q30.fastq.gz -O /scratch/USERNAME/Vitis/Shi2024/SRR20664578_2.q30.fastq.gz --average_qual 30 --disable_length_filtering -w 8 -j /scratch/USERNAME/Vitis/Shi2024/SRR20664578_fastp.json -h /scratch/USERNAME/Vitis/Shi2024/SRR20664578_fastp.html 
fastp v1.0.1, time used: 126 seconds
=== STAR SRR20664578 Sat Aug 15 20:08:18 CEST 2026 ===
Loading bio/STAR/2.7.10b-GCC-11.3.0
  Loading requirement: compiler/GCCcore/11.3.0 lib/zlib/1.2.12-GCCcore-11.3.0
    tools/binutils/2.38-GCCcore-11.3.0 compiler/GCC/11.3.0
    tools/bzip2/1.0.8-GCCcore-11.3.0 tools/XZ/5.2.5-GCCcore-11.3.0
    system/OpenSSL/1.1 tools/cURL/7.83.0-GCCcore-11.3.0
    bio/HTSlib/1.15.1-GCC-11.3.0
	STAR --runThreadN 32 --genomeDir /scratch/USERNAME/Vitis/GGref/STAR_index_PN40024v4_ohd149 --readFilesIn /scratch/USERNAME/Vitis/Shi2024/SRR20664578_1.q30.fastq.gz /scratch/USERNAME/Vitis/Shi2024/SRR20664578_2.q30.fastq.gz --readFilesCommand zcat --outFileNamePrefix /scratch/USERNAME/Vitis/Shi2024/SRR20664578_ --outSAMtype BAM SortedByCoordinate --outBAMsortingBinsN 20 --limitBAMsortRAM 10000000000 --outFilterMultimapNmax 1 --twopassMode Basic
	STAR version: 2.7.10b   compiled: 2024-07-31T14:09:58+02:00 ramses4:/dev/shm/sborowsk/build/STAR/2.7.10b/GCC-11.3.0/STAR-2.7.10b/source
Aug 15 20:08:18 ..... started STAR run
Aug 15 20:08:18 ..... loading genome
Aug 15 20:08:19 ..... started 1st pass mapping
Aug 15 20:10:53 ..... finished 1st pass mapping
Aug 15 20:10:54 ..... inserting junctions into the genome indices
Aug 15 20:11:18 ..... started mapping
Aug 15 20:14:07 ..... finished mapping
Aug 15 20:14:08 ..... started sorting BAM
Aug 15 20:14:41 ..... finished successfully
=== fastp SRR20664590 Sat Aug 15 20:14:41 CEST 2026 ===
Loading bio/fastp/1.0.1-GCC-13.3.0
  Loading requirement: compiler/GCCcore/13.3.0 lib/zlib/1.3.1-GCCcore-13.3.0
    tools/binutils/2.42-GCCcore-13.3.0 compiler/GCC/13.3.0
    system/libdeflate/1.20-GCCcore-13.3.0 lang/NASM/2.16.03-GCCcore-13.3.0
    lib/ISA-L/2.31.0-GCCcore-13.3.0
Read1 before filtering:
total reads: 42004534
total bases: 6300680100
Q20 bases: 6210265103(98.565%)
Q30 bases: 6048594281(95.9991%)
Q40 bases: 5165041127(81.9759%)

Read2 before filtering:
total reads: 42004534
total bases: 6300680100
Q20 bases: 5965104647(94.674%)
Q30 bases: 5602673577(88.9217%)
Q40 bases: 4407999690(69.9607%)

Read1 after filtering:
total reads: 37627798
total bases: 5520896866
Q20 bases: 5486129143(99.3703%)
Q30 bases: 5399592865(97.8028%)
Q40 bases: 4729178472(85.6596%)

Read2 after filtering:
total reads: 37627798
total bases: 5520896866
Q20 bases: 5413787780(98.0599%)
Q30 bases: 5216815028(94.4922%)
Q40 bases: 4227892793(76.5798%)

Filtering result:
reads passed filter: 75255596
reads failed due to low quality: 8739956
reads failed due to too many N: 13516
reads with adapter trimmed: 12027392
bases trimmed due to adapters: 251939444

Duplication rate: 21.4174%

Insert size peak (evaluated by paired-end reads): 174

JSON report: /scratch/USERNAME/Vitis/Shi2024/SRR20664590_fastp.json
HTML report: /scratch/USERNAME/Vitis/Shi2024/SRR20664590_fastp.html

fastp -i /scratch/USERNAME/Vitis/Shi2024/fastq/SRR20664590_1.fastq.gz -I /scratch/USERNAME/Vitis/Shi2024/fastq/SRR20664590_2.fastq.gz -o /scratch/USERNAME/Vitis/Shi2024/SRR20664590_1.q30.fastq.gz -O /scratch/USERNAME/Vitis/Shi2024/SRR20664590_2.q30.fastq.gz --average_qual 30 --disable_length_filtering -w 8 -j /scratch/USERNAME/Vitis/Shi2024/SRR20664590_fastp.json -h /scratch/USERNAME/Vitis/Shi2024/SRR20664590_fastp.html 
fastp v1.0.1, time used: 110 seconds
=== STAR SRR20664590 Sat Aug 15 20:16:31 CEST 2026 ===
Loading bio/STAR/2.7.10b-GCC-11.3.0
  Loading requirement: compiler/GCCcore/11.3.0 lib/zlib/1.2.12-GCCcore-11.3.0
    tools/binutils/2.38-GCCcore-11.3.0 compiler/GCC/11.3.0
    tools/bzip2/1.0.8-GCCcore-11.3.0 tools/XZ/5.2.5-GCCcore-11.3.0
    system/OpenSSL/1.1 tools/cURL/7.83.0-GCCcore-11.3.0
    bio/HTSlib/1.15.1-GCC-11.3.0
	STAR --runThreadN 32 --genomeDir /scratch/USERNAME/Vitis/GGref/STAR_index_PN40024v4_ohd149 --readFilesIn /scratch/USERNAME/Vitis/Shi2024/SRR20664590_1.q30.fastq.gz /scratch/USERNAME/Vitis/Shi2024/SRR20664590_2.q30.fastq.gz --readFilesCommand zcat --outFileNamePrefix /scratch/USERNAME/Vitis/Shi2024/SRR20664590_ --outSAMtype BAM SortedByCoordinate --outBAMsortingBinsN 20 --limitBAMsortRAM 10000000000 --outFilterMultimapNmax 1 --twopassMode Basic
	STAR version: 2.7.10b   compiled: 2024-07-31T14:09:58+02:00 ramses4:/dev/shm/sborowsk/build/STAR/2.7.10b/GCC-11.3.0/STAR-2.7.10b/source
Aug 15 20:16:31 ..... started STAR run
Aug 15 20:16:31 ..... loading genome
Aug 15 20:16:32 ..... started 1st pass mapping
Aug 15 20:19:08 ..... finished 1st pass mapping
Aug 15 20:19:08 ..... inserting junctions into the genome indices
Aug 15 20:19:30 ..... started mapping
Aug 15 20:25:51 ..... finished mapping
Aug 15 20:25:52 ..... started sorting BAM
Aug 15 20:26:20 ..... finished successfully
=== fastp SRR20664591 Sat Aug 15 20:26:20 CEST 2026 ===
Loading bio/fastp/1.0.1-GCC-13.3.0
  Loading requirement: compiler/GCCcore/13.3.0 lib/zlib/1.3.1-GCCcore-13.3.0
    tools/binutils/2.42-GCCcore-13.3.0 compiler/GCC/13.3.0
    system/libdeflate/1.20-GCCcore-13.3.0 lang/NASM/2.16.03-GCCcore-13.3.0
    lib/ISA-L/2.31.0-GCCcore-13.3.0
Read1 before filtering:
total reads: 32525598
total bases: 4878839700
Q20 bases: 4807391609(98.5356%)
Q30 bases: 4686170173(96.0509%)
Q40 bases: 4019942188(82.3955%)

Read2 before filtering:
total reads: 32525598
total bases: 4878839700
Q20 bases: 4630082164(94.9013%)
Q30 bases: 4366343096(89.4955%)
Q40 bases: 3491991106(71.5742%)

Read1 after filtering:
total reads: 29286506
total bases: 4274821441
Q20 bases: 4247810955(99.3681%)
Q30 bases: 4182009214(97.8289%)
Q40 bases: 3671805581(85.8938%)

Read2 after filtering:
total reads: 29286506
total bases: 4274821441
Q20 bases: 4194441924(98.1197%)
Q30 bases: 4050766731(94.7587%)
Q40 bases: 3328414944(77.8609%)

Filtering result:
reads passed filter: 58573012
reads failed due to low quality: 6466956
reads failed due to too many N: 11228
reads with adapter trimmed: 11233484
bases trimmed due to adapters: 240668378

Duplication rate: 19.1508%

Insert size peak (evaluated by paired-end reads): 161

JSON report: /scratch/USERNAME/Vitis/Shi2024/SRR20664591_fastp.json
HTML report: /scratch/USERNAME/Vitis/Shi2024/SRR20664591_fastp.html

fastp -i /scratch/USERNAME/Vitis/Shi2024/fastq/SRR20664591_1.fastq.gz -I /scratch/USERNAME/Vitis/Shi2024/fastq/SRR20664591_2.fastq.gz -o /scratch/USERNAME/Vitis/Shi2024/SRR20664591_1.q30.fastq.gz -O /scratch/USERNAME/Vitis/Shi2024/SRR20664591_2.q30.fastq.gz --average_qual 30 --disable_length_filtering -w 8 -j /scratch/USERNAME/Vitis/Shi2024/SRR20664591_fastp.json -h /scratch/USERNAME/Vitis/Shi2024/SRR20664591_fastp.html 
fastp v1.0.1, time used: 85 seconds
=== STAR SRR20664591 Sat Aug 15 20:27:46 CEST 2026 ===
Loading bio/STAR/2.7.10b-GCC-11.3.0
  Loading requirement: compiler/GCCcore/11.3.0 lib/zlib/1.2.12-GCCcore-11.3.0
    tools/binutils/2.38-GCCcore-11.3.0 compiler/GCC/11.3.0
    tools/bzip2/1.0.8-GCCcore-11.3.0 tools/XZ/5.2.5-GCCcore-11.3.0
    system/OpenSSL/1.1 tools/cURL/7.83.0-GCCcore-11.3.0
    bio/HTSlib/1.15.1-GCC-11.3.0
	STAR --runThreadN 32 --genomeDir /scratch/USERNAME/Vitis/GGref/STAR_index_PN40024v4_ohd149 --readFilesIn /scratch/USERNAME/Vitis/Shi2024/SRR20664591_1.q30.fastq.gz /scratch/USERNAME/Vitis/Shi2024/SRR20664591_2.q30.fastq.gz --readFilesCommand zcat --outFileNamePrefix /scratch/USERNAME/Vitis/Shi2024/SRR20664591_ --outSAMtype BAM SortedByCoordinate --outBAMsortingBinsN 20 --limitBAMsortRAM 10000000000 --outFilterMultimapNmax 1 --twopassMode Basic
	STAR version: 2.7.10b   compiled: 2024-07-31T14:09:58+02:00 ramses4:/dev/shm/sborowsk/build/STAR/2.7.10b/GCC-11.3.0/STAR-2.7.10b/source
Aug 15 20:27:46 ..... started STAR run
Aug 15 20:27:46 ..... loading genome
Aug 15 20:27:47 ..... started 1st pass mapping
Aug 15 20:30:06 ..... finished 1st pass mapping
Aug 15 20:30:07 ..... inserting junctions into the genome indices
Aug 15 20:30:27 ..... started mapping
Aug 15 20:35:58 ..... finished mapping
Aug 15 20:35:59 ..... started sorting BAM
Aug 15 20:36:20 ..... finished successfully
=== fastp SRR20664594 Sat Aug 15 20:36:21 CEST 2026 ===
Loading bio/fastp/1.0.1-GCC-13.3.0
  Loading requirement: compiler/GCCcore/13.3.0 lib/zlib/1.3.1-GCCcore-13.3.0
    tools/binutils/2.42-GCCcore-13.3.0 compiler/GCC/13.3.0
    system/libdeflate/1.20-GCCcore-13.3.0 lang/NASM/2.16.03-GCCcore-13.3.0
    lib/ISA-L/2.31.0-GCCcore-13.3.0
Read1 before filtering:
total reads: 33612123
total bases: 5041818450
Q20 bases: 4973641457(98.6478%)
Q30 bases: 4852113694(96.2374%)
Q40 bases: 4177179582(82.8507%)

Read2 before filtering:
total reads: 33612123
total bases: 5041818450
Q20 bases: 4842314112(96.043%)
Q30 bases: 4611779095(91.4706%)
Q40 bases: 3736775716(74.1156%)

Read1 after filtering:
total reads: 31027390
total bases: 4593866968
Q20 bases: 4563424714(99.3373%)
Q30 bases: 4490828990(97.7571%)
Q40 bases: 3943255035(85.8374%)

Read2 after filtering:
total reads: 31027390
total bases: 4593866968
Q20 bases: 4519171760(98.374%)
Q30 bases: 4380388157(95.353%)
Q40 bases: 3625303018(78.9162%)

Filtering result:
reads passed filter: 62054780
reads failed due to low quality: 5160026
reads failed due to too many N: 9440
reads with adapter trimmed: 5665002
bases trimmed due to adapters: 122115926

Duplication rate: 16.7929%

Insert size peak (evaluated by paired-end reads): 187

JSON report: /scratch/USERNAME/Vitis/Shi2024/SRR20664594_fastp.json
HTML report: /scratch/USERNAME/Vitis/Shi2024/SRR20664594_fastp.html

fastp -i /scratch/USERNAME/Vitis/Shi2024/fastq/SRR20664594_1.fastq.gz -I /scratch/USERNAME/Vitis/Shi2024/fastq/SRR20664594_2.fastq.gz -o /scratch/USERNAME/Vitis/Shi2024/SRR20664594_1.q30.fastq.gz -O /scratch/USERNAME/Vitis/Shi2024/SRR20664594_2.q30.fastq.gz --average_qual 30 --disable_length_filtering -w 8 -j /scratch/USERNAME/Vitis/Shi2024/SRR20664594_fastp.json -h /scratch/USERNAME/Vitis/Shi2024/SRR20664594_fastp.html 
fastp v1.0.1, time used: 91 seconds
=== STAR SRR20664594 Sat Aug 15 20:37:52 CEST 2026 ===
Loading bio/STAR/2.7.10b-GCC-11.3.0
  Loading requirement: compiler/GCCcore/11.3.0 lib/zlib/1.2.12-GCCcore-11.3.0
    tools/binutils/2.38-GCCcore-11.3.0 compiler/GCC/11.3.0
    tools/bzip2/1.0.8-GCCcore-11.3.0 tools/XZ/5.2.5-GCCcore-11.3.0
    system/OpenSSL/1.1 tools/cURL/7.83.0-GCCcore-11.3.0
    bio/HTSlib/1.15.1-GCC-11.3.0
	STAR --runThreadN 32 --genomeDir /scratch/USERNAME/Vitis/GGref/STAR_index_PN40024v4_ohd149 --readFilesIn /scratch/USERNAME/Vitis/Shi2024/SRR20664594_1.q30.fastq.gz /scratch/USERNAME/Vitis/Shi2024/SRR20664594_2.q30.fastq.gz --readFilesCommand zcat --outFileNamePrefix /scratch/USERNAME/Vitis/Shi2024/SRR20664594_ --outSAMtype BAM SortedByCoordinate --outBAMsortingBinsN 20 --limitBAMsortRAM 10000000000 --outFilterMultimapNmax 1 --twopassMode Basic
	STAR version: 2.7.10b   compiled: 2024-07-31T14:09:58+02:00 ramses4:/dev/shm/sborowsk/build/STAR/2.7.10b/GCC-11.3.0/STAR-2.7.10b/source
Aug 15 20:37:52 ..... started STAR run
Aug 15 20:37:52 ..... loading genome
Aug 15 20:37:53 ..... started 1st pass mapping
Aug 15 20:40:07 ..... finished 1st pass mapping
Aug 15 20:40:07 ..... inserting junctions into the genome indices
Aug 15 20:40:29 ..... started mapping
Aug 15 20:44:08 ..... finished mapping
Aug 15 20:44:09 ..... started sorting BAM
Aug 15 20:44:33 ..... finished successfully
=== fastp SRR20664600 Sat Aug 15 20:44:33 CEST 2026 ===
Loading bio/fastp/1.0.1-GCC-13.3.0
  Loading requirement: compiler/GCCcore/13.3.0 lib/zlib/1.3.1-GCCcore-13.3.0
    tools/binutils/2.42-GCCcore-13.3.0 compiler/GCC/13.3.0
    system/libdeflate/1.20-GCCcore-13.3.0 lang/NASM/2.16.03-GCCcore-13.3.0
    lib/ISA-L/2.31.0-GCCcore-13.3.0
Read1 before filtering:
total reads: 49110535
total bases: 7366580250
Q20 bases: 7270260273(98.6925%)
Q30 bases: 7093626481(96.2947%)
Q40 bases: 6099917692(82.8053%)

Read2 before filtering:
total reads: 49110535
total bases: 7366580250
Q20 bases: 7068647695(95.9556%)
Q30 bases: 6711120811(91.1023%)
Q40 bases: 5355607677(72.7014%)

Read1 after filtering:
total reads: 45291086
total bases: 6725550492
Q20 bases: 6682876353(99.3655%)
Q30 bases: 6578161534(97.8085%)
Q40 bases: 5775094078(85.868%)

Read2 after filtering:
total reads: 45291086
total bases: 6725550492
Q20 bases: 6610644321(98.2915%)
Q30 bases: 6390355926(95.0161%)
Q40 bases: 5212286210(77.4998%)

Filtering result:
reads passed filter: 90582172
reads failed due to low quality: 7625336
reads failed due to too many N: 13562
reads with adapter trimmed: 6559874
bases trimmed due to adapters: 137754810

Duplication rate: 19.4214%

Insert size peak (evaluated by paired-end reads): 199

JSON report: /scratch/USERNAME/Vitis/Shi2024/SRR20664600_fastp.json
HTML report: /scratch/USERNAME/Vitis/Shi2024/SRR20664600_fastp.html

fastp -i /scratch/USERNAME/Vitis/Shi2024/fastq/SRR20664600_1.fastq.gz -I /scratch/USERNAME/Vitis/Shi2024/fastq/SRR20664600_2.fastq.gz -o /scratch/USERNAME/Vitis/Shi2024/SRR20664600_1.q30.fastq.gz -O /scratch/USERNAME/Vitis/Shi2024/SRR20664600_2.q30.fastq.gz --average_qual 30 --disable_length_filtering -w 8 -j /scratch/USERNAME/Vitis/Shi2024/SRR20664600_fastp.json -h /scratch/USERNAME/Vitis/Shi2024/SRR20664600_fastp.html 
fastp v1.0.1, time used: 135 seconds
=== STAR SRR20664600 Sat Aug 15 20:46:48 CEST 2026 ===
Loading bio/STAR/2.7.10b-GCC-11.3.0
  Loading requirement: compiler/GCCcore/11.3.0 lib/zlib/1.2.12-GCCcore-11.3.0
    tools/binutils/2.38-GCCcore-11.3.0 compiler/GCC/11.3.0
    tools/bzip2/1.0.8-GCCcore-11.3.0 tools/XZ/5.2.5-GCCcore-11.3.0
    system/OpenSSL/1.1 tools/cURL/7.83.0-GCCcore-11.3.0
    bio/HTSlib/1.15.1-GCC-11.3.0
	STAR --runThreadN 32 --genomeDir /scratch/USERNAME/Vitis/GGref/STAR_index_PN40024v4_ohd149 --readFilesIn /scratch/USERNAME/Vitis/Shi2024/SRR20664600_1.q30.fastq.gz /scratch/USERNAME/Vitis/Shi2024/SRR20664600_2.q30.fastq.gz --readFilesCommand zcat --outFileNamePrefix /scratch/USERNAME/Vitis/Shi2024/SRR20664600_ --outSAMtype BAM SortedByCoordinate --outBAMsortingBinsN 20 --limitBAMsortRAM 10000000000 --outFilterMultimapNmax 1 --twopassMode Basic
	STAR version: 2.7.10b   compiled: 2024-07-31T14:09:58+02:00 ramses4:/dev/shm/sborowsk/build/STAR/2.7.10b/GCC-11.3.0/STAR-2.7.10b/source
Aug 15 20:46:48 ..... started STAR run
Aug 15 20:46:48 ..... loading genome
Aug 15 20:46:49 ..... started 1st pass mapping
Aug 15 20:49:58 ..... finished 1st pass mapping
Aug 15 20:49:58 ..... inserting junctions into the genome indices
Aug 15 20:50:21 ..... started mapping
Aug 15 20:53:45 ..... finished mapping
Aug 15 20:53:46 ..... started sorting BAM
Aug 15 20:54:22 ..... finished successfully
=== fastp SRR20664602 Sat Aug 15 20:54:22 CEST 2026 ===
Loading bio/fastp/1.0.1-GCC-13.3.0
  Loading requirement: compiler/GCCcore/13.3.0 lib/zlib/1.3.1-GCCcore-13.3.0
    tools/binutils/2.42-GCCcore-13.3.0 compiler/GCC/13.3.0
    system/libdeflate/1.20-GCCcore-13.3.0 lang/NASM/2.16.03-GCCcore-13.3.0
    lib/ISA-L/2.31.0-GCCcore-13.3.0
Read1 before filtering:
total reads: 41270901
total bases: 6190635150
Q20 bases: 6077794870(98.1772%)
Q30 bases: 5900484330(95.3131%)
Q40 bases: 4966803851(80.2309%)

Read2 before filtering:
total reads: 41270901
total bases: 6190635150
Q20 bases: 5915360046(95.5534%)
Q30 bases: 5547961719(89.6186%)
Q40 bases: 4235175262(68.4126%)

Read1 after filtering:
total reads: 37726082
total bases: 5605315048
Q20 bases: 5557186243(99.1414%)
Q30 bases: 5448612126(97.2044%)
Q40 bases: 4678456109(83.4646%)

Read2 after filtering:
total reads: 37726082
total bases: 5605315048
Q20 bases: 5493860332(98.0116%)
Q30 bases: 5251379171(93.6857%)
Q40 bases: 4097178174(73.0945%)

Filtering result:
reads passed filter: 75452164
reads failed due to low quality: 7082418
reads failed due to too many N: 7220
reads with adapter trimmed: 4359714
bases trimmed due to adapters: 108486222

Duplication rate: 32.8293%

Insert size peak (evaluated by paired-end reads): 249

JSON report: /scratch/USERNAME/Vitis/Shi2024/SRR20664602_fastp.json
HTML report: /scratch/USERNAME/Vitis/Shi2024/SRR20664602_fastp.html

fastp -i /scratch/USERNAME/Vitis/Shi2024/fastq/SRR20664602_1.fastq.gz -I /scratch/USERNAME/Vitis/Shi2024/fastq/SRR20664602_2.fastq.gz -o /scratch/USERNAME/Vitis/Shi2024/SRR20664602_1.q30.fastq.gz -O /scratch/USERNAME/Vitis/Shi2024/SRR20664602_2.q30.fastq.gz --average_qual 30 --disable_length_filtering -w 8 -j /scratch/USERNAME/Vitis/Shi2024/SRR20664602_fastp.json -h /scratch/USERNAME/Vitis/Shi2024/SRR20664602_fastp.html 
fastp v1.0.1, time used: 116 seconds
=== STAR SRR20664602 Sat Aug 15 20:56:18 CEST 2026 ===
Loading bio/STAR/2.7.10b-GCC-11.3.0
  Loading requirement: compiler/GCCcore/11.3.0 lib/zlib/1.2.12-GCCcore-11.3.0
    tools/binutils/2.38-GCCcore-11.3.0 compiler/GCC/11.3.0
    tools/bzip2/1.0.8-GCCcore-11.3.0 tools/XZ/5.2.5-GCCcore-11.3.0
    system/OpenSSL/1.1 tools/cURL/7.83.0-GCCcore-11.3.0
    bio/HTSlib/1.15.1-GCC-11.3.0
	STAR --runThreadN 32 --genomeDir /scratch/USERNAME/Vitis/GGref/STAR_index_PN40024v4_ohd149 --readFilesIn /scratch/USERNAME/Vitis/Shi2024/SRR20664602_1.q30.fastq.gz /scratch/USERNAME/Vitis/Shi2024/SRR20664602_2.q30.fastq.gz --readFilesCommand zcat --outFileNamePrefix /scratch/USERNAME/Vitis/Shi2024/SRR20664602_ --outSAMtype BAM SortedByCoordinate --outBAMsortingBinsN 20 --limitBAMsortRAM 10000000000 --outFilterMultimapNmax 1 --twopassMode Basic
	STAR version: 2.7.10b   compiled: 2024-07-31T14:09:58+02:00 ramses4:/dev/shm/sborowsk/build/STAR/2.7.10b/GCC-11.3.0/STAR-2.7.10b/source
Aug 15 20:56:18 ..... started STAR run
Aug 15 20:56:18 ..... loading genome
Aug 15 20:56:19 ..... started 1st pass mapping
Aug 15 20:58:45 ..... finished 1st pass mapping
Aug 15 20:58:45 ..... inserting junctions into the genome indices
Aug 15 20:59:05 ..... started mapping
Aug 15 21:01:46 ..... finished mapping
Aug 15 21:01:47 ..... started sorting BAM
Aug 15 21:02:16 ..... finished successfully
=== fastp SRR20664604 Sat Aug 15 21:02:17 CEST 2026 ===
Loading bio/fastp/1.0.1-GCC-13.3.0
  Loading requirement: compiler/GCCcore/13.3.0 lib/zlib/1.3.1-GCCcore-13.3.0
    tools/binutils/2.42-GCCcore-13.3.0 compiler/GCC/13.3.0
    system/libdeflate/1.20-GCCcore-13.3.0 lang/NASM/2.16.03-GCCcore-13.3.0
    lib/ISA-L/2.31.0-GCCcore-13.3.0
Read1 before filtering:
total reads: 43533237
total bases: 6529985550
Q20 bases: 6425653801(98.4023%)
Q30 bases: 6250024114(95.7127%)
Q40 bases: 5290685112(81.0214%)

Read2 before filtering:
total reads: 43533237
total bases: 6529985550
Q20 bases: 6264354984(95.9321%)
Q30 bases: 5887663806(90.1635%)
Q40 bases: 4489939352(68.7588%)

Read1 after filtering:
total reads: 40243154
total bases: 5966915790
Q20 bases: 5918545615(99.1894%)
Q30 bases: 5808255604(97.341%)
Q40 bases: 5008635136(83.9401%)

Read2 after filtering:
total reads: 40243154
total bases: 5966915790
Q20 bases: 5849072812(98.0251%)
Q30 bases: 5590744472(93.6957%)
Q40 bases: 4350224410(72.9057%)

Filtering result:
reads passed filter: 80486308
reads failed due to low quality: 6572248
reads failed due to too many N: 7918
reads with adapter trimmed: 5366988
bases trimmed due to adapters: 140528110

Duplication rate: 25.9566%

Insert size peak (evaluated by paired-end reads): 216

JSON report: /scratch/USERNAME/Vitis/Shi2024/SRR20664604_fastp.json
HTML report: /scratch/USERNAME/Vitis/Shi2024/SRR20664604_fastp.html

fastp -i /scratch/USERNAME/Vitis/Shi2024/fastq/SRR20664604_1.fastq.gz -I /scratch/USERNAME/Vitis/Shi2024/fastq/SRR20664604_2.fastq.gz -o /scratch/USERNAME/Vitis/Shi2024/SRR20664604_1.q30.fastq.gz -O /scratch/USERNAME/Vitis/Shi2024/SRR20664604_2.q30.fastq.gz --average_qual 30 --disable_length_filtering -w 8 -j /scratch/USERNAME/Vitis/Shi2024/SRR20664604_fastp.json -h /scratch/USERNAME/Vitis/Shi2024/SRR20664604_fastp.html 
fastp v1.0.1, time used: 124 seconds
=== STAR SRR20664604 Sat Aug 15 21:04:21 CEST 2026 ===
Loading bio/STAR/2.7.10b-GCC-11.3.0
  Loading requirement: compiler/GCCcore/11.3.0 lib/zlib/1.2.12-GCCcore-11.3.0
    tools/binutils/2.38-GCCcore-11.3.0 compiler/GCC/11.3.0
    tools/bzip2/1.0.8-GCCcore-11.3.0 tools/XZ/5.2.5-GCCcore-11.3.0
    system/OpenSSL/1.1 tools/cURL/7.83.0-GCCcore-11.3.0
    bio/HTSlib/1.15.1-GCC-11.3.0
	STAR --runThreadN 32 --genomeDir /scratch/USERNAME/Vitis/GGref/STAR_index_PN40024v4_ohd149 --readFilesIn /scratch/USERNAME/Vitis/Shi2024/SRR20664604_1.q30.fastq.gz /scratch/USERNAME/Vitis/Shi2024/SRR20664604_2.q30.fastq.gz --readFilesCommand zcat --outFileNamePrefix /scratch/USERNAME/Vitis/Shi2024/SRR20664604_ --outSAMtype BAM SortedByCoordinate --outBAMsortingBinsN 20 --limitBAMsortRAM 10000000000 --outFilterMultimapNmax 1 --twopassMode Basic
	STAR version: 2.7.10b   compiled: 2024-07-31T14:09:58+02:00 ramses4:/dev/shm/sborowsk/build/STAR/2.7.10b/GCC-11.3.0/STAR-2.7.10b/source
Aug 15 21:04:21 ..... started STAR run
Aug 15 21:04:21 ..... loading genome
Aug 15 21:04:22 ..... started 1st pass mapping
Aug 15 21:06:57 ..... finished 1st pass mapping
Aug 15 21:06:57 ..... inserting junctions into the genome indices
Aug 15 21:07:21 ..... started mapping
Aug 15 21:10:11 ..... finished mapping
Aug 15 21:10:12 ..... started sorting BAM
Aug 15 21:10:45 ..... finished successfully
=== fastp SRR20664574 Sat Aug 15 21:10:45 CEST 2026 ===
Loading bio/fastp/1.0.1-GCC-13.3.0
  Loading requirement: compiler/GCCcore/13.3.0 lib/zlib/1.3.1-GCCcore-13.3.0
    tools/binutils/2.42-GCCcore-13.3.0 compiler/GCC/13.3.0
    system/libdeflate/1.20-GCCcore-13.3.0 lang/NASM/2.16.03-GCCcore-13.3.0
    lib/ISA-L/2.31.0-GCCcore-13.3.0
Read1 before filtering:
total reads: 48575114
total bases: 7286267100
Q20 bases: 7140755563(98.0029%)
Q30 bases: 6928440284(95.089%)
Q40 bases: 5835503829(80.0891%)

Read2 before filtering:
total reads: 48575114
total bases: 7286267100
Q20 bases: 6941683318(95.2708%)
Q30 bases: 6498494364(89.1883%)
Q40 bases: 4950661630(67.9451%)

Read1 after filtering:
total reads: 44107264
total bases: 6512145423
Q20 bases: 6456890979(99.1515%)
Q30 bases: 6331591094(97.2274%)
Q40 bases: 5441680044(83.562%)

Read2 after filtering:
total reads: 44107264
total bases: 6512145423
Q20 bases: 6379538982(97.9637%)
Q30 bases: 6092976320(93.5633%)
Q40 bases: 4742863956(72.8311%)

Filtering result:
reads passed filter: 88214528
reads failed due to low quality: 8927638
reads failed due to too many N: 8062
reads with adapter trimmed: 6753130
bases trimmed due to adapters: 209861414

Duplication rate: 34.9078%

Insert size peak (evaluated by paired-end reads): 216

JSON report: /scratch/USERNAME/Vitis/Shi2024/SRR20664574_fastp.json
HTML report: /scratch/USERNAME/Vitis/Shi2024/SRR20664574_fastp.html

fastp -i /scratch/USERNAME/Vitis/Shi2024/fastq/SRR20664574_1.fastq.gz -I /scratch/USERNAME/Vitis/Shi2024/fastq/SRR20664574_2.fastq.gz -o /scratch/USERNAME/Vitis/Shi2024/SRR20664574_1.q30.fastq.gz -O /scratch/USERNAME/Vitis/Shi2024/SRR20664574_2.q30.fastq.gz --average_qual 30 --disable_length_filtering -w 8 -j /scratch/USERNAME/Vitis/Shi2024/SRR20664574_fastp.json -h /scratch/USERNAME/Vitis/Shi2024/SRR20664574_fastp.html 
fastp v1.0.1, time used: 131 seconds
=== STAR SRR20664574 Sat Aug 15 21:12:56 CEST 2026 ===
Loading bio/STAR/2.7.10b-GCC-11.3.0
  Loading requirement: compiler/GCCcore/11.3.0 lib/zlib/1.2.12-GCCcore-11.3.0
    tools/binutils/2.38-GCCcore-11.3.0 compiler/GCC/11.3.0
    tools/bzip2/1.0.8-GCCcore-11.3.0 tools/XZ/5.2.5-GCCcore-11.3.0
    system/OpenSSL/1.1 tools/cURL/7.83.0-GCCcore-11.3.0
    bio/HTSlib/1.15.1-GCC-11.3.0
	STAR --runThreadN 32 --genomeDir /scratch/USERNAME/Vitis/GGref/STAR_index_PN40024v4_ohd149 --readFilesIn /scratch/USERNAME/Vitis/Shi2024/SRR20664574_1.q30.fastq.gz /scratch/USERNAME/Vitis/Shi2024/SRR20664574_2.q30.fastq.gz --readFilesCommand zcat --outFileNamePrefix /scratch/USERNAME/Vitis/Shi2024/SRR20664574_ --outSAMtype BAM SortedByCoordinate --outBAMsortingBinsN 20 --limitBAMsortRAM 10000000000 --outFilterMultimapNmax 1 --twopassMode Basic
	STAR version: 2.7.10b   compiled: 2024-07-31T14:09:58+02:00 ramses4:/dev/shm/sborowsk/build/STAR/2.7.10b/GCC-11.3.0/STAR-2.7.10b/source
Aug 15 21:12:57 ..... started STAR run
Aug 15 21:12:57 ..... loading genome
Aug 15 21:12:58 ..... started 1st pass mapping
Aug 15 21:15:42 ..... finished 1st pass mapping
Aug 15 21:15:43 ..... inserting junctions into the genome indices
Aug 15 21:16:05 ..... started mapping
Aug 15 21:19:00 ..... finished mapping
Aug 15 21:19:01 ..... started sorting BAM
Aug 15 21:19:35 ..... finished successfully
=== fastp SRR20664580 Sat Aug 15 21:19:36 CEST 2026 ===
Loading bio/fastp/1.0.1-GCC-13.3.0
  Loading requirement: compiler/GCCcore/13.3.0 lib/zlib/1.3.1-GCCcore-13.3.0
    tools/binutils/2.42-GCCcore-13.3.0 compiler/GCC/13.3.0
    system/libdeflate/1.20-GCCcore-13.3.0 lang/NASM/2.16.03-GCCcore-13.3.0
    lib/ISA-L/2.31.0-GCCcore-13.3.0
Read1 before filtering:
total reads: 27932074
total bases: 4189811100
Q20 bases: 4128064774(98.5263%)
Q30 bases: 4020138190(95.9503%)
Q40 bases: 3433822890(81.9565%)

Read2 before filtering:
total reads: 27932074
total bases: 4189811100
Q20 bases: 4002302303(95.5246%)
Q30 bases: 3788445508(90.4204%)
Q40 bases: 3011480970(71.8763%)

Read1 after filtering:
total reads: 25537422
total bases: 3780794593
Q20 bases: 3754299522(99.2992%)
Q30 bases: 3690993964(97.6248%)
Q40 bases: 3221139316(85.1974%)

Read2 after filtering:
total reads: 25537422
total bases: 3780794593
Q20 bases: 3709804671(98.1224%)
Q30 bases: 3581037619(94.7165%)
Q40 bases: 2914730727(77.0931%)

Filtering result:
reads passed filter: 51074844
reads failed due to low quality: 4781636
reads failed due to too many N: 7668
reads with adapter trimmed: 4424996
bases trimmed due to adapters: 101242152

Duplication rate: 14.12%

Insert size peak (evaluated by paired-end reads): 187

JSON report: /scratch/USERNAME/Vitis/Shi2024/SRR20664580_fastp.json
HTML report: /scratch/USERNAME/Vitis/Shi2024/SRR20664580_fastp.html

fastp -i /scratch/USERNAME/Vitis/Shi2024/fastq/SRR20664580_1.fastq.gz -I /scratch/USERNAME/Vitis/Shi2024/fastq/SRR20664580_2.fastq.gz -o /scratch/USERNAME/Vitis/Shi2024/SRR20664580_1.q30.fastq.gz -O /scratch/USERNAME/Vitis/Shi2024/SRR20664580_2.q30.fastq.gz --average_qual 30 --disable_length_filtering -w 8 -j /scratch/USERNAME/Vitis/Shi2024/SRR20664580_fastp.json -h /scratch/USERNAME/Vitis/Shi2024/SRR20664580_fastp.html 
fastp v1.0.1, time used: 76 seconds
=== STAR SRR20664580 Sat Aug 15 21:20:52 CEST 2026 ===
Loading bio/STAR/2.7.10b-GCC-11.3.0
  Loading requirement: compiler/GCCcore/11.3.0 lib/zlib/1.2.12-GCCcore-11.3.0
    tools/binutils/2.38-GCCcore-11.3.0 compiler/GCC/11.3.0
    tools/bzip2/1.0.8-GCCcore-11.3.0 tools/XZ/5.2.5-GCCcore-11.3.0
    system/OpenSSL/1.1 tools/cURL/7.83.0-GCCcore-11.3.0
    bio/HTSlib/1.15.1-GCC-11.3.0
	STAR --runThreadN 32 --genomeDir /scratch/USERNAME/Vitis/GGref/STAR_index_PN40024v4_ohd149 --readFilesIn /scratch/USERNAME/Vitis/Shi2024/SRR20664580_1.q30.fastq.gz /scratch/USERNAME/Vitis/Shi2024/SRR20664580_2.q30.fastq.gz --readFilesCommand zcat --outFileNamePrefix /scratch/USERNAME/Vitis/Shi2024/SRR20664580_ --outSAMtype BAM SortedByCoordinate --outBAMsortingBinsN 20 --limitBAMsortRAM 10000000000 --outFilterMultimapNmax 1 --twopassMode Basic
	STAR version: 2.7.10b   compiled: 2024-07-31T14:09:58+02:00 ramses4:/dev/shm/sborowsk/build/STAR/2.7.10b/GCC-11.3.0/STAR-2.7.10b/source
Aug 15 21:20:53 ..... started STAR run
Aug 15 21:20:53 ..... loading genome
Aug 15 21:20:54 ..... started 1st pass mapping
Aug 15 21:22:56 ..... finished 1st pass mapping
Aug 15 21:22:57 ..... inserting junctions into the genome indices
Aug 15 21:23:24 ..... started mapping
Aug 15 21:28:32 ..... finished mapping
Aug 15 21:28:33 ..... started sorting BAM
Aug 15 21:28:53 ..... finished successfully
=== fastp SRR20664581 Sat Aug 15 21:28:53 CEST 2026 ===
Loading bio/fastp/1.0.1-GCC-13.3.0
  Loading requirement: compiler/GCCcore/13.3.0 lib/zlib/1.3.1-GCCcore-13.3.0
    tools/binutils/2.42-GCCcore-13.3.0 compiler/GCC/13.3.0
    system/libdeflate/1.20-GCCcore-13.3.0 lang/NASM/2.16.03-GCCcore-13.3.0
    lib/ISA-L/2.31.0-GCCcore-13.3.0
Read1 before filtering:
total reads: 29379364
total bases: 4406904600
Q20 bases: 4344150224(98.576%)
Q30 bases: 4231983291(96.0307%)
Q40 bases: 3621597216(82.1801%)

Read2 before filtering:
total reads: 29379364
total bases: 4406904600
Q20 bases: 4228836175(95.9593%)
Q30 bases: 4022343837(91.2737%)
Q40 bases: 3248588937(73.7159%)

Read1 after filtering:
total reads: 27105184
total bases: 4011645674
Q20 bases: 3983235321(99.2918%)
Q30 bases: 3915294987(97.5982%)
Q40 bases: 3418205458(85.2071%)

Read2 after filtering:
total reads: 27105184
total bases: 4011645674
Q20 bases: 3943465322(98.3004%)
Q30 bases: 3818296148(95.1803%)
Q40 bases: 3151184269(78.5509%)

Filtering result:
reads passed filter: 54210368
reads failed due to low quality: 4540120
reads failed due to too many N: 8240
reads with adapter trimmed: 5029726
bases trimmed due to adapters: 109959948

Duplication rate: 20.1902%

Insert size peak (evaluated by paired-end reads): 186

JSON report: /scratch/USERNAME/Vitis/Shi2024/SRR20664581_fastp.json
HTML report: /scratch/USERNAME/Vitis/Shi2024/SRR20664581_fastp.html

fastp -i /scratch/USERNAME/Vitis/Shi2024/fastq/SRR20664581_1.fastq.gz -I /scratch/USERNAME/Vitis/Shi2024/fastq/SRR20664581_2.fastq.gz -o /scratch/USERNAME/Vitis/Shi2024/SRR20664581_1.q30.fastq.gz -O /scratch/USERNAME/Vitis/Shi2024/SRR20664581_2.q30.fastq.gz --average_qual 30 --disable_length_filtering -w 8 -j /scratch/USERNAME/Vitis/Shi2024/SRR20664581_fastp.json -h /scratch/USERNAME/Vitis/Shi2024/SRR20664581_fastp.html 
fastp v1.0.1, time used: 79 seconds
=== STAR SRR20664581 Sat Aug 15 21:30:13 CEST 2026 ===
Loading bio/STAR/2.7.10b-GCC-11.3.0
  Loading requirement: compiler/GCCcore/11.3.0 lib/zlib/1.2.12-GCCcore-11.3.0
    tools/binutils/2.38-GCCcore-11.3.0 compiler/GCC/11.3.0
    tools/bzip2/1.0.8-GCCcore-11.3.0 tools/XZ/5.2.5-GCCcore-11.3.0
    system/OpenSSL/1.1 tools/cURL/7.83.0-GCCcore-11.3.0
    bio/HTSlib/1.15.1-GCC-11.3.0
	STAR --runThreadN 32 --genomeDir /scratch/USERNAME/Vitis/GGref/STAR_index_PN40024v4_ohd149 --readFilesIn /scratch/USERNAME/Vitis/Shi2024/SRR20664581_1.q30.fastq.gz /scratch/USERNAME/Vitis/Shi2024/SRR20664581_2.q30.fastq.gz --readFilesCommand zcat --outFileNamePrefix /scratch/USERNAME/Vitis/Shi2024/SRR20664581_ --outSAMtype BAM SortedByCoordinate --outBAMsortingBinsN 20 --limitBAMsortRAM 10000000000 --outFilterMultimapNmax 1 --twopassMode Basic
	STAR version: 2.7.10b   compiled: 2024-07-31T14:09:58+02:00 ramses4:/dev/shm/sborowsk/build/STAR/2.7.10b/GCC-11.3.0/STAR-2.7.10b/source
Aug 15 21:30:13 ..... started STAR run
Aug 15 21:30:13 ..... loading genome
Aug 15 21:30:14 ..... started 1st pass mapping
Aug 15 21:32:39 ..... finished 1st pass mapping
Aug 15 21:32:39 ..... inserting junctions into the genome indices
Aug 15 21:33:03 ..... started mapping
Aug 15 21:38:51 ..... finished mapping
Aug 15 21:38:52 ..... started sorting BAM
Aug 15 21:39:13 ..... finished successfully
=== fastp SRR20664582 Sat Aug 15 21:39:13 CEST 2026 ===
Loading bio/fastp/1.0.1-GCC-13.3.0
  Loading requirement: compiler/GCCcore/13.3.0 lib/zlib/1.3.1-GCCcore-13.3.0
    tools/binutils/2.42-GCCcore-13.3.0 compiler/GCC/13.3.0
    system/libdeflate/1.20-GCCcore-13.3.0 lang/NASM/2.16.03-GCCcore-13.3.0
    lib/ISA-L/2.31.0-GCCcore-13.3.0
Read1 before filtering:
total reads: 45641410
total bases: 6846211500
Q20 bases: 6721014495(98.1713%)
Q30 bases: 6519985343(95.2349%)
Q40 bases: 5464081721(79.8118%)

Read2 before filtering:
total reads: 45641410
total bases: 6846211500
Q20 bases: 6526205824(95.3258%)
Q30 bases: 6102706770(89.1399%)
Q40 bases: 4607522461(67.3003%)

Read1 after filtering:
total reads: 41563909
total bases: 6164119589
Q20 bases: 6109017849(99.1061%)
Q30 bases: 5985561707(97.1033%)
Q40 bases: 5122840434(83.1074%)

Read2 after filtering:
total reads: 41563909
total bases: 6164119589
Q20 bases: 6035680986(97.9164%)
Q30 bases: 5757356823(93.4011%)
Q40 bases: 4448087472(72.161%)

Filtering result:
reads passed filter: 83127818
reads failed due to low quality: 8147562
reads failed due to too many N: 7440
reads with adapter trimmed: 5033396
bases trimmed due to adapters: 142477126

Duplication rate: 26.8775%

Insert size peak (evaluated by paired-end reads): 249

JSON report: /scratch/USERNAME/Vitis/Shi2024/SRR20664582_fastp.json
HTML report: /scratch/USERNAME/Vitis/Shi2024/SRR20664582_fastp.html

fastp -i /scratch/USERNAME/Vitis/Shi2024/fastq/SRR20664582_1.fastq.gz -I /scratch/USERNAME/Vitis/Shi2024/fastq/SRR20664582_2.fastq.gz -o /scratch/USERNAME/Vitis/Shi2024/SRR20664582_1.q30.fastq.gz -O /scratch/USERNAME/Vitis/Shi2024/SRR20664582_2.q30.fastq.gz --average_qual 30 --disable_length_filtering -w 8 -j /scratch/USERNAME/Vitis/Shi2024/SRR20664582_fastp.json -h /scratch/USERNAME/Vitis/Shi2024/SRR20664582_fastp.html 
fastp v1.0.1, time used: 128 seconds
=== STAR SRR20664582 Sat Aug 15 21:41:21 CEST 2026 ===
Loading bio/STAR/2.7.10b-GCC-11.3.0
  Loading requirement: compiler/GCCcore/11.3.0 lib/zlib/1.2.12-GCCcore-11.3.0
    tools/binutils/2.38-GCCcore-11.3.0 compiler/GCC/11.3.0
    tools/bzip2/1.0.8-GCCcore-11.3.0 tools/XZ/5.2.5-GCCcore-11.3.0
    system/OpenSSL/1.1 tools/cURL/7.83.0-GCCcore-11.3.0
    bio/HTSlib/1.15.1-GCC-11.3.0
	STAR --runThreadN 32 --genomeDir /scratch/USERNAME/Vitis/GGref/STAR_index_PN40024v4_ohd149 --readFilesIn /scratch/USERNAME/Vitis/Shi2024/SRR20664582_1.q30.fastq.gz /scratch/USERNAME/Vitis/Shi2024/SRR20664582_2.q30.fastq.gz --readFilesCommand zcat --outFileNamePrefix /scratch/USERNAME/Vitis/Shi2024/SRR20664582_ --outSAMtype BAM SortedByCoordinate --outBAMsortingBinsN 20 --limitBAMsortRAM 10000000000 --outFilterMultimapNmax 1 --twopassMode Basic
	STAR version: 2.7.10b   compiled: 2024-07-31T14:09:58+02:00 ramses4:/dev/shm/sborowsk/build/STAR/2.7.10b/GCC-11.3.0/STAR-2.7.10b/source
Aug 15 21:41:21 ..... started STAR run
Aug 15 21:41:21 ..... loading genome
Aug 15 21:41:22 ..... started 1st pass mapping
Aug 15 21:44:13 ..... finished 1st pass mapping
Aug 15 21:44:13 ..... inserting junctions into the genome indices
Aug 15 21:44:38 ..... started mapping
Aug 15 21:47:42 ..... finished mapping
Aug 15 21:47:43 ..... started sorting BAM
Aug 15 21:48:17 ..... finished successfully
=== fastp SRR20664583 Sat Aug 15 21:48:17 CEST 2026 ===
Loading bio/fastp/1.0.1-GCC-13.3.0
  Loading requirement: compiler/GCCcore/13.3.0 lib/zlib/1.3.1-GCCcore-13.3.0
    tools/binutils/2.42-GCCcore-13.3.0 compiler/GCC/13.3.0
    system/libdeflate/1.20-GCCcore-13.3.0 lang/NASM/2.16.03-GCCcore-13.3.0
    lib/ISA-L/2.31.0-GCCcore-13.3.0
Read1 before filtering:
total reads: 33035742
total bases: 4955361300
Q20 bases: 4828851417(97.447%)
Q30 bases: 4598782699(92.8042%)
Q40 bases: 3597064170(72.5893%)

Read2 before filtering:
total reads: 33035742
total bases: 4955361300
Q20 bases: 4669596599(94.2332%)
Q30 bases: 4358907043(87.9635%)
Q40 bases: 3374605050(68.1001%)

Read1 after filtering:
total reads: 29068006
total bases: 4289286821
Q20 bases: 4235225407(98.7396%)
Q30 bases: 4095031546(95.4712%)
Q40 bases: 3301229874(76.9645%)

Read2 after filtering:
total reads: 29068006
total bases: 4289286821
Q20 bases: 4201611393(97.9559%)
Q30 bases: 4038591551(94.1553%)
Q40 bases: 3239031439(75.5145%)

Filtering result:
reads passed filter: 58136012
reads failed due to low quality: 7926136
reads failed due to too many N: 9336
reads with adapter trimmed: 6827352
bases trimmed due to adapters: 146239278

Duplication rate: 16.9441%

Insert size peak (evaluated by paired-end reads): 186

JSON report: /scratch/USERNAME/Vitis/Shi2024/SRR20664583_fastp.json
HTML report: /scratch/USERNAME/Vitis/Shi2024/SRR20664583_fastp.html

fastp -i /scratch/USERNAME/Vitis/Shi2024/fastq/SRR20664583_1.fastq.gz -I /scratch/USERNAME/Vitis/Shi2024/fastq/SRR20664583_2.fastq.gz -o /scratch/USERNAME/Vitis/Shi2024/SRR20664583_1.q30.fastq.gz -O /scratch/USERNAME/Vitis/Shi2024/SRR20664583_2.q30.fastq.gz --average_qual 30 --disable_length_filtering -w 8 -j /scratch/USERNAME/Vitis/Shi2024/SRR20664583_fastp.json -h /scratch/USERNAME/Vitis/Shi2024/SRR20664583_fastp.html 
fastp v1.0.1, time used: 88 seconds
=== STAR SRR20664583 Sat Aug 15 21:49:45 CEST 2026 ===
Loading bio/STAR/2.7.10b-GCC-11.3.0
  Loading requirement: compiler/GCCcore/11.3.0 lib/zlib/1.2.12-GCCcore-11.3.0
    tools/binutils/2.38-GCCcore-11.3.0 compiler/GCC/11.3.0
    tools/bzip2/1.0.8-GCCcore-11.3.0 tools/XZ/5.2.5-GCCcore-11.3.0
    system/OpenSSL/1.1 tools/cURL/7.83.0-GCCcore-11.3.0
    bio/HTSlib/1.15.1-GCC-11.3.0
	STAR --runThreadN 32 --genomeDir /scratch/USERNAME/Vitis/GGref/STAR_index_PN40024v4_ohd149 --readFilesIn /scratch/USERNAME/Vitis/Shi2024/SRR20664583_1.q30.fastq.gz /scratch/USERNAME/Vitis/Shi2024/SRR20664583_2.q30.fastq.gz --readFilesCommand zcat --outFileNamePrefix /scratch/USERNAME/Vitis/Shi2024/SRR20664583_ --outSAMtype BAM SortedByCoordinate --outBAMsortingBinsN 20 --limitBAMsortRAM 10000000000 --outFilterMultimapNmax 1 --twopassMode Basic
	STAR version: 2.7.10b   compiled: 2024-07-31T14:09:58+02:00 ramses4:/dev/shm/sborowsk/build/STAR/2.7.10b/GCC-11.3.0/STAR-2.7.10b/source
Aug 15 21:49:46 ..... started STAR run
Aug 15 21:49:46 ..... loading genome
Aug 15 21:49:47 ..... started 1st pass mapping
Aug 15 21:51:57 ..... finished 1st pass mapping
Aug 15 21:51:57 ..... inserting junctions into the genome indices
Aug 15 21:52:24 ..... started mapping
Aug 15 21:56:53 ..... finished mapping
Aug 15 21:56:54 ..... started sorting BAM
Aug 15 21:57:18 ..... finished successfully
=== fastp SRR20664584 Sat Aug 15 21:57:18 CEST 2026 ===
Loading bio/fastp/1.0.1-GCC-13.3.0
  Loading requirement: compiler/GCCcore/13.3.0 lib/zlib/1.3.1-GCCcore-13.3.0
    tools/binutils/2.42-GCCcore-13.3.0 compiler/GCC/13.3.0
    system/libdeflate/1.20-GCCcore-13.3.0 lang/NASM/2.16.03-GCCcore-13.3.0
    lib/ISA-L/2.31.0-GCCcore-13.3.0
Read1 before filtering:
total reads: 43928122
total bases: 6589218300
Q20 bases: 6495987248(98.5851%)
Q30 bases: 6330964457(96.0807%)
Q40 bases: 5416291649(82.1993%)

Read2 before filtering:
total reads: 43928122
total bases: 6589218300
Q20 bases: 6250213635(94.8552%)
Q30 bases: 5878518344(89.2142%)
Q40 bases: 4619645229(70.1092%)

Read1 after filtering:
total reads: 39499885
total bases: 5846008388
Q20 bases: 5808511615(99.3586%)
Q30 bases: 5717608953(97.8036%)
Q40 bases: 5012059515(85.7347%)

Read2 after filtering:
total reads: 39499885
total bases: 5846008388
Q20 bases: 5733501322(98.0755%)
Q30 bases: 5525387321(94.5156%)
Q40 bases: 4465875236(76.3919%)

Filtering result:
reads passed filter: 78999770
reads failed due to low quality: 8842060
reads failed due to too many N: 14414
reads with adapter trimmed: 6930298
bases trimmed due to adapters: 161048790

Duplication rate: 17.3826%

Insert size peak (evaluated by paired-end reads): 199

JSON report: /scratch/USERNAME/Vitis/Shi2024/SRR20664584_fastp.json
HTML report: /scratch/USERNAME/Vitis/Shi2024/SRR20664584_fastp.html

fastp -i /scratch/USERNAME/Vitis/Shi2024/fastq/SRR20664584_1.fastq.gz -I /scratch/USERNAME/Vitis/Shi2024/fastq/SRR20664584_2.fastq.gz -o /scratch/USERNAME/Vitis/Shi2024/SRR20664584_1.q30.fastq.gz -O /scratch/USERNAME/Vitis/Shi2024/SRR20664584_2.q30.fastq.gz --average_qual 30 --disable_length_filtering -w 8 -j /scratch/USERNAME/Vitis/Shi2024/SRR20664584_fastp.json -h /scratch/USERNAME/Vitis/Shi2024/SRR20664584_fastp.html 
fastp v1.0.1, time used: 118 seconds
=== STAR SRR20664584 Sat Aug 15 21:59:17 CEST 2026 ===
Loading bio/STAR/2.7.10b-GCC-11.3.0
  Loading requirement: compiler/GCCcore/11.3.0 lib/zlib/1.2.12-GCCcore-11.3.0
    tools/binutils/2.38-GCCcore-11.3.0 compiler/GCC/11.3.0
    tools/bzip2/1.0.8-GCCcore-11.3.0 tools/XZ/5.2.5-GCCcore-11.3.0
    system/OpenSSL/1.1 tools/cURL/7.83.0-GCCcore-11.3.0
    bio/HTSlib/1.15.1-GCC-11.3.0
	STAR --runThreadN 32 --genomeDir /scratch/USERNAME/Vitis/GGref/STAR_index_PN40024v4_ohd149 --readFilesIn /scratch/USERNAME/Vitis/Shi2024/SRR20664584_1.q30.fastq.gz /scratch/USERNAME/Vitis/Shi2024/SRR20664584_2.q30.fastq.gz --readFilesCommand zcat --outFileNamePrefix /scratch/USERNAME/Vitis/Shi2024/SRR20664584_ --outSAMtype BAM SortedByCoordinate --outBAMsortingBinsN 20 --limitBAMsortRAM 10000000000 --outFilterMultimapNmax 1 --twopassMode Basic
	STAR version: 2.7.10b   compiled: 2024-07-31T14:09:58+02:00 ramses4:/dev/shm/sborowsk/build/STAR/2.7.10b/GCC-11.3.0/STAR-2.7.10b/source
Aug 15 21:59:17 ..... started STAR run
Aug 15 21:59:17 ..... loading genome
Aug 15 21:59:18 ..... started 1st pass mapping
Aug 15 22:02:04 ..... finished 1st pass mapping
Aug 15 22:02:04 ..... inserting junctions into the genome indices
Aug 15 22:02:39 ..... started mapping
Aug 15 22:08:26 ..... finished mapping
Aug 15 22:08:27 ..... started sorting BAM
Aug 15 22:08:58 ..... finished successfully
=== fastp SRR20664585 Sat Aug 15 22:08:58 CEST 2026 ===
Loading bio/fastp/1.0.1-GCC-13.3.0
  Loading requirement: compiler/GCCcore/13.3.0 lib/zlib/1.3.1-GCCcore-13.3.0
    tools/binutils/2.42-GCCcore-13.3.0 compiler/GCC/13.3.0
    system/libdeflate/1.20-GCCcore-13.3.0 lang/NASM/2.16.03-GCCcore-13.3.0
    lib/ISA-L/2.31.0-GCCcore-13.3.0
Read1 before filtering:
total reads: 48825050
total bases: 7323757500
Q20 bases: 7150818482(97.6387%)
Q30 bases: 6826351071(93.2083%)
Q40 bases: 5376558788(73.4126%)

Read2 before filtering:
total reads: 48825050
total bases: 7323757500
Q20 bases: 6953081918(94.9387%)
Q30 bases: 6531995624(89.1891%)
Q40 bases: 5117754499(69.8788%)

Read1 after filtering:
total reads: 43736485
total bases: 6329369070
Q20 bases: 6252177460(98.7804%)
Q30 bases: 6048258177(95.5586%)
Q40 bases: 4883982763(77.1638%)

Read2 after filtering:
total reads: 43736485
total bases: 6329369070
Q20 bases: 6208880070(98.0964%)
Q30 bases: 5980992414(94.4959%)
Q40 bases: 4833482414(76.3659%)

Filtering result:
reads passed filter: 87472970
reads failed due to low quality: 10162896
reads failed due to too many N: 14234
reads with adapter trimmed: 20766346
bases trimmed due to adapters: 475796560

Duplication rate: 25.5258%

Insert size peak (evaluated by paired-end reads): 149

JSON report: /scratch/USERNAME/Vitis/Shi2024/SRR20664585_fastp.json
HTML report: /scratch/USERNAME/Vitis/Shi2024/SRR20664585_fastp.html

fastp -i /scratch/USERNAME/Vitis/Shi2024/fastq/SRR20664585_1.fastq.gz -I /scratch/USERNAME/Vitis/Shi2024/fastq/SRR20664585_2.fastq.gz -o /scratch/USERNAME/Vitis/Shi2024/SRR20664585_1.q30.fastq.gz -O /scratch/USERNAME/Vitis/Shi2024/SRR20664585_2.q30.fastq.gz --average_qual 30 --disable_length_filtering -w 8 -j /scratch/USERNAME/Vitis/Shi2024/SRR20664585_fastp.json -h /scratch/USERNAME/Vitis/Shi2024/SRR20664585_fastp.html 
fastp v1.0.1, time used: 128 seconds
=== STAR SRR20664585 Sat Aug 15 22:11:06 CEST 2026 ===
Loading bio/STAR/2.7.10b-GCC-11.3.0
  Loading requirement: compiler/GCCcore/11.3.0 lib/zlib/1.2.12-GCCcore-11.3.0
    tools/binutils/2.38-GCCcore-11.3.0 compiler/GCC/11.3.0
    tools/bzip2/1.0.8-GCCcore-11.3.0 tools/XZ/5.2.5-GCCcore-11.3.0
    system/OpenSSL/1.1 tools/cURL/7.83.0-GCCcore-11.3.0
    bio/HTSlib/1.15.1-GCC-11.3.0
	STAR --runThreadN 32 --genomeDir /scratch/USERNAME/Vitis/GGref/STAR_index_PN40024v4_ohd149 --readFilesIn /scratch/USERNAME/Vitis/Shi2024/SRR20664585_1.q30.fastq.gz /scratch/USERNAME/Vitis/Shi2024/SRR20664585_2.q30.fastq.gz --readFilesCommand zcat --outFileNamePrefix /scratch/USERNAME/Vitis/Shi2024/SRR20664585_ --outSAMtype BAM SortedByCoordinate --outBAMsortingBinsN 20 --limitBAMsortRAM 10000000000 --outFilterMultimapNmax 1 --twopassMode Basic
	STAR version: 2.7.10b   compiled: 2024-07-31T14:09:58+02:00 ramses4:/dev/shm/sborowsk/build/STAR/2.7.10b/GCC-11.3.0/STAR-2.7.10b/source
Aug 15 22:11:06 ..... started STAR run
Aug 15 22:11:06 ..... loading genome
Aug 15 22:11:07 ..... started 1st pass mapping
Aug 15 22:14:03 ..... finished 1st pass mapping
Aug 15 22:14:03 ..... inserting junctions into the genome indices
Aug 15 22:14:34 ..... started mapping
Aug 15 22:21:14 ..... finished mapping
Aug 15 22:21:15 ..... started sorting BAM
Aug 15 22:21:50 ..... finished successfully
=== fastp SRR20664592 Sat Aug 15 22:21:50 CEST 2026 ===
Loading bio/fastp/1.0.1-GCC-13.3.0
  Loading requirement: compiler/GCCcore/13.3.0 lib/zlib/1.3.1-GCCcore-13.3.0
    tools/binutils/2.42-GCCcore-13.3.0 compiler/GCC/13.3.0
    system/libdeflate/1.20-GCCcore-13.3.0 lang/NASM/2.16.03-GCCcore-13.3.0
    lib/ISA-L/2.31.0-GCCcore-13.3.0
Read1 before filtering:
total reads: 40521984
total bases: 6078297600
Q20 bases: 5998256555(98.6832%)
Q30 bases: 5854688657(96.3212%)
Q40 bases: 5048281022(83.0542%)

Read2 before filtering:
total reads: 40521984
total bases: 6078297600
Q20 bases: 5832213360(95.9514%)
Q30 bases: 5554687807(91.3856%)
Q40 bases: 4534315391(74.5984%)

Read1 after filtering:
total reads: 37314461
total bases: 5401134557
Q20 bases: 5366836925(99.365%)
Q30 bases: 5283508051(97.8222%)
Q40 bases: 4644217101(85.986%)

Read2 after filtering:
total reads: 37314461
total bases: 5401134557
Q20 bases: 5317732578(98.4558%)
Q30 bases: 5160932516(95.5527%)
Q40 bases: 4305142796(79.7081%)

Filtering result:
reads passed filter: 74628922
reads failed due to low quality: 6400086
reads failed due to too many N: 14960
reads with adapter trimmed: 18813436
bases trimmed due to adapters: 398541276

Duplication rate: 19.7505%

Insert size peak (evaluated by paired-end reads): 156

JSON report: /scratch/USERNAME/Vitis/Shi2024/SRR20664592_fastp.json
HTML report: /scratch/USERNAME/Vitis/Shi2024/SRR20664592_fastp.html

fastp -i /scratch/USERNAME/Vitis/Shi2024/fastq/SRR20664592_1.fastq.gz -I /scratch/USERNAME/Vitis/Shi2024/fastq/SRR20664592_2.fastq.gz -o /scratch/USERNAME/Vitis/Shi2024/SRR20664592_1.q30.fastq.gz -O /scratch/USERNAME/Vitis/Shi2024/SRR20664592_2.q30.fastq.gz --average_qual 30 --disable_length_filtering -w 8 -j /scratch/USERNAME/Vitis/Shi2024/SRR20664592_fastp.json -h /scratch/USERNAME/Vitis/Shi2024/SRR20664592_fastp.html 
fastp v1.0.1, time used: 106 seconds
=== STAR SRR20664592 Sat Aug 15 22:23:36 CEST 2026 ===
Loading bio/STAR/2.7.10b-GCC-11.3.0
  Loading requirement: compiler/GCCcore/11.3.0 lib/zlib/1.2.12-GCCcore-11.3.0
    tools/binutils/2.38-GCCcore-11.3.0 compiler/GCC/11.3.0
    tools/bzip2/1.0.8-GCCcore-11.3.0 tools/XZ/5.2.5-GCCcore-11.3.0
    system/OpenSSL/1.1 tools/cURL/7.83.0-GCCcore-11.3.0
    bio/HTSlib/1.15.1-GCC-11.3.0
	STAR --runThreadN 32 --genomeDir /scratch/USERNAME/Vitis/GGref/STAR_index_PN40024v4_ohd149 --readFilesIn /scratch/USERNAME/Vitis/Shi2024/SRR20664592_1.q30.fastq.gz /scratch/USERNAME/Vitis/Shi2024/SRR20664592_2.q30.fastq.gz --readFilesCommand zcat --outFileNamePrefix /scratch/USERNAME/Vitis/Shi2024/SRR20664592_ --outSAMtype BAM SortedByCoordinate --outBAMsortingBinsN 20 --limitBAMsortRAM 10000000000 --outFilterMultimapNmax 1 --twopassMode Basic
	STAR version: 2.7.10b   compiled: 2024-07-31T14:09:58+02:00 ramses4:/dev/shm/sborowsk/build/STAR/2.7.10b/GCC-11.3.0/STAR-2.7.10b/source
Aug 15 22:23:37 ..... started STAR run
Aug 15 22:23:37 ..... loading genome
Aug 15 22:23:38 ..... started 1st pass mapping
Aug 15 22:26:07 ..... finished 1st pass mapping
Aug 15 22:26:08 ..... inserting junctions into the genome indices
Aug 15 22:26:29 ..... started mapping
Aug 15 22:30:39 ..... finished mapping
Aug 15 22:30:40 ..... started sorting BAM
Aug 15 22:31:07 ..... finished successfully
=== fastp SRR20664593 Sat Aug 15 22:31:07 CEST 2026 ===
Loading bio/fastp/1.0.1-GCC-13.3.0
  Loading requirement: compiler/GCCcore/13.3.0 lib/zlib/1.3.1-GCCcore-13.3.0
    tools/binutils/2.42-GCCcore-13.3.0 compiler/GCC/13.3.0
    system/libdeflate/1.20-GCCcore-13.3.0 lang/NASM/2.16.03-GCCcore-13.3.0
    lib/ISA-L/2.31.0-GCCcore-13.3.0
Read1 before filtering:
total reads: 44659980
total bases: 6698997000
Q20 bases: 6579940377(98.2228%)
Q30 bases: 6385157366(95.3151%)
Q40 bases: 5353992458(79.9223%)

Read2 before filtering:
total reads: 44659980
total bases: 6698997000
Q20 bases: 6379999001(95.2381%)
Q30 bases: 5940053164(88.6708%)
Q40 bases: 4391451766(65.5539%)

Read1 after filtering:
total reads: 40609154
total bases: 6039030686
Q20 bases: 5987029044(99.1389%)
Q30 bases: 5869159025(97.1871%)
Q40 bases: 5029814559(83.2884%)

Read2 after filtering:
total reads: 40609154
total bases: 6039030686
Q20 bases: 5902825068(97.7446%)
Q30 bases: 5607654655(92.8569%)
Q40 bases: 4247828667(70.3396%)

Filtering result:
reads passed filter: 81218308
reads failed due to low quality: 8094826
reads failed due to too many N: 6826
reads with adapter trimmed: 4324534
bases trimmed due to adapters: 105869362

Duplication rate: 21.2325%

Insert size peak (evaluated by paired-end reads): 216

JSON report: /scratch/USERNAME/Vitis/Shi2024/SRR20664593_fastp.json
HTML report: /scratch/USERNAME/Vitis/Shi2024/SRR20664593_fastp.html

fastp -i /scratch/USERNAME/Vitis/Shi2024/fastq/SRR20664593_1.fastq.gz -I /scratch/USERNAME/Vitis/Shi2024/fastq/SRR20664593_2.fastq.gz -o /scratch/USERNAME/Vitis/Shi2024/SRR20664593_1.q30.fastq.gz -O /scratch/USERNAME/Vitis/Shi2024/SRR20664593_2.q30.fastq.gz --average_qual 30 --disable_length_filtering -w 8 -j /scratch/USERNAME/Vitis/Shi2024/SRR20664593_fastp.json -h /scratch/USERNAME/Vitis/Shi2024/SRR20664593_fastp.html 
fastp v1.0.1, time used: 127 seconds
=== STAR SRR20664593 Sat Aug 15 22:33:15 CEST 2026 ===
Loading bio/STAR/2.7.10b-GCC-11.3.0
  Loading requirement: compiler/GCCcore/11.3.0 lib/zlib/1.2.12-GCCcore-11.3.0
    tools/binutils/2.38-GCCcore-11.3.0 compiler/GCC/11.3.0
    tools/bzip2/1.0.8-GCCcore-11.3.0 tools/XZ/5.2.5-GCCcore-11.3.0
    system/OpenSSL/1.1 tools/cURL/7.83.0-GCCcore-11.3.0
    bio/HTSlib/1.15.1-GCC-11.3.0
	STAR --runThreadN 32 --genomeDir /scratch/USERNAME/Vitis/GGref/STAR_index_PN40024v4_ohd149 --readFilesIn /scratch/USERNAME/Vitis/Shi2024/SRR20664593_1.q30.fastq.gz /scratch/USERNAME/Vitis/Shi2024/SRR20664593_2.q30.fastq.gz --readFilesCommand zcat --outFileNamePrefix /scratch/USERNAME/Vitis/Shi2024/SRR20664593_ --outSAMtype BAM SortedByCoordinate --outBAMsortingBinsN 20 --limitBAMsortRAM 10000000000 --outFilterMultimapNmax 1 --twopassMode Basic
	STAR version: 2.7.10b   compiled: 2024-07-31T14:09:58+02:00 ramses4:/dev/shm/sborowsk/build/STAR/2.7.10b/GCC-11.3.0/STAR-2.7.10b/source
Aug 15 22:33:15 ..... started STAR run
Aug 15 22:33:15 ..... loading genome
Aug 15 22:33:16 ..... started 1st pass mapping
Aug 15 22:35:59 ..... finished 1st pass mapping
Aug 15 22:36:00 ..... inserting junctions into the genome indices
Aug 15 22:36:26 ..... started mapping
Aug 15 22:39:24 ..... finished mapping
Aug 15 22:39:25 ..... started sorting BAM
Aug 15 22:39:59 ..... finished successfully
=== fastp SRR20664595 Sat Aug 15 22:40:00 CEST 2026 ===
Loading bio/fastp/1.0.1-GCC-13.3.0
  Loading requirement: compiler/GCCcore/13.3.0 lib/zlib/1.3.1-GCCcore-13.3.0
    tools/binutils/2.42-GCCcore-13.3.0 compiler/GCC/13.3.0
    system/libdeflate/1.20-GCCcore-13.3.0 lang/NASM/2.16.03-GCCcore-13.3.0
    lib/ISA-L/2.31.0-GCCcore-13.3.0
Read1 before filtering:
total reads: 35071929
total bases: 5260789350
Q20 bases: 5111312753(97.1587%)
Q30 bases: 4957816379(94.2409%)
Q40 bases: 4234846620(80.4983%)

Read2 before filtering:
total reads: 35071929
total bases: 5260789350
Q20 bases: 4940775372(93.917%)
Q30 bases: 4653087487(88.4485%)
Q40 bases: 3707199545(70.4685%)

Read1 after filtering:
total reads: 30595081
total bases: 4526633726
Q20 bases: 4494186997(99.2832%)
Q30 bases: 4417207466(97.5826%)
Q40 bases: 3856908444(85.2048%)

Read2 after filtering:
total reads: 30595081
total bases: 4526633726
Q20 bases: 4447496609(98.2517%)
Q30 bases: 4299527804(94.9829%)
Q40 bases: 3514118850(77.6321%)

Filtering result:
reads passed filter: 61190162
reads failed due to low quality: 8944204
reads failed due to too many N: 9492
reads with adapter trimmed: 5307336
bases trimmed due to adapters: 127443704

Duplication rate: 15.6768%

Insert size peak (evaluated by paired-end reads): 198

JSON report: /scratch/USERNAME/Vitis/Shi2024/SRR20664595_fastp.json
HTML report: /scratch/USERNAME/Vitis/Shi2024/SRR20664595_fastp.html

fastp -i /scratch/USERNAME/Vitis/Shi2024/fastq/SRR20664595_1.fastq.gz -I /scratch/USERNAME/Vitis/Shi2024/fastq/SRR20664595_2.fastq.gz -o /scratch/USERNAME/Vitis/Shi2024/SRR20664595_1.q30.fastq.gz -O /scratch/USERNAME/Vitis/Shi2024/SRR20664595_2.q30.fastq.gz --average_qual 30 --disable_length_filtering -w 8 -j /scratch/USERNAME/Vitis/Shi2024/SRR20664595_fastp.json -h /scratch/USERNAME/Vitis/Shi2024/SRR20664595_fastp.html 
fastp v1.0.1, time used: 90 seconds
=== STAR SRR20664595 Sat Aug 15 22:41:30 CEST 2026 ===
Loading bio/STAR/2.7.10b-GCC-11.3.0
  Loading requirement: compiler/GCCcore/11.3.0 lib/zlib/1.2.12-GCCcore-11.3.0
    tools/binutils/2.38-GCCcore-11.3.0 compiler/GCC/11.3.0
    tools/bzip2/1.0.8-GCCcore-11.3.0 tools/XZ/5.2.5-GCCcore-11.3.0
    system/OpenSSL/1.1 tools/cURL/7.83.0-GCCcore-11.3.0
    bio/HTSlib/1.15.1-GCC-11.3.0
	STAR --runThreadN 32 --genomeDir /scratch/USERNAME/Vitis/GGref/STAR_index_PN40024v4_ohd149 --readFilesIn /scratch/USERNAME/Vitis/Shi2024/SRR20664595_1.q30.fastq.gz /scratch/USERNAME/Vitis/Shi2024/SRR20664595_2.q30.fastq.gz --readFilesCommand zcat --outFileNamePrefix /scratch/USERNAME/Vitis/Shi2024/SRR20664595_ --outSAMtype BAM SortedByCoordinate --outBAMsortingBinsN 20 --limitBAMsortRAM 10000000000 --outFilterMultimapNmax 1 --twopassMode Basic
	STAR version: 2.7.10b   compiled: 2024-07-31T14:09:58+02:00 ramses4:/dev/shm/sborowsk/build/STAR/2.7.10b/GCC-11.3.0/STAR-2.7.10b/source
Aug 15 22:41:31 ..... started STAR run
Aug 15 22:41:31 ..... loading genome
Aug 15 22:41:32 ..... started 1st pass mapping
Aug 15 22:43:41 ..... finished 1st pass mapping
Aug 15 22:43:41 ..... inserting junctions into the genome indices
Aug 15 22:44:04 ..... started mapping
Aug 15 22:47:30 ..... finished mapping
Aug 15 22:47:30 ..... started sorting BAM
Aug 15 22:47:54 ..... finished successfully
=== fastp SRR20664598 Sat Aug 15 22:47:54 CEST 2026 ===
Loading bio/fastp/1.0.1-GCC-13.3.0
  Loading requirement: compiler/GCCcore/13.3.0 lib/zlib/1.3.1-GCCcore-13.3.0
    tools/binutils/2.42-GCCcore-13.3.0 compiler/GCC/13.3.0
    system/libdeflate/1.20-GCCcore-13.3.0 lang/NASM/2.16.03-GCCcore-13.3.0
    lib/ISA-L/2.31.0-GCCcore-13.3.0
Read1 before filtering:
total reads: 43860935
total bases: 6579140250
Q20 bases: 6491683911(98.6707%)
Q30 bases: 6334284713(96.2783%)
Q40 bases: 5453915920(82.8971%)

Read2 before filtering:
total reads: 43860935
total bases: 6579140250
Q20 bases: 6338572673(96.3435%)
Q30 bases: 6054372290(92.0238%)
Q40 bases: 4938631556(75.065%)

Read1 after filtering:
total reads: 40739135
total bases: 6035807009
Q20 bases: 5995613057(99.3341%)
Q30 bases: 5899086100(97.7348%)
Q40 bases: 5175289225(85.7431%)

Read2 after filtering:
total reads: 40739135
total bases: 6035807009
Q20 bases: 5945017275(98.4958%)
Q30 bases: 5771683131(95.6241%)
Q40 bases: 4800925097(79.5407%)

Filtering result:
reads passed filter: 81478270
reads failed due to low quality: 6230784
reads failed due to too many N: 12816
reads with adapter trimmed: 7326060
bases trimmed due to adapters: 151985008

Duplication rate: 18.6448%

Insert size peak (evaluated by paired-end reads): 187

JSON report: /scratch/USERNAME/Vitis/Shi2024/SRR20664598_fastp.json
HTML report: /scratch/USERNAME/Vitis/Shi2024/SRR20664598_fastp.html

fastp -i /scratch/USERNAME/Vitis/Shi2024/fastq/SRR20664598_1.fastq.gz -I /scratch/USERNAME/Vitis/Shi2024/fastq/SRR20664598_2.fastq.gz -o /scratch/USERNAME/Vitis/Shi2024/SRR20664598_1.q30.fastq.gz -O /scratch/USERNAME/Vitis/Shi2024/SRR20664598_2.q30.fastq.gz --average_qual 30 --disable_length_filtering -w 8 -j /scratch/USERNAME/Vitis/Shi2024/SRR20664598_fastp.json -h /scratch/USERNAME/Vitis/Shi2024/SRR20664598_fastp.html 
fastp v1.0.1, time used: 118 seconds
=== STAR SRR20664598 Sat Aug 15 22:49:53 CEST 2026 ===
Loading bio/STAR/2.7.10b-GCC-11.3.0
  Loading requirement: compiler/GCCcore/11.3.0 lib/zlib/1.2.12-GCCcore-11.3.0
    tools/binutils/2.38-GCCcore-11.3.0 compiler/GCC/11.3.0
    tools/bzip2/1.0.8-GCCcore-11.3.0 tools/XZ/5.2.5-GCCcore-11.3.0
    system/OpenSSL/1.1 tools/cURL/7.83.0-GCCcore-11.3.0
    bio/HTSlib/1.15.1-GCC-11.3.0
	STAR --runThreadN 32 --genomeDir /scratch/USERNAME/Vitis/GGref/STAR_index_PN40024v4_ohd149 --readFilesIn /scratch/USERNAME/Vitis/Shi2024/SRR20664598_1.q30.fastq.gz /scratch/USERNAME/Vitis/Shi2024/SRR20664598_2.q30.fastq.gz --readFilesCommand zcat --outFileNamePrefix /scratch/USERNAME/Vitis/Shi2024/SRR20664598_ --outSAMtype BAM SortedByCoordinate --outBAMsortingBinsN 20 --limitBAMsortRAM 10000000000 --outFilterMultimapNmax 1 --twopassMode Basic
	STAR version: 2.7.10b   compiled: 2024-07-31T14:09:58+02:00 ramses4:/dev/shm/sborowsk/build/STAR/2.7.10b/GCC-11.3.0/STAR-2.7.10b/source
Aug 15 22:49:53 ..... started STAR run
Aug 15 22:49:53 ..... loading genome
Aug 15 22:49:54 ..... started 1st pass mapping
Aug 15 22:52:33 ..... finished 1st pass mapping
Aug 15 22:52:33 ..... inserting junctions into the genome indices
Aug 15 22:52:57 ..... started mapping
Aug 15 22:56:16 ..... finished mapping
Aug 15 22:56:16 ..... started sorting BAM
Aug 15 22:56:48 ..... finished successfully
=== fastp SRR20664601 Sat Aug 15 22:56:48 CEST 2026 ===
Loading bio/fastp/1.0.1-GCC-13.3.0
  Loading requirement: compiler/GCCcore/13.3.0 lib/zlib/1.3.1-GCCcore-13.3.0
    tools/binutils/2.42-GCCcore-13.3.0 compiler/GCC/13.3.0
    system/libdeflate/1.20-GCCcore-13.3.0 lang/NASM/2.16.03-GCCcore-13.3.0
    lib/ISA-L/2.31.0-GCCcore-13.3.0
Read1 before filtering:
total reads: 33137858
total bases: 4970678700
Q20 bases: 4808418686(96.7357%)
Q30 bases: 4525180464(91.0375%)
Q40 bases: 3399906336(68.3992%)

Read2 before filtering:
total reads: 33137858
total bases: 4970678700
Q20 bases: 4754486341(95.6506%)
Q30 bases: 4489441132(90.3185%)
Q40 bases: 3509354810(70.6011%)

Read1 after filtering:
total reads: 30026353
total bases: 4459911645
Q20 bases: 4374463357(98.0841%)
Q30 bases: 4174012811(93.5896%)
Q40 bases: 3215423475(72.0961%)

Read2 after filtering:
total reads: 30026353
total bases: 4459911645
Q20 bases: 4379131811(98.1888%)
Q30 bases: 4221823386(94.6616%)
Q40 bases: 3393517530(76.0893%)

Filtering result:
reads passed filter: 60052706
reads failed due to low quality: 6214952
reads failed due to too many N: 8058
reads with adapter trimmed: 4269134
bases trimmed due to adapters: 90155122

Duplication rate: 18.0151%

Insert size peak (evaluated by paired-end reads): 199

JSON report: /scratch/USERNAME/Vitis/Shi2024/SRR20664601_fastp.json
HTML report: /scratch/USERNAME/Vitis/Shi2024/SRR20664601_fastp.html

fastp -i /scratch/USERNAME/Vitis/Shi2024/fastq/SRR20664601_1.fastq.gz -I /scratch/USERNAME/Vitis/Shi2024/fastq/SRR20664601_2.fastq.gz -o /scratch/USERNAME/Vitis/Shi2024/SRR20664601_1.q30.fastq.gz -O /scratch/USERNAME/Vitis/Shi2024/SRR20664601_2.q30.fastq.gz --average_qual 30 --disable_length_filtering -w 8 -j /scratch/USERNAME/Vitis/Shi2024/SRR20664601_fastp.json -h /scratch/USERNAME/Vitis/Shi2024/SRR20664601_fastp.html 
fastp v1.0.1, time used: 94 seconds
=== STAR SRR20664601 Sat Aug 15 22:58:22 CEST 2026 ===
Loading bio/STAR/2.7.10b-GCC-11.3.0
  Loading requirement: compiler/GCCcore/11.3.0 lib/zlib/1.2.12-GCCcore-11.3.0
    tools/binutils/2.38-GCCcore-11.3.0 compiler/GCC/11.3.0
    tools/bzip2/1.0.8-GCCcore-11.3.0 tools/XZ/5.2.5-GCCcore-11.3.0
    system/OpenSSL/1.1 tools/cURL/7.83.0-GCCcore-11.3.0
    bio/HTSlib/1.15.1-GCC-11.3.0
	STAR --runThreadN 32 --genomeDir /scratch/USERNAME/Vitis/GGref/STAR_index_PN40024v4_ohd149 --readFilesIn /scratch/USERNAME/Vitis/Shi2024/SRR20664601_1.q30.fastq.gz /scratch/USERNAME/Vitis/Shi2024/SRR20664601_2.q30.fastq.gz --readFilesCommand zcat --outFileNamePrefix /scratch/USERNAME/Vitis/Shi2024/SRR20664601_ --outSAMtype BAM SortedByCoordinate --outBAMsortingBinsN 20 --limitBAMsortRAM 10000000000 --outFilterMultimapNmax 1 --twopassMode Basic
	STAR version: 2.7.10b   compiled: 2024-07-31T14:09:58+02:00 ramses4:/dev/shm/sborowsk/build/STAR/2.7.10b/GCC-11.3.0/STAR-2.7.10b/source
Aug 15 22:58:22 ..... started STAR run
Aug 15 22:58:22 ..... loading genome
Aug 15 22:58:23 ..... started 1st pass mapping
Aug 15 23:00:29 ..... finished 1st pass mapping
Aug 15 23:00:29 ..... inserting junctions into the genome indices
Aug 15 23:00:50 ..... started mapping
Aug 15 23:03:07 ..... finished mapping
Aug 15 23:03:07 ..... started sorting BAM
Aug 15 23:03:34 ..... finished successfully
=== fastp SRR20664603 Sat Aug 15 23:03:34 CEST 2026 ===
Loading bio/fastp/1.0.1-GCC-13.3.0
  Loading requirement: compiler/GCCcore/13.3.0 lib/zlib/1.3.1-GCCcore-13.3.0
    tools/binutils/2.42-GCCcore-13.3.0 compiler/GCC/13.3.0
    system/libdeflate/1.20-GCCcore-13.3.0 lang/NASM/2.16.03-GCCcore-13.3.0
    lib/ISA-L/2.31.0-GCCcore-13.3.0
Read1 before filtering:
total reads: 40451193
total bases: 6067678950
Q20 bases: 5948258437(98.0319%)
Q30 bases: 5758689781(94.9076%)
Q40 bases: 4792165928(78.9786%)

Read2 before filtering:
total reads: 40451193
total bases: 6067678950
Q20 bases: 5765153495(95.0141%)
Q30 bases: 5348605210(88.1491%)
Q40 bases: 3910833342(64.4535%)

Read1 after filtering:
total reads: 36641326
total bases: 5439904556
Q20 bases: 5387716061(99.0406%)
Q30 bases: 5271878204(96.9112%)
Q40 bases: 4486648150(82.4766%)

Read2 after filtering:
total reads: 36641326
total bases: 5439904556
Q20 bases: 5311126561(97.6327%)
Q30 bases: 5031530494(92.493%)
Q40 bases: 3772868913(69.3554%)

Filtering result:
reads passed filter: 73282652
reads failed due to low quality: 7613886
reads failed due to too many N: 5848
reads with adapter trimmed: 4240470
bases trimmed due to adapters: 113908892

Duplication rate: 33.5058%

Insert size peak (evaluated by paired-end reads): 249

JSON report: /scratch/USERNAME/Vitis/Shi2024/SRR20664603_fastp.json
HTML report: /scratch/USERNAME/Vitis/Shi2024/SRR20664603_fastp.html

fastp -i /scratch/USERNAME/Vitis/Shi2024/fastq/SRR20664603_1.fastq.gz -I /scratch/USERNAME/Vitis/Shi2024/fastq/SRR20664603_2.fastq.gz -o /scratch/USERNAME/Vitis/Shi2024/SRR20664603_1.q30.fastq.gz -O /scratch/USERNAME/Vitis/Shi2024/SRR20664603_2.q30.fastq.gz --average_qual 30 --disable_length_filtering -w 8 -j /scratch/USERNAME/Vitis/Shi2024/SRR20664603_fastp.json -h /scratch/USERNAME/Vitis/Shi2024/SRR20664603_fastp.html 
fastp v1.0.1, time used: 113 seconds
=== STAR SRR20664603 Sat Aug 15 23:05:27 CEST 2026 ===
Loading bio/STAR/2.7.10b-GCC-11.3.0
  Loading requirement: compiler/GCCcore/11.3.0 lib/zlib/1.2.12-GCCcore-11.3.0
    tools/binutils/2.38-GCCcore-11.3.0 compiler/GCC/11.3.0
    tools/bzip2/1.0.8-GCCcore-11.3.0 tools/XZ/5.2.5-GCCcore-11.3.0
    system/OpenSSL/1.1 tools/cURL/7.83.0-GCCcore-11.3.0
    bio/HTSlib/1.15.1-GCC-11.3.0
	STAR --runThreadN 32 --genomeDir /scratch/USERNAME/Vitis/GGref/STAR_index_PN40024v4_ohd149 --readFilesIn /scratch/USERNAME/Vitis/Shi2024/SRR20664603_1.q30.fastq.gz /scratch/USERNAME/Vitis/Shi2024/SRR20664603_2.q30.fastq.gz --readFilesCommand zcat --outFileNamePrefix /scratch/USERNAME/Vitis/Shi2024/SRR20664603_ --outSAMtype BAM SortedByCoordinate --outBAMsortingBinsN 20 --limitBAMsortRAM 10000000000 --outFilterMultimapNmax 1 --twopassMode Basic
	STAR version: 2.7.10b   compiled: 2024-07-31T14:09:58+02:00 ramses4:/dev/shm/sborowsk/build/STAR/2.7.10b/GCC-11.3.0/STAR-2.7.10b/source
Aug 15 23:05:28 ..... started STAR run
Aug 15 23:05:28 ..... loading genome
Aug 15 23:05:29 ..... started 1st pass mapping
Aug 15 23:07:40 ..... finished 1st pass mapping
Aug 15 23:07:41 ..... inserting junctions into the genome indices
Aug 15 23:08:00 ..... started mapping
Aug 15 23:10:21 ..... finished mapping
Aug 15 23:10:22 ..... started sorting BAM
Aug 15 23:10:52 ..... finished successfully
=== fastp SRR20664605 Sat Aug 15 23:10:52 CEST 2026 ===
Loading bio/fastp/1.0.1-GCC-13.3.0
  Loading requirement: compiler/GCCcore/13.3.0 lib/zlib/1.3.1-GCCcore-13.3.0
    tools/binutils/2.42-GCCcore-13.3.0 compiler/GCC/13.3.0
    system/libdeflate/1.20-GCCcore-13.3.0 lang/NASM/2.16.03-GCCcore-13.3.0
    lib/ISA-L/2.31.0-GCCcore-13.3.0
Read1 before filtering:
total reads: 33007649
total bases: 4951147350
Q20 bases: 4630421698(93.5222%)
Q30 bases: 4198477445(84.7981%)
Q40 bases: 2868906115(57.9443%)

Read2 before filtering:
total reads: 33007649
total bases: 4951147350
Q20 bases: 4632171833(93.5575%)
Q30 bases: 4235840787(85.5527%)
Q40 bases: 3012501091(60.8445%)

Read1 after filtering:
total reads: 27660833
total bases: 4083461009
Q20 bases: 3935241579(96.3702%)
Q30 bases: 3655967855(89.5311%)
Q40 bases: 2592543415(63.4889%)

Read2 after filtering:
total reads: 27660833
total bases: 4083461009
Q20 bases: 3984126255(97.5674%)
Q30 bases: 3767893586(92.2721%)
Q40 bases: 2806030254(68.717%)

Filtering result:
reads passed filter: 55321666
reads failed due to low quality: 10690182
reads failed due to too many N: 3450
reads with adapter trimmed: 4280620
bases trimmed due to adapters: 135631378

Duplication rate: 18.9897%

Insert size peak (evaluated by paired-end reads): 249

JSON report: /scratch/USERNAME/Vitis/Shi2024/SRR20664605_fastp.json
HTML report: /scratch/USERNAME/Vitis/Shi2024/SRR20664605_fastp.html

fastp -i /scratch/USERNAME/Vitis/Shi2024/fastq/SRR20664605_1.fastq.gz -I /scratch/USERNAME/Vitis/Shi2024/fastq/SRR20664605_2.fastq.gz -o /scratch/USERNAME/Vitis/Shi2024/SRR20664605_1.q30.fastq.gz -O /scratch/USERNAME/Vitis/Shi2024/SRR20664605_2.q30.fastq.gz --average_qual 30 --disable_length_filtering -w 8 -j /scratch/USERNAME/Vitis/Shi2024/SRR20664605_fastp.json -h /scratch/USERNAME/Vitis/Shi2024/SRR20664605_fastp.html 
fastp v1.0.1, time used: 88 seconds
=== STAR SRR20664605 Sat Aug 15 23:12:21 CEST 2026 ===
Loading bio/STAR/2.7.10b-GCC-11.3.0
  Loading requirement: compiler/GCCcore/11.3.0 lib/zlib/1.2.12-GCCcore-11.3.0
    tools/binutils/2.38-GCCcore-11.3.0 compiler/GCC/11.3.0
    tools/bzip2/1.0.8-GCCcore-11.3.0 tools/XZ/5.2.5-GCCcore-11.3.0
    system/OpenSSL/1.1 tools/cURL/7.83.0-GCCcore-11.3.0
    bio/HTSlib/1.15.1-GCC-11.3.0
	STAR --runThreadN 32 --genomeDir /scratch/USERNAME/Vitis/GGref/STAR_index_PN40024v4_ohd149 --readFilesIn /scratch/USERNAME/Vitis/Shi2024/SRR20664605_1.q30.fastq.gz /scratch/USERNAME/Vitis/Shi2024/SRR20664605_2.q30.fastq.gz --readFilesCommand zcat --outFileNamePrefix /scratch/USERNAME/Vitis/Shi2024/SRR20664605_ --outSAMtype BAM SortedByCoordinate --outBAMsortingBinsN 20 --limitBAMsortRAM 10000000000 --outFilterMultimapNmax 1 --twopassMode Basic
	STAR version: 2.7.10b   compiled: 2024-07-31T14:09:58+02:00 ramses4:/dev/shm/sborowsk/build/STAR/2.7.10b/GCC-11.3.0/STAR-2.7.10b/source
Aug 15 23:12:21 ..... started STAR run
Aug 15 23:12:21 ..... loading genome
Aug 15 23:12:22 ..... started 1st pass mapping
Aug 15 23:14:15 ..... finished 1st pass mapping
Aug 15 23:14:15 ..... inserting junctions into the genome indices
Aug 15 23:14:36 ..... started mapping
Aug 15 23:16:35 ..... finished mapping
Aug 15 23:16:36 ..... started sorting BAM
Aug 15 23:17:02 ..... finished successfully
=== fastp SRR29258938 Sat Aug 15 23:17:02 CEST 2026 ===
Loading bio/fastp/1.0.1-GCC-13.3.0
  Loading requirement: compiler/GCCcore/13.3.0 lib/zlib/1.3.1-GCCcore-13.3.0
    tools/binutils/2.42-GCCcore-13.3.0 compiler/GCC/13.3.0
    system/libdeflate/1.20-GCCcore-13.3.0 lang/NASM/2.16.03-GCCcore-13.3.0
    lib/ISA-L/2.31.0-GCCcore-13.3.0
Read1 before filtering:
total reads: 53174307
total bases: 7976146050
Q20 bases: 7859050795(98.5319%)
Q30 bases: 7623365496(95.5771%)
Q40 bases: 0(0%)

Read2 before filtering:
total reads: 53174307
total bases: 7976146050
Q20 bases: 7549010948(94.6448%)
Q30 bases: 7179123046(90.0074%)
Q40 bases: 0(0%)

Read1 after filtering:
total reads: 48367538
total bases: 7178292315
Q20 bases: 7108364639(99.0258%)
Q30 bases: 6918439716(96.38%)
Q40 bases: 0(0%)

Read2 after filtering:
total reads: 48367538
total bases: 7178292315
Q20 bases: 7076641402(98.5839%)
Q30 bases: 6826636366(95.1011%)
Q40 bases: 0(0%)

Filtering result:
reads passed filter: 96735076
reads failed due to low quality: 9596766
reads failed due to too many N: 16772
reads with adapter trimmed: 6257718
bases trimmed due to adapters: 156850516

Duplication rate: 32.1369%

Insert size peak (evaluated by paired-end reads): 207

JSON report: /scratch/USERNAME/Vitis/Shi2024/SRR29258938_fastp.json
HTML report: /scratch/USERNAME/Vitis/Shi2024/SRR29258938_fastp.html

fastp -i /scratch/USERNAME/Vitis/Shi2024/fastq/SRR29258938_1.fastq.gz -I /scratch/USERNAME/Vitis/Shi2024/fastq/SRR29258938_2.fastq.gz -o /scratch/USERNAME/Vitis/Shi2024/SRR29258938_1.q30.fastq.gz -O /scratch/USERNAME/Vitis/Shi2024/SRR29258938_2.q30.fastq.gz --average_qual 30 --disable_length_filtering -w 8 -j /scratch/USERNAME/Vitis/Shi2024/SRR29258938_fastp.json -h /scratch/USERNAME/Vitis/Shi2024/SRR29258938_fastp.html 
fastp v1.0.1, time used: 125 seconds
=== STAR SRR29258938 Sat Aug 15 23:19:07 CEST 2026 ===
Loading bio/STAR/2.7.10b-GCC-11.3.0
  Loading requirement: compiler/GCCcore/11.3.0 lib/zlib/1.2.12-GCCcore-11.3.0
    tools/binutils/2.38-GCCcore-11.3.0 compiler/GCC/11.3.0
    tools/bzip2/1.0.8-GCCcore-11.3.0 tools/XZ/5.2.5-GCCcore-11.3.0
    system/OpenSSL/1.1 tools/cURL/7.83.0-GCCcore-11.3.0
    bio/HTSlib/1.15.1-GCC-11.3.0
	STAR --runThreadN 32 --genomeDir /scratch/USERNAME/Vitis/GGref/STAR_index_PN40024v4_ohd149 --readFilesIn /scratch/USERNAME/Vitis/Shi2024/SRR29258938_1.q30.fastq.gz /scratch/USERNAME/Vitis/Shi2024/SRR29258938_2.q30.fastq.gz --readFilesCommand zcat --outFileNamePrefix /scratch/USERNAME/Vitis/Shi2024/SRR29258938_ --outSAMtype BAM SortedByCoordinate --outBAMsortingBinsN 20 --limitBAMsortRAM 10000000000 --outFilterMultimapNmax 1 --twopassMode Basic
	STAR version: 2.7.10b   compiled: 2024-07-31T14:09:58+02:00 ramses4:/dev/shm/sborowsk/build/STAR/2.7.10b/GCC-11.3.0/STAR-2.7.10b/source
Aug 15 23:19:08 ..... started STAR run
Aug 15 23:19:08 ..... loading genome
Aug 15 23:19:09 ..... started 1st pass mapping
Aug 15 23:22:50 ..... finished 1st pass mapping
Aug 15 23:22:50 ..... inserting junctions into the genome indices
Aug 15 23:23:17 ..... started mapping
Aug 15 23:30:55 ..... finished mapping
Aug 15 23:30:56 ..... started sorting BAM
Aug 15 23:31:24 ..... finished successfully
=== fastp SRR29258940 Sat Aug 15 23:31:24 CEST 2026 ===
Loading bio/fastp/1.0.1-GCC-13.3.0
  Loading requirement: compiler/GCCcore/13.3.0 lib/zlib/1.3.1-GCCcore-13.3.0
    tools/binutils/2.42-GCCcore-13.3.0 compiler/GCC/13.3.0
    system/libdeflate/1.20-GCCcore-13.3.0 lang/NASM/2.16.03-GCCcore-13.3.0
    lib/ISA-L/2.31.0-GCCcore-13.3.0
Read1 before filtering:
total reads: 41170563
total bases: 6175584450
Q20 bases: 6078185543(98.4228%)
Q30 bases: 5885504252(95.3028%)
Q40 bases: 0(0%)

Read2 before filtering:
total reads: 41170563
total bases: 6175584450
Q20 bases: 5775823693(93.5268%)
Q30 bases: 5469350765(88.5641%)
Q40 bases: 0(0%)

Read1 after filtering:
total reads: 36609542
total bases: 5434521931
Q20 bases: 5378108217(98.9619%)
Q30 bases: 5226092824(96.1647%)
Q40 bases: 0(0%)

Read2 after filtering:
total reads: 36609542
total bases: 5434521931
Q20 bases: 5356702448(98.5681%)
Q30 bases: 5162764916(94.9994%)
Q40 bases: 0(0%)

Filtering result:
reads passed filter: 73219084
reads failed due to low quality: 9109798
reads failed due to too many N: 12244
reads with adapter trimmed: 4661164
bases trimmed due to adapters: 116133968

Duplication rate: 26.2924%

Insert size peak (evaluated by paired-end reads): 218

JSON report: /scratch/USERNAME/Vitis/Shi2024/SRR29258940_fastp.json
HTML report: /scratch/USERNAME/Vitis/Shi2024/SRR29258940_fastp.html

fastp -i /scratch/USERNAME/Vitis/Shi2024/fastq/SRR29258940_1.fastq.gz -I /scratch/USERNAME/Vitis/Shi2024/fastq/SRR29258940_2.fastq.gz -o /scratch/USERNAME/Vitis/Shi2024/SRR29258940_1.q30.fastq.gz -O /scratch/USERNAME/Vitis/Shi2024/SRR29258940_2.q30.fastq.gz --average_qual 30 --disable_length_filtering -w 8 -j /scratch/USERNAME/Vitis/Shi2024/SRR29258940_fastp.json -h /scratch/USERNAME/Vitis/Shi2024/SRR29258940_fastp.html 
fastp v1.0.1, time used: 95 seconds
=== STAR SRR29258940 Sat Aug 15 23:33:00 CEST 2026 ===
Loading bio/STAR/2.7.10b-GCC-11.3.0
  Loading requirement: compiler/GCCcore/11.3.0 lib/zlib/1.2.12-GCCcore-11.3.0
    tools/binutils/2.38-GCCcore-11.3.0 compiler/GCC/11.3.0
    tools/bzip2/1.0.8-GCCcore-11.3.0 tools/XZ/5.2.5-GCCcore-11.3.0
    system/OpenSSL/1.1 tools/cURL/7.83.0-GCCcore-11.3.0
    bio/HTSlib/1.15.1-GCC-11.3.0
	STAR --runThreadN 32 --genomeDir /scratch/USERNAME/Vitis/GGref/STAR_index_PN40024v4_ohd149 --readFilesIn /scratch/USERNAME/Vitis/Shi2024/SRR29258940_1.q30.fastq.gz /scratch/USERNAME/Vitis/Shi2024/SRR29258940_2.q30.fastq.gz --readFilesCommand zcat --outFileNamePrefix /scratch/USERNAME/Vitis/Shi2024/SRR29258940_ --outSAMtype BAM SortedByCoordinate --outBAMsortingBinsN 20 --limitBAMsortRAM 10000000000 --outFilterMultimapNmax 1 --twopassMode Basic
	STAR version: 2.7.10b   compiled: 2024-07-31T14:09:58+02:00 ramses4:/dev/shm/sborowsk/build/STAR/2.7.10b/GCC-11.3.0/STAR-2.7.10b/source
Aug 15 23:33:01 ..... started STAR run
Aug 15 23:33:01 ..... loading genome
Aug 15 23:33:02 ..... started 1st pass mapping
Aug 15 23:35:54 ..... finished 1st pass mapping
Aug 15 23:35:54 ..... inserting junctions into the genome indices
Aug 15 23:36:21 ..... started mapping
Aug 15 23:39:43 ..... finished mapping
Aug 15 23:39:44 ..... started sorting BAM
Aug 15 23:40:06 ..... finished successfully
=== fastp SRR29258934 Sat Aug 15 23:40:06 CEST 2026 ===
Loading bio/fastp/1.0.1-GCC-13.3.0
  Loading requirement: compiler/GCCcore/13.3.0 lib/zlib/1.3.1-GCCcore-13.3.0
    tools/binutils/2.42-GCCcore-13.3.0 compiler/GCC/13.3.0
    system/libdeflate/1.20-GCCcore-13.3.0 lang/NASM/2.16.03-GCCcore-13.3.0
    lib/ISA-L/2.31.0-GCCcore-13.3.0
Read1 before filtering:
total reads: 45637392
total bases: 6845608800
Q20 bases: 6748371888(98.5796%)
Q30 bases: 6545874246(95.6215%)
Q40 bases: 0(0%)

Read2 before filtering:
total reads: 45637392
total bases: 6845608800
Q20 bases: 6552093058(95.7124%)
Q30 bases: 6254991193(91.3723%)
Q40 bases: 0(0%)

Read1 after filtering:
total reads: 42624915
total bases: 6341101020
Q20 bases: 6279493417(99.0284%)
Q30 bases: 6109858820(96.3533%)
Q40 bases: 0(0%)

Read2 after filtering:
total reads: 42624915
total bases: 6341101020
Q20 bases: 6250261251(98.5674%)
Q30 bases: 6025566488(95.024%)
Q40 bases: 0(0%)

Filtering result:
reads passed filter: 85249830
reads failed due to low quality: 6010564
reads failed due to too many N: 14390
reads with adapter trimmed: 4108624
bases trimmed due to adapters: 107121540

Duplication rate: 29.5032%

Insert size peak (evaluated by paired-end reads): 225

JSON report: /scratch/USERNAME/Vitis/Shi2024/SRR29258934_fastp.json
HTML report: /scratch/USERNAME/Vitis/Shi2024/SRR29258934_fastp.html

fastp -i /scratch/USERNAME/Vitis/Shi2024/fastq/SRR29258934_1.fastq.gz -I /scratch/USERNAME/Vitis/Shi2024/fastq/SRR29258934_2.fastq.gz -o /scratch/USERNAME/Vitis/Shi2024/SRR29258934_1.q30.fastq.gz -O /scratch/USERNAME/Vitis/Shi2024/SRR29258934_2.q30.fastq.gz --average_qual 30 --disable_length_filtering -w 8 -j /scratch/USERNAME/Vitis/Shi2024/SRR29258934_fastp.json -h /scratch/USERNAME/Vitis/Shi2024/SRR29258934_fastp.html 
fastp v1.0.1, time used: 111 seconds
=== STAR SRR29258934 Sat Aug 15 23:41:58 CEST 2026 ===
Loading bio/STAR/2.7.10b-GCC-11.3.0
  Loading requirement: compiler/GCCcore/11.3.0 lib/zlib/1.2.12-GCCcore-11.3.0
    tools/binutils/2.38-GCCcore-11.3.0 compiler/GCC/11.3.0
    tools/bzip2/1.0.8-GCCcore-11.3.0 tools/XZ/5.2.5-GCCcore-11.3.0
    system/OpenSSL/1.1 tools/cURL/7.83.0-GCCcore-11.3.0
    bio/HTSlib/1.15.1-GCC-11.3.0
	STAR --runThreadN 32 --genomeDir /scratch/USERNAME/Vitis/GGref/STAR_index_PN40024v4_ohd149 --readFilesIn /scratch/USERNAME/Vitis/Shi2024/SRR29258934_1.q30.fastq.gz /scratch/USERNAME/Vitis/Shi2024/SRR29258934_2.q30.fastq.gz --readFilesCommand zcat --outFileNamePrefix /scratch/USERNAME/Vitis/Shi2024/SRR29258934_ --outSAMtype BAM SortedByCoordinate --outBAMsortingBinsN 20 --limitBAMsortRAM 10000000000 --outFilterMultimapNmax 1 --twopassMode Basic
	STAR version: 2.7.10b   compiled: 2024-07-31T14:09:58+02:00 ramses4:/dev/shm/sborowsk/build/STAR/2.7.10b/GCC-11.3.0/STAR-2.7.10b/source
Aug 15 23:41:58 ..... started STAR run
Aug 15 23:41:58 ..... loading genome
Aug 15 23:41:59 ..... started 1st pass mapping
Aug 15 23:45:24 ..... finished 1st pass mapping
Aug 15 23:45:24 ..... inserting junctions into the genome indices
Aug 15 23:45:50 ..... started mapping
Aug 15 23:50:15 ..... finished mapping
Aug 15 23:50:15 ..... started sorting BAM
Aug 15 23:50:42 ..... finished successfully
=== fastp SRR29258939 Sat Aug 15 23:50:42 CEST 2026 ===
Loading bio/fastp/1.0.1-GCC-13.3.0
  Loading requirement: compiler/GCCcore/13.3.0 lib/zlib/1.3.1-GCCcore-13.3.0
    tools/binutils/2.42-GCCcore-13.3.0 compiler/GCC/13.3.0
    system/libdeflate/1.20-GCCcore-13.3.0 lang/NASM/2.16.03-GCCcore-13.3.0
    lib/ISA-L/2.31.0-GCCcore-13.3.0
Read1 before filtering:
total reads: 53464989
total bases: 8019748350
Q20 bases: 7894655658(98.4402%)
Q30 bases: 7650877502(95.4005%)
Q40 bases: 0(0%)

Read2 before filtering:
total reads: 53464989
total bases: 8019748350
Q20 bases: 7471430827(93.1629%)
Q30 bases: 7072279283(88.1858%)
Q40 bases: 0(0%)

Read1 after filtering:
total reads: 46897915
total bases: 6933780059
Q20 bases: 6863044096(98.9798%)
Q30 bases: 6674992458(96.2677%)
Q40 bases: 0(0%)

Read2 after filtering:
total reads: 46897915
total bases: 6933780059
Q20 bases: 6841100900(98.6634%)
Q30 bases: 6609712003(95.3262%)
Q40 bases: 0(0%)

Filtering result:
reads passed filter: 93795830
reads failed due to low quality: 13117802
reads failed due to too many N: 16346
reads with adapter trimmed: 8621022
bases trimmed due to adapters: 206186460

Duplication rate: 32.9739%

Insert size peak (evaluated by paired-end reads): 198

JSON report: /scratch/USERNAME/Vitis/Shi2024/SRR29258939_fastp.json
HTML report: /scratch/USERNAME/Vitis/Shi2024/SRR29258939_fastp.html

fastp -i /scratch/USERNAME/Vitis/Shi2024/fastq/SRR29258939_1.fastq.gz -I /scratch/USERNAME/Vitis/Shi2024/fastq/SRR29258939_2.fastq.gz -o /scratch/USERNAME/Vitis/Shi2024/SRR29258939_1.q30.fastq.gz -O /scratch/USERNAME/Vitis/Shi2024/SRR29258939_2.q30.fastq.gz --average_qual 30 --disable_length_filtering -w 8 -j /scratch/USERNAME/Vitis/Shi2024/SRR29258939_fastp.json -h /scratch/USERNAME/Vitis/Shi2024/SRR29258939_fastp.html 
fastp v1.0.1, time used: 121 seconds
=== STAR SRR29258939 Sat Aug 15 23:52:43 CEST 2026 ===
Loading bio/STAR/2.7.10b-GCC-11.3.0
  Loading requirement: compiler/GCCcore/11.3.0 lib/zlib/1.2.12-GCCcore-11.3.0
    tools/binutils/2.38-GCCcore-11.3.0 compiler/GCC/11.3.0
    tools/bzip2/1.0.8-GCCcore-11.3.0 tools/XZ/5.2.5-GCCcore-11.3.0
    system/OpenSSL/1.1 tools/cURL/7.83.0-GCCcore-11.3.0
    bio/HTSlib/1.15.1-GCC-11.3.0
	STAR --runThreadN 32 --genomeDir /scratch/USERNAME/Vitis/GGref/STAR_index_PN40024v4_ohd149 --readFilesIn /scratch/USERNAME/Vitis/Shi2024/SRR29258939_1.q30.fastq.gz /scratch/USERNAME/Vitis/Shi2024/SRR29258939_2.q30.fastq.gz --readFilesCommand zcat --outFileNamePrefix /scratch/USERNAME/Vitis/Shi2024/SRR29258939_ --outSAMtype BAM SortedByCoordinate --outBAMsortingBinsN 20 --limitBAMsortRAM 10000000000 --outFilterMultimapNmax 1 --twopassMode Basic
	STAR version: 2.7.10b   compiled: 2024-07-31T14:09:58+02:00 ramses4:/dev/shm/sborowsk/build/STAR/2.7.10b/GCC-11.3.0/STAR-2.7.10b/source
Aug 15 23:52:43 ..... started STAR run
Aug 15 23:52:43 ..... loading genome
Aug 15 23:52:44 ..... started 1st pass mapping
Aug 15 23:56:34 ..... finished 1st pass mapping
Aug 15 23:56:35 ..... inserting junctions into the genome indices
Aug 15 23:57:01 ..... started mapping
Aug 16 00:02:36 ..... finished mapping
Aug 16 00:02:37 ..... started sorting BAM
Aug 16 00:03:05 ..... finished successfully
=== fastp SRR29258941 Sun Aug 16 00:03:05 CEST 2026 ===
Loading bio/fastp/1.0.1-GCC-13.3.0
  Loading requirement: compiler/GCCcore/13.3.0 lib/zlib/1.3.1-GCCcore-13.3.0
    tools/binutils/2.42-GCCcore-13.3.0 compiler/GCC/13.3.0
    system/libdeflate/1.20-GCCcore-13.3.0 lang/NASM/2.16.03-GCCcore-13.3.0
    lib/ISA-L/2.31.0-GCCcore-13.3.0
Read1 before filtering:
total reads: 46572483
total bases: 6985872450
Q20 bases: 6883711338(98.5376%)
Q30 bases: 6677299173(95.5829%)
Q40 bases: 0(0%)

Read2 before filtering:
total reads: 46572483
total bases: 6985872450
Q20 bases: 6510081902(93.1892%)
Q30 bases: 6133045408(87.7921%)
Q40 bases: 0(0%)

Read1 after filtering:
total reads: 41208716
total bases: 6105899508
Q20 bases: 6047077998(99.0366%)
Q30 bases: 5886758224(96.411%)
Q40 bases: 0(0%)

Read2 after filtering:
total reads: 41208716
total bases: 6105899508
Q20 bases: 6004753016(98.3435%)
Q30 bases: 5765086010(94.4183%)
Q40 bases: 0(0%)

Filtering result:
reads passed filter: 82417432
reads failed due to low quality: 10713728
reads failed due to too many N: 13806
reads with adapter trimmed: 6198952
bases trimmed due to adapters: 153450030

Duplication rate: 27.9671%

Insert size peak (evaluated by paired-end reads): 207

JSON report: /scratch/USERNAME/Vitis/Shi2024/SRR29258941_fastp.json
HTML report: /scratch/USERNAME/Vitis/Shi2024/SRR29258941_fastp.html

fastp -i /scratch/USERNAME/Vitis/Shi2024/fastq/SRR29258941_1.fastq.gz -I /scratch/USERNAME/Vitis/Shi2024/fastq/SRR29258941_2.fastq.gz -o /scratch/USERNAME/Vitis/Shi2024/SRR29258941_1.q30.fastq.gz -O /scratch/USERNAME/Vitis/Shi2024/SRR29258941_2.q30.fastq.gz --average_qual 30 --disable_length_filtering -w 8 -j /scratch/USERNAME/Vitis/Shi2024/SRR29258941_fastp.json -h /scratch/USERNAME/Vitis/Shi2024/SRR29258941_fastp.html 
fastp v1.0.1, time used: 109 seconds
=== STAR SRR29258941 Sun Aug 16 00:04:55 CEST 2026 ===
Loading bio/STAR/2.7.10b-GCC-11.3.0
  Loading requirement: compiler/GCCcore/11.3.0 lib/zlib/1.2.12-GCCcore-11.3.0
    tools/binutils/2.38-GCCcore-11.3.0 compiler/GCC/11.3.0
    tools/bzip2/1.0.8-GCCcore-11.3.0 tools/XZ/5.2.5-GCCcore-11.3.0
    system/OpenSSL/1.1 tools/cURL/7.83.0-GCCcore-11.3.0
    bio/HTSlib/1.15.1-GCC-11.3.0
	STAR --runThreadN 32 --genomeDir /scratch/USERNAME/Vitis/GGref/STAR_index_PN40024v4_ohd149 --readFilesIn /scratch/USERNAME/Vitis/Shi2024/SRR29258941_1.q30.fastq.gz /scratch/USERNAME/Vitis/Shi2024/SRR29258941_2.q30.fastq.gz --readFilesCommand zcat --outFileNamePrefix /scratch/USERNAME/Vitis/Shi2024/SRR29258941_ --outSAMtype BAM SortedByCoordinate --outBAMsortingBinsN 20 --limitBAMsortRAM 10000000000 --outFilterMultimapNmax 1 --twopassMode Basic
	STAR version: 2.7.10b   compiled: 2024-07-31T14:09:58+02:00 ramses4:/dev/shm/sborowsk/build/STAR/2.7.10b/GCC-11.3.0/STAR-2.7.10b/source
Aug 16 00:04:55 ..... started STAR run
Aug 16 00:04:55 ..... loading genome
Aug 16 00:04:56 ..... started 1st pass mapping
Aug 16 00:08:29 ..... finished 1st pass mapping
Aug 16 00:08:29 ..... inserting junctions into the genome indices
Aug 16 00:08:54 ..... started mapping
Aug 16 00:12:45 ..... finished mapping
Aug 16 00:12:46 ..... started sorting BAM
Aug 16 00:13:10 ..... finished successfully
=== fastp SRR29258935 Sun Aug 16 00:13:11 CEST 2026 ===
Loading bio/fastp/1.0.1-GCC-13.3.0
  Loading requirement: compiler/GCCcore/13.3.0 lib/zlib/1.3.1-GCCcore-13.3.0
    tools/binutils/2.42-GCCcore-13.3.0 compiler/GCC/13.3.0
    system/libdeflate/1.20-GCCcore-13.3.0 lang/NASM/2.16.03-GCCcore-13.3.0
    lib/ISA-L/2.31.0-GCCcore-13.3.0
Read1 before filtering:
total reads: 60725988
total bases: 9108898200
Q20 bases: 8974707375(98.5268%)
Q30 bases: 8705113473(95.5671%)
Q40 bases: 0(0%)

Read2 before filtering:
total reads: 60725988
total bases: 9108898200
Q20 bases: 8596377819(94.3734%)
Q30 bases: 8164431410(89.6314%)
Q40 bases: 0(0%)

Read1 after filtering:
total reads: 54901469
total bases: 8149945701
Q20 bases: 8069512138(99.0131%)
Q30 bases: 7852849231(96.3546%)
Q40 bases: 0(0%)

Read2 after filtering:
total reads: 54901469
total bases: 8149945701
Q20 bases: 8036110937(98.6032%)
Q30 bases: 7750701297(95.1013%)
Q40 bases: 0(0%)

Filtering result:
reads passed filter: 109802938
reads failed due to low quality: 11630220
reads failed due to too many N: 18818
reads with adapter trimmed: 7320060
bases trimmed due to adapters: 173507314

Duplication rate: 33.8501%

Insert size peak (evaluated by paired-end reads): 217

JSON report: /scratch/USERNAME/Vitis/Shi2024/SRR29258935_fastp.json
HTML report: /scratch/USERNAME/Vitis/Shi2024/SRR29258935_fastp.html

fastp -i /scratch/USERNAME/Vitis/Shi2024/fastq/SRR29258935_1.fastq.gz -I /scratch/USERNAME/Vitis/Shi2024/fastq/SRR29258935_2.fastq.gz -o /scratch/USERNAME/Vitis/Shi2024/SRR29258935_1.q30.fastq.gz -O /scratch/USERNAME/Vitis/Shi2024/SRR29258935_2.q30.fastq.gz --average_qual 30 --disable_length_filtering -w 8 -j /scratch/USERNAME/Vitis/Shi2024/SRR29258935_fastp.json -h /scratch/USERNAME/Vitis/Shi2024/SRR29258935_fastp.html 
fastp v1.0.1, time used: 143 seconds
=== STAR SRR29258935 Sun Aug 16 00:15:34 CEST 2026 ===
Loading bio/STAR/2.7.10b-GCC-11.3.0
  Loading requirement: compiler/GCCcore/11.3.0 lib/zlib/1.2.12-GCCcore-11.3.0
    tools/binutils/2.38-GCCcore-11.3.0 compiler/GCC/11.3.0
    tools/bzip2/1.0.8-GCCcore-11.3.0 tools/XZ/5.2.5-GCCcore-11.3.0
    system/OpenSSL/1.1 tools/cURL/7.83.0-GCCcore-11.3.0
    bio/HTSlib/1.15.1-GCC-11.3.0
	STAR --runThreadN 32 --genomeDir /scratch/USERNAME/Vitis/GGref/STAR_index_PN40024v4_ohd149 --readFilesIn /scratch/USERNAME/Vitis/Shi2024/SRR29258935_1.q30.fastq.gz /scratch/USERNAME/Vitis/Shi2024/SRR29258935_2.q30.fastq.gz --readFilesCommand zcat --outFileNamePrefix /scratch/USERNAME/Vitis/Shi2024/SRR29258935_ --outSAMtype BAM SortedByCoordinate --outBAMsortingBinsN 20 --limitBAMsortRAM 10000000000 --outFilterMultimapNmax 1 --twopassMode Basic
	STAR version: 2.7.10b   compiled: 2024-07-31T14:09:58+02:00 ramses4:/dev/shm/sborowsk/build/STAR/2.7.10b/GCC-11.3.0/STAR-2.7.10b/source
Aug 16 00:15:34 ..... started STAR run
Aug 16 00:15:34 ..... loading genome
Aug 16 00:15:35 ..... started 1st pass mapping
Aug 16 00:19:36 ..... finished 1st pass mapping
Aug 16 00:19:36 ..... inserting junctions into the genome indices
Aug 16 00:20:02 ..... started mapping
Aug 16 00:24:26 ..... finished mapping
Aug 16 00:24:27 ..... started sorting BAM
Aug 16 00:25:01 ..... finished successfully
=== fastp SRR29258936 Sun Aug 16 00:25:01 CEST 2026 ===
Loading bio/fastp/1.0.1-GCC-13.3.0
  Loading requirement: compiler/GCCcore/13.3.0 lib/zlib/1.3.1-GCCcore-13.3.0
    tools/binutils/2.42-GCCcore-13.3.0 compiler/GCC/13.3.0
    system/libdeflate/1.20-GCCcore-13.3.0 lang/NASM/2.16.03-GCCcore-13.3.0
    lib/ISA-L/2.31.0-GCCcore-13.3.0
Read1 before filtering:
total reads: 53937146
total bases: 8090571900
Q20 bases: 7973144631(98.5486%)
Q30 bases: 7735353963(95.6095%)
Q40 bases: 0(0%)

Read2 before filtering:
total reads: 53937146
total bases: 8090571900
Q20 bases: 7635749219(94.3784%)
Q30 bases: 7250375479(89.6151%)
Q40 bases: 0(0%)

Read1 after filtering:
total reads: 48684349
total bases: 7231542026
Q20 bases: 7160494863(99.0175%)
Q30 bases: 6969123997(96.3712%)
Q40 bases: 0(0%)

Read2 after filtering:
total reads: 48684349
total bases: 7231542026
Q20 bases: 7129284106(98.5859%)
Q30 bases: 6876991263(95.0972%)
Q40 bases: 0(0%)

Filtering result:
reads passed filter: 97368698
reads failed due to low quality: 10488816
reads failed due to too many N: 16778
reads with adapter trimmed: 5998152
bases trimmed due to adapters: 145084122

Duplication rate: 33.0005%

Insert size peak (evaluated by paired-end reads): 207

JSON report: /scratch/USERNAME/Vitis/Shi2024/SRR29258936_fastp.json
HTML report: /scratch/USERNAME/Vitis/Shi2024/SRR29258936_fastp.html

fastp -i /scratch/USERNAME/Vitis/Shi2024/fastq/SRR29258936_1.fastq.gz -I /scratch/USERNAME/Vitis/Shi2024/fastq/SRR29258936_2.fastq.gz -o /scratch/USERNAME/Vitis/Shi2024/SRR29258936_1.q30.fastq.gz -O /scratch/USERNAME/Vitis/Shi2024/SRR29258936_2.q30.fastq.gz --average_qual 30 --disable_length_filtering -w 8 -j /scratch/USERNAME/Vitis/Shi2024/SRR29258936_fastp.json -h /scratch/USERNAME/Vitis/Shi2024/SRR29258936_fastp.html 
fastp v1.0.1, time used: 126 seconds
=== STAR SRR29258936 Sun Aug 16 00:27:07 CEST 2026 ===
Loading bio/STAR/2.7.10b-GCC-11.3.0
  Loading requirement: compiler/GCCcore/11.3.0 lib/zlib/1.2.12-GCCcore-11.3.0
    tools/binutils/2.38-GCCcore-11.3.0 compiler/GCC/11.3.0
    tools/bzip2/1.0.8-GCCcore-11.3.0 tools/XZ/5.2.5-GCCcore-11.3.0
    system/OpenSSL/1.1 tools/cURL/7.83.0-GCCcore-11.3.0
    bio/HTSlib/1.15.1-GCC-11.3.0
	STAR --runThreadN 32 --genomeDir /scratch/USERNAME/Vitis/GGref/STAR_index_PN40024v4_ohd149 --readFilesIn /scratch/USERNAME/Vitis/Shi2024/SRR29258936_1.q30.fastq.gz /scratch/USERNAME/Vitis/Shi2024/SRR29258936_2.q30.fastq.gz --readFilesCommand zcat --outFileNamePrefix /scratch/USERNAME/Vitis/Shi2024/SRR29258936_ --outSAMtype BAM SortedByCoordinate --outBAMsortingBinsN 20 --limitBAMsortRAM 10000000000 --outFilterMultimapNmax 1 --twopassMode Basic
	STAR version: 2.7.10b   compiled: 2024-07-31T14:09:58+02:00 ramses4:/dev/shm/sborowsk/build/STAR/2.7.10b/GCC-11.3.0/STAR-2.7.10b/source
Aug 16 00:27:08 ..... started STAR run
Aug 16 00:27:08 ..... loading genome
Aug 16 00:27:09 ..... started 1st pass mapping
Aug 16 00:31:00 ..... finished 1st pass mapping
Aug 16 00:31:00 ..... inserting junctions into the genome indices
Aug 16 00:31:28 ..... started mapping
Aug 16 00:37:19 ..... finished mapping
Aug 16 00:37:20 ..... started sorting BAM
Aug 16 00:37:48 ..... finished successfully
=== fastp SRR29258937 Sun Aug 16 00:37:48 CEST 2026 ===
Loading bio/fastp/1.0.1-GCC-13.3.0
  Loading requirement: compiler/GCCcore/13.3.0 lib/zlib/1.3.1-GCCcore-13.3.0
    tools/binutils/2.42-GCCcore-13.3.0 compiler/GCC/13.3.0
    system/libdeflate/1.20-GCCcore-13.3.0 lang/NASM/2.16.03-GCCcore-13.3.0
    lib/ISA-L/2.31.0-GCCcore-13.3.0
Read1 before filtering:
total reads: 48306185
total bases: 7245927750
Q20 bases: 7143566753(98.5873%)
Q30 bases: 6931715688(95.6636%)
Q40 bases: 0(0%)

Read2 before filtering:
total reads: 48306185
total bases: 7245927750
Q20 bases: 6910984088(95.3775%)
Q30 bases: 6594049695(91.0035%)
Q40 bases: 0(0%)

Read1 after filtering:
total reads: 44769991
total bases: 6648483804
Q20 bases: 6585109489(99.0468%)
Q30 bases: 6410092293(96.4143%)
Q40 bases: 0(0%)

Read2 after filtering:
total reads: 44769991
total bases: 6648483804
Q20 bases: 6554839045(98.5915%)
Q30 bases: 6322735474(95.1004%)
Q40 bases: 0(0%)

Filtering result:
reads passed filter: 89539982
reads failed due to low quality: 7056664
reads failed due to too many N: 15724
reads with adapter trimmed: 5537060
bases trimmed due to adapters: 136268980

Duplication rate: 29.3229%

Insert size peak (evaluated by paired-end reads): 218

JSON report: /scratch/USERNAME/Vitis/Shi2024/SRR29258937_fastp.json
HTML report: /scratch/USERNAME/Vitis/Shi2024/SRR29258937_fastp.html

fastp -i /scratch/USERNAME/Vitis/Shi2024/fastq/SRR29258937_1.fastq.gz -I /scratch/USERNAME/Vitis/Shi2024/fastq/SRR29258937_2.fastq.gz -o /scratch/USERNAME/Vitis/Shi2024/SRR29258937_1.q30.fastq.gz -O /scratch/USERNAME/Vitis/Shi2024/SRR29258937_2.q30.fastq.gz --average_qual 30 --disable_length_filtering -w 8 -j /scratch/USERNAME/Vitis/Shi2024/SRR29258937_fastp.json -h /scratch/USERNAME/Vitis/Shi2024/SRR29258937_fastp.html 
fastp v1.0.1, time used: 116 seconds
=== STAR SRR29258937 Sun Aug 16 00:39:45 CEST 2026 ===
Loading bio/STAR/2.7.10b-GCC-11.3.0
  Loading requirement: compiler/GCCcore/11.3.0 lib/zlib/1.2.12-GCCcore-11.3.0
    tools/binutils/2.38-GCCcore-11.3.0 compiler/GCC/11.3.0
    tools/bzip2/1.0.8-GCCcore-11.3.0 tools/XZ/5.2.5-GCCcore-11.3.0
    system/OpenSSL/1.1 tools/cURL/7.83.0-GCCcore-11.3.0
    bio/HTSlib/1.15.1-GCC-11.3.0
	STAR --runThreadN 32 --genomeDir /scratch/USERNAME/Vitis/GGref/STAR_index_PN40024v4_ohd149 --readFilesIn /scratch/USERNAME/Vitis/Shi2024/SRR29258937_1.q30.fastq.gz /scratch/USERNAME/Vitis/Shi2024/SRR29258937_2.q30.fastq.gz --readFilesCommand zcat --outFileNamePrefix /scratch/USERNAME/Vitis/Shi2024/SRR29258937_ --outSAMtype BAM SortedByCoordinate --outBAMsortingBinsN 20 --limitBAMsortRAM 10000000000 --outFilterMultimapNmax 1 --twopassMode Basic
	STAR version: 2.7.10b   compiled: 2024-07-31T14:09:58+02:00 ramses4:/dev/shm/sborowsk/build/STAR/2.7.10b/GCC-11.3.0/STAR-2.7.10b/source
Aug 16 00:39:46 ..... started STAR run
Aug 16 00:39:46 ..... loading genome
Aug 16 00:39:47 ..... started 1st pass mapping
Aug 16 00:43:16 ..... finished 1st pass mapping
Aug 16 00:43:16 ..... inserting junctions into the genome indices
Aug 16 00:43:42 ..... started mapping
Aug 16 00:47:31 ..... finished mapping
Aug 16 00:47:32 ..... started sorting BAM
Aug 16 00:47:59 ..... finished successfully
=== fastp SRR29330595 Sun Aug 16 00:47:59 CEST 2026 ===
Loading bio/fastp/1.0.1-GCC-13.3.0
  Loading requirement: compiler/GCCcore/13.3.0 lib/zlib/1.3.1-GCCcore-13.3.0
    tools/binutils/2.42-GCCcore-13.3.0 compiler/GCC/13.3.0
    system/libdeflate/1.20-GCCcore-13.3.0 lang/NASM/2.16.03-GCCcore-13.3.0
    lib/ISA-L/2.31.0-GCCcore-13.3.0
Read1 before filtering:
total reads: 19647309
total bases: 2947096350
Q20 bases: 2878182109(97.6616%)
Q30 bases: 2770227418(93.9985%)
Q40 bases: 2247130801(76.249%)

Read2 before filtering:
total reads: 19647309
total bases: 2947096350
Q20 bases: 2802953321(95.109%)
Q30 bases: 2614725411(88.7221%)
Q40 bases: 1972957319(66.9458%)

Read1 after filtering:
total reads: 17729689
total bases: 2634500100
Q20 bases: 2599996610(98.6903%)
Q30 bases: 2530041384(96.035%)
Q40 bases: 2100057197(79.7137%)

Read2 after filtering:
total reads: 17729689
total bases: 2634500100
Q20 bases: 2578142680(97.8608%)
Q30 bases: 2456746488(93.2529%)
Q40 bases: 1903525422(72.2538%)

Filtering result:
reads passed filter: 35459378
reads failed due to low quality: 3832222
reads failed due to too many N: 3018
reads with adapter trimmed: 2076472
bases trimmed due to adapters: 50672246

Duplication rate: 17.8374%

Insert size peak (evaluated by paired-end reads): 214

JSON report: /scratch/USERNAME/Vitis/Shi2024/SRR29330595_fastp.json
HTML report: /scratch/USERNAME/Vitis/Shi2024/SRR29330595_fastp.html

fastp -i /scratch/USERNAME/Vitis/Shi2024/fastq/SRR29330595_1.fastq.gz -I /scratch/USERNAME/Vitis/Shi2024/fastq/SRR29330595_2.fastq.gz -o /scratch/USERNAME/Vitis/Shi2024/SRR29330595_1.q30.fastq.gz -O /scratch/USERNAME/Vitis/Shi2024/SRR29330595_2.q30.fastq.gz --average_qual 30 --disable_length_filtering -w 8 -j /scratch/USERNAME/Vitis/Shi2024/SRR29330595_fastp.json -h /scratch/USERNAME/Vitis/Shi2024/SRR29330595_fastp.html 
fastp v1.0.1, time used: 57 seconds
=== STAR SRR29330595 Sun Aug 16 00:48:56 CEST 2026 ===
Loading bio/STAR/2.7.10b-GCC-11.3.0
  Loading requirement: compiler/GCCcore/11.3.0 lib/zlib/1.2.12-GCCcore-11.3.0
    tools/binutils/2.38-GCCcore-11.3.0 compiler/GCC/11.3.0
    tools/bzip2/1.0.8-GCCcore-11.3.0 tools/XZ/5.2.5-GCCcore-11.3.0
    system/OpenSSL/1.1 tools/cURL/7.83.0-GCCcore-11.3.0
    bio/HTSlib/1.15.1-GCC-11.3.0
	STAR --runThreadN 32 --genomeDir /scratch/USERNAME/Vitis/GGref/STAR_index_PN40024v4_ohd149 --readFilesIn /scratch/USERNAME/Vitis/Shi2024/SRR29330595_1.q30.fastq.gz /scratch/USERNAME/Vitis/Shi2024/SRR29330595_2.q30.fastq.gz --readFilesCommand zcat --outFileNamePrefix /scratch/USERNAME/Vitis/Shi2024/SRR29330595_ --outSAMtype BAM SortedByCoordinate --outBAMsortingBinsN 20 --limitBAMsortRAM 10000000000 --outFilterMultimapNmax 1 --twopassMode Basic
	STAR version: 2.7.10b   compiled: 2024-07-31T14:09:58+02:00 ramses4:/dev/shm/sborowsk/build/STAR/2.7.10b/GCC-11.3.0/STAR-2.7.10b/source
Aug 16 00:48:56 ..... started STAR run
Aug 16 00:48:56 ..... loading genome
Aug 16 00:48:57 ..... started 1st pass mapping
Aug 16 00:50:11 ..... finished 1st pass mapping
Aug 16 00:50:11 ..... inserting junctions into the genome indices
Aug 16 00:50:30 ..... started mapping
Aug 16 00:52:07 ..... finished mapping
Aug 16 00:52:08 ..... started sorting BAM
Aug 16 00:52:23 ..... finished successfully
=== fastp SRR29330596 Sun Aug 16 00:52:23 CEST 2026 ===
Loading bio/fastp/1.0.1-GCC-13.3.0
  Loading requirement: compiler/GCCcore/13.3.0 lib/zlib/1.3.1-GCCcore-13.3.0
    tools/binutils/2.42-GCCcore-13.3.0 compiler/GCC/13.3.0
    system/libdeflate/1.20-GCCcore-13.3.0 lang/NASM/2.16.03-GCCcore-13.3.0
    lib/ISA-L/2.31.0-GCCcore-13.3.0
Read1 before filtering:
total reads: 17888745
total bases: 2683311750
Q20 bases: 2646032747(98.6107%)
Q30 bases: 2583963816(96.2976%)
Q40 bases: 2228900303(83.0653%)

Read2 before filtering:
total reads: 17888745
total bases: 2683311750
Q20 bases: 2567264622(95.6752%)
Q30 bases: 2422528066(90.2813%)
Q40 bases: 1891519344(70.492%)

Read1 after filtering:
total reads: 16427089
total bases: 2437443688
Q20 bases: 2420738298(99.3146%)
Q30 bases: 2383382457(97.7821%)
Q40 bases: 2095307549(85.9633%)

Read2 after filtering:
total reads: 16427089
total bases: 2437443688
Q20 bases: 2392605305(98.1604%)
Q30 bases: 2299456793(94.3389%)
Q40 bases: 1834412094(75.2597%)

Filtering result:
reads passed filter: 32854178
reads failed due to low quality: 2921794
reads failed due to too many N: 1518
reads with adapter trimmed: 2240110
bases trimmed due to adapters: 53851590

Duplication rate: 17.6057%

Insert size peak (evaluated by paired-end reads): 207

JSON report: /scratch/USERNAME/Vitis/Shi2024/SRR29330596_fastp.json
HTML report: /scratch/USERNAME/Vitis/Shi2024/SRR29330596_fastp.html

fastp -i /scratch/USERNAME/Vitis/Shi2024/fastq/SRR29330596_1.fastq.gz -I /scratch/USERNAME/Vitis/Shi2024/fastq/SRR29330596_2.fastq.gz -o /scratch/USERNAME/Vitis/Shi2024/SRR29330596_1.q30.fastq.gz -O /scratch/USERNAME/Vitis/Shi2024/SRR29330596_2.q30.fastq.gz --average_qual 30 --disable_length_filtering -w 8 -j /scratch/USERNAME/Vitis/Shi2024/SRR29330596_fastp.json -h /scratch/USERNAME/Vitis/Shi2024/SRR29330596_fastp.html 
fastp v1.0.1, time used: 50 seconds
=== STAR SRR29330596 Sun Aug 16 00:53:14 CEST 2026 ===
Loading bio/STAR/2.7.10b-GCC-11.3.0
  Loading requirement: compiler/GCCcore/11.3.0 lib/zlib/1.2.12-GCCcore-11.3.0
    tools/binutils/2.38-GCCcore-11.3.0 compiler/GCC/11.3.0
    tools/bzip2/1.0.8-GCCcore-11.3.0 tools/XZ/5.2.5-GCCcore-11.3.0
    system/OpenSSL/1.1 tools/cURL/7.83.0-GCCcore-11.3.0
    bio/HTSlib/1.15.1-GCC-11.3.0
	STAR --runThreadN 32 --genomeDir /scratch/USERNAME/Vitis/GGref/STAR_index_PN40024v4_ohd149 --readFilesIn /scratch/USERNAME/Vitis/Shi2024/SRR29330596_1.q30.fastq.gz /scratch/USERNAME/Vitis/Shi2024/SRR29330596_2.q30.fastq.gz --readFilesCommand zcat --outFileNamePrefix /scratch/USERNAME/Vitis/Shi2024/SRR29330596_ --outSAMtype BAM SortedByCoordinate --outBAMsortingBinsN 20 --limitBAMsortRAM 10000000000 --outFilterMultimapNmax 1 --twopassMode Basic
	STAR version: 2.7.10b   compiled: 2024-07-31T14:09:58+02:00 ramses4:/dev/shm/sborowsk/build/STAR/2.7.10b/GCC-11.3.0/STAR-2.7.10b/source
Aug 16 00:53:14 ..... started STAR run
Aug 16 00:53:15 ..... loading genome
Aug 16 00:53:15 ..... started 1st pass mapping
Aug 16 00:54:25 ..... finished 1st pass mapping
Aug 16 00:54:25 ..... inserting junctions into the genome indices
Aug 16 00:54:45 ..... started mapping
Aug 16 00:56:06 ..... finished mapping
Aug 16 00:56:07 ..... started sorting BAM
Aug 16 00:56:20 ..... finished successfully
=== fastp SRR29330598 Sun Aug 16 00:56:20 CEST 2026 ===
Loading bio/fastp/1.0.1-GCC-13.3.0
  Loading requirement: compiler/GCCcore/13.3.0 lib/zlib/1.3.1-GCCcore-13.3.0
    tools/binutils/2.42-GCCcore-13.3.0 compiler/GCC/13.3.0
    system/libdeflate/1.20-GCCcore-13.3.0 lang/NASM/2.16.03-GCCcore-13.3.0
    lib/ISA-L/2.31.0-GCCcore-13.3.0
Read1 before filtering:
total reads: 40076337
total bases: 6011450550
Q20 bases: 5936849818(98.759%)
Q30 bases: 5808118777(96.6176%)
Q40 bases: 5040013711(83.8402%)

Read2 before filtering:
total reads: 40076337
total bases: 6011450550
Q20 bases: 5795031502(96.3999%)
Q30 bases: 5505811785(91.5887%)
Q40 bases: 4366055734(72.629%)

Read1 after filtering:
total reads: 37423263
total bases: 5549009469
Q20 bases: 5512725162(99.3461%)
Q30 bases: 5430744241(97.8687%)
Q40 bases: 4788222578(86.2897%)

Read2 after filtering:
total reads: 37423263
total bases: 5549009469
Q20 bases: 5457160653(98.3448%)
Q30 bases: 5261544535(94.8195%)
Q40 bases: 4247303386(76.5416%)

Filtering result:
reads passed filter: 74846526
reads failed due to low quality: 5302472
reads failed due to too many N: 3676
reads with adapter trimmed: 6452374
bases trimmed due to adapters: 130334778

Duplication rate: 23.8327%

Insert size peak (evaluated by paired-end reads): 195

JSON report: /scratch/USERNAME/Vitis/Shi2024/SRR29330598_fastp.json
HTML report: /scratch/USERNAME/Vitis/Shi2024/SRR29330598_fastp.html

fastp -i /scratch/USERNAME/Vitis/Shi2024/fastq/SRR29330598_1.fastq.gz -I /scratch/USERNAME/Vitis/Shi2024/fastq/SRR29330598_2.fastq.gz -o /scratch/USERNAME/Vitis/Shi2024/SRR29330598_1.q30.fastq.gz -O /scratch/USERNAME/Vitis/Shi2024/SRR29330598_2.q30.fastq.gz --average_qual 30 --disable_length_filtering -w 8 -j /scratch/USERNAME/Vitis/Shi2024/SRR29330598_fastp.json -h /scratch/USERNAME/Vitis/Shi2024/SRR29330598_fastp.html 
fastp v1.0.1, time used: 113 seconds
=== STAR SRR29330598 Sun Aug 16 00:58:13 CEST 2026 ===
Loading bio/STAR/2.7.10b-GCC-11.3.0
  Loading requirement: compiler/GCCcore/11.3.0 lib/zlib/1.2.12-GCCcore-11.3.0
    tools/binutils/2.38-GCCcore-11.3.0 compiler/GCC/11.3.0
    tools/bzip2/1.0.8-GCCcore-11.3.0 tools/XZ/5.2.5-GCCcore-11.3.0
    system/OpenSSL/1.1 tools/cURL/7.83.0-GCCcore-11.3.0
    bio/HTSlib/1.15.1-GCC-11.3.0
	STAR --runThreadN 32 --genomeDir /scratch/USERNAME/Vitis/GGref/STAR_index_PN40024v4_ohd149 --readFilesIn /scratch/USERNAME/Vitis/Shi2024/SRR29330598_1.q30.fastq.gz /scratch/USERNAME/Vitis/Shi2024/SRR29330598_2.q30.fastq.gz --readFilesCommand zcat --outFileNamePrefix /scratch/USERNAME/Vitis/Shi2024/SRR29330598_ --outSAMtype BAM SortedByCoordinate --outBAMsortingBinsN 20 --limitBAMsortRAM 10000000000 --outFilterMultimapNmax 1 --twopassMode Basic
	STAR version: 2.7.10b   compiled: 2024-07-31T14:09:58+02:00 ramses4:/dev/shm/sborowsk/build/STAR/2.7.10b/GCC-11.3.0/STAR-2.7.10b/source
Aug 16 00:58:13 ..... started STAR run
Aug 16 00:58:13 ..... loading genome
Aug 16 00:58:14 ..... started 1st pass mapping
Aug 16 01:00:45 ..... finished 1st pass mapping
Aug 16 01:00:45 ..... inserting junctions into the genome indices
Aug 16 01:01:08 ..... started mapping
Aug 16 01:03:58 ..... finished mapping
Aug 16 01:03:59 ..... started sorting BAM
Aug 16 01:04:28 ..... finished successfully
=== fastp SRR29330599 Sun Aug 16 01:04:28 CEST 2026 ===
Loading bio/fastp/1.0.1-GCC-13.3.0
  Loading requirement: compiler/GCCcore/13.3.0 lib/zlib/1.3.1-GCCcore-13.3.0
    tools/binutils/2.42-GCCcore-13.3.0 compiler/GCC/13.3.0
    system/libdeflate/1.20-GCCcore-13.3.0 lang/NASM/2.16.03-GCCcore-13.3.0
    lib/ISA-L/2.31.0-GCCcore-13.3.0
Read1 before filtering:
total reads: 31880416
total bases: 4782062400
Q20 bases: 4694050215(98.1595%)
Q30 bases: 4555690039(95.2662%)
Q40 bases: 3822347138(79.9309%)

Read2 before filtering:
total reads: 31880416
total bases: 4782062400
Q20 bases: 4475050112(93.5799%)
Q30 bases: 4142974819(86.6357%)
Q40 bases: 3124137128(65.3303%)

Read1 after filtering:
total reads: 27925578
total bases: 4129346235
Q20 bases: 4095302141(99.1756%)
Q30 bases: 4019406563(97.3376%)
Q40 bases: 3462980045(83.8627%)

Read2 after filtering:
total reads: 27925578
total bases: 4129346235
Q20 bases: 4025816246(97.4928%)
Q30 bases: 3832580255(92.8132%)
Q40 bases: 2985141927(72.2909%)

Filtering result:
reads passed filter: 55851156
reads failed due to low quality: 7907376
reads failed due to too many N: 2300
reads with adapter trimmed: 4536484
bases trimmed due to adapters: 121106580

Duplication rate: 26.0677%

Insert size peak (evaluated by paired-end reads): 198

JSON report: /scratch/USERNAME/Vitis/Shi2024/SRR29330599_fastp.json
HTML report: /scratch/USERNAME/Vitis/Shi2024/SRR29330599_fastp.html

fastp -i /scratch/USERNAME/Vitis/Shi2024/fastq/SRR29330599_1.fastq.gz -I /scratch/USERNAME/Vitis/Shi2024/fastq/SRR29330599_2.fastq.gz -o /scratch/USERNAME/Vitis/Shi2024/SRR29330599_1.q30.fastq.gz -O /scratch/USERNAME/Vitis/Shi2024/SRR29330599_2.q30.fastq.gz --average_qual 30 --disable_length_filtering -w 8 -j /scratch/USERNAME/Vitis/Shi2024/SRR29330599_fastp.json -h /scratch/USERNAME/Vitis/Shi2024/SRR29330599_fastp.html 
fastp v1.0.1, time used: 87 seconds
=== STAR SRR29330599 Sun Aug 16 01:05:56 CEST 2026 ===
Loading bio/STAR/2.7.10b-GCC-11.3.0
  Loading requirement: compiler/GCCcore/11.3.0 lib/zlib/1.2.12-GCCcore-11.3.0
    tools/binutils/2.38-GCCcore-11.3.0 compiler/GCC/11.3.0
    tools/bzip2/1.0.8-GCCcore-11.3.0 tools/XZ/5.2.5-GCCcore-11.3.0
    system/OpenSSL/1.1 tools/cURL/7.83.0-GCCcore-11.3.0
    bio/HTSlib/1.15.1-GCC-11.3.0
	STAR --runThreadN 32 --genomeDir /scratch/USERNAME/Vitis/GGref/STAR_index_PN40024v4_ohd149 --readFilesIn /scratch/USERNAME/Vitis/Shi2024/SRR29330599_1.q30.fastq.gz /scratch/USERNAME/Vitis/Shi2024/SRR29330599_2.q30.fastq.gz --readFilesCommand zcat --outFileNamePrefix /scratch/USERNAME/Vitis/Shi2024/SRR29330599_ --outSAMtype BAM SortedByCoordinate --outBAMsortingBinsN 20 --limitBAMsortRAM 10000000000 --outFilterMultimapNmax 1 --twopassMode Basic
	STAR version: 2.7.10b   compiled: 2024-07-31T14:09:58+02:00 ramses4:/dev/shm/sborowsk/build/STAR/2.7.10b/GCC-11.3.0/STAR-2.7.10b/source
Aug 16 01:05:56 ..... started STAR run
Aug 16 01:05:56 ..... loading genome
Aug 16 01:05:57 ..... started 1st pass mapping
Aug 16 01:07:52 ..... finished 1st pass mapping
Aug 16 01:07:52 ..... inserting junctions into the genome indices
Aug 16 01:08:14 ..... started mapping
Aug 16 01:13:18 ..... finished mapping
Aug 16 01:13:19 ..... started sorting BAM
Aug 16 01:13:41 ..... finished successfully
=== fastp SRR29330601 Sun Aug 16 01:13:41 CEST 2026 ===
Loading bio/fastp/1.0.1-GCC-13.3.0
  Loading requirement: compiler/GCCcore/13.3.0 lib/zlib/1.3.1-GCCcore-13.3.0
    tools/binutils/2.42-GCCcore-13.3.0 compiler/GCC/13.3.0
    system/libdeflate/1.20-GCCcore-13.3.0 lang/NASM/2.16.03-GCCcore-13.3.0
    lib/ISA-L/2.31.0-GCCcore-13.3.0
Read1 before filtering:
total reads: 24830662
total bases: 3724599300
Q20 bases: 3661808292(98.3142%)
Q30 bases: 3561958382(95.6333%)
Q40 bases: 3033588396(81.4474%)

Read2 before filtering:
total reads: 24830662
total bases: 3724599300
Q20 bases: 3551393203(95.3497%)
Q30 bases: 3337973394(89.6197%)
Q40 bases: 2564283542(68.8472%)

Read1 after filtering:
total reads: 22604213
total bases: 3359155345
Q20 bases: 3329415729(99.1147%)
Q30 bases: 3266878635(97.253%)
Q40 bases: 2836524950(84.4416%)

Read2 after filtering:
total reads: 22604213
total bases: 3359155345
Q20 bases: 3295527416(98.1058%)
Q30 bases: 3160074741(94.0735%)
Q40 bases: 2484575001(73.9643%)

Filtering result:
reads passed filter: 45208426
reads failed due to low quality: 4450908
reads failed due to too many N: 1990
reads with adapter trimmed: 3006372
bases trimmed due to adapters: 63902182

Duplication rate: 17.5386%

Insert size peak (evaluated by paired-end reads): 207

JSON report: /scratch/USERNAME/Vitis/Shi2024/SRR29330601_fastp.json
HTML report: /scratch/USERNAME/Vitis/Shi2024/SRR29330601_fastp.html

fastp -i /scratch/USERNAME/Vitis/Shi2024/fastq/SRR29330601_1.fastq.gz -I /scratch/USERNAME/Vitis/Shi2024/fastq/SRR29330601_2.fastq.gz -o /scratch/USERNAME/Vitis/Shi2024/SRR29330601_1.q30.fastq.gz -O /scratch/USERNAME/Vitis/Shi2024/SRR29330601_2.q30.fastq.gz --average_qual 30 --disable_length_filtering -w 8 -j /scratch/USERNAME/Vitis/Shi2024/SRR29330601_fastp.json -h /scratch/USERNAME/Vitis/Shi2024/SRR29330601_fastp.html 
fastp v1.0.1, time used: 71 seconds
=== STAR SRR29330601 Sun Aug 16 01:14:52 CEST 2026 ===
Loading bio/STAR/2.7.10b-GCC-11.3.0
  Loading requirement: compiler/GCCcore/11.3.0 lib/zlib/1.2.12-GCCcore-11.3.0
    tools/binutils/2.38-GCCcore-11.3.0 compiler/GCC/11.3.0
    tools/bzip2/1.0.8-GCCcore-11.3.0 tools/XZ/5.2.5-GCCcore-11.3.0
    system/OpenSSL/1.1 tools/cURL/7.83.0-GCCcore-11.3.0
    bio/HTSlib/1.15.1-GCC-11.3.0
	STAR --runThreadN 32 --genomeDir /scratch/USERNAME/Vitis/GGref/STAR_index_PN40024v4_ohd149 --readFilesIn /scratch/USERNAME/Vitis/Shi2024/SRR29330601_1.q30.fastq.gz /scratch/USERNAME/Vitis/Shi2024/SRR29330601_2.q30.fastq.gz --readFilesCommand zcat --outFileNamePrefix /scratch/USERNAME/Vitis/Shi2024/SRR29330601_ --outSAMtype BAM SortedByCoordinate --outBAMsortingBinsN 20 --limitBAMsortRAM 10000000000 --outFilterMultimapNmax 1 --twopassMode Basic
	STAR version: 2.7.10b   compiled: 2024-07-31T14:09:58+02:00 ramses4:/dev/shm/sborowsk/build/STAR/2.7.10b/GCC-11.3.0/STAR-2.7.10b/source
Aug 16 01:14:52 ..... started STAR run
Aug 16 01:14:52 ..... loading genome
Aug 16 01:14:53 ..... started 1st pass mapping
Aug 16 01:16:29 ..... finished 1st pass mapping
Aug 16 01:16:29 ..... inserting junctions into the genome indices
Aug 16 01:16:51 ..... started mapping
Aug 16 01:18:37 ..... finished mapping
Aug 16 01:18:38 ..... started sorting BAM
Aug 16 01:18:57 ..... finished successfully
=== fastp SRR29330603 Sun Aug 16 01:18:57 CEST 2026 ===
Loading bio/fastp/1.0.1-GCC-13.3.0
  Loading requirement: compiler/GCCcore/13.3.0 lib/zlib/1.3.1-GCCcore-13.3.0
    tools/binutils/2.42-GCCcore-13.3.0 compiler/GCC/13.3.0
    system/libdeflate/1.20-GCCcore-13.3.0 lang/NASM/2.16.03-GCCcore-13.3.0
    lib/ISA-L/2.31.0-GCCcore-13.3.0
Read1 before filtering:
total reads: 18994808
total bases: 2849221200
Q20 bases: 2708770463(95.0706%)
Q30 bases: 2499046675(87.7098%)
Q40 bases: 1788486164(62.7711%)

Read2 before filtering:
total reads: 18994808
total bases: 2849221200
Q20 bases: 2644251526(92.8061%)
Q30 bases: 2415850195(84.7898%)
Q40 bases: 1752278410(61.5003%)

Read1 after filtering:
total reads: 15920122
total bases: 2357091365
Q20 bases: 2291525944(97.2184%)
Q30 bases: 2157365690(91.5266%)
Q40 bases: 1600887985(67.9179%)

Read2 after filtering:
total reads: 15920122
total bases: 2357091365
Q20 bases: 2297399568(97.4676%)
Q30 bases: 2177182844(92.3674%)
Q40 bases: 1654799628(70.2052%)

Filtering result:
reads passed filter: 31840244
reads failed due to low quality: 6146304
reads failed due to too many N: 3068
reads with adapter trimmed: 2630806
bases trimmed due to adapters: 63821754

Duplication rate: 17.7726%

Insert size peak (evaluated by paired-end reads): 198

JSON report: /scratch/USERNAME/Vitis/Shi2024/SRR29330603_fastp.json
HTML report: /scratch/USERNAME/Vitis/Shi2024/SRR29330603_fastp.html

fastp -i /scratch/USERNAME/Vitis/Shi2024/fastq/SRR29330603_1.fastq.gz -I /scratch/USERNAME/Vitis/Shi2024/fastq/SRR29330603_2.fastq.gz -o /scratch/USERNAME/Vitis/Shi2024/SRR29330603_1.q30.fastq.gz -O /scratch/USERNAME/Vitis/Shi2024/SRR29330603_2.q30.fastq.gz --average_qual 30 --disable_length_filtering -w 8 -j /scratch/USERNAME/Vitis/Shi2024/SRR29330603_fastp.json -h /scratch/USERNAME/Vitis/Shi2024/SRR29330603_fastp.html 
fastp v1.0.1, time used: 51 seconds
=== STAR SRR29330603 Sun Aug 16 01:19:49 CEST 2026 ===
Loading bio/STAR/2.7.10b-GCC-11.3.0
  Loading requirement: compiler/GCCcore/11.3.0 lib/zlib/1.2.12-GCCcore-11.3.0
    tools/binutils/2.38-GCCcore-11.3.0 compiler/GCC/11.3.0
    tools/bzip2/1.0.8-GCCcore-11.3.0 tools/XZ/5.2.5-GCCcore-11.3.0
    system/OpenSSL/1.1 tools/cURL/7.83.0-GCCcore-11.3.0
    bio/HTSlib/1.15.1-GCC-11.3.0
	STAR --runThreadN 32 --genomeDir /scratch/USERNAME/Vitis/GGref/STAR_index_PN40024v4_ohd149 --readFilesIn /scratch/USERNAME/Vitis/Shi2024/SRR29330603_1.q30.fastq.gz /scratch/USERNAME/Vitis/Shi2024/SRR29330603_2.q30.fastq.gz --readFilesCommand zcat --outFileNamePrefix /scratch/USERNAME/Vitis/Shi2024/SRR29330603_ --outSAMtype BAM SortedByCoordinate --outBAMsortingBinsN 20 --limitBAMsortRAM 10000000000 --outFilterMultimapNmax 1 --twopassMode Basic
	STAR version: 2.7.10b   compiled: 2024-07-31T14:09:58+02:00 ramses4:/dev/shm/sborowsk/build/STAR/2.7.10b/GCC-11.3.0/STAR-2.7.10b/source
Aug 16 01:19:49 ..... started STAR run
Aug 16 01:19:49 ..... loading genome
Aug 16 01:19:50 ..... started 1st pass mapping
Aug 16 01:20:55 ..... finished 1st pass mapping
Aug 16 01:20:55 ..... inserting junctions into the genome indices
Aug 16 01:21:13 ..... started mapping
Aug 16 01:23:55 ..... finished mapping
Aug 16 01:23:56 ..... started sorting BAM
Aug 16 01:24:10 ..... finished successfully
=== fastp SRR29330609 Sun Aug 16 01:24:10 CEST 2026 ===
Loading bio/fastp/1.0.1-GCC-13.3.0
  Loading requirement: compiler/GCCcore/13.3.0 lib/zlib/1.3.1-GCCcore-13.3.0
    tools/binutils/2.42-GCCcore-13.3.0 compiler/GCC/13.3.0
    system/libdeflate/1.20-GCCcore-13.3.0 lang/NASM/2.16.03-GCCcore-13.3.0
    lib/ISA-L/2.31.0-GCCcore-13.3.0
Read1 before filtering:
total reads: 31010872
total bases: 4651630800
Q20 bases: 4581619346(98.4949%)
Q30 bases: 4462611374(95.9365%)
Q40 bases: 3782203138(81.3092%)

Read2 before filtering:
total reads: 31010872
total bases: 4651630800
Q20 bases: 4417484742(94.9664%)
Q30 bases: 4130976756(88.8071%)
Q40 bases: 3157041541(67.8696%)

Read1 after filtering:
total reads: 28089828
total bases: 4176177193
Q20 bases: 4144598035(99.2438%)
Q30 bases: 4073094245(97.5316%)
Q40 bases: 3526861776(84.4519%)

Read2 after filtering:
total reads: 28089828
total bases: 4176177193
Q20 bases: 4082342854(97.7531%)
Q30 bases: 3897142141(93.3184%)
Q40 bases: 3054125771(73.1321%)

Filtering result:
reads passed filter: 56179656
reads failed due to low quality: 5839556
reads failed due to too many N: 2532
reads with adapter trimmed: 2938756
bases trimmed due to adapters: 75537894

Duplication rate: 21.4628%

Insert size peak (evaluated by paired-end reads): 216

JSON report: /scratch/USERNAME/Vitis/Shi2024/SRR29330609_fastp.json
HTML report: /scratch/USERNAME/Vitis/Shi2024/SRR29330609_fastp.html

fastp -i /scratch/USERNAME/Vitis/Shi2024/fastq/SRR29330609_1.fastq.gz -I /scratch/USERNAME/Vitis/Shi2024/fastq/SRR29330609_2.fastq.gz -o /scratch/USERNAME/Vitis/Shi2024/SRR29330609_1.q30.fastq.gz -O /scratch/USERNAME/Vitis/Shi2024/SRR29330609_2.q30.fastq.gz --average_qual 30 --disable_length_filtering -w 8 -j /scratch/USERNAME/Vitis/Shi2024/SRR29330609_fastp.json -h /scratch/USERNAME/Vitis/Shi2024/SRR29330609_fastp.html 
fastp v1.0.1, time used: 88 seconds
=== STAR SRR29330609 Sun Aug 16 01:25:39 CEST 2026 ===
Loading bio/STAR/2.7.10b-GCC-11.3.0
  Loading requirement: compiler/GCCcore/11.3.0 lib/zlib/1.2.12-GCCcore-11.3.0
    tools/binutils/2.38-GCCcore-11.3.0 compiler/GCC/11.3.0
    tools/bzip2/1.0.8-GCCcore-11.3.0 tools/XZ/5.2.5-GCCcore-11.3.0
    system/OpenSSL/1.1 tools/cURL/7.83.0-GCCcore-11.3.0
    bio/HTSlib/1.15.1-GCC-11.3.0
	STAR --runThreadN 32 --genomeDir /scratch/USERNAME/Vitis/GGref/STAR_index_PN40024v4_ohd149 --readFilesIn /scratch/USERNAME/Vitis/Shi2024/SRR29330609_1.q30.fastq.gz /scratch/USERNAME/Vitis/Shi2024/SRR29330609_2.q30.fastq.gz --readFilesCommand zcat --outFileNamePrefix /scratch/USERNAME/Vitis/Shi2024/SRR29330609_ --outSAMtype BAM SortedByCoordinate --outBAMsortingBinsN 20 --limitBAMsortRAM 10000000000 --outFilterMultimapNmax 1 --twopassMode Basic
	STAR version: 2.7.10b   compiled: 2024-07-31T14:09:58+02:00 ramses4:/dev/shm/sborowsk/build/STAR/2.7.10b/GCC-11.3.0/STAR-2.7.10b/source
Aug 16 01:25:39 ..... started STAR run
Aug 16 01:25:39 ..... loading genome
Aug 16 01:25:40 ..... started 1st pass mapping
Aug 16 01:27:31 ..... finished 1st pass mapping
Aug 16 01:27:31 ..... inserting junctions into the genome indices
Aug 16 01:27:53 ..... started mapping
Aug 16 01:30:17 ..... finished mapping
Aug 16 01:30:18 ..... started sorting BAM
Aug 16 01:30:42 ..... finished successfully
=== fastp SRR29330611 Sun Aug 16 01:30:42 CEST 2026 ===
Loading bio/fastp/1.0.1-GCC-13.3.0
  Loading requirement: compiler/GCCcore/13.3.0 lib/zlib/1.3.1-GCCcore-13.3.0
    tools/binutils/2.42-GCCcore-13.3.0 compiler/GCC/13.3.0
    system/libdeflate/1.20-GCCcore-13.3.0 lang/NASM/2.16.03-GCCcore-13.3.0
    lib/ISA-L/2.31.0-GCCcore-13.3.0
Read1 before filtering:
total reads: 27851573
total bases: 4177735950
Q20 bases: 4116375740(98.5313%)
Q30 bases: 4011440167(96.0195%)
Q40 bases: 3408853963(81.5957%)

Read2 before filtering:
total reads: 27851573
total bases: 4177735950
Q20 bases: 3969816762(95.0232%)
Q30 bases: 3719928219(89.0417%)
Q40 bases: 2868568945(68.6632%)

Read1 after filtering:
total reads: 25274662
total bases: 3747117874
Q20 bases: 3719541922(99.2641%)
Q30 bases: 3656590682(97.5841%)
Q40 bases: 3173235661(84.6847%)

Read2 after filtering:
total reads: 25274662
total bases: 3747117874
Q20 bases: 3665265881(97.8156%)
Q30 bases: 3505468054(93.551%)
Q40 bases: 2770914253(73.9479%)

Filtering result:
reads passed filter: 50549324
reads failed due to low quality: 5151436
reads failed due to too many N: 2386
reads with adapter trimmed: 3755342
bases trimmed due to adapters: 89375276

Duplication rate: 22.369%

Insert size peak (evaluated by paired-end reads): 198

JSON report: /scratch/USERNAME/Vitis/Shi2024/SRR29330611_fastp.json
HTML report: /scratch/USERNAME/Vitis/Shi2024/SRR29330611_fastp.html

fastp -i /scratch/USERNAME/Vitis/Shi2024/fastq/SRR29330611_1.fastq.gz -I /scratch/USERNAME/Vitis/Shi2024/fastq/SRR29330611_2.fastq.gz -o /scratch/USERNAME/Vitis/Shi2024/SRR29330611_1.q30.fastq.gz -O /scratch/USERNAME/Vitis/Shi2024/SRR29330611_2.q30.fastq.gz --average_qual 30 --disable_length_filtering -w 8 -j /scratch/USERNAME/Vitis/Shi2024/SRR29330611_fastp.json -h /scratch/USERNAME/Vitis/Shi2024/SRR29330611_fastp.html 
fastp v1.0.1, time used: 78 seconds
=== STAR SRR29330611 Sun Aug 16 01:32:00 CEST 2026 ===
Loading bio/STAR/2.7.10b-GCC-11.3.0
  Loading requirement: compiler/GCCcore/11.3.0 lib/zlib/1.2.12-GCCcore-11.3.0
    tools/binutils/2.38-GCCcore-11.3.0 compiler/GCC/11.3.0
    tools/bzip2/1.0.8-GCCcore-11.3.0 tools/XZ/5.2.5-GCCcore-11.3.0
    system/OpenSSL/1.1 tools/cURL/7.83.0-GCCcore-11.3.0
    bio/HTSlib/1.15.1-GCC-11.3.0
	STAR --runThreadN 32 --genomeDir /scratch/USERNAME/Vitis/GGref/STAR_index_PN40024v4_ohd149 --readFilesIn /scratch/USERNAME/Vitis/Shi2024/SRR29330611_1.q30.fastq.gz /scratch/USERNAME/Vitis/Shi2024/SRR29330611_2.q30.fastq.gz --readFilesCommand zcat --outFileNamePrefix /scratch/USERNAME/Vitis/Shi2024/SRR29330611_ --outSAMtype BAM SortedByCoordinate --outBAMsortingBinsN 20 --limitBAMsortRAM 10000000000 --outFilterMultimapNmax 1 --twopassMode Basic
	STAR version: 2.7.10b   compiled: 2024-07-31T14:09:58+02:00 ramses4:/dev/shm/sborowsk/build/STAR/2.7.10b/GCC-11.3.0/STAR-2.7.10b/source
Aug 16 01:32:01 ..... started STAR run
Aug 16 01:32:01 ..... loading genome
Aug 16 01:32:02 ..... started 1st pass mapping
Aug 16 01:33:40 ..... finished 1st pass mapping
Aug 16 01:33:40 ..... inserting junctions into the genome indices
Aug 16 01:34:00 ..... started mapping
Aug 16 01:36:38 ..... finished mapping
Aug 16 01:36:39 ..... started sorting BAM
Aug 16 01:37:00 ..... finished successfully
=== fastp SRR29330616 Sun Aug 16 01:37:00 CEST 2026 ===
Loading bio/fastp/1.0.1-GCC-13.3.0
  Loading requirement: compiler/GCCcore/13.3.0 lib/zlib/1.3.1-GCCcore-13.3.0
    tools/binutils/2.42-GCCcore-13.3.0 compiler/GCC/13.3.0
    system/libdeflate/1.20-GCCcore-13.3.0 lang/NASM/2.16.03-GCCcore-13.3.0
    lib/ISA-L/2.31.0-GCCcore-13.3.0
Read1 before filtering:
total reads: 41230468
total bases: 6184570200
Q20 bases: 6096478023(98.5756%)
Q30 bases: 5945569799(96.1355%)
Q40 bases: 5064417399(81.8879%)

Read2 before filtering:
total reads: 41230468
total bases: 6184570200
Q20 bases: 5891220171(95.2567%)
Q30 bases: 5520458281(89.2618%)
Q40 bases: 4232196688(68.4315%)

Read1 after filtering:
total reads: 37575570
total bases: 5591180389
Q20 bases: 5551139199(99.2839%)
Q30 bases: 5460003548(97.6539%)
Q40 bases: 4747625689(84.9128%)

Read2 after filtering:
total reads: 37575570
total bases: 5591180389
Q20 bases: 5470479487(97.8412%)
Q30 bases: 5227079674(93.4879%)
Q40 bases: 4105170825(73.4223%)

Filtering result:
reads passed filter: 75151140
reads failed due to low quality: 7306412
reads failed due to too many N: 3384
reads with adapter trimmed: 4446580
bases trimmed due to adapters: 91387064

Duplication rate: 19.4872%

Insert size peak (evaluated by paired-end reads): 198

JSON report: /scratch/USERNAME/Vitis/Shi2024/SRR29330616_fastp.json
HTML report: /scratch/USERNAME/Vitis/Shi2024/SRR29330616_fastp.html

fastp -i /scratch/USERNAME/Vitis/Shi2024/fastq/SRR29330616_1.fastq.gz -I /scratch/USERNAME/Vitis/Shi2024/fastq/SRR29330616_2.fastq.gz -o /scratch/USERNAME/Vitis/Shi2024/SRR29330616_1.q30.fastq.gz -O /scratch/USERNAME/Vitis/Shi2024/SRR29330616_2.q30.fastq.gz --average_qual 30 --disable_length_filtering -w 8 -j /scratch/USERNAME/Vitis/Shi2024/SRR29330616_fastp.json -h /scratch/USERNAME/Vitis/Shi2024/SRR29330616_fastp.html 
fastp v1.0.1, time used: 117 seconds
=== STAR SRR29330616 Sun Aug 16 01:38:57 CEST 2026 ===
Loading bio/STAR/2.7.10b-GCC-11.3.0
  Loading requirement: compiler/GCCcore/11.3.0 lib/zlib/1.2.12-GCCcore-11.3.0
    tools/binutils/2.38-GCCcore-11.3.0 compiler/GCC/11.3.0
    tools/bzip2/1.0.8-GCCcore-11.3.0 tools/XZ/5.2.5-GCCcore-11.3.0
    system/OpenSSL/1.1 tools/cURL/7.83.0-GCCcore-11.3.0
    bio/HTSlib/1.15.1-GCC-11.3.0
	STAR --runThreadN 32 --genomeDir /scratch/USERNAME/Vitis/GGref/STAR_index_PN40024v4_ohd149 --readFilesIn /scratch/USERNAME/Vitis/Shi2024/SRR29330616_1.q30.fastq.gz /scratch/USERNAME/Vitis/Shi2024/SRR29330616_2.q30.fastq.gz --readFilesCommand zcat --outFileNamePrefix /scratch/USERNAME/Vitis/Shi2024/SRR29330616_ --outSAMtype BAM SortedByCoordinate --outBAMsortingBinsN 20 --limitBAMsortRAM 10000000000 --outFilterMultimapNmax 1 --twopassMode Basic
	STAR version: 2.7.10b   compiled: 2024-07-31T14:09:58+02:00 ramses4:/dev/shm/sborowsk/build/STAR/2.7.10b/GCC-11.3.0/STAR-2.7.10b/source
Aug 16 01:38:57 ..... started STAR run
Aug 16 01:38:57 ..... loading genome
Aug 16 01:38:58 ..... started 1st pass mapping
Aug 16 01:41:23 ..... finished 1st pass mapping
Aug 16 01:41:23 ..... inserting junctions into the genome indices
Aug 16 01:41:49 ..... started mapping
Aug 16 01:44:32 ..... finished mapping
Aug 16 01:44:33 ..... started sorting BAM
Aug 16 01:45:05 ..... finished successfully
=== fastp SRR29330624 Sun Aug 16 01:45:05 CEST 2026 ===
Loading bio/fastp/1.0.1-GCC-13.3.0
  Loading requirement: compiler/GCCcore/13.3.0 lib/zlib/1.3.1-GCCcore-13.3.0
    tools/binutils/2.42-GCCcore-13.3.0 compiler/GCC/13.3.0
    system/libdeflate/1.20-GCCcore-13.3.0 lang/NASM/2.16.03-GCCcore-13.3.0
    lib/ISA-L/2.31.0-GCCcore-13.3.0
Read1 before filtering:
total reads: 34997496
total bases: 5249624400
Q20 bases: 5150393687(98.1098%)
Q30 bases: 4990310101(95.0603%)
Q40 bases: 4142459178(78.9096%)

Read2 before filtering:
total reads: 34997496
total bases: 5249624400
Q20 bases: 5000275220(95.2502%)
Q30 bases: 4697935160(89.4909%)
Q40 bases: 3656254877(69.6479%)

Read1 after filtering:
total reads: 31810700
total bases: 4707459453
Q20 bases: 4663061846(99.0569%)
Q30 bases: 4564316336(96.9592%)
Q40 bases: 3870910551(82.2293%)

Read2 after filtering:
total reads: 31810700
total bases: 4707459453
Q20 bases: 4616074505(98.0587%)
Q30 bases: 4426168053(94.0246%)
Q40 bases: 3527324917(74.9305%)

Filtering result:
reads passed filter: 63621400
reads failed due to low quality: 6367530
reads failed due to too many N: 6062
reads with adapter trimmed: 5290734
bases trimmed due to adapters: 130717690

Duplication rate: 25.4034%

Insert size peak (evaluated by paired-end reads): 198

JSON report: /scratch/USERNAME/Vitis/Shi2024/SRR29330624_fastp.json
HTML report: /scratch/USERNAME/Vitis/Shi2024/SRR29330624_fastp.html

fastp -i /scratch/USERNAME/Vitis/Shi2024/fastq/SRR29330624_1.fastq.gz -I /scratch/USERNAME/Vitis/Shi2024/fastq/SRR29330624_2.fastq.gz -o /scratch/USERNAME/Vitis/Shi2024/SRR29330624_1.q30.fastq.gz -O /scratch/USERNAME/Vitis/Shi2024/SRR29330624_2.q30.fastq.gz --average_qual 30 --disable_length_filtering -w 8 -j /scratch/USERNAME/Vitis/Shi2024/SRR29330624_fastp.json -h /scratch/USERNAME/Vitis/Shi2024/SRR29330624_fastp.html 
fastp v1.0.1, time used: 97 seconds
=== STAR SRR29330624 Sun Aug 16 01:46:42 CEST 2026 ===
Loading bio/STAR/2.7.10b-GCC-11.3.0
  Loading requirement: compiler/GCCcore/11.3.0 lib/zlib/1.2.12-GCCcore-11.3.0
    tools/binutils/2.38-GCCcore-11.3.0 compiler/GCC/11.3.0
    tools/bzip2/1.0.8-GCCcore-11.3.0 tools/XZ/5.2.5-GCCcore-11.3.0
    system/OpenSSL/1.1 tools/cURL/7.83.0-GCCcore-11.3.0
    bio/HTSlib/1.15.1-GCC-11.3.0
	STAR --runThreadN 32 --genomeDir /scratch/USERNAME/Vitis/GGref/STAR_index_PN40024v4_ohd149 --readFilesIn /scratch/USERNAME/Vitis/Shi2024/SRR29330624_1.q30.fastq.gz /scratch/USERNAME/Vitis/Shi2024/SRR29330624_2.q30.fastq.gz --readFilesCommand zcat --outFileNamePrefix /scratch/USERNAME/Vitis/Shi2024/SRR29330624_ --outSAMtype BAM SortedByCoordinate --outBAMsortingBinsN 20 --limitBAMsortRAM 10000000000 --outFilterMultimapNmax 1 --twopassMode Basic
	STAR version: 2.7.10b   compiled: 2024-07-31T14:09:58+02:00 ramses4:/dev/shm/sborowsk/build/STAR/2.7.10b/GCC-11.3.0/STAR-2.7.10b/source
Aug 16 01:46:42 ..... started STAR run
Aug 16 01:46:42 ..... loading genome
Aug 16 01:46:43 ..... started 1st pass mapping
Aug 16 01:48:54 ..... finished 1st pass mapping
Aug 16 01:48:55 ..... inserting junctions into the genome indices
Aug 16 01:49:15 ..... started mapping
Aug 16 01:55:39 ..... finished mapping
Aug 16 01:55:40 ..... started sorting BAM
Aug 16 01:56:05 ..... finished successfully
=== fastp SRR29330626 Sun Aug 16 01:56:05 CEST 2026 ===
Loading bio/fastp/1.0.1-GCC-13.3.0
  Loading requirement: compiler/GCCcore/13.3.0 lib/zlib/1.3.1-GCCcore-13.3.0
    tools/binutils/2.42-GCCcore-13.3.0 compiler/GCC/13.3.0
    system/libdeflate/1.20-GCCcore-13.3.0 lang/NASM/2.16.03-GCCcore-13.3.0
    lib/ISA-L/2.31.0-GCCcore-13.3.0
Read1 before filtering:
total reads: 28356906
total bases: 4253535900
Q20 bases: 3987331625(93.7416%)
Q30 bases: 3623124033(85.1791%)
Q40 bases: 2484586685(58.4123%)

Read2 before filtering:
total reads: 28356906
total bases: 4253535900
Q20 bases: 3951991520(92.9107%)
Q30 bases: 3613058126(84.9425%)
Q40 bases: 2629880931(61.8281%)

Read1 after filtering:
total reads: 23541561
total bases: 3483666627
Q20 bases: 3364760765(96.5868%)
Q30 bases: 3132385790(89.9163%)
Q40 bases: 2229565380(64.0005%)

Read2 after filtering:
total reads: 23541561
total bases: 3483666627
Q20 bases: 3400765815(97.6203%)
Q30 bases: 3225297428(92.5834%)
Q40 bases: 2461732313(70.665%)

Filtering result:
reads passed filter: 47083122
reads failed due to low quality: 9627068
reads failed due to too many N: 3622
reads with adapter trimmed: 3862228
bases trimmed due to adapters: 98316710

Duplication rate: 17.3239%

Insert size peak (evaluated by paired-end reads): 198

JSON report: /scratch/USERNAME/Vitis/Shi2024/SRR29330626_fastp.json
HTML report: /scratch/USERNAME/Vitis/Shi2024/SRR29330626_fastp.html

fastp -i /scratch/USERNAME/Vitis/Shi2024/fastq/SRR29330626_1.fastq.gz -I /scratch/USERNAME/Vitis/Shi2024/fastq/SRR29330626_2.fastq.gz -o /scratch/USERNAME/Vitis/Shi2024/SRR29330626_1.q30.fastq.gz -O /scratch/USERNAME/Vitis/Shi2024/SRR29330626_2.q30.fastq.gz --average_qual 30 --disable_length_filtering -w 8 -j /scratch/USERNAME/Vitis/Shi2024/SRR29330626_fastp.json -h /scratch/USERNAME/Vitis/Shi2024/SRR29330626_fastp.html 
fastp v1.0.1, time used: 77 seconds
=== STAR SRR29330626 Sun Aug 16 01:57:23 CEST 2026 ===
Loading bio/STAR/2.7.10b-GCC-11.3.0
  Loading requirement: compiler/GCCcore/11.3.0 lib/zlib/1.2.12-GCCcore-11.3.0
    tools/binutils/2.38-GCCcore-11.3.0 compiler/GCC/11.3.0
    tools/bzip2/1.0.8-GCCcore-11.3.0 tools/XZ/5.2.5-GCCcore-11.3.0
    system/OpenSSL/1.1 tools/cURL/7.83.0-GCCcore-11.3.0
    bio/HTSlib/1.15.1-GCC-11.3.0
	STAR --runThreadN 32 --genomeDir /scratch/USERNAME/Vitis/GGref/STAR_index_PN40024v4_ohd149 --readFilesIn /scratch/USERNAME/Vitis/Shi2024/SRR29330626_1.q30.fastq.gz /scratch/USERNAME/Vitis/Shi2024/SRR29330626_2.q30.fastq.gz --readFilesCommand zcat --outFileNamePrefix /scratch/USERNAME/Vitis/Shi2024/SRR29330626_ --outSAMtype BAM SortedByCoordinate --outBAMsortingBinsN 20 --limitBAMsortRAM 10000000000 --outFilterMultimapNmax 1 --twopassMode Basic
	STAR version: 2.7.10b   compiled: 2024-07-31T14:09:58+02:00 ramses4:/dev/shm/sborowsk/build/STAR/2.7.10b/GCC-11.3.0/STAR-2.7.10b/source
Aug 16 01:57:23 ..... started STAR run
Aug 16 01:57:23 ..... loading genome
Aug 16 01:57:24 ..... started 1st pass mapping
Aug 16 01:59:10 ..... finished 1st pass mapping
Aug 16 01:59:11 ..... inserting junctions into the genome indices
Aug 16 01:59:31 ..... started mapping
Aug 16 02:03:47 ..... finished mapping
Aug 16 02:03:48 ..... started sorting BAM
Aug 16 02:04:10 ..... finished successfully
=== fastp SRR29330629 Sun Aug 16 02:04:10 CEST 2026 ===
Loading bio/fastp/1.0.1-GCC-13.3.0
  Loading requirement: compiler/GCCcore/13.3.0 lib/zlib/1.3.1-GCCcore-13.3.0
    tools/binutils/2.42-GCCcore-13.3.0 compiler/GCC/13.3.0
    system/libdeflate/1.20-GCCcore-13.3.0 lang/NASM/2.16.03-GCCcore-13.3.0
    lib/ISA-L/2.31.0-GCCcore-13.3.0
Read1 before filtering:
total reads: 28840223
total bases: 4326033450
Q20 bases: 4242912798(98.0786%)
Q30 bases: 4115034073(95.1226%)
Q40 bases: 3436624007(79.4405%)

Read2 before filtering:
total reads: 28840223
total bases: 4326033450
Q20 bases: 4134018098(95.5614%)
Q30 bases: 3894104774(90.0156%)
Q40 bases: 3046606897(70.425%)

Read1 after filtering:
total reads: 26382132
total bases: 3906821614
Q20 bases: 3871449696(99.0946%)
Q30 bases: 3792186835(97.0658%)
Q40 bases: 3230049402(82.6772%)

Read2 after filtering:
total reads: 26382132
total bases: 3906821614
Q20 bases: 3833341820(98.1192%)
Q30 bases: 3678327945(94.1514%)
Q40 bases: 2939979925(75.2525%)

Filtering result:
reads passed filter: 52764264
reads failed due to low quality: 4911262
reads failed due to too many N: 4920
reads with adapter trimmed: 4088278
bases trimmed due to adapters: 102760914

Duplication rate: 34.5907%

Insert size peak (evaluated by paired-end reads): 207

JSON report: /scratch/USERNAME/Vitis/Shi2024/SRR29330629_fastp.json
HTML report: /scratch/USERNAME/Vitis/Shi2024/SRR29330629_fastp.html

fastp -i /scratch/USERNAME/Vitis/Shi2024/fastq/SRR29330629_1.fastq.gz -I /scratch/USERNAME/Vitis/Shi2024/fastq/SRR29330629_2.fastq.gz -o /scratch/USERNAME/Vitis/Shi2024/SRR29330629_1.q30.fastq.gz -O /scratch/USERNAME/Vitis/Shi2024/SRR29330629_2.q30.fastq.gz --average_qual 30 --disable_length_filtering -w 8 -j /scratch/USERNAME/Vitis/Shi2024/SRR29330629_fastp.json -h /scratch/USERNAME/Vitis/Shi2024/SRR29330629_fastp.html 
fastp v1.0.1, time used: 79 seconds
=== STAR SRR29330629 Sun Aug 16 02:05:30 CEST 2026 ===
Loading bio/STAR/2.7.10b-GCC-11.3.0
  Loading requirement: compiler/GCCcore/11.3.0 lib/zlib/1.2.12-GCCcore-11.3.0
    tools/binutils/2.38-GCCcore-11.3.0 compiler/GCC/11.3.0
    tools/bzip2/1.0.8-GCCcore-11.3.0 tools/XZ/5.2.5-GCCcore-11.3.0
    system/OpenSSL/1.1 tools/cURL/7.83.0-GCCcore-11.3.0
    bio/HTSlib/1.15.1-GCC-11.3.0
	STAR --runThreadN 32 --genomeDir /scratch/USERNAME/Vitis/GGref/STAR_index_PN40024v4_ohd149 --readFilesIn /scratch/USERNAME/Vitis/Shi2024/SRR29330629_1.q30.fastq.gz /scratch/USERNAME/Vitis/Shi2024/SRR29330629_2.q30.fastq.gz --readFilesCommand zcat --outFileNamePrefix /scratch/USERNAME/Vitis/Shi2024/SRR29330629_ --outSAMtype BAM SortedByCoordinate --outBAMsortingBinsN 20 --limitBAMsortRAM 10000000000 --outFilterMultimapNmax 1 --twopassMode Basic
	STAR version: 2.7.10b   compiled: 2024-07-31T14:09:58+02:00 ramses4:/dev/shm/sborowsk/build/STAR/2.7.10b/GCC-11.3.0/STAR-2.7.10b/source
Aug 16 02:05:30 ..... started STAR run
Aug 16 02:05:30 ..... loading genome
Aug 16 02:05:31 ..... started 1st pass mapping
Aug 16 02:07:23 ..... finished 1st pass mapping
Aug 16 02:07:23 ..... inserting junctions into the genome indices
Aug 16 02:07:41 ..... started mapping
Aug 16 02:11:25 ..... finished mapping
Aug 16 02:11:25 ..... started sorting BAM
Aug 16 02:11:45 ..... finished successfully
=== fastp SRR29330633 Sun Aug 16 02:11:46 CEST 2026 ===
Loading bio/fastp/1.0.1-GCC-13.3.0
  Loading requirement: compiler/GCCcore/13.3.0 lib/zlib/1.3.1-GCCcore-13.3.0
    tools/binutils/2.42-GCCcore-13.3.0 compiler/GCC/13.3.0
    system/libdeflate/1.20-GCCcore-13.3.0 lang/NASM/2.16.03-GCCcore-13.3.0
    lib/ISA-L/2.31.0-GCCcore-13.3.0
Read1 before filtering:
total reads: 23516839
total bases: 3527525850
Q20 bases: 3443599275(97.6208%)
Q30 bases: 3311620534(93.8794%)
Q40 bases: 2677961570(75.9161%)

Read2 before filtering:
total reads: 23516839
total bases: 3527525850
Q20 bases: 3303798037(93.6577%)
Q30 bases: 3043683094(86.2838%)
Q40 bases: 2241770450(63.5508%)

Read1 after filtering:
total reads: 20628114
total bases: 3061428047
Q20 bases: 3024865134(98.8057%)
Q30 bases: 2947449565(96.277%)
Q40 bases: 2454222566(80.1659%)

Read2 after filtering:
total reads: 20628114
total bases: 3061428047
Q20 bases: 2985739419(97.5277%)
Q30 bases: 2830006827(92.4407%)
Q40 bases: 2155585629(70.4111%)

Filtering result:
reads passed filter: 41256228
reads failed due to low quality: 5774068
reads failed due to too many N: 3382
reads with adapter trimmed: 2630912
bases trimmed due to adapters: 66970584

Duplication rate: 19.7599%

Insert size peak (evaluated by paired-end reads): 208

JSON report: /scratch/USERNAME/Vitis/Shi2024/SRR29330633_fastp.json
HTML report: /scratch/USERNAME/Vitis/Shi2024/SRR29330633_fastp.html

fastp -i /scratch/USERNAME/Vitis/Shi2024/fastq/SRR29330633_1.fastq.gz -I /scratch/USERNAME/Vitis/Shi2024/fastq/SRR29330633_2.fastq.gz -o /scratch/USERNAME/Vitis/Shi2024/SRR29330633_1.q30.fastq.gz -O /scratch/USERNAME/Vitis/Shi2024/SRR29330633_2.q30.fastq.gz --average_qual 30 --disable_length_filtering -w 8 -j /scratch/USERNAME/Vitis/Shi2024/SRR29330633_fastp.json -h /scratch/USERNAME/Vitis/Shi2024/SRR29330633_fastp.html 
fastp v1.0.1, time used: 65 seconds
=== STAR SRR29330633 Sun Aug 16 02:12:51 CEST 2026 ===
Loading bio/STAR/2.7.10b-GCC-11.3.0
  Loading requirement: compiler/GCCcore/11.3.0 lib/zlib/1.2.12-GCCcore-11.3.0
    tools/binutils/2.38-GCCcore-11.3.0 compiler/GCC/11.3.0
    tools/bzip2/1.0.8-GCCcore-11.3.0 tools/XZ/5.2.5-GCCcore-11.3.0
    system/OpenSSL/1.1 tools/cURL/7.83.0-GCCcore-11.3.0
    bio/HTSlib/1.15.1-GCC-11.3.0
	STAR --runThreadN 32 --genomeDir /scratch/USERNAME/Vitis/GGref/STAR_index_PN40024v4_ohd149 --readFilesIn /scratch/USERNAME/Vitis/Shi2024/SRR29330633_1.q30.fastq.gz /scratch/USERNAME/Vitis/Shi2024/SRR29330633_2.q30.fastq.gz --readFilesCommand zcat --outFileNamePrefix /scratch/USERNAME/Vitis/Shi2024/SRR29330633_ --outSAMtype BAM SortedByCoordinate --outBAMsortingBinsN 20 --limitBAMsortRAM 10000000000 --outFilterMultimapNmax 1 --twopassMode Basic
	STAR version: 2.7.10b   compiled: 2024-07-31T14:09:58+02:00 ramses4:/dev/shm/sborowsk/build/STAR/2.7.10b/GCC-11.3.0/STAR-2.7.10b/source
Aug 16 02:12:52 ..... started STAR run
Aug 16 02:12:52 ..... loading genome
Aug 16 02:12:53 ..... started 1st pass mapping
Aug 16 02:14:22 ..... finished 1st pass mapping
Aug 16 02:14:22 ..... inserting junctions into the genome indices
Aug 16 02:14:42 ..... started mapping
Aug 16 02:18:05 ..... finished mapping
Aug 16 02:18:06 ..... started sorting BAM
Aug 16 02:18:23 ..... finished successfully
=== fastp SRR29330594 Sun Aug 16 02:18:24 CEST 2026 ===
Loading bio/fastp/1.0.1-GCC-13.3.0
  Loading requirement: compiler/GCCcore/13.3.0 lib/zlib/1.3.1-GCCcore-13.3.0
    tools/binutils/2.42-GCCcore-13.3.0 compiler/GCC/13.3.0
    system/libdeflate/1.20-GCCcore-13.3.0 lang/NASM/2.16.03-GCCcore-13.3.0
    lib/ISA-L/2.31.0-GCCcore-13.3.0
Read1 before filtering:
total reads: 31776910
total bases: 4766536500
Q20 bases: 4671006666(97.9958%)
Q30 bases: 4517643396(94.7783%)
Q40 bases: 3721452614(78.0746%)

Read2 before filtering:
total reads: 31776910
total bases: 4766536500
Q20 bases: 4508969233(94.5963%)
Q30 bases: 4204608190(88.211%)
Q40 bases: 3213852862(67.4253%)

Read1 after filtering:
total reads: 28429696
total bases: 4224768930
Q20 bases: 4184032443(99.0358%)
Q30 bases: 4092852789(96.8776%)
Q40 bases: 3456397521(81.8127%)

Read2 after filtering:
total reads: 28429696
total bases: 4224768930
Q20 bases: 4133716817(97.8448%)
Q30 bases: 3946865811(93.4221%)
Q40 bases: 3101682090(73.4166%)

Filtering result:
reads passed filter: 56859392
reads failed due to low quality: 6689208
reads failed due to too many N: 5220
reads with adapter trimmed: 3137176
bases trimmed due to adapters: 80922830

Duplication rate: 26.6454%

Insert size peak (evaluated by paired-end reads): 216

JSON report: /scratch/USERNAME/Vitis/Shi2024/SRR29330594_fastp.json
HTML report: /scratch/USERNAME/Vitis/Shi2024/SRR29330594_fastp.html

fastp -i /scratch/USERNAME/Vitis/Shi2024/fastq/SRR29330594_1.fastq.gz -I /scratch/USERNAME/Vitis/Shi2024/fastq/SRR29330594_2.fastq.gz -o /scratch/USERNAME/Vitis/Shi2024/SRR29330594_1.q30.fastq.gz -O /scratch/USERNAME/Vitis/Shi2024/SRR29330594_2.q30.fastq.gz --average_qual 30 --disable_length_filtering -w 8 -j /scratch/USERNAME/Vitis/Shi2024/SRR29330594_fastp.json -h /scratch/USERNAME/Vitis/Shi2024/SRR29330594_fastp.html 
fastp v1.0.1, time used: 88 seconds
=== STAR SRR29330594 Sun Aug 16 02:19:52 CEST 2026 ===
Loading bio/STAR/2.7.10b-GCC-11.3.0
  Loading requirement: compiler/GCCcore/11.3.0 lib/zlib/1.2.12-GCCcore-11.3.0
    tools/binutils/2.38-GCCcore-11.3.0 compiler/GCC/11.3.0
    tools/bzip2/1.0.8-GCCcore-11.3.0 tools/XZ/5.2.5-GCCcore-11.3.0
    system/OpenSSL/1.1 tools/cURL/7.83.0-GCCcore-11.3.0
    bio/HTSlib/1.15.1-GCC-11.3.0
	STAR --runThreadN 32 --genomeDir /scratch/USERNAME/Vitis/GGref/STAR_index_PN40024v4_ohd149 --readFilesIn /scratch/USERNAME/Vitis/Shi2024/SRR29330594_1.q30.fastq.gz /scratch/USERNAME/Vitis/Shi2024/SRR29330594_2.q30.fastq.gz --readFilesCommand zcat --outFileNamePrefix /scratch/USERNAME/Vitis/Shi2024/SRR29330594_ --outSAMtype BAM SortedByCoordinate --outBAMsortingBinsN 20 --limitBAMsortRAM 10000000000 --outFilterMultimapNmax 1 --twopassMode Basic
	STAR version: 2.7.10b   compiled: 2024-07-31T14:09:58+02:00 ramses4:/dev/shm/sborowsk/build/STAR/2.7.10b/GCC-11.3.0/STAR-2.7.10b/source
Aug 16 02:19:52 ..... started STAR run
Aug 16 02:19:52 ..... loading genome
Aug 16 02:19:53 ..... started 1st pass mapping
Aug 16 02:21:48 ..... finished 1st pass mapping
Aug 16 02:21:49 ..... inserting junctions into the genome indices
Aug 16 02:22:09 ..... started mapping
Aug 16 02:25:51 ..... finished mapping
Aug 16 02:25:51 ..... started sorting BAM
Aug 16 02:26:14 ..... finished successfully
=== fastp SRR29330600 Sun Aug 16 02:26:14 CEST 2026 ===
Loading bio/fastp/1.0.1-GCC-13.3.0
  Loading requirement: compiler/GCCcore/13.3.0 lib/zlib/1.3.1-GCCcore-13.3.0
    tools/binutils/2.42-GCCcore-13.3.0 compiler/GCC/13.3.0
    system/libdeflate/1.20-GCCcore-13.3.0 lang/NASM/2.16.03-GCCcore-13.3.0
    lib/ISA-L/2.31.0-GCCcore-13.3.0
Read1 before filtering:
total reads: 23647110
total bases: 3547066500
Q20 bases: 3496689079(98.5797%)
Q30 bases: 3409318820(96.1166%)
Q40 bases: 2902456335(81.827%)

Read2 before filtering:
total reads: 23647110
total bases: 3547066500
Q20 bases: 3357717748(94.6618%)
Q30 bases: 3140253489(88.531%)
Q40 bases: 2414290989(68.0644%)

Read1 after filtering:
total reads: 21260961
total bases: 3146815953
Q20 bases: 3125326040(99.3171%)
Q30 bases: 3074998871(97.7178%)
Q40 bases: 2677734022(85.0934%)

Read2 after filtering:
total reads: 21260961
total bases: 3146815953
Q20 bases: 3078475875(97.8283%)
Q30 bases: 2946131057(93.6226%)
Q40 bases: 2327123601(73.9517%)

Filtering result:
reads passed filter: 42521922
reads failed due to low quality: 4767598
reads failed due to too many N: 4700
reads with adapter trimmed: 3598394
bases trimmed due to adapters: 86145500

Duplication rate: 21.749%

Insert size peak (evaluated by paired-end reads): 198

JSON report: /scratch/USERNAME/Vitis/Shi2024/SRR29330600_fastp.json
HTML report: /scratch/USERNAME/Vitis/Shi2024/SRR29330600_fastp.html

fastp -i /scratch/USERNAME/Vitis/Shi2024/fastq/SRR29330600_1.fastq.gz -I /scratch/USERNAME/Vitis/Shi2024/fastq/SRR29330600_2.fastq.gz -o /scratch/USERNAME/Vitis/Shi2024/SRR29330600_1.q30.fastq.gz -O /scratch/USERNAME/Vitis/Shi2024/SRR29330600_2.q30.fastq.gz --average_qual 30 --disable_length_filtering -w 8 -j /scratch/USERNAME/Vitis/Shi2024/SRR29330600_fastp.json -h /scratch/USERNAME/Vitis/Shi2024/SRR29330600_fastp.html 
fastp v1.0.1, time used: 65 seconds
=== STAR SRR29330600 Sun Aug 16 02:27:20 CEST 2026 ===
Loading bio/STAR/2.7.10b-GCC-11.3.0
  Loading requirement: compiler/GCCcore/11.3.0 lib/zlib/1.2.12-GCCcore-11.3.0
    tools/binutils/2.38-GCCcore-11.3.0 compiler/GCC/11.3.0
    tools/bzip2/1.0.8-GCCcore-11.3.0 tools/XZ/5.2.5-GCCcore-11.3.0
    system/OpenSSL/1.1 tools/cURL/7.83.0-GCCcore-11.3.0
    bio/HTSlib/1.15.1-GCC-11.3.0
	STAR --runThreadN 32 --genomeDir /scratch/USERNAME/Vitis/GGref/STAR_index_PN40024v4_ohd149 --readFilesIn /scratch/USERNAME/Vitis/Shi2024/SRR29330600_1.q30.fastq.gz /scratch/USERNAME/Vitis/Shi2024/SRR29330600_2.q30.fastq.gz --readFilesCommand zcat --outFileNamePrefix /scratch/USERNAME/Vitis/Shi2024/SRR29330600_ --outSAMtype BAM SortedByCoordinate --outBAMsortingBinsN 20 --limitBAMsortRAM 10000000000 --outFilterMultimapNmax 1 --twopassMode Basic
	STAR version: 2.7.10b   compiled: 2024-07-31T14:09:58+02:00 ramses4:/dev/shm/sborowsk/build/STAR/2.7.10b/GCC-11.3.0/STAR-2.7.10b/source
Aug 16 02:27:20 ..... started STAR run
Aug 16 02:27:20 ..... loading genome
Aug 16 02:27:21 ..... started 1st pass mapping
Aug 16 02:28:47 ..... finished 1st pass mapping
Aug 16 02:28:47 ..... inserting junctions into the genome indices
Aug 16 02:29:09 ..... started mapping
Aug 16 02:32:41 ..... finished mapping
Aug 16 02:32:42 ..... started sorting BAM
Aug 16 02:32:59 ..... finished successfully
=== fastp SRR29330604 Sun Aug 16 02:32:59 CEST 2026 ===
Loading bio/fastp/1.0.1-GCC-13.3.0
  Loading requirement: compiler/GCCcore/13.3.0 lib/zlib/1.3.1-GCCcore-13.3.0
    tools/binutils/2.42-GCCcore-13.3.0 compiler/GCC/13.3.0
    system/libdeflate/1.20-GCCcore-13.3.0 lang/NASM/2.16.03-GCCcore-13.3.0
    lib/ISA-L/2.31.0-GCCcore-13.3.0
Read1 before filtering:
total reads: 21335382
total bases: 3200307300
Q20 bases: 3154628770(98.5727%)
Q30 bases: 3075572194(96.1024%)
Q40 bases: 2617134660(81.7776%)

Read2 before filtering:
total reads: 21335382
total bases: 3200307300
Q20 bases: 3040850828(95.0175%)
Q30 bases: 2847460299(88.9746%)
Q40 bases: 2176384660(68.0055%)

Read1 after filtering:
total reads: 19320722
total bases: 2856709781
Q20 bases: 2836869675(99.3055%)
Q30 bases: 2790245459(97.6734%)
Q40 bases: 2425678975(84.9116%)

Read2 after filtering:
total reads: 19320722
total bases: 2856709781
Q20 bases: 2796609540(97.8962%)
Q30 bases: 2675349901(93.6514%)
Q40 bases: 2097760606(73.4328%)

Filtering result:
reads passed filter: 38641444
reads failed due to low quality: 4025014
reads failed due to too many N: 4306
reads with adapter trimmed: 3432632
bases trimmed due to adapters: 84077052

Duplication rate: 22.1366%

Insert size peak (evaluated by paired-end reads): 198

JSON report: /scratch/USERNAME/Vitis/Shi2024/SRR29330604_fastp.json
HTML report: /scratch/USERNAME/Vitis/Shi2024/SRR29330604_fastp.html

fastp -i /scratch/USERNAME/Vitis/Shi2024/fastq/SRR29330604_1.fastq.gz -I /scratch/USERNAME/Vitis/Shi2024/fastq/SRR29330604_2.fastq.gz -o /scratch/USERNAME/Vitis/Shi2024/SRR29330604_1.q30.fastq.gz -O /scratch/USERNAME/Vitis/Shi2024/SRR29330604_2.q30.fastq.gz --average_qual 30 --disable_length_filtering -w 8 -j /scratch/USERNAME/Vitis/Shi2024/SRR29330604_fastp.json -h /scratch/USERNAME/Vitis/Shi2024/SRR29330604_fastp.html 
fastp v1.0.1, time used: 60 seconds
=== STAR SRR29330604 Sun Aug 16 02:34:00 CEST 2026 ===
Loading bio/STAR/2.7.10b-GCC-11.3.0
  Loading requirement: compiler/GCCcore/11.3.0 lib/zlib/1.2.12-GCCcore-11.3.0
    tools/binutils/2.38-GCCcore-11.3.0 compiler/GCC/11.3.0
    tools/bzip2/1.0.8-GCCcore-11.3.0 tools/XZ/5.2.5-GCCcore-11.3.0
    system/OpenSSL/1.1 tools/cURL/7.83.0-GCCcore-11.3.0
    bio/HTSlib/1.15.1-GCC-11.3.0
	STAR --runThreadN 32 --genomeDir /scratch/USERNAME/Vitis/GGref/STAR_index_PN40024v4_ohd149 --readFilesIn /scratch/USERNAME/Vitis/Shi2024/SRR29330604_1.q30.fastq.gz /scratch/USERNAME/Vitis/Shi2024/SRR29330604_2.q30.fastq.gz --readFilesCommand zcat --outFileNamePrefix /scratch/USERNAME/Vitis/Shi2024/SRR29330604_ --outSAMtype BAM SortedByCoordinate --outBAMsortingBinsN 20 --limitBAMsortRAM 10000000000 --outFilterMultimapNmax 1 --twopassMode Basic
	STAR version: 2.7.10b   compiled: 2024-07-31T14:09:58+02:00 ramses4:/dev/shm/sborowsk/build/STAR/2.7.10b/GCC-11.3.0/STAR-2.7.10b/source
Aug 16 02:34:00 ..... started STAR run
Aug 16 02:34:00 ..... loading genome
Aug 16 02:34:01 ..... started 1st pass mapping
Aug 16 02:35:17 ..... finished 1st pass mapping
Aug 16 02:35:17 ..... inserting junctions into the genome indices
Aug 16 02:35:38 ..... started mapping
Aug 16 02:38:28 ..... finished mapping
Aug 16 02:38:29 ..... started sorting BAM
Aug 16 02:38:44 ..... finished successfully
=== fastp SRR29330607 Sun Aug 16 02:38:44 CEST 2026 ===
Loading bio/fastp/1.0.1-GCC-13.3.0
  Loading requirement: compiler/GCCcore/13.3.0 lib/zlib/1.3.1-GCCcore-13.3.0
    tools/binutils/2.42-GCCcore-13.3.0 compiler/GCC/13.3.0
    system/libdeflate/1.20-GCCcore-13.3.0 lang/NASM/2.16.03-GCCcore-13.3.0
    lib/ISA-L/2.31.0-GCCcore-13.3.0
Read1 before filtering:
total reads: 34021450
total bases: 5103217500
Q20 bases: 5034572040(98.6549%)
Q30 bases: 4913681719(96.286%)
Q40 bases: 4197112844(82.2444%)

Read2 before filtering:
total reads: 34021450
total bases: 5103217500
Q20 bases: 4853693668(95.1105%)
Q30 bases: 4556746660(89.2916%)
Q40 bases: 3529636098(69.1649%)

Read1 after filtering:
total reads: 30892733
total bases: 4575832413
Q20 bases: 4545754539(99.3427%)
Q30 bases: 4474283900(97.7808%)
Q40 bases: 3902904019(85.2939%)

Read2 after filtering:
total reads: 30892733
total bases: 4575832413
Q20 bases: 4482394723(97.958%)
Q30 bases: 4296810029(93.9023%)
Q40 bases: 3411599881(74.5569%)

Filtering result:
reads passed filter: 61785466
reads failed due to low quality: 6250278
reads failed due to too many N: 7156
reads with adapter trimmed: 5182306
bases trimmed due to adapters: 117920408

Duplication rate: 22.8027%

Insert size peak (evaluated by paired-end reads): 198

JSON report: /scratch/USERNAME/Vitis/Shi2024/SRR29330607_fastp.json
HTML report: /scratch/USERNAME/Vitis/Shi2024/SRR29330607_fastp.html

fastp -i /scratch/USERNAME/Vitis/Shi2024/fastq/SRR29330607_1.fastq.gz -I /scratch/USERNAME/Vitis/Shi2024/fastq/SRR29330607_2.fastq.gz -o /scratch/USERNAME/Vitis/Shi2024/SRR29330607_1.q30.fastq.gz -O /scratch/USERNAME/Vitis/Shi2024/SRR29330607_2.q30.fastq.gz --average_qual 30 --disable_length_filtering -w 8 -j /scratch/USERNAME/Vitis/Shi2024/SRR29330607_fastp.json -h /scratch/USERNAME/Vitis/Shi2024/SRR29330607_fastp.html 
fastp v1.0.1, time used: 95 seconds
=== STAR SRR29330607 Sun Aug 16 02:40:19 CEST 2026 ===
Loading bio/STAR/2.7.10b-GCC-11.3.0
  Loading requirement: compiler/GCCcore/11.3.0 lib/zlib/1.2.12-GCCcore-11.3.0
    tools/binutils/2.38-GCCcore-11.3.0 compiler/GCC/11.3.0
    tools/bzip2/1.0.8-GCCcore-11.3.0 tools/XZ/5.2.5-GCCcore-11.3.0
    system/OpenSSL/1.1 tools/cURL/7.83.0-GCCcore-11.3.0
    bio/HTSlib/1.15.1-GCC-11.3.0
	STAR --runThreadN 32 --genomeDir /scratch/USERNAME/Vitis/GGref/STAR_index_PN40024v4_ohd149 --readFilesIn /scratch/USERNAME/Vitis/Shi2024/SRR29330607_1.q30.fastq.gz /scratch/USERNAME/Vitis/Shi2024/SRR29330607_2.q30.fastq.gz --readFilesCommand zcat --outFileNamePrefix /scratch/USERNAME/Vitis/Shi2024/SRR29330607_ --outSAMtype BAM SortedByCoordinate --outBAMsortingBinsN 20 --limitBAMsortRAM 10000000000 --outFilterMultimapNmax 1 --twopassMode Basic
	STAR version: 2.7.10b   compiled: 2024-07-31T14:09:58+02:00 ramses4:/dev/shm/sborowsk/build/STAR/2.7.10b/GCC-11.3.0/STAR-2.7.10b/source
Aug 16 02:40:20 ..... started STAR run
Aug 16 02:40:20 ..... loading genome
Aug 16 02:40:21 ..... started 1st pass mapping
Aug 16 02:42:18 ..... finished 1st pass mapping
Aug 16 02:42:18 ..... inserting junctions into the genome indices
Aug 16 02:42:42 ..... started mapping
Aug 16 02:47:02 ..... finished mapping
Aug 16 02:47:03 ..... started sorting BAM
Aug 16 02:47:27 ..... finished successfully
=== fastp SRR29330608 Sun Aug 16 02:47:27 CEST 2026 ===
Loading bio/fastp/1.0.1-GCC-13.3.0
  Loading requirement: compiler/GCCcore/13.3.0 lib/zlib/1.3.1-GCCcore-13.3.0
    tools/binutils/2.42-GCCcore-13.3.0 compiler/GCC/13.3.0
    system/libdeflate/1.20-GCCcore-13.3.0 lang/NASM/2.16.03-GCCcore-13.3.0
    lib/ISA-L/2.31.0-GCCcore-13.3.0
Read1 before filtering:
total reads: 27029143
total bases: 4054371450
Q20 bases: 3981460315(98.2017%)
Q30 bases: 3860075939(95.2078%)
Q40 bases: 3219096539(79.3982%)

Read2 before filtering:
total reads: 27029143
total bases: 4054371450
Q20 bases: 3815218546(94.1014%)
Q30 bases: 3544367478(87.4209%)
Q40 bases: 2683622366(66.1908%)

Read1 after filtering:
total reads: 23901546
total bases: 3541881970
Q20 bases: 3510174686(99.1048%)
Q30 bases: 3439205357(97.1011%)
Q40 bases: 2942839434(83.0869%)

Read2 after filtering:
total reads: 23901546
total bases: 3541881970
Q20 bases: 3462086595(97.7471%)
Q30 bases: 3303388654(93.2665%)
Q40 bases: 2580609267(72.8598%)

Filtering result:
reads passed filter: 47803092
reads failed due to low quality: 6249832
reads failed due to too many N: 5362
reads with adapter trimmed: 4000430
bases trimmed due to adapters: 88192250

Duplication rate: 21.1881%

Insert size peak (evaluated by paired-end reads): 198

JSON report: /scratch/USERNAME/Vitis/Shi2024/SRR29330608_fastp.json
HTML report: /scratch/USERNAME/Vitis/Shi2024/SRR29330608_fastp.html

fastp -i /scratch/USERNAME/Vitis/Shi2024/fastq/SRR29330608_1.fastq.gz -I /scratch/USERNAME/Vitis/Shi2024/fastq/SRR29330608_2.fastq.gz -o /scratch/USERNAME/Vitis/Shi2024/SRR29330608_1.q30.fastq.gz -O /scratch/USERNAME/Vitis/Shi2024/SRR29330608_2.q30.fastq.gz --average_qual 30 --disable_length_filtering -w 8 -j /scratch/USERNAME/Vitis/Shi2024/SRR29330608_fastp.json -h /scratch/USERNAME/Vitis/Shi2024/SRR29330608_fastp.html 
fastp v1.0.1, time used: 74 seconds
=== STAR SRR29330608 Sun Aug 16 02:48:42 CEST 2026 ===
Loading bio/STAR/2.7.10b-GCC-11.3.0
  Loading requirement: compiler/GCCcore/11.3.0 lib/zlib/1.2.12-GCCcore-11.3.0
    tools/binutils/2.38-GCCcore-11.3.0 compiler/GCC/11.3.0
    tools/bzip2/1.0.8-GCCcore-11.3.0 tools/XZ/5.2.5-GCCcore-11.3.0
    system/OpenSSL/1.1 tools/cURL/7.83.0-GCCcore-11.3.0
    bio/HTSlib/1.15.1-GCC-11.3.0
	STAR --runThreadN 32 --genomeDir /scratch/USERNAME/Vitis/GGref/STAR_index_PN40024v4_ohd149 --readFilesIn /scratch/USERNAME/Vitis/Shi2024/SRR29330608_1.q30.fastq.gz /scratch/USERNAME/Vitis/Shi2024/SRR29330608_2.q30.fastq.gz --readFilesCommand zcat --outFileNamePrefix /scratch/USERNAME/Vitis/Shi2024/SRR29330608_ --outSAMtype BAM SortedByCoordinate --outBAMsortingBinsN 20 --limitBAMsortRAM 10000000000 --outFilterMultimapNmax 1 --twopassMode Basic
	STAR version: 2.7.10b   compiled: 2024-07-31T14:09:58+02:00 ramses4:/dev/shm/sborowsk/build/STAR/2.7.10b/GCC-11.3.0/STAR-2.7.10b/source
Aug 16 02:48:43 ..... started STAR run
Aug 16 02:48:43 ..... loading genome
Aug 16 02:48:44 ..... started 1st pass mapping
Aug 16 02:50:18 ..... finished 1st pass mapping
Aug 16 02:50:18 ..... inserting junctions into the genome indices
Aug 16 02:50:39 ..... started mapping
Aug 16 02:53:32 ..... finished mapping
Aug 16 02:53:33 ..... started sorting BAM
Aug 16 02:53:53 ..... finished successfully
=== fastp SRR29330612 Sun Aug 16 02:53:53 CEST 2026 ===
Loading bio/fastp/1.0.1-GCC-13.3.0
  Loading requirement: compiler/GCCcore/13.3.0 lib/zlib/1.3.1-GCCcore-13.3.0
    tools/binutils/2.42-GCCcore-13.3.0 compiler/GCC/13.3.0
    system/libdeflate/1.20-GCCcore-13.3.0 lang/NASM/2.16.03-GCCcore-13.3.0
    lib/ISA-L/2.31.0-GCCcore-13.3.0
Read1 before filtering:
total reads: 30219085
total bases: 4532862750
Q20 bases: 4467039992(98.5479%)
Q30 bases: 4356520056(96.1097%)
Q40 bases: 3735077733(82.4%)

Read2 before filtering:
total reads: 30219085
total bases: 4532862750
Q20 bases: 4330335795(95.532%)
Q30 bases: 4075378353(89.9074%)
Q40 bases: 3150345255(69.5001%)

Read1 after filtering:
total reads: 27665896
total bases: 4113626132
Q20 bases: 4082894683(99.2529%)
Q30 bases: 4015210762(97.6076%)
Q40 bases: 3511216803(85.3558%)

Read2 after filtering:
total reads: 27665896
total bases: 4113626132
Q20 bases: 4034359828(98.0731%)
Q30 bases: 3869559844(94.0669%)
Q40 bases: 3059551650(74.376%)

Filtering result:
reads passed filter: 55331792
reads failed due to low quality: 5103762
reads failed due to too many N: 2616
reads with adapter trimmed: 3305032
bases trimmed due to adapters: 73324876

Duplication rate: 17.5039%

Insert size peak (evaluated by paired-end reads): 207

JSON report: /scratch/USERNAME/Vitis/Shi2024/SRR29330612_fastp.json
HTML report: /scratch/USERNAME/Vitis/Shi2024/SRR29330612_fastp.html

fastp -i /scratch/USERNAME/Vitis/Shi2024/fastq/SRR29330612_1.fastq.gz -I /scratch/USERNAME/Vitis/Shi2024/fastq/SRR29330612_2.fastq.gz -o /scratch/USERNAME/Vitis/Shi2024/SRR29330612_1.q30.fastq.gz -O /scratch/USERNAME/Vitis/Shi2024/SRR29330612_2.q30.fastq.gz --average_qual 30 --disable_length_filtering -w 8 -j /scratch/USERNAME/Vitis/Shi2024/SRR29330612_fastp.json -h /scratch/USERNAME/Vitis/Shi2024/SRR29330612_fastp.html 
fastp v1.0.1, time used: 87 seconds
=== STAR SRR29330612 Sun Aug 16 02:55:20 CEST 2026 ===
Loading bio/STAR/2.7.10b-GCC-11.3.0
  Loading requirement: compiler/GCCcore/11.3.0 lib/zlib/1.2.12-GCCcore-11.3.0
    tools/binutils/2.38-GCCcore-11.3.0 compiler/GCC/11.3.0
    tools/bzip2/1.0.8-GCCcore-11.3.0 tools/XZ/5.2.5-GCCcore-11.3.0
    system/OpenSSL/1.1 tools/cURL/7.83.0-GCCcore-11.3.0
    bio/HTSlib/1.15.1-GCC-11.3.0
	STAR --runThreadN 32 --genomeDir /scratch/USERNAME/Vitis/GGref/STAR_index_PN40024v4_ohd149 --readFilesIn /scratch/USERNAME/Vitis/Shi2024/SRR29330612_1.q30.fastq.gz /scratch/USERNAME/Vitis/Shi2024/SRR29330612_2.q30.fastq.gz --readFilesCommand zcat --outFileNamePrefix /scratch/USERNAME/Vitis/Shi2024/SRR29330612_ --outSAMtype BAM SortedByCoordinate --outBAMsortingBinsN 20 --limitBAMsortRAM 10000000000 --outFilterMultimapNmax 1 --twopassMode Basic
	STAR version: 2.7.10b   compiled: 2024-07-31T14:09:58+02:00 ramses4:/dev/shm/sborowsk/build/STAR/2.7.10b/GCC-11.3.0/STAR-2.7.10b/source
Aug 16 02:55:20 ..... started STAR run
Aug 16 02:55:20 ..... loading genome
Aug 16 02:55:21 ..... started 1st pass mapping
Aug 16 02:57:11 ..... finished 1st pass mapping
Aug 16 02:57:11 ..... inserting junctions into the genome indices
Aug 16 02:57:33 ..... started mapping
Aug 16 02:59:40 ..... finished mapping
Aug 16 02:59:41 ..... started sorting BAM
Aug 16 03:00:03 ..... finished successfully
=== fastp SRR29330613 Sun Aug 16 03:00:04 CEST 2026 ===
Loading bio/fastp/1.0.1-GCC-13.3.0
  Loading requirement: compiler/GCCcore/13.3.0 lib/zlib/1.3.1-GCCcore-13.3.0
    tools/binutils/2.42-GCCcore-13.3.0 compiler/GCC/13.3.0
    system/libdeflate/1.20-GCCcore-13.3.0 lang/NASM/2.16.03-GCCcore-13.3.0
    lib/ISA-L/2.31.0-GCCcore-13.3.0
Read1 before filtering:
total reads: 33225732
total bases: 4983859800
Q20 bases: 4911264529(98.5434%)
Q30 bases: 4783747785(95.9848%)
Q40 bases: 4059778020(81.4585%)

Read2 before filtering:
total reads: 33225732
total bases: 4983859800
Q20 bases: 4772290915(95.7549%)
Q30 bases: 4492356064(90.1381%)
Q40 bases: 3465584062(69.5361%)

Read1 after filtering:
total reads: 30543087
total bases: 4521424827
Q20 bases: 4486473521(99.227%)
Q30 bases: 4406023719(97.4477%)
Q40 bases: 3812514957(84.3211%)

Read2 after filtering:
total reads: 30543087
total bases: 4521424827
Q20 bases: 4434986884(98.0883%)
Q30 bases: 4251062419(94.0204%)
Q40 bases: 3353278549(74.1642%)

Filtering result:
reads passed filter: 61086174
reads failed due to low quality: 5358208
reads failed due to too many N: 7082
reads with adapter trimmed: 5252286
bases trimmed due to adapters: 121527816

Duplication rate: 25.0711%

Insert size peak (evaluated by paired-end reads): 199

JSON report: /scratch/USERNAME/Vitis/Shi2024/SRR29330613_fastp.json
HTML report: /scratch/USERNAME/Vitis/Shi2024/SRR29330613_fastp.html

fastp -i /scratch/USERNAME/Vitis/Shi2024/fastq/SRR29330613_1.fastq.gz -I /scratch/USERNAME/Vitis/Shi2024/fastq/SRR29330613_2.fastq.gz -o /scratch/USERNAME/Vitis/Shi2024/SRR29330613_1.q30.fastq.gz -O /scratch/USERNAME/Vitis/Shi2024/SRR29330613_2.q30.fastq.gz --average_qual 30 --disable_length_filtering -w 8 -j /scratch/USERNAME/Vitis/Shi2024/SRR29330613_fastp.json -h /scratch/USERNAME/Vitis/Shi2024/SRR29330613_fastp.html 
fastp v1.0.1, time used: 94 seconds
=== STAR SRR29330613 Sun Aug 16 03:01:38 CEST 2026 ===
Loading bio/STAR/2.7.10b-GCC-11.3.0
  Loading requirement: compiler/GCCcore/11.3.0 lib/zlib/1.2.12-GCCcore-11.3.0
    tools/binutils/2.38-GCCcore-11.3.0 compiler/GCC/11.3.0
    tools/bzip2/1.0.8-GCCcore-11.3.0 tools/XZ/5.2.5-GCCcore-11.3.0
    system/OpenSSL/1.1 tools/cURL/7.83.0-GCCcore-11.3.0
    bio/HTSlib/1.15.1-GCC-11.3.0
	STAR --runThreadN 32 --genomeDir /scratch/USERNAME/Vitis/GGref/STAR_index_PN40024v4_ohd149 --readFilesIn /scratch/USERNAME/Vitis/Shi2024/SRR29330613_1.q30.fastq.gz /scratch/USERNAME/Vitis/Shi2024/SRR29330613_2.q30.fastq.gz --readFilesCommand zcat --outFileNamePrefix /scratch/USERNAME/Vitis/Shi2024/SRR29330613_ --outSAMtype BAM SortedByCoordinate --outBAMsortingBinsN 20 --limitBAMsortRAM 10000000000 --outFilterMultimapNmax 1 --twopassMode Basic
	STAR version: 2.7.10b   compiled: 2024-07-31T14:09:58+02:00 ramses4:/dev/shm/sborowsk/build/STAR/2.7.10b/GCC-11.3.0/STAR-2.7.10b/source
Aug 16 03:01:38 ..... started STAR run
Aug 16 03:01:38 ..... loading genome
Aug 16 03:01:39 ..... started 1st pass mapping
Aug 16 03:03:27 ..... finished 1st pass mapping
Aug 16 03:03:27 ..... inserting junctions into the genome indices
Aug 16 03:03:50 ..... started mapping
Aug 16 03:05:55 ..... finished mapping
Aug 16 03:05:55 ..... started sorting BAM
Aug 16 03:06:20 ..... finished successfully
SKIP SRR29330614: fastq not yet downloaded
=== fastp SRR29330618 Sun Aug 16 03:06:20 CEST 2026 ===
Loading bio/fastp/1.0.1-GCC-13.3.0
  Loading requirement: compiler/GCCcore/13.3.0 lib/zlib/1.3.1-GCCcore-13.3.0
    tools/binutils/2.42-GCCcore-13.3.0 compiler/GCC/13.3.0
    system/libdeflate/1.20-GCCcore-13.3.0 lang/NASM/2.16.03-GCCcore-13.3.0
    lib/ISA-L/2.31.0-GCCcore-13.3.0
Read1 before filtering:
total reads: 29507362
total bases: 4426104300
Q20 bases: 4368088998(98.6892%)
Q30 bases: 4266522647(96.3945%)
Q40 bases: 3656009712(82.6011%)

Read2 before filtering:
total reads: 29507362
total bases: 4426104300
Q20 bases: 4223107825(95.4137%)
Q30 bases: 3970045972(89.6962%)
Q40 bases: 3069014756(69.339%)

Read1 after filtering:
total reads: 26913627
total bases: 4001732884
Q20 bases: 3976229557(99.3627%)
Q30 bases: 3916008504(97.8578%)
Q40 bases: 3425425683(85.5986%)

Read2 after filtering:
total reads: 26913627
total bases: 4001732884
Q20 bases: 3924614732(98.0729%)
Q30 bases: 3763568281(94.0485%)
Q40 bases: 2979145816(74.4464%)

Filtering result:
reads passed filter: 53827254
reads failed due to low quality: 5181188
reads failed due to too many N: 6282
reads with adapter trimmed: 3466294
bases trimmed due to adapters: 71551958

Duplication rate: 18.4478%

Insert size peak (evaluated by paired-end reads): 207

JSON report: /scratch/USERNAME/Vitis/Shi2024/SRR29330618_fastp.json
HTML report: /scratch/USERNAME/Vitis/Shi2024/SRR29330618_fastp.html

fastp -i /scratch/USERNAME/Vitis/Shi2024/fastq/SRR29330618_1.fastq.gz -I /scratch/USERNAME/Vitis/Shi2024/fastq/SRR29330618_2.fastq.gz -o /scratch/USERNAME/Vitis/Shi2024/SRR29330618_1.q30.fastq.gz -O /scratch/USERNAME/Vitis/Shi2024/SRR29330618_2.q30.fastq.gz --average_qual 30 --disable_length_filtering -w 8 -j /scratch/USERNAME/Vitis/Shi2024/SRR29330618_fastp.json -h /scratch/USERNAME/Vitis/Shi2024/SRR29330618_fastp.html 
fastp v1.0.1, time used: 84 seconds
=== STAR SRR29330618 Sun Aug 16 03:07:45 CEST 2026 ===
Loading bio/STAR/2.7.10b-GCC-11.3.0
  Loading requirement: compiler/GCCcore/11.3.0 lib/zlib/1.2.12-GCCcore-11.3.0
    tools/binutils/2.38-GCCcore-11.3.0 compiler/GCC/11.3.0
    tools/bzip2/1.0.8-GCCcore-11.3.0 tools/XZ/5.2.5-GCCcore-11.3.0
    system/OpenSSL/1.1 tools/cURL/7.83.0-GCCcore-11.3.0
    bio/HTSlib/1.15.1-GCC-11.3.0
	STAR --runThreadN 32 --genomeDir /scratch/USERNAME/Vitis/GGref/STAR_index_PN40024v4_ohd149 --readFilesIn /scratch/USERNAME/Vitis/Shi2024/SRR29330618_1.q30.fastq.gz /scratch/USERNAME/Vitis/Shi2024/SRR29330618_2.q30.fastq.gz --readFilesCommand zcat --outFileNamePrefix /scratch/USERNAME/Vitis/Shi2024/SRR29330618_ --outSAMtype BAM SortedByCoordinate --outBAMsortingBinsN 20 --limitBAMsortRAM 10000000000 --outFilterMultimapNmax 1 --twopassMode Basic
	STAR version: 2.7.10b   compiled: 2024-07-31T14:09:58+02:00 ramses4:/dev/shm/sborowsk/build/STAR/2.7.10b/GCC-11.3.0/STAR-2.7.10b/source
Aug 16 03:07:45 ..... started STAR run
Aug 16 03:07:45 ..... loading genome
Aug 16 03:07:46 ..... started 1st pass mapping
Aug 16 03:09:28 ..... finished 1st pass mapping
Aug 16 03:09:28 ..... inserting junctions into the genome indices
Aug 16 03:09:50 ..... started mapping
Aug 16 03:11:44 ..... finished mapping
Aug 16 03:11:45 ..... started sorting BAM
Aug 16 03:12:07 ..... finished successfully
=== fastp SRR29330620 Sun Aug 16 03:12:07 CEST 2026 ===
Loading bio/fastp/1.0.1-GCC-13.3.0
  Loading requirement: compiler/GCCcore/13.3.0 lib/zlib/1.3.1-GCCcore-13.3.0
    tools/binutils/2.42-GCCcore-13.3.0 compiler/GCC/13.3.0
    system/libdeflate/1.20-GCCcore-13.3.0 lang/NASM/2.16.03-GCCcore-13.3.0
    lib/ISA-L/2.31.0-GCCcore-13.3.0
Read1 before filtering:
total reads: 23761890
total bases: 3564283500
Q20 bases: 3513821101(98.5842%)
Q30 bases: 3427348547(96.1581%)
Q40 bases: 2919829835(81.9191%)

Read2 before filtering:
total reads: 23761890
total bases: 3564283500
Q20 bases: 3390935536(95.1365%)
Q30 bases: 3172711735(89.014%)
Q40 bases: 2417244562(67.8185%)

Read1 after filtering:
total reads: 21598577
total bases: 3217769892
Q20 bases: 3195057975(99.2942%)
Q30 bases: 3143098542(97.6794%)
Q40 bases: 2733865495(84.9615%)

Read2 after filtering:
total reads: 21598577
total bases: 3217769892
Q20 bases: 3147149136(97.8053%)
Q30 bases: 3004267293(93.3649%)
Q40 bases: 2345921228(72.9052%)

Filtering result:
reads passed filter: 43197154
reads failed due to low quality: 4324692
reads failed due to too many N: 1934
reads with adapter trimmed: 2197418
bases trimmed due to adapters: 44575960

Duplication rate: 18.199%

Insert size peak (evaluated by paired-end reads): 204

JSON report: /scratch/USERNAME/Vitis/Shi2024/SRR29330620_fastp.json
HTML report: /scratch/USERNAME/Vitis/Shi2024/SRR29330620_fastp.html

fastp -i /scratch/USERNAME/Vitis/Shi2024/fastq/SRR29330620_1.fastq.gz -I /scratch/USERNAME/Vitis/Shi2024/fastq/SRR29330620_2.fastq.gz -o /scratch/USERNAME/Vitis/Shi2024/SRR29330620_1.q30.fastq.gz -O /scratch/USERNAME/Vitis/Shi2024/SRR29330620_2.q30.fastq.gz --average_qual 30 --disable_length_filtering -w 8 -j /scratch/USERNAME/Vitis/Shi2024/SRR29330620_fastp.json -h /scratch/USERNAME/Vitis/Shi2024/SRR29330620_fastp.html 
fastp v1.0.1, time used: 68 seconds
=== STAR SRR29330620 Sun Aug 16 03:13:16 CEST 2026 ===
Loading bio/STAR/2.7.10b-GCC-11.3.0
  Loading requirement: compiler/GCCcore/11.3.0 lib/zlib/1.2.12-GCCcore-11.3.0
    tools/binutils/2.38-GCCcore-11.3.0 compiler/GCC/11.3.0
    tools/bzip2/1.0.8-GCCcore-11.3.0 tools/XZ/5.2.5-GCCcore-11.3.0
    system/OpenSSL/1.1 tools/cURL/7.83.0-GCCcore-11.3.0
    bio/HTSlib/1.15.1-GCC-11.3.0
	STAR --runThreadN 32 --genomeDir /scratch/USERNAME/Vitis/GGref/STAR_index_PN40024v4_ohd149 --readFilesIn /scratch/USERNAME/Vitis/Shi2024/SRR29330620_1.q30.fastq.gz /scratch/USERNAME/Vitis/Shi2024/SRR29330620_2.q30.fastq.gz --readFilesCommand zcat --outFileNamePrefix /scratch/USERNAME/Vitis/Shi2024/SRR29330620_ --outSAMtype BAM SortedByCoordinate --outBAMsortingBinsN 20 --limitBAMsortRAM 10000000000 --outFilterMultimapNmax 1 --twopassMode Basic
	STAR version: 2.7.10b   compiled: 2024-07-31T14:09:58+02:00 ramses4:/dev/shm/sborowsk/build/STAR/2.7.10b/GCC-11.3.0/STAR-2.7.10b/source
Aug 16 03:13:16 ..... started STAR run
Aug 16 03:13:16 ..... loading genome
Aug 16 03:13:17 ..... started 1st pass mapping
Aug 16 03:14:41 ..... finished 1st pass mapping
Aug 16 03:14:41 ..... inserting junctions into the genome indices
Aug 16 03:15:01 ..... started mapping
Aug 16 03:16:31 ..... finished mapping
Aug 16 03:16:32 ..... started sorting BAM
Aug 16 03:16:51 ..... finished successfully
=== fastp SRR29330621 Sun Aug 16 03:16:51 CEST 2026 ===
Loading bio/fastp/1.0.1-GCC-13.3.0
  Loading requirement: compiler/GCCcore/13.3.0 lib/zlib/1.3.1-GCCcore-13.3.0
    tools/binutils/2.42-GCCcore-13.3.0 compiler/GCC/13.3.0
    system/libdeflate/1.20-GCCcore-13.3.0 lang/NASM/2.16.03-GCCcore-13.3.0
    lib/ISA-L/2.31.0-GCCcore-13.3.0
Read1 before filtering:
total reads: 26321346
total bases: 3948201900
Q20 bases: 3744488429(94.8403%)
Q30 bases: 3446635924(87.2963%)
Q40 bases: 2433588895(61.6379%)

Read2 before filtering:
total reads: 26321346
total bases: 3948201900
Q20 bases: 3668521414(92.9163%)
Q30 bases: 3345111531(84.7249%)
Q40 bases: 2397910979(60.7343%)

Read1 after filtering:
total reads: 22027758
total bases: 3280651320
Q20 bases: 3185112296(97.0878%)
Q30 bases: 2993813352(91.2567%)
Q40 bases: 2200318760(67.0696%)

Read2 after filtering:
total reads: 22027758
total bases: 3280651320
Q20 bases: 3197296997(97.4592%)
Q30 bases: 3024556728(92.1938%)
Q40 bases: 2275125287(69.3498%)

Filtering result:
reads passed filter: 44055516
reads failed due to low quality: 8583172
reads failed due to too many N: 4004
reads with adapter trimmed: 2461790
bases trimmed due to adapters: 48595206

Duplication rate: 13.7681%

Insert size peak (evaluated by paired-end reads): 200

JSON report: /scratch/USERNAME/Vitis/Shi2024/SRR29330621_fastp.json
HTML report: /scratch/USERNAME/Vitis/Shi2024/SRR29330621_fastp.html

fastp -i /scratch/USERNAME/Vitis/Shi2024/fastq/SRR29330621_1.fastq.gz -I /scratch/USERNAME/Vitis/Shi2024/fastq/SRR29330621_2.fastq.gz -o /scratch/USERNAME/Vitis/Shi2024/SRR29330621_1.q30.fastq.gz -O /scratch/USERNAME/Vitis/Shi2024/SRR29330621_2.q30.fastq.gz --average_qual 30 --disable_length_filtering -w 8 -j /scratch/USERNAME/Vitis/Shi2024/SRR29330621_fastp.json -h /scratch/USERNAME/Vitis/Shi2024/SRR29330621_fastp.html 
fastp v1.0.1, time used: 73 seconds
=== STAR SRR29330621 Sun Aug 16 03:18:04 CEST 2026 ===
Loading bio/STAR/2.7.10b-GCC-11.3.0
  Loading requirement: compiler/GCCcore/11.3.0 lib/zlib/1.2.12-GCCcore-11.3.0
    tools/binutils/2.38-GCCcore-11.3.0 compiler/GCC/11.3.0
    tools/bzip2/1.0.8-GCCcore-11.3.0 tools/XZ/5.2.5-GCCcore-11.3.0
    system/OpenSSL/1.1 tools/cURL/7.83.0-GCCcore-11.3.0
    bio/HTSlib/1.15.1-GCC-11.3.0
	STAR --runThreadN 32 --genomeDir /scratch/USERNAME/Vitis/GGref/STAR_index_PN40024v4_ohd149 --readFilesIn /scratch/USERNAME/Vitis/Shi2024/SRR29330621_1.q30.fastq.gz /scratch/USERNAME/Vitis/Shi2024/SRR29330621_2.q30.fastq.gz --readFilesCommand zcat --outFileNamePrefix /scratch/USERNAME/Vitis/Shi2024/SRR29330621_ --outSAMtype BAM SortedByCoordinate --outBAMsortingBinsN 20 --limitBAMsortRAM 10000000000 --outFilterMultimapNmax 1 --twopassMode Basic
	STAR version: 2.7.10b   compiled: 2024-07-31T14:09:58+02:00 ramses4:/dev/shm/sborowsk/build/STAR/2.7.10b/GCC-11.3.0/STAR-2.7.10b/source
Aug 16 03:18:04 ..... started STAR run
Aug 16 03:18:04 ..... loading genome
Aug 16 03:18:05 ..... started 1st pass mapping
Aug 16 03:19:36 ..... finished 1st pass mapping
Aug 16 03:19:36 ..... inserting junctions into the genome indices
Aug 16 03:19:57 ..... started mapping
Aug 16 03:21:28 ..... finished mapping
Aug 16 03:21:29 ..... started sorting BAM
Aug 16 03:21:51 ..... finished successfully
=== fastp SRR29330622 Sun Aug 16 03:21:51 CEST 2026 ===
Loading bio/fastp/1.0.1-GCC-13.3.0
  Loading requirement: compiler/GCCcore/13.3.0 lib/zlib/1.3.1-GCCcore-13.3.0
    tools/binutils/2.42-GCCcore-13.3.0 compiler/GCC/13.3.0
    system/libdeflate/1.20-GCCcore-13.3.0 lang/NASM/2.16.03-GCCcore-13.3.0
    lib/ISA-L/2.31.0-GCCcore-13.3.0
Read1 before filtering:
total reads: 34003160
total bases: 5100474000
Q20 bases: 5018912325(98.4009%)
Q30 bases: 4885028104(95.776%)
Q40 bases: 4166424445(81.687%)

Read2 before filtering:
total reads: 34003160
total bases: 5100474000
Q20 bases: 4839937949(94.8919%)
Q30 bases: 4537370150(88.9598%)
Q40 bases: 3498042855(68.5827%)

Read1 after filtering:
total reads: 30844005
total bases: 4572143440
Q20 bases: 4536057350(99.2107%)
Q30 bases: 4456228095(97.4647%)
Q40 bases: 3881967331(84.9048%)

Read2 after filtering:
total reads: 30844005
total bases: 4572143440
Q20 bases: 4474403868(97.8623%)
Q30 bases: 4284809714(93.7156%)
Q40 bases: 3385644214(74.0494%)

Filtering result:
reads passed filter: 61688010
reads failed due to low quality: 6315586
reads failed due to too many N: 2724
reads with adapter trimmed: 4135194
bases trimmed due to adapters: 111052394

Duplication rate: 30.0137%

Insert size peak (evaluated by paired-end reads): 216

JSON report: /scratch/USERNAME/Vitis/Shi2024/SRR29330622_fastp.json
HTML report: /scratch/USERNAME/Vitis/Shi2024/SRR29330622_fastp.html

fastp -i /scratch/USERNAME/Vitis/Shi2024/fastq/SRR29330622_1.fastq.gz -I /scratch/USERNAME/Vitis/Shi2024/fastq/SRR29330622_2.fastq.gz -o /scratch/USERNAME/Vitis/Shi2024/SRR29330622_1.q30.fastq.gz -O /scratch/USERNAME/Vitis/Shi2024/SRR29330622_2.q30.fastq.gz --average_qual 30 --disable_length_filtering -w 8 -j /scratch/USERNAME/Vitis/Shi2024/SRR29330622_fastp.json -h /scratch/USERNAME/Vitis/Shi2024/SRR29330622_fastp.html 
fastp v1.0.1, time used: 93 seconds
=== STAR SRR29330622 Sun Aug 16 03:23:24 CEST 2026 ===
Loading bio/STAR/2.7.10b-GCC-11.3.0
  Loading requirement: compiler/GCCcore/11.3.0 lib/zlib/1.2.12-GCCcore-11.3.0
    tools/binutils/2.38-GCCcore-11.3.0 compiler/GCC/11.3.0
    tools/bzip2/1.0.8-GCCcore-11.3.0 tools/XZ/5.2.5-GCCcore-11.3.0
    system/OpenSSL/1.1 tools/cURL/7.83.0-GCCcore-11.3.0
    bio/HTSlib/1.15.1-GCC-11.3.0
	STAR --runThreadN 32 --genomeDir /scratch/USERNAME/Vitis/GGref/STAR_index_PN40024v4_ohd149 --readFilesIn /scratch/USERNAME/Vitis/Shi2024/SRR29330622_1.q30.fastq.gz /scratch/USERNAME/Vitis/Shi2024/SRR29330622_2.q30.fastq.gz --readFilesCommand zcat --outFileNamePrefix /scratch/USERNAME/Vitis/Shi2024/SRR29330622_ --outSAMtype BAM SortedByCoordinate --outBAMsortingBinsN 20 --limitBAMsortRAM 10000000000 --outFilterMultimapNmax 1 --twopassMode Basic
	STAR version: 2.7.10b   compiled: 2024-07-31T14:09:58+02:00 ramses4:/dev/shm/sborowsk/build/STAR/2.7.10b/GCC-11.3.0/STAR-2.7.10b/source
Aug 16 03:23:24 ..... started STAR run
Aug 16 03:23:24 ..... loading genome
Aug 16 03:23:25 ..... started 1st pass mapping
Aug 16 03:25:32 ..... finished 1st pass mapping
Aug 16 03:25:32 ..... inserting junctions into the genome indices
Aug 16 03:25:52 ..... started mapping
Aug 16 03:32:41 ..... finished mapping
Aug 16 03:32:42 ..... started sorting BAM
Aug 16 03:33:05 ..... finished successfully
SKIP SRR29330625: fastq not yet downloaded
SKIP SRR29330627: fastq not yet downloaded
SKIP SRR29330630: fastq not yet downloaded
SKIP SRR29330632: fastq not yet downloaded
=== fastp SRR29330634 Sun Aug 16 03:33:05 CEST 2026 ===
Loading bio/fastp/1.0.1-GCC-13.3.0
  Loading requirement: compiler/GCCcore/13.3.0 lib/zlib/1.3.1-GCCcore-13.3.0
    tools/binutils/2.42-GCCcore-13.3.0 compiler/GCC/13.3.0
    system/libdeflate/1.20-GCCcore-13.3.0 lang/NASM/2.16.03-GCCcore-13.3.0
    lib/ISA-L/2.31.0-GCCcore-13.3.0
Read1 before filtering:
total reads: 21241467
total bases: 3186220050
Q20 bases: 3133368948(98.3413%)
Q30 bases: 3045567397(95.5856%)
Q40 bases: 2553285376(80.1352%)

Read2 before filtering:
total reads: 21241467
total bases: 3186220050
Q20 bases: 3054514536(95.8664%)
Q30 bases: 2880514555(90.4054%)
Q40 bases: 2243402091(70.4095%)

Read1 after filtering:
total reads: 19525820
total bases: 2902861056
Q20 bases: 2877969333(99.1425%)
Q30 bases: 2821796055(97.2074%)
Q40 bases: 2409747385(83.0128%)

Read2 after filtering:
total reads: 19525820
total bases: 2902861056
Q20 bases: 2851079539(98.2162%)
Q30 bases: 2736254591(94.2606%)
Q40 bases: 2176139230(74.9653%)

Filtering result:
reads passed filter: 39051640
reads failed due to low quality: 3427618
reads failed due to too many N: 3676
reads with adapter trimmed: 2360536
bases trimmed due to adapters: 52751460

Duplication rate: 20.4593%

Insert size peak (evaluated by paired-end reads): 207

JSON report: /scratch/USERNAME/Vitis/Shi2024/SRR29330634_fastp.json
HTML report: /scratch/USERNAME/Vitis/Shi2024/SRR29330634_fastp.html

fastp -i /scratch/USERNAME/Vitis/Shi2024/fastq/SRR29330634_1.fastq.gz -I /scratch/USERNAME/Vitis/Shi2024/fastq/SRR29330634_2.fastq.gz -o /scratch/USERNAME/Vitis/Shi2024/SRR29330634_1.q30.fastq.gz -O /scratch/USERNAME/Vitis/Shi2024/SRR29330634_2.q30.fastq.gz --average_qual 30 --disable_length_filtering -w 8 -j /scratch/USERNAME/Vitis/Shi2024/SRR29330634_fastp.json -h /scratch/USERNAME/Vitis/Shi2024/SRR29330634_fastp.html 
fastp v1.0.1, time used: 61 seconds
=== STAR SRR29330634 Sun Aug 16 03:34:06 CEST 2026 ===
Loading bio/STAR/2.7.10b-GCC-11.3.0
  Loading requirement: compiler/GCCcore/11.3.0 lib/zlib/1.2.12-GCCcore-11.3.0
    tools/binutils/2.38-GCCcore-11.3.0 compiler/GCC/11.3.0
    tools/bzip2/1.0.8-GCCcore-11.3.0 tools/XZ/5.2.5-GCCcore-11.3.0
    system/OpenSSL/1.1 tools/cURL/7.83.0-GCCcore-11.3.0
    bio/HTSlib/1.15.1-GCC-11.3.0
	STAR --runThreadN 32 --genomeDir /scratch/USERNAME/Vitis/GGref/STAR_index_PN40024v4_ohd149 --readFilesIn /scratch/USERNAME/Vitis/Shi2024/SRR29330634_1.q30.fastq.gz /scratch/USERNAME/Vitis/Shi2024/SRR29330634_2.q30.fastq.gz --readFilesCommand zcat --outFileNamePrefix /scratch/USERNAME/Vitis/Shi2024/SRR29330634_ --outSAMtype BAM SortedByCoordinate --outBAMsortingBinsN 20 --limitBAMsortRAM 10000000000 --outFilterMultimapNmax 1 --twopassMode Basic
	STAR version: 2.7.10b   compiled: 2024-07-31T14:09:58+02:00 ramses4:/dev/shm/sborowsk/build/STAR/2.7.10b/GCC-11.3.0/STAR-2.7.10b/source
Aug 16 03:34:06 ..... started STAR run
Aug 16 03:34:06 ..... loading genome
Aug 16 03:34:07 ..... started 1st pass mapping
Aug 16 03:35:33 ..... finished 1st pass mapping
Aug 16 03:35:33 ..... inserting junctions into the genome indices
Aug 16 03:35:54 ..... started mapping
Aug 16 03:37:25 ..... finished mapping
Aug 16 03:37:25 ..... started sorting BAM
Aug 16 03:37:42 ..... finished successfully
SKIP SRR29330635: fastq not yet downloaded
SKIP SRR29330597: fastq not yet downloaded
SKIP SRR29330602: fastq not yet downloaded
SKIP SRR29330605: fastq not yet downloaded
=== fastp SRR29330606 Sun Aug 16 03:37:42 CEST 2026 ===
Loading bio/fastp/1.0.1-GCC-13.3.0
  Loading requirement: compiler/GCCcore/13.3.0 lib/zlib/1.3.1-GCCcore-13.3.0
    tools/binutils/2.42-GCCcore-13.3.0 compiler/GCC/13.3.0
    system/libdeflate/1.20-GCCcore-13.3.0 lang/NASM/2.16.03-GCCcore-13.3.0
    lib/ISA-L/2.31.0-GCCcore-13.3.0
Read1 before filtering:
total reads: 23425399
total bases: 3513809850
Q20 bases: 3466108127(98.6425%)
Q30 bases: 3381871170(96.2451%)
Q40 bases: 2884668356(82.0952%)

Read2 before filtering:
total reads: 23425399
total bases: 3513809850
Q20 bases: 3335472189(94.9247%)
Q30 bases: 3119171725(88.7689%)
Q40 bases: 2383492891(67.8322%)

Read1 after filtering:
total reads: 21177337
total bases: 3143745208
Q20 bases: 3122945479(99.3384%)
Q30 bases: 3073629053(97.7697%)
Q40 bases: 2679332318(85.2274%)

Read2 after filtering:
total reads: 21177337
total bases: 3143745208
Q20 bases: 3074365291(97.7931%)
Q30 bases: 2937290228(93.4328%)
Q40 bases: 2303925426(73.286%)

Filtering result:
reads passed filter: 42354674
reads failed due to low quality: 4491384
reads failed due to too many N: 4740
reads with adapter trimmed: 2600148
bases trimmed due to adapters: 66763936

Duplication rate: 21.4192%

Insert size peak (evaluated by paired-end reads): 206

JSON report: /scratch/USERNAME/Vitis/Shi2024/SRR29330606_fastp.json
HTML report: /scratch/USERNAME/Vitis/Shi2024/SRR29330606_fastp.html

fastp -i /scratch/USERNAME/Vitis/Shi2024/fastq/SRR29330606_1.fastq.gz -I /scratch/USERNAME/Vitis/Shi2024/fastq/SRR29330606_2.fastq.gz -o /scratch/USERNAME/Vitis/Shi2024/SRR29330606_1.q30.fastq.gz -O /scratch/USERNAME/Vitis/Shi2024/SRR29330606_2.q30.fastq.gz --average_qual 30 --disable_length_filtering -w 8 -j /scratch/USERNAME/Vitis/Shi2024/SRR29330606_fastp.json -h /scratch/USERNAME/Vitis/Shi2024/SRR29330606_fastp.html 
fastp v1.0.1, time used: 66 seconds
=== STAR SRR29330606 Sun Aug 16 03:38:48 CEST 2026 ===
Loading bio/STAR/2.7.10b-GCC-11.3.0
  Loading requirement: compiler/GCCcore/11.3.0 lib/zlib/1.2.12-GCCcore-11.3.0
    tools/binutils/2.38-GCCcore-11.3.0 compiler/GCC/11.3.0
    tools/bzip2/1.0.8-GCCcore-11.3.0 tools/XZ/5.2.5-GCCcore-11.3.0
    system/OpenSSL/1.1 tools/cURL/7.83.0-GCCcore-11.3.0
    bio/HTSlib/1.15.1-GCC-11.3.0
	STAR --runThreadN 32 --genomeDir /scratch/USERNAME/Vitis/GGref/STAR_index_PN40024v4_ohd149 --readFilesIn /scratch/USERNAME/Vitis/Shi2024/SRR29330606_1.q30.fastq.gz /scratch/USERNAME/Vitis/Shi2024/SRR29330606_2.q30.fastq.gz --readFilesCommand zcat --outFileNamePrefix /scratch/USERNAME/Vitis/Shi2024/SRR29330606_ --outSAMtype BAM SortedByCoordinate --outBAMsortingBinsN 20 --limitBAMsortRAM 10000000000 --outFilterMultimapNmax 1 --twopassMode Basic
	STAR version: 2.7.10b   compiled: 2024-07-31T14:09:58+02:00 ramses4:/dev/shm/sborowsk/build/STAR/2.7.10b/GCC-11.3.0/STAR-2.7.10b/source
Aug 16 03:38:49 ..... started STAR run
Aug 16 03:38:49 ..... loading genome
Aug 16 03:38:50 ..... started 1st pass mapping
Aug 16 03:40:12 ..... finished 1st pass mapping
Aug 16 03:40:13 ..... inserting junctions into the genome indices
Aug 16 03:40:34 ..... started mapping
Aug 16 03:43:19 ..... finished mapping
Aug 16 03:43:20 ..... started sorting BAM
Aug 16 03:43:37 ..... finished successfully
=== fastp SRR29330610 Sun Aug 16 03:43:37 CEST 2026 ===
Loading bio/fastp/1.0.1-GCC-13.3.0
  Loading requirement: compiler/GCCcore/13.3.0 lib/zlib/1.3.1-GCCcore-13.3.0
    tools/binutils/2.42-GCCcore-13.3.0 compiler/GCC/13.3.0
    system/libdeflate/1.20-GCCcore-13.3.0 lang/NASM/2.16.03-GCCcore-13.3.0
    lib/ISA-L/2.31.0-GCCcore-13.3.0
Read1 before filtering:
total reads: 26282642
total bases: 3942396300
Q20 bases: 3868761484(98.1322%)
Q30 bases: 3747216475(95.0492%)
Q40 bases: 3116745672(79.0571%)

Read2 before filtering:
total reads: 26282642
total bases: 3942396300
Q20 bases: 3696318108(93.7582%)
Q30 bases: 3406101194(86.3967%)
Q40 bases: 2498349377(63.3713%)

Read1 after filtering:
total reads: 23129666
total bases: 3436378854
Q20 bases: 3404709823(99.0784%)
Q30 bases: 3335231874(97.0566%)
Q40 bases: 2851551076(82.9813%)

Read2 after filtering:
total reads: 23129666
total bases: 3436378854
Q20 bases: 3347420582(97.4113%)
Q30 bases: 3170416753(92.2604%)
Q40 bases: 2404258993(69.9649%)

Filtering result:
reads passed filter: 46259332
reads failed due to low quality: 6304340
reads failed due to too many N: 1612
reads with adapter trimmed: 2967352
bases trimmed due to adapters: 67204682

Duplication rate: 23.2437%

Insert size peak (evaluated by paired-end reads): 199

JSON report: /scratch/USERNAME/Vitis/Shi2024/SRR29330610_fastp.json
HTML report: /scratch/USERNAME/Vitis/Shi2024/SRR29330610_fastp.html

fastp -i /scratch/USERNAME/Vitis/Shi2024/fastq/SRR29330610_1.fastq.gz -I /scratch/USERNAME/Vitis/Shi2024/fastq/SRR29330610_2.fastq.gz -o /scratch/USERNAME/Vitis/Shi2024/SRR29330610_1.q30.fastq.gz -O /scratch/USERNAME/Vitis/Shi2024/SRR29330610_2.q30.fastq.gz --average_qual 30 --disable_length_filtering -w 8 -j /scratch/USERNAME/Vitis/Shi2024/SRR29330610_fastp.json -h /scratch/USERNAME/Vitis/Shi2024/SRR29330610_fastp.html 
fastp v1.0.1, time used: 74 seconds
=== STAR SRR29330610 Sun Aug 16 03:44:52 CEST 2026 ===
Loading bio/STAR/2.7.10b-GCC-11.3.0
  Loading requirement: compiler/GCCcore/11.3.0 lib/zlib/1.2.12-GCCcore-11.3.0
    tools/binutils/2.38-GCCcore-11.3.0 compiler/GCC/11.3.0
    tools/bzip2/1.0.8-GCCcore-11.3.0 tools/XZ/5.2.5-GCCcore-11.3.0
    system/OpenSSL/1.1 tools/cURL/7.83.0-GCCcore-11.3.0
    bio/HTSlib/1.15.1-GCC-11.3.0
	STAR --runThreadN 32 --genomeDir /scratch/USERNAME/Vitis/GGref/STAR_index_PN40024v4_ohd149 --readFilesIn /scratch/USERNAME/Vitis/Shi2024/SRR29330610_1.q30.fastq.gz /scratch/USERNAME/Vitis/Shi2024/SRR29330610_2.q30.fastq.gz --readFilesCommand zcat --outFileNamePrefix /scratch/USERNAME/Vitis/Shi2024/SRR29330610_ --outSAMtype BAM SortedByCoordinate --outBAMsortingBinsN 20 --limitBAMsortRAM 10000000000 --outFilterMultimapNmax 1 --twopassMode Basic
	STAR version: 2.7.10b   compiled: 2024-07-31T14:09:58+02:00 ramses4:/dev/shm/sborowsk/build/STAR/2.7.10b/GCC-11.3.0/STAR-2.7.10b/source
Aug 16 03:44:52 ..... started STAR run
Aug 16 03:44:52 ..... loading genome
Aug 16 03:44:53 ..... started 1st pass mapping
Aug 16 03:46:22 ..... finished 1st pass mapping
Aug 16 03:46:23 ..... inserting junctions into the genome indices
Aug 16 03:46:42 ..... started mapping
Aug 16 03:48:44 ..... finished mapping
Aug 16 03:48:45 ..... started sorting BAM
Aug 16 03:49:04 ..... finished successfully
=== fastp SRR29330615 Sun Aug 16 03:49:04 CEST 2026 ===
Loading bio/fastp/1.0.1-GCC-13.3.0
  Loading requirement: compiler/GCCcore/13.3.0 lib/zlib/1.3.1-GCCcore-13.3.0
    tools/binutils/2.42-GCCcore-13.3.0 compiler/GCC/13.3.0
    system/libdeflate/1.20-GCCcore-13.3.0 lang/NASM/2.16.03-GCCcore-13.3.0
    lib/ISA-L/2.31.0-GCCcore-13.3.0
Read1 before filtering:
total reads: 29328447
total bases: 4399267050
Q20 bases: 4308160781(97.9291%)
Q30 bases: 4188917023(95.2185%)
Q40 bases: 3563463235(81.0013%)

Read2 before filtering:
total reads: 29328447
total bases: 4399267050
Q20 bases: 4152384864(94.3881%)
Q30 bases: 3878519372(88.1629%)
Q40 bases: 2965992770(67.4202%)

Read1 after filtering:
total reads: 26016013
total bases: 3856294521
Q20 bases: 3825870675(99.2111%)
Q30 bases: 3758343912(97.46%)
Q40 bases: 3257825572(84.4807%)

Read2 after filtering:
total reads: 26016013
total bases: 3856294521
Q20 bases: 3776268343(97.9248%)
Q30 bases: 3611349184(93.6482%)
Q40 bases: 2832973409(73.4636%)

Filtering result:
reads passed filter: 52032026
reads failed due to low quality: 6622288
reads failed due to too many N: 2580
reads with adapter trimmed: 5051476
bases trimmed due to adapters: 94267176

Duplication rate: 20.5362%

Insert size peak (evaluated by paired-end reads): 177

JSON report: /scratch/USERNAME/Vitis/Shi2024/SRR29330615_fastp.json
HTML report: /scratch/USERNAME/Vitis/Shi2024/SRR29330615_fastp.html

fastp -i /scratch/USERNAME/Vitis/Shi2024/fastq/SRR29330615_1.fastq.gz -I /scratch/USERNAME/Vitis/Shi2024/fastq/SRR29330615_2.fastq.gz -o /scratch/USERNAME/Vitis/Shi2024/SRR29330615_1.q30.fastq.gz -O /scratch/USERNAME/Vitis/Shi2024/SRR29330615_2.q30.fastq.gz --average_qual 30 --disable_length_filtering -w 8 -j /scratch/USERNAME/Vitis/Shi2024/SRR29330615_fastp.json -h /scratch/USERNAME/Vitis/Shi2024/SRR29330615_fastp.html 
fastp v1.0.1, time used: 81 seconds
=== STAR SRR29330615 Sun Aug 16 03:50:26 CEST 2026 ===
Loading bio/STAR/2.7.10b-GCC-11.3.0
  Loading requirement: compiler/GCCcore/11.3.0 lib/zlib/1.2.12-GCCcore-11.3.0
    tools/binutils/2.38-GCCcore-11.3.0 compiler/GCC/11.3.0
    tools/bzip2/1.0.8-GCCcore-11.3.0 tools/XZ/5.2.5-GCCcore-11.3.0
    system/OpenSSL/1.1 tools/cURL/7.83.0-GCCcore-11.3.0
    bio/HTSlib/1.15.1-GCC-11.3.0
	STAR --runThreadN 32 --genomeDir /scratch/USERNAME/Vitis/GGref/STAR_index_PN40024v4_ohd149 --readFilesIn /scratch/USERNAME/Vitis/Shi2024/SRR29330615_1.q30.fastq.gz /scratch/USERNAME/Vitis/Shi2024/SRR29330615_2.q30.fastq.gz --readFilesCommand zcat --outFileNamePrefix /scratch/USERNAME/Vitis/Shi2024/SRR29330615_ --outSAMtype BAM SortedByCoordinate --outBAMsortingBinsN 20 --limitBAMsortRAM 10000000000 --outFilterMultimapNmax 1 --twopassMode Basic
	STAR version: 2.7.10b   compiled: 2024-07-31T14:09:58+02:00 ramses4:/dev/shm/sborowsk/build/STAR/2.7.10b/GCC-11.3.0/STAR-2.7.10b/source
Aug 16 03:50:26 ..... started STAR run
Aug 16 03:50:26 ..... loading genome
Aug 16 03:50:27 ..... started 1st pass mapping
Aug 16 03:52:09 ..... finished 1st pass mapping
Aug 16 03:52:10 ..... inserting junctions into the genome indices
Aug 16 03:52:31 ..... started mapping
Aug 16 03:54:21 ..... finished mapping
Aug 16 03:54:21 ..... started sorting BAM
Aug 16 03:54:44 ..... finished successfully
=== fastp SRR29330617 Sun Aug 16 03:54:44 CEST 2026 ===
Loading bio/fastp/1.0.1-GCC-13.3.0
  Loading requirement: compiler/GCCcore/13.3.0 lib/zlib/1.3.1-GCCcore-13.3.0
    tools/binutils/2.42-GCCcore-13.3.0 compiler/GCC/13.3.0
    system/libdeflate/1.20-GCCcore-13.3.0 lang/NASM/2.16.03-GCCcore-13.3.0
    lib/ISA-L/2.31.0-GCCcore-13.3.0
Read1 before filtering:
total reads: 28939263
total bases: 4340889450
Q20 bases: 4265102860(98.2541%)
Q30 bases: 4141103297(95.3976%)
Q40 bases: 3477693108(80.1148%)

Read2 before filtering:
total reads: 28939263
total bases: 4340889450
Q20 bases: 4122848849(94.9771%)
Q30 bases: 3851407196(88.7239%)
Q40 bases: 2918223459(67.2264%)

Read1 after filtering:
total reads: 26166027
total bases: 3889870713
Q20 bases: 3854019188(99.0783%)
Q30 bases: 3777272292(97.1053%)
Q40 bases: 3242117452(83.3477%)

Read2 after filtering:
total reads: 26166027
total bases: 3889870713
Q20 bases: 3804763107(97.8121%)
Q30 bases: 3630412152(93.3299%)
Q40 bases: 2822874653(72.5699%)

Filtering result:
reads passed filter: 52332054
reads failed due to low quality: 5544192
reads failed due to too many N: 2280
reads with adapter trimmed: 3493578
bases trimmed due to adapters: 71043382

Duplication rate: 19.7963%

Insert size peak (evaluated by paired-end reads): 198

JSON report: /scratch/USERNAME/Vitis/Shi2024/SRR29330617_fastp.json
HTML report: /scratch/USERNAME/Vitis/Shi2024/SRR29330617_fastp.html

fastp -i /scratch/USERNAME/Vitis/Shi2024/fastq/SRR29330617_1.fastq.gz -I /scratch/USERNAME/Vitis/Shi2024/fastq/SRR29330617_2.fastq.gz -o /scratch/USERNAME/Vitis/Shi2024/SRR29330617_1.q30.fastq.gz -O /scratch/USERNAME/Vitis/Shi2024/SRR29330617_2.q30.fastq.gz --average_qual 30 --disable_length_filtering -w 8 -j /scratch/USERNAME/Vitis/Shi2024/SRR29330617_fastp.json -h /scratch/USERNAME/Vitis/Shi2024/SRR29330617_fastp.html 
fastp v1.0.1, time used: 83 seconds
=== STAR SRR29330617 Sun Aug 16 03:56:07 CEST 2026 ===
Loading bio/STAR/2.7.10b-GCC-11.3.0
  Loading requirement: compiler/GCCcore/11.3.0 lib/zlib/1.2.12-GCCcore-11.3.0
    tools/binutils/2.38-GCCcore-11.3.0 compiler/GCC/11.3.0
    tools/bzip2/1.0.8-GCCcore-11.3.0 tools/XZ/5.2.5-GCCcore-11.3.0
    system/OpenSSL/1.1 tools/cURL/7.83.0-GCCcore-11.3.0
    bio/HTSlib/1.15.1-GCC-11.3.0
	STAR --runThreadN 32 --genomeDir /scratch/USERNAME/Vitis/GGref/STAR_index_PN40024v4_ohd149 --readFilesIn /scratch/USERNAME/Vitis/Shi2024/SRR29330617_1.q30.fastq.gz /scratch/USERNAME/Vitis/Shi2024/SRR29330617_2.q30.fastq.gz --readFilesCommand zcat --outFileNamePrefix /scratch/USERNAME/Vitis/Shi2024/SRR29330617_ --outSAMtype BAM SortedByCoordinate --outBAMsortingBinsN 20 --limitBAMsortRAM 10000000000 --outFilterMultimapNmax 1 --twopassMode Basic
	STAR version: 2.7.10b   compiled: 2024-07-31T14:09:58+02:00 ramses4:/dev/shm/sborowsk/build/STAR/2.7.10b/GCC-11.3.0/STAR-2.7.10b/source
Aug 16 03:56:07 ..... started STAR run
Aug 16 03:56:07 ..... loading genome
Aug 16 03:56:08 ..... started 1st pass mapping
Aug 16 03:57:52 ..... finished 1st pass mapping
Aug 16 03:57:52 ..... inserting junctions into the genome indices
Aug 16 03:58:13 ..... started mapping
Aug 16 04:00:05 ..... finished mapping
Aug 16 04:00:06 ..... started sorting BAM
Aug 16 04:00:27 ..... finished successfully
=== fastp SRR29330619 Sun Aug 16 04:00:28 CEST 2026 ===
Loading bio/fastp/1.0.1-GCC-13.3.0
  Loading requirement: compiler/GCCcore/13.3.0 lib/zlib/1.3.1-GCCcore-13.3.0
    tools/binutils/2.42-GCCcore-13.3.0 compiler/GCC/13.3.0
    system/libdeflate/1.20-GCCcore-13.3.0 lang/NASM/2.16.03-GCCcore-13.3.0
    lib/ISA-L/2.31.0-GCCcore-13.3.0
Read1 before filtering:
total reads: 26495495
total bases: 3974324250
Q20 bases: 3923004291(98.7087%)
Q30 bases: 3833502173(96.4567%)
Q40 bases: 3291629462(82.8224%)

Read2 before filtering:
total reads: 26495495
total bases: 3974324250
Q20 bases: 3789162993(95.3411%)
Q30 bases: 3552032377(89.3745%)
Q40 bases: 2707859169(68.1338%)

Read1 after filtering:
total reads: 24122481
total bases: 3581170742
Q20 bases: 3559461781(99.3938%)
Q30 bases: 3507463203(97.9418%)
Q40 bases: 3075057855(85.8674%)

Read2 after filtering:
total reads: 24122481
total bases: 3581170742
Q20 bases: 3509197156(97.9902%)
Q30 bases: 3356942574(93.7387%)
Q40 bases: 2622510768(73.2305%)

Filtering result:
reads passed filter: 48244962
reads failed due to low quality: 4740762
reads failed due to too many N: 5266
reads with adapter trimmed: 3797542
bases trimmed due to adapters: 75399382

Duplication rate: 17.8529%

Insert size peak (evaluated by paired-end reads): 195

JSON report: /scratch/USERNAME/Vitis/Shi2024/SRR29330619_fastp.json
HTML report: /scratch/USERNAME/Vitis/Shi2024/SRR29330619_fastp.html

fastp -i /scratch/USERNAME/Vitis/Shi2024/fastq/SRR29330619_1.fastq.gz -I /scratch/USERNAME/Vitis/Shi2024/fastq/SRR29330619_2.fastq.gz -o /scratch/USERNAME/Vitis/Shi2024/SRR29330619_1.q30.fastq.gz -O /scratch/USERNAME/Vitis/Shi2024/SRR29330619_2.q30.fastq.gz --average_qual 30 --disable_length_filtering -w 8 -j /scratch/USERNAME/Vitis/Shi2024/SRR29330619_fastp.json -h /scratch/USERNAME/Vitis/Shi2024/SRR29330619_fastp.html 
fastp v1.0.1, time used: 76 seconds
=== STAR SRR29330619 Sun Aug 16 04:01:44 CEST 2026 ===
Loading bio/STAR/2.7.10b-GCC-11.3.0
  Loading requirement: compiler/GCCcore/11.3.0 lib/zlib/1.2.12-GCCcore-11.3.0
    tools/binutils/2.38-GCCcore-11.3.0 compiler/GCC/11.3.0
    tools/bzip2/1.0.8-GCCcore-11.3.0 tools/XZ/5.2.5-GCCcore-11.3.0
    system/OpenSSL/1.1 tools/cURL/7.83.0-GCCcore-11.3.0
    bio/HTSlib/1.15.1-GCC-11.3.0
	STAR --runThreadN 32 --genomeDir /scratch/USERNAME/Vitis/GGref/STAR_index_PN40024v4_ohd149 --readFilesIn /scratch/USERNAME/Vitis/Shi2024/SRR29330619_1.q30.fastq.gz /scratch/USERNAME/Vitis/Shi2024/SRR29330619_2.q30.fastq.gz --readFilesCommand zcat --outFileNamePrefix /scratch/USERNAME/Vitis/Shi2024/SRR29330619_ --outSAMtype BAM SortedByCoordinate --outBAMsortingBinsN 20 --limitBAMsortRAM 10000000000 --outFilterMultimapNmax 1 --twopassMode Basic
	STAR version: 2.7.10b   compiled: 2024-07-31T14:09:58+02:00 ramses4:/dev/shm/sborowsk/build/STAR/2.7.10b/GCC-11.3.0/STAR-2.7.10b/source
Aug 16 04:01:44 ..... started STAR run
Aug 16 04:01:44 ..... loading genome
Aug 16 04:01:45 ..... started 1st pass mapping
Aug 16 04:03:18 ..... finished 1st pass mapping
Aug 16 04:03:18 ..... inserting junctions into the genome indices
Aug 16 04:03:38 ..... started mapping
Aug 16 04:05:20 ..... finished mapping
Aug 16 04:05:21 ..... started sorting BAM
Aug 16 04:05:41 ..... finished successfully
=== fastp SRR29330623 Sun Aug 16 04:05:41 CEST 2026 ===
Loading bio/fastp/1.0.1-GCC-13.3.0
  Loading requirement: compiler/GCCcore/13.3.0 lib/zlib/1.3.1-GCCcore-13.3.0
    tools/binutils/2.42-GCCcore-13.3.0 compiler/GCC/13.3.0
    system/libdeflate/1.20-GCCcore-13.3.0 lang/NASM/2.16.03-GCCcore-13.3.0
    lib/ISA-L/2.31.0-GCCcore-13.3.0
Read1 before filtering:
total reads: 22495781
total bases: 3374367150
Q20 bases: 3328448088(98.6392%)
Q30 bases: 3252543111(96.3897%)
Q40 bases: 2813902727(83.3905%)

Read2 before filtering:
total reads: 22495781
total bases: 3374367150
Q20 bases: 3231458593(95.7649%)
Q30 bases: 3050450210(90.4007%)
Q40 bases: 2371517137(70.2804%)

Read1 after filtering:
total reads: 20691103
total bases: 3061776934
Q20 bases: 3041528097(99.3387%)
Q30 bases: 2995838382(97.8464%)
Q40 bases: 2639087348(86.1946%)

Read2 after filtering:
total reads: 20691103
total bases: 3061776934
Q20 bases: 3007242035(98.2188%)
Q30 bases: 2890565919(94.4081%)
Q40 bases: 2294804925(74.9501%)

Filtering result:
reads passed filter: 41382206
reads failed due to low quality: 3607352
reads failed due to too many N: 2004
reads with adapter trimmed: 4031378
bases trimmed due to adapters: 84813568

Duplication rate: 17.3015%

Insert size peak (evaluated by paired-end reads): 186

JSON report: /scratch/USERNAME/Vitis/Shi2024/SRR29330623_fastp.json
HTML report: /scratch/USERNAME/Vitis/Shi2024/SRR29330623_fastp.html

fastp -i /scratch/USERNAME/Vitis/Shi2024/fastq/SRR29330623_1.fastq.gz -I /scratch/USERNAME/Vitis/Shi2024/fastq/SRR29330623_2.fastq.gz -o /scratch/USERNAME/Vitis/Shi2024/SRR29330623_1.q30.fastq.gz -O /scratch/USERNAME/Vitis/Shi2024/SRR29330623_2.q30.fastq.gz --average_qual 30 --disable_length_filtering -w 8 -j /scratch/USERNAME/Vitis/Shi2024/SRR29330623_fastp.json -h /scratch/USERNAME/Vitis/Shi2024/SRR29330623_fastp.html 
fastp v1.0.1, time used: 64 seconds
=== STAR SRR29330623 Sun Aug 16 04:06:45 CEST 2026 ===
Loading bio/STAR/2.7.10b-GCC-11.3.0
  Loading requirement: compiler/GCCcore/11.3.0 lib/zlib/1.2.12-GCCcore-11.3.0
    tools/binutils/2.38-GCCcore-11.3.0 compiler/GCC/11.3.0
    tools/bzip2/1.0.8-GCCcore-11.3.0 tools/XZ/5.2.5-GCCcore-11.3.0
    system/OpenSSL/1.1 tools/cURL/7.83.0-GCCcore-11.3.0
    bio/HTSlib/1.15.1-GCC-11.3.0
	STAR --runThreadN 32 --genomeDir /scratch/USERNAME/Vitis/GGref/STAR_index_PN40024v4_ohd149 --readFilesIn /scratch/USERNAME/Vitis/Shi2024/SRR29330623_1.q30.fastq.gz /scratch/USERNAME/Vitis/Shi2024/SRR29330623_2.q30.fastq.gz --readFilesCommand zcat --outFileNamePrefix /scratch/USERNAME/Vitis/Shi2024/SRR29330623_ --outSAMtype BAM SortedByCoordinate --outBAMsortingBinsN 20 --limitBAMsortRAM 10000000000 --outFilterMultimapNmax 1 --twopassMode Basic
	STAR version: 2.7.10b   compiled: 2024-07-31T14:09:58+02:00 ramses4:/dev/shm/sborowsk/build/STAR/2.7.10b/GCC-11.3.0/STAR-2.7.10b/source
Aug 16 04:06:46 ..... started STAR run
Aug 16 04:06:46 ..... loading genome
Aug 16 04:06:47 ..... started 1st pass mapping
Aug 16 04:08:13 ..... finished 1st pass mapping
Aug 16 04:08:13 ..... inserting junctions into the genome indices
Aug 16 04:08:34 ..... started mapping
Aug 16 04:10:07 ..... finished mapping
Aug 16 04:10:08 ..... started sorting BAM
Aug 16 04:10:25 ..... finished successfully
=== fastp SRR29330628 Sun Aug 16 04:10:25 CEST 2026 ===
Loading bio/fastp/1.0.1-GCC-13.3.0
  Loading requirement: compiler/GCCcore/13.3.0 lib/zlib/1.3.1-GCCcore-13.3.0
    tools/binutils/2.42-GCCcore-13.3.0 compiler/GCC/13.3.0
    system/libdeflate/1.20-GCCcore-13.3.0 lang/NASM/2.16.03-GCCcore-13.3.0
    lib/ISA-L/2.31.0-GCCcore-13.3.0
Read1 before filtering:
total reads: 20907445
total bases: 3136116750
Q20 bases: 2944774858(93.8988%)
Q30 bases: 2672649663(85.2216%)
Q40 bases: 1818942044(57.9998%)

Read2 before filtering:
total reads: 20907445
total bases: 3136116750
Q20 bases: 2936033075(93.62%)
Q30 bases: 2690160991(85.78%)
Q40 bases: 1944342124(61.9984%)

Read1 after filtering:
total reads: 17633416
total bases: 2618987195
Q20 bases: 2526670449(96.4751%)
Q30 bases: 2344509432(89.5197%)
Q40 bases: 1651937669(63.0754%)

Read2 after filtering:
total reads: 17633416
total bases: 2618987195
Q20 bases: 2554853911(97.5512%)
Q30 bases: 2418020265(92.3265%)
Q40 bases: 1827858762(69.7926%)

Filtering result:
reads passed filter: 35266832
reads failed due to low quality: 6545644
reads failed due to too many N: 2414
reads with adapter trimmed: 2409464
bases trimmed due to adapters: 54085230

Duplication rate: 21.7824%

Insert size peak (evaluated by paired-end reads): 207

JSON report: /scratch/USERNAME/Vitis/Shi2024/SRR29330628_fastp.json
HTML report: /scratch/USERNAME/Vitis/Shi2024/SRR29330628_fastp.html

fastp -i /scratch/USERNAME/Vitis/Shi2024/fastq/SRR29330628_1.fastq.gz -I /scratch/USERNAME/Vitis/Shi2024/fastq/SRR29330628_2.fastq.gz -o /scratch/USERNAME/Vitis/Shi2024/SRR29330628_1.q30.fastq.gz -O /scratch/USERNAME/Vitis/Shi2024/SRR29330628_2.q30.fastq.gz --average_qual 30 --disable_length_filtering -w 8 -j /scratch/USERNAME/Vitis/Shi2024/SRR29330628_fastp.json -h /scratch/USERNAME/Vitis/Shi2024/SRR29330628_fastp.html 
fastp v1.0.1, time used: 58 seconds
=== STAR SRR29330628 Sun Aug 16 04:11:24 CEST 2026 ===
Loading bio/STAR/2.7.10b-GCC-11.3.0
  Loading requirement: compiler/GCCcore/11.3.0 lib/zlib/1.2.12-GCCcore-11.3.0
    tools/binutils/2.38-GCCcore-11.3.0 compiler/GCC/11.3.0
    tools/bzip2/1.0.8-GCCcore-11.3.0 tools/XZ/5.2.5-GCCcore-11.3.0
    system/OpenSSL/1.1 tools/cURL/7.83.0-GCCcore-11.3.0
    bio/HTSlib/1.15.1-GCC-11.3.0
	STAR --runThreadN 32 --genomeDir /scratch/USERNAME/Vitis/GGref/STAR_index_PN40024v4_ohd149 --readFilesIn /scratch/USERNAME/Vitis/Shi2024/SRR29330628_1.q30.fastq.gz /scratch/USERNAME/Vitis/Shi2024/SRR29330628_2.q30.fastq.gz --readFilesCommand zcat --outFileNamePrefix /scratch/USERNAME/Vitis/Shi2024/SRR29330628_ --outSAMtype BAM SortedByCoordinate --outBAMsortingBinsN 20 --limitBAMsortRAM 10000000000 --outFilterMultimapNmax 1 --twopassMode Basic
	STAR version: 2.7.10b   compiled: 2024-07-31T14:09:58+02:00 ramses4:/dev/shm/sborowsk/build/STAR/2.7.10b/GCC-11.3.0/STAR-2.7.10b/source
Aug 16 04:11:24 ..... started STAR run
Aug 16 04:11:24 ..... loading genome
Aug 16 04:11:25 ..... started 1st pass mapping
Aug 16 04:12:46 ..... finished 1st pass mapping
Aug 16 04:12:46 ..... inserting junctions into the genome indices
Aug 16 04:13:03 ..... started mapping
Aug 16 04:16:24 ..... finished mapping
Aug 16 04:16:25 ..... started sorting BAM
Aug 16 04:16:41 ..... finished successfully
=== fastp SRR29330631 Sun Aug 16 04:16:41 CEST 2026 ===
Loading bio/fastp/1.0.1-GCC-13.3.0
  Loading requirement: compiler/GCCcore/13.3.0 lib/zlib/1.3.1-GCCcore-13.3.0
    tools/binutils/2.42-GCCcore-13.3.0 compiler/GCC/13.3.0
    system/libdeflate/1.20-GCCcore-13.3.0 lang/NASM/2.16.03-GCCcore-13.3.0
    lib/ISA-L/2.31.0-GCCcore-13.3.0
Read1 before filtering:
total reads: 37778952
total bases: 5666842800
Q20 bases: 5541588281(97.7897%)
Q30 bases: 5350493357(94.4175%)
Q40 bases: 4444365919(78.4275%)

Read2 before filtering:
total reads: 37778952
total bases: 5666842800
Q20 bases: 5327619927(94.0139%)
Q30 bases: 4944092116(87.246%)
Q40 bases: 3713674010(65.5334%)

Read1 after filtering:
total reads: 33428658
total bases: 4960725638
Q20 bases: 4902888928(98.8341%)
Q30 bases: 4786912479(96.4962%)
Q40 bases: 4076897666(82.1835%)

Read2 after filtering:
total reads: 33428658
total bases: 4960725638
Q20 bases: 4843990392(97.6468%)
Q30 bases: 4615034613(93.0314%)
Q40 bases: 3574092097(72.0478%)

Filtering result:
reads passed filter: 66857316
reads failed due to low quality: 8697734
reads failed due to too many N: 2854
reads with adapter trimmed: 4208104
bases trimmed due to adapters: 109267822

Duplication rate: 23.015%

Insert size peak (evaluated by paired-end reads): 198

JSON report: /scratch/USERNAME/Vitis/Shi2024/SRR29330631_fastp.json
HTML report: /scratch/USERNAME/Vitis/Shi2024/SRR29330631_fastp.html

fastp -i /scratch/USERNAME/Vitis/Shi2024/fastq/SRR29330631_1.fastq.gz -I /scratch/USERNAME/Vitis/Shi2024/fastq/SRR29330631_2.fastq.gz -o /scratch/USERNAME/Vitis/Shi2024/SRR29330631_1.q30.fastq.gz -O /scratch/USERNAME/Vitis/Shi2024/SRR29330631_2.q30.fastq.gz --average_qual 30 --disable_length_filtering -w 8 -j /scratch/USERNAME/Vitis/Shi2024/SRR29330631_fastp.json -h /scratch/USERNAME/Vitis/Shi2024/SRR29330631_fastp.html 
fastp v1.0.1, time used: 105 seconds
=== STAR SRR29330631 Sun Aug 16 04:18:26 CEST 2026 ===
Loading bio/STAR/2.7.10b-GCC-11.3.0
  Loading requirement: compiler/GCCcore/11.3.0 lib/zlib/1.2.12-GCCcore-11.3.0
    tools/binutils/2.38-GCCcore-11.3.0 compiler/GCC/11.3.0
    tools/bzip2/1.0.8-GCCcore-11.3.0 tools/XZ/5.2.5-GCCcore-11.3.0
    system/OpenSSL/1.1 tools/cURL/7.83.0-GCCcore-11.3.0
    bio/HTSlib/1.15.1-GCC-11.3.0
	STAR --runThreadN 32 --genomeDir /scratch/USERNAME/Vitis/GGref/STAR_index_PN40024v4_ohd149 --readFilesIn /scratch/USERNAME/Vitis/Shi2024/SRR29330631_1.q30.fastq.gz /scratch/USERNAME/Vitis/Shi2024/SRR29330631_2.q30.fastq.gz --readFilesCommand zcat --outFileNamePrefix /scratch/USERNAME/Vitis/Shi2024/SRR29330631_ --outSAMtype BAM SortedByCoordinate --outBAMsortingBinsN 20 --limitBAMsortRAM 10000000000 --outFilterMultimapNmax 1 --twopassMode Basic
	STAR version: 2.7.10b   compiled: 2024-07-31T14:09:58+02:00 ramses4:/dev/shm/sborowsk/build/STAR/2.7.10b/GCC-11.3.0/STAR-2.7.10b/source
Aug 16 04:18:27 ..... started STAR run
Aug 16 04:18:27 ..... loading genome
Aug 16 04:18:27 ..... started 1st pass mapping
Aug 16 04:20:48 ..... finished 1st pass mapping
Aug 16 04:20:48 ..... inserting junctions into the genome indices
Aug 16 04:21:09 ..... started mapping
Aug 16 04:27:06 ..... finished mapping
Aug 16 04:27:07 ..... started sorting BAM
Aug 16 04:27:34 ..... finished successfully
Loading bio/Subread/2.1.1-GCC-13.2.0
  Loading requirement: compiler/GCCcore/13.2.0 lib/zlib/1.2.13-GCCcore-13.2.0
    tools/binutils/2.40-GCCcore-13.2.0 compiler/GCC/13.2.0
featureCounts input: 74 BAMs present, 9 missing/not-yet-aligned

        ==========     _____ _    _ ____  _____  ______          _____  
        =====         / ____| |  | |  _ \|  __ \|  ____|   /\   |  __ \ 
          =====      | (___ | |  | | |_) | |__) | |__     /  \  | |  | |
            ====      \___ \| |  | |  _ <|  _  /|  __|   / /\ \ | |  | |
              ====    ____) | |__| | |_) | | \ \| |____ / ____ \| |__| |
        ==========   |_____/ \____/|____/|_|  \_\______/_/    \_\_____/
	  v2.1.1

//========================== featureCounts setting ===========================\\
||                                                                            ||
||             Input files : 74 BAM files                                     ||
||                                                                            ||
||                           SRR20664575_Aligned.sortedByCoord.out.bam        ||
||                           SRR20664577_Aligned.sortedByCoord.out.bam        ||
||                           SRR20664579_Aligned.sortedByCoord.out.bam        ||
||                           SRR20664586_Aligned.sortedByCoord.out.bam        ||
||                           SRR20664587_Aligned.sortedByCoord.out.bam        ||
||                           SRR20664588_Aligned.sortedByCoord.out.bam        ||
||                           SRR20664589_Aligned.sortedByCoord.out.bam        ||
||                           SRR20664596_Aligned.sortedByCoord.out.bam        ||
||                           SRR20664597_Aligned.sortedByCoord.out.bam        ||
||                           SRR20664599_Aligned.sortedByCoord.out.bam        ||
||                           SRR20664573_Aligned.sortedByCoord.out.bam        ||
||                           SRR20664576_Aligned.sortedByCoord.out.bam        ||
||                           SRR20664578_Aligned.sortedByCoord.out.bam        ||
||                           SRR20664590_Aligned.sortedByCoord.out.bam        ||
||                           SRR20664591_Aligned.sortedByCoord.out.bam        ||
||                           SRR20664594_Aligned.sortedByCoord.out.bam        ||
||                           SRR20664600_Aligned.sortedByCoord.out.bam        ||
||                           SRR20664602_Aligned.sortedByCoord.out.bam        ||
||                           SRR20664604_Aligned.sortedByCoord.out.bam        ||
||                           SRR20664574_Aligned.sortedByCoord.out.bam        ||
||                           SRR20664580_Aligned.sortedByCoord.out.bam        ||
||                           SRR20664581_Aligned.sortedByCoord.out.bam        ||
||                           SRR20664582_Aligned.sortedByCoord.out.bam        ||
||                           SRR20664583_Aligned.sortedByCoord.out.bam        ||
||                           SRR20664584_Aligned.sortedByCoord.out.bam        ||
||                           SRR20664585_Aligned.sortedByCoord.out.bam        ||
||                           SRR20664592_Aligned.sortedByCoord.out.bam        ||
||                           SRR20664593_Aligned.sortedByCoord.out.bam        ||
||                           SRR20664595_Aligned.sortedByCoord.out.bam        ||
||                           SRR20664598_Aligned.sortedByCoord.out.bam        ||
||                           SRR20664601_Aligned.sortedByCoord.out.bam        ||
||                           SRR20664603_Aligned.sortedByCoord.out.bam        ||
||                           SRR20664605_Aligned.sortedByCoord.out.bam        ||
||                           SRR29258938_Aligned.sortedByCoord.out.bam        ||
||                           SRR29258940_Aligned.sortedByCoord.out.bam        ||
||                           SRR29258934_Aligned.sortedByCoord.out.bam        ||
||                           SRR29258939_Aligned.sortedByCoord.out.bam        ||
||                           SRR29258941_Aligned.sortedByCoord.out.bam        ||
||                           SRR29258935_Aligned.sortedByCoord.out.bam        ||
||                           SRR29258936_Aligned.sortedByCoord.out.bam        ||
||                           SRR29258937_Aligned.sortedByCoord.out.bam        ||
||                           SRR29330595_Aligned.sortedByCoord.out.bam        ||
||                           SRR29330596_Aligned.sortedByCoord.out.bam        ||
||                           SRR29330598_Aligned.sortedByCoord.out.bam        ||
||                           SRR29330599_Aligned.sortedByCoord.out.bam        ||
||                           SRR29330601_Aligned.sortedByCoord.out.bam        ||
||                           SRR29330603_Aligned.sortedByCoord.out.bam        ||
||                           SRR29330609_Aligned.sortedByCoord.out.bam        ||
||                           SRR29330611_Aligned.sortedByCoord.out.bam        ||
||                           SRR29330616_Aligned.sortedByCoord.out.bam        ||
||                           SRR29330624_Aligned.sortedByCoord.out.bam        ||
||                           SRR29330626_Aligned.sortedByCoord.out.bam        ||
||                           SRR29330629_Aligned.sortedByCoord.out.bam        ||
||                           SRR29330633_Aligned.sortedByCoord.out.bam        ||
||                           SRR29330594_Aligned.sortedByCoord.out.bam        ||
||                           SRR29330600_Aligned.sortedByCoord.out.bam        ||
||                           SRR29330604_Aligned.sortedByCoord.out.bam        ||
||                           SRR29330607_Aligned.sortedByCoord.out.bam        ||
||                           SRR29330608_Aligned.sortedByCoord.out.bam        ||
||                           SRR29330612_Aligned.sortedByCoord.out.bam        ||
||                           SRR29330613_Aligned.sortedByCoord.out.bam        ||
||                           SRR29330618_Aligned.sortedByCoord.out.bam        ||
||                           SRR29330620_Aligned.sortedByCoord.out.bam        ||
||                           SRR29330621_Aligned.sortedByCoord.out.bam        ||
||                           SRR29330622_Aligned.sortedByCoord.out.bam        ||
||                           SRR29330634_Aligned.sortedByCoord.out.bam        ||
||                           SRR29330606_Aligned.sortedByCoord.out.bam        ||
||                           SRR29330610_Aligned.sortedByCoord.out.bam        ||
||                           SRR29330615_Aligned.sortedByCoord.out.bam        ||
||                           SRR29330617_Aligned.sortedByCoord.out.bam        ||
||                           SRR29330619_Aligned.sortedByCoord.out.bam        ||
||                           SRR29330623_Aligned.sortedByCoord.out.bam        ||
||                           SRR29330628_Aligned.sortedByCoord.out.bam        ||
||                           SRR29330631_Aligned.sortedByCoord.out.bam        ||
||                                                                            ||
||             Output file : shi2024_all_samples.counts.tsv                   ||
||                 Summary : shi2024_all_samples.counts.tsv.summary           ||
||              Paired-end : yes                                              ||
||        Count read pairs : no                                               ||
||              Annotation : Vitis_vinifera.PN40024.v4.56.gff3 (GTF)          ||
||      Dir for temp files : /scratch/USERNAME/Vitis/Shi2024                  ||
||                                                                            ||
||                 Threads : 32                                               ||
||                   Level : meta-feature level                               ||
||      Multimapping reads : not counted                                      ||
|| Multi-overlapping reads : not counted                                      ||
||   Min overlapping bases : 1                                                ||
||                                                                            ||
\\============================================================================//

//================================= Running ==================================\\
||                                                                            ||
|| Load annotation file Vitis_vinifera.PN40024.v4.56.gff3 ...                 ||
||    Features : 35134                                                        ||
||    Meta-features : 35134                                                   ||
||    Chromosomes/contigs : 20                                                ||
||                                                                            ||
|| Process BAM file SRR20664575_Aligned.sortedByCoord.out.bam...              ||
||    Paired-end reads are included.                                          ||
||    The reads are assigned on the single-end mode.                          ||
||    Total alignments : 65639598                                             ||
||    Successfully assigned alignments : 48208449 (73.4%)                     ||
||    Running time : 0.04 minutes                                             ||
||                                                                            ||
|| Process BAM file SRR20664577_Aligned.sortedByCoord.out.bam...              ||
||    Paired-end reads are included.                                          ||
||    The reads are assigned on the single-end mode.                          ||
||    Total alignments : 91399054                                             ||
||    Successfully assigned alignments : 75648773 (82.8%)                     ||
||    Running time : 0.05 minutes                                             ||
||                                                                            ||
|| Process BAM file SRR20664579_Aligned.sortedByCoord.out.bam...              ||
||    Paired-end reads are included.                                          ||
||    The reads are assigned on the single-end mode.                          ||
||    Total alignments : 40534340                                             ||
||    Successfully assigned alignments : 34620138 (85.4%)                     ||
||    Running time : 0.02 minutes                                             ||
||                                                                            ||
|| Process BAM file SRR20664586_Aligned.sortedByCoord.out.bam...              ||
||    Paired-end reads are included.                                          ||
||    The reads are assigned on the single-end mode.                          ||
||    Total alignments : 61823572                                             ||
||    Successfully assigned alignments : 57271793 (92.6%)                     ||
||    Running time : 0.03 minutes                                             ||
||                                                                            ||
|| Process BAM file SRR20664587_Aligned.sortedByCoord.out.bam...              ||
||    Paired-end reads are included.                                          ||
||    The reads are assigned on the single-end mode.                          ||
||    Total alignments : 66144700                                             ||
||    Successfully assigned alignments : 61599243 (93.1%)                     ||
||    Running time : 0.04 minutes                                             ||
||                                                                            ||
|| Process BAM file SRR20664588_Aligned.sortedByCoord.out.bam...              ||
||    Paired-end reads are included.                                          ||
||    The reads are assigned on the single-end mode.                          ||
||    Total alignments : 50850474                                             ||
||    Successfully assigned alignments : 47211145 (92.8%)                     ||
||    Running time : 0.03 minutes                                             ||
||                                                                            ||
|| Process BAM file SRR20664589_Aligned.sortedByCoord.out.bam...              ||
||    Paired-end reads are included.                                          ||
||    The reads are assigned on the single-end mode.                          ||
||    Total alignments : 63929250                                             ||
||    Successfully assigned alignments : 59604323 (93.2%)                     ||
||    Running time : 0.04 minutes                                             ||
||                                                                            ||
|| Process BAM file SRR20664596_Aligned.sortedByCoord.out.bam...              ||
||    Paired-end reads are included.                                          ||
||    The reads are assigned on the single-end mode.                          ||
||    Total alignments : 71788174                                             ||
||    Successfully assigned alignments : 63540027 (88.5%)                     ||
||    Running time : 0.04 minutes                                             ||
||                                                                            ||
|| Process BAM file SRR20664597_Aligned.sortedByCoord.out.bam...              ||
||    Paired-end reads are included.                                          ||
||    The reads are assigned on the single-end mode.                          ||
||    Total alignments : 53726024                                             ||
||    Successfully assigned alignments : 47294285 (88.0%)                     ||
||    Running time : 0.03 minutes                                             ||
||                                                                            ||
|| Process BAM file SRR20664599_Aligned.sortedByCoord.out.bam...              ||
||    Paired-end reads are included.                                          ||
||    The reads are assigned on the single-end mode.                          ||
||    Total alignments : 53777936                                             ||
||    Successfully assigned alignments : 48512041 (90.2%)                     ||
||    Running time : 0.03 minutes                                             ||
||                                                                            ||
|| Process BAM file SRR20664573_Aligned.sortedByCoord.out.bam...              ||
||    Paired-end reads are included.                                          ||
||    The reads are assigned on the single-end mode.                          ||
||    Total alignments : 59574286                                             ||
||    Successfully assigned alignments : 48926432 (82.1%)                     ||
||    Running time : 0.03 minutes                                             ||
||                                                                            ||
|| Process BAM file SRR20664576_Aligned.sortedByCoord.out.bam...              ||
||    Paired-end reads are included.                                          ||
||    The reads are assigned on the single-end mode.                          ||
||    Total alignments : 75607022                                             ||
||    Successfully assigned alignments : 57574839 (76.2%)                     ||
||    Running time : 0.04 minutes                                             ||
||                                                                            ||
|| Process BAM file SRR20664578_Aligned.sortedByCoord.out.bam...              ||
||    Paired-end reads are included.                                          ||
||    The reads are assigned on the single-end mode.                          ||
||    Total alignments : 75216054                                             ||
||    Successfully assigned alignments : 62792037 (83.5%)                     ||
||    Running time : 0.04 minutes                                             ||
||                                                                            ||
|| Process BAM file SRR20664590_Aligned.sortedByCoord.out.bam...              ||
||    Paired-end reads are included.                                          ||
||    The reads are assigned on the single-end mode.                          ||
||    Total alignments : 69519152                                             ||
||    Successfully assigned alignments : 63891163 (91.9%)                     ||
||    Running time : 0.04 minutes                                             ||
||                                                                            ||
|| Process BAM file SRR20664591_Aligned.sortedByCoord.out.bam...              ||
||    Paired-end reads are included.                                          ||
||    The reads are assigned on the single-end mode.                          ||
||    Total alignments : 52919834                                             ||
||    Successfully assigned alignments : 49723510 (94.0%)                     ||
||    Running time : 0.03 minutes                                             ||
||                                                                            ||
|| Process BAM file SRR20664594_Aligned.sortedByCoord.out.bam...              ||
||    Paired-end reads are included.                                          ||
||    The reads are assigned on the single-end mode.                          ||
||    Total alignments : 57779194                                             ||
||    Successfully assigned alignments : 54206352 (93.8%)                     ||
||    Running time : 0.03 minutes                                             ||
||                                                                            ||
|| Process BAM file SRR20664600_Aligned.sortedByCoord.out.bam...              ||
||    Paired-end reads are included.                                          ||
||    The reads are assigned on the single-end mode.                          ||
||    Total alignments : 85210896                                             ||
||    Successfully assigned alignments : 76515327 (89.8%)                     ||
||    Running time : 0.04 minutes                                             ||
||                                                                            ||
|| Process BAM file SRR20664602_Aligned.sortedByCoord.out.bam...              ||
||    Paired-end reads are included.                                          ||
||    The reads are assigned on the single-end mode.                          ||
||    Total alignments : 69359512                                             ||
||    Successfully assigned alignments : 56776952 (81.9%)                     ||
||    Running time : 0.04 minutes                                             ||
||                                                                            ||
|| Process BAM file SRR20664604_Aligned.sortedByCoord.out.bam...              ||
||    Paired-end reads are included.                                          ||
||    The reads are assigned on the single-end mode.                          ||
||    Total alignments : 74827428                                             ||
||    Successfully assigned alignments : 58638605 (78.4%)                     ||
||    Running time : 0.04 minutes                                             ||
||                                                                            ||
|| Process BAM file SRR20664574_Aligned.sortedByCoord.out.bam...              ||
||    Paired-end reads are included.                                          ||
||    The reads are assigned on the single-end mode.                          ||
||    Total alignments : 80685334                                             ||
||    Successfully assigned alignments : 54651291 (67.7%)                     ||
||    Running time : 0.04 minutes                                             ||
||                                                                            ||
|| Process BAM file SRR20664580_Aligned.sortedByCoord.out.bam...              ||
||    Paired-end reads are included.                                          ||
||    The reads are assigned on the single-end mode.                          ||
||    Total alignments : 45906918                                             ||
||    Successfully assigned alignments : 43081923 (93.8%)                     ||
||    Running time : 0.03 minutes                                             ||
||                                                                            ||
|| Process BAM file SRR20664581_Aligned.sortedByCoord.out.bam...              ||
||    Paired-end reads are included.                                          ||
||    The reads are assigned on the single-end mode.                          ||
||    Total alignments : 48449054                                             ||
||    Successfully assigned alignments : 44342920 (91.5%)                     ||
||    Running time : 0.03 minutes                                             ||
||                                                                            ||
|| Process BAM file SRR20664582_Aligned.sortedByCoord.out.bam...              ||
||    Paired-end reads are included.                                          ||
||    The reads are assigned on the single-end mode.                          ||
||    Total alignments : 76107474                                             ||
||    Successfully assigned alignments : 57132124 (75.1%)                     ||
||    Running time : 0.04 minutes                                             ||
||                                                                            ||
|| Process BAM file SRR20664583_Aligned.sortedByCoord.out.bam...              ||
||    Paired-end reads are included.                                          ||
||    The reads are assigned on the single-end mode.                          ||
||    Total alignments : 53247194                                             ||
||    Successfully assigned alignments : 47430334 (89.1%)                     ||
||    Running time : 0.03 minutes                                             ||
||                                                                            ||
|| Process BAM file SRR20664584_Aligned.sortedByCoord.out.bam...              ||
||    Paired-end reads are included.                                          ||
||    The reads are assigned on the single-end mode.                          ||
||    Total alignments : 73447814                                             ||
||    Successfully assigned alignments : 66913077 (91.1%)                     ||
||    Running time : 0.04 minutes                                             ||
||                                                                            ||
|| Process BAM file SRR20664585_Aligned.sortedByCoord.out.bam...              ||
||    Paired-end reads are included.                                          ||
||    The reads are assigned on the single-end mode.                          ||
||    Total alignments : 80164346                                             ||
||    Successfully assigned alignments : 65042277 (81.1%)                     ||
||    Running time : 0.05 minutes                                             ||
||                                                                            ||
|| Process BAM file SRR20664592_Aligned.sortedByCoord.out.bam...              ||
||    Paired-end reads are included.                                          ||
||    The reads are assigned on the single-end mode.                          ||
||    Total alignments : 69358138                                             ||
||    Successfully assigned alignments : 65370016 (94.2%)                     ||
||    Running time : 0.04 minutes                                             ||
||                                                                            ||
|| Process BAM file SRR20664593_Aligned.sortedByCoord.out.bam...              ||
||    Paired-end reads are included.                                          ||
||    The reads are assigned on the single-end mode.                          ||
||    Total alignments : 75638548                                             ||
||    Successfully assigned alignments : 62004903 (82.0%)                     ||
||    Running time : 0.04 minutes                                             ||
||                                                                            ||
|| Process BAM file SRR20664595_Aligned.sortedByCoord.out.bam...              ||
||    Paired-end reads are included.                                          ||
||    The reads are assigned on the single-end mode.                          ||
||    Total alignments : 57342938                                             ||
||    Successfully assigned alignments : 53827922 (93.9%)                     ||
||    Running time : 0.03 minutes                                             ||
||                                                                            ||
|| Process BAM file SRR20664598_Aligned.sortedByCoord.out.bam...              ||
||    Paired-end reads are included.                                          ||
||    The reads are assigned on the single-end mode.                          ||
||    Total alignments : 76560450                                             ||
||    Successfully assigned alignments : 71804204 (93.8%)                     ||
||    Running time : 0.04 minutes                                             ||
||                                                                            ||
|| Process BAM file SRR20664601_Aligned.sortedByCoord.out.bam...              ||
||    Paired-end reads are included.                                          ||
||    The reads are assigned on the single-end mode.                          ||
||    Total alignments : 56754870                                             ||
||    Successfully assigned alignments : 52594790 (92.7%)                     ||
||    Running time : 0.04 minutes                                             ||
||                                                                            ||
|| Process BAM file SRR20664603_Aligned.sortedByCoord.out.bam...              ||
||    Paired-end reads are included.                                          ||
||    The reads are assigned on the single-end mode.                          ||
||    Total alignments : 67575180                                             ||
||    Successfully assigned alignments : 50856450 (75.3%)                     ||
||    Running time : 0.04 minutes                                             ||
||                                                                            ||
|| Process BAM file SRR20664605_Aligned.sortedByCoord.out.bam...              ||
||    Paired-end reads are included.                                          ||
||    The reads are assigned on the single-end mode.                          ||
||    Total alignments : 51259082                                             ||
||    Successfully assigned alignments : 42034612 (82.0%)                     ||
||    Running time : 0.03 minutes                                             ||
||                                                                            ||
|| Process BAM file SRR29258938_Aligned.sortedByCoord.out.bam...              ||
||    Paired-end reads are included.                                          ||
||    The reads are assigned on the single-end mode.                          ||
||    Total alignments : 90818736                                             ||
||    Successfully assigned alignments : 85795606 (94.5%)                     ||
||    Running time : 0.04 minutes                                             ||
||                                                                            ||
|| Process BAM file SRR29258940_Aligned.sortedByCoord.out.bam...              ||
||    Paired-end reads are included.                                          ||
||    The reads are assigned on the single-end mode.                          ||
||    Total alignments : 69051544                                             ||
||    Successfully assigned alignments : 66019361 (95.6%)                     ||
||    Running time : 0.03 minutes                                             ||
||                                                                            ||
|| Process BAM file SRR29258934_Aligned.sortedByCoord.out.bam...              ||
||    Paired-end reads are included.                                          ||
||    The reads are assigned on the single-end mode.                          ||
||    Total alignments : 80577414                                             ||
||    Successfully assigned alignments : 77489611 (96.2%)                     ||
||    Running time : 0.03 minutes                                             ||
||                                                                            ||
|| Process BAM file SRR29258939_Aligned.sortedByCoord.out.bam...              ||
||    Paired-end reads are included.                                          ||
||    The reads are assigned on the single-end mode.                          ||
||    Total alignments : 87623248                                             ||
||    Successfully assigned alignments : 83866037 (95.7%)                     ||
||    Running time : 0.04 minutes                                             ||
||                                                                            ||
|| Process BAM file SRR29258941_Aligned.sortedByCoord.out.bam...              ||
||    Paired-end reads are included.                                          ||
||    The reads are assigned on the single-end mode.                          ||
||    Total alignments : 75574380                                             ||
||    Successfully assigned alignments : 72382551 (95.8%)                     ||
||    Running time : 0.04 minutes                                             ||
||                                                                            ||
|| Process BAM file SRR29258935_Aligned.sortedByCoord.out.bam...              ||
||    Paired-end reads are included.                                          ||
||    The reads are assigned on the single-end mode.                          ||
||    Total alignments : 103493050                                            ||
||    Successfully assigned alignments : 95594549 (92.4%)                     ||
||    Running time : 0.04 minutes                                             ||
||                                                                            ||
|| Process BAM file SRR29258936_Aligned.sortedByCoord.out.bam...              ||
||    Paired-end reads are included.                                          ||
||    The reads are assigned on the single-end mode.                          ||
||    Total alignments : 90978604                                             ||
||    Successfully assigned alignments : 87464154 (96.1%)                     ||
||    Running time : 0.04 minutes                                             ||
||                                                                            ||
|| Process BAM file SRR29258937_Aligned.sortedByCoord.out.bam...              ||
||    Paired-end reads are included.                                          ||
||    The reads are assigned on the single-end mode.                          ||
||    Total alignments : 84438212                                             ||
||    Successfully assigned alignments : 81005009 (95.9%)                     ||
||    Running time : 0.04 minutes                                             ||
||                                                                            ||
|| Process BAM file SRR29330595_Aligned.sortedByCoord.out.bam...              ||
||    Paired-end reads are included.                                          ||
||    The reads are assigned on the single-end mode.                          ||
||    Total alignments : 33892636                                             ||
||    Successfully assigned alignments : 31070529 (91.7%)                     ||
||    Running time : 0.02 minutes                                             ||
||                                                                            ||
|| Process BAM file SRR29330596_Aligned.sortedByCoord.out.bam...              ||
||    Paired-end reads are included.                                          ||
||    The reads are assigned on the single-end mode.                          ||
||    Total alignments : 30805980                                             ||
||    Successfully assigned alignments : 27826649 (90.3%)                     ||
||    Running time : 0.02 minutes                                             ||
||                                                                            ||
|| Process BAM file SRR29330598_Aligned.sortedByCoord.out.bam...              ||
||    Paired-end reads are included.                                          ||
||    The reads are assigned on the single-end mode.                          ||
||    Total alignments : 70885986                                             ||
||    Successfully assigned alignments : 62613836 (88.3%)                     ||
||    Running time : 0.04 minutes                                             ||
||                                                                            ||
|| Process BAM file SRR29330599_Aligned.sortedByCoord.out.bam...              ||
||    Paired-end reads are included.                                          ||
||    The reads are assigned on the single-end mode.                          ||
||    Total alignments : 51078316                                             ||
||    Successfully assigned alignments : 47459001 (92.9%)                     ||
||    Running time : 0.03 minutes                                             ||
||                                                                            ||
|| Process BAM file SRR29330601_Aligned.sortedByCoord.out.bam...              ||
||    Paired-end reads are included.                                          ||
||    The reads are assigned on the single-end mode.                          ||
||    Total alignments : 42562468                                             ||
||    Successfully assigned alignments : 39113261 (91.9%)                     ||
||    Running time : 0.03 minutes                                             ||
||                                                                            ||
|| Process BAM file SRR29330603_Aligned.sortedByCoord.out.bam...              ||
||    Paired-end reads are included.                                          ||
||    The reads are assigned on the single-end mode.                          ||
||    Total alignments : 29838344                                             ||
||    Successfully assigned alignments : 27899196 (93.5%)                     ||
||    Running time : 0.02 minutes                                             ||
||                                                                            ||
|| Process BAM file SRR29330609_Aligned.sortedByCoord.out.bam...              ||
||    Paired-end reads are included.                                          ||
||    The reads are assigned on the single-end mode.                          ||
||    Total alignments : 53728060                                             ||
||    Successfully assigned alignments : 50594785 (94.2%)                     ||
||    Running time : 0.03 minutes                                             ||
||                                                                            ||
|| Process BAM file SRR29330611_Aligned.sortedByCoord.out.bam...              ||
||    Paired-end reads are included.                                          ||
||    The reads are assigned on the single-end mode.                          ||
||    Total alignments : 47515444                                             ||
||    Successfully assigned alignments : 43839318 (92.3%)                     ||
||    Running time : 0.03 minutes                                             ||
||                                                                            ||
|| Process BAM file SRR29330616_Aligned.sortedByCoord.out.bam...              ||
||    Paired-end reads are included.                                          ||
||    The reads are assigned on the single-end mode.                          ||
||    Total alignments : 72261178                                             ||
||    Successfully assigned alignments : 68807832 (95.2%)                     ||
||    Running time : 0.04 minutes                                             ||
||                                                                            ||
|| Process BAM file SRR29330624_Aligned.sortedByCoord.out.bam...              ||
||    Paired-end reads are included.                                          ||
||    The reads are assigned on the single-end mode.                          ||
||    Total alignments : 57764604                                             ||
||    Successfully assigned alignments : 51163195 (88.6%)                     ||
||    Running time : 0.03 minutes                                             ||
||                                                                            ||
|| Process BAM file SRR29330626_Aligned.sortedByCoord.out.bam...              ||
||    Paired-end reads are included.                                          ||
||    The reads are assigned on the single-end mode.                          ||
||    Total alignments : 43246654                                             ||
||    Successfully assigned alignments : 41160251 (95.2%)                     ||
||    Running time : 0.03 minutes                                             ||
||                                                                            ||
|| Process BAM file SRR29330629_Aligned.sortedByCoord.out.bam...              ||
||    Paired-end reads are included.                                          ||
||    The reads are assigned on the single-end mode.                          ||
||    Total alignments : 47991208                                             ||
||    Successfully assigned alignments : 38765267 (80.8%)                     ||
||    Running time : 0.03 minutes                                             ||
||                                                                            ||
|| Process BAM file SRR29330633_Aligned.sortedByCoord.out.bam...              ||
||    Paired-end reads are included.                                          ||
||    The reads are assigned on the single-end mode.                          ||
||    Total alignments : 38302260                                             ||
||    Successfully assigned alignments : 34131548 (89.1%)                     ||
||    Running time : 0.02 minutes                                             ||
||                                                                            ||
|| Process BAM file SRR29330594_Aligned.sortedByCoord.out.bam...              ||
||    Paired-end reads are included.                                          ||
||    The reads are assigned on the single-end mode.                          ||
||    Total alignments : 52172884                                             ||
||    Successfully assigned alignments : 46139656 (88.4%)                     ||
||    Running time : 0.03 minutes                                             ||
||                                                                            ||
|| Process BAM file SRR29330600_Aligned.sortedByCoord.out.bam...              ||
||    Paired-end reads are included.                                          ||
||    The reads are assigned on the single-end mode.                          ||
||    Total alignments : 39250800                                             ||
||    Successfully assigned alignments : 37036572 (94.4%)                     ||
||    Running time : 0.03 minutes                                             ||
||                                                                            ||
|| Process BAM file SRR29330604_Aligned.sortedByCoord.out.bam...              ||
||    Paired-end reads are included.                                          ||
||    The reads are assigned on the single-end mode.                          ||
||    Total alignments : 35902764                                             ||
||    Successfully assigned alignments : 32873894 (91.6%)                     ||
||    Running time : 0.02 minutes                                             ||
||                                                                            ||
|| Process BAM file SRR29330607_Aligned.sortedByCoord.out.bam...              ||
||    Paired-end reads are included.                                          ||
||    The reads are assigned on the single-end mode.                          ||
||    Total alignments : 57607192                                             ||
||    Successfully assigned alignments : 53506915 (92.9%)                     ||
||    Running time : 0.03 minutes                                             ||
||                                                                            ||
|| Process BAM file SRR29330608_Aligned.sortedByCoord.out.bam...              ||
||    Paired-end reads are included.                                          ||
||    The reads are assigned on the single-end mode.                          ||
||    Total alignments : 44712314                                             ||
||    Successfully assigned alignments : 41596673 (93.0%)                     ||
||    Running time : 0.03 minutes                                             ||
||                                                                            ||
|| Process BAM file SRR29330612_Aligned.sortedByCoord.out.bam...              ||
||    Paired-end reads are included.                                          ||
||    The reads are assigned on the single-end mode.                          ||
||    Total alignments : 52193494                                             ||
||    Successfully assigned alignments : 47440803 (90.9%)                     ||
||    Running time : 0.03 minutes                                             ||
||                                                                            ||
|| Process BAM file SRR29330613_Aligned.sortedByCoord.out.bam...              ||
||    Paired-end reads are included.                                          ||
||    The reads are assigned on the single-end mode.                          ||
||    Total alignments : 58317480                                             ||
||    Successfully assigned alignments : 47832737 (82.0%)                     ||
||    Running time : 0.04 minutes                                             ||
||                                                                            ||
|| Process BAM file SRR29330618_Aligned.sortedByCoord.out.bam...              ||
||    Paired-end reads are included.                                          ||
||    The reads are assigned on the single-end mode.                          ||
||    Total alignments : 51356660                                             ||
||    Successfully assigned alignments : 49157421 (95.7%)                     ||
||    Running time : 0.03 minutes                                             ||
||                                                                            ||
|| Process BAM file SRR29330620_Aligned.sortedByCoord.out.bam...              ||
||    Paired-end reads are included.                                          ||
||    The reads are assigned on the single-end mode.                          ||
||    Total alignments : 41375830                                             ||
||    Successfully assigned alignments : 39630831 (95.8%)                     ||
||    Running time : 0.03 minutes                                             ||
||                                                                            ||
|| Process BAM file SRR29330621_Aligned.sortedByCoord.out.bam...              ||
||    Paired-end reads are included.                                          ||
||    The reads are assigned on the single-end mode.                          ||
||    Total alignments : 42208256                                             ||
||    Successfully assigned alignments : 39707465 (94.1%)                     ||
||    Running time : 0.03 minutes                                             ||
||                                                                            ||
|| Process BAM file SRR29330622_Aligned.sortedByCoord.out.bam...              ||
||    Paired-end reads are included.                                          ||
||    The reads are assigned on the single-end mode.                          ||
||    Total alignments : 56335796                                             ||
||    Successfully assigned alignments : 41853165 (74.3%)                     ||
||    Running time : 0.03 minutes                                             ||
||                                                                            ||
|| Process BAM file SRR29330634_Aligned.sortedByCoord.out.bam...              ||
||    Paired-end reads are included.                                          ||
||    The reads are assigned on the single-end mode.                          ||
||    Total alignments : 36526928                                             ||
||    Successfully assigned alignments : 34003130 (93.1%)                     ||
||    Running time : 0.02 minutes                                             ||
||                                                                            ||
|| Process BAM file SRR29330606_Aligned.sortedByCoord.out.bam...              ||
||    Paired-end reads are included.                                          ||
||    The reads are assigned on the single-end mode.                          ||
||    Total alignments : 39360946                                             ||
||    Successfully assigned alignments : 36623966 (93.0%)                     ||
||    Running time : 0.02 minutes                                             ||
||                                                                            ||
|| Process BAM file SRR29330610_Aligned.sortedByCoord.out.bam...              ||
||    Paired-end reads are included.                                          ||
||    The reads are assigned on the single-end mode.                          ||
||    Total alignments : 43926952                                             ||
||    Successfully assigned alignments : 39152224 (89.1%)                     ||
||    Running time : 0.03 minutes                                             ||
||                                                                            ||
|| Process BAM file SRR29330615_Aligned.sortedByCoord.out.bam...              ||
||    Paired-end reads are included.                                          ||
||    The reads are assigned on the single-end mode.                          ||
||    Total alignments : 50180064                                             ||
||    Successfully assigned alignments : 45907090 (91.5%)                     ||
||    Running time : 0.03 minutes                                             ||
||                                                                            ||
|| Process BAM file SRR29330617_Aligned.sortedByCoord.out.bam...              ||
||    Paired-end reads are included.                                          ||
||    The reads are assigned on the single-end mode.                          ||
||    Total alignments : 50150966                                             ||
||    Successfully assigned alignments : 45710484 (91.1%)                     ||
||    Running time : 0.03 minutes                                             ||
||                                                                            ||
|| Process BAM file SRR29330619_Aligned.sortedByCoord.out.bam...              ||
||    Paired-end reads are included.                                          ||
||    The reads are assigned on the single-end mode.                          ||
||    Total alignments : 45611430                                             ||
||    Successfully assigned alignments : 42491420 (93.2%)                     ||
||    Running time : 0.03 minutes                                             ||
||                                                                            ||
|| Process BAM file SRR29330623_Aligned.sortedByCoord.out.bam...              ||
||    Paired-end reads are included.                                          ||
||    The reads are assigned on the single-end mode.                          ||
||    Total alignments : 38266786                                             ||
||    Successfully assigned alignments : 35067499 (91.6%)                     ||
||    Running time : 0.03 minutes                                             ||
||                                                                            ||
|| Process BAM file SRR29330628_Aligned.sortedByCoord.out.bam...              ||
||    Paired-end reads are included.                                          ||
||    The reads are assigned on the single-end mode.                          ||
||    Total alignments : 32027716                                             ||
||    Successfully assigned alignments : 27249694 (85.1%)                     ||
||    Running time : 0.02 minutes                                             ||
||                                                                            ||
|| Process BAM file SRR29330631_Aligned.sortedByCoord.out.bam...              ||
||    Paired-end reads are included.                                          ||
||    The reads are assigned on the single-end mode.                          ||
||    Total alignments : 61949274                                             ||
||    Successfully assigned alignments : 55910073 (90.3%)                     ||
||    Running time : 0.04 minutes                                             ||
||                                                                            ||
|| Write the final count table.                                               ||
|| Write the read assignment summary.                                         ||
||                                                                            ||
|| Summary of counting results can be found in file "/scratch/USERNAME/Vitis  ||
|| /Shi2024/shi2024_all_samples.counts.tsv.summary"                           ||
||                                                                            ||
\\============================================================================//

Done. Combined count matrix: /scratch/USERNAME/Vitis/Shi2024/shi2024_all_samples.counts.tsv
