"gene","module_size","spearman_rho","pvalue","padj_bonferroni","padj_BH","selected_bonferroni"
"Vitvi00g00786",6,-0.478898349698169,0.00312849885508842,1,0.00423472834636439,FALSE
"Vitvi00g00859",1314,-0.824392187992147,6.42105911361328e-10,4.51785719233831e-06,8.88695225829135e-09,TRUE
"Vitvi00g01805",23,-0.534789945679877,0.000778748352653707,1,0.00132030684560759,FALSE
"Vitvi00g04005",31,0.848818436201521,6.14198049747315e-11,4.32149747802211e-07,1.22422024873147e-09,TRUE
"Vitvi00g04006",87,-0.799794857867825,4.8678475750908e-09,3.42501755383389e-05,4.06771680977901e-08,TRUE
"Vitvi00g04011",4,0.637291797148107,2.91799556594364e-05,0.205310168019794,7.03117013766419e-05,FALSE
"Vitvi00g04017",60,-0.816811769737353,1.23759826433008e-09,8.70774138782648e-06,1.26935005653447e-08,TRUE
"Vitvi00g04018",17,-0.53094704246729,0.000863545476365859,1,0.00145252354093,FALSE
"Vitvi00g04022",78,0.854242196177249,3.4485174125585e-11,2.42637685147616e-07,7.42011269564575e-10,TRUE
"Vitvi00g04024",59,-0.861011812544602,1.62270868075849e-11,1.14173782778167e-07,4.9857547064702e-10,TRUE
"Vitvi00g04030",40,0.645746403000758,2.10820008752171e-05,0.148332958158028,5.29571432195744e-05,FALSE
"Vitvi00g04032",23,-0.699075924851621,2.10869037153981e-06,0.0148367454541541,7.01169444903313e-06,TRUE
"Vitvi00g04035",43,-0.844968114174206,9.12899289305455e-11,6.42315939955318e-07,1.79189134792846e-09,TRUE
"Vitvi00g04037",56,-0.861011812544602,1.62270868075849e-11,1.14173782778167e-07,4.9857547064702e-10,TRUE
"Vitvi00g04039",55,-0.623610398317675,4.83959829814288e-05,0.340514136257333,0.000109631080572226,FALSE
"Vitvi00g04040",48,0.36280178007437,0.0296534634974875,1,0.0332921284774729,FALSE
"Vitvi00g04044",207,-0.478898349698169,0.00312849885508842,1,0.00423472834636439,FALSE
"Vitvi00g04045",516,0.582933306486462,0.000190869311580326,1,0.000367270530032874,FALSE
"Vitvi00g04049",894,-0.631396482934074,3.63959573998368e-05,0.256081956265252,8.4907810432777e-05,FALSE
"Vitvi00g04146",165,0.420850064886269,0.010590608809886,1,0.0129098273711639,FALSE
"Vitvi00g04231",56,0.208006353909306,0.223466571725695,1,0.229836397991813,FALSE
"Vitvi00g04236",20,-0.343452351803737,0.0402822983143647,1,0.0443754894222436,FALSE
"Vitvi00g04245",13,0.478898349698169,0.00312849885508842,1,0.00423472834636439,FALSE
"Vitvi00g04249",20,-0.673835331556645,6.64489620243644e-06,0.0467534896803428,1.95539480051624e-05,TRUE
"Vitvi00g04250",5,-0.602084182241456,0.000102390038824264,0.720416313167522,0.000210401960621356,FALSE
"Vitvi00g04251",5,-0.832547156274335,3.0585442937082e-10,2.15199176505309e-06,5.2874490541845e-09,TRUE
"Vitvi00g04274",39,-0.750289519408583,1.37448227308175e-07,0.000967085727340323,6.46880085177473e-07,TRUE
"Vitvi00g04275",63,-0.750289519408583,1.37448227308175e-07,0.000967085727340323,6.46880085177473e-07,TRUE
"Vitvi00g04280",222,-0.563283869189166,0.00034775734695725,1,0.000636033452870083,FALSE
"Vitvi00g04303",19,-0.478898349698169,0.00312849885508842,1,0.00423472834636439,FALSE
"Vitvi00g04313",21,0.771433338085278,3.65240298083622e-08,0.000256983073731637,2.51205350666317e-07,TRUE
"Vitvi00g04315",506,-0.523772082433948,0.00104397040540408,1,0.00172629277847782,FALSE
"Vitvi00g04316",6,-0.552682403185747,0.000473378889663964,1,0.000841064698064083,FALSE
"Vitvi00g04336",53,-0.440199493156902,0.00721598030084795,1,0.0091021221579,FALSE
"Vitvi00g04337",1426,-0.678679836599203,5.37727468533649e-06,0.0378345046860275,1.6079262509999e-05,TRUE
"Vitvi00g04360",90,-0.328137478531578,0.050722334276717,1,0.0553563431008191,FALSE
"Vitvi00g04361",172,-0.750289519408583,1.37448227308175e-07,0.000967085727340323,6.46880085177473e-07,TRUE
"Vitvi00g04369",819,-0.82902360477862,4.23397938922474e-10,2.97902789825853e-06,6.54731406210665e-09,TRUE
"Vitvi00g04376",127,-0.471586495135116,0.003690811552788,1,0.00495866910166438,FALSE
"Vitvi00g04412",5,-0.0435362136089244,0.800949927206222,1,0.803805974586076,FALSE
"Vitvi00g04449",120,-0.750289519408583,1.37448227308175e-07,0.000967085727340323,6.46880085177473e-07,TRUE
"Vitvi00g04463",9,-0.165784883160762,0.333887517712076,1,0.339680823398231,FALSE
"Vitvi00g04469",54,0.537084619459437,0.000731709404133349,1,0.00124115413873729,FALSE
"Vitvi00g04498",26,-0.816811769737353,1.23759826433008e-09,8.70774138782648e-06,1.26935005653447e-08,TRUE
"Vitvi00g04499",13,-0.724071956759764,5.99562518249324e-07,0.00421852187840224,2.33454448168361e-06,TRUE
"Vitvi00g04500",31,-0.816811769737353,1.23759826433008e-09,8.70774138782648e-06,1.26935005653447e-08,TRUE
"Vitvi00g04501",27,0.816811769737353,1.23759826433005e-09,8.70774138782626e-06,1.26935005653447e-08,TRUE
"Vitvi00g04505",17,-0.0463141678647274,0.788528572750512,1,0.791453215103082,FALSE
"Vitvi00g04507",22,-0.696953156881121,2.33275231669689e-06,0.0164132453002793,7.68050786161878e-06,TRUE
"Vitvi00g04508",4,0.194519505031855,0.255610357270603,1,0.262130079253164,FALSE
"Vitvi00g04509",54,-0.416827510782546,0.0114392506999706,1,0.0139153817297706,FALSE
"Vitvi00g04522",18,0.409493878167507,0.013135040399585,1,0.0157710143773857,FALSE
"Vitvi00g04557",28,-0.411175350750953,0.0127285678576514,1,0.0152881876829012,FALSE
"Vitvi00g04563",60,0.523984994594573,0.00103817108302138,1,0.00172196410658615,FALSE
"Vitvi00g04564",163,-0.629787540867828,3.86279837915616e-05,0.271786493957427,8.99062169888942e-05,FALSE
"Vitvi00g04567",8,-0.622232181081055,5.08592315170758e-05,0.357845552954145,0.000114510576945327,FALSE
"Vitvi00g04570",16,-0.478898349698169,0.00312849885508842,1,0.00423472834636439,FALSE
"Vitvi00g04584",21,-0.669834357002478,7.89120547599315e-06,0.0555225217290878,2.28675954403162e-05,FALSE
"Vitvi00g04594",5,0.712176598320604,1.10874829493115e-06,0.00780115300313554,4.01500411895808e-06,TRUE
"Vitvi00g04598",47,-0.750289519408583,1.37448227308175e-07,0.000967085727340323,6.46880085177473e-07,TRUE
"Vitvi00g04602",50,-0.861011812544602,1.62270868075849e-11,1.14173782778167e-07,4.9857547064702e-10,TRUE
"Vitvi00g04610",18,-0.589733737477529,0.000153686635287772,1,0.00030451680255837,FALSE
"Vitvi00g04617",29,0.307841184324312,0.0677745897337759,1,0.0729481433940412,FALSE
"Vitvi00g04625",44,-0.854242196177249,3.44851741255845e-11,2.42637685147612e-07,7.42011269564575e-10,TRUE
"Vitvi00g04629",7,-0.0717496003334175,0.677526151858529,1,0.681594796179098,FALSE
"Vitvi00g04632",3,-0.692021082694147,2.93995527601393e-06,0.020685525322034,9.38970736361052e-06,TRUE
"Vitvi00g04634",37,0.816811769737353,1.23759826433005e-09,8.70774138782626e-06,1.26935005653447e-08,TRUE
"Vitvi00g04636",38,-0.816811769737353,1.23759826433008e-09,8.70774138782648e-06,1.26935005653447e-08,TRUE
"Vitvi00g04664",17,0.487897282267239,0.00253992909673463,1,0.0039792788075317,FALSE
"Vitvi00g04671",6,-0.175993837885964,0.304543781136304,1,0.310546383199281,FALSE
"Vitvi00g04688",68,0.861011812544602,1.62270868075847e-11,1.14173782778166e-07,4.9857547064702e-10,TRUE
"Vitvi00g04696",299,-0.750289519408583,1.37448227308175e-07,0.000967085727340323,6.46880085177473e-07,TRUE
"Vitvi00g04704",109,-0.750289519408583,1.37448227308175e-07,0.000967085727340323,6.46880085177473e-07,TRUE
"Vitvi00g04705",35,-0.731763852262692,3.96103875756545e-07,0.00278698686982305,1.612037906752e-06,TRUE
"Vitvi00g04706",84,-0.750289519408583,1.37448227308175e-07,0.000967085727340323,6.46880085177473e-07,TRUE
"Vitvi00g04707",36,-0.778309556517049,2.30216542281962e-08,0.000161980359149588,1.65286080764888e-07,TRUE
"Vitvi00g04709",146,-0.416590102555634,0.0114910875759496,1,0.0139760228495042,FALSE
"Vitvi00g04722",5,0.544541179824902,0.000595760055322695,1,0.00103093156646593,FALSE
"Vitvi00g04728",36,-0.816811769737353,1.23759826433008e-09,8.70774138782648e-06,1.26935005653447e-08,TRUE
"Vitvi00g04731",36,-0.235995774737612,0.165849097419878,1,0.172212846730558,FALSE
"Vitvi00g04737",74,0.750289519408583,1.37448227308174e-07,0.00096708572734031,6.46880085177473e-07,TRUE
"Vitvi00g04742",25,0.816811769737353,1.23759826433005e-09,8.70774138782626e-06,1.26935005653447e-08,TRUE
"Vitvi00g04744",392,-0.684288760868618,4.18769069394475e-06,0.0294645917225952,1.28722550120556e-05,TRUE
"Vitvi00g04747",26,-0.714710298520184,9.75165171487901e-07,0.00686126214658887,3.6054977123431e-06,TRUE
"Vitvi00g04748",950,-0.775015709937128,2.877549264785e-08,0.000202464366270273,2.03073587031367e-07,TRUE
"Vitvi00g04752",66,-0.816811769737353,1.23759826433008e-09,8.70774138782648e-06,1.26935005653447e-08,TRUE
"Vitvi00g04763",76,-0.861011812544602,1.62270868075849e-11,1.14173782778167e-07,4.9857547064702e-10,TRUE
"Vitvi00g04765",334,0.285404066991838,0.0915479263669639,1,0.0970661859430317,FALSE
"Vitvi00g04799",192,-0.715801337822652,9.22331580427716e-07,0.00648952499988941,3.42816957204934e-06,TRUE
"Vitvi00g04812",35,0.72100171972297,7.04759400618664e-07,0.00495868714275292,2.69347481952905e-06,TRUE
"Vitvi00g04817",7,0.330048161533721,0.049312508098681,1,0.053851126335918,FALSE
"Vitvi00g04822",566,0.411175350750953,0.0127285678576514,1,0.0152881876829012,FALSE
"Vitvi00g04823",15,0.453878845074328,0.00542856662126948,1,0.00703025855830151,FALSE
"Vitvi00g04837",3,0.101584498420824,0.555509279837126,1,0.560367497194841,FALSE
"Vitvi00g04849",48,0.478898349698169,0.00312849885508842,1,0.00423472834636439,FALSE
"Vitvi00g04860",983,-0.517435182162141,0.00123020463625639,1,0.00201765030785547,FALSE
"Vitvi00g04867",4,0.700887740352874,1.9332321858187e-06,0.0136022216594204,6.46493424877393e-06,TRUE
"Vitvi00g04868",25,0.737939074644656,2.81075640112032e-07,0.00197764820382825,1.20661879428203e-06,TRUE
"Vitvi00g04869",12,-0.56089242694149,0.000373148624783426,1,0.000680350796573253,FALSE
"Vitvi00g04874",30,-0.401500636615636,0.0152203400780548,1,0.017965158998355,FALSE
"Vitvi01g00002",1423,-0.884224678378342,8.74713631353133e-13,6.15448511020064e-09,8.4308015208228e-11,TRUE
"Vitvi01g00012",81,-0.478898349698169,0.00312849885508842,1,0.00423472834636439,FALSE
"Vitvi01g00025",461,0.478898349698169,0.00312849885508842,1,0.00423472834636439,FALSE
"Vitvi01g00033",364,-0.411175350750953,0.0127285678576514,1,0.0152881876829012,FALSE
"Vitvi01g00034",35,-0.530534807027005,0.000873110001630482,1,0.00146231896488266,FALSE
"Vitvi01g00036",59,0.188344282649891,0.271303709762334,1,0.277859228804626,FALSE
"Vitvi01g00046",7,0.789157076468506,1.07431838963728e-08,7.55890418948789e-05,8.2162002059651e-08,TRUE
"Vitvi01g00050",153,-0.635298043129053,3.14603421705441e-05,0.221354967511948,7.53933813051596e-05,FALSE
"Vitvi01g00052",1678,-0.87985813675672,1.58515090510686e-12,1.11531217683319e-08,1.19926040519698e-10,TRUE
"Vitvi01g00061",861,-0.527383062677938,0.000949387453772306,1,0.00158328753845507,FALSE
"Vitvi01g00064",3,0.0932744804334428,0.588453868804483,1,0.593259982935713,FALSE
"Vitvi01g00066",355,0.701470675600752,1.87969052288907e-06,0.0132255025190475,6.39840470200656e-06,TRUE
"Vitvi01g00083",121,0.750289519408583,1.37448227308174e-07,0.00096708572734031,6.46880085177473e-07,TRUE
"Vitvi01g00088",64,-0.750289519408583,1.37448227308175e-07,0.000967085727340323,6.46880085177473e-07,TRUE
"Vitvi01g00090",12,0.478898349698169,0.00312849885508842,1,0.00423472834636439,FALSE
"Vitvi01g00091",231,-0.469223635562852,0.00389036020229628,1,0.00516366240018047,FALSE
"Vitvi01g00095",10,-0.648139317099564,1.9194410918855e-05,0.135051875225063,5.21435811679782e-05,FALSE
"Vitvi01g00103",38,-0.478898349698169,0.00312849885508842,1,0.00423472834636439,FALSE
"Vitvi01g00104",951,-0.815129354419202,1.42580956091385e-09,1.00319960705899e-05,1.41694859754094e-08,TRUE
"Vitvi01g00145",601,-0.478898349698169,0.00312849885508842,1,0.00423472834636439,FALSE
"Vitvi01g00148",483,-0.72195157123873,6.705314581881e-07,0.00471785933981147,2.58371267240497e-06,TRUE
"Vitvi01g00156",122,0.310020541436751,0.0657523487116907,1,0.070814866911902,FALSE
"Vitvi01g00157",3,-0.401500636615636,0.0152203400780548,1,0.017965158998355,FALSE
"Vitvi01g00160",452,-0.645746403000758,2.10820008752169e-05,0.148332958158026,5.29571432195744e-05,FALSE
"Vitvi01g00162",36,0.39182592248032,0.0181099832764267,1,0.0210649433514528,FALSE
"Vitvi01g00187",4,-0.440199493156902,0.00721598030084795,1,0.0091021221579,FALSE
"Vitvi01g00188",46,-0.459548921427535,0.00480814938579871,1,0.00625788736190894,FALSE
"Vitvi01g00191",70,0.437496093014362,0.00762332091924456,1,0.00958329211860009,FALSE
"Vitvi01g00193",16,0.639135516533238,2.72056700272493e-05,0.191419094311726,6.71158642244777e-05,FALSE
"Vitvi01g00199",8,0.401797761867138,0.015138125307633,1,0.017965158998355,FALSE
"Vitvi01g00203",6,-0.478898349698169,0.00312849885508842,1,0.00423472834636439,FALSE
"Vitvi01g00214",5,0.478898349698169,0.00312849885508842,1,0.00423472834636439,FALSE
"Vitvi01g00217",72,-0.625241266173819,4.56208685379645e-05,0.320988431033118,0.000105069862858631,FALSE
"Vitvi01g00218",152,-0.629787540867828,3.86279837915616e-05,0.271786493957427,8.99062169888942e-05,FALSE
"Vitvi01g00222",1250,-0.582933306486462,0.000190869311580325,1,0.000367270530032874,FALSE
"Vitvi01g00226",8,0.411175350750953,0.0127285678576514,1,0.0152881876829012,FALSE
"Vitvi01g00228",196,-0.343452351803737,0.0402822983143647,1,0.0443754894222436,FALSE
"Vitvi01g00230",1077,-0.596032931351327,0.000125192354329375,0.88085340506148,0.000252538246863957,FALSE
"Vitvi01g00232",116,-0.543634431891869,0.000610994698697925,1,0.00105263435358439,FALSE
"Vitvi01g00233",17,0.333777637668421,0.0466511603903606,1,0.0510240268158833,FALSE
"Vitvi01g00234",116,-0.465036682702683,0.00426699202659308,1,0.00562852566537475,FALSE
"Vitvi01g00237",18,-0.478898349698169,0.00312849885508842,1,0.00423472834636439,FALSE
"Vitvi01g00241",1484,-0.791772806368201,8.88042451590357e-09,6.24826668938975e-05,6.90416208772348e-08,TRUE
"Vitvi01g00243",1414,-0.401500636615636,0.0152203400780548,1,0.017965158998355,FALSE
"Vitvi01g00253",3,-0.449874207292219,0.00590725996608227,1,0.00756387281553318,FALSE
"Vitvi01g00258",1696,-0.884224678378342,8.74713631353133e-13,6.15448511020064e-09,8.4308015208228e-11,TRUE
"Vitvi01g00267",9,-0.708254164565209,1.34895834447137e-06,0.00949127091170059,4.75514574734498e-06,TRUE
"Vitvi01g00271",32,0.78432175486889,1.51706473412264e-08,0.000106740674692869,1.1271454561021e-07,TRUE
"Vitvi01g00277",5,0.411175350750953,0.0127285678576514,1,0.0152881876829012,FALSE
"Vitvi01g00279",63,-0.581171762700682,0.000201731083518182,1,0.0003846558004428,FALSE
"Vitvi01g00280",1438,-0.667461988060373,8.72733258323926e-06,0.0614055120556714,2.49920683987267e-05,FALSE
"Vitvi01g00284",1118,-0.701115533676863,1.91214561505384e-06,0.0134538565475188,6.43417338475313e-06,TRUE
"Vitvi01g00286",197,-0.755879317604414,9.80838532154772e-08,0.000690117991224098,5.9647190252731e-07,TRUE
"Vitvi01g00290",669,-0.866758511891856,8.29025229610732e-12,5.83302151554111e-08,2.88556436427387e-10,TRUE
"Vitvi01g00291",1433,-0.39182592248032,0.0181099832764267,1,0.0210649433514528,FALSE
"Vitvi01g00300",546,0.808246854162129,2.50768030785165e-09,1.76440386460442e-05,2.28846156239225e-08,TRUE
"Vitvi01g00305",5,-0.602696642800707,0.000100304716366618,0.705743984355526,0.00020739228535204,FALSE
"Vitvi01g00317",15,0.707062962734838,1.43083923232173e-06,0.0100673848386157,4.99870150874674e-06,TRUE
"Vitvi01g00318",1134,-0.39182592248032,0.0181099832764267,1,0.0210649433514528,FALSE
"Vitvi01g00319",4,-0.53094704246729,0.000863545476365859,1,0.00145252354093,FALSE
"Vitvi01g00320",25,-0.589483118918895,0.000154932061894313,1,0.000305265188319346,FALSE
"Vitvi01g00325",1234,-0.819760771205674,9.62256253728296e-10,6.77043500123229e-06,1.23773948834228e-08,TRUE
"Vitvi01g00329",132,-0.716412599866176,8.93892664680424e-07,0.00628942878869146,3.32950174096954e-06,TRUE
"Vitvi01g00332",384,-0.602582743783759,0.000100689603007756,0.708452046762569,0.00020739228535204,FALSE
"Vitvi01g00337",415,-0.811197641171135,1.97404473660502e-09,1.38893787667529e-05,1.87072561573802e-08,TRUE
"Vitvi01g00340",87,-0.469223635562852,0.00389036020229628,1,0.00516366240018047,FALSE
"Vitvi01g00346",179,-0.731709666055489,3.97281655814094e-07,0.00279527373030797,1.612037906752e-06,TRUE
"Vitvi01g00355",71,0.198331639773989,0.24622943838985,1,0.252620345364681,FALSE
"Vitvi01g00358",461,0.605763821096809,9.04256913355853e-05,0.636235164237178,0.000190432554396043,FALSE
"Vitvi01g00371",366,-0.420850064886269,0.010590608809886,1,0.0129098273711639,FALSE
"Vitvi01g00379",77,0.635338149062815,3.14129224928976e-05,0.221021322660028,7.53933813051596e-05,FALSE
"Vitvi01g00381",402,0.57638349405403,0.000234110207241291,1,0.000441017247161913,FALSE
"Vitvi01g00384",151,-0.478898349698169,0.00312849885508842,1,0.00423472834636439,FALSE
"Vitvi01g00388",61,-0.75759497135132,8.82755482031927e-08,0.000621106757157664,5.46748905948648e-07,TRUE
"Vitvi01g00391",1494,-0.552471922567315,0.000476236747738388,1,0.000841064698064083,FALSE
"Vitvi01g00393",70,0.295078781127154,0.080615036363119,1,0.0860317603292744,FALSE
"Vitvi01g00394",70,-0.737399514346222,2.8973726886927e-07,0.00203859142376419,1.23550995379648e-06,TRUE
"Vitvi01g00397",161,-0.478898349698169,0.00312849885508842,1,0.00423472834636439,FALSE
"Vitvi01g00402",1580,-0.773446603340947,3.19602962058211e-08,0.000224872644104158,2.23531455371926e-07,TRUE
"Vitvi01g00407",46,-0.236773681100278,0.164417351185096,1,0.170801783986171,FALSE
"Vitvi01g00412",24,0.372476494209687,0.0252748166470031,1,0.0287152607667228,FALSE
"Vitvi01g00418",75,0.343452351803737,0.0402822983143647,1,0.0443754894222436,FALSE
"Vitvi01g00437",100,0.634828246856505,3.2020662533188e-05,0.225297381583511,7.65536464775783e-05,FALSE
"Vitvi01g00441",8,-0.545296962533973,0.000583320667650517,1,0.00101089759053917,FALSE
"Vitvi01g00442",24,0.251123601166961,0.139579734523285,1,0.14586113353718,FALSE
"Vitvi01g00449",32,-0.159632783232723,0.352382996354793,1,0.358031301422718,FALSE
"Vitvi01g00457",458,-0.645746403000758,2.10820008752169e-05,0.148332958158026,5.29571432195744e-05,FALSE
"Vitvi01g00463",80,0.866359712001401,8.69442361037607e-12,6.11739645226061e-08,2.88556436427387e-10,TRUE
"Vitvi01g00464",19,-0.072560356014874,0.67408182426832,1,0.678323757945065,FALSE
"Vitvi01g00466",1100,-0.645746403000758,2.10820008752169e-05,0.148332958158026,5.29571432195744e-05,FALSE
"Vitvi01g00467",22,0.380272881767113,0.0221479552944204,1,0.0254089374615265,FALSE
"Vitvi01g00477",293,-0.768033586424181,4.56200737137458e-08,0.000320982838649915,3.06866958556324e-07,TRUE
"Vitvi01g00481",50,-0.540331958421819,0.000669447517114842,1,0.00115080203528464,FALSE
"Vitvi01g00483",43,-0.750289519408583,1.37448227308175e-07,0.000967085727340323,6.46880085177473e-07,TRUE
"Vitvi01g00491",11,0.595521682767366,0.000127313692999973,0.895779143947812,0.000254410435656862,FALSE
"Vitvi01g00497",1073,-0.546507180803783,0.00056388190945942,1,0.000984728993535984,FALSE
"Vitvi01g00499",298,0.447184234934261,0.00624881846116266,1,0.00798958507954579,FALSE
"Vitvi01g00501",8,-0.631396482934074,3.63959573998368e-05,0.256081956265252,8.4907810432777e-05,FALSE
"Vitvi01g00503",72,-0.800004596419964,4.79020418776384e-09,3.37038766651064e-05,4.06771680977901e-08,TRUE
"Vitvi01g00508",453,0.763064520383082,6.27242068899872e-08,0.00044132751967795,4.07881256633965e-07,TRUE
"Vitvi01g00513",584,-0.589483118918895,0.000154932061894313,1,0.000305265188319346,FALSE
"Vitvi01g00518",1435,-0.54967457840266,0.000515703904448321,1,0.000903059400621804,FALSE
"Vitvi01g00519",168,0.478898349698169,0.00312849885508842,1,0.00423472834636439,FALSE
"Vitvi01g00521",181,-0.730689861642868,4.20057585720466e-07,0.0029555251731292,1.70151132592355e-06,TRUE
"Vitvi01g00528",742,-0.622232181081055,5.08592315170758e-05,0.357845552954145,0.000114510576945327,FALSE
"Vitvi01g00536",103,0.459548921427535,0.00480814938579871,1,0.00625788736190894,FALSE
"Vitvi01g00537",1464,-0.538122002500631,0.00071128356377806,1,0.00121117888546525,FALSE
"Vitvi01g00539",30,-0.638571442967416,2.77964224488528e-05,0.195575628350128,6.71158642244777e-05,FALSE
"Vitvi01g00541",1653,-0.819235825519126,1.00667411024502e-09,7.08295903968394e-06,1.26031299638504e-08,TRUE
"Vitvi01g00542",1609,-0.829476273338115,4.06241215706204e-10,2.85831319370885e-06,6.54731406210665e-09,TRUE
"Vitvi01g00543",1594,-0.631396482934074,3.63959573998368e-05,0.256081956265252,8.4907810432777e-05,FALSE
"Vitvi01g00552",72,-0.478898349698169,0.00312849885508842,1,0.00423472834636439,FALSE
"Vitvi01g00555",74,0.57399680266734,0.000251925466762095,1,0.000472049955829054,FALSE
"Vitvi01g00556",144,0.731727210389712,3.96899963641175e-07,0.00279258814417931,1.612037906752e-06,TRUE
"Vitvi01g00557",14,-0.663836406061092,1.01620006133772e-05,0.0714998363157219,2.87494315704551e-05,FALSE
"Vitvi01g00558",45,-0.775445421235822,2.79559952748279e-08,0.000196698382753689,1.97686816837884e-07,TRUE
"Vitvi01g00567",729,-0.782777945998297,1.69065981695937e-08,0.000118954824721261,1.23525259315951e-07,TRUE
"Vitvi01g00568",3,0.353127065939054,0.0346365270501542,1,0.0385117895582942,FALSE
"Vitvi01g00578",19,-0.478898349698169,0.00312849885508842,1,0.00423472834636439,FALSE
"Vitvi01g00587",805,-0.478898349698169,0.00312849885508842,1,0.00423472834636439,FALSE
"Vitvi01g00588",319,0.645310738915201,2.14432683486358e-05,0.150874836101001,5.36539246447374e-05,FALSE
"Vitvi01g00593",1332,-0.871125053513477,4.87284258467059e-12,3.42853204257422e-08,2.4665698148016e-10,TRUE
"Vitvi01g00598",1530,-0.609871602834049,7.8569440725387e-05,0.552814584943823,0.000168028749223046,FALSE
"Vitvi01g00608",268,-0.67618685082502,5.99900909659352e-06,0.042209028003632,1.77797085103761e-05,TRUE
"Vitvi01g00609",156,-0.285404066991838,0.0915479263669638,1,0.0970661859430317,FALSE
"Vitvi01g00610",1480,-0.793634705971654,7.74198268554397e-09,5.44725901754874e-05,6.08632292463546e-08,TRUE
"Vitvi01g00611",107,-0.510922010723066,0.00145154756641474,1,0.00235378884101457,FALSE
"Vitvi01g00612",120,-0.763205399930112,6.2167123680504e-08,0.000437407882216026,4.04632638497711e-07,TRUE
"Vitvi01g00617",10,-0.401500636615636,0.0152203400780548,1,0.017965158998355,FALSE
"Vitvi01g00619",12,-0.588346722734024,0.000160693769450826,1,0.000313631445729823,FALSE
"Vitvi01g00621",4,0.717942306485107,8.26214599507406e-07,0.00581324592213411,3.10039782513819e-06,TRUE
"Vitvi01g00635",546,-0.609871602834049,7.8569440725387e-05,0.552814584943823,0.000168028749223046,FALSE
"Vitvi01g00636",1134,-0.563283869189166,0.00034775734695725,1,0.000636033452870083,FALSE
"Vitvi01g00638",1054,-0.631396482934074,3.63959573998368e-05,0.256081956265252,8.4907810432777e-05,FALSE
"Vitvi01g00652",300,0.0919097842855071,0.593945375886425,1,0.598624790823218,FALSE
"Vitvi01g00653",77,0.545296962533973,0.000583320667650517,1,0.00101089759053917,FALSE
"Vitvi01g00656",1346,-0.819235825519126,1.00667411024502e-09,7.08295903968394e-06,1.26031299638504e-08,TRUE
"Vitvi01g00674",9,-0.478898349698169,0.00312849885508842,1,0.00423472834636439,FALSE
"Vitvi01g00676",133,-0.430524779021586,0.00876561976487687,1,0.0108621965979086,FALSE
"Vitvi01g00682",29,0.314428209397787,0.0618077618339936,1,0.0666175570257321,FALSE
"Vitvi01g00687",39,0.627179713761848,4.25100958771673e-05,0.299101034591749,9.85181273358865e-05,FALSE
"Vitvi01g00693",584,-0.645746403000758,2.10820008752169e-05,0.148332958158026,5.29571432195744e-05,FALSE
"Vitvi01g00695",1130,-0.750289519408583,1.37448227308175e-07,0.000967085727340323,6.46880085177473e-07,TRUE
"Vitvi01g00697",87,-0.478898349698169,0.00312849885508842,1,0.00423472834636439,FALSE
"Vitvi01g00698",59,0.265473521233645,0.117616948709325,1,0.123718470790672,FALSE
"Vitvi01g00710",1174,-0.563283869189166,0.00034775734695725,1,0.000636033452870083,FALSE
"Vitvi01g00711",212,-0.343452351803737,0.0402822983143647,1,0.0443754894222436,FALSE
"Vitvi01g00714",466,0.609871602834049,7.8569440725387e-05,0.552814584943823,0.000168028749223046,FALSE
"Vitvi01g00732",34,0.469223635562852,0.00389036020229627,1,0.00516366240018047,FALSE
"Vitvi01g00733",36,-0.713238185116801,1.05085825073373e-06,0.00739383865216252,3.82772193350016e-06,TRUE
"Vitvi01g00735",577,-0.478898349698169,0.00312849885508842,1,0.00423472834636439,FALSE
"Vitvi01g00738",24,-0.411175350750953,0.0127285678576514,1,0.0152881876829012,FALSE
"Vitvi01g00739",260,-0.679699641011824,5.14035590628939e-06,0.0361675441566521,1.55492451232382e-05,TRUE
"Vitvi01g00745",1216,-0.372476494209687,0.0252748166470032,1,0.0287152607667228,FALSE
"Vitvi01g00747",1148,-0.798754929881148,5.27034919958902e-09,3.70821769683084e-05,4.29689188508788e-08,TRUE
"Vitvi01g00752",21,0.631396482934074,3.63959573998373e-05,0.256081956265255,8.4907810432777e-05,FALSE
"Vitvi01g00770",127,-0.39182592248032,0.0181099832764267,1,0.0210649433514528,FALSE
"Vitvi01g00781",77,-0.574295681522619,0.000249629995472484,1,0.000469876042842268,FALSE
"Vitvi01g00784",959,-0.75441642621575,1.07231136608592e-07,0.00075447827717805,6.45957429090799e-07,TRUE
"Vitvi01g00790",429,0.478898349698169,0.00312849885508842,1,0.00423472834636439,FALSE
"Vitvi01g00792",48,0.478898349698169,0.00312849885508842,1,0.00423472834636439,FALSE
"Vitvi01g00793",3,0.624221522900733,4.73386834040072e-05,0.333074976430595,0.000107478211174765,FALSE
"Vitvi01g00799",1306,-0.701115533676863,1.91214561505384e-06,0.0134538565475188,6.43417338475313e-06,TRUE
"Vitvi01g00801",74,-0.745986927832182,1.77160876753437e-07,0.00124650392883718,8.08368306638897e-07,TRUE
"Vitvi01g00810",1346,-0.798754929881148,5.27034919958902e-09,3.70821769683084e-05,4.29689188508788e-08,TRUE
"Vitvi01g00812",39,-0.578575003563959,0.000218754294932338,1,0.000416212876999441,FALSE
"Vitvi01g00813",1473,-0.798754929881148,5.27034919958902e-09,3.70821769683084e-05,4.29689188508788e-08,TRUE
"Vitvi01g00817",20,-0.430524779021586,0.00876561976487687,1,0.0108621965979086,FALSE
"Vitvi01g00833",112,-0.473547362200556,0.00353201719882765,1,0.00475349522015139,FALSE
"Vitvi01g00842",1454,-0.824356049428621,6.44165101155286e-10,4.53234565172859e-06,8.88695225829135e-09,TRUE
"Vitvi01g00845",53,-0.859737308221668,1.87573924174224e-11,1.31977013048984e-07,5.64004329269161e-10,TRUE
"Vitvi01g00849",63,-0.465036682702683,0.00426699202659308,1,0.00562852566537475,FALSE
"Vitvi01g00857",4,-0.740105092372393,2.4864911283847e-07,0.00174949515793147,1.08867153573832e-06,TRUE
"Vitvi01g00859",822,-0.645746403000758,2.10820008752169e-05,0.148332958158026,5.29571432195744e-05,FALSE
"Vitvi01g00860",839,-0.816908451014811,1.22751732525652e-09,8.63681190050484e-06,1.26935005653447e-08,TRUE
"Vitvi01g00864",758,-0.815136371687158,1.42497213795173e-09,1.00261039626283e-05,1.41694859754094e-08,TRUE
"Vitvi01g00865",8,0.411175350750953,0.0127285678576514,1,0.0152881876829012,FALSE
"Vitvi01g00882",8,0.566821842633998,0.000313017471211837,1,0.0005779036807784,FALSE
"Vitvi01g00883",164,-0.645746403000758,2.10820008752169e-05,0.148332958158026,5.29571432195744e-05,FALSE
"Vitvi01g00889",117,0.645746403000758,2.10820008752171e-05,0.148332958158028,5.29571432195744e-05,FALSE
"Vitvi01g00900",1497,-0.759552352981529,7.81948005924383e-08,0.000550178616968396,4.90355273590371e-07,TRUE
"Vitvi01g00906",6,-0.478898349698169,0.00312849885508842,1,0.00423472834636439,FALSE
"Vitvi01g00909",89,-0.229598721066936,0.177963822871192,1,0.184547304012043,FALSE
"Vitvi01g00911",8,-0.638571442967416,2.77964224488528e-05,0.195575628350128,6.71158642244777e-05,FALSE
"Vitvi01g00918",271,0.690917489550654,3.09424313313364e-06,0.0217710946847283,9.80679940753528e-06,TRUE
"Vitvi01g00921",7,-0.645746403000758,2.10820008752169e-05,0.148332958158026,5.29571432195744e-05,FALSE
"Vitvi01g00932",301,0.0919097842855071,0.593945375886425,1,0.598624790823218,FALSE
"Vitvi01g00940",193,0.709037994563675,1.29744768347651e-06,0.00912884190094076,4.58275195830359e-06,TRUE
"Vitvi01g00942",9,0.487897282267239,0.00253992909673463,1,0.0039792788075317,FALSE
"Vitvi01g00944",69,-0.811197641171135,1.97404473660502e-09,1.38893787667529e-05,1.87072561573802e-08,TRUE
"Vitvi01g00953",7,-0.216143810270261,0.205468680902961,1,0.211976193377307,FALSE
"Vitvi01g00955",796,-0.333777637668421,0.0466511603903606,1,0.0510240268158833,FALSE
"Vitvi01g00958",437,-0.631396482934074,3.63959573998368e-05,0.256081956265252,8.4907810432777e-05,FALSE
"Vitvi01g00964",93,-0.631396482934074,3.63959573998368e-05,0.256081956265252,8.4907810432777e-05,FALSE
"Vitvi01g00968",1121,-0.478898349698169,0.00312849885508842,1,0.00423472834636439,FALSE
"Vitvi01g00979",4,0.478898349698169,0.00312849885508842,1,0.00423472834636439,FALSE
"Vitvi01g00994",702,-0.82902360477862,4.23397938922474e-10,2.97902789825853e-06,6.54731406210665e-09,TRUE
"Vitvi01g00995",1150,-0.506842793072583,0.00160737397212253,1,0.00258916741480177,FALSE
"Vitvi01g01006",19,0.83862095328289,1.7149611679271e-10,1.20664667775351e-06,3.15876093652751e-09,TRUE
"Vitvi01g01010",43,-0.304753495262471,0.0707229426338605,1,0.0757507420264641,FALSE
"Vitvi01g01019",90,0.645746403000758,2.10820008752171e-05,0.148332958158028,5.29571432195744e-05,FALSE
"Vitvi01g01021",139,0.795147229297264,6.91838034576124e-09,4.86777241127761e-05,5.537852572557e-08,TRUE
"Vitvi01g01027",33,-0.445144626109019,0.00651898356759026,1,0.00832744523993556,FALSE
"Vitvi01g01028",42,0.682490455459431,4.53989595938668e-06,0.0319427079702447,1.39062725164322e-05,TRUE
"Vitvi01g01037",52,-0.854242196177249,3.44851741255845e-11,2.42637685147612e-07,7.42011269564575e-10,TRUE
"Vitvi01g01038",215,0.796625228455486,6.19268510389317e-09,4.35717323909923e-05,4.97633323861266e-08,TRUE
"Vitvi01g01048",383,0.449247428287855,0.00598537515299527,1,0.00766249992293936,FALSE
"Vitvi01g01071",6,-0.248892872432422,0.143247878470305,1,0.149583269949105,FALSE
"Vitvi01g01072",67,-0.495072242300581,0.00214236521236232,1,0.00338658315753342,FALSE
"Vitvi01g01121",1574,-0.382151208345003,0.0214447164072558,1,0.0246423362145112,FALSE
"Vitvi01g01132",777,-0.382151208345003,0.0214447164072558,1,0.0246423362145112,FALSE
"Vitvi01g01134",509,-0.420850064886269,0.010590608809886,1,0.0129098273711639,FALSE
"Vitvi01g01173",758,-0.440199493156902,0.00721598030084795,1,0.0091021221579,FALSE
"Vitvi01g01258",27,-0.502247202333923,0.00180036184177854,1,0.00287567444239588,FALSE
"Vitvi01g01282",86,-0.874344762938948,3.25230629616806e-12,2.28832270998385e-08,1.92296026049063e-10,TRUE
"Vitvi01g01284",23,0.829642908108074,4.00089989858508e-10,2.81503316864446e-06,6.54731406210665e-09,TRUE
"Vitvi01g01301",35,-0.560897255540084,0.000373095733671609,1,0.000680350796573253,FALSE
"Vitvi01g01307",10,0.688537295588947,3.45252458433688e-06,0.0242919629753943,1.07964279890642e-05,TRUE
"Vitvi01g01313",25,-0.709037994563675,1.29744768347651e-06,0.00912884190094076,4.58275195830359e-06,TRUE
"Vitvi01g01314",16,-0.478898349698169,0.00312849885508842,1,0.00423472834636439,FALSE
"Vitvi01g01320",462,-0.759552352981529,7.81948005924383e-08,0.000550178616968396,4.90355273590371e-07,TRUE
"Vitvi01g01328",5,-0.478898349698169,0.00312849885508842,1,0.00423472834636439,FALSE
"Vitvi01g01339",363,0.36280178007437,0.0296534634974875,1,0.0332921284774729,FALSE
"Vitvi01g01342",8,-0.609871602834049,7.8569440725387e-05,0.552814584943823,0.000168028749223046,FALSE
"Vitvi01g01355",65,0.750289519408583,1.37448227308174e-07,0.00096708572734031,6.46880085177473e-07,TRUE
"Vitvi01g01357",10,-0.602696642800707,0.000100304716366618,0.705743984355526,0.00020739228535204,FALSE
"Vitvi01g01359",36,0.602582743783759,0.000100689603007755,0.708452046762564,0.00020739228535204,FALSE
"Vitvi01g01376",1066,-0.61815066834625,5.8833365580438e-05,0.413951560223962,0.000131329809715724,FALSE
"Vitvi01g01390",69,0.420850064886269,0.010590608809886,1,0.0129098273711639,FALSE
"Vitvi01g01404",1587,-0.87985813675672,1.58515090510686e-12,1.11531217683319e-08,1.19926040519698e-10,TRUE
"Vitvi01g01434",1536,-0.731763852262692,3.96103875756545e-07,0.00278698686982305,1.612037906752e-06,TRUE
"Vitvi01g01435",4,-0.588346722734024,0.000160693769450826,1,0.000313631445729823,FALSE
"Vitvi01g01476",3,0.530534807027005,0.000873110001630482,1,0.00146231896488266,FALSE
"Vitvi01g01505",468,-0.478898349698169,0.00312849885508842,1,0.00423472834636439,FALSE
"Vitvi01g01506",391,0.609871602834049,7.8569440725387e-05,0.552814584943823,0.000168028749223046,FALSE
"Vitvi01g01536",3,-0.478898349698169,0.00312849885508842,1,0.00423472834636439,FALSE
"Vitvi01g01538",4,0.261992497297286,0.122689816843666,1,0.129015924572117,FALSE
"Vitvi01g01557",1143,-0.330048161533721,0.0493125080986809,1,0.053851126335918,FALSE
"Vitvi01g01559",10,-0.416827510782546,0.0114392506999706,1,0.0139153817297706,FALSE
"Vitvi01g01561",823,-0.748744122259241,1.50654856102604e-07,0.00106000756753792,7.03389228625033e-07,TRUE
"Vitvi01g01575",26,0.459548921427535,0.00480814938579871,1,0.00625788736190894,FALSE
"Vitvi01g01578",100,-0.839620214717407,1.55571305453463e-10,1.09459970517056e-06,2.89576641579518e-09,TRUE
"Vitvi01g01591",1186,-0.684288760868618,4.18769069394475e-06,0.0294645917225952,1.28722550120556e-05,TRUE
"Vitvi01g01592",741,-0.726610643992385,5.23697027742696e-07,0.00368473228719761,2.07707569740564e-06,TRUE
"Vitvi01g01595",3,-0.251076143243233,0.139657046989007,1,0.145920252838529,FALSE
"Vitvi01g01611",36,0.599325477318007,0.000112275268449246,0.789968788808894,0.000229775680281819,FALSE
"Vitvi01g01618",47,0.478898349698169,0.00312849885508842,1,0.00423472834636439,FALSE
"Vitvi01g01632",13,-0.638571442967416,2.77964224488528e-05,0.195575628350128,6.71158642244777e-05,FALSE
"Vitvi01g01640",1561,-0.667461988060373,8.72733258323926e-06,0.0614055120556714,2.49920683987267e-05,FALSE
"Vitvi01g01641",1438,-0.656244139521543,1.38851025998339e-05,0.097695581892431,3.83571189212529e-05,FALSE
"Vitvi01g01644",12,-0.645746403000758,2.10820008752169e-05,0.148332958158026,5.29571432195744e-05,FALSE
"Vitvi01g01651",389,0.36280178007437,0.0296534634974875,1,0.0332921284774729,FALSE
"Vitvi01g01657",1465,-0.849805034798334,5.53912244528736e-11,3.89732655250419e-07,1.12314886239314e-09,TRUE
"Vitvi01g01660",1753,-0.72151162192928,6.86190536909843e-07,0.00482803661769765,2.62535977036305e-06,TRUE
"Vitvi01g01680",472,0.757793138605192,8.72029469688381e-08,0.000613559934872745,5.41058143626759e-07,TRUE
"Vitvi01g01684",45,0.707062962734838,1.43083923232173e-06,0.0100673848386157,4.99870150874674e-06,TRUE
"Vitvi01g01701",53,-0.895936773831001,1.56628417917055e-13,1.1020375484644e-09,5.80019762349695e-11,TRUE
"Vitvi01g01711",212,0.731763852262692,3.96103875756544e-07,0.00278698686982305,1.612037906752e-06,TRUE
"Vitvi01g01714",1086,-0.773153810333675,3.25894936404591e-08,0.00022929967725427,2.27479838545903e-07,TRUE
"Vitvi01g01727",92,-0.563283869189166,0.00034775734695725,1,0.000636033452870083,FALSE
"Vitvi01g01728",16,0.353127065939054,0.0346365270501542,1,0.0385117895582942,FALSE
"Vitvi01g01733",635,-0.372476494209687,0.0252748166470032,1,0.0287152607667228,FALSE
"Vitvi01g01734",14,-0.478898349698169,0.00312849885508842,1,0.00423472834636439,FALSE
"Vitvi01g01748",269,-0.324102923533104,0.0538052002373616,1,0.0584218192700735,FALSE
"Vitvi01g01750",1546,-0.737939074644656,2.81075640112032e-07,0.00197764820382825,1.20661879428203e-06,TRUE
"Vitvi01g01751",150,0.750289519408583,1.37448227308174e-07,0.00096708572734031,6.46880085177473e-07,TRUE
"Vitvi01g01761",324,-0.762913362514686,6.33270577135278e-08,0.000445569178072382,4.10284694357626e-07,TRUE
"Vitvi01g01777",48,0.615682368648623,6.41873880190985e-05,0.451622462102377,0.000140604751588537,FALSE
"Vitvi01g01778",145,-0.382151208345003,0.0214447164072558,1,0.0246423362145112,FALSE
"Vitvi01g01780",59,0.595521682767366,0.000127313692999973,0.895779143947812,0.000254410435656862,FALSE
"Vitvi01g01782",1675,-0.515631068893965,0.00128831771912162,1,0.00209731686065241,FALSE
"Vitvi01g01791",47,0.719413407498765,7.65599059629689e-07,0.0053867549835545,2.89610482986801e-06,TRUE
"Vitvi01g01796",1501,-0.824392187992147,6.42105911361328e-10,4.51785719233831e-06,8.88695225829135e-09,TRUE
"Vitvi01g01799",267,-0.336549619817019,0.0447488591013894,1,0.0492188483097352,FALSE
"Vitvi01g01801",6,0.373339308648633,0.0249117639239838,1,0.0285378005485428,FALSE
"Vitvi01g01803",935,-0.653029766892656,1.58058280040138e-05,0.111209805836241,4.34583063056824e-05,FALSE
"Vitvi01g01806",1652,-0.759552352981529,7.81948005924383e-08,0.000550178616968396,4.90355273590371e-07,TRUE
"Vitvi01g01807",321,-0.530534807027005,0.000873110001630482,1,0.00146231896488266,FALSE
"Vitvi01g01808",240,-0.440199493156902,0.00721598030084795,1,0.0091021221579,FALSE
"Vitvi01g01826",481,0.748050519403322,1.56954374737323e-07,0.0011043309806518,7.29412800958919e-07,TRUE
"Vitvi01g01835",356,-0.595521682767366,0.000127313692999972,0.895779143947803,0.000254410435656862,FALSE
"Vitvi01g01837",21,-0.39182592248032,0.0181099832764267,1,0.0210649433514528,FALSE
"Vitvi01g01838",187,-0.178982211503356,0.296273865831986,1,0.302332548222459,FALSE
"Vitvi01g01842",102,0.411175350750953,0.0127285678576514,1,0.0152881876829012,FALSE
"Vitvi01g01844",274,0.69856602264531,2.16063481347891e-06,0.0152022265476376,7.17424565721453e-06,TRUE
"Vitvi01g01845",11,-0.602696642800707,0.000100304716366618,0.705743984355526,0.00020739228535204,FALSE
"Vitvi01g01852",99,0.523392837657807,0.00105437120516304,1,0.00174226298720693,FALSE
"Vitvi01g01853",53,0.530534807027005,0.000873110001630482,1,0.00146231896488266,FALSE
"Vitvi01g01855",19,-0.545595360752177,0.000578473242887356,1,0.00100970918803161,FALSE
"Vitvi01g01859",5,-0.372476494209687,0.0252748166470032,1,0.0287152607667228,FALSE
"Vitvi01g01865",35,-0.582308319606529,0.000194661457671656,1,0.000374218037207042,FALSE
"Vitvi01g01876",25,0.469223635562852,0.00389036020229627,1,0.00516366240018047,FALSE
"Vitvi01g01877",6,-0.478898349698169,0.00312849885508842,1,0.00423472834636439,FALSE
"Vitvi01g01881",30,0.750289519408583,1.37448227308174e-07,0.00096708572734031,6.46880085177473e-07,TRUE
"Vitvi01g01888",61,-0.413020787111461,0.0122947435850914,1,0.014927664515048,FALSE
"Vitvi01g01902",11,-0.555793404878386,0.000432882480973436,1,0.000775002833620635,FALSE
"Vitvi01g01903",60,0.258298561200303,0.128249602946178,1,0.134641033471995,FALSE
"Vitvi01g01907",429,-0.606771994975493,8.73754224513279e-05,0.614773472367543,0.000184339871774376,FALSE
"Vitvi01g01915",5,-0.679189738805513,5.25759685945589e-06,0.0369924515031316,1.58811544143691e-05,TRUE
"Vitvi01g01917",37,0.645026290982713,2.16821658838383e-05,0.152555719158686,5.41169631637767e-05,FALSE
"Vitvi01g01918",5,-0.510885369729709,0.00145288586363363,1,0.00235378884101457,FALSE
"Vitvi01g01919",4,-0.645746403000758,2.10820008752169e-05,0.148332958158026,5.29571432195744e-05,FALSE
"Vitvi01g01923",7,0.617046562867391,6.11763032283901e-05,0.430436469514953,0.000134890777033831,FALSE
"Vitvi01g01924",36,-0.483897193788613,0.00278840023915125,1,0.00423472834636439,FALSE
"Vitvi01g01926",949,-0.372476494209687,0.0252748166470032,1,0.0287152607667228,FALSE
"Vitvi01g01932",7,-0.572206677439364,0.00026607385492807,1,0.000497897777466463,FALSE
"Vitvi01g01934",4,-0.697036316026379,2.3235798201605e-06,0.0163487076146493,7.67184777787391e-06,TRUE
"Vitvi01g01936",37,0.478898349698169,0.00312849885508842,1,0.00423472834636439,FALSE
"Vitvi01g01943",23,-0.69471251797091,2.59273082141354e-06,0.0182424540594657,8.36809819241548e-06,TRUE
"Vitvi01g01944",71,-0.750289519408583,1.37448227308175e-07,0.000967085727340323,6.46880085177473e-07,TRUE
"Vitvi01g01952",312,-0.58332812401915,0.000188508008140316,1,0.000365786636865765,FALSE
"Vitvi01g01954",336,0.602696642800707,0.000100304716366617,0.705743984355515,0.00020739228535204,FALSE
"Vitvi01g01955",468,0.478898349698169,0.00312849885508842,1,0.00423472834636439,FALSE
"Vitvi01g01958",553,0.696953156881121,2.33275231669687e-06,0.0164132453002792,7.68050786161878e-06,TRUE
"Vitvi01g01960",135,-0.645746403000758,2.10820008752169e-05,0.148332958158026,5.29571432195744e-05,FALSE
"Vitvi01g01971",1053,-0.824392187992147,6.42105911361328e-10,4.51785719233831e-06,8.88695225829135e-09,TRUE
"Vitvi01g01972",340,-0.824392187992147,6.42105911361328e-10,4.51785719233831e-06,8.88695225829135e-09,TRUE
"Vitvi01g01973",243,-0.478898349698169,0.00312849885508842,1,0.00423472834636439,FALSE
"Vitvi01g01974",8,-0.459548921427535,0.00480814938579871,1,0.00625788736190894,FALSE
"Vitvi01g01981",271,-0.694712517970911,2.59273082141354e-06,0.0182424540594657,8.36809819241548e-06,TRUE
"Vitvi01g01982",24,-0.478898349698169,0.00312849885508842,1,0.00423472834636439,FALSE
"Vitvi01g01984",64,-0.314390996756744,0.0618402634025402,1,0.0666321735528749,FALSE
"Vitvi01g01988",7,0.516179660042355,0.00127039617033652,1,0.00207293772135617,FALSE
"Vitvi01g01990",81,-0.750289519408583,1.37448227308175e-07,0.000967085727340323,6.46880085177473e-07,TRUE
"Vitvi01g01993",151,0.430524779021586,0.00876561976487691,1,0.0108621965979086,FALSE
"Vitvi01g01998",61,0.731727210389712,3.96899963641175e-07,0.00279258814417931,1.612037906752e-06,TRUE
"Vitvi01g02001",668,0.563283869189166,0.00034775734695725,1,0.000636033452870083,FALSE
"Vitvi01g02003",9,-0.794122553911316,7.46691027916994e-09,5.25371807242397e-05,5.88981846684301e-08,TRUE
"Vitvi01g02013",386,-0.478898349698169,0.00312849885508842,1,0.00423472834636439,FALSE
"Vitvi01g02020",416,-0.694712517970911,2.59273082141354e-06,0.0182424540594657,8.36809819241548e-06,TRUE
"Vitvi01g02030",174,-0.622232181081055,5.08592315170758e-05,0.357845552954145,0.000114510576945327,FALSE
"Vitvi01g02031",21,0.609132556216191,8.05930710257105e-05,0.567052847736899,0.000170696221474082,FALSE
"Vitvi01g02047",75,-0.750289519408583,1.37448227308175e-07,0.000967085727340323,6.46880085177473e-07,TRUE
"Vitvi01g02051",16,-0.460054067456292,0.00475597470295148,1,0.00625788736190894,FALSE
"Vitvi01g02060",13,-0.794122553911316,7.46691027916994e-09,5.25371807242397e-05,5.88981846684301e-08,TRUE
"Vitvi01g02061",33,0.545087877560721,0.000586738683654734,1,0.00101582022101248,FALSE
"Vitvi01g02072",141,0.839620214717407,1.55571305453465e-10,1.09459970517058e-06,2.89576641579518e-09,TRUE
"Vitvi01g02097",397,-0.752672914695697,1.19158616195585e-07,0.000838400023552135,6.46880085177473e-07,TRUE
"Vitvi01g02099",29,0.478898349698169,0.00312849885508842,1,0.00423472834636439,FALSE
"Vitvi01g02100",10,-0.559646882600657,0.000387017462770897,1,0.000700014104898731,FALSE
"Vitvi01g02150",104,0.478898349698169,0.00312849885508842,1,0.00423472834636439,FALSE
"Vitvi01g02178",4,-0.150674160700177,0.380398322087054,1,0.385994028584441,FALSE
"Vitvi01g02201",28,-0.750289519408583,1.37448227308175e-07,0.000967085727340323,6.46880085177473e-07,TRUE
"Vitvi01g02227",402,-0.645746403000758,2.10820008752169e-05,0.148332958158026,5.29571432195744e-05,FALSE
"Vitvi01g02242",114,0.750289519408583,1.37448227308174e-07,0.00096708572734031,6.46880085177473e-07,TRUE
"Vitvi01g02247",8,-0.478898349698169,0.00312849885508842,1,0.00423472834636439,FALSE
"Vitvi01g02252",30,-0.478898349698169,0.00312849885508842,1,0.00423472834636439,FALSE
"Vitvi01g02254",58,0.676513220617408,5.9140433850884e-06,0.0416112092574819,1.76393426271649e-05,TRUE
"Vitvi01g02274",186,-0.639135516533238,2.72056700272495e-05,0.191419094311727,6.71158642244777e-05,FALSE
"Vitvi01g02275",84,-0.478898349698169,0.00312849885508842,1,0.00423472834636439,FALSE
"Vitvi01g02286",4,0.478898349698169,0.00312849885508842,1,0.00423472834636439,FALSE
"Vitvi01g02299",5,-0.333777637668421,0.0466511603903606,1,0.0510240268158833,FALSE
"Vitvi01g02300",13,0.495072242300581,0.0021423652123623,1,0.00338658315753342,FALSE
"Vitvi01g04002",92,-0.750289519408583,1.37448227308175e-07,0.000967085727340323,6.46880085177473e-07,TRUE
"Vitvi01g04005",75,-0.750289519408583,1.37448227308175e-07,0.000967085727340323,6.46880085177473e-07,TRUE
"Vitvi01g04015",24,-0.265473521233645,0.117616948709324,1,0.123718470790672,FALSE
"Vitvi01g04028",30,0.790841856566475,9.50605189527159e-09,6.68845811351309e-05,7.35803972883728e-08,TRUE
"Vitvi01g04034",7,0.504335557297276,0.00171027946825787,1,0.00274362205623858,FALSE
"Vitvi01g04036",537,-0.420850064886269,0.010590608809886,1,0.0129098273711639,FALSE
"Vitvi01g04052",46,-0.895936773831001,1.56628417917055e-13,1.1020375484644e-09,5.80019762349695e-11,TRUE
"Vitvi01g04056",162,-0.625733619818477,4.48118321562847e-05,0.315296051051619,0.000103375754443154,FALSE
"Vitvi01g04058",111,0.596032931351327,0.000125192354329375,0.88085340506148,0.000252538246863957,FALSE
"Vitvi01g04074",8,-0.509422162367264,0.00150722386046954,1,0.00243007036715483,FALSE
"Vitvi01g04075",16,-0.382151208345003,0.0214447164072558,1,0.0246423362145112,FALSE
"Vitvi01g04077",4,0.523984994594573,0.00103817108302138,1,0.00172196410658615,FALSE
"Vitvi01g04078",49,0.304753495262471,0.0707229426338605,1,0.0757507420264641,FALSE
"Vitvi01g04079",115,-0.766597226495966,5.00579875105745e-08,0.000352208000124402,3.34163187973816e-07,TRUE
"Vitvi01g04080",51,0.721966426667834,6.70008486419513e-07,0.00471417971044769,2.58371267240497e-06,TRUE
"Vitvi01g04082",933,-0.745986927832182,1.77160876753437e-07,0.00124650392883718,8.08368306638897e-07,TRUE
"Vitvi01g04083",34,-0.401500636615636,0.0152203400780548,1,0.017965158998355,FALSE
"Vitvi01g04088",11,0.404352449604183,0.0144465237326766,1,0.0172984583020954,FALSE
"Vitvi01g04094",331,-0.478898349698169,0.00312849885508842,1,0.00423472834636439,FALSE
"Vitvi01g04095",12,-0.478898349698169,0.00312849885508842,1,0.00423472834636439,FALSE
"Vitvi01g04096",18,-0.589733737477529,0.000153686635287772,1,0.00030451680255837,FALSE
"Vitvi01g04106",63,0.478898349698169,0.00312849885508842,1,0.00423472834636439,FALSE
"Vitvi01g04107",52,0.746496830038492,1.71956417792608e-07,0.00120988535558879,7.95453882701375e-07,TRUE
"Vitvi01g04109",512,0.733478106687673,3.60460383151357e-07,0.00253619925585295,1.50695142950264e-06,TRUE
"Vitvi01g04115",73,0.854242196177249,3.4485174125585e-11,2.42637685147616e-07,7.42011269564575e-10,TRUE
"Vitvi01g04132",17,0.794580836444235,7.2167837410802e-09,5.07772904022403e-05,5.73107115149439e-08,TRUE
"Vitvi01g04154",3,-0.756614516614135,9.37637791162505e-08,0.000659721949861939,5.70693728254272e-07,TRUE
"Vitvi01g04159",8,-0.538122002500631,0.00071128356377806,1,0.00121117888546525,FALSE
"Vitvi01g04160",8,0.686348778737637,3.81502240835494e-06,0.0268424976651854,1.18824690859608e-05,TRUE
"Vitvi01g04164",6,-0.478898349698169,0.00312849885508842,1,0.00423472834636439,FALSE
"Vitvi01g04170",14,0.645746403000758,2.10820008752171e-05,0.148332958158028,5.29571432195744e-05,FALSE
"Vitvi01g04175",147,-0.616981669635639,6.13165947286058e-05,0.43142356051047,0.000135030848360085,FALSE
"Vitvi01g04180",6,0.343452351803737,0.0402822983143647,1,0.0443754894222436,FALSE
"Vitvi01g04185",325,-0.782709436913892,1.69877346187183e-08,0.000119525700777302,1.23860829821039e-07,TRUE
"Vitvi01g04190",12,0.821699636322878,8.13497034238565e-10,5.72376513290254e-06,1.08610344077849e-08,TRUE
"Vitvi01g04191",117,-0.750289519408583,1.37448227308175e-07,0.000967085727340323,6.46880085177473e-07,TRUE
"Vitvi01g04203",3,-0.645746403000758,2.10820008752169e-05,0.148332958158026,5.29571432195744e-05,FALSE
"Vitvi01g04204",758,-0.844925803783749,9.16829001214106e-11,6.45080885254245e-07,1.79189134792846e-09,TRUE
"Vitvi01g04205",199,-0.75441642621575,1.07231136608592e-07,0.00075447827717805,6.45957429090799e-07,TRUE
"Vitvi01g04206",27,-0.750289519408583,1.37448227308175e-07,0.000967085727340323,6.46880085177473e-07,TRUE
"Vitvi01g04207",118,-0.750289519408583,1.37448227308175e-07,0.000967085727340323,6.46880085177473e-07,TRUE
"Vitvi01g04222",4,0.444847522067189,0.00655916257134087,1,0.00836661853733763,FALSE
"Vitvi01g04239",3,-0.478898349698169,0.00312849885508842,1,0.00423472834636439,FALSE
"Vitvi01g04248",1106,-0.596032931351327,0.000125192354329375,0.88085340506148,0.000252538246863957,FALSE
"Vitvi01g04261",441,0.602696642800707,0.000100304716366617,0.705743984355515,0.00020739228535204,FALSE
"Vitvi01g04267",1106,-0.353127065939054,0.0346365270501543,1,0.0385117895582942,FALSE
"Vitvi01g04308",11,-0.465036682702683,0.00426699202659308,1,0.00562852566537475,FALSE
"Vitvi01g04309",178,-0.638571442967416,2.77964224488528e-05,0.195575628350128,6.71158642244777e-05,FALSE
"Vitvi01g04313",1057,-0.731709666055489,3.97281655814094e-07,0.00279527373030797,1.612037906752e-06,TRUE
"Vitvi01g04317",3,0.52672897911869,0.000965935937866127,1,0.00160935952138908,FALSE
"Vitvi01g04325",176,-0.645746403000758,2.10820008752169e-05,0.148332958158026,5.29571432195744e-05,FALSE
"Vitvi01g04330",131,-0.478898349698169,0.00312849885508842,1,0.00423472834636439,FALSE
"Vitvi01g04362",14,-0.861011812544602,1.62270868075849e-11,1.14173782778167e-07,4.9857547064702e-10,TRUE
"Vitvi01g04364",7,-0.770097521779023,3.98767780862307e-08,0.000280573010614719,2.73196699722219e-07,TRUE
"Vitvi01g04365",3,-0.487897282267239,0.00253992909673463,1,0.0039792788075317,FALSE
"Vitvi01g04413",105,-0.348773109116345,0.0370917412185993,1,0.0411636421473288,FALSE
"Vitvi01g04414",54,0.731727210389712,3.96899963641175e-07,0.00279258814417931,1.612037906752e-06,TRUE
"Vitvi01g04416",171,-0.319708683356649,0.0573309363257059,1,0.0621637337012894,FALSE
"Vitvi01g04419",60,0.478898349698169,0.00312849885508842,1,0.00423472834636439,FALSE
"Vitvi01g04423",64,0.750289519408583,1.37448227308174e-07,0.00096708572734031,6.46880085177473e-07,TRUE
"Vitvi01g04424",4,-0.750289519408583,1.37448227308175e-07,0.000967085727340323,6.46880085177473e-07,TRUE
"Vitvi01g04428",64,0.750289519408583,1.37448227308174e-07,0.00096708572734031,6.46880085177473e-07,TRUE
"Vitvi01g04429",80,-0.465036682702683,0.00426699202659308,1,0.00562852566537475,FALSE
"Vitvi01g04445",26,-0.272648481266987,0.107659058362385,1,0.113668837730753,FALSE
"Vitvi01g04447",14,-0.750289519408583,1.37448227308175e-07,0.000967085727340323,6.46880085177473e-07,TRUE
"Vitvi01g04468",742,-0.798754929881148,5.27034919958902e-09,3.70821769683084e-05,4.29689188508788e-08,TRUE
"Vitvi02g00006",981,-0.538122002500631,0.00071128356377806,1,0.00121117888546525,FALSE
"Vitvi02g00011",20,-0.430497602000505,0.00877034378520732,1,0.0108621965979086,FALSE
"Vitvi02g00013",405,-0.478898349698169,0.00312849885508842,1,0.00423472834636439,FALSE
"Vitvi02g00014",1529,-0.759552352981529,7.81948005924383e-08,0.000550178616968396,4.90355273590371e-07,TRUE
"Vitvi02g00017",1520,-0.87985813675672,1.58515090510686e-12,1.11531217683319e-08,1.19926040519698e-10,TRUE
"Vitvi02g00022",1434,-0.819235825519126,1.00667411024502e-09,7.08295903968394e-06,1.26031299638504e-08,TRUE
"Vitvi02g00032",1042,-0.884224678378342,8.74713631353133e-13,6.15448511020064e-09,8.4308015208228e-11,TRUE
"Vitvi02g00051",387,-0.169307497368039,0.323571829826416,1,0.32923375193907,FALSE
"Vitvi02g00055",351,-0.669501596885615,8.0039027326249e-06,0.0563154596267488,2.3165553116721e-05,FALSE
"Vitvi02g00056",52,0.816811769737353,1.23759826433005e-09,8.70774138782626e-06,1.26935005653447e-08,TRUE
"Vitvi02g00066",5,-0.614434627005383,6.70579321707088e-05,0.471819610753107,0.000146209981640256,FALSE
"Vitvi02g00070",536,-0.66562910823429,9.42775559530674e-06,0.0663336883685782,2.69430090855315e-05,FALSE
"Vitvi02g00073",22,-0.478898349698169,0.00312849885508842,1,0.00423472834636439,FALSE
"Vitvi02g00079",91,0.237030496315255,0.163946637501507,1,0.170438614282004,FALSE
"Vitvi02g00081",54,0.645746403000758,2.10820008752171e-05,0.148332958158028,5.29571432195744e-05,FALSE
"Vitvi02g00086",83,-0.854242196177249,3.44851741255845e-11,2.42637685147612e-07,7.42011269564575e-10,TRUE
"Vitvi02g00091",1312,-0.697693386650656,2.25225754908549e-06,0.0158468841153655,7.43985169735475e-06,TRUE
"Vitvi02g00093",10,0.805428356395692,3.13964896328463e-09,2.20905701056707e-05,2.78218767073941e-08,TRUE
"Vitvi02g00096",43,-0.294173361367012,0.0815930785914507,1,0.0869041630289808,FALSE
"Vitvi02g00099",541,-0.609871602834049,7.8569440725387e-05,0.552814584943823,0.000168028749223046,FALSE
"Vitvi02g00108",76,-0.387447841800455,0.0195609632394898,1,0.0227226246249052,FALSE
"Vitvi02g00110",12,-0.569833681621598,0.000285923238424702,1,0.000532069797819678,FALSE
"Vitvi02g00114",9,-0.343452351803737,0.0402822983143647,1,0.0443754894222436,FALSE
"Vitvi02g00116",1018,-0.372476494209687,0.0252748166470032,1,0.0287152607667228,FALSE
"Vitvi02g00118",1793,-0.884224678378342,8.74713631353133e-13,6.15448511020064e-09,8.4308015208228e-11,TRUE
"Vitvi02g00121",112,-0.833655021565093,2.75698823891264e-10,1.93981692489894e-06,4.84954231224734e-09,TRUE
"Vitvi02g00125",999,-0.478898349698169,0.00312849885508842,1,0.00423472834636439,FALSE
"Vitvi02g00130",16,-0.396194014303216,0.0167531103596756,1,0.0197511535674728,FALSE
"Vitvi02g00136",43,0.36280178007437,0.0296534634974875,1,0.0332921284774729,FALSE
"Vitvi02g00147",897,-0.55885762556771,0.000396041802305422,1,0.000715233603958152,FALSE
"Vitvi02g00149",653,-0.478898349698169,0.00312849885508842,1,0.00423472834636439,FALSE
"Vitvi02g00153",61,0.57638349405403,0.000234110207241291,1,0.000441017247161913,FALSE
"Vitvi02g00162",25,0.711711123419741,1.13504231359939e-06,0.00798615771848532,4.10388371967386e-06,TRUE
"Vitvi02g00177",17,-0.178982211503356,0.296273865831986,1,0.302332548222459,FALSE
"Vitvi02g00186",34,0.516597122400606,0.00125690591977388,1,0.00205282963127414,FALSE
"Vitvi02g00192",214,-0.750289519408583,1.37448227308175e-07,0.000967085727340323,6.46880085177473e-07,TRUE
"Vitvi02g00194",152,0.478898349698169,0.00312849885508842,1,0.00423472834636439,FALSE
"Vitvi02g00197",39,0.563224630044399,0.000348367204431201,1,0.000636983277125242,FALSE
"Vitvi02g00211",810,-0.449874207292219,0.00590725996608227,1,0.00756387281553318,FALSE
"Vitvi02g00212",1496,-0.353127065939054,0.0346365270501543,1,0.0385117895582942,FALSE
"Vitvi02g00219",57,-0.333777637668421,0.0466511603903606,1,0.0510240268158833,FALSE
"Vitvi02g00223",268,-0.449874207292219,0.00590725996608227,1,0.00756387281553318,FALSE
"Vitvi02g00226",198,0.634828246856505,3.2020662533188e-05,0.225297381583511,7.65536464775783e-05,FALSE
"Vitvi02g00228",19,0.423116684884594,0.0101364132965185,1,0.0125144418238822,FALSE
"Vitvi02g00231",36,0.478898349698169,0.00312849885508842,1,0.00423472834636439,FALSE
"Vitvi02g00232",1674,-0.678679836599203,5.37727468533649e-06,0.0378345046860275,1.6079262509999e-05,TRUE
"Vitvi02g00236",6,-0.466372402167214,0.00414355138051985,1,0.00548626787981514,FALSE
"Vitvi02g00238",1124,-0.624221522900733,4.73386834040076e-05,0.333074976430597,0.000107478211174765,FALSE
"Vitvi02g00239",1270,-0.82902360477862,4.23397938922474e-10,2.97902789825853e-06,6.54731406210665e-09,TRUE
"Vitvi02g00242",87,-0.688537295588947,3.4525245843369e-06,0.0242919629753944,1.07964279890642e-05,TRUE
"Vitvi02g00243",17,-0.39182592248032,0.0181099832764267,1,0.0210649433514528,FALSE
"Vitvi02g00258",107,0.703975351543856,1.664746314066e-06,0.0117131550657684,5.74174267929824e-06,TRUE
"Vitvi02g00259",19,0.684903397635509,4.07316006933563e-06,0.0286587542478455,1.26194426454626e-05,TRUE
"Vitvi02g00260",182,0.667461988060373,8.72733258323926e-06,0.0614055120556714,2.49920683987267e-05,FALSE
"Vitvi02g00263",653,0.750289519408583,1.37448227308175e-07,0.000967085727340317,6.46880085177473e-07,TRUE
"Vitvi02g00273",7,0.478898349698169,0.00312849885508842,1,0.00423472834636439,FALSE
"Vitvi02g00276",3,-0.478898349698169,0.00312849885508842,1,0.00423472834636439,FALSE
"Vitvi02g00278",181,-0.478898349698169,0.00312849885508842,1,0.00423472834636439,FALSE
"Vitvi02g00280",427,-0.750289519408583,1.37448227308175e-07,0.000967085727340323,6.46880085177473e-07,TRUE
"Vitvi02g00286",200,0.266054638721205,0.116785634586865,1,0.122991127818169,FALSE
"Vitvi02g00289",367,-0.602582743783759,0.000100689603007756,0.708452046762569,0.00020739228535204,FALSE
"Vitvi02g00293",1027,-0.589483118918895,0.000154932061894313,1,0.000305265188319346,FALSE
"Vitvi02g00295",17,0.555283502672075,0.000439300711880711,1,0.000785893671190614,FALSE
"Vitvi02g00301",33,0.449874207292219,0.00590725996608226,1,0.00756387281553318,FALSE
"Vitvi02g00303",1404,-0.57638349405403,0.000234110207241294,1,0.000441017247161913,FALSE
"Vitvi02g00304",569,-0.764183769768002,5.84225956778788e-08,0.000411061383189555,3.81318537281591e-07,TRUE
"Vitvi02g00319",833,-0.401500636615636,0.0152203400780548,1,0.017965158998355,FALSE
"Vitvi02g00327",673,-0.729160155023937,4.56480733012947e-07,0.00321179843747909,1.83636274298405e-06,TRUE
"Vitvi02g00340",1156,-0.665422379235131,9.50988786057398e-06,0.0669115709869985,2.7111657612236e-05,FALSE
"Vitvi02g00346",1555,-0.757793138605192,8.72029469688381e-08,0.000613559934872745,5.41058143626759e-07,TRUE
"Vitvi02g00348",24,-0.854242196177249,3.44851741255845e-11,2.42637685147612e-07,7.42011269564575e-10,TRUE
"Vitvi02g00370",87,-0.416827510782546,0.0114392506999706,1,0.0139153817297706,FALSE
"Vitvi02g00378",45,0.501697797754892,0.00182474140529103,1,0.00291197108814419,FALSE
"Vitvi02g00380",36,0.631396482934074,3.63959573998373e-05,0.256081956265255,8.4907810432777e-05,FALSE
"Vitvi02g00382",20,-0.478898349698169,0.00312849885508842,1,0.00423472834636439,FALSE
"Vitvi02g00390",4,-0.609871602834049,7.8569440725387e-05,0.552814584943823,0.000168028749223046,FALSE
"Vitvi02g00391",6,-0.157468170740073,0.359035032976137,1,0.364684638663217,FALSE
"Vitvi02g00393",3,-0.323321325521036,0.0544193488123387,1,0.0590704316944794,FALSE
"Vitvi02g00394",6,-0.175993837885964,0.304543781136304,1,0.310546383199281,FALSE
"Vitvi02g00395",38,-0.478898349698169,0.00312849885508842,1,0.00423472834636439,FALSE
"Vitvi02g00399",28,0.476758562900266,0.00328477036645232,1,0.0044351649008556,FALSE
"Vitvi02g00409",763,-0.372476494209687,0.0252748166470032,1,0.0287152607667228,FALSE
"Vitvi02g00413",1129,-0.636867855681746,2.96519006901658e-05,0.208630773256007,7.13999908473671e-05,FALSE
"Vitvi02g00416",1584,-0.871125053513477,4.87284258467059e-12,3.42853204257422e-08,2.4665698148016e-10,TRUE
"Vitvi02g00417",415,0.382151208345003,0.0214447164072558,1,0.0246423362145112,FALSE
"Vitvi02g00420",11,-0.430524779021586,0.00876561976487687,1,0.0108621965979086,FALSE
"Vitvi02g00424",36,0.720555146536141,7.21400019111128e-07,0.0050757705344659,2.75557575161015e-06,TRUE
"Vitvi02g00429",469,0.885863237163478,6.95499731733616e-13,4.89353611247772e-09,8.4308015208228e-11,TRUE
"Vitvi02g00435",136,-0.516179660042355,0.00127039617033652,1,0.00207293772135617,FALSE
"Vitvi02g00436",19,0.543987816869401,0.000605016675187258,1,0.00104643493771326,FALSE
"Vitvi02g00442",3,-0.208006353909306,0.223466571725695,1,0.229836397991813,FALSE
"Vitvi02g00444",5,-0.657661183679129,1.31078878160574e-05,0.09222709867378,3.63384943553112e-05,FALSE
"Vitvi02g00446",366,0.850316013631005,5.24901265229646e-11,3.69320530215579e-07,1.08944109208135e-09,TRUE
"Vitvi02g00450",1305,-0.538122002500631,0.00071128356377806,1,0.00121117888546525,FALSE
"Vitvi02g00454",266,0.430524779021586,0.00876561976487691,1,0.0108621965979086,FALSE
"Vitvi02g00459",81,-0.510885369729709,0.00145288586363363,1,0.00235378884101457,FALSE
"Vitvi02g00466",4,0.700095729264242,2.00821663270585e-06,0.0141298122277184,6.69659347285231e-06,TRUE
"Vitvi02g00467",211,-0.478898349698169,0.00312849885508842,1,0.00423472834636439,FALSE
"Vitvi02g00476",1412,-0.772885796541321,3.31754606284914e-08,0.000233422540982066,2.3019974455825e-07,TRUE
"Vitvi02g00480",9,0.478898349698169,0.00312849885508842,1,0.00423472834636439,FALSE
"Vitvi02g00499",174,-0.324102923533104,0.0538052002373616,1,0.0584218192700735,FALSE
"Vitvi02g00500",475,0.843792305512795,1.02815774485915e-10,7.23411789282897e-07,1.99286994292809e-09,TRUE
"Vitvi02g00507",103,0.411175350750953,0.0127285678576514,1,0.0152881876829012,FALSE
"Vitvi02g00508",1018,-0.372476494209687,0.0252748166470032,1,0.0287152607667228,FALSE
"Vitvi02g00509",92,0.324102923533104,0.0538052002373616,1,0.0584218192700735,FALSE
"Vitvi02g00510",293,-0.588346722734024,0.000160693769450826,1,0.000313631445729823,FALSE
"Vitvi02g00511",1570,-0.510885369729709,0.00145288586363363,1,0.00235378884101457,FALSE
"Vitvi02g00512",43,0.566501351210905,0.000316031464128365,1,0.000582703716354081,FALSE
"Vitvi02g00526",93,-0.39182592248032,0.0181099832764267,1,0.0210649433514528,FALSE
"Vitvi02g00533",200,-0.169307497368039,0.323571829826416,1,0.32923375193907,FALSE
"Vitvi02g00545",1479,-0.673070912329788,6.86813950157651e-06,0.0483242295330923,2.00598711220807e-05,TRUE
"Vitvi02g00546",581,-0.478898349698169,0.00312849885508842,1,0.00423472834636439,FALSE
"Vitvi02g00547",165,-0.82902360477862,4.23397938922474e-10,2.97902789825853e-06,6.54731406210665e-09,TRUE
"Vitvi02g00560",912,-0.750289519408583,1.37448227308175e-07,0.000967085727340323,6.46880085177473e-07,TRUE
"Vitvi02g00565",1429,-0.75453481429915,1.06462596174746e-07,0.000749070826685511,6.45194510495703e-07,TRUE
"Vitvi02g00567",1409,-0.745986927832182,1.77160876753437e-07,0.00124650392883718,8.08368306638897e-07,TRUE
"Vitvi02g00575",8,0.795962080475969,6.50908975903324e-09,4.57979555445579e-05,5.21616805746673e-08,TRUE
"Vitvi02g00603",1354,-0.57638349405403,0.000234110207241294,1,0.000441017247161913,FALSE
"Vitvi02g00605",265,0.699083313621593,2.10794614677661e-06,0.0148315090887203,7.01169444903313e-06,TRUE
"Vitvi02g00626",1152,-0.750289519408583,1.37448227308175e-07,0.000967085727340323,6.46880085177473e-07,TRUE
"Vitvi02g00629",1043,-0.814115601609632,1.55170655744904e-09,1.09178073382114e-05,1.51216168119272e-08,TRUE
"Vitvi02g00633",3,0.57399680266734,0.000251925466762095,1,0.000472049955829054,FALSE
"Vitvi02g00659",21,-0.411175350750953,0.0127285678576514,1,0.0152881876829012,FALSE
"Vitvi02g00666",112,-0.62921864767565,3.94463723943554e-05,0.277544676166685,9.17199855144365e-05,FALSE
"Vitvi02g00669",686,0.401500636615636,0.0152203400780549,1,0.017965158998355,FALSE
"Vitvi02g00673",4,0.266598285955942,0.116011920223741,1,0.122396141954453,FALSE
"Vitvi02g00682",854,-0.801235104059783,4.35732915544007e-09,3.06581679376763e-05,3.7617383972609e-08,TRUE
"Vitvi02g00686",386,-0.478898349698169,0.00312849885508842,1,0.00423472834636439,FALSE
"Vitvi02g00695",32,0.710928762549178,1.18052886246948e-06,0.00830620107633528,4.23353775552262e-06,TRUE
"Vitvi02g00701",690,-0.550184244324302,0.000508303496349478,1,0.000891209419465469,FALSE
"Vitvi02g00702",635,0.661853063790958,1.10347350043172e-05,0.0776403954903761,3.10065477197988e-05,FALSE
"Vitvi02g00705",4,0.401500636615636,0.0152203400780549,1,0.017965158998355,FALSE
"Vitvi02g00709",1622,-0.773446603340947,3.19602962058211e-08,0.000224872644104158,2.23531455371926e-07,TRUE
"Vitvi02g00717",38,0.392126621254692,0.0180137209543913,1,0.0210649433514528,FALSE
"Vitvi02g00721",116,0.750289519408583,1.37448227308174e-07,0.00096708572734031,6.46880085177473e-07,TRUE
"Vitvi02g00726",953,-0.831389524756722,3.40621634625736e-10,2.39661382122668e-06,5.85969149444176e-09,TRUE
"Vitvi02g00734",17,-0.401500636615636,0.0152203400780548,1,0.017965158998355,FALSE
"Vitvi02g00750",57,0.478898349698169,0.00312849885508842,1,0.00423472834636439,FALSE
"Vitvi02g00772",1186,-0.609132556216191,8.05930710257105e-05,0.567052847736899,0.000170696221474082,FALSE
"Vitvi02g00774",6,0.563283869189166,0.00034775734695725,1,0.000636033452870083,FALSE
"Vitvi02g00790",37,-0.634828246856505,3.20206625331883e-05,0.225297381583513,7.65536464775783e-05,FALSE
"Vitvi02g00792",76,0.737399514346222,2.89737268869272e-07,0.0020385914237642,1.23550995379648e-06,TRUE
"Vitvi02g00867",4,0.304753495262471,0.0707229426338605,1,0.0757507420264641,FALSE
"Vitvi02g00936",102,-0.478898349698169,0.00312849885508842,1,0.00423472834636439,FALSE
"Vitvi02g00983",16,0.246705210450572,0.146913319045593,1,0.15316078127201,FALSE
"Vitvi02g00994",111,-0.39182592248032,0.0181099832764267,1,0.0210649433514528,FALSE
"Vitvi02g00999",610,-0.430524779021586,0.00876561976487687,1,0.0108621965979086,FALSE
"Vitvi02g01001",302,0.719169405081051,7.75361675643118e-07,0.00545544474982498,2.93145875863782e-06,TRUE
"Vitvi02g01003",13,-0.528816597633535,0.000913992430746975,1,0.00152824399779842,FALSE
"Vitvi02g01004",11,-0.748705923951828,1.50995627464378e-07,0.00106240523483936,7.04512755198517e-07,TRUE
"Vitvi02g01005",740,0.478898349698169,0.00312849885508842,1,0.00423472834636439,FALSE
"Vitvi02g01047",16,-0.478898349698169,0.00312849885508842,1,0.00423472834636439,FALSE
"Vitvi02g01113",252,-0.725588629880729,5.53108756705168e-07,0.00389167321217756,2.16084020665051e-06,TRUE
"Vitvi02g01143",665,-0.602582743783759,0.000100689603007756,0.708452046762569,0.00020739228535204,FALSE
"Vitvi02g01153",420,0.372476494209687,0.0252748166470031,1,0.0287152607667228,FALSE
"Vitvi02g01166",23,0.412638183243226,0.0123836432952852,1,0.0150200507198116,FALSE
"Vitvi02g01167",11,-0.731763852262692,3.96103875756545e-07,0.00278698686982305,1.612037906752e-06,TRUE
"Vitvi02g01179",31,-0.232564462216885,0.172271400239863,1,0.178776043080778,FALSE
"Vitvi02g01182",45,0.600154896827394,0.000109216589928941,0.768447926740032,0.000223711186823881,FALSE
"Vitvi02g01204",1507,-0.36280178007437,0.0296534634974876,1,0.0332921284774729,FALSE
"Vitvi02g01211",63,-0.478898349698169,0.00312849885508842,1,0.00423472834636439,FALSE
"Vitvi02g01215",941,-0.824356049428621,6.44165101155286e-10,4.53234565172859e-06,8.88695225829135e-09,TRUE
"Vitvi02g01227",115,0.634828246856505,3.2020662533188e-05,0.225297381583511,7.65536464775783e-05,FALSE
"Vitvi02g01230",1128,-0.866758511891856,8.29025229610732e-12,5.83302151554111e-08,2.88556436427387e-10,TRUE
"Vitvi02g01236",1737,-0.884224678378342,8.74713631353133e-13,6.15448511020064e-09,8.4308015208228e-11,TRUE
"Vitvi02g01248",282,0.382151208345003,0.0214447164072558,1,0.0246423362145112,FALSE
"Vitvi02g01270",4,0.516597122400606,0.00125690591977388,1,0.00205282963127414,FALSE
"Vitvi02g01279",3,-0.469223635562852,0.00389036020229628,1,0.00516366240018047,FALSE
"Vitvi02g01288",785,0.694712517970911,2.59273082141354e-06,0.0182424540594657,8.36809819241548e-06,TRUE
"Vitvi02g01317",60,-0.208006353909306,0.223466571725695,1,0.229836397991813,FALSE
"Vitvi02g01319",16,-0.602696642800707,0.000100304716366618,0.705743984355526,0.00020739228535204,FALSE
"Vitvi02g01323",229,-0.492971477897939,0.00225270004672428,1,0.00355620317001393,FALSE
"Vitvi02g01324",126,-0.731709666055489,3.97281655814094e-07,0.00279527373030797,1.612037906752e-06,TRUE
"Vitvi02g01325",13,-0.707062962734838,1.43083923232176e-06,0.0100673848386159,4.99870150874674e-06,TRUE
"Vitvi02g01339",3,-0.497785744864844,0.00200686623174574,1,0.00318670972840512,FALSE
"Vitvi02g01341",585,0.705194751327346,1.56847433445412e-06,0.0110357854172192,5.43099676044252e-06,TRUE
"Vitvi02g01344",68,-0.811639229435245,1.90392968877659e-09,1.33960492902321e-05,1.83256488238469e-08,TRUE
"Vitvi02g01347",18,0.750289519408583,1.37448227308174e-07,0.00096708572734031,6.46880085177473e-07,TRUE
"Vitvi02g01348",8,-0.750289519408583,1.37448227308175e-07,0.000967085727340323,6.46880085177473e-07,TRUE
"Vitvi02g01349",15,0.565032847949674,0.00033017584284581,1,0.000607668645111984,FALSE
"Vitvi02g01355",308,-0.819760771205674,9.62256253728296e-10,6.77043500123229e-06,1.23773948834228e-08,TRUE
"Vitvi02g01356",5,0.411175350750953,0.0127285678576514,1,0.0152881876829012,FALSE
"Vitvi02g01358",14,-0.710780173618015,1.18935451300746e-06,0.0083682983535205,4.25867600688066e-06,TRUE
"Vitvi02g01360",20,-0.737399514346222,2.8973726886927e-07,0.00203859142376419,1.23550995379648e-06,TRUE
"Vitvi02g01364",13,-0.449874207292219,0.00590725996608227,1,0.00756387281553318,FALSE
"Vitvi02g01368",137,0.478898349698169,0.00312849885508842,1,0.00423472834636439,FALSE
"Vitvi02g01375",9,-0.478898349698169,0.00312849885508842,1,0.00423472834636439,FALSE
"Vitvi02g01399",27,-0.466372402167214,0.00414355138051985,1,0.00548626787981514,FALSE
"Vitvi02g01400",107,0.682759054249686,4.4856262078476e-06,0.0315608659984157,1.37460217763135e-05,TRUE
"Vitvi02g01403",22,-0.385716669042639,0.0201608473084076,1,0.0233885773556399,FALSE
"Vitvi02g01404",84,-0.545577660254953,0.000578759782486225,1,0.0010099587870965,FALSE
"Vitvi02g01405",106,-0.850256495800176,5.28206055211760e-11,3.71645780446995e-07,1.0930758248441e-09,TRUE
"Vitvi02g01407",14,-0.596075679176911,0.000125016427912766,0.87961558679422,0.000252538246863957,FALSE
"Vitvi02g01408",21,-0.169818615504,0.322091724033235,1,0.328107336079027,FALSE
"Vitvi02g01409",8,0.711711123419741,1.13504231359939e-06,0.00798615771848532,4.10388371967386e-06,TRUE
"Vitvi02g01411",57,0.750289519408583,1.37448227308174e-07,0.00096708572734031,6.46880085177473e-07,TRUE
"Vitvi02g01427",157,0.74411429702662,1.97545236237612e-07,0.00138992828216784,8.81934189192792e-07,TRUE
"Vitvi02g01432",225,-0.304753495262471,0.0707229426338605,1,0.0757507420264641,FALSE
"Vitvi02g01440",217,0.616119022810785,6.32093441360742e-05,0.444740945341418,0.000139111962884397,FALSE
"Vitvi02g01479",130,-0.515631068893965,0.00128831771912162,1,0.00209731686065241,FALSE
"Vitvi02g01485",80,-0.478898349698169,0.00312849885508842,1,0.00423472834636439,FALSE
"Vitvi02g01486",1104,-0.701115533676863,1.91214561505384e-06,0.0134538565475188,6.43417338475313e-06,TRUE
"Vitvi02g01513",1432,-0.773446603340947,3.19602962058211e-08,0.000224872644104158,2.23531455371926e-07,TRUE
"Vitvi02g01526",41,-0.750289519408583,1.37448227308175e-07,0.000967085727340323,6.46880085177473e-07,TRUE
"Vitvi02g01537",368,-0.695506609407448,2.49770503451919e-06,0.017573852622877,8.1587059530534e-06,TRUE
"Vitvi02g01559",688,-0.689897685138033,3.24336512260011e-06,0.0228203170026144,1.02287391316067e-05,TRUE
"Vitvi02g01621",89,-0.75441642621575,1.07231136608592e-07,0.00075447827717805,6.45957429090799e-07,TRUE
"Vitvi02g01666",32,-0.28361519782547,0.0936884845412919,1,0.0993058417042075,FALSE
"Vitvi02g01717",28,0.251123601166961,0.139579734523285,1,0.14586113353718,FALSE
"Vitvi02g01718",250,-0.645746403000758,2.10820008752169e-05,0.148332958158026,5.29571432195744e-05,FALSE
"Vitvi02g01732",13,-0.401500636615636,0.0152203400780548,1,0.017965158998355,FALSE
"Vitvi02g01780",70,0.57399680266734,0.000251925466762095,1,0.000472049955829054,FALSE
"Vitvi02g01794",4,0.478898349698169,0.00312849885508842,1,0.00423472834636439,FALSE
"Vitvi02g01817",26,-0.751595852101597,1.27126181928121e-07,0.000894459816046258,6.46880085177473e-07,TRUE
"Vitvi02g01823",135,-0.577719199749735,0.0002246401033705,1,0.000426949694034262,FALSE
"Vitvi02g04002",831,-0.611882647572535,7.3292792069024e-05,0.515688084997653,0.000159261298640412,FALSE
"Vitvi02g04005",8,0.411175350750953,0.0127285678576514,1,0.0152881876829012,FALSE
"Vitvi02g04014",678,-0.343452351803737,0.0402822983143647,1,0.0443754894222436,FALSE
"Vitvi02g04023",56,0.382151208345003,0.0214447164072558,1,0.0246423362145112,FALSE
"Vitvi02g04029",19,0.848818436201521,6.14198049747315e-11,4.32149747802211e-07,1.22422024873147e-09,TRUE
"Vitvi02g04035",244,-0.835484995697217,2.31871841692465e-10,1.63145027814818e-06,4.17250710523832e-09,TRUE
"Vitvi02g04037",4,-0.503280624130037,0.00175527745304602,1,0.0028130953430716,FALSE
"Vitvi02g04056",66,0.353127065939054,0.0346365270501542,1,0.0385117895582942,FALSE
"Vitvi02g04092",12,-0.323039581199019,0.0546420966252307,1,0.0593030683102149,FALSE
"Vitvi02g04096",18,0.750289519408583,1.37448227308174e-07,0.00096708572734031,6.46880085177473e-07,TRUE
"Vitvi02g04101",12,0.440199493156902,0.00721598030084792,1,0.0091021221579,FALSE
"Vitvi02g04106",424,0.818228616890212,1.09727718999618e-09,7.72044230881313e-06,1.26935005653447e-08,TRUE
"Vitvi02g04111",21,0.628709420380779,4.01922078482606e-05,0.282792374420361,9.32385012925689e-05,FALSE
"Vitvi02g04113",5,0.622232181081055,5.08592315170762e-05,0.357845552954148,0.000114510576945327,FALSE
"Vitvi02g04120",68,-0.750289519408583,1.37448227308175e-07,0.000967085727340323,6.46880085177473e-07,TRUE
"Vitvi02g04123",311,-0.678679836599203,5.37727468533649e-06,0.0378345046860275,1.6079262509999e-05,TRUE
"Vitvi02g04136",26,0.705922728297438,1.5134610690545e-06,0.0106487120818674,5.24825632423235e-06,TRUE
"Vitvi02g04144",25,0.504335557297276,0.00171027946825787,1,0.00274362205623858,FALSE
"Vitvi02g04150",3,-0.420850064886269,0.010590608809886,1,0.0129098273711639,FALSE
"Vitvi02g04151",37,0.449874207292219,0.00590725996608226,1,0.00756387281553318,FALSE
"Vitvi02g04155",280,-0.750289519408583,1.37448227308175e-07,0.000967085727340323,6.46880085177473e-07,TRUE
"Vitvi02g04162",5,-0.285404066991838,0.0915479263669638,1,0.0970661859430317,FALSE
"Vitvi02g04163",81,-0.478898349698169,0.00312849885508842,1,0.00423472834636439,FALSE
"Vitvi02g04171",3,0.546507180803783,0.00056388190945942,1,0.000984728993535984,FALSE
"Vitvi02g04175",119,-0.420850064886269,0.010590608809886,1,0.0129098273711639,FALSE
"Vitvi02g04187",1921,-0.552471922567315,0.000476236747738388,1,0.000841064698064083,FALSE
"Vitvi02g04190",4,-0.631396482934074,3.63959573998368e-05,0.256081956265252,8.4907810432777e-05,FALSE
"Vitvi02g04201",8,-0.827123396298606,5.03032230623596e-10,3.53933477466762e-06,7.59513900143266e-09,TRUE
"Vitvi02g04218",33,0.874344762938948,3.25230629616806e-12,2.28832270998385e-08,1.92296026049063e-10,TRUE
"Vitvi02g04226",34,0.595702568285172,0.00012655947284175,0.890472450914556,0.000254410435656862,FALSE
"Vitvi02g04279",175,-0.401500636615636,0.0152203400780548,1,0.017965158998355,FALSE
"Vitvi02g04302",8,-0.28714784076131,0.0894976534621487,1,0.0952944143098787,FALSE
"Vitvi02g04303",3,-0.351682845303583,0.0354357887362161,1,0.0393818053305981,FALSE
"Vitvi02g04347",3,0.480835572591624,0.00299264167606656,1,0.00423472834636439,FALSE
"Vitvi02g04409",15,0.478898349698169,0.00312849885508842,1,0.00423472834636439,FALSE
"Vitvi03g00016",187,-0.469223635562852,0.00389036020229628,1,0.00516366240018047,FALSE
"Vitvi03g00017",40,0.617046562867391,6.11763032283901e-05,0.430436469514953,0.000134890777033831,FALSE
"Vitvi03g00023",83,-0.236773681100278,0.164417351185096,1,0.170801783986171,FALSE
"Vitvi03g00026",10,0.530534807027005,0.000873110001630482,1,0.00146231896488266,FALSE
"Vitvi03g00028",1626,-0.559646882600657,0.000387017462770897,1,0.000700014104898731,FALSE
"Vitvi03g00033",987,-0.304753495262471,0.0707229426338605,1,0.0757507420264641,FALSE
"Vitvi03g00034",13,0.353127065939054,0.0346365270501542,1,0.0385117895582942,FALSE
"Vitvi03g00036",1493,-0.737939074644656,2.81075640112032e-07,0.00197764820382825,1.20661879428203e-06,TRUE
"Vitvi03g00047",423,0.458510261860801,0.00491698403076318,1,0.00637915889963234,FALSE
"Vitvi03g00050",944,-0.478898349698169,0.00312849885508842,1,0.00423472834636439,FALSE
"Vitvi03g00052",76,-0.559646882600657,0.000387017462770897,1,0.000700014104898731,FALSE
"Vitvi03g00054",1258,-0.39182592248032,0.0181099832764267,1,0.0210649433514528,FALSE
"Vitvi03g00057",28,-0.401797761867138,0.015138125307633,1,0.017965158998355,FALSE
"Vitvi03g00063",77,0.487897282267239,0.00253992909673463,1,0.0039792788075317,FALSE
"Vitvi03g00064",1034,-0.566821842633998,0.000313017471211837,1,0.0005779036807784,FALSE
"Vitvi03g00077",3,0.545296962533973,0.000583320667650517,1,0.00101089759053917,FALSE
"Vitvi03g00088",1656,-0.609871602834049,7.8569440725387e-05,0.552814584943823,0.000168028749223046,FALSE
"Vitvi03g00110",252,-0.478898349698169,0.00312849885508842,1,0.00423472834636439,FALSE
"Vitvi03g00118",94,0.188656925638672,0.270494358476957,1,0.277110993920191,FALSE
"Vitvi03g00119",9,0.338984998483035,0.0431295738871945,1,0.0474823473431858,FALSE
"Vitvi03g00120",819,-0.559646882600657,0.000387017462770897,1,0.000700014104898731,FALSE
"Vitvi03g00122",28,-0.372476494209687,0.0252748166470032,1,0.0287152607667228,FALSE
"Vitvi03g00124",845,-0.366789496216201,0.0277786989843318,1,0.0315141770483326,FALSE
"Vitvi03g00125",1098,-0.768815186554474,4.33607583457646e-08,0.0003050862957208,2.92508433097603e-07,TRUE
"Vitvi03g00129",961,-0.824356049428621,6.44165101155286e-10,4.53234565172859e-06,8.88695225829135e-09,TRUE
"Vitvi03g00130",990,-0.411175350750953,0.0127285678576514,1,0.0152881876829012,FALSE
"Vitvi03g00144",1062,-0.736395269049165,3.06516025902312e-07,0.00215664675824867,1.29840262387036e-06,TRUE
"Vitvi03g00148",112,0.256379924585888,0.131210130347675,1,0.137380130524738,FALSE
"Vitvi03g00164",126,0.638571442967416,2.77964224488528e-05,0.195575628350128,6.71158642244777e-05,FALSE
"Vitvi03g00170",278,0.275729352856521,0.103584434864025,1,0.109448878766072,FALSE
"Vitvi03g00185",1141,-0.343452351803737,0.0402822983143647,1,0.0443754894222436,FALSE
"Vitvi03g00202",22,-0.645746403000758,2.10820008752169e-05,0.148332958158026,5.29571432195744e-05,FALSE
"Vitvi03g00207",369,-0.748050519403322,1.56954374737321e-07,0.00110433098065179,7.29412800958919e-07,TRUE
"Vitvi03g00209",600,-0.556734056756734,0.000421261179223091,1,0.000755542609486023,FALSE
"Vitvi03g00214",20,-0.432287620540523,0.00846379623972504,1,0.0106133078493504,FALSE
"Vitvi03g00217",29,-0.350968075250808,0.0358368798700459,1,0.0398086969948915,FALSE
"Vitvi03g00221",910,-0.563283869189166,0.00034775734695725,1,0.000636033452870083,FALSE
"Vitvi03g00223",1666,-0.372476494209687,0.0252748166470032,1,0.0287152607667228,FALSE
"Vitvi03g00227",1514,-0.875491595135099,2.808569499545e-12,1.97610949987986e-08,1.81294449530263e-10,TRUE
"Vitvi03g00242",1539,-0.773446603340947,3.19602962058211e-08,0.000224872644104158,2.23531455371926e-07,TRUE
"Vitvi03g00247",37,-0.420850064886269,0.010590608809886,1,0.0129098273711639,FALSE
"Vitvi03g00248",90,0.657661183679129,1.31078878160574e-05,0.09222709867378,3.63384943553112e-05,FALSE
"Vitvi03g00251",1731,-0.884224678378342,8.74713631353133e-13,6.15448511020064e-09,8.4308015208228e-11,TRUE
"Vitvi03g00253",1181,-0.768815186554474,4.33607583457646e-08,0.0003050862957208,2.92508433097603e-07,TRUE
"Vitvi03g00263",14,-0.645746403000758,2.10820008752169e-05,0.148332958158026,5.29571432195744e-05,FALSE
"Vitvi03g00274",1801,-0.768815186554474,4.33607583457646e-08,0.0003050862957208,2.92508433097603e-07,TRUE
"Vitvi03g00292",15,0.515631068893965,0.00128831771912162,1,0.00209731686065241,FALSE
"Vitvi03g00298",32,-0.469223635562852,0.00389036020229628,1,0.00516366240018047,FALSE
"Vitvi03g00302",106,0.670011628443056,7.8317607041287e-06,0.0551042683142496,2.27516814428136e-05,FALSE
"Vitvi03g00306",16,0.0822350701501905,0.633500208816202,1,0.637760404811961,FALSE
"Vitvi03g00312",658,0.750608504756726,1.34858806758807e-07,0.000948866564354963,6.46880085177473e-07,TRUE
"Vitvi03g00315",1067,-0.903787097070498,4.39292364603829e-14,3.09086107735254e-10,3.43429008594727e-11,TRUE
"Vitvi03g00318",3,-0.658986837051021,1.24168566581515e-05,0.087365003446754,3.46824150245153e-05,FALSE
"Vitvi03g00325",3,-0.550213483781412,0.000507881816015968,1,0.000891209419465469,FALSE
"Vitvi03g00328",450,-0.582933306486462,0.000190869311580325,1,0.000367270530032874,FALSE
"Vitvi03g00338",818,-0.358748001667088,0.0316645308614795,1,0.0354763756594538,FALSE
"Vitvi03g00340",1608,-0.82902360477862,4.23397938922474e-10,2.97902789825853e-06,6.54731406210665e-09,TRUE
"Vitvi03g00352",908,-0.750289519408583,1.37448227308175e-07,0.000967085727340323,6.46880085177473e-07,TRUE
"Vitvi03g00353",4,0.680681876953935,4.92121579230629e-06,0.034625674314667,1.49027485470856e-05,TRUE
"Vitvi03g00359",4,0.129149280600152,0.452832844807881,1,0.458172547608319,FALSE
"Vitvi03g00360",3,0.552471922567315,0.000476236747738389,1,0.000841064698064083,FALSE
"Vitvi03g00364",78,-0.382151208345003,0.0214447164072558,1,0.0246423362145112,FALSE
"Vitvi03g00365",186,-0.478898349698169,0.00312849885508842,1,0.00423472834636439,FALSE
"Vitvi03g00369",1109,-0.726610643992385,5.23697027742696e-07,0.00368473228719761,2.07707569740564e-06,TRUE
"Vitvi03g00380",72,-0.599066197410861,0.000113247116671386,0.796806712899873,0.000231495268128958,FALSE
"Vitvi03g00384",541,-0.82902360477862,4.23397938922474e-10,2.97902789825853e-06,6.54731406210665e-09,TRUE
"Vitvi03g00388",1370,-0.788514482062159,1.1253109875189e-08,7.91768810818297e-05,8.56892652400754e-08,TRUE
"Vitvi03g00398",229,0.543634431891869,0.000610994698697933,1,0.00105263435358439,FALSE
"Vitvi03g00407",44,0.538122002500631,0.00071128356377806,1,0.00121117888546525,FALSE
"Vitvi03g00413",1122,-0.737939074644656,2.81075640112032e-07,0.00197764820382825,1.20661879428203e-06,TRUE
"Vitvi03g00414",9,0.478579734602183,0.00315134965383133,1,0.00426074100006865,FALSE
"Vitvi03g00426",845,0.727071795148225,5.10902637354983e-07,0.00359471095642966,2.04244940706231e-06,TRUE
"Vitvi03g00433",3,0.588346722734024,0.000160693769450826,1,0.000313631445729823,FALSE
"Vitvi03g00447",208,-0.444847522067189,0.00655916257134087,1,0.00836661853733763,FALSE
"Vitvi03g00455",130,-0.622232181081055,5.08592315170758e-05,0.357845552954145,0.000114510576945327,FALSE
"Vitvi03g00475",1142,-0.545296962533973,0.000583320667650517,1,0.00101089759053917,FALSE
"Vitvi03g00481",3,-0.169818615504,0.322091724033235,1,0.328107336079027,FALSE
"Vitvi03g00482",1614,-0.759552352981529,7.81948005924383e-08,0.000550178616968396,4.90355273590371e-07,TRUE
"Vitvi03g00496",3,-0.609871602834049,7.8569440725387e-05,0.552814584943823,0.000168028749223046,FALSE
"Vitvi03g00500",77,0.535397316625968,0.000766044080046368,1,0.00129908077782749,FALSE
"Vitvi03g00508",116,0.722501018689747,6.51436181894005e-07,0.00458350497580622,2.5156448824403e-06,TRUE
"Vitvi03g00509",56,-0.256379924585888,0.131210130347675,1,0.137380130524738,FALSE
"Vitvi03g00517",1230,-0.645746403000758,2.10820008752169e-05,0.148332958158026,5.29571432195744e-05,FALSE
"Vitvi03g00519",17,-0.478898349698169,0.00312849885508842,1,0.00423472834636439,FALSE
"Vitvi03g00527",680,0.659112459622206,1.23531238461345e-05,0.0869165793814022,3.46005491168002e-05,FALSE
"Vitvi03g00529",1243,-0.478898349698169,0.00312849885508842,1,0.00423472834636439,FALSE
"Vitvi03g00535",1759,-0.768815186554474,4.33607583457646e-08,0.0003050862957208,2.92508433097603e-07,TRUE
"Vitvi03g00537",1439,-0.884224678378342,8.74713631353133e-13,6.15448511020064e-09,8.4308015208228e-11,TRUE
"Vitvi03g00542",32,-0.516597122400606,0.00125690591977388,1,0.00205282963127414,FALSE
"Vitvi03g00547",342,0.595908959859492,0.000125703812270519,0.884452023135369,0.000252989709134834,FALSE
"Vitvi03g00548",1518,-0.711313577803071,1.15795074343497e-06,0.00814734143080846,4.15892875487926e-06,TRUE
"Vitvi03g00552",3,-0.617046562867391,6.11763032283906e-05,0.430436469514956,0.000134890777033831,FALSE
"Vitvi03g00553",1697,-0.849805034798334,5.53912244528736e-11,3.89732655250419e-07,1.12314886239314e-09,TRUE
"Vitvi03g00557",9,0.534240357609264,0.000790404480732016,1,0.00133845629998327,FALSE
"Vitvi03g00559",5,0.692021082694147,2.93995527601393e-06,0.020685525322034,9.38970736361052e-06,TRUE
"Vitvi03g00564",13,-0.39182592248032,0.0181099832764267,1,0.0210649433514528,FALSE
"Vitvi03g00566",7,0.217681068044622,0.202185093959943,1,0.208619199457715,FALSE
"Vitvi03g00569",88,-0.258298561200303,0.128249602946178,1,0.134641033471995,FALSE
"Vitvi03g00581",1296,-0.546507180803783,0.00056388190945942,1,0.000984728993535984,FALSE
"Vitvi03g00597",1075,-0.706724457946277,1.45492503654476e-06,0.0102368525571289,5.07025881977659e-06,TRUE
"Vitvi03g00598",1463,-0.36280178007437,0.0296534634974876,1,0.0332921284774729,FALSE
"Vitvi03g00600",138,0.609871602834049,7.8569440725387e-05,0.552814584943823,0.000168028749223046,FALSE
"Vitvi03g00601",5,-0.459197442133872,0.00484474340951935,1,0.00629038837966014,FALSE
"Vitvi03g00606",3,-0.478898349698169,0.00312849885508842,1,0.00423472834636439,FALSE
"Vitvi03g00610",116,-0.750289519408583,1.37448227308175e-07,0.000967085727340323,6.46880085177473e-07,TRUE
"Vitvi03g00613",45,0.333777637668421,0.0466511603903606,1,0.0510240268158833,FALSE
"Vitvi03g00614",144,-0.517435182162141,0.00123020463625639,1,0.00201765030785547,FALSE
"Vitvi03g00615",11,-0.416827510782546,0.0114392506999706,1,0.0139153817297706,FALSE
"Vitvi03g00623",52,-0.208073840966911,0.223313018188778,1,0.229836397991813,FALSE
"Vitvi03g00626",1630,-0.740128804864834,2.48314019203201e-07,0.00174713743911372,1.08788134440456e-06,TRUE
"Vitvi03g00629",15,0.301348321400354,0.0740899184807143,1,0.0793087884421583,FALSE
"Vitvi03g00630",47,-0.366789496216201,0.0277786989843318,1,0.0315141770483326,FALSE
"Vitvi03g00638",103,-0.661853063790958,1.10347350043172e-05,0.0776403954903761,3.10065477197988e-05,FALSE
"Vitvi03g00645",10,0.420850064886269,0.010590608809886,1,0.0129098273711639,FALSE
"Vitvi03g00649",67,0.478898349698169,0.00312849885508842,1,0.00423472834636439,FALSE
"Vitvi03g00653",142,-0.609132556216191,8.05930710257105e-05,0.567052847736899,0.000170696221474082,FALSE
"Vitvi03g00661",47,0.750289519408583,1.37448227308174e-07,0.00096708572734031,6.46880085177473e-07,TRUE
"Vitvi03g00666",482,-0.631396482934074,3.63959573998368e-05,0.256081956265252,8.4907810432777e-05,FALSE
"Vitvi03g00673",540,-0.710803675596761,1.18795456212786e-06,0.0083584482991316,4.2558290728776e-06,TRUE
"Vitvi03g00675",1568,-0.516597122400606,0.00125690591977388,1,0.00205282963127414,FALSE
"Vitvi03g00676",4,0.469223635562852,0.00389036020229627,1,0.00516366240018047,FALSE
"Vitvi03g00677",1406,-0.703365690607165,1.71488287988333e-06,0.0120659159428591,5.86863615897817e-06,TRUE
"Vitvi03g00692",402,-0.718648196784035,7.96599470119536e-07,0.00560487387176106,2.9988624246983e-06,TRUE
"Vitvi03g00699",258,-0.713238185116801,1.05085825073373e-06,0.00739383865216252,3.82772193350016e-06,TRUE
"Vitvi03g00700",21,-0.430524779021586,0.00876561976487687,1,0.0108621965979086,FALSE
"Vitvi03g00702",323,-0.760088730172259,7.5624164511901e-08,0.000532091621505735,4.80227095221783e-07,TRUE
"Vitvi03g00708",174,-0.229598721066936,0.177963822871192,1,0.184547304012043,FALSE
"Vitvi03g00712",103,0.737939074644656,2.81075640112032e-07,0.00197764820382825,1.20661879428203e-06,TRUE
"Vitvi03g00713",185,-0.285404066991838,0.0915479263669638,1,0.0970661859430317,FALSE
"Vitvi03g00717",1093,-0.729160155023937,4.56480733012947e-07,0.00321179843747909,1.83636274298405e-06,TRUE
"Vitvi03g00721",1185,-0.420850064886269,0.010590608809886,1,0.0129098273711639,FALSE
"Vitvi03g00723",7,0.645310738915201,2.14432683486358e-05,0.150874836101001,5.36539246447374e-05,FALSE
"Vitvi03g00735",704,-0.528768587943932,0.000915158666668094,1,0.00152910386575082,FALSE
"Vitvi03g00737",185,-0.639135516533238,2.72056700272495e-05,0.191419094311727,6.71158642244777e-05,FALSE
"Vitvi03g00745",51,-0.866359712001401,8.69442361037601e-12,6.11739645226056e-08,2.88556436427387e-10,TRUE
"Vitvi03g00752",66,0.866359712001401,8.69442361037607e-12,6.11739645226061e-08,2.88556436427387e-10,TRUE
"Vitvi03g00755",58,0.478898349698169,0.00312849885508842,1,0.00423472834636439,FALSE
"Vitvi03g00780",1182,-0.645746403000758,2.10820008752169e-05,0.148332958158026,5.29571432195744e-05,FALSE
"Vitvi03g00781",138,-0.602084182241456,0.000102390038824264,0.720416313167522,0.000210401960621356,FALSE
"Vitvi03g00783",8,0.523350096871419,0.00105554908999627,1,0.00174339046882951,FALSE
"Vitvi03g00786",79,-0.854242196177249,3.44851741255845e-11,2.42637685147612e-07,7.42011269564575e-10,TRUE
"Vitvi03g00790",12,-0.478898349698169,0.00312849885508842,1,0.00423472834636439,FALSE
"Vitvi03g00792",1527,-0.401500636615636,0.0152203400780548,1,0.017965158998355,FALSE
"Vitvi03g00819",137,0.196822251635832,0.24991579263477,1,0.256364997372539,FALSE
"Vitvi03g00841",89,0.854242196177249,3.4485174125585e-11,2.42637685147616e-07,7.42011269564575e-10,TRUE
"Vitvi03g00842",138,-0.478898349698169,0.00312849885508842,1,0.00423472834636439,FALSE
"Vitvi03g00844",11,-0.478898349698169,0.00312849885508842,1,0.00423472834636439,FALSE
"Vitvi03g00849",307,0.565032847949674,0.00033017584284581,1,0.000607668645111984,FALSE
"Vitvi03g00851",1500,-0.39182592248032,0.0181099832764267,1,0.0210649433514528,FALSE
"Vitvi03g00860",60,0.820912582981568,8.7109943762826e-10,6.12905564315244e-06,1.15207812841211e-08,TRUE
"Vitvi03g00882",5,0.129149280600152,0.452832844807881,1,0.458172547608319,FALSE
"Vitvi03g00886",21,0.843394676225792,1.07010543191962e-10,7.52926181898647e-07,2.05156997792547e-09,TRUE
"Vitvi03g00936",155,-0.276402084648637,0.102710490153919,1,0.108705025379508,FALSE
"Vitvi03g00954",14,-0.737939074644656,2.81075640112032e-07,0.00197764820382825,1.20661879428203e-06,TRUE
"Vitvi03g00995",320,0.756862188803466,9.23484457088913e-08,0.000649763664007759,5.64030958340069e-07,TRUE
"Vitvi03g01011",32,0.715902697659865,9.17559108148806e-07,0.006455945884935,3.4122335544054e-06,TRUE
"Vitvi03g01016",214,-0.855663913087804,2.95293710251311e-11,2.07768654532823e-07,7.42011269564575e-10,TRUE
"Vitvi03g01020",369,-0.645746403000758,2.10820008752169e-05,0.148332958158026,5.29571432195744e-05,FALSE
"Vitvi03g01059",11,-0.255253678042923,0.132971373722395,1,0.139120681860338,FALSE
"Vitvi03g01066",11,-0.596032931351327,0.000125192354329375,0.88085340506148,0.000252538246863957,FALSE
"Vitvi03g01081",20,-0.478898349698169,0.00312849885508842,1,0.00423472834636439,FALSE
"Vitvi03g01084",26,-0.645746403000758,2.10820008752169e-05,0.148332958158026,5.29571432195744e-05,FALSE
"Vitvi03g01085",14,-0.725588629880729,5.53108756705168e-07,0.00389167321217756,2.16084020665051e-06,TRUE
"Vitvi03g01092",25,-0.478898349698169,0.00312849885508842,1,0.00423472834636439,FALSE
"Vitvi03g01111",991,-0.645746403000758,2.10820008752169e-05,0.148332958158026,5.29571432195744e-05,FALSE
"Vitvi03g01169",14,0.582933306486462,0.000190869311580326,1,0.000367270530032874,FALSE
"Vitvi03g01185",17,-0.527256387348032,0.000952572662228696,1,0.0015882054952389,FALSE
"Vitvi03g01196",1024,-0.645746403000758,2.10820008752169e-05,0.148332958158026,5.29571432195744e-05,FALSE
"Vitvi03g01198",14,0.816811769737353,1.23759826433005e-09,8.70774138782626e-06,1.26935005653447e-08,TRUE
"Vitvi03g01200",89,0.816908451014811,1.22751732525652e-09,8.63681190050484e-06,1.26935005653447e-08,TRUE
"Vitvi03g01213",14,-0.589733737477529,0.000153686635287772,1,0.00030451680255837,FALSE
"Vitvi03g01255",911,-0.745658102622111,1.80593701214531e-07,0.00127065728174544,8.18722475351442e-07,TRUE
"Vitvi03g01258",43,-0.844018020481216,1.00503238991128e-10,7.07140789541573e-07,1.95342759541871e-09,TRUE
"Vitvi03g01292",22,0.816811769737353,1.23759826433005e-09,8.70774138782626e-06,1.26935005653447e-08,TRUE
"Vitvi03g01300",1323,-0.478898349698169,0.00312849885508842,1,0.00423472834636439,FALSE
"Vitvi03g01302",1042,-0.596032931351327,0.000125192354329375,0.88085340506148,0.000252538246863957,FALSE
"Vitvi03g01303",132,-0.465036682702683,0.00426699202659308,1,0.00562852566537475,FALSE
"Vitvi03g01334",16,-0.0502247202333923,0.771130244351134,1,0.77421124418587,FALSE
"Vitvi03g01336",5,-0.466372402167214,0.00414355138051985,1,0.00548626787981514,FALSE
"Vitvi03g01337",72,-0.72713243547622,5.0924175338261e-07,0.00358302497680005,2.03812569783848e-06,TRUE
"Vitvi03g01346",60,0.62699469146265,4.27984998123573e-05,0.301130244679746,9.91212128636425e-05,FALSE
"Vitvi03g01347",702,-0.716412599866176,8.93892664680424e-07,0.00628942878869146,3.32950174096954e-06,TRUE
"Vitvi03g01348",600,-0.754920936195056,1.03991177471085e-07,0.000731681924686553,6.30760279902201e-07,TRUE
"Vitvi03g01349",88,-0.677265980755869,5.72224518451396e-06,0.0402617171182402,1.7081763732813e-05,TRUE
"Vitvi03g01350",897,-0.851038962054019,4.8626675898839e-11,3.42137291624231e-07,1.03053401091636e-09,TRUE
"Vitvi03g01351",24,-0.624221522900733,4.73386834040076e-05,0.333074976430597,0.000107478211174765,FALSE
"Vitvi03g01353",1012,-0.729160155023937,4.56480733012947e-07,0.00321179843747909,1.83636274298405e-06,TRUE
"Vitvi03g01356",668,-0.660833259378337,1.15095611028027e-05,0.0809812719193201,3.23020629913522e-05,FALSE
"Vitvi03g01357",32,-0.406088370810794,0.013991917943135,1,0.016774090074612,FALSE
"Vitvi03g01360",26,-0.246705210450572,0.146913319045593,1,0.15316078127201,FALSE
"Vitvi03g01361",10,-0.438837432972955,0.00741881767212038,1,0.00934792284044395,FALSE
"Vitvi03g01363",260,-0.716549480108078,8.87635667345322e-07,0.00624540455544168,3.32025760523215e-06,TRUE
"Vitvi03g01364",5,-0.411175350750953,0.0127285678576514,1,0.0152881876829012,FALSE
"Vitvi03g01367",32,-0.548144871783729,0.000538494258161644,1,0.000942498905578439,FALSE
"Vitvi03g01373",138,0.478898349698169,0.00312849885508842,1,0.00423472834636439,FALSE
"Vitvi03g01380",67,-0.56155809169443,0.000365919895004428,1,0.000668209805671206,FALSE
"Vitvi03g01388",1395,-0.69471251797091,2.59273082141354e-06,0.0182424540594657,8.36809819241548e-06,TRUE
"Vitvi03g01395",67,0.589483118918895,0.000154932061894313,1,0.000305265188319346,FALSE
"Vitvi03g01400",3,0.628781993513488,4.00851400439236e-05,0.282039045349047,9.30207933209257e-05,FALSE
"Vitvi03g01433",129,-0.799794857867825,4.8678475750908e-09,3.42501755383389e-05,4.06771680977901e-08,TRUE
"Vitvi03g01434",815,-0.517435182162141,0.00123020463625639,1,0.00201765030785547,FALSE
"Vitvi03g01449",37,0.420850064886269,0.010590608809886,1,0.0129098273711639,FALSE
"Vitvi03g01450",334,-0.723551230754522,6.16320832208703e-07,0.00433643337542043,2.38265570078046e-06,TRUE
"Vitvi03g01453",196,-0.740378003562767,2.44817524107697e-07,0.00172253609962176,1.07457024305787e-06,TRUE
"Vitvi03g01454",26,0.648595606426887,1.88524151872011e-05,0.132645593257147,5.1413020642305e-05,FALSE
"Vitvi03g01457",160,-0.581171762700682,0.000201731083518182,1,0.0003846558004428,FALSE
"Vitvi03g01458",260,-0.556734056756734,0.000421261179223091,1,0.000755542609486023,FALSE
"Vitvi03g01467",15,-0.839620214717407,1.55571305453463e-10,1.09459970517056e-06,2.89576641579518e-09,TRUE
"Vitvi03g01469",841,-0.353127065939054,0.0346365270501543,1,0.0385117895582942,FALSE
"Vitvi03g01470",312,-0.602696642800707,0.000100304716366618,0.705743984355526,0.00020739228535204,FALSE
"Vitvi03g01471",109,-0.420850064886269,0.010590608809886,1,0.0129098273711639,FALSE
"Vitvi03g01477",765,-0.82902360477862,4.23397938922474e-10,2.97902789825853e-06,6.54731406210665e-09,TRUE
"Vitvi03g01479",53,-0.200694727413819,0.240531540844746,1,0.247062762245786,FALSE
"Vitvi03g01490",3,-0.588346722734024,0.000160693769450826,1,0.000313631445729823,FALSE
"Vitvi03g01500",954,-0.411175350750953,0.0127285678576514,1,0.0152881876829012,FALSE
"Vitvi03g01520",25,-0.178982211503356,0.296273865831986,1,0.302332548222459,FALSE
"Vitvi03g01524",8,-0.299482369580731,0.0759872761553776,1,0.0813150532363858,FALSE
"Vitvi03g01531",17,0.448713941553192,0.00605256170021223,1,0.00774428516506515,FALSE
"Vitvi03g01537",19,0.816811769737353,1.23759826433005e-09,8.70774138782626e-06,1.26935005653447e-08,TRUE
"Vitvi03g01555",4,0.491235932432412,0.00234756968614635,1,0.00369932817731818,FALSE
"Vitvi03g01561",6,0.478898349698169,0.00312849885508842,1,0.00423472834636439,FALSE
"Vitvi03g01566",159,-0.527981513657892,0.000934466565928777,1,0.00155951298811074,FALSE
"Vitvi03g01567",138,-0.465036682702683,0.00426699202659308,1,0.00562852566537475,FALSE
"Vitvi03g01571",9,-0.48131095111189,0.00296009931910105,1,0.00423472834636439,FALSE
"Vitvi03g01572",57,0.590466754907496,0.000150095409507598,1,0.000298409522830025,FALSE
"Vitvi03g01573",294,0.602696642800707,0.000100304716366617,0.705743984355515,0.00020739228535204,FALSE
"Vitvi03g01592",10,-0.566821842633998,0.000313017471211837,1,0.0005779036807784,FALSE
"Vitvi03g01597",243,-0.266251643293716,0.116504813446792,1,0.122897731246121,FALSE
"Vitvi03g01613",170,-0.478898349698169,0.00312849885508842,1,0.00423472834636439,FALSE
"Vitvi03g01614",159,-0.478898349698169,0.00312849885508842,1,0.00423472834636439,FALSE
"Vitvi03g01615",22,-0.1018911693024,0.554310164147219,1,0.559238072116409,FALSE
"Vitvi03g01618",11,-0.466372402167214,0.00414355138051985,1,0.00548626787981514,FALSE
"Vitvi03g01621",112,0.00926283357294547,0.957240580843034,1,0.95805757138145,FALSE
"Vitvi03g01622",401,-0.758648637741976,8.27090710815397e-08,0.000581941024129714,5.17280910337523e-07,TRUE
"Vitvi03g01628",3,0.521806291275928,0.00109888106241935,1,0.00181155744029582,FALSE
"Vitvi03g01649",36,0.866359712001401,8.69442361037607e-12,6.11739645226061e-08,2.88556436427387e-10,TRUE
"Vitvi03g01651",5,0.398301843636655,0.0161294743669045,1,0.0190222899171204,FALSE
"Vitvi03g01654",7,0.401500636615636,0.0152203400780549,1,0.017965158998355,FALSE
"Vitvi03g01659",13,-0.669834357002478,7.89120547599315e-06,0.0555225217290878,2.28675954403162e-05,FALSE
"Vitvi03g01695",3,0.771433338085278,3.65240298083622e-08,0.000256983073731637,2.51205350666317e-07,TRUE
"Vitvi03g01703",256,0.624221522900733,4.73386834040072e-05,0.333074976430595,0.000107478211174765,FALSE
"Vitvi03g01723",3,-0.595521682767366,0.000127313692999972,0.895779143947803,0.000254410435656862,FALSE
"Vitvi03g01727",801,-0.77807802012742,2.3388390725782e-08,0.000164560717146602,1.67066717915332e-07,TRUE
"Vitvi03g01759",963,-0.824356049428621,6.44165101155286e-10,4.53234565172859e-06,8.88695225829135e-09,TRUE
"Vitvi03g01760",874,-0.814115601609632,1.55170655744904e-09,1.09178073382114e-05,1.51216168119272e-08,TRUE
"Vitvi03g01763",1179,-0.74411429702662,1.9754523623761e-07,0.00138992828216782,8.81934189192792e-07,TRUE
"Vitvi03g01769",23,-0.855663913087804,2.95293710251311e-11,2.07768654532823e-07,7.42011269564575e-10,TRUE
"Vitvi03g01770",53,0.478898349698169,0.00312849885508842,1,0.00423472834636439,FALSE
"Vitvi03g01801",234,-0.478898349698169,0.00312849885508842,1,0.00423472834636439,FALSE
"Vitvi03g01809",88,-0.866359712001401,8.69442361037601e-12,6.11739645226056e-08,2.88556436427387e-10,TRUE
"Vitvi03g01833",41,-0.779581348658144,2.11003152535974e-08,0.000148461818124312,1.52895796214533e-07,TRUE
"Vitvi03g01834",22,0.679162750202071,5.26386981005796e-06,0.0370365879835678,1.58887121336627e-05,TRUE
"Vitvi03g01839",72,0.854242196177249,3.4485174125585e-11,2.42637685147616e-07,7.42011269564575e-10,TRUE
"Vitvi03g01840",9,-0.449874207292219,0.00590725996608227,1,0.00756387281553318,FALSE
"Vitvi03g01841",22,0.294173361367012,0.0815930785914507,1,0.0869041630289808,FALSE
"Vitvi03g01849",223,-0.543634431891869,0.000610994698697925,1,0.00105263435358439,FALSE
"Vitvi03g01853",495,-0.523984994594573,0.00103817108302138,1,0.00172196410658615,FALSE
"Vitvi03g01872",25,-0.756614516614135,9.37637791162505e-08,0.000659721949861939,5.70693728254272e-07,TRUE
"Vitvi03g04020",79,-0.563283869189166,0.00034775734695725,1,0.000636033452870083,FALSE
"Vitvi03g04029",825,-0.819760771205674,9.62256253728296e-10,6.77043500123229e-06,1.23773948834228e-08,TRUE
"Vitvi03g04032",193,-0.596032931351327,0.000125192354329375,0.88085340506148,0.000252538246863957,FALSE
"Vitvi03g04033",149,-0.411175350750953,0.0127285678576514,1,0.0152881876829012,FALSE
"Vitvi03g04037",1505,-0.382151208345003,0.0214447164072558,1,0.0246423362145112,FALSE
"Vitvi03g04047",97,-0.750289519408583,1.37448227308175e-07,0.000967085727340323,6.46880085177473e-07,TRUE
"Vitvi03g04050",118,-0.750289519408583,1.37448227308175e-07,0.000967085727340323,6.46880085177473e-07,TRUE
"Vitvi03g04051",101,0.626444277196649,4.36669591247155e-05,0.307240724401498,0.000100800762598917,FALSE
"Vitvi03g04053",59,-0.624221522900733,4.73386834040076e-05,0.333074976430597,0.000107478211174765,FALSE
"Vitvi03g04055",57,0.465128924433771,0.00425836633714519,1,0.00562852566537475,FALSE
"Vitvi03g04064",17,-0.588427146082254,0.00016027977339872,1,0.000313631445729823,FALSE
"Vitvi03g04085",71,-0.438837432972955,0.00741881767212038,1,0.00934792284044395,FALSE
"Vitvi03g04087",228,-0.750289519408583,1.37448227308175e-07,0.000967085727340323,6.46880085177473e-07,TRUE
"Vitvi03g04088",54,0.631396482934074,3.63959573998373e-05,0.256081956265255,8.4907810432777e-05,FALSE
"Vitvi03g04090",6,-0.430524779021586,0.00876561976487687,1,0.0108621965979086,FALSE
"Vitvi03g04099",4,-0.628781993513488,4.00851400439236e-05,0.282039045349047,9.30207933209257e-05,FALSE
"Vitvi03g04111",8,0.36280178007437,0.0296534634974875,1,0.0332921284774729,FALSE
"Vitvi03g04143",39,0.750289519408583,1.37448227308174e-07,0.00096708572734031,6.46880085177473e-07,TRUE
"Vitvi03g04145",468,-0.538122002500631,0.00071128356377806,1,0.00121117888546525,FALSE
"Vitvi03g04147",55,-0.561529442963871,0.000366228411633447,1,0.000668599663791627,FALSE
"Vitvi03g04148",28,0.78614122014942,1.33370290085774e-08,9.38393361043503e-05,9.97229926719996e-08,TRUE
"Vitvi03g04159",10,-0.661343161584648,1.12698713596117e-05,0.0792948148862281,3.16419851900353e-05,FALSE
"Vitvi03g04160",3,-0.700574828840639,1.96254541153152e-06,0.0138084695155358,6.54740138242576e-06,TRUE
"Vitvi03g04163",13,0.65798725895509,1.29347424789738e-05,0.0910088480820596,3.60288393040619e-05,FALSE
"Vitvi03g04165",3,-0.478898349698169,0.00312849885508842,1,0.00423472834636439,FALSE
"Vitvi03g04196",124,-0.750289519408583,1.37448227308175e-07,0.000967085727340323,6.46880085177473e-07,TRUE
"Vitvi03g04197",3,-0.509455846512001,0.00150595314155585,1,0.00243007036715483,FALSE
"Vitvi03g04198",6,-0.756614516614135,9.37637791162505e-08,0.000659721949861939,5.70693728254272e-07,TRUE
"Vitvi03g04199",73,-0.478898349698169,0.00312849885508842,1,0.00423472834636439,FALSE
"Vitvi03g04210",18,0.478898349698169,0.00312849885508842,1,0.00423472834636439,FALSE
"Vitvi03g04223",7,-0.743071818302731,2.0980841983956e-07,0.00147621204199115,9.29019535551383e-07,TRUE
"Vitvi03g04225",3,0.0241867853382913,0.888644610531406,1,0.890543153354077,FALSE
"Vitvi03g04228",3,0.401500636615636,0.0152203400780549,1,0.017965158998355,FALSE
"Vitvi03g04245",11,0.480002757851978,0.00305040396206846,1,0.00423472834636439,FALSE
"Vitvi03g04246",12,0.77827403424317,2.30775712609656e-08,0.000162373791392154,1.65350093067368e-07,TRUE
"Vitvi03g04266",72,0.816908451014811,1.22751732525652e-09,8.63681190050484e-06,1.26935005653447e-08,TRUE
"Vitvi03g04267",16,0.719413407498765,7.65599059629689e-07,0.0053867549835545,2.89610482986801e-06,TRUE
"Vitvi03g04268",53,-0.854242196177249,3.44851741255845e-11,2.42637685147612e-07,7.42011269564575e-10,TRUE
"Vitvi03g04289",17,-0.559646882600657,0.000387017462770897,1,0.000700014104898731,FALSE
"Vitvi03g04291",106,-0.750289519408583,1.37448227308175e-07,0.000967085727340323,6.46880085177473e-07,TRUE
"Vitvi03g04295",22,-0.629625739172543,3.88591668087226e-05,0.273413097666172,9.03844950962553e-05,FALSE
"Vitvi03g04297",114,-0.582933306486462,0.000190869311580325,1,0.000367270530032874,FALSE
"Vitvi03g04302",33,0.353127065939054,0.0346365270501542,1,0.0385117895582942,FALSE
"Vitvi03g04364",68,0.45202248210053,0.00564613925901835,1,0.00730127473377194,FALSE
"Vitvi03g04369",21,-0.612608827303015,7.14674504849691e-05,0.502844981612243,0.000155438943311358,FALSE
"Vitvi03g04372",15,-0.502247202333923,0.00180036184177854,1,0.00287567444239588,FALSE
"Vitvi03g04393",74,0.673835331556645,6.64489620243652e-06,0.0467534896803434,1.95539480051624e-05,TRUE
"Vitvi03g04395",64,-0.478898349698169,0.00312849885508842,1,0.00423472834636439,FALSE
"Vitvi03g04396",63,-0.478898349698169,0.00312849885508842,1,0.00423472834636439,FALSE
"Vitvi03g04400",116,-0.750289519408583,1.37448227308175e-07,0.000967085727340323,6.46880085177473e-07,TRUE
"Vitvi03g04402",6,-0.470129834218231,0.00381275075167859,1,0.00511858696600088,FALSE
"Vitvi03g04404",9,-0.688537295588947,3.4525245843369e-06,0.0242919629753944,1.07964279890642e-05,TRUE
"Vitvi03g04405",3,-0.757204776371011,9.04231920805605e-08,0.000636217579478823,5.52752023873876e-07,TRUE
"Vitvi03g04422",148,0.694954026988668,2.56348604245255e-06,0.0180366877946961,8.35418610222145e-06,TRUE
"Vitvi03g04424",31,-0.854242196177249,3.44851741255845e-11,2.42637685147612e-07,7.42011269564575e-10,TRUE
"Vitvi03g04427",23,-0.458486870270251,0.00491945937882392,1,0.00637915889963234,FALSE
"Vitvi03g04434",10,-0.433179856000701,0.00831444509698427,1,0.0104353256693509,FALSE
"Vitvi03g04450",84,-0.750289519408583,1.37448227308175e-07,0.000967085727340323,6.46880085177473e-07,TRUE
"Vitvi03g04455",4,0.145117725976146,0.398411871806843,1,0.403923044673336,FALSE
"Vitvi03g04460",61,-0.502702548939085,0.00178037307621142,1,0.00285216415396711,FALSE
"Vitvi03g04462",33,0.773153810333675,3.25894936404591e-08,0.00022929967725427,2.27479838545903e-07,TRUE
"Vitvi03g04463",59,-0.738010125038231,2.79952995136733e-07,0.00196974927378205,1.20661879428203e-06,TRUE
"Vitvi03g04464",57,-0.748861888108077,1.49608710889654e-07,0.00105264688981961,7.02232748378656e-07,TRUE
"Vitvi03g04466",25,0.866359712001401,8.69442361037607e-12,6.11739645226061e-08,2.88556436427387e-10,TRUE
"Vitvi03g04508",401,-0.750289519408583,1.37448227308175e-07,0.000967085727340323,6.46880085177473e-07,TRUE
"Vitvi04g00005",16,0.602696642800707,0.000100304716366617,0.705743984355515,0.00020739228535204,FALSE
"Vitvi04g00017",74,-0.703365690607165,1.71488287988333e-06,0.0120659159428591,5.86863615897817e-06,TRUE
"Vitvi04g00021",259,-0.465067431979188,0.00426411492765172,1,0.00562852566537475,FALSE
"Vitvi04g00022",317,-0.509883020879,0.00148991971120471,1,0.00241212036079989,FALSE
"Vitvi04g00029",291,-0.594545972557979,0.000131452155197496,0.924897363969584,0.00026223344597947,FALSE
"Vitvi04g00034",209,-0.333167125729716,0.0470787392892433,1,0.0514836819457749,FALSE
"Vitvi04g00041",233,-0.416147681933822,0.011588218990186,1,0.0140771251407025,FALSE
"Vitvi04g00047",25,0.322873201500379,0.054773977481723,1,0.0594278651598154,FALSE
"Vitvi04g00049",5,0.692021082694147,2.93995527601393e-06,0.020685525322034,9.38970736361052e-06,TRUE
"Vitvi04g00060",78,-0.626159909349227,4.41218620418916e-05,0.31044142132675,0.00010181745533839,FALSE
"Vitvi04g00070",1585,-0.871125053513477,4.87284258467059e-12,3.42853204257422e-08,2.4665698148016e-10,TRUE
"Vitvi04g00072",43,0.548654773990039,0.000530799914907812,1,0.000929263050831393,FALSE
"Vitvi04g00078",36,-0.487897282267239,0.00253992909673463,1,0.0039792788075317,FALSE
"Vitvi04g00089",27,-0.275729352856521,0.103584434864025,1,0.109448878766072,FALSE
"Vitvi04g00091",10,0.571208070331638,0.00027427150802485,1,0.000512420162098472,FALSE
"Vitvi04g00095",243,-0.725588629880729,5.53108756705168e-07,0.00389167321217756,2.16084020665051e-06,TRUE
"Vitvi04g00099",60,0.750289519408583,1.37448227308174e-07,0.00096708572734031,6.46880085177473e-07,TRUE
"Vitvi04g00103",1389,-0.678679836599203,5.37727468533649e-06,0.0378345046860275,1.6079262509999e-05,TRUE
"Vitvi04g00104",435,-0.73824319276894,2.76299281077936e-07,0.00194404174166436,1.20661879428203e-06,TRUE
"Vitvi04g00107",8,-0.478898349698169,0.00312849885508842,1,0.00423472834636439,FALSE
"Vitvi04g00116",81,-0.333777637668421,0.0466511603903606,1,0.0510240268158833,FALSE
"Vitvi04g00118",37,-0.816811769737353,1.23759826433008e-09,8.70774138782648e-06,1.26935005653447e-08,TRUE
"Vitvi04g00121",38,-0.886455961409509,6.39596104105695e-13,4.50019818848767e-09,8.4308015208228e-11,TRUE
"Vitvi04g00133",230,-0.471586495135116,0.003690811552788,1,0.00495866910166438,FALSE
"Vitvi04g00145",391,-0.788676639701495,1.11223585755124e-08,7.82569149373052e-05,8.49695059036973e-08,TRUE
"Vitvi04g00147",4,0.478898349698169,0.00312849885508842,1,0.00423472834636439,FALSE
"Vitvi04g00153",19,-0.684798663074928,4.09247154000399e-06,0.0287946297554681,1.26736926740617e-05,TRUE
"Vitvi04g00155",552,-0.741026685835638,2.35927407095584e-07,0.00165998523632453,1.03878925927694e-06,TRUE
"Vitvi04g00156",75,0.510885369729709,0.00145288586363364,1,0.00235378884101457,FALSE
"Vitvi04g00157",5,0.337223121567062,0.0442962269402099,1,0.0487286198798181,FALSE
"Vitvi04g00159",5,-0.459548921427535,0.00480814938579871,1,0.00625788736190894,FALSE
"Vitvi04g00160",475,-0.731727210389712,3.96899963641177e-07,0.00279258814417932,1.612037906752e-06,TRUE
"Vitvi04g00164",1642,-0.816055112076351,1.31919139564028e-09,9.28183065972501e-06,1.32597580853217e-08,TRUE
"Vitvi04g00168",1080,-0.701115533676863,1.91214561505384e-06,0.0134538565475188,6.43417338475313e-06,TRUE
"Vitvi04g00171",393,-0.751595852101597,1.27126181928121e-07,0.000894459816046258,6.46880085177473e-07,TRUE
"Vitvi04g00173",11,0.314428209397787,0.0618077618339936,1,0.0666175570257321,FALSE
"Vitvi04g00178",930,-0.82902360477862,4.23397938922474e-10,2.97902789825853e-06,6.54731406210665e-09,TRUE
"Vitvi04g00182",1218,-0.871125053513477,4.87284258467059e-12,3.42853204257422e-08,2.4665698148016e-10,TRUE
"Vitvi04g00189",6,-0.571208070331638,0.00027427150802485,1,0.000512420162098472,FALSE
"Vitvi04g00190",35,0.778309556517049,2.30216542281964e-08,0.00016198035914959,1.65286080764888e-07,TRUE
"Vitvi04g00192",45,0.343452351803737,0.0402822983143647,1,0.0443754894222436,FALSE
"Vitvi04g00217",1153,-0.711313577803071,1.15795074343497e-06,0.00814734143080846,4.15892875487926e-06,TRUE
"Vitvi04g00224",1060,-0.750289519408583,1.37448227308175e-07,0.000967085727340323,6.46880085177473e-07,TRUE
"Vitvi04g00226",243,0.728620635782456,4.7000467466899e-07,0.00330695289097101,1.88860816160538e-06,TRUE
"Vitvi04g00241",3,0.509422162367264,0.00150722386046954,1,0.00243007036715483,FALSE
"Vitvi04g00250",51,-0.449874207292219,0.00590725996608227,1,0.00756387281553318,FALSE
"Vitvi04g00252",126,-0.875491595135099,2.808569499545e-12,1.97610949987986e-08,1.81294449530263e-10,TRUE
"Vitvi04g00254",43,0.295078781127154,0.080615036363119,1,0.0860317603292744,FALSE
"Vitvi04g00259",4,-0.169818615504,0.322091724033235,1,0.328107336079027,FALSE
"Vitvi04g00261",202,0.469223635562852,0.00389036020229627,1,0.00516366240018047,FALSE
"Vitvi04g00289",743,-0.884224678378342,8.74713631353133e-13,6.15448511020064e-09,8.4308015208228e-11,TRUE
"Vitvi04g00291",11,0.478898349698169,0.00312849885508842,1,0.00423472834636439,FALSE
"Vitvi04g00300",1055,-0.824392187992147,6.42105911361328e-10,4.51785719233831e-06,8.88695225829135e-09,TRUE
"Vitvi04g00307",1142,-0.824356049428621,6.44165101155286e-10,4.53234565172859e-06,8.88695225829135e-09,TRUE
"Vitvi04g00308",19,-0.420850064886269,0.010590608809886,1,0.0129098273711639,FALSE
"Vitvi04g00314",1193,-0.517435182162141,0.00123020463625639,1,0.00201765030785547,FALSE
"Vitvi04g00318",1179,-0.811197641171135,1.97404473660502e-09,1.38893787667529e-05,1.87072561573802e-08,TRUE
"Vitvi04g00342",122,-0.565032847949674,0.000330175842845806,1,0.000607668645111984,FALSE
"Vitvi04g00347",471,-0.704333281256375,1.6359408362812e-06,0.0115104797240745,5.65347727115644e-06,TRUE
"Vitvi04g00350",417,-0.709190752161591,1.28762150888163e-06,0.00905970493649117,4.58275195830359e-06,TRUE
"Vitvi04g00352",23,0.73002255645489,4.35604513480907e-07,0.00306491335685166,1.76245736449204e-06,TRUE
"Vitvi04g00357",820,-0.814115601609632,1.55170655744904e-09,1.09178073382114e-05,1.51216168119272e-08,TRUE
"Vitvi04g00359",547,0.694712517970911,2.59273082141354e-06,0.0182424540594657,8.36809819241548e-06,TRUE
"Vitvi04g00367",957,-0.706214555739967,1.4919087330318e-06,0.0104970698456117,5.17606994359553e-06,TRUE
"Vitvi04g00369",189,-0.36280178007437,0.0296534634974876,1,0.0332921284774729,FALSE
"Vitvi04g00390",858,-0.645746403000758,2.10820008752169e-05,0.148332958158026,5.29571432195744e-05,FALSE
"Vitvi04g00409",53,-0.624221522900733,4.73386834040076e-05,0.333074976430597,0.000107478211174765,FALSE
"Vitvi04g00433",82,-0.430524779021586,0.00876561976487687,1,0.0108621965979086,FALSE
"Vitvi04g00442",230,-0.745986927832182,1.77160876753437e-07,0.00124650392883718,8.08368306638897e-07,TRUE
"Vitvi04g00451",9,-0.208006353909306,0.223466571725695,1,0.229836397991813,FALSE
"Vitvi04g00461",233,-0.478898349698169,0.00312849885508842,1,0.00423472834636439,FALSE
"Vitvi04g00464",32,-0.445387245405387,0.00648632975622311,1,0.00828723736422476,FALSE
"Vitvi04g00471",1426,-0.353127065939054,0.0346365270501543,1,0.0385117895582942,FALSE
"Vitvi04g00477",17,-0.478898349698169,0.00312849885508842,1,0.00423472834636439,FALSE
"Vitvi04g00479",1584,-0.723551230754522,6.16320832208703e-07,0.00433643337542043,2.38265570078046e-06,TRUE
"Vitvi04g00486",80,-0.449874207292219,0.00590725996608227,1,0.00756387281553318,FALSE
"Vitvi04g00493",12,-0.514087263298474,0.00133995211761684,1,0.00218087048335694,FALSE
"Vitvi04g00501",1047,-0.700887740352874,1.93323218581868e-06,0.0136022216594202,6.46493424877393e-06,TRUE
"Vitvi04g00507",1009,-0.420850064886269,0.010590608809886,1,0.0129098273711639,FALSE
"Vitvi04g00508",172,-0.478898349698169,0.00312849885508842,1,0.00423472834636439,FALSE
"Vitvi04g00509",147,-0.478898349698169,0.00312849885508842,1,0.00423472834636439,FALSE
"Vitvi04g00510",178,-0.176880462327993,0.302075048990766,1,0.308162975887927,FALSE
"Vitvi04g00511",32,-0.478898349698169,0.00312849885508842,1,0.00423472834636439,FALSE
"Vitvi04g00512",89,0.720382602476694,7.27925607343024e-07,0.00512168457326552,2.77297486370632e-06,TRUE
"Vitvi04g00517",1507,-0.710284805204577,1.21921671985295e-06,0.00857840884088538,4.3589475817507e-06,TRUE
"Vitvi04g00524",25,-0.36280178007437,0.0296534634974876,1,0.0332921284774729,FALSE
"Vitvi04g00531",429,-0.478898349698169,0.00312849885508842,1,0.00423472834636439,FALSE
"Vitvi04g00538",512,-0.798754929881148,5.27034919958902e-09,3.70821769683084e-05,4.29689188508788e-08,TRUE
"Vitvi04g00546",52,-0.440199493156902,0.00721598030084795,1,0.0091021221579,FALSE
"Vitvi04g00564",14,-0.401500636615636,0.0152203400780548,1,0.017965158998355,FALSE
"Vitvi04g00567",103,0.589483118918895,0.000154932061894313,1,0.000305265188319346,FALSE
"Vitvi04g00586",194,-0.440199493156902,0.00721598030084795,1,0.0091021221579,FALSE
"Vitvi04g00594",5,-0.36280178007437,0.0296534634974876,1,0.0332921284774729,FALSE
"Vitvi04g00600",1824,-0.764183769768002,5.84225956778788e-08,0.000411061383189555,3.81318537281591e-07,TRUE
"Vitvi04g00602",137,-0.466372402167214,0.00414355138051985,1,0.00548626787981514,FALSE
"Vitvi04g00625",16,0.596032931351327,0.000125192354329375,0.88085340506148,0.000252538246863957,FALSE
"Vitvi04g00632",346,-0.478898349698169,0.00312849885508842,1,0.00423472834636439,FALSE
"Vitvi04g00633",231,0.459548921427535,0.00480814938579871,1,0.00625788736190894,FALSE
"Vitvi04g00641",306,-0.757204776371011,9.04231920805605e-08,0.000636217579478823,5.52752023873876e-07,TRUE
"Vitvi04g00644",100,0.556181543507072,0.000428053047698302,1,0.000767332800918536,FALSE
"Vitvi04g00646",56,-0.854242196177249,3.44851741255845e-11,2.42637685147612e-07,7.42011269564575e-10,TRUE
"Vitvi04g00664",12,-0.440199493156902,0.00721598030084795,1,0.0091021221579,FALSE
"Vitvi04g00670",15,-0.628781993513488,4.00851400439236e-05,0.282039045349047,9.30207933209257e-05,FALSE
"Vitvi04g00712",16,0.16502408076686,0.336141768180344,1,0.341825911391372,FALSE
"Vitvi04g00728",28,0.478898349698169,0.00312849885508842,1,0.00423472834636439,FALSE
"Vitvi04g00735",1683,-0.875491595135099,2.808569499545e-12,1.97610949987986e-08,1.81294449530263e-10,TRUE
"Vitvi04g00747",5,0.645746403000758,2.10820008752171e-05,0.148332958158028,5.29571432195744e-05,FALSE
"Vitvi04g00756",95,-0.449874207292219,0.00590725996608227,1,0.00756387281553318,FALSE
"Vitvi04g00761",121,-0.227355782179939,0.182356808244462,1,0.188852296556967,FALSE
"Vitvi04g00781",623,0.420850064886269,0.010590608809886,1,0.0129098273711639,FALSE
"Vitvi04g00817",42,-0.816811769737353,1.23759826433008e-09,8.70774138782648e-06,1.26935005653447e-08,TRUE
"Vitvi04g00827",29,0.528816597633535,0.00091399243074698,1,0.00152824399779842,FALSE
"Vitvi04g00831",1190,-0.705704653533657,1.52975247183855e-06,0.010763338391856,5.30213713884533e-06,TRUE
"Vitvi04g00836",1543,-0.701115533676863,1.91214561505384e-06,0.0134538565475188,6.43417338475313e-06,TRUE
"Vitvi04g00837",905,-0.478898349698169,0.00312849885508842,1,0.00423472834636439,FALSE
"Vitvi04g00838",114,-0.803875153790643,3.54813370040871e-09,2.49646687160757e-05,3.09735343871906e-08,TRUE
"Vitvi04g00845",4,-0.00483735706765827,0.97766219032354,1,0.978218312161039,FALSE
"Vitvi04g00870",3,0.478898349698169,0.00312849885508842,1,0.00423472834636439,FALSE
"Vitvi04g00890",11,-0.478898349698169,0.00312849885508842,1,0.00423472834636439,FALSE
"Vitvi04g00932",1520,-0.871125053513477,4.87284258467059e-12,3.42853204257422e-08,2.4665698148016e-10,TRUE
"Vitvi04g00958",18,0.36068003838595,0.0306925545312008,1,0.0344422350369264,FALSE
"Vitvi04g00960",18,-0.308523281433695,0.0671364837598805,1,0.072272383680312,FALSE
"Vitvi04g00991",998,-0.689897685138033,3.24336512260011e-06,0.0228203170026144,1.02287391316067e-05,TRUE
"Vitvi04g01007",1340,-0.556734056756734,0.000421261179223091,1,0.000755542609486023,FALSE
"Vitvi04g01014",61,0.411175350750953,0.0127285678576514,1,0.0152881876829012,FALSE
"Vitvi04g01092",79,-0.556734056756734,0.000421261179223091,1,0.000755542609486023,FALSE
"Vitvi04g01093",684,-0.829476273338115,4.06241215706204e-10,2.85831319370885e-06,6.54731406210665e-09,TRUE
"Vitvi04g01095",6,-0.478898349698169,0.00312849885508842,1,0.00423472834636439,FALSE
"Vitvi04g01100",24,0.39182592248032,0.0181099832764267,1,0.0210649433514528,FALSE
"Vitvi04g01105",52,-0.609871602834049,7.8569440725387e-05,0.552814584943823,0.000168028749223046,FALSE
"Vitvi04g01126",71,0.478898349698169,0.00312849885508842,1,0.00423472834636439,FALSE
"Vitvi04g01136",419,0.53094704246729,0.000863545476365851,1,0.00145252354093,FALSE
"Vitvi04g01151",17,-0.637887660094367,2.85281330103806e-05,0.200723943861038,6.88353716944574e-05,FALSE
"Vitvi04g01155",1540,-0.582933306486462,0.000190869311580325,1,0.000367270530032874,FALSE
"Vitvi04g01156",648,-0.343452351803737,0.0402822983143647,1,0.0443754894222436,FALSE
"Vitvi04g01163",66,-0.734919476711221,3.32800881439018e-07,0.00234158700180493,1.40130879820762e-06,TRUE
"Vitvi04g01165",235,-0.617046562867391,6.11763032283906e-05,0.430436469514956,0.000134890777033831,FALSE
"Vitvi04g01172",622,-0.382151208345003,0.0214447164072558,1,0.0246423362145112,FALSE
"Vitvi04g01185",33,0.420850064886269,0.010590608809886,1,0.0129098273711639,FALSE
"Vitvi04g01198",387,-0.767480403024187,4.72843186709917e-08,0.000332692466169098,3.16322817201682e-07,TRUE
"Vitvi04g01202",40,0.463731477924792,0.00439067502901327,1,0.00578950328038556,FALSE
"Vitvi04g01206",658,-0.645746403000758,2.10820008752169e-05,0.148332958158026,5.29571432195744e-05,FALSE
"Vitvi04g01220",160,-0.478898349698169,0.00312849885508842,1,0.00423472834636439,FALSE
"Vitvi04g01221",14,-0.658986837051021,1.24168566581515e-05,0.087365003446754,3.46824150245153e-05,FALSE
"Vitvi04g01222",464,-0.502247202333923,0.00180036184177854,1,0.00287567444239588,FALSE
"Vitvi04g01227",1515,-0.819760771205674,9.62256253728296e-10,6.77043500123229e-06,1.23773948834228e-08,TRUE
"Vitvi04g01233",46,0.810756052907024,2.04654995415464e-09,1.4399525477432e-05,1.90722191754066e-08,TRUE
"Vitvi04g01244",131,-0.638571442967416,2.77964224488528e-05,0.195575628350128,6.71158642244777e-05,FALSE
"Vitvi04g01247",13,0.478898349698169,0.00312849885508842,1,0.00423472834636439,FALSE
"Vitvi04g01248",3,0.478898349698169,0.00312849885508842,1,0.00423472834636439,FALSE
"Vitvi04g01254",30,0.816811769737353,1.23759826433005e-09,8.70774138782626e-06,1.26935005653447e-08,TRUE
"Vitvi04g01263",386,0.169307497368039,0.323571829826417,1,0.32923375193907,FALSE
"Vitvi04g01264",25,0.459548921427535,0.00480814938579871,1,0.00625788736190894,FALSE
"Vitvi04g01265",737,-0.401500636615636,0.0152203400780548,1,0.017965158998355,FALSE
"Vitvi04g01274",1226,-0.57399680266734,0.000251925466762095,1,0.000472049955829054,FALSE
"Vitvi04g01278",1219,-0.696016511613758,2.43837926334964e-06,0.0171564364969281,8.00206926162689e-06,TRUE
"Vitvi04g01287",74,0.624221522900733,4.73386834040072e-05,0.333074976430595,0.000107478211174765,FALSE
"Vitvi04g01293",3,-0.547634969577418,0.000546287609716421,1,0.000955901423020328,FALSE
"Vitvi04g01300",1456,-0.723551230754522,6.16320832208703e-07,0.00433643337542043,2.38265570078046e-06,TRUE
"Vitvi04g01306",327,-0.537084619459437,0.000731709404133355,1,0.00124115413873729,FALSE
"Vitvi04g01309",211,-0.645026290982713,2.1682165883838e-05,0.152555719158684,5.41169631637767e-05,FALSE
"Vitvi04g01317",1019,-0.803875153790643,3.54813370040871e-09,2.49646687160757e-05,3.09735343871906e-08,TRUE
"Vitvi04g01319",30,0.816811769737353,1.23759826433005e-09,8.70774138782626e-06,1.26935005653447e-08,TRUE
"Vitvi04g01325",44,0.816811769737353,1.23759826433005e-09,8.70774138782626e-06,1.26935005653447e-08,TRUE
"Vitvi04g01337",14,-0.28361519782547,0.0936884845412919,1,0.0993058417042075,FALSE
"Vitvi04g01338",3,-0.478898349698169,0.00312849885508842,1,0.00423472834636439,FALSE
"Vitvi04g01349",6,-0.816811769737353,1.23759826433008e-09,8.70774138782648e-06,1.26935005653447e-08,TRUE
"Vitvi04g01353",30,0.816811769737353,1.23759826433005e-09,8.70774138782626e-06,1.26935005653447e-08,TRUE
"Vitvi04g01357",16,-0.645310738915201,2.14432683486358e-05,0.150874836101001,5.36539246447374e-05,FALSE
"Vitvi04g01375",41,0.816811769737353,1.23759826433005e-09,8.70774138782626e-06,1.26935005653447e-08,TRUE
"Vitvi04g01378",20,-0.645746403000758,2.10820008752169e-05,0.148332958158026,5.29571432195744e-05,FALSE
"Vitvi04g01382",225,0.581171762700682,0.000201731083518181,1,0.0003846558004428,FALSE
"Vitvi04g01389",1544,-0.884224678378342,8.74713631353133e-13,6.15448511020064e-09,8.4308015208228e-11,TRUE
"Vitvi04g01390",3,-0.516597122400606,0.00125690591977388,1,0.00205282963127414,FALSE
"Vitvi04g01392",444,-0.430524779021586,0.00876561976487687,1,0.0108621965979086,FALSE
"Vitvi04g01402",5,0.251123601166961,0.139579734523285,1,0.14586113353718,FALSE
"Vitvi04g01407",334,-0.430524779021586,0.00876561976487687,1,0.0108621965979086,FALSE
"Vitvi04g01408",77,-0.602084182241456,0.000102390038824264,0.720416313167522,0.000210401960621356,FALSE
"Vitvi04g01412",228,0.701115533676863,1.9121456150538e-06,0.0134538565475186,6.43417338475313e-06,TRUE
"Vitvi04g01424",1095,-0.824356049428621,6.44165101155286e-10,4.53234565172859e-06,8.88695225829135e-09,TRUE
"Vitvi04g01425",1318,-0.582933306486462,0.000190869311580325,1,0.000367270530032874,FALSE
"Vitvi04g01426",954,-0.497785744864844,0.00200686623174574,1,0.00318670972840512,FALSE
"Vitvi04g01430",1415,-0.478898349698169,0.00312849885508842,1,0.00423472834636439,FALSE
"Vitvi04g01453",326,-0.503280624130037,0.00175527745304602,1,0.0028130953430716,FALSE
"Vitvi04g01454",510,-0.599325477318007,0.000112275268449246,0.789968788808894,0.000229775680281819,FALSE
"Vitvi04g01466",135,0.850316013631005,5.24901265229646e-11,3.69320530215579e-07,1.08944109208135e-09,TRUE
"Vitvi04g01468",57,-0.469223635562852,0.00389036020229628,1,0.00516366240018047,FALSE
"Vitvi04g01470",185,0.716831347329236,8.74877563158911e-07,0.0061556385343861,3.27601837913044e-06,TRUE
"Vitvi04g01471",6,-0.645746403000758,2.10820008752169e-05,0.148332958158026,5.29571432195744e-05,FALSE
"Vitvi04g01475",904,-0.824392187992147,6.42105911361328e-10,4.51785719233831e-06,8.88695225829135e-09,TRUE
"Vitvi04g01481",1485,-0.884224678378342,8.74713631353133e-13,6.15448511020064e-09,8.4308015208228e-11,TRUE
"Vitvi04g01483",9,0.39182592248032,0.0181099832764267,1,0.0210649433514528,FALSE
"Vitvi04g01486",454,-0.449874207292219,0.00590725996608227,1,0.00756387281553318,FALSE
"Vitvi04g01500",513,0.538122002500631,0.00071128356377806,1,0.00121117888546525,FALSE
"Vitvi04g01503",467,-0.624221522900733,4.73386834040076e-05,0.333074976430597,0.000107478211174765,FALSE
"Vitvi04g01511",27,-0.588346722734024,0.000160693769450826,1,0.000313631445729823,FALSE
"Vitvi04g01540",236,0.401500636615636,0.0152203400780549,1,0.017965158998355,FALSE
"Vitvi04g01550",799,0.858013524145033,2.27675679290711e-11,1.60192607948944e-07,6.70261957945372e-10,TRUE
"Vitvi04g01555",59,-0.805467161824335,3.13002579938549e-09,2.20228615244763e-05,2.78218767073941e-08,TRUE
"Vitvi04g01575",5,0.411175350750953,0.0127285678576514,1,0.0152881876829012,FALSE
"Vitvi04g01576",21,-0.823576516347011,6.90105235035939e-10,4.85558043371287e-06,9.41003960021873e-09,TRUE
"Vitvi04g01579",158,0.353127065939054,0.0346365270501542,1,0.0385117895582942,FALSE
"Vitvi04g01585",314,-0.811139465780844,1.98345837029642e-09,1.39556130934056e-05,1.87072561573802e-08,TRUE
"Vitvi04g01596",335,-0.620993213607731,5.31697610018876e-05,0.374102438409281,0.000119445222991469,FALSE
"Vitvi04g01624",265,-0.426278244475532,0.009530611444583,1,0.0117934192972364,FALSE
"Vitvi04g01625",41,0.528768587943932,0.000915158666668094,1,0.00152910386575082,FALSE
"Vitvi04g01626",53,0.701470675600752,1.87969052288907e-06,0.0132255025190475,6.39840470200656e-06,TRUE
"Vitvi04g01635",339,-0.593945973501367,0.000134056706039763,0.943222983695771,0.000267353453428507,FALSE
"Vitvi04g01636",285,-0.686348778737637,3.81502240835494e-06,0.0268424976651854,1.18824690859608e-05,TRUE
"Vitvi04g01643",972,-0.822219787351317,7.77392751568902e-10,5.46973540003879e-06,1.05593347491096e-08,TRUE
"Vitvi04g01654",140,0.237030496315255,0.163946637501507,1,0.170438614282004,FALSE
"Vitvi04g01655",86,0.478898349698169,0.00312849885508842,1,0.00423472834636439,FALSE
"Vitvi04g01657",1092,-0.530534807027005,0.000873110001630482,1,0.00146231896488266,FALSE
"Vitvi04g01666",260,-0.484754956984147,0.00273340432550801,1,0.00423472834636439,FALSE
"Vitvi04g01674",11,-0.0717496003334175,0.677526151858529,1,0.681594796179098,FALSE
"Vitvi04g01685",405,0.701580119190414,1.86979108701368e-06,0.0131558500882282,6.3801406829429e-06,TRUE
"Vitvi04g01689",30,-0.638571442967416,2.77964224488528e-05,0.195575628350128,6.71158642244777e-05,FALSE
"Vitvi04g01695",418,-0.478898349698169,0.00312849885508842,1,0.00423472834636439,FALSE
"Vitvi04g01696",299,0.867494336566525,7.59013278498443e-12,5.34041742751505e-08,2.88556436427387e-10,TRUE
"Vitvi04g01700",187,-0.343452351803737,0.0402822983143647,1,0.0443754894222436,FALSE
"Vitvi04g01702",115,0.333777637668421,0.0466511603903606,1,0.0510240268158833,FALSE
"Vitvi04g01714",136,0.648398350106183,1.89995765720117e-05,0.133681020760674,5.16941302245453e-05,FALSE
"Vitvi04g01715",44,-0.478898349698169,0.00312849885508842,1,0.00423472834636439,FALSE
"Vitvi04g01720",67,0.602582743783759,0.000100689603007755,0.708452046762564,0.00020739228535204,FALSE
"Vitvi04g01728",58,0.459548921427535,0.00480814938579871,1,0.00625788736190894,FALSE
"Vitvi04g01733",1664,-0.372476494209687,0.0252748166470032,1,0.0287152607667228,FALSE
"Vitvi04g01740",15,-0.866758511891856,8.29025229610732e-12,5.83302151554111e-08,2.88556436427387e-10,TRUE
"Vitvi04g01743",80,-0.256379924585888,0.131210130347675,1,0.137380130524738,FALSE
"Vitvi04g01781",1474,-0.786652582458707,1.28599367880675e-08,9.04825152408429e-05,9.65661848888398e-08,TRUE
"Vitvi04g01792",41,0.713238185116801,1.05085825073372e-06,0.00739383865216244,3.82772193350016e-06,TRUE
"Vitvi04g01808",1246,-0.701115533676863,1.91214561505384e-06,0.0134538565475188,6.43417338475313e-06,TRUE
"Vitvi04g01813",3,0.420850064886269,0.010590608809886,1,0.0129098273711639,FALSE
"Vitvi04g01826",73,-0.458486870270251,0.00491945937882392,1,0.00637915889963234,FALSE
"Vitvi04g01836",755,0.478898349698169,0.00312849885508842,1,0.00423472834636439,FALSE
"Vitvi04g01873",3,-0.440199493156902,0.00721598030084795,1,0.0091021221579,FALSE
"Vitvi04g01877",14,0.324102923533104,0.0538052002373616,1,0.0584218192700735,FALSE
"Vitvi04g01887",309,0.816275876347149,1.29488393267205e-09,9.11080335028055e-06,1.31279587179835e-08,TRUE
"Vitvi04g01888",22,-0.449874207292219,0.00590725996608227,1,0.00756387281553318,FALSE
"Vitvi04g01895",3,-0.478898349698169,0.00312849885508842,1,0.00423472834636439,FALSE
"Vitvi04g01903",31,0.695506609407448,2.49770503451919e-06,0.017573852622877,8.1587059530534e-06,TRUE
"Vitvi04g01906",250,0.645310738915201,2.14432683486358e-05,0.150874836101001,5.36539246447374e-05,FALSE
"Vitvi04g01909",41,-0.617046562867391,6.11763032283906e-05,0.430436469514956,0.000134890777033831,FALSE
"Vitvi04g01918",33,0.624221522900733,4.73386834040072e-05,0.333074976430595,0.000107478211174765,FALSE
"Vitvi04g01920",62,-0.713238185116801,1.05085825073373e-06,0.00739383865216252,3.82772193350016e-06,TRUE
"Vitvi04g01934",615,-0.582933306486462,0.000190869311580325,1,0.000367270530032874,FALSE
"Vitvi04g01935",6,-0.645746403000758,2.10820008752169e-05,0.148332958158026,5.29571432195744e-05,FALSE
"Vitvi04g01937",12,-0.552682403185747,0.000473378889663964,1,0.000841064698064083,FALSE
"Vitvi04g01941",101,-0.377972985626722,0.0230350028031709,1,0.0264169813181793,FALSE
"Vitvi04g01955",4,0.57399680266734,0.000251925466762095,1,0.000472049955829054,FALSE
"Vitvi04g01980",38,0.657601168216189,1.31399847653192e-05,0.0924529328087862,3.6413128321696e-05,FALSE
"Vitvi04g02010",162,-0.478898349698169,0.00312849885508842,1,0.00423472834636439,FALSE
"Vitvi04g02017",5,0.217681068044622,0.202185093959943,1,0.208619199457715,FALSE
"Vitvi04g02054",178,-0.53094704246729,0.000863545476365859,1,0.00145252354093,FALSE
"Vitvi04g02062",216,-0.596032931351327,0.000125192354329375,0.88085340506148,0.000252538246863957,FALSE
"Vitvi04g02063",161,-0.372476494209687,0.0252748166470032,1,0.0287152607667228,FALSE
"Vitvi04g02064",25,-0.401500636615636,0.0152203400780548,1,0.017965158998355,FALSE
"Vitvi04g02065",240,-0.430524779021586,0.00876561976487687,1,0.0108621965979086,FALSE
"Vitvi04g02069",100,-0.454322865822607,0.00537760984106566,1,0.00696939820256732,FALSE
"Vitvi04g02070",145,-0.39182592248032,0.0181099832764267,1,0.0210649433514528,FALSE
"Vitvi04g02071",450,-0.596032931351327,0.000125192354329375,0.88085340506148,0.000252538246863957,FALSE
"Vitvi04g02072",52,0.726610643992385,5.23697027742696e-07,0.00368473228719761,2.07707569740564e-06,TRUE
"Vitvi04g02073",19,-0.816811769737353,1.23759826433008e-09,8.70774138782648e-06,1.26935005653447e-08,TRUE
"Vitvi04g02090",5,0.516597122400606,0.00125690591977388,1,0.00205282963127414,FALSE
"Vitvi04g02114",25,0.837939337189154,1.83215111717502e-10,1.28910152604434e-06,3.33101169520502e-09,TRUE
"Vitvi04g02150",633,-0.563283869189166,0.00034775734695725,1,0.000636033452870083,FALSE
"Vitvi04g02157",9,0.324102923533104,0.0538052002373616,1,0.0584218192700735,FALSE
"Vitvi04g02166",1038,-0.478898349698169,0.00312849885508842,1,0.00423472834636439,FALSE
"Vitvi04g02184",312,-0.794122553911316,7.46691027916994e-09,5.25371807242397e-05,5.88981846684301e-08,TRUE
"Vitvi04g02190",482,0.478898349698169,0.00312849885508842,1,0.00423472834636439,FALSE
"Vitvi04g02201",368,-0.478898349698169,0.00312849885508842,1,0.00423472834636439,FALSE
"Vitvi04g02205",3,-0.566821842633998,0.000313017471211837,1,0.0005779036807784,FALSE
"Vitvi04g02211",30,-0.546507180803783,0.00056388190945942,1,0.000984728993535984,FALSE
"Vitvi04g02226",31,-0.874344762938948,3.25230629616806e-12,2.28832270998385e-08,1.92296026049063e-10,TRUE
"Vitvi04g02232",816,-0.750289519408583,1.37448227308175e-07,0.000967085727340323,6.46880085177473e-07,TRUE
"Vitvi04g02242",113,-0.617046562867391,6.11763032283906e-05,0.430436469514956,0.000134890777033831,FALSE
"Vitvi04g02243",89,-0.617046562867391,6.11763032283906e-05,0.430436469514956,0.000134890777033831,FALSE
"Vitvi04g02246",4,-0.725588629880729,5.53108756705168e-07,0.00389167321217756,2.16084020665051e-06,TRUE
"Vitvi04g02247",538,-0.589483118918895,0.000154932061894313,1,0.000305265188319346,FALSE
"Vitvi04g02248",607,-0.701470675600752,1.87969052288908e-06,0.0132255025190476,6.39840470200656e-06,TRUE
"Vitvi04g02306",11,-0.571208070331638,0.00027427150802485,1,0.000512420162098472,FALSE
"Vitvi04g04001",42,0.734919476711221,3.32800881439019e-07,0.00234158700180494,1.40130879820762e-06,TRUE
"Vitvi04g04006",58,-0.750289519408583,1.37448227308175e-07,0.000967085727340323,6.46880085177473e-07,TRUE
"Vitvi04g04007",56,0.854242196177249,3.4485174125585e-11,2.42637685147616e-07,7.42011269564575e-10,TRUE
"Vitvi04g04009",87,0.799794857867825,4.86784757509085e-09,3.42501755383392e-05,4.06771680977901e-08,TRUE
"Vitvi04g04010",52,-0.778309556517049,2.30216542281962e-08,0.000161980359149588,1.65286080764888e-07,TRUE
"Vitvi04g04011",60,-0.785585521852721,1.38740298314604e-08,9.76176738941552e-05,1.03408552853978e-07,TRUE
"Vitvi04g04012",61,-0.750289519408583,1.37448227308175e-07,0.000967085727340323,6.46880085177473e-07,TRUE
"Vitvi04g04013",196,-0.680818267611492,4.89147072878272e-06,0.0344163880477152,1.49027485470856e-05,TRUE
"Vitvi04g04014",27,-0.816811769737353,1.23759826433008e-09,8.70774138782648e-06,1.26935005653447e-08,TRUE
"Vitvi04g04015",64,-0.478898349698169,0.00312849885508842,1,0.00423472834636439,FALSE
"Vitvi04g04017",7,-0.624221522900733,4.73386834040076e-05,0.333074976430597,0.000107478211174765,FALSE
"Vitvi04g04018",58,-0.828419583471447,4.47341341951378e-10,3.1474936819699e-06,6.82753510188698e-09,TRUE
"Vitvi04g04019",58,-0.478898349698169,0.00312849885508842,1,0.00423472834636439,FALSE
"Vitvi04g04027",5,-0.736395269049165,3.06516025902312e-07,0.00215664675824867,1.29840262387036e-06,TRUE
"Vitvi04g04028",25,0.478898349698169,0.00312849885508842,1,0.00423472834636439,FALSE
"Vitvi04g04029",15,0.816811769737353,1.23759826433005e-09,8.70774138782626e-06,1.26935005653447e-08,TRUE
"Vitvi04g04030",21,0.816811769737353,1.23759826433005e-09,8.70774138782626e-06,1.26935005653447e-08,TRUE
"Vitvi04g04041",5,0.57399680266734,0.000251925466762095,1,0.000472049955829054,FALSE
"Vitvi04g04045",96,-0.595908959859492,0.00012570381227052,0.884452023135379,0.000252989709134834,FALSE
"Vitvi04g04055",93,-0.57638349405403,0.000234110207241294,1,0.000441017247161913,FALSE
"Vitvi04g04075",459,0.680989779962774,4.85429917249668e-06,0.0341548489776866,1.48305900901809e-05,TRUE
"Vitvi04g04079",20,-0.628199518174469,4.09518004842468e-05,0.28813686820716,9.49693039575347e-05,FALSE
"Vitvi04g04080",471,-0.704333281256375,1.6359408362812e-06,0.0115104797240745,5.65347727115644e-06,TRUE
"Vitvi04g04083",287,-0.694618339445942,2.6042175929932e-06,0.0183232749843001,8.40131819546086e-06,TRUE
"Vitvi04g04087",143,0.484754956984147,0.00273340432550801,1,0.00423472834636439,FALSE
"Vitvi04g04105",159,-0.412638183243226,0.0123836432952852,1,0.0150200507198116,FALSE
"Vitvi04g04149",6,-0.478898349698169,0.00312849885508842,1,0.00423472834636439,FALSE
"Vitvi04g04155",11,0.552682403185747,0.000473378889663964,1,0.000841064698064083,FALSE
"Vitvi04g04166",65,-0.74411429702662,1.9754523623761e-07,0.00138992828216782,8.81934189192792e-07,TRUE
"Vitvi04g04175",53,-0.280972618379346,0.0969204677522769,1,0.102700664323045,FALSE
"Vitvi04g04180",295,-0.645746403000758,2.10820008752169e-05,0.148332958158026,5.29571432195744e-05,FALSE
"Vitvi04g04191",46,-0.750289519408583,1.37448227308175e-07,0.000967085727340323,6.46880085177473e-07,TRUE
"Vitvi04g04209",808,-0.523772082433948,0.00104397040540408,1,0.00172629277847782,FALSE
"Vitvi04g04218",18,-0.892442489157479,2.67099144709296e-13,1.8793095821746e-09,7.51723832869841e-11,TRUE
"Vitvi04g04229",84,-0.609132556216191,8.05930710257105e-05,0.567052847736899,0.000170696221474082,FALSE
"Vitvi04g04232",67,-0.750289519408583,1.37448227308175e-07,0.000967085727340323,6.46880085177473e-07,TRUE
"Vitvi04g04237",1097,-0.750289519408583,1.37448227308175e-07,0.000967085727340323,6.46880085177473e-07,TRUE
"Vitvi04g04291",6,-0.67618685082502,5.99900909659352e-06,0.042209028003632,1.77797085103761e-05,TRUE
"Vitvi04g04295",9,-0.188656925638672,0.270494358476957,1,0.277110993920191,FALSE
"Vitvi04g04296",54,-0.816811769737353,1.23759826433008e-09,8.70774138782648e-06,1.26935005653447e-08,TRUE
"Vitvi04g04301",44,0.343452351803737,0.0402822983143647,1,0.0443754894222436,FALSE
"Vitvi04g04306",22,-0.487897282267239,0.00253992909673463,1,0.0039792788075317,FALSE
"Vitvi04g04312",173,-0.743828891579298,2.00835219274744e-07,0.0014130766028171,8.95485806601458e-07,TRUE
"Vitvi04g04314",10,-0.460054067456292,0.00475597470295148,1,0.00625788736190894,FALSE
"Vitvi04g04329",6,-0.478898349698169,0.00312849885508842,1,0.00423472834636439,FALSE
"Vitvi04g04332",27,-0.816811769737353,1.23759826433008e-09,8.70774138782648e-06,1.26935005653447e-08,TRUE
"Vitvi04g04340",88,0.816811769737353,1.23759826433005e-09,8.70774138782626e-06,1.26935005653447e-08,TRUE
"Vitvi04g04354",25,-0.879661922339839,1.62718947479598e-12,1.14489051446645e-08,1.21796863241112e-10,TRUE
"Vitvi04g04401",11,0.537084619459437,0.000731709404133349,1,0.00124115413873729,FALSE
"Vitvi04g04407",37,0.478898349698169,0.00312849885508842,1,0.00423472834636439,FALSE
"Vitvi04g04429",51,0.680681876953935,4.92121579230629e-06,0.034625674314667,1.49027485470856e-05,TRUE
"Vitvi04g04434",856,-0.815981948836211,1.32734012437065e-09,9.33916511507192e-06,1.33226321185049e-08,TRUE
"Vitvi04g04438",379,0.660616043109427,1.16130703313337e-05,0.0817095628512639,3.2579570514858e-05,FALSE
"Vitvi04g04443",103,-0.437672562033847,0.00759614356666715,1,0.00955083383400109,FALSE
"Vitvi04g04448",72,-0.750289519408583,1.37448227308175e-07,0.000967085727340323,6.46880085177473e-07,TRUE
"Vitvi04g04452",371,-0.48468611999998,0.00273778266345129,1,0.00423472834636439,FALSE
"Vitvi04g04474",16,-0.295078781127154,0.0806150363631191,1,0.0860317603292744,FALSE
"Vitvi04g04488",5,0.163168706019343,0.341678330793203,1,0.347405886627308,FALSE
"Vitvi04g04497",36,-0.36280178007437,0.0296534634974876,1,0.0332921284774729,FALSE
"Vitvi05g00006",1640,-0.764183769768002,5.84225956778788e-08,0.000411061383189555,3.81318537281591e-07,TRUE
"Vitvi05g00009",946,-0.685818467487549,3.90794358777023e-06,0.0274962910835514,1.2123585133841e-05,TRUE
"Vitvi05g00012",47,0.745986927832182,1.77160876753433e-07,0.00124650392883716,8.08368306638897e-07,TRUE
"Vitvi05g00026",6,-0.36280178007437,0.0296534634974876,1,0.0332921284774729,FALSE
"Vitvi05g00028",187,0.920921862412064,1.7917321403249e-15,1.2606627339326e-11,3.80173559837597e-12,TRUE
"Vitvi05g00031",8,-0.609871602834049,7.8569440725387e-05,0.552814584943823,0.000168028749223046,FALSE
"Vitvi05g00032",386,0.382151208345003,0.0214447164072558,1,0.0246423362145112,FALSE
"Vitvi05g00038",134,0.645746403000758,2.10820008752171e-05,0.148332958158028,5.29571432195744e-05,FALSE
"Vitvi05g00039",34,-0.566821842633998,0.000313017471211837,1,0.0005779036807784,FALSE
"Vitvi05g00040",47,-0.420850064886269,0.010590608809886,1,0.0129098273711639,FALSE
"Vitvi05g00041",80,0.687293651243215,3.65445133288351e-06,0.0257127195781684,1.14025363983008e-05,TRUE
"Vitvi05g00042",17,-0.295078781127154,0.0806150363631191,1,0.0860317603292744,FALSE
"Vitvi05g00055",283,0.602582743783759,0.000100689603007755,0.708452046762564,0.00020739228535204,FALSE
"Vitvi05g00061",66,-0.430524779021586,0.00876561976487687,1,0.0108621965979086,FALSE
"Vitvi05g00062",103,-0.412196093996074,0.0124870409930534,1,0.0151428508147404,FALSE
"Vitvi05g00065",25,0.517435182162141,0.00123020463625639,1,0.00201765030785547,FALSE
"Vitvi05g00066",29,0.57638349405403,0.000234110207241291,1,0.000441017247161913,FALSE
"Vitvi05g00067",1314,-0.798754929881148,5.27034919958902e-09,3.70821769683084e-05,4.29689188508788e-08,TRUE
"Vitvi05g00077",1366,-0.87985813675672,1.58515090510686e-12,1.11531217683319e-08,1.19926040519698e-10,TRUE
"Vitvi05g00079",29,-0.469223635562852,0.00389036020229628,1,0.00516366240018047,FALSE
"Vitvi05g00083",1197,-0.333777637668421,0.0466511603903606,1,0.0510240268158833,FALSE
"Vitvi05g00089",116,-0.0401389454827637,0.816205782314801,1,0.818532480668036,FALSE
"Vitvi05g00094",503,-0.599066197410861,0.000113247116671386,0.796806712899873,0.000231495268128958,FALSE
"Vitvi05g00107",4,0.625241266173819,4.56208685379645e-05,0.320988431033118,0.000105069862858631,FALSE
"Vitvi05g00108",353,0.727071795148225,5.10902637354983e-07,0.00359471095642966,2.04244940706231e-06,TRUE
"Vitvi05g00109",1141,-0.478898349698169,0.00312849885508842,1,0.00423472834636439,FALSE
"Vitvi05g00114",1308,-0.74411429702662,1.9754523623761e-07,0.00138992828216782,8.81934189192792e-07,TRUE
"Vitvi05g00128",23,-0.449874207292219,0.00590725996608227,1,0.00756387281553318,FALSE
"Vitvi05g00136",127,-0.645746403000758,2.10820008752169e-05,0.148332958158026,5.29571432195744e-05,FALSE
"Vitvi05g00139",32,0.891214705560062,3.20803480308356e-13,2.25717328744959e-09,8.4308015208228e-11,TRUE
"Vitvi05g00145",62,-0.715372987859139,9.42752896689117e-07,0.00663320938110463,3.50222248210382e-06,TRUE
"Vitvi05g00150",49,0.36280178007437,0.0296534634974875,1,0.0332921284774729,FALSE
"Vitvi05g00153",1567,-0.689897685138033,3.24336512260011e-06,0.0228203170026144,1.02287391316067e-05,TRUE
"Vitvi05g00160",20,-0.469223635562852,0.00389036020229628,1,0.00516366240018047,FALSE
"Vitvi05g00163",102,0.694712517970911,2.59273082141354e-06,0.0182424540594657,8.36809819241548e-06,TRUE
"Vitvi05g00166",3,0.516125219675654,0.00127216477390145,1,0.00207534230214946,FALSE
"Vitvi05g00170",9,0.761865011296815,6.76576123386943e-08,0.000476038960415053,4.33156469895408e-07,TRUE
"Vitvi05g00177",9,0.453878845074328,0.00542856662126948,1,0.00703025855830151,FALSE
"Vitvi05g00198",69,0.750289519408583,1.37448227308174e-07,0.00096708572734031,6.46880085177473e-07,TRUE
"Vitvi05g00205",65,-0.694712517970911,2.59273082141354e-06,0.0182424540594657,8.36809819241548e-06,TRUE
"Vitvi05g00208",75,0.36280178007437,0.0296534634974875,1,0.0332921284774729,FALSE
"Vitvi05g00209",27,-0.440199493156902,0.00721598030084795,1,0.0091021221579,FALSE
"Vitvi05g00212",1392,-0.667461988060373,8.72733258323926e-06,0.0614055120556714,2.49920683987267e-05,FALSE
"Vitvi05g00214",1020,-0.478898349698169,0.00312849885508842,1,0.00423472834636439,FALSE
"Vitvi05g00237",228,-0.430497602000505,0.00877034378520732,1,0.0108621965979086,FALSE
"Vitvi05g00247",812,-0.382151208345003,0.0214447164072558,1,0.0246423362145112,FALSE
"Vitvi05g00248",12,0.353127065939054,0.0346365270501542,1,0.0385117895582942,FALSE
"Vitvi05g00258",22,-0.337223121567062,0.0442962269402098,1,0.0487286198798181,FALSE
"Vitvi05g00261",12,-0.78614122014942,1.33370290085775e-08,9.38393361043516e-05,9.97229926719996e-08,TRUE
"Vitvi05g00266",1243,-0.824356049428621,6.44165101155286e-10,4.53234565172859e-06,8.88695225829135e-09,TRUE
"Vitvi05g00271",553,-0.449874207292219,0.00590725996608227,1,0.00756387281553318,FALSE
"Vitvi05g00272",1569,-0.711313577803071,1.15795074343497e-06,0.00814734143080846,4.15892875487926e-06,TRUE
"Vitvi05g00274",30,0.774084760135402,3.06276481104702e-08,0.000215496132105268,2.15496132105268e-07,TRUE
"Vitvi05g00276",1353,-0.82902360477862,4.23397938922474e-10,2.97902789825853e-06,6.54731406210665e-09,TRUE
"Vitvi05g00284",477,0.478898349698169,0.00312849885508842,1,0.00423472834636439,FALSE
"Vitvi05g00310",15,0.409451471667288,0.0131454315975779,1,0.0157807979390135,FALSE
"Vitvi05g00314",9,0.314428209397787,0.0618077618339936,1,0.0666175570257321,FALSE
"Vitvi05g00321",1699,-0.711313577803071,1.15795074343497e-06,0.00814734143080846,4.15892875487926e-06,TRUE
"Vitvi05g00337",7,0.469223635562852,0.00389036020229627,1,0.00516366240018047,FALSE
"Vitvi05g00341",702,-0.624630202730296,4.66433359006751e-05,0.32818251139715,0.000107284246942514,FALSE
"Vitvi05g00342",3,-0.684673726270242,4.11561742441893e-06,0.0289574841982116,1.27397642755001e-05,TRUE
"Vitvi05g00350",777,-0.720382602476694,7.27925607343032e-07,0.00512168457326557,2.77297486370632e-06,TRUE
"Vitvi05g00351",367,-0.478898349698169,0.00312849885508842,1,0.00423472834636439,FALSE
"Vitvi05g00360",177,-0.640970347085562,2.53619620580653e-05,0.178446765040548,6.28555001904007e-05,FALSE
"Vitvi05g00362",111,-0.36280178007437,0.0296534634974876,1,0.0332921284774729,FALSE
"Vitvi05g00372",1245,-0.353127065939054,0.0346365270501543,1,0.0385117895582942,FALSE
"Vitvi05g00381",6,0.560401431163201,0.000378561901746612,1,0.000689863128901626,FALSE
"Vitvi05g00385",466,-0.465036682702683,0.00426699202659308,1,0.00562852566537475,FALSE
"Vitvi05g00386",3,0.523984994594573,0.00103817108302138,1,0.00172196410658615,FALSE
"Vitvi05g00387",597,0.343452351803737,0.0402822983143647,1,0.0443754894222436,FALSE
"Vitvi05g00402",875,-0.596032931351327,0.000125192354329375,0.88085340506148,0.000252538246863957,FALSE
"Vitvi05g00406",10,-0.353127065939054,0.0346365270501543,1,0.0385117895582942,FALSE
"Vitvi05g00421",23,0.797379251557043,5.85026807158804e-09,4.11624861516935e-05,4.75866891927092e-08,TRUE
"Vitvi05g00423",1778,-0.791772806368201,8.88042451590357e-09,6.24826668938975e-05,6.90416208772348e-08,TRUE
"Vitvi05g00424",152,-0.741026685835638,2.35927407095584e-07,0.00165998523632453,1.03878925927694e-06,TRUE
"Vitvi05g00426",688,-0.684020221107288,4.23864763756162e-06,0.0298231247778835,1.30231985929622e-05,TRUE
"Vitvi05g00437",890,-0.596032931351327,0.000125192354329375,0.88085340506148,0.000252538246863957,FALSE
"Vitvi05g00440",118,-0.478898349698169,0.00312849885508842,1,0.00423472834636439,FALSE
"Vitvi05g00441",3,-0.559646882600657,0.000387017462770897,1,0.000700014104898731,FALSE
"Vitvi05g00448",317,-0.631396482934074,3.63959573998368e-05,0.256081956265252,8.4907810432777e-05,FALSE
"Vitvi05g00449",40,-0.353127065939054,0.0346365270501543,1,0.0385117895582942,FALSE
"Vitvi05g00456",32,0.645746403000758,2.10820008752171e-05,0.148332958158028,5.29571432195744e-05,FALSE
"Vitvi05g00459",11,0.440199493156902,0.00721598030084792,1,0.0091021221579,FALSE
"Vitvi05g00467",8,-0.459548921427535,0.00480814938579871,1,0.00625788736190894,FALSE
"Vitvi05g00468",27,0.860208699459424,1.77814945988207e-11,1.25110595997302e-07,5.41604311676633e-10,TRUE
"Vitvi05g00472",1065,-0.645746403000758,2.10820008752169e-05,0.148332958158026,5.29571432195744e-05,FALSE
"Vitvi05g00474",60,0.39182592248032,0.0181099832764267,1,0.0210649433514528,FALSE
"Vitvi05g00475",8,0.596273348005682,0.000124205819841987,0.87391214840822,0.000252538246863957,FALSE
"Vitvi05g00476",360,-0.394622801833796,0.0172310183587185,1,0.0202806030732592,FALSE
"Vitvi05g00478",111,-0.222962477513444,0.191182837907905,1,0.197934439011186,FALSE
"Vitvi05g00482",95,-0.512195332216195,0.00140570852105435,1,0.00228472283532881,FALSE
"Vitvi05g00483",3,-0.108066391684364,0.530425414343531,1,0.535448094020241,FALSE
"Vitvi05g00485",13,0.449874207292219,0.00590725996608226,1,0.00756387281553318,FALSE
"Vitvi05g00503",217,0.246705210450572,0.146913319045593,1,0.15316078127201,FALSE
"Vitvi05g00510",9,0.304753495262471,0.0707229426338605,1,0.0757507420264641,FALSE
"Vitvi05g00513",24,0.596032931351327,0.000125192354329375,0.88085340506148,0.000252538246863957,FALSE
"Vitvi05g00519",28,-0.432287620540523,0.00846379623972504,1,0.0106133078493504,FALSE
"Vitvi05g00520",83,-0.645746403000758,2.10820008752169e-05,0.148332958158026,5.29571432195744e-05,FALSE
"Vitvi05g00527",76,0.510885369729709,0.00145288586363364,1,0.00235378884101457,FALSE
"Vitvi05g00528",67,0.478898349698169,0.00312849885508842,1,0.00423472834636439,FALSE
"Vitvi05g00529",72,0.478898349698169,0.00312849885508842,1,0.00423472834636439,FALSE
"Vitvi05g00530",617,-0.401500636615636,0.0152203400780548,1,0.017965158998355,FALSE
"Vitvi05g00532",67,0.478898349698169,0.00312849885508842,1,0.00423472834636439,FALSE
"Vitvi05g00539",25,0.778309556517049,2.30216542281964e-08,0.00016198035914959,1.65286080764888e-07,TRUE
"Vitvi05g00540",722,0.620609849387347,5.39036718218734e-05,0.379266234938701,0.000120708540718874,FALSE
"Vitvi05g00541",1076,-0.523984994594573,0.00103817108302138,1,0.00172196410658615,FALSE
"Vitvi05g00542",1814,-0.845577149053068,8.5804287725848e-11,6.03718968439066e-07,1.69583979898614e-09,TRUE
"Vitvi05g00544",430,-0.833655021565093,2.75698823891264e-10,1.93981692489894e-06,4.84954231224734e-09,TRUE
"Vitvi05g00546",4,-0.478898349698169,0.00312849885508842,1,0.00423472834636439,FALSE
"Vitvi05g00548",24,-0.751595852101597,1.27126181928121e-07,0.000894459816046258,6.46880085177473e-07,TRUE
"Vitvi05g00549",435,-0.631396482934074,3.63959573998368e-05,0.256081956265252,8.4907810432777e-05,FALSE
"Vitvi05g00553",146,0.669331866868109,8.06194923971228e-06,0.0567238748506156,2.3276107858275e-05,FALSE
"Vitvi05g00559",49,-0.750289519408583,1.37448227308175e-07,0.000967085727340323,6.46880085177473e-07,TRUE
"Vitvi05g00562",1277,-0.478898349698169,0.00312849885508842,1,0.00423472834636439,FALSE
"Vitvi05g00563",7,0.448713941553192,0.00605256170021223,1,0.00774428516506515,FALSE
"Vitvi05g00565",46,0.638571442967416,2.77964224488528e-05,0.195575628350128,6.71158642244777e-05,FALSE
"Vitvi05g00569",137,-0.256379924585888,0.131210130347675,1,0.137380130524738,FALSE
"Vitvi05g00570",141,-0.543634431891869,0.000610994698697925,1,0.00105263435358439,FALSE
"Vitvi05g00574",4,-0.517435182162141,0.00123020463625639,1,0.00201765030785547,FALSE
"Vitvi05g00582",30,0.492006750025487,0.00230501214466696,1,0.00363796892101317,FALSE
"Vitvi05g00588",4,-0.478579734602183,0.00315134965383133,1,0.00426074100006865,FALSE
"Vitvi05g00600",83,-0.294741559459447,0.0809782379356655,1,0.0863931587741232,FALSE
"Vitvi05g00604",661,-0.771433338085278,3.65240298083631e-08,0.000256983073731643,2.51205350666317e-07,TRUE
"Vitvi05g00605",145,-0.716412599866176,8.93892664680424e-07,0.00628942878869146,3.32950174096954e-06,TRUE
"Vitvi05g00607",24,-0.478898349698169,0.00312849885508842,1,0.00423472834636439,FALSE
"Vitvi05g00616",1695,-0.717942306485107,8.26214599507406e-07,0.00581324592213411,3.10039782513819e-06,TRUE
"Vitvi05g00617",114,-0.469223635562852,0.00389036020229628,1,0.00516366240018047,FALSE
"Vitvi05g00624",302,0.401500636615636,0.0152203400780549,1,0.017965158998355,FALSE
"Vitvi05g00630",289,-0.745986927832182,1.77160876753437e-07,0.00124650392883718,8.08368306638897e-07,TRUE
"Vitvi05g00634",41,0.478898349698169,0.00312849885508842,1,0.00423472834636439,FALSE
"Vitvi05g00637",36,-0.73171175363123,3.97236221105353e-07,0.00279495405169726,1.612037906752e-06,TRUE
"Vitvi05g00639",44,-0.285404066991838,0.0915479263669638,1,0.0970661859430317,FALSE
"Vitvi05g00648",37,-0.188656925638672,0.270494358476957,1,0.277110993920191,FALSE
"Vitvi05g00649",14,-0.430524779021586,0.00876561976487687,1,0.0108621965979086,FALSE
"Vitvi05g00652",1472,-0.791647837194588,8.9621315501986e-09,6.30575575871974e-05,6.95999531867521e-08,TRUE
"Vitvi05g00655",40,-0.401500636615636,0.0152203400780548,1,0.017965158998355,FALSE
"Vitvi05g00675",132,0.703365690607165,1.71488287988333e-06,0.0120659159428591,5.86863615897817e-06,TRUE
"Vitvi05g00676",486,0.69856602264531,2.16063481347891e-06,0.0152022265476376,7.17424565721453e-06,TRUE
"Vitvi05g00681",51,-0.683778858662307,4.2849303541625e-06,0.0301487699718874,1.31539136002999e-05,TRUE
"Vitvi05g00688",494,-0.583558515095565,0.00018714223369946,1,0.00036323662243018,FALSE
"Vitvi05g00694",132,0.804340628691506,3.4208205699873e-09,2.40688935304306e-05,3.01993645300266e-08,TRUE
"Vitvi05g00699",16,0.635298043129053,3.14603421705442e-05,0.221354967511949,7.53933813051596e-05,FALSE
"Vitvi05g00703",18,0.802365875888923,3.99180174978361e-09,2.80863171114775e-05,3.47602934547989e-08,TRUE
"Vitvi05g00706",405,0.401500636615636,0.0152203400780549,1,0.017965158998355,FALSE
"Vitvi05g00710",7,-0.661853063790958,1.10347350043172e-05,0.0776403954903761,3.10065477197988e-05,FALSE
"Vitvi05g00712",607,0.502247202333923,0.00180036184177853,1,0.00287567444239588,FALSE
"Vitvi05g00713",1236,-0.420850064886269,0.010590608809886,1,0.0129098273711639,FALSE
"Vitvi05g00726",51,-0.668487432099847,8.35648615869206e-06,0.0587962366125574,2.41025844528626e-05,FALSE
"Vitvi05g00733",4,-0.227355782179939,0.182356808244462,1,0.188852296556967,FALSE
"Vitvi05g00734",4,-0.515631068893965,0.00128831771912162,1,0.00209731686065241,FALSE
"Vitvi05g00736",4,0.734919476711221,3.32800881439019e-07,0.00234158700180494,1.40130879820762e-06,TRUE
"Vitvi05g00761",639,0.589483118918895,0.000154932061894313,1,0.000305265188319346,FALSE
"Vitvi05g00780",213,-0.810852116371421,2.03056993452799e-09,1.4287090059339e-05,1.89483953041631e-08,TRUE
"Vitvi05g00787",37,-0.872234742777271,4.24422412667005e-12,2.98623609552505e-08,2.44773450452873e-10,TRUE
"Vitvi05g00802",141,0.608313332128361,8.28910700696831e-05,0.58322156901029,0.000175457752409835,FALSE
"Vitvi05g00826",1194,-0.673070912329788,6.86813950157651e-06,0.0483242295330923,2.00598711220807e-05,TRUE
"Vitvi05g00828",1019,-0.629872682960292,3.8506833102777e-05,0.270934077711139,8.97132707652778e-05,FALSE
"Vitvi05g00836",5,-0.566821842633998,0.000313017471211837,1,0.0005779036807784,FALSE
"Vitvi05g00839",177,0.764183769768002,5.84225956778779e-08,0.000411061383189549,3.81318537281591e-07,TRUE
"Vitvi05g00849",18,0.440199493156902,0.00721598030084792,1,0.0091021221579,FALSE
"Vitvi05g00886",62,0.709037994563675,1.29744768347651e-06,0.00912884190094076,4.58275195830359e-06,TRUE
"Vitvi05g00888",1287,-0.710872975999971,1.18383531558352e-06,0.00832946528044568,4.24323244036968e-06,TRUE
"Vitvi05g00910",3,0.395744559803109,0.0168886702368521,1,0.0199076367543125,FALSE
"Vitvi05g00913",13,-0.854242196177249,3.44851741255845e-11,2.42637685147612e-07,7.42011269564575e-10,TRUE
"Vitvi05g00920",33,-0.550213483781412,0.000507881816015968,1,0.000891209419465469,FALSE
"Vitvi05g00923",37,-0.430524779021586,0.00876561976487687,1,0.0108621965979086,FALSE
"Vitvi05g00948",1094,-0.824392187992147,6.42105911361328e-10,4.51785719233831e-06,8.88695225829135e-09,TRUE
"Vitvi05g00953",1333,-0.814115601609632,1.55170655744904e-09,1.09178073382114e-05,1.51216168119272e-08,TRUE
"Vitvi05g00961",1391,-0.871125053513477,4.87284258467059e-12,3.42853204257422e-08,2.4665698148016e-10,TRUE
"Vitvi05g00966",655,0.559646882600657,0.000387017462770901,1,0.000700014104898731,FALSE
"Vitvi05g01044",97,-0.588268940247865,0.000161095084147882,1,0.000314327513051719,FALSE
"Vitvi05g01069",47,-0.478898349698169,0.00312849885508842,1,0.00423472834636439,FALSE
"Vitvi05g01072",198,0.556734056756734,0.000421261179223091,1,0.000755542609486023,FALSE
"Vitvi05g01081",5,0.855663913087804,2.95293710251311e-11,2.07768654532823e-07,7.42011269564575e-10,TRUE
"Vitvi05g01088",30,-0.529442046223078,0.000898918885011702,1,0.00150375493935862,FALSE
"Vitvi05g01094",260,-0.266054638721205,0.116785634586865,1,0.122991127818169,FALSE
"Vitvi05g01103",1620,-0.768815186554474,4.33607583457646e-08,0.0003050862957208,2.92508433097603e-07,TRUE
"Vitvi05g01104",554,-0.149958069097406,0.382692613049351,1,0.388154133691111,FALSE
"Vitvi05g01108",1481,-0.824392187992147,6.42105911361328e-10,4.51785719233831e-06,8.88695225829135e-09,TRUE
"Vitvi05g01116",30,-0.588477957366549,0.000160018705542369,1,0.000313631445729823,FALSE
"Vitvi05g01118",634,0.343452351803737,0.0402822983143647,1,0.0443754894222436,FALSE
"Vitvi05g01153",23,0.670011628443056,7.8317607041287e-06,0.0551042683142496,2.27516814428136e-05,FALSE
"Vitvi05g01159",76,-0.816811769737353,1.23759826433008e-09,8.70774138782648e-06,1.26935005653447e-08,TRUE
"Vitvi05g01164",5,-0.552682403185747,0.000473378889663964,1,0.000841064698064083,FALSE
"Vitvi05g01231",38,-0.673999573964255,6.59780301301358e-06,0.0464221419995635,1.94316207616423e-05,TRUE
"Vitvi05g01242",13,0.151292948358109,0.378422300206997,1,0.384254624105358,FALSE
"Vitvi05g01256",8,0.645746403000758,2.10820008752171e-05,0.148332958158028,5.29571432195744e-05,FALSE
"Vitvi05g01265",862,-0.285404066991838,0.0915479263669638,1,0.0970661859430317,FALSE
"Vitvi05g01266",449,-0.612902451985155,7.07411116023981e-05,0.497734461234473,0.000154145079354126,FALSE
"Vitvi05g01267",29,-0.304753495262471,0.0707229426338605,1,0.0757507420264641,FALSE
"Vitvi05g01276",1122,-0.726610643992385,5.23697027742696e-07,0.00368473228719761,2.07707569740564e-06,TRUE
"Vitvi05g01285",1060,-0.815129354419202,1.42580956091385e-09,1.00319960705899e-05,1.41694859754094e-08,TRUE
"Vitvi05g01291",68,-0.762038276589863,6.69235268411086e-08,0.00047087393485404,4.29237862218815e-07,TRUE
"Vitvi05g01304",531,0.714048223066807,1.00856591264741e-06,0.00709626976138714,3.72312159569105e-06,TRUE
"Vitvi05g01308",1352,-0.684288760868618,4.18769069394475e-06,0.0294645917225952,1.28722550120556e-05,TRUE
"Vitvi05g01314",650,-0.609132556216191,8.05930710257105e-05,0.567052847736899,0.000170696221474082,FALSE
"Vitvi05g01330",1395,-0.556734056756734,0.000421261179223091,1,0.000755542609486023,FALSE
"Vitvi05g01334",13,-0.657661183679129,1.31078878160574e-05,0.09222709867378,3.63384943553112e-05,FALSE
"Vitvi05g01337",62,-0.791489119606218,9.06690774170307e-09,6.37947628706228e-05,7.03360119852512e-08,TRUE
"Vitvi05g01338",29,-0.569833681621598,0.000285923238424702,1,0.000532069797819678,FALSE
"Vitvi05g01348",160,-0.583558515095565,0.00018714223369946,1,0.00036323662243018,FALSE
"Vitvi05g01350",570,0.731763852262692,3.96103875756545e-07,0.00278698686982305,1.612037906752e-06,TRUE
"Vitvi05g01353",5,-0.588346722734024,0.000160693769450826,1,0.000313631445729823,FALSE
"Vitvi05g01366",1871,-0.884224678378342,8.74713631353133e-13,6.15448511020064e-09,8.4308015208228e-11,TRUE
"Vitvi05g01375",1150,-0.538122002500631,0.00071128356377806,1,0.00121117888546525,FALSE
"Vitvi05g01389",130,-0.478898349698169,0.00312849885508842,1,0.00423472834636439,FALSE
"Vitvi05g01399",42,0.816811769737353,1.23759826433005e-09,8.70774138782626e-06,1.26935005653447e-08,TRUE
"Vitvi05g01400",57,0.822028674924305,7.90481435027988e-10,5.56182737685693e-06,1.07164303985683e-08,TRUE
"Vitvi05g01412",3,-0.515631068893965,0.00128831771912162,1,0.00209731686065241,FALSE
"Vitvi05g01435",60,0.829476273338115,4.06241215706199e-10,2.85831319370882e-06,6.54731406210665e-09,TRUE
"Vitvi05g01450",51,0.765761034128769,5.28218853687821e-08,0.000371654785454751,3.50287262445571e-07,TRUE
"Vitvi05g01453",18,-0.33404043405404,0.0464680713880403,1,0.0510240268158833,FALSE
"Vitvi05g01464",19,0.805428356395692,3.13964896328463e-09,2.20905701056707e-05,2.78218767073941e-08,TRUE
"Vitvi05g01465",242,0.237030496315255,0.163946637501507,1,0.170438614282004,FALSE
"Vitvi05g01470",27,-0.624221522900733,4.73386834040076e-05,0.333074976430597,0.000107478211174765,FALSE
"Vitvi05g01492",444,-0.750289519408583,1.37448227308175e-07,0.000967085727340323,6.46880085177473e-07,TRUE
"Vitvi05g01494",994,-0.82902360477862,4.23397938922474e-10,2.97902789825853e-06,6.54731406210665e-09,TRUE
"Vitvi05g01500",234,-0.473547362200556,0.00353201719882765,1,0.00475349522015139,FALSE
"Vitvi05g01501",478,0.169307497368039,0.323571829826417,1,0.32923375193907,FALSE
"Vitvi05g01507",37,-0.314428209397787,0.0618077618339936,1,0.0666175570257321,FALSE
"Vitvi05g01522",13,0.729495716735492,4.48250799599695e-07,0.00315389262598345,1.80738832434583e-06,TRUE
"Vitvi05g01554",3,0.459548921427535,0.00480814938579871,1,0.00625788736190894,FALSE
"Vitvi05g01578",3,0.416147681933822,0.011588218990186,1,0.0140771251407025,FALSE
"Vitvi05g01579",72,-0.709037994563675,1.29744768347651e-06,0.00912884190094076,4.58275195830359e-06,TRUE
"Vitvi05g01583",8,-0.616471767429329,6.24290955269765e-05,0.439251116127807,0.000137437771003694,FALSE
"Vitvi05g01589",18,-0.394622801833796,0.0172310183587185,1,0.0202806030732592,FALSE
"Vitvi05g01596",9,-0.545296962533973,0.000583320667650517,1,0.00101089759053917,FALSE
"Vitvi05g01602",18,-0.516597122400606,0.00125690591977388,1,0.00205282963127414,FALSE
"Vitvi05g01623",10,0.550511637536449,0.000503599688275501,1,0.000887607065808223,FALSE
"Vitvi05g01627",6,-0.516597122400606,0.00125690591977388,1,0.00205282963127414,FALSE
"Vitvi05g01629",202,-0.36280178007437,0.0296534634974876,1,0.0332921284774729,FALSE
"Vitvi05g01633",940,-0.788514482062159,1.1253109875189e-08,7.91768810818297e-05,8.56892652400754e-08,TRUE
"Vitvi05g01641",75,0.420850064886269,0.010590608809886,1,0.0129098273711639,FALSE
"Vitvi05g01642",7,0.459548921427535,0.00480814938579871,1,0.00625788736190894,FALSE
"Vitvi05g01647",146,0.401500636615636,0.0152203400780549,1,0.017965158998355,FALSE
"Vitvi05g01649",4,-0.36280178007437,0.0296534634974876,1,0.0332921284774729,FALSE
"Vitvi05g01650",222,-0.750289519408583,1.37448227308175e-07,0.000967085727340323,6.46880085177473e-07,TRUE
"Vitvi05g01656",559,-0.645746403000758,2.10820008752169e-05,0.148332958158026,5.29571432195744e-05,FALSE
"Vitvi05g01663",117,-0.596032931351327,0.000125192354329375,0.88085340506148,0.000252538246863957,FALSE
"Vitvi05g01672",72,-0.750289519408583,1.37448227308175e-07,0.000967085727340323,6.46880085177473e-07,TRUE
"Vitvi05g01674",104,0.816811769737353,1.23759826433005e-09,8.70774138782626e-06,1.26935005653447e-08,TRUE
"Vitvi05g01675",339,0.703975351543856,1.664746314066e-06,0.0117131550657684,5.74174267929824e-06,TRUE
"Vitvi05g01677",3,0.478898349698169,0.00312849885508842,1,0.00423472834636439,FALSE
"Vitvi05g01702",7,-0.538868875868393,0.000696892460249807,1,0.00119622721403212,FALSE
"Vitvi05g01703",9,-0.478898349698169,0.00312849885508842,1,0.00423472834636439,FALSE
"Vitvi05g01704",14,-0.750289519408583,1.37448227308175e-07,0.000967085727340323,6.46880085177473e-07,TRUE
"Vitvi05g01733",3,-0.631649440471281,3.60558677997964e-05,0.253689085839367,8.4907810432777e-05,FALSE
"Vitvi05g01734",31,0.478898349698169,0.00312849885508842,1,0.00423472834636439,FALSE
"Vitvi05g01741",3,-0.743071818302731,2.0980841983956e-07,0.00147621204199115,9.29019535551383e-07,TRUE
"Vitvi05g01742",60,0.750289519408583,1.37448227308174e-07,0.00096708572734031,6.46880085177473e-07,TRUE
"Vitvi05g01743",25,-0.178982211503356,0.296273865831986,1,0.302332548222459,FALSE
"Vitvi05g01754",122,0.671555434038547,7.33107392967993e-06,0.051581436169228,2.13853383786186e-05,FALSE
"Vitvi05g01757",11,0.487897282267239,0.00253992909673463,1,0.0039792788075317,FALSE
"Vitvi05g01763",1642,-0.814115601609632,1.55170655744904e-09,1.09178073382114e-05,1.51216168119272e-08,TRUE
"Vitvi05g01768",51,-0.714710298520184,9.75165171487901e-07,0.00686126214658887,3.6054977123431e-06,TRUE
"Vitvi05g01769",64,0.895936773831001,1.56628417917058e-13,1.10203754846442e-09,5.80019762349695e-11,TRUE
"Vitvi05g01778",4,0.555770014376728,0.000433175063068111,1,0.000775132183048634,FALSE
"Vitvi05g01815",30,-0.866359712001401,8.69442361037601e-12,6.11739645226056e-08,2.88556436427387e-10,TRUE
"Vitvi05g01819",4,0.120416836448291,0.484205450928452,1,0.489141357176251,FALSE
"Vitvi05g01843",43,0.478898349698169,0.00312849885508842,1,0.00423472834636439,FALSE
"Vitvi05g01858",537,0.701115533676863,1.9121456150538e-06,0.0134538565475186,6.43417338475313e-06,TRUE
"Vitvi05g01860",70,-0.645310738915201,2.14432683486358e-05,0.150874836101001,5.36539246447374e-05,FALSE
"Vitvi05g01874",32,0.462991203329884,0.00446219361683942,1,0.00588160252680445,FALSE
"Vitvi05g01877",18,0.502247202333923,0.00180036184177853,1,0.00287567444239588,FALSE
"Vitvi05g01879",459,-0.57211027548032,0.000266855555924652,1,0.000499227782899722,FALSE
"Vitvi05g01881",9,0.866359712001401,8.69442361037607e-12,6.11739645226061e-08,2.88556436427387e-10,TRUE
"Vitvi05g01886",307,-0.622232181081055,5.08592315170758e-05,0.357845552954145,0.000114510576945327,FALSE
"Vitvi05g01893",7,0.581171762700682,0.000201731083518181,1,0.0003846558004428,FALSE
"Vitvi05g01900",828,-0.792238281269064,8.58212173694206e-09,6.03838085411244e-05,6.73175123089458e-08,TRUE
"Vitvi05g01922",226,0.478898349698169,0.00312849885508842,1,0.00423472834636439,FALSE
"Vitvi05g01923",38,-0.469223635562852,0.00389036020229628,1,0.00516366240018047,FALSE
"Vitvi05g01924",19,-0.854242196177249,3.44851741255845e-11,2.42637685147612e-07,7.42011269564575e-10,TRUE
"Vitvi05g01928",26,0.478898349698169,0.00312849885508842,1,0.00423472834636439,FALSE
"Vitvi05g01930",313,0.588346722734024,0.000160693769450826,1,0.000313631445729823,FALSE
"Vitvi05g01931",29,0.609132556216191,8.05930710257105e-05,0.567052847736899,0.000170696221474082,FALSE
"Vitvi05g01933",14,0.478898349698169,0.00312849885508842,1,0.00423472834636439,FALSE
"Vitvi05g01940",8,-0.581171762700682,0.000201731083518182,1,0.0003846558004428,FALSE
"Vitvi05g01944",3,-0.304753495262471,0.0707229426338605,1,0.0757507420264641,FALSE
"Vitvi05g01947",17,0.745766996662678,1.79450154533175e-07,0.00126261128729542,8.16167606525813e-07,TRUE
"Vitvi05g01948",66,0.850057408412866,5.39401967842226e-11,3.7952322457379e-07,1.10648170429676e-09,TRUE
"Vitvi05g01949",12,0.609871602834049,7.8569440725387e-05,0.552814584943823,0.000168028749223046,FALSE
"Vitvi05g01950",114,0.691529396905392,3.0078044278422e-06,0.0211629119542977,9.57597825986321e-06,TRUE
"Vitvi05g01951",4,0.401500636615636,0.0152203400780549,1,0.017965158998355,FALSE
"Vitvi05g01991",33,0.615008437531859,6.57237398953932e-05,0.462432233903987,0.000143791117507458,FALSE
"Vitvi05g01998",15,-0.478898349698169,0.00312849885508842,1,0.00423472834636439,FALSE
"Vitvi05g02001",10,0.609871602834049,7.8569440725387e-05,0.552814584943823,0.000168028749223046,FALSE
"Vitvi05g02017",17,-0.703155142502104,1.73251660215727e-06,0.0121899868127786,5.92609956868185e-06,TRUE
"Vitvi05g02019",66,-0.757327663704329,8.97416714002338e-08,0.000631422399972045,5.52752023873876e-07,TRUE
"Vitvi05g02048",275,-0.750289519408583,1.37448227308175e-07,0.000967085727340323,6.46880085177473e-07,TRUE
"Vitvi05g02074",51,-0.837970916250063,1.82656115104778e-10,1.28516842587722e-06,3.32945188051094e-09,TRUE
"Vitvi05g02082",38,-0.750289519408583,1.37448227308175e-07,0.000967085727340323,6.46880085177473e-07,TRUE
"Vitvi05g02085",9,-0.478898349698169,0.00312849885508842,1,0.00423472834636439,FALSE
"Vitvi05g02088",3,0.478898349698169,0.00312849885508842,1,0.00423472834636439,FALSE
"Vitvi05g02096",6,0.654607003102112,1.48350805468092e-05,0.104379626727349,4.09011076517827e-05,FALSE
"Vitvi05g02111",919,-0.657773846140475,1.30478272532271e-05,0.0918045125537055,3.63007167076733e-05,FALSE
"Vitvi05g02116",46,-0.709037994563675,1.29744768347651e-06,0.00912884190094076,4.58275195830359e-06,TRUE
"Vitvi05g02120",674,-0.563283869189166,0.00034775734695725,1,0.000636033452870083,FALSE
"Vitvi05g02121",82,0.737939074644656,2.81075640112032e-07,0.00197764820382825,1.20661879428203e-06,TRUE
"Vitvi05g02122",476,-0.685449684397965,3.97377629357963e-06,0.0279594900016262,1.2316955947853e-05,TRUE
"Vitvi05g02138",1510,-0.645746403000758,2.10820008752169e-05,0.148332958158026,5.29571432195744e-05,FALSE
"Vitvi05g02146",84,0.414078188825186,0.0120518539962657,1,0.0146352855915992,FALSE
"Vitvi05g02168",17,0.576699395337114,0.000231838773395856,1,0.000439562815848355,FALSE
"Vitvi05g02170",47,0.816811769737353,1.23759826433005e-09,8.70774138782626e-06,1.26935005653447e-08,TRUE
"Vitvi05g02178",6,0.440199493156902,0.00721598030084792,1,0.0091021221579,FALSE
"Vitvi05g02184",12,-0.559646882600657,0.000387017462770897,1,0.000700014104898731,FALSE
"Vitvi05g02185",16,-0.343452351803737,0.0402822983143647,1,0.0443754894222436,FALSE
"Vitvi05g02187",8,-0.504335557297276,0.00171027946825786,1,0.00274362205623858,FALSE
"Vitvi05g02190",7,0.669331866868109,8.06194923971228e-06,0.0567238748506156,2.3276107858275e-05,FALSE
"Vitvi05g02195",8,-0.707062962734838,1.43083923232176e-06,0.0100673848386159,4.99870150874674e-06,TRUE
"Vitvi05g02197",13,-0.829140140861398,4.1891782533011e-10,2.94750581902266e-06,6.54731406210665e-09,TRUE
"Vitvi05g02201",897,-0.896224025128485,1.49779128509718e-13,1.05384594819438e-09,5.80019762349695e-11,TRUE
"Vitvi05g02215",18,-0.66969710205003,7.93751369399142e-06,0.0558483463509237,2.2982858580627e-05,FALSE
"Vitvi05g02219",102,-0.645746403000758,2.10820008752169e-05,0.148332958158026,5.29571432195744e-05,FALSE
"Vitvi05g02221",15,0.518746247309481,0.00118943537743685,1,0.00195808781367471,FALSE
"Vitvi05g02222",12,-0.471454944959652,0.00370168300867358,1,0.00497232562982576,FALSE
"Vitvi05g02223",25,-0.52409414676628,0.00103520903174676,1,0.00172196410658615,FALSE
"Vitvi05g02228",34,-0.67783798540974,5.5803178910264e-06,0.0392631166812618,1.6679318896033e-05,TRUE
"Vitvi05g02232",24,-0.59282134866851,0.000139063901792922,0.978453613014998,0.000276946960943956,FALSE
"Vitvi05g02233",10,0.459197442133872,0.00484474340951937,1,0.00629038837966014,FALSE
"Vitvi05g02234",91,0.750289519408583,1.37448227308174e-07,0.00096708572734031,6.46880085177473e-07,TRUE
"Vitvi05g02235",5,-0.295078781127154,0.0806150363631191,1,0.0860317603292744,FALSE
"Vitvi05g02249",3,0.478898349698169,0.00312849885508842,1,0.00423472834636439,FALSE
"Vitvi05g02253",18,0.499162748172827,0.001941022412976,1,0.00308982662843875,FALSE
"Vitvi05g02269",36,0.304753495262471,0.0707229426338605,1,0.0757507420264641,FALSE
"Vitvi05g02273",714,-0.750289519408583,1.37448227308175e-07,0.000967085727340323,6.46880085177473e-07,TRUE
"Vitvi05g02286",3,-0.182169060267928,0.287614398376729,1,0.294007686616108,FALSE
"Vitvi05g04001",65,0.469223635562852,0.00389036020229627,1,0.00516366240018047,FALSE
"Vitvi05g04006",22,-0.750289519408583,1.37448227308175e-07,0.000967085727340323,6.46880085177473e-07,TRUE
"Vitvi05g04013",12,0.402733580912167,0.0148816193651659,1,0.0178073254852563,FALSE
"Vitvi05g04015",41,-0.57638349405403,0.000234110207241294,1,0.000441017247161913,FALSE
"Vitvi05g04017",687,-0.449874207292219,0.00590725996608227,1,0.00756387281553318,FALSE
"Vitvi05g04027",88,0.217681068044622,0.202185093959943,1,0.208619199457715,FALSE
"Vitvi05g04030",1391,-0.784790682855254,1.46769787325842e-08,0.000103267222362462,1.09161968670679e-07,TRUE
"Vitvi05g04038",74,-0.596032931351327,0.000125192354329375,0.88085340506148,0.000252538246863957,FALSE
"Vitvi05g04051",7,0.478898349698169,0.00312849885508842,1,0.00423472834636439,FALSE
"Vitvi05g04062",50,0.866359712001401,8.69442361037607e-12,6.11739645226061e-08,2.88556436427387e-10,TRUE
"Vitvi05g04064",4,0.617046562867391,6.11763032283901e-05,0.430436469514953,0.000134890777033831,FALSE
"Vitvi05g04067",15,0.314390996756744,0.0618402634025402,1,0.0666321735528749,FALSE
"Vitvi05g04083",4,-0.478898349698169,0.00312849885508842,1,0.00423472834636439,FALSE
"Vitvi05g04091",9,-0.612608827303015,7.14674504849691e-05,0.502844981612243,0.000155438943311358,FALSE
"Vitvi05g04117",36,0.478898349698169,0.00312849885508842,1,0.00423472834636439,FALSE
"Vitvi05g04122",53,0.478898349698169,0.00312849885508842,1,0.00423472834636439,FALSE
"Vitvi05g04136",10,0.35507528696291,0.0335816960093089,1,0.0376063684738974,FALSE
"Vitvi05g04140",3,-0.213045172177746,0.212199440941862,1,0.218695659362376,FALSE
"Vitvi05g04147",4,0.850316013631005,5.24901265229646e-11,3.69320530215579e-07,1.08944109208135e-09,TRUE
"Vitvi05g04153",22,-0.495072242300581,0.00214236521236232,1,0.00338658315753342,FALSE
"Vitvi05g04156",43,-0.664410597026749,9.921346398573e-06,0.0698065932603596,2.82160845838159e-05,FALSE
"Vitvi05g04157",5,0.513398347852682,0.00136357573042932,1,0.00221829337324872,FALSE
"Vitvi05g04171",29,-0.811139465780844,1.98345837029642e-09,1.39556130934056e-05,1.87072561573802e-08,TRUE
"Vitvi05g04172",16,-0.811139465780844,1.98345837029642e-09,1.39556130934056e-05,1.87072561573802e-08,TRUE
"Vitvi05g04174",47,0.851382173205197,4.68868177296456e-11,3.29895649545787e-07,9.96663593793935e-10,TRUE
"Vitvi05g04185",6,0.478898349698169,0.00312849885508842,1,0.00423472834636439,FALSE
"Vitvi05g04220",3,-0.0957159469204366,0.57868579943145,1,0.583579372910948,FALSE
"Vitvi05g04232",34,-0.838814581668336,1.68296585332783e-10,1.18413477440146e-06,3.10796528714294e-09,TRUE
"Vitvi05g04243",579,-0.745986927832182,1.77160876753437e-07,0.00124650392883718,8.08368306638897e-07,TRUE
"Vitvi05g04293",52,0.816811769737353,1.23759826433005e-09,8.70774138782626e-06,1.26935005653447e-08,TRUE
"Vitvi05g04294",3,0.324102923533104,0.0538052002373616,1,0.0584218192700735,FALSE
"Vitvi05g04296",29,0.624667316958334,4.65806478869314e-05,0.327741438532449,0.00010721015326544,FALSE
"Vitvi05g04298",51,0.783733316492778,1.58118731645973e-08,0.000111252339586106,1.16739076165906e-07,TRUE
"Vitvi05g04306",6,0.494095237914822,0.0021930760673381,1,0.00346518823485085,FALSE
"Vitvi05g04311",8,0.527238881325001,0.000953013587393213,1,0.0015882054952389,FALSE
"Vitvi05g04312",99,-0.816811769737353,1.23759826433008e-09,8.70774138782648e-06,1.26935005653447e-08,TRUE
"Vitvi05g04314",7,0.478898349698169,0.00312849885508842,1,0.00423472834636439,FALSE
"Vitvi05g04335",4,-0.688537295588947,3.4525245843369e-06,0.0242919629753944,1.07964279890642e-05,TRUE
"Vitvi05g04344",3,0.449874207292219,0.00590725996608226,1,0.00756387281553318,FALSE
"Vitvi05g04362",94,-0.411175350750953,0.0127285678576514,1,0.0152881876829012,FALSE
"Vitvi05g04379",26,-0.545087877560721,0.000586738683654734,1,0.00101582022101248,FALSE
"Vitvi05g04382",45,-0.62678507176931,4.31273835887367e-05,0.303444270930351,9.9718787686609e-05,FALSE
"Vitvi05g04385",88,-0.478898349698169,0.00312849885508842,1,0.00423472834636439,FALSE
"Vitvi05g04405",21,-0.277942893868961,0.100729942065666,1,0.106624924383033,FALSE
"Vitvi05g04408",5,-0.559646882600657,0.000387017462770897,1,0.000700014104898731,FALSE
"Vitvi05g04410",27,-0.731763852262692,3.96103875756545e-07,0.00278698686982305,1.612037906752e-06,TRUE
"Vitvi05g04413",38,-0.680524305061911,4.95578583566028e-06,0.0348689091397057,1.49973802751422e-05,TRUE
"Vitvi05g04437",15,-0.624221522900733,4.73386834040076e-05,0.333074976430597,0.000107478211174765,FALSE
"Vitvi05g04447",30,-0.159632783232723,0.352382996354793,1,0.358031301422718,FALSE
"Vitvi05g04449",22,0.294173361367012,0.0815930785914507,1,0.0869041630289808,FALSE
"Vitvi05g04455",16,-0.67618685082502,5.99900909659352e-06,0.042209028003632,1.77797085103761e-05,TRUE
"Vitvi05g04467",15,-0.43661267804615,0.00776062678887459,1,0.00975067322973605,FALSE
"Vitvi05g04471",8,-0.648139317099564,1.9194410918855e-05,0.135051875225063,5.21435811679782e-05,FALSE
"Vitvi05g04474",37,0.816811769737353,1.23759826433005e-09,8.70774138782626e-06,1.26935005653447e-08,TRUE
"Vitvi05g04475",973,-0.804143868749468,3.47411082505435e-09,2.44438437650824e-05,3.06313831642637e-08,TRUE
"Vitvi05g04477",65,-0.512545317706349,0.00139333452431582,1,0.00226565789532843,FALSE
"Vitvi05g04481",35,0.343452351803737,0.0402822983143647,1,0.0443754894222436,FALSE
"Vitvi05g04483",8,0.572902699607449,0.000260490484424683,1,0.000487968862729518,FALSE
"Vitvi05g04487",62,-0.750289519408583,1.37448227308175e-07,0.000967085727340323,6.46880085177473e-07,TRUE
"Vitvi05g04493",86,0.750289519408583,1.37448227308174e-07,0.00096708572734031,6.46880085177473e-07,TRUE
"Vitvi05g04494",105,0.750289519408583,1.37448227308174e-07,0.00096708572734031,6.46880085177473e-07,TRUE
"Vitvi05g04504",8,-0.53308022569935,0.000815518201384165,1,0.0013783295856207,FALSE
"Vitvi05g04505",65,0.829476273338115,4.06241215706199e-10,2.85831319370882e-06,6.54731406210665e-09,TRUE
"Vitvi05g04506",82,-0.750289519408583,1.37448227308175e-07,0.000967085727340323,6.46880085177473e-07,TRUE
"Vitvi05g04527",65,-0.918913240954523,2.70163132346217e-15,1.90086779918798e-11,3.80173559837597e-12,TRUE
"Vitvi05g04535",24,-0.578575003563959,0.000218754294932338,1,0.000416212876999441,FALSE
"Vitvi05g04553",23,0.444847522067189,0.00655916257134087,1,0.00836661853733763,FALSE
"Vitvi05g04565",33,0.658986837051021,1.24168566581515e-05,0.087365003446754,3.46824150245153e-05,FALSE
"Vitvi05g04566",27,0.430524779021586,0.00876561976487691,1,0.0108621965979086,FALSE
"Vitvi05g04567",48,-0.423322641967163,0.0100959760440297,1,0.0124667054134421,FALSE
"Vitvi05g04568",4,0.538122002500631,0.00071128356377806,1,0.00121117888546525,FALSE
"Vitvi05g04570",9,-0.252287396267822,0.137693657396475,1,0.144039930633601,FALSE
"Vitvi05g04575",717,-0.420850064886269,0.010590608809886,1,0.0129098273711639,FALSE
"Vitvi06g00008",316,-0.700887740352874,1.93323218581868e-06,0.0136022216594202,6.46493424877393e-06,TRUE
"Vitvi06g00016",101,-0.818492438305037,1.07284020529988e-09,7.54850368448998e-06,1.26935005653447e-08,TRUE
"Vitvi06g00030",383,-0.632580390273007,3.48288937526086e-05,0.245056096443354,8.27892217714034e-05,FALSE
"Vitvi06g00037",19,0.67618685082502,5.99900909659363e-06,0.0422090280036328,1.77797085103761e-05,TRUE
"Vitvi06g00039",14,-0.758464993719366,8.36553233374419e-08,0.000588598855002241,5.22734329486893e-07,TRUE
"Vitvi06g00040",1035,-0.783394258152665,1.61926462779259e-08,0.000113931459211486,1.19050636584626e-07,TRUE
"Vitvi06g00044",852,-0.70978387118414,1.25011243477313e-06,0.00879579109106372,4.46486857414402e-06,TRUE
"Vitvi06g00046",425,-0.595521682767366,0.000127313692999972,0.895779143947803,0.000254410435656862,FALSE
"Vitvi06g00054",13,-0.265473521233645,0.117616948709324,1,0.123718470790672,FALSE
"Vitvi06g00069",315,-0.353127065939054,0.0346365270501543,1,0.0385117895582942,FALSE
"Vitvi06g00079",299,0.638571442967416,2.77964224488528e-05,0.195575628350128,6.71158642244777e-05,FALSE
"Vitvi06g00084",19,0.16502408076686,0.336141768180344,1,0.341825911391372,FALSE
"Vitvi06g00091",643,-0.478898349698169,0.00312849885508842,1,0.00423472834636439,FALSE
"Vitvi06g00093",705,-0.72100171972297,7.04759400618673e-07,0.00495868714275298,2.69347481952905e-06,TRUE
"Vitvi06g00096",106,-0.052489390246691,0.76110402829041,1,0.764472225988769,FALSE
"Vitvi06g00098",152,-0.478898349698169,0.00312849885508842,1,0.00423472834636439,FALSE
"Vitvi06g00106",11,-0.437672562033847,0.00759614356666715,1,0.00955083383400109,FALSE
"Vitvi06g00108",7,-0.57638349405403,0.000234110207241294,1,0.000441017247161913,FALSE
"Vitvi06g00111",19,-0.588346722734024,0.000160693769450826,1,0.000313631445729823,FALSE
"Vitvi06g00115",24,0.314428209397787,0.0618077618339936,1,0.0666175570257321,FALSE
"Vitvi06g00116",13,0.469223635562852,0.00389036020229627,1,0.00516366240018047,FALSE
"Vitvi06g00119",1226,-0.798754929881148,5.27034919958902e-09,3.70821769683084e-05,4.29689188508788e-08,TRUE
"Vitvi06g00121",1460,-0.645746403000758,2.10820008752169e-05,0.148332958158026,5.29571432195744e-05,FALSE
"Vitvi06g00124",221,0.699343934757383,2.08184878043733e-06,0.014647888019157,6.92899149439785e-06,TRUE
"Vitvi06g00136",147,0.420850064886269,0.010590608809886,1,0.0129098273711639,FALSE
"Vitvi06g00137",1040,-0.715902697659865,9.1755910814881e-07,0.00645594588493502,3.4122335544054e-06,TRUE
"Vitvi06g00138",182,0.596032931351327,0.000125192354329375,0.88085340506148,0.000252538246863957,FALSE
"Vitvi06g00141",195,0.451937057837819,0.00565632945206133,1,0.0073090787924157,FALSE
"Vitvi06g00153",27,-0.57638349405403,0.000234110207241294,1,0.000441017247161913,FALSE
"Vitvi06g00155",8,-0.0833200072545021,0.629011583364318,1,0.633604223414652,FALSE
"Vitvi06g00158",6,-0.347140058918905,0.0380483412033164,1,0.0422185978089472,FALSE
"Vitvi06g00162",1238,-0.754920936195056,1.03991177471085e-07,0.000731681924686553,6.30760279902201e-07,TRUE
"Vitvi06g00163",6,0.478898349698169,0.00312849885508842,1,0.00423472834636439,FALSE
"Vitvi06g00165",35,0.760088730172259,7.5624164511901e-08,0.000532091621505735,4.80227095221783e-07,TRUE
"Vitvi06g00169",18,0.816811769737353,1.23759826433005e-09,8.70774138782626e-06,1.26935005653447e-08,TRUE
"Vitvi06g00172",4,-0.511941815135687,0.00141473209950127,1,0.00229779664175691,FALSE
"Vitvi06g00173",1655,-0.478898349698169,0.00312849885508842,1,0.00423472834636439,FALSE
"Vitvi06g00180",96,-0.495072242300581,0.00214236521236232,1,0.00338658315753342,FALSE
"Vitvi06g00182",742,-0.82902360477862,4.23397938922474e-10,2.97902789825853e-06,6.54731406210665e-09,TRUE
"Vitvi06g00184",823,-0.624221522900733,4.73386834040076e-05,0.333074976430597,0.000107478211174765,FALSE
"Vitvi06g00201",6,0.459548921427535,0.00480814938579871,1,0.00625788736190894,FALSE
"Vitvi06g00214",304,-0.353127065939054,0.0346365270501543,1,0.0385117895582942,FALSE
"Vitvi06g00226",5,-0.478898349698169,0.00312849885508842,1,0.00423472834636439,FALSE
"Vitvi06g00227",623,-0.556734056756734,0.000421261179223091,1,0.000755542609486023,FALSE
"Vitvi06g00244",899,-0.602582743783759,0.000100689603007756,0.708452046762569,0.00020739228535204,FALSE
"Vitvi06g00245",1592,-0.645746403000758,2.10820008752169e-05,0.148332958158026,5.29571432195744e-05,FALSE
"Vitvi06g00248",421,0.401500636615636,0.0152203400780549,1,0.017965158998355,FALSE
"Vitvi06g00259",1426,-0.824392187992147,6.42105911361328e-10,4.51785719233831e-06,8.88695225829135e-09,TRUE
"Vitvi06g00266",909,-0.751595852101597,1.27126181928121e-07,0.000894459816046258,6.46880085177473e-07,TRUE
"Vitvi06g00268",587,-0.443105017283777,0.00679911695396563,1,0.00866955181009463,FALSE
"Vitvi06g00272",47,0.275729352856521,0.103584434864025,1,0.109448878766072,FALSE
"Vitvi06g00281",450,-0.74411429702662,1.9754523623761e-07,0.00138992828216782,8.81934189192792e-07,TRUE
"Vitvi06g00283",1596,-0.819235825519126,1.00667411024502e-09,7.08295903968394e-06,1.26031299638504e-08,TRUE
"Vitvi06g00284",781,-0.36280178007437,0.0296534634974876,1,0.0332921284774729,FALSE
"Vitvi06g00285",1393,-0.589483118918895,0.000154932061894313,1,0.000305265188319346,FALSE
"Vitvi06g00300",1050,-0.645746403000758,2.10820008752169e-05,0.148332958158026,5.29571432195744e-05,FALSE
"Vitvi06g00303",1157,-0.611512401186239,7.42395496389306e-05,0.522349471259516,0.000161218972610962,FALSE
"Vitvi06g00308",6,0.614434627005383,6.70579321707088e-05,0.471819610753107,0.000146209981640256,FALSE
"Vitvi06g00309",131,-0.416147681933822,0.011588218990186,1,0.0140771251407025,FALSE
"Vitvi06g00311",26,-0.420850064886269,0.010590608809886,1,0.0129098273711639,FALSE
"Vitvi06g00312",545,0.39182592248032,0.0181099832764267,1,0.0210649433514528,FALSE
"Vitvi06g00327",119,0.750289519408583,1.37448227308174e-07,0.00096708572734031,6.46880085177473e-07,TRUE
"Vitvi06g00338",11,-0.708254164565209,1.34895834447137e-06,0.00949127091170059,4.75514574734498e-06,TRUE
"Vitvi06g00340",770,-0.478898349698169,0.00312849885508842,1,0.00423472834636439,FALSE
"Vitvi06g00342",248,0.478898349698169,0.00312849885508842,1,0.00423472834636439,FALSE
"Vitvi06g00358",13,-0.353127065939054,0.0346365270501543,1,0.0385117895582942,FALSE
"Vitvi06g00360",200,-0.343452351803737,0.0402822983143647,1,0.0443754894222436,FALSE
"Vitvi06g00378",881,-0.742432466876708,2.17672419839442e-07,0.00153154314599031,9.63234683012776e-07,TRUE
"Vitvi06g00379",3,-0.473547362200556,0.00353201719882765,1,0.00475349522015139,FALSE
"Vitvi06g00383",1593,-0.791217341837805,9.24895851821201e-09,6.50756721341397e-05,7.16692424384799e-08,TRUE
"Vitvi06g00387",4,0.36280178007437,0.0296534634974875,1,0.0332921284774729,FALSE
"Vitvi06g00393",470,-0.582933306486462,0.000190869311580325,1,0.000367270530032874,FALSE
"Vitvi06g00396",906,-0.759552352981529,7.81948005924383e-08,0.000550178616968396,4.90355273590371e-07,TRUE
"Vitvi06g00397",28,0.56723039565094,0.000309212565654162,1,0.000574193616242461,FALSE
"Vitvi06g00399",17,-0.251123601166961,0.139579734523285,1,0.14586113353718,FALSE
"Vitvi06g00405",848,-0.615682368648623,6.41873880190989e-05,0.45162246210238,0.000140604751588537,FALSE
"Vitvi06g00407",547,0.372476494209687,0.0252748166470031,1,0.0287152607667228,FALSE
"Vitvi06g00408",580,0.478898349698169,0.00312849885508842,1,0.00423472834636439,FALSE
"Vitvi06g00411",51,0.602084182241456,0.000102390038824263,0.720416313167515,0.000210401960621356,FALSE
"Vitvi06g00412",108,-0.736808688118594,2.99503258679439e-07,0.00210730492806853,1.27329602904443e-06,TRUE
"Vitvi06g00414",22,0.478898349698169,0.00312849885508842,1,0.00423472834636439,FALSE
"Vitvi06g00417",1749,-0.690917489550654,3.09424313313362e-06,0.0217710946847282,9.80679940753528e-06,TRUE
"Vitvi06g00435",1546,-0.552471922567315,0.000476236747738388,1,0.000841064698064083,FALSE
"Vitvi06g00442",125,0.449874207292219,0.00590725996608226,1,0.00756387281553318,FALSE
"Vitvi06g00443",140,0.411175350750953,0.0127285678576514,1,0.0152881876829012,FALSE
"Vitvi06g00447",1610,-0.768815186554474,4.33607583457646e-08,0.0003050862957208,2.92508433097603e-07,TRUE
"Vitvi06g00452",517,-0.609132556216191,8.05930710257105e-05,0.567052847736899,0.000170696221474082,FALSE
"Vitvi06g00453",43,0.188656925638672,0.270494358476957,1,0.277110993920191,FALSE
"Vitvi06g00455",46,-0.737939074644656,2.81075640112032e-07,0.00197764820382825,1.20661879428203e-06,TRUE
"Vitvi06g00459",1758,-0.884224678378342,8.74713631353133e-13,6.15448511020064e-09,8.4308015208228e-11,TRUE
"Vitvi06g00463",104,-0.453878845074328,0.00542856662126945,1,0.00703025855830151,FALSE
"Vitvi06g00465",16,-0.675258116978206,6.24692427389044e-06,0.0439533591910932,1.84677979794509e-05,TRUE
"Vitvi06g00481",14,-0.478898349698169,0.00312849885508842,1,0.00423472834636439,FALSE
"Vitvi06g00495",804,-0.824392187992147,6.42105911361328e-10,4.51785719233831e-06,8.88695225829135e-09,TRUE
"Vitvi06g00498",165,-0.661853063790958,1.10347350043172e-05,0.0776403954903761,3.10065477197988e-05,FALSE
"Vitvi06g00500",6,0.37437206112962,0.0244828851237453,1,0.0280647734979915,FALSE
"Vitvi06g00501",1664,-0.829476273338115,4.06241215706204e-10,2.85831319370885e-06,6.54731406210665e-09,TRUE
"Vitvi06g00502",58,-0.430524779021586,0.00876561976487687,1,0.0108621965979086,FALSE
"Vitvi06g00505",307,0.478898349698169,0.00312849885508842,1,0.00423472834636439,FALSE
"Vitvi06g00513",5,-0.478898349698169,0.00312849885508842,1,0.00423472834636439,FALSE
"Vitvi06g00529",7,0.718648196784035,7.96599470119547e-07,0.00560487387176113,2.9988624246983e-06,TRUE
"Vitvi06g00534",1525,-0.689897685138033,3.24336512260011e-06,0.0228203170026144,1.02287391316067e-05,TRUE
"Vitvi06g00541",65,-0.861011812544602,1.62270868075849e-11,1.14173782778167e-07,4.9857547064702e-10,TRUE
"Vitvi06g00555",22,-0.69471251797091,2.59273082141354e-06,0.0182424540594657,8.36809819241548e-06,TRUE
"Vitvi06g00556",16,-0.36280178007437,0.0296534634974876,1,0.0332921284774729,FALSE
"Vitvi06g00558",169,-0.478898349698169,0.00312849885508842,1,0.00423472834636439,FALSE
"Vitvi06g00559",80,-0.824356049428621,6.44165101155286e-10,4.53234565172859e-06,8.88695225829135e-09,TRUE
"Vitvi06g00560",4,-0.306304413651508,0.0692297039945086,1,0.0744915426373089,FALSE
"Vitvi06g00561",114,-0.691230227781763,3.04978550862634e-06,0.0214582908386949,9.69209161639354e-06,TRUE
"Vitvi06g00563",885,-0.401500636615636,0.0152203400780548,1,0.017965158998355,FALSE
"Vitvi06g00564",191,0.343452351803737,0.0402822983143647,1,0.0443754894222436,FALSE
"Vitvi06g00565",102,-0.745986927832182,1.77160876753437e-07,0.00124650392883718,8.08368306638897e-07,TRUE
"Vitvi06g00569",272,-0.373600954108801,0.024802525353346,1,0.0284219166752675,FALSE
"Vitvi06g00575",1689,-0.884224678378342,8.74713631353133e-13,6.15448511020064e-09,8.4308015208228e-11,TRUE
"Vitvi06g00578",118,-0.324102923533104,0.0538052002373616,1,0.0584218192700735,FALSE
"Vitvi06g00579",97,0.651485961297165,1.68115837483811e-05,0.11828630325361,4.59721349605945e-05,FALSE
"Vitvi06g00591",1356,-0.670264138918891,7.74779075275736e-06,0.0545134557364008,2.25635164471858e-05,FALSE
"Vitvi06g00606",305,0.559646882600657,0.000387017462770901,1,0.000700014104898731,FALSE
"Vitvi06g00607",796,-0.72151162192928,6.86190536909843e-07,0.00482803661769765,2.62535977036305e-06,TRUE
"Vitvi06g00613",42,-0.333777637668421,0.0466511603903606,1,0.0510240268158833,FALSE
"Vitvi06g00614",21,-0.251123601166961,0.139579734523285,1,0.14586113353718,FALSE
"Vitvi06g00621",13,0.750289519408583,1.37448227308174e-07,0.00096708572734031,6.46880085177473e-07,TRUE
"Vitvi06g00634",187,0.430524779021586,0.00876561976487691,1,0.0108621965979086,FALSE
"Vitvi06g00639",1011,-0.57399680266734,0.000251925466762095,1,0.000472049955829054,FALSE
"Vitvi06g00648",204,-0.478898349698169,0.00312849885508842,1,0.00423472834636439,FALSE
"Vitvi06g00649",858,-0.552471922567315,0.000476236747738388,1,0.000841064698064083,FALSE
"Vitvi06g00650",498,-0.673070912329788,6.86813950157651e-06,0.0483242295330923,2.00598711220807e-05,TRUE
"Vitvi06g00665",1437,-0.769895486027634,4.04079399418475e-08,0.000284310265430839,2.76297634043575e-07,TRUE
"Vitvi06g00667",35,0.227355782179939,0.182356808244462,1,0.188852296556967,FALSE
"Vitvi06g00672",615,-0.645746403000758,2.10820008752169e-05,0.148332958158026,5.29571432195744e-05,FALSE
"Vitvi06g00673",664,-0.645746403000758,2.10820008752169e-05,0.148332958158026,5.29571432195744e-05,FALSE
"Vitvi06g00674",1088,-0.645746403000758,2.10820008752169e-05,0.148332958158026,5.29571432195744e-05,FALSE
"Vitvi06g00678",3,0.333777637668421,0.0466511603903606,1,0.0510240268158833,FALSE
"Vitvi06g00679",7,-0.731395721621591,4.0416912620554e-07,0.00284373397198218,1.63903975330385e-06,TRUE
"Vitvi06g00680",920,-0.750289519408583,1.37448227308175e-07,0.000967085727340323,6.46880085177473e-07,TRUE
"Vitvi06g00689",745,-0.731763852262692,3.96103875756545e-07,0.00278698686982305,1.612037906752e-06,TRUE
"Vitvi06g00690",105,-0.602696642800707,0.000100304716366618,0.705743984355526,0.00020739228535204,FALSE
"Vitvi06g00693",620,-0.638571442967416,2.77964224488528e-05,0.195575628350128,6.71158642244777e-05,FALSE
"Vitvi06g00707",68,0.353127065939054,0.0346365270501542,1,0.0385117895582942,FALSE
"Vitvi06g00708",98,-0.36280178007437,0.0296534634974876,1,0.0332921284774729,FALSE
"Vitvi06g00709",81,0.699343934757383,2.08184878043733e-06,0.014647888019157,6.92899149439785e-06,TRUE
"Vitvi06g00741",91,0.602696642800707,0.000100304716366617,0.705743984355515,0.00020739228535204,FALSE
"Vitvi06g00759",8,0.700574828840639,1.96254541153154e-06,0.0138084695155359,6.54740138242576e-06,TRUE
"Vitvi06g00761",1299,-0.871125053513477,4.87284258467059e-12,3.42853204257422e-08,2.4665698148016e-10,TRUE
"Vitvi06g00763",74,-0.517435182162141,0.00123020463625639,1,0.00201765030785547,FALSE
"Vitvi06g00771",32,0.466283592729747,0.00415166163613156,1,0.00549493816249467,FALSE
"Vitvi06g00772",320,0.748050519403322,1.56954374737323e-07,0.0011043309806518,7.29412800958919e-07,TRUE
"Vitvi06g00779",15,0.478898349698169,0.00312849885508842,1,0.00423472834636439,FALSE
"Vitvi06g00780",8,-0.440199493156902,0.00721598030084795,1,0.0091021221579,FALSE
"Vitvi06g00782",196,-0.314428209397787,0.0618077618339936,1,0.0666175570257321,FALSE
"Vitvi06g00783",403,-0.523772082433948,0.00104397040540408,1,0.00172629277847782,FALSE
"Vitvi06g00784",389,0.478898349698169,0.00312849885508842,1,0.00423472834636439,FALSE
"Vitvi06g00796",51,0.750289519408583,1.37448227308174e-07,0.00096708572734031,6.46880085177473e-07,TRUE
"Vitvi06g00800",1013,-0.74411429702662,1.9754523623761e-07,0.00138992828216782,8.81934189192792e-07,TRUE
"Vitvi06g00801",19,-0.0338614994736079,0.844567223530562,1,0.8467333976576,FALSE
"Vitvi06g00812",1380,-0.56155809169443,0.000365919895004428,1,0.000668209805671206,FALSE
"Vitvi06g00819",3,0.217681068044622,0.202185093959943,1,0.208619199457715,FALSE
"Vitvi06g00832",6,0.440199493156902,0.00721598030084792,1,0.0091021221579,FALSE
"Vitvi06g00903",32,0.816811769737353,1.23759826433005e-09,8.70774138782626e-06,1.26935005653447e-08,TRUE
"Vitvi06g00906",988,-0.87985813675672,1.58515090510686e-12,1.11531217683319e-08,1.19926040519698e-10,TRUE
"Vitvi06g00915",4,0.771433338085278,3.65240298083622e-08,0.000256983073731637,2.51205350666317e-07,TRUE
"Vitvi06g00928",144,-0.540331958421819,0.000669447517114842,1,0.00115080203528464,FALSE
"Vitvi06g00931",7,0.250096506469528,0.141259985792001,1,0.147529354316836,FALSE
"Vitvi06g00937",1417,-0.761961512972941,6.72478446764424e-08,0.000473155835143449,4.30925168618806e-07,TRUE
"Vitvi06g00947",1907,-0.884224678378342,8.74713631353133e-13,6.15448511020064e-09,8.4308015208228e-11,TRUE
"Vitvi06g00962",1580,-0.597204297807409,0.000120451339580606,0.847495625289141,0.000245864701273322,FALSE
"Vitvi06g00964",9,0.304753495262471,0.0707229426338605,1,0.0757507420264641,FALSE
"Vitvi06g00978",72,0.179374000833544,0.295200389027218,1,0.301674645925273,FALSE
"Vitvi06g00994",6,-0.39182592248032,0.0181099832764267,1,0.0210649433514528,FALSE
"Vitvi06g00999",28,-0.661853063790958,1.10347350043172e-05,0.0776403954903761,3.10065477197988e-05,FALSE
"Vitvi06g01033",3,0.583558515095565,0.00018714223369946,1,0.00036323662243018,FALSE
"Vitvi06g01035",4,-0.246003375012744,0.148103634614621,1,0.154355972914897,FALSE
"Vitvi06g01055",8,0.381406850320213,0.0217211477857146,1,0.0249477629481373,FALSE
"Vitvi06g01057",1356,-0.626669811555537,4.33091945204675e-05,0.30472349264601,0.000100073396599675,FALSE
"Vitvi06g01058",198,-0.638571442967416,2.77964224488528e-05,0.195575628350128,6.71158642244777e-05,FALSE
"Vitvi06g01097",71,0.653563077075292,1.54713115867317e-05,0.108856148324244,4.2605146115164e-05,FALSE
"Vitvi06g01100",75,0.854242196177249,3.4485174125585e-11,2.42637685147616e-07,7.42011269564575e-10,TRUE
"Vitvi06g01138",15,0.478898349698169,0.00312849885508842,1,0.00423472834636439,FALSE
"Vitvi06g01144",1391,-0.645746403000758,2.10820008752169e-05,0.148332958158026,5.29571432195744e-05,FALSE
"Vitvi06g01163",51,-0.440199493156902,0.00721598030084795,1,0.0091021221579,FALSE
"Vitvi06g01169",1509,-0.401500636615636,0.0152203400780548,1,0.017965158998355,FALSE
"Vitvi06g01172",704,0.411175350750953,0.0127285678576514,1,0.0152881876829012,FALSE
"Vitvi06g01212",330,-0.569833681621598,0.000285923238424702,1,0.000532069797819678,FALSE
"Vitvi06g01226",783,-0.736395269049165,3.06516025902312e-07,0.00215664675824867,1.29840262387036e-06,TRUE
"Vitvi06g01227",1686,-0.552471922567315,0.000476236747738388,1,0.000841064698064083,FALSE
"Vitvi06g01233",535,-0.609871602834049,7.8569440725387e-05,0.552814584943823,0.000168028749223046,FALSE
"Vitvi06g01236",518,-0.243733254616393,0.152001942498159,1,0.158371933572789,FALSE
"Vitvi06g01239",94,-0.478898349698169,0.00312849885508842,1,0.00423472834636439,FALSE
"Vitvi06g01252",51,0.635298043129053,3.14603421705442e-05,0.221354967511949,7.53933813051596e-05,FALSE
"Vitvi06g01255",51,-0.517142614858949,0.00123946871367094,1,0.00203237051255855,FALSE
"Vitvi06g01275",570,-0.401797761867138,0.015138125307633,1,0.017965158998355,FALSE
"Vitvi06g01281",1284,-0.527981513657892,0.000934466565928765,1,0.00155951298811074,FALSE
"Vitvi06g01283",654,0.685449684397965,3.97377629357963e-06,0.0279594900016262,1.2316955947853e-05,TRUE
"Vitvi06g01288",490,-0.353127065939054,0.0346365270501543,1,0.0385117895582942,FALSE
"Vitvi06g01297",583,-0.478898349698169,0.00312849885508842,1,0.00423472834636439,FALSE
"Vitvi06g01306",289,-0.478898349698169,0.00312849885508842,1,0.00423472834636439,FALSE
"Vitvi06g01315",224,-0.720491817516659,7.23788844477713e-07,0.00509257830974519,2.7632003851032e-06,TRUE
"Vitvi06g01321",6,0.562932035766732,0.00035139343912611,1,0.000642349762975139,FALSE
"Vitvi06g01327",60,-0.816811769737353,1.23759826433008e-09,8.70774138782648e-06,1.26935005653447e-08,TRUE
"Vitvi06g01334",1310,-0.829476273338115,4.06241215706204e-10,2.85831319370885e-06,6.54731406210665e-09,TRUE
"Vitvi06g01340",69,-0.478898349698169,0.00312849885508842,1,0.00423472834636439,FALSE
"Vitvi06g01344",27,0.208006353909306,0.223466571725695,1,0.229836397991813,FALSE
"Vitvi06g01346",1294,-0.713238185116801,1.05085825073373e-06,0.00739383865216252,3.82772193350016e-06,TRUE
"Vitvi06g01349",24,-0.279823441300328,0.0983522347340234,1,0.104139401593467,FALSE
"Vitvi06g01354",407,0.631396482934074,3.63959573998373e-05,0.256081956265255,8.4907810432777e-05,FALSE
"Vitvi06g01357",867,-0.602582743783759,0.000100689603007756,0.708452046762569,0.00020739228535204,FALSE
"Vitvi06g01374",24,0.69471251797091,2.59273082141355e-06,0.0182424540594658,8.36809819241548e-06,TRUE
"Vitvi06g01375",158,-0.56038252473518,0.000378771740265836,1,0.000690066795574941,FALSE
"Vitvi06g01378",577,-0.478898349698169,0.00312849885508842,1,0.00423472834636439,FALSE
"Vitvi06g01385",27,0.678679836599203,5.37727468533645e-06,0.0378345046860273,1.6079262509999e-05,TRUE
"Vitvi06g01388",159,-0.478898349698169,0.00312849885508842,1,0.00423472834636439,FALSE
"Vitvi06g01389",1739,-0.552471922567315,0.000476236747738388,1,0.000841064698064083,FALSE
"Vitvi06g01396",162,0.602696642800707,0.000100304716366617,0.705743984355515,0.00020739228535204,FALSE
"Vitvi06g01398",1862,-0.841349263307803,1.31223219777413e-10,9.23286574353881e-07,2.48864305755763e-09,TRUE
"Vitvi06g01408",63,0.478898349698169,0.00312849885508842,1,0.00423472834636439,FALSE
"Vitvi06g01410",97,-0.799794857867825,4.8678475750908e-09,3.42501755383389e-05,4.06771680977901e-08,TRUE
"Vitvi06g01411",4,0.54967457840266,0.000515703904448324,1,0.000903059400621804,FALSE
"Vitvi06g01417",78,0.787340853700365,1.22427146158595e-08,8.61397400371872e-05,9.25238883321023e-08,TRUE
"Vitvi06g01419",7,0.762038276589863,6.69235268411076e-08,0.000470873934854033,4.29237862218815e-07,TRUE
"Vitvi06g01447",44,-0.680676474781128,4.92239733135686e-06,0.0346339876234269,1.49027485470856e-05,TRUE
"Vitvi06g01456",38,0.602582743783759,0.000100689603007755,0.708452046762564,0.00020739228535204,FALSE
"Vitvi06g01462",5,-0.478898349698169,0.00312849885508842,1,0.00423472834636439,FALSE
"Vitvi06g01471",77,0.602696642800707,0.000100304716366617,0.705743984355515,0.00020739228535204,FALSE
"Vitvi06g01480",468,0.701115533676863,1.9121456150538e-06,0.0134538565475186,6.43417338475313e-06,TRUE
"Vitvi06g01481",14,0.437672562033847,0.00759614356666715,1,0.00955083383400109,FALSE
"Vitvi06g01513",425,-0.314428209397787,0.0618077618339936,1,0.0666175570257321,FALSE
"Vitvi06g01516",314,0.697693386650656,2.25225754908551e-06,0.0158468841153656,7.43985169735475e-06,TRUE
"Vitvi06g01527",41,-0.401500636615636,0.0152203400780548,1,0.017965158998355,FALSE
"Vitvi06g01530",82,0.645746403000758,2.10820008752171e-05,0.148332958158028,5.29571432195744e-05,FALSE
"Vitvi06g01531",170,-0.57399680266734,0.000251925466762095,1,0.000472049955829054,FALSE
"Vitvi06g01536",125,-0.750289519408583,1.37448227308175e-07,0.000967085727340323,6.46880085177473e-07,TRUE
"Vitvi06g01537",44,-0.478898349698169,0.00312849885508842,1,0.00423472834636439,FALSE
"Vitvi06g01543",7,-0.659303552759406,1.22567462606555e-05,0.0862384666899723,3.43442718797182e-05,FALSE
"Vitvi06g01546",68,0.39182592248032,0.0181099832764267,1,0.0210649433514528,FALSE
"Vitvi06g01556",1431,-0.799220404782011,5.08651971641992e-09,3.57887527247306e-05,4.24037354558419e-08,TRUE
"Vitvi06g01559",486,-0.622590593905054,5.02079776036085e-05,0.353263330418989,0.000113552983098357,FALSE
"Vitvi06g01569",58,-0.401500636615636,0.0152203400780548,1,0.017965158998355,FALSE
"Vitvi06g01574",469,-0.743193048498106,2.08347142635186e-07,0.00146593049558117,9.27804111127323e-07,TRUE
"Vitvi06g01575",511,-0.745658102622111,1.80593701214531e-07,0.00127065728174544,8.18722475351442e-07,TRUE
"Vitvi06g01593",672,-0.726610643992385,5.23697027742696e-07,0.00368473228719761,2.07707569740564e-06,TRUE
"Vitvi06g01594",478,-0.709563013513484,1.26396083752683e-06,0.00889322845283877,4.50975073673366e-06,TRUE
"Vitvi06g01596",1755,-0.875491595135099,2.808569499545e-12,1.97610949987986e-08,1.81294449530263e-10,TRUE
"Vitvi06g01597",337,-0.420669320206117,0.0106275595152846,1,0.012952625801064,FALSE
"Vitvi06g01598",77,-0.42657426313082,0.00947550232419045,1,0.0117293515751239,FALSE
"Vitvi06g01600",3,0.440199493156902,0.00721598030084792,1,0.0091021221579,FALSE
"Vitvi06g01603",4,0.215980354000497,0.205819987996669,1,0.2123074967812,FALSE
"Vitvi06g01605",3,0.406088370810794,0.013991917943135,1,0.016774090074612,FALSE
"Vitvi06g01606",383,-0.478898349698169,0.00312849885508842,1,0.00423472834636439,FALSE
"Vitvi06g01607",7,0.203220179358353,0.234540958260382,1,0.241050274951804,FALSE
"Vitvi06g01608",4,0.382151208345003,0.0214447164072558,1,0.0246423362145112,FALSE
"Vitvi06g01613",4,-0.478898349698169,0.00312849885508842,1,0.00423472834636439,FALSE
"Vitvi06g01618",104,0.816811769737353,1.23759826433005e-09,8.70774138782626e-06,1.26935005653447e-08,TRUE
"Vitvi06g01635",125,0.645746403000758,2.10820008752171e-05,0.148332958158028,5.29571432195744e-05,FALSE
"Vitvi06g01637",5,-0.816275876347149,1.29488393267206e-09,9.11080335028058e-06,1.31279587179835e-08,TRUE
"Vitvi06g01648",56,0.579248906368666,0.000214217149668945,1,0.00040802162021405,FALSE
"Vitvi06g01658",1398,-0.430524779021586,0.00876561976487687,1,0.0108621965979086,FALSE
"Vitvi06g01665",155,-0.256379924585888,0.131210130347675,1,0.137380130524738,FALSE
"Vitvi06g01667",16,0.631396482934074,3.63959573998373e-05,0.256081956265255,8.4907810432777e-05,FALSE
"Vitvi06g01673",13,-0.401500636615636,0.0152203400780548,1,0.017965158998355,FALSE
"Vitvi06g01678",25,-0.638571442967416,2.77964224488528e-05,0.195575628350128,6.71158642244777e-05,FALSE
"Vitvi06g01682",27,0.392126621254692,0.0180137209543913,1,0.0210649433514528,FALSE
"Vitvi06g01689",256,0.834272315260609,2.60120198907056e-10,1.83020571951005e-06,4.62173161492437e-09,TRUE
"Vitvi06g01690",158,0.478898349698169,0.00312849885508842,1,0.00423472834636439,FALSE
"Vitvi06g01693",326,0.478898349698169,0.00312849885508842,1,0.00423472834636439,FALSE
"Vitvi06g01695",19,-0.420850064886269,0.010590608809886,1,0.0129098273711639,FALSE
"Vitvi06g01718",12,0.725588629880729,5.53108756705168e-07,0.00389167321217756,2.16084020665051e-06,TRUE
"Vitvi06g01725",24,0.709037994563675,1.29744768347651e-06,0.00912884190094076,4.58275195830359e-06,TRUE
"Vitvi06g01739",82,0.430497602000505,0.00877034378520732,1,0.0108621965979086,FALSE
"Vitvi06g01743",63,-0.380272881767113,0.0221479552944204,1,0.0254089374615265,FALSE
"Vitvi06g01753",131,0.602696642800707,0.000100304716366617,0.705743984355515,0.00020739228535204,FALSE
"Vitvi06g01762",589,0.734015646594564,3.49906892876865e-07,0.00246194489828162,1.46631619909567e-06,TRUE
"Vitvi06g01781",31,0.700887740352874,1.9332321858187e-06,0.0136022216594204,6.46493424877393e-06,TRUE
"Vitvi06g01819",15,0.382151208345003,0.0214447164072558,1,0.0246423362145112,FALSE
"Vitvi06g01821",1163,-0.478898349698169,0.00312849885508842,1,0.00423472834636439,FALSE
"Vitvi06g01830",1714,-0.768815186554474,4.33607583457646e-08,0.0003050862957208,2.92508433097603e-07,TRUE
"Vitvi06g01847",1544,-0.726054906433203,5.39506797819202e-07,0.00379596982945591,2.13496615829916e-06,TRUE
"Vitvi06g01850",267,0.385951398872728,0.0200786217961856,1,0.0233008713438829,FALSE
"Vitvi06g01858",5,0.275729352856521,0.103584434864025,1,0.109448878766072,FALSE
"Vitvi06g01910",77,-0.622232181081055,5.08592315170758e-05,0.357845552954145,0.000114510576945327,FALSE
"Vitvi06g01911",27,0.770097521779023,3.98767780862307e-08,0.000280573010614719,2.73196699722219e-07,TRUE
"Vitvi06g01917",103,-0.308714492648636,0.0669584545857293,1,0.0720917653351479,FALSE
"Vitvi06g01924",560,-0.717869601903274,8.29321601172098e-07,0.00583510678584688,3.10874096209211e-06,TRUE
"Vitvi06g01930",1673,-0.884224678378342,8.74713631353133e-13,6.15448511020064e-09,8.4308015208228e-11,TRUE
"Vitvi06g01933",187,-0.657661183679129,1.31078878160574e-05,0.09222709867378,3.63384943553112e-05,FALSE
"Vitvi06g01937",1518,-0.829476273338115,4.06241215706204e-10,2.85831319370885e-06,6.54731406210665e-09,TRUE
"Vitvi06g01944",6,0.572225241877469,0.000265923555645673,1,0.000497881356445705,FALSE
"Vitvi06g01945",856,-0.748744122259241,1.50654856102604e-07,0.00106000756753792,7.03389228625033e-07,TRUE
"Vitvi06g01946",19,0.530534807027005,0.000873110001630482,1,0.00146231896488266,FALSE
"Vitvi06g01949",245,0.675630044089187,6.14654140901832e-06,0.0432470653538529,1.81862984236379e-05,TRUE
"Vitvi06g01950",3,0.314428209397787,0.0618077618339936,1,0.0666175570257321,FALSE
"Vitvi06g01954",373,-0.609132556216191,8.05930710257105e-05,0.567052847736899,0.000170696221474082,FALSE
"Vitvi06g01965",16,0.816811769737353,1.23759826433005e-09,8.70774138782626e-06,1.26935005653447e-08,TRUE
"Vitvi06g04006",7,-0.645746403000758,2.10820008752169e-05,0.148332958158026,5.29571432195744e-05,FALSE
"Vitvi06g04011",34,-0.554773600465765,0.000445803572161639,1,0.000797121711239973,FALSE
"Vitvi06g04012",7,-0.324102923533104,0.0538052002373616,1,0.0584218192700735,FALSE
"Vitvi06g04015",1403,-0.884224678378342,8.74713631353133e-13,6.15448511020064e-09,8.4308015208228e-11,TRUE
"Vitvi06g04017",119,0.198331639773989,0.24622943838985,1,0.252620345364681,FALSE
"Vitvi06g04029",26,-0.478579734602183,0.00315134965383133,1,0.00426074100006865,FALSE
"Vitvi06g04030",3,0.071015057392582,0.680652276760455,1,0.684543942150738,FALSE
"Vitvi06g04033",443,-0.550184244324302,0.000508303496349478,1,0.000891209419465469,FALSE
"Vitvi06g04048",108,-0.750289519408583,1.37448227308175e-07,0.000967085727340323,6.46880085177473e-07,TRUE
"Vitvi06g04049",14,-0.00308761119098182,0.985741062565868,1,0.985881182119893,FALSE
"Vitvi06g04051",8,-0.750289519408583,1.37448227308175e-07,0.000967085727340323,6.46880085177473e-07,TRUE
"Vitvi06g04053",15,-0.275729352856521,0.103584434864025,1,0.109448878766072,FALSE
"Vitvi06g04057",196,-0.484754956984147,0.00273340432550801,1,0.00423472834636439,FALSE
"Vitvi06g04062",1035,-0.440199493156902,0.00721598030084795,1,0.0091021221579,FALSE
"Vitvi06g04066",5,-0.1018911693024,0.554310164147219,1,0.559238072116409,FALSE
"Vitvi06g04071",36,0.11125921255614,0.518275138427944,1,0.523332932545783,FALSE
"Vitvi06g04085",38,-0.469223635562852,0.00389036020229628,1,0.00516366240018047,FALSE
"Vitvi06g04091",149,-0.236773681100278,0.164417351185096,1,0.170801783986171,FALSE
"Vitvi06g04092",1360,-0.87985813675672,1.58515090510686e-12,1.11531217683319e-08,1.19926040519698e-10,TRUE
"Vitvi06g04093",450,-0.0822350701501905,0.633500208816201,1,0.637760404811961,FALSE
"Vitvi06g04094",19,-0.382151208345003,0.0214447164072558,1,0.0246423362145112,FALSE
"Vitvi06g04118",53,-0.866359712001401,8.69442361037601e-12,6.11739645226056e-08,2.88556436427387e-10,TRUE
"Vitvi06g04119",9,0.789157076468506,1.07431838963728e-08,7.55890418948789e-05,8.2162002059651e-08,TRUE
"Vitvi06g04121",71,0.866359712001401,8.69442361037607e-12,6.11739645226061e-08,2.88556436427387e-10,TRUE
"Vitvi06g04123",3,-0.449874207292219,0.00590725996608227,1,0.00756387281553318,FALSE
"Vitvi06g04134",127,-0.648398350106183,1.89995765720117e-05,0.133681020760674,5.16941302245453e-05,FALSE
"Vitvi06g04138",58,-0.581171762700682,0.000201731083518182,1,0.0003846558004428,FALSE
"Vitvi06g04156",18,0.43494658198281,0.00802534476201337,1,0.0100742775638762,FALSE
"Vitvi06g04163",371,-0.430524779021586,0.00876561976487687,1,0.0108621965979086,FALSE
"Vitvi06g04164",37,-0.295078781127154,0.0806150363631191,1,0.0860317603292744,FALSE
"Vitvi06g04173",82,0.854242196177249,3.4485174125585e-11,2.42637685147616e-07,7.42011269564575e-10,TRUE
"Vitvi06g04184",134,0.478898349698169,0.00312849885508842,1,0.00423472834636439,FALSE
"Vitvi06g04190",163,-0.804340628691506,3.42082056998738e-09,2.40688935304312e-05,3.01993645300266e-08,TRUE
"Vitvi06g04208",14,0.182169060267928,0.287614398376729,1,0.294007686616108,FALSE
"Vitvi06g04210",163,0.595521682767366,0.000127313692999973,0.895779143947812,0.000254410435656862,FALSE
"Vitvi06g04211",26,0.538122002500631,0.00071128356377806,1,0.00121117888546525,FALSE
"Vitvi06g04226",5,0.315698241467037,0.0607065836515665,1,0.0657428848041284,FALSE
"Vitvi06g04231",120,-0.709037994563675,1.29744768347651e-06,0.00912884190094076,4.58275195830359e-06,TRUE
"Vitvi06g04249",74,-0.750289519408583,1.37448227308175e-07,0.000967085727340323,6.46880085177473e-07,TRUE
"Vitvi06g04250",82,-0.750289519408583,1.37448227308175e-07,0.000967085727340323,6.46880085177473e-07,TRUE
"Vitvi06g04251",10,-0.0145120712029748,0.933053415183962,1,0.934248445885066,FALSE
"Vitvi06g04257",64,-0.854242196177249,3.44851741255845e-11,2.42637685147612e-07,7.42011269564575e-10,TRUE
"Vitvi06g04309",65,-0.645746403000758,2.10820008752169e-05,0.148332958158026,5.29571432195744e-05,FALSE
"Vitvi06g04312",200,0.584247307520468,0.000183111790540964,1,0.000356442384361397,FALSE
"Vitvi06g04333",4,-0.707234360152588,1.4187836335775e-06,0.00998256164585129,4.99377771178153e-06,TRUE
"Vitvi06g04334",5,-0.631396482934074,3.63959573998368e-05,0.256081956265252,8.4907810432777e-05,FALSE
"Vitvi06g04339",18,-0.540331958421819,0.000669447517114842,1,0.00115080203528464,FALSE
"Vitvi06g04368",3,-0.646642651042071,2.03561248738775e-05,0.143225694612602,5.29571432195744e-05,FALSE
"Vitvi06g04387",6,-0.477751089214984,0.00321146063008591,1,0.00433867837812681,FALSE
"Vitvi06g04405",4,-0.478898349698169,0.00312849885508842,1,0.00423472834636439,FALSE
"Vitvi06g04414",3,0.638571442967416,2.77964224488528e-05,0.195575628350128,6.71158642244777e-05,FALSE
"Vitvi06g04423",28,0.478898349698169,0.00312849885508842,1,0.00423472834636439,FALSE
"Vitvi07g00011",4,0.39182592248032,0.0181099832764267,1,0.0210649433514528,FALSE
"Vitvi07g00012",179,0.768033586424181,4.56200737137454e-08,0.000320982838649913,3.06866958556324e-07,TRUE
"Vitvi07g00029",765,0.72713243547622,5.09241753382608e-07,0.00358302497680003,2.03812569783848e-06,TRUE
"Vitvi07g00035",39,0.237030496315255,0.163946637501507,1,0.170438614282004,FALSE
"Vitvi07g00039",3,0.430524779021586,0.00876561976487691,1,0.0108621965979086,FALSE
"Vitvi07g00040",4,-0.39182592248032,0.0181099832764267,1,0.0210649433514528,FALSE
"Vitvi07g00041",30,-0.617046562867391,6.11763032283906e-05,0.430436469514956,0.000134890777033831,FALSE
"Vitvi07g00055",45,0.478898349698169,0.00312849885508842,1,0.00423472834636439,FALSE
"Vitvi07g00060",24,-0.602696642800707,0.000100304716366618,0.705743984355526,0.00020739228535204,FALSE
"Vitvi07g00064",1615,-0.884224678378342,8.74713631353133e-13,6.15448511020064e-09,8.4308015208228e-11,TRUE
"Vitvi07g00069",124,-0.411175350750953,0.0127285678576514,1,0.0152881876829012,FALSE
"Vitvi07g00071",3,-0.478898349698169,0.00312849885508842,1,0.00423472834636439,FALSE
"Vitvi07g00080",20,-0.641881618378352,2.44890860182794e-05,0.172305209224614,6.09282918050262e-05,FALSE
"Vitvi07g00085",288,-0.478898349698169,0.00312849885508842,1,0.00423472834636439,FALSE
"Vitvi07g00090",623,-0.401500636615636,0.0152203400780548,1,0.017965158998355,FALSE
"Vitvi07g00091",3,-0.645746403000758,2.10820008752169e-05,0.148332958158026,5.29571432195744e-05,FALSE
"Vitvi07g00105",1032,-0.680719445424445,4.91300614626659e-06,0.0345679112451317,1.49027485470856e-05,TRUE
"Vitvi07g00117",69,0.466229289838256,0.00415662745516068,1,0.00549840774102473,FALSE
"Vitvi07g00123",655,-0.586897439463323,0.000168320668249022,1,0.000328243963913558,FALSE
"Vitvi07g00125",27,-0.438837432972955,0.00741881767212038,1,0.00934792284044395,FALSE
"Vitvi07g00128",6,0.401500636615636,0.0152203400780549,1,0.017965158998355,FALSE
"Vitvi07g00141",5,-0.588346722734024,0.000160693769450826,1,0.000313631445729823,FALSE
"Vitvi07g00142",237,0.645746403000758,2.10820008752171e-05,0.148332958158028,5.29571432195744e-05,FALSE
"Vitvi07g00146",52,0.14028335496209,0.414476147144056,1,0.419725701109036,FALSE
"Vitvi07g00151",3,-0.330048161533721,0.0493125080986809,1,0.053851126335918,FALSE
"Vitvi07g00164",586,0.445387245405387,0.00648632975622309,1,0.00828723736422476,FALSE
"Vitvi07g00181",1555,-0.643496584363782,2.30088601590391e-05,0.161890340078999,5.73063150722121e-05,FALSE
"Vitvi07g00187",83,-0.638571442967416,2.77964224488528e-05,0.195575628350128,6.71158642244777e-05,FALSE
"Vitvi07g00188",533,-0.42573780810809,0.00963192720412472,1,0.0119083183637711,FALSE
"Vitvi07g00190",34,-0.495072242300581,0.00214236521236232,1,0.00338658315753342,FALSE
"Vitvi07g00198",7,0.469223635562852,0.00389036020229627,1,0.00516366240018047,FALSE
"Vitvi07g00202",11,-0.602696642800707,0.000100304716366618,0.705743984355526,0.00020739228535204,FALSE
"Vitvi07g00207",119,0.683268956455997,4.38422911146809e-06,0.0308474360282895,1.34470078588882e-05,TRUE
"Vitvi07g00213",1443,-0.819235825519126,1.00667411024502e-09,7.08295903968394e-06,1.26031299638504e-08,TRUE
"Vitvi07g00217",159,0.76943001112677,4.16566771302572e-08,0.00029309638028849,2.84559592513097e-07,TRUE
"Vitvi07g00219",87,-0.353127065939054,0.0346365270501543,1,0.0385117895582942,FALSE
"Vitvi07g00226",535,0.478898349698169,0.00312849885508842,1,0.00423472834636439,FALSE
"Vitvi07g00236",4,0.596032931351327,0.000125192354329375,0.88085340506148,0.000252538246863957,FALSE
"Vitvi07g00237",10,0.258298561200303,0.128249602946178,1,0.134641033471995,FALSE
"Vitvi07g00242",81,0.594545972557979,0.000131452155197497,0.92489736396959,0.00026223344597947,FALSE
"Vitvi07g00243",522,-0.53094704246729,0.000863545476365859,1,0.00145252354093,FALSE
"Vitvi07g00248",719,-0.382151208345003,0.0214447164072558,1,0.0246423362145112,FALSE
"Vitvi07g00251",29,0.545595360752177,0.000578473242887354,1,0.00100970918803161,FALSE
"Vitvi07g00255",5,-0.478898349698169,0.00312849885508842,1,0.00423472834636439,FALSE
"Vitvi07g00256",4,-0.382151208345003,0.0214447164072558,1,0.0246423362145112,FALSE
"Vitvi07g00260",594,-0.725588629880729,5.53108756705168e-07,0.00389167321217756,2.16084020665051e-06,TRUE
"Vitvi07g00283",34,-0.709037994563675,1.29744768347651e-06,0.00912884190094076,4.58275195830359e-06,TRUE
"Vitvi07g00293",8,-0.641424413389407,2.49235599008881e-05,0.175362167462649,6.18779701703065e-05,FALSE
"Vitvi07g00299",568,-0.459548921427535,0.00480814938579871,1,0.00625788736190894,FALSE
"Vitvi07g00313",4,-0.430524779021586,0.00876561976487687,1,0.0108621965979086,FALSE
"Vitvi07g00315",91,-0.222423761033594,0.192285409209952,1,0.198929589648761,FALSE
"Vitvi07g00324",3,-0.645746403000758,2.10820008752169e-05,0.148332958158026,5.29571432195744e-05,FALSE
"Vitvi07g00325",25,-0.471586495135116,0.003690811552788,1,0.00495866910166438,FALSE
"Vitvi07g00327",25,-0.812719176907042,1.74207705456458e-09,1.22572541559164e-05,1.68832701872127e-08,TRUE
"Vitvi07g00329",4,-0.821699636322878,8.1349703423858e-10,5.72376513290265e-06,1.08610344077849e-08,TRUE
"Vitvi07g00348",6,-0.609871602834049,7.8569440725387e-05,0.552814584943823,0.000168028749223046,FALSE
"Vitvi07g00351",1618,-0.875491595135099,2.808569499545e-12,1.97610949987986e-08,1.81294449530263e-10,TRUE
"Vitvi07g00352",674,-0.723551230754522,6.16320832208703e-07,0.00433643337542043,2.38265570078046e-06,TRUE
"Vitvi07g00357",5,0.707062962734838,1.43083923232173e-06,0.0100673848386157,4.99870150874674e-06,TRUE
"Vitvi07g00361",3,0.707062962734838,1.43083923232173e-06,0.0100673848386157,4.99870150874674e-06,TRUE
"Vitvi07g00365",3,-0.295078781127154,0.0806150363631191,1,0.0860317603292744,FALSE
"Vitvi07g00368",267,-0.545296962533973,0.000583320667650517,1,0.00101089759053917,FALSE
"Vitvi07g00378",1356,-0.543634431891869,0.000610994698697925,1,0.00105263435358439,FALSE
"Vitvi07g00381",254,-0.589483118918895,0.000154932061894313,1,0.000305265188319346,FALSE
"Vitvi07g00383",75,-0.750289519408583,1.37448227308175e-07,0.000967085727340323,6.46880085177473e-07,TRUE
"Vitvi07g00386",35,-0.478898349698169,0.00312849885508842,1,0.00423472834636439,FALSE
"Vitvi07g00390",1282,-0.884224678378342,8.74713631353133e-13,6.15448511020064e-09,8.4308015208228e-11,TRUE
"Vitvi07g00393",303,-0.696953156881121,2.33275231669689e-06,0.0164132453002793,7.68050786161878e-06,TRUE
"Vitvi07g00394",84,-0.314428209397787,0.0618077618339936,1,0.0666175570257321,FALSE
"Vitvi07g00399",6,-0.478898349698169,0.00312849885508842,1,0.00423472834636439,FALSE
"Vitvi07g00400",1666,-0.884224678378342,8.74713631353133e-13,6.15448511020064e-09,8.4308015208228e-11,TRUE
"Vitvi07g00401",594,-0.6636595629116,1.02371827438791e-05,0.0720288177859333,2.89040199783039e-05,FALSE
"Vitvi07g00403",230,0.478898349698169,0.00312849885508842,1,0.00423472834636439,FALSE
"Vitvi07g00404",549,0.556734056756734,0.000421261179223091,1,0.000755542609486023,FALSE
"Vitvi07g00405",678,0.62678507176931,4.31273835887367e-05,0.303444270930351,9.9718787686609e-05,FALSE
"Vitvi07g00411",81,-0.330374397435055,0.049074958737865,1,0.0536250053858702,FALSE
"Vitvi07g00413",26,0.478898349698169,0.00312849885508842,1,0.00423472834636439,FALSE
"Vitvi07g00431",19,0.777105642041788,2.49883482017834e-08,0.000175818017947748,1.77773526741909e-07,TRUE
"Vitvi07g00434",608,0.807810199999967,2.5971577342138e-09,1.82736018179283e-05,2.36704686760729e-08,TRUE
"Vitvi07g00441",583,-0.719981915310349,7.43289224995984e-07,0.00522978298707175,2.82996914884835e-06,TRUE
"Vitvi07g00445",628,-0.712333382215692,1.10001840416097e-06,0.00773972949167661,3.98544258067803e-06,TRUE
"Vitvi07g00450",153,-0.740378003562767,2.44817524107697e-07,0.00172253609962176,1.07457024305787e-06,TRUE
"Vitvi07g00454",1080,-0.793634705971654,7.74198268554397e-09,5.44725901754874e-05,6.08632292463546e-08,TRUE
"Vitvi07g00455",3,0.617046562867391,6.11763032283901e-05,0.430436469514953,0.000134890777033831,FALSE
"Vitvi07g00457",226,0.74411429702662,1.97545236237612e-07,0.00138992828216784,8.81934189192792e-07,TRUE
"Vitvi07g00468",4,-0.361250509344873,0.0304102843617543,1,0.0341363689804249,FALSE
"Vitvi07g00470",3,-0.478898349698169,0.00312849885508842,1,0.00423472834636439,FALSE
"Vitvi07g00505",679,-0.478898349698169,0.00312849885508842,1,0.00423472834636439,FALSE
"Vitvi07g00513",309,-0.478898349698169,0.00312849885508842,1,0.00423472834636439,FALSE
"Vitvi07g00515",1339,-0.884224678378342,8.74713631353133e-13,6.15448511020064e-09,8.4308015208228e-11,TRUE
"Vitvi07g00521",127,-0.344398081600404,0.0396995102296854,1,0.0440229714698292,FALSE
"Vitvi07g00523",584,0.724204753141351,5.95356331728367e-07,0.00418892715004079,2.32202170179645e-06,TRUE
"Vitvi07g00526",560,0.609871602834049,7.8569440725387e-05,0.552814584943823,0.000168028749223046,FALSE
"Vitvi07g00534",26,0.478898349698169,0.00312849885508842,1,0.00423472834636439,FALSE
"Vitvi07g00538",249,-0.353127065939054,0.0346365270501543,1,0.0385117895582942,FALSE
"Vitvi07g00563",31,0.550184244324302,0.000508303496349477,1,0.000891209419465469,FALSE
"Vitvi07g00579",4,-0.387447841800455,0.0195609632394898,1,0.0227226246249052,FALSE
"Vitvi07g00582",1508,-0.430524779021586,0.00876561976487687,1,0.0108621965979086,FALSE
"Vitvi07g00586",1036,-0.87985813675672,1.58515090510686e-12,1.11531217683319e-08,1.19926040519698e-10,TRUE
"Vitvi07g00594",10,0.360239683783769,0.0309119088877194,1,0.0346773263606495,FALSE
"Vitvi07g00595",72,0.478898349698169,0.00312849885508842,1,0.00423472834636439,FALSE
"Vitvi07g00604",23,0.478898349698169,0.00312849885508842,1,0.00423472834636439,FALSE
"Vitvi07g00613",614,0.478898349698169,0.00312849885508842,1,0.00423472834636439,FALSE
"Vitvi07g00621",932,-0.420850064886269,0.010590608809886,1,0.0129098273711639,FALSE
"Vitvi07g00626",477,-0.478898349698169,0.00312849885508842,1,0.00423472834636439,FALSE
"Vitvi07g00633",278,-0.304753495262471,0.0707229426338605,1,0.0757507420264641,FALSE
"Vitvi07g00636",9,-0.561359157487907,0.000368067000659128,1,0.000671433605558111,FALSE
"Vitvi07g00654",615,-0.478898349698169,0.00312849885508842,1,0.00423472834636439,FALSE
"Vitvi07g00656",6,0.645746403000758,2.10820008752171e-05,0.148332958158028,5.29571432195744e-05,FALSE
"Vitvi07g00659",326,-0.45202248210053,0.00564613925901834,1,0.00730127473377194,FALSE
"Vitvi07g00664",88,0.854242196177249,3.4485174125585e-11,2.42637685147616e-07,7.42011269564575e-10,TRUE
"Vitvi07g00665",891,-0.491235932432412,0.00234756968614635,1,0.00369932817731818,FALSE
"Vitvi07g00667",869,-0.684288760868618,4.18769069394475e-06,0.0294645917225952,1.28722550120556e-05,TRUE
"Vitvi07g00676",104,0.645746403000758,2.10820008752171e-05,0.148332958158028,5.29571432195744e-05,FALSE
"Vitvi07g00680",322,-0.478898349698169,0.00312849885508842,1,0.00423472834636439,FALSE
"Vitvi07g00690",247,-0.588346722734024,0.000160693769450826,1,0.000313631445729823,FALSE
"Vitvi07g00691",1529,-0.420850064886269,0.010590608809886,1,0.0129098273711639,FALSE
"Vitvi07g00709",3,-0.595521682767366,0.000127313692999972,0.895779143947803,0.000254410435656862,FALSE
"Vitvi07g00731",10,-0.169307497368039,0.323571829826416,1,0.32923375193907,FALSE
"Vitvi07g00735",41,-0.634907764777323,3.19251911720551e-05,0.22462564508658,7.64813228078241e-05,FALSE
"Vitvi07g00736",147,0.634828246856505,3.2020662533188e-05,0.225297381583511,7.65536464775783e-05,FALSE
"Vitvi07g00741",1140,-0.700887740352874,1.93323218581868e-06,0.0136022216594202,6.46493424877393e-06,TRUE
"Vitvi07g00787",241,-0.56230880412029,0.000357917715589878,1,0.000654106245945554,FALSE
"Vitvi07g00795",102,-0.478898349698169,0.00312849885508842,1,0.00423472834636439,FALSE
"Vitvi07g00807",7,0.582921040791066,0.0001909430925043,1,0.000367270530032874,FALSE
"Vitvi07g00814",20,0.828769599783749,4.33317700367311e-10,3.0488233397844e-06,6.64231664441046e-09,TRUE
"Vitvi07g00879",26,-0.602582743783759,0.000100689603007756,0.708452046762569,0.00020739228535204,FALSE
"Vitvi07g00890",120,0.750289519408583,1.37448227308174e-07,0.00096708572734031,6.46880085177473e-07,TRUE
"Vitvi07g00924",251,-0.36280178007437,0.0296534634974876,1,0.0332921284774729,FALSE
"Vitvi07g00939",62,0.256379924585888,0.131210130347675,1,0.137380130524738,FALSE
"Vitvi07g00940",142,0.624221522900733,4.73386834040072e-05,0.333074976430595,0.000107478211174765,FALSE
"Vitvi07g01038",1157,-0.545296962533973,0.000583320667650517,1,0.00101089759053917,FALSE
"Vitvi07g01071",733,-0.829476273338115,4.06241215706204e-10,2.85831319370885e-06,6.54731406210665e-09,TRUE
"Vitvi07g01075",11,0.373097921733771,0.0250128969168012,1,0.0286163809279046,FALSE
"Vitvi07g01078",7,0.416147681933822,0.011588218990186,1,0.0140771251407025,FALSE
"Vitvi07g01097",88,0.854242196177249,3.4485174125585e-11,2.42637685147616e-07,7.42011269564575e-10,TRUE
"Vitvi07g01108",32,0.478898349698169,0.00312849885508842,1,0.00423472834636439,FALSE
"Vitvi07g01113",1417,-0.324102923533104,0.0538052002373616,1,0.0584218192700735,FALSE
"Vitvi07g01120",134,-0.645746403000758,2.10820008752169e-05,0.148332958158026,5.29571432195744e-05,FALSE
"Vitvi07g01124",1721,-0.768815186554474,4.33607583457646e-08,0.0003050862957208,2.92508433097603e-07,TRUE
"Vitvi07g01139",27,-0.478898349698169,0.00312849885508842,1,0.00423472834636439,FALSE
"Vitvi07g01140",110,-0.670011628443056,7.83176070412865e-06,0.0551042683142492,2.27516814428136e-05,FALSE
"Vitvi07g01162",479,0.478898349698169,0.00312849885508842,1,0.00423472834636439,FALSE
"Vitvi07g01164",158,-0.478898349698169,0.00312849885508842,1,0.00423472834636439,FALSE
"Vitvi07g01179",148,-0.382151208345003,0.0214447164072558,1,0.0246423362145112,FALSE
"Vitvi07g01250",1076,-0.750289519408583,1.37448227308175e-07,0.000967085727340323,6.46880085177473e-07,TRUE
"Vitvi07g01255",1331,-0.866758511891856,8.29025229610732e-12,5.83302151554111e-08,2.88556436427387e-10,TRUE
"Vitvi07g01264",419,-0.469223635562852,0.00389036020229628,1,0.00516366240018047,FALSE
"Vitvi07g01266",31,-0.200694727413819,0.240531540844746,1,0.247062762245786,FALSE
"Vitvi07g01267",686,-0.875491595135099,2.808569499545e-12,1.97610949987986e-08,1.81294449530263e-10,TRUE
"Vitvi07g01276",10,-0.624221522900733,4.73386834040076e-05,0.333074976430597,0.000107478211174765,FALSE
"Vitvi07g01277",794,-0.440199493156902,0.00721598030084795,1,0.0091021221579,FALSE
"Vitvi07g01280",844,-0.478898349698169,0.00312849885508842,1,0.00423472834636439,FALSE
"Vitvi07g01288",21,0.863746644600294,1.18326453933294e-11,8.32544929874656e-08,3.83661258006754e-10,TRUE
"Vitvi07g01297",65,-0.589483118918895,0.000154932061894313,1,0.000305265188319346,FALSE
"Vitvi07g01308",110,-0.459197442133872,0.00484474340951935,1,0.00629038837966014,FALSE
"Vitvi07g01315",91,-0.866359712001401,8.69442361037601e-12,6.11739645226056e-08,2.88556436427387e-10,TRUE
"Vitvi07g01323",45,-0.0145120712029748,0.933053415183962,1,0.934248445885066,FALSE
"Vitvi07g01326",551,-0.324102923533104,0.0538052002373616,1,0.0584218192700735,FALSE
"Vitvi07g01330",267,-0.645746403000758,2.10820008752169e-05,0.148332958158026,5.29571432195744e-05,FALSE
"Vitvi07g01342",315,-0.778996410027291,2.1964786848702e-08,0.000154544240267467,1.58832723810346e-07,TRUE
"Vitvi07g01354",3,-0.748050519403322,1.56954374737321e-07,0.00110433098065179,7.29412800958919e-07,TRUE
"Vitvi07g01359",302,0.478898349698169,0.00312849885508842,1,0.00423472834636439,FALSE
"Vitvi07g01364",247,-0.757765461213755,8.7352027677505e-08,0.000614608866738925,5.41505609461608e-07,TRUE
"Vitvi07g01365",162,-0.631396482934074,3.63959573998368e-05,0.256081956265252,8.4907810432777e-05,FALSE
"Vitvi07g01380",35,-0.581171762700682,0.000201731083518182,1,0.0003846558004428,FALSE
"Vitvi07g01394",22,0.765761034128769,5.28218853687821e-08,0.000371654785454751,3.50287262445571e-07,TRUE
"Vitvi07g01396",465,-0.516597122400606,0.00125690591977388,1,0.00205282963127414,FALSE
"Vitvi07g01406",1337,-0.478898349698169,0.00312849885508842,1,0.00423472834636439,FALSE
"Vitvi07g01407",54,0.854242196177249,3.4485174125585e-11,2.42637685147616e-07,7.42011269564575e-10,TRUE
"Vitvi07g01412",8,0.609132556216191,8.05930710257105e-05,0.567052847736899,0.000170696221474082,FALSE
"Vitvi07g01414",397,0.552682403185747,0.000473378889663964,1,0.000841064698064083,FALSE
"Vitvi07g01415",638,-0.849805034798334,5.53912244528736e-11,3.89732655250419e-07,1.12314886239314e-09,TRUE
"Vitvi07g01428",5,-0.14028335496209,0.414476147144056,1,0.419725701109036,FALSE
"Vitvi07g01433",61,0.620609849387347,5.39036718218734e-05,0.379266234938701,0.000120708540718874,FALSE
"Vitvi07g01439",1673,-0.545296962533973,0.000583320667650517,1,0.00101089759053917,FALSE
"Vitvi07g01457",18,0.478898349698169,0.00312849885508842,1,0.00423472834636439,FALSE
"Vitvi07g01471",793,0.478898349698169,0.00312849885508842,1,0.00423472834636439,FALSE
"Vitvi07g01473",1021,-0.353127065939054,0.0346365270501543,1,0.0385117895582942,FALSE
"Vitvi07g01476",185,-0.645746403000758,2.10820008752169e-05,0.148332958158026,5.29571432195744e-05,FALSE
"Vitvi07g01494",6,0.430524779021586,0.00876561976487691,1,0.0108621965979086,FALSE
"Vitvi07g01495",212,0.478898349698169,0.00312849885508842,1,0.00423472834636439,FALSE
"Vitvi07g01502",42,-0.471586495135116,0.003690811552788,1,0.00495866910166438,FALSE
"Vitvi07g01506",22,0.440199493156902,0.00721598030084792,1,0.0091021221579,FALSE
"Vitvi07g01520",9,-0.487818140259808,0.002544651100734,1,0.00398490210210649,FALSE
"Vitvi07g01530",97,-0.460054067456292,0.00475597470295148,1,0.00625788736190894,FALSE
"Vitvi07g01535",933,-0.77082643582936,3.80135964952999e-08,0.00026746366494093,2.61194985293877e-07,TRUE
"Vitvi07g01578",107,-0.411175350750953,0.0127285678576514,1,0.0152881876829012,FALSE
"Vitvi07g01591",1098,-0.550184244324302,0.000508303496349478,1,0.000891209419465469,FALSE
"Vitvi07g01595",70,-0.469223635562852,0.00389036020229628,1,0.00516366240018047,FALSE
"Vitvi07g01598",9,-0.301348321400354,0.0740899184807144,1,0.0793087884421583,FALSE
"Vitvi07g01599",1158,-0.741026685835638,2.35927407095584e-07,0.00165998523632453,1.03878925927694e-06,TRUE
"Vitvi07g01600",123,-0.473547362200556,0.00353201719882765,1,0.00475349522015139,FALSE
"Vitvi07g01602",23,-0.215707156108099,0.206408086382018,1,0.212882922278493,FALSE
"Vitvi07g01604",9,-0.638571442967416,2.77964224488528e-05,0.195575628350128,6.71158642244777e-05,FALSE
"Vitvi07g01612",1483,-0.892442489157479,2.67099144709296e-13,1.8793095821746e-09,7.51723832869841e-11,TRUE
"Vitvi07g01614",761,-0.687730305405377,3.58235494875039e-06,0.0252054494194078,1.11825418897106e-05,TRUE
"Vitvi07g01622",23,-0.36280178007437,0.0296534634974876,1,0.0332921284774729,FALSE
"Vitvi07g01627",1365,-0.701115533676863,1.91214561505384e-06,0.0134538565475188,6.43417338475313e-06,TRUE
"Vitvi07g01635",10,-0.411175350750953,0.0127285678576514,1,0.0152881876829012,FALSE
"Vitvi07g01636",1558,-0.582933306486462,0.000190869311580325,1,0.000367270530032874,FALSE
"Vitvi07g01637",767,-0.478898349698169,0.00312849885508842,1,0.00423472834636439,FALSE
"Vitvi07g01645",4,-0.657661183679129,1.31078878160574e-05,0.09222709867378,3.63384943553112e-05,FALSE
"Vitvi07g01662",146,0.343452351803737,0.0402822983143647,1,0.0443754894222436,FALSE
"Vitvi07g01663",8,0.478898349698169,0.00312849885508842,1,0.00423472834636439,FALSE
"Vitvi07g01665",148,-0.440199493156902,0.00721598030084795,1,0.0091021221579,FALSE
"Vitvi07g01669",4,-0.459548921427535,0.00480814938579871,1,0.00625788736190894,FALSE
"Vitvi07g01671",20,0.484754956984147,0.00273340432550801,1,0.00423472834636439,FALSE
"Vitvi07g01679",76,-0.16502408076686,0.336141768180344,1,0.341825911391372,FALSE
"Vitvi07g01683",1525,-0.552471922567315,0.000476236747738388,1,0.000841064698064083,FALSE
"Vitvi07g01686",408,-0.314428209397787,0.0618077618339936,1,0.0666175570257321,FALSE
"Vitvi07g01697",807,-0.748050519403322,1.56954374737321e-07,0.00110433098065179,7.29412800958919e-07,TRUE
"Vitvi07g01698",1569,-0.372476494209687,0.0252748166470032,1,0.0287152607667228,FALSE
"Vitvi07g01699",1620,-0.829476273338115,4.06241215706204e-10,2.85831319370885e-06,6.54731406210665e-09,TRUE
"Vitvi07g01709",1387,-0.706214555739967,1.4919087330318e-06,0.0104970698456117,5.17606994359553e-06,TRUE
"Vitvi07g01714",63,0.638571442967416,2.77964224488528e-05,0.195575628350128,6.71158642244777e-05,FALSE
"Vitvi07g01718",56,0.750289519408583,1.37448227308174e-07,0.00096708572734031,6.46880085177473e-07,TRUE
"Vitvi07g01719",39,0.750289519408583,1.37448227308174e-07,0.00096708572734031,6.46880085177473e-07,TRUE
"Vitvi07g01723",13,-0.351573041633746,0.0354971658889758,1,0.0394375586917471,FALSE
"Vitvi07g01729",627,-0.333777637668421,0.0466511603903606,1,0.0510240268158833,FALSE
"Vitvi07g01731",346,-0.324102923533104,0.0538052002373616,1,0.0584218192700735,FALSE
"Vitvi07g01732",1665,-0.884224678378342,8.74713631353133e-13,6.15448511020064e-09,8.4308015208228e-11,TRUE
"Vitvi07g01733",801,-0.510885369729709,0.00145288586363363,1,0.00235378884101457,FALSE
"Vitvi07g01734",705,-0.530534807027005,0.000873110001630482,1,0.00146231896488266,FALSE
"Vitvi07g01735",722,-0.631396482934074,3.63959573998368e-05,0.256081956265252,8.4907810432777e-05,FALSE
"Vitvi07g01736",960,-0.814115601609632,1.55170655744904e-09,1.09178073382114e-05,1.51216168119272e-08,TRUE
"Vitvi07g01737",55,-0.462481301123574,0.00451203979895274,1,0.0059461906771739,FALSE
"Vitvi07g01739",1170,-0.566821842633998,0.000313017471211837,1,0.0005779036807784,FALSE
"Vitvi07g01742",74,-0.478898349698169,0.00312849885508842,1,0.00423472834636439,FALSE
"Vitvi07g01749",5,-0.275729352856521,0.103584434864025,1,0.109448878766072,FALSE
"Vitvi07g01752",20,-0.459548921427535,0.00480814938579871,1,0.00625788736190894,FALSE
"Vitvi07g01769",29,-0.645746403000758,2.10820008752169e-05,0.148332958158026,5.29571432195744e-05,FALSE
"Vitvi07g01777",16,-0.057399680266734,0.73949815411004,1,0.743088976337938,FALSE
"Vitvi07g01791",14,-0.54187576401731,0.00064153220242989,1,0.00110443371086291,FALSE
"Vitvi07g01796",1500,-0.645746403000758,2.10820008752169e-05,0.148332958158026,5.29571432195744e-05,FALSE
"Vitvi07g01805",3,0.0916973740540502,0.594802119441526,1,0.599402422284528,FALSE
"Vitvi07g01807",492,0.617046562867391,6.11763032283901e-05,0.430436469514953,0.000134890777033831,FALSE
"Vitvi07g01813",6,0.435353177928437,0.00796004100888778,1,0.00999408432165142,FALSE
"Vitvi07g01814",374,0.747115271459428,1.6583331123891e-07,0.00116680317787697,7.68139024277138e-07,TRUE
"Vitvi07g01829",550,0.812880717433414,1.71899554350354e-09,1.20948526440909e-05,1.67055975747112e-08,TRUE
"Vitvi07g01846",1822,-0.478898349698169,0.00312849885508842,1,0.00423472834636439,FALSE
"Vitvi07g01847",30,-0.349283011322655,0.0367970914519091,1,0.0408624266817602,FALSE
"Vitvi07g01869",27,-0.120416836448291,0.484205450928452,1,0.489141357176251,FALSE
"Vitvi07g01880",24,0.686105636929664,3.85737206962773e-06,0.0271404698819007,1.20090574698676e-05,TRUE
"Vitvi07g01881",7,0.566782917463635,0.000313382159426537,1,0.000578121886136633,FALSE
"Vitvi07g01887",29,0.459548921427535,0.00480814938579871,1,0.00625788736190894,FALSE
"Vitvi07g01888",20,0.601264219389996,0.000105242977616435,0.740489590509234,0.00021588617799103,FALSE
"Vitvi07g01893",22,-0.523984994594573,0.00103817108302138,1,0.00172196410658615,FALSE
"Vitvi07g01898",835,-0.673070912329788,6.86813950157651e-06,0.0483242295330923,2.00598711220807e-05,TRUE
"Vitvi07g01908",29,-0.432287620540523,0.00846379623972504,1,0.0106133078493504,FALSE
"Vitvi07g01909",63,-0.686348778737637,3.81502240835494e-06,0.0268424976651854,1.18824690859608e-05,TRUE
"Vitvi07g01916",1144,-0.815129354419202,1.42580956091385e-09,1.00319960705899e-05,1.41694859754094e-08,TRUE
"Vitvi07g01920",119,-0.478136307567548,0.00318339348719661,1,0.00430158566850689,FALSE
"Vitvi07g01921",1284,-0.72151162192928,6.86190536909843e-07,0.00482803661769765,2.62535977036305e-06,TRUE
"Vitvi07g01927",32,0.609871602834049,7.8569440725387e-05,0.552814584943823,0.000168028749223046,FALSE
"Vitvi07g01929",6,0.315698241467037,0.0607065836515665,1,0.0657428848041284,FALSE
"Vitvi07g01930",1201,-0.596032931351327,0.000125192354329375,0.88085340506148,0.000252538246863957,FALSE
"Vitvi07g01948",688,-0.53094704246729,0.000863545476365859,1,0.00145252354093,FALSE
"Vitvi07g01951",234,-0.750289519408583,1.37448227308175e-07,0.000967085727340323,6.46880085177473e-07,TRUE
"Vitvi07g01954",212,-0.304753495262471,0.0707229426338605,1,0.0757507420264641,FALSE
"Vitvi07g01965",108,0.295078781127154,0.080615036363119,1,0.0860317603292744,FALSE
"Vitvi07g01970",688,-0.824830680669811,6.17603010054607e-10,4.34545477874422e-06,8.88695225829135e-09,TRUE
"Vitvi07g01985",375,0.54967457840266,0.000515703904448324,1,0.000903059400621804,FALSE
"Vitvi07g01989",24,0.35507528696291,0.0335816960093089,1,0.0376063684738974,FALSE
"Vitvi07g01990",5,-0.117227615101194,0.495937174139122,1,0.500920751829294,FALSE
"Vitvi07g02000",84,0.646642651042071,2.03561248738774e-05,0.143225694612601,5.29571432195744e-05,FALSE
"Vitvi07g02005",1511,-0.726610643992385,5.23697027742696e-07,0.00368473228719761,2.07707569740564e-06,TRUE
"Vitvi07g02006",1039,-0.635373239678186,3.13714858788357e-05,0.220729774643488,7.53933813051596e-05,FALSE
"Vitvi07g02029",1588,-0.829476273338115,4.06241215706204e-10,2.85831319370885e-06,6.54731406210665e-09,TRUE
"Vitvi07g02034",17,-0.39182592248032,0.0181099832764267,1,0.0210649433514528,FALSE
"Vitvi07g02041",690,-0.609871602834049,7.8569440725387e-05,0.552814584943823,0.000168028749223046,FALSE
"Vitvi07g02042",13,0.515631068893965,0.00128831771912162,1,0.00209731686065241,FALSE
"Vitvi07g02062",56,0.816811769737353,1.23759826433005e-09,8.70774138782626e-06,1.26935005653447e-08,TRUE
"Vitvi07g02065",46,-0.750289519408583,1.37448227308175e-07,0.000967085727340323,6.46880085177473e-07,TRUE
"Vitvi07g02067",3,-0.369167788796445,0.0267078134006425,1,0.0303188407691063,FALSE
"Vitvi07g02094",34,-0.750289519408583,1.37448227308175e-07,0.000967085727340323,6.46880085177473e-07,TRUE
"Vitvi07g02102",48,0.848818436201521,6.14198049747315e-11,4.32149747802211e-07,1.22422024873147e-09,TRUE
"Vitvi07g02110",1220,-0.811197641171135,1.97404473660502e-09,1.38893787667529e-05,1.87072561573802e-08,TRUE
"Vitvi07g02111",1047,-0.337223121567062,0.0442962269402098,1,0.0487286198798181,FALSE
"Vitvi07g02114",1053,-0.750289519408583,1.37448227308175e-07,0.000967085727340323,6.46880085177473e-07,TRUE
"Vitvi07g02119",696,-0.805869055826827,3.03195837581397e-09,2.13328591322271e-05,2.73498194002912e-08,TRUE
"Vitvi07g02121",15,-0.478898349698169,0.00312849885508842,1,0.00423472834636439,FALSE
"Vitvi07g02123",8,-0.748744122259241,1.50654856102604e-07,0.00106000756753792,7.03389228625033e-07,TRUE
"Vitvi07g02130",3,-0.36280178007437,0.0296534634974876,1,0.0332921284774729,FALSE
"Vitvi07g02131",21,0.669834357002478,7.89120547599315e-06,0.0555225217290878,2.28675954403162e-05,FALSE
"Vitvi07g02132",26,0.538122002500631,0.00071128356377806,1,0.00121117888546525,FALSE
"Vitvi07g02137",1177,-0.673070912329788,6.86813950157651e-06,0.0483242295330923,2.00598711220807e-05,TRUE
"Vitvi07g02144",967,0.682249152043376,4.58916154589422e-06,0.0322893406369118,1.4038843755179e-05,TRUE
"Vitvi07g02147",9,0.645746403000758,2.10820008752171e-05,0.148332958158028,5.29571432195744e-05,FALSE
"Vitvi07g02158",1384,-0.695506609407448,2.49770503451919e-06,0.017573852622877,8.1587059530534e-06,TRUE
"Vitvi07g02167",36,-0.314428209397787,0.0618077618339936,1,0.0666175570257321,FALSE
"Vitvi07g02178",88,0.478898349698169,0.00312849885508842,1,0.00423472834636439,FALSE
"Vitvi07g02185",502,0.693406809513485,2.75619821044819e-06,0.0193926106087134,8.8631675542566e-06,TRUE
"Vitvi07g02188",223,-0.760088730172259,7.5624164511901e-08,0.000532091621505735,4.80227095221783e-07,TRUE
"Vitvi07g02190",37,0.420850064886269,0.010590608809886,1,0.0129098273711639,FALSE
"Vitvi07g02198",19,-0.314428209397787,0.0618077618339936,1,0.0666175570257321,FALSE
"Vitvi07g02208",286,-0.478898349698169,0.00312849885508842,1,0.00423472834636439,FALSE
"Vitvi07g02211",11,-0.275729352856521,0.103584434864025,1,0.109448878766072,FALSE
"Vitvi07g02212",1243,-0.372476494209687,0.0252748166470032,1,0.0287152607667228,FALSE
"Vitvi07g02213",705,-0.798754929881148,5.27034919958902e-09,3.70821769683084e-05,4.29689188508788e-08,TRUE
"Vitvi07g02221",67,0.76337883741555,6.14875710994799e-08,0.00043262655025594,4.0095139041329e-07,TRUE
"Vitvi07g02226",10,-0.246705210450572,0.146913319045593,1,0.15316078127201,FALSE
"Vitvi07g02229",3,0.693467000582206,2.74845999043983e-06,0.0193381644927347,8.84232487093491e-06,TRUE
"Vitvi07g02231",1264,-0.711313577803071,1.15795074343497e-06,0.00814734143080846,4.15892875487926e-06,TRUE
"Vitvi07g02233",975,-0.556734056756734,0.000421261179223091,1,0.000755542609486023,FALSE
"Vitvi07g02243",36,-0.537084619459437,0.000731709404133355,1,0.00124115413873729,FALSE
"Vitvi07g02244",16,-0.478136307567548,0.00318339348719661,1,0.00430158566850689,FALSE
"Vitvi07g02246",423,-0.798754929881148,5.27034919958902e-09,3.70821769683084e-05,4.29689188508788e-08,TRUE
"Vitvi07g02247",1449,-0.478898349698169,0.00312849885508842,1,0.00423472834636439,FALSE
"Vitvi07g02249",679,-0.802184918519816,4.04831829385286e-09,2.84839675155487e-05,3.51220314618357e-08,TRUE
"Vitvi07g02251",17,-0.478898349698169,0.00312849885508842,1,0.00423472834636439,FALSE
"Vitvi07g02267",8,0.478898349698169,0.00312849885508842,1,0.00423472834636439,FALSE
"Vitvi07g02277",29,0.660508884324796,1.16644458253713e-05,0.0820710408273121,3.27106579622607e-05,FALSE
"Vitvi07g02291",3,0.333777637668421,0.0466511603903606,1,0.0510240268158833,FALSE
"Vitvi07g02294",131,-0.63533180594592,3.14204180292241e-05,0.221074061253621,7.53933813051596e-05,FALSE
"Vitvi07g02295",38,0.39182592248032,0.0181099832764267,1,0.0210649433514528,FALSE
"Vitvi07g02298",15,-0.604749237293735,9.35919059066925e-05,0.658512649959488,0.000196864768298801,FALSE
"Vitvi07g02309",100,-0.502247202333923,0.00180036184177854,1,0.00287567444239588,FALSE
"Vitvi07g02323",146,0.750289519408583,1.37448227308174e-07,0.00096708572734031,6.46880085177473e-07,TRUE
"Vitvi07g02345",895,-0.759552352981529,7.81948005924383e-08,0.000550178616968396,4.90355273590371e-07,TRUE
"Vitvi07g02362",43,0.816811769737353,1.23759826433005e-09,8.70774138782626e-06,1.26935005653447e-08,TRUE
"Vitvi07g02382",246,0.569664264736147,0.000287389723446793,1,0.000534516017491841,FALSE
"Vitvi07g02402",69,-0.816811769737353,1.23759826433008e-09,8.70774138782648e-06,1.26935005653447e-08,TRUE
"Vitvi07g02412",42,-0.633679158998682,3.34294811121902e-05,0.23520982910537,7.9705126772406e-05,FALSE
"Vitvi07g02425",52,0.645746403000758,2.10820008752171e-05,0.148332958158028,5.29571432195744e-05,FALSE
"Vitvi07g02430",51,0.478898349698169,0.00312849885508842,1,0.00423472834636439,FALSE
"Vitvi07g02513",700,0.353127065939054,0.0346365270501542,1,0.0385117895582942,FALSE
"Vitvi07g02538",92,-0.62142415962689,5.23555526238148e-05,0.368373668261161,0.00011772888087605,FALSE
"Vitvi07g02558",245,0.689897685138033,3.24336512260014e-06,0.0228203170026146,1.02287391316067e-05,TRUE
"Vitvi07g02572",187,-0.256379924585888,0.131210130347675,1,0.137380130524738,FALSE
"Vitvi07g02577",83,0.478898349698169,0.00312849885508842,1,0.00423472834636439,FALSE
"Vitvi07g02588",1158,-0.737939074644656,2.81075640112032e-07,0.00197764820382825,1.20661879428203e-06,TRUE
"Vitvi07g02589",28,0.645746403000758,2.10820008752171e-05,0.148332958158028,5.29571432195744e-05,FALSE
"Vitvi07g02605",37,-0.43998459471491,0.00724766359625821,1,0.00914044829956493,FALSE
"Vitvi07g02608",54,-0.748744122259241,1.50654856102604e-07,0.00106000756753792,7.03389228625033e-07,TRUE
"Vitvi07g02610",6,-0.215248801000253,0.20739737841139,1,0.213840556052542,FALSE
"Vitvi07g02613",9,0.662362965997269,1.08040742630216e-05,0.0760174665146201,3.04679224507495e-05,FALSE
"Vitvi07g02637",882,-0.833655021565093,2.75698823891264e-10,1.93981692489894e-06,4.84954231224734e-09,TRUE
"Vitvi07g02648",78,-0.545296962533973,0.000583320667650517,1,0.00101089759053917,FALSE
"Vitvi07g02649",356,-0.645746403000758,2.10820008752169e-05,0.148332958158026,5.29571432195744e-05,FALSE
"Vitvi07g02674",4,-0.618281131259524,5.85619449722182e-05,0.412041844824527,0.000130765422032538,FALSE
"Vitvi07g02676",58,0.407290538255247,0.0136842081293547,1,0.0164135847934095,FALSE
"Vitvi07g02681",14,0.478898349698169,0.00312849885508842,1,0.00423472834636439,FALSE
"Vitvi07g02682",4,-0.170295123243236,0.320715651051334,1,0.326942237148244,FALSE
"Vitvi07g02686",40,-0.832547156274335,3.0585442937082e-10,2.15199176505309e-06,5.2874490541845e-09,TRUE
"Vitvi07g02696",73,-0.639417366713299,2.69147767032216e-05,0.189372368883867,6.66334865882722e-05,FALSE
"Vitvi07g02717",21,-0.449874207292219,0.00590725996608227,1,0.00756387281553318,FALSE
"Vitvi07g02734",184,-0.736808688118594,2.99503258679439e-07,0.00210730492806853,1.27329602904443e-06,TRUE
"Vitvi07g02752",823,-0.596032931351327,0.000125192354329375,0.88085340506148,0.000252538246863957,FALSE
"Vitvi07g02759",638,-0.556734056756734,0.000421261179223091,1,0.000755542609486023,FALSE
"Vitvi07g02789",1619,-0.884224678378342,8.74713631353133e-13,6.15448511020064e-09,8.4308015208228e-11,TRUE
"Vitvi07g02817",539,-0.566821842633998,0.000313017471211837,1,0.0005779036807784,FALSE
"Vitvi07g02832",142,-0.837970916250063,1.82656115104778e-10,1.28516842587722e-06,3.32945188051094e-09,TRUE
"Vitvi07g02853",61,0.750289519408583,1.37448227308174e-07,0.00096708572734031,6.46880085177473e-07,TRUE
"Vitvi07g02896",1433,-0.552682403185747,0.000473378889663964,1,0.000841064698064083,FALSE
"Vitvi07g02902",18,-0.697693386650656,2.25225754908549e-06,0.0158468841153655,7.43985169735475e-06,TRUE
"Vitvi07g02920",47,-0.767462036565592,4.73405239501664e-08,0.000333087926513371,3.16322817201682e-07,TRUE
"Vitvi07g02979",45,-0.486658850568688,0.0026147035982212,1,0.00409369259392175,FALSE
"Vitvi07g02983",319,-0.460054067456292,0.00475597470295148,1,0.00625788736190894,FALSE
"Vitvi07g02990",16,-0.48134768275706,0.00295759770606941,1,0.00423472834636439,FALSE
"Vitvi07g03049",3,-0.107624400500126,0.532118225928425,1,0.537002845328801,FALSE
"Vitvi07g03061",1079,-0.704684849121036,1.60809274047068e-06,0.0113145405219517,5.5627042880786e-06,TRUE
"Vitvi07g03063",756,-0.478898349698169,0.00312849885508842,1,0.00423472834636439,FALSE
"Vitvi07g03072",1563,-0.617046562867391,6.11763032283906e-05,0.430436469514956,0.000134890777033831,FALSE
"Vitvi07g03086",100,-0.750289519408583,1.37448227308175e-07,0.000967085727340323,6.46880085177473e-07,TRUE
"Vitvi07g03194",22,-0.242046948448833,0.154945625658694,1,0.161415075826854,FALSE
"Vitvi07g04017",5,-0.246705210450572,0.146913319045593,1,0.15316078127201,FALSE
"Vitvi07g04023",30,-0.459548921427535,0.00480814938579871,1,0.00625788736190894,FALSE
"Vitvi07g04026",16,-0.640970347085562,2.53619620580653e-05,0.178446765040548,6.28555001904007e-05,FALSE
"Vitvi07g04030",18,-0.478898349698169,0.00312849885508842,1,0.00423472834636439,FALSE
"Vitvi07g04033",988,-0.478898349698169,0.00312849885508842,1,0.00423472834636439,FALSE
"Vitvi07g04040",1383,-0.837121377562538,1.98260958759278e-10,1.39496410583028e-06,3.59526831399557e-09,TRUE
"Vitvi07g04061",6,-0.478898349698169,0.00312849885508842,1,0.00423472834636439,FALSE
"Vitvi07g04088",86,-0.382151208345003,0.0214447164072558,1,0.0246423362145112,FALSE
"Vitvi07g04089",209,-0.478898349698169,0.00312849885508842,1,0.00423472834636439,FALSE
"Vitvi07g04101",3,-0.256379924585888,0.131210130347675,1,0.137380130524738,FALSE
"Vitvi07g04118",6,0.750289519408583,1.37448227308174e-07,0.00096708572734031,6.46880085177473e-07,TRUE
"Vitvi07g04123",75,-0.478898349698169,0.00312849885508842,1,0.00423472834636439,FALSE
"Vitvi07g04124",21,-0.39182592248032,0.0181099832764267,1,0.0210649433514528,FALSE
"Vitvi07g04159",1129,-0.545296962533973,0.000583320667650517,1,0.00101089759053917,FALSE
"Vitvi07g04167",9,-0.713224436808306,1.05158989446501e-06,0.00739898649745581,3.82772193350016e-06,TRUE
"Vitvi07g04226",5,0.581171762700682,0.000201731083518181,1,0.0003846558004428,FALSE
"Vitvi07g04239",7,0.411175350750953,0.0127285678576514,1,0.0152881876829012,FALSE
"Vitvi07g04259",32,0.545296962533973,0.000583320667650517,1,0.00101089759053917,FALSE
"Vitvi07g04261",551,-0.750289519408583,1.37448227308175e-07,0.000967085727340323,6.46880085177473e-07,TRUE
"Vitvi07g04265",15,0.637291797148107,2.91799556594364e-05,0.205310168019794,7.03117013766419e-05,FALSE
"Vitvi07g04268",334,-0.731727210389712,3.96899963641177e-07,0.00279258814417932,1.612037906752e-06,TRUE
"Vitvi07g04310",988,-0.726610643992385,5.23697027742696e-07,0.00368473228719761,2.07707569740564e-06,TRUE
"Vitvi07g04311",271,-0.266054638721205,0.116785634586865,1,0.122991127818169,FALSE
"Vitvi07g04312",246,-0.469223635562852,0.00389036020229628,1,0.00516366240018047,FALSE
"Vitvi07g04313",100,-0.645746403000758,2.10820008752169e-05,0.148332958158026,5.29571432195744e-05,FALSE
"Vitvi07g04326",133,-0.731727210389712,3.96899963641177e-07,0.00279258814417932,1.612037906752e-06,TRUE
"Vitvi07g04330",6,-0.0932744804334428,0.588453868804483,1,0.593259982935713,FALSE
"Vitvi07g04337",781,-0.737939074644656,2.81075640112032e-07,0.00197764820382825,1.20661879428203e-06,TRUE
"Vitvi07g04338",79,0.854242196177249,3.4485174125585e-11,2.42637685147616e-07,7.42011269564575e-10,TRUE
"Vitvi07g04339",92,0.854242196177249,3.4485174125585e-11,2.42637685147616e-07,7.42011269564575e-10,TRUE
"Vitvi07g04340",84,0.854242196177249,3.4485174125585e-11,2.42637685147616e-07,7.42011269564575e-10,TRUE
"Vitvi07g04364",59,0.478898349698169,0.00312849885508842,1,0.00423472834636439,FALSE
"Vitvi07g04366",126,-0.645746403000758,2.10820008752169e-05,0.148332958158026,5.29571432195744e-05,FALSE
"Vitvi07g04371",84,0.854242196177249,3.4485174125585e-11,2.42637685147616e-07,7.42011269564575e-10,TRUE
"Vitvi07g04372",78,0.854242196177249,3.4485174125585e-11,2.42637685147616e-07,7.42011269564575e-10,TRUE
"Vitvi07g04373",74,0.732662225581432,3.7703921457575e-07,0.00265284791375497,1.57439045326705e-06,TRUE
"Vitvi07g04375",262,-0.844968114174206,9.12899289305455e-11,6.42315939955318e-07,1.79189134792846e-09,TRUE
"Vitvi07g04376",16,0.473547362200556,0.00353201719882767,1,0.00475349522015139,FALSE
"Vitvi07g04379",3,0.425422796738205,0.00969140425450467,1,0.011979747072153,FALSE
"Vitvi07g04380",665,-0.478898349698169,0.00312849885508842,1,0.00423472834636439,FALSE
"Vitvi07g04381",32,0.497105401748074,0.00204011412841991,1,0.0032358527970159,FALSE
"Vitvi07g04382",44,-0.571208070331638,0.00027427150802485,1,0.000512420162098472,FALSE
"Vitvi07g04389",675,-0.478898349698169,0.00312849885508842,1,0.00423472834636439,FALSE
"Vitvi07g04390",1507,-0.798754929881148,5.27034919958902e-09,3.70821769683084e-05,4.29689188508788e-08,TRUE
"Vitvi07g04391",451,-0.478898349698169,0.00312849885508842,1,0.00423472834636439,FALSE
"Vitvi07g04392",10,-0.750289519408583,1.37448227308175e-07,0.000967085727340323,6.46880085177473e-07,TRUE
"Vitvi07g04398",1188,-0.712333382215692,1.10001840416097e-06,0.00773972949167661,3.98544258067803e-06,TRUE
"Vitvi07g04401",1627,-0.829476273338115,4.06241215706204e-10,2.85831319370885e-06,6.54731406210665e-09,TRUE
"Vitvi07g04402",33,-0.602582743783759,0.000100689603007756,0.708452046762569,0.00020739228535204,FALSE
"Vitvi07g04409",7,-0.478898349698169,0.00312849885508842,1,0.00423472834636439,FALSE
"Vitvi07g04427",3,-0.631396482934074,3.63959573998368e-05,0.256081956265252,8.4907810432777e-05,FALSE
"Vitvi07g04433",13,0.706214555739967,1.4919087330318e-06,0.0104970698456117,5.17606994359553e-06,TRUE
"Vitvi07g04438",25,0.624667316958334,4.65806478869314e-05,0.327741438532449,0.00010721015326544,FALSE
"Vitvi07g04439",7,-0.487976411439096,0.00253521550791026,1,0.0039792788075317,FALSE
"Vitvi07g04441",10,-0.628781993513488,4.00851400439236e-05,0.282039045349047,9.30207933209257e-05,FALSE
"Vitvi07g04445",39,0.816811769737353,1.23759826433005e-09,8.70774138782626e-06,1.26935005653447e-08,TRUE
"Vitvi07g04460",9,-0.324102923533104,0.0538052002373616,1,0.0584218192700735,FALSE
"Vitvi07g04462",1316,-0.532847805594415,0.000820633578678306,1,0.00138664213726719,FALSE
"Vitvi07g04464",6,0.607625451416157,8.4866088008155e-05,0.597117795225378,0.000179260821142413,FALSE
"Vitvi07g04468",18,0.602696642800707,0.000100304716366617,0.705743984355515,0.00020739228535204,FALSE
"Vitvi07g04469",4,-0.353127065939054,0.0346365270501543,1,0.0385117895582942,FALSE
"Vitvi07g04470",1113,-0.624221522900733,4.73386834040076e-05,0.333074976430597,0.000107478211174765,FALSE
"Vitvi07g04480",1169,-0.87985813675672,1.58515090510686e-12,1.11531217683319e-08,1.19926040519698e-10,TRUE
"Vitvi07g04483",1320,-0.824356049428621,6.44165101155286e-10,4.53234565172859e-06,8.88695225829135e-09,TRUE
"Vitvi07g04521",13,-0.582921040791066,0.000190943092504299,1,0.000367270530032874,FALSE
"Vitvi07g04530",9,0.392130378530195,0.0180125208545325,1,0.0210649433514528,FALSE
"Vitvi07g04541",1401,-0.717869601903274,8.29321601172098e-07,0.00583510678584688,3.10874096209211e-06,TRUE
"Vitvi07g04543",282,0.602696642800707,0.000100304716366617,0.705743984355515,0.00020739228535204,FALSE
"Vitvi07g04548",1179,-0.751595852101597,1.27126181928121e-07,0.000894459816046258,6.46880085177473e-07,TRUE
"Vitvi07g04549",1189,-0.751595852101597,1.27126181928121e-07,0.000894459816046258,6.46880085177473e-07,TRUE
"Vitvi07g04553",887,-0.685818467487549,3.90794358777023e-06,0.0274962910835514,1.2123585133841e-05,TRUE
"Vitvi07g04561",90,-0.750289519408583,1.37448227308175e-07,0.000967085727340323,6.46880085177473e-07,TRUE
"Vitvi07g04568",154,-0.491235932432412,0.00234756968614635,1,0.00369932817731818,FALSE
"Vitvi07g04569",947,-0.665422379235131,9.50988786057398e-06,0.0669115709869985,2.7111657612236e-05,FALSE
"Vitvi07g04573",1165,-0.543634431891869,0.000610994698697925,1,0.00105263435358439,FALSE
"Vitvi07g04575",30,0.663836406061092,1.01620006133771e-05,0.0714998363157215,2.87494315704551e-05,FALSE
"Vitvi07g04587",470,0.689897685138033,3.24336512260014e-06,0.0228203170026146,1.02287391316067e-05,TRUE
"Vitvi07g04591",716,0.799915983004203,4.82286695900877e-09,3.39336919235857e-05,4.06771680977901e-08,TRUE
"Vitvi07g04598",130,-0.502247202333923,0.00180036184177854,1,0.00287567444239588,FALSE
"Vitvi07g04599",342,-0.478898349698169,0.00312849885508842,1,0.00423472834636439,FALSE
"Vitvi07g04611",970,-0.624221522900733,4.73386834040076e-05,0.333074976430597,0.000107478211174765,FALSE
"Vitvi07g04612",68,-0.802184918519816,4.04831829385286e-09,2.84839675155487e-05,3.51220314618357e-08,TRUE
"Vitvi07g04619",419,0.695506609407448,2.49770503451919e-06,0.017573852622877,8.1587059530534e-06,TRUE
"Vitvi07g04620",110,0.53094704246729,0.000863545476365851,1,0.00145252354093,FALSE
"Vitvi07g04623",3,-0.352961364148719,0.0347274763434023,1,0.0386068136438898,FALSE
"Vitvi07g04631",357,-0.711313577803071,1.15795074343497e-06,0.00814734143080846,4.15892875487926e-06,TRUE
"Vitvi07g04634",44,0.373097921733771,0.0250128969168012,1,0.0286163809279046,FALSE
"Vitvi07g04640",9,-0.420850064886269,0.010590608809886,1,0.0129098273711639,FALSE
"Vitvi07g04652",1615,-0.523984994594573,0.00103817108302138,1,0.00172196410658615,FALSE
"Vitvi07g04653",331,-0.615682368648623,6.41873880190989e-05,0.45162246210238,0.000140604751588537,FALSE
"Vitvi07g04654",226,-0.726610643992385,5.23697027742696e-07,0.00368473228719761,2.07707569740564e-06,TRUE
"Vitvi07g04655",875,-0.66562910823429,9.42775559530674e-06,0.0663336883685782,2.69430090855315e-05,FALSE
"Vitvi07g04656",1682,-0.645746403000758,2.10820008752169e-05,0.148332958158026,5.29571432195744e-05,FALSE
"Vitvi07g04658",3,0.478898349698169,0.00312849885508842,1,0.00423472834636439,FALSE
"Vitvi07g04660",15,0.669834357002478,7.89120547599315e-06,0.0555225217290878,2.28675954403162e-05,FALSE
"Vitvi07g04661",1002,-0.866758511891856,8.29025229610732e-12,5.83302151554111e-08,2.88556436427387e-10,TRUE
"Vitvi07g04662",1239,-0.72151162192928,6.86190536909843e-07,0.00482803661769765,2.62535977036305e-06,TRUE
"Vitvi07g04663",3,0.645746403000758,2.10820008752171e-05,0.148332958158028,5.29571432195744e-05,FALSE
"Vitvi07g04668",4,-0.703365690607165,1.71488287988333e-06,0.0120659159428591,5.86863615897817e-06,TRUE
"Vitvi07g04680",17,0.420850064886269,0.010590608809886,1,0.0129098273711639,FALSE
"Vitvi07g04707",46,0.430524779021586,0.00876561976487691,1,0.0108621965979086,FALSE
"Vitvi07g04720",11,-0.266054638721205,0.116785634586865,1,0.122991127818169,FALSE
"Vitvi07g04728",23,-0.521629957055586,0.00110392899663959,1,0.00181902679633633,FALSE
"Vitvi07g04740",7,-0.638571442967416,2.77964224488528e-05,0.195575628350128,6.71158642244777e-05,FALSE
"Vitvi07g04747",28,-0.382151208345003,0.0214447164072558,1,0.0246423362145112,FALSE
"Vitvi07g04750",12,-0.478898349698169,0.00312849885508842,1,0.00423472834636439,FALSE
"Vitvi07g04752",12,-0.854242196177249,3.44851741255845e-11,2.42637685147612e-07,7.42011269564575e-10,TRUE
"Vitvi07g04759",161,-0.314428209397787,0.0618077618339936,1,0.0666175570257321,FALSE
"Vitvi07g04762",95,0.609871602834049,7.8569440725387e-05,0.552814584943823,0.000168028749223046,FALSE
"Vitvi08g00019",32,0.343452351803737,0.0402822983143647,1,0.0443754894222436,FALSE
"Vitvi08g00041",1631,-0.74411429702662,1.9754523623761e-07,0.00138992828216782,8.81934189192792e-07,TRUE
"Vitvi08g00048",3,-0.487897282267239,0.00253992909673463,1,0.0039792788075317,FALSE
"Vitvi08g00052",233,-0.663836406061092,1.01620006133772e-05,0.0714998363157219,2.87494315704551e-05,FALSE
"Vitvi08g00055",1399,-0.800151354583738,4.73656007467139e-09,3.33264366853879e-05,4.06419959577902e-08,TRUE
"Vitvi08g00067",44,-0.382151208345003,0.0214447164072558,1,0.0246423362145112,FALSE
"Vitvi08g00076",480,-0.725588629880729,5.53108756705168e-07,0.00389167321217756,2.16084020665051e-06,TRUE
"Vitvi08g00086",18,-0.737939074644656,2.81075640112032e-07,0.00197764820382825,1.20661879428203e-06,TRUE
"Vitvi08g00092",316,-0.673580814536098,6.71847992363546e-06,0.0472712247426991,1.97622177017973e-05,TRUE
"Vitvi08g00100",111,-0.285404066991838,0.0915479263669638,1,0.0970661859430317,FALSE
"Vitvi08g00101",40,0.394622801833796,0.0172310183587184,1,0.0202806030732592,FALSE
"Vitvi08g00103",175,-0.478898349698169,0.00312849885508842,1,0.00423472834636439,FALSE
"Vitvi08g00117",4,-0.480722322233897,0.00300044009732611,1,0.00423472834636439,FALSE
"Vitvi08g00132",1523,-0.550184244324302,0.000508303496349478,1,0.000891209419465469,FALSE
"Vitvi08g00133",128,-0.565032847949674,0.000330175842845806,1,0.000607668645111984,FALSE
"Vitvi08g00138",5,-0.645746403000758,2.10820008752169e-05,0.148332958158026,5.29571432195744e-05,FALSE
"Vitvi08g00161",1072,-0.478898349698169,0.00312849885508842,1,0.00423472834636439,FALSE
"Vitvi08g00175",81,-0.537084619459437,0.000731709404133355,1,0.00124115413873729,FALSE
"Vitvi08g00189",782,-0.509455846512001,0.00150595314155585,1,0.00243007036715483,FALSE
"Vitvi08g00193",7,0.509422162367264,0.00150722386046954,1,0.00243007036715483,FALSE
"Vitvi08g00212",15,-0.509422162367264,0.00150722386046954,1,0.00243007036715483,FALSE
"Vitvi08g00219",50,-0.478898349698169,0.00312849885508842,1,0.00423472834636439,FALSE
"Vitvi08g00221",1360,-0.678679836599203,5.37727468533649e-06,0.0378345046860275,1.6079262509999e-05,TRUE
"Vitvi08g00222",914,-0.716412599866176,8.93892664680424e-07,0.00628942878869146,3.32950174096954e-06,TRUE
"Vitvi08g00233",22,-0.545087877560721,0.000586738683654734,1,0.00101582022101248,FALSE
"Vitvi08g00235",1359,-0.80752617734568,2.65693890844229e-09,1.86942221597999e-05,2.4152741808527e-08,TRUE
"Vitvi08g00240",1489,-0.79907040585515,5.14509915777981e-09,3.62009176741387e-05,4.27906828299512e-08,TRUE
"Vitvi08g00261",1168,-0.680719445424445,4.91300614626659e-06,0.0345679112451317,1.49027485470856e-05,TRUE
"Vitvi08g00274",1030,-0.304753495262471,0.0707229426338605,1,0.0757507420264641,FALSE
"Vitvi08g00283",50,-0.550694382815281,0.00050099097921008,1,0.000883894816881174,FALSE
"Vitvi08g00292",66,0.478898349698169,0.00312849885508842,1,0.00423472834636439,FALSE
"Vitvi08g00630",14,-0.506332890866272,0.00162784993362934,1,0.00262155004188968,FALSE
"Vitvi08g00636",22,-0.666952085854063,8.91726473849345e-06,0.0627418747000399,2.55255796175915e-05,FALSE
"Vitvi08g00642",71,-0.645746403000758,2.10820008752169e-05,0.148332958158026,5.29571432195744e-05,FALSE
"Vitvi08g00643",27,-0.495072242300581,0.00214236521236232,1,0.00338658315753342,FALSE
"Vitvi08g00658",151,0.595521682767366,0.000127313692999973,0.895779143947812,0.000254410435656862,FALSE
"Vitvi08g00662",1018,-0.765761034128769,5.28218853687821e-08,0.000371654785454751,3.50287262445571e-07,TRUE
"Vitvi08g00673",1465,-0.787340853700365,1.22427146158592e-08,8.61397400371854e-05,9.25238883321023e-08,TRUE
"Vitvi08g00703",52,0.509422162367264,0.00150722386046954,1,0.00243007036715483,FALSE
"Vitvi08g00718",12,0.6636595629116,1.0237182743879e-05,0.0720288177859328,2.89040199783039e-05,FALSE
"Vitvi08g00719",24,0.66562910823429,9.42775559530679e-06,0.0663336883685786,2.69430090855315e-05,FALSE
"Vitvi08g00723",39,0.711840281746254,1.12768958086908e-06,0.00793442389099487,4.08149377108789e-06,TRUE
"Vitvi08g00730",665,0.217681068044622,0.202185093959943,1,0.208619199457715,FALSE
"Vitvi08g00738",14,-0.342724842198983,0.0407353104256489,1,0.0448604858592684,FALSE
"Vitvi08g00739",178,0.39182592248032,0.0181099832764267,1,0.0210649433514528,FALSE
"Vitvi08g00744",136,0.466372402167214,0.00414355138051984,1,0.00548626787981514,FALSE
"Vitvi08g00754",644,-0.735278981499662,3.26213428565474e-07,0.00229523768338667,1.37852113116317e-06,TRUE
"Vitvi08g00761",78,0.466372402167214,0.00414355138051984,1,0.00548626787981514,FALSE
"Vitvi08g00766",114,0.469223635562852,0.00389036020229627,1,0.00516366240018047,FALSE
"Vitvi08g00768",5,0.638571442967416,2.77964224488528e-05,0.195575628350128,6.71158642244777e-05,FALSE
"Vitvi08g00769",918,-0.695506609407448,2.49770503451919e-06,0.017573852622877,8.1587059530534e-06,TRUE
"Vitvi08g00773",11,-0.36280178007437,0.0296534634974876,1,0.0332921284774729,FALSE
"Vitvi08g00777",8,0.440199493156902,0.00721598030084792,1,0.0091021221579,FALSE
"Vitvi08g00788",116,-0.550184244324302,0.000508303496349478,1,0.000891209419465469,FALSE
"Vitvi08g00793",19,-0.622232181081055,5.08592315170758e-05,0.357845552954145,0.000114510576945327,FALSE
"Vitvi08g00795",43,0.816811769737353,1.23759826433005e-09,8.70774138782626e-06,1.26935005653447e-08,TRUE
"Vitvi08g00801",7,-0.556734056756734,0.000421261179223091,1,0.000755542609486023,FALSE
"Vitvi08g00802",417,-0.834584646115378,2.52553667708614e-10,1.77696760599781e-06,4.52154607124124e-09,TRUE
"Vitvi08g00819",327,-0.577383292713601,0.000226988801827679,1,0.000430483344921711,FALSE
"Vitvi08g00820",414,-0.451937057837819,0.00565632945206129,1,0.0073090787924157,FALSE
"Vitvi08g00821",4,0.574861502565978,0.000245335536306613,1,0.000462039837648108,FALSE
"Vitvi08g00822",118,-0.435353177928437,0.0079600410088878,1,0.00999408432165142,FALSE
"Vitvi08g00823",10,-0.440199493156902,0.00721598030084795,1,0.0091021221579,FALSE
"Vitvi08g00825",1563,-0.382151208345003,0.0214447164072558,1,0.0246423362145112,FALSE
"Vitvi08g00827",883,-0.803875153790643,3.54813370040871e-09,2.49646687160757e-05,3.09735343871906e-08,TRUE
"Vitvi08g00828",12,0.478898349698169,0.00312849885508842,1,0.00423472834636439,FALSE
"Vitvi08g00835",35,0.440199493156902,0.00721598030084792,1,0.0091021221579,FALSE
"Vitvi08g00836",667,-0.543634431891869,0.000610994698697925,1,0.00105263435358439,FALSE
"Vitvi08g00841",914,-0.734769079293352,3.35592859601083e-07,0.00236123136015322,1.40717005968607e-06,TRUE
"Vitvi08g00846",6,0.631396482934074,3.63959573998373e-05,0.256081956265255,8.4907810432777e-05,FALSE
"Vitvi08g00851",98,-0.478898349698169,0.00312849885508842,1,0.00423472834636439,FALSE
"Vitvi08g00853",1211,-0.717942306485107,8.26214599507406e-07,0.00581324592213411,3.10039782513819e-06,TRUE
"Vitvi08g00854",10,-0.478898349698169,0.00312849885508842,1,0.00423472834636439,FALSE
"Vitvi08g00863",530,-0.348900064580946,0.0370182005919095,1,0.0410885091283602,FALSE
"Vitvi08g00868",64,0.432287620540523,0.00846379623972504,1,0.0106133078493504,FALSE
"Vitvi08g00877",499,-0.72151162192928,6.86190536909843e-07,0.00482803661769765,2.62535977036305e-06,TRUE
"Vitvi08g00883",1353,-0.294173361367012,0.0815930785914507,1,0.0869041630289808,FALSE
"Vitvi08g00884",4,-0.420850064886269,0.010590608809886,1,0.0129098273711639,FALSE
"Vitvi08g00888",12,0.664410597026749,9.92134639857315e-06,0.0698065932603606,2.82160845838159e-05,FALSE
"Vitvi08g00902",11,0.404070118191778,0.0145216240588492,1,0.0173854257066637,FALSE
"Vitvi08g00903",299,-0.430524779021586,0.00876561976487687,1,0.0108621965979086,FALSE
"Vitvi08g00911",694,-0.67618685082502,5.99900909659363e-06,0.0422090280036328,1.77797085103761e-05,TRUE
"Vitvi08g00916",27,0.588346722734024,0.000160693769450826,1,0.000313631445729823,FALSE
"Vitvi08g00917",8,-0.478898349698169,0.00312849885508842,1,0.00423472834636439,FALSE
"Vitvi08g00930",481,0.39182592248032,0.0181099832764267,1,0.0210649433514528,FALSE
"Vitvi08g00935",69,0.478898349698169,0.00312849885508842,1,0.00423472834636439,FALSE
"Vitvi08g00940",37,0.743071818302731,2.09808419839559e-07,0.00147621204199113,9.29019535551383e-07,TRUE
"Vitvi08g00941",11,-0.39182592248032,0.0181099832764267,1,0.0210649433514528,FALSE
"Vitvi08g00945",6,0.478898349698169,0.00312849885508842,1,0.00423472834636439,FALSE
"Vitvi08g00949",6,0.265473521233645,0.117616948709325,1,0.123718470790672,FALSE
"Vitvi08g00954",541,0.478898349698169,0.00312849885508842,1,0.00423472834636439,FALSE
"Vitvi08g00957",23,-0.859772350223298,1.8683163428584e-11,1.31454737883517e-07,5.64004329269161e-10,TRUE
"Vitvi08g00958",489,-0.382151208345003,0.0214447164072558,1,0.0246423362145112,FALSE
"Vitvi08g00959",4,0.528768587943932,0.000915158666668094,1,0.00152910386575082,FALSE
"Vitvi08g00960",1494,-0.478898349698169,0.00312849885508842,1,0.00423472834636439,FALSE
"Vitvi08g00961",1626,-0.791772806368201,8.88042451590357e-09,6.24826668938975e-05,6.90416208772348e-08,TRUE
"Vitvi08g00970",1221,-0.660323357172027,1.17538831924603e-05,0.0827003221421505,3.2948335514801e-05,FALSE
"Vitvi08g00971",85,0.631396482934074,3.63959573998373e-05,0.256081956265255,8.4907810432777e-05,FALSE
"Vitvi08g00978",4,0.569833681621598,0.000285923238424701,1,0.000532069797819678,FALSE
"Vitvi08g00986",18,-0.478898349698169,0.00312849885508842,1,0.00423472834636439,FALSE
"Vitvi08g00999",262,0.645746403000758,2.10820008752171e-05,0.148332958158028,5.29571432195744e-05,FALSE
"Vitvi08g01006",90,0.478898349698169,0.00312849885508842,1,0.00423472834636439,FALSE
"Vitvi08g01009",29,-0.420850064886269,0.010590608809886,1,0.0129098273711639,FALSE
"Vitvi08g01011",523,0.626613746772912,4.33978813423057e-05,0.305347493124463,0.000100212501845902,FALSE
"Vitvi08g01024",820,-0.634504099746765,3.24125254235684e-05,0.228054528880227,7.74115848201722e-05,FALSE
"Vitvi08g01032",16,0.624221522900733,4.73386834040072e-05,0.333074976430595,0.000107478211174765,FALSE
"Vitvi08g01036",7,-0.478898349698169,0.00312849885508842,1,0.00423472834636439,FALSE
"Vitvi08g01038",458,-0.270758071550847,0.110218540066762,1,0.116353735620365,FALSE
"Vitvi08g01041",160,-0.509422162367264,0.00150722386046954,1,0.00243007036715483,FALSE
"Vitvi08g01052",10,0.602582743783759,0.000100689603007755,0.708452046762564,0.00020739228535204,FALSE
"Vitvi08g01055",3,-0.421275203961493,0.0105041249291542,1,0.0129098273711639,FALSE
"Vitvi08g01058",47,-0.757204776371011,9.04231920805605e-08,0.000636217579478823,5.52752023873876e-07,TRUE
"Vitvi08g01059",1673,-0.764183769768002,5.84225956778788e-08,0.000411061383189555,3.81318537281591e-07,TRUE
"Vitvi08g01062",15,-0.478898349698169,0.00312849885508842,1,0.00423472834636439,FALSE
"Vitvi08g01069",667,0.478898349698169,0.00312849885508842,1,0.00423472834636439,FALSE
"Vitvi08g01070",58,0.750289519408583,1.37448227308174e-07,0.00096708572734031,6.46880085177473e-07,TRUE
"Vitvi08g01073",75,-0.750289519408583,1.37448227308175e-07,0.000967085727340323,6.46880085177473e-07,TRUE
"Vitvi08g01075",1392,-0.820912582981568,8.7109943762826e-10,6.12905564315244e-06,1.15207812841211e-08,TRUE
"Vitvi08g01097",64,0.645746403000758,2.10820008752171e-05,0.148332958158028,5.29571432195744e-05,FALSE
"Vitvi08g01101",5,-0.46634664518917,0.00414590214536052,1,0.00548834760014236,FALSE
"Vitvi08g01102",602,-0.602582743783759,0.000100689603007756,0.708452046762569,0.00020739228535204,FALSE
"Vitvi08g01107",163,-0.523772082433948,0.00104397040540408,1,0.00172629277847782,FALSE
"Vitvi08g01112",71,0.609132556216191,8.05930710257105e-05,0.567052847736899,0.000170696221474082,FALSE
"Vitvi08g01113",84,0.353127065939054,0.0346365270501542,1,0.0385117895582942,FALSE
"Vitvi08g01156",380,0.353127065939054,0.0346365270501542,1,0.0385117895582942,FALSE
"Vitvi08g01168",1731,-0.875491595135099,2.808569499545e-12,1.97610949987986e-08,1.81294449530263e-10,TRUE
"Vitvi08g01172",3,-0.471586495135116,0.003690811552788,1,0.00495866910166438,FALSE
"Vitvi08g01174",29,-0.478898349698169,0.00312849885508842,1,0.00423472834636439,FALSE
"Vitvi08g01180",284,0.217681068044622,0.202185093959943,1,0.208619199457715,FALSE
"Vitvi08g01184",13,-0.440199493156902,0.00721598030084795,1,0.0091021221579,FALSE
"Vitvi08g01185",40,-0.866359712001401,8.69442361037601e-12,6.11739645226056e-08,2.88556436427387e-10,TRUE
"Vitvi08g01188",8,0.382151208345003,0.0214447164072558,1,0.0246423362145112,FALSE
"Vitvi08g01195",233,-0.401500636615636,0.0152203400780548,1,0.017965158998355,FALSE
"Vitvi08g01196",11,0.694280117837809,2.64585489242378e-06,0.0186162350230937,8.53173007474506e-06,TRUE
"Vitvi08g01197",66,-0.447703622692365,0.00618157821670591,1,0.00790648688106577,FALSE
"Vitvi08g01206",885,-0.814115601609632,1.55170655744904e-09,1.09178073382114e-05,1.51216168119272e-08,TRUE
"Vitvi08g01218",130,-0.478898349698169,0.00312849885508842,1,0.00423472834636439,FALSE
"Vitvi08g01221",859,-0.745986927832182,1.77160876753437e-07,0.00124650392883718,8.08368306638897e-07,TRUE
"Vitvi08g01223",32,-0.431188918070421,0.00865084915257362,1,0.0108420688702366,FALSE
"Vitvi08g01228",32,-0.707062962734838,1.43083923232176e-06,0.0100673848386159,4.99870150874674e-06,TRUE
"Vitvi08g01230",959,-0.563283869189166,0.00034775734695725,1,0.000636033452870083,FALSE
"Vitvi08g01231",162,-0.427298048888153,0.00934189828259938,1,0.0115660032230106,FALSE
"Vitvi08g01235",126,0.750289519408583,1.37448227308174e-07,0.00096708572734031,6.46880085177473e-07,TRUE
"Vitvi08g01237",1120,-0.543634431891869,0.000610994698697925,1,0.00105263435358439,FALSE
"Vitvi08g01250",350,-0.478898349698169,0.00312849885508842,1,0.00423472834636439,FALSE
"Vitvi08g01257",350,-0.700074250898163,2.01028672279493e-06,0.0141443773815851,6.69836140791322e-06,TRUE
"Vitvi08g01259",7,0.750289519408583,1.37448227308174e-07,0.00096708572734031,6.46880085177473e-07,TRUE
"Vitvi08g01260",54,-0.860213938487409,1.77709194619311e-11,1.25036189334147e-07,5.41604311676633e-10,TRUE
"Vitvi08g01270",3,-0.36280178007437,0.0296534634974876,1,0.0332921284774729,FALSE
"Vitvi08g01276",1427,-0.871125053513477,4.87284258467059e-12,3.42853204257422e-08,2.4665698148016e-10,TRUE
"Vitvi08g01281",6,0.304753495262471,0.0707229426338605,1,0.0757507420264641,FALSE
"Vitvi08g01285",7,-0.459548921427535,0.00480814938579871,1,0.00625788736190894,FALSE
"Vitvi08g01291",282,-0.6638926726162,1.01381854377083e-05,0.0713322727397155,2.87494315704551e-05,FALSE
"Vitvi08g01296",989,-0.440199493156902,0.00721598030084795,1,0.0091021221579,FALSE
"Vitvi08g01297",750,-0.757204776371011,9.04231920805605e-08,0.000636217579478823,5.52752023873876e-07,TRUE
"Vitvi08g01299",73,0.550184244324302,0.000508303496349477,1,0.000891209419465469,FALSE
"Vitvi08g01300",62,0.325366955703335,0.0528236789862623,1,0.0576317887032627,FALSE
"Vitvi08g01305",1012,-0.530534807027005,0.000873110001630482,1,0.00146231896488266,FALSE
"Vitvi08g01308",12,-0.478898349698169,0.00312849885508842,1,0.00423472834636439,FALSE
"Vitvi08g01311",676,-0.582933306486462,0.000190869311580325,1,0.000367270530032874,FALSE
"Vitvi08g01319",302,-0.188656925638672,0.270494358476957,1,0.277110993920191,FALSE
"Vitvi08g01325",15,-0.208006353909306,0.223466571725695,1,0.229836397991813,FALSE
"Vitvi08g01327",273,-0.237030496315255,0.163946637501507,1,0.170438614282004,FALSE
"Vitvi08g01333",51,-0.828665606072007,4.374410015038e-10,3.07783488658074e-06,6.6909454056103e-09,TRUE
"Vitvi08g01342",1293,-0.333777637668421,0.0466511603903606,1,0.0510240268158833,FALSE
"Vitvi08g01346",368,-0.459548921427535,0.00480814938579871,1,0.00625788736190894,FALSE
"Vitvi08g01347",12,0.651485961297165,1.68115837483811e-05,0.11828630325361,4.59721349605945e-05,FALSE
"Vitvi08g01348",25,-0.609871602834049,7.8569440725387e-05,0.552814584943823,0.000168028749223046,FALSE
"Vitvi08g01349",93,0.478898349698169,0.00312849885508842,1,0.00423472834636439,FALSE
"Vitvi08g01356",53,0.324102923533104,0.0538052002373616,1,0.0584218192700735,FALSE
"Vitvi08g01358",978,-0.703975351543856,1.66474631406599e-06,0.0117131550657683,5.74174267929824e-06,TRUE
"Vitvi08g01364",325,0.459548921427535,0.00480814938579871,1,0.00625788736190894,FALSE
"Vitvi08g01365",9,-0.617046562867391,6.11763032283906e-05,0.430436469514956,0.000134890777033831,FALSE
"Vitvi08g01366",621,0.812880717433414,1.71899554350354e-09,1.20948526440909e-05,1.67055975747112e-08,TRUE
"Vitvi08g01376",1378,-0.751595852101597,1.27126181928121e-07,0.000894459816046258,6.46880085177473e-07,TRUE
"Vitvi08g01377",15,0.588360274691009,0.000160623940722033,1,0.000313631445729823,FALSE
"Vitvi08g01382",30,-0.675004170824618,6.31632119611022e-06,0.0444416359358315,1.86338096167008e-05,TRUE
"Vitvi08g01384",1550,-0.824356049428621,6.44165101155286e-10,4.53234565172859e-06,8.88695225829135e-09,TRUE
"Vitvi08g01385",3,0.596032931351327,0.000125192354329375,0.88085340506148,0.000252538246863957,FALSE
"Vitvi08g01391",36,-0.324102923533104,0.0538052002373616,1,0.0584218192700735,FALSE
"Vitvi08g01406",15,-0.69471251797091,2.59273082141354e-06,0.0182424540594657,8.36809819241548e-06,TRUE
"Vitvi08g01410",1606,-0.57638349405403,0.000234110207241294,1,0.000441017247161913,FALSE
"Vitvi08g01411",89,-0.543634431891869,0.000610994698697925,1,0.00105263435358439,FALSE
"Vitvi08g01426",900,-0.866758511891856,8.29025229610732e-12,5.83302151554111e-08,2.88556436427387e-10,TRUE
"Vitvi08g01427",3,0.478898349698169,0.00312849885508842,1,0.00423472834636439,FALSE
"Vitvi08g01434",38,-0.635874016087907,3.07855197098003e-05,0.216606916678155,7.40536467275744e-05,FALSE
"Vitvi08g01436",65,0.343452351803737,0.0402822983143647,1,0.0443754894222436,FALSE
"Vitvi08g01448",42,-0.372476494209687,0.0252748166470032,1,0.0287152607667228,FALSE
"Vitvi08g01450",192,-0.466372402167214,0.00414355138051985,1,0.00548626787981514,FALSE
"Vitvi08g01451",19,-0.265473521233645,0.117616948709324,1,0.123718470790672,FALSE
"Vitvi08g01454",228,-0.631396482934074,3.63959573998368e-05,0.256081956265252,8.4907810432777e-05,FALSE
"Vitvi08g01456",389,0.401500636615636,0.0152203400780549,1,0.017965158998355,FALSE
"Vitvi08g01471",703,-0.39182592248032,0.0181099832764267,1,0.0210649433514528,FALSE
"Vitvi08g01481",43,-0.478898349698169,0.00312849885508842,1,0.00423472834636439,FALSE
"Vitvi08g01484",5,-0.411175350750953,0.0127285678576514,1,0.0152881876829012,FALSE
"Vitvi08g01488",20,0.353127065939054,0.0346365270501542,1,0.0385117895582942,FALSE
"Vitvi08g01497",51,-0.449874207292219,0.00590725996608227,1,0.00756387281553318,FALSE
"Vitvi08g01498",157,-0.490145070608886,0.00240897023701454,1,0.00378844760564021,FALSE
"Vitvi08g01500",1486,-0.824392187992147,6.42105911361328e-10,4.51785719233831e-06,8.88695225829135e-09,TRUE
"Vitvi08g01502",18,0.67618685082502,5.99900909659363e-06,0.0422090280036328,1.77797085103761e-05,TRUE
"Vitvi08g01505",21,0.638571442967416,2.77964224488528e-05,0.195575628350128,6.71158642244777e-05,FALSE
"Vitvi08g01508",16,0.411175350750953,0.0127285678576514,1,0.0152881876829012,FALSE
"Vitvi08g01509",4,0.478898349698169,0.00312849885508842,1,0.00423472834636439,FALSE
"Vitvi08g01515",1433,-0.382151208345003,0.0214447164072558,1,0.0246423362145112,FALSE
"Vitvi08g01523",1712,-0.871125053513477,4.87284258467059e-12,3.42853204257422e-08,2.4665698148016e-10,TRUE
"Vitvi08g01525",22,0.39182592248032,0.0181099832764267,1,0.0210649433514528,FALSE
"Vitvi08g01528",72,0.833136141405371,2.89460493826161e-10,2.03664403456087e-06,5.0789128043912e-09,TRUE
"Vitvi08g01534",5,-0.373097921733771,0.0250128969168012,1,0.0286163809279046,FALSE
"Vitvi08g01537",750,-0.500723966596857,0.00186866680598432,1,0.00298004071779367,FALSE
"Vitvi08g01561",98,-0.844925803783749,9.16829001214106e-11,6.45080885254245e-07,1.79189134792846e-09,TRUE
"Vitvi08g01562",151,-0.478898349698169,0.00312849885508842,1,0.00423472834636439,FALSE
"Vitvi08g01570",552,-0.556734056756734,0.000421261179223091,1,0.000755542609486023,FALSE
"Vitvi08g01572",225,-0.913223320977314,8.18327751375778e-15,5.75775405867998e-11,8.22536294097139e-12,TRUE
"Vitvi08g01573",12,-0.314428209397787,0.0618077618339936,1,0.0666175570257321,FALSE
"Vitvi08g01579",570,-0.773446603340947,3.19602962058211e-08,0.000224872644104158,2.23531455371926e-07,TRUE
"Vitvi08g01596",17,-0.285404066991838,0.0915479263669638,1,0.0970661859430317,FALSE
"Vitvi08g01602",956,-0.645746403000758,2.10820008752169e-05,0.148332958158026,5.29571432195744e-05,FALSE
"Vitvi08g01604",896,-0.800599522832481,4.57616996970274e-09,3.21979319068285e-05,3.94099533743311e-08,TRUE
"Vitvi08g01606",12,-0.538122002500631,0.00071128356377806,1,0.00121117888546525,FALSE
"Vitvi08g01611",187,-0.638571442967416,2.77964224488528e-05,0.195575628350128,6.71158642244777e-05,FALSE
"Vitvi08g01614",145,-0.198331639773989,0.246229438389849,1,0.252620345364681,FALSE
"Vitvi08g01617",36,0.814115601609632,1.55170655744904e-09,1.09178073382114e-05,1.51216168119272e-08,TRUE
"Vitvi08g01621",180,-0.430497602000505,0.00877034378520732,1,0.0108621965979086,FALSE
"Vitvi08g01623",10,0.752672914695697,1.19158616195584e-07,0.000838400023552127,6.46880085177473e-07,TRUE
"Vitvi08g01627",1573,-0.563283869189166,0.00034775734695725,1,0.000636033452870083,FALSE
"Vitvi08g01631",13,0.493490444216318,0.00222499106596935,1,0.00351324890937172,FALSE
"Vitvi08g01639",88,-0.45202248210053,0.00564613925901834,1,0.00730127473377194,FALSE
"Vitvi08g01640",679,-0.74411429702662,1.9754523623761e-07,0.00138992828216782,8.81934189192792e-07,TRUE
"Vitvi08g01662",26,-0.750289519408583,1.37448227308175e-07,0.000967085727340323,6.46880085177473e-07,TRUE
"Vitvi08g01666",299,-0.478898349698169,0.00312849885508842,1,0.00423472834636439,FALSE
"Vitvi08g01667",6,0.478898349698169,0.00312849885508842,1,0.00423472834636439,FALSE
"Vitvi08g01668",357,-0.304753495262471,0.0707229426338605,1,0.0757507420264641,FALSE
"Vitvi08g01673",1269,-0.582933306486462,0.000190869311580325,1,0.000367270530032874,FALSE
"Vitvi08g01679",174,-0.478898349698169,0.00312849885508842,1,0.00423472834636439,FALSE
"Vitvi08g01680",15,0.36280178007437,0.0296534634974875,1,0.0332921284774729,FALSE
"Vitvi08g01681",6,0.441146675846469,0.00707774371955793,1,0.00901502621484606,FALSE
"Vitvi08g01686",1286,-0.858025428648613,2.27373223068884e-11,1.59979799751267e-07,6.70261957945372e-10,TRUE
"Vitvi08g01693",20,0.430524779021586,0.00876561976487691,1,0.0108621965979086,FALSE
"Vitvi08g01699",93,-0.638571442967416,2.77964224488528e-05,0.195575628350128,6.71158642244777e-05,FALSE
"Vitvi08g01701",249,-0.471586495135116,0.003690811552788,1,0.00495866910166438,FALSE
"Vitvi08g01702",429,-0.866758511891856,8.29025229610732e-12,5.83302151554111e-08,2.88556436427387e-10,TRUE
"Vitvi08g01711",1141,-0.559646882600657,0.000387017462770897,1,0.000700014104898731,FALSE
"Vitvi08g01714",417,-0.713238185116801,1.05085825073373e-06,0.00739383865216252,3.82772193350016e-06,TRUE
"Vitvi08g01723",25,0.645746403000758,2.10820008752171e-05,0.148332958158028,5.29571432195744e-05,FALSE
"Vitvi08g01724",158,-0.57399680266734,0.000251925466762095,1,0.000472049955829054,FALSE
"Vitvi08g01735",499,-0.758031625513482,8.59280617825773e-08,0.000604589842702214,5.35035259028508e-07,TRUE
"Vitvi08g01740",1345,-0.77807802012742,2.3388390725782e-08,0.000164560717146602,1.67066717915332e-07,TRUE
"Vitvi08g01744",40,0.729495716735492,4.48250799599695e-07,0.00315389262598345,1.80738832434583e-06,TRUE
"Vitvi08g01747",10,-0.557833013703627,0.000408036843605893,1,0.000736518017345065,FALSE
"Vitvi08g01749",1170,-0.631396482934074,3.63959573998368e-05,0.256081956265252,8.4907810432777e-05,FALSE
"Vitvi08g01767",646,-0.440199493156902,0.00721598030084795,1,0.0091021221579,FALSE
"Vitvi08g01768",1774,-0.552471922567315,0.000476236747738388,1,0.000841064698064083,FALSE
"Vitvi08g01770",42,0.555058472676445,0.000442160063612153,1,0.000790807881945884,FALSE
"Vitvi08g01771",1135,-0.523772082433948,0.00104397040540408,1,0.00172629277847782,FALSE
"Vitvi08g01774",77,-0.569833681621598,0.000285923238424702,1,0.000532069797819678,FALSE
"Vitvi08g01777",35,-0.584243268972949,0.000183135193215812,1,0.000356442384361397,FALSE
"Vitvi08g01787",182,0.55885762556771,0.000396041802305424,1,0.000715233603958152,FALSE
"Vitvi08g01792",270,-0.401500636615636,0.0152203400780548,1,0.017965158998355,FALSE
"Vitvi08g01794",214,-0.542324469405383,0.000633614859342907,1,0.00109133761330152,FALSE
"Vitvi08g01803",179,0.256379924585888,0.131210130347675,1,0.137380130524738,FALSE
"Vitvi08g01816",224,-0.633808442443884,3.32682188097717e-05,0.234075187545553,7.93475212018825e-05,FALSE
"Vitvi08g01821",144,0.0338614994736079,0.844567223530562,1,0.8467333976576,FALSE
"Vitvi08g01822",12,-0.372476494209687,0.0252748166470032,1,0.0287152607667228,FALSE
"Vitvi08g01825",12,-0.39182592248032,0.0181099832764267,1,0.0210649433514528,FALSE
"Vitvi08g01826",76,0.624221522900733,4.73386834040072e-05,0.333074976430595,0.000107478211174765,FALSE
"Vitvi08g01828",229,0.602696642800707,0.000100304716366617,0.705743984355515,0.00020739228535204,FALSE
"Vitvi08g01829",133,0.36280178007437,0.0296534634974875,1,0.0332921284774729,FALSE
"Vitvi08g01831",360,-0.550184244324302,0.000508303496349478,1,0.000891209419465469,FALSE
"Vitvi08g01838",451,0.614434627005383,6.70579321707088e-05,0.471819610753107,0.000146209981640256,FALSE
"Vitvi08g01841",558,0.725282150244144,5.6222013600317e-07,0.00395578087691831,2.19521691282925e-06,TRUE
"Vitvi08g01843",310,0.762622932118971,6.45003996167878e-08,0.000453824811703719,4.17118393110036e-07,TRUE
"Vitvi08g01846",16,-0.872234742777271,4.24422412667005e-12,2.98623609552505e-08,2.44773450452873e-10,TRUE
"Vitvi08g01847",12,0.713929555135105,1.01466233472938e-06,0.00713916418715591,3.74366239494279e-06,TRUE
"Vitvi08g01848",28,-0.478898349698169,0.00312849885508842,1,0.00423472834636439,FALSE
"Vitvi08g01851",63,0.444847522067189,0.00655916257134087,1,0.00836661853733763,FALSE
"Vitvi08g01853",1449,-0.673070912329788,6.86813950157651e-06,0.0483242295330923,2.00598711220807e-05,TRUE
"Vitvi08g01855",23,0.441528400310401,0.00702267812889194,1,0.00894650793316743,FALSE
"Vitvi08g01856",553,-0.333777637668421,0.0466511603903606,1,0.0510240268158833,FALSE
"Vitvi08g01858",20,0.731763852262692,3.96103875756544e-07,0.00278698686982305,1.612037906752e-06,TRUE
"Vitvi08g01860",178,-0.478898349698169,0.00312849885508842,1,0.00423472834636439,FALSE
"Vitvi08g01863",1043,-0.864138586918883,1.1302721019454e-11,7.95259450928783e-08,3.68175671726288e-10,TRUE
"Vitvi08g01879",41,0.608259404623419,8.30443940442623e-05,0.58430035649543,0.000175518280713556,FALSE
"Vitvi08g01881",679,-0.815349868248319,1.39971123742209e-09,9.8483682665018e-06,1.40090587005716e-08,TRUE
"Vitvi08g01884",191,-0.449874207292219,0.00590725996608227,1,0.00756387281553318,FALSE
"Vitvi08g01897",33,-0.816811769737353,1.23759826433008e-09,8.70774138782648e-06,1.26935005653447e-08,TRUE
"Vitvi08g01902",1029,-0.582933306486462,0.000190869311580325,1,0.000367270530032874,FALSE
"Vitvi08g01904",15,-0.574295681522619,0.000249629995472484,1,0.000469876042842268,FALSE
"Vitvi08g01905",178,-0.430524779021586,0.00876561976487687,1,0.0108621965979086,FALSE
"Vitvi08g01915",697,-0.582933306486462,0.000190869311580325,1,0.000367270530032874,FALSE
"Vitvi08g01923",1645,-0.884224678378342,8.74713631353133e-13,6.15448511020064e-09,8.4308015208228e-11,TRUE
"Vitvi08g01931",174,0.585367732844391,0.000176721778026752,1,0.00034453156835584,FALSE
"Vitvi08g01933",38,-0.645746403000758,2.10820008752169e-05,0.148332958158026,5.29571432195744e-05,FALSE
"Vitvi08g01940",106,0.634504099746765,3.24125254235678e-05,0.228054528880223,7.74115848201722e-05,FALSE
"Vitvi08g01944",9,-0.617046562867391,6.11763032283906e-05,0.430436469514956,0.000134890777033831,FALSE
"Vitvi08g01950",1591,-0.696016511613758,2.43837926334964e-06,0.0171564364969281,8.00206926162689e-06,TRUE
"Vitvi08g01965",34,-0.77827403424317,2.30775712609658e-08,0.000162373791392155,1.65350093067368e-07,TRUE
"Vitvi08g01990",37,0.634504099746765,3.24125254235678e-05,0.228054528880223,7.74115848201722e-05,FALSE
"Vitvi08g01995",28,0.401500636615636,0.0152203400780549,1,0.017965158998355,FALSE
"Vitvi08g02000",139,-0.478898349698169,0.00312849885508842,1,0.00423472834636439,FALSE
"Vitvi08g02007",33,-0.702401625402478,1.79699502891358e-06,0.012643657023436,6.14067849608353e-06,TRUE
"Vitvi08g02008",72,-0.69471251797091,2.59273082141354e-06,0.0182424540594657,8.36809819241548e-06,TRUE
"Vitvi08g02051",42,-0.63533180594592,3.14204180292241e-05,0.221074061253621,7.53933813051596e-05,FALSE
"Vitvi08g02056",49,0.48468611999998,0.00273778266345129,1,0.00423472834636439,FALSE
"Vitvi08g02065",5,-0.538122002500631,0.00071128356377806,1,0.00121117888546525,FALSE
"Vitvi08g02066",10,-0.213045172177746,0.212199440941862,1,0.218695659362376,FALSE
"Vitvi08g02068",44,0.566821842633998,0.000313017471211837,1,0.0005779036807784,FALSE
"Vitvi08g02069",199,-0.48468611999998,0.00273778266345129,1,0.00423472834636439,FALSE
"Vitvi08g02074",4,-0.497785744864844,0.00200686623174574,1,0.00318670972840512,FALSE
"Vitvi08g02084",16,0.478898349698169,0.00312849885508842,1,0.00423472834636439,FALSE
"Vitvi08g02086",11,0.217681068044622,0.202185093959943,1,0.208619199457715,FALSE
"Vitvi08g02089",1406,-0.819760771205674,9.62256253728296e-10,6.77043500123229e-06,1.23773948834228e-08,TRUE
"Vitvi08g02100",3,0.658986837051021,1.24168566581515e-05,0.087365003446754,3.46824150245153e-05,FALSE
"Vitvi08g02109",1645,-0.552471922567315,0.000476236747738388,1,0.000841064698064083,FALSE
"Vitvi08g02126",8,-0.458486870270251,0.00491945937882392,1,0.00637915889963234,FALSE
"Vitvi08g02129",73,-0.765761034128769,5.28218853687821e-08,0.000371654785454751,3.50287262445571e-07,TRUE
"Vitvi08g02143",14,-0.602582743783759,0.000100689603007756,0.708452046762569,0.00020739228535204,FALSE
"Vitvi08g02147",183,-0.692021082694147,2.93995527601393e-06,0.020685525322034,9.38970736361052e-06,TRUE
"Vitvi08g02154",11,0.412001850415171,0.0125327017546462,1,0.0151956039196433,FALSE
"Vitvi08g02162",1366,-0.815129354419202,1.42580956091385e-09,1.00319960705899e-05,1.41694859754094e-08,TRUE
"Vitvi08g02166",48,-0.899253706501802,9.27083237688175e-14,6.522957660374e-10,5.80019762349695e-11,TRUE
"Vitvi08g02167",13,0.750289519408583,1.37448227308174e-07,0.00096708572734031,6.46880085177473e-07,TRUE
"Vitvi08g02176",1352,-0.796603687273311,6.20273486393306e-09,4.3642442502633e-05,4.97633323861266e-08,TRUE
"Vitvi08g02180",4,-0.401500636615636,0.0152203400780548,1,0.017965158998355,FALSE
"Vitvi08g02189",670,-0.538122002500631,0.00071128356377806,1,0.00121117888546525,FALSE
"Vitvi08g02195",254,-0.401500636615636,0.0152203400780548,1,0.017965158998355,FALSE
"Vitvi08g02201",554,-0.678679836599203,5.37727468533649e-06,0.0378345046860275,1.6079262509999e-05,TRUE
"Vitvi08g02206",1274,-0.645746403000758,2.10820008752169e-05,0.148332958158026,5.29571432195744e-05,FALSE
"Vitvi08g02210",4,-0.36280178007437,0.0296534634974876,1,0.0332921284774729,FALSE
"Vitvi08g02214",42,0.816811769737353,1.23759826433005e-09,8.70774138782626e-06,1.26935005653447e-08,TRUE
"Vitvi08g02216",6,0.256379924585888,0.131210130347675,1,0.137380130524738,FALSE
"Vitvi08g02217",3,0.544541179824902,0.000595760055322695,1,0.00103093156646593,FALSE
"Vitvi08g02218",79,0.892865103162951,2.50647253029205e-13,1.76355407231349e-09,7.51723832869841e-11,TRUE
"Vitvi08g02226",3,0.328993629477545,0.0500866756793616,1,0.0546795733250563,FALSE
"Vitvi08g02235",85,-0.552682403185747,0.000473378889663964,1,0.000841064698064083,FALSE
"Vitvi08g02238",119,0.799794857867825,4.86784757509085e-09,3.42501755383392e-05,4.06771680977901e-08,TRUE
"Vitvi08g02246",11,-0.645746403000758,2.10820008752169e-05,0.148332958158026,5.29571432195744e-05,FALSE
"Vitvi08g02249",60,0.703365690607165,1.71488287988333e-06,0.0120659159428591,5.86863615897817e-06,TRUE
"Vitvi08g02251",154,-0.478898349698169,0.00312849885508842,1,0.00423472834636439,FALSE
"Vitvi08g02257",51,-0.430524779021586,0.00876561976487687,1,0.0108621965979086,FALSE
"Vitvi08g02259",4,-0.449874207292219,0.00590725996608227,1,0.00756387281553318,FALSE
"Vitvi08g02261",71,0.768033586424181,4.56200737137454e-08,0.000320982838649913,3.06866958556324e-07,TRUE
"Vitvi08g02275",75,0.750289519408583,1.37448227308174e-07,0.00096708572734031,6.46880085177473e-07,TRUE
"Vitvi08g02288",60,0.816908451014811,1.22751732525652e-09,8.63681190050484e-06,1.26935005653447e-08,TRUE
"Vitvi08g02289",22,0.491235932432412,0.00234756968614635,1,0.00369932817731818,FALSE
"Vitvi08g02295",3,-0.473547362200556,0.00353201719882765,1,0.00475349522015139,FALSE
"Vitvi08g02304",863,-0.478898349698169,0.00312849885508842,1,0.00423472834636439,FALSE
"Vitvi08g02307",78,-0.304753495262471,0.0707229426338605,1,0.0757507420264641,FALSE
"Vitvi08g02324",19,-0.504335557297276,0.00171027946825786,1,0.00274362205623858,FALSE
"Vitvi08g02326",3,0.464520909948816,0.00431550212355726,1,0.00569144759912819,FALSE
"Vitvi08g02330",979,-0.638571442967416,2.77964224488528e-05,0.195575628350128,6.71158642244777e-05,FALSE
"Vitvi08g02331",477,-0.819235825519126,1.00667411024502e-09,7.08295903968394e-06,1.26031299638504e-08,TRUE
"Vitvi08g02333",251,-0.645746403000758,2.10820008752169e-05,0.148332958158026,5.29571432195744e-05,FALSE
"Vitvi08g02336",180,-0.478898349698169,0.00312849885508842,1,0.00423472834636439,FALSE
"Vitvi08g02355",114,-0.478898349698169,0.00312849885508842,1,0.00423472834636439,FALSE
"Vitvi08g02357",163,-0.645746403000758,2.10820008752169e-05,0.148332958158026,5.29571432195744e-05,FALSE
"Vitvi08g02359",14,-0.246705210450572,0.146913319045593,1,0.15316078127201,FALSE
"Vitvi08g02360",5,-0.595521682767366,0.000127313692999972,0.895779143947803,0.000254410435656862,FALSE
"Vitvi08g02366",49,0.372476494209687,0.0252748166470031,1,0.0287152607667228,FALSE
"Vitvi08g02368",1182,-0.353127065939054,0.0346365270501543,1,0.0385117895582942,FALSE
"Vitvi08g02382",15,-0.653029766892656,1.58058280040138e-05,0.111209805836241,4.34583063056824e-05,FALSE
"Vitvi08g02383",62,-0.876017926418979,2.62444731913928e-12,1.8465611337464e-08,1.81294449530263e-10,TRUE
"Vitvi08g02386",198,-0.372476494209687,0.0252748166470032,1,0.0287152607667228,FALSE
"Vitvi08g02387",94,0.900005561099491,8.21102122871127e-14,5.77727453652125e-10,5.77727453652125e-11,TRUE
"Vitvi08g02393",375,0.741875421513483,2.24744445882966e-07,0.00158130192123255,9.93280101276728e-07,TRUE
"Vitvi08g02397",37,0.691529396905392,3.0078044278422e-06,0.0211629119542977,9.57597825986321e-06,TRUE
"Vitvi08g02398",363,-0.750289519408583,1.37448227308175e-07,0.000967085727340323,6.46880085177473e-07,TRUE
"Vitvi08g02401",68,0.581378151178062,0.000200430453180054,1,0.0003846558004428,FALSE
"Vitvi08g02406",56,-0.478898349698169,0.00312849885508842,1,0.00423472834636439,FALSE
"Vitvi08g02412",52,-0.604312638618261,9.49848754852881e-05,0.668313583914487,0.000199675406009706,FALSE
"Vitvi08g04001",17,-0.816811769737353,1.23759826433008e-09,8.70774138782648e-06,1.26935005653447e-08,TRUE
"Vitvi08g04002",148,-0.798754929881148,5.27034919958902e-09,3.70821769683084e-05,4.29689188508788e-08,TRUE
"Vitvi08g04030",550,-0.550184244324302,0.000508303496349478,1,0.000891209419465469,FALSE
"Vitvi08g04035",92,-0.285404066991838,0.0915479263669638,1,0.0970661859430317,FALSE
"Vitvi08g04038",30,-0.615008437531859,6.57237398953932e-05,0.462432233903987,0.000143791117507458,FALSE
"Vitvi08g04055",990,-0.701115533676863,1.91214561505384e-06,0.0134538565475188,6.43417338475313e-06,TRUE
"Vitvi08g04075",36,-0.663836406061092,1.01620006133772e-05,0.0714998363157219,2.87494315704551e-05,FALSE
"Vitvi08g04091",6,-0.478898349698169,0.00312849885508842,1,0.00423472834636439,FALSE
"Vitvi08g04102",87,-0.550184244324302,0.000508303496349478,1,0.000891209419465469,FALSE
"Vitvi08g04114",96,0.491035824676959,0.00235872946624425,1,0.00371608162214387,FALSE
"Vitvi08g04118",43,0.876364903459423,2.50929748730508e-12,1.76554171206785e-08,1.81294449530263e-10,TRUE
"Vitvi08g04123",278,0.777105642041788,2.49883482017834e-08,0.000175818017947748,1.77773526741909e-07,TRUE
"Vitvi08g04124",38,-0.497785744864844,0.00200686623174574,1,0.00318670972840512,FALSE
"Vitvi08g04129",26,0.700887740352874,1.9332321858187e-06,0.0136022216594204,6.46493424877393e-06,TRUE
"Vitvi08g04140",1240,-0.411175350750953,0.0127285678576514,1,0.0152881876829012,FALSE
"Vitvi08g04165",274,-0.534365186190885,0.000787743532814019,1,0.00133523572557924,FALSE
"Vitvi08g04167",44,0.401500636615636,0.0152203400780549,1,0.017965158998355,FALSE
"Vitvi08g04175",3,0.324102923533104,0.0538052002373616,1,0.0584218192700735,FALSE
"Vitvi08g04186",30,-0.734769079293352,3.35592859601083e-07,0.00236123136015322,1.40717005968607e-06,TRUE
"Vitvi08g04190",10,0.483387291582302,0.00282154794451191,1,0.00423472834636439,FALSE
"Vitvi08g04210",25,-0.750289519408583,1.37448227308175e-07,0.000967085727340323,6.46880085177473e-07,TRUE
"Vitvi08g04212",10,0.343452351803737,0.0402822983143647,1,0.0443754894222436,FALSE
"Vitvi08g04218",884,-0.875491595135099,2.808569499545e-12,1.97610949987986e-08,1.81294449530263e-10,TRUE
"Vitvi08g04221",1300,-0.620550985079812,5.40171687210584e-05,0.380064799121367,0.000120924212256241,FALSE
"Vitvi08g04226",17,-0.67618685082502,5.99900909659352e-06,0.042209028003632,1.77797085103761e-05,TRUE
"Vitvi08g04234",15,-0.358748001667088,0.0316645308614795,1,0.0354763756594538,FALSE
"Vitvi08g04243",4,-0.071015057392582,0.680652276760455,1,0.684543942150738,FALSE
"Vitvi08g04260",45,0.750289519408583,1.37448227308174e-07,0.00096708572734031,6.46880085177473e-07,TRUE
"Vitvi08g04264",89,-0.596032931351327,0.000125192354329375,0.88085340506148,0.000252538246863957,FALSE
"Vitvi08g04277",117,0.811139465780844,1.98345837029641e-09,1.39556130934055e-05,1.87072561573802e-08,TRUE
"Vitvi08g04278",402,-0.645746403000758,2.10820008752169e-05,0.148332958158026,5.29571432195744e-05,FALSE
"Vitvi08g04284",78,0.750289519408583,1.37448227308174e-07,0.00096708572734031,6.46880085177473e-07,TRUE
"Vitvi08g04286",347,-0.36280178007437,0.0296534634974876,1,0.0332921284774729,FALSE
"Vitvi08g04287",61,0.691529396905392,3.0078044278422e-06,0.0211629119542977,9.57597825986321e-06,TRUE
"Vitvi08g04290",19,0.680681876953935,4.92121579230629e-06,0.034625674314667,1.49027485470856e-05,TRUE
"Vitvi08g04296",894,-0.53094704246729,0.000863545476365859,1,0.00145252354093,FALSE
"Vitvi08g04314",1366,-0.684288760868618,4.18769069394475e-06,0.0294645917225952,1.28722550120556e-05,TRUE
"Vitvi08g04317",16,-0.645746403000758,2.10820008752169e-05,0.148332958158026,5.29571432195744e-05,FALSE
"Vitvi08g04326",13,-0.701470675600752,1.87969052288908e-06,0.0132255025190476,6.39840470200656e-06,TRUE
"Vitvi08g04336",4,0.478898349698169,0.00312849885508842,1,0.00423472834636439,FALSE
"Vitvi08g04345",7,0.392126621254692,0.0180137209543913,1,0.0210649433514528,FALSE
"Vitvi08g04349",807,-0.72151162192928,6.86190536909843e-07,0.00482803661769765,2.62535977036305e-06,TRUE
"Vitvi08g04351",11,0.266598285955942,0.116011920223741,1,0.122396141954453,FALSE
"Vitvi08g04357",6,0.552471922567315,0.000476236747738389,1,0.000841064698064083,FALSE
"Vitvi08g04358",9,0.595521682767366,0.000127313692999973,0.895779143947812,0.000254410435656862,FALSE
"Vitvi08g04367",629,-0.737939074644656,2.81075640112032e-07,0.00197764820382825,1.20661879428203e-06,TRUE
"Vitvi08g04368",194,-0.731763852262692,3.96103875756545e-07,0.00278698686982305,1.612037906752e-06,TRUE
"Vitvi08g04370",41,0.697693386650656,2.25225754908551e-06,0.0158468841153656,7.43985169735475e-06,TRUE
"Vitvi08g04371",31,-0.750289519408583,1.37448227308175e-07,0.000967085727340323,6.46880085177473e-07,TRUE
"Vitvi08g04377",7,0.477035929006692,0.00326413856858083,1,0.00440815335288575,FALSE
"Vitvi08g04380",9,0.412638183243226,0.0123836432952852,1,0.0150200507198116,FALSE
"Vitvi08g04386",8,-0.382151208345003,0.0214447164072558,1,0.0246423362145112,FALSE
"Vitvi08g04390",521,0.523669565880827,0.0010467729508426,1,0.001730520320049,FALSE
"Vitvi08g04416",423,-0.824830680669811,6.17603010054607e-10,4.34545477874422e-06,8.88695225829135e-09,TRUE
"Vitvi08g04418",21,-0.333777637668421,0.0466511603903606,1,0.0510240268158833,FALSE
"Vitvi08g04432",1306,-0.759552352981529,7.81948005924383e-08,0.000550178616968396,4.90355273590371e-07,TRUE
"Vitvi09g00006",1261,-0.314428209397787,0.0618077618339936,1,0.0666175570257321,FALSE
"Vitvi09g00008",1504,-0.478898349698169,0.00312849885508842,1,0.00423472834636439,FALSE
"Vitvi09g00012",128,-0.645746403000758,2.10820008752169e-05,0.148332958158026,5.29571432195744e-05,FALSE
"Vitvi09g00017",181,-0.465036682702683,0.00426699202659308,1,0.00562852566537475,FALSE
"Vitvi09g00018",1699,-0.884224678378342,8.74713631353133e-13,6.15448511020064e-09,8.4308015208228e-11,TRUE
"Vitvi09g00022",3,-0.527981513657892,0.000934466565928765,1,0.00155951298811074,FALSE
"Vitvi09g00030",1692,-0.737939074644656,2.81075640112032e-07,0.00197764820382825,1.20661879428203e-06,TRUE
"Vitvi09g00033",364,-0.631396482934074,3.63959573998368e-05,0.256081956265252,8.4907810432777e-05,FALSE
"Vitvi09g00038",12,0.451937057837819,0.00565632945206133,1,0.0073090787924157,FALSE
"Vitvi09g00039",69,-0.538122002500631,0.00071128356377806,1,0.00121117888546525,FALSE
"Vitvi09g00040",32,-0.588937048288565,0.000157677153214071,1,0.000310239499444688,FALSE
"Vitvi09g00043",360,0.478898349698169,0.00312849885508842,1,0.00423472834636439,FALSE
"Vitvi09g00045",778,-0.382151208345003,0.0214447164072558,1,0.0246423362145112,FALSE
"Vitvi09g00056",109,-0.285404066991838,0.0915479263669638,1,0.0970661859430317,FALSE
"Vitvi09g00064",9,0.651664861208396,1.669212644226e-05,0.117445801647741,4.57699928479117e-05,FALSE
"Vitvi09g00068",1929,-0.678679836599203,5.37727468533649e-06,0.0378345046860275,1.6079262509999e-05,TRUE
"Vitvi09g00081",882,-0.684288760868618,4.18769069394475e-06,0.0294645917225952,1.28722550120556e-05,TRUE
"Vitvi09g00083",269,-0.737312242967214,2.91161112759456e-07,0.00204860958937553,1.24082955140856e-06,TRUE
"Vitvi09g00107",15,0.45202248210053,0.00564613925901835,1,0.00730127473377194,FALSE
"Vitvi09g00112",215,-0.497785744864844,0.00200686623174574,1,0.00318670972840512,FALSE
"Vitvi09g00129",1135,-0.343452351803737,0.0402822983143647,1,0.0443754894222436,FALSE
"Vitvi09g00143",71,-0.40897272190048,0.013263225639686,1,0.0159113479285305,FALSE
"Vitvi09g00144",63,0.454322865822607,0.00537760984106564,1,0.00696939820256732,FALSE
"Vitvi09g00146",1235,-0.673070912329788,6.86813950157651e-06,0.0483242295330923,2.00598711220807e-05,TRUE
"Vitvi09g00155",33,0.478898349698169,0.00312849885508842,1,0.00423472834636439,FALSE
"Vitvi09g00159",108,-0.481301047492487,0.00296077412160733,1,0.00423472834636439,FALSE
"Vitvi09g00166",50,-0.816811769737353,1.23759826433008e-09,8.70774138782648e-06,1.26935005653447e-08,TRUE
"Vitvi09g00170",7,-0.295078781127154,0.0806150363631191,1,0.0860317603292744,FALSE
"Vitvi09g00172",9,-0.353127065939054,0.0346365270501543,1,0.0385117895582942,FALSE
"Vitvi09g00177",5,0.478898349698169,0.00312849885508842,1,0.00423472834636439,FALSE
"Vitvi09g00183",1166,-0.479817976138129,0.00306335079626481,1,0.00423472834636439,FALSE
"Vitvi09g00184",1413,-0.759552352981529,7.81948005924383e-08,0.000550178616968396,4.90355273590371e-07,TRUE
"Vitvi09g00185",1393,-0.750289519408583,1.37448227308175e-07,0.000967085727340323,6.46880085177473e-07,TRUE
"Vitvi09g00186",4,-0.478898349698169,0.00312849885508842,1,0.00423472834636439,FALSE
"Vitvi09g00187",6,0.545296962533973,0.000583320667650517,1,0.00101089759053917,FALSE
"Vitvi09g00206",42,0.712333382215692,1.10001840416099e-06,0.00773972949167674,3.98544258067803e-06,TRUE
"Vitvi09g00219",3,-0.420850064886269,0.010590608809886,1,0.0129098273711639,FALSE
"Vitvi09g00233",51,0.485122774162142,0.00271011284164684,1,0.00423472834636439,FALSE
"Vitvi09g00241",32,-0.808454731941779,2.46609556329118e-09,1.73514483833168e-05,2.2534348549762e-08,TRUE
"Vitvi09g00253",113,-0.550184480608971,0.000508300087493933,1,0.000891209419465469,FALSE
"Vitvi09g00255",33,-0.581171762700682,0.000201731083518182,1,0.0003846558004428,FALSE
"Vitvi09g00258",100,-0.504335557297276,0.00171027946825786,1,0.00274362205623858,FALSE
"Vitvi09g00260",5,-0.316649270118787,0.0598922067355141,1,0.0648909095459004,FALSE
"Vitvi09g00261",1576,-0.824356049428621,6.44165101155286e-10,4.53234565172859e-06,8.88695225829135e-09,TRUE
"Vitvi09g00264",1088,-0.713238185116801,1.05085825073373e-06,0.00739383865216252,3.82772193350016e-06,TRUE
"Vitvi09g00273",1044,-0.750289519408583,1.37448227308175e-07,0.000967085727340323,6.46880085177473e-07,TRUE
"Vitvi09g00275",23,0.689879029927042,3.24615319581962e-06,0.0228399338857868,1.0232945289331e-05,TRUE
"Vitvi09g00284",6,-0.550511637536449,0.000503599688275498,1,0.000887607065808223,FALSE
"Vitvi09g00285",6,0.696953156881121,2.33275231669687e-06,0.0164132453002792,7.68050786161878e-06,TRUE
"Vitvi09g00290",8,-0.442201155819983,0.00692652368587176,1,0.00883040780101353,FALSE
"Vitvi09g00293",10,0.430497602000505,0.00877034378520732,1,0.0108621965979086,FALSE
"Vitvi09g00301",1112,-0.382151208345003,0.0214447164072558,1,0.0246423362145112,FALSE
"Vitvi09g00303",20,0.645746403000758,2.10820008752171e-05,0.148332958158028,5.29571432195744e-05,FALSE
"Vitvi09g00307",5,0.478898349698169,0.00312849885508842,1,0.00423472834636439,FALSE
"Vitvi09g00308",59,-0.478898349698169,0.00312849885508842,1,0.00423472834636439,FALSE
"Vitvi09g00311",1126,-0.719413407498765,7.65599059629684e-07,0.00538675498355446,2.89610482986801e-06,TRUE
"Vitvi09g00314",1126,-0.478898349698169,0.00312849885508842,1,0.00423472834636439,FALSE
"Vitvi09g00323",648,-0.751595852101597,1.27126181928121e-07,0.000894459816046258,6.46880085177473e-07,TRUE
"Vitvi09g00333",76,-0.150674160700177,0.380398322087054,1,0.385994028584441,FALSE
"Vitvi09g00334",5,-0.683782629367953,4.28420376170277e-06,0.0301436576673407,1.31539136002999e-05,TRUE
"Vitvi09g00335",29,-0.188656925638672,0.270494358476957,1,0.277110993920191,FALSE
"Vitvi09g00336",297,-0.631396482934074,3.63959573998368e-05,0.256081956265252,8.4907810432777e-05,FALSE
"Vitvi09g00340",689,-0.819364257432423,9.95634354671641e-10,7.00528331946966e-06,1.26031299638504e-08,TRUE
"Vitvi09g00350",1410,-0.824356049428621,6.44165101155286e-10,4.53234565172859e-06,8.88695225829135e-09,TRUE
"Vitvi09g00352",1527,-0.638571442967416,2.77964224488528e-05,0.195575628350128,6.71158642244777e-05,FALSE
"Vitvi09g00356",349,-0.50327347762841,0.00175558579468837,1,0.0028130953430716,FALSE
"Vitvi09g00359",26,-0.420850064886269,0.010590608809886,1,0.0129098273711639,FALSE
"Vitvi09g00361",85,-0.509422162367264,0.00150722386046954,1,0.00243007036715483,FALSE
"Vitvi09g00372",1081,-0.868068474378342,7.08259303673713e-12,4.98331246064824e-08,2.88556436427387e-10,TRUE
"Vitvi09g00373",1618,-0.786652582458707,1.28599367880675e-08,9.04825152408429e-05,9.65661848888398e-08,TRUE
"Vitvi09g00377",341,0.478898349698169,0.00312849885508842,1,0.00423472834636439,FALSE
"Vitvi09g00378",201,0.478898349698169,0.00312849885508842,1,0.00423472834636439,FALSE
"Vitvi09g00383",3,-0.416147681933822,0.011588218990186,1,0.0140771251407025,FALSE
"Vitvi09g00384",41,0.750289519408583,1.37448227308174e-07,0.00096708572734031,6.46880085177473e-07,TRUE
"Vitvi09g00385",11,-0.373600954108801,0.024802525353346,1,0.0284219166752675,FALSE
"Vitvi09g00389",686,-0.645746403000758,2.10820008752169e-05,0.148332958158026,5.29571432195744e-05,FALSE
"Vitvi09g00406",1070,-0.449874207292219,0.00590725996608227,1,0.00756387281553318,FALSE
"Vitvi09g00412",37,-0.478898349698169,0.00312849885508842,1,0.00423472834636439,FALSE
"Vitvi09g00416",12,0.198331639773989,0.24622943838985,1,0.252620345364681,FALSE
"Vitvi09g00418",13,0.663836406061092,1.01620006133771e-05,0.0714998363157215,2.87494315704551e-05,FALSE
"Vitvi09g00419",98,-0.866359712001401,8.69442361037601e-12,6.11739645226056e-08,2.88556436427387e-10,TRUE
"Vitvi09g00436",28,-0.69471251797091,2.59273082141354e-06,0.0182424540594657,8.36809819241548e-06,TRUE
"Vitvi09g00438",1735,-0.538122002500631,0.00071128356377806,1,0.00121117888546525,FALSE
"Vitvi09g00443",163,-0.762038276589863,6.69235268411086e-08,0.00047087393485404,4.29237862218815e-07,TRUE
"Vitvi09g00462",31,-0.638571442967416,2.77964224488528e-05,0.195575628350128,6.71158642244777e-05,FALSE
"Vitvi09g00476",7,0.294173361367012,0.0815930785914507,1,0.0869041630289808,FALSE
"Vitvi09g00486",54,0.404477066018619,0.0144134798599693,1,0.0172647674999565,FALSE
"Vitvi09g00487",26,0.382151208345003,0.0214447164072558,1,0.0246423362145112,FALSE
"Vitvi09g00488",1371,-0.832047914668219,3.20422290192037e-10,2.25449123379117e-06,5.5257138083117e-09,TRUE
"Vitvi09g00502",6,-0.719413407498765,7.65599059629684e-07,0.00538675498355446,2.89610482986801e-06,TRUE
"Vitvi09g00505",20,-0.401500636615636,0.0152203400780548,1,0.017965158998355,FALSE
"Vitvi09g00535",87,-0.750289519408583,1.37448227308175e-07,0.000967085727340323,6.46880085177473e-07,TRUE
"Vitvi09g00536",16,0.800004596419964,4.79020418776384e-09,3.37038766651064e-05,4.06771680977901e-08,TRUE
"Vitvi09g00540",62,0.750289519408583,1.37448227308174e-07,0.00096708572734031,6.46880085177473e-07,TRUE
"Vitvi09g00546",20,0.624221522900733,4.73386834040072e-05,0.333074976430595,0.000107478211174765,FALSE
"Vitvi09g00550",3,-0.39182592248032,0.0181099832764267,1,0.0210649433514528,FALSE
"Vitvi09g00551",158,0.285404066991838,0.0915479263669639,1,0.0970661859430317,FALSE
"Vitvi09g00566",24,-0.789157076468506,1.07431838963728e-08,7.55890418948789e-05,8.2162002059651e-08,TRUE
"Vitvi09g00570",43,-0.47080122839028,0.00375612003418046,1,0.0050444856958377,FALSE
"Vitvi09g00582",3,-0.595521682767366,0.000127313692999972,0.895779143947803,0.000254410435656862,FALSE
"Vitvi09g00593",1265,-0.53094704246729,0.000863545476365859,1,0.00145252354093,FALSE
"Vitvi09g00595",51,0.469223635562852,0.00389036020229627,1,0.00516366240018047,FALSE
"Vitvi09g00601",34,0.430497602000505,0.00877034378520732,1,0.0108621965979086,FALSE
"Vitvi09g00607",1028,-0.582933306486462,0.000190869311580325,1,0.000367270530032874,FALSE
"Vitvi09g00616",5,-0.130608640826773,0.447699103241463,1,0.453238977036969,FALSE
"Vitvi09g00617",398,0.609871602834049,7.8569440725387e-05,0.552814584943823,0.000168028749223046,FALSE
"Vitvi09g00618",1464,-0.776753756570509,2.55918631599959e-08,0.000180064349193731,1.81883181003769e-07,TRUE
"Vitvi09g00648",56,0.285404066991838,0.0915479263669639,1,0.0970661859430317,FALSE
"Vitvi09g00653",3,0.459548921427535,0.00480814938579871,1,0.00625788736190894,FALSE
"Vitvi09g00660",7,-0.150674160700177,0.380398322087054,1,0.385994028584441,FALSE
"Vitvi09g00667",12,-0.502247202333923,0.00180036184177854,1,0.00287567444239588,FALSE
"Vitvi09g00678",21,-0.220787655332423,0.195661312720183,1,0.202362633588006,FALSE
"Vitvi09g00693",33,-0.645746403000758,2.10820008752169e-05,0.148332958158026,5.29571432195744e-05,FALSE
"Vitvi09g00752",623,-0.552471922567315,0.000476236747738388,1,0.000841064698064083,FALSE
"Vitvi09g00772",9,0.469223635562852,0.00389036020229627,1,0.00516366240018047,FALSE
"Vitvi09g00773",615,-0.478898349698169,0.00312849885508842,1,0.00423472834636439,FALSE
"Vitvi09g00782",42,0.861011812544602,1.62270868075847e-11,1.14173782778166e-07,4.9857547064702e-10,TRUE
"Vitvi09g00790",27,-0.631052135902255,3.68635855576052e-05,0.25937218798331,8.59417455213094e-05,FALSE
"Vitvi09g00792",13,-0.750289519408583,1.37448227308175e-07,0.000967085727340323,6.46880085177473e-07,TRUE
"Vitvi09g00793",359,0.588346722734024,0.000160693769450826,1,0.000313631445729823,FALSE
"Vitvi09g00802",362,-0.459548921427535,0.00480814938579871,1,0.00625788736190894,FALSE
"Vitvi09g00827",41,0.430524779021586,0.00876561976487691,1,0.0108621965979086,FALSE
"Vitvi09g00834",7,0.596469585513489,0.00012340576039278,0.8682829301236,0.000251822195511485,FALSE
"Vitvi09g00867",74,0.866359712001401,8.69442361037607e-12,6.11739645226061e-08,2.88556436427387e-10,TRUE
"Vitvi09g00870",21,-0.260925981999432,0.124276234876396,1,0.130645090182328,FALSE
"Vitvi09g00876",156,-0.399763329747389,0.0157086040667145,1,0.0185383660203628,FALSE
"Vitvi09g00932",5,0.478898349698169,0.00312849885508842,1,0.00423472834636439,FALSE
"Vitvi09g00937",11,-0.194519505031855,0.255610357270602,1,0.262130079253164,FALSE
"Vitvi09g00981",6,0.343452351803737,0.0402822983143647,1,0.0443754894222436,FALSE
"Vitvi09g00985",31,0.458486870270251,0.00491945937882392,1,0.00637915889963234,FALSE
"Vitvi09g00994",67,-0.206869949795782,0.226063073476871,1,0.232404994883586,FALSE
"Vitvi09g01026",79,-0.750289519408583,1.37448227308175e-07,0.000967085727340323,6.46880085177473e-07,TRUE
"Vitvi09g01027",10,-0.086099520400101,0.617572007967428,1,0.622170195884711,FALSE
"Vitvi09g01031",65,0.478898349698169,0.00312849885508842,1,0.00423472834636439,FALSE
"Vitvi09g01036",3,-0.680676474781128,4.92239733135686e-06,0.0346339876234269,1.49027485470856e-05,TRUE
"Vitvi09g01122",3,-0.523984994594573,0.00103817108302138,1,0.00172196410658615,FALSE
"Vitvi09g01141",370,-0.731727210389712,3.96899963641177e-07,0.00279258814417932,1.612037906752e-06,TRUE
"Vitvi09g01145",54,0.625704236445456,4.48597482637101e-05,0.315633188783464,0.000103384601632317,FALSE
"Vitvi09g01155",1346,-0.621570789492433,5.20810981164701e-05,0.366442606347483,0.000117149170827201,FALSE
"Vitvi09g01164",179,0.178982211503356,0.296273865831986,1,0.302332548222459,FALSE
"Vitvi09g01168",111,0.667971890266684,8.54109450068943e-06,0.0600951409068508,2.46190663280831e-05,FALSE
"Vitvi09g01181",6,-0.559646882600657,0.000387017462770897,1,0.000700014104898731,FALSE
"Vitvi09g01187",25,-0.726054906433203,5.39506797819202e-07,0.00379596982945591,2.13496615829916e-06,TRUE
"Vitvi09g01196",30,0.750289519408583,1.37448227308174e-07,0.00096708572734031,6.46880085177473e-07,TRUE
"Vitvi09g01214",122,-0.750289519408583,1.37448227308175e-07,0.000967085727340323,6.46880085177473e-07,TRUE
"Vitvi09g01233",555,-0.780793320692621,1.94084210633494e-08,0.000136557650601726,1.40926368010037e-07,TRUE
"Vitvi09g01269",610,-0.499162748172827,0.00194102241297602,1,0.00308982662843875,FALSE
"Vitvi09g01272",1097,-0.538122002500631,0.00071128356377806,1,0.00121117888546525,FALSE
"Vitvi09g01273",181,0.279823441300328,0.0983522347340232,1,0.104139401593467,FALSE
"Vitvi09g01281",10,-0.304753495262471,0.0707229426338605,1,0.0757507420264641,FALSE
"Vitvi09g01282",24,-0.617219718544524,6.08033789028891e-05,0.427812573960728,0.000134890777033831,FALSE
"Vitvi09g01297",171,-0.765761034128769,5.28218853687821e-08,0.000371654785454751,3.50287262445571e-07,TRUE
"Vitvi09g01301",122,0.333777637668421,0.0466511603903606,1,0.0510240268158833,FALSE
"Vitvi09g01302",1576,-0.764183769768002,5.84225956778788e-08,0.000411061383189555,3.81318537281591e-07,TRUE
"Vitvi09g01303",70,0.623953435216034,4.77998991152757e-05,0.33632009017508,0.000108315649009688,FALSE
"Vitvi09g01309",105,0.750289519408583,1.37448227308174e-07,0.00096708572734031,6.46880085177473e-07,TRUE
"Vitvi09g01310",16,-0.478898349698169,0.00312849885508842,1,0.00423472834636439,FALSE
"Vitvi09g01317",1873,-0.884224678378342,8.74713631353133e-13,6.15448511020064e-09,8.4308015208228e-11,TRUE
"Vitvi09g01320",18,-0.39182592248032,0.0181099832764267,1,0.0210649433514528,FALSE
"Vitvi09g01329",51,0.750289519408583,1.37448227308174e-07,0.00096708572734031,6.46880085177473e-07,TRUE
"Vitvi09g01335",147,-0.502253673215789,0.00180007641039318,1,0.00287567444239588,FALSE
"Vitvi09g01351",1200,-0.808995377700137,2.36091949141347e-09,1.66114295415852e-05,2.16294655489392e-08,TRUE
"Vitvi09g01373",834,0.596032931351327,0.000125192354329375,0.88085340506148,0.000252538246863957,FALSE
"Vitvi09g01376",113,-0.750289519408583,1.37448227308175e-07,0.000967085727340323,6.46880085177473e-07,TRUE
"Vitvi09g01384",214,0.609871602834049,7.8569440725387e-05,0.552814584943823,0.000168028749223046,FALSE
"Vitvi09g01388",56,0.478898349698169,0.00312849885508842,1,0.00423472834636439,FALSE
"Vitvi09g01390",37,0.589919611476977,0.000152768766009833,1,0.000303124940114265,FALSE
"Vitvi09g01399",96,-0.645746403000758,2.10820008752169e-05,0.148332958158026,5.29571432195744e-05,FALSE
"Vitvi09g01408",215,0.478898349698169,0.00312849885508842,1,0.00423472834636439,FALSE
"Vitvi09g01412",20,-0.449874207292219,0.00590725996608227,1,0.00756387281553318,FALSE
"Vitvi09g01427",162,0.607910220527261,8.40433806240486e-05,0.591329226070806,0.000177576344165407,FALSE
"Vitvi09g01464",731,-0.545296962533973,0.000583320667650517,1,0.00101089759053917,FALSE
"Vitvi09g01467",71,0.481301047492487,0.00296077412160733,1,0.00423472834636439,FALSE
"Vitvi09g01493",6,-0.420850064886269,0.010590608809886,1,0.0129098273711639,FALSE
"Vitvi09g01495",675,0.617046562867391,6.11763032283901e-05,0.430436469514953,0.000134890777033831,FALSE
"Vitvi09g01501",3,0.440199493156902,0.00721598030084792,1,0.0091021221579,FALSE
"Vitvi09g01502",825,-0.478898349698169,0.00312849885508842,1,0.00423472834636439,FALSE
"Vitvi09g01512",31,-0.0586646126286547,0.73396322289731,1,0.737632514827235,FALSE
"Vitvi09g01513",8,0.401500636615636,0.0152203400780549,1,0.017965158998355,FALSE
"Vitvi09g01521",8,-0.14028335496209,0.414476147144056,1,0.419725701109036,FALSE
"Vitvi09g01536",377,-0.420850064886269,0.010590608809886,1,0.0129098273711639,FALSE
"Vitvi09g01542",6,-0.602696642800707,0.000100304716366618,0.705743984355526,0.00020739228535204,FALSE
"Vitvi09g01555",253,-0.364580077511968,0.028804979531483,1,0.0326574018665025,FALSE
"Vitvi09g01556",232,-0.578329557711017,0.000220428059196471,1,0.000419284083402641,FALSE
"Vitvi09g01560",97,-0.388965488564411,0.0190473857362308,1,0.0221516373620033,FALSE
"Vitvi09g01562",142,-0.48468611999998,0.00273778266345129,1,0.00423472834636439,FALSE
"Vitvi09g01568",16,-0.404477066018619,0.0144134798599693,1,0.0172647674999565,FALSE
"Vitvi09g01571",21,-0.459197442133872,0.00484474340951935,1,0.00629038837966014,FALSE
"Vitvi09g01583",65,0.589733737477529,0.000153686635287773,1,0.00030451680255837,FALSE
"Vitvi09g01587",89,0.854242196177249,3.4485174125585e-11,2.42637685147616e-07,7.42011269564575e-10,TRUE
"Vitvi09g01588",33,-0.614434627005383,6.70579321707088e-05,0.471819610753107,0.000146209981640256,FALSE
"Vitvi09g01590",11,-0.448713941553192,0.00605256170021223,1,0.00774428516506515,FALSE
"Vitvi09g01592",121,-0.750289519408583,1.37448227308175e-07,0.000967085727340323,6.46880085177473e-07,TRUE
"Vitvi09g01597",25,0.737939074644656,2.81075640112032e-07,0.00197764820382825,1.20661879428203e-06,TRUE
"Vitvi09g01616",1588,-0.808995377700137,2.36091949141347e-09,1.66114295415852e-05,2.16294655489392e-08,TRUE
"Vitvi09g01646",8,0.453784316520752,0.0054394684818814,1,0.00704308064750046,FALSE
"Vitvi09g01650",362,-0.874344762938948,3.25230629616806e-12,2.28832270998385e-08,1.92296026049063e-10,TRUE
"Vitvi09g01654",329,0.782709436913892,1.69877346187181e-08,0.0001195257007773,1.23860829821039e-07,TRUE
"Vitvi09g01664",54,0.294645612246368,0.0810818084876261,1,0.0864905404061457,FALSE
"Vitvi09g01665",10,-0.674600618948719,6.42804990185046e-06,0.0452277591094198,1.893959761701e-05,TRUE
"Vitvi09g01666",22,-0.126592058830255,0.461904702445306,1,0.467284182085575,FALSE
"Vitvi09g01693",21,0.640970347085562,2.53619620580652e-05,0.178446765040547,6.28555001904007e-05,FALSE
"Vitvi09g01694",7,-0.478898349698169,0.00312849885508842,1,0.00423472834636439,FALSE
"Vitvi09g01698",24,-0.750289519408583,1.37448227308175e-07,0.000967085727340323,6.46880085177473e-07,TRUE
"Vitvi09g01708",41,0.523772082433948,0.00104397040540408,1,0.00172629277847782,FALSE
"Vitvi09g01709",102,-0.314428209397787,0.0618077618339936,1,0.0666175570257321,FALSE
"Vitvi09g01736",77,-0.816811769737353,1.23759826433008e-09,8.70774138782648e-06,1.26935005653447e-08,TRUE
"Vitvi09g01751",296,-0.762913362514686,6.33270577135278e-08,0.000445569178072382,4.10284694357626e-07,TRUE
"Vitvi09g01764",37,-0.866359712001401,8.69442361037601e-12,6.11739645226056e-08,2.88556436427387e-10,TRUE
"Vitvi09g01769",5,-0.39182592248032,0.0181099832764267,1,0.0210649433514528,FALSE
"Vitvi09g01773",24,0.479564854824089,0.00308116350913724,1,0.00423472834636439,FALSE
"Vitvi09g01784",6,-0.794122553911316,7.46691027916994e-09,5.25371807242397e-05,5.88981846684301e-08,TRUE
"Vitvi09g01786",24,0.609871602834049,7.8569440725387e-05,0.552814584943823,0.000168028749223046,FALSE
"Vitvi09g01787",6,0.624221522900733,4.73386834040072e-05,0.333074976430595,0.000107478211174765,FALSE
"Vitvi09g01790",442,-0.645746403000758,2.10820008752169e-05,0.148332958158026,5.29571432195744e-05,FALSE
"Vitvi09g01807",109,-0.750289519408583,1.37448227308175e-07,0.000967085727340323,6.46880085177473e-07,TRUE
"Vitvi09g01812",167,-0.680676474781128,4.92239733135686e-06,0.0346339876234269,1.49027485470856e-05,TRUE
"Vitvi09g01853",17,-0.440199493156902,0.00721598030084795,1,0.0091021221579,FALSE
"Vitvi09g01936",9,-0.344408758458764,0.0396929700342421,1,0.0440229714698292,FALSE
"Vitvi09g01951",139,-0.506902167039959,0.00160500448368189,1,0.00258594264877164,FALSE
"Vitvi09g01954",156,-0.648431430810784,1.89748243923069e-05,0.133506864424271,5.16667431982474e-05,FALSE
"Vitvi09g01992",99,0.422484057087103,0.0102614843126122,1,0.012666632214656,FALSE
"Vitvi09g02002",7,-0.800004596419964,4.79020418776384e-09,3.37038766651064e-05,4.06771680977901e-08,TRUE
"Vitvi09g02006",7,-0.816275876347149,1.29488393267206e-09,9.11080335028058e-06,1.31279587179835e-08,TRUE
"Vitvi09g02008",10,-0.709037994563675,1.29744768347651e-06,0.00912884190094076,4.58275195830359e-06,TRUE
"Vitvi09g02033",113,-0.750289519408583,1.37448227308175e-07,0.000967085727340323,6.46880085177473e-07,TRUE
"Vitvi09g02034",73,-0.799794857867825,4.8678475750908e-09,3.42501755383389e-05,4.06771680977901e-08,TRUE
"Vitvi09g02044",17,-0.42573780810809,0.00963192720412472,1,0.0119083183637711,FALSE
"Vitvi09g04012",4,-0.559646882600657,0.000387017462770897,1,0.000700014104898731,FALSE
"Vitvi09g04016",3,0.430497602000505,0.00877034378520732,1,0.0108621965979086,FALSE
"Vitvi09g04042",150,-0.478898349698169,0.00312849885508842,1,0.00423472834636439,FALSE
"Vitvi09g04043",44,0.499194259977926,0.00193953804748968,1,0.00308956072042958,FALSE
"Vitvi09g04044",212,-0.478898349698169,0.00312849885508842,1,0.00423472834636439,FALSE
"Vitvi09g04067",80,-0.656244139521543,1.38851025998339e-05,0.097695581892431,3.83571189212529e-05,FALSE
"Vitvi09g04068",17,-0.523350096871419,0.00105554908999627,1,0.00174339046882951,FALSE
"Vitvi09g04078",100,-0.750289519408583,1.37448227308175e-07,0.000967085727340323,6.46880085177473e-07,TRUE
"Vitvi09g04079",20,-0.750289519408583,1.37448227308175e-07,0.000967085727340323,6.46880085177473e-07,TRUE
"Vitvi09g04081",5,-0.599325477318007,0.000112275268449246,0.789968788808894,0.000229775680281819,FALSE
"Vitvi09g04084",5,0.645746403000758,2.10820008752171e-05,0.148332958158028,5.29571432195744e-05,FALSE
"Vitvi09g04085",36,0.850057408412866,5.39401967842226e-11,3.7952322457379e-07,1.10648170429676e-09,TRUE
"Vitvi09g04090",3,-0.159632783232723,0.352382996354793,1,0.358031301422718,FALSE
"Vitvi09g04094",82,0.854242196177249,3.4485174125585e-11,2.42637685147616e-07,7.42011269564575e-10,TRUE
"Vitvi09g04095",9,-0.645310738915201,2.14432683486358e-05,0.150874836101001,5.36539246447374e-05,FALSE
"Vitvi09g04098",18,-0.719413407498765,7.65599059629684e-07,0.00538675498355446,2.89610482986801e-06,TRUE
"Vitvi09g04100",7,-0.295078781127154,0.0806150363631191,1,0.0860317603292744,FALSE
"Vitvi09g04101",718,-0.606979270725535,8.6759917654274e-05,0.610442780615472,0.000183206116631294,FALSE
"Vitvi09g04111",3,0.771433338085278,3.65240298083622e-08,0.000256983073731637,2.51205350666317e-07,TRUE
"Vitvi09g04119",13,0.842991996187096,1.11420525968352e-10,7.83954820713327e-07,2.13031201280795e-09,TRUE
"Vitvi09g04121",30,0.854242196177249,3.4485174125585e-11,2.42637685147616e-07,7.42011269564575e-10,TRUE
"Vitvi09g04122",22,0.816811769737353,1.23759826433005e-09,8.70774138782626e-06,1.26935005653447e-08,TRUE
"Vitvi09g04123",44,0.825286999230347,5.93028746429864e-10,4.17255025988053e-06,8.88695225829135e-09,TRUE
"Vitvi09g04126",26,-0.459548921427535,0.00480814938579871,1,0.00625788736190894,FALSE
"Vitvi09g04127",37,0.829476273338115,4.06241215706199e-10,2.85831319370882e-06,6.54731406210665e-09,TRUE
"Vitvi09g04134",258,-0.691230227781763,3.04978550862634e-06,0.0214582908386949,9.69209161639354e-06,TRUE
"Vitvi09g04136",13,0.459548921427535,0.00480814938579871,1,0.00625788736190894,FALSE
"Vitvi09g04142",18,-0.478898349698169,0.00312849885508842,1,0.00423472834636439,FALSE
"Vitvi09g04146",70,-0.750289519408583,1.37448227308175e-07,0.000967085727340323,6.46880085177473e-07,TRUE
"Vitvi09g04150",94,-0.22528985201776,0.186470554058884,1,0.193084152812113,FALSE
"Vitvi09g04152",43,-0.404352449604183,0.0144465237326766,1,0.0172984583020954,FALSE
"Vitvi09g04153",34,-0.295078781127154,0.0806150363631191,1,0.0860317603292744,FALSE
"Vitvi09g04166",95,-0.750289519408583,1.37448227308175e-07,0.000967085727340323,6.46880085177473e-07,TRUE
"Vitvi09g04170",21,-0.521806291275928,0.00109888106241935,1,0.00181155744029582,FALSE
"Vitvi09g04176",3,0.581171762700682,0.000201731083518181,1,0.0003846558004428,FALSE
"Vitvi09g04184",3,-0.478898349698169,0.00312849885508842,1,0.00423472834636439,FALSE
"Vitvi09g04187",68,0.800004596419964,4.79020418776384e-09,3.37038766651064e-05,4.06771680977901e-08,TRUE
"Vitvi09g04203",3,-0.217681068044622,0.202185093959942,1,0.208619199457715,FALSE
"Vitvi09g04205",43,0.523984994594573,0.00103817108302138,1,0.00172196410658615,FALSE
"Vitvi09g04208",16,-0.45202248210053,0.00564613925901834,1,0.00730127473377194,FALSE
"Vitvi09g04209",17,-0.718648196784035,7.96599470119536e-07,0.00560487387176106,2.9988624246983e-06,TRUE
"Vitvi09g04210",42,0.495115042327443,0.00214016736040477,1,0.00338658315753342,FALSE
"Vitvi09g04211",28,-0.750289519408583,1.37448227308175e-07,0.000967085727340323,6.46880085177473e-07,TRUE
"Vitvi09g04212",97,-0.750289519408583,1.37448227308175e-07,0.000967085727340323,6.46880085177473e-07,TRUE
"Vitvi09g04215",29,-0.69522692938384,2.5308033233668e-06,0.0178067321832088,8.25149776793736e-06,TRUE
"Vitvi09g04219",55,0.281975920089676,0.0956835106489018,1,0.101405208755185,FALSE
"Vitvi09g04221",22,-0.248322374473187,0.144197225939384,1,0.150552260232899,FALSE
"Vitvi09g04222",103,-0.750289519408583,1.37448227308175e-07,0.000967085727340323,6.46880085177473e-07,TRUE
"Vitvi09g04225",11,0.691529396905392,3.0078044278422e-06,0.0211629119542977,9.57597825986321e-06,TRUE
"Vitvi09g04231",68,-0.750289519408583,1.37448227308175e-07,0.000967085727340323,6.46880085177473e-07,TRUE
"Vitvi09g04257",1064,-0.689897685138033,3.24336512260011e-06,0.0228203170026144,1.02287391316067e-05,TRUE
"Vitvi09g04264",3,0.750289519408583,1.37448227308174e-07,0.00096708572734031,6.46880085177473e-07,TRUE
"Vitvi09g04280",53,-0.866359712001401,8.69442361037601e-12,6.11739645226056e-08,2.88556436427387e-10,TRUE
"Vitvi09g04286",51,-0.866359712001401,8.69442361037601e-12,6.11739645226056e-08,2.88556436427387e-10,TRUE
"Vitvi09g04292",31,0.866359712001401,8.69442361037607e-12,6.11739645226061e-08,2.88556436427387e-10,TRUE
"Vitvi09g04307",105,0.703365690607165,1.71488287988333e-06,0.0120659159428591,5.86863615897817e-06,TRUE
"Vitvi09g04337",7,-0.664410597026749,9.921346398573e-06,0.0698065932603596,2.82160845838159e-05,FALSE
"Vitvi09g04338",7,-0.788450249954806,1.13052940705564e-08,7.95440490804347e-05,8.58080356854743e-08,TRUE
"Vitvi09g04345",16,0.304753495262471,0.0707229426338605,1,0.0757507420264641,FALSE
"Vitvi09g04351",4,0.645746403000758,2.10820008752171e-05,0.148332958158028,5.29571432195744e-05,FALSE
"Vitvi09g04357",12,-0.39182592248032,0.0181099832764267,1,0.0210649433514528,FALSE
"Vitvi09g04365",11,0.256379924585888,0.131210130347675,1,0.137380130524738,FALSE
"Vitvi09g04374",45,0.43661267804615,0.00776062678887463,1,0.00975067322973605,FALSE
"Vitvi09g04376",9,0.827123396298606,5.0303223062359e-10,3.53933477466758e-06,7.59513900143266e-09,TRUE
"Vitvi09g04387",83,-0.251123601166961,0.139579734523285,1,0.14586113353718,FALSE
"Vitvi09g04415",127,-0.750289519408583,1.37448227308175e-07,0.000967085727340323,6.46880085177473e-07,TRUE
"Vitvi09g04416",134,-0.750289519408583,1.37448227308175e-07,0.000967085727340323,6.46880085177473e-07,TRUE
"Vitvi09g04421",88,-0.750289519408583,1.37448227308175e-07,0.000967085727340323,6.46880085177473e-07,TRUE
"Vitvi09g04422",24,0.818228616890212,1.09727718999618e-09,7.72044230881313e-06,1.26935005653447e-08,TRUE
"Vitvi09g04430",30,0.513398347852682,0.00136357573042932,1,0.00221829337324872,FALSE
"Vitvi09g04468",35,-0.416147681933822,0.011588218990186,1,0.0140771251407025,FALSE
"Vitvi09g04473",71,-0.750289519408583,1.37448227308175e-07,0.000967085727340323,6.46880085177473e-07,TRUE
"Vitvi09g04475",29,-0.595908959859492,0.00012570381227052,0.884452023135379,0.000252989709134834,FALSE
"Vitvi09g04495",291,-0.726610643992385,5.23697027742696e-07,0.00368473228719761,2.07707569740564e-06,TRUE
"Vitvi09g04535",61,0.47647353234679,0.00330609032289887,1,0.00446309507135772,FALSE
"Vitvi09g04536",124,-0.569741278656483,0.000286722253804259,1,0.000533415594332831,FALSE
"Vitvi09g04537",96,-0.750289519408583,1.37448227308175e-07,0.000967085727340323,6.46880085177473e-07,TRUE
"Vitvi09g04541",33,-0.583558515095565,0.00018714223369946,1,0.00036323662243018,FALSE
"Vitvi09g04544",10,-0.518718680084946,0.00119028019938684,1,0.00195856208673662,FALSE
"Vitvi09g04545",288,-0.66969710205003,7.93751369399142e-06,0.0558483463509237,2.2982858580627e-05,FALSE
"Vitvi09g04546",17,0.255253678042923,0.132971373722395,1,0.139120681860338,FALSE
"Vitvi09g04548",118,-0.490525922470648,0.00238737596403361,1,0.00375532691324401,FALSE
"Vitvi09g04549",15,-0.680676474781128,4.92239733135686e-06,0.0346339876234269,1.49027485470856e-05,TRUE
"Vitvi09g04550",12,-0.577383292713601,0.000226988801827679,1,0.000430483344921711,FALSE
"Vitvi09g04564",89,-0.750289519408583,1.37448227308175e-07,0.000967085727340323,6.46880085177473e-07,TRUE
"Vitvi09g04565",114,-0.614434627005383,6.70579321707088e-05,0.471819610753107,0.000146209981640256,FALSE
"Vitvi09g04595",64,0.866359712001401,8.69442361037607e-12,6.11739645226061e-08,2.88556436427387e-10,TRUE
"Vitvi09g04597",229,-0.782167024773096,1.76429582205082e-08,0.000124135854039496,1.28505024885606e-07,TRUE
"Vitvi09g04607",36,0.478898349698169,0.00312849885508842,1,0.00423472834636439,FALSE
"Vitvi09g04613",4,0.401500636615636,0.0152203400780549,1,0.017965158998355,FALSE
"Vitvi10g00002",7,-0.120933926691457,0.482316946894032,1,0.487513581144435,FALSE
"Vitvi10g00015",1001,-0.706214555739967,1.4919087330318e-06,0.0104970698456117,5.17606994359553e-06,TRUE
"Vitvi10g00017",45,-0.306304413651508,0.0692297039945086,1,0.0744915426373089,FALSE
"Vitvi10g00019",60,-0.411175350750953,0.0127285678576514,1,0.0152881876829012,FALSE
"Vitvi10g00020",67,0.259359340042473,0.126634221821069,1,0.13310403118211,FALSE
"Vitvi10g00026",966,-0.695506609407448,2.49770503451919e-06,0.017573852622877,8.1587059530534e-06,TRUE
"Vitvi10g00027",63,-0.256379924585888,0.131210130347675,1,0.137380130524738,FALSE
"Vitvi10g00030",9,-0.469223635562852,0.00389036020229628,1,0.00516366240018047,FALSE
"Vitvi10g00031",48,0.566501351210905,0.000316031464128365,1,0.000582703716354081,FALSE
"Vitvi10g00034",3,-0.56723039565094,0.000309212565654159,1,0.000574193616242461,FALSE
"Vitvi10g00037",9,0.222423761033594,0.192285409209952,1,0.198929589648761,FALSE
"Vitvi10g00045",1010,-0.314428209397787,0.0618077618339936,1,0.0666175570257321,FALSE
"Vitvi10g00049",240,0.581171762700682,0.000201731083518181,1,0.0003846558004428,FALSE
"Vitvi10g00050",3,-0.314428209397787,0.0618077618339936,1,0.0666175570257321,FALSE
"Vitvi10g00052",199,-0.566821842633998,0.000313017471211837,1,0.0005779036807784,FALSE
"Vitvi10g00053",340,-0.412638183243226,0.0123836432952852,1,0.0150200507198116,FALSE
"Vitvi10g00062",73,-0.437672562033847,0.00759614356666715,1,0.00955083383400109,FALSE
"Vitvi10g00069",3,0.505313086453651,0.00166949029102599,1,0.00268737901799563,FALSE
"Vitvi10g00076",12,0.750289519408583,1.37448227308174e-07,0.00096708572734031,6.46880085177473e-07,TRUE
"Vitvi10g00082",1134,-0.559646882600657,0.000387017462770897,1,0.000700014104898731,FALSE
"Vitvi10g00086",8,-0.416827510782546,0.0114392506999706,1,0.0139153817297706,FALSE
"Vitvi10g00087",5,0.469223635562852,0.00389036020229627,1,0.00516366240018047,FALSE
"Vitvi10g00088",104,-0.285404066991838,0.0915479263669638,1,0.0970661859430317,FALSE
"Vitvi10g00090",365,-0.624221522900733,4.73386834040076e-05,0.333074976430597,0.000107478211174765,FALSE
"Vitvi10g00092",933,-0.673070912329788,6.86813950157651e-06,0.0483242295330923,2.00598711220807e-05,TRUE
"Vitvi10g00100",1567,-0.701115533676863,1.91214561505384e-06,0.0134538565475188,6.43417338475313e-06,TRUE
"Vitvi10g00105",1531,-0.57638349405403,0.000234110207241294,1,0.000441017247161913,FALSE
"Vitvi10g00106",1613,-0.609871602834049,7.8569440725387e-05,0.552814584943823,0.000168028749223046,FALSE
"Vitvi10g00111",69,-0.750289519408583,1.37448227308175e-07,0.000967085727340323,6.46880085177473e-07,TRUE
"Vitvi10g00119",454,-0.478898349698169,0.00312849885508842,1,0.00423472834636439,FALSE
"Vitvi10g00131",173,-0.295078781127154,0.0806150363631191,1,0.0860317603292744,FALSE
"Vitvi10g00134",17,0.00926283357294547,0.957240580843034,1,0.95805757138145,FALSE
"Vitvi10g00138",6,0.246705210450572,0.146913319045593,1,0.15316078127201,FALSE
"Vitvi10g00178",49,0.604312638618261,9.49848754852881e-05,0.668313583914487,0.000199675406009706,FALSE
"Vitvi10g00179",23,-0.402733580912167,0.0148816193651659,1,0.0178073254852563,FALSE
"Vitvi10g00183",23,-0.700574828840639,1.96254541153152e-06,0.0138084695155358,6.54740138242576e-06,TRUE
"Vitvi10g00185",24,0.516597122400606,0.00125690591977388,1,0.00205282963127414,FALSE
"Vitvi10g00191",28,-0.318023952671128,0.0587303678317534,1,0.0636615110251451,FALSE
"Vitvi10g00196",69,0.854242196177249,3.4485174125585e-11,2.42637685147616e-07,7.42011269564575e-10,TRUE
"Vitvi10g00204",558,-0.401500636615636,0.0152203400780548,1,0.017965158998355,FALSE
"Vitvi10g00210",188,-0.387015774589628,0.0197092705368132,1,0.0228911237202076,FALSE
"Vitvi10g00213",771,-0.694023077186942,2.67790475808579e-06,0.0188417378778916,8.63112133664297e-06,TRUE
"Vitvi10g00214",19,-0.591996461526427,0.00014284274580213,1,0.000284231210255596,FALSE
"Vitvi10g00219",10,0.589483118918895,0.000154932061894313,1,0.000305265188319346,FALSE
"Vitvi10g00229",252,0.677150129980271,5.75138856856284e-06,0.0404667699684081,1.71614800544564e-05,TRUE
"Vitvi10g00232",135,0.478898349698169,0.00312849885508842,1,0.00423472834636439,FALSE
"Vitvi10g00233",174,-0.59082699226662,0.000148358299455551,1,0.000295039286311265,FALSE
"Vitvi10g00235",1254,-0.706724457946277,1.45492503654476e-06,0.0102368525571289,5.07025881977659e-06,TRUE
"Vitvi10g00241",86,-0.645746403000758,2.10820008752169e-05,0.148332958158026,5.29571432195744e-05,FALSE
"Vitvi10g00245",915,-0.645746403000758,2.10820008752169e-05,0.148332958158026,5.29571432195744e-05,FALSE
"Vitvi10g00246",40,0.598964739161463,0.000113629464566992,0.799496912693356,0.000232141960712356,FALSE
"Vitvi10g00249",1084,-0.559646882600657,0.000387017462770897,1,0.000700014104898731,FALSE
"Vitvi10g00256",67,0.609132556216191,8.05930710257105e-05,0.567052847736899,0.000170696221474082,FALSE
"Vitvi10g00274",919,-0.569833681621598,0.000285923238424702,1,0.000532069797819678,FALSE
"Vitvi10g00275",6,-0.602696642800707,0.000100304716366618,0.705743984355526,0.00020739228535204,FALSE
"Vitvi10g00286",770,-0.673070912329788,6.86813950157651e-06,0.0483242295330923,2.00598711220807e-05,TRUE
"Vitvi10g00290",1029,-0.816055112076351,1.31919139564028e-09,9.28183065972501e-06,1.32597580853217e-08,TRUE
"Vitvi10g00307",1429,-0.725588629880729,5.53108756705168e-07,0.00389167321217756,2.16084020665051e-06,TRUE
"Vitvi10g00339",8,0.600154896827394,0.000109216589928941,0.768447926740032,0.000223711186823881,FALSE
"Vitvi10g00344",198,-0.497785744864844,0.00200686623174574,1,0.00318670972840512,FALSE
"Vitvi10g00358",44,0.198331639773989,0.24622943838985,1,0.252620345364681,FALSE
"Vitvi10g00359",1390,-0.892442489157479,2.67099144709296e-13,1.8793095821746e-09,7.51723832869841e-11,TRUE
"Vitvi10g00372",655,-0.806340170265918,2.92063171751105e-09,2.05495647644077e-05,2.64133223192901e-08,TRUE
"Vitvi10g00379",3,0.595908959859492,0.000125703812270519,0.884452023135369,0.000252989709134834,FALSE
"Vitvi10g00382",33,0.178982211503356,0.296273865831986,1,0.302332548222459,FALSE
"Vitvi10g00399",17,0.500723966596857,0.00186866680598431,1,0.00298004071779367,FALSE
"Vitvi10g00400",412,-0.478136307567548,0.00318339348719661,1,0.00430158566850689,FALSE
"Vitvi10g00413",586,-0.656244139521543,1.38851025998339e-05,0.097695581892431,3.83571189212529e-05,FALSE
"Vitvi10g00414",1686,-0.871125053513477,4.87284258467059e-12,3.42853204257422e-08,2.4665698148016e-10,TRUE
"Vitvi10g00422",888,-0.817416591567534,1.17577557755558e-09,8.27275696368107e-06,1.26935005653447e-08,TRUE
"Vitvi10g00436",1364,-0.829476273338115,4.06241215706204e-10,2.85831319370885e-06,6.54731406210665e-09,TRUE
"Vitvi10g00437",239,0.737939074644656,2.81075640112032e-07,0.00197764820382825,1.20661879428203e-06,TRUE
"Vitvi10g00451",84,-0.60930664522985,8.01122008460831e-05,0.56366944515304,0.000170696221474082,FALSE
"Vitvi10g00470",388,0.478898349698169,0.00312849885508842,1,0.00423472834636439,FALSE
"Vitvi10g00473",100,-0.237030496315255,0.163946637501507,1,0.170438614282004,FALSE
"Vitvi10g00485",151,-0.217681068044622,0.202185093959942,1,0.208619199457715,FALSE
"Vitvi10g00487",1322,-0.478898349698169,0.00312849885508842,1,0.00423472834636439,FALSE
"Vitvi10g00503",1487,-0.723551230754522,6.16320832208703e-07,0.00433643337542043,2.38265570078046e-06,TRUE
"Vitvi10g00509",40,-0.855663913087804,2.95293710251311e-11,2.07768654532823e-07,7.42011269564575e-10,TRUE
"Vitvi10g00520",13,-0.645746403000758,2.10820008752169e-05,0.148332958158026,5.29571432195744e-05,FALSE
"Vitvi10g00523",1639,-0.725588629880729,5.53108756705168e-07,0.00389167321217756,2.16084020665051e-06,TRUE
"Vitvi10g00524",515,-0.688537295588947,3.4525245843369e-06,0.0242919629753944,1.07964279890642e-05,TRUE
"Vitvi10g00552",4,0.440199493156902,0.00721598030084792,1,0.0091021221579,FALSE
"Vitvi10g00561",38,0.459548921427535,0.00480814938579871,1,0.00625788736190894,FALSE
"Vitvi10g00562",1138,-0.719413407498765,7.65599059629684e-07,0.00538675498355446,2.89610482986801e-06,TRUE
"Vitvi10g00567",284,-0.798754929881148,5.27034919958902e-09,3.70821769683084e-05,4.29689188508788e-08,TRUE
"Vitvi10g00570",4,0.353127065939054,0.0346365270501542,1,0.0385117895582942,FALSE
"Vitvi10g00572",4,-0.614434627005383,6.70579321707088e-05,0.471819610753107,0.000146209981640256,FALSE
"Vitvi10g00576",987,-0.645746403000758,2.10820008752169e-05,0.148332958158026,5.29571432195744e-05,FALSE
"Vitvi10g00593",234,0.217681068044622,0.202185093959943,1,0.208619199457715,FALSE
"Vitvi10g00597",295,-0.382151208345003,0.0214447164072558,1,0.0246423362145112,FALSE
"Vitvi10g00602",594,-0.36280178007437,0.0296534634974876,1,0.0332921284774729,FALSE
"Vitvi10g00605",85,-0.478898349698169,0.00312849885508842,1,0.00423472834636439,FALSE
"Vitvi10g00612",1337,-0.523984994594573,0.00103817108302138,1,0.00172196410658615,FALSE
"Vitvi10g00613",880,-0.748050519403322,1.56954374737321e-07,0.00110433098065179,7.29412800958919e-07,TRUE
"Vitvi10g00615",57,-0.478898349698169,0.00312849885508842,1,0.00423472834636439,FALSE
"Vitvi10g00629",1251,-0.645746403000758,2.10820008752169e-05,0.148332958158026,5.29571432195744e-05,FALSE
"Vitvi10g00641",19,0.0401389454827637,0.8162057823148,1,0.818532480668036,FALSE
"Vitvi10g00644",19,0.750289519408583,1.37448227308174e-07,0.00096708572734031,6.46880085177473e-07,TRUE
"Vitvi10g00647",668,0.639135516533238,2.72056700272493e-05,0.191419094311726,6.71158642244777e-05,FALSE
"Vitvi10g00652",1439,-0.768815186554474,4.33607583457646e-08,0.0003050862957208,2.92508433097603e-07,TRUE
"Vitvi10g00655",1097,-0.866758511891856,8.29025229610732e-12,5.83302151554111e-08,2.88556436427387e-10,TRUE
"Vitvi10g00656",6,0.651485961297165,1.68115837483811e-05,0.11828630325361,4.59721349605945e-05,FALSE
"Vitvi10g00663",406,-0.726610643992385,5.23697027742696e-07,0.00368473228719761,2.07707569740564e-06,TRUE
"Vitvi10g00667",725,-0.788514482062159,1.1253109875189e-08,7.91768810818297e-05,8.56892652400754e-08,TRUE
"Vitvi10g00668",1230,-0.673070912329788,6.86813950157651e-06,0.0483242295330923,2.00598711220807e-05,TRUE
"Vitvi10g00669",797,-0.82902360477862,4.23397938922474e-10,2.97902789825853e-06,6.54731406210665e-09,TRUE
"Vitvi10g00679",28,-0.538122002500631,0.00071128356377806,1,0.00121117888546525,FALSE
"Vitvi10g00687",13,0.477268465106577,0.00324692837104637,1,0.00438575312318723,FALSE
"Vitvi10g00694",223,0.626613746772912,4.33978813423057e-05,0.305347493124463,0.000100212501845902,FALSE
"Vitvi10g00720",644,-0.72151162192928,6.86190536909843e-07,0.00482803661769765,2.62535977036305e-06,TRUE
"Vitvi10g00732",14,0.733478106687673,3.60460383151357e-07,0.00253619925585295,1.50695142950264e-06,TRUE
"Vitvi10g00734",5,0.478898349698169,0.00312849885508842,1,0.00423472834636439,FALSE
"Vitvi10g00740",891,-0.806340170265918,2.92063171751105e-09,2.05495647644077e-05,2.64133223192901e-08,TRUE
"Vitvi10g00759",1027,-0.701115533676863,1.91214561505384e-06,0.0134538565475188,6.43417338475313e-06,TRUE
"Vitvi10g00764",1251,-0.731763852262692,3.96103875756545e-07,0.00278698686982305,1.612037906752e-06,TRUE
"Vitvi10g00782",82,-0.478898349698169,0.00312849885508842,1,0.00423472834636439,FALSE
"Vitvi10g00787",1058,-0.602582743783759,0.000100689603007756,0.708452046762569,0.00020739228535204,FALSE
"Vitvi10g00788",1043,-0.478898349698169,0.00312849885508842,1,0.00423472834636439,FALSE
"Vitvi10g00806",4,-0.648139317099564,1.9194410918855e-05,0.135051875225063,5.21435811679782e-05,FALSE
"Vitvi10g00811",107,-0.178982211503356,0.296273865831986,1,0.302332548222459,FALSE
"Vitvi10g00827",58,-0.758258613506055,8.47306445658366e-08,0.000596164815165226,5.28046780482928e-07,TRUE
"Vitvi10g00832",7,-0.645746403000758,2.10820008752169e-05,0.148332958158026,5.29571432195744e-05,FALSE
"Vitvi10g00835",416,0.440199493156902,0.00721598030084792,1,0.0091021221579,FALSE
"Vitvi10g00851",681,-0.411175350750953,0.0127285678576514,1,0.0152881876829012,FALSE
"Vitvi10g00853",37,0.48468611999998,0.00273778266345129,1,0.00423472834636439,FALSE
"Vitvi10g00858",997,-0.478898349698169,0.00312849885508842,1,0.00423472834636439,FALSE
"Vitvi10g00862",8,0.188344282649891,0.271303709762334,1,0.277859228804626,FALSE
"Vitvi10g00870",796,-0.725588629880729,5.53108756705168e-07,0.00389167321217756,2.16084020665051e-06,TRUE
"Vitvi10g00879",761,-0.824392187992147,6.42105911361328e-10,4.51785719233831e-06,8.88695225829135e-09,TRUE
"Vitvi10g00880",3,0.430524779021586,0.00876561976487691,1,0.0108621965979086,FALSE
"Vitvi10g00882",125,-0.552471922567315,0.000476236747738388,1,0.000841064698064083,FALSE
"Vitvi10g00892",20,-0.266054638721205,0.116785634586865,1,0.122991127818169,FALSE
"Vitvi10g00902",340,0.48468611999998,0.00273778266345129,1,0.00423472834636439,FALSE
"Vitvi10g00903",32,0.805428356395692,3.13964896328463e-09,2.20905701056707e-05,2.78218767073941e-08,TRUE
"Vitvi10g00905",1400,-0.620609849387347,5.39036718218734e-05,0.379266234938701,0.000120708540718874,FALSE
"Vitvi10g00913",178,-0.246705210450572,0.146913319045593,1,0.15316078127201,FALSE
"Vitvi10g00931",755,-0.833655021565093,2.75698823891264e-10,1.93981692489894e-06,4.84954231224734e-09,TRUE
"Vitvi10g00940",68,-0.504335557297276,0.00171027946825786,1,0.00274362205623858,FALSE
"Vitvi10g00944",5,-0.459548921427535,0.00480814938579871,1,0.00625788736190894,FALSE
"Vitvi10g00946",80,-0.645746403000758,2.10820008752169e-05,0.148332958158026,5.29571432195744e-05,FALSE
"Vitvi10g00949",1769,-0.764183769768002,5.84225956778788e-08,0.000411061383189555,3.81318537281591e-07,TRUE
"Vitvi10g00977",107,0.750289519408583,1.37448227308174e-07,0.00096708572734031,6.46880085177473e-07,TRUE
"Vitvi10g00982",4,-0.478898349698169,0.00312849885508842,1,0.00423472834636439,FALSE
"Vitvi10g00984",80,0.805428356395692,3.13964896328463e-09,2.20905701056707e-05,2.78218767073941e-08,TRUE
"Vitvi10g00988",54,0.736808688118594,2.99503258679437e-07,0.00210730492806852,1.27329602904443e-06,TRUE
"Vitvi10g00992",240,-0.645026290982713,2.1682165883838e-05,0.152555719158684,5.41169631637767e-05,FALSE
"Vitvi10g01015",11,-0.866758511891856,8.29025229610732e-12,5.83302151554111e-08,2.88556436427387e-10,TRUE
"Vitvi10g01016",1588,-0.678679836599203,5.37727468533649e-06,0.0378345046860275,1.6079262509999e-05,TRUE
"Vitvi10g01020",431,-0.558080918375025,0.000405105328525984,1,0.000731414188223974,FALSE
"Vitvi10g01032",340,-0.478898349698169,0.00312849885508842,1,0.00423472834636439,FALSE
"Vitvi10g01035",533,-0.208073840966911,0.223313018188778,1,0.229836397991813,FALSE
"Vitvi10g01070",137,-0.540331958421819,0.000669447517114842,1,0.00115080203528464,FALSE
"Vitvi10g01072",24,0.478898349698169,0.00312849885508842,1,0.00423472834636439,FALSE
"Vitvi10g01078",5,0.348900064580946,0.0370182005919095,1,0.0410885091283602,FALSE
"Vitvi10g01092",61,0.430524779021586,0.00876561976487691,1,0.0108621965979086,FALSE
"Vitvi10g01107",1263,-0.729160155023937,4.56480733012947e-07,0.00321179843747909,1.83636274298405e-06,TRUE
"Vitvi10g01136",14,-0.487897282267239,0.00253992909673463,1,0.0039792788075317,FALSE
"Vitvi10g01155",119,0.36280178007437,0.0296534634974875,1,0.0332921284774729,FALSE
"Vitvi10g01162",10,-0.559646882600657,0.000387017462770897,1,0.000700014104898731,FALSE
"Vitvi10g01164",314,0.478898349698169,0.00312849885508842,1,0.00423472834636439,FALSE
"Vitvi10g01190",3,0.638571442967416,2.77964224488528e-05,0.195575628350128,6.71158642244777e-05,FALSE
"Vitvi10g01211",14,-0.767462036565592,4.73405239501664e-08,0.000333087926513371,3.16322817201682e-07,TRUE
"Vitvi10g01213",60,0.750289519408583,1.37448227308174e-07,0.00096708572734031,6.46880085177473e-07,TRUE
"Vitvi10g01216",48,0.366789496216201,0.0277786989843318,1,0.0315141770483326,FALSE
"Vitvi10g01247",10,0.716618527211035,8.84494703110948e-07,0.00622330473108863,3.31026847398331e-06,TRUE
"Vitvi10g01336",372,-0.478898349698169,0.00312849885508842,1,0.00423472834636439,FALSE
"Vitvi10g01342",9,-0.372476494209687,0.0252748166470032,1,0.0287152607667228,FALSE
"Vitvi10g01381",82,-0.602582743783759,0.000100689603007756,0.708452046762569,0.00020739228535204,FALSE
"Vitvi10g01406",56,0.530808196769174,0.000866756512959465,1,0.00145757620104751,FALSE
"Vitvi10g01455",16,-0.337223121567062,0.0442962269402098,1,0.0487286198798181,FALSE
"Vitvi10g01457",37,-0.731261069255993,4.07156715654437e-07,0.00286475465134462,1.6502042922492e-06,TRUE
"Vitvi10g01458",20,-0.459548921427535,0.00480814938579871,1,0.00625788736190894,FALSE
"Vitvi10g01477",6,-0.602582743783759,0.000100689603007756,0.708452046762569,0.00020739228535204,FALSE
"Vitvi10g01495",10,-0.645746403000758,2.10820008752169e-05,0.148332958158026,5.29571432195744e-05,FALSE
"Vitvi10g01507",938,-0.684288760868618,4.18769069394475e-06,0.0294645917225952,1.28722550120556e-05,TRUE
"Vitvi10g01541",34,-0.394622801833796,0.0172310183587185,1,0.0202806030732592,FALSE
"Vitvi10g01544",66,0.747552690786203,1.61624513603228e-07,0.00113719007771231,7.49630901590188e-07,TRUE
"Vitvi10g01548",1203,-0.411175350750953,0.0127285678576514,1,0.0152881876829012,FALSE
"Vitvi10g01552",3,-0.645310738915201,2.14432683486358e-05,0.150874836101001,5.36539246447374e-05,FALSE
"Vitvi10g01569",3,0.663836406061092,1.01620006133771e-05,0.0714998363157215,2.87494315704551e-05,FALSE
"Vitvi10g01577",50,0.684288760868618,4.18769069394473e-06,0.0294645917225951,1.28722550120556e-05,TRUE
"Vitvi10g01585",84,-0.750289519408583,1.37448227308175e-07,0.000967085727340323,6.46880085177473e-07,TRUE
"Vitvi10g01594",70,0.588346722734024,0.000160693769450826,1,0.000313631445729823,FALSE
"Vitvi10g01612",39,0.420850064886269,0.010590608809886,1,0.0129098273711639,FALSE
"Vitvi10g01615",155,-0.710928762549178,1.1805288624695e-06,0.00830620107633539,4.23353775552262e-06,TRUE
"Vitvi10g01616",785,-0.420850064886269,0.010590608809886,1,0.0129098273711639,FALSE
"Vitvi10g01620",399,-0.709190752161591,1.28762150888163e-06,0.00905970493649117,4.58275195830359e-06,TRUE
"Vitvi10g01644",67,0.638571442967416,2.77964224488528e-05,0.195575628350128,6.71158642244777e-05,FALSE
"Vitvi10g01650",10,-0.412638183243226,0.0123836432952852,1,0.0150200507198116,FALSE
"Vitvi10g01657",16,-0.697693386650656,2.25225754908549e-06,0.0158468841153655,7.43985169735475e-06,TRUE
"Vitvi10g01662",12,-0.478898349698169,0.00312849885508842,1,0.00423472834636439,FALSE
"Vitvi10g01666",499,-0.709190752161591,1.28762150888163e-06,0.00905970493649117,4.58275195830359e-06,TRUE
"Vitvi10g01674",174,-0.617046562867391,6.11763032283906e-05,0.430436469514956,0.000134890777033831,FALSE
"Vitvi10g01675",447,-0.420850064886269,0.010590608809886,1,0.0129098273711639,FALSE
"Vitvi10g01678",54,-0.736381293165487,3.06755716428849e-07,0.00215833322079338,1.29863611359409e-06,TRUE
"Vitvi10g01682",22,0.588346722734024,0.000160693769450826,1,0.000313631445729823,FALSE
"Vitvi10g01684",3,0.832547156274335,3.05854429370815e-10,2.15199176505305e-06,5.2874490541845e-09,TRUE
"Vitvi10g01686",126,0.714489811330918,9.86173952652306e-07,0.00693871993086163,3.64428567797354e-06,TRUE
"Vitvi10g01689",77,0.588346722734024,0.000160693769450826,1,0.000313631445729823,FALSE
"Vitvi10g01696",32,-0.750289519408583,1.37448227308175e-07,0.000967085727340323,6.46880085177473e-07,TRUE
"Vitvi10g01697",19,0.719413407498765,7.65599059629689e-07,0.0053867549835545,2.89610482986801e-06,TRUE
"Vitvi10g01698",3,0.582933306486462,0.000190869311580326,1,0.000367270530032874,FALSE
"Vitvi10g01699",9,0.478898349698169,0.00312849885508842,1,0.00423472834636439,FALSE
"Vitvi10g01700",1067,-0.645026290982713,2.1682165883838e-05,0.152555719158684,5.41169631637767e-05,FALSE
"Vitvi10g01702",18,-0.638571442967416,2.77964224488528e-05,0.195575628350128,6.71158642244777e-05,FALSE
"Vitvi10g01703",8,-0.394622801833796,0.0172310183587185,1,0.0202806030732592,FALSE
"Vitvi10g01704",18,-0.563283869189166,0.00034775734695725,1,0.000636033452870083,FALSE
"Vitvi10g01710",432,-0.597549694222696,0.000119084547937655,0.83787887928934,0.00024321593012753,FALSE
"Vitvi10g01729",59,0.481667345793165,0.00293590464275695,1,0.00423472834636439,FALSE
"Vitvi10g01740",150,-0.621874467553155,5.15168207357547e-05,0.36247235069677,0.000115954046927949,FALSE
"Vitvi10g01746",915,-0.731727210389712,3.96899963641177e-07,0.00279258814417932,1.612037906752e-06,TRUE
"Vitvi10g01748",10,-0.478898349698169,0.00312849885508842,1,0.00423472834636439,FALSE
"Vitvi10g01753",74,0.28699840133367,0.0896719638266695,1,0.0954511251867544,FALSE
"Vitvi10g01760",410,-0.620609849387347,5.39036718218734e-05,0.379266234938701,0.000120708540718874,FALSE
"Vitvi10g01770",851,-0.645746403000758,2.10820008752169e-05,0.148332958158026,5.29571432195744e-05,FALSE
"Vitvi10g01771",416,-0.802807464153034,3.85694175271298e-09,2.71374421720885e-05,3.36275615515347e-08,TRUE
"Vitvi10g01773",3,0.423322641967163,0.0100959760440297,1,0.0124667054134421,FALSE
"Vitvi10g01778",195,0.758258613506055,8.4730644565836e-08,0.000596164815165222,5.28046780482928e-07,TRUE
"Vitvi10g01779",3,0.37796561950087,0.0230378904730455,1,0.0264169813181793,FALSE
"Vitvi10g01787",32,-0.816811769737353,1.23759826433008e-09,8.70774138782648e-06,1.26935005653447e-08,TRUE
"Vitvi10g01789",14,-0.778309556517049,2.30216542281962e-08,0.000161980359149588,1.65286080764888e-07,TRUE
"Vitvi10g01790",206,0.581171762700682,0.000201731083518181,1,0.0003846558004428,FALSE
"Vitvi10g01793",4,-0.478898349698169,0.00312849885508842,1,0.00423472834636439,FALSE
"Vitvi10g01798",53,0.544065654133245,0.000603706946384101,1,0.00104442637687694,FALSE
"Vitvi10g01812",309,-0.805626929189156,3.09069337796922e-09,2.17461186073915e-05,2.78218767073941e-08,TRUE
"Vitvi10g01813",4,0.635298043129053,3.14603421705442e-05,0.221354967511949,7.53933813051596e-05,FALSE
"Vitvi10g01835",953,-0.478898349698169,0.00312849885508842,1,0.00423472834636439,FALSE
"Vitvi10g01837",13,0.459548921427535,0.00480814938579871,1,0.00625788736190894,FALSE
"Vitvi10g01839",79,-0.545296962533973,0.000583320667650517,1,0.00101089759053917,FALSE
"Vitvi10g01851",487,-0.711313577803071,1.15795074343497e-06,0.00814734143080846,4.15892875487926e-06,TRUE
"Vitvi10g01852",1250,-0.478898349698169,0.00312849885508842,1,0.00423472834636439,FALSE
"Vitvi10g01854",627,-0.478898349698169,0.00312849885508842,1,0.00423472834636439,FALSE
"Vitvi10g01856",4,-0.510885369729709,0.00145288586363363,1,0.00235378884101457,FALSE
"Vitvi10g01857",795,-0.478898349698169,0.00312849885508842,1,0.00423472834636439,FALSE
"Vitvi10g01858",139,-0.314428209397787,0.0618077618339936,1,0.0666175570257321,FALSE
"Vitvi10g01859",687,-0.602582743783759,0.000100689603007756,0.708452046762569,0.00020739228535204,FALSE
"Vitvi10g01860",1368,-0.645746403000758,2.10820008752169e-05,0.148332958158026,5.29571432195744e-05,FALSE
"Vitvi10g01862",29,-0.658986837051021,1.24168566581515e-05,0.087365003446754,3.46824150245153e-05,FALSE
"Vitvi10g01875",18,-0.64167862252735,2.4681133860042e-05,0.173656457839255,6.13627059502669e-05,FALSE
"Vitvi10g01880",946,-0.667461988060373,8.72733258323926e-06,0.0614055120556714,2.49920683987267e-05,FALSE
"Vitvi10g01881",15,-0.783733316492778,1.58118731645975e-08,0.000111252339586108,1.16739076165906e-07,TRUE
"Vitvi10g01888",1256,-0.750289519408583,1.37448227308175e-07,0.000967085727340323,6.46880085177473e-07,TRUE
"Vitvi10g01892",1532,-0.810497937632729,2.09006702735936e-09,1.47057116045004e-05,1.94006749399742e-08,TRUE
"Vitvi10g01901",13,0.760088730172259,7.5624164511901e-08,0.000532091621505735,4.80227095221783e-07,TRUE
"Vitvi10g01909",55,-0.527383062677938,0.000949387453772306,1,0.00158328753845507,FALSE
"Vitvi10g01910",116,-0.757204776371011,9.04231920805605e-08,0.000636217579478823,5.52752023873876e-07,TRUE
"Vitvi10g01912",594,-0.645746403000758,2.10820008752169e-05,0.148332958158026,5.29571432195744e-05,FALSE
"Vitvi10g01921",3,0.663836406061092,1.01620006133771e-05,0.0714998363157215,2.87494315704551e-05,FALSE
"Vitvi10g01931",26,0.459548921427535,0.00480814938579871,1,0.00625788736190894,FALSE
"Vitvi10g01935",61,-0.324102923533104,0.0538052002373616,1,0.0584218192700735,FALSE
"Vitvi10g01952",153,0.750289519408583,1.37448227308174e-07,0.00096708572734031,6.46880085177473e-07,TRUE
"Vitvi10g01970",17,-0.440199493156902,0.00721598030084795,1,0.0091021221579,FALSE
"Vitvi10g02015",78,-0.645746403000758,2.10820008752169e-05,0.148332958158026,5.29571432195744e-05,FALSE
"Vitvi10g02023",25,-0.420341398118964,0.0106948780303258,1,0.0130324145863131,FALSE
"Vitvi10g02024",52,0.645746403000758,2.10820008752171e-05,0.148332958158028,5.29571432195744e-05,FALSE
"Vitvi10g02029",3,0.537084619459437,0.000731709404133349,1,0.00124115413873729,FALSE
"Vitvi10g02037",587,-0.737399514346222,2.8973726886927e-07,0.00203859142376419,1.23550995379648e-06,TRUE
"Vitvi10g02047",7,-0.470713186810791,0.00376350433716948,1,0.00505343826647414,FALSE
"Vitvi10g02048",143,-0.370513342917819,0.0261171775332737,1,0.0296579181930461,FALSE
"Vitvi10g02089",13,0.469223635562852,0.00389036020229627,1,0.00516366240018047,FALSE
"Vitvi10g02097",40,0.6636595629116,1.0237182743879e-05,0.0720288177859328,2.89040199783039e-05,FALSE
"Vitvi10g02101",3,-0.333777637668421,0.0466511603903606,1,0.0510240268158833,FALSE
"Vitvi10g02165",88,0.459548921427535,0.00480814938579871,1,0.00625788736190894,FALSE
"Vitvi10g02177",1226,-0.866758511891856,8.29025229610732e-12,5.83302151554111e-08,2.88556436427387e-10,TRUE
"Vitvi10g02178",447,0.314428209397787,0.0618077618339936,1,0.0666175570257321,FALSE
"Vitvi10g02185",561,-0.49093017936611,0.00236463986221342,1,0.00372122703433989,FALSE
"Vitvi10g02211",39,0.420850064886269,0.010590608809886,1,0.0129098273711639,FALSE
"Vitvi10g02212",170,-0.372476494209687,0.0252748166470032,1,0.0287152607667228,FALSE
"Vitvi10g02216",455,0.478898349698169,0.00312849885508842,1,0.00423472834636439,FALSE
"Vitvi10g02219",11,0.372476494209687,0.0252748166470031,1,0.0287152607667228,FALSE
"Vitvi10g02222",31,-0.285404066991838,0.0915479263669638,1,0.0970661859430317,FALSE
"Vitvi10g02229",14,0.385951398872728,0.0200786217961856,1,0.0233008713438829,FALSE
"Vitvi10g02256",27,-0.372476494209687,0.0252748166470032,1,0.0287152607667228,FALSE
"Vitvi10g02268",87,-0.765761034128769,5.28218853687821e-08,0.000371654785454751,3.50287262445571e-07,TRUE
"Vitvi10g02282",7,0.478898349698169,0.00312849885508842,1,0.00423472834636439,FALSE
"Vitvi10g02283",511,0.744243775087128,1.96069126299186e-07,0.00137954237264108,8.81934189192792e-07,TRUE
"Vitvi10g02284",713,0.589483118918895,0.000154932061894313,1,0.000305265188319346,FALSE
"Vitvi10g02289",6,0.460054067456292,0.00475597470295148,1,0.00625788736190894,FALSE
"Vitvi10g02293",8,-0.363027453216601,0.029544663902076,1,0.0332921284774729,FALSE
"Vitvi10g02298",24,0.707800676832578,1.37960969568661e-06,0.00970693381885102,4.85832523466017e-06,TRUE
"Vitvi10g02300",45,-0.621020517220921,5.31178372667076e-05,0.373737103008555,0.000119366688920012,FALSE
"Vitvi10g02302",67,0.622590593905054,5.02079776036082e-05,0.353263330418987,0.000113552983098357,FALSE
"Vitvi10g02306",12,0.530534807027005,0.000873110001630482,1,0.00146231896488266,FALSE
"Vitvi10g02308",20,-0.265473521233645,0.117616948709324,1,0.123718470790672,FALSE
"Vitvi10g02309",136,-0.800004596419964,4.79020418776384e-09,3.37038766651064e-05,4.06771680977901e-08,TRUE
"Vitvi10g02322",547,0.609132556216191,8.05930710257105e-05,0.567052847736899,0.000170696221474082,FALSE
"Vitvi10g02328",395,0.624221522900733,4.73386834040072e-05,0.333074976430595,0.000107478211174765,FALSE
"Vitvi10g02336",27,-0.589919611476977,0.000152768766009833,1,0.000303124940114265,FALSE
"Vitvi10g02340",1091,-0.776412134639717,2.61906454375975e-08,0.000184277381298936,1.85576416212423e-07,TRUE
"Vitvi10g02343",622,-0.382151208345003,0.0214447164072558,1,0.0246423362145112,FALSE
"Vitvi10g02346",49,0.478898349698169,0.00312849885508842,1,0.00423472834636439,FALSE
"Vitvi10g02384",260,-0.638571442967416,2.77964224488528e-05,0.195575628350128,6.71158642244777e-05,FALSE
"Vitvi10g04005",4,-0.614434627005383,6.70579321707088e-05,0.471819610753107,0.000146209981640256,FALSE
"Vitvi10g04010",8,0.333777637668421,0.0466511603903606,1,0.0510240268158833,FALSE
"Vitvi10g04023",36,0.6636595629116,1.0237182743879e-05,0.0720288177859328,2.89040199783039e-05,FALSE
"Vitvi10g04029",10,0.832547156274335,3.05854429370815e-10,2.15199176505305e-06,5.2874490541845e-09,TRUE
"Vitvi10g04031",14,0.772885796541321,3.31754606284914e-08,0.000233422540982066,2.3019974455825e-07,TRUE
"Vitvi10g04035",9,-0.725588629880729,5.53108756705168e-07,0.00389167321217756,2.16084020665051e-06,TRUE
"Vitvi10g04043",28,0.760088730172259,7.5624164511901e-08,0.000532091621505735,4.80227095221783e-07,TRUE
"Vitvi10g04044",77,0.610172997269464,7.77574147678707e-05,0.547101170306738,0.000168028749223046,FALSE
"Vitvi10g04045",1285,-0.690917489550654,3.09424313313362e-06,0.0217710946847282,9.80679940753528e-06,TRUE
"Vitvi10g04050",44,0.39182592248032,0.0181099832764267,1,0.0210649433514528,FALSE
"Vitvi10g04051",476,0.39182592248032,0.0181099832764267,1,0.0210649433514528,FALSE
"Vitvi10g04052",1030,-0.602582743783759,0.000100689603007756,0.708452046762569,0.00020739228535204,FALSE
"Vitvi10g04053",108,0.624221522900733,4.73386834040072e-05,0.333074976430595,0.000107478211174765,FALSE
"Vitvi10g04054",76,0.816811769737353,1.23759826433005e-09,8.70774138782626e-06,1.26935005653447e-08,TRUE
"Vitvi10g04063",74,0.816811769737353,1.23759826433005e-09,8.70774138782626e-06,1.26935005653447e-08,TRUE
"Vitvi10g04068",20,-0.459548921427535,0.00480814938579871,1,0.00625788736190894,FALSE
"Vitvi10g04070",24,-0.478898349698169,0.00312849885508842,1,0.00423472834636439,FALSE
"Vitvi10g04071",218,-0.674938606251553,6.33435219360809e-06,0.0445685020342265,1.867917101183e-05,TRUE
"Vitvi10g04078",13,-0.718648196784035,7.96599470119536e-07,0.00560487387176106,2.9988624246983e-06,TRUE
"Vitvi10g04079",3,-0.459548921427535,0.00480814938579871,1,0.00625788736190894,FALSE
"Vitvi10g04081",62,0.581171762700682,0.000201731083518181,1,0.0003846558004428,FALSE
"Vitvi10g04085",37,0.731763852262692,3.96103875756544e-07,0.00278698686982305,1.612037906752e-06,TRUE
"Vitvi10g04092",625,0.609871602834049,7.8569440725387e-05,0.552814584943823,0.000168028749223046,FALSE
"Vitvi10g04093",112,-0.622232181081055,5.08592315170758e-05,0.357845552954145,0.000114510576945327,FALSE
"Vitvi10g04096",10,0.382151208345003,0.0214447164072558,1,0.0246423362145112,FALSE
"Vitvi10g04100",211,-0.478579734602183,0.00315134965383133,1,0.00426074100006865,FALSE
"Vitvi10g04106",10,0.478898349698169,0.00312849885508842,1,0.00423472834636439,FALSE
"Vitvi10g04109",44,0.39182592248032,0.0181099832764267,1,0.0210649433514528,FALSE
"Vitvi10g04114",73,-0.474265795654763,0.00347534091048952,1,0.00469067689357458,FALSE
"Vitvi10g04115",32,-0.578927098309092,0.000216373141209268,1,0.000412016622881844,FALSE
"Vitvi10g04122",126,-0.304753495262471,0.0707229426338605,1,0.0757507420264641,FALSE
"Vitvi10g04123",97,-0.627026457875953,4.27488582826493e-05,0.300780966876721,9.90388432257888e-05,FALSE
"Vitvi10g04124",76,-0.740343236686949,2.45302599601653e-07,0.00172594909079723,1.07535768897024e-06,TRUE
"Vitvi10g04130",4,0.620609849387347,5.39036718218734e-05,0.379266234938701,0.000120708540718874,FALSE
"Vitvi10g04131",12,0.595591915433487,0.000127020372249762,0.893715339149327,0.000254410435656862,FALSE
"Vitvi10g04132",26,0.731727210389712,3.96899963641175e-07,0.00279258814417931,1.612037906752e-06,TRUE
"Vitvi10g04135",8,-0.669834357002478,7.89120547599315e-06,0.0555225217290878,2.28675954403162e-05,FALSE
"Vitvi10g04136",3,-0.794580836444235,7.21678374108012e-09,5.07772904022397e-05,5.73107115149439e-08,TRUE
"Vitvi10g04143",18,-0.638571442967416,2.77964224488528e-05,0.195575628350128,6.71158642244777e-05,FALSE
"Vitvi10g04160",19,-0.602696642800707,0.000100304716366618,0.705743984355526,0.00020739228535204,FALSE
"Vitvi10g04179",51,-0.816811769737353,1.23759826433008e-09,8.70774138782648e-06,1.26935005653447e-08,TRUE
"Vitvi10g04194",10,0.592549548798777,0.000140298984073652,0.987143651942212,0.000279327575535431,FALSE
"Vitvi10g04202",395,-0.645746403000758,2.10820008752169e-05,0.148332958158026,5.29571432195744e-05,FALSE
"Vitvi10g04203",65,0.577719199749735,0.0002246401033705,1,0.000426949694034262,FALSE
"Vitvi10g04208",14,-0.624221522900733,4.73386834040076e-05,0.333074976430597,0.000107478211174765,FALSE
"Vitvi10g04213",36,0.0401389454827637,0.8162057823148,1,0.818532480668036,FALSE
"Vitvi10g04218",9,-0.816811769737353,1.23759826433008e-09,8.70774138782648e-06,1.26935005653447e-08,TRUE
"Vitvi10g04227",8,-0.609871602834049,7.8569440725387e-05,0.552814584943823,0.000168028749223046,FALSE
"Vitvi10g04230",106,0.609871602834049,7.8569440725387e-05,0.552814584943823,0.000168028749223046,FALSE
"Vitvi10g04236",83,0.816811769737353,1.23759826433005e-09,8.70774138782626e-06,1.26935005653447e-08,TRUE
"Vitvi10g04240",255,0.609871602834049,7.8569440725387e-05,0.552814584943823,0.000168028749223046,FALSE
"Vitvi10g04242",390,-0.550184244324302,0.000508303496349478,1,0.000891209419465469,FALSE
"Vitvi10g04258",3,0.333777637668421,0.0466511603903606,1,0.0510240268158833,FALSE
"Vitvi10g04262",512,-0.645746403000758,2.10820008752169e-05,0.148332958158026,5.29571432195744e-05,FALSE
"Vitvi10g04265",7,0.169307497368039,0.323571829826417,1,0.32923375193907,FALSE
"Vitvi10g04276",641,-0.774084760135402,3.06276481104695e-08,0.000215496132105264,2.15496132105268e-07,TRUE
"Vitvi10g04280",12,0.654457710613575,1.49245855582884e-05,0.105009383988117,4.11317602773667e-05,FALSE
"Vitvi10g04281",12,0.64933748670408,1.83081662909635e-05,0.128816258023219,4.99869064894137e-05,FALSE
"Vitvi10g04284",13,-0.727314326124633,5.04289660877285e-07,0.00354818205393258,2.02175615608694e-06,TRUE
"Vitvi10g04285",1333,-0.884224678378342,8.74713631353133e-13,6.15448511020064e-09,8.4308015208228e-11,TRUE
"Vitvi10g04287",16,0.550656807721095,0.000501526383792034,1,0.000884617607510843,FALSE
"Vitvi10g04289",23,-0.6636595629116,1.02371827438791e-05,0.0720288177859333,2.89040199783039e-05,FALSE
"Vitvi10g04292",22,-0.497105401748074,0.00204011412841992,1,0.0032358527970159,FALSE
"Vitvi10g04295",426,-0.615682368648623,6.41873880190989e-05,0.45162246210238,0.000140604751588537,FALSE
"Vitvi10g04296",303,-0.757204776371011,9.04231920805605e-08,0.000636217579478823,5.52752023873876e-07,TRUE
"Vitvi10g04302",113,-0.411175350750953,0.0127285678576514,1,0.0152881876829012,FALSE
"Vitvi10g04310",9,0.478898349698169,0.00312849885508842,1,0.00423472834636439,FALSE
"Vitvi10g04319",9,0.440199493156902,0.00721598030084792,1,0.0091021221579,FALSE
"Vitvi10g04323",9,0.258298561200303,0.128249602946178,1,0.134641033471995,FALSE
"Vitvi10g04326",555,0.466372402167214,0.00414355138051984,1,0.00548626787981514,FALSE
"Vitvi10g04333",98,-0.771433338085278,3.65240298083631e-08,0.000256983073731643,2.51205350666317e-07,TRUE
"Vitvi10g04371",837,-0.764183769768002,5.84225956778788e-08,0.000411061383189555,3.81318537281591e-07,TRUE
"Vitvi10g04372",574,-0.565032847949674,0.000330175842845806,1,0.000607668645111984,FALSE
"Vitvi10g04378",393,-0.787583532260433,1.20317103129833e-08,8.46551137621505e-05,9.11249879032837e-08,TRUE
"Vitvi10g04381",631,0.72376316487724,6.09448974764464e-07,0.00428808298644277,2.36910662234407e-06,TRUE
"Vitvi10g04385",455,-0.655224335108922,1.44701321343351e-05,0.101811849697182,3.99105643658103e-05,FALSE
"Vitvi10g04388",8,-0.811139465780844,1.98345837029642e-09,1.39556130934056e-05,1.87072561573802e-08,TRUE
"Vitvi10g04400",6,0.816275876347149,1.29488393267205e-09,9.11080335028055e-06,1.31279587179835e-08,TRUE
"Vitvi10g04435",9,0.620609849387347,5.39036718218734e-05,0.379266234938701,0.000120708540718874,FALSE
"Vitvi10g04436",10,-0.237030496315255,0.163946637501507,1,0.170438614282004,FALSE
"Vitvi10g04446",16,-0.631396482934074,3.63959573998368e-05,0.256081956265252,8.4907810432777e-05,FALSE
"Vitvi10g04463",38,0.816811769737353,1.23759826433005e-09,8.70774138782626e-06,1.26935005653447e-08,TRUE
"Vitvi10g04464",44,0.816811769737353,1.23759826433005e-09,8.70774138782626e-06,1.26935005653447e-08,TRUE
"Vitvi10g04469",15,-0.14028335496209,0.414476147144056,1,0.419725701109036,FALSE
"Vitvi10g04473",20,0.850316013631005,5.24901265229646e-11,3.69320530215579e-07,1.08944109208135e-09,TRUE
"Vitvi10g04478",736,-0.757204776371011,9.04231920805605e-08,0.000636217579478823,5.52752023873876e-07,TRUE
"Vitvi10g04481",25,0.595521682767366,0.000127313692999973,0.895779143947812,0.000254410435656862,FALSE
"Vitvi10g04490",284,-0.741907710181698,2.24328813078351e-07,0.00157837752881928,9.92066328610482e-07,TRUE
"Vitvi10g04491",91,-0.645026290982713,2.1682165883838e-05,0.152555719158684,5.41169631637767e-05,FALSE
"Vitvi10g04503",7,-0.478898349698169,0.00312849885508842,1,0.00423472834636439,FALSE
"Vitvi10g04504",102,0.799794857867825,4.86784757509085e-09,3.42501755383392e-05,4.06771680977901e-08,TRUE
"Vitvi10g04508",14,-0.595521682767366,0.000127313692999972,0.895779143947803,0.000254410435656862,FALSE
"Vitvi10g04511",14,-0.478898349698169,0.00312849885508842,1,0.00423472834636439,FALSE
"Vitvi10g04614",6,0.622590593905054,5.02079776036082e-05,0.353263330418987,0.000113552983098357,FALSE
"Vitvi10g04621",48,-0.208006353909306,0.223466571725695,1,0.229836397991813,FALSE
"Vitvi10g04641",88,-0.478898349698169,0.00312849885508842,1,0.00423472834636439,FALSE
"Vitvi10g04646",87,-0.602084182241456,0.000102390038824264,0.720416313167522,0.000210401960621356,FALSE
"Vitvi10g04650",50,-0.85084559347641,4.96332281723471e-11,3.49219393420634e-07,1.04870688714905e-09,TRUE
"Vitvi10g04668",61,-0.751190756638406,1.30247919478489e-07,0.00091642436145065,6.46880085177473e-07,TRUE
"Vitvi10g04699",394,-0.36280178007437,0.0296534634974876,1,0.0332921284774729,FALSE
"Vitvi10g04709",35,-0.816811769737353,1.23759826433008e-09,8.70774138782648e-06,1.26935005653447e-08,TRUE
"Vitvi10g04719",94,0.401500636615636,0.0152203400780549,1,0.017965158998355,FALSE
"Vitvi10g04721",11,0.583558515095565,0.00018714223369946,1,0.00036323662243018,FALSE
"Vitvi10g04731",15,-0.36280178007437,0.0296534634974876,1,0.0332921284774729,FALSE
"Vitvi11g00009",931,-0.478898349698169,0.00312849885508842,1,0.00423472834636439,FALSE
"Vitvi11g00012",163,0.624221522900733,4.73386834040072e-05,0.333074976430595,0.000107478211174765,FALSE
"Vitvi11g00013",894,-0.552471922567315,0.000476236747738388,1,0.000841064698064083,FALSE
"Vitvi11g00016",1380,-0.829476273338115,4.06241215706204e-10,2.85831319370885e-06,6.54731406210665e-09,TRUE
"Vitvi11g00030",897,-0.735762263243213,3.17546950623144e-07,0.00223426034458444,1.34270453400507e-06,TRUE
"Vitvi11g00033",23,-0.596032931351327,0.000125192354329375,0.88085340506148,0.000252538246863957,FALSE
"Vitvi11g00035",4,0.478898349698169,0.00312849885508842,1,0.00423472834636439,FALSE
"Vitvi11g00038",1501,-0.811197641171135,1.97404473660502e-09,1.38893787667529e-05,1.87072561573802e-08,TRUE
"Vitvi11g00040",3,-0.36280178007437,0.0296534634974876,1,0.0332921284774729,FALSE
"Vitvi11g00041",1201,-0.401500636615636,0.0152203400780548,1,0.017965158998355,FALSE
"Vitvi11g00045",67,0.565032847949674,0.00033017584284581,1,0.000607668645111984,FALSE
"Vitvi11g00046",33,0.731763852262692,3.96103875756544e-07,0.00278698686982305,1.612037906752e-06,TRUE
"Vitvi11g00050",5,-0.567011253417215,0.000311248295159066,1,0.000577821373282107,FALSE
"Vitvi11g00052",43,0.435353177928437,0.00796004100888778,1,0.00999408432165142,FALSE
"Vitvi11g00053",1376,-0.750289519408583,1.37448227308175e-07,0.000967085727340323,6.46880085177473e-07,TRUE
"Vitvi11g00066",164,0.750289519408583,1.37448227308174e-07,0.00096708572734031,6.46880085177473e-07,TRUE
"Vitvi11g00071",511,-0.690917489550654,3.09424313313362e-06,0.0217710946847282,9.80679940753528e-06,TRUE
"Vitvi11g00074",19,-0.517435182162141,0.00123020463625639,1,0.00201765030785547,FALSE
"Vitvi11g00075",221,0.708452799113699,1.33573031070407e-06,0.00939819846611386,4.71560384651975e-06,TRUE
"Vitvi11g00083",96,-0.39182592248032,0.0181099832764267,1,0.0210649433514528,FALSE
"Vitvi11g00089",1651,-0.875491595135099,2.808569499545e-12,1.97610949987986e-08,1.81294449530263e-10,TRUE
"Vitvi11g00096",15,0.713224436808306,1.05158989446501e-06,0.00739898649745581,3.82772193350016e-06,TRUE
"Vitvi11g00097",33,-0.646642651042071,2.03561248738775e-05,0.143225694612602,5.29571432195744e-05,FALSE
"Vitvi11g00098",34,0.886263512751395,6.57269515749614e-13,4.62454831281428e-09,8.4308015208228e-11,TRUE
"Vitvi11g00099",69,-0.851382173205197,4.68868177296465e-11,3.29895649545792e-07,9.96663593793935e-10,TRUE
"Vitvi11g00101",210,0.78572163265698,1.37406789977495e-08,9.66794174281651e-05,1.0263207794922e-07,TRUE
"Vitvi11g00129",1037,-0.478898349698169,0.00312849885508842,1,0.00423472834636439,FALSE
"Vitvi11g00139",30,-0.55885762556771,0.000396041802305422,1,0.000715233603958152,FALSE
"Vitvi11g00140",60,-0.64145697553854,2.48923868844812e-05,0.17514283411921,6.18442210872916e-05,FALSE
"Vitvi11g00141",23,0.478898349698169,0.00312849885508842,1,0.00423472834636439,FALSE
"Vitvi11g00154",12,-0.178982211503356,0.296273865831986,1,0.302332548222459,FALSE
"Vitvi11g00156",696,-0.829476273338115,4.06241215706204e-10,2.85831319370885e-06,6.54731406210665e-09,TRUE
"Vitvi11g00157",124,-0.420850064886269,0.010590608809886,1,0.0129098273711639,FALSE
"Vitvi11g00175",755,-0.614892344040208,6.59917237895531e-05,0.464317768583295,0.000144332536084332,FALSE
"Vitvi11g00177",24,0.731763852262692,3.96103875756545e-07,0.00278698686982305,1.612037906752e-06,TRUE
"Vitvi11g00186",12,-0.108066391684364,0.530425414343531,1,0.535448094020241,FALSE
"Vitvi11g00193",190,-0.645746403000758,2.10820008752169e-05,0.148332958158026,5.29571432195744e-05,FALSE
"Vitvi11g00199",109,-0.725588629880729,5.53108756705168e-07,0.00389167321217756,2.16084020665051e-06,TRUE
"Vitvi11g00200",157,-0.751595852101597,1.27126181928121e-07,0.000894459816046258,6.46880085177473e-07,TRUE
"Vitvi11g00207",75,-0.294173361367012,0.0815930785914507,1,0.0869041630289808,FALSE
"Vitvi11g00217",128,0.854242196177249,3.4485174125585e-11,2.42637685147616e-07,7.42011269564575e-10,TRUE
"Vitvi11g00228",4,-0.235995774737612,0.165849097419878,1,0.172212846730558,FALSE
"Vitvi11g00231",109,-0.546507180803783,0.00056388190945942,1,0.000984728993535984,FALSE
"Vitvi11g00237",44,0.107624400500126,0.532118225928425,1,0.537002845328801,FALSE
"Vitvi11g00238",3,-0.712333382215692,1.10001840416097e-06,0.00773972949167661,3.98544258067803e-06,TRUE
"Vitvi11g00241",375,-0.645746403000758,2.10820008752169e-05,0.148332958158026,5.29571432195744e-05,FALSE
"Vitvi11g00243",1489,-0.684288760868618,4.18769069394475e-06,0.0294645917225952,1.28722550120556e-05,TRUE
"Vitvi11g00245",486,-0.582933306486462,0.000190869311580325,1,0.000367270530032874,FALSE
"Vitvi11g00247",512,-0.382151208345003,0.0214447164072558,1,0.0246423362145112,FALSE
"Vitvi11g00249",1194,-0.617046562867391,6.11763032283906e-05,0.430436469514956,0.000134890777033831,FALSE
"Vitvi11g00251",11,0.510507356085846,0.00146675614362152,1,0.00237516598999334,FALSE
"Vitvi11g00256",1020,-0.667461988060373,8.72733258323926e-06,0.0614055120556714,2.49920683987267e-05,FALSE
"Vitvi11g00257",59,0.750289519408583,1.37448227308174e-07,0.00096708572734031,6.46880085177473e-07,TRUE
"Vitvi11g00261",5,-0.559646882600657,0.000387017462770897,1,0.000700014104898731,FALSE
"Vitvi11g00267",12,-0.478898349698169,0.00312849885508842,1,0.00423472834636439,FALSE
"Vitvi11g00269",159,-0.430524779021586,0.00876561976487687,1,0.0108621965979086,FALSE
"Vitvi11g00270",5,-0.478898349698169,0.00312849885508842,1,0.00423472834636439,FALSE
"Vitvi11g00273",50,0.495072242300581,0.0021423652123623,1,0.00338658315753342,FALSE
"Vitvi11g00284",3,0.478898349698169,0.00312849885508842,1,0.00423472834636439,FALSE
"Vitvi11g00285",253,-0.741397807975388,2.30975907742325e-07,0.001625146486875,1.0201798411017e-06,TRUE
"Vitvi11g00286",189,-0.876017926418979,2.62444731913928e-12,1.8465611337464e-08,1.81294449530263e-10,TRUE
"Vitvi11g00293",127,0.713238185116801,1.05085825073372e-06,0.00739383865216244,3.82772193350016e-06,TRUE
"Vitvi11g00304",23,-0.556813209291006,0.000420296087888822,1,0.000755542609486023,FALSE
"Vitvi11g00305",16,0.638571442967416,2.77964224488528e-05,0.195575628350128,6.71158642244777e-05,FALSE
"Vitvi11g00309",35,-0.487897282267239,0.00253992909673463,1,0.0039792788075317,FALSE
"Vitvi11g00317",798,-0.588346722734024,0.000160693769450826,1,0.000313631445729823,FALSE
"Vitvi11g00318",40,0.430524779021586,0.00876561976487691,1,0.0108621965979086,FALSE
"Vitvi11g00319",53,0.661853063790958,1.10347350043172e-05,0.0776403954903761,3.10065477197988e-05,FALSE
"Vitvi11g00339",298,0.834272315260609,2.60120198907056e-10,1.83020571951005e-06,4.62173161492437e-09,TRUE
"Vitvi11g00343",85,0.478898349698169,0.00312849885508842,1,0.00423472834636439,FALSE
"Vitvi11g00346",229,-0.744932000648618,1.88392166607674e-07,0.00132552728425159,8.535269055065e-07,TRUE
"Vitvi11g00356",8,0.796625228455486,6.19268510389317e-09,4.35717323909923e-05,4.97633323861266e-08,TRUE
"Vitvi11g00360",1657,-0.685818467487549,3.90794358777023e-06,0.0274962910835514,1.2123585133841e-05,TRUE
"Vitvi11g00362",17,-0.440199493156902,0.00721598030084795,1,0.0091021221579,FALSE
"Vitvi11g00365",1579,-0.871125053513477,4.87284258467059e-12,3.42853204257422e-08,2.4665698148016e-10,TRUE
"Vitvi11g00370",4,-0.596032931351327,0.000125192354329375,0.88085340506148,0.000252538246863957,FALSE
"Vitvi11g00371",9,0.482367487169681,0.0028888750944508,1,0.00423472834636439,FALSE
"Vitvi11g00376",59,-0.538122002500631,0.00071128356377806,1,0.00121117888546525,FALSE
"Vitvi11g00380",55,0.565032847949674,0.00033017584284581,1,0.000607668645111984,FALSE
"Vitvi11g00394",235,0.744294366480161,1.95495127236608e-07,0.00137550371523678,8.81934189192792e-07,TRUE
"Vitvi11g00395",1578,-0.382151208345003,0.0214447164072558,1,0.0246423362145112,FALSE
"Vitvi11g00398",1655,-0.871125053513477,4.87284258467059e-12,3.42853204257422e-08,2.4665698148016e-10,TRUE
"Vitvi11g00401",1773,-0.596032931351327,0.000125192354329375,0.88085340506148,0.000252538246863957,FALSE
"Vitvi11g00403",5,-0.372476494209687,0.0252748166470032,1,0.0287152607667228,FALSE
"Vitvi11g00408",936,-0.665422379235131,9.50988786057398e-06,0.0669115709869985,2.7111657612236e-05,FALSE
"Vitvi11g00412",1098,-0.324102923533104,0.0538052002373616,1,0.0584218192700735,FALSE
"Vitvi11g00414",13,0.411175350750953,0.0127285678576514,1,0.0152881876829012,FALSE
"Vitvi11g00415",32,0.469223635562852,0.00389036020229627,1,0.00516366240018047,FALSE
"Vitvi11g00417",35,-0.70978387118414,1.25011243477313e-06,0.00879579109106372,4.46486857414402e-06,TRUE
"Vitvi11g00420",9,-0.719413407498765,7.65599059629684e-07,0.00538675498355446,2.89610482986801e-06,TRUE
"Vitvi11g00424",42,0.624221522900733,4.73386834040072e-05,0.333074976430595,0.000107478211174765,FALSE
"Vitvi11g00427",23,-0.771433338085278,3.65240298083631e-08,0.000256983073731643,2.51205350666317e-07,TRUE
"Vitvi11g00439",111,-0.343452351803737,0.0402822983143647,1,0.0443754894222436,FALSE
"Vitvi11g00451",1323,-0.819235825519126,1.00667411024502e-09,7.08295903968394e-06,1.26031299638504e-08,TRUE
"Vitvi11g00454",8,0.430524779021586,0.00876561976487691,1,0.0108621965979086,FALSE
"Vitvi11g00460",77,-0.510507356085846,0.00146675614362153,1,0.00237516598999334,FALSE
"Vitvi11g00464",13,-0.469223635562852,0.00389036020229628,1,0.00516366240018047,FALSE
"Vitvi11g00467",562,-0.798754929881148,5.27034919958902e-09,3.70821769683084e-05,4.29689188508788e-08,TRUE
"Vitvi11g00469",816,-0.667461988060373,8.72733258323926e-06,0.0614055120556714,2.49920683987267e-05,FALSE
"Vitvi11g00472",109,-0.469223635562852,0.00389036020229628,1,0.00516366240018047,FALSE
"Vitvi11g00477",383,0.737939074644656,2.81075640112032e-07,0.00197764820382825,1.20661879428203e-06,TRUE
"Vitvi11g00479",244,0.595521682767366,0.000127313692999973,0.895779143947812,0.000254410435656862,FALSE
"Vitvi11g00480",1843,-0.884224678378342,8.74713631353133e-13,6.15448511020064e-09,8.4308015208228e-11,TRUE
"Vitvi11g00485",4,0.484422325729306,0.00275461782310859,1,0.00423472834636439,FALSE
"Vitvi11g00486",18,0.370189001781383,0.0262585527664925,1,0.02981364809828,FALSE
"Vitvi11g00488",401,-0.420850064886269,0.010590608809886,1,0.0129098273711639,FALSE
"Vitvi11g00505",115,0.333777637668421,0.0466511603903606,1,0.0510240268158833,FALSE
"Vitvi11g00518",1280,-0.707062962734838,1.43083923232176e-06,0.0100673848386159,4.99870150874674e-06,TRUE
"Vitvi11g00526",5,-0.612608827303015,7.14674504849691e-05,0.502844981612243,0.000155438943311358,FALSE
"Vitvi11g00539",1660,-0.829476273338115,4.06241215706204e-10,2.85831319370885e-06,6.54731406210665e-09,TRUE
"Vitvi11g00549",25,0.478898349698169,0.00312849885508842,1,0.00423472834636439,FALSE
"Vitvi11g00565",11,-0.622232181081055,5.08592315170758e-05,0.357845552954145,0.000114510576945327,FALSE
"Vitvi11g00574",28,0.314428209397787,0.0618077618339936,1,0.0666175570257321,FALSE
"Vitvi11g00580",457,0.324102923533104,0.0538052002373616,1,0.0584218192700735,FALSE
"Vitvi11g00581",400,0.478898349698169,0.00312849885508842,1,0.00423472834636439,FALSE
"Vitvi11g00582",16,0.688537295588947,3.45252458433688e-06,0.0242919629753943,1.07964279890642e-05,TRUE
"Vitvi11g00583",342,0.60930664522985,8.01122008460831e-05,0.56366944515304,0.000170696221474082,FALSE
"Vitvi11g00584",735,-0.750289519408583,1.37448227308175e-07,0.000967085727340323,6.46880085177473e-07,TRUE
"Vitvi11g00591",3,-0.420850064886269,0.010590608809886,1,0.0129098273711639,FALSE
"Vitvi11g00598",419,-0.382151208345003,0.0214447164072558,1,0.0246423362145112,FALSE
"Vitvi11g00603",411,-0.595521682767366,0.000127313692999972,0.895779143947803,0.000254410435656862,FALSE
"Vitvi11g00613",32,0.372476494209687,0.0252748166470031,1,0.0287152607667228,FALSE
"Vitvi11g00619",37,0.385951398872728,0.0200786217961856,1,0.0233008713438829,FALSE
"Vitvi11g00623",15,0.469223635562852,0.00389036020229627,1,0.00516366240018047,FALSE
"Vitvi11g00635",5,0.169818615504,0.322091724033235,1,0.328107336079027,FALSE
"Vitvi11g00641",71,-0.736395269049165,3.06516025902312e-07,0.00215664675824867,1.29840262387036e-06,TRUE
"Vitvi11g00668",117,-0.59505587476429,0.000129274566135118,0.909575847326693,0.000258182187716915,FALSE
"Vitvi11g00672",5,0.437672562033847,0.00759614356666715,1,0.00955083383400109,FALSE
"Vitvi11g00686",26,-0.420850064886269,0.010590608809886,1,0.0129098273711639,FALSE
"Vitvi11g00708",655,-0.638571442967416,2.77964224488528e-05,0.195575628350128,6.71158642244777e-05,FALSE
"Vitvi11g00712",858,-0.827674397848836,4.78614460889136e-10,3.36753134681596e-06,7.28902888921204e-09,TRUE
"Vitvi11g00724",20,0.750289519408583,1.37448227308174e-07,0.00096708572734031,6.46880085177473e-07,TRUE
"Vitvi11g00726",240,-0.65798725895509,1.29347424789739e-05,0.0910088480820603,3.60288393040619e-05,FALSE
"Vitvi11g00728",41,-0.631396482934074,3.63959573998368e-05,0.256081956265252,8.4907810432777e-05,FALSE
"Vitvi11g00730",150,-0.874344762938948,3.25230629616806e-12,2.28832270998385e-08,1.92296026049063e-10,TRUE
"Vitvi11g00742",7,0.602582743783759,0.000100689603007755,0.708452046762564,0.00020739228535204,FALSE
"Vitvi11g00749",14,-0.799794857867825,4.8678475750908e-09,3.42501755383389e-05,4.06771680977901e-08,TRUE
"Vitvi11g00766",5,-0.39182592248032,0.0181099832764267,1,0.0210649433514528,FALSE
"Vitvi11g00776",8,0.57399680266734,0.000251925466762095,1,0.000472049955829054,FALSE
"Vitvi11g00798",75,0.478898349698169,0.00312849885508842,1,0.00423472834636439,FALSE
"Vitvi11g00805",4,-0.723551230754522,6.16320832208703e-07,0.00433643337542043,2.38265570078046e-06,TRUE
"Vitvi11g00811",5,-0.206869949795782,0.226063073476871,1,0.232404994883586,FALSE
"Vitvi11g00814",48,-0.638571442967416,2.77964224488528e-05,0.195575628350128,6.71158642244777e-05,FALSE
"Vitvi11g00815",471,-0.750289519408583,1.37448227308175e-07,0.000967085727340323,6.46880085177473e-07,TRUE
"Vitvi11g00821",10,0.873534809302447,3.60422301187813e-12,2.53593131115745e-08,2.11327609263121e-10,TRUE
"Vitvi11g00825",33,0.812719176907042,1.74207705456458e-09,1.22572541559164e-05,1.68832701872127e-08,TRUE
"Vitvi11g00838",863,-0.875491595135099,2.808569499545e-12,1.97610949987986e-08,1.81294449530263e-10,TRUE
"Vitvi11g00843",10,0.750289519408583,1.37448227308174e-07,0.00096708572734031,6.46880085177473e-07,TRUE
"Vitvi11g00865",34,-0.566821842633998,0.000313017471211837,1,0.0005779036807784,FALSE
"Vitvi11g00878",7,0.580268710781287,0.000207511407193307,1,0.00039557037686592,FALSE
"Vitvi11g00900",308,0.713238185116801,1.05085825073372e-06,0.00739383865216244,3.82772193350016e-06,TRUE
"Vitvi11g00927",127,0.469223635562852,0.00389036020229627,1,0.00516366240018047,FALSE
"Vitvi11g00936",193,-0.497105401748074,0.00204011412841992,1,0.0032358527970159,FALSE
"Vitvi11g01055",1218,-0.596032931351327,0.000125192354329375,0.88085340506148,0.000252538246863957,FALSE
"Vitvi11g01075",1358,-0.824356049428621,6.44165101155286e-10,4.53234565172859e-06,8.88695225829135e-09,TRUE
"Vitvi11g01100",88,-0.57399680266734,0.000251925466762095,1,0.000472049955829054,FALSE
"Vitvi11g01132",14,-0.647095834272651,1.99977980582123e-05,0.140704507137582,5.29571432195744e-05,FALSE
"Vitvi11g01134",1542,-0.871125053513477,4.87284258467059e-12,3.42853204257422e-08,2.4665698148016e-10,TRUE
"Vitvi11g01139",29,0.712333382215692,1.10001840416099e-06,0.00773972949167674,3.98544258067803e-06,TRUE
"Vitvi11g01153",5,-0.588346722734024,0.000160693769450826,1,0.000313631445729823,FALSE
"Vitvi11g01182",25,0.655224335108922,1.44701321343351e-05,0.101811849697182,3.99105643658103e-05,FALSE
"Vitvi11g01184",6,-0.430497602000505,0.00877034378520732,1,0.0108621965979086,FALSE
"Vitvi11g01197",63,0.638571442967416,2.77964224488528e-05,0.195575628350128,6.71158642244777e-05,FALSE
"Vitvi11g01198",6,0.478898349698169,0.00312849885508842,1,0.00423472834636439,FALSE
"Vitvi11g01205",6,0.623953435216034,4.77998991152757e-05,0.33632009017508,0.000108315649009688,FALSE
"Vitvi11g01228",1467,-0.819760771205674,9.62256253728296e-10,6.77043500123229e-06,1.23773948834228e-08,TRUE
"Vitvi11g01235",75,-0.612608827303015,7.14674504849691e-05,0.502844981612243,0.000155438943311358,FALSE
"Vitvi11g01243",425,-0.149958069097406,0.382692613049351,1,0.388154133691111,FALSE
"Vitvi11g01251",73,0.675004170824618,6.31632119611018e-06,0.0444416359358312,1.86338096167008e-05,TRUE
"Vitvi11g01257",46,-0.053210927744241,0.757917561540451,1,0.761380348800488,FALSE
"Vitvi11g01265",19,-0.419187995675658,0.0109345409920775,1,0.0133198459868867,FALSE
"Vitvi11g01268",9,0.648431430810784,1.89748243923069e-05,0.133506864424271,5.16667431982474e-05,FALSE
"Vitvi11g01279",7,-0.645746403000758,2.10820008752169e-05,0.148332958158026,5.29571432195744e-05,FALSE
"Vitvi11g01281",18,-0.478898349698169,0.00312849885508842,1,0.00423472834636439,FALSE
"Vitvi11g01285",9,0.638571442967416,2.77964224488528e-05,0.195575628350128,6.71158642244777e-05,FALSE
"Vitvi11g01295",808,-0.745986927832182,1.77160876753437e-07,0.00124650392883718,8.08368306638897e-07,TRUE
"Vitvi11g01303",8,0.657773846140475,1.30478272532271e-05,0.0918045125537059,3.63007167076733e-05,FALSE
"Vitvi11g01310",1395,-0.723551230754522,6.16320832208703e-07,0.00433643337542043,2.38265570078046e-06,TRUE
"Vitvi11g01322",12,-0.275729352856521,0.103584434864025,1,0.109448878766072,FALSE
"Vitvi11g01327",5,-0.411175350750953,0.0127285678576514,1,0.0152881876829012,FALSE
"Vitvi11g01328",169,0.478898349698169,0.00312849885508842,1,0.00423472834636439,FALSE
"Vitvi11g01329",22,0.478898349698169,0.00312849885508842,1,0.00423472834636439,FALSE
"Vitvi11g01330",6,0.594545972557979,0.000131452155197497,0.92489736396959,0.00026223344597947,FALSE
"Vitvi11g01334",20,-0.537244347230837,0.000728530923177986,1,0.0012396477812528,FALSE
"Vitvi11g01335",22,-0.382151208345003,0.0214447164072558,1,0.0246423362145112,FALSE
"Vitvi11g01336",17,-0.645746403000758,2.10820008752169e-05,0.148332958158026,5.29571432195744e-05,FALSE
"Vitvi11g01341",3,0.478898349698169,0.00312849885508842,1,0.00423472834636439,FALSE
"Vitvi11g01345",266,-0.563283869189166,0.00034775734695725,1,0.000636033452870083,FALSE
"Vitvi11g01346",4,0.478898349698169,0.00312849885508842,1,0.00423472834636439,FALSE
"Vitvi11g01351",33,-0.478898349698169,0.00312849885508842,1,0.00423472834636439,FALSE
"Vitvi11g01371",3,0.595521682767366,0.000127313692999973,0.895779143947812,0.000254410435656862,FALSE
"Vitvi11g01385",1408,-0.667461988060373,8.72733258323926e-06,0.0614055120556714,2.49920683987267e-05,FALSE
"Vitvi11g01393",57,-0.556734056756734,0.000421261179223091,1,0.000755542609486023,FALSE
"Vitvi11g01394",1104,-0.798289454980285,5.46032099002002e-09,3.84188184857809e-05,4.44662250992834e-08,TRUE
"Vitvi11g01403",51,0.478898349698169,0.00312849885508842,1,0.00423472834636439,FALSE
"Vitvi11g01410",30,-0.550184244324302,0.000508303496349478,1,0.000891209419465469,FALSE
"Vitvi11g01415",6,-0.750289519408583,1.37448227308175e-07,0.000967085727340323,6.46880085177473e-07,TRUE
"Vitvi11g01442",546,0.602696642800707,0.000100304716366617,0.705743984355515,0.00020739228535204,FALSE
"Vitvi11g01446",25,0.328929510981644,0.0501340591658419,1,0.0547228110907329,FALSE
"Vitvi11g01457",12,-0.646642651042071,2.03561248738775e-05,0.143225694612602,5.29571432195744e-05,FALSE
"Vitvi11g01463",60,0.600154896827394,0.000109216589928941,0.768447926740032,0.000223711186823881,FALSE
"Vitvi11g01468",109,-0.841432570486452,1.30144881878545e-10,9.15699388897446e-07,2.48157015961367e-09,TRUE
"Vitvi11g01474",12,0.663836406061092,1.01620006133771e-05,0.0714998363157215,2.87494315704551e-05,FALSE
"Vitvi11g01475",39,-0.675869556053279,6.0826788685198e-06,0.0427977285189053,1.80125120029063e-05,TRUE
"Vitvi11g01488",353,-0.711313577803071,1.15795074343497e-06,0.00814734143080846,4.15892875487926e-06,TRUE
"Vitvi11g01507",9,-0.707062962734838,1.43083923232176e-06,0.0100673848386159,4.99870150874674e-06,TRUE
"Vitvi11g01513",4,0.36280178007437,0.0296534634974875,1,0.0332921284774729,FALSE
"Vitvi11g01516",982,-0.701115533676863,1.91214561505384e-06,0.0134538565475188,6.43417338475313e-06,TRUE
"Vitvi11g01564",83,-0.750289519408583,1.37448227308175e-07,0.000967085727340323,6.46880085177473e-07,TRUE
"Vitvi11g01582",4,-0.472404512220219,0.00362382949746206,1,0.00487519394725488,FALSE
"Vitvi11g01604",4,-0.782777945998297,1.69065981695937e-08,0.000118954824721261,1.23525259315951e-07,TRUE
"Vitvi11g01623",125,-0.517435182162141,0.00123020463625639,1,0.00201765030785547,FALSE
"Vitvi11g01630",856,-0.40897272190048,0.013263225639686,1,0.0159113479285305,FALSE
"Vitvi11g01637",29,-0.827123396298606,5.03032230623596e-10,3.53933477466762e-06,7.59513900143266e-09,TRUE
"Vitvi11g01638",55,0.816811769737353,1.23759826433005e-09,8.70774138782626e-06,1.26935005653447e-08,TRUE
"Vitvi11g01641",137,-0.499704162184237,0.00191565697138073,1,0.00305290202732386,FALSE
"Vitvi11g01643",62,-0.616981669635639,6.13165947286058e-05,0.43142356051047,0.000135030848360085,FALSE
"Vitvi11g01645",226,-0.724061132960833,5.99906551561276e-07,0.00422094249678514,2.33459208892983e-06,TRUE
"Vitvi11g01650",1029,-0.783394258152665,1.61926462779259e-08,0.000113931459211486,1.19050636584626e-07,TRUE
"Vitvi11g01671",4,-0.478898349698169,0.00312849885508842,1,0.00423472834636439,FALSE
"Vitvi11g01674",6,0.478898349698169,0.00312849885508842,1,0.00423472834636439,FALSE
"Vitvi11g01675",744,-0.537084619459437,0.000731709404133355,1,0.00124115413873729,FALSE
"Vitvi11g01676",8,-0.550184244324302,0.000508303496349478,1,0.000891209419465469,FALSE
"Vitvi11g01686",39,0.662362965997269,1.08040742630216e-05,0.0760174665146201,3.04679224507495e-05,FALSE
"Vitvi11g01687",30,-0.588937048288565,0.000157677153214071,1,0.000310239499444688,FALSE
"Vitvi11g01692",8,0.517435182162141,0.00123020463625639,1,0.00201765030785547,FALSE
"Vitvi11g01702",12,-0.39182592248032,0.0181099832764267,1,0.0210649433514528,FALSE
"Vitvi11g04001",59,-0.816811769737353,1.23759826433008e-09,8.70774138782648e-06,1.26935005653447e-08,TRUE
"Vitvi11g04013",43,-0.469223635562852,0.00389036020229628,1,0.00516366240018047,FALSE
"Vitvi11g04015",258,-0.596032931351327,0.000125192354329375,0.88085340506148,0.000252538246863957,FALSE
"Vitvi11g04017",6,0.478898349698169,0.00312849885508842,1,0.00423472834636439,FALSE
"Vitvi11g04023",211,-0.57638349405403,0.000234110207241294,1,0.000441017247161913,FALSE
"Vitvi11g04039",1348,-0.819760771205674,9.62256253728296e-10,6.77043500123229e-06,1.23773948834228e-08,TRUE
"Vitvi11g04045",14,0.624221522900733,4.73386834040072e-05,0.333074976430595,0.000107478211174765,FALSE
"Vitvi11g04059",11,-0.447694137140571,0.00618280062372874,1,0.00790661308407041,FALSE
"Vitvi11g04061",14,-0.654107934918892,1.51362122396681e-05,0.106498389318305,4.16986645725546e-05,FALSE
"Vitvi11g04068",19,0.401500636615636,0.0152203400780549,1,0.017965158998355,FALSE
"Vitvi11g04073",3,0.28699840133367,0.0896719638266695,1,0.0954511251867544,FALSE
"Vitvi11g04085",153,0.39182592248032,0.0181099832764267,1,0.0210649433514528,FALSE
"Vitvi11g04123",74,0.750289519408583,1.37448227308174e-07,0.00096708572734031,6.46880085177473e-07,TRUE
"Vitvi11g04132",33,0.478898349698169,0.00312849885508842,1,0.00423472834636439,FALSE
"Vitvi11g04141",4,0.811139465780844,1.98345837029641e-09,1.39556130934055e-05,1.87072561573802e-08,TRUE
"Vitvi11g04147",5,0.430524779021586,0.00876561976487691,1,0.0108621965979086,FALSE
"Vitvi11g04164",17,0.217681068044622,0.202185093959943,1,0.208619199457715,FALSE
"Vitvi11g04165",18,-0.449874207292219,0.00590725996608227,1,0.00756387281553318,FALSE
"Vitvi11g04169",1312,-0.670749332143785,7.58874446306116e-06,0.0533944060420983,2.21278102122247e-05,FALSE
"Vitvi11g04175",48,0.750289519408583,1.37448227308174e-07,0.00096708572734031,6.46880085177473e-07,TRUE
"Vitvi11g04200",4,-0.36280178007437,0.0296534634974876,1,0.0332921284774729,FALSE
"Vitvi11g04201",3,0.343452351803737,0.0402822983143647,1,0.0443754894222436,FALSE
"Vitvi11g04202",3,0.333777637668421,0.0466511603903606,1,0.0510240268158833,FALSE
"Vitvi11g04203",44,0.652314954998581,1.62645051497972e-05,0.114437058233973,4.46322380007696e-05,FALSE
"Vitvi11g04204",8,-0.0216132783368728,0.900430524747276,1,0.901968845689327,FALSE
"Vitvi11g04209",8,-0.0430497602000505,0.803130103881403,1,0.805878980449166,FALSE
"Vitvi11g04217",1595,-0.77807802012742,2.3388390725782e-08,0.000164560717146602,1.67066717915332e-07,TRUE
"Vitvi11g04250",26,-0.866359712001401,8.69442361037601e-12,6.11739645226056e-08,2.88556436427387e-10,TRUE
"Vitvi11g04251",63,0.750289519408583,1.37448227308174e-07,0.00096708572734031,6.46880085177473e-07,TRUE
"Vitvi11g04263",27,-0.353127065939054,0.0346365270501543,1,0.0385117895582942,FALSE
"Vitvi11g04266",218,-0.843394676225792,1.07010543191962e-10,7.52926181898647e-07,2.05156997792547e-09,TRUE
"Vitvi11g04267",29,-0.816811769737353,1.23759826433008e-09,8.70774138782648e-06,1.26935005653447e-08,TRUE
"Vitvi11g04269",12,0.53845672986383,0.00070480161611431,1,0.00120950833438543,FALSE
"Vitvi11g04272",5,0.602696642800707,0.000100304716366617,0.705743984355515,0.00020739228535204,FALSE
"Vitvi11g04279",11,0.478898349698169,0.00312849885508842,1,0.00423472834636439,FALSE
"Vitvi11g04307",47,0.750289519408583,1.37448227308174e-07,0.00096708572734031,6.46880085177473e-07,TRUE
"Vitvi11g04319",1457,-0.382151208345003,0.0214447164072558,1,0.0246423362145112,FALSE
"Vitvi11g04329",275,-0.74411429702662,1.9754523623761e-07,0.00138992828216782,8.81934189192792e-07,TRUE
"Vitvi11g04331",324,-0.743071818302731,2.0980841983956e-07,0.00147621204199115,9.29019535551383e-07,TRUE
"Vitvi11g04345",14,0.854242196177249,3.4485174125585e-11,2.42637685147616e-07,7.42011269564575e-10,TRUE
"Vitvi11g04359",14,0.615682368648623,6.41873880190985e-05,0.451622462102377,0.000140604751588537,FALSE
"Vitvi11g04368",28,0.750289519408583,1.37448227308174e-07,0.00096708572734031,6.46880085177473e-07,TRUE
"Vitvi12g00015",666,-0.716412599866176,8.93892664680424e-07,0.00628942878869146,3.32950174096954e-06,TRUE
"Vitvi12g00022",64,0.314428209397787,0.0618077618339936,1,0.0666175570257321,FALSE
"Vitvi12g00029",88,0.624221522900733,4.73386834040072e-05,0.333074976430595,0.000107478211174765,FALSE
"Vitvi12g00032",1432,-0.478898349698169,0.00312849885508842,1,0.00423472834636439,FALSE
"Vitvi12g00036",28,0.821699636322878,8.13497034238565e-10,5.72376513290254e-06,1.08610344077849e-08,TRUE
"Vitvi12g00037",810,-0.478898349698169,0.00312849885508842,1,0.00423472834636439,FALSE
"Vitvi12g00039",3,0.401500636615636,0.0152203400780549,1,0.017965158998355,FALSE
"Vitvi12g00050",248,-0.803875153790643,3.54813370040871e-09,2.49646687160757e-05,3.09735343871906e-08,TRUE
"Vitvi12g00056",704,-0.324102923533104,0.0538052002373616,1,0.0584218192700735,FALSE
"Vitvi12g00061",57,-0.478898349698169,0.00312849885508842,1,0.00423472834636439,FALSE
"Vitvi12g00062",121,-0.670011628443056,7.83176070412865e-06,0.0551042683142492,2.27516814428136e-05,FALSE
"Vitvi12g00065",37,0.222423761033594,0.192285409209952,1,0.198929589648761,FALSE
"Vitvi12g00076",90,0.497785744864844,0.00200686623174575,1,0.00318670972840512,FALSE
"Vitvi12g00080",151,0.645310738915201,2.14432683486358e-05,0.150874836101001,5.36539246447374e-05,FALSE
"Vitvi12g00081",330,0.638571442967416,2.77964224488528e-05,0.195575628350128,6.71158642244777e-05,FALSE
"Vitvi12g00082",178,-0.301348321400354,0.0740899184807144,1,0.0793087884421583,FALSE
"Vitvi12g00086",253,0.789157076468506,1.07431838963728e-08,7.55890418948789e-05,8.2162002059651e-08,TRUE
"Vitvi12g00099",41,-0.441528400310401,0.00702267812889194,1,0.00894650793316743,FALSE
"Vitvi12g00101",5,-0.0895407245384729,0.603531171320172,1,0.608111889074714,FALSE
"Vitvi12g00106",233,0.382151208345003,0.0214447164072558,1,0.0246423362145112,FALSE
"Vitvi12g00116",893,-0.751595852101597,1.27126181928121e-07,0.000894459816046258,6.46880085177473e-07,TRUE
"Vitvi12g00117",12,0.669834357002478,7.89120547599315e-06,0.0555225217290878,2.28675954403162e-05,FALSE
"Vitvi12g00120",171,0.295078781127154,0.080615036363119,1,0.0860317603292744,FALSE
"Vitvi12g00137",11,-0.449874207292219,0.00590725996608227,1,0.00756387281553318,FALSE
"Vitvi12g00145",1051,-0.866758511891856,8.29025229610732e-12,5.83302151554111e-08,2.88556436427387e-10,TRUE
"Vitvi12g00146",755,-0.745658102622111,1.80593701214531e-07,0.00127065728174544,8.18722475351442e-07,TRUE
"Vitvi12g00153",6,0.268208560519294,0.113742761565464,1,0.120056116167807,FALSE
"Vitvi12g00188",13,-0.651485961297165,1.68115837483811e-05,0.11828630325361,4.59721349605945e-05,FALSE
"Vitvi12g00189",27,-0.36280178007437,0.0296534634974876,1,0.0332921284774729,FALSE
"Vitvi12g00193",1559,-0.862391970270235,1.38480359557113e-11,9.7434780984385e-08,4.44907675727786e-10,TRUE
"Vitvi12g00208",63,-0.805467161824335,3.13002579938549e-09,2.20228615244763e-05,2.78218767073941e-08,TRUE
"Vitvi12g00213",456,-0.680676474781128,4.92239733135686e-06,0.0346339876234269,1.49027485470856e-05,TRUE
"Vitvi12g00217",6,0.478898349698169,0.00312849885508842,1,0.00423472834636439,FALSE
"Vitvi12g00220",6,-0.258298561200303,0.128249602946178,1,0.134641033471995,FALSE
"Vitvi12g00226",947,-0.775015709937128,2.877549264785e-08,0.000202464366270273,2.03073587031367e-07,TRUE
"Vitvi12g00231",1568,-0.673070912329788,6.86813950157651e-06,0.0483242295330923,2.00598711220807e-05,TRUE
"Vitvi12g00233",881,-0.324102923533104,0.0538052002373616,1,0.0584218192700735,FALSE
"Vitvi12g00248",1102,-0.624221522900733,4.73386834040076e-05,0.333074976430597,0.000107478211174765,FALSE
"Vitvi12g00251",19,0.559646882600657,0.000387017462770901,1,0.000700014104898731,FALSE
"Vitvi12g00253",3,0.620609849387347,5.39036718218734e-05,0.379266234938701,0.000120708540718874,FALSE
"Vitvi12g00255",664,-0.582933306486462,0.000190869311580325,1,0.000367270530032874,FALSE
"Vitvi12g00256",45,0.459548921427535,0.00480814938579871,1,0.00625788736190894,FALSE
"Vitvi12g00261",12,0.294173361367012,0.0815930785914507,1,0.0869041630289808,FALSE
"Vitvi12g00262",944,-0.665422379235131,9.50988786057398e-06,0.0669115709869985,2.7111657612236e-05,FALSE
"Vitvi12g00269",242,-0.333777637668421,0.0466511603903606,1,0.0510240268158833,FALSE
"Vitvi12g00270",422,0.694712517970911,2.59273082141354e-06,0.0182424540594657,8.36809819241548e-06,TRUE
"Vitvi12g00274",60,-0.539476534276451,0.000685374957652174,1,0.0011770315357678,FALSE
"Vitvi12g00276",64,0.645746403000758,2.10820008752171e-05,0.148332958158028,5.29571432195744e-05,FALSE
"Vitvi12g00277",19,-0.478898349698169,0.00312849885508842,1,0.00423472834636439,FALSE
"Vitvi12g00278",561,-0.401500636615636,0.0152203400780548,1,0.017965158998355,FALSE
"Vitvi12g00280",915,-0.745986927832182,1.77160876753437e-07,0.00124650392883718,8.08368306638897e-07,TRUE
"Vitvi12g00289",57,0.411175350750953,0.0127285678576514,1,0.0152881876829012,FALSE
"Vitvi12g00292",71,-0.420850064886269,0.010590608809886,1,0.0129098273711639,FALSE
"Vitvi12g00297",1160,-0.516597122400606,0.00125690591977388,1,0.00205282963127414,FALSE
"Vitvi12g00300",375,0.760088730172259,7.5624164511901e-08,0.000532091621505735,4.80227095221783e-07,TRUE
"Vitvi12g00303",1769,-0.602582743783759,0.000100689603007756,0.708452046762569,0.00020739228535204,FALSE
"Vitvi12g00319",38,-0.725588629880729,5.53108756705168e-07,0.00389167321217756,2.16084020665051e-06,TRUE
"Vitvi12g00325",39,0.545296962533973,0.000583320667650517,1,0.00101089759053917,FALSE
"Vitvi12g00326",19,-0.588346722734024,0.000160693769450826,1,0.000313631445729823,FALSE
"Vitvi12g00327",1104,-0.543634431891869,0.000610994698697925,1,0.00105263435358439,FALSE
"Vitvi12g00342",416,-0.729495716735492,4.48250799599698e-07,0.00315389262598347,1.80738832434583e-06,TRUE
"Vitvi12g00343",253,0.478898349698169,0.00312849885508842,1,0.00423472834636439,FALSE
"Vitvi12g00346",153,-0.39182592248032,0.0181099832764267,1,0.0210649433514528,FALSE
"Vitvi12g00349",73,-0.550694382815281,0.00050099097921008,1,0.000883894816881174,FALSE
"Vitvi12g00362",1599,-0.685818467487549,3.90794358777023e-06,0.0274962910835514,1.2123585133841e-05,TRUE
"Vitvi12g00363",75,-0.750289519408583,1.37448227308175e-07,0.000967085727340323,6.46880085177473e-07,TRUE
"Vitvi12g00368",60,-0.892442489157479,2.67099144709296e-13,1.8793095821746e-09,7.51723832869841e-11,TRUE
"Vitvi12g00373",1354,-0.645746403000758,2.10820008752169e-05,0.148332958158026,5.29571432195744e-05,FALSE
"Vitvi12g00381",76,-0.846672420432397,7.67037634075469e-11,5.396876793355e-07,1.52024698404366e-09,TRUE
"Vitvi12g00382",715,-0.14028335496209,0.414476147144056,1,0.419725701109036,FALSE
"Vitvi12g00388",6,-0.555793404878386,0.000432882480973436,1,0.000775002833620635,FALSE
"Vitvi12g00391",48,-0.638571442967416,2.77964224488528e-05,0.195575628350128,6.71158642244777e-05,FALSE
"Vitvi12g00401",65,0.053210927744241,0.757917561540452,1,0.761380348800488,FALSE
"Vitvi12g00406",169,-0.36280178007437,0.0296534634974876,1,0.0332921284774729,FALSE
"Vitvi12g00409",16,-0.382936556939144,0.0211562394000166,1,0.0245311965093139,FALSE
"Vitvi12g00414",173,0.578585301772883,0.000218684318094195,1,0.000416212876999441,FALSE
"Vitvi12g00424",660,-0.751595852101597,1.27126181928121e-07,0.000894459816046258,6.46880085177473e-07,TRUE
"Vitvi12g00430",1479,-0.871125053513477,4.87284258467059e-12,3.42853204257422e-08,2.4665698148016e-10,TRUE
"Vitvi12g00440",1729,-0.884224678378342,8.74713631353133e-13,6.15448511020064e-09,8.4308015208228e-11,TRUE
"Vitvi12g00443",1698,-0.645746403000758,2.10820008752169e-05,0.148332958158026,5.29571432195744e-05,FALSE
"Vitvi12g00445",127,-0.387714495889089,0.0194698993845327,1,0.0226317878852754,FALSE
"Vitvi12g00453",61,0.478898349698169,0.00312849885508842,1,0.00423472834636439,FALSE
"Vitvi12g00456",1428,-0.824356049428621,6.44165101155286e-10,4.53234565172859e-06,8.88695225829135e-09,TRUE
"Vitvi12g00462",18,-0.642715557123835,2.37142693864178e-05,0.166853599402836,5.90214359401613e-05,FALSE
"Vitvi12g00478",269,0.678679836599203,5.37727468533645e-06,0.0378345046860273,1.6079262509999e-05,TRUE
"Vitvi12g00482",321,-0.674600618948719,6.42804990185046e-06,0.0452277591094198,1.893959761701e-05,TRUE
"Vitvi12g00483",1371,-0.563283869189166,0.00034775734695725,1,0.000636033452870083,FALSE
"Vitvi12g00493",595,-0.516597122400606,0.00125690591977388,1,0.00205282963127414,FALSE
"Vitvi12g00504",6,0.523772082433948,0.00104397040540408,1,0.00172629277847782,FALSE
"Vitvi12g00505",20,-0.295594918677207,0.0800615831491637,1,0.0856619980288193,FALSE
"Vitvi12g00506",11,0.645746403000758,2.10820008752171e-05,0.148332958158028,5.29571432195744e-05,FALSE
"Vitvi12g00519",42,-0.478898349698169,0.00312849885508842,1,0.00423472834636439,FALSE
"Vitvi12g00522",94,-0.645746403000758,2.10820008752169e-05,0.148332958158026,5.29571432195744e-05,FALSE
"Vitvi12g00524",74,-0.36280178007437,0.0296534634974876,1,0.0332921284774729,FALSE
"Vitvi12g00533",508,-0.624221522900733,4.73386834040076e-05,0.333074976430597,0.000107478211174765,FALSE
"Vitvi12g00543",3,-0.579516251574609,0.000212440697520354,1,0.000404747562348554,FALSE
"Vitvi12g00554",75,-0.527238881325001,0.000953013587393213,1,0.0015882054952389,FALSE
"Vitvi12g00555",6,-0.624221522900733,4.73386834040076e-05,0.333074976430597,0.000107478211174765,FALSE
"Vitvi12g00566",7,-0.517435182162141,0.00123020463625639,1,0.00201765030785547,FALSE
"Vitvi12g00571",30,0.617046562867391,6.11763032283901e-05,0.430436469514953,0.000134890777033831,FALSE
"Vitvi12g00572",1630,-0.884224678378342,8.74713631353133e-13,6.15448511020064e-09,8.4308015208228e-11,TRUE
"Vitvi12g00586",1379,-0.621570789492433,5.20810981164701e-05,0.366442606347483,0.000117149170827201,FALSE
"Vitvi12g00590",105,-0.638571442967416,2.77964224488528e-05,0.195575628350128,6.71158642244777e-05,FALSE
"Vitvi12g00594",48,-0.449874207292219,0.00590725996608227,1,0.00756387281553318,FALSE
"Vitvi12g00606",923,-0.731727210389712,3.96899963641177e-07,0.00279258814417932,1.612037906752e-06,TRUE
"Vitvi12g00623",120,-0.624221522900733,4.73386834040076e-05,0.333074976430597,0.000107478211174765,FALSE
"Vitvi12g00624",15,0.669331866868109,8.06194923971228e-06,0.0567238748506156,2.3276107858275e-05,FALSE
"Vitvi12g00625",3,0.782052815739837,1.77838673469116e-08,0.00012512729065287,1.2939740501848e-07,TRUE
"Vitvi12g00626",4,-0.478898349698169,0.00312849885508842,1,0.00423472834636439,FALSE
"Vitvi12g00627",1321,-0.690917489550654,3.09424313313362e-06,0.0217710946847282,9.80679940753528e-06,TRUE
"Vitvi12g00631",1552,-0.791772806368201,8.88042451590357e-09,6.24826668938975e-05,6.90416208772348e-08,TRUE
"Vitvi12g00632",72,0.478898349698169,0.00312849885508842,1,0.00423472834636439,FALSE
"Vitvi12g00638",343,-0.75441642621575,1.07231136608592e-07,0.00075447827717805,6.45957429090799e-07,TRUE
"Vitvi12g00649",19,-0.609132556216191,8.05930710257105e-05,0.567052847736899,0.000170696221474082,FALSE
"Vitvi12g00650",42,0.478898349698169,0.00312849885508842,1,0.00423472834636439,FALSE
"Vitvi12g00654",1415,-0.478898349698169,0.00312849885508842,1,0.00423472834636439,FALSE
"Vitvi12g00656",143,-0.645746403000758,2.10820008752169e-05,0.148332958158026,5.29571432195744e-05,FALSE
"Vitvi12g00657",679,-0.382151208345003,0.0214447164072558,1,0.0246423362145112,FALSE
"Vitvi12g00678",25,-0.518718680084946,0.00119028019938684,1,0.00195856208673662,FALSE
"Vitvi12g00686",754,-0.510885369729709,0.00145288586363363,1,0.00235378884101457,FALSE
"Vitvi12g00691",14,0.487818140259808,0.00254465110073401,1,0.00398490210210649,FALSE
"Vitvi12g00710",7,-0.737939074644656,2.81075640112032e-07,0.00197764820382825,1.20661879428203e-06,TRUE
"Vitvi12g00721",1782,-0.884224678378342,8.74713631353133e-13,6.15448511020064e-09,8.4308015208228e-11,TRUE
"Vitvi12g00722",18,-0.373097921733771,0.0250128969168012,1,0.0286163809279046,FALSE
"Vitvi12g00741",659,-0.285404066991838,0.0915479263669638,1,0.0970661859430317,FALSE
"Vitvi12g00753",1427,-0.353127065939054,0.0346365270501543,1,0.0385117895582942,FALSE
"Vitvi12g00763",24,0.663836406061092,1.01620006133771e-05,0.0714998363157215,2.87494315704551e-05,FALSE
"Vitvi12g00765",291,-0.622590593905054,5.02079776036085e-05,0.353263330418989,0.000113552983098357,FALSE
"Vitvi12g00774",177,-0.444847522067189,0.00655916257134087,1,0.00836661853733763,FALSE
"Vitvi12g00782",81,-0.631396482934074,3.63959573998368e-05,0.256081956265252,8.4907810432777e-05,FALSE
"Vitvi12g00858",20,-0.589483118918895,0.000154932061894313,1,0.000305265188319346,FALSE
"Vitvi12g00913",4,-0.478898349698169,0.00312849885508842,1,0.00423472834636439,FALSE
"Vitvi12g00915",4,0.0401389454827637,0.8162057823148,1,0.818532480668036,FALSE
"Vitvi12g00921",15,0.714710298520184,9.75165171487908e-07,0.00686126214658892,3.6054977123431e-06,TRUE
"Vitvi12g00927",17,0.638571442967416,2.77964224488528e-05,0.195575628350128,6.71158642244777e-05,FALSE
"Vitvi12g01053",987,-0.552471922567315,0.000476236747738388,1,0.000841064698064083,FALSE
"Vitvi12g01115",1523,-0.678679836599203,5.37727468533649e-06,0.0378345046860275,1.6079262509999e-05,TRUE
"Vitvi12g01323",11,0.420850064886269,0.010590608809886,1,0.0129098273711639,FALSE
"Vitvi12g01467",18,-0.478898349698169,0.00312849885508842,1,0.00423472834636439,FALSE
"Vitvi12g01497",433,-0.478898349698169,0.00312849885508842,1,0.00423472834636439,FALSE
"Vitvi12g01553",409,-0.713238185116801,1.05085825073373e-06,0.00739383865216252,3.82772193350016e-06,TRUE
"Vitvi12g01624",627,-0.552471922567315,0.000476236747738388,1,0.000841064698064083,FALSE
"Vitvi12g01636",24,0.495072242300581,0.0021423652123623,1,0.00338658315753342,FALSE
"Vitvi12g01643",9,0.604749237293735,9.35919059066925e-05,0.658512649959488,0.000196864768298801,FALSE
"Vitvi12g01776",121,0.750289519408583,1.37448227308174e-07,0.00096708572734031,6.46880085177473e-07,TRUE
"Vitvi12g01780",49,0.713863088834624,1.01809171863728e-06,0.00716329333233191,3.75434661023685e-06,TRUE
"Vitvi12g01792",53,0.478898349698169,0.00312849885508842,1,0.00423472834636439,FALSE
"Vitvi12g01796",34,0.702376916856849,1.7991460920324e-06,0.0126587919035399,6.1450446133689e-06,TRUE
"Vitvi12g01799",224,0.459548921427535,0.00480814938579871,1,0.00625788736190894,FALSE
"Vitvi12g01802",13,-0.473547362200556,0.00353201719882765,1,0.00475349522015139,FALSE
"Vitvi12g01808",1359,-0.559646882600657,0.000387017462770897,1,0.000700014104898731,FALSE
"Vitvi12g01809",117,0.750289519408583,1.37448227308174e-07,0.00096708572734031,6.46880085177473e-07,TRUE
"Vitvi12g01813",6,-0.255253678042923,0.132971373722395,1,0.139120681860338,FALSE
"Vitvi12g01831",416,0.478898349698169,0.00312849885508842,1,0.00423472834636439,FALSE
"Vitvi12g01836",84,-0.39182592248032,0.0181099832764267,1,0.0210649433514528,FALSE
"Vitvi12g01844",19,0.635848051269125,3.08156559417002e-05,0.216818955205802,7.41008049233775e-05,FALSE
"Vitvi12g01846",11,-0.478898349698169,0.00312849885508842,1,0.00423472834636439,FALSE
"Vitvi12g01857",10,-0.478898349698169,0.00312849885508842,1,0.00423472834636439,FALSE
"Vitvi12g01868",188,0.679189738805513,5.25759685945586e-06,0.0369924515031314,1.58811544143691e-05,TRUE
"Vitvi12g01881",126,0.731727210389712,3.96899963641175e-07,0.00279258814417931,1.612037906752e-06,TRUE
"Vitvi12g01882",47,-0.663139532643048,1.04612105693271e-05,0.0736050775657854,2.95247001868373e-05,FALSE
"Vitvi12g01883",17,0.394622801833796,0.0172310183587184,1,0.0202806030732592,FALSE
"Vitvi12g01885",56,0.799794857867825,4.86784757509085e-09,3.42501755383392e-05,4.06771680977901e-08,TRUE
"Vitvi12g01921",53,0.854242196177249,3.4485174125585e-11,2.42637685147616e-07,7.42011269564575e-10,TRUE
"Vitvi12g01922",4,-0.538122002500631,0.00071128356377806,1,0.00121117888546525,FALSE
"Vitvi12g01924",6,-0.478898349698169,0.00312849885508842,1,0.00423472834636439,FALSE
"Vitvi12g01939",112,-0.750289519408583,1.37448227308175e-07,0.000967085727340323,6.46880085177473e-07,TRUE
"Vitvi12g01963",76,0.459548921427535,0.00480814938579871,1,0.00625788736190894,FALSE
"Vitvi12g01965",70,-0.609871602834049,7.8569440725387e-05,0.552814584943823,0.000168028749223046,FALSE
"Vitvi12g01979",18,0.57638349405403,0.000234110207241291,1,0.000441017247161913,FALSE
"Vitvi12g01984",654,-0.631396482934074,3.63959573998368e-05,0.256081956265252,8.4907810432777e-05,FALSE
"Vitvi12g02011",45,0.843394676225792,1.07010543191962e-10,7.52926181898647e-07,2.05156997792547e-09,TRUE
"Vitvi12g02016",870,-0.66562910823429,9.42775559530674e-06,0.0663336883685782,2.69430090855315e-05,FALSE
"Vitvi12g02021",11,0.663836406061092,1.01620006133771e-05,0.0714998363157215,2.87494315704551e-05,FALSE
"Vitvi12g02028",830,-0.656244139521543,1.38851025998339e-05,0.097695581892431,3.83571189212529e-05,FALSE
"Vitvi12g02041",3,0.657661183679129,1.31078878160574e-05,0.09222709867378,3.63384943553112e-05,FALSE
"Vitvi12g02044",9,0.538868875868393,0.000696892460249807,1,0.00119622721403212,FALSE
"Vitvi12g02064",152,0.602696642800707,0.000100304716366617,0.705743984355515,0.00020739228535204,FALSE
"Vitvi12g02066",113,0.750289519408583,1.37448227308174e-07,0.00096708572734031,6.46880085177473e-07,TRUE
"Vitvi12g02071",319,-0.459931790092022,0.00476855920312591,1,0.00625788736190894,FALSE
"Vitvi12g02076",285,-0.478898349698169,0.00312849885508842,1,0.00423472834636439,FALSE
"Vitvi12g02085",76,-0.767480403024187,4.72843186709917e-08,0.000332692466169098,3.16322817201682e-07,TRUE
"Vitvi12g02099",12,-0.509455846512001,0.00150595314155585,1,0.00243007036715483,FALSE
"Vitvi12g02105",14,0.631052135902255,3.68635855576054e-05,0.259372187983312,8.59417455213094e-05,FALSE
"Vitvi12g02135",10,-0.478898349698169,0.00312849885508842,1,0.00423472834636439,FALSE
"Vitvi12g02137",824,-0.824392187992147,6.42105911361328e-10,4.51785719233831e-06,8.88695225829135e-09,TRUE
"Vitvi12g02142",1715,-0.87985813675672,1.58515090510686e-12,1.11531217683319e-08,1.19926040519698e-10,TRUE
"Vitvi12g02157",5,-0.208073840966911,0.223313018188778,1,0.229836397991813,FALSE
"Vitvi12g02167",1557,-0.478898349698169,0.00312849885508842,1,0.00423472834636439,FALSE
"Vitvi12g02168",792,-0.430524779021586,0.00876561976487687,1,0.0108621965979086,FALSE
"Vitvi12g02179",1079,-0.72151162192928,6.86190536909843e-07,0.00482803661769765,2.62535977036305e-06,TRUE
"Vitvi12g02180",72,-0.638571442967416,2.77964224488528e-05,0.195575628350128,6.71158642244777e-05,FALSE
"Vitvi12g02185",110,-0.343452351803737,0.0402822983143647,1,0.0443754894222436,FALSE
"Vitvi12g02191",101,-0.880422717141287,1.46977787729147e-12,1.03413571446228e-08,1.19926040519698e-10,TRUE
"Vitvi12g02192",598,-0.750289519408583,1.37448227308175e-07,0.000967085727340323,6.46880085177473e-07,TRUE
"Vitvi12g02194",7,0.624221522900733,4.73386834040072e-05,0.333074976430595,0.000107478211174765,FALSE
"Vitvi12g02195",8,0.00483735706765827,0.97766219032354,1,0.978218312161039,FALSE
"Vitvi12g02197",5,-0.0586646126286547,0.73396322289731,1,0.737632514827235,FALSE
"Vitvi12g02218",11,-0.545485744593475,0.000580249762414512,1,0.00101089759053917,FALSE
"Vitvi12g02223",32,-0.732662225581432,3.77039214575745e-07,0.00265284791375494,1.57439045326705e-06,TRUE
"Vitvi12g02227",40,0.693823090845557,2.7030859558972e-06,0.0190189127856927,8.70430791107218e-06,TRUE
"Vitvi12g02229",99,-0.596032931351327,0.000125192354329375,0.88085340506148,0.000252538246863957,FALSE
"Vitvi12g02231",99,-0.504335557297276,0.00171027946825786,1,0.00274362205623858,FALSE
"Vitvi12g02239",9,-0.497105401748074,0.00204011412841992,1,0.0032358527970159,FALSE
"Vitvi12g02240",28,-0.896311777996253,1.47743228583499e-13,1.0395213563135e-09,5.80019762349695e-11,TRUE
"Vitvi12g02241",51,0.35489193559207,0.0336798363457807,1,0.0377102687028824,FALSE
"Vitvi12g02243",93,-0.645746403000758,2.10820008752169e-05,0.148332958158026,5.29571432195744e-05,FALSE
"Vitvi12g02244",8,-0.478898349698169,0.00312849885508842,1,0.00423472834636439,FALSE
"Vitvi12g02245",36,-0.500193012939056,0.00189300421286763,1,0.00301816851161039,FALSE
"Vitvi12g02247",9,0.69471251797091,2.59273082141355e-06,0.0182424540594658,8.36809819241548e-06,TRUE
"Vitvi12g02266",492,-0.829476273338115,4.06241215706204e-10,2.85831319370885e-06,6.54731406210665e-09,TRUE
"Vitvi12g02273",10,0.0277885007188364,0.87218974969768,1,0.874177646563088,FALSE
"Vitvi12g02316",16,-0.638571442967416,2.77964224488528e-05,0.195575628350128,6.71158642244777e-05,FALSE
"Vitvi12g02318",50,0.821699636322878,8.13497034238565e-10,5.72376513290254e-06,1.08610344077849e-08,TRUE
"Vitvi12g02324",34,-0.382375078288864,0.0213621524612188,1,0.0246423362145112,FALSE
"Vitvi12g02326",27,-0.709037994563675,1.29744768347651e-06,0.00912884190094076,4.58275195830359e-06,TRUE
"Vitvi12g02353",5,-0.604749237293735,9.35919059066925e-05,0.658512649959488,0.000196864768298801,FALSE
"Vitvi12g02356",13,-0.617046562867391,6.11763032283906e-05,0.430436469514956,0.000134890777033831,FALSE
"Vitvi12g02371",13,0.811139465780844,1.98345837029641e-09,1.39556130934055e-05,1.87072561573802e-08,TRUE
"Vitvi12g02375",173,-0.515631068893965,0.00128831771912162,1,0.00209731686065241,FALSE
"Vitvi12g02389",8,0.532503286587432,0.000828268430912874,1,0.00139920688593109,FALSE
"Vitvi12g02394",217,-0.645310738915201,2.14432683486358e-05,0.150874836101001,5.36539246447374e-05,FALSE
"Vitvi12g02409",736,-0.824392187992147,6.42105911361328e-10,4.51785719233831e-06,8.88695225829135e-09,TRUE
"Vitvi12g02424",4,-0.686348778737637,3.81502240835494e-06,0.0268424976651854,1.18824690859608e-05,TRUE
"Vitvi12g02440",466,-0.757204776371011,9.04231920805605e-08,0.000636217579478823,5.52752023873876e-07,TRUE
"Vitvi12g02444",97,-0.779427679459427,2.1324319266841e-08,0.000150037910361493,1.54359990083841e-07,TRUE
"Vitvi12g02448",42,-0.750289519408583,1.37448227308175e-07,0.000967085727340323,6.46880085177473e-07,TRUE
"Vitvi12g02450",6,-0.731727210389712,3.96899963641177e-07,0.00279258814417932,1.612037906752e-06,TRUE
"Vitvi12g02451",1061,-0.816055112076351,1.31919139564028e-09,9.28183065972501e-06,1.32597580853217e-08,TRUE
"Vitvi12g02454",99,-0.69471251797091,2.59273082141354e-06,0.0182424540594657,8.36809819241548e-06,TRUE
"Vitvi12g02456",10,0.538122002500631,0.00071128356377806,1,0.00121117888546525,FALSE
"Vitvi12g02457",8,0.821699636322878,8.13497034238565e-10,5.72376513290254e-06,1.08610344077849e-08,TRUE
"Vitvi12g02458",32,0.750289519408583,1.37448227308174e-07,0.00096708572734031,6.46880085177473e-07,TRUE
"Vitvi12g02459",164,0.420850064886269,0.010590608809886,1,0.0129098273711639,FALSE
"Vitvi12g02465",76,-0.918913240954523,2.70163132346217e-15,1.90086779918798e-11,3.80173559837597e-12,TRUE
"Vitvi12g02466",4,0.737939074644656,2.81075640112032e-07,0.00197764820382825,1.20661879428203e-06,TRUE
"Vitvi12g02467",10,0.440199493156902,0.00721598030084792,1,0.0091021221579,FALSE
"Vitvi12g02472",16,-0.360239683783769,0.0309119088877194,1,0.0346773263606495,FALSE
"Vitvi12g02485",122,-0.53094704246729,0.000863545476365859,1,0.00145252354093,FALSE
"Vitvi12g02486",466,-0.50378337983472,0.00173370455859856,1,0.00278056650884419,FALSE
"Vitvi12g02491",12,-0.647575802014266,1.96245484692504e-05,0.138078323029646,5.29571432195744e-05,FALSE
"Vitvi12g02492",13,-0.673070912329788,6.86813950157651e-06,0.0483242295330923,2.00598711220807e-05,TRUE
"Vitvi12g02493",199,-0.631396482934074,3.63959573998368e-05,0.256081956265252,8.4907810432777e-05,FALSE
"Vitvi12g02500",305,0.609871602834049,7.8569440725387e-05,0.552814584943823,0.000168028749223046,FALSE
"Vitvi12g02508",7,-0.566821842633998,0.000313017471211837,1,0.0005779036807784,FALSE
"Vitvi12g02536",11,0.692021082694147,2.93995527601393e-06,0.020685525322034,9.38970736361052e-06,TRUE
"Vitvi12g02545",35,-0.497105401748074,0.00204011412841992,1,0.0032358527970159,FALSE
"Vitvi12g02578",254,-0.409961373873598,0.0130209451070106,1,0.0156366905227729,FALSE
"Vitvi12g02602",4,-0.420850064886269,0.010590608809886,1,0.0129098273711639,FALSE
"Vitvi12g02607",79,-0.854242196177249,3.44851741255845e-11,2.42637685147612e-07,7.42011269564575e-10,TRUE
"Vitvi12g02621",58,-0.750289519408583,1.37448227308175e-07,0.000967085727340323,6.46880085177473e-07,TRUE
"Vitvi12g02623",45,0.751595852101597,1.2712618192812e-07,0.00089445981604625,6.46880085177473e-07,TRUE
"Vitvi12g02630",4,-0.645746403000758,2.10820008752169e-05,0.148332958158026,5.29571432195744e-05,FALSE
"Vitvi12g02633",79,-0.866359712001401,8.69442361037601e-12,6.11739645226056e-08,2.88556436427387e-10,TRUE
"Vitvi12g02640",36,-0.642986682157472,2.34672006840498e-05,0.165115224012974,5.84271847179668e-05,FALSE
"Vitvi12g02641",254,-0.593016265939048,0.000138184206377564,0.972264076072539,0.000275272954720424,FALSE
"Vitvi12g02646",25,0.250096506469528,0.141259985792001,1,0.147529354316836,FALSE
"Vitvi12g02672",4,-0.67618685082502,5.99900909659352e-06,0.042209028003632,1.77797085103761e-05,TRUE
"Vitvi12g02675",4,-0.645746403000758,2.10820008752169e-05,0.148332958158026,5.29571432195744e-05,FALSE
"Vitvi12g02678",72,-0.875251364911382,2.89655358401333e-12,2.03801510171178e-08,1.85274100155616e-10,TRUE
"Vitvi12g02681",52,0.725588629880729,5.53108756705168e-07,0.00389167321217756,2.16084020665051e-06,TRUE
"Vitvi12g02682",15,-0.750289519408583,1.37448227308175e-07,0.000967085727340323,6.46880085177473e-07,TRUE
"Vitvi12g02698",3,-0.848818436201521,6.14198049747315e-11,4.32149747802211e-07,1.22422024873147e-09,TRUE
"Vitvi12g02701",124,0.750289519408583,1.37448227308174e-07,0.00096708572734031,6.46880085177473e-07,TRUE
"Vitvi12g02705",96,0.750289519408583,1.37448227308174e-07,0.00096708572734031,6.46880085177473e-07,TRUE
"Vitvi12g02718",198,-0.820090274459065,9.35312977138686e-10,6.5808621071478e-06,1.23468332216657e-08,TRUE
"Vitvi12g02721",55,-0.692021082694147,2.93995527601393e-06,0.020685525322034,9.38970736361052e-06,TRUE
"Vitvi12g02724",237,0.602696642800707,0.000100304716366617,0.705743984355515,0.00020739228535204,FALSE
"Vitvi12g02729",269,0.473699149662404,0.003519976457382,1,0.0047500104246528,FALSE
"Vitvi12g02735",62,-0.750289519408583,1.37448227308175e-07,0.000967085727340323,6.46880085177473e-07,TRUE
"Vitvi12g02743",36,0.518746247309481,0.00118943537743685,1,0.00195808781367471,FALSE
"Vitvi12g02753",102,0.750289519408583,1.37448227308174e-07,0.00096708572734031,6.46880085177473e-07,TRUE
"Vitvi12g02755",1046,-0.84129017807267,1.31993060134916e-10,9.2870317110927e-07,2.49651390083137e-09,TRUE
"Vitvi12g04028",3,-0.416827510782546,0.0114392506999706,1,0.0139153817297706,FALSE
"Vitvi12g04041",77,-0.757204776371011,9.04231920805605e-08,0.000636217579478823,5.52752023873876e-07,TRUE
"Vitvi12g04044",173,-0.478898349698169,0.00312849885508842,1,0.00423472834636439,FALSE
"Vitvi12g04046",897,-0.824392187992147,6.42105911361328e-10,4.51785719233831e-06,8.88695225829135e-09,TRUE
"Vitvi12g04050",3,0.416827510782546,0.0114392506999706,1,0.0139153817297706,FALSE
"Vitvi12g04067",69,0.832547156274335,3.05854429370815e-10,2.15199176505305e-06,5.2874490541845e-09,TRUE
"Vitvi12g04072",9,0.645746403000758,2.10820008752171e-05,0.148332958158028,5.29571432195744e-05,FALSE
"Vitvi12g04074",4,0.353127065939054,0.0346365270501542,1,0.0385117895582942,FALSE
"Vitvi12g04076",89,0.69522692938384,2.5308033233668e-06,0.0178067321832088,8.25149776793736e-06,TRUE
"Vitvi12g04079",33,0.620609849387347,5.39036718218734e-05,0.379266234938701,0.000120708540718874,FALSE
"Vitvi12g04082",5,-0.186548960866886,0.275981977380825,1,0.282403896575259,FALSE
"Vitvi12g04084",79,0.854242196177249,3.4485174125585e-11,2.42637685147616e-07,7.42011269564575e-10,TRUE
"Vitvi12g04091",63,0.829476273338115,4.06241215706199e-10,2.85831319370882e-06,6.54731406210665e-09,TRUE
"Vitvi12g04093",14,-0.582356539534965,0.000194366493689109,1,0.0003737531154951,FALSE
"Vitvi12g04094",21,-0.737399514346222,2.8973726886927e-07,0.00203859142376419,1.23550995379648e-06,TRUE
"Vitvi12g04095",31,-0.645746403000758,2.10820008752169e-05,0.148332958158026,5.29571432195744e-05,FALSE
"Vitvi12g04106",27,-0.854242196177249,3.44851741255845e-11,2.42637685147612e-07,7.42011269564575e-10,TRUE
"Vitvi12g04108",96,-0.86232298433662,1.39587745076090e-11,9.82139374355373e-08,4.46426988343351e-10,TRUE
"Vitvi12g04132",175,0.609871602834049,7.8569440725387e-05,0.552814584943823,0.000168028749223046,FALSE
"Vitvi12g04138",672,-0.478898349698169,0.00312849885508842,1,0.00423472834636439,FALSE
"Vitvi12g04147",1021,-0.588346722734024,0.000160693769450826,1,0.000313631445729823,FALSE
"Vitvi12g04170",10,-0.478898349698169,0.00312849885508842,1,0.00423472834636439,FALSE
"Vitvi12g04172",11,-0.353127065939054,0.0346365270501543,1,0.0385117895582942,FALSE
"Vitvi12g04177",20,0.581171762700682,0.000201731083518181,1,0.0003846558004428,FALSE
"Vitvi12g04180",57,0.517040837198792,0.00124270586470563,1,0.00203720374279329,FALSE
"Vitvi12g04185",93,0.854242196177249,3.4485174125585e-11,2.42637685147616e-07,7.42011269564575e-10,TRUE
"Vitvi12g04188",26,-0.645746403000758,2.10820008752169e-05,0.148332958158026,5.29571432195744e-05,FALSE
"Vitvi12g04190",12,-0.478898349698169,0.00312849885508842,1,0.00423472834636439,FALSE
"Vitvi12g04195",1534,-0.731727210389712,3.96899963641177e-07,0.00279258814417932,1.612037906752e-06,TRUE
"Vitvi12g04196",4,-0.478898349698169,0.00312849885508842,1,0.00423472834636439,FALSE
"Vitvi12g04197",8,-0.478898349698169,0.00312849885508842,1,0.00423472834636439,FALSE
"Vitvi12g04201",60,-0.44202985237469,0.00695089967672732,1,0.00885987864591548,FALSE
"Vitvi12g04202",116,0.609132556216191,8.05930710257105e-05,0.567052847736899,0.000170696221474082,FALSE
"Vitvi12g04208",28,0.745766996662678,1.79450154533175e-07,0.00126261128729542,8.16167606525813e-07,TRUE
"Vitvi12g04215",1038,-0.556734056756734,0.000421261179223091,1,0.000755542609486023,FALSE
"Vitvi12g04216",57,0.680676474781128,4.92239733135686e-06,0.0346339876234269,1.49027485470856e-05,TRUE
"Vitvi12g04227",43,0.623953435216034,4.77998991152757e-05,0.33632009017508,0.000108315649009688,FALSE
"Vitvi12g04230",21,-0.708254164565209,1.34895834447137e-06,0.00949127091170059,4.75514574734498e-06,TRUE
"Vitvi12g04232",86,-0.499704162184237,0.00191565697138073,1,0.00305290202732386,FALSE
"Vitvi12g04233",73,-0.484407095994923,0.00275559252372694,1,0.00423472834636439,FALSE
"Vitvi12g04235",17,-0.465940375764003,0.00418313426940537,1,0.00553243096231884,FALSE
"Vitvi12g04240",43,0.45057970403552,0.00582038499049791,1,0.0075196894588952,FALSE
"Vitvi12g04282",11,0.604749237293735,9.35919059066925e-05,0.658512649959488,0.000196864768298801,FALSE
"Vitvi12g04285",31,-0.764309787217276,5.7955732376056e-08,0.00040777653299793,3.81318537281591e-07,TRUE
"Vitvi12g04296",4,0.440199493156902,0.00721598030084792,1,0.0091021221579,FALSE
"Vitvi12g04316",6,0.754053823408627,1.09617004927163e-07,0.000771265246667521,6.46880085177473e-07,TRUE
"Vitvi12g04320",3,0.832547156274335,3.05854429370815e-10,2.15199176505305e-06,5.2874490541845e-09,TRUE
"Vitvi12g04342",25,0.516597122400606,0.00125690591977388,1,0.00205282963127414,FALSE
"Vitvi12g04354",122,-0.427457439659041,0.00931269281109412,1,0.0115318737449592,FALSE
"Vitvi12g04365",47,0.750289519408583,1.37448227308174e-07,0.00096708572734031,6.46880085177473e-07,TRUE
"Vitvi12g04375",264,-0.709037994563675,1.29744768347651e-06,0.00912884190094076,4.58275195830359e-06,TRUE
"Vitvi12g04396",5,-0.635338149062815,3.14129224928979e-05,0.221021322660029,7.53933813051596e-05,FALSE
"Vitvi12g04404",96,-0.866359712001401,8.69442361037601e-12,6.11739645226056e-08,2.88556436427387e-10,TRUE
"Vitvi12g04411",43,0.690081101184438,3.21606947163819e-06,0.0226282648024463,1.01883227386071e-05,TRUE
"Vitvi12g04421",37,0.734919476711221,3.32800881439019e-07,0.00234158700180494,1.40130879820762e-06,TRUE
"Vitvi12g04424",4,-0.731763852262692,3.96103875756545e-07,0.00278698686982305,1.612037906752e-06,TRUE
"Vitvi12g04427",19,-0.385716669042639,0.0201608473084076,1,0.0233885773556399,FALSE
"Vitvi12g04429",68,-0.750289519408583,1.37448227308175e-07,0.000967085727340323,6.46880085177473e-07,TRUE
"Vitvi12g04430",29,-0.590222174294461,0.000151285198465517,1,0.000300690015933157,FALSE
"Vitvi12g04431",4,-0.437672562033847,0.00759614356666715,1,0.00955083383400109,FALSE
"Vitvi12g04432",51,0.700574828840639,1.96254541153154e-06,0.0138084695155359,6.54740138242576e-06,TRUE
"Vitvi12g04436",74,-0.140733008941683,0.412966736305175,1,0.418558622391704,FALSE
"Vitvi12g04440",25,-0.854242196177249,3.44851741255845e-11,2.42637685147612e-07,7.42011269564575e-10,TRUE
"Vitvi12g04441",17,-0.854242196177249,3.44851741255845e-11,2.42637685147612e-07,7.42011269564575e-10,TRUE
"Vitvi12g04444",8,-0.43661267804615,0.00776062678887459,1,0.00975067322973605,FALSE
"Vitvi12g04448",7,-0.469223635562852,0.00389036020229628,1,0.00516366240018047,FALSE
"Vitvi12g04462",90,-0.552682403185747,0.000473378889663964,1,0.000841064698064083,FALSE
"Vitvi12g04463",63,0.866359712001401,8.69442361037607e-12,6.11739645226061e-08,2.88556436427387e-10,TRUE
"Vitvi12g04464",33,-0.857151632106716,2.50597729416117e-11,1.7632056241718e-07,7.34669010071582e-10,TRUE
"Vitvi12g04466",3,-0.401500636615636,0.0152203400780548,1,0.017965158998355,FALSE
"Vitvi12g04467",61,0.866359712001401,8.69442361037607e-12,6.11739645226061e-08,2.88556436427387e-10,TRUE
"Vitvi12g04475",65,-0.750289519408583,1.37448227308175e-07,0.000967085727340323,6.46880085177473e-07,TRUE
"Vitvi12g04476",49,-0.53094704246729,0.000863545476365859,1,0.00145252354093,FALSE
"Vitvi12g04477",64,-0.756614516614135,9.37637791162505e-08,0.000659721949861939,5.70693728254272e-07,TRUE
"Vitvi12g04479",3,0.502247202333923,0.00180036184177853,1,0.00287567444239588,FALSE
"Vitvi12g04495",33,-0.866359712001401,8.69442361037601e-12,6.11739645226056e-08,2.88556436427387e-10,TRUE
"Vitvi12g04497",32,-0.839620214717407,1.55571305453463e-10,1.09459970517056e-06,2.89576641579518e-09,TRUE
"Vitvi12g04498",55,0.854242196177249,3.4485174125585e-11,2.42637685147616e-07,7.42011269564575e-10,TRUE
"Vitvi12g04505",55,0.866359712001401,8.69442361037607e-12,6.11739645226061e-08,2.88556436427387e-10,TRUE
"Vitvi12g04510",70,0.932062046231565,1.47920301182766e-16,1.04076723912194e-12,1.04076723912194e-12,TRUE
"Vitvi12g04511",51,-0.924635257018565,8.14321510901755e-16,5.72956615070475e-12,2.86478307535237e-12,TRUE
"Vitvi12g04512",23,-0.866359712001401,8.69442361037601e-12,6.11739645226056e-08,2.88556436427387e-10,TRUE
"Vitvi12g04514",9,-0.866359712001401,8.69442361037601e-12,6.11739645226056e-08,2.88556436427387e-10,TRUE
"Vitvi12g04515",31,-0.866359712001401,8.69442361037601e-12,6.11739645226056e-08,2.88556436427387e-10,TRUE
"Vitvi12g04517",59,-0.789559816229716,1.04345912250165e-08,7.34177838592161e-05,8.05019559859825e-08,TRUE
"Vitvi12g04518",26,-0.750289519408583,1.37448227308175e-07,0.000967085727340323,6.46880085177473e-07,TRUE
"Vitvi12g04522",3,-0.53094704246729,0.000863545476365859,1,0.00145252354093,FALSE
"Vitvi12g04523",75,-0.908829145031839,1.83067015580467e-14,1.28805952162416e-10,1.6100744020302e-11,TRUE
"Vitvi12g04526",54,0.725588629880729,5.53108756705168e-07,0.00389167321217756,2.16084020665051e-06,TRUE
"Vitvi12g04532",58,-0.787583532260433,1.20317103129833e-08,8.46551137621505e-05,9.11249879032837e-08,TRUE
"Vitvi12g04533",25,0.789157076468506,1.07431838963728e-08,7.55890418948789e-05,8.2162002059651e-08,TRUE
"Vitvi12g04534",40,0.736395269049165,3.06516025902312e-07,0.00215664675824867,1.29840262387036e-06,TRUE
"Vitvi12g04535",40,0.854242196177249,3.4485174125585e-11,2.42637685147616e-07,7.42011269564575e-10,TRUE
"Vitvi12g04536",110,-0.750289519408583,1.37448227308175e-07,0.000967085727340323,6.46880085177473e-07,TRUE
"Vitvi12g04543",67,-0.750289519408583,1.37448227308175e-07,0.000967085727340323,6.46880085177473e-07,TRUE
"Vitvi12g04545",53,0.750289519408583,1.37448227308174e-07,0.00096708572734031,6.46880085177473e-07,TRUE
"Vitvi12g04548",89,-0.750289519408583,1.37448227308175e-07,0.000967085727340323,6.46880085177473e-07,TRUE
"Vitvi12g04561",9,0.68936832817831,3.32333565661553e-06,0.0233829896799468,1.04668709399941e-05,TRUE
"Vitvi12g04563",129,0.750289519408583,1.37448227308174e-07,0.00096708572734031,6.46880085177473e-07,TRUE
"Vitvi12g04565",16,-0.700887740352874,1.93323218581868e-06,0.0136022216594202,6.46493424877393e-06,TRUE
"Vitvi12g04566",69,-0.711270627754237,1.16045094671622e-06,0.00816493286109535,4.16578207198742e-06,TRUE
"Vitvi12g04567",35,-0.512545317706349,0.00139333452431582,1,0.00226565789532843,FALSE
"Vitvi12g04571",4,-0.718648196784035,7.96599470119536e-07,0.00560487387176106,2.9988624246983e-06,TRUE
"Vitvi12g04581",56,-0.749880065290519,1.40839233862182e-07,0.000990944849454313,6.6195380725071e-07,TRUE
"Vitvi12g04582",76,0.816908451014811,1.22751732525652e-09,8.63681190050484e-06,1.26935005653447e-08,TRUE
"Vitvi12g04583",31,0.516179660042355,0.00127039617033652,1,0.00207293772135617,FALSE
"Vitvi12g04590",14,0.62678507176931,4.31273835887367e-05,0.303444270930351,9.9718787686609e-05,FALSE
"Vitvi12g04594",235,0.529788392356553,0.000890666768734455,1,0.00149101389122427,FALSE
"Vitvi12g04595",31,0.816275876347149,1.29488393267205e-09,9.11080335028055e-06,1.31279587179835e-08,TRUE
"Vitvi12g04596",74,-0.750289519408583,1.37448227308175e-07,0.000967085727340323,6.46880085177473e-07,TRUE
"Vitvi12g04597",107,-0.750289519408583,1.37448227308175e-07,0.000967085727340323,6.46880085177473e-07,TRUE
"Vitvi12g04598",79,-0.866359712001401,8.69442361037601e-12,6.11739645226056e-08,2.88556436427387e-10,TRUE
"Vitvi12g04599",81,-0.0957159469204366,0.57868579943145,1,0.583579372910948,FALSE
"Vitvi12g04605",28,-0.53094704246729,0.000863545476365859,1,0.00145252354093,FALSE
"Vitvi12g04607",85,-0.866359712001401,8.69442361037601e-12,6.11739645226056e-08,2.88556436427387e-10,TRUE
"Vitvi12g04613",19,0.638571442967416,2.77964224488528e-05,0.195575628350128,6.71158642244777e-05,FALSE
"Vitvi12g04626",90,0.176272199211178,0.303767333494861,1,0.309844441645381,FALSE
"Vitvi12g04630",147,0.635298043129053,3.14603421705442e-05,0.221354967511949,7.53933813051596e-05,FALSE
"Vitvi12g04631",14,0.459456620477261,0.00481773604271058,1,0.00626920488191449,FALSE
"Vitvi12g04638",11,-0.478898349698169,0.00312849885508842,1,0.00423472834636439,FALSE
"Vitvi12g04640",6,-0.566821842633998,0.000313017471211837,1,0.0005779036807784,FALSE
"Vitvi12g04641",77,-0.866359712001401,8.69442361037601e-12,6.11739645226056e-08,2.88556436427387e-10,TRUE
"Vitvi13g00004",522,-0.750289519408583,1.37448227308175e-07,0.000967085727340323,6.46880085177473e-07,TRUE
"Vitvi13g00012",3,0.274797395997382,0.104804448781499,1,0.110721336580574,FALSE
"Vitvi13g00015",75,0.581171762700682,0.000201731083518181,1,0.0003846558004428,FALSE
"Vitvi13g00022",1339,-0.478898349698169,0.00312849885508842,1,0.00423472834636439,FALSE
"Vitvi13g00026",13,-0.48468611999998,0.00273778266345129,1,0.00423472834636439,FALSE
"Vitvi13g00028",1652,-0.353127065939054,0.0346365270501543,1,0.0385117895582942,FALSE
"Vitvi13g00030",9,0.411175350750953,0.0127285678576514,1,0.0152881876829012,FALSE
"Vitvi13g00035",4,0.227355782179939,0.182356808244462,1,0.188852296556967,FALSE
"Vitvi13g00037",1057,-0.700887740352874,1.93323218581868e-06,0.0136022216594202,6.46493424877393e-06,TRUE
"Vitvi13g00043",57,-0.624221522900733,4.73386834040076e-05,0.333074976430597,0.000107478211174765,FALSE
"Vitvi13g00059",14,0.478898349698169,0.00312849885508842,1,0.00423472834636439,FALSE
"Vitvi13g00066",1390,-0.814115601609632,1.55170655744904e-09,1.09178073382114e-05,1.51216168119272e-08,TRUE
"Vitvi13g00085",799,-0.440199493156902,0.00721598030084795,1,0.0091021221579,FALSE
"Vitvi13g00095",11,-0.794580836444235,7.21678374108012e-09,5.07772904022397e-05,5.73107115149439e-08,TRUE
"Vitvi13g00096",25,-0.649105508633197,1.84767928592515e-05,0.130002714557694,5.04277403249394e-05,FALSE
"Vitvi13g00109",61,-0.609132556216191,8.05930710257105e-05,0.567052847736899,0.000170696221474082,FALSE
"Vitvi13g00110",100,-0.459548921427535,0.00480814938579871,1,0.00625788736190894,FALSE
"Vitvi13g00113",1326,-0.609132556216191,8.05930710257105e-05,0.567052847736899,0.000170696221474082,FALSE
"Vitvi13g00116",588,0.172199040800202,0.315254149597003,1,0.321421271781555,FALSE
"Vitvi13g00117",69,0.49666171922097,0.00206205554860296,1,0.00326991725038775,FALSE
"Vitvi13g00120",251,-0.217681068044622,0.202185093959942,1,0.208619199457715,FALSE
"Vitvi13g00122",8,0.72151162192928,6.86190536909834e-07,0.00482803661769759,2.62535977036305e-06,TRUE
"Vitvi13g00124",37,-0.533899711290022,0.000797706527929709,1,0.00134919786791188,FALSE
"Vitvi13g00126",524,0.737399514346222,2.89737268869272e-07,0.0020385914237642,1.23550995379648e-06,TRUE
"Vitvi13g00131",19,0.478898349698169,0.00312849885508842,1,0.00423472834636439,FALSE
"Vitvi13g00134",58,0.745986927832182,1.77160876753433e-07,0.00124650392883716,8.08368306638897e-07,TRUE
"Vitvi13g00137",10,0.0645746403000758,0.708281518292139,1,0.712127573978778,FALSE
"Vitvi13g00139",43,0.237030496315255,0.163946637501507,1,0.170438614282004,FALSE
"Vitvi13g00141",3,0.411175350750953,0.0127285678576514,1,0.0152881876829012,FALSE
"Vitvi13g00143",83,0.609132556216191,8.05930710257105e-05,0.567052847736899,0.000170696221474082,FALSE
"Vitvi13g00145",153,-0.734769079293352,3.35592859601083e-07,0.00236123136015322,1.40717005968607e-06,TRUE
"Vitvi13g00153",20,-0.515631068893965,0.00128831771912162,1,0.00209731686065241,FALSE
"Vitvi13g00155",5,-0.609871602834049,7.8569440725387e-05,0.552814584943823,0.000168028749223046,FALSE
"Vitvi13g00156",1518,-0.829476273338115,4.06241215706204e-10,2.85831319370885e-06,6.54731406210665e-09,TRUE
"Vitvi13g00171",1331,-0.750289519408583,1.37448227308175e-07,0.000967085727340323,6.46880085177473e-07,TRUE
"Vitvi13g00172",509,-0.751595852101597,1.27126181928121e-07,0.000894459816046258,6.46880085177473e-07,TRUE
"Vitvi13g00179",37,0.372476494209687,0.0252748166470031,1,0.0287152607667228,FALSE
"Vitvi13g00182",1778,-0.764183769768002,5.84225956778788e-08,0.000411061383189555,3.81318537281591e-07,TRUE
"Vitvi13g00189",207,-0.638571442967416,2.77964224488528e-05,0.195575628350128,6.71158642244777e-05,FALSE
"Vitvi13g00195",315,-0.602696642800707,0.000100304716366618,0.705743984355526,0.00020739228535204,FALSE
"Vitvi13g00196",5,0.645746403000758,2.10820008752171e-05,0.148332958158028,5.29571432195744e-05,FALSE
"Vitvi13g00221",73,0.57638349405403,0.000234110207241291,1,0.000441017247161913,FALSE
"Vitvi13g00230",348,-0.583558515095565,0.00018714223369946,1,0.00036323662243018,FALSE
"Vitvi13g00233",18,0.692021082694147,2.93995527601393e-06,0.020685525322034,9.38970736361052e-06,TRUE
"Vitvi13g00235",242,0.537084619459437,0.000731709404133349,1,0.00124115413873729,FALSE
"Vitvi13g00241",293,-0.285404066991838,0.0915479263669638,1,0.0970661859430317,FALSE
"Vitvi13g00242",5,0.478898349698169,0.00312849885508842,1,0.00423472834636439,FALSE
"Vitvi13g00249",93,0.478898349698169,0.00312849885508842,1,0.00423472834636439,FALSE
"Vitvi13g00255",648,-0.499194259977926,0.00193953804748969,1,0.00308956072042958,FALSE
"Vitvi13g00258",253,0.771433338085278,3.65240298083622e-08,0.000256983073731637,2.51205350666317e-07,TRUE
"Vitvi13g00262",51,-0.627179713761848,4.25100958771676e-05,0.299101034591751,9.85181273358865e-05,FALSE
"Vitvi13g00263",79,0.420850064886269,0.010590608809886,1,0.0129098273711639,FALSE
"Vitvi13g00270",5,0.478898349698169,0.00312849885508842,1,0.00423472834636439,FALSE
"Vitvi13g00272",1295,-0.609132556216191,8.05930710257105e-05,0.567052847736899,0.000170696221474082,FALSE
"Vitvi13g00274",18,-0.0154380559549091,0.928792218903918,1,0.930246555474444,FALSE
"Vitvi13g00275",45,-0.750289519408583,1.37448227308175e-07,0.000967085727340323,6.46880085177473e-07,TRUE
"Vitvi13g00279",24,-0.478898349698169,0.00312849885508842,1,0.00423472834636439,FALSE
"Vitvi13g00286",104,0.39182592248032,0.0181099832764267,1,0.0210649433514528,FALSE
"Vitvi13g00292",48,0.478898349698169,0.00312849885508842,1,0.00423472834636439,FALSE
"Vitvi13g00293",96,-0.437672562033847,0.00759614356666715,1,0.00955083383400109,FALSE
"Vitvi13g00297",106,-0.478898349698169,0.00312849885508842,1,0.00423472834636439,FALSE
"Vitvi13g00305",14,-0.465036682702683,0.00426699202659308,1,0.00562852566537475,FALSE
"Vitvi13g00309",6,0.420850064886269,0.010590608809886,1,0.0129098273711639,FALSE
"Vitvi13g00314",14,0.478898349698169,0.00312849885508842,1,0.00423472834636439,FALSE
"Vitvi13g00321",45,0.285404066991838,0.0915479263669639,1,0.0970661859430317,FALSE
"Vitvi13g00322",30,-0.569833681621598,0.000285923238424702,1,0.000532069797819678,FALSE
"Vitvi13g00323",34,-0.530534807027005,0.000873110001630482,1,0.00146231896488266,FALSE
"Vitvi13g00325",16,0.602582743783759,0.000100689603007755,0.708452046762564,0.00020739228535204,FALSE
"Vitvi13g00326",68,0.420850064886269,0.010590608809886,1,0.0129098273711639,FALSE
"Vitvi13g00329",285,0.695506609407448,2.49770503451919e-06,0.017573852622877,8.1587059530534e-06,TRUE
"Vitvi13g00330",7,-0.382151208345003,0.0214447164072558,1,0.0246423362145112,FALSE
"Vitvi13g00339",1124,-0.673070912329788,6.86813950157651e-06,0.0483242295330923,2.00598711220807e-05,TRUE
"Vitvi13g00340",18,0.581171762700682,0.000201731083518181,1,0.0003846558004428,FALSE
"Vitvi13g00341",674,-0.803875153790643,3.54813370040871e-09,2.49646687160757e-05,3.09735343871906e-08,TRUE
"Vitvi13g00342",281,-0.602031588764747,0.000102570917876991,0.721688978182508,0.00021071211041825,FALSE
"Vitvi13g00343",30,0.661343161584648,1.12698713596118e-05,0.0792948148862284,3.16419851900353e-05,FALSE
"Vitvi13g00345",1477,-0.781532358549212,1.84392827460977e-08,0.000129738793401543,1.34027679133826e-07,TRUE
"Vitvi13g00351",9,0.645746403000758,2.10820008752171e-05,0.148332958158028,5.29571432195744e-05,FALSE
"Vitvi13g00355",116,-0.478898349698169,0.00312849885508842,1,0.00423472834636439,FALSE
"Vitvi13g00367",3,-0.617046562867391,6.11763032283906e-05,0.430436469514956,0.000134890777033831,FALSE
"Vitvi13g00387",101,-0.850713255150378,5.03332460097867e-11,3.54144718924859e-07,1.06031352971515e-09,TRUE
"Vitvi13g00388",19,-0.589483118918895,0.000154932061894313,1,0.000305265188319346,FALSE
"Vitvi13g00390",52,0.521851963998865,0.00109757691190447,1,0.00181152970963169,FALSE
"Vitvi13g00398",53,0.645746403000758,2.10820008752171e-05,0.148332958158028,5.29571432195744e-05,FALSE
"Vitvi13g00417",122,-0.645746403000758,2.10820008752169e-05,0.148332958158026,5.29571432195744e-05,FALSE
"Vitvi13g00431",6,0.478898349698169,0.00312849885508842,1,0.00423472834636439,FALSE
"Vitvi13g00432",20,-0.684288760868618,4.18769069394475e-06,0.0294645917225952,1.28722550120556e-05,TRUE
"Vitvi13g00451",3,-0.504335557297276,0.00171027946825786,1,0.00274362205623858,FALSE
"Vitvi13g00452",7,0.638388385081055,2.79906239485603e-05,0.19694203010207,6.75615883712077e-05,FALSE
"Vitvi13g00471",4,0.324102923533104,0.0538052002373616,1,0.0584218192700735,FALSE
"Vitvi13g00492",5,-0.186548960866886,0.275981977380825,1,0.282403896575259,FALSE
"Vitvi13g00494",9,0.401500636615636,0.0152203400780549,1,0.017965158998355,FALSE
"Vitvi13g00495",1509,-0.556734056756734,0.000421261179223091,1,0.000755542609486023,FALSE
"Vitvi13g00496",13,-0.285404066991838,0.0915479263669638,1,0.0970661859430317,FALSE
"Vitvi13g00509",15,-0.322359432800723,0.0551828165785014,1,0.0598437573129371,FALSE
"Vitvi13g00516",48,-0.639135516533238,2.72056700272495e-05,0.191419094311727,6.71158642244777e-05,FALSE
"Vitvi13g00517",10,-0.794122553911316,7.46691027916994e-09,5.25371807242397e-05,5.88981846684301e-08,TRUE
"Vitvi13g00543",9,-0.351682845303583,0.0354357887362161,1,0.0393818053305981,FALSE
"Vitvi13g00549",18,-0.609132556216191,8.05930710257105e-05,0.567052847736899,0.000170696221474082,FALSE
"Vitvi13g00551",84,-0.555935397512178,0.000431110129211426,1,0.000772419370800001,FALSE
"Vitvi13g00569",38,0.440199493156902,0.00721598030084792,1,0.0091021221579,FALSE
"Vitvi13g00575",1298,-0.552471922567315,0.000476236747738388,1,0.000841064698064083,FALSE
"Vitvi13g00576",49,-0.478898349698169,0.00312849885508842,1,0.00423472834636439,FALSE
"Vitvi13g00590",112,-0.65798725895509,1.29347424789739e-05,0.0910088480820603,3.60288393040619e-05,FALSE
"Vitvi13g00600",118,0.324102923533104,0.0538052002373616,1,0.0584218192700735,FALSE
"Vitvi13g00604",968,-0.449874207292219,0.00590725996608227,1,0.00756387281553318,FALSE
"Vitvi13g00605",16,0.279823441300328,0.0983522347340232,1,0.104139401593467,FALSE
"Vitvi13g00614",1731,-0.884224678378342,8.74713631353133e-13,6.15448511020064e-09,8.4308015208228e-11,TRUE
"Vitvi13g00620",19,-0.438837432972955,0.00741881767212038,1,0.00934792284044395,FALSE
"Vitvi13g00621",98,-0.645746403000758,2.10820008752169e-05,0.148332958158026,5.29571432195744e-05,FALSE
"Vitvi13g00622",1277,-0.745658102622111,1.80593701214531e-07,0.00127065728174544,8.18722475351442e-07,TRUE
"Vitvi13g00646",668,-0.786652582458707,1.28599367880675e-08,9.04825152408429e-05,9.65661848888398e-08,TRUE
"Vitvi13g00657",80,-0.275729352856521,0.103584434864025,1,0.109448878766072,FALSE
"Vitvi13g00680",473,0.587429324889283,0.000165484669916144,1,0.000322802921411142,FALSE
"Vitvi13g00683",433,0.745658102622111,1.80593701214528e-07,0.00127065728174542,8.18722475351442e-07,TRUE
"Vitvi13g00686",34,0.731763852262692,3.96103875756544e-07,0.00278698686982305,1.612037906752e-06,TRUE
"Vitvi13g00694",16,0.750289519408583,1.37448227308174e-07,0.00096708572734031,6.46880085177473e-07,TRUE
"Vitvi13g00709",56,0.478898349698169,0.00312849885508842,1,0.00423472834636439,FALSE
"Vitvi13g00712",464,-0.449874207292219,0.00590725996608227,1,0.00756387281553318,FALSE
"Vitvi13g00714",29,0.816811769737353,1.23759826433005e-09,8.70774138782626e-06,1.26935005653447e-08,TRUE
"Vitvi13g00716",1553,-0.701115533676863,1.91214561505384e-06,0.0134538565475188,6.43417338475313e-06,TRUE
"Vitvi13g00717",1397,-0.67562042336134,6.14911937888496e-06,0.0432652039498346,1.81862984236379e-05,TRUE
"Vitvi13g00723",237,-0.478898349698169,0.00312849885508842,1,0.00423472834636439,FALSE
"Vitvi13g00738",1604,-0.824356049428621,6.44165101155286e-10,4.53234565172859e-06,8.88695225829135e-09,TRUE
"Vitvi13g00747",450,-0.478898349698169,0.00312849885508842,1,0.00423472834636439,FALSE
"Vitvi13g00754",458,-0.767462036565592,4.73405239501664e-08,0.000333087926513371,3.16322817201682e-07,TRUE
"Vitvi13g00766",41,-0.595908959859492,0.00012570381227052,0.884452023135379,0.000252989709134834,FALSE
"Vitvi13g00777",338,-0.478898349698169,0.00312849885508842,1,0.00423472834636439,FALSE
"Vitvi13g00779",24,0.617046562867391,6.11763032283901e-05,0.430436469514953,0.000134890777033831,FALSE
"Vitvi13g00805",6,-0.387798838264592,0.0194411697117518,1,0.0226058618562032,FALSE
"Vitvi13g00807",36,-0.652797972432405,1.59532596040267e-05,0.112247134573932,4.38465369429421e-05,FALSE
"Vitvi13g00818",5,0.230410075927254,0.176393401151392,1,0.18302668787807,FALSE
"Vitvi13g00852",83,0.854242196177249,3.4485174125585e-11,2.42637685147616e-07,7.42011269564575e-10,TRUE
"Vitvi13g00859",59,-0.39182592248032,0.0181099832764267,1,0.0210649433514528,FALSE
"Vitvi13g00879",69,-0.478898349698169,0.00312849885508842,1,0.00423472834636439,FALSE
"Vitvi13g00886",631,-0.602582743783759,0.000100689603007756,0.708452046762569,0.00020739228535204,FALSE
"Vitvi13g00922",91,0.39182592248032,0.0181099832764267,1,0.0210649433514528,FALSE
"Vitvi13g00924",3,0.285404066991838,0.0915479263669639,1,0.0970661859430317,FALSE
"Vitvi13g00925",275,-0.208006353909306,0.223466571725695,1,0.229836397991813,FALSE
"Vitvi13g00975",43,-0.473547362200556,0.00353201719882765,1,0.00475349522015139,FALSE
"Vitvi13g00981",474,-0.706214555739967,1.4919087330318e-06,0.0104970698456117,5.17606994359553e-06,TRUE
"Vitvi13g00991",85,-0.67618685082502,5.99900909659352e-06,0.042209028003632,1.77797085103761e-05,TRUE
"Vitvi13g01001",299,-0.726610643992385,5.23697027742696e-07,0.00368473228719761,2.07707569740564e-06,TRUE
"Vitvi13g01006",9,-0.36280178007437,0.0296534634974876,1,0.0332921284774729,FALSE
"Vitvi13g01009",3,0.559646882600657,0.000387017462770901,1,0.000700014104898731,FALSE
"Vitvi13g01020",9,0.478898349698169,0.00312849885508842,1,0.00423472834636439,FALSE
"Vitvi13g01044",27,-0.484754956984147,0.00273340432550801,1,0.00423472834636439,FALSE
"Vitvi13g01052",487,0.478898349698169,0.00312849885508842,1,0.00423472834636439,FALSE
"Vitvi13g01056",83,-0.543634431891869,0.000610994698697925,1,0.00105263435358439,FALSE
"Vitvi13g01070",41,0.372476494209687,0.0252748166470031,1,0.0287152607667228,FALSE
"Vitvi13g01074",273,-0.478898349698169,0.00312849885508842,1,0.00423472834636439,FALSE
"Vitvi13g01091",497,0.57399680266734,0.000251925466762095,1,0.000472049955829054,FALSE
"Vitvi13g01096",32,-0.729495716735492,4.48250799599698e-07,0.00315389262598347,1.80738832434583e-06,TRUE
"Vitvi13g01098",433,0.703365690607165,1.71488287988333e-06,0.0120659159428591,5.86863615897817e-06,TRUE
"Vitvi13g01102",39,-0.854242196177249,3.44851741255845e-11,2.42637685147612e-07,7.42011269564575e-10,TRUE
"Vitvi13g01114",55,0.688537295588947,3.45252458433688e-06,0.0242919629753943,1.07964279890642e-05,TRUE
"Vitvi13g01159",54,0.596032931351327,0.000125192354329375,0.88085340506148,0.000252538246863957,FALSE
"Vitvi13g01171",422,-0.569833681621598,0.000285923238424702,1,0.000532069797819678,FALSE
"Vitvi13g01177",24,-0.738010125038231,2.79952995136733e-07,0.00196974927378205,1.20661879428203e-06,TRUE
"Vitvi13g01179",51,-0.772885796541321,3.31754606284914e-08,0.000233422540982066,2.3019974455825e-07,TRUE
"Vitvi13g01200",88,0.385048760889512,0.0203963507299471,1,0.0236539844628165,FALSE
"Vitvi13g01230",42,-0.816811769737353,1.23759826433008e-09,8.70774138782648e-06,1.26935005653447e-08,TRUE
"Vitvi13g01232",4,-0.459548921427535,0.00480814938579871,1,0.00625788736190894,FALSE
"Vitvi13g01242",275,0.372476494209687,0.0252748166470031,1,0.0287152607667228,FALSE
"Vitvi13g01245",482,-0.726610643992385,5.23697027742696e-07,0.00368473228719761,2.07707569740564e-06,TRUE
"Vitvi13g01251",11,0.478898349698169,0.00312849885508842,1,0.00423472834636439,FALSE
"Vitvi13g01259",713,0.582933306486462,0.000190869311580326,1,0.000367270530032874,FALSE
"Vitvi13g01300",3,0.700887740352874,1.9332321858187e-06,0.0136022216594204,6.46493424877393e-06,TRUE
"Vitvi13g01323",55,0.664410597026749,9.92134639857315e-06,0.0698065932603606,2.82160845838159e-05,FALSE
"Vitvi13g01325",27,-0.740343236686949,2.45302599601653e-07,0.00172594909079723,1.07535768897024e-06,TRUE
"Vitvi13g01327",18,-0.620356336988658,5.43940114926471e-05,0.382716264862265,0.000121729091877311,FALSE
"Vitvi13g01337",200,-0.36280178007437,0.0296534634974876,1,0.0332921284774729,FALSE
"Vitvi13g01358",16,0.420850064886269,0.010590608809886,1,0.0129098273711639,FALSE
"Vitvi13g01379",50,0.62678507176931,4.31273835887367e-05,0.303444270930351,9.9718787686609e-05,FALSE
"Vitvi13g01385",52,-0.39182592248032,0.0181099832764267,1,0.0210649433514528,FALSE
"Vitvi13g01387",9,0.538122002500631,0.00071128356377806,1,0.00121117888546525,FALSE
"Vitvi13g01389",23,-0.605763821096809,9.04256913355846e-05,0.636235164237174,0.000190432554396043,FALSE
"Vitvi13g01413",66,0.304753495262471,0.0707229426338605,1,0.0757507420264641,FALSE
"Vitvi13g01433",5,-0.53094704246729,0.000863545476365859,1,0.00145252354093,FALSE
"Vitvi13g01435",34,-0.546507180803783,0.00056388190945942,1,0.000984728993535984,FALSE
"Vitvi13g01464",4,-0.478898349698169,0.00312849885508842,1,0.00423472834636439,FALSE
"Vitvi13g01468",113,0.854242196177249,3.4485174125585e-11,2.42637685147616e-07,7.42011269564575e-10,TRUE
"Vitvi13g01537",1028,-0.706214555739967,1.4919087330318e-06,0.0104970698456117,5.17606994359553e-06,TRUE
"Vitvi13g01550",55,-0.816811769737353,1.23759826433008e-09,8.70774138782648e-06,1.26935005653447e-08,TRUE
"Vitvi13g01576",1091,-0.69864665945943,2.15234299410946e-06,0.0151438853065542,7.15346495349748e-06,TRUE
"Vitvi13g01603",739,-0.680676474781128,4.92239733135686e-06,0.0346339876234269,1.49027485470856e-05,TRUE
"Vitvi13g01608",30,0.837970916250063,1.82656115104778e-10,1.28516842587722e-06,3.32945188051094e-09,TRUE
"Vitvi13g01611",1131,-0.563283869189166,0.00034775734695725,1,0.000636033452870083,FALSE
"Vitvi13g01614",4,0.854242196177249,3.4485174125585e-11,2.42637685147616e-07,7.42011269564575e-10,TRUE
"Vitvi13g01616",50,-0.854242196177249,3.44851741255845e-11,2.42637685147612e-07,7.42011269564575e-10,TRUE
"Vitvi13g01617",42,0.556734056756734,0.000421261179223091,1,0.000755542609486023,FALSE
"Vitvi13g01622",189,0.658283748346785,1.2779116510765e-05,0.0899138637697428,3.56801046705328e-05,FALSE
"Vitvi13g01633",100,0.478898349698169,0.00312849885508842,1,0.00423472834636439,FALSE
"Vitvi13g01634",30,0.866359712001401,8.69442361037607e-12,6.11739645226061e-08,2.88556436427387e-10,TRUE
"Vitvi13g01638",60,-0.895936773831001,1.56628417917055e-13,1.1020375484644e-09,5.80019762349695e-11,TRUE
"Vitvi13g01645",186,-0.478898349698169,0.00312849885508842,1,0.00423472834636439,FALSE
"Vitvi13g01653",7,-0.459548921427535,0.00480814938579871,1,0.00625788736190894,FALSE
"Vitvi13g01667",6,0.701115533676863,1.9121456150538e-06,0.0134538565475186,6.43417338475313e-06,TRUE
"Vitvi13g01672",1720,-0.401500636615636,0.0152203400780548,1,0.017965158998355,FALSE
"Vitvi13g01673",13,-0.478898349698169,0.00312849885508842,1,0.00423472834636439,FALSE
"Vitvi13g01676",611,-0.737939074644656,2.81075640112032e-07,0.00197764820382825,1.20661879428203e-06,TRUE
"Vitvi13g01684",1262,-0.731763852262692,3.96103875756545e-07,0.00278698686982305,1.612037906752e-06,TRUE
"Vitvi13g01686",1099,-0.774104226985846,3.05878154428066e-08,0.000215215869455587,2.15496132105268e-07,TRUE
"Vitvi13g01690",1374,-0.74411429702662,1.9754523623761e-07,0.00138992828216782,8.81934189192792e-07,TRUE
"Vitvi13g01691",87,-0.688537295588947,3.4525245843369e-06,0.0242919629753944,1.07964279890642e-05,TRUE
"Vitvi13g01696",16,0.682362073206983,4.56604657723525e-06,0.0321267037174273,1.39742077935743e-05,TRUE
"Vitvi13g01699",167,-0.266054638721205,0.116785634586865,1,0.122991127818169,FALSE
"Vitvi13g01703",278,-0.495072242300581,0.00214236521236232,1,0.00338658315753342,FALSE
"Vitvi13g01722",219,0.703665044708415,1.69009458459189e-06,0.0118915054971885,5.82631332542309e-06,TRUE
"Vitvi13g01728",96,0.478898349698169,0.00312849885508842,1,0.00423472834636439,FALSE
"Vitvi13g01729",284,0.401500636615636,0.0152203400780549,1,0.017965158998355,FALSE
"Vitvi13g01731",1846,-0.884224678378342,8.74713631353133e-13,6.15448511020064e-09,8.4308015208228e-11,TRUE
"Vitvi13g01737",267,-0.596032931351327,0.000125192354329375,0.88085340506148,0.000252538246863957,FALSE
"Vitvi13g01740",18,-0.478898349698169,0.00312849885508842,1,0.00423472834636439,FALSE
"Vitvi13g01743",16,-0.646642651042071,2.03561248738775e-05,0.143225694612602,5.29571432195744e-05,FALSE
"Vitvi13g01744",504,-0.430524779021586,0.00876561976487687,1,0.0108621965979086,FALSE
"Vitvi13g01755",738,0.589483118918895,0.000154932061894313,1,0.000305265188319346,FALSE
"Vitvi13g01756",65,-0.581171762700682,0.000201731083518182,1,0.0003846558004428,FALSE
"Vitvi13g01760",908,-0.602696642800707,0.000100304716366618,0.705743984355526,0.00020739228535204,FALSE
"Vitvi13g01764",151,-0.645746403000758,2.10820008752169e-05,0.148332958158026,5.29571432195744e-05,FALSE
"Vitvi13g01772",6,-0.382151208345003,0.0214447164072558,1,0.0246423362145112,FALSE
"Vitvi13g01773",680,-0.602582743783759,0.000100689603007756,0.708452046762569,0.00020739228535204,FALSE
"Vitvi13g01783",16,-0.478898349698169,0.00312849885508842,1,0.00423472834636439,FALSE
"Vitvi13g01796",89,-0.816811769737353,1.23759826433008e-09,8.70774138782648e-06,1.26935005653447e-08,TRUE
"Vitvi13g01798",23,-0.645746403000758,2.10820008752169e-05,0.148332958158026,5.29571432195744e-05,FALSE
"Vitvi13g01811",41,-0.538122002500631,0.00071128356377806,1,0.00121117888546525,FALSE
"Vitvi13g01817",11,0.591486559320117,0.000145224523970438,1,0.00028888881839299,FALSE
"Vitvi13g01818",527,0.694712517970911,2.59273082141354e-06,0.0182424540594657,8.36809819241548e-06,TRUE
"Vitvi13g01823",586,0.478898349698169,0.00312849885508842,1,0.00423472834636439,FALSE
"Vitvi13g01825",116,-0.250890971565232,0.139959006330913,1,0.146214041357729,FALSE
"Vitvi13g01837",3,-0.613412354191466,6.94955815274754e-05,0.488970911627317,0.000151477977579714,FALSE
"Vitvi13g01839",69,-0.441528400310401,0.00702267812889194,1,0.00894650793316743,FALSE
"Vitvi13g01849",1422,-0.803875153790643,3.54813370040871e-09,2.49646687160757e-05,3.09735343871906e-08,TRUE
"Vitvi13g01851",31,0.854242196177249,3.4485174125585e-11,2.42637685147616e-07,7.42011269564575e-10,TRUE
"Vitvi13g01852",337,-0.695506609407448,2.49770503451919e-06,0.017573852622877,8.1587059530534e-06,TRUE
"Vitvi13g01855",1691,-0.820912582981568,8.7109943762826e-10,6.12905564315244e-06,1.15207812841211e-08,TRUE
"Vitvi13g01857",55,0.322873201500379,0.054773977481723,1,0.0594278651598154,FALSE
"Vitvi13g01862",6,-0.314428209397787,0.0618077618339936,1,0.0666175570257321,FALSE
"Vitvi13g01882",62,-0.796603687273311,6.20273486393306e-09,4.3642442502633e-05,4.97633323861266e-08,TRUE
"Vitvi13g01889",40,0.854242196177249,3.4485174125585e-11,2.42637685147616e-07,7.42011269564575e-10,TRUE
"Vitvi13g01890",23,0.478898349698169,0.00312849885508842,1,0.00423472834636439,FALSE
"Vitvi13g01892",348,0.609871602834049,7.8569440725387e-05,0.552814584943823,0.000168028749223046,FALSE
"Vitvi13g01903",822,-0.750289519408583,1.37448227308175e-07,0.000967085727340323,6.46880085177473e-07,TRUE
"Vitvi13g01907",13,-0.615682368648623,6.41873880190989e-05,0.45162246210238,0.000140604751588537,FALSE
"Vitvi13g01911",46,0.272648481266987,0.107659058362385,1,0.113668837730753,FALSE
"Vitvi13g01913",987,-0.819760771205674,9.62256253728296e-10,6.77043500123229e-06,1.23773948834228e-08,TRUE
"Vitvi13g01916",821,-0.866758511891856,8.29025229610732e-12,5.83302151554111e-08,2.88556436427387e-10,TRUE
"Vitvi13g01929",8,0.478898349698169,0.00312849885508842,1,0.00423472834636439,FALSE
"Vitvi13g01932",30,-0.609871602834049,7.8569440725387e-05,0.552814584943823,0.000168028749223046,FALSE
"Vitvi13g01937",991,-0.478898349698169,0.00312849885508842,1,0.00423472834636439,FALSE
"Vitvi13g01941",938,-0.609132556216191,8.05930710257105e-05,0.567052847736899,0.000170696221474082,FALSE
"Vitvi13g01942",760,-0.711313577803071,1.15795074343497e-06,0.00814734143080846,4.15892875487926e-06,TRUE
"Vitvi13g01944",3,-0.478898349698169,0.00312849885508842,1,0.00423472834636439,FALSE
"Vitvi13g01949",1092,-0.701115533676863,1.91214561505384e-06,0.0134538565475188,6.43417338475313e-06,TRUE
"Vitvi13g01955",10,0.645746403000758,2.10820008752171e-05,0.148332958158028,5.29571432195744e-05,FALSE
"Vitvi13g01972",45,-0.588346722734024,0.000160693769450826,1,0.000313631445729823,FALSE
"Vitvi13g01974",11,-0.478898349698169,0.00312849885508842,1,0.00423472834636439,FALSE
"Vitvi13g01977",126,-0.520055107135114,0.00114992774580202,1,0.00189393530418141,FALSE
"Vitvi13g01979",126,-0.402312840778941,0.0149964872692343,1,0.0179417249492148,FALSE
"Vitvi13g01980",183,-0.240650523746243,0.15741439809571,1,0.16393838143893,FALSE
"Vitvi13g01981",42,0.581171762700682,0.000201731083518181,1,0.0003846558004428,FALSE
"Vitvi13g01984",52,-0.866359712001401,8.69442361037601e-12,6.11739645226056e-08,2.88556436427387e-10,TRUE
"Vitvi13g01996",9,-0.357355149260092,0.0323807708262475,1,0.0362730621769587,FALSE
"Vitvi13g01997",93,-0.588825749591872,0.000158241979114459,1,0.00031126378670655,FALSE
"Vitvi13g01998",4,-0.658986837051021,1.24168566581515e-05,0.087365003446754,3.46824150245153e-05,FALSE
"Vitvi13g02005",299,-0.834311493091303,2.59159644346565e-10,1.82344725762243e-06,4.62173161492437e-09,TRUE
"Vitvi13g02006",781,-0.527524267955374,0.000945847995167681,1,0.00157813291297126,FALSE
"Vitvi13g02008",761,-0.682362073206983,4.56604657723525e-06,0.0321267037174273,1.39742077935743e-05,TRUE
"Vitvi13g02009",52,0.266054638721205,0.116785634586865,1,0.122991127818169,FALSE
"Vitvi13g02012",23,-0.494334344716655,0.00218056928930973,1,0.00344620070071502,FALSE
"Vitvi13g02024",12,-0.487897282267239,0.00253992909673463,1,0.0039792788075317,FALSE
"Vitvi13g02028",5,0.00308761119098182,0.985741062565868,1,0.985881182119893,FALSE
"Vitvi13g02046",68,-0.478898349698169,0.00312849885508842,1,0.00423472834636439,FALSE
"Vitvi13g02052",112,-0.382151208345003,0.0214447164072558,1,0.0246423362145112,FALSE
"Vitvi13g02053",8,0.566821842633998,0.000313017471211837,1,0.0005779036807784,FALSE
"Vitvi13g02066",314,-0.478898349698169,0.00312849885508842,1,0.00423472834636439,FALSE
"Vitvi13g02083",91,0.816811769737353,1.23759826433005e-09,8.70774138782626e-06,1.26935005653447e-08,TRUE
"Vitvi13g02104",11,-0.444847522067189,0.00655916257134087,1,0.00836661853733763,FALSE
"Vitvi13g02110",5,0.437672562033847,0.00759614356666715,1,0.00955083383400109,FALSE
"Vitvi13g02144",69,-0.64376693331971,2.27691595807995e-05,0.160203806810505,5.67494887745325e-05,FALSE
"Vitvi13g02189",49,0.639261693405379,2.70750940621201e-05,0.190500361821077,6.70068103486025e-05,FALSE
"Vitvi13g02222",31,0.750289519408583,1.37448227308174e-07,0.00096708572734031,6.46880085177473e-07,TRUE
"Vitvi13g02226",35,0.330926531895479,0.0486750109283288,1,0.0531962374792981,FALSE
"Vitvi13g02230",50,-0.874344762938948,3.25230629616806e-12,2.28832270998385e-08,1.92296026049063e-10,TRUE
"Vitvi13g02238",26,0.745766996662678,1.79450154533175e-07,0.00126261128729542,8.16167606525813e-07,TRUE
"Vitvi13g02241",51,-0.637291797148107,2.91799556594364e-05,0.205310168019794,7.03117013766419e-05,FALSE
"Vitvi13g02246",16,-0.816811769737353,1.23759826433008e-09,8.70774138782648e-06,1.26935005653447e-08,TRUE
"Vitvi13g02248",668,0.692957098375895,2.81464744204827e-06,0.0198038594022516,9.04285817454412e-06,TRUE
"Vitvi13g02251",28,-0.521851963998865,0.00109757691190447,1,0.00181152970963169,FALSE
"Vitvi13g02263",28,0.342724842198983,0.0407353104256489,1,0.0448604858592684,FALSE
"Vitvi13g02269",3,-0.430524779021586,0.00876561976487687,1,0.0108621965979086,FALSE
"Vitvi13g02273",3,0.401500636615636,0.0152203400780549,1,0.017965158998355,FALSE
"Vitvi13g02284",11,-0.767462036565592,4.73405239501664e-08,0.000333087926513371,3.16322817201682e-07,TRUE
"Vitvi13g02285",68,-0.816811769737353,1.23759826433008e-09,8.70774138782648e-06,1.26935005653447e-08,TRUE
"Vitvi13g02309",132,-0.747552690786203,1.61624513603228e-07,0.00113719007771231,7.49630901590188e-07,TRUE
"Vitvi13g02312",81,-0.333777637668421,0.0466511603903606,1,0.0510240268158833,FALSE
"Vitvi13g02319",108,-0.459548921427535,0.00480814938579871,1,0.00625788736190894,FALSE
"Vitvi13g02328",164,0.737939074644656,2.81075640112032e-07,0.00197764820382825,1.20661879428203e-06,TRUE
"Vitvi13g02332",13,-0.444847522067189,0.00655916257134087,1,0.00836661853733763,FALSE
"Vitvi13g02344",73,0.816811769737353,1.23759826433005e-09,8.70774138782626e-06,1.26935005653447e-08,TRUE
"Vitvi13g02351",33,-0.762038276589863,6.69235268411086e-08,0.00047087393485404,4.29237862218815e-07,TRUE
"Vitvi13g02354",70,0.816811769737353,1.23759826433005e-09,8.70774138782626e-06,1.26935005653447e-08,TRUE
"Vitvi13g02360",72,0.750289519408583,1.37448227308174e-07,0.00096708572734031,6.46880085177473e-07,TRUE
"Vitvi13g02361",23,0.545296962533973,0.000583320667650517,1,0.00101089759053917,FALSE
"Vitvi13g02400",879,-0.478898349698169,0.00312849885508842,1,0.00423472834636439,FALSE
"Vitvi13g02413",547,-0.701470675600752,1.87969052288908e-06,0.0132255025190476,6.39840470200656e-06,TRUE
"Vitvi13g02416",870,-0.819235825519126,1.00667411024502e-09,7.08295903968394e-06,1.26031299638504e-08,TRUE
"Vitvi13g02419",13,-0.478898349698169,0.00312849885508842,1,0.00423472834636439,FALSE
"Vitvi13g02449",44,0.854242196177249,3.4485174125585e-11,2.42637685147616e-07,7.42011269564575e-10,TRUE
"Vitvi13g02457",14,0.460054067456292,0.00475597470295148,1,0.00625788736190894,FALSE
"Vitvi13g02465",7,0.691529396905392,3.0078044278422e-06,0.0211629119542977,9.57597825986321e-06,TRUE
"Vitvi13g02466",54,-0.478898349698169,0.00312849885508842,1,0.00423472834636439,FALSE
"Vitvi13g02471",37,-0.747552690786203,1.61624513603228e-07,0.00113719007771231,7.49630901590188e-07,TRUE
"Vitvi13g02475",10,0.864629821128515,1.0669792369997e-11,7.50726591152986e-08,3.49175158675808e-10,TRUE
"Vitvi13g02476",34,-0.478898349698169,0.00312849885508842,1,0.00423472834636439,FALSE
"Vitvi13g02487",614,0.478898349698169,0.00312849885508842,1,0.00423472834636439,FALSE
"Vitvi13g02488",69,-0.538122002500631,0.00071128356377806,1,0.00121117888546525,FALSE
"Vitvi13g02497",4,-0.622232181081055,5.08592315170758e-05,0.357845552954145,0.000114510576945327,FALSE
"Vitvi13g02502",5,-0.459548921427535,0.00480814938579871,1,0.00625788736190894,FALSE
"Vitvi13g02507",3,0.700887740352874,1.9332321858187e-06,0.0136022216594204,6.46493424877393e-06,TRUE
"Vitvi13g02508",5,-0.285404066991838,0.0915479263669638,1,0.0970661859430317,FALSE
"Vitvi13g02509",15,-0.788450249954806,1.13052940705564e-08,7.95440490804347e-05,8.58080356854743e-08,TRUE
"Vitvi13g02515",698,-0.819235825519126,1.00667411024502e-09,7.08295903968394e-06,1.26031299638504e-08,TRUE
"Vitvi13g02551",60,-0.835926583961327,2.22314542514035e-10,1.56420512112875e-06,4.02109285637211e-09,TRUE
"Vitvi13g02552",5,0.488261839706842,0.00251827643008094,1,0.00395857751609684,FALSE
"Vitvi13g02553",27,0.816811769737353,1.23759826433005e-09,8.70774138782626e-06,1.26935005653447e-08,TRUE
"Vitvi13g02554",7,-0.552682403185747,0.000473378889663964,1,0.000841064698064083,FALSE
"Vitvi13g02560",217,-0.657661183679129,1.31078878160574e-05,0.09222709867378,3.63384943553112e-05,FALSE
"Vitvi13g02574",25,0.552733991640523,0.000472680766991054,1,0.000841064698064083,FALSE
"Vitvi13g02589",47,-0.317649021564526,0.059045460685392,1,0.0639833453538299,FALSE
"Vitvi13g04005",22,0.746156266083613,1.7541659615828e-07,0.00123423117056966,8.08368306638897e-07,TRUE
"Vitvi13g04041",1410,-0.709563013513484,1.26396083752683e-06,0.00889322845283877,4.50975073673366e-06,TRUE
"Vitvi13g04074",20,0.725588629880729,5.53108756705168e-07,0.00389167321217756,2.16084020665051e-06,TRUE
"Vitvi13g04082",505,-0.36280178007437,0.0296534634974876,1,0.0332921284774729,FALSE
"Vitvi13g04085",6,-0.256379924585888,0.131210130347675,1,0.137380130524738,FALSE
"Vitvi13g04138",4,0.48468611999998,0.00273778266345129,1,0.00423472834636439,FALSE
"Vitvi13g04144",22,-0.758258613506055,8.47306445658366e-08,0.000596164815165226,5.28046780482928e-07,TRUE
"Vitvi13g04165",53,-0.478898349698169,0.00312849885508842,1,0.00423472834636439,FALSE
"Vitvi13g04167",438,0.596032931351327,0.000125192354329375,0.88085340506148,0.000252538246863957,FALSE
"Vitvi13g04171",1296,-0.748861888108077,1.49608710889654e-07,0.00105264688981961,7.02232748378656e-07,TRUE
"Vitvi13g04177",24,0.534156736039856,0.000792191476453241,1,0.00134019216838783,FALSE
"Vitvi13g04178",43,-0.540331958421819,0.000669447517114842,1,0.00115080203528464,FALSE
"Vitvi13g04183",646,0.478898349698169,0.00312849885508842,1,0.00423472834636439,FALSE
"Vitvi13g04184",37,0.645746403000758,2.10820008752171e-05,0.148332958158028,5.29571432195744e-05,FALSE
"Vitvi13g04187",33,0.294173361367012,0.0815930785914507,1,0.0869041630289808,FALSE
"Vitvi13g04209",39,-0.794580836444235,7.21678374108012e-09,5.07772904022397e-05,5.73107115149439e-08,TRUE
"Vitvi13g04210",20,0.821699636322878,8.13497034238565e-10,5.72376513290254e-06,1.08610344077849e-08,TRUE
"Vitvi13g04231",127,0.816811769737353,1.23759826433005e-09,8.70774138782626e-06,1.26935005653447e-08,TRUE
"Vitvi13g04233",56,-0.816811769737353,1.23759826433008e-09,8.70774138782648e-06,1.26935005653447e-08,TRUE
"Vitvi13g04260",8,-0.406088370810794,0.013991917943135,1,0.016774090074612,FALSE
"Vitvi13g04261",3,0.602696642800707,0.000100304716366617,0.705743984355515,0.00020739228535204,FALSE
"Vitvi13g04267",61,-0.21926387772875,0.198842557667698,1,0.205622609604633,FALSE
"Vitvi13g04271",13,0.324102923533104,0.0538052002373616,1,0.0584218192700735,FALSE
"Vitvi13g04279",9,0.523772082433948,0.00104397040540408,1,0.00172629277847782,FALSE
"Vitvi13g04281",38,0.430524779021586,0.00876561976487691,1,0.0108621965979086,FALSE
"Vitvi13g04282",54,0.501233868803168,0.00184555301793866,1,0.00294451497374522,FALSE
"Vitvi13g04284",37,0.420850064886269,0.010590608809886,1,0.0129098273711639,FALSE
"Vitvi13g04288",46,-0.552471922567315,0.000476236747738388,1,0.000841064698064083,FALSE
"Vitvi13g04289",100,0.816811769737353,1.23759826433005e-09,8.70774138782626e-06,1.26935005653447e-08,TRUE
"Vitvi13g04316",18,0.695506609407448,2.49770503451919e-06,0.017573852622877,8.1587059530534e-06,TRUE
"Vitvi13g04325",85,-0.750289519408583,1.37448227308175e-07,0.000967085727340323,6.46880085177473e-07,TRUE
"Vitvi13g04329",58,0.750289519408583,1.37448227308174e-07,0.00096708572734031,6.46880085177473e-07,TRUE
"Vitvi13g04332",62,0.588937048288565,0.000157677153214069,1,0.000310239499444688,FALSE
"Vitvi13g04336",74,-0.839227181069059,1.61663158485195e-10,1.13746198310183e-06,3.00121895277528e-09,TRUE
"Vitvi13g04337",14,-0.595159623027002,0.000128835490375678,0.906486510283267,0.000257378339092353,FALSE
"Vitvi13g04338",47,0.85408075949506,3.50944447824479e-11,2.46924513489303e-07,7.528186386869e-10,TRUE
"Vitvi13g04342",4,-0.680676474781128,4.92239733135686e-06,0.0346339876234269,1.49027485470856e-05,TRUE
"Vitvi13g04346",38,0.809431288114692,2.27916596025755e-09,1.60362116963721e-05,2.11280786513467e-08,TRUE
"Vitvi13g04363",45,0.645746403000758,2.10820008752171e-05,0.148332958158028,5.29571432195744e-05,FALSE
"Vitvi13g04364",43,0.757204776371011,9.04231920805616e-08,0.000636217579478832,5.52752023873876e-07,TRUE
"Vitvi13g04368",4,0.624221522900733,4.73386834040072e-05,0.333074976430595,0.000107478211174765,FALSE
"Vitvi13g04369",40,0.645746403000758,2.10820008752171e-05,0.148332958158028,5.29571432195744e-05,FALSE
"Vitvi13g04370",32,-0.645746403000758,2.10820008752169e-05,0.148332958158026,5.29571432195744e-05,FALSE
"Vitvi13g04371",52,-0.854242196177249,3.44851741255845e-11,2.42637685147612e-07,7.42011269564575e-10,TRUE
"Vitvi13g04375",45,0.750289519408583,1.37448227308174e-07,0.00096708572734031,6.46880085177473e-07,TRUE
"Vitvi13g04378",21,0.589919611476977,0.000152768766009833,1,0.000303124940114265,FALSE
"Vitvi13g04392",54,0.636357953475436,3.02287016852527e-05,0.212689145057438,7.27391056967983e-05,FALSE
"Vitvi13g04400",40,-0.459548921427535,0.00480814938579871,1,0.00625788736190894,FALSE
"Vitvi13g04406",35,-0.537244347230837,0.000728530923177986,1,0.0012396477812528,FALSE
"Vitvi13g04419",65,0.703365690607165,1.71488287988333e-06,0.0120659159428591,5.86863615897817e-06,TRUE
"Vitvi13g04420",50,0.821699636322878,8.13497034238565e-10,5.72376513290254e-06,1.08610344077849e-08,TRUE
"Vitvi13g04421",47,0.615596757245192,6.43807401221622e-05,0.452982887499533,0.000140940537492076,FALSE
"Vitvi13g04422",14,-0.215248801000253,0.20739737841139,1,0.213840556052542,FALSE
"Vitvi13g04423",20,-0.762038276589863,6.69235268411086e-08,0.00047087393485404,4.29237862218815e-07,TRUE
"Vitvi13g04425",3,-0.595521682767366,0.000127313692999972,0.895779143947803,0.000254410435656862,FALSE
"Vitvi13g04426",5,-0.449874207292219,0.00590725996608227,1,0.00756387281553318,FALSE
"Vitvi13g04427",62,0.816811769737353,1.23759826433005e-09,8.70774138782626e-06,1.26935005653447e-08,TRUE
"Vitvi13g04442",27,-0.653029766892656,1.58058280040138e-05,0.111209805836241,4.34583063056824e-05,FALSE
"Vitvi13g04443",68,-0.816811769737353,1.23759826433008e-09,8.70774138782648e-06,1.26935005653447e-08,TRUE
"Vitvi13g04444",4,0.670011628443056,7.8317607041287e-06,0.0551042683142496,2.27516814428136e-05,FALSE
"Vitvi13g04446",62,0.816811769737353,1.23759826433005e-09,8.70774138782626e-06,1.26935005653447e-08,TRUE
"Vitvi13g04453",7,-0.609871602834049,7.8569440725387e-05,0.552814584943823,0.000168028749223046,FALSE
"Vitvi13g04459",20,-0.816811769737353,1.23759826433008e-09,8.70774138782648e-06,1.26935005653447e-08,TRUE
"Vitvi13g04465",204,-0.545296962533973,0.000583320667650517,1,0.00101089759053917,FALSE
"Vitvi13g04467",42,0.688537295588947,3.45252458433688e-06,0.0242919629753943,1.07964279890642e-05,TRUE
"Vitvi13g04468",1225,-0.617046562867391,6.11763032283906e-05,0.430436469514956,0.000134890777033831,FALSE
"Vitvi13g04472",18,-0.814115601609632,1.55170655744904e-09,1.09178073382114e-05,1.51216168119272e-08,TRUE
"Vitvi13g04473",385,-0.632960294151274,3.43391503021161e-05,0.241610261525689,8.16802777301181e-05,FALSE
"Vitvi13g04475",10,0.420850064886269,0.010590608809886,1,0.0129098273711639,FALSE
"Vitvi13g04484",9,-0.478898349698169,0.00312849885508842,1,0.00423472834636439,FALSE
"Vitvi13g04492",16,0.816811769737353,1.23759826433005e-09,8.70774138782626e-06,1.26935005653447e-08,TRUE
"Vitvi13g04503",23,-0.611347015814401,7.46660108222798e-05,0.525350052145561,0.000162045050014053,FALSE
"Vitvi13g04506",76,-0.680681876953935,4.9212157923062e-06,0.0346256743146664,1.49027485470856e-05,TRUE
"Vitvi13g04513",68,-0.750289519408583,1.37448227308175e-07,0.000967085727340323,6.46880085177473e-07,TRUE
"Vitvi13g04517",323,-0.723551230754522,6.16320832208703e-07,0.00433643337542043,2.38265570078046e-06,TRUE
"Vitvi13g04518",76,0.750289519408583,1.37448227308174e-07,0.00096708572734031,6.46880085177473e-07,TRUE
"Vitvi13g04519",27,0.343452351803737,0.0402822983143647,1,0.0443754894222436,FALSE
"Vitvi13g04520",34,0.750289519408583,1.37448227308174e-07,0.00096708572734031,6.46880085177473e-07,TRUE
"Vitvi13g04521",84,0.818228616890212,1.09727718999618e-09,7.72044230881313e-06,1.26935005653447e-08,TRUE
"Vitvi13g04522",48,-0.811139465780844,1.98345837029642e-09,1.39556130934056e-05,1.87072561573802e-08,TRUE
"Vitvi13g04526",4,0.372476494209687,0.0252748166470031,1,0.0287152607667228,FALSE
"Vitvi13g04527",47,-0.816811769737353,1.23759826433008e-09,8.70774138782648e-06,1.26935005653447e-08,TRUE
"Vitvi13g04528",128,0.854242196177249,3.4485174125585e-11,2.42637685147616e-07,7.42011269564575e-10,TRUE
"Vitvi13g04529",117,0.854242196177249,3.4485174125585e-11,2.42637685147616e-07,7.42011269564575e-10,TRUE
"Vitvi13g04536",15,0.854242196177249,3.4485174125585e-11,2.42637685147616e-07,7.42011269564575e-10,TRUE
"Vitvi13g04537",90,0.854242196177249,3.4485174125585e-11,2.42637685147616e-07,7.42011269564575e-10,TRUE
"Vitvi13g04539",78,0.816811769737353,1.23759826433005e-09,8.70774138782626e-06,1.26935005653447e-08,TRUE
"Vitvi13g04540",58,-0.823576516347011,6.90105235035939e-10,4.85558043371287e-06,9.41003960021873e-09,TRUE
"Vitvi13g04547",15,0.227355782179939,0.182356808244462,1,0.188852296556967,FALSE
"Vitvi13g04549",40,0.707800676832578,1.37960969568661e-06,0.00970693381885102,4.85832523466017e-06,TRUE
"Vitvi13g04552",40,0.707062962734838,1.43083923232173e-06,0.0100673848386157,4.99870150874674e-06,TRUE
"Vitvi13g04555",79,-0.440199493156902,0.00721598030084795,1,0.0091021221579,FALSE
"Vitvi13g04572",155,-0.478898349698169,0.00312849885508842,1,0.00423472834636439,FALSE
"Vitvi13g04576",21,-0.324102923533104,0.0538052002373616,1,0.0584218192700735,FALSE
"Vitvi13g04585",12,0.750289519408583,1.37448227308174e-07,0.00096708572734031,6.46880085177473e-07,TRUE
"Vitvi13g04593",12,-0.752672914695697,1.19158616195585e-07,0.000838400023552135,6.46880085177473e-07,TRUE
"Vitvi13g04612",6,-0.561359157487907,0.000368067000659128,1,0.000671433605558111,FALSE
"Vitvi13g04617",20,-0.343452351803737,0.0402822983143647,1,0.0443754894222436,FALSE
"Vitvi13g04626",273,0.759778242162131,7.71025313287649e-08,0.00054249341042919,4.89173499034436e-07,TRUE
"Vitvi13g04645",50,0.502247202333923,0.00180036184177853,1,0.00287567444239588,FALSE
"Vitvi13g04656",41,-0.720382602476694,7.27925607343032e-07,0.00512168457326557,2.77297486370632e-06,TRUE
"Vitvi13g04663",33,0.691529396905392,3.0078044278422e-06,0.0211629119542977,9.57597825986321e-06,TRUE
"Vitvi13g04671",17,-0.752105754307907,1.23294878572943e-07,0.000867502765639225,6.46880085177473e-07,TRUE
"Vitvi13g04677",46,-0.895936773831001,1.56628417917055e-13,1.1020375484644e-09,5.80019762349695e-11,TRUE
"Vitvi13g04680",13,-0.411175350750953,0.0127285678576514,1,0.0152881876829012,FALSE
"Vitvi13g04682",21,0.772885796541321,3.31754606284914e-08,0.000233422540982066,2.3019974455825e-07,TRUE
"Vitvi13g04685",4,-0.495072242300581,0.00214236521236232,1,0.00338658315753342,FALSE
"Vitvi13g04690",19,0.324102923533104,0.0538052002373616,1,0.0584218192700735,FALSE
"Vitvi13g04696",41,-0.810852116371421,2.03056993452799e-09,1.4287090059339e-05,1.89483953041631e-08,TRUE
"Vitvi13g04697",17,-0.703365690607165,1.71488287988333e-06,0.0120659159428591,5.86863615897817e-06,TRUE
"Vitvi13g04698",69,0.816811769737353,1.23759826433005e-09,8.70774138782626e-06,1.26935005653447e-08,TRUE
"Vitvi13g04699",29,0.866359712001401,8.69442361037607e-12,6.11739645226061e-08,2.88556436427387e-10,TRUE
"Vitvi13g04700",40,0.707062962734838,1.43083923232173e-06,0.0100673848386157,4.99870150874674e-06,TRUE
"Vitvi13g04706",86,0.866359712001401,8.69442361037607e-12,6.11739645226061e-08,2.88556436427387e-10,TRUE
"Vitvi13g04707",26,0.713238185116801,1.05085825073372e-06,0.00739383865216244,3.82772193350016e-06,TRUE
"Vitvi13g04709",31,0.810852116371421,2.03056993452799e-09,1.4287090059339e-05,1.89483953041631e-08,TRUE
"Vitvi13g04713",6,0.478898349698169,0.00312849885508842,1,0.00423472834636439,FALSE
"Vitvi13g04714",11,0.478898349698169,0.00312849885508842,1,0.00423472834636439,FALSE
"Vitvi13g04715",8,0.609871602834049,7.8569440725387e-05,0.552814584943823,0.000168028749223046,FALSE
"Vitvi13g04716",38,0.859772350223298,1.8683163428584e-11,1.31454737883517e-07,5.64004329269161e-10,TRUE
"Vitvi13g04717",14,-0.810609462037573,2.07116021341928e-09,1.45726832616181e-05,1.92760360603413e-08,TRUE
"Vitvi13g04718",18,-0.645746403000758,2.10820008752169e-05,0.148332958158026,5.29571432195744e-05,FALSE
"Vitvi13g04735",17,0.449874207292219,0.00590725996608226,1,0.00756387281553318,FALSE
"Vitvi13g04741",14,-0.645746403000758,2.10820008752169e-05,0.148332958158026,5.29571432195744e-05,FALSE
"Vitvi13g04742",11,-0.459548921427535,0.00480814938579871,1,0.00625788736190894,FALSE
"Vitvi13g04743",26,-0.57638349405403,0.000234110207241294,1,0.000441017247161913,FALSE
"Vitvi13g04744",54,0.67201075556754,7.18908188592337e-06,0.0505823801493568,2.09885394810609e-05,FALSE
"Vitvi13g04745",24,0.732594930159451,3.78437512459122e-07,0.00266268633766238,1.57929201522087e-06,TRUE
"Vitvi13g04746",8,0.459197442133872,0.00484474340951937,1,0.00629038837966014,FALSE
"Vitvi13g04750",807,-0.617865639459434,5.94303096291032e-05,0.41815165855037,0.000132578204993776,FALSE
"Vitvi13g04751",11,-0.333777637668421,0.0466511603903606,1,0.0510240268158833,FALSE
"Vitvi13g04763",786,-0.478898349698169,0.00312849885508842,1,0.00423472834636439,FALSE
"Vitvi13g04767",7,-0.670521401298236,7.66308559615982e-06,0.0539174702545805,2.23353232206216e-05,FALSE
"Vitvi13g04774",246,-0.782777945998297,1.69065981695937e-08,0.000118954824721261,1.23525259315951e-07,TRUE
"Vitvi13g04777",1379,-0.764183769768002,5.84225956778788e-08,0.000411061383189555,3.81318537281591e-07,TRUE
"Vitvi13g04780",9,-0.645746403000758,2.10820008752169e-05,0.148332958158026,5.29571432195744e-05,FALSE
"Vitvi13g04782",33,-0.816811769737353,1.23759826433008e-09,8.70774138782648e-06,1.26935005653447e-08,TRUE
"Vitvi13g04783",44,0.816811769737353,1.23759826433005e-09,8.70774138782626e-06,1.26935005653447e-08,TRUE
"Vitvi13g04785",829,-0.778309556517049,2.30216542281962e-08,0.000161980359149588,1.65286080764888e-07,TRUE
"Vitvi13g04786",794,-0.646642651042071,2.03561248738775e-05,0.143225694612602,5.29571432195744e-05,FALSE
"Vitvi13g04794",3,-0.285404066991838,0.0915479263669638,1,0.0970661859430317,FALSE
"Vitvi14g00029",1218,-0.824356049428621,6.44165101155286e-10,4.53234565172859e-06,8.88695225829135e-09,TRUE
"Vitvi14g00031",1287,-0.678679836599203,5.37727468533649e-06,0.0378345046860275,1.6079262509999e-05,TRUE
"Vitvi14g00040",11,-0.382151208345003,0.0214447164072558,1,0.0246423362145112,FALSE
"Vitvi14g00041",33,0.750289519408583,1.37448227308174e-07,0.00096708572734031,6.46880085177473e-07,TRUE
"Vitvi14g00059",1356,-0.791772806368201,8.88042451590357e-09,6.24826668938975e-05,6.90416208772348e-08,TRUE
"Vitvi14g00065",22,-0.854878497692652,3.21784263103327e-11,2.26407407519501e-07,7.42011269564575e-10,TRUE
"Vitvi14g00071",13,-0.440199493156902,0.00721598030084795,1,0.0091021221579,FALSE
"Vitvi14g00080",6,-0.333777637668421,0.0466511603903606,1,0.0510240268158833,FALSE
"Vitvi14g00087",883,-0.740378003562767,2.44817524107697e-07,0.00172253609962176,1.07457024305787e-06,TRUE
"Vitvi14g00109",7,0.762038276589863,6.69235268411076e-08,0.000470873934854033,4.29237862218815e-07,TRUE
"Vitvi14g00113",1488,-0.82902360477862,4.23397938922474e-10,2.97902789825853e-06,6.54731406210665e-09,TRUE
"Vitvi14g00114",1733,-0.884224678378342,8.74713631353133e-13,6.15448511020064e-09,8.4308015208228e-11,TRUE
"Vitvi14g00115",1018,-0.656244139521543,1.38851025998339e-05,0.097695581892431,3.83571189212529e-05,FALSE
"Vitvi14g00118",36,-0.616981669635639,6.13165947286058e-05,0.43142356051047,0.000135030848360085,FALSE
"Vitvi14g00119",214,0.651485961297165,1.68115837483811e-05,0.11828630325361,4.59721349605945e-05,FALSE
"Vitvi14g00126",753,0.616981669635639,6.13165947286061e-05,0.431423560510473,0.000135030848360085,FALSE
"Vitvi14g00127",1376,-0.74411429702662,1.9754523623761e-07,0.00138992828216782,8.81934189192792e-07,TRUE
"Vitvi14g00128",1315,-0.510885369729709,0.00145288586363363,1,0.00235378884101457,FALSE
"Vitvi14g00146",939,-0.824356049428621,6.44165101155286e-10,4.53234565172859e-06,8.88695225829135e-09,TRUE
"Vitvi14g00152",17,-0.628781993513488,4.00851400439236e-05,0.282039045349047,9.30207933209257e-05,FALSE
"Vitvi14g00155",12,0.353127065939054,0.0346365270501542,1,0.0385117895582942,FALSE
"Vitvi14g00157",3,0.629787540867828,3.86279837915616e-05,0.271786493957427,8.99062169888942e-05,FALSE
"Vitvi14g00163",61,0.478898349698169,0.00312849885508842,1,0.00423472834636439,FALSE
"Vitvi14g00183",22,0.491235932432412,0.00234756968614635,1,0.00369932817731818,FALSE
"Vitvi14g00184",1354,-0.712333382215692,1.10001840416097e-06,0.00773972949167661,3.98544258067803e-06,TRUE
"Vitvi14g00185",316,0.256379924585888,0.131210130347675,1,0.137380130524738,FALSE
"Vitvi14g00197",231,0.539986436482762,0.000675840937552771,1,0.00116150875344927,FALSE
"Vitvi14g00234",74,-0.233202925332433,0.171063153034277,1,0.17754836181578,FALSE
"Vitvi14g00247",731,-0.566821842633998,0.000313017471211837,1,0.0005779036807784,FALSE
"Vitvi14g00250",313,-0.478898349698169,0.00312849885508842,1,0.00423472834636439,FALSE
"Vitvi14g00268",1307,-0.713238185116801,1.05085825073373e-06,0.00739383865216252,3.82772193350016e-06,TRUE
"Vitvi14g00270",58,0.365922961700429,0.0281775586427065,1,0.0319615190408001,FALSE
"Vitvi14g00273",1194,-0.769895486027634,4.04079399418475e-08,0.000284310265430839,2.76297634043575e-07,TRUE
"Vitvi14g00282",1102,-0.61851137625457,5.80856920924257e-05,0.408690929562307,0.000129866834941947,FALSE
"Vitvi14g00286",4,-0.449874207292219,0.00590725996608227,1,0.00756387281553318,FALSE
"Vitvi14g00292",50,0.713238185116801,1.05085825073372e-06,0.00739383865216244,3.82772193350016e-06,TRUE
"Vitvi14g00304",5,-0.318023952671128,0.0587303678317534,1,0.0636615110251451,FALSE
"Vitvi14g00305",178,0.478898349698169,0.00312849885508842,1,0.00423472834636439,FALSE
"Vitvi14g00315",584,-0.705194751327346,1.5684743344541e-06,0.0110357854172191,5.43099676044252e-06,TRUE
"Vitvi14g00318",491,0.605763821096809,9.04256913355853e-05,0.636235164237178,0.000190432554396043,FALSE
"Vitvi14g00319",65,-0.440199493156902,0.00721598030084795,1,0.0091021221579,FALSE
"Vitvi14g00322",36,-0.39182592248032,0.0181099832764267,1,0.0210649433514528,FALSE
"Vitvi14g00327",194,0.478898349698169,0.00312849885508842,1,0.00423472834636439,FALSE
"Vitvi14g00338",4,-0.501697797754892,0.00182474140529103,1,0.00291197108814419,FALSE
"Vitvi14g00352",3,0.449874207292219,0.00590725996608226,1,0.00756387281553318,FALSE
"Vitvi14g00363",553,-0.645746403000758,2.10820008752169e-05,0.148332958158026,5.29571432195744e-05,FALSE
"Vitvi14g00366",17,-0.459548921427535,0.00480814938579871,1,0.00625788736190894,FALSE
"Vitvi14g00369",57,-0.709037994563675,1.29744768347651e-06,0.00912884190094076,4.58275195830359e-06,TRUE
"Vitvi14g00374",328,-0.645746403000758,2.10820008752169e-05,0.148332958158026,5.29571432195744e-05,FALSE
"Vitvi14g00377",74,-0.478898349698169,0.00312849885508842,1,0.00423472834636439,FALSE
"Vitvi14g00387",7,-0.469223635562852,0.00389036020229628,1,0.00516366240018047,FALSE
"Vitvi14g00405",1005,-0.612392549778845,7.20067527787288e-05,0.506639512551136,0.000156563508204924,FALSE
"Vitvi14g00413",73,-0.178982211503356,0.296273865831986,1,0.302332548222459,FALSE
"Vitvi14g00421",46,0.478898349698169,0.00312849885508842,1,0.00423472834636439,FALSE
"Vitvi14g00425",928,-0.559646882600657,0.000387017462770897,1,0.000700014104898731,FALSE
"Vitvi14g00427",1612,-0.791972270486838,8.75143972859964e-09,6.1575129930427e-05,6.84929142718877e-08,TRUE
"Vitvi14g00434",1283,-0.645746403000758,2.10820008752169e-05,0.148332958158026,5.29571432195744e-05,FALSE
"Vitvi14g00438",177,0.65073391140667,1.73222989032126e-05,0.121879695083004,4.7350308890056e-05,FALSE
"Vitvi14g00445",1310,-0.731763852262692,3.96103875756545e-07,0.00278698686982305,1.612037906752e-06,TRUE
"Vitvi14g00456",28,0.750289519408583,1.37448227308174e-07,0.00096708572734031,6.46880085177473e-07,TRUE
"Vitvi14g00458",6,0.657661183679129,1.31078878160574e-05,0.09222709867378,3.63384943553112e-05,FALSE
"Vitvi14g00459",61,0.478898349698169,0.00312849885508842,1,0.00423472834636439,FALSE
"Vitvi14g00461",189,-0.638571442967416,2.77964224488528e-05,0.195575628350128,6.71158642244777e-05,FALSE
"Vitvi14g00470",64,0.072560356014874,0.67408182426832,1,0.678323757945065,FALSE
"Vitvi14g00471",641,-0.401500636615636,0.0152203400780548,1,0.017965158998355,FALSE
"Vitvi14g00473",656,0.487897282267239,0.00253992909673463,1,0.0039792788075317,FALSE
"Vitvi14g00483",678,-0.632278735824952,3.52222612311531e-05,0.247823830022393,8.36786602967584e-05,FALSE
"Vitvi14g00484",1403,-0.780601408747486,1.96676805227351e-08,0.000138381800157964,1.42661649647386e-07,TRUE
"Vitvi14g00487",37,0.246272947459449,0.147645609316804,1,0.153901408467116,FALSE
"Vitvi14g00488",737,-0.714710298520184,9.75165171487901e-07,0.00686126214658887,3.6054977123431e-06,TRUE
"Vitvi14g00489",96,-0.516597122400606,0.00125690591977388,1,0.00205282963127414,FALSE
"Vitvi14g00511",5,-0.392126621254692,0.0180137209543913,1,0.0210649433514528,FALSE
"Vitvi14g00518",9,-0.304753495262471,0.0707229426338605,1,0.0757507420264641,FALSE
"Vitvi14g00555",6,0.430524779021586,0.00876561976487691,1,0.0108621965979086,FALSE
"Vitvi14g00562",110,0.39182592248032,0.0181099832764267,1,0.0210649433514528,FALSE
"Vitvi14g00564",368,0.595521682767366,0.000127313692999973,0.895779143947812,0.000254410435656862,FALSE
"Vitvi14g00569",24,-0.294173361367012,0.0815930785914507,1,0.0869041630289808,FALSE
"Vitvi14g00593",11,-0.373097921733771,0.0250128969168012,1,0.0286163809279046,FALSE
"Vitvi14g00647",21,-0.639135516533238,2.72056700272495e-05,0.191419094311727,6.71158642244777e-05,FALSE
"Vitvi14g00656",4,-0.750289519408583,1.37448227308175e-07,0.000967085727340323,6.46880085177473e-07,TRUE
"Vitvi14g00666",42,-0.0648398350106183,0.707136279793296,1,0.71107772825863,FALSE
"Vitvi14g00667",5,0.478898349698169,0.00312849885508842,1,0.00423472834636439,FALSE
"Vitvi14g00668",122,-0.750289519408583,1.37448227308175e-07,0.000967085727340323,6.46880085177473e-07,TRUE
"Vitvi14g00679",683,-0.794580836444235,7.21678374108012e-09,5.07772904022397e-05,5.73107115149439e-08,TRUE
"Vitvi14g00685",22,-0.810852116371421,2.03056993452799e-09,1.4287090059339e-05,1.89483953041631e-08,TRUE
"Vitvi14g00707",41,-0.854242196177249,3.44851741255845e-11,2.42637685147612e-07,7.42011269564575e-10,TRUE
"Vitvi14g00772",40,-0.478898349698169,0.00312849885508842,1,0.00423472834636439,FALSE
"Vitvi14g00775",1160,-0.555770014376728,0.000433175063068106,1,0.000775132183048634,FALSE
"Vitvi14g00803",8,0.478898349698169,0.00312849885508842,1,0.00423472834636439,FALSE
"Vitvi14g00821",1446,-0.737399514346222,2.8973726886927e-07,0.00203859142376419,1.23550995379648e-06,TRUE
"Vitvi14g00841",44,-0.353127065939054,0.0346365270501543,1,0.0385117895582942,FALSE
"Vitvi14g00901",8,-0.478898349698169,0.00312849885508842,1,0.00423472834636439,FALSE
"Vitvi14g00920",826,0.420850064886269,0.010590608809886,1,0.0129098273711639,FALSE
"Vitvi14g00925",3,-0.523984994594573,0.00103817108302138,1,0.00172196410658615,FALSE
"Vitvi14g00948",6,0.521806291275928,0.00109888106241935,1,0.00181155744029582,FALSE
"Vitvi14g00949",31,-0.478898349698169,0.00312849885508842,1,0.00423472834636439,FALSE
"Vitvi14g00952",1704,-0.810497937632729,2.09006702735936e-09,1.47057116045004e-05,1.94006749399742e-08,TRUE
"Vitvi14g00973",444,0.752907990308538,1.17482049416561e-07,0.000826603699694922,6.46880085177473e-07,TRUE
"Vitvi14g00974",20,0.552471922567315,0.000476236747738389,1,0.000841064698064083,FALSE
"Vitvi14g00994",46,-0.617046562867391,6.11763032283906e-05,0.430436469514956,0.000134890777033831,FALSE
"Vitvi14g00996",112,-0.577383292713601,0.000226988801827679,1,0.000430483344921711,FALSE
"Vitvi14g01004",11,0.523772082433948,0.00104397040540408,1,0.00172629277847782,FALSE
"Vitvi14g01033",28,-0.734888954918889,3.33365753231785e-07,0.00234556143973884,1.40284775103997e-06,TRUE
"Vitvi14g01046",47,-0.75148181308105,1.27997934909515e-07,0.00090059347002335,6.46880085177473e-07,TRUE
"Vitvi14g01060",9,0.430524779021586,0.00876561976487691,1,0.0108621965979086,FALSE
"Vitvi14g01067",259,-0.700887740352874,1.93323218581868e-06,0.0136022216594202,6.46493424877393e-06,TRUE
"Vitvi14g01114",72,-0.478579734602183,0.00315134965383133,1,0.00426074100006865,FALSE
"Vitvi14g01128",13,0.255364299014027,0.132797612797271,1,0.139021574712334,FALSE
"Vitvi14g01141",4,0.534240357609264,0.000790404480732016,1,0.00133845629998327,FALSE
"Vitvi14g01152",378,-0.478898349698169,0.00312849885508842,1,0.00423472834636439,FALSE
"Vitvi14g01162",8,-0.478898349698169,0.00312849885508842,1,0.00423472834636439,FALSE
"Vitvi14g01164",926,-0.645746403000758,2.10820008752169e-05,0.148332958158026,5.29571432195744e-05,FALSE
"Vitvi14g01166",13,-0.469223635562852,0.00389036020229628,1,0.00516366240018047,FALSE
"Vitvi14g01174",35,-0.866359712001401,8.69442361037601e-12,6.11739645226056e-08,2.88556436427387e-10,TRUE
"Vitvi14g01178",1059,-0.819235825519126,1.00667411024502e-09,7.08295903968394e-06,1.26031299638504e-08,TRUE
"Vitvi14g01181",6,-0.577383292713601,0.000226988801827679,1,0.000430483344921711,FALSE
"Vitvi14g01184",11,-0.478898349698169,0.00312849885508842,1,0.00423472834636439,FALSE
"Vitvi14g01185",390,-0.538122002500631,0.00071128356377806,1,0.00121117888546525,FALSE
"Vitvi14g01198",966,-0.82902360477862,4.23397938922474e-10,2.97902789825853e-06,6.54731406210665e-09,TRUE
"Vitvi14g01211",165,0.602696642800707,0.000100304716366617,0.705743984355515,0.00020739228535204,FALSE
"Vitvi14g01228",58,0.39182592248032,0.0181099832764267,1,0.0210649433514528,FALSE
"Vitvi14g01240",1478,-0.713238185116801,1.05085825073373e-06,0.00739383865216252,3.82772193350016e-06,TRUE
"Vitvi14g01247",25,-0.478898349698169,0.00312849885508842,1,0.00423472834636439,FALSE
"Vitvi14g01262",1249,-0.538122002500631,0.00071128356377806,1,0.00121117888546525,FALSE
"Vitvi14g01264",134,-0.596032931351327,0.000125192354329375,0.88085340506148,0.000252538246863957,FALSE
"Vitvi14g01268",1432,-0.745986927832182,1.77160876753437e-07,0.00124650392883718,8.08368306638897e-07,TRUE
"Vitvi14g01272",1094,-0.631396482934074,3.63959573998368e-05,0.256081956265252,8.4907810432777e-05,FALSE
"Vitvi14g01281",6,0.527981513657892,0.000934466565928771,1,0.00155951298811074,FALSE
"Vitvi14g01283",40,-0.60185904681604,0.000103166344922966,0.725878402877988,0.000211873439252186,FALSE
"Vitvi14g01294",1199,-0.601264219389996,0.000105242977616435,0.740489590509234,0.00021588617799103,FALSE
"Vitvi14g01296",10,0.387447841800455,0.0195609632394898,1,0.0227226246249052,FALSE
"Vitvi14g01301",993,-0.638571442967416,2.77964224488528e-05,0.195575628350128,6.71158642244777e-05,FALSE
"Vitvi14g01302",3,0.401500636615636,0.0152203400780549,1,0.017965158998355,FALSE
"Vitvi14g01312",9,-0.478898349698169,0.00312849885508842,1,0.00423472834636439,FALSE
"Vitvi14g01318",49,-0.501697797754892,0.00182474140529103,1,0.00291197108814419,FALSE
"Vitvi14g01325",1179,-0.401500636615636,0.0152203400780548,1,0.017965158998355,FALSE
"Vitvi14g01327",866,-0.631471217678129,3.6295178890757e-05,0.255372878675366,8.4907810432777e-05,FALSE
"Vitvi14g01336",1187,-0.57638349405403,0.000234110207241294,1,0.000441017247161913,FALSE
"Vitvi14g01351",1610,-0.72151162192928,6.86190536909843e-07,0.00482803661769765,2.62535977036305e-06,TRUE
"Vitvi14g01353",41,0.530534807027005,0.000873110001630482,1,0.00146231896488266,FALSE
"Vitvi14g01354",31,0.725080937373453,5.68276823621721e-07,0.00399839573100243,2.21763490349552e-06,TRUE
"Vitvi14g01357",1014,-0.835484995697217,2.31871841692465e-10,1.63145027814818e-06,4.17250710523832e-09,TRUE
"Vitvi14g01358",438,-0.398233623128458,0.0161493490302995,1,0.0190425372510789,FALSE
"Vitvi14g01365",53,0.478898349698169,0.00312849885508842,1,0.00423472834636439,FALSE
"Vitvi14g01367",19,-0.735788883705973,3.17075792315074e-07,0.00223094527472886,1.34151850554953e-06,TRUE
"Vitvi14g01375",46,0.645746403000758,2.10820008752171e-05,0.148332958158028,5.29571432195744e-05,FALSE
"Vitvi14g01380",628,-0.703365690607165,1.71488287988333e-06,0.0120659159428591,5.86863615897817e-06,TRUE
"Vitvi14g01381",1314,-0.871125053513477,4.87284258467059e-12,3.42853204257422e-08,2.4665698148016e-10,TRUE
"Vitvi14g01390",1036,-0.631396482934074,3.63959573998368e-05,0.256081956265252,8.4907810432777e-05,FALSE
"Vitvi14g01394",39,0.645746403000758,2.10820008752171e-05,0.148332958158028,5.29571432195744e-05,FALSE
"Vitvi14g01401",1147,-0.750289519408583,1.37448227308175e-07,0.000967085727340323,6.46880085177473e-07,TRUE
"Vitvi14g01404",1464,-0.884879417215466,7.98472978179892e-13,5.61805587447372e-09,8.4308015208228e-11,TRUE
"Vitvi14g01429",170,-0.640970347085562,2.53619620580653e-05,0.178446765040548,6.28555001904007e-05,FALSE
"Vitvi14g01437",57,-0.478898349698169,0.00312849885508842,1,0.00423472834636439,FALSE
"Vitvi14g01439",695,0.687858076312791,3.56150588483326e-06,0.0250587554056868,1.1122394765063e-05,TRUE
"Vitvi14g01449",230,-0.65798725895509,1.29347424789739e-05,0.0910088480820603,3.60288393040619e-05,FALSE
"Vitvi14g01450",1243,-0.430524779021586,0.00876561976487687,1,0.0108621965979086,FALSE
"Vitvi14g01456",17,-0.401500636615636,0.0152203400780548,1,0.017965158998355,FALSE
"Vitvi14g01469",16,0.504835052129336,0.00168932914938266,1,0.00271682740458433,FALSE
"Vitvi14g01472",36,-0.353127065939054,0.0346365270501543,1,0.0385117895582942,FALSE
"Vitvi14g01474",20,-0.609132556216191,8.05930710257105e-05,0.567052847736899,0.000170696221474082,FALSE
"Vitvi14g01485",197,0.671655749712192,7.29957260756145e-06,0.0513597928668023,2.13022782525103e-05,FALSE
"Vitvi14g01487",9,-0.0589483118918895,0.732723647000408,1,0.736597168209011,FALSE
"Vitvi14g01494",253,0.401500636615636,0.0152203400780549,1,0.017965158998355,FALSE
"Vitvi14g01500",119,-0.745986927832182,1.77160876753437e-07,0.00124650392883718,8.08368306638897e-07,TRUE
"Vitvi14g01502",948,-0.707062962734838,1.43083923232176e-06,0.0100673848386159,4.99870150874674e-06,TRUE
"Vitvi14g01507",3,-0.602696642800707,0.000100304716366618,0.705743984355526,0.00020739228535204,FALSE
"Vitvi14g01511",1381,-0.723551230754522,6.16320832208703e-07,0.00433643337542043,2.38265570078046e-06,TRUE
"Vitvi14g01517",551,0.401500636615636,0.0152203400780549,1,0.017965158998355,FALSE
"Vitvi14g01525",100,0.772885796541321,3.31754606284914e-08,0.000233422540982066,2.3019974455825e-07,TRUE
"Vitvi14g01526",323,0.669331866868109,8.06194923971228e-06,0.0567238748506156,2.3276107858275e-05,FALSE
"Vitvi14g01532",495,-0.645746403000758,2.10820008752169e-05,0.148332958158026,5.29571432195744e-05,FALSE
"Vitvi14g01542",15,-0.301348321400354,0.0740899184807144,1,0.0793087884421583,FALSE
"Vitvi14g01543",890,-0.543634431891869,0.000610994698697925,1,0.00105263435358439,FALSE
"Vitvi14g01548",450,0.588937048288565,0.000157677153214069,1,0.000310239499444688,FALSE
"Vitvi14g01560",4,0.821699636322878,8.13497034238565e-10,5.72376513290254e-06,1.08610344077849e-08,TRUE
"Vitvi14g01561",226,0.370513342917819,0.0261171775332737,1,0.0296579181930461,FALSE
"Vitvi14g01568",1154,-0.751595852101597,1.27126181928121e-07,0.000894459816046258,6.46880085177473e-07,TRUE
"Vitvi14g01574",800,0.478898349698169,0.00312849885508842,1,0.00423472834636439,FALSE
"Vitvi14g01575",1501,-0.824356049428621,6.44165101155286e-10,4.53234565172859e-06,8.88695225829135e-09,TRUE
"Vitvi14g01576",1611,-0.896224025128485,1.49779128509718e-13,1.05384594819438e-09,5.80019762349695e-11,TRUE
"Vitvi14g01581",381,-0.358748001667088,0.0316645308614795,1,0.0354763756594538,FALSE
"Vitvi14g01589",8,0.741026685835638,2.35927407095587e-07,0.00165998523632455,1.03878925927694e-06,TRUE
"Vitvi14g01614",385,0.614434627005383,6.70579321707088e-05,0.471819610753107,0.000146209981640256,FALSE
"Vitvi14g01621",527,-0.39182592248032,0.0181099832764267,1,0.0210649433514528,FALSE
"Vitvi14g01624",10,0.737939074644656,2.81075640112032e-07,0.00197764820382825,1.20661879428203e-06,TRUE
"Vitvi14g01633",409,-0.645746403000758,2.10820008752169e-05,0.148332958158026,5.29571432195744e-05,FALSE
"Vitvi14g01639",5,-0.449874207292219,0.00590725996608227,1,0.00756387281553318,FALSE
"Vitvi14g01641",972,-0.596032931351327,0.000125192354329375,0.88085340506148,0.000252538246863957,FALSE
"Vitvi14g01642",368,-0.594545972557979,0.000131452155197496,0.924897363969584,0.00026223344597947,FALSE
"Vitvi14g01646",1409,-0.57638349405403,0.000234110207241294,1,0.000441017247161913,FALSE
"Vitvi14g01653",1504,-0.768815186554474,4.33607583457646e-08,0.0003050862957208,2.92508433097603e-07,TRUE
"Vitvi14g01655",214,0.382151208345003,0.0214447164072558,1,0.0246423362145112,FALSE
"Vitvi14g01665",501,-0.517435182162141,0.00123020463625639,1,0.00201765030785547,FALSE
"Vitvi14g01678",38,0.646642651042071,2.03561248738774e-05,0.143225694612601,5.29571432195744e-05,FALSE
"Vitvi14g01684",341,0.645746403000758,2.10820008752171e-05,0.148332958158028,5.29571432195744e-05,FALSE
"Vitvi14g01688",21,0.793400612648616,7.87728246869219e-09,5.54245594497182e-05,6.18577672429891e-08,TRUE
"Vitvi14g01700",3,0.295078781127154,0.080615036363119,1,0.0860317603292744,FALSE
"Vitvi14g01722",47,-0.609871602834049,7.8569440725387e-05,0.552814584943823,0.000168028749223046,FALSE
"Vitvi14g01727",68,-0.644006486570093,2.2558660155917e-05,0.158722732857032,5.62846570415008e-05,FALSE
"Vitvi14g01732",5,0.478898349698169,0.00312849885508842,1,0.00423472834636439,FALSE
"Vitvi14g01735",1660,-0.87985813675672,1.58515090510686e-12,1.11531217683319e-08,1.19926040519698e-10,TRUE
"Vitvi14g01739",18,0.420850064886269,0.010590608809886,1,0.0129098273711639,FALSE
"Vitvi14g01744",1844,-0.884224678378342,8.74713631353133e-13,6.15448511020064e-09,8.4308015208228e-11,TRUE
"Vitvi14g01748",771,0.430524779021586,0.00876561976487691,1,0.0108621965979086,FALSE
"Vitvi14g01761",16,0.380272881767113,0.0221479552944204,1,0.0254089374615265,FALSE
"Vitvi14g01762",3,0.256379924585888,0.131210130347675,1,0.137380130524738,FALSE
"Vitvi14g01763",162,-0.751595852101597,1.27126181928121e-07,0.000894459816046258,6.46880085177473e-07,TRUE
"Vitvi14g01780",3,-0.478898349698169,0.00312849885508842,1,0.00423472834636439,FALSE
"Vitvi14g01785",277,0.478898349698169,0.00312849885508842,1,0.00423472834636439,FALSE
"Vitvi14g01789",1087,-0.858025428648613,2.27373223068884e-11,1.59979799751267e-07,6.70261957945372e-10,TRUE
"Vitvi14g01797",82,-0.440199493156902,0.00721598030084795,1,0.0091021221579,FALSE
"Vitvi14g01806",10,-0.449874207292219,0.00590725996608227,1,0.00756387281553318,FALSE
"Vitvi14g01808",211,0.816055112076351,1.3191913956403e-09,9.28183065972518e-06,1.32597580853217e-08,TRUE
"Vitvi14g01809",45,0.700070475094237,2.01065083762262e-06,0.0141469392935127,6.69836140791322e-06,TRUE
"Vitvi14g01811",15,0.49093017936611,0.00236463986221341,1,0.00372122703433989,FALSE
"Vitvi14g01815",47,0.631396482934074,3.63959573998373e-05,0.256081956265255,8.4907810432777e-05,FALSE
"Vitvi14g01819",103,-0.256379924585888,0.131210130347675,1,0.137380130524738,FALSE
"Vitvi14g01821",1158,-0.39182592248032,0.0181099832764267,1,0.0210649433514528,FALSE
"Vitvi14g01822",6,0.731709666055489,3.97281655814094e-07,0.00279527373030797,1.612037906752e-06,TRUE
"Vitvi14g01832",231,0.381406850320213,0.0217211477857146,1,0.0249477629481373,FALSE
"Vitvi14g01837",31,-0.449874207292219,0.00590725996608227,1,0.00756387281553318,FALSE
"Vitvi14g01840",183,-0.395730105756836,0.0168930449281624,1,0.0199094579756367,FALSE
"Vitvi14g01841",710,-0.54967457840266,0.000515703904448321,1,0.000903059400621804,FALSE
"Vitvi14g01858",19,-0.854242196177249,3.44851741255845e-11,2.42637685147612e-07,7.42011269564575e-10,TRUE
"Vitvi14g01859",17,-0.854242196177249,3.44851741255845e-11,2.42637685147612e-07,7.42011269564575e-10,TRUE
"Vitvi14g01865",3,-0.469223635562852,0.00389036020229628,1,0.00516366240018047,FALSE
"Vitvi14g01868",58,-0.454322865822607,0.00537760984106566,1,0.00696939820256732,FALSE
"Vitvi14g01874",691,0.677660032186582,5.62412386810306e-06,0.0395713355359731,1.67959828251159e-05,TRUE
"Vitvi14g01881",93,-0.538122002500631,0.00071128356377806,1,0.00121117888546525,FALSE
"Vitvi14g01897",18,-0.361208523069797,0.0304309864021485,1,0.0341541586099086,FALSE
"Vitvi14g01910",1723,-0.706214555739967,1.4919087330318e-06,0.0104970698456117,5.17606994359553e-06,TRUE
"Vitvi14g01911",123,-0.617046562867391,6.11763032283906e-05,0.430436469514956,0.000134890777033831,FALSE
"Vitvi14g01916",176,-0.48468611999998,0.00273778266345129,1,0.00423472834636439,FALSE
"Vitvi14g01917",72,-0.322574106298156,0.0550116925317249,1,0.0596673760834309,FALSE
"Vitvi14g01920",96,-0.556734056756734,0.000421261179223091,1,0.000755542609486023,FALSE
"Vitvi14g01921",865,-0.750289519408583,1.37448227308175e-07,0.000967085727340323,6.46880085177473e-07,TRUE
"Vitvi14g01922",1158,-0.796603687273311,6.20273486393306e-09,4.3642442502633e-05,4.97633323861266e-08,TRUE
"Vitvi14g01926",6,-0.731763852262692,3.96103875756545e-07,0.00278698686982305,1.612037906752e-06,TRUE
"Vitvi14g01928",21,-0.57638349405403,0.000234110207241294,1,0.000441017247161913,FALSE
"Vitvi14g01929",275,-0.484754956984147,0.00273340432550801,1,0.00423472834636439,FALSE
"Vitvi14g01932",46,0.478898349698169,0.00312849885508842,1,0.00423472834636439,FALSE
"Vitvi14g01946",3,-0.577383292713601,0.000226988801827679,1,0.000430483344921711,FALSE
"Vitvi14g01960",1207,-0.795031130674243,6.97859878670635e-09,4.91014210632659e-05,5.57970693900749e-08,TRUE
"Vitvi14g01965",30,-0.469223635562852,0.00389036020229628,1,0.00516366240018047,FALSE
"Vitvi14g01967",185,-0.602696642800707,0.000100304716366618,0.705743984355526,0.00020739228535204,FALSE
"Vitvi14g01975",34,0.466372402167214,0.00414355138051984,1,0.00548626787981514,FALSE
"Vitvi14g01977",537,-0.631396482934074,3.63959573998368e-05,0.256081956265252,8.4907810432777e-05,FALSE
"Vitvi14g01985",328,0.849805034798334,5.53912244528736e-11,3.89732655250419e-07,1.12314886239314e-09,TRUE
"Vitvi14g01987",1159,-0.801235104059783,4.35732915544007e-09,3.06581679376763e-05,3.7617383972609e-08,TRUE
"Vitvi14g01991",101,0.275729352856521,0.103584434864025,1,0.109448878766072,FALSE
"Vitvi14g01992",965,-0.680676474781128,4.92239733135686e-06,0.0346339876234269,1.49027485470856e-05,TRUE
"Vitvi14g01996",992,-0.478898349698169,0.00312849885508842,1,0.00423472834636439,FALSE
"Vitvi14g02000",797,-0.609132556216191,8.05930710257105e-05,0.567052847736899,0.000170696221474082,FALSE
"Vitvi14g02004",646,0.704684849121036,1.6080927404707e-06,0.0113145405219519,5.5627042880786e-06,TRUE
"Vitvi14g02006",684,-0.387447841800455,0.0195609632394898,1,0.0227226246249052,FALSE
"Vitvi14g02009",384,-0.589483118918895,0.000154932061894313,1,0.000305265188319346,FALSE
"Vitvi14g02010",1609,-0.87985813675672,1.58515090510686e-12,1.11531217683319e-08,1.19926040519698e-10,TRUE
"Vitvi14g02029",4,0.440199493156902,0.00721598030084792,1,0.0091021221579,FALSE
"Vitvi14g02034",84,0.816811769737353,1.23759826433005e-09,8.70774138782626e-06,1.26935005653447e-08,TRUE
"Vitvi14g02039",5,-0.149958069097406,0.382692613049351,1,0.388154133691111,FALSE
"Vitvi14g02043",1862,-0.786910286645053,1.26255375988571e-08,8.88332825455586e-05,9.51299833542963e-08,TRUE
"Vitvi14g02430",71,-0.632960294151274,3.43391503021161e-05,0.241610261525689,8.16802777301181e-05,FALSE
"Vitvi14g02444",799,-0.504335557297276,0.00171027946825786,1,0.00274362205623858,FALSE
"Vitvi14g02463",1042,-0.745986927832182,1.77160876753437e-07,0.00124650392883718,8.08368306638897e-07,TRUE
"Vitvi14g02469",48,0.694712517970911,2.59273082141354e-06,0.0182424540594657,8.36809819241548e-06,TRUE
"Vitvi14g02476",28,-0.423322641967163,0.0100959760440297,1,0.0124667054134421,FALSE
"Vitvi14g02489",683,-0.717942306485107,8.26214599507406e-07,0.00581324592213411,3.10039782513819e-06,TRUE
"Vitvi14g02490",370,-0.798754929881148,5.27034919958902e-09,3.70821769683084e-05,4.29689188508788e-08,TRUE
"Vitvi14g02491",717,-0.751595852101597,1.27126181928121e-07,0.000894459816046258,6.46880085177473e-07,TRUE
"Vitvi14g02493",939,-0.734769079293352,3.35592859601083e-07,0.00236123136015322,1.40717005968607e-06,TRUE
"Vitvi14g02494",770,-0.667461988060373,8.72733258323926e-06,0.0614055120556714,2.49920683987267e-05,FALSE
"Vitvi14g02495",838,-0.819235825519126,1.00667411024502e-09,7.08295903968394e-06,1.26031299638504e-08,TRUE
"Vitvi14g02497",416,-0.550184244324302,0.000508303496349478,1,0.000891209419465469,FALSE
"Vitvi14g02522",30,-0.382151208345003,0.0214447164072558,1,0.0246423362145112,FALSE
"Vitvi14g02523",43,0.61800147404826,5.91451483447621e-05,0.416145263753746,0.000131983908580319,FALSE
"Vitvi14g02557",199,-0.478898349698169,0.00312849885508842,1,0.00423472834636439,FALSE
"Vitvi14g02558",238,-0.423322641967163,0.0100959760440297,1,0.0124667054134421,FALSE
"Vitvi14g02563",112,-0.372476494209687,0.0252748166470032,1,0.0287152607667228,FALSE
"Vitvi14g02568",1358,-0.673070912329788,6.86813950157651e-06,0.0483242295330923,2.00598711220807e-05,TRUE
"Vitvi14g02580",92,-0.789157076468506,1.07431838963728e-08,7.55890418948789e-05,8.2162002059651e-08,TRUE
"Vitvi14g02582",1406,-0.748744122259241,1.50654856102604e-07,0.00106000756753792,7.03389228625033e-07,TRUE
"Vitvi14g02586",743,-0.678679836599203,5.37727468533649e-06,0.0378345046860275,1.6079262509999e-05,TRUE
"Vitvi14g02607",94,0.750289519408583,1.37448227308174e-07,0.00096708572734031,6.46880085177473e-07,TRUE
"Vitvi14g02608",240,-0.688537295588947,3.4525245843369e-06,0.0242919629753944,1.07964279890642e-05,TRUE
"Vitvi14g02617",126,-0.645746403000758,2.10820008752169e-05,0.148332958158026,5.29571432195744e-05,FALSE
"Vitvi14g02633",51,-0.534240357609264,0.00079040448073202,1,0.00133845629998327,FALSE
"Vitvi14g02637",10,0.478898349698169,0.00312849885508842,1,0.00423472834636439,FALSE
"Vitvi14g02645",5,0.664410597026749,9.92134639857315e-06,0.0698065932603606,2.82160845838159e-05,FALSE
"Vitvi14g02647",6,0.430524779021586,0.00876561976487691,1,0.0108621965979086,FALSE
"Vitvi14g02655",84,0.729495716735492,4.48250799599695e-07,0.00315389262598345,1.80738832434583e-06,TRUE
"Vitvi14g02659",130,0.701115533676863,1.9121456150538e-06,0.0134538565475186,6.43417338475313e-06,TRUE
"Vitvi14g02663",74,-0.750289519408583,1.37448227308175e-07,0.000967085727340323,6.46880085177473e-07,TRUE
"Vitvi14g02674",310,0.478898349698169,0.00312849885508842,1,0.00423472834636439,FALSE
"Vitvi14g02690",159,-0.36280178007437,0.0296534634974876,1,0.0332921284774729,FALSE
"Vitvi14g02693",8,0.617046562867391,6.11763032283901e-05,0.430436469514953,0.000134890777033831,FALSE
"Vitvi14g02695",3,-0.552471922567315,0.000476236747738388,1,0.000841064698064083,FALSE
"Vitvi14g02707",94,-0.750289519408583,1.37448227308175e-07,0.000967085727340323,6.46880085177473e-07,TRUE
"Vitvi14g02720",15,0.478898349698169,0.00312849885508842,1,0.00423472834636439,FALSE
"Vitvi14g02729",45,0.581171762700682,0.000201731083518181,1,0.0003846558004428,FALSE
"Vitvi14g02749",7,-0.648139317099564,1.9194410918855e-05,0.135051875225063,5.21435811679782e-05,FALSE
"Vitvi14g02757",588,-0.55885762556771,0.000396041802305422,1,0.000715233603958152,FALSE
"Vitvi14g02758",1332,-0.87985813675672,1.58515090510686e-12,1.11531217683319e-08,1.19926040519698e-10,TRUE
"Vitvi14g02762",23,0.255253678042923,0.132971373722395,1,0.139120681860338,FALSE
"Vitvi14g02829",774,-0.466229289838256,0.00415662745516068,1,0.00549840774102473,FALSE
"Vitvi14g02857",37,0.816811769737353,1.23759826433005e-09,8.70774138782626e-06,1.26935005653447e-08,TRUE
"Vitvi14g02869",128,-0.745766996662678,1.79450154533177e-07,0.00126261128729543,8.16167606525813e-07,TRUE
"Vitvi14g02888",35,0.601264219389996,0.000105242977616435,0.740489590509234,0.00021588617799103,FALSE
"Vitvi14g02912",269,-0.550184244324302,0.000508303496349478,1,0.000891209419465469,FALSE
"Vitvi14g02915",8,-0.478898349698169,0.00312849885508842,1,0.00423472834636439,FALSE
"Vitvi14g02920",1051,-0.808995377700137,2.36091949141347e-09,1.66114295415852e-05,2.16294655489392e-08,TRUE
"Vitvi14g02923",45,-0.794580836444235,7.21678374108012e-09,5.07772904022397e-05,5.73107115149439e-08,TRUE
"Vitvi14g02924",894,-0.645746403000758,2.10820008752169e-05,0.148332958158026,5.29571432195744e-05,FALSE
"Vitvi14g02927",30,-0.295078781127154,0.0806150363631191,1,0.0860317603292744,FALSE
"Vitvi14g02928",720,-0.615682368648623,6.41873880190989e-05,0.45162246210238,0.000140604751588537,FALSE
"Vitvi14g02929",327,-0.617046562867391,6.11763032283906e-05,0.430436469514956,0.000134890777033831,FALSE
"Vitvi14g02930",968,-0.725588629880729,5.53108756705168e-07,0.00389167321217756,2.16084020665051e-06,TRUE
"Vitvi14g02934",96,-0.416859321320387,0.0114323201086836,1,0.0139153817297706,FALSE
"Vitvi14g02935",32,0.767462036565592,4.73405239501661e-08,0.000333087926513369,3.16322817201682e-07,TRUE
"Vitvi14g02946",1339,-0.770571520872961,3.86558367942699e-08,0.000271982467684483,2.65348748960472e-07,TRUE
"Vitvi14g02948",1207,-0.645026290982713,2.1682165883838e-05,0.152555719158684,5.41169631637767e-05,FALSE
"Vitvi14g02997",1499,-0.678679836599203,5.37727468533649e-06,0.0378345046860275,1.6079262509999e-05,TRUE
"Vitvi14g03000",135,-0.57638349405403,0.000234110207241294,1,0.000441017247161913,FALSE
"Vitvi14g03011",5,-0.420850064886269,0.010590608809886,1,0.0129098273711639,FALSE
"Vitvi14g03012",16,0.615961865223018,6.3559793836054e-05,0.447206709430476,0.000139839496382263,FALSE
"Vitvi14g03013",4,-0.65798725895509,1.29347424789739e-05,0.0910088480820603,3.60288393040619e-05,FALSE
"Vitvi14g03015",72,0.764183769768002,5.84225956778779e-08,0.000411061383189549,3.81318537281591e-07,TRUE
"Vitvi14g03020",1021,-0.750289519408583,1.37448227308175e-07,0.000967085727340323,6.46880085177473e-07,TRUE
"Vitvi14g03025",245,-0.762913362514686,6.33270577135278e-08,0.000445569178072382,4.10284694357626e-07,TRUE
"Vitvi14g03030",232,-0.478898349698169,0.00312849885508842,1,0.00423472834636439,FALSE
"Vitvi14g03031",709,-0.645746403000758,2.10820008752169e-05,0.148332958158026,5.29571432195744e-05,FALSE
"Vitvi14g03032",218,-0.602696642800707,0.000100304716366618,0.705743984355526,0.00020739228535204,FALSE
"Vitvi14g03033",91,-0.478898349698169,0.00312849885508842,1,0.00423472834636439,FALSE
"Vitvi14g03036",233,-0.530534807027005,0.000873110001630482,1,0.00146231896488266,FALSE
"Vitvi14g03037",40,0.371592691999985,0.0256512223810728,1,0.0291381983650675,FALSE
"Vitvi14g03041",228,-0.534240357609264,0.00079040448073202,1,0.00133845629998327,FALSE
"Vitvi14g03042",142,-0.564073520876886,0.000339718530989019,1,0.000625067882855319,FALSE
"Vitvi14g03044",11,-0.260925981999432,0.124276234876396,1,0.130645090182328,FALSE
"Vitvi14g03047",67,-0.491235932432412,0.00234756968614635,1,0.00369932817731818,FALSE
"Vitvi14g03050",226,-0.478898349698169,0.00312849885508842,1,0.00423472834636439,FALSE
"Vitvi14g03052",9,0.620609849387347,5.39036718218734e-05,0.379266234938701,0.000120708540718874,FALSE
"Vitvi14g03055",251,-0.617635398230181,5.99164994263241e-05,0.421572489963616,0.000133620440558991,FALSE
"Vitvi14g03056",160,-0.268105655567556,0.113886766584875,1,0.12019008394948,FALSE
"Vitvi14g03057",147,-0.645310738915201,2.14432683486358e-05,0.150874836101001,5.36539246447374e-05,FALSE
"Vitvi14g03060",3,0.469223635562852,0.00389036020229627,1,0.00516366240018047,FALSE
"Vitvi14g03069",5,-0.328993629477545,0.0500866756793614,1,0.0546795733250563,FALSE
"Vitvi14g03072",87,-0.187120910146982,0.274485918412745,1,0.281036513671722,FALSE
"Vitvi14g03074",610,-0.551138597590256,0.00049469983025483,1,0.000873233318031356,FALSE
"Vitvi14g03075",85,-0.596032931351327,0.000125192354329375,0.88085340506148,0.000252538246863957,FALSE
"Vitvi14g03076",267,0.777930977128823,2.36240936031355e-08,0.000166219122591661,1.68579231837385e-07,TRUE
"Vitvi14g03078",12,-0.638571442967416,2.77964224488528e-05,0.195575628350128,6.71158642244777e-05,FALSE
"Vitvi14g03084",88,-0.266054638721205,0.116785634586865,1,0.122991127818169,FALSE
"Vitvi14g03089",35,-0.497785744864844,0.00200686623174574,1,0.00318670972840512,FALSE
"Vitvi14g03092",54,-0.675869556053279,6.0826788685198e-06,0.0427977285189053,1.80125120029063e-05,TRUE
"Vitvi14g03121",1400,-0.750289519408583,1.37448227308175e-07,0.000967085727340323,6.46880085177473e-07,TRUE
"Vitvi14g04000",541,-0.783394258152665,1.61926462779259e-08,0.000113931459211486,1.19050636584626e-07,TRUE
"Vitvi14g04012",9,-0.527981513657892,0.000934466565928777,1,0.00155951298811074,FALSE
"Vitvi14g04026",6,0.343452351803737,0.0402822983143647,1,0.0443754894222436,FALSE
"Vitvi14g04030",867,-0.701115533676863,1.91214561505384e-06,0.0134538565475188,6.43417338475313e-06,TRUE
"Vitvi14g04042",506,-0.751595852101597,1.27126181928121e-07,0.000894459816046258,6.46880085177473e-07,TRUE
"Vitvi14g04043",731,-0.82902360477862,4.23397938922474e-10,2.97902789825853e-06,6.54731406210665e-09,TRUE
"Vitvi14g04045",815,-0.814115601609632,1.55170655744904e-09,1.09178073382114e-05,1.51216168119272e-08,TRUE
"Vitvi14g04048",1358,-0.589483118918895,0.000154932061894313,1,0.000305265188319346,FALSE
"Vitvi14g04088",11,-0.411175350750953,0.0127285678576514,1,0.0152881876829012,FALSE
"Vitvi14g04108",259,-0.411175350750953,0.0127285678576514,1,0.0152881876829012,FALSE
"Vitvi14g04114",12,0.285404066991838,0.0915479263669639,1,0.0970661859430317,FALSE
"Vitvi14g04148",92,-0.697693386650656,2.25225754908549e-06,0.0158468841153655,7.43985169735475e-06,TRUE
"Vitvi14g04151",10,-0.688537295588947,3.4525245843369e-06,0.0242919629753944,1.07964279890642e-05,TRUE
"Vitvi14g04154",78,-0.459548921427535,0.00480814938579871,1,0.00625788736190894,FALSE
"Vitvi14g04155",1194,-0.685818467487549,3.90794358777023e-06,0.0274962910835514,1.2123585133841e-05,TRUE
"Vitvi14g04165",9,0.504835052129336,0.00168932914938266,1,0.00271682740458433,FALSE
"Vitvi14g04166",7,0.420850064886269,0.010590608809886,1,0.0129098273711639,FALSE
"Vitvi14g04174",398,-0.372476494209687,0.0252748166470032,1,0.0287152607667228,FALSE
"Vitvi14g04206",312,-0.61851137625457,5.80856920924257e-05,0.408690929562307,0.000129866834941947,FALSE
"Vitvi14g04211",26,-0.78614122014942,1.33370290085775e-08,9.38393361043516e-05,9.97229926719996e-08,TRUE
"Vitvi14g04239",23,0.679183231013444,5.25910883818646e-06,0.0370030897854799,1.58811544143691e-05,TRUE
"Vitvi14g04241",55,0.738010125038231,2.79952995136728e-07,0.00196974927378202,1.20661879428203e-06,TRUE
"Vitvi14g04244",187,-0.343452351803737,0.0402822983143647,1,0.0443754894222436,FALSE
"Vitvi14g04248",92,-0.750289519408583,1.37448227308175e-07,0.000967085727340323,6.46880085177473e-07,TRUE
"Vitvi14g04255",102,-0.750289519408583,1.37448227308175e-07,0.000967085727340323,6.46880085177473e-07,TRUE
"Vitvi14g04262",3,0.509455846512001,0.00150595314155585,1,0.00243007036715483,FALSE
"Vitvi14g04277",11,0.145117725976146,0.398411871806843,1,0.403923044673336,FALSE
"Vitvi14g04285",215,-0.623953435216034,4.77998991152752e-05,0.336320090175076,0.000108315649009688,FALSE
"Vitvi14g04301",486,-0.614434627005383,6.70579321707088e-05,0.471819610753107,0.000146209981640256,FALSE
"Vitvi14g04315",9,0.382151208345003,0.0214447164072558,1,0.0246423362145112,FALSE
"Vitvi14g04415",14,-0.714710298520184,9.75165171487901e-07,0.00686126214658887,3.6054977123431e-06,TRUE
"Vitvi14g04416",30,-0.816811769737353,1.23759826433008e-09,8.70774138782648e-06,1.26935005653447e-08,TRUE
"Vitvi14g04418",10,-0.648431430810784,1.89748243923069e-05,0.133506864424271,5.16667431982474e-05,FALSE
"Vitvi14g04420",25,-0.736395269049165,3.06516025902312e-07,0.00215664675824867,1.29840262387036e-06,TRUE
"Vitvi14g04425",43,-0.719413407498765,7.65599059629684e-07,0.00538675498355446,2.89610482986801e-06,TRUE
"Vitvi14g04428",5,-0.478898349698169,0.00312849885508842,1,0.00423472834636439,FALSE
"Vitvi14g04439",22,-0.487976411439096,0.00253521550791026,1,0.0039792788075317,FALSE
"Vitvi14g04448",27,-0.782777945998297,1.69065981695937e-08,0.000118954824721261,1.23525259315951e-07,TRUE
"Vitvi14g04449",77,-0.750289519408583,1.37448227308175e-07,0.000967085727340323,6.46880085177473e-07,TRUE
"Vitvi14g04450",83,-0.750289519408583,1.37448227308175e-07,0.000967085727340323,6.46880085177473e-07,TRUE
"Vitvi14g04456",6,0.724071956759764,5.99562518249329e-07,0.00421852187840228,2.33454448168361e-06,TRUE
"Vitvi14g04457",658,-0.750289519408583,1.37448227308175e-07,0.000967085727340323,6.46880085177473e-07,TRUE
"Vitvi14g04475",5,-0.750289519408583,1.37448227308175e-07,0.000967085727340323,6.46880085177473e-07,TRUE
"Vitvi14g04477",30,0.680818267611492,4.8914707287827e-06,0.0344163880477151,1.49027485470856e-05,TRUE
"Vitvi14g04479",236,0.688537295588947,3.45252458433688e-06,0.0242919629753943,1.07964279890642e-05,TRUE
"Vitvi14g04481",83,-0.229598721066936,0.177963822871192,1,0.184547304012043,FALSE
"Vitvi14g04485",333,0.733578992432402,3.5845764659731e-07,0.00252210800145867,1.50125476277302e-06,TRUE
"Vitvi14g04494",15,-0.480722322233897,0.00300044009732611,1,0.00423472834636439,FALSE
"Vitvi14g04501",60,0.843394676225792,1.07010543191962e-10,7.52926181898647e-07,2.05156997792547e-09,TRUE
"Vitvi14g04505",14,-0.731763852262692,3.96103875756545e-07,0.00278698686982305,1.612037906752e-06,TRUE
"Vitvi14g04515",3,-0.552682403185747,0.000473378889663964,1,0.000841064698064083,FALSE
"Vitvi14g04517",97,0.572225241877469,0.000265923555645673,1,0.000497881356445705,FALSE
"Vitvi14g04518",5,-0.645746403000758,2.10820008752169e-05,0.148332958158026,5.29571432195744e-05,FALSE
"Vitvi14g04524",7,0.731763852262692,3.96103875756544e-07,0.00278698686982305,1.612037906752e-06,TRUE
"Vitvi14g04526",1373,-0.801482699360702,4.27473601056034e-09,3.00770425703025e-05,3.69951323127952e-08,TRUE
"Vitvi14g04536",111,0.304753495262471,0.0707229426338605,1,0.0757507420264641,FALSE
"Vitvi14g04539",1010,-0.36280178007437,0.0296534634974876,1,0.0332921284774729,FALSE
"Vitvi14g04551",1060,-0.372476494209687,0.0252748166470032,1,0.0287152607667228,FALSE
"Vitvi14g04566",456,0.478898349698169,0.00312849885508842,1,0.00423472834636439,FALSE
"Vitvi14g04573",6,0.39182592248032,0.0181099832764267,1,0.0210649433514528,FALSE
"Vitvi14g04574",466,-0.829206253945912,4.16395808125559e-10,2.92976090597143e-06,6.54731406210665e-09,TRUE
"Vitvi14g04584",4,-0.333777637668421,0.0466511603903606,1,0.0510240268158833,FALSE
"Vitvi14g04585",3,-0.315698241467037,0.0607065836515666,1,0.0657428848041284,FALSE
"Vitvi14g04588",33,-0.782777945998297,1.69065981695937e-08,0.000118954824721261,1.23525259315951e-07,TRUE
"Vitvi14g04590",1245,-0.824356049428621,6.44165101155286e-10,4.53234565172859e-06,8.88695225829135e-09,TRUE
"Vitvi14g04619",3,-0.420850064886269,0.010590608809886,1,0.0129098273711639,FALSE
"Vitvi14g04629",1224,-0.478898349698169,0.00312849885508842,1,0.00423472834636439,FALSE
"Vitvi14g04632",82,0.750289519408583,1.37448227308174e-07,0.00096708572734031,6.46880085177473e-07,TRUE
"Vitvi14g04635",1052,-0.583705525682378,0.000186275389424891,1,0.000362353784902829,FALSE
"Vitvi14g04640",11,-0.430524779021586,0.00876561976487687,1,0.0108621965979086,FALSE
"Vitvi14g04644",132,-0.381406850320213,0.0217211477857148,1,0.0249477629481373,FALSE
"Vitvi14g04653",17,-0.854242196177249,3.44851741255845e-11,2.42637685147612e-07,7.42011269564575e-10,TRUE
"Vitvi14g04661",20,0.653029766892656,1.58058280040138e-05,0.111209805836241,4.34583063056824e-05,FALSE
"Vitvi14g04662",7,-0.539664117584992,0.00068185379122198,1,0.00117127033081979,FALSE
"Vitvi14g04667",897,-0.57638349405403,0.000234110207241294,1,0.000441017247161913,FALSE
"Vitvi14g04673",26,-0.49093017936611,0.00236463986221342,1,0.00372122703433989,FALSE
"Vitvi14g04677",21,-0.58383802622546,0.000185497190684383,1,0.000360939777006448,FALSE
"Vitvi14g04689",23,0.645746403000758,2.10820008752171e-05,0.148332958158028,5.29571432195744e-05,FALSE
"Vitvi15g00017",11,-0.478898349698169,0.00312849885508842,1,0.00423472834636439,FALSE
"Vitvi15g00037",8,-0.42573780810809,0.00963192720412472,1,0.0119083183637711,FALSE
"Vitvi15g00062",1177,-0.596032931351327,0.000125192354329375,0.88085340506148,0.000252538246863957,FALSE
"Vitvi15g00076",62,0.478898349698169,0.00312849885508842,1,0.00423472834636439,FALSE
"Vitvi15g00084",6,-0.638571442967416,2.77964224488528e-05,0.195575628350128,6.71158642244777e-05,FALSE
"Vitvi15g00110",23,-0.748744122259241,1.50654856102604e-07,0.00106000756753792,7.03389228625033e-07,TRUE
"Vitvi15g00122",37,0.692957098375895,2.81464744204827e-06,0.0198038594022516,9.04285817454412e-06,TRUE
"Vitvi15g00244",13,0.304753495262471,0.0707229426338605,1,0.0757507420264641,FALSE
"Vitvi15g00263",7,-0.788450249954806,1.13052940705564e-08,7.95440490804347e-05,8.58080356854743e-08,TRUE
"Vitvi15g00287",68,0.523392837657807,0.00105437120516304,1,0.00174226298720693,FALSE
"Vitvi15g00301",26,-0.631396482934074,3.63959573998368e-05,0.256081956265252,8.4907810432777e-05,FALSE
"Vitvi15g00331",65,-0.854242196177249,3.44851741255845e-11,2.42637685147612e-07,7.42011269564575e-10,TRUE
"Vitvi15g00335",9,0.435353177928437,0.00796004100888778,1,0.00999408432165142,FALSE
"Vitvi15g00380",33,0.605763821096809,9.04256913355853e-05,0.636235164237178,0.000190432554396043,FALSE
"Vitvi15g00396",57,0.645746403000758,2.10820008752171e-05,0.148332958158028,5.29571432195744e-05,FALSE
"Vitvi15g00419",10,-0.652314954998581,1.62645051497972e-05,0.114437058233973,4.46322380007696e-05,FALSE
"Vitvi15g00424",172,-0.638571442967416,2.77964224488528e-05,0.195575628350128,6.71158642244777e-05,FALSE
"Vitvi15g00431",28,-0.295078781127154,0.0806150363631191,1,0.0860317603292744,FALSE
"Vitvi15g00447",152,-0.538122002500631,0.00071128356377806,1,0.00121117888546525,FALSE
"Vitvi15g00459",833,-0.661853063790958,1.10347350043172e-05,0.0776403954903761,3.10065477197988e-05,FALSE
"Vitvi15g00478",319,0.401500636615636,0.0152203400780549,1,0.017965158998355,FALSE
"Vitvi15g00511",6,0.423322641967163,0.0100959760440297,1,0.0124667054134421,FALSE
"Vitvi15g00522",46,-0.512022390949454,0.00141185860889515,1,0.00229418872336866,FALSE
"Vitvi15g00523",49,0.722501018689747,6.51436181894005e-07,0.00458350497580622,2.5156448824403e-06,TRUE
"Vitvi15g00526",1492,-0.645746403000758,2.10820008752169e-05,0.148332958158026,5.29571432195744e-05,FALSE
"Vitvi15g00528",398,-0.819760771205674,9.62256253728296e-10,6.77043500123229e-06,1.23773948834228e-08,TRUE
"Vitvi15g00537",1139,-0.915131704983516,5.69195940578046e-15,4.00486263790713e-11,6.67477106317856e-12,TRUE
"Vitvi15g00539",115,-0.39182592248032,0.0181099832764267,1,0.0210649433514528,FALSE
"Vitvi15g00547",3,0.566782917463635,0.000313382159426537,1,0.000578121886136633,FALSE
"Vitvi15g00577",1382,-0.36280178007437,0.0296534634974876,1,0.0332921284774729,FALSE
"Vitvi15g00579",8,0.478898349698169,0.00312849885508842,1,0.00423472834636439,FALSE
"Vitvi15g00616",104,0.440199493156902,0.00721598030084792,1,0.0091021221579,FALSE
"Vitvi15g00618",28,-0.453878845074328,0.00542856662126945,1,0.00703025855830151,FALSE
"Vitvi15g00619",1238,-0.750289519408583,1.37448227308175e-07,0.000967085727340323,6.46880085177473e-07,TRUE
"Vitvi15g00620",1550,-0.615682368648623,6.41873880190989e-05,0.45162246210238,0.000140604751588537,FALSE
"Vitvi15g00628",546,0.732192019057719,3.86909679732785e-07,0.00272229650659987,1.612037906752e-06,TRUE
"Vitvi15g00641",672,-0.710284805204577,1.21921671985295e-06,0.00857840884088538,4.3589475817507e-06,TRUE
"Vitvi15g00644",12,-0.645746403000758,2.10820008752169e-05,0.148332958158026,5.29571432195744e-05,FALSE
"Vitvi15g00687",1546,-0.719413407498765,7.65599059629684e-07,0.00538675498355446,2.89610482986801e-06,TRUE
"Vitvi15g00690",1636,-0.841349263307803,1.31223219777413e-10,9.23286574353881e-07,2.48864305755763e-09,TRUE
"Vitvi15g00691",9,0.469223635562852,0.00389036020229627,1,0.00516366240018047,FALSE
"Vitvi15g00704",10,0.469223635562852,0.00389036020229627,1,0.00516366240018047,FALSE
"Vitvi15g00706",71,0.469223635562852,0.00389036020229627,1,0.00516366240018047,FALSE
"Vitvi15g00708",193,-0.559646882600657,0.000387017462770897,1,0.000700014104898731,FALSE
"Vitvi15g00714",1064,-0.712333382215692,1.10001840416097e-06,0.00773972949167661,3.98544258067803e-06,TRUE
"Vitvi15g00715",19,-0.478898349698169,0.00312849885508842,1,0.00423472834636439,FALSE
"Vitvi15g00721",894,-0.78614122014942,1.33370290085775e-08,9.38393361043516e-05,9.97229926719996e-08,TRUE
"Vitvi15g00727",130,-0.645746403000758,2.10820008752169e-05,0.148332958158026,5.29571432195744e-05,FALSE
"Vitvi15g00741",3,0.631396482934074,3.63959573998373e-05,0.256081956265255,8.4907810432777e-05,FALSE
"Vitvi15g00744",17,-0.478898349698169,0.00312849885508842,1,0.00423472834636439,FALSE
"Vitvi15g00746",32,0.609871602834049,7.8569440725387e-05,0.552814584943823,0.000168028749223046,FALSE
"Vitvi15g00753",774,-0.645746403000758,2.10820008752169e-05,0.148332958158026,5.29571432195744e-05,FALSE
"Vitvi15g00762",11,-0.404477066018619,0.0144134798599693,1,0.0172647674999565,FALSE
"Vitvi15g00763",577,-0.741026685835638,2.35927407095584e-07,0.00165998523632453,1.03878925927694e-06,TRUE
"Vitvi15g00767",242,-0.645026290982713,2.1682165883838e-05,0.152555719158684,5.41169631637767e-05,FALSE
"Vitvi15g00771",459,-0.740378003562767,2.44817524107697e-07,0.00172253609962176,1.07457024305787e-06,TRUE
"Vitvi15g00774",1139,-0.478898349698169,0.00312849885508842,1,0.00423472834636439,FALSE
"Vitvi15g00775",792,-0.75441642621575,1.07231136608592e-07,0.00075447827717805,6.45957429090799e-07,TRUE
"Vitvi15g00787",47,-0.645746403000758,2.10820008752169e-05,0.148332958158026,5.29571432195744e-05,FALSE
"Vitvi15g00789",451,-0.517435182162141,0.00123020463625639,1,0.00201765030785547,FALSE
"Vitvi15g00795",112,0.750289519408583,1.37448227308174e-07,0.00096708572734031,6.46880085177473e-07,TRUE
"Vitvi15g00804",1128,-0.87985813675672,1.58515090510686e-12,1.11531217683319e-08,1.19926040519698e-10,TRUE
"Vitvi15g00805",123,-0.678679836599203,5.37727468533649e-06,0.0378345046860275,1.6079262509999e-05,TRUE
"Vitvi15g00811",105,0.472404512220219,0.00362382949746206,1,0.00487519394725488,FALSE
"Vitvi15g00812",361,0.60627372330312,8.88711732469851e-05,0.625297574965787,0.00018738315102361,FALSE
"Vitvi15g00816",1604,-0.382151208345003,0.0214447164072558,1,0.0246423362145112,FALSE
"Vitvi15g00818",3,0.545296962533973,0.000583320667650517,1,0.00101089759053917,FALSE
"Vitvi15g00826",53,0.449874207292219,0.00590725996608226,1,0.00756387281553318,FALSE
"Vitvi15g00830",26,0.721966426667834,6.70008486419513e-07,0.00471417971044769,2.58371267240497e-06,TRUE
"Vitvi15g00835",14,0.675004170824618,6.31632119611018e-06,0.0444416359358312,1.86338096167008e-05,TRUE
"Vitvi15g00847",10,0.632275226810785,3.52268606877485e-05,0.247856191798998,8.36786602967584e-05,FALSE
"Vitvi15g00863",744,-0.552471922567315,0.000476236747738388,1,0.000841064698064083,FALSE
"Vitvi15g00867",18,-0.129149280600152,0.452832844807881,1,0.458172547608319,FALSE
"Vitvi15g00876",1389,-0.706724457946277,1.45492503654476e-06,0.0102368525571289,5.07025881977659e-06,TRUE
"Vitvi15g00885",718,-0.748744122259241,1.50654856102604e-07,0.00106000756753792,7.03389228625033e-07,TRUE
"Vitvi15g00888",634,-0.866758511891856,8.29025229610732e-12,5.83302151554111e-08,2.88556436427387e-10,TRUE
"Vitvi15g00889",9,-0.401500636615636,0.0152203400780548,1,0.017965158998355,FALSE
"Vitvi15g00893",1060,-0.530534807027005,0.000873110001630482,1,0.00146231896488266,FALSE
"Vitvi15g00894",403,-0.819760771205674,9.62256253728296e-10,6.77043500123229e-06,1.23773948834228e-08,TRUE
"Vitvi15g00896",1560,-0.764183769768002,5.84225956778788e-08,0.000411061383189555,3.81318537281591e-07,TRUE
"Vitvi15g00899",25,0.645746403000758,2.10820008752171e-05,0.148332958158028,5.29571432195744e-05,FALSE
"Vitvi15g00901",535,0.609132556216191,8.05930710257105e-05,0.567052847736899,0.000170696221474082,FALSE
"Vitvi15g00906",41,0.521629957055586,0.00110392899663958,1,0.00181902679633633,FALSE
"Vitvi15g00912",65,-0.69471251797091,2.59273082141354e-06,0.0182424540594657,8.36809819241548e-06,TRUE
"Vitvi15g00913",1315,-0.798754929881148,5.27034919958902e-09,3.70821769683084e-05,4.29689188508788e-08,TRUE
"Vitvi15g00915",1089,-0.819760771205674,9.62256253728296e-10,6.77043500123229e-06,1.23773948834228e-08,TRUE
"Vitvi15g00916",108,-0.67618685082502,5.99900909659352e-06,0.042209028003632,1.77797085103761e-05,TRUE
"Vitvi15g00919",1080,-0.816055112076351,1.31919139564028e-09,9.28183065972501e-06,1.32597580853217e-08,TRUE
"Vitvi15g00921",879,-0.829476273338115,4.06241215706204e-10,2.85831319370885e-06,6.54731406210665e-09,TRUE
"Vitvi15g00928",14,-0.478898349698169,0.00312849885508842,1,0.00423472834636439,FALSE
"Vitvi15g00931",408,-0.743071818302731,2.0980841983956e-07,0.00147621204199115,9.29019535551383e-07,TRUE
"Vitvi15g00933",1504,-0.596032931351327,0.000125192354329375,0.88085340506148,0.000252538246863957,FALSE
"Vitvi15g00936",12,0.497785744864844,0.00200686623174575,1,0.00318670972840512,FALSE
"Vitvi15g00938",329,-0.785614592926366,1.38454480387096e-08,9.7416572400361e-05,1.03304954825409e-07,TRUE
"Vitvi15g00943",1752,-0.87985813675672,1.58515090510686e-12,1.11531217683319e-08,1.19926040519698e-10,TRUE
"Vitvi15g00947",1197,-0.866758511891856,8.29025229610732e-12,5.83302151554111e-08,2.88556436427387e-10,TRUE
"Vitvi15g00952",399,-0.645746403000758,2.10820008752169e-05,0.148332958158026,5.29571432195744e-05,FALSE
"Vitvi15g00960",663,0.794100180872517,7.47932451318884e-09,5.26245272747967e-05,5.89300417410937e-08,TRUE
"Vitvi15g00973",180,-0.816055112076351,1.31919139564028e-09,9.28183065972501e-06,1.32597580853217e-08,TRUE
"Vitvi15g01003",16,-0.478898349698169,0.00312849885508842,1,0.00423472834636439,FALSE
"Vitvi15g01011",1695,-0.829476273338115,4.06241215706204e-10,2.85831319370885e-06,6.54731406210665e-09,TRUE
"Vitvi15g01018",1806,-0.401500636615636,0.0152203400780548,1,0.017965158998355,FALSE
"Vitvi15g01019",680,-0.543634431891869,0.000610994698697925,1,0.00105263435358439,FALSE
"Vitvi15g01021",5,0.440199493156902,0.00721598030084792,1,0.0091021221579,FALSE
"Vitvi15g01027",3,0.430524779021586,0.00876561976487691,1,0.0108621965979086,FALSE
"Vitvi15g01028",783,-0.523984994594573,0.00103817108302138,1,0.00172196410658615,FALSE
"Vitvi15g01030",925,-0.786910286645053,1.26255375988571e-08,8.88332825455586e-05,9.51299833542963e-08,TRUE
"Vitvi15g01037",122,-0.189448284651298,0.268452807347512,1,0.275259975589784,FALSE
"Vitvi15g01048",61,-0.314428209397787,0.0618077618339936,1,0.0666175570257321,FALSE
"Vitvi15g01050",1231,-0.764183769768002,5.84225956778788e-08,0.000411061383189555,3.81318537281591e-07,TRUE
"Vitvi15g01059",286,0.609132556216191,8.05930710257105e-05,0.567052847736899,0.000170696221474082,FALSE
"Vitvi15g01063",93,-0.503280624130037,0.00175527745304602,1,0.0028130953430716,FALSE
"Vitvi15g01066",1206,-0.624221522900733,4.73386834040076e-05,0.333074976430597,0.000107478211174765,FALSE
"Vitvi15g01073",3,0.67618685082502,5.99900909659363e-06,0.0422090280036328,1.77797085103761e-05,TRUE
"Vitvi15g01075",72,0.561359157487907,0.000368067000659129,1,0.000671433605558111,FALSE
"Vitvi15g01078",1349,-0.759552352981529,7.81948005924383e-08,0.000550178616968396,4.90355273590371e-07,TRUE
"Vitvi15g01080",366,0.39182592248032,0.0181099832764267,1,0.0210649433514528,FALSE
"Vitvi15g01081",20,-0.028699840133367,0.868034272611499,1,0.870136649393718,FALSE
"Vitvi15g01083",109,0.579758808574976,0.000210840390772636,1,0.000401807418601373,FALSE
"Vitvi15g01090",20,0.478898349698169,0.00312849885508842,1,0.00423472834636439,FALSE
"Vitvi15g01094",10,0.478898349698169,0.00312849885508842,1,0.00423472834636439,FALSE
"Vitvi15g01101",13,0.440199493156902,0.00721598030084792,1,0.0091021221579,FALSE
"Vitvi15g01106",258,-0.609132556216191,8.05930710257105e-05,0.567052847736899,0.000170696221474082,FALSE
"Vitvi15g01108",1592,-0.796603687273311,6.20273486393306e-09,4.3642442502633e-05,4.97633323861266e-08,TRUE
"Vitvi15g01110",121,-0.650178047459433,1.77088036414799e-05,0.124599142421452,4.83692323064644e-05,FALSE
"Vitvi15g01117",468,-0.227355782179939,0.182356808244462,1,0.188852296556967,FALSE
"Vitvi15g01121",418,-0.411175350750953,0.0127285678576514,1,0.0152881876829012,FALSE
"Vitvi15g01123",40,-0.67618685082502,5.99900909659352e-06,0.042209028003632,1.77797085103761e-05,TRUE
"Vitvi15g01136",26,-0.796837019063017,6.09467731187234e-09,4.28821495663338e-05,4.93465472570009e-08,TRUE
"Vitvi15g01139",54,-0.631396482934074,3.63959573998368e-05,0.256081956265252,8.4907810432777e-05,FALSE
"Vitvi15g01150",287,-0.806340170265918,2.92063171751105e-09,2.05495647644077e-05,2.64133223192901e-08,TRUE
"Vitvi15g01151",7,0.469223635562852,0.00389036020229627,1,0.00516366240018047,FALSE
"Vitvi15g01160",1437,-0.401500636615636,0.0152203400780548,1,0.017965158998355,FALSE
"Vitvi15g01161",425,-0.791772806368201,8.88042451590357e-09,6.24826668938975e-05,6.90416208772348e-08,TRUE
"Vitvi15g01163",26,-0.36280178007437,0.0296534634974876,1,0.0332921284774729,FALSE
"Vitvi15g01170",11,0.638571442967416,2.77964224488528e-05,0.195575628350128,6.71158642244777e-05,FALSE
"Vitvi15g01178",1726,-0.689897685138033,3.24336512260011e-06,0.0228203170026144,1.02287391316067e-05,TRUE
"Vitvi15g01181",11,0.478898349698169,0.00312849885508842,1,0.00423472834636439,FALSE
"Vitvi15g01182",1177,-0.552471922567315,0.000476236747738388,1,0.000841064698064083,FALSE
"Vitvi15g01183",90,-0.582933306486462,0.000190869311580325,1,0.000367270530032874,FALSE
"Vitvi15g01184",14,-0.478898349698169,0.00312849885508842,1,0.00423472834636439,FALSE
"Vitvi15g01235",13,-0.478898349698169,0.00312849885508842,1,0.00423472834636439,FALSE
"Vitvi15g01239",32,-0.504835052129336,0.00168932914938266,1,0.00271682740458433,FALSE
"Vitvi15g01244",3,-0.440199493156902,0.00721598030084795,1,0.0091021221579,FALSE
"Vitvi15g01247",106,-0.750289519408583,1.37448227308175e-07,0.000967085727340323,6.46880085177473e-07,TRUE
"Vitvi15g01344",1388,-0.678679836599203,5.37727468533649e-06,0.0378345046860275,1.6079262509999e-05,TRUE
"Vitvi15g01388",1328,-0.685818467487549,3.90794358777023e-06,0.0274962910835514,1.2123585133841e-05,TRUE
"Vitvi15g01395",11,-0.625704236445456,4.48597482637101e-05,0.315633188783464,0.000103384601632317,FALSE
"Vitvi15g01417",9,-0.333777637668421,0.0466511603903606,1,0.0510240268158833,FALSE
"Vitvi15g01434",678,-0.615682368648623,6.41873880190989e-05,0.45162246210238,0.000140604751588537,FALSE
"Vitvi15g01455",223,0.687858076312791,3.56150588483326e-06,0.0250587554056868,1.1122394765063e-05,TRUE
"Vitvi15g01467",10,-0.444847522067189,0.00655916257134087,1,0.00836661853733763,FALSE
"Vitvi15g01483",84,0.854242196177249,3.4485174125585e-11,2.42637685147616e-07,7.42011269564575e-10,TRUE
"Vitvi15g01488",91,-0.796837019063017,6.09467731187234e-09,4.28821495663338e-05,4.93465472570009e-08,TRUE
"Vitvi15g01489",1135,-0.581171762700682,0.000201731083518182,1,0.0003846558004428,FALSE
"Vitvi15g01495",5,-0.504335557297276,0.00171027946825786,1,0.00274362205623858,FALSE
"Vitvi15g01496",42,-0.478898349698169,0.00312849885508842,1,0.00423472834636439,FALSE
"Vitvi15g01499",32,0.617046562867391,6.11763032283901e-05,0.430436469514953,0.000134890777033831,FALSE
"Vitvi15g01503",113,-0.447703622692365,0.00618157821670591,1,0.00790648688106577,FALSE
"Vitvi15g01504",74,0.703365690607165,1.71488287988333e-06,0.0120659159428591,5.86863615897817e-06,TRUE
"Vitvi15g01505",406,0.478898349698169,0.00312849885508842,1,0.00423472834636439,FALSE
"Vitvi15g01508",22,0.667461988060373,8.72733258323926e-06,0.0614055120556714,2.49920683987267e-05,FALSE
"Vitvi15g01514",11,0.638571442967416,2.77964224488528e-05,0.195575628350128,6.71158642244777e-05,FALSE
"Vitvi15g01518",18,-0.709190752161591,1.28762150888163e-06,0.00905970493649117,4.58275195830359e-06,TRUE
"Vitvi15g01524",312,0.537084619459437,0.000731709404133349,1,0.00124115413873729,FALSE
"Vitvi15g01539",356,-0.208006353909306,0.223466571725695,1,0.229836397991813,FALSE
"Vitvi15g01540",158,-0.504335557297276,0.00171027946825786,1,0.00274362205623858,FALSE
"Vitvi15g01541",41,0.713224436808306,1.05158989446501e-06,0.00739898649745581,3.82772193350016e-06,TRUE
"Vitvi15g01542",324,-0.393134601065353,0.0176941531854393,1,0.0208222214103949,FALSE
"Vitvi15g01543",50,0.684531130470243,4.1421809807533e-06,0.0291443853805802,1.28107188486067e-05,TRUE
"Vitvi15g01544",344,-0.633808442443884,3.32682188097717e-05,0.234075187545553,7.93475212018825e-05,FALSE
"Vitvi15g01549",93,-0.401500636615636,0.0152203400780548,1,0.017965158998355,FALSE
"Vitvi15g01553",3,-0.509422162367264,0.00150722386046954,1,0.00243007036715483,FALSE
"Vitvi15g01555",723,0.478898349698169,0.00312849885508842,1,0.00423472834636439,FALSE
"Vitvi15g01565",1318,-0.768815186554474,4.33607583457646e-08,0.0003050862957208,2.92508433097603e-07,TRUE
"Vitvi15g01574",70,-0.750289519408583,1.37448227308175e-07,0.000967085727340323,6.46880085177473e-07,TRUE
"Vitvi15g01605",31,0.178982211503356,0.296273865831986,1,0.302332548222459,FALSE
"Vitvi15g01606",18,-0.559646882600657,0.000387017462770897,1,0.000700014104898731,FALSE
"Vitvi15g01617",83,-0.823576516347011,6.90105235035939e-10,4.85558043371287e-06,9.41003960021873e-09,TRUE
"Vitvi15g01618",119,0.750289519408583,1.37448227308174e-07,0.00096708572734031,6.46880085177473e-07,TRUE
"Vitvi15g01627",336,0.737939074644656,2.81075640112032e-07,0.00197764820382825,1.20661879428203e-06,TRUE
"Vitvi15g01629",412,-0.751595852101597,1.27126181928121e-07,0.000894459816046258,6.46880085177473e-07,TRUE
"Vitvi15g01630",1455,-0.596032931351327,0.000125192354329375,0.88085340506148,0.000252538246863957,FALSE
"Vitvi15g01639",6,0.745766996662678,1.79450154533175e-07,0.00126261128729542,8.16167606525813e-07,TRUE
"Vitvi15g01646",244,-0.550184244324302,0.000508303496349478,1,0.000891209419465469,FALSE
"Vitvi15g01663",8,-0.595521682767366,0.000127313692999972,0.895779143947803,0.000254410435656862,FALSE
"Vitvi15g01667",15,-0.658986837051021,1.24168566581515e-05,0.087365003446754,3.46824150245153e-05,FALSE
"Vitvi15g01670",21,0.595591915433487,0.000127020372249762,0.893715339149327,0.000254410435656862,FALSE
"Vitvi15g01684",81,-0.439025799633294,0.00739047857153174,1,0.00931889018446188,FALSE
"Vitvi15g01686",82,-0.750289519408583,1.37448227308175e-07,0.000967085727340323,6.46880085177473e-07,TRUE
"Vitvi15g01687",321,-0.855663913087804,2.95293710251311e-11,2.07768654532823e-07,7.42011269564575e-10,TRUE
"Vitvi15g01693",204,-0.811754063090946,1.88607905379907e-09,1.32704522225303e-05,1.8178701674699e-08,TRUE
"Vitvi15g01705",13,-0.689145376478251,3.35755367526059e-06,0.0236237476591335,1.05699094671738e-05,TRUE
"Vitvi15g01730",61,0.748744122259241,1.50654856102604e-07,0.00106000756753792,7.03389228625033e-07,TRUE
"Vitvi15g01736",6,0.588346722734024,0.000160693769450826,1,0.000313631445729823,FALSE
"Vitvi15g01762",63,0.645746403000758,2.10820008752171e-05,0.148332958158028,5.29571432195744e-05,FALSE
"Vitvi15g04000",9,-0.638571442967416,2.77964224488528e-05,0.195575628350128,6.71158642244777e-05,FALSE
"Vitvi15g04001",761,-0.772337873929404,3.44038289581404e-08,0.000242065340549476,2.38488020245789e-07,TRUE
"Vitvi15g04045",5,-0.478898349698169,0.00312849885508842,1,0.00423472834636439,FALSE
"Vitvi15g04047",60,0.631396482934074,3.63959573998373e-05,0.256081956265255,8.4907810432777e-05,FALSE
"Vitvi15g04121",11,0.430524779021586,0.00876561976487691,1,0.0108621965979086,FALSE
"Vitvi15g04127",105,-0.49093017936611,0.00236463986221342,1,0.00372122703433989,FALSE
"Vitvi15g04128",66,0.668487432099847,8.356486158692e-06,0.0587962366125569,2.41025844528626e-05,FALSE
"Vitvi15g04150",8,-0.837970916250063,1.82656115104778e-10,1.28516842587722e-06,3.32945188051094e-09,TRUE
"Vitvi15g04151",383,-0.556734056756734,0.000421261179223091,1,0.000755542609486023,FALSE
"Vitvi15g04157",115,0.727314326124633,5.04289660877281e-07,0.00354818205393255,2.02175615608694e-06,TRUE
"Vitvi15g04163",56,-0.816811769737353,1.23759826433008e-09,8.70774138782648e-06,1.26935005653447e-08,TRUE
"Vitvi15g04167",9,-0.559646882600657,0.000387017462770897,1,0.000700014104898731,FALSE
"Vitvi15g04177",80,-0.853704063953446,3.65553367289875e-11,2.57203349225156e-07,7.81773097948802e-10,TRUE
"Vitvi15g04179",3,-0.556734056756734,0.000421261179223091,1,0.000755542609486023,FALSE
"Vitvi15g04196",45,-0.207530197968351,0.224552020792185,1,0.230919032197283,FALSE
"Vitvi15g04205",27,-0.816811769737353,1.23759826433008e-09,8.70774138782648e-06,1.26935005653447e-08,TRUE
"Vitvi15g04211",69,-0.69471251797091,2.59273082141354e-06,0.0182424540594657,8.36809819241548e-06,TRUE
"Vitvi15g04213",3,-0.848818436201521,6.14198049747315e-11,4.32149747802211e-07,1.22422024873147e-09,TRUE
"Vitvi15g04246",23,-0.638571442967416,2.77964224488528e-05,0.195575628350128,6.71158642244777e-05,FALSE
"Vitvi15g04268",74,-0.537084619459437,0.000731709404133355,1,0.00124115413873729,FALSE
"Vitvi15g04273",17,-0.645746403000758,2.10820008752169e-05,0.148332958158026,5.29571432195744e-05,FALSE
"Vitvi15g04287",95,0.602696642800707,0.000100304716366617,0.705743984355515,0.00020739228535204,FALSE
"Vitvi15g04365",103,-0.750289519408583,1.37448227308175e-07,0.000967085727340323,6.46880085177473e-07,TRUE
"Vitvi15g04368",35,0.727314326124633,5.04289660877281e-07,0.00354818205393255,2.02175615608694e-06,TRUE
"Vitvi15g04377",17,-0.805428356395692,3.13964896328467e-09,2.20905701056709e-05,2.78218767073941e-08,TRUE
"Vitvi15g04378",75,-0.816811769737353,1.23759826433008e-09,8.70774138782648e-06,1.26935005653447e-08,TRUE
"Vitvi15g04379",87,-0.816811769737353,1.23759826433008e-09,8.70774138782648e-06,1.26935005653447e-08,TRUE
"Vitvi15g04400",68,0.684531130470243,4.1421809807533e-06,0.0291443853805802,1.28107188486067e-05,TRUE
"Vitvi15g04415",57,0.323321325521036,0.0544193488123388,1,0.0590704316944794,FALSE
"Vitvi15g04438",21,0.12148894912528,0.480294171233804,1,0.485817968487787,FALSE
"Vitvi15g04440",14,0.380272881767113,0.0221479552944204,1,0.0254089374615265,FALSE
"Vitvi15g04441",9,0.645746403000758,2.10820008752171e-05,0.148332958158028,5.29571432195744e-05,FALSE
"Vitvi15g04452",13,-0.458911985679401,0.00487464027264742,1,0.0063280385532006,FALSE
"Vitvi15g04461",38,0.700574828840639,1.96254541153154e-06,0.0138084695155359,6.54740138242576e-06,TRUE
"Vitvi15g04464",8,-0.412638183243226,0.0123836432952852,1,0.0150200507198116,FALSE
"Vitvi15g04472",6,-0.279823441300328,0.0983522347340234,1,0.104139401593467,FALSE
"Vitvi15g04474",313,0.646642651042071,2.03561248738774e-05,0.143225694612601,5.29571432195744e-05,FALSE
"Vitvi15g04489",78,-0.552471922567315,0.000476236747738388,1,0.000841064698064083,FALSE
"Vitvi15g04491",196,-0.266054638721205,0.116785634586865,1,0.122991127818169,FALSE
"Vitvi15g04494",1653,-0.86248869203413,1.36941537166859e-11,9.63520655506023e-08,4.41981952066983e-10,TRUE
"Vitvi15g04497",45,0.398301843636655,0.0161294743669045,1,0.0190222899171204,FALSE
"Vitvi15g04501",3,-0.750289519408583,1.37448227308175e-07,0.000967085727340323,6.46880085177473e-07,TRUE
"Vitvi15g04507",55,-0.420850064886269,0.010590608809886,1,0.0129098273711639,FALSE
"Vitvi15g04508",15,0.333777637668421,0.0466511603903606,1,0.0510240268158833,FALSE
"Vitvi15g04512",5,-0.449874207292219,0.00590725996608227,1,0.00756387281553318,FALSE
"Vitvi15g04514",5,0.478898349698169,0.00312849885508842,1,0.00423472834636439,FALSE
"Vitvi15g04517",698,-0.537084619459437,0.000731709404133355,1,0.00124115413873729,FALSE
"Vitvi15g04526",113,-0.304753495262471,0.0707229426338605,1,0.0757507420264641,FALSE
"Vitvi15g04535",48,0.509422162367264,0.00150722386046954,1,0.00243007036715483,FALSE
"Vitvi15g04544",4,-0.57399680266734,0.000251925466762095,1,0.000472049955829054,FALSE
"Vitvi15g04555",33,0.850057408412866,5.39401967842226e-11,3.7952322457379e-07,1.10648170429676e-09,TRUE
"Vitvi15g04556",8,-0.648431430810784,1.89748243923069e-05,0.133506864424271,5.16667431982474e-05,FALSE
"Vitvi15g04596",265,-0.57399680266734,0.000251925466762095,1,0.000472049955829054,FALSE
"Vitvi15g04598",148,0.750289519408583,1.37448227308174e-07,0.00096708572734031,6.46880085177473e-07,TRUE
"Vitvi15g04599",30,0.854242196177249,3.4485174125585e-11,2.42637685147616e-07,7.42011269564575e-10,TRUE
"Vitvi15g04601",297,0.411175350750953,0.0127285678576514,1,0.0152881876829012,FALSE
"Vitvi15g04604",53,-0.854242196177249,3.44851741255845e-11,2.42637685147612e-07,7.42011269564575e-10,TRUE
"Vitvi15g04623",3,0.379889121081065,0.0222939643874285,1,0.0255722747684948,FALSE
"Vitvi15g04651",556,-0.478898349698169,0.00312849885508842,1,0.00423472834636439,FALSE
"Vitvi15g04652",55,-0.478898349698169,0.00312849885508842,1,0.00423472834636439,FALSE
"Vitvi15g04655",684,-0.631396482934074,3.63959573998368e-05,0.256081956265252,8.4907810432777e-05,FALSE
"Vitvi16g00022",7,-0.222423761033594,0.192285409209952,1,0.198929589648761,FALSE
"Vitvi16g00033",28,0.469223635562852,0.00389036020229627,1,0.00516366240018047,FALSE
"Vitvi16g00040",19,0.759401722865426,7.89310789590978e-08,0.000555359071556212,4.94091700672787e-07,TRUE
"Vitvi16g00041",48,-0.581171762700682,0.000201731083518182,1,0.0003846558004428,FALSE
"Vitvi16g00043",89,-0.816811769737353,1.23759826433008e-09,8.70774138782648e-06,1.26935005653447e-08,TRUE
"Vitvi16g00071",1653,-0.773446603340947,3.19602962058211e-08,0.000224872644104158,2.23531455371926e-07,TRUE
"Vitvi16g00073",1200,-0.372476494209687,0.0252748166470032,1,0.0287152607667228,FALSE
"Vitvi16g00080",128,0.440199493156902,0.00721598030084792,1,0.0091021221579,FALSE
"Vitvi16g00082",7,0.478898349698169,0.00312849885508842,1,0.00423472834636439,FALSE
"Vitvi16g00093",1580,-0.39182592248032,0.0181099832764267,1,0.0210649433514528,FALSE
"Vitvi16g00110",21,-0.478898349698169,0.00312849885508842,1,0.00423472834636439,FALSE
"Vitvi16g00118",11,0.588346722734024,0.000160693769450826,1,0.000313631445729823,FALSE
"Vitvi16g00122",654,-0.688537295588947,3.4525245843369e-06,0.0242919629753944,1.07964279890642e-05,TRUE
"Vitvi16g00137",1397,-0.478898349698169,0.00312849885508842,1,0.00423472834636439,FALSE
"Vitvi16g00139",237,-0.258298561200303,0.128249602946178,1,0.134641033471995,FALSE
"Vitvi16g00160",36,-0.816275876347149,1.29488393267206e-09,9.11080335028058e-06,1.31279587179835e-08,TRUE
"Vitvi16g00165",14,0.36280178007437,0.0296534634974875,1,0.0332921284774729,FALSE
"Vitvi16g00170",48,0.850316013631005,5.24901265229646e-11,3.69320530215579e-07,1.08944109208135e-09,TRUE
"Vitvi16g00174",89,-0.39182592248032,0.0181099832764267,1,0.0210649433514528,FALSE
"Vitvi16g00179",3,0.420850064886269,0.010590608809886,1,0.0129098273711639,FALSE
"Vitvi16g00205",49,-0.36280178007437,0.0296534634974876,1,0.0332921284774729,FALSE
"Vitvi16g00211",28,-0.467070420980368,0.00408028326795546,1,0.00541370414356678,FALSE
"Vitvi16g00258",15,-0.713238185116801,1.05085825073373e-06,0.00739383865216252,3.82772193350016e-06,TRUE
"Vitvi16g00275",6,-0.423322641967163,0.0100959760440297,1,0.0124667054134421,FALSE
"Vitvi16g00276",1266,-0.701115533676863,1.91214561505384e-06,0.0134538565475188,6.43417338475313e-06,TRUE
"Vitvi16g00278",11,-0.459548921427535,0.00480814938579871,1,0.00625788736190894,FALSE
"Vitvi16g00280",25,-0.459197442133872,0.00484474340951935,1,0.00629038837966014,FALSE
"Vitvi16g00282",15,-0.478898349698169,0.00312849885508842,1,0.00423472834636439,FALSE
"Vitvi16g00284",89,0.420850064886269,0.010590608809886,1,0.0129098273711639,FALSE
"Vitvi16g00297",11,-0.449874207292219,0.00590725996608227,1,0.00756387281553318,FALSE
"Vitvi16g00313",242,-0.478898349698169,0.00312849885508842,1,0.00423472834636439,FALSE
"Vitvi16g00349",12,0.478898349698169,0.00312849885508842,1,0.00423472834636439,FALSE
"Vitvi16g00350",49,-0.602084182241456,0.000102390038824264,0.720416313167522,0.000210401960621356,FALSE
"Vitvi16g00351",67,-0.534156736039856,0.000792191476453241,1,0.00134019216838783,FALSE
"Vitvi16g00362",52,-0.420850064886269,0.010590608809886,1,0.0129098273711639,FALSE
"Vitvi16g00363",56,-0.411175350750953,0.0127285678576514,1,0.0152881876829012,FALSE
"Vitvi16g00370",58,-0.538122002500631,0.00071128356377806,1,0.00121117888546525,FALSE
"Vitvi16g00372",826,-0.803875153790643,3.54813370040871e-09,2.49646687160757e-05,3.09735343871906e-08,TRUE
"Vitvi16g00380",63,-0.478898349698169,0.00312849885508842,1,0.00423472834636439,FALSE
"Vitvi16g00461",7,-0.314428209397787,0.0618077618339936,1,0.0666175570257321,FALSE
"Vitvi16g00477",10,0.640493463587681,2.5829916703464e-05,0.181739293925572,6.39927091287227e-05,FALSE
"Vitvi16g00479",9,0.217681068044622,0.202185093959943,1,0.208619199457715,FALSE
"Vitvi16g00486",22,-0.372476494209687,0.0252748166470032,1,0.0287152607667228,FALSE
"Vitvi16g00501",1019,-0.760088730172259,7.5624164511901e-08,0.000532091621505735,4.80227095221783e-07,TRUE
"Vitvi16g00556",9,-0.420850064886269,0.010590608809886,1,0.0129098273711639,FALSE
"Vitvi16g00567",39,-0.545296962533973,0.000583320667650517,1,0.00101089759053917,FALSE
"Vitvi16g00609",29,-0.816275876347149,1.29488393267206e-09,9.11080335028058e-06,1.31279587179835e-08,TRUE
"Vitvi16g00627",55,0.714710298520184,9.75165171487908e-07,0.00686126214658892,3.6054977123431e-06,TRUE
"Vitvi16g00630",139,-0.521806291275928,0.00109888106241935,1,0.00181155744029582,FALSE
"Vitvi16g00636",244,-0.714710298520184,9.75165171487901e-07,0.00686126214658887,3.6054977123431e-06,TRUE
"Vitvi16g00712",409,-0.757204776371011,9.04231920805605e-08,0.000636217579478823,5.52752023873876e-07,TRUE
"Vitvi16g00713",1489,-0.74411429702662,1.9754523623761e-07,0.00138992828216782,8.81934189192792e-07,TRUE
"Vitvi16g00715",417,-0.285404066991838,0.0915479263669638,1,0.0970661859430317,FALSE
"Vitvi16g00716",412,-0.478898349698169,0.00312849885508842,1,0.00423472834636439,FALSE
"Vitvi16g00724",3,0.631396482934074,3.63959573998373e-05,0.256081956265255,8.4907810432777e-05,FALSE
"Vitvi16g00741",1095,-0.745986927832182,1.77160876753437e-07,0.00124650392883718,8.08368306638897e-07,TRUE
"Vitvi16g00775",26,-0.737939074644656,2.81075640112032e-07,0.00197764820382825,1.20661879428203e-06,TRUE
"Vitvi16g00787",24,0.317669074531407,0.059028574286455,1,0.0639748996733668,FALSE
"Vitvi16g00789",70,-0.545296962533973,0.000583320667650517,1,0.00101089759053917,FALSE
"Vitvi16g00793",910,-0.344398081600404,0.0396995102296854,1,0.0440229714698292,FALSE
"Vitvi16g00804",33,0.478898349698169,0.00312849885508842,1,0.00423472834636439,FALSE
"Vitvi16g00808",310,-0.495072242300581,0.00214236521236232,1,0.00338658315753342,FALSE
"Vitvi16g00811",70,0.645746403000758,2.10820008752171e-05,0.148332958158028,5.29571432195744e-05,FALSE
"Vitvi16g00826",21,-0.480722322233897,0.00300044009732611,1,0.00423472834636439,FALSE
"Vitvi16g00831",17,-0.0822350701501905,0.633500208816201,1,0.637760404811961,FALSE
"Vitvi16g00836",447,-0.495072242300581,0.00214236521236232,1,0.00338658315753342,FALSE
"Vitvi16g00837",1613,-0.545296962533973,0.000583320667650517,1,0.00101089759053917,FALSE
"Vitvi16g00843",4,0.469223635562852,0.00389036020229627,1,0.00516366240018047,FALSE
"Vitvi16g00849",875,-0.667461988060373,8.72733258323926e-06,0.0614055120556714,2.49920683987267e-05,FALSE
"Vitvi16g00855",474,-0.726610643992385,5.23697027742696e-07,0.00368473228719761,2.07707569740564e-06,TRUE
"Vitvi16g00863",22,-0.401500636615636,0.0152203400780548,1,0.017965158998355,FALSE
"Vitvi16g00866",933,-0.684288760868618,4.18769069394475e-06,0.0294645917225952,1.28722550120556e-05,TRUE
"Vitvi16g00867",418,-0.478898349698169,0.00312849885508842,1,0.00423472834636439,FALSE
"Vitvi16g00875",1705,-0.87985813675672,1.58515090510686e-12,1.11531217683319e-08,1.19926040519698e-10,TRUE
"Vitvi16g00878",616,-0.763205399930112,6.2167123680504e-08,0.000437407882216026,4.04632638497711e-07,TRUE
"Vitvi16g00901",6,0.840559262162127,1.41870607693911e-10,9.98201595734356e-07,2.67614368829586e-09,TRUE
"Vitvi16g00926",30,0.478898349698169,0.00312849885508842,1,0.00423472834636439,FALSE
"Vitvi16g00935",286,0.198331639773989,0.24622943838985,1,0.252620345364681,FALSE
"Vitvi16g00936",360,0.430524779021586,0.00876561976487691,1,0.0108621965979086,FALSE
"Vitvi16g00951",4,0.825286999230347,5.93028746429864e-10,4.17255025988053e-06,8.88695225829135e-09,TRUE
"Vitvi16g00952",1384,-0.784790682855254,1.46769787325842e-08,0.000103267222362462,1.09161968670679e-07,TRUE
"Vitvi16g00953",320,-0.36280178007437,0.0296534634974876,1,0.0332921284774729,FALSE
"Vitvi16g00955",27,-0.459197442133872,0.00484474340951935,1,0.00629038837966014,FALSE
"Vitvi16g00959",137,0.588346722734024,0.000160693769450826,1,0.000313631445729823,FALSE
"Vitvi16g00964",55,-0.478898349698169,0.00312849885508842,1,0.00423472834636439,FALSE
"Vitvi16g00970",445,-0.745986927832182,1.77160876753437e-07,0.00124650392883718,8.08368306638897e-07,TRUE
"Vitvi16g00985",348,0.478898349698169,0.00312849885508842,1,0.00423472834636439,FALSE
"Vitvi16g01000",18,0.478898349698169,0.00312849885508842,1,0.00423472834636439,FALSE
"Vitvi16g01016",51,0.683363763783755,4.36560863680437e-06,0.0307164223685555,1.33957358781315e-05,TRUE
"Vitvi16g01017",15,0.420850064886269,0.010590608809886,1,0.0129098273711639,FALSE
"Vitvi16g01021",19,0.827123396298606,5.0303223062359e-10,3.53933477466758e-06,7.59513900143266e-09,TRUE
"Vitvi16g01023",25,-0.285404066991838,0.0915479263669638,1,0.0970661859430317,FALSE
"Vitvi16g01024",219,-0.478898349698169,0.00312849885508842,1,0.00423472834636439,FALSE
"Vitvi16g01034",4,-0.289287501781979,0.0870303654773068,1,0.0926813457693856,FALSE
"Vitvi16g01036",48,-0.52621907691238,0.000979012912931305,1,0.00163076109265735,FALSE
"Vitvi16g01039",41,0.238323149241928,0.161592068053619,1,0.168264287527788,FALSE
"Vitvi16g01063",5,-0.509422162367264,0.00150722386046954,1,0.00243007036715483,FALSE
"Vitvi16g01068",83,0.469223635562852,0.00389036020229627,1,0.00516366240018047,FALSE
"Vitvi16g01078",1133,-0.701115533676863,1.91214561505384e-06,0.0134538565475188,6.43417338475313e-06,TRUE
"Vitvi16g01079",425,-0.622590593905054,5.02079776036085e-05,0.353263330418989,0.000113552983098357,FALSE
"Vitvi16g01081",81,-0.750289519408583,1.37448227308175e-07,0.000967085727340323,6.46880085177473e-07,TRUE
"Vitvi16g01090",8,-0.478898349698169,0.00312849885508842,1,0.00423472834636439,FALSE
"Vitvi16g01105",419,-0.750289519408583,1.37448227308175e-07,0.000967085727340323,6.46880085177473e-07,TRUE
"Vitvi16g01112",145,0.23620225611011,0.165468195798628,1,0.171868058110296,FALSE
"Vitvi16g01126",101,0.805467161824335,3.13002579938549e-09,2.20228615244763e-05,2.78218767073941e-08,TRUE
"Vitvi16g01127",63,0.176880462327993,0.302075048990766,1,0.308162975887927,FALSE
"Vitvi16g01141",105,0.805467161824335,3.13002579938549e-09,2.20228615244763e-05,2.78218767073941e-08,TRUE
"Vitvi16g01144",1352,-0.858025428648613,2.27373223068884e-11,1.59979799751267e-07,6.70261957945372e-10,TRUE
"Vitvi16g01146",4,-0.469223635562852,0.00389036020229628,1,0.00516366240018047,FALSE
"Vitvi16g01150",793,-0.82902360477862,4.23397938922474e-10,2.97902789825853e-06,6.54731406210665e-09,TRUE
"Vitvi16g01166",28,-0.478898349698169,0.00312849885508842,1,0.00423472834636439,FALSE
"Vitvi16g01173",67,-0.411175350750953,0.0127285678576514,1,0.0152881876829012,FALSE
"Vitvi16g01191",277,-0.430497602000505,0.00877034378520732,1,0.0108621965979086,FALSE
"Vitvi16g01193",747,-0.713238185116801,1.05085825073373e-06,0.00739383865216252,3.82772193350016e-06,TRUE
"Vitvi16g01194",718,-0.64376693331971,2.27691595807995e-05,0.160203806810505,5.67494887745325e-05,FALSE
"Vitvi16g01204",1614,-0.57638349405403,0.000234110207241294,1,0.000441017247161913,FALSE
"Vitvi16g01213",4,-0.57399680266734,0.000251925466762095,1,0.000472049955829054,FALSE
"Vitvi16g01233",5,0.478898349698169,0.00312849885508842,1,0.00423472834636439,FALSE
"Vitvi16g01246",12,0.572206677439364,0.000266073854928069,1,0.000497897777466463,FALSE
"Vitvi16g01279",687,0.789910906764749,1.01722926342241e-08,7.1572250974401e-05,7.8564490641494e-08,TRUE
"Vitvi16g01283",365,-0.430524779021586,0.00876561976487687,1,0.0108621965979086,FALSE
"Vitvi16g01296",41,0.696953156881121,2.33275231669687e-06,0.0164132453002792,7.68050786161878e-06,TRUE
"Vitvi16g01302",75,-0.584857830638081,0.000179604617430966,1,0.000350054872089827,FALSE
"Vitvi16g01303",6,-0.611168544833303,7.51286927621899e-05,0.528605482274768,0.0001629989152867,FALSE
"Vitvi16g01320",21,0.420850064886269,0.010590608809886,1,0.0129098273711639,FALSE
"Vitvi16g01328",40,0.631396482934074,3.63959573998373e-05,0.256081956265255,8.4907810432777e-05,FALSE
"Vitvi16g01334",12,-0.285404066991838,0.0915479263669638,1,0.0970661859430317,FALSE
"Vitvi16g01336",53,0.15127934278052,0.378465682923555,1,0.384254624105358,FALSE
"Vitvi16g01340",283,0.459548921427535,0.00480814938579871,1,0.00625788736190894,FALSE
"Vitvi16g01342",13,0.0822350701501905,0.633500208816202,1,0.637760404811961,FALSE
"Vitvi16g01344",82,-0.600154896827394,0.00010921658992894,0.768447926740022,0.000223711186823881,FALSE
"Vitvi16g01349",5,-0.478898349698169,0.00312849885508842,1,0.00423472834636439,FALSE
"Vitvi16g01353",41,0.304753495262471,0.0707229426338605,1,0.0757507420264641,FALSE
"Vitvi16g01354",7,0.33404043405404,0.0464680713880403,1,0.0510240268158833,FALSE
"Vitvi16g01355",758,-0.39182592248032,0.0181099832764267,1,0.0210649433514528,FALSE
"Vitvi16g01362",686,0.64376693331971,2.27691595807993e-05,0.160203806810504,5.67494887745325e-05,FALSE
"Vitvi16g01371",4,0.337223121567062,0.0442962269402099,1,0.0487286198798181,FALSE
"Vitvi16g01389",4,-0.645746403000758,2.10820008752169e-05,0.148332958158026,5.29571432195744e-05,FALSE
"Vitvi16g01391",50,0.265473521233645,0.117616948709325,1,0.123718470790672,FALSE
"Vitvi16g01403",594,-0.631396482934074,3.63959573998368e-05,0.256081956265252,8.4907810432777e-05,FALSE
"Vitvi16g01406",1599,-0.759552352981529,7.81948005924383e-08,0.000550178616968396,4.90355273590371e-07,TRUE
"Vitvi16g01407",3,-0.420850064886269,0.010590608809886,1,0.0129098273711639,FALSE
"Vitvi16g01413",387,0.353127065939054,0.0346365270501542,1,0.0385117895582942,FALSE
"Vitvi16g01418",1630,-0.884224678378342,8.74713631353133e-13,6.15448511020064e-09,8.4308015208228e-11,TRUE
"Vitvi16g01419",372,-0.609132556216191,8.05930710257105e-05,0.567052847736899,0.000170696221474082,FALSE
"Vitvi16g01423",61,-0.595908959859492,0.00012570381227052,0.884452023135379,0.000252989709134834,FALSE
"Vitvi16g01424",51,-0.523772082433948,0.00104397040540408,1,0.00172629277847782,FALSE
"Vitvi16g01429",56,-0.552471922567315,0.000476236747738388,1,0.000841064698064083,FALSE
"Vitvi16g01430",61,-0.538122002500631,0.00071128356377806,1,0.00121117888546525,FALSE
"Vitvi16g01432",54,-0.608259404623419,8.30443940442623e-05,0.58430035649543,0.000175518280713556,FALSE
"Vitvi16g01434",30,0.512451717341998,0.00139663440789326,1,0.00227049900506862,FALSE
"Vitvi16g01435",18,0.120933926691457,0.482316946894032,1,0.487513581144435,FALSE
"Vitvi16g01437",43,-0.608259404623419,8.30443940442623e-05,0.58430035649543,0.000175518280713556,FALSE
"Vitvi16g01442",56,-0.62678507176931,4.31273835887367e-05,0.303444270930351,9.9718787686609e-05,FALSE
"Vitvi16g01443",19,0.478898349698169,0.00312849885508842,1,0.00423472834636439,FALSE
"Vitvi16g01444",38,-0.478898349698169,0.00312849885508842,1,0.00423472834636439,FALSE
"Vitvi16g01449",39,0.351573041633746,0.0354971658889759,1,0.0394375586917471,FALSE
"Vitvi16g01485",3,0.578229101956045,0.000221116397110802,1,0.000420479721640973,FALSE
"Vitvi16g01495",10,-0.799794857867825,4.8678475750908e-09,3.42501755383389e-05,4.06771680977901e-08,TRUE
"Vitvi16g01496",17,-0.638571442967416,2.77964224488528e-05,0.195575628350128,6.71158642244777e-05,FALSE
"Vitvi16g01497",124,0.808454731941779,2.46609556329114e-09,1.73514483833165e-05,2.2534348549762e-08,TRUE
"Vitvi16g01501",4,-0.200898880933569,0.240043483019144,1,0.246633461816982,FALSE
"Vitvi16g01509",804,0.57638349405403,0.000234110207241291,1,0.000441017247161913,FALSE
"Vitvi16g01512",73,0.636867855681746,2.96519006901658e-05,0.208630773256007,7.13999908473671e-05,FALSE
"Vitvi16g01526",10,-0.783733316492778,1.58118731645975e-08,0.000111252339586108,1.16739076165906e-07,TRUE
"Vitvi16g01542",47,0.783733316492778,1.58118731645973e-08,0.000111252339586106,1.16739076165906e-07,TRUE
"Vitvi16g01549",35,-0.623953435216034,4.77998991152752e-05,0.336320090175076,0.000108315649009688,FALSE
"Vitvi16g01552",405,-0.678679836599203,5.37727468533649e-06,0.0378345046860275,1.6079262509999e-05,TRUE
"Vitvi16g01561",67,-0.731709666055489,3.97281655814094e-07,0.00279527373030797,1.612037906752e-06,TRUE
"Vitvi16g01568",8,-0.386438933513498,0.0199087318200507,1,0.0231189696461259,FALSE
"Vitvi16g01569",7,0.402733580912167,0.0148816193651659,1,0.0178073254852563,FALSE
"Vitvi16g01643",4,-0.618281131259524,5.85619449722182e-05,0.412041844824527,0.000130765422032538,FALSE
"Vitvi16g01695",39,0.539664117584992,0.00068185379122198,1,0.00117127033081979,FALSE
"Vitvi16g01698",7,-0.373339308648633,0.0249117639239838,1,0.0285378005485428,FALSE
"Vitvi16g01699",107,-0.184328060741803,0.28184150165216,1,0.288273994130629,FALSE
"Vitvi16g01701",19,-0.368699757173111,0.0269158215782952,1,0.0305500436562163,FALSE
"Vitvi16g01733",109,-0.750289519408583,1.37448227308175e-07,0.000967085727340323,6.46880085177473e-07,TRUE
"Vitvi16g01753",27,0.82892441580381,4.27246209196938e-10,3.00610432790966e-06,6.56354656748834e-09,TRUE
"Vitvi16g01767",5,-0.718648196784035,7.96599470119536e-07,0.00560487387176106,2.9988624246983e-06,TRUE
"Vitvi16g01769",76,0.618281131259524,5.85619449722182e-05,0.412041844824527,0.000130765422032538,FALSE
"Vitvi16g01770",91,-0.737399514346222,2.8973726886927e-07,0.00203859142376419,1.23550995379648e-06,TRUE
"Vitvi16g01772",184,-0.645746403000758,2.10820008752169e-05,0.148332958158026,5.29571432195744e-05,FALSE
"Vitvi16g01776",23,-0.631396482934074,3.63959573998368e-05,0.256081956265252,8.4907810432777e-05,FALSE
"Vitvi16g01786",116,-0.53094704246729,0.000863545476365859,1,0.00145252354093,FALSE
"Vitvi16g01796",95,-0.750289519408583,1.37448227308175e-07,0.000967085727340323,6.46880085177473e-07,TRUE
"Vitvi16g01800",497,-0.11125921255614,0.518275138427944,1,0.523332932545783,FALSE
"Vitvi16g01823",3,-0.459548921427535,0.00480814938579871,1,0.00625788736190894,FALSE
"Vitvi16g01844",305,-0.478898349698169,0.00312849885508842,1,0.00423472834636439,FALSE
"Vitvi16g01854",3,0.473547362200556,0.00353201719882767,1,0.00475349522015139,FALSE
"Vitvi16g01857",1482,-0.866758511891856,8.29025229610732e-12,5.83302151554111e-08,2.88556436427387e-10,TRUE
"Vitvi16g01861",8,0.478898349698169,0.00312849885508842,1,0.00423472834636439,FALSE
"Vitvi16g01873",12,0.69471251797091,2.59273082141355e-06,0.0182424540594658,8.36809819241548e-06,TRUE
"Vitvi16g01874",1221,-0.800151354583738,4.73656007467139e-09,3.33264366853879e-05,4.06419959577902e-08,TRUE
"Vitvi16g01876",3,0.478898349698169,0.00312849885508842,1,0.00423472834636439,FALSE
"Vitvi16g01877",35,-0.169818615504,0.322091724033235,1,0.328107336079027,FALSE
"Vitvi16g01884",92,-0.169307497368039,0.323571829826416,1,0.32923375193907,FALSE
"Vitvi16g01886",61,-0.669331866868109,8.06194923971235e-06,0.0567238748506161,2.3276107858275e-05,FALSE
"Vitvi16g01907",12,0.82892441580381,4.27246209196938e-10,3.00610432790966e-06,6.56354656748834e-09,TRUE
"Vitvi16g01915",111,0.556303307084696,0.000426547922345543,1,0.000764829556988594,FALSE
"Vitvi16g01920",1079,-0.655224335108922,1.44701321343351e-05,0.101811849697182,3.99105643658103e-05,FALSE
"Vitvi16g01922",7,-0.717762297130962,8.33926834099932e-07,0.00586750920472712,3.1243392996417e-06,TRUE
"Vitvi16g01923",17,0.636400035359054,3.01807164537393e-05,0.21235152096851,7.26484847651418e-05,FALSE
"Vitvi16g01928",5,-0.622232181081055,5.08592315170758e-05,0.357845552954145,0.000114510576945327,FALSE
"Vitvi16g01932",8,-0.570973625494979,0.000276228521167336,1,0.000515939441182207,FALSE
"Vitvi16g01935",61,0.866359712001401,8.69442361037607e-12,6.11739645226061e-08,2.88556436427387e-10,TRUE
"Vitvi16g01938",76,0.799794857867825,4.86784757509085e-09,3.42501755383392e-05,4.06771680977901e-08,TRUE
"Vitvi16g01951",694,-0.689897685138033,3.24336512260011e-06,0.0228203170026144,1.02287391316067e-05,TRUE
"Vitvi16g01958",18,-0.478898349698169,0.00312849885508842,1,0.00423472834636439,FALSE
"Vitvi16g01960",58,0.2639242687894,0.119854888692067,1,0.126053661709623,FALSE
"Vitvi16g01963",19,-0.709037994563675,1.29744768347651e-06,0.00912884190094076,4.58275195830359e-06,TRUE
"Vitvi16g01964",70,-0.757204776371011,9.04231920805605e-08,0.000636217579478823,5.52752023873876e-07,TRUE
"Vitvi16g01965",34,-0.726054906433203,5.39506797819202e-07,0.00379596982945591,2.13496615829916e-06,TRUE
"Vitvi16g01966",24,-0.714710298520184,9.75165171487901e-07,0.00686126214658887,3.6054977123431e-06,TRUE
"Vitvi16g01967",52,0.645746403000758,2.10820008752171e-05,0.148332958158028,5.29571432195744e-05,FALSE
"Vitvi16g01969",5,0.385951398872728,0.0200786217961856,1,0.0233008713438829,FALSE
"Vitvi16g01979",138,-0.446004146751685,0.00640393371482214,1,0.00818642398573557,FALSE
"Vitvi16g01980",19,-0.493695679275628,0.00221411556114415,1,0.00349764640507639,FALSE
"Vitvi16g01984",5,-0.449874207292219,0.00590725996608227,1,0.00756387281553318,FALSE
"Vitvi16g02012",12,0.440199493156902,0.00721598030084792,1,0.0091021221579,FALSE
"Vitvi16g02059",14,-0.510885369729709,0.00145288586363363,1,0.00235378884101457,FALSE
"Vitvi16g02061",7,0.584636475484104,0.000180869174656643,1,0.000352421908857419,FALSE
"Vitvi16g02062",3,0.459548921427535,0.00480814938579871,1,0.00625788736190894,FALSE
"Vitvi16g02066",3,-0.430524779021586,0.00876561976487687,1,0.0108621965979086,FALSE
"Vitvi16g02067",60,-0.39182592248032,0.0181099832764267,1,0.0210649433514528,FALSE
"Vitvi16g02068",312,0.478898349698169,0.00312849885508842,1,0.00423472834636439,FALSE
"Vitvi16g02072",110,-0.566782917463635,0.000313382159426536,1,0.000578121886136633,FALSE
"Vitvi16g02074",1620,-0.569833681621598,0.000285923238424702,1,0.000532069797819678,FALSE
"Vitvi16g02079",25,0.372476494209687,0.0252748166470031,1,0.0287152607667228,FALSE
"Vitvi16g02084",3,-0.469223635562852,0.00389036020229628,1,0.00516366240018047,FALSE
"Vitvi16g02087",29,-0.304753495262471,0.0707229426338605,1,0.0757507420264641,FALSE
"Vitvi16g02116",35,-0.848818436201521,6.14198049747315e-11,4.32149747802211e-07,1.22422024873147e-09,TRUE
"Vitvi16g04012",16,0.65798725895509,1.29347424789738e-05,0.0910088480820596,3.60288393040619e-05,FALSE
"Vitvi16g04016",30,0.440199493156902,0.00721598030084792,1,0.0091021221579,FALSE
"Vitvi16g04054",74,-0.600154896827394,0.00010921658992894,0.768447926740022,0.000223711186823881,FALSE
"Vitvi16g04055",40,0.314428209397787,0.0618077618339936,1,0.0666175570257321,FALSE
"Vitvi16g04072",775,-0.696016511613758,2.43837926334964e-06,0.0171564364969281,8.00206926162689e-06,TRUE
"Vitvi16g04087",142,-0.712784715688541,1.0752385644245e-06,0.00756537853929076,3.90975635105465e-06,TRUE
"Vitvi16g04107",4,-0.482145836303299,0.00290369219605114,1,0.00423472834636439,FALSE
"Vitvi16g04125",3,-0.258298561200303,0.128249602946178,1,0.134641033471995,FALSE
"Vitvi16g04131",61,-0.545296962533973,0.000583320667650517,1,0.00101089759053917,FALSE
"Vitvi16g04134",23,0.545296962533973,0.000583320667650517,1,0.00101089759053917,FALSE
"Vitvi16g04154",26,-0.796837019063017,6.09467731187234e-09,4.28821495663338e-05,4.93465472570009e-08,TRUE
"Vitvi16g04160",4,0.326221866864725,0.0521679787299518,1,0.05692523237344,FALSE
"Vitvi16g04165",33,0.652314954998581,1.62645051497972e-05,0.114437058233973,4.46322380007696e-05,FALSE
"Vitvi16g04181",8,-0.725588629880729,5.53108756705168e-07,0.00389167321217756,2.16084020665051e-06,TRUE
"Vitvi16g04219",34,-0.750289519408583,1.37448227308175e-07,0.000967085727340323,6.46880085177473e-07,TRUE
"Vitvi16g04220",6,-0.638571442967416,2.77964224488528e-05,0.195575628350128,6.71158642244777e-05,FALSE
"Vitvi16g04222",40,0.854242196177249,3.4485174125585e-11,2.42637685147616e-07,7.42011269564575e-10,TRUE
"Vitvi16g04228",4,0.794122553911316,7.46691027916991e-09,5.25371807242395e-05,5.88981846684301e-08,TRUE
"Vitvi16g04238",6,0.478898349698169,0.00312849885508842,1,0.00423472834636439,FALSE
"Vitvi16g04254",44,-0.816811769737353,1.23759826433008e-09,8.70774138782648e-06,1.26935005653447e-08,TRUE
"Vitvi16g04263",29,0.762038276589863,6.69235268411076e-08,0.000470873934854033,4.29237862218815e-07,TRUE
"Vitvi16g04264",3,-0.478898349698169,0.00312849885508842,1,0.00423472834636439,FALSE
"Vitvi16g04267",24,-0.534156736039856,0.000792191476453241,1,0.00134019216838783,FALSE
"Vitvi16g04291",149,-0.747006732244803,1.66893188801327e-07,0.00117426047640614,7.72539787109302e-07,TRUE
"Vitvi16g04295",535,-0.745986927832182,1.77160876753437e-07,0.00124650392883718,8.08368306638897e-07,TRUE
"Vitvi16g04296",1036,-0.829476273338115,4.06241215706204e-10,2.85831319370885e-06,6.54731406210665e-09,TRUE
"Vitvi16g04318",76,-0.593901717342278,0.00013425064330817,0.944587526316285,0.000267664359964943,FALSE
"Vitvi16g04341",23,-0.411175350750953,0.0127285678576514,1,0.0152881876829012,FALSE
"Vitvi16g04349",3,0.426090344355492,0.00956573375883045,1,0.0118347991431565,FALSE
"Vitvi16g04352",25,-0.816811769737353,1.23759826433008e-09,8.70774138782648e-06,1.26935005653447e-08,TRUE
"Vitvi16g04364",4,-0.304753495262471,0.0707229426338605,1,0.0757507420264641,FALSE
"Vitvi16g04372",1485,-0.731763852262692,3.96103875756545e-07,0.00278698686982305,1.612037906752e-06,TRUE
"Vitvi16g04376",43,-0.805467161824335,3.13002579938549e-09,2.20228615244763e-05,2.78218767073941e-08,TRUE
"Vitvi16g04388",103,0.816811769737353,1.23759826433005e-09,8.70774138782626e-06,1.26935005653447e-08,TRUE
"Vitvi16g04389",109,0.805467161824335,3.13002579938549e-09,2.20228615244763e-05,2.78218767073941e-08,TRUE
"Vitvi16g04395",95,-0.563283869189166,0.00034775734695725,1,0.000636033452870083,FALSE
"Vitvi16g04397",92,0.382151208345003,0.0214447164072558,1,0.0246423362145112,FALSE
"Vitvi16g04400",141,-0.602696642800707,0.000100304716366618,0.705743984355526,0.00020739228535204,FALSE
"Vitvi16g04401",17,-0.221219854303867,0.194765518512465,1,0.201465773045237,FALSE
"Vitvi16g04402",26,-0.703365690607165,1.71488287988333e-06,0.0120659159428591,5.86863615897817e-06,TRUE
"Vitvi16g04404",25,-0.692021082694147,2.93995527601393e-06,0.020685525322034,9.38970736361052e-06,TRUE
"Vitvi16g04405",14,-0.692021082694147,2.93995527601393e-06,0.020685525322034,9.38970736361052e-06,TRUE
"Vitvi16g04406",42,0.750289519408583,1.37448227308174e-07,0.00096708572734031,6.46880085177473e-07,TRUE
"Vitvi16g04418",351,-0.638571442967416,2.77964224488528e-05,0.195575628350128,6.71158642244777e-05,FALSE
"Vitvi16g04419",348,-0.638571442967416,2.77964224488528e-05,0.195575628350128,6.71158642244777e-05,FALSE
"Vitvi16g04420",454,-0.638571442967416,2.77964224488528e-05,0.195575628350128,6.71158642244777e-05,FALSE
"Vitvi16g04422",11,-0.545087877560721,0.000586738683654734,1,0.00101582022101248,FALSE
"Vitvi16g04447",11,0.343452351803737,0.0402822983143647,1,0.0443754894222436,FALSE
"Vitvi16g04448",27,-0.730386988838899,4.27049565443779e-07,0.00300472074246243,1.72883817172752e-06,TRUE
"Vitvi16g04451",68,-0.854242196177249,3.44851741255845e-11,2.42637685147612e-07,7.42011269564575e-10,TRUE
"Vitvi16g04455",8,0.227355782179939,0.182356808244462,1,0.188852296556967,FALSE
"Vitvi16g04458",15,-0.478898349698169,0.00312849885508842,1,0.00423472834636439,FALSE
"Vitvi16g04461",13,-0.595521682767366,0.000127313692999972,0.895779143947803,0.000254410435656862,FALSE
"Vitvi16g04467",56,-0.750289519408583,1.37448227308175e-07,0.000967085727340323,6.46880085177473e-07,TRUE
"Vitvi16g04470",19,0.669331866868109,8.06194923971228e-06,0.0567238748506156,2.3276107858275e-05,FALSE
"Vitvi16g04487",116,-0.473547362200556,0.00353201719882765,1,0.00475349522015139,FALSE
"Vitvi16g04488",10,-0.24394864113362,0.151628904334241,1,0.158006660381475,FALSE
"Vitvi16g04491",81,0.751190756638406,1.30247919478487e-07,0.000916424361450637,6.46880085177473e-07,TRUE
"Vitvi16g04495",1555,-0.602696642800707,0.000100304716366618,0.705743984355526,0.00020739228535204,FALSE
"Vitvi16g04499",4,0.552471922567315,0.000476236747738389,1,0.000841064698064083,FALSE
"Vitvi16g04514",16,0.737939074644656,2.81075640112032e-07,0.00197764820382825,1.20661879428203e-06,TRUE
"Vitvi16g04515",51,-0.552471922567315,0.000476236747738388,1,0.000841064698064083,FALSE
"Vitvi17g00011",15,0.657661183679129,1.31078878160574e-05,0.09222709867378,3.63384943553112e-05,FALSE
"Vitvi17g00018",1160,-0.711313577803071,1.15795074343497e-06,0.00814734143080846,4.15892875487926e-06,TRUE
"Vitvi17g00025",289,0.815349868248319,1.39971123742207e-09,9.84836826650166e-06,1.40090587005716e-08,TRUE
"Vitvi17g00028",1171,-0.563283869189166,0.00034775734695725,1,0.000636033452870083,FALSE
"Vitvi17g00029",7,-0.449874207292219,0.00590725996608227,1,0.00756387281553318,FALSE
"Vitvi17g00031",1543,-0.820912582981568,8.7109943762826e-10,6.12905564315244e-06,1.15207812841211e-08,TRUE
"Vitvi17g00046",67,-0.622232181081055,5.08592315170758e-05,0.357845552954145,0.000114510576945327,FALSE
"Vitvi17g00061",152,-0.387714495889089,0.0194698993845327,1,0.0226317878852754,FALSE
"Vitvi17g00062",607,-0.597291182554001,0.000120106200152407,0.845067224272337,0.000245231347728478,FALSE
"Vitvi17g00064",343,-0.549725857919368,0.000514955008502551,1,0.000902646596866952,FALSE
"Vitvi17g00066",24,-0.39182592248032,0.0181099832764267,1,0.0210649433514528,FALSE
"Vitvi17g00070",3,-0.511941815135687,0.00141473209950127,1,0.00229779664175691,FALSE
"Vitvi17g00071",11,0.601264219389996,0.000105242977616435,0.740489590509234,0.00021588617799103,FALSE
"Vitvi17g00078",78,0.523984994594573,0.00103817108302138,1,0.00172196410658615,FALSE
"Vitvi17g00082",1227,-0.673070912329788,6.86813950157651e-06,0.0483242295330923,2.00598711220807e-05,TRUE
"Vitvi17g00085",240,-0.638825039243217,2.75294073864401e-05,0.193696910370993,6.71158642244777e-05,FALSE
"Vitvi17g00087",817,-0.808995377700137,2.36091949141347e-09,1.66114295415852e-05,2.16294655489392e-08,TRUE
"Vitvi17g00091",6,-0.478898349698169,0.00312849885508842,1,0.00423472834636439,FALSE
"Vitvi17g00095",230,-0.333777637668421,0.0466511603903606,1,0.0510240268158833,FALSE
"Vitvi17g00100",1102,-0.701115533676863,1.91214561505384e-06,0.0134538565475188,6.43417338475313e-06,TRUE
"Vitvi17g00102",30,0.665473514014643,9.48951184334637e-06,0.0667682053297851,2.71084877506233e-05,FALSE
"Vitvi17g00103",924,-0.808995377700137,2.36091949141347e-09,1.66114295415852e-05,2.16294655489392e-08,TRUE
"Vitvi17g00109",68,-0.36280178007437,0.0296534634974876,1,0.0332921284774729,FALSE
"Vitvi17g00116",204,0.533196571911883,0.00081296813628146,1,0.00137434978540998,FALSE
"Vitvi17g00139",1470,-0.829476273338115,4.06241215706204e-10,2.85831319370885e-06,6.54731406210665e-09,TRUE
"Vitvi17g00148",383,0.478898349698169,0.00312849885508842,1,0.00423472834636439,FALSE
"Vitvi17g00162",10,-0.608259404623419,8.30443940442623e-05,0.58430035649543,0.000175518280713556,FALSE
"Vitvi17g00166",55,0.401500636615636,0.0152203400780549,1,0.017965158998355,FALSE
"Vitvi17g00169",1560,-0.703365690607165,1.71488287988333e-06,0.0120659159428591,5.86863615897817e-06,TRUE
"Vitvi17g00173",73,0.602704407858947,0.000100278525053184,0.7055597022742,0.00020739228535204,FALSE
"Vitvi17g00175",30,0.56687734242067,0.000312498151787368,1,0.0005779036807784,FALSE
"Vitvi17g00181",267,0.420850064886269,0.010590608809886,1,0.0129098273711639,FALSE
"Vitvi17g00192",43,0.645746403000758,2.10820008752171e-05,0.148332958158028,5.29571432195744e-05,FALSE
"Vitvi17g00203",176,-0.18525901054353,0.279375589582088,1,0.285834905961839,FALSE
"Vitvi17g00205",162,-0.342144380434309,0.0410997070136324,1,0.0452547008682187,FALSE
"Vitvi17g00209",181,0.478898349698169,0.00312849885508842,1,0.00423472834636439,FALSE
"Vitvi17g00213",1010,-0.534156736039856,0.000792191476453241,1,0.00134019216838783,FALSE
"Vitvi17g00214",1482,-0.602582743783759,0.000100689603007756,0.708452046762569,0.00020739228535204,FALSE
"Vitvi17g00216",1269,-0.696016511613758,2.43837926334964e-06,0.0171564364969281,8.00206926162689e-06,TRUE
"Vitvi17g00217",21,-0.473547362200556,0.00353201719882765,1,0.00475349522015139,FALSE
"Vitvi17g00219",114,0.478898349698169,0.00312849885508842,1,0.00423472834636439,FALSE
"Vitvi17g00228",1681,-0.892442489157479,2.67099144709296e-13,1.8793095821746e-09,7.51723832869841e-11,TRUE
"Vitvi17g00232",1336,-0.731763852262692,3.96103875756545e-07,0.00278698686982305,1.612037906752e-06,TRUE
"Vitvi17g00234",110,-0.595908959859492,0.00012570381227052,0.884452023135379,0.000252989709134834,FALSE
"Vitvi17g00237",281,-0.324102923533104,0.0538052002373616,1,0.0584218192700735,FALSE
"Vitvi17g00245",21,-0.602696642800707,0.000100304716366618,0.705743984355526,0.00020739228535204,FALSE
"Vitvi17g00246",3,0.279823441300328,0.0983522347340232,1,0.104139401593467,FALSE
"Vitvi17g00254",5,-0.478898349698169,0.00312849885508842,1,0.00423472834636439,FALSE
"Vitvi17g00258",302,0.622232181081055,5.08592315170762e-05,0.357845552954148,0.000114510576945327,FALSE
"Vitvi17g00261",241,-0.782777945998297,1.69065981695937e-08,0.000118954824721261,1.23525259315951e-07,TRUE
"Vitvi17g00265",19,0.314428209397787,0.0618077618339936,1,0.0666175570257321,FALSE
"Vitvi17g00271",961,-0.401500636615636,0.0152203400780548,1,0.017965158998355,FALSE
"Vitvi17g00273",568,-0.825770053886784,5.68006945783812e-10,3.9964968705349e-06,8.55780914461435e-09,TRUE
"Vitvi17g00278",199,-0.235530299836749,0.166710080948508,1,0.173055787777176,FALSE
"Vitvi17g00282",837,-0.478898349698169,0.00312849885508842,1,0.00423472834636439,FALSE
"Vitvi17g00283",575,-0.563283869189166,0.00034775734695725,1,0.000636033452870083,FALSE
"Vitvi17g00284",422,-0.372476494209687,0.0252748166470032,1,0.0287152607667228,FALSE
"Vitvi17g00289",22,-0.343452351803737,0.0402822983143647,1,0.0443754894222436,FALSE
"Vitvi17g00291",7,-0.568031057829836,0.000301875529513086,1,0.000561161486302265,FALSE
"Vitvi17g00293",24,-0.358929721297282,0.0315720501928646,1,0.0354065899198271,FALSE
"Vitvi17g00294",697,-0.67562042336134,6.14911937888496e-06,0.0432652039498346,1.81862984236379e-05,TRUE
"Vitvi17g00306",3,0.459548921427535,0.00480814938579871,1,0.00625788736190894,FALSE
"Vitvi17g00311",4,0.495072242300581,0.0021423652123623,1,0.00338658315753342,FALSE
"Vitvi17g00316",29,0.420850064886269,0.010590608809886,1,0.0129098273711639,FALSE
"Vitvi17g00318",8,-0.372476494209687,0.0252748166470032,1,0.0287152607667228,FALSE
"Vitvi17g00321",91,-0.74411429702662,1.9754523623761e-07,0.00138992828216782,8.81934189192792e-07,TRUE
"Vitvi17g00329",181,0.645746403000758,2.10820008752171e-05,0.148332958158028,5.29571432195744e-05,FALSE
"Vitvi17g00332",23,0.599066197410861,0.000113247116671386,0.796806712899873,0.000231495268128958,FALSE
"Vitvi17g00339",9,0.691529396905392,3.0078044278422e-06,0.0211629119542977,9.57597825986321e-06,TRUE
"Vitvi17g00340",23,0.816811769737353,1.23759826433005e-09,8.70774138782626e-06,1.26935005653447e-08,TRUE
"Vitvi17g00343",6,0.582933306486462,0.000190869311580326,1,0.000367270530032874,FALSE
"Vitvi17g00347",6,-0.647065899807955,2.0021288985882e-05,0.140869789304666,5.29571432195744e-05,FALSE
"Vitvi17g00350",1453,-0.824392187992147,6.42105911361328e-10,4.51785719233831e-06,8.88695225829135e-09,TRUE
"Vitvi17g00356",7,0.478898349698169,0.00312849885508842,1,0.00423472834636439,FALSE
"Vitvi17g00362",6,-0.459548921427535,0.00480814938579871,1,0.00625788736190894,FALSE
"Vitvi17g00371",54,0.624221522900733,4.73386834040072e-05,0.333074976430595,0.000107478211174765,FALSE
"Vitvi17g00373",256,0.411175350750953,0.0127285678576514,1,0.0152881876829012,FALSE
"Vitvi17g00380",8,0.469223635562852,0.00389036020229627,1,0.00516366240018047,FALSE
"Vitvi17g00390",65,0.353127065939054,0.0346365270501542,1,0.0385117895582942,FALSE
"Vitvi17g00395",5,0.0502247202333923,0.771130244351134,1,0.77421124418587,FALSE
"Vitvi17g00398",4,0.401797761867138,0.015138125307633,1,0.017965158998355,FALSE
"Vitvi17g00400",5,0.505822988659962,0.0016485546531649,1,0.00265428616468381,FALSE
"Vitvi17g00405",7,-0.734769079293352,3.35592859601083e-07,0.00236123136015322,1.40717005968607e-06,TRUE
"Vitvi17g00406",24,0.39182592248032,0.0181099832764267,1,0.0210649433514528,FALSE
"Vitvi17g00413",6,0.0463141678647274,0.788528572750511,1,0.791453215103082,FALSE
"Vitvi17g00436",13,-0.314428209397787,0.0618077618339936,1,0.0666175570257321,FALSE
"Vitvi17g00438",49,-0.57399680266734,0.000251925466762095,1,0.000472049955829054,FALSE
"Vitvi17g00442",683,-0.713238185116801,1.05085825073373e-06,0.00739383865216252,3.82772193350016e-06,TRUE
"Vitvi17g00443",1784,-0.706214555739967,1.4919087330318e-06,0.0104970698456117,5.17606994359553e-06,TRUE
"Vitvi17g00444",1464,-0.478898349698169,0.00312849885508842,1,0.00423472834636439,FALSE
"Vitvi17g00450",162,-0.235530299836749,0.166710080948508,1,0.173055787777176,FALSE
"Vitvi17g00451",63,-0.651485961297165,1.68115837483811e-05,0.11828630325361,4.59721349605945e-05,FALSE
"Vitvi17g00454",6,-0.478898349698169,0.00312849885508842,1,0.00423472834636439,FALSE
"Vitvi17g00461",44,0.641747934815853,2.46154066268745e-05,0.173194001026689,6.12209264852205e-05,FALSE
"Vitvi17g00469",109,0.640970347085562,2.53619620580652e-05,0.178446765040547,6.28555001904007e-05,FALSE
"Vitvi17g00473",353,-0.411175350750953,0.0127285678576514,1,0.0152881876829012,FALSE
"Vitvi17g00479",43,0.501697797754892,0.00182474140529103,1,0.00291197108814419,FALSE
"Vitvi17g00480",1552,-0.871125053513477,4.87284258467059e-12,3.42853204257422e-08,2.4665698148016e-10,TRUE
"Vitvi17g00484",106,0.645536193189024,2.12556181736985e-05,0.149554529470142,5.33742075196797e-05,FALSE
"Vitvi17g00494",1176,-0.626669811555537,4.33091945204675e-05,0.30472349264601,0.000100073396599675,FALSE
"Vitvi17g00499",6,-0.656319610217027,1.38426746495104e-05,0.0973970588339553,3.83302081204074e-05,FALSE
"Vitvi17g00504",322,0.737939074644656,2.81075640112032e-07,0.00197764820382825,1.20661879428203e-06,TRUE
"Vitvi17g00510",9,0.430497602000505,0.00877034378520732,1,0.0108621965979086,FALSE
"Vitvi17g00516",45,-0.816811769737353,1.23759826433008e-09,8.70774138782648e-06,1.26935005653447e-08,TRUE
"Vitvi17g00527",830,-0.411175350750953,0.0127285678576514,1,0.0152881876829012,FALSE
"Vitvi17g00528",638,-0.560401431163201,0.000378561901746614,1,0.000689863128901626,FALSE
"Vitvi17g00538",5,0.478898349698169,0.00312849885508842,1,0.00423472834636439,FALSE
"Vitvi17g00539",7,-0.638571442967416,2.77964224488528e-05,0.195575628350128,6.71158642244777e-05,FALSE
"Vitvi17g00541",130,-0.478898349698169,0.00312849885508842,1,0.00423472834636439,FALSE
"Vitvi17g00547",683,-0.689897685138033,3.24336512260011e-06,0.0228203170026144,1.02287391316067e-05,TRUE
"Vitvi17g00548",17,-0.469223635562852,0.00389036020229628,1,0.00516366240018047,FALSE
"Vitvi17g00556",120,0.762622932118971,6.45003996167878e-08,0.000453824811703719,4.17118393110036e-07,TRUE
"Vitvi17g00558",766,-0.437672562033847,0.00759614356666715,1,0.00955083383400109,FALSE
"Vitvi17g00560",1666,-0.57638349405403,0.000234110207241294,1,0.000441017247161913,FALSE
"Vitvi17g00565",167,-0.645746403000758,2.10820008752169e-05,0.148332958158026,5.29571432195744e-05,FALSE
"Vitvi17g00574",25,-0.217681068044622,0.202185093959942,1,0.208619199457715,FALSE
"Vitvi17g00578",5,0.504835052129336,0.00168932914938266,1,0.00271682740458433,FALSE
"Vitvi17g00583",1456,-0.723551230754522,6.16320832208703e-07,0.00433643337542043,2.38265570078046e-06,TRUE
"Vitvi17g00584",8,-0.469223635562852,0.00389036020229628,1,0.00516366240018047,FALSE
"Vitvi17g00591",4,0.469223635562852,0.00389036020229627,1,0.00516366240018047,FALSE
"Vitvi17g00598",199,0.401500636615636,0.0152203400780549,1,0.017965158998355,FALSE
"Vitvi17g00601",439,-0.723972600864835,6.02727352940987e-07,0.00424078965529278,2.34427288849795e-06,TRUE
"Vitvi17g00607",769,0.333777637668421,0.0466511603903606,1,0.0510240268158833,FALSE
"Vitvi17g00608",1138,-0.74411429702662,1.9754523623761e-07,0.00138992828216782,8.81934189192792e-07,TRUE
"Vitvi17g00609",14,-0.631396482934074,3.63959573998368e-05,0.256081956265252,8.4907810432777e-05,FALSE
"Vitvi17g00615",187,-0.719413407498765,7.65599059629684e-07,0.00538675498355446,2.89610482986801e-06,TRUE
"Vitvi17g00616",4,0.552471922567315,0.000476236747738389,1,0.000841064698064083,FALSE
"Vitvi17g00617",21,-0.645746403000758,2.10820008752169e-05,0.148332958158026,5.29571432195744e-05,FALSE
"Vitvi17g00622",15,0.697693386650656,2.25225754908551e-06,0.0158468841153656,7.43985169735475e-06,TRUE
"Vitvi17g00627",668,-0.478898349698169,0.00312849885508842,1,0.00423472834636439,FALSE
"Vitvi17g00645",1296,-0.808995377700137,2.36091949141347e-09,1.66114295415852e-05,2.16294655489392e-08,TRUE
"Vitvi17g00649",13,-0.700887740352874,1.93323218581868e-06,0.0136022216594202,6.46493424877393e-06,TRUE
"Vitvi17g00651",1207,-0.445387245405387,0.00648632975622311,1,0.00828723736422476,FALSE
"Vitvi17g00658",1500,-0.829476273338115,4.06241215706204e-10,2.85831319370885e-06,6.54731406210665e-09,TRUE
"Vitvi17g00670",218,0.693467000582206,2.74845999043983e-06,0.0193381644927347,8.84232487093491e-06,TRUE
"Vitvi17g00673",1796,-0.552471922567315,0.000476236747738388,1,0.000841064698064083,FALSE
"Vitvi17g00677",4,-0.478898349698169,0.00312849885508842,1,0.00423472834636439,FALSE
"Vitvi17g00686",16,0.459548921427535,0.00480814938579871,1,0.00625788736190894,FALSE
"Vitvi17g00695",167,-0.645746403000758,2.10820008752169e-05,0.148332958158026,5.29571432195744e-05,FALSE
"Vitvi17g00700",17,-0.75441642621575,1.07231136608592e-07,0.00075447827717805,6.45957429090799e-07,TRUE
"Vitvi17g00704",453,-0.709037994563675,1.29744768347651e-06,0.00912884190094076,4.58275195830359e-06,TRUE
"Vitvi17g00705",79,-0.750289519408583,1.37448227308175e-07,0.000967085727340323,6.46880085177473e-07,TRUE
"Vitvi17g00719",35,0.743358024495029,2.06373623602097e-07,0.00145204481566435,9.19597729996423e-07,TRUE
"Vitvi17g00721",62,0.634828246856505,3.2020662533188e-05,0.225297381583511,7.65536464775783e-05,FALSE
"Vitvi17g00722",1447,-0.884224678378342,8.74713631353133e-13,6.15448511020064e-09,8.4308015208228e-11,TRUE
"Vitvi17g00727",3,0.478898349698169,0.00312849885508842,1,0.00423472834636439,FALSE
"Vitvi17g00732",14,0.760088730172259,7.5624164511901e-08,0.000532091621505735,4.80227095221783e-07,TRUE
"Vitvi17g00744",50,-0.854242196177249,3.44851741255845e-11,2.42637685147612e-07,7.42011269564575e-10,TRUE
"Vitvi17g00753",331,0.840344737359525,1.44897691006177e-10,1.01950015391946e-06,2.72593624042636e-09,TRUE
"Vitvi17g00755",57,-0.478898349698169,0.00312849885508842,1,0.00423472834636439,FALSE
"Vitvi17g00759",1341,-0.596032931351327,0.000125192354329375,0.88085340506148,0.000252538246863957,FALSE
"Vitvi17g00775",109,-0.401500636615636,0.0152203400780548,1,0.017965158998355,FALSE
"Vitvi17g00777",179,-0.645746403000758,2.10820008752169e-05,0.148332958158026,5.29571432195744e-05,FALSE
"Vitvi17g00778",21,0.55885762556771,0.000396041802305424,1,0.000715233603958152,FALSE
"Vitvi17g00787",50,-0.314428209397787,0.0618077618339936,1,0.0666175570257321,FALSE
"Vitvi17g00790",37,0.725588629880729,5.53108756705168e-07,0.00389167321217756,2.16084020665051e-06,TRUE
"Vitvi17g00795",28,0.617046562867391,6.11763032283901e-05,0.430436469514953,0.000134890777033831,FALSE
"Vitvi17g00796",292,-0.638571442967416,2.77964224488528e-05,0.195575628350128,6.71158642244777e-05,FALSE
"Vitvi17g00804",1368,-0.696016511613758,2.43837926334964e-06,0.0171564364969281,8.00206926162689e-06,TRUE
"Vitvi17g00819",17,0.184328060741803,0.28184150165216,1,0.288273994130629,FALSE
"Vitvi17g00831",87,-0.358748001667088,0.0316645308614795,1,0.0354763756594538,FALSE
"Vitvi17g00837",1067,-0.711313577803071,1.15795074343497e-06,0.00814734143080846,4.15892875487926e-06,TRUE
"Vitvi17g00838",72,-0.760088730172259,7.5624164511901e-08,0.000532091621505735,4.80227095221783e-07,TRUE
"Vitvi17g00842",405,-0.478898349698169,0.00312849885508842,1,0.00423472834636439,FALSE
"Vitvi17g00845",33,-0.631396482934074,3.63959573998368e-05,0.256081956265252,8.4907810432777e-05,FALSE
"Vitvi17g00854",9,-0.478898349698169,0.00312849885508842,1,0.00423472834636439,FALSE
"Vitvi17g00863",4,0.382151208345003,0.0214447164072558,1,0.0246423362145112,FALSE
"Vitvi17g00869",8,-0.545296962533973,0.000583320667650517,1,0.00101089759053917,FALSE
"Vitvi17g00873",24,-0.64145697553854,2.48923868844812e-05,0.17514283411921,6.18442210872916e-05,FALSE
"Vitvi17g00874",1201,-0.552471922567315,0.000476236747738388,1,0.000841064698064083,FALSE
"Vitvi17g00878",1256,-0.563283869189166,0.00034775734695725,1,0.000636033452870083,FALSE
"Vitvi17g00881",394,0.617046562867391,6.11763032283901e-05,0.430436469514953,0.000134890777033831,FALSE
"Vitvi17g00889",4,-0.624120300523985,4.75123503802836e-05,0.334296897275676,0.000107837708798605,FALSE
"Vitvi17g00895",1233,-0.401500636615636,0.0152203400780548,1,0.017965158998355,FALSE
"Vitvi17g00898",381,-0.478898349698169,0.00312849885508842,1,0.00423472834636439,FALSE
"Vitvi17g00899",64,-0.478898349698169,0.00312849885508842,1,0.00423472834636439,FALSE
"Vitvi17g00917",947,-0.667461988060373,8.72733258323926e-06,0.0614055120556714,2.49920683987267e-05,FALSE
"Vitvi17g00920",625,-0.509422162367264,0.00150722386046954,1,0.00243007036715483,FALSE
"Vitvi17g00931",917,-0.42573780810809,0.00963192720412472,1,0.0119083183637711,FALSE
"Vitvi17g00936",652,0.714048223066807,1.00856591264741e-06,0.00709626976138714,3.72312159569105e-06,TRUE
"Vitvi17g00963",257,-0.577383292713601,0.000226988801827679,1,0.000430483344921711,FALSE
"Vitvi17g00964",167,-0.205739906181508,0.228665357374352,1,0.235045939296704,FALSE
"Vitvi17g00972",35,0.778309556517049,2.30216542281964e-08,0.00016198035914959,1.65286080764888e-07,TRUE
"Vitvi17g00975",445,0.725588629880729,5.53108756705168e-07,0.00389167321217756,2.16084020665051e-06,TRUE
"Vitvi17g00977",935,-0.844052495459424,1.00154322704635e-10,7.04685814549809e-07,1.952038267451e-09,TRUE
"Vitvi17g00979",1001,-0.645746403000758,2.10820008752169e-05,0.148332958158026,5.29571432195744e-05,FALSE
"Vitvi17g00990",4,0.431188918070421,0.00865084915257366,1,0.0108420688702366,FALSE
"Vitvi17g01012",1523,-0.358748001667088,0.0316645308614795,1,0.0354763756594538,FALSE
"Vitvi17g01015",82,0.750289519408583,1.37448227308174e-07,0.00096708572734031,6.46880085177473e-07,TRUE
"Vitvi17g01017",23,0.645746403000758,2.10820008752171e-05,0.148332958158028,5.29571432195744e-05,FALSE
"Vitvi17g01018",3,-0.00308761119098182,0.985741062565868,1,0.985881182119893,FALSE
"Vitvi17g01036",35,0.353127065939054,0.0346365270501542,1,0.0385117895582942,FALSE
"Vitvi17g01101",4,-0.480722322233897,0.00300044009732611,1,0.00423472834636439,FALSE
"Vitvi17g01183",29,-0.583054197390821,0.00019014349204162,1,0.000367270530032874,FALSE
"Vitvi17g01186",6,-0.348900064580946,0.0370182005919095,1,0.0410885091283602,FALSE
"Vitvi17g01203",1380,-0.577383292713601,0.000226988801827679,1,0.000430483344921711,FALSE
"Vitvi17g01209",8,0.372476494209687,0.0252748166470031,1,0.0287152607667228,FALSE
"Vitvi17g01221",1482,-0.696016511613758,2.43837926334964e-06,0.0171564364969281,8.00206926162689e-06,TRUE
"Vitvi17g01227",179,-0.478898349698169,0.00312849885508842,1,0.00423472834636439,FALSE
"Vitvi17g01228",40,0.750289519408583,1.37448227308174e-07,0.00096708572734031,6.46880085177473e-07,TRUE
"Vitvi17g01236",19,-0.478898349698169,0.00312849885508842,1,0.00423472834636439,FALSE
"Vitvi17g01311",158,-0.251123601166961,0.139579734523285,1,0.14586113353718,FALSE
"Vitvi17g01320",4,-0.617046562867391,6.11763032283906e-05,0.430436469514956,0.000134890777033831,FALSE
"Vitvi17g01339",39,-0.478898349698169,0.00312849885508842,1,0.00423472834636439,FALSE
"Vitvi17g01341",1010,-0.685818467487549,3.90794358777023e-06,0.0274962910835514,1.2123585133841e-05,TRUE
"Vitvi17g01360",267,-0.343452351803737,0.0402822983143647,1,0.0443754894222436,FALSE
"Vitvi17g01362",59,0.645746403000758,2.10820008752171e-05,0.148332958158028,5.29571432195744e-05,FALSE
"Vitvi17g01365",117,-0.187120910146982,0.274485918412745,1,0.281036513671722,FALSE
"Vitvi17g01373",88,0.800004596419964,4.79020418776384e-09,3.37038766651064e-05,4.06771680977901e-08,TRUE
"Vitvi17g01376",63,-0.69522692938384,2.5308033233668e-06,0.0178067321832088,8.25149776793736e-06,TRUE
"Vitvi17g01378",175,0.612608827303015,7.14674504849691e-05,0.502844981612243,0.000155438943311358,FALSE
"Vitvi17g01380",101,0.765761034128769,5.28218853687821e-08,0.000371654785454751,3.50287262445571e-07,TRUE
"Vitvi17g01382",23,-0.625704236445456,4.48597482637101e-05,0.315633188783464,0.000103384601632317,FALSE
"Vitvi17g01392",89,-0.478898349698169,0.00312849885508842,1,0.00423472834636439,FALSE
"Vitvi17g01394",19,-0.349832518434492,0.0364816897897929,1,0.0405185744847645,FALSE
"Vitvi17g01396",172,-0.478898349698169,0.00312849885508842,1,0.00423472834636439,FALSE
"Vitvi17g01404",18,0.304753495262471,0.0707229426338605,1,0.0757507420264641,FALSE
"Vitvi17g01414",22,-0.569833681621598,0.000285923238424702,1,0.000532069797819678,FALSE
"Vitvi17g01420",22,-0.617046562867391,6.11763032283906e-05,0.430436469514956,0.000134890777033831,FALSE
"Vitvi17g01436",8,-0.36280178007437,0.0296534634974876,1,0.0332921284774729,FALSE
"Vitvi17g01454",367,-0.411175350750953,0.0127285678576514,1,0.0152881876829012,FALSE
"Vitvi17g01455",976,-0.589483118918895,0.000154932061894313,1,0.000305265188319346,FALSE
"Vitvi17g01457",1308,-0.582933306486462,0.000190869311580325,1,0.000367270530032874,FALSE
"Vitvi17g01467",9,0.380272881767113,0.0221479552944204,1,0.0254089374615265,FALSE
"Vitvi17g01470",6,-0.324102923533104,0.0538052002373616,1,0.0584218192700735,FALSE
"Vitvi17g01471",134,-0.617046562867391,6.11763032283906e-05,0.430436469514956,0.000134890777033831,FALSE
"Vitvi17g01474",17,0.237030496315255,0.163946637501507,1,0.170438614282004,FALSE
"Vitvi17g01481",32,-0.729495716735492,4.48250799599698e-07,0.00315389262598347,1.80738832434583e-06,TRUE
"Vitvi17g01495",42,0.703365690607165,1.71488287988333e-06,0.0120659159428591,5.86863615897817e-06,TRUE
"Vitvi17g01496",18,-0.800004596419964,4.79020418776384e-09,3.37038766651064e-05,4.06771680977901e-08,TRUE
"Vitvi17g01497",42,-0.734919476711221,3.32800881439018e-07,0.00234158700180493,1.40130879820762e-06,TRUE
"Vitvi17g01499",65,-0.593616839704664,0.000135505069190758,0.953413666826177,0.00027008885745784,FALSE
"Vitvi17g01505",36,0.459197442133872,0.00484474340951937,1,0.00629038837966014,FALSE
"Vitvi17g01511",1437,-0.609772120130713,7.88391441256792e-05,0.554712218068279,0.000168554305095193,FALSE
"Vitvi17g01512",325,0.478898349698169,0.00312849885508842,1,0.00423472834636439,FALSE
"Vitvi17g01513",247,-0.592506363732738,0.000140496125716821,0.98853074054355,0.000279640944991103,FALSE
"Vitvi17g01515",590,-0.599066197410861,0.000113247116671386,0.796806712899873,0.000231495268128958,FALSE
"Vitvi17g01520",590,-0.692021082694147,2.93995527601393e-06,0.020685525322034,9.38970736361052e-06,TRUE
"Vitvi17g01521",438,-0.431887168744947,0.0085315688233961,1,0.0106963860016777,FALSE
"Vitvi17g01522",4,-0.32271371855585,0.0549006294217378,1,0.0595560944513332,FALSE
"Vitvi17g01523",64,0.343452351803737,0.0402822983143647,1,0.0443754894222436,FALSE
"Vitvi17g01535",636,0.502247202333923,0.00180036184177853,1,0.00287567444239588,FALSE
"Vitvi17g01554",62,-0.602084182241456,0.000102390038824264,0.720416313167522,0.000210401960621356,FALSE
"Vitvi17g01555",5,0.550511637536449,0.000503599688275501,1,0.000887607065808223,FALSE
"Vitvi17g01564",23,-0.817853245729696,1.13293872679815e-09,7.97135688175177e-06,1.26935005653447e-08,TRUE
"Vitvi17g01576",3,0.480722322233897,0.00300044009732609,1,0.00423472834636439,FALSE
"Vitvi17g01596",15,-0.530534807027005,0.000873110001630482,1,0.00146231896488266,FALSE
"Vitvi17g01604",29,0.789157076468506,1.07431838963728e-08,7.55890418948789e-05,8.2162002059651e-08,TRUE
"Vitvi17g01609",5,-0.159632783232723,0.352382996354793,1,0.358031301422718,FALSE
"Vitvi17g01650",8,0.645746403000758,2.10820008752171e-05,0.148332958158028,5.29571432195744e-05,FALSE
"Vitvi17g04009",1673,-0.759552352981529,7.81948005924383e-08,0.000550178616968396,4.90355273590371e-07,TRUE
"Vitvi17g04011",103,-0.631396482934074,3.63959573998368e-05,0.256081956265252,8.4907810432777e-05,FALSE
"Vitvi17g04023",8,0.440199493156902,0.00721598030084792,1,0.0091021221579,FALSE
"Vitvi17g04026",12,-0.478898349698169,0.00312849885508842,1,0.00423472834636439,FALSE
"Vitvi17g04033",27,0.645746403000758,2.10820008752171e-05,0.148332958158028,5.29571432195744e-05,FALSE
"Vitvi17g04034",19,0.759401722865426,7.89310789590978e-08,0.000555359071556212,4.94091700672787e-07,TRUE
"Vitvi17g04040",35,-0.631396482934074,3.63959573998368e-05,0.256081956265252,8.4907810432777e-05,FALSE
"Vitvi17g04042",155,-0.330926531895479,0.0486750109283287,1,0.0531962374792981,FALSE
"Vitvi17g04044",196,-0.330926531895479,0.0486750109283287,1,0.0531962374792981,FALSE
"Vitvi17g04050",5,0.478898349698169,0.00312849885508842,1,0.00423472834636439,FALSE
"Vitvi17g04064",12,0.265473521233645,0.117616948709325,1,0.123718470790672,FALSE
"Vitvi17g04067",26,0.56687734242067,0.000312498151787368,1,0.0005779036807784,FALSE
"Vitvi17g04068",38,-0.854242196177249,3.44851741255845e-11,2.42637685147612e-07,7.42011269564575e-10,TRUE
"Vitvi17g04076",3,-0.459197442133872,0.00484474340951935,1,0.00629038837966014,FALSE
"Vitvi17g04079",5,-0.583558515095565,0.00018714223369946,1,0.00036323662243018,FALSE
"Vitvi17g04091",8,0.678679836599203,5.37727468533645e-06,0.0378345046860273,1.6079262509999e-05,TRUE
"Vitvi17g04093",53,0.743071818302731,2.09808419839559e-07,0.00147621204199113,9.29019535551383e-07,TRUE
"Vitvi17g04095",8,0.240655475555945,0.157405593683441,1,0.16393838143893,FALSE
"Vitvi17g04097",22,0.751595852101597,1.2712618192812e-07,0.00089445981604625,6.46880085177473e-07,TRUE
"Vitvi17g04098",72,0.449874207292219,0.00590725996608226,1,0.00756387281553318,FALSE
"Vitvi17g04101",31,0.800004596419964,4.79020418776384e-09,3.37038766651064e-05,4.06771680977901e-08,TRUE
"Vitvi17g04102",15,0.709037994563675,1.29744768347651e-06,0.00912884190094076,4.58275195830359e-06,TRUE
"Vitvi17g04130",6,-0.598964739161463,0.000113629464566992,0.799496912693356,0.000232141960712356,FALSE
"Vitvi17g04131",76,-0.36280178007437,0.0296534634974876,1,0.0332921284774729,FALSE
"Vitvi17g04138",12,-0.697693386650656,2.25225754908549e-06,0.0158468841153655,7.43985169735475e-06,TRUE
"Vitvi17g04141",7,0.655224335108922,1.44701321343351e-05,0.101811849697182,3.99105643658103e-05,FALSE
"Vitvi17g04146",4,0.478898349698169,0.00312849885508842,1,0.00423472834636439,FALSE
"Vitvi17g04171",110,0.854242196177249,3.4485174125585e-11,2.42637685147616e-07,7.42011269564575e-10,TRUE
"Vitvi17g04179",6,-0.478898349698169,0.00312849885508842,1,0.00423472834636439,FALSE
"Vitvi17g04183",17,-0.469155237900521,0.00389627317109338,1,0.00517053527570974,FALSE
"Vitvi17g04189",33,-0.36280178007437,0.0296534634974876,1,0.0332921284774729,FALSE
"Vitvi17g04190",11,0.469223635562852,0.00389036020229627,1,0.00516366240018047,FALSE
"Vitvi17g04195",99,0.459548921427535,0.00480814938579871,1,0.00625788736190894,FALSE
"Vitvi17g04200",110,-0.584362801979239,0.000182443654683389,1,0.000355391349488463,FALSE
"Vitvi17g04211",14,-0.612608827303015,7.14674504849691e-05,0.502844981612243,0.000155438943311358,FALSE
"Vitvi17g04212",29,-0.478898349698169,0.00312849885508842,1,0.00423472834636439,FALSE
"Vitvi17g04216",402,-0.608823234334672,8.14539080495426e-05,0.573109697036582,0.000172467558542456,FALSE
"Vitvi17g04223",14,0.478898349698169,0.00312849885508842,1,0.00423472834636439,FALSE
"Vitvi17g04225",796,-0.556734056756734,0.000421261179223091,1,0.000755542609486023,FALSE
"Vitvi17g04237",7,0.521806291275928,0.00109888106241935,1,0.00181155744029582,FALSE
"Vitvi17g04238",48,0.49093017936611,0.00236463986221341,1,0.00372122703433989,FALSE
"Vitvi17g04255",394,0.602696642800707,0.000100304716366617,0.705743984355515,0.00020739228535204,FALSE
"Vitvi17g04257",884,-0.744076225026327,1.97981218568865e-07,0.00139299585385053,8.83320135605917e-07,TRUE
"Vitvi17g04258",13,-0.449874207292219,0.00590725996608227,1,0.00756387281553318,FALSE
"Vitvi17g04269",67,0.692021082694147,2.93995527601393e-06,0.020685525322034,9.38970736361052e-06,TRUE
"Vitvi17g04271",12,-0.459548921427535,0.00480814938579871,1,0.00625788736190894,FALSE
"Vitvi17g04275",26,0.438497146261806,0.00747024851657564,1,0.00941104181962869,FALSE
"Vitvi17g04289",73,-0.750289519408583,1.37448227308175e-07,0.000967085727340323,6.46880085177473e-07,TRUE
"Vitvi17g04304",5,0.181492776549448,0.289438252736332,1,0.295829103174438,FALSE
"Vitvi17g04336",3,-0.130608640826773,0.447699103241463,1,0.453238977036969,FALSE
"Vitvi18g00008",1769,-0.871125053513477,4.87284258467059e-12,3.42853204257422e-08,2.4665698148016e-10,TRUE
"Vitvi18g00018",713,-0.478898349698169,0.00312849885508842,1,0.00423472834636439,FALSE
"Vitvi18g00020",12,0.637291797148107,2.91799556594364e-05,0.205310168019794,7.03117013766419e-05,FALSE
"Vitvi18g00022",1651,-0.884224678378342,8.74713631353133e-13,6.15448511020064e-09,8.4308015208228e-11,TRUE
"Vitvi18g00023",553,-0.543634431891869,0.000610994698697925,1,0.00105263435358439,FALSE
"Vitvi18g00033",18,0.750289519408583,1.37448227308174e-07,0.00096708572734031,6.46880085177473e-07,TRUE
"Vitvi18g00040",137,-0.227355782179939,0.182356808244462,1,0.188852296556967,FALSE
"Vitvi18g00043",1655,-0.884224678378342,8.74713631353133e-13,6.15448511020064e-09,8.4308015208228e-11,TRUE
"Vitvi18g00048",614,-0.478898349698169,0.00312849885508842,1,0.00423472834636439,FALSE
"Vitvi18g00049",23,-0.543634431891869,0.000610994698697925,1,0.00105263435358439,FALSE
"Vitvi18g00050",172,-0.33245623851441,0.047580577618139,1,0.0520243891408277,FALSE
"Vitvi18g00051",691,-0.593526168145359,0.000135906535514039,0.956238383876776,0.000270812343210642,FALSE
"Vitvi18g00064",1421,-0.523984994594573,0.00103817108302138,1,0.00172196410658615,FALSE
"Vitvi18g00065",7,-0.645746403000758,2.10820008752169e-05,0.148332958158026,5.29571432195744e-05,FALSE
"Vitvi18g00071",305,-0.478898349698169,0.00312849885508842,1,0.00423472834636439,FALSE
"Vitvi18g00086",7,-0.509422162367264,0.00150722386046954,1,0.00243007036715483,FALSE
"Vitvi18g00087",47,0.466372402167214,0.00414355138051984,1,0.00548626787981514,FALSE
"Vitvi18g00090",240,-0.36280178007437,0.0296534634974876,1,0.0332921284774729,FALSE
"Vitvi18g00091",19,-0.610172997269464,7.77574147678707e-05,0.547101170306738,0.000168028749223046,FALSE
"Vitvi18g00095",10,0.74411429702662,1.97545236237612e-07,0.00138992828216784,8.81934189192792e-07,TRUE
"Vitvi18g00096",237,0.294741559459447,0.0809782379356655,1,0.0863931587741232,FALSE
"Vitvi18g00101",75,-0.645746403000758,2.10820008752169e-05,0.148332958158026,5.29571432195744e-05,FALSE
"Vitvi18g00106",42,0.866359712001401,8.69442361037607e-12,6.11739645226061e-08,2.88556436427387e-10,TRUE
"Vitvi18g00107",66,0.710293773390451,1.21867003469753e-06,0.00857456236413181,4.3589475817507e-06,TRUE
"Vitvi18g00108",6,-0.120416836448291,0.484205450928452,1,0.489141357176251,FALSE
"Vitvi18g00109",38,0.404477066018619,0.0144134798599693,1,0.0172647674999565,FALSE
"Vitvi18g00117",36,0.36280178007437,0.0296534634974875,1,0.0332921284774729,FALSE
"Vitvi18g00118",1336,-0.798754929881148,5.27034919958902e-09,3.70821769683084e-05,4.29689188508788e-08,TRUE
"Vitvi18g00119",39,0.581171762700682,0.000201731083518181,1,0.0003846558004428,FALSE
"Vitvi18g00137",1615,-0.74411429702662,1.9754523623761e-07,0.00138992828216782,8.81934189192792e-07,TRUE
"Vitvi18g00139",20,0.478898349698169,0.00312849885508842,1,0.00423472834636439,FALSE
"Vitvi18g00142",3,0.0502247202333923,0.771130244351134,1,0.77421124418587,FALSE
"Vitvi18g00144",246,0.668481792472994,8.35848579661524e-06,0.0588103060649848,2.41025844528626e-05,FALSE
"Vitvi18g00154",10,-0.648595606426887,1.88524151872011e-05,0.132645593257147,5.1413020642305e-05,FALSE
"Vitvi18g00159",1217,-0.866758511891856,8.29025229610732e-12,5.83302151554111e-08,2.88556436427387e-10,TRUE
"Vitvi18g00161",1100,-0.684288760868618,4.18769069394475e-06,0.0294645917225952,1.28722550120556e-05,TRUE
"Vitvi18g00164",63,-0.673070912329788,6.86813950157651e-06,0.0483242295330923,2.00598711220807e-05,TRUE
"Vitvi18g00173",64,-0.478898349698169,0.00312849885508842,1,0.00423472834636439,FALSE
"Vitvi18g00174",81,0.750289519408583,1.37448227308174e-07,0.00096708572734031,6.46880085177473e-07,TRUE
"Vitvi18g00175",976,-0.645746403000758,2.10820008752169e-05,0.148332958158026,5.29571432195744e-05,FALSE
"Vitvi18g00177",6,-0.380272881767113,0.0221479552944204,1,0.0254089374615265,FALSE
"Vitvi18g00185",770,0.667461988060373,8.72733258323926e-06,0.0614055120556714,2.49920683987267e-05,FALSE
"Vitvi18g00189",3,0.358748001667088,0.0316645308614795,1,0.0354763756594538,FALSE
"Vitvi18g00190",22,-0.866359712001401,8.69442361037601e-12,6.11739645226056e-08,2.88556436427387e-10,TRUE
"Vitvi18g00191",41,0.866359712001401,8.69442361037607e-12,6.11739645226061e-08,2.88556436427387e-10,TRUE
"Vitvi18g00193",1457,-0.820036516540506,9.39660340814756e-10,6.61145015797262e-06,1.23773948834228e-08,TRUE
"Vitvi18g00196",726,-0.343452351803737,0.0402822983143647,1,0.0443754894222436,FALSE
"Vitvi18g00197",17,0.632960294151274,3.43391503021161e-05,0.241610261525689,8.16802777301181e-05,FALSE
"Vitvi18g00213",1241,-0.401500636615636,0.0152203400780548,1,0.017965158998355,FALSE
"Vitvi18g00214",29,0.638571442967416,2.77964224488528e-05,0.195575628350128,6.71158642244777e-05,FALSE
"Vitvi18g00215",209,0.449874207292219,0.00590725996608226,1,0.00756387281553318,FALSE
"Vitvi18g00230",11,0.478898349698169,0.00312849885508842,1,0.00423472834636439,FALSE
"Vitvi18g00235",42,-0.272648481266987,0.107659058362385,1,0.113668837730753,FALSE
"Vitvi18g00236",1278,-0.581171762700682,0.000201731083518182,1,0.0003846558004428,FALSE
"Vitvi18g00237",72,0.713224436808306,1.05158989446501e-06,0.00739898649745581,3.82772193350016e-06,TRUE
"Vitvi18g00239",278,-0.589919611476977,0.000152768766009833,1,0.000303124940114265,FALSE
"Vitvi18g00242",550,-0.684288760868618,4.18769069394475e-06,0.0294645917225952,1.28722550120556e-05,TRUE
"Vitvi18g00250",76,0.559646882600657,0.000387017462770901,1,0.000700014104898731,FALSE
"Vitvi18g00254",40,0.602696642800707,0.000100304716366617,0.705743984355515,0.00020739228535204,FALSE
"Vitvi18g00258",106,-0.208073840966911,0.223313018188778,1,0.229836397991813,FALSE
"Vitvi18g00260",679,-0.731763852262692,3.96103875756545e-07,0.00278698686982305,1.612037906752e-06,TRUE
"Vitvi18g00263",384,-0.256379924585888,0.131210130347675,1,0.137380130524738,FALSE
"Vitvi18g00271",1401,-0.85540550367564,3.03776295899876e-11,2.13737001795153e-07,7.42011269564575e-10,TRUE
"Vitvi18g00274",1672,-0.768815186554474,4.33607583457646e-08,0.0003050862957208,2.92508433097603e-07,TRUE
"Vitvi18g00276",13,-0.559646882600657,0.000387017462770897,1,0.000700014104898731,FALSE
"Vitvi18g00283",1027,-0.380272881767113,0.0221479552944204,1,0.0254089374615265,FALSE
"Vitvi18g00289",49,0.630146452885797,3.81196074882887e-05,0.2682095582876,8.88405294096057e-05,FALSE
"Vitvi18g00290",8,-0.692021082694147,2.93995527601393e-06,0.020685525322034,9.38970736361052e-06,TRUE
"Vitvi18g00291",62,-0.806340170265918,2.92063171751105e-09,2.05495647644077e-05,2.64133223192901e-08,TRUE
"Vitvi18g00307",5,0.811139465780844,1.98345837029641e-09,1.39556130934055e-05,1.87072561573802e-08,TRUE
"Vitvi18g00310",543,-0.82902360477862,4.23397938922474e-10,2.97902789825853e-06,6.54731406210665e-09,TRUE
"Vitvi18g00311",1172,-0.478898349698169,0.00312849885508842,1,0.00423472834636439,FALSE
"Vitvi18g00313",1296,-0.796603687273311,6.20273486393306e-09,4.3642442502633e-05,4.97633323861266e-08,TRUE
"Vitvi18g00316",1364,-0.796603687273311,6.20273486393306e-09,4.3642442502633e-05,4.97633323861266e-08,TRUE
"Vitvi18g00317",52,-0.67618685082502,5.99900909659352e-06,0.042209028003632,1.77797085103761e-05,TRUE
"Vitvi18g00322",644,-0.559646882600657,0.000387017462770897,1,0.000700014104898731,FALSE
"Vitvi18g00341",19,-0.478898349698169,0.00312849885508842,1,0.00423472834636439,FALSE
"Vitvi18g00349",496,0.471586495135116,0.003690811552788,1,0.00495866910166438,FALSE
"Vitvi18g00355",1198,-0.420850064886269,0.010590608809886,1,0.0129098273711639,FALSE
"Vitvi18g00360",118,-0.459548921427535,0.00480814938579871,1,0.00625788736190894,FALSE
"Vitvi18g00371",1562,-0.824356049428621,6.44165101155286e-10,4.53234565172859e-06,8.88695225829135e-09,TRUE
"Vitvi18g00375",1067,-0.596032931351327,0.000125192354329375,0.88085340506148,0.000252538246863957,FALSE
"Vitvi18g00376",880,-0.762038276589863,6.69235268411086e-08,0.00047087393485404,4.29237862218815e-07,TRUE
"Vitvi18g00381",28,-0.478898349698169,0.00312849885508842,1,0.00423472834636439,FALSE
"Vitvi18g00387",514,0.589483118918895,0.000154932061894313,1,0.000305265188319346,FALSE
"Vitvi18g00392",728,0.420850064886269,0.010590608809886,1,0.0129098273711639,FALSE
"Vitvi18g00397",3,-0.6638926726162,1.01381854377083e-05,0.0713322727397155,2.87494315704551e-05,FALSE
"Vitvi18g00408",6,-0.449874207292219,0.00590725996608227,1,0.00756387281553318,FALSE
"Vitvi18g00416",111,-0.703975351543856,1.66474631406599e-06,0.0117131550657683,5.74174267929824e-06,TRUE
"Vitvi18g00421",743,-0.731709666055489,3.97281655814094e-07,0.00279527373030797,1.612037906752e-06,TRUE
"Vitvi18g00422",1030,-0.731763852262692,3.96103875756545e-07,0.00278698686982305,1.612037906752e-06,TRUE
"Vitvi18g00424",30,0.633808442443884,3.32682188097713e-05,0.234075187545551,7.93475212018825e-05,FALSE
"Vitvi18g00427",510,0.691230227781763,3.04978550862639e-06,0.0214582908386953,9.69209161639354e-06,TRUE
"Vitvi18g00430",499,0.595521682767366,0.000127313692999973,0.895779143947812,0.000254410435656862,FALSE
"Vitvi18g00432",119,-0.803875153790643,3.54813370040871e-09,2.49646687160757e-05,3.09735343871906e-08,TRUE
"Vitvi18g00433",56,-0.670283857242922,7.74126829436641e-06,0.0544675637191621,2.25538566124895e-05,FALSE
"Vitvi18g00435",1072,-0.556734056756734,0.000421261179223091,1,0.000755542609486023,FALSE
"Vitvi18g00436",1188,-0.650635215252128,1.73903596896964e-05,0.122358570776704,4.75178915637685e-05,FALSE
"Vitvi18g00445",185,-0.53094704246729,0.000863545476365859,1,0.00145252354093,FALSE
"Vitvi18g00448",4,0.516597122400606,0.00125690591977388,1,0.00205282963127414,FALSE
"Vitvi18g00456",3,0.36280178007437,0.0296534634974875,1,0.0332921284774729,FALSE
"Vitvi18g00462",70,0.750289519408583,1.37448227308174e-07,0.00096708572734031,6.46880085177473e-07,TRUE
"Vitvi18g00466",935,-0.810908485941893,2.02124693072249e-09,1.42214934045635e-05,1.89483953041631e-08,TRUE
"Vitvi18g00469",37,-0.615682368648623,6.41873880190989e-05,0.45162246210238,0.000140604751588537,FALSE
"Vitvi18g00470",40,0.478898349698169,0.00312849885508842,1,0.00423472834636439,FALSE
"Vitvi18g00472",1648,-0.799077116756724,5.14246502601619e-09,3.61823839230499e-05,4.27906828299512e-08,TRUE
"Vitvi18g00473",127,-0.801128649616081,4.39329315737806e-09,3.0911210655312e-05,3.7881385607e-08,TRUE
"Vitvi18g00474",221,-0.631471217678129,3.6295178890757e-05,0.255372878675366,8.4907810432777e-05,FALSE
"Vitvi18g00479",5,0.680676474781128,4.92239733135686e-06,0.0346339876234269,1.49027485470856e-05,TRUE
"Vitvi18g00480",255,0.688367978519101,3.47940250082476e-06,0.024481075995803,1.08756446005344e-05,TRUE
"Vitvi18g00499",12,-0.359990957655174,0.0310363739055774,1,0.0348114023273781,FALSE
"Vitvi18g00505",1305,-0.411175350750953,0.0127285678576514,1,0.0152881876829012,FALSE
"Vitvi18g00507",5,-0.478898349698169,0.00312849885508842,1,0.00423472834636439,FALSE
"Vitvi18g00508",46,-0.411175350750953,0.0127285678576514,1,0.0152881876829012,FALSE
"Vitvi18g00513",67,0.333777637668421,0.0466511603903606,1,0.0510240268158833,FALSE
"Vitvi18g00529",3,-0.186548960866886,0.275981977380825,1,0.282403896575259,FALSE
"Vitvi18g00530",619,-0.71310754812233,1.05782926771543e-06,0.00744288672764574,3.84844194811052e-06,TRUE
"Vitvi18g00544",52,-0.52409414676628,0.00103520903174676,1,0.00172196410658615,FALSE
"Vitvi18g00563",462,0.552471922567315,0.000476236747738389,1,0.000841064698064083,FALSE
"Vitvi18g00572",73,-0.631396482934074,3.63959573998368e-05,0.256081956265252,8.4907810432777e-05,FALSE
"Vitvi18g00573",1358,-0.808995377700137,2.36091949141347e-09,1.66114295415852e-05,2.16294655489392e-08,TRUE
"Vitvi18g00598",1354,-0.641424413389407,2.49235599008881e-05,0.175362167462649,6.18779701703065e-05,FALSE
"Vitvi18g00603",10,0.757204776371011,9.04231920805616e-08,0.000636217579478832,5.52752023873876e-07,TRUE
"Vitvi18g00605",8,-0.552471922567315,0.000476236747738388,1,0.000841064698064083,FALSE
"Vitvi18g00610",1423,-0.343452351803737,0.0402822983143647,1,0.0443754894222436,FALSE
"Vitvi18g00612",559,-0.611882647572535,7.3292792069024e-05,0.515688084997653,0.000159261298640412,FALSE
"Vitvi18g00615",14,-0.478898349698169,0.00312849885508842,1,0.00423472834636439,FALSE
"Vitvi18g00616",1686,-0.685818467487549,3.90794358777023e-06,0.0274962910835514,1.2123585133841e-05,TRUE
"Vitvi18g00617",1733,-0.716412599866176,8.93892664680424e-07,0.00628942878869146,3.32950174096954e-06,TRUE
"Vitvi18g00618",16,-0.333777637668421,0.0466511603903606,1,0.0510240268158833,FALSE
"Vitvi18g00626",142,-0.680676474781128,4.92239733135686e-06,0.0346339876234269,1.49027485470856e-05,TRUE
"Vitvi18g00628",27,-0.713238185116801,1.05085825073373e-06,0.00739383865216252,3.82772193350016e-06,TRUE
"Vitvi18g00634",71,-0.811139465780844,1.98345837029642e-09,1.39556130934056e-05,1.87072561573802e-08,TRUE
"Vitvi18g00635",13,-0.365881926131346,0.0281965632668856,1,0.0319779205586407,FALSE
"Vitvi18g00640",858,-0.824356049428621,6.44165101155286e-10,4.53234565172859e-06,8.88695225829135e-09,TRUE
"Vitvi18g00651",141,0.701115533676863,1.9121456150538e-06,0.0134538565475186,6.43417338475313e-06,TRUE
"Vitvi18g00654",7,-0.120933926691457,0.482316946894032,1,0.487513581144435,FALSE
"Vitvi18g00675",74,0.57399680266734,0.000251925466762095,1,0.000472049955829054,FALSE
"Vitvi18g00683",1465,-0.866758511891856,8.29025229610732e-12,5.83302151554111e-08,2.88556436427387e-10,TRUE
"Vitvi18g00686",14,-0.478898349698169,0.00312849885508842,1,0.00423472834636439,FALSE
"Vitvi18g00687",416,-0.521851963998865,0.00109757691190447,1,0.00181152970963169,FALSE
"Vitvi18g00689",29,0.589733737477529,0.000153686635287773,1,0.00030451680255837,FALSE
"Vitvi18g00690",1470,-0.696016511613758,2.43837926334964e-06,0.0171564364969281,8.00206926162689e-06,TRUE
"Vitvi18g00691",41,0.816811769737353,1.23759826433005e-09,8.70774138782626e-06,1.26935005653447e-08,TRUE
"Vitvi18g00697",1697,-0.87985813675672,1.58515090510686e-12,1.11531217683319e-08,1.19926040519698e-10,TRUE
"Vitvi18g00706",326,0.609871602834049,7.8569440725387e-05,0.552814584943823,0.000168028749223046,FALSE
"Vitvi18g00708",122,0.478898349698169,0.00312849885508842,1,0.00423472834636439,FALSE
"Vitvi18g00716",279,0.632960294151274,3.43391503021161e-05,0.241610261525689,8.16802777301181e-05,FALSE
"Vitvi18g00721",51,0.750289519408583,1.37448227308174e-07,0.00096708572734031,6.46880085177473e-07,TRUE
"Vitvi18g00722",14,-0.324102923533104,0.0538052002373616,1,0.0584218192700735,FALSE
"Vitvi18g00727",1398,-0.478898349698169,0.00312849885508842,1,0.00423472834636439,FALSE
"Vitvi18g00729",270,0.609132556216191,8.05930710257105e-05,0.567052847736899,0.000170696221474082,FALSE
"Vitvi18g00730",75,0.582933306486462,0.000190869311580326,1,0.000367270530032874,FALSE
"Vitvi18g00731",100,-0.344398081600404,0.0396995102296854,1,0.0440229714698292,FALSE
"Vitvi18g00732",13,-0.469223635562852,0.00389036020229628,1,0.00516366240018047,FALSE
"Vitvi18g00739",731,-0.343452351803737,0.0402822983143647,1,0.0443754894222436,FALSE
"Vitvi18g00740",202,0.353127065939054,0.0346365270501542,1,0.0385117895582942,FALSE
"Vitvi18g00743",1696,-0.814115601609632,1.55170655744904e-09,1.09178073382114e-05,1.51216168119272e-08,TRUE
"Vitvi18g00747",1345,-0.720382602476694,7.27925607343032e-07,0.00512168457326557,2.77297486370632e-06,TRUE
"Vitvi18g00749",1606,-0.582933306486462,0.000190869311580325,1,0.000367270530032874,FALSE
"Vitvi18g00757",26,-0.304753495262471,0.0707229426338605,1,0.0757507420264641,FALSE
"Vitvi18g00768",1552,-0.706214555739967,1.4919087330318e-06,0.0104970698456117,5.17606994359553e-06,TRUE
"Vitvi18g00770",665,-0.752907990308538,1.1748204941656e-07,0.000826603699694918,6.46880085177473e-07,TRUE
"Vitvi18g00775",1014,-0.65216492187106,1.63623007689219e-05,0.115125148210134,4.48830987174012e-05,FALSE
"Vitvi18g00777",385,-0.581171762700682,0.000201731083518182,1,0.0003846558004428,FALSE
"Vitvi18g00780",82,-0.458510261860801,0.0049169840307632,1,0.00637915889963234,FALSE
"Vitvi18g00781",1431,-0.582933306486462,0.000190869311580325,1,0.000367270530032874,FALSE
"Vitvi18g00784",105,0.725588629880729,5.53108756705168e-07,0.00389167321217756,2.16084020665051e-06,TRUE
"Vitvi18g00789",372,0.478898349698169,0.00312849885508842,1,0.00423472834636439,FALSE
"Vitvi18g00792",946,-0.569833681621598,0.000285923238424702,1,0.000532069797819678,FALSE
"Vitvi18g00808",45,-0.430524779021586,0.00876561976487687,1,0.0108621965979086,FALSE
"Vitvi18g00815",17,0.645746403000758,2.10820008752171e-05,0.148332958158028,5.29571432195744e-05,FALSE
"Vitvi18g00816",3,-0.258298561200303,0.128249602946178,1,0.134641033471995,FALSE
"Vitvi18g00836",3,-0.563283869189166,0.00034775734695725,1,0.000636033452870083,FALSE
"Vitvi18g00839",413,0.757793138605192,8.72029469688381e-08,0.000613559934872745,5.41058143626759e-07,TRUE
"Vitvi18g00840",36,0.725588629880729,5.53108756705168e-07,0.00389167321217756,2.16084020665051e-06,TRUE
"Vitvi18g00842",1146,-0.631768833618642,3.58963514007594e-05,0.252566728455743,8.4907810432777e-05,FALSE
"Vitvi18g00843",490,-0.734769079293352,3.35592859601083e-07,0.00236123136015322,1.40717005968607e-06,TRUE
"Vitvi18g00857",1332,-0.690917489550654,3.09424313313362e-06,0.0217710946847282,9.80679940753528e-06,TRUE
"Vitvi18g00858",161,-0.745986927832182,1.77160876753437e-07,0.00124650392883718,8.08368306638897e-07,TRUE
"Vitvi18g00866",25,-0.559646882600657,0.000387017462770897,1,0.000700014104898731,FALSE
"Vitvi18g00869",719,-0.697693386650656,2.25225754908549e-06,0.0158468841153655,7.43985169735475e-06,TRUE
"Vitvi18g00878",111,0.816811769737353,1.23759826433005e-09,8.70774138782626e-06,1.26935005653447e-08,TRUE
"Vitvi18g00881",1708,-0.884224678378342,8.74713631353133e-13,6.15448511020064e-09,8.4308015208228e-11,TRUE
"Vitvi18g00882",7,-0.631396482934074,3.63959573998368e-05,0.256081956265252,8.4907810432777e-05,FALSE
"Vitvi18g00885",6,0.478898349698169,0.00312849885508842,1,0.00423472834636439,FALSE
"Vitvi18g00894",49,0.120933926691457,0.482316946894032,1,0.487513581144435,FALSE
"Vitvi18g00899",21,0.724071956759764,5.99562518249329e-07,0.00421852187840228,2.33454448168361e-06,TRUE
"Vitvi18g00909",847,-0.811754063090946,1.88607905379907e-09,1.32704522225303e-05,1.8178701674699e-08,TRUE
"Vitvi18g00922",9,-0.440199493156902,0.00721598030084795,1,0.0091021221579,FALSE
"Vitvi18g00942",16,-0.372476494209687,0.0252748166470032,1,0.0287152607667228,FALSE
"Vitvi18g00955",248,-0.465036682702683,0.00426699202659308,1,0.00562852566537475,FALSE
"Vitvi18g00956",1320,-0.582933306486462,0.000190869311580325,1,0.000367270530032874,FALSE
"Vitvi18g00960",481,-0.478898349698169,0.00312849885508842,1,0.00423472834636439,FALSE
"Vitvi18g00972",34,-0.542026045308003,0.000638870785100542,1,0.00110012110718733,FALSE
"Vitvi18g00979",725,-0.611512401186239,7.42395496389306e-05,0.522349471259516,0.000161218972610962,FALSE
"Vitvi18g00983",507,-0.478898349698169,0.00312849885508842,1,0.00423472834636439,FALSE
"Vitvi18g00988",7,0.150674160700177,0.380398322087054,1,0.385994028584441,FALSE
"Vitvi18g00991",210,-0.478898349698169,0.00312849885508842,1,0.00423472834636439,FALSE
"Vitvi18g00996",15,0.675004170824618,6.31632119611018e-06,0.0444416359358312,1.86338096167008e-05,TRUE
"Vitvi18g00997",37,0.478898349698169,0.00312849885508842,1,0.00423472834636439,FALSE
"Vitvi18g01001",21,-0.657263943934164,1.33216698383751e-05,0.0937312689828072,3.690207440268e-05,FALSE
"Vitvi18g01010",1414,-0.678679836599203,5.37727468533649e-06,0.0378345046860275,1.6079262509999e-05,TRUE
"Vitvi18g01016",20,-0.645746403000758,2.10820008752169e-05,0.148332958158026,5.29571432195744e-05,FALSE
"Vitvi18g01019",48,0.823093095675642,7.20104915528404e-10,5.06665818565785e-06,9.80011254479275e-09,TRUE
"Vitvi18g01022",1720,-0.884224678378342,8.74713631353133e-13,6.15448511020064e-09,8.4308015208228e-11,TRUE
"Vitvi18g01032",16,-0.606936523346506,8.68865350353108e-05,0.611333660508447,0.000183363425467441,FALSE
"Vitvi18g01036",826,-0.678679836599203,5.37727468533649e-06,0.0378345046860275,1.6079262509999e-05,TRUE
"Vitvi18g01037",674,-0.667461988060373,8.72733258323926e-06,0.0614055120556714,2.49920683987267e-05,FALSE
"Vitvi18g01047",25,-0.411175350750953,0.0127285678576514,1,0.0152881876829012,FALSE
"Vitvi18g01048",23,0.478898349698169,0.00312849885508842,1,0.00423472834636439,FALSE
"Vitvi18g01068",6,-0.437672562033847,0.00759614356666715,1,0.00955083383400109,FALSE
"Vitvi18g01072",549,0.691230227781763,3.04978550862639e-06,0.0214582908386953,9.69209161639354e-06,TRUE
"Vitvi18g01085",1432,-0.72151162192928,6.86190536909843e-07,0.00482803661769765,2.62535977036305e-06,TRUE
"Vitvi18g01092",1499,-0.819760771205674,9.62256253728296e-10,6.77043500123229e-06,1.23773948834228e-08,TRUE
"Vitvi18g01093",1150,-0.36280178007437,0.0296534634974876,1,0.0332921284774729,FALSE
"Vitvi18g01098",1789,-0.87985813675672,1.58515090510686e-12,1.11531217683319e-08,1.19926040519698e-10,TRUE
"Vitvi18g01101",1176,-0.706724457946277,1.45492503654476e-06,0.0102368525571289,5.07025881977659e-06,TRUE
"Vitvi18g01110",137,-0.459197442133872,0.00484474340951935,1,0.00629038837966014,FALSE
"Vitvi18g01116",11,-0.645746403000758,2.10820008752169e-05,0.148332958158026,5.29571432195744e-05,FALSE
"Vitvi18g01119",75,-0.463141678647274,0.00444757502342363,1,0.00586343223998663,FALSE
"Vitvi18g01120",1166,-0.749880065290519,1.40839233862182e-07,0.000990944849454313,6.6195380725071e-07,TRUE
"Vitvi18g01123",233,0.754920936195056,1.03991177471084e-07,0.000731681924686546,6.30760279902201e-07,TRUE
"Vitvi18g01128",262,0.657773846140475,1.30478272532271e-05,0.0918045125537059,3.63007167076733e-05,FALSE
"Vitvi18g01129",5,-0.469223635562852,0.00389036020229628,1,0.00516366240018047,FALSE
"Vitvi18g01130",202,-0.566821842633998,0.000313017471211837,1,0.0005779036807784,FALSE
"Vitvi18g01131",359,-0.582933306486462,0.000190869311580325,1,0.000367270530032874,FALSE
"Vitvi18g01132",797,-0.79220934581438,8.60039117737189e-09,6.05123523239886e-05,6.73856930111232e-08,TRUE
"Vitvi18g01133",255,-0.426278244475532,0.009530611444583,1,0.0117934192972364,FALSE
"Vitvi18g01144",3,-0.478898349698169,0.00312849885508842,1,0.00423472834636439,FALSE
"Vitvi18g01148",1813,-0.875491595135099,2.808569499545e-12,1.97610949987986e-08,1.81294449530263e-10,TRUE
"Vitvi18g01152",5,-0.473547362200556,0.00353201719882765,1,0.00475349522015139,FALSE
"Vitvi18g01162",5,0.734919476711221,3.32800881439019e-07,0.00234158700180494,1.40130879820762e-06,TRUE
"Vitvi18g01165",7,-0.478898349698169,0.00312849885508842,1,0.00423472834636439,FALSE
"Vitvi18g01167",1388,-0.717942306485107,8.26214599507406e-07,0.00581324592213411,3.10039782513819e-06,TRUE
"Vitvi18g01174",7,-0.608259404623419,8.30443940442623e-05,0.58430035649543,0.000175518280713556,FALSE
"Vitvi18g01183",600,0.478898349698169,0.00312849885508842,1,0.00423472834636439,FALSE
"Vitvi18g01224",21,-0.530534807027005,0.000873110001630482,1,0.00146231896488266,FALSE
"Vitvi18g01231",48,-0.236773681100278,0.164417351185096,1,0.170801783986171,FALSE
"Vitvi18g01232",254,-0.72195157123873,6.705314581881e-07,0.00471785933981147,2.58371267240497e-06,TRUE
"Vitvi18g01235",1727,-0.745986927832182,1.77160876753437e-07,0.00124650392883718,8.08368306638897e-07,TRUE
"Vitvi18g01238",252,-0.645746403000758,2.10820008752169e-05,0.148332958158026,5.29571432195744e-05,FALSE
"Vitvi18g01253",1666,-0.87985813675672,1.58515090510686e-12,1.11531217683319e-08,1.19926040519698e-10,TRUE
"Vitvi18g01262",19,0.693976902788516,2.68369965152303e-06,0.018882510748116,8.64583825463188e-06,TRUE
"Vitvi18g01276",25,-0.364580077511968,0.028804979531483,1,0.0326574018665025,FALSE
"Vitvi18g01281",51,0.61851137625457,5.80856920924254e-05,0.408690929562305,0.000129866834941947,FALSE
"Vitvi18g01285",57,0.520610152642965,0.0011335264412332,1,0.00186735941009524,FALSE
"Vitvi18g01304",58,-0.776412134639717,2.61906454375975e-08,0.000184277381298936,1.85576416212423e-07,TRUE
"Vitvi18g01315",3,0.569833681621598,0.000285923238424701,1,0.000532069797819678,FALSE
"Vitvi18g01321",1696,-0.552471922567315,0.000476236747738388,1,0.000841064698064083,FALSE
"Vitvi18g01385",758,-0.697693386650656,2.25225754908549e-06,0.0158468841153655,7.43985169735475e-06,TRUE
"Vitvi18g01390",19,-0.805467161824335,3.13002579938549e-09,2.20228615244763e-05,2.78218767073941e-08,TRUE
"Vitvi18g01436",184,-0.478898349698169,0.00312849885508842,1,0.00423472834636439,FALSE
"Vitvi18g01501",43,-0.810852116371421,2.03056993452799e-09,1.4287090059339e-05,1.89483953041631e-08,TRUE
"Vitvi18g01504",187,-0.75372458750862,1.11825642744521e-07,0.000786805222350448,6.46880085177473e-07,TRUE
"Vitvi18g01510",467,0.60627372330312,8.88711732469851e-05,0.625297574965787,0.00018738315102361,FALSE
"Vitvi18g01548",128,-0.478898349698169,0.00312849885508842,1,0.00423472834636439,FALSE
"Vitvi18g01562",799,-0.556734056756734,0.000421261179223091,1,0.000755542609486023,FALSE
"Vitvi18g01570",328,0.588937048288565,0.000157677153214069,1,0.000310239499444688,FALSE
"Vitvi18g01572",41,-0.478898349698169,0.00312849885508842,1,0.00423472834636439,FALSE
"Vitvi18g01608",6,0.444616011501383,0.00659061821013591,1,0.0084052183662346,FALSE
"Vitvi18g01618",31,-0.509455846512001,0.00150595314155585,1,0.00243007036715483,FALSE
"Vitvi18g01624",995,-0.330048161533721,0.0493125080986809,1,0.053851126335918,FALSE
"Vitvi18g01628",1149,-0.665422379235131,9.50988786057398e-06,0.0669115709869985,2.7111657612236e-05,FALSE
"Vitvi18g01639",60,-0.430524779021586,0.00876561976487687,1,0.0108621965979086,FALSE
"Vitvi18g01669",4,0.581171762700682,0.000201731083518181,1,0.0003846558004428,FALSE
"Vitvi18g01675",178,-0.375797926050798,0.0239008109593306,1,0.0274020051995845,FALSE
"Vitvi18g01676",50,0.478898349698169,0.00312849885508842,1,0.00423472834636439,FALSE
"Vitvi18g01678",128,0.677660032186582,5.62412386810306e-06,0.0395713355359731,1.67959828251159e-05,TRUE
"Vitvi18g01681",23,0.631868037172378,3.57642960403697e-05,0.251637586940041,8.4907810432777e-05,FALSE
"Vitvi18g01735",1168,-0.829476273338115,4.06241215706204e-10,2.85831319370885e-06,6.54731406210665e-09,TRUE
"Vitvi18g01739",8,-0.478898349698169,0.00312849885508842,1,0.00423472834636439,FALSE
"Vitvi18g01766",9,-0.0789245603667593,0.647275809173191,1,0.651535421079052,FALSE
"Vitvi18g01785",67,-0.229598721066936,0.177963822871192,1,0.184547304012043,FALSE
"Vitvi18g01849",23,-0.663836406061092,1.01620006133772e-05,0.0714998363157219,2.87494315704551e-05,FALSE
"Vitvi18g01872",9,0.678679836599203,5.37727468533645e-06,0.0378345046860273,1.6079262509999e-05,TRUE
"Vitvi18g01884",572,-0.783733316492778,1.58118731645975e-08,0.000111252339586108,1.16739076165906e-07,TRUE
"Vitvi18g01937",112,-0.569279691308683,0.000290743602886478,1,0.000540610990990819,FALSE
"Vitvi18g01947",786,-0.563283869189166,0.00034775734695725,1,0.000636033452870083,FALSE
"Vitvi18g01950",47,0.652314954998581,1.62645051497972e-05,0.114437058233973,4.46322380007696e-05,FALSE
"Vitvi18g01958",64,-0.157849120733519,0.357858909649412,1,0.363542490368649,FALSE
"Vitvi18g01959",115,-0.750289519408583,1.37448227308175e-07,0.000967085727340323,6.46880085177473e-07,TRUE
"Vitvi18g01970",36,0.373097921733771,0.0250128969168012,1,0.0286163809279046,FALSE
"Vitvi18g01973",15,-0.854242196177249,3.44851741255845e-11,2.42637685147612e-07,7.42011269564575e-10,TRUE
"Vitvi18g01980",100,-0.750289519408583,1.37448227308175e-07,0.000967085727340323,6.46880085177473e-07,TRUE
"Vitvi18g01987",53,0.775445421235822,2.79559952748286e-08,0.000196698382753694,1.97686816837884e-07,TRUE
"Vitvi18g01992",1226,-0.737399514346222,2.8973726886927e-07,0.00203859142376419,1.23550995379648e-06,TRUE
"Vitvi18g02006",1499,-0.401500636615636,0.0152203400780548,1,0.017965158998355,FALSE
"Vitvi18g02011",35,-0.726054906433203,5.39506797819202e-07,0.00379596982945591,2.13496615829916e-06,TRUE
"Vitvi18g02024",4,0.508764066643412,0.00153224006965989,1,0.00246983760140366,FALSE
"Vitvi18g02033",4,0.664410597026749,9.92134639857315e-06,0.0698065932603606,2.82160845838159e-05,FALSE
"Vitvi18g02059",9,-0.523984994594573,0.00103817108302138,1,0.00172196410658615,FALSE
"Vitvi18g02066",562,0.478898349698169,0.00312849885508842,1,0.00423472834636439,FALSE
"Vitvi18g02072",1594,-0.819235825519126,1.00667411024502e-09,7.08295903968394e-06,1.26031299638504e-08,TRUE
"Vitvi18g02075",54,-0.633808442443884,3.32682188097717e-05,0.234075187545553,7.93475212018825e-05,FALSE
"Vitvi18g02092",6,-0.638571442967416,2.77964224488528e-05,0.195575628350128,6.71158642244777e-05,FALSE
"Vitvi18g02114",7,0.236773681100278,0.164417351185096,1,0.170801783986171,FALSE
"Vitvi18g02135",44,0.595521682767366,0.000127313692999973,0.895779143947812,0.000254410435656862,FALSE
"Vitvi18g02139",6,0.460054067456292,0.00475597470295148,1,0.00625788736190894,FALSE
"Vitvi18g02144",1635,-0.814115601609632,1.55170655744904e-09,1.09178073382114e-05,1.51216168119272e-08,TRUE
"Vitvi18g02147",209,-0.372476494209687,0.0252748166470032,1,0.0287152607667228,FALSE
"Vitvi18g02167",30,0.834742439110462,2.48809299688274e-10,1.75062223260669e-06,4.46587304236402e-09,TRUE
"Vitvi18g02180",92,0.583054197390821,0.00019014349204162,1,0.000367270530032874,FALSE
"Vitvi18g02222",44,-0.866359712001401,8.69442361037601e-12,6.11739645226056e-08,2.88556436427387e-10,TRUE
"Vitvi18g02223",29,0.394622801833796,0.0172310183587184,1,0.0202806030732592,FALSE
"Vitvi18g02228",134,-0.529442046223078,0.000898918885011702,1,0.00150375493935862,FALSE
"Vitvi18g02230",89,0.719413407498765,7.65599059629689e-07,0.0053867549835545,2.89610482986801e-06,TRUE
"Vitvi18g02231",27,-0.750289519408583,1.37448227308175e-07,0.000967085727340323,6.46880085177473e-07,TRUE
"Vitvi18g02276",6,0.589919611476977,0.000152768766009833,1,0.000303124940114265,FALSE
"Vitvi18g02337",346,-0.478898349698169,0.00312849885508842,1,0.00423472834636439,FALSE
"Vitvi18g02361",47,-0.581171762700682,0.000201731083518182,1,0.0003846558004428,FALSE
"Vitvi18g02365",3,-0.577383292713601,0.000226988801827679,1,0.000430483344921711,FALSE
"Vitvi18g02375",51,0.696953156881121,2.33275231669687e-06,0.0164132453002792,7.68050786161878e-06,TRUE
"Vitvi18g02378",11,-0.478898349698169,0.00312849885508842,1,0.00423472834636439,FALSE
"Vitvi18g02379",5,0.615682368648623,6.41873880190985e-05,0.451622462102377,0.000140604751588537,FALSE
"Vitvi18g02389",37,-0.629625739172543,3.88591668087226e-05,0.273413097666172,9.03844950962553e-05,FALSE
"Vitvi18g02398",4,-0.459197442133872,0.00484474340951935,1,0.00629038837966014,FALSE
"Vitvi18g02406",32,0.854242196177249,3.4485174125585e-11,2.42637685147616e-07,7.42011269564575e-10,TRUE
"Vitvi18g02408",126,-0.74411429702662,1.9754523623761e-07,0.00138992828216782,8.81934189192792e-07,TRUE
"Vitvi18g02409",198,-0.237030496315255,0.163946637501507,1,0.170438614282004,FALSE
"Vitvi18g02415",26,0.449874207292219,0.00590725996608226,1,0.00756387281553318,FALSE
"Vitvi18g02417",511,-0.823576516347011,6.90105235035939e-10,4.85558043371287e-06,9.41003960021873e-09,TRUE
"Vitvi18g02428",4,0.701580119190414,1.86979108701368e-06,0.0131558500882282,6.3801406829429e-06,TRUE
"Vitvi18g02435",14,-0.866359712001401,8.69442361037601e-12,6.11739645226056e-08,2.88556436427387e-10,TRUE
"Vitvi18g02468",46,-0.552471922567315,0.000476236747738388,1,0.000841064698064083,FALSE
"Vitvi18g02470",78,0.750289519408583,1.37448227308174e-07,0.00096708572734031,6.46880085177473e-07,TRUE
"Vitvi18g02471",58,0.478898349698169,0.00312849885508842,1,0.00423472834636439,FALSE
"Vitvi18g02472",948,0.858013524145033,2.27675679290711e-11,1.60192607948944e-07,6.70261957945372e-10,TRUE
"Vitvi18g02474",121,-0.198331639773989,0.246229438389849,1,0.252620345364681,FALSE
"Vitvi18g02476",189,-0.430524779021586,0.00876561976487687,1,0.0108621965979086,FALSE
"Vitvi18g02478",28,0.868505128540505,6.71798141777423e-12,4.72677172554595e-08,2.88556436427387e-10,TRUE
"Vitvi18g02479",6,-0.646642651042071,2.03561248738775e-05,0.143225694612602,5.29571432195744e-05,FALSE
"Vitvi18g02480",34,-0.266054638721205,0.116785634586865,1,0.122991127818169,FALSE
"Vitvi18g02490",18,0.508050448395883,0.00155977865082193,1,0.00251365153164982,FALSE
"Vitvi18g02494",55,-0.82892441580381,4.27246209196934e-10,3.00610432790963e-06,6.56354656748834e-09,TRUE
"Vitvi18g02503",289,0.372476494209687,0.0252748166470031,1,0.0287152607667228,FALSE
"Vitvi18g02509",490,-0.800151354583738,4.73656007467139e-09,3.33264366853879e-05,4.06419959577902e-08,TRUE
"Vitvi18g02512",3,-0.731727210389712,3.96899963641177e-07,0.00279258814417932,1.612037906752e-06,TRUE
"Vitvi18g02513",3,0.727314326124633,5.04289660877281e-07,0.00354818205393255,2.02175615608694e-06,TRUE
"Vitvi18g02514",1239,-0.571208070331638,0.00027427150802485,1,0.000512420162098472,FALSE
"Vitvi18g02519",541,-0.602084182241456,0.000102390038824264,0.720416313167522,0.000210401960621356,FALSE
"Vitvi18g02524",35,-0.750289519408583,1.37448227308175e-07,0.000967085727340323,6.46880085177473e-07,TRUE
"Vitvi18g02525",54,-0.750289519408583,1.37448227308175e-07,0.000967085727340323,6.46880085177473e-07,TRUE
"Vitvi18g02530",13,-0.45202248210053,0.00564613925901834,1,0.00730127473377194,FALSE
"Vitvi18g02533",320,-0.645746403000758,2.10820008752169e-05,0.148332958158026,5.29571432195744e-05,FALSE
"Vitvi18g02538",4,-0.222423761033594,0.192285409209952,1,0.198929589648761,FALSE
"Vitvi18g02548",6,-0.632960294151274,3.43391503021161e-05,0.241610261525689,8.16802777301181e-05,FALSE
"Vitvi18g02559",4,0.646046095395334,2.08367040612726e-05,0.146607049775114,5.29571432195744e-05,FALSE
"Vitvi18g02569",4,0.624221522900733,4.73386834040072e-05,0.333074976430595,0.000107478211174765,FALSE
"Vitvi18g02570",21,-0.624221522900733,4.73386834040076e-05,0.333074976430597,0.000107478211174765,FALSE
"Vitvi18g02571",12,-0.151292948358109,0.378422300206997,1,0.384254624105358,FALSE
"Vitvi18g02574",77,-0.324102923533104,0.0538052002373616,1,0.0584218192700735,FALSE
"Vitvi18g02582",131,0.546507180803783,0.00056388190945942,1,0.000984728993535984,FALSE
"Vitvi18g02584",82,0.808995377700137,2.36091949141349e-09,1.66114295415853e-05,2.16294655489392e-08,TRUE
"Vitvi18g02585",105,-0.27902200962161,0.0993602514022238,1,0.105190901123389,FALSE
"Vitvi18g02588",28,0.497785744864844,0.00200686623174575,1,0.00318670972840512,FALSE
"Vitvi18g02589",22,0.40897272190048,0.0132632256396861,1,0.0159113479285305,FALSE
"Vitvi18g02604",95,0.478898349698169,0.00312849885508842,1,0.00423472834636439,FALSE
"Vitvi18g02605",71,0.611372745366224,7.45995199994652e-05,0.524882222716237,0.000161950701239197,FALSE
"Vitvi18g02607",45,-0.517435182162141,0.00123020463625639,1,0.00201765030785547,FALSE
"Vitvi18g02617",1116,-0.811754063090946,1.88607905379907e-09,1.32704522225303e-05,1.8178701674699e-08,TRUE
"Vitvi18g02621",196,0.314428209397787,0.0618077618339936,1,0.0666175570257321,FALSE
"Vitvi18g02631",14,0.697709457294716,2.25053853832158e-06,0.0158347891556306,7.43985169735475e-06,TRUE
"Vitvi18g02632",77,0.737939074644656,2.81075640112032e-07,0.00197764820382825,1.20661879428203e-06,TRUE
"Vitvi18g02636",116,0.305941323786267,0.0695770534858203,1,0.0748538453098214,FALSE
"Vitvi18g02638",16,-0.478898349698169,0.00312849885508842,1,0.00423472834636439,FALSE
"Vitvi18g02657",165,0.718648196784035,7.96599470119547e-07,0.00560487387176113,2.9988624246983e-06,TRUE
"Vitvi18g02663",76,0.854242196177249,3.4485174125585e-11,2.42637685147616e-07,7.42011269564575e-10,TRUE
"Vitvi18g02664",37,0.459548921427535,0.00480814938579871,1,0.00625788736190894,FALSE
"Vitvi18g02666",9,-0.638571442967416,2.77964224488528e-05,0.195575628350128,6.71158642244777e-05,FALSE
"Vitvi18g02669",19,0.609132556216191,8.05930710257105e-05,0.567052847736899,0.000170696221474082,FALSE
"Vitvi18g02670",4,-0.465036682702683,0.00426699202659308,1,0.00562852566537475,FALSE
"Vitvi18g02671",130,-0.314099759087234,0.0620950975009567,1,0.0668965098785379,FALSE
"Vitvi18g02672",39,0.751190756638406,1.30247919478487e-07,0.000916424361450637,6.46880085177473e-07,TRUE
"Vitvi18g02673",4,-0.56155809169443,0.000365919895004428,1,0.000668209805671206,FALSE
"Vitvi18g02681",761,-0.752907990308538,1.1748204941656e-07,0.000826603699694918,6.46880085177473e-07,TRUE
"Vitvi18g02683",11,-0.466229289838256,0.00415662745516068,1,0.00549840774102473,FALSE
"Vitvi18g02685",4,-0.272648481266987,0.107659058362385,1,0.113668837730753,FALSE
"Vitvi18g02692",206,-0.810852116371421,2.03056993452799e-09,1.4287090059339e-05,1.89483953041631e-08,TRUE
"Vitvi18g02695",94,-0.750289519408583,1.37448227308175e-07,0.000967085727340323,6.46880085177473e-07,TRUE
"Vitvi18g02709",4,0.00926283357294547,0.957240580843034,1,0.95805757138145,FALSE
"Vitvi18g02712",784,0.523772082433948,0.00104397040540408,1,0.00172629277847782,FALSE
"Vitvi18g02715",44,-0.639135516533238,2.72056700272495e-05,0.191419094311727,6.71158642244777e-05,FALSE
"Vitvi18g02720",72,0.854242196177249,3.4485174125585e-11,2.42637685147616e-07,7.42011269564575e-10,TRUE
"Vitvi18g02724",15,0.478898349698169,0.00312849885508842,1,0.00423472834636439,FALSE
"Vitvi18g02727",35,-0.120416836448291,0.484205450928452,1,0.489141357176251,FALSE
"Vitvi18g02728",35,0.198331639773989,0.24622943838985,1,0.252620345364681,FALSE
"Vitvi18g02730",3,-0.478898349698169,0.00312849885508842,1,0.00423472834636439,FALSE
"Vitvi18g02734",51,-0.566821842633998,0.000313017471211837,1,0.0005779036807784,FALSE
"Vitvi18g02742",119,0.74411429702662,1.97545236237612e-07,0.00138992828216784,8.81934189192792e-07,TRUE
"Vitvi18g02748",371,0.53094704246729,0.000863545476365851,1,0.00145252354093,FALSE
"Vitvi18g02753",7,-0.411175350750953,0.0127285678576514,1,0.0152881876829012,FALSE
"Vitvi18g02754",15,0.478898349698169,0.00312849885508842,1,0.00423472834636439,FALSE
"Vitvi18g02761",5,-0.509422162367264,0.00150722386046954,1,0.00243007036715483,FALSE
"Vitvi18g02768",37,0.301291371891879,0.0741472741016848,1,0.0793581108274192,FALSE
"Vitvi18g02775",17,-0.789157076468506,1.07431838963728e-08,7.55890418948789e-05,8.2162002059651e-08,TRUE
"Vitvi18g02777",637,0.678679836599203,5.37727468533645e-06,0.0378345046860273,1.6079262509999e-05,TRUE
"Vitvi18g02778",11,0.227355782179939,0.182356808244462,1,0.188852296556967,FALSE
"Vitvi18g02779",853,-0.819235825519126,1.00667411024502e-09,7.08295903968394e-06,1.26031299638504e-08,TRUE
"Vitvi18g02788",85,0.632960294151274,3.43391503021161e-05,0.241610261525689,8.16802777301181e-05,FALSE
"Vitvi18g02792",150,-0.478898349698169,0.00312849885508842,1,0.00423472834636439,FALSE
"Vitvi18g02797",13,-0.670011499091925,7.83180393042844e-06,0.0551045724544945,2.27516814428136e-05,FALSE
"Vitvi18g02800",434,0.609132556216191,8.05930710257105e-05,0.567052847736899,0.000170696221474082,FALSE
"Vitvi18g02812",8,-0.478898349698169,0.00312849885508842,1,0.00423472834636439,FALSE
"Vitvi18g02819",74,-0.750289519408583,1.37448227308175e-07,0.000967085727340323,6.46880085177473e-07,TRUE
"Vitvi18g02823",80,-0.398301843636655,0.0161294743669044,1,0.0190222899171204,FALSE
"Vitvi18g02824",45,-0.499162748172827,0.00194102241297602,1,0.00308982662843875,FALSE
"Vitvi18g02825",11,0.743071818302731,2.09808419839559e-07,0.00147621204199113,9.29019535551383e-07,TRUE
"Vitvi18g02833",681,-0.701115533676863,1.91214561505384e-06,0.0134538565475188,6.43417338475313e-06,TRUE
"Vitvi18g02836",171,0.401500636615636,0.0152203400780549,1,0.017965158998355,FALSE
"Vitvi18g02837",387,0.806063583351318,2.98552188397346e-09,2.10061319756373e-05,2.69655095964535e-08,TRUE
"Vitvi18g02846",24,-0.754254816955337,1.08288519186598e-07,0.000761918020996904,6.46880085177473e-07,TRUE
"Vitvi18g02848",27,-0.217681068044622,0.202185093959942,1,0.208619199457715,FALSE
"Vitvi18g02921",16,-0.563690104945263,0.000343600825233464,1,0.00063204585786736,FALSE
"Vitvi18g02924",17,-0.581378151178062,0.000200430453180052,1,0.0003846558004428,FALSE
"Vitvi18g02971",465,-0.373097921733771,0.0250128969168012,1,0.0286163809279046,FALSE
"Vitvi18g02973",38,0.420850064886269,0.010590608809886,1,0.0129098273711639,FALSE
"Vitvi18g02979",598,-0.324102923533104,0.0538052002373616,1,0.0584218192700735,FALSE
"Vitvi18g02981",755,-0.716412599866176,8.93892664680424e-07,0.00628942878869146,3.32950174096954e-06,TRUE
"Vitvi18g02993",1321,-0.790001404493827,1.01056790868817e-08,7.11035580552996e-05,7.81357780827468e-08,TRUE
"Vitvi18g03098",30,0.478898349698169,0.00312849885508842,1,0.00423472834636439,FALSE
"Vitvi18g03099",26,-0.615682368648623,6.41873880190989e-05,0.45162246210238,0.000140604751588537,FALSE
"Vitvi18g03100",127,0.728933694751677,4.62113147191899e-07,0.0032514281036422,1.85795891636697e-06,TRUE
"Vitvi18g03101",142,0.569833681621598,0.000285923238424701,1,0.000532069797819678,FALSE
"Vitvi18g03133",627,-0.478898349698169,0.00312849885508842,1,0.00423472834636439,FALSE
"Vitvi18g03141",5,-0.714710298520184,9.75165171487901e-07,0.00686126214658887,3.6054977123431e-06,TRUE
"Vitvi18g03147",12,0.866359712001401,8.69442361037607e-12,6.11739645226061e-08,2.88556436427387e-10,TRUE
"Vitvi18g03149",5,0.53094704246729,0.000863545476365851,1,0.00145252354093,FALSE
"Vitvi18g03152",4,-0.478898349698169,0.00312849885508842,1,0.00423472834636439,FALSE
"Vitvi18g03185",3,-0.545296962533973,0.000583320667650517,1,0.00101089759053917,FALSE
"Vitvi18g03217",11,-0.478898349698169,0.00312849885508842,1,0.00423472834636439,FALSE
"Vitvi18g03244",134,-0.632960294151274,3.43391503021161e-05,0.241610261525689,8.16802777301181e-05,FALSE
"Vitvi18g03246",53,0.530175912083116,0.000881513142483036,1,0.00147604152082595,FALSE
"Vitvi18g03248",26,-0.743071818302731,2.0980841983956e-07,0.00147621204199115,9.29019535551383e-07,TRUE
"Vitvi18g03249",42,0.478898349698169,0.00312849885508842,1,0.00423472834636439,FALSE
"Vitvi18g03250",20,-0.0218773203405676,0.899220280333317,1,0.901013086360754,FALSE
"Vitvi18g03251",48,-0.816811769737353,1.23759826433008e-09,8.70774138782648e-06,1.26935005653447e-08,TRUE
"Vitvi18g03267",15,-0.394622801833796,0.0172310183587185,1,0.0202806030732592,FALSE
"Vitvi18g03269",1303,-0.74411429702662,1.9754523623761e-07,0.00138992828216782,8.81934189192792e-07,TRUE
"Vitvi18g03366",69,-0.750289519408583,1.37448227308175e-07,0.000967085727340323,6.46880085177473e-07,TRUE
"Vitvi18g03383",95,0.854242196177249,3.4485174125585e-11,2.42637685147616e-07,7.42011269564575e-10,TRUE
"Vitvi18g03385",96,-0.737939074644656,2.81075640112032e-07,0.00197764820382825,1.20661879428203e-06,TRUE
"Vitvi18g04003",118,0.750289519408583,1.37448227308174e-07,0.00096708572734031,6.46880085177473e-07,TRUE
"Vitvi18g04004",87,0.750289519408583,1.37448227308174e-07,0.00096708572734031,6.46880085177473e-07,TRUE
"Vitvi18g04020",85,0.382151208345003,0.0214447164072558,1,0.0246423362145112,FALSE
"Vitvi18g04038",39,-0.772885796541321,3.31754606284914e-08,0.000233422540982066,2.3019974455825e-07,TRUE
"Vitvi18g04039",1638,-0.711313577803071,1.15795074343497e-06,0.00814734143080846,4.15892875487926e-06,TRUE
"Vitvi18g04053",180,-0.550184244324302,0.000508303496349478,1,0.000891209419465469,FALSE
"Vitvi18g04065",34,0.617046562867391,6.11763032283901e-05,0.430436469514953,0.000134890777033831,FALSE
"Vitvi18g04080",3,-0.478898349698169,0.00312849885508842,1,0.00423472834636439,FALSE
"Vitvi18g04095",62,0.861011812544602,1.62270868075847e-11,1.14173782778166e-07,4.9857547064702e-10,TRUE
"Vitvi18g04101",32,-0.478898349698169,0.00312849885508842,1,0.00423472834636439,FALSE
"Vitvi18g04112",9,0.401797761867138,0.015138125307633,1,0.017965158998355,FALSE
"Vitvi18g04127",5,0.555935397512178,0.000431110129211428,1,0.000772419370800001,FALSE
"Vitvi18g04128",9,0.478898349698169,0.00312849885508842,1,0.00423472834636439,FALSE
"Vitvi18g04143",3,-0.478898349698169,0.00312849885508842,1,0.00423472834636439,FALSE
"Vitvi18g04153",65,0.353127065939054,0.0346365270501542,1,0.0385117895582942,FALSE
"Vitvi18g04161",16,-0.537084619459437,0.000731709404133355,1,0.00124115413873729,FALSE
"Vitvi18g04171",333,-0.67618685082502,5.99900909659352e-06,0.042209028003632,1.77797085103761e-05,TRUE
"Vitvi18g04174",785,0.680989779962774,4.85429917249668e-06,0.0341548489776866,1.48305900901809e-05,TRUE
"Vitvi18g04176",96,0.854242196177249,3.4485174125585e-11,2.42637685147616e-07,7.42011269564575e-10,TRUE
"Vitvi18g04189",17,-0.703365690607165,1.71488287988333e-06,0.0120659159428591,5.86863615897817e-06,TRUE
"Vitvi18g04206",21,0.39182592248032,0.0181099832764267,1,0.0210649433514528,FALSE
"Vitvi18g04221",7,-0.583558515095565,0.00018714223369946,1,0.00036323662243018,FALSE
"Vitvi18g04230",499,-0.645746403000758,2.10820008752169e-05,0.148332958158026,5.29571432195744e-05,FALSE
"Vitvi18g04257",1081,-0.824392187992147,6.42105911361328e-10,4.51785719233831e-06,8.88695225829135e-09,TRUE
"Vitvi18g04272",331,-0.757204776371011,9.04231920805605e-08,0.000636217579478823,5.52752023873876e-07,TRUE
"Vitvi18g04286",72,0.541014506918897,0.000656975371634508,1,0.00113074332554315,FALSE
"Vitvi18g04290",31,0.516597122400606,0.00125690591977388,1,0.00205282963127414,FALSE
"Vitvi18g04291",34,0.750289519408583,1.37448227308174e-07,0.00096708572734031,6.46880085177473e-07,TRUE
"Vitvi18g04301",715,0.459197442133872,0.00484474340951937,1,0.00629038837966014,FALSE
"Vitvi18g04314",13,-0.40897272190048,0.013263225639686,1,0.0159113479285305,FALSE
"Vitvi18g04332",8,0.478898349698169,0.00312849885508842,1,0.00423472834636439,FALSE
"Vitvi18g04407",67,-0.285404066991838,0.0915479263669638,1,0.0970661859430317,FALSE
"Vitvi18g04427",15,-0.343452351803737,0.0402822983143647,1,0.0443754894222436,FALSE
"Vitvi18g04440",103,-0.750289519408583,1.37448227308175e-07,0.000967085727340323,6.46880085177473e-07,TRUE
"Vitvi18g04446",6,0.143499200666835,0.403749780213673,1,0.409275818121799,FALSE
"Vitvi18g04447",21,-0.620609849387347,5.39036718218734e-05,0.379266234938701,0.000120708540718874,FALSE
"Vitvi18g04453",88,0.706902496608365,1.44221101099014e-06,0.0101473966733266,5.03592887013727e-06,TRUE
"Vitvi18g04462",11,0.816811769737353,1.23759826433005e-09,8.70774138782626e-06,1.26935005653447e-08,TRUE
"Vitvi18g04505",5,-0.478898349698169,0.00312849885508842,1,0.00423472834636439,FALSE
"Vitvi18g04506",15,-0.679189738805513,5.25759685945589e-06,0.0369924515031316,1.58811544143691e-05,TRUE
"Vitvi18g04508",45,0.315526067951128,0.0608549500901059,1,0.0658934177953194,FALSE
"Vitvi18g04516",291,-0.246705210450572,0.146913319045593,1,0.15316078127201,FALSE
"Vitvi18g04534",19,-0.750289519408583,1.37448227308175e-07,0.000967085727340323,6.46880085177473e-07,TRUE
"Vitvi18g04543",49,0.816811769737353,1.23759826433005e-09,8.70774138782626e-06,1.26935005653447e-08,TRUE
"Vitvi18g04544",77,0.816811769737353,1.23759826433005e-09,8.70774138782626e-06,1.26935005653447e-08,TRUE
"Vitvi18g04551",93,-0.750289519408583,1.37448227308175e-07,0.000967085727340323,6.46880085177473e-07,TRUE
"Vitvi18g04555",48,-0.750289519408583,1.37448227308175e-07,0.000967085727340323,6.46880085177473e-07,TRUE
"Vitvi18g04559",34,0.737939074644656,2.81075640112032e-07,0.00197764820382825,1.20661879428203e-06,TRUE
"Vitvi18g04577",103,-0.543634431891869,0.000610994698697925,1,0.00105263435358439,FALSE
"Vitvi18g04588",37,-0.69522692938384,2.5308033233668e-06,0.0178067321832088,8.25149776793736e-06,TRUE
"Vitvi18g04593",23,-0.688537295588947,3.4525245843369e-06,0.0242919629753944,1.07964279890642e-05,TRUE
"Vitvi18g04595",15,0.0216132783368728,0.900430524747276,1,0.901968845689327,FALSE
"Vitvi18g04596",21,-0.615596757245192,6.4380740122162e-05,0.452982887499532,0.000140940537492076,FALSE
"Vitvi18g04597",7,-0.489506118058028,0.00244558223680412,1,0.0038451657247271,FALSE
"Vitvi18g04598",3,-0.552471922567315,0.000476236747738388,1,0.000841064698064083,FALSE
"Vitvi18g04599",10,-0.718648196784035,7.96599470119536e-07,0.00560487387176106,2.9988624246983e-06,TRUE
"Vitvi18g04600",7,-0.52409414676628,0.00103520903174676,1,0.00172196410658615,FALSE
"Vitvi18g04601",15,-0.478898349698169,0.00312849885508842,1,0.00423472834636439,FALSE
"Vitvi18g04625",25,0.854242196177249,3.4485174125585e-11,2.42637685147616e-07,7.42011269564575e-10,TRUE
"Vitvi18g04628",4,0.246705210450572,0.146913319045593,1,0.15316078127201,FALSE
"Vitvi18g04629",5,-0.823576516347011,6.90105235035939e-10,4.85558043371287e-06,9.41003960021873e-09,TRUE
"Vitvi18g04640",127,0.750289519408583,1.37448227308174e-07,0.00096708572734031,6.46880085177473e-07,TRUE
"Vitvi18g04642",89,0.816811769737353,1.23759826433005e-09,8.70774138782626e-06,1.26935005653447e-08,TRUE
"Vitvi18g04643",100,0.816811769737353,1.23759826433005e-09,8.70774138782626e-06,1.26935005653447e-08,TRUE
"Vitvi18g04646",134,-0.750289519408583,1.37448227308175e-07,0.000967085727340323,6.46880085177473e-07,TRUE
"Vitvi18g04652",3,0.602696642800707,0.000100304716366617,0.705743984355515,0.00020739228535204,FALSE
"Vitvi18g04655",88,-0.750289519408583,1.37448227308175e-07,0.000967085727340323,6.46880085177473e-07,TRUE
"Vitvi18g04656",99,0.750289519408583,1.37448227308174e-07,0.00096708572734031,6.46880085177473e-07,TRUE
"Vitvi18g04660",118,-0.750289519408583,1.37448227308175e-07,0.000967085727340323,6.46880085177473e-07,TRUE
"Vitvi18g04663",107,0,1,1,1,FALSE
"Vitvi18g04665",37,0.810852116371421,2.03056993452799e-09,1.4287090059339e-05,1.89483953041631e-08,TRUE
"Vitvi18g04684",59,0.750289519408583,1.37448227308174e-07,0.00096708572734031,6.46880085177473e-07,TRUE
"Vitvi18g04721",3,0.478898349698169,0.00312849885508842,1,0.00423472834636439,FALSE
"Vitvi18g04733",765,-0.737399514346222,2.8973726886927e-07,0.00203859142376419,1.23550995379648e-06,TRUE
"Vitvi18g04735",264,-0.725590839579764,5.53043559917298e-07,0.00389121448757811,2.16084020665051e-06,TRUE
"Vitvi18g04736",183,-0.615682368648623,6.41873880190989e-05,0.45162246210238,0.000140604751588537,FALSE
"Vitvi18g04739",56,-0.854242196177249,3.44851741255845e-11,2.42637685147612e-07,7.42011269564575e-10,TRUE
"Vitvi18g04748",11,-0.816811769737353,1.23759826433008e-09,8.70774138782648e-06,1.26935005653447e-08,TRUE
"Vitvi18g04749",111,-0.750289519408583,1.37448227308175e-07,0.000967085727340323,6.46880085177473e-07,TRUE
"Vitvi18g04752",91,0.414078188825186,0.0120518539962657,1,0.0146352855915992,FALSE
"Vitvi18g04754",917,-0.552471922567315,0.000476236747738388,1,0.000841064698064083,FALSE
"Vitvi18g04755",1105,-0.713238185116801,1.05085825073373e-06,0.00739383865216252,3.82772193350016e-06,TRUE
"Vitvi18g04756",38,0.529442046223078,0.000898918885011698,1,0.00150375493935862,FALSE
"Vitvi18g04757",47,0.743071818302731,2.09808419839559e-07,0.00147621204199113,9.29019535551383e-07,TRUE
"Vitvi18g04758",41,0.48131095111189,0.00296009931910105,1,0.00423472834636439,FALSE
"Vitvi18g04763",583,-0.645746403000758,2.10820008752169e-05,0.148332958158026,5.29571432195744e-05,FALSE
"Vitvi18g04765",73,0.823576516347011,6.90105235035939e-10,4.85558043371287e-06,9.41003960021873e-09,TRUE
"Vitvi18g04766",5,-0.440199493156902,0.00721598030084795,1,0.0091021221579,FALSE
"Vitvi18g04767",98,-0.33404043405404,0.0464680713880403,1,0.0510240268158833,FALSE
"Vitvi18g04768",26,-0.716365872428372,8.96037898108816e-07,0.00630452265109363,3.33572627041991e-06,TRUE
"Vitvi18g04769",25,-0.310006283974851,0.0657654221887941,1,0.0708181069054722,FALSE
"Vitvi18g04771",91,0.816811769737353,1.23759826433005e-09,8.70774138782626e-06,1.26935005653447e-08,TRUE
"Vitvi18g04784",6,0.545296962533973,0.000583320667650517,1,0.00101089759053917,FALSE
"Vitvi18g04795",26,-0.159632783232723,0.352382996354793,1,0.358031301422718,FALSE
"Vitvi19g00002",49,-0.617046562867391,6.11763032283906e-05,0.430436469514956,0.000134890777033831,FALSE
"Vitvi19g00008",1017,-0.546507180803783,0.00056388190945942,1,0.000984728993535984,FALSE
"Vitvi19g00009",1084,-0.566821842633998,0.000313017471211837,1,0.0005779036807784,FALSE
"Vitvi19g00014",563,-0.602582743783759,0.000100689603007756,0.708452046762569,0.00020739228535204,FALSE
"Vitvi19g00021",5,-0.169307497368039,0.323571829826416,1,0.32923375193907,FALSE
"Vitvi19g00041",1402,-0.866758511891856,8.29025229610732e-12,5.83302151554111e-08,2.88556436427387e-10,TRUE
"Vitvi19g00042",1332,-0.759552352981529,7.81948005924383e-08,0.000550178616968396,4.90355273590371e-07,TRUE
"Vitvi19g00052",57,-0.182169060267928,0.287614398376729,1,0.294007686616108,FALSE
"Vitvi19g00057",662,0.609871602834049,7.8569440725387e-05,0.552814584943823,0.000168028749223046,FALSE
"Vitvi19g00064",3,-0.645746403000758,2.10820008752169e-05,0.148332958158026,5.29571432195744e-05,FALSE
"Vitvi19g00066",4,0.523772082433948,0.00104397040540408,1,0.00172629277847782,FALSE
"Vitvi19g00094",66,0.537623510496927,0.000721034778308663,1,0.0012274862569997,FALSE
"Vitvi19g00098",415,-0.581171762700682,0.000201731083518182,1,0.0003846558004428,FALSE
"Vitvi19g00102",11,-0.430524779021586,0.00876561976487687,1,0.0108621965979086,FALSE
"Vitvi19g00112",11,0.237030496315255,0.163946637501507,1,0.170438614282004,FALSE
"Vitvi19g00122",1381,-0.589956852701185,0.000152585457290361,1,0.000303124940114265,FALSE
"Vitvi19g00128",52,-0.478898349698169,0.00312849885508842,1,0.00423472834636439,FALSE
"Vitvi19g00134",3,-0.353689871351337,0.0343290674763228,1,0.0384310769711069,FALSE
"Vitvi19g00138",19,0.545296962533973,0.000583320667650517,1,0.00101089759053917,FALSE
"Vitvi19g00140",262,0.478898349698169,0.00312849885508842,1,0.00423472834636439,FALSE
"Vitvi19g00141",337,-0.294173361367012,0.0815930785914507,1,0.0869041630289808,FALSE
"Vitvi19g00145",1396,-0.717942306485107,8.26214599507406e-07,0.00581324592213411,3.10039782513819e-06,TRUE
"Vitvi19g00147",1140,-0.765714049967745,5.29812895788197e-08,0.000372776353476575,3.51013515514666e-07,TRUE
"Vitvi19g00150",648,0.411175350750953,0.0127285678576514,1,0.0152881876829012,FALSE
"Vitvi19g00151",67,-0.502247202333923,0.00180036184177854,1,0.00287567444239588,FALSE
"Vitvi19g00159",243,-0.750289519408583,1.37448227308175e-07,0.000967085727340323,6.46880085177473e-07,TRUE
"Vitvi19g00164",365,0.48468611999998,0.00273778266345129,1,0.00423472834636439,FALSE
"Vitvi19g00166",35,-0.750289519408583,1.37448227308175e-07,0.000967085727340323,6.46880085177473e-07,TRUE
"Vitvi19g00174",61,0.750289519408583,1.37448227308174e-07,0.00096708572734031,6.46880085177473e-07,TRUE
"Vitvi19g00177",23,-0.881715555198763,1.2344540186758e-12,8.6856184754029e-09,1.1737322264058e-10,TRUE
"Vitvi19g00181",18,-0.497785744864844,0.00200686623174574,1,0.00318670972840512,FALSE
"Vitvi19g00185",70,-0.478898349698169,0.00312849885508842,1,0.00423472834636439,FALSE
"Vitvi19g00198",219,-0.478898349698169,0.00312849885508842,1,0.00423472834636439,FALSE
"Vitvi19g00200",798,-0.72151162192928,6.86190536909843e-07,0.00482803661769765,2.62535977036305e-06,TRUE
"Vitvi19g00201",14,0.478898349698169,0.00312849885508842,1,0.00423472834636439,FALSE
"Vitvi19g00206",22,-0.681739249837065,4.69487569835134e-06,0.0330331454136,1.43559953992177e-05,TRUE
"Vitvi19g00210",7,-0.343452351803737,0.0402822983143647,1,0.0443754894222436,FALSE
"Vitvi19g00214",58,0.750289519408583,1.37448227308174e-07,0.00096708572734031,6.46880085177473e-07,TRUE
"Vitvi19g00218",52,0.57638349405403,0.000234110207241291,1,0.000441017247161913,FALSE
"Vitvi19g00221",1500,-0.824392187992147,6.42105911361328e-10,4.51785719233831e-06,8.88695225829135e-09,TRUE
"Vitvi19g00239",59,0.75441642621575,1.07231136608592e-07,0.000754478277178053,6.45957429090799e-07,TRUE
"Vitvi19g00243",67,-0.645746403000758,2.10820008752169e-05,0.148332958158026,5.29571432195744e-05,FALSE
"Vitvi19g00255",75,0.816811769737353,1.23759826433005e-09,8.70774138782626e-06,1.26935005653447e-08,TRUE
"Vitvi19g00256",40,0.382151208345003,0.0214447164072558,1,0.0246423362145112,FALSE
"Vitvi19g00257",289,-0.707062962734838,1.43083923232176e-06,0.0100673848386159,4.99870150874674e-06,TRUE
"Vitvi19g00261",1748,-0.764183769768002,5.84225956778788e-08,0.000411061383189555,3.81318537281591e-07,TRUE
"Vitvi19g00270",670,0.888792402331236,4.57584260142117e-13,3.21956285435994e-09,8.4308015208228e-11,TRUE
"Vitvi19g00271",761,0.661853063790958,1.10347350043172e-05,0.0776403954903761,3.10065477197988e-05,FALSE
"Vitvi19g00275",1062,-0.82902360477862,4.23397938922474e-10,2.97902789825853e-06,6.54731406210665e-09,TRUE
"Vitvi19g00276",239,-0.478898349698169,0.00312849885508842,1,0.00423472834636439,FALSE
"Vitvi19g00280",1814,-0.740378003562767,2.44817524107697e-07,0.00172253609962176,1.07457024305787e-06,TRUE
"Vitvi19g00282",1351,-0.819760771205674,9.62256253728296e-10,6.77043500123229e-06,1.23773948834228e-08,TRUE
"Vitvi19g00283",61,0.621020517220921,5.3117837266708e-05,0.373737103008558,0.000119366688920012,FALSE
"Vitvi19g00284",24,-0.343452351803737,0.0402822983143647,1,0.0443754894222436,FALSE
"Vitvi19g00285",339,-0.566821842633998,0.000313017471211837,1,0.0005779036807784,FALSE
"Vitvi19g00291",162,0.478898349698169,0.00312849885508842,1,0.00423472834636439,FALSE
"Vitvi19g00298",178,-0.731763852262692,3.96103875756545e-07,0.00278698686982305,1.612037906752e-06,TRUE
"Vitvi19g00303",349,-0.569833681621598,0.000285923238424702,1,0.000532069797819678,FALSE
"Vitvi19g00306",27,0.478898349698169,0.00312849885508842,1,0.00423472834636439,FALSE
"Vitvi19g00307",731,-0.707062962734838,1.43083923232176e-06,0.0100673848386159,4.99870150874674e-06,TRUE
"Vitvi19g00308",29,0.478898349698169,0.00312849885508842,1,0.00423472834636439,FALSE
"Vitvi19g00318",108,-0.478898349698169,0.00312849885508842,1,0.00423472834636439,FALSE
"Vitvi19g00339",97,-0.750289519408583,1.37448227308175e-07,0.000967085727340323,6.46880085177473e-07,TRUE
"Vitvi19g00369",43,0.808995377700137,2.36091949141349e-09,1.66114295415853e-05,2.16294655489392e-08,TRUE
"Vitvi19g00377",348,0.404477066018619,0.0144134798599693,1,0.0172647674999565,FALSE
"Vitvi19g00378",787,0.848532711723541,6.32765949527503e-11,4.45214122087551e-07,1.25766701154676e-09,TRUE
"Vitvi19g00397",1304,-0.478898349698169,0.00312849885508842,1,0.00423472834636439,FALSE
"Vitvi19g00404",937,-0.556734056756734,0.000421261179223091,1,0.000755542609486023,FALSE
"Vitvi19g00410",914,-0.798754929881148,5.27034919958902e-09,3.70821769683084e-05,4.29689188508788e-08,TRUE
"Vitvi19g00423",26,-0.411175350750953,0.0127285678576514,1,0.0152881876829012,FALSE
"Vitvi19g00436",264,0.478898349698169,0.00312849885508842,1,0.00423472834636439,FALSE
"Vitvi19g00441",520,0.478898349698169,0.00312849885508842,1,0.00423472834636439,FALSE
"Vitvi19g00445",873,-0.478898349698169,0.00312849885508842,1,0.00423472834636439,FALSE
"Vitvi19g00458",49,0.552682403185747,0.000473378889663964,1,0.000841064698064083,FALSE
"Vitvi19g00463",25,-0.449874207292219,0.00590725996608227,1,0.00756387281553318,FALSE
"Vitvi19g00469",1688,-0.764183769768002,5.84225956778788e-08,0.000411061383189555,3.81318537281591e-07,TRUE
"Vitvi19g00476",65,-0.866359712001401,8.69442361037601e-12,6.11739645226056e-08,2.88556436427387e-10,TRUE
"Vitvi19g00477",16,0.382151208345003,0.0214447164072558,1,0.0246423362145112,FALSE
"Vitvi19g00484",33,-0.516179660042355,0.00127039617033652,1,0.00207293772135617,FALSE
"Vitvi19g00494",3,-0.478798171725508,0.00313566794189248,1,0.00424361601060887,FALSE
"Vitvi19g00498",115,0.459548921427535,0.00480814938579871,1,0.00625788736190894,FALSE
"Vitvi19g00508",27,0.713224436808306,1.05158989446501e-06,0.00739898649745581,3.82772193350016e-06,TRUE
"Vitvi19g00512",50,0.56723039565094,0.000309212565654162,1,0.000574193616242461,FALSE
"Vitvi19g00514",63,-0.805428356395692,3.13964896328467e-09,2.20905701056709e-05,2.78218767073941e-08,TRUE
"Vitvi19g00529",1652,-0.632788638031263,3.45596584775054e-05,0.243161757047728,8.2177004747458e-05,FALSE
"Vitvi19g00536",370,-0.437672562033847,0.00759614356666715,1,0.00955083383400109,FALSE
"Vitvi19g00555",4,0.614434627005383,6.70579321707088e-05,0.471819610753107,0.000146209981640256,FALSE
"Vitvi19g00557",18,0.757793138605192,8.72029469688381e-08,0.000613559934872745,5.41058143626759e-07,TRUE
"Vitvi19g00559",23,-0.478898349698169,0.00312849885508842,1,0.00423472834636439,FALSE
"Vitvi19g00565",220,0.733478106687673,3.60460383151357e-07,0.00253619925585295,1.50695142950264e-06,TRUE
"Vitvi19g00566",229,0.707062962734838,1.43083923232173e-06,0.0100673848386157,4.99870150874674e-06,TRUE
"Vitvi19g00568",702,0.208006353909306,0.223466571725695,1,0.229836397991813,FALSE
"Vitvi19g00572",1192,-0.552682403185747,0.000473378889663964,1,0.000841064698064083,FALSE
"Vitvi19g00576",1163,-0.819235825519126,1.00667411024502e-09,7.08295903968394e-06,1.26031299638504e-08,TRUE
"Vitvi19g00581",16,-0.609871602834049,7.8569440725387e-05,0.552814584943823,0.000168028749223046,FALSE
"Vitvi19g00585",1473,-0.799513770918886,4.97373376602696e-09,3.49951907777657e-05,4.15126818241585e-08,TRUE
"Vitvi19g00586",973,-0.884224678378342,8.74713631353133e-13,6.15448511020064e-09,8.4308015208228e-11,TRUE
"Vitvi19g00596",964,-0.530534807027005,0.000873110001630482,1,0.00146231896488266,FALSE
"Vitvi19g00601",102,0.478898349698169,0.00312849885508842,1,0.00423472834636439,FALSE
"Vitvi19g00609",172,-0.266054638721205,0.116785634586865,1,0.122991127818169,FALSE
"Vitvi19g00611",170,-0.440199493156902,0.00721598030084795,1,0.0091021221579,FALSE
"Vitvi19g00618",972,-0.667461988060373,8.72733258323926e-06,0.0614055120556714,2.49920683987267e-05,FALSE
"Vitvi19g00626",76,-0.478898349698169,0.00312849885508842,1,0.00423472834636439,FALSE
"Vitvi19g00641",9,-0.129149280600152,0.452832844807881,1,0.458172547608319,FALSE
"Vitvi19g00652",253,0.777681062810779,2.4029740785472e-08,0.000169073256166581,1.71300158223486e-07,TRUE
"Vitvi19g00654",11,-0.459548921427535,0.00480814938579871,1,0.00625788736190894,FALSE
"Vitvi19g00664",45,-0.582933306486462,0.000190869311580325,1,0.000367270530032874,FALSE
"Vitvi19g00682",1329,-0.74411429702662,1.9754523623761e-07,0.00138992828216782,8.81934189192792e-07,TRUE
"Vitvi19g00700",514,0.816543283243209,1.26599793610362e-09,8.9075614784251e-06,1.29658827924674e-08,TRUE
"Vitvi19g00709",68,0.866359712001401,8.69442361037607e-12,6.11739645226061e-08,2.88556436427387e-10,TRUE
"Vitvi19g00728",64,-0.688537295588947,3.4525245843369e-06,0.0242919629753944,1.07964279890642e-05,TRUE
"Vitvi19g00735",1739,-0.884224678378342,8.74713631353133e-13,6.15448511020064e-09,8.4308015208228e-11,TRUE
"Vitvi19g00739",506,-0.401500636615636,0.0152203400780548,1,0.017965158998355,FALSE
"Vitvi19g00740",20,-0.478898349698169,0.00312849885508842,1,0.00423472834636439,FALSE
"Vitvi19g00750",11,0.419750492781696,0.0108170978520594,1,0.0131790650194096,FALSE
"Vitvi19g00768",257,-0.493490444216318,0.00222499106596934,1,0.00351324890937172,FALSE
"Vitvi19g00775",476,0.589483118918895,0.000154932061894313,1,0.000305265188319346,FALSE
"Vitvi19g00781",453,-0.656244139521543,1.38851025998339e-05,0.097695581892431,3.83571189212529e-05,FALSE
"Vitvi19g00783",64,-0.609871602834049,7.8569440725387e-05,0.552814584943823,0.000168028749223046,FALSE
"Vitvi19g00904",19,0.430524779021586,0.00876561976487691,1,0.0108621965979086,FALSE
"Vitvi19g00908",138,0.480722322233897,0.00300044009732609,1,0.00423472834636439,FALSE
"Vitvi19g00915",567,-0.711313577803071,1.15795074343497e-06,0.00814734143080846,4.15892875487926e-06,TRUE
"Vitvi19g00916",777,-0.716412599866176,8.93892664680424e-07,0.00628942878869146,3.32950174096954e-06,TRUE
"Vitvi19g00961",73,-0.651485961297165,1.68115837483811e-05,0.11828630325361,4.59721349605945e-05,FALSE
"Vitvi19g00978",77,-0.877837041026335,2.07122000936703e-12,1.45731039859064e-08,1.53401094588488e-10,TRUE
"Vitvi19g00994",44,0.555885787737921,0.000431728622146625,1,0.000773330597103782,FALSE
"Vitvi19g01058",635,0.595908959859492,0.000125703812270519,0.884452023135369,0.000252989709134834,FALSE
"Vitvi19g01281",26,0.737399514346222,2.89737268869272e-07,0.0020385914237642,1.23550995379648e-06,TRUE
"Vitvi19g01307",49,0.750289519408583,1.37448227308174e-07,0.00096708572734031,6.46880085177473e-07,TRUE
"Vitvi19g01351",40,0.638571442967416,2.77964224488528e-05,0.195575628350128,6.71158642244777e-05,FALSE
"Vitvi19g01356",5,-0.617046562867391,6.11763032283906e-05,0.430436469514956,0.000134890777033831,FALSE
"Vitvi19g01360",70,-0.45202248210053,0.00564613925901834,1,0.00730127473377194,FALSE
"Vitvi19g01432",643,-0.643751787893723,2.27825278550133e-05,0.160297865987874,5.67627004206352e-05,FALSE
"Vitvi19g01450",21,-0.478898349698169,0.00312849885508842,1,0.00423472834636439,FALSE
"Vitvi19g01464",1451,-0.372476494209687,0.0252748166470032,1,0.0287152607667228,FALSE
"Vitvi19g01465",34,-0.39182592248032,0.0181099832764267,1,0.0210649433514528,FALSE
"Vitvi19g01484",505,0.839051899302049,1.64450892995671e-10,1.15707648311754e-06,3.04493811346721e-09,TRUE
"Vitvi19g01550",10,-0.469223635562852,0.00389036020229628,1,0.00516366240018047,FALSE
"Vitvi19g01571",37,-0.796893845945913,6.06862591959365e-09,4.26988519702609e-05,4.9305833683904e-08,TRUE
"Vitvi19g01577",36,-0.752105754307907,1.23294878572943e-07,0.000867502765639225,6.46880085177473e-07,TRUE
"Vitvi19g01578",3,-0.67618685082502,5.99900909659352e-06,0.042209028003632,1.77797085103761e-05,TRUE
"Vitvi19g01601",5,-0.449874207292219,0.00590725996608227,1,0.00756387281553318,FALSE
"Vitvi19g01607",18,-0.39182592248032,0.0181099832764267,1,0.0210649433514528,FALSE
"Vitvi19g01610",103,0.865025423481289,1.01842764326381e-11,7.16565689800419e-08,3.34843780280569e-10,TRUE
"Vitvi19g01612",72,0.867562154928448,7.52846158899351e-12,5.29702557401583e-08,2.88556436427387e-10,TRUE
"Vitvi19g01617",5,-0.675004170824618,6.31632119611022e-06,0.0444416359358315,1.86338096167008e-05,TRUE
"Vitvi19g01648",18,0.584247307520468,0.000183111790540964,1,0.000356442384361397,FALSE
"Vitvi19g01649",45,0.783733316492778,1.58118731645973e-08,0.000111252339586106,1.16739076165906e-07,TRUE
"Vitvi19g01665",6,-0.478898349698169,0.00312849885508842,1,0.00423472834636439,FALSE
"Vitvi19g01677",151,-0.432287620540523,0.00846379623972504,1,0.0106133078493504,FALSE
"Vitvi19g01707",14,0.538122002500631,0.00071128356377806,1,0.00121117888546525,FALSE
"Vitvi19g01715",28,0.552471922567315,0.000476236747738389,1,0.000841064698064083,FALSE
"Vitvi19g01719",125,-0.324102923533104,0.0538052002373616,1,0.0584218192700735,FALSE
"Vitvi19g01720",98,-0.866359712001401,8.69442361037601e-12,6.11739645226056e-08,2.88556436427387e-10,TRUE
"Vitvi19g01724",13,-0.478898349698169,0.00312849885508842,1,0.00423472834636439,FALSE
"Vitvi19g01732",1190,-0.645746403000758,2.10820008752169e-05,0.148332958158026,5.29571432195744e-05,FALSE
"Vitvi19g01744",20,-0.275729352856521,0.103584434864025,1,0.109448878766072,FALSE
"Vitvi19g01767",1321,-0.645746403000758,2.10820008752169e-05,0.148332958158026,5.29571432195744e-05,FALSE
"Vitvi19g01772",13,0.478898349698169,0.00312849885508842,1,0.00423472834636439,FALSE
"Vitvi19g01784",58,-0.700887740352874,1.93323218581868e-06,0.0136022216594202,6.46493424877393e-06,TRUE
"Vitvi19g01790",78,0.802184918519816,4.04831829385285e-09,2.84839675155486e-05,3.51220314618357e-08,TRUE
"Vitvi19g01793",645,-0.801482699360702,4.27473601056034e-09,3.00770425703025e-05,3.69951323127952e-08,TRUE
"Vitvi19g01801",24,-0.478898349698169,0.00312849885508842,1,0.00423472834636439,FALSE
"Vitvi19g01826",188,0.333777637668421,0.0466511603903606,1,0.0510240268158833,FALSE
"Vitvi19g01833",1082,-0.556734056756734,0.000421261179223091,1,0.000755542609486023,FALSE
"Vitvi19g01835",60,-0.816811769737353,1.23759826433008e-09,8.70774138782648e-06,1.26935005653447e-08,TRUE
"Vitvi19g01850",19,-0.684288760868618,4.18769069394475e-06,0.0294645917225952,1.28722550120556e-05,TRUE
"Vitvi19g01851",52,0.804573817209476,3.35864603651038e-09,2.3631433512887e-05,2.97250736011158e-08,TRUE
"Vitvi19g01854",61,0.515631068893965,0.00128831771912162,1,0.00209731686065241,FALSE
"Vitvi19g01869",28,-0.478898349698169,0.00312849885508842,1,0.00423472834636439,FALSE
"Vitvi19g01871",12,-0.343452351803737,0.0402822983143647,1,0.0443754894222436,FALSE
"Vitvi19g01873",313,-0.478898349698169,0.00312849885508842,1,0.00423472834636439,FALSE
"Vitvi19g01875",36,0.866359712001401,8.69442361037607e-12,6.11739645226061e-08,2.88556436427387e-10,TRUE
"Vitvi19g01914",282,-0.689760868540725,3.26386371734705e-06,0.0229645451152539,1.02841670914706e-05,TRUE
"Vitvi19g01931",7,0.385048760889512,0.0203963507299471,1,0.0236539844628165,FALSE
"Vitvi19g01972",902,-0.72151162192928,6.86190536909843e-07,0.00482803661769765,2.62535977036305e-06,TRUE
"Vitvi19g01977",1025,-0.673070912329788,6.86813950157651e-06,0.0483242295330923,2.00598711220807e-05,TRUE
"Vitvi19g01983",19,-0.459548921427535,0.00480814938579871,1,0.00625788736190894,FALSE
"Vitvi19g02000",40,0.645746403000758,2.10820008752171e-05,0.148332958158028,5.29571432195744e-05,FALSE
"Vitvi19g02001",23,-0.478898349698169,0.00312849885508842,1,0.00423472834636439,FALSE
"Vitvi19g02010",304,-0.645746403000758,2.10820008752169e-05,0.148332958158026,5.29571432195744e-05,FALSE
"Vitvi19g02011",13,-0.459548921427535,0.00480814938579871,1,0.00625788736190894,FALSE
"Vitvi19g02020",699,-0.382151208345003,0.0214447164072558,1,0.0246423362145112,FALSE
"Vitvi19g02038",6,0.786907430983842,1.26281131968324e-08,8.88514044529127e-05,9.51299833542963e-08,TRUE
"Vitvi19g02047",3,0.645746403000758,2.10820008752171e-05,0.148332958158028,5.29571432195744e-05,FALSE
"Vitvi19g02052",25,-0.750289519408583,1.37448227308175e-07,0.000967085727340323,6.46880085177473e-07,TRUE
"Vitvi19g02057",120,-0.683049440366588,4.42762165301374e-06,0.0311527459506047,1.35741812420935e-05,TRUE
"Vitvi19g02058",43,-0.36280178007437,0.0296534634974876,1,0.0332921284774729,FALSE
"Vitvi19g02062",647,-0.609871602834049,7.8569440725387e-05,0.552814584943823,0.000168028749223046,FALSE
"Vitvi19g02103",19,-0.478898349698169,0.00312849885508842,1,0.00423472834636439,FALSE
"Vitvi19g02130",7,-0.478898349698169,0.00312849885508842,1,0.00423472834636439,FALSE
"Vitvi19g02141",37,0.709037994563675,1.29744768347651e-06,0.00912884190094076,4.58275195830359e-06,TRUE
"Vitvi19g02164",15,0.311848730289164,0.064092854393685,1,0.0690381695520464,FALSE
"Vitvi19g02165",40,0.821346479026993,8.38891382746122e-10,5.90243976900172e-06,1.11788631988669e-08,TRUE
"Vitvi19g02186",75,0.874344762938948,3.25230629616806e-12,2.28832270998385e-08,1.92296026049063e-10,TRUE
"Vitvi19g02208",69,-0.56723039565094,0.000309212565654159,1,0.000574193616242461,FALSE
"Vitvi19g02212",870,0.768947979567536,4.29873397412545e-08,0.000302458922419467,2.92508433097603e-07,TRUE
"Vitvi19g02230",7,-0.551204285021591,0.000493775529102231,1,0.0008718204825002,FALSE
"Vitvi19g02261",27,0.731763852262692,3.96103875756544e-07,0.00278698686982305,1.612037906752e-06,TRUE
"Vitvi19g02270",81,-0.750289519408583,1.37448227308175e-07,0.000967085727340323,6.46880085177473e-07,TRUE
"Vitvi19g02279",63,0.401500636615636,0.0152203400780549,1,0.017965158998355,FALSE
"Vitvi19g02292",194,-0.451937057837819,0.00565632945206129,1,0.0073090787924157,FALSE
"Vitvi19g02300",11,-0.588346722734024,0.000160693769450826,1,0.000313631445729823,FALSE
"Vitvi19g02303",23,-0.750289519408583,1.37448227308175e-07,0.000967085727340323,6.46880085177473e-07,TRUE
"Vitvi19g02309",7,-0.762038276589863,6.69235268411086e-08,0.00047087393485404,4.29237862218815e-07,TRUE
"Vitvi19g02324",91,-0.762913362514686,6.33270577135278e-08,0.000445569178072382,4.10284694357626e-07,TRUE
"Vitvi19g04001",18,0.473547362200556,0.00353201719882767,1,0.00475349522015139,FALSE
"Vitvi19g04005",79,-0.750289519408583,1.37448227308175e-07,0.000967085727340323,6.46880085177473e-07,TRUE
"Vitvi19g04006",115,-0.750289519408583,1.37448227308175e-07,0.000967085727340323,6.46880085177473e-07,TRUE
"Vitvi19g04027",300,0.680676474781128,4.92239733135686e-06,0.0346339876234269,1.49027485470856e-05,TRUE
"Vitvi19g04037",16,0.491235932432412,0.00234756968614635,1,0.00369932817731818,FALSE
"Vitvi19g04058",101,0.478898349698169,0.00312849885508842,1,0.00423472834636439,FALSE
"Vitvi19g04070",81,-0.750289519408583,1.37448227308175e-07,0.000967085727340323,6.46880085177473e-07,TRUE
"Vitvi19g04071",3,-0.702645240295794,1.77591233339465e-06,0.0124953191777648,6.0715836626651e-06,TRUE
"Vitvi19g04072",5,-0.799794857867825,4.8678475750908e-09,3.42501755383389e-05,4.06771680977901e-08,TRUE
"Vitvi19g04074",73,-0.750289519408583,1.37448227308175e-07,0.000967085727340323,6.46880085177473e-07,TRUE
"Vitvi19g04075",15,-0.750289519408583,1.37448227308175e-07,0.000967085727340323,6.46880085177473e-07,TRUE
"Vitvi19g04102",43,0.80752617734568,2.65693890844229e-09,1.86942221597999e-05,2.4152741808527e-08,TRUE
"Vitvi19g04105",26,-0.854242196177249,3.44851741255845e-11,2.42637685147612e-07,7.42011269564575e-10,TRUE
"Vitvi19g04109",440,-0.478898349698169,0.00312849885508842,1,0.00423472834636439,FALSE
"Vitvi19g04110",64,0.799794857867825,4.86784757509085e-09,3.42501755383392e-05,4.06771680977901e-08,TRUE
"Vitvi19g04117",5,-0.533196571911883,0.00081296813628146,1,0.00137434978540998,FALSE
"Vitvi19g04122",42,-0.874344762938948,3.25230629616806e-12,2.28832270998385e-08,1.92296026049063e-10,TRUE
"Vitvi19g04137",462,-0.726610643992385,5.23697027742696e-07,0.00368473228719761,2.07707569740564e-06,TRUE
"Vitvi19g04138",37,0.736808688118594,2.99503258679437e-07,0.00210730492806852,1.27329602904443e-06,TRUE
"Vitvi19g04139",1213,-0.814115601609632,1.55170655744904e-09,1.09178073382114e-05,1.51216168119272e-08,TRUE
"Vitvi19g04149",6,-0.186548960866886,0.275981977380825,1,0.282403896575259,FALSE
"Vitvi19g04153",20,0.256379924585888,0.131210130347675,1,0.137380130524738,FALSE
"Vitvi19g04154",31,0.639417366713299,2.6914776703222e-05,0.18937236888387,6.66334865882722e-05,FALSE
"Vitvi19g04155",15,0.606936523346506,8.68865350353111e-05,0.611333660508449,0.000183363425467441,FALSE
"Vitvi19g04156",5,0.469223635562852,0.00389036020229627,1,0.00516366240018047,FALSE
"Vitvi19g04160",20,-0.624630202730296,4.66433359006751e-05,0.32818251139715,0.000107284246942514,FALSE
"Vitvi19g04162",375,0.602696642800707,0.000100304716366617,0.705743984355515,0.00020739228535204,FALSE
"Vitvi19g04172",27,-0.373097921733771,0.0250128969168012,1,0.0286163809279046,FALSE
"Vitvi19g04181",97,0.145117725976146,0.398411871806843,1,0.403923044673336,FALSE
"Vitvi19g04184",25,0.523772082433948,0.00104397040540408,1,0.00172629277847782,FALSE
"Vitvi19g04185",14,-0.465128924433771,0.00425836633714519,1,0.00562852566537475,FALSE
"Vitvi19g04192",432,0.609871602834049,7.8569440725387e-05,0.552814584943823,0.000168028749223046,FALSE
"Vitvi19g04193",416,-0.692021082694147,2.93995527601393e-06,0.020685525322034,9.38970736361052e-06,TRUE
"Vitvi19g04196",16,0.645746403000758,2.10820008752171e-05,0.148332958158028,5.29571432195744e-05,FALSE
"Vitvi19g04212",10,-0.200898880933569,0.240043483019144,1,0.246633461816982,FALSE
"Vitvi19g04213",7,0.295078781127154,0.080615036363119,1,0.0860317603292744,FALSE
"Vitvi19g04214",10,0.213045172177746,0.212199440941862,1,0.218695659362376,FALSE
"Vitvi19g04215",8,-0.680676474781128,4.92239733135686e-06,0.0346339876234269,1.49027485470856e-05,TRUE
"Vitvi19g04230",7,-0.490850277803435,0.00236911859928874,1,0.00372744151712781,FALSE
"Vitvi19g04233",44,-0.866359712001401,8.69442361037601e-12,6.11739645226056e-08,2.88556436427387e-10,TRUE
"Vitvi19g04234",4,-0.120933926691457,0.482316946894032,1,0.487513581144435,FALSE
"Vitvi19g04254",22,0.638571442967416,2.77964224488528e-05,0.195575628350128,6.71158642244777e-05,FALSE
"Vitvi19g04259",123,0.750289519408583,1.37448227308174e-07,0.00096708572734031,6.46880085177473e-07,TRUE
"Vitvi19g04260",8,-0.182169060267928,0.287614398376729,1,0.294007686616108,FALSE
"Vitvi19g04274",148,-0.416147681933822,0.011588218990186,1,0.0140771251407025,FALSE
"Vitvi19g04283",3,0.382151208345003,0.0214447164072558,1,0.0246423362145112,FALSE
"Vitvi19g04290",78,0.14028335496209,0.414476147144056,1,0.419725701109036,FALSE
"Vitvi19g04298",19,-0.39182592248032,0.0181099832764267,1,0.0210649433514528,FALSE
"Vitvi19g04339",53,0.618281131259524,5.85619449722182e-05,0.412041844824527,0.000130765422032538,FALSE
"Vitvi19g04341",44,0.430497602000505,0.00877034378520732,1,0.0108621965979086,FALSE
"Vitvi19g04343",32,-0.713238185116801,1.05085825073373e-06,0.00739383865216252,3.82772193350016e-06,TRUE
"Vitvi19g04349",15,0.854242196177249,3.4485174125585e-11,2.42637685147616e-07,7.42011269564575e-10,TRUE
"Vitvi19g04359",44,0.484754956984147,0.00273340432550801,1,0.00423472834636439,FALSE
"Vitvi19g04363",358,0.695884976790394,2.45355825021634e-06,0.0172632358485222,8.04812860070965e-06,TRUE
"Vitvi19g04372",14,0.487897282267239,0.00253992909673463,1,0.0039792788075317,FALSE
"Vitvi19g04373",368,0.559362720322559,0.000390245215435422,1,0.000705670865022779,FALSE
"Vitvi19g04376",69,0.776412134639717,2.6190645437597e-08,0.000184277381298932,1.85576416212423e-07,TRUE
"Vitvi19g04387",18,0.538122002500631,0.00071128356377806,1,0.00121117888546525,FALSE
"Vitvi19g04392",3,0.581171762700682,0.000201731083518181,1,0.0003846558004428,FALSE
"Vitvi19g04395",53,-0.72713243547622,5.0924175338261e-07,0.00358302497680005,2.03812569783848e-06,TRUE
"Vitvi19g04401",629,0.81261339578375,1.75734697261067e-09,1.23646932992887e-05,1.70078312232307e-08,TRUE
"Vitvi19g04408",55,0.473547362200556,0.00353201719882767,1,0.00475349522015139,FALSE
"Vitvi19g04455",22,0.478898349698169,0.00312849885508842,1,0.00423472834636439,FALSE
"Vitvi19g04471",277,0.602789996617766,9.99902445007592e-05,0.703531360307342,0.00020739228535204,FALSE
"Vitvi19g04501",15,0.662292600465601,1.08356416478719e-05,0.076239574634427,3.05447013759724e-05,FALSE
"Vitvi19g04508",18,-0.469223635562852,0.00389036020229628,1,0.00516366240018047,FALSE
"Vitvi19g04513",28,0.36280178007437,0.0296534634974875,1,0.0332921284774729,FALSE
"Vitvi19g04517",62,0.750289519408583,1.37448227308174e-07,0.00096708572734031,6.46880085177473e-07,TRUE
"Vitvi19g04524",39,0.667461988060373,8.72733258323926e-06,0.0614055120556714,2.49920683987267e-05,FALSE
"Vitvi19g04525",9,-0.537084619459437,0.000731709404133355,1,0.00124115413873729,FALSE
"Vitvi19g04527",10,-0.628781993513488,4.00851400439236e-05,0.282039045349047,9.30207933209257e-05,FALSE
"Vitvi19g04529",59,-0.874344762938948,3.25230629616806e-12,2.28832270998385e-08,1.92296026049063e-10,TRUE
"Vitvi19g04530",90,0.816811769737353,1.23759826433005e-09,8.70774138782626e-06,1.26935005653447e-08,TRUE
"Vitvi19g04531",86,0.816811769737353,1.23759826433005e-09,8.70774138782626e-06,1.26935005653447e-08,TRUE
"Vitvi19g04532",69,0.869253309226554,6.13365131915864e-12,4.31563706816002e-08,2.88556436427387e-10,TRUE
"Vitvi19g04533",35,0.747115271459428,1.6583331123891e-07,0.00116680317787697,7.68139024277138e-07,TRUE
"Vitvi19g04542",52,0.469223635562852,0.00389036020229627,1,0.00516366240018047,FALSE
"Vitvi19g04552",7,0.39182592248032,0.0181099832764267,1,0.0210649433514528,FALSE
"Vitvi19g04569",4,-0.615682368648623,6.41873880190989e-05,0.45162246210238,0.000140604751588537,FALSE
"Vitvi19g04572",90,0.865025423481289,1.01842764326381e-11,7.16565689800419e-08,3.34843780280569e-10,TRUE
"Vitvi19g04574",42,-0.399538558378362,0.0157727257578424,1,0.01861091706057,FALSE
"Vitvi19g04581",11,0.783394258152665,1.6192646277926e-08,0.000113931459211487,1.19050636584626e-07,TRUE
"Vitvi19g04582",41,0.750289519408583,1.37448227308174e-07,0.00096708572734031,6.46880085177473e-07,TRUE
"Vitvi19g04583",12,0.645746403000758,2.10820008752171e-05,0.148332958158028,5.29571432195744e-05,FALSE
"Vitvi19g04599",7,0.854242196177249,3.4485174125585e-11,2.42637685147616e-07,7.42011269564575e-10,TRUE
"Vitvi19g04600",36,0.854242196177249,3.4485174125585e-11,2.42637685147616e-07,7.42011269564575e-10,TRUE
"Vitvi19g04608",162,-0.550184244324302,0.000508303496349478,1,0.000891209419465469,FALSE
