"gene","baseMean","log2FC_MLE","log2FC_apeglm","lfcSE_apeglm","statistic_zero_null","pvalue_zero_null","padj_zero_null","pvalue_threshold_test","padj_threshold_test","FSOS_svalue","DE_primary_threshold_test","DE_zero_null_plus_effect_filter","DE_primary","leading_signal","genotype","timing","contrast"
"Vitvi14g00668",1586.18302192233,7.35743237742787,7.31833797377224,0.321526683604348,22.7363906686568,1.95675403419038e-114,4.82065923863142e-110,3.11968154438137e-86,8.16077495194724e-82,2.35940027091442e-87,TRUE,TRUE,TRUE,TRUE,"Rpv12+1",0,"Rpv12+1|0"
"Vitvi09g01592",1319.12350099015,6.0270268352385,5.99693437911211,0.279261299929162,21.575118845221,3.07688896933787e-103,3.79011183243039e-99,1.05862248087752e-72,1.38462527386376e-68,5.10589524492132e-73,TRUE,TRUE,TRUE,TRUE,"Rpv12+1",0,"Rpv12+1|0"
"Vitvi10g01585",2445.40316547127,-5.49355092269398,-5.46238279299577,0.287419512142604,-18.8160067230776,5.5837674176002e-79,4.58538980333328e-75,9.41990253502443e-54,8.21384101379013e-50,0,TRUE,TRUE,TRUE,TRUE,"Rpv12+1",0,"Rpv12+1|0"
"Vitvi14g02707",681.35117560579,2.30343905449671,2.28552174043683,0.15330692951501,15.2539193737458,1.55040531493175e-52,9.54894633466463e-49,3.02280408102914e-18,2.82405471270147e-15,1.38863073307203e-18,TRUE,TRUE,TRUE,TRUE,"Rpv12+1",0,"Rpv12+1|0"
"Vitvi18g04646",349.800421484365,5.2651590556519,5.21482410334769,0.363999699122676,14.4894787392641,1.41210351291594e-47,6.95771642883942e-44,4.0923768323796e-32,1.52932122226026e-28,2.35693505888108e-32,TRUE,TRUE,TRUE,TRUE,"Rpv12+1",0,"Rpv12+1|0"
"Vitvi12g04563",250.397708439849,-8.18654242647646,-8.09729192864026,0.571313427254121,-14.2119321044908,7.72639801092927e-46,3.17245902328756e-42,5.05158836217374e-36,3.30361249915257e-32,0,TRUE,TRUE,TRUE,TRUE,"Rpv12+1",0,"Rpv12+1|0"
"Vitvi01g01990",3253.53670087597,-6.27605732148525,-6.21312010947858,0.432265633369323,-14.167903559692,1.44757804309543e-45,5.0946475242427e-42,5.22056820764828e-33,2.27608072906452e-29,0,TRUE,TRUE,TRUE,TRUE,"Rpv12+1",0,"Rpv12+1|0"
"Vitvi15g01247",1047.70838963293,3.21060807694388,3.17805392363984,0.231325226495565,13.9727387939533,2.28661338836215e-44,7.04162592946124e-41,3.26970763990679e-22,5.34576763452011e-19,1.23847292935988e-22,TRUE,TRUE,TRUE,TRUE,"Rpv12+1",0,"Rpv12+1|0"
"Vitvi00g04449",431.192404629011,5.81882490725393,5.74347164127961,0.423330052391348,13.8230949466951,1.84944067459307e-43,5.0625356065861e-40,1.20994312710558e-30,3.95636278274437e-27,1.22445204193606e-30,TRUE,TRUE,TRUE,TRUE,"Rpv12+1",0,"Rpv12+1|0"
"Vitvi12g01939",2171.35288391684,5.26985966272751,5.20611027105168,0.394643021710733,13.7683462193774,3.95155544908661e-43,9.73505200436977e-40,3.35858887084579e-29,7.98702966113229e-26,4.55853341104481e-28,TRUE,TRUE,TRUE,TRUE,"Rpv12+1",0,"Rpv12+1|0"
"Vitvi05g04506",288.555861360031,-5.72501171948681,-5.6625798735121,0.419987280786084,-13.6566196049916,1.84344643761796e-42,4.1286496761051e-39,9.1047312225541e-30,2.38170664050793e-26,0,TRUE,TRUE,TRUE,TRUE,"Rpv12+1",0,"Rpv12+1|0"
"Vitvi03g00610",403.403796088796,2.9415359860582,2.91278850760909,0.223121942328874,13.2848446738738,2.8344600044841e-40,5.81914638920585e-37,9.04912754578307e-19,8.76726398037553e-16,4.68874907978828e-19,TRUE,TRUE,TRUE,TRUE,"Rpv12+1",0,"Rpv12+1|0"
"Vitvi07g02362",4670.36167176079,10.2652729149842,10.0990727738655,0.82703498395531,13.2429176778072,4.958444966599e-40,9.39663463054869e-37,3.13688988274764e-33,1.64115804885591e-29,1.21400551033407e-29,TRUE,TRUE,TRUE,TRUE,"Rpv12+1",0,"Rpv12+1|0"
"Vitvi12g04597",563.172656042939,9.57381265947128,9.38342710789163,0.718382775827885,12.6302185001,1.43878167998984e-36,2.53184467630213e-33,5.78997341516694e-30,1.68288793963724e-26,6.49000000482646e-33,TRUE,TRUE,TRUE,TRUE,"Rpv12+1",0,"Rpv12+1|0"
"Vitvi15g01574",263.535205570998,-7.03377934510438,-6.94165348985745,0.560843416515852,-12.3836419447831,3.20463688972148e-35,5.26329562767856e-32,1.16418302075882e-26,2.53782197000251e-23,0,TRUE,TRUE,TRUE,TRUE,"Rpv12+1",0,"Rpv12+1|0"
"Vitvi14g04248",347.979848571058,2.48218896700027,2.4434474405013,0.210409328725908,11.957108898961,5.96010467274763e-33,9.17707116986316e-30,4.66838366206057e-13,1.69611455855337e-10,2.50712225860618e-13,TRUE,TRUE,TRUE,TRUE,"Rpv12+1",0,"Rpv12+1|0"
"Vitvi11g00460",434.36046618337,-9.49660275112378,-9.3565552503505,0.792336372890646,-11.6725677771001,1.76028608310255e-31,2.40924488573969e-28,7.85103643842817e-26,1.57980970917571e-22,0,TRUE,TRUE,TRUE,TRUE,"Rpv12+1",0,"Rpv12+1|0"
"Vitvi05g01769",2583.19757107597,-2.50320924090377,-2.47043268580606,0.211378347431888,-11.6734012944912,1.74311948118378e-31,2.40924488573969e-28,1.19135956020204e-12,4.21827519255871e-10,9.59067608291981e-14,TRUE,TRUE,TRUE,TRUE,"Rpv12+1",0,"Rpv12+1|0"
"Vitvi12g04581",307.451634760682,4.28877400290818,4.22595035570273,0.373212509999995,11.5890478730452,4.6830930584678e-31,6.07224634675856e-28,3.14284043173994e-19,3.42556511891187e-16,1.45757972577803e-19,TRUE,TRUE,TRUE,TRUE,"Rpv12+1",0,"Rpv12+1|0"
"Vitvi09g00384",194.42755582042,-2.90776313992141,-2.86305761550404,0.254536529905532,-11.3696544351366,5.92215808312251e-30,7.2949143267903e-27,4.34088867147005e-14,1.89255511261642e-11,6.59781175521461e-15,TRUE,TRUE,TRUE,TRUE,"Rpv12+1",0,"Rpv12+1|0"
"Vitvi09g04564",192.04388470492,5.59795897399745,5.49849654021849,0.496191398427961,11.3242551570667,9.95212034627385e-30,1.16752588976573e-26,6.9350207350343e-21,1.00785115226535e-17,3.20287145331447e-21,TRUE,TRUE,TRUE,TRUE,"Rpv12+1",0,"Rpv12+1|0"
"Vitvi12g02743",203.019264874393,5.33516787391888,5.24556502667527,0.479699998332206,11.2398587838497,2.59797596919896e-29,2.90926072623571e-26,3.3279609648784e-20,4.3528065440127e-17,3.38251761616649e-20,TRUE,TRUE,TRUE,TRUE,"Rpv12+1",0,"Rpv12+1|0"
"Vitvi19g00339",1138.65266118752,1.6352902105652,1.61329378611815,0.147696243266743,11.2142574165514,3.47087321554451e-29,3.7177579364415e-26,6.60486937934273e-06,0.000649536759752731,1.7655326408783e-06,TRUE,TRUE,TRUE,TRUE,"Rpv12+1",0,"Rpv12+1|0"
"Vitvi18g01959",205.744192164665,5.47611329402404,5.3711559992622,0.484007215552845,11.1504783794328,7.12224254548969e-29,7.31098197294517e-26,3.95989726240815e-20,4.93271202320642e-17,7.09395841853513e-21,TRUE,TRUE,TRUE,TRUE,"Rpv12+1",0,"Rpv12+1|0"
"Vitvi12g02701",606.122514189718,-2.94513294424765,-2.89354958255917,0.259472824989584,-11.1419693768931,7.83669714547911e-29,7.72259483504093e-26,9.27931029061576e-14,3.9151206111648e-11,9.84991885272259e-15,TRUE,TRUE,TRUE,TRUE,"Rpv12+1",0,"Rpv12+1|0"
"Vitvi10g01092",1201.94103834957,-1.51799814177245,-1.49443108666617,0.135788258035007,-11.1172489769566,1.03411646326484e-28,9.79865122653558e-26,7.42321928674741e-05,0.00519208538294186,1.78206635300378e-05,TRUE,TRUE,TRUE,TRUE,"Rpv12+1",0,"Rpv12+1|0"
"Vitvi07g02402",514.098133269058,5.55979482857269,5.46353503672418,0.499232905290746,11.1064246710706,1.16740609269283e-28,1.06519320368816e-25,4.16519423072893e-20,4.95260526734718e-17,1.55535230498841e-20,TRUE,TRUE,TRUE,TRUE,"Rpv12+1",0,"Rpv12+1|0"
"Vitvi01g00083",104.52413287097,-7.31160503262455,-7.18160370837727,0.642109816085724,-11.0823902796403,1.5273956674006e-28,1.34388998793147e-25,5.52052991472274e-22,8.49479659054307e-19,0,TRUE,TRUE,TRUE,TRUE,"Rpv12+1",0,"Rpv12+1|0"
"Vitvi09g01214",1440.24996613048,13.3610162453624,13.4785320951939,1.98306630880074,11.0615505052928,1.92736571587777e-28,1.63733040608154e-25,7.00657130204961e-25,1.2218993246021e-21,8.33334493433547e-12,TRUE,TRUE,TRUE,TRUE,"Rpv12+1",0,"Rpv12+1|0"
"Vitvi12g04596",216.377006259651,4.58775810245313,4.50392817035254,0.433629983289763,10.9891960822283,4.30745592057006e-28,3.53728280197213e-25,4.20456288549798e-18,3.54797292005618e-15,1.38566969526907e-17,TRUE,TRUE,TRUE,TRUE,"Rpv12+1",0,"Rpv12+1|0"
"Vitvi18g04660",217.321042314486,3.93731592361357,3.86812366248219,0.360660150813584,10.891446979864,1.2661241252662e-27,1.00620109516316e-24,2.23246607103625e-16,1.4243678037131e-13,6.03682533512773e-17,TRUE,TRUE,TRUE,TRUE,"Rpv12+1",0,"Rpv12+1|0"
"Vitvi09g01376",153.805367086232,4.39800759280661,4.30996802396271,0.421836210875873,10.4432427732473,1.5734223929547e-25,1.17463133554036e-22,3.55243526657407e-16,2.21257509853122e-13,1.83343204565176e-16,TRUE,TRUE,TRUE,TRUE,"Rpv12+1",0,"Rpv12+1|0"
"Vitvi18g04642",446.507887389829,-5.4296233141741,-5.31314815754547,0.538357551249413,-10.3108962054884,6.29118836059204e-25,4.55852107210428e-22,2.01730569629309e-17,1.50773427740946e-14,3.18985241313536e-17,TRUE,TRUE,TRUE,TRUE,"Rpv12+1",0,"Rpv12+1|0"
"Vitvi12g04536",1033.1032665114,1.63023616961738,1.60449385537756,0.160156887442022,10.2453406664802,1.24186621674511e-24,8.74131889020931e-22,3.73548333182386e-05,0.00283236256455595,1.04712240969203e-05,TRUE,TRUE,TRUE,TRUE,"Rpv12+1",0,"Rpv12+1|0"
"Vitvi00g04737",101.846453234561,-3.76051210513587,-3.67672728143569,0.371952612439852,-10.2147132100703,1.70382238239817e-24,1.16598245035448e-21,3.22997388492582e-14,1.45677391130646e-11,2.84674709047547e-14,TRUE,TRUE,TRUE,TRUE,"Rpv12+1",0,"Rpv12+1|0"
"Vitvi03g01185",1473.2831193416,5.98110940742117,5.85313915133229,0.618046948337587,10.1722459810569,2.63755554812376e-24,1.75618428333992e-21,1.21108790935649e-17,9.60025715783532e-15,1.22265686974312e-16,TRUE,TRUE,TRUE,TRUE,"Rpv12+1",0,"Rpv12+1|0"
"Vitvi11g00257",701.631280470466,-2.47423389653054,-2.43052438753602,0.244637984316095,-10.0733431602568,7.24719044905393e-24,4.69846799744454e-21,9.74236569793276e-10,2.27545128832342e-07,1.35427512582086e-10,TRUE,TRUE,TRUE,TRUE,"Rpv12+1",0,"Rpv12+1|0"
"Vitvi14g04255",79.4687369316443,4.77775927834901,4.67512660152419,0.473691959932612,10.0602949345822,8.2750069044431e-24,5.10883305189943e-21,8.98239080154055e-16,4.99936938249998e-13,3.9151896208837e-16,TRUE,TRUE,TRUE,TRUE,"Rpv12+1",0,"Rpv12+1|0"
"Vitvi14g00157",313.045756340676,3.5823704968041,3.51116455301682,0.361303663521102,10.060058471398,8.29490672495443e-24,5.10883305189943e-21,2.05565006394896e-13,7.90790441512367e-11,1.29765547519497e-13,TRUE,TRUE,TRUE,TRUE,"Rpv12+1",0,"Rpv12+1|0"
"Vitvi12g02066",432.249431784711,-7.98419319856573,-7.78124996311953,0.806902575142448,-10.0338206147589,1.08245209008696e-23,6.50421699789814e-21,8.38644918185003e-19,8.43773554415442e-16,0,TRUE,TRUE,TRUE,TRUE,"Rpv12+1",0,"Rpv12+1|0"
"Vitvi00g04728",693.374023655188,-9.19627601397163,-9.00734198381976,0.891517786102681,-10.0077105491609,1.40977184459683e-23,8.26931884844942e-21,2.34251004503168e-19,2.66424870730364e-16,0,TRUE,TRUE,TRUE,TRUE,"Rpv12+1",0,"Rpv12+1|0"
"Vitvi02g04096",149.802348566761,-2.53497626550753,-2.48267071403378,0.254651586112663,-10.0048661483036,1.45087761018564e-23,8.31251646617058e-21,6.88537874970248e-10,1.66772798808766e-07,1.96308394287411e-10,TRUE,TRUE,TRUE,TRUE,"Rpv12+1",0,"Rpv12+1|0"
"Vitvi09g02033",194.739291436794,3.31371729475782,3.24403068441054,0.333497411514884,9.97024645523895,2.05717727844727e-23,1.15183225981425e-20,1.68374422936625e-12,5.72013835012881e-10,9.59442782351182e-13,TRUE,TRUE,TRUE,TRUE,"Rpv12+1",0,"Rpv12+1|0"
"Vitvi18g01980",183.894601017101,4.7095348697735,4.60172535989121,0.468571835524801,9.95530357883091,2.39092034541722e-23,1.30894919177108e-20,2.22700357602257e-15,1.18890176622805e-12,7.78577643428897e-16,TRUE,TRUE,TRUE,TRUE,"Rpv12+1",0,"Rpv12+1|0"
"Vitvi08g04260",4448.78542800947,-1.91897178267718,-1.88578811247914,0.190268473943348,-9.92989868061177,3.0856892177084e-23,1.65258781668401e-20,9.90733713384586e-07,0.00012459905388667,1.6096157566033e-07,TRUE,TRUE,TRUE,TRUE,"Rpv12+1",0,"Rpv12+1|0"
"Vitvi12g04518",105.568440727567,7.56484082582231,7.37477219852721,0.740368158341046,9.92585800107675,3.21327141749235e-23,1.68430116258173e-20,3.53531664207309e-18,3.18897751862035e-15,2.8570083336178e-19,TRUE,TRUE,TRUE,TRUE,"Rpv12+1",0,"Rpv12+1|0"
"Vitvi05g01742",3337.1844572396,-2.23557182555515,-2.19434135182664,0.225118061816418,-9.86332808161383,6.00260967269479e-23,3.0808394145106e-20,2.49965878534077e-08,4.70421396875749e-06,3.31484984417471e-09,TRUE,TRUE,TRUE,TRUE,"Rpv12+1",0,"Rpv12+1|0"
"Vitvi04g04018",359.688336121727,7.23750458587727,7.04849090715955,0.800598674089391,9.7661928692224,1.57250428097722e-22,7.74804309323098e-20,1.93443605999267e-17,1.48832096745142e-14,1.92614761703901e-15,TRUE,TRUE,TRUE,TRUE,"Rpv12+1",0,"Rpv12+1|0"
"Vitvi12g04421",69.2017561448974,-4.43119587573906,-4.34364689249135,0.452680767822844,-9.76638880854903,1.5694671532457e-22,7.74804309323098e-20,1.97878050945709e-14,9.41143988125234e-12,3.72051391112368e-15,TRUE,TRUE,TRUE,TRUE,"Rpv12+1",0,"Rpv12+1|0"
"Vitvi12g04512",159.716654650563,3.51832626470787,3.44605242859358,0.364117472276942,9.73690304929136,2.09852357741337e-22,1.01371033045404e-19,1.59123452976716e-12,5.47698737686568e-10,1.09279373656773e-12,TRUE,TRUE,TRUE,TRUE,"Rpv12+1",0,"Rpv12+1|0"
"Vitvi13g04325",482.013816352283,-11.5024723620438,-12.8073759944796,3.23559709989288,-9.68562159334989,3.47090672988632e-22,1.64440881148999e-19,4.63520086828151e-19,4.85008878053504e-16,1.7362030118458e-05,TRUE,TRUE,TRUE,TRUE,"Rpv12+1",0,"Rpv12+1|0"
"Vitvi18g04665",1138.37247580659,1.86158196569541,1.82633995455281,0.195905353079605,9.67395832412591,3.89033131916187e-22,1.80834344111079e-19,3.77920174039197e-06,0.00040351076868128,1.30244463401947e-06,TRUE,TRUE,TRUE,TRUE,"Rpv12+1",0,"Rpv12+1|0"
"Vitvi11g04251",520.1281521806,-6.42693472591303,-6.27254573893202,0.685884385865107,-9.66951744556295,4.06289254594021e-22,1.81988037748696e-19,1.60734602598592e-16,1.05116411734414e-13,5.90352228904001e-16,TRUE,TRUE,TRUE,TRUE,"Rpv12+1",0,"Rpv12+1|0"
"Vitvi09g04416",99.6014200168754,3.56635090373002,3.48762293389652,0.368605245052235,9.66653073616142,4.18318698531596e-22,1.84030347446864e-19,1.74974702250253e-12,5.86815799508253e-10,8.32857157145289e-13,TRUE,TRUE,TRUE,TRUE,"Rpv12+1",0,"Rpv12+1|0"
"Vitvi18g04176",492.787874156602,-8.34292930239362,-8.13396478465832,0.848228863994542,-9.63341488438866,5.77767953314913e-22,2.49717391190635e-19,1.13828031962865e-17,9.30508590036435e-15,0,TRUE,TRUE,TRUE,TRUE,"Rpv12+1",0,"Rpv12+1|0"
"Vitvi17g04093",392.753221799665,-3.71715827830257,-3.63773134290189,0.389693774260323,-9.58962868284826,8.84025827702776e-22,3.75497591229062e-19,1.19328859761208e-12,4.21827519255871e-10,6.14337155493132e-13,TRUE,TRUE,TRUE,TRUE,"Rpv12+1",0,"Rpv12+1|0"
"Vitvi03g01524",1102.29802751917,4.65281841951967,4.52287965893235,0.521109846376592,9.57319104278389,1.03655929180883e-21,4.32824995135634e-19,2.83063482540872e-14,1.29906274382222e-11,7.20592824279817e-13,TRUE,TRUE,TRUE,TRUE,"Rpv12+1",0,"Rpv12+1|0"
"Vitvi01g01944",1685.82683953412,-2.03441646967192,-2.00157317898288,0.214404716136405,-9.56587010548649,1.1126159469002e-21,4.56840107797222e-19,5.75625098765284e-07,7.80195697336843e-05,1.40224868166754e-07,TRUE,TRUE,TRUE,TRUE,"Rpv12+1",0,"Rpv12+1|0"
"Vitvi01g01701",1004.23021711952,1.93545885053824,1.9002116472438,0.206982722766419,9.4777961018654,2.59710157027125e-21,1.04888843090496e-18,2.31521172892652e-06,0.000258818904346106,7.28646679183249e-07,TRUE,TRUE,TRUE,TRUE,"Rpv12+1",0,"Rpv12+1|0"
"Vitvi17g00340",717.391385883987,8.72449408255962,8.4283760302706,0.953599193911671,9.44429743224241,3.57796497579268e-21,1.42172169586498e-18,3.08858975410981e-17,2.18363295615564e-14,2.76626018959083e-16,TRUE,TRUE,TRUE,TRUE,"Rpv12+1",0,"Rpv12+1|0"
"Vitvi07g04339",331.099305015827,-4.99152829856433,-4.87015651789822,0.531132775882051,-9.43785648359981,3.8048303355712e-21,1.48786984360527e-18,2.22559910307731e-14,1.03963298102499e-11,1.32368051247939e-14,TRUE,TRUE,TRUE,TRUE,"Rpv12+1",0,"Rpv12+1|0"
"Vitvi00g04823",414.378809290286,-2.02418508917595,-1.98304244167536,0.213011537128409,-9.38449754942055,6.32171279173294e-21,2.4334643177677e-18,1.0256068971626e-06,0.00012836770728649,2.30667894118966e-07,TRUE,TRUE,TRUE,TRUE,"Rpv12+1",0,"Rpv12+1|0"
"Vitvi07g01888",630.897692409926,-1.38745163695465,-1.36169119309656,0.148228108559984,-9.35290654595148,8.52715746194269e-21,3.23192386511416e-18,0.00450284544392815,0.125729310507824,0.00145725400329737,FALSE,TRUE,TRUE,FALSE,"Rpv12+1",0,"Rpv12+1|0"
"Vitvi08g02249",4166.11606588353,-13.4587172049926,-14.7640161803464,3.59662255391111,-9.2872536882635,1.58320544908491e-20,5.90967415812967e-18,4.0842805622139e-18,3.54797292005618e-15,8.2902811332815e-06,TRUE,TRUE,TRUE,TRUE,"Rpv12+1",0,"Rpv12+1|0"
"Vitvi18g02720",694.867031039582,-10.5948381701374,-10.3005241415079,1.10894786609043,-9.27663735536911,1.74911581644954e-20,6.43152496329116e-18,2.21239709685957e-17,1.60761376824304e-14,0,TRUE,TRUE,TRUE,TRUE,"Rpv12+1",0,"Rpv12+1|0"
"Vitvi01g00271",1013.19590707524,2.72740265191867,2.66450878686472,0.303031462375878,9.23432038166893,2.59930831078844e-20,9.41714110949764e-18,2.47917130235281e-09,5.59074500846958e-07,1.065425325586e-09,TRUE,TRUE,TRUE,TRUE,"Rpv12+1",0,"Rpv12+1|0"
"Vitvi03g04400",163.478435473646,4.68857949619936,4.56235741609006,0.508953758534107,9.21865264401241,3.00856715111228e-20,1.07418928021452e-17,2.04635253360099e-13,7.90790441512367e-11,6.22440086621775e-14,TRUE,TRUE,TRUE,TRUE,"Rpv12+1",0,"Rpv12+1|0"
"Vitvi03g04050",193.218273389643,7.9202974790364,7.65934864999363,0.799803113045058,9.19671258120987,3.69067997181098e-20,1.29890845407907e-17,4.65780882220662e-16,2.83357258093262e-13,2.829288182817e-18,TRUE,TRUE,TRUE,TRUE,"Rpv12+1",0,"Rpv12+1|0"
"Vitvi12g00368",103.929445831892,6.70086352730647,6.58374485342136,0.729387662717347,9.19240128004919,3.84167945017856e-20,1.33300866105069e-17,2.62906911851441e-15,1.37547638142437e-12,1.0116820592287e-15,TRUE,TRUE,TRUE,TRUE,"Rpv12+1",0,"Rpv12+1|0"
"Vitvi06g04250",274.272110948946,-11.1169176690164,-12.3593260457612,3.19799567023813,-9.16414327201469,4.99420887270145e-20,1.70204178198988e-17,3.72077850431997e-17,2.56136433932911e-14,2.58391107582196e-05,TRUE,TRUE,TRUE,TRUE,"Rpv12+1",0,"Rpv12+1|0"
"Vitvi14g02857",361.135351558869,-4.07561876046947,-3.98124694388489,0.436456771401502,-9.16308610754539,5.04339381739166e-20,1.70204178198988e-17,2.34233193679853e-12,7.75608368793832e-10,4.38619903483445e-13,TRUE,TRUE,TRUE,TRUE,"Rpv12+1",0,"Rpv12+1|0"
"Vitvi12g04582",407.223579492007,2.89040563344066,2.82210515317022,0.327805853774222,9.13178688422018,6.73778506857087e-20,2.24313612093665e-17,1.16863787562099e-09,2.70534497242209e-07,8.62070809601935e-10,TRUE,TRUE,TRUE,TRUE,"Rpv12+1",0,"Rpv12+1|0"
"Vitvi09g00535",142.845123722281,4.84346990526472,4.70092514427786,0.53997626291458,9.09343575101615,9.59577647426753e-20,3.1520206562674e-17,2.67748988522266e-13,9.86485322641402e-11,3.69704801308604e-13,TRUE,TRUE,TRUE,TRUE,"Rpv12+1",0,"Rpv12+1|0"
"Vitvi03g04466",142.307009499809,6.33982532843789,6.16607201904293,0.71318866611528,9.08991285922577,9.91184659253696e-20,3.21300332439132e-17,9.58075233955974e-15,4.72873397076496e-12,1.77964847056091e-14,TRUE,TRUE,TRUE,TRUE,"Rpv12+1",0,"Rpv12+1|0"
"Vitvi03g01769",265.801347101687,3.32903116417323,3.24567788265898,0.38116522909415,9.08380712000097,1.04841985777635e-19,3.35439891119196e-17,1.04116251037198e-10,2.83705938633547e-08,1.06654093420425e-10,TRUE,TRUE,TRUE,TRUE,"Rpv12+1",0,"Rpv12+1|0"
"Vitvi12g02621",124.136194917438,-11.0595625945634,-12.2886751921811,3.19351302223359,-9.06286818753171,1.27064538423399e-19,3.99269077185821e-17,8.3686645307635e-17,5.61322808872416e-14,2.836073876227e-05,TRUE,TRUE,TRUE,TRUE,"Rpv12+1",0,"Rpv12+1|0"
"Vitvi01g04207",101.011577513306,5.26762626580427,5.12283380457192,0.569626800592311,9.06204003173479,1.28033191661308e-19,3.99269077185821e-17,1.05438633838747e-13,4.37804638505995e-11,2.2367066140605e-14,TRUE,TRUE,TRUE,TRUE,"Rpv12+1",0,"Rpv12+1|0"
"Vitvi08g02288",466.35430073542,-6.92301551566463,-6.73416365713584,0.75672408197761,-9.01939824021053,1.89125292488579e-19,5.8241133821858e-17,5.97440841872957e-15,3.00547211202974e-12,1.43837088057002e-15,TRUE,TRUE,TRUE,TRUE,"Rpv12+1",0,"Rpv12+1|0"
"Vitvi11g00814",2954.5609852422,1.23027214388383,1.21643764505501,0.138760611598849,9.00386186932698,2.17914268773708e-19,6.62782213025812e-17,0.0459684147945615,0.578954146659092,0.0152658099624896,FALSE,TRUE,TRUE,FALSE,"Rpv12+1",0,"Rpv12+1|0"
"Vitvi05g00170",512.874042872072,5.39325825473001,5.23546544734616,0.650075271089896,8.89416714377379,5.8859050371862e-19,1.76835556702584e-16,2.16155374480497e-13,8.07772634433616e-11,2.48688727897397e-12,TRUE,TRUE,TRUE,TRUE,"Rpv12+1",0,"Rpv12+1|0"
"Vitvi13g04281",514.362550958588,-1.54777736554653,-1.51844063060059,0.173499020880075,-8.87985288876211,6.69488442429573e-19,1.98717075514397e-16,0.000837018886939958,0.035279416653726,0.000208831405061597,TRUE,TRUE,TRUE,TRUE,"Rpv12+1",0,"Rpv12+1|0"
"Vitvi16g00297",2634.80427879183,-1.18724566021588,-1.16393824214191,0.134067969670894,-8.85437039206364,8.41574906072209e-19,2.46821897452321e-16,0.081287837194991,0.800605622433648,0.0299227958408154,FALSE,TRUE,TRUE,FALSE,"Rpv12+1",0,"Rpv12+1|0"
"Vitvi03g04450",135.99230605336,-10.6163117483974,-11.7987209526911,3.12908015423439,-8.85165254364899,8.62328068766242e-19,2.49933109436766e-16,5.37955443712149e-16,3.19826737546957e-13,3.97105386072109e-05,TRUE,TRUE,TRUE,TRUE,"Rpv12+1",0,"Rpv12+1|0"
"Vitvi12g04185",312.386797004695,-8.53730095570108,-8.29019074250458,1.01926674014793,-8.83876575553358,9.67817932478851e-19,2.77246076564523e-16,3.01176202438668e-15,1.54479770188101e-12,3.67584957558749e-14,TRUE,TRUE,TRUE,TRUE,"Rpv12+1",0,"Rpv12+1|0"
"Vitvi01g04191",157.632226676884,10.7127427059844,10.8723272301912,1.98034301248695,8.823521556655,1.1091532998615e-18,3.14081617188368e-16,6.22731896187977e-16,3.57339152209909e-13,2.53402096609091e-08,TRUE,TRUE,TRUE,TRUE,"Rpv12+1",0,"Rpv12+1|0"
"Vitvi18g00996",411.4822831465,-2.17283151148328,-2.12166368887106,0.244322796801888,-8.81644518968287,1.18150998321587e-18,3.30769090301208e-16,9.73438671275421e-07,0.000123015372956008,2.80985646582889e-07,TRUE,TRUE,TRUE,TRUE,"Rpv12+1",0,"Rpv12+1|0"
"Vitvi16g01733",224.106161687933,10.5542316799575,10.6744774059607,2.02799610306061,8.78373995319519,1.58127033274116e-18,4.37709841768665e-16,9.21394539870765e-16,5.02140828509986e-13,9.39155875752702e-08,TRUE,TRUE,TRUE,TRUE,"Rpv12+1",0,"Rpv12+1|0"
"Vitvi06g00412",150.007848082064,5.863785097812,5.70731830151805,0.686235214288839,8.77646272297944,1.68696651632802e-18,4.61778967736189e-16,1.67232566417073e-13,6.73021031523724e-11,3.0999541234205e-13,TRUE,TRUE,TRUE,TRUE,"Rpv12+1",0,"Rpv12+1|0"
"Vitvi07g02323",86.3541289402055,-11.4333397701501,-12.6863450410699,3.27669031591183,-8.76541816478252,1.86084660362295e-18,5.03778207987418e-16,6.28372682505288e-16,3.57339152209909e-13,2.46520956796384e-05,TRUE,TRUE,TRUE,TRUE,"Rpv12+1",0,"Rpv12+1|0"
"Vitvi10g04464",814.94535049878,-3.42106720983376,-3.33336316413097,0.389154309496681,-8.7067720827422,3.12650887490927e-18,8.28222286475965e-16,3.59780330245915e-10,9.04951313356047e-08,6.88491906600108e-11,TRUE,TRUE,TRUE,TRUE,"Rpv12+1",0,"Rpv12+1|0"
"Vitvi03g01537",132.756707997353,-2.48704002536482,-2.4271056306432,0.286892315621599,-8.65911201052267,4.75453452849934e-18,1.24609268770329e-15,1.12488802117544e-07,1.75154438963859e-05,3.29983594852347e-08,TRUE,TRUE,TRUE,TRUE,"Rpv12+1",0,"Rpv12+1|0"
"Vitvi01g01780",2662.96619575048,-1.3780710374205,-1.35859696133589,0.157824668029736,-8.65102238624757,5.10400883002471e-18,1.32360380564725e-15,0.00881280398311714,0.199052004534109,0.00238972360755978,FALSE,TRUE,TRUE,FALSE,"Rpv12+1",0,"Rpv12+1|0"
"Vitvi15g04598",95.5050848892096,-3.89772898947866,-3.7967071349948,0.437112548066144,-8.59741066398778,8.15348053216878e-18,2.09238694156781e-15,8.20461741810148e-11,2.25920617936965e-08,4.26655882229145e-12,TRUE,TRUE,TRUE,TRUE,"Rpv12+1",0,"Rpv12+1|0"
"Vitvi11g00672",4097.19999666814,-1.77663223802194,-1.73598982790752,0.204912497405556,-8.59460901949304,8.35487754033041e-18,2.12196662972763e-15,8.5972912991864e-05,0.00581128018334411,2.23869297312915e-05,TRUE,TRUE,TRUE,TRUE,"Rpv12+1",0,"Rpv12+1|0"
"Vitvi03g04148",103.916919409878,-2.20414204139789,-2.14914517680218,0.2585184735892,-8.54653102405424,1.26843345810324e-17,3.18868639528892e-15,1.51301904059235e-06,0.000181555344416768,5.28684625656609e-07,TRUE,TRUE,TRUE,TRUE,"Rpv12+1",0,"Rpv12+1|0"
"Vitvi18g04003",178.601066827035,-6.80007098796142,-6.58516859248177,0.813090216604681,-8.51335027078271,1.68978648111397e-17,4.20500805542665e-15,1.91551998147397e-13,7.59213442354204e-11,1.89408384891604e-13,TRUE,TRUE,TRUE,TRUE,"Rpv12+1",0,"Rpv12+1|0"
"Vitvi01g00906",1387.00206970103,1.42416949268693,1.39178694889061,0.170885678399184,8.4671479156695,2.51474660103023e-17,6.19532972629808e-15,0.00583739325086345,0.149121455126306,0.00222446739839329,FALSE,TRUE,TRUE,FALSE,"Rpv12+1",0,"Rpv12+1|0"
"Vitvi02g01411",123.640417989285,-5.42602286996632,-5.26806574549867,0.649194211086236,-8.46209077053632,2.6262597287865e-17,6.40599353251328e-15,2.55381828141856e-12,8.24757190415162e-10,1.59562424109402e-12,TRUE,TRUE,TRUE,TRUE,"Rpv12+1",0,"Rpv12+1|0"
"Vitvi03g00379",248.383983991595,2.6752041281529,2.6023317042444,0.32480281056383,8.44021272201324,3.16760654557654e-17,7.65070145655135e-15,6.27721668540851e-08,1.07323994296471e-05,3.8870435541935e-08,TRUE,TRUE,TRUE,TRUE,"Rpv12+1",0,"Rpv12+1|0"
"Vitvi07g04750",264.972653354271,-2.34489744721491,-2.28607636014063,0.2773838744412,-8.41875814450754,3.80495985290678e-17,9.10087290642829e-15,6.87783943170393e-07,9.08673745929006e-05,1.83561662388569e-07,TRUE,TRUE,TRUE,TRUE,"Rpv12+1",0,"Rpv12+1|0"
"Vitvi07g04167",766.40288715611,7.2162119147646,6.97870895227111,0.876728143394043,8.41428348367794,3.95303690210593e-17,9.36413626156555e-15,2.11082187251349e-13,8.00246222653341e-11,5.11151580728419e-13,TRUE,TRUE,TRUE,TRUE,"Rpv12+1",0,"Rpv12+1|0"
"Vitvi06g04249",169.357543193429,-10.0733505955199,-11.1739504015991,3.05723396097005,-8.41039700563014,4.08625242670193e-17,9.58751569373606e-15,1.78899220536939e-14,8.6663420556033e-12,6.66852133840179e-05,TRUE,TRUE,TRUE,TRUE,"Rpv12+1",0,"Rpv12+1|0"
"Vitvi03g04047",55.3568762731153,4.09964944157222,3.97385076607681,0.484441668598145,8.36765885157102,5.87742611526596e-17,1.3660025450537e-14,1.25317501055702e-10,3.37956753620218e-08,2.81254699139582e-11,TRUE,TRUE,TRUE,TRUE,"Rpv12+1",0,"Rpv12+1|0"
"Vitvi14g04241",358.18000077642,1.99307757708108,1.94036849770657,0.246201957141566,8.35557645908556,6.5113942592033e-17,1.49920288756759e-14,1.5685565370983e-05,0.00132789224770079,8.54274153806755e-06,TRUE,TRUE,TRUE,TRUE,"Rpv12+1",0,"Rpv12+1|0"
"Vitvi18g01849",13491.1515557767,1.65128821679754,1.6116526628678,0.200748225162113,8.3360564003557,7.68092933137007e-17,1.75210532414475e-14,0.000504791808072262,0.023664603776635,0.000162957547749799,TRUE,TRUE,TRUE,TRUE,"Rpv12+1",0,"Rpv12+1|0"
"Vitvi05g04410",179.482636194617,-4.77915689025633,-4.64630419084698,0.555287708840006,-8.31806940509482,8.94076556591694e-17,2.02077706864156e-14,2.39082451144404e-11,7.10699754487099e-09,1.96728402869753e-12,TRUE,TRUE,TRUE,TRUE,"Rpv12+1",0,"Rpv12+1|0"
"Vitvi03g04196",144.825850614048,9.97052731254444,10.0935510477795,2.02711980996082,8.31321417783879,9.31441905667199e-17,2.08609116254701e-14,3.73213279550915e-14,1.65472647114786e-11,4.40647347297124e-07,TRUE,TRUE,TRUE,TRUE,"Rpv12+1",0,"Rpv12+1|0"
"Vitvi07g04612",529.559923856106,1.60933640635186,1.56413337199005,0.19642692527421,8.28890515125377,1.14295639809801e-16,2.53674538950834e-14,0.000849381903492081,0.0356644963297742,0.000322729051104623,TRUE,TRUE,TRUE,TRUE,"Rpv12+1",0,"Rpv12+1|0"
"Vitvi00g04360",263.775274201864,1.17564844568689,1.15139837884968,0.142575981804095,8.25934240836151,1.46477181026801e-16,3.22197484980025e-14,0.108602961724359,0.939465898064651,0.0406320180085956,FALSE,TRUE,TRUE,FALSE,"Rpv12+1",0,"Rpv12+1|0"
"Vitvi18g02695",98.647408180362,10.1991762145216,10.3505604408219,2.0463621605804,8.22715779414921,1.91707845090368e-16,4.17858014917428e-14,5.83358212634554e-14,2.50165040726349e-11,3.23232909003681e-07,TRUE,TRUE,TRUE,TRUE,"Rpv12+1",0,"Rpv12+1|0"
"Vitvi12g01809",429.969982583527,-2.26746717556023,-2.20734002953955,0.269344718926668,-8.22613037074222,1.93358555368513e-16,4.17858014917428e-14,2.1304112800443e-06,0.000244008302678047,4.8094405951283e-07,TRUE,TRUE,TRUE,TRUE,"Rpv12+1",0,"Rpv12+1|0"
"Vitvi18g04643",111.941973706498,-4.31359851500332,-4.17843735901971,0.529072123618013,-8.2179318787291,2.07042509163554e-16,4.43539065717679e-14,1.37007116983557e-10,3.6201708819928e-08,5.69196578817969e-11,TRUE,TRUE,TRUE,TRUE,"Rpv12+1",0,"Rpv12+1|0"
"Vitvi07g01718",62.4304953353252,6.81352112466242,6.57126173980048,0.830680862088587,8.198152173105,2.44110219354527e-16,5.1843960034639e-14,1.3269187804178e-12,4.62811578359325e-10,1.23326877883624e-12,TRUE,TRUE,TRUE,TRUE,"Rpv12+1",0,"Rpv12+1|0"
"Vitvi11g00730",1365.22898328049,2.35984696301478,2.29432884885493,0.295023449640784,8.17281980719615,3.0126377422654e-16,6.34353362550858e-14,1.24140688381907e-06,0.000149649597575222,6.9232080582633e-07,TRUE,TRUE,TRUE,TRUE,"Rpv12+1",0,"Rpv12+1|0"
"Vitvi13g04392",363.186084144482,-1.75889858825466,-1.7131854845613,0.217997075139705,-8.16877599360575,3.11533998782634e-16,6.50419626610929e-14,0.000212125704264183,0.0119077173773536,7.93812207331648e-05,TRUE,TRUE,TRUE,TRUE,"Rpv12+1",0,"Rpv12+1|0"
"Vitvi14g04501",149.970182447578,2.41453553444202,2.34742288402203,0.297417765671227,8.16661015656918,3.17175779298043e-16,6.56633823427445e-14,8.57748088273431e-07,0.000110531193306131,3.68527485343836e-07,TRUE,TRUE,TRUE,TRUE,"Rpv12+1",0,"Rpv12+1|0"
"Vitvi14g01174",178.263874669965,2.57163763348507,2.49082876164855,0.332379604968951,8.07123040832076,6.95932439353976e-16,1.41694145255575e-13,4.05557853062614e-07,5.64307865865156e-05,4.60770545660691e-07,TRUE,TRUE,TRUE,TRUE,"Rpv12+1",0,"Rpv12+1|0"
"Vitvi06g01781",353.598620858025,-2.09301293809595,-2.03497505316524,0.259477686570769,-8.06640081938789,7.24008463975419e-16,1.45013597711369e-13,1.26316345705225e-05,0.00111039416704552,3.95012371708392e-06,TRUE,TRUE,TRUE,TRUE,"Rpv12+1",0,"Rpv12+1|0"
"Vitvi04g01233",346.75598199653,-11.2081406866903,-12.3662309248413,3.27910527189971,-8.03648996635369,9.24485158260137e-16,1.83674325474974e-13,1.2447957208674e-13,5.08790800971412e-11,3.48452956331229e-05,TRUE,TRUE,TRUE,TRUE,"Rpv12+1",0,"Rpv12+1|0"
"Vitvi01g04080",146.392500156249,6.20232556187057,5.96966839433982,0.813462653288608,8.02214598900139,1.03913534788399e-15,2.04801107443759e-13,8.55712565331454e-12,2.66483154720304e-09,3.9657848360485e-11,TRUE,TRUE,TRUE,TRUE,"Rpv12+1",0,"Rpv12+1|0"
"Vitvi05g00959",1088.26100235337,-1.35944079558372,-1.3241011785914,0.167426205768777,-8.00143438837813,1.22978112392499e-15,2.40451490230285e-13,0.0171891393108523,0.311176951718053,0.00578458039384224,FALSE,TRUE,TRUE,FALSE,"Rpv12+1",0,"Rpv12+1|0"
"Vitvi18g01950",533.357479158323,3.60666303787726,3.48245051970613,0.477245018324123,7.98372623877557,1.41980722110728e-15,2.75420241725976e-13,3.96071887595907e-09,8.5626814112573e-07,8.30410919498099e-09,TRUE,TRUE,TRUE,TRUE,"Rpv12+1",0,"Rpv12+1|0"
"Vitvi08g01356",821.59162021138,-1.16480728786949,-1.13903488659657,0.145421774210562,-7.97813476609877,1.4856114149062e-15,2.85933772012728e-13,0.129487432051725,1,0.0498815662694439,FALSE,TRUE,TRUE,FALSE,"Rpv12+1",0,"Rpv12+1|0"
"Vitvi01g00792",1625.5517743209,1.32667672836686,1.30253087014998,0.169088897599235,7.96088263642712,1.70816352827529e-15,3.26219509167364e-13,0.0249825383425652,0.400596202706943,0.00881546676670522,FALSE,TRUE,TRUE,FALSE,"Rpv12+1",0,"Rpv12+1|0"
"Vitvi18g02135",219.887002739659,-1.58711318299373,-1.54789834951723,0.198908909346191,-7.95214526319706,1.83309129516105e-15,3.4738490113529e-13,0.00163208500820787,0.0588067654679195,0.000471317645606127,FALSE,TRUE,TRUE,FALSE,"Rpv12+1",0,"Rpv12+1|0"
"Vitvi19g00239",694.702765827951,2.97610984380263,2.88131901302642,0.387405552188009,7.95017137981322,1.86253672398095e-15,3.50270646809119e-13,6.5001624586504e-08,1.09701774036023e-05,6.20120427754578e-08,TRUE,TRUE,TRUE,TRUE,"Rpv12+1",0,"Rpv12+1|0"
"Vitvi13g00367",800.831532075719,2.97599115182126,2.88241299736608,0.384747848323369,7.92810936501919,2.22507320640344e-15,4.15279572067842e-13,7.04441693858031e-08,1.18124937625848e-05,5.34270254369272e-08,TRUE,TRUE,TRUE,TRUE,"Rpv12+1",0,"Rpv12+1|0"
"Vitvi08g01070",398.702975163505,-1.64175465233532,-1.59809086040334,0.210073228714246,-7.92403676530923,2.29921594938705e-15,4.2589085811353e-13,0.000975897390768703,0.0397184559980192,0.000356401107766923,TRUE,TRUE,TRUE,TRUE,"Rpv12+1",0,"Rpv12+1|0"
"Vitvi09g04537",71.8638135012452,3.51918684509056,3.40560880300863,0.445554784246086,7.91933362479718,2.387868452762e-15,4.39011397031676e-13,7.1815389473023e-09,1.46767091658188e-06,1.41028428499478e-09,TRUE,TRUE,TRUE,TRUE,"Rpv12+1",0,"Rpv12+1|0"
"Vitvi18g04749",69.6826221757572,5.81545132839562,5.59254262342799,0.751769984951178,7.90886576036736,2.59744508997828e-15,4.74004868420037e-13,2.89829170343216e-11,8.42404585223133e-09,4.55772489609514e-11,TRUE,TRUE,TRUE,TRUE,"Rpv12+1",0,"Rpv12+1|0"
"Vitvi11g01268",4047.50532203126,3.19631264475421,3.10227855821243,0.403820030271956,7.90495822697942,2.68023464203454e-15,4.85516622361493e-13,2.78928113406844e-08,5.21177179900689e-06,7.42574363615985e-09,TRUE,TRUE,TRUE,TRUE,"Rpv12+1",0,"Rpv12+1|0"
"Vitvi14g00803",636.931770332151,-1.21741157759047,-1.19500556686027,0.153481847833044,-7.88611066478997,3.11750175424973e-15,5.60604184070776e-13,0.0795149239171593,0.791643342738946,0.0269985170107563,FALSE,TRUE,TRUE,FALSE,"Rpv12+1",0,"Rpv12+1|0"
"Vitvi18g04004",74.0892471094061,-3.78804637069493,-3.66735813976235,0.473694090143849,-7.87449336367919,3.42126364664716e-15,6.10769936223185e-13,3.40145271733307e-09,7.47719341451392e-07,4.9818057771355e-10,TRUE,TRUE,TRUE,TRUE,"Rpv12+1",0,"Rpv12+1|0"
"Vitvi07g00890",154.333504312037,-5.66500458370813,-5.45859876280293,0.706284167943308,-7.86253175956961,3.76446079387731e-15,6.67203281424182e-13,4.75257161956247e-11,1.33680130103371e-08,6.19104074000677e-12,TRUE,TRUE,TRUE,TRUE,"Rpv12+1",0,"Rpv12+1|0"
"Vitvi17g01380",167.741760152415,-6.42773616635388,-6.20552705179504,0.803920548090484,-7.8391778869003,4.53505713212614e-15,7.98040482193283e-13,1.80096107722886e-11,5.54251068461527e-09,3.15649776668567e-12,TRUE,TRUE,TRUE,TRUE,"Rpv12+1",0,"Rpv12+1|0"
"Vitvi09g04111",695.675183440952,-1.24398403555334,-1.21504144757666,0.160805107825249,-7.83376529421173,4.73472263995926e-15,8.27266857858413e-13,0.0622145776970902,0.692246336868644,0.0233193188258679,FALSE,TRUE,TRUE,FALSE,"Rpv12+1",0,"Rpv12+1|0"
"Vitvi06g00226",333.751138532562,-1.35581619401593,-1.32040556150867,0.17463674040439,-7.79920187836071,6.22999320287922e-15,1.08085994750797e-12,0.0203389446044091,0.34924070023948,0.0077693921056229,FALSE,TRUE,TRUE,FALSE,"Rpv12+1",0,"Rpv12+1|0"
"Vitvi13g00131",2790.83689765127,1.66889009304644,1.6177144814573,0.221818241516953,7.78091526133871,7.20017136143556e-15,1.24044350811417e-12,0.000908605774197541,0.0376675411208137,0.000440189306483537,TRUE,TRUE,TRUE,TRUE,"Rpv12+1",0,"Rpv12+1|0"
"Vitvi17g00254",1398.74165510836,-1.29231099113166,-1.25855037718974,0.165132084998899,-7.75133219694052,9.09334524673015e-15,1.55571981596142e-12,0.0397758776618139,0.532495999874816,0.0150315438122747,FALSE,TRUE,TRUE,FALSE,"Rpv12+1",0,"Rpv12+1|0"
"Vitvi00g04752",151.000819203287,6.49240340152647,6.23058639554239,0.840759618926001,7.72163812441585,1.14844059406619e-14,1.9378755120147e-12,3.23828032897752e-11,9.30881045337614e-09,1.37815784179808e-11,TRUE,TRUE,TRUE,TRUE,"Rpv12+1",0,"Rpv12+1|0"
"Vitvi10g01789",51.4000569018992,-3.16611819627614,-3.06120703200831,0.413386782217321,-7.72244080524587,1.14122924056636e-14,1.9378755120147e-12,6.34203811923587e-08,1.0772816568902e-05,2.28026006091858e-08,TRUE,TRUE,TRUE,TRUE,"Rpv12+1",0,"Rpv12+1|0"
"Vitvi18g00479",151.632954019799,3.10917974973912,3.00284652369026,0.414977081777321,7.66204216041963,1.82999539819964e-14,3.06692290000315e-12,1.00877622070224e-07,1.59930770650605e-05,7.62053652401417e-08,TRUE,TRUE,TRUE,TRUE,"Rpv12+1",0,"Rpv12+1|0"
"Vitvi19g02270",200.343587154795,-2.41409105071412,-2.34816243588188,0.314341209152748,-7.6484107608468,2.03478348522543e-14,3.38708959067659e-12,3.72910162165844e-06,0.000399793316889193,1.14721405353012e-06,TRUE,TRUE,TRUE,TRUE,"Rpv12+1",0,"Rpv12+1|0"
"Vitvi08g02397",100.911445473935,-10.2880962224745,-11.3428882081492,3.15070489340201,-7.63302273131111,2.29312430503002e-14,3.79150405226306e-12,2.76825283355497e-12,8.83106413084934e-10,7.6615766118261e-05,TRUE,TRUE,TRUE,TRUE,"Rpv12+1",0,"Rpv12+1|0"
"Vitvi04g01325",140.772446711458,-9.69011791982352,-10.6800629024336,3.04030121593224,-7.62204032419178,2.49697000287796e-14,4.10102353272676e-12,4.08708960866993e-12,1.28812261533972e-09,0.000114860631889879,TRUE,TRUE,TRUE,TRUE,"Rpv12+1",0,"Rpv12+1|0"
"Vitvi12g04548",429.044391517799,10.7926202224236,10.6883617510494,2.12416886160236,7.61729735167857,2.59042134385888e-14,4.22633246538459e-12,2.39765540304233e-12,7.84003346102304e-10,3.51697348617777e-07,TRUE,TRUE,TRUE,TRUE,"Rpv12+1",0,"Rpv12+1|0"
"Vitvi09g04212",72.8546814408379,4.5953156782471,4.42107488820649,0.600775048441819,7.61472539632981,2.64252668611274e-14,4.28297943678115e-12,1.27935330713528e-09,2.93566694397822e-07,3.30576513076846e-10,TRUE,TRUE,TRUE,TRUE,"Rpv12+1",0,"Rpv12+1|0"
"Vitvi14g00593",262.820683336641,1.49945086764749,1.45904696548267,0.197254990538572,7.61050429502903,2.73028493844689e-14,4.39629410088743e-12,0.00562274069301624,0.145193772073566,0.00208395637736397,FALSE,TRUE,TRUE,FALSE,"Rpv12+1",0,"Rpv12+1|0"
"Vitvi02g01167",162.596407251613,-3.13559804494201,-3.03424725134743,0.408652161422613,-7.55964932331617,4.04157479036647e-14,6.46546990490054e-12,1.31122551210208e-07,1.99420628901618e-05,3.04390587901568e-08,TRUE,TRUE,TRUE,TRUE,"Rpv12+1",0,"Rpv12+1|0"
"Vitvi13g00325",832.083209999273,2.38487121687806,2.30215762721924,0.332323183590289,7.55306013025279,4.25148585650933e-14,6.75739390715896e-12,5.77303507352034e-06,0.000580833940339303,5.12050643676565e-06,TRUE,TRUE,TRUE,TRUE,"Rpv12+1",0,"Rpv12+1|0"
"Vitvi08g01260",699.262878148278,1.94845801297082,1.88770645955143,0.263661021291107,7.52955803394179,5.09123543053897e-14,8.040235645305e-12,0.00012357730788262,0.00794265060663746,5.66903245573552e-05,TRUE,TRUE,TRUE,TRUE,"Rpv12+1",0,"Rpv12+1|0"
"Vitvi10g04463",231.016837130611,-3.17664274710809,-3.06447059430278,0.416319025165272,-7.51912567437348,5.51437600118115e-14,8.59823842817081e-12,1.28777827407254e-07,1.969999524647e-05,3.57464742817732e-08,TRUE,TRUE,TRUE,TRUE,"Rpv12+1",0,"Rpv12+1|0"
"Vitvi05g04312",158.948685941361,3.42026288218034,3.29161717156617,0.467586752912061,7.51383120067193,5.74216147824514e-14,8.89710001119794e-12,5.2753743246244e-08,9.32422411877363e-06,4.60689167906771e-08,TRUE,TRUE,TRUE,TRUE,"Rpv12+1",0,"Rpv12+1|0"
"Vitvi07g02608",1720.13623012299,-1.68726744731061,-1.63915268090019,0.220388171093947,-7.51276994893746,5.78892057784796e-14,8.91349045974139e-12,0.00110615107143632,0.0439753888718887,0.000286468737861944,TRUE,TRUE,TRUE,TRUE,"Rpv12+1",0,"Rpv12+1|0"
"Vitvi01g00483",456.770168143032,2.31802680504417,2.28290911511961,0.315321428519393,7.51033234971863,5.89774404094349e-14,9.02464734116049e-12,9.75768840275264e-06,0.000892487310935686,2.80263368078639e-06,TRUE,TRUE,TRUE,TRUE,"Rpv12+1",0,"Rpv12+1|0"
"Vitvi12g04475",701.925836174338,1.44842898936761,1.40861371466826,0.19258509225948,7.50613913491235,6.08966934071421e-14,9.2608082640639e-12,0.0100660515751715,0.218109088901895,0.00359496037056843,FALSE,TRUE,TRUE,FALSE,"Rpv12+1",0,"Rpv12+1|0"
"Vitvi09g04473",143.328202252457,4.44849745114224,4.25802410406269,0.625453640972754,7.49889641544537,6.43573587713493e-14,9.72704227417767e-12,3.06481831795709e-09,6.79428664232539e-07,6.55258146171926e-09,TRUE,TRUE,TRUE,TRUE,"Rpv12+1",0,"Rpv12+1|0"
"Vitvi01g00214",5731.12997577878,1.36424605098727,1.32754471217337,0.183067034068109,7.4632086191336,8.44404895260639e-14,1.26846091461226e-11,0.0231507213887498,0.380886674848757,0.00878586120022531,FALSE,TRUE,TRUE,FALSE,"Rpv12+1",0,"Rpv12+1|0"
"Vitvi14g00772",2017.13435601646,1.61686826503632,1.56894378414366,0.220148022971648,7.45616770562342,8.90753533613544e-14,1.32997600327899e-11,0.00222280117707767,0.0744510319989435,0.000910869361282787,FALSE,TRUE,TRUE,FALSE,"Rpv12+1",0,"Rpv12+1|0"
"Vitvi15g04604",197.99164078802,-8.65592299269449,-8.28497694830971,1.18872340215066,-7.45329649839101,9.10363752950529e-14,1.35106755528248e-11,2.16629938939522e-11,6.51358916404476e-09,3.35952075714287e-11,TRUE,TRUE,TRUE,TRUE,"Rpv12+1",0,"Rpv12+1|0"
"Vitvi12g00638",297.641527789189,2.24761641054464,2.17047836131814,0.312397815409148,7.44936148984161,9.37930526700727e-14,1.38364409914965e-11,1.77459512774474e-05,0.00146440485636198,1.17579532293622e-05,TRUE,TRUE,TRUE,TRUE,"Rpv12+1",0,"Rpv12+1|0"
"Vitvi19g01772",662.831311214607,-1.17484906248421,-1.14234519990541,0.158090272389554,-7.43995585361384,1.00718953316403e-13,1.47697150827553e-11,0.134089675156393,1,0.0552258923912086,FALSE,TRUE,TRUE,FALSE,"Rpv12+1",0,"Rpv12+1|0"
"Vitvi00g04704",111.211490227411,8.93596069820689,8.87469421889226,1.93420004103032,7.42802432459978,1.10231690830246e-13,1.5974517266435e-11,2.10101657464233e-11,6.39075495070566e-09,2.69786956561502e-06,TRUE,TRUE,TRUE,TRUE,"Rpv12+1",0,"Rpv12+1|0"
"Vitvi07g04340",472.423971278963,-2.10818367714394,-2.03539175201083,0.286695239312947,-7.42836453856996,1.09948599798857e-13,1.5974517266435e-11,4.7155675106997e-05,0.00350439007137481,2.07972955137784e-05,TRUE,TRUE,TRUE,TRUE,"Rpv12+1",0,"Rpv12+1|0"
"Vitvi02g00719",294.08207283115,3.62804494625479,3.48781280091925,0.514729132118016,7.38771917500437,1.49368792220013e-13,2.15195881001886e-11,4.36289872644359e-08,7.87097019207157e-06,7.12934538941275e-08,TRUE,TRUE,TRUE,TRUE,"Rpv12+1",0,"Rpv12+1|0"
"Vitvi08g01235",762.180926867593,-9.01239743985016,-8.57261254093147,1.20458379671346,-7.38134283975697,1.56700913473077e-13,2.24001940630386e-11,2.64882806541471e-11,7.78547116440263e-09,1.05026580229939e-11,TRUE,TRUE,TRUE,TRUE,"Rpv12+1",0,"Rpv12+1|0"
"Vitvi07g00696",455.377094243152,-1.88477916296177,-1.82302082054517,0.256575768310719,-7.38083519197892,1.57299625462968e-13,2.24001940630386e-11,0.000265299183601723,0.0143484581226591,0.000106327110255645,TRUE,TRUE,TRUE,TRUE,"Rpv12+1",0,"Rpv12+1|0"
"Vitvi19g00214",70.2205721504023,-3.87441355850748,-3.73488720029658,0.522756995487421,-7.37787300374918,1.60838271285097e-13,2.27684003731097e-11,2.20470030792241e-08,4.24064377609869e-06,4.82513076772808e-09,TRUE,TRUE,TRUE,TRUE,"Rpv12+1",0,"Rpv12+1|0"
"Vitvi01g01881",968.816015940219,1.54862201602785,1.50146189509713,0.214521820132428,7.37713364203682,1.61733644475329e-13,2.27684003731097e-11,0.00448156060947176,0.125517284778556,0.00199741703939029,FALSE,TRUE,TRUE,FALSE,"Rpv12+1",0,"Rpv12+1|0"
"Vitvi12g04517",51.9219924013984,5.89779576842398,5.70399789749659,0.843600162466259,7.36922383832465,1.71624290560559e-13,2.402350012642e-11,4.68652459437032e-10,1.15655468739748e-07,7.2202736735172e-10,TRUE,TRUE,TRUE,TRUE,"Rpv12+1",0,"Rpv12+1|0"
"Vitvi02g00444",1457.32719440514,-1.41078029738992,-1.37054481324759,0.189844135201917,-7.36266135528582,1.80279307975446e-13,2.50924352049892e-11,0.0160243037065969,0.29771289819664,0.00553947769397603,FALSE,TRUE,TRUE,FALSE,"Rpv12+1",0,"Rpv12+1|0"
"Vitvi10g01813",166.430050079606,2.91194674612638,2.80557124200818,0.410381388904461,7.35736734878329,1.87572647615429e-13,2.59608974531107e-11,6.80089359373338e-07,9.03068911261276e-05,6.32464882418668e-07,TRUE,TRUE,TRUE,TRUE,"Rpv12+1",0,"Rpv12+1|0"
"Vitvi09g04078",59.7355352768542,5.70929875444518,5.46454506387085,0.763922343302403,7.33615036025476,2.19825050541171e-13,3.02548041627502e-11,7.18842280103922e-10,1.70947229138532e-07,1.64106231159201e-10,TRUE,TRUE,TRUE,TRUE,"Rpv12+1",0,"Rpv12+1|0"
"Vitvi07g01719",36.4229815265343,6.50143230643349,6.21748751637099,0.876613091851944,7.33453667770277,2.22489832102611e-13,3.04514416871107e-11,2.7106906126362e-10,7.02068868672775e-08,8.43631054205956e-11,TRUE,TRUE,TRUE,TRUE,"Rpv12+1",0,"Rpv12+1|0"
"Vitvi05g04535",3273.65776255888,7.28825958507904,6.91018082364742,1.13288159630594,7.32915976440674,2.31600159222822e-13,3.15232128321184e-11,1.27812433809313e-10,3.41167903675288e-08,5.67784420972071e-09,TRUE,TRUE,TRUE,TRUE,"Rpv12+1",0,"Rpv12+1|0"
"Vitvi18g00815",2531.60803372625,-1.25141022594442,-1.2119686870037,0.169982717367395,-7.31613527235527,2.55214399233615e-13,3.45464941731832e-11,0.0708048827335822,0.74117043914677,0.0285283305556022,FALSE,TRUE,TRUE,FALSE,"Rpv12+1",0,"Rpv12+1|0"
"Vitvi18g00101",692.797082092822,3.43109970397507,3.21044475094707,0.503130125188069,7.31503516061752,2.57314007182247e-13,3.46403709341084e-11,1.09140089530893e-07,1.70957820481355e-05,6.62090488153878e-07,TRUE,TRUE,TRUE,TRUE,"Rpv12+1",0,"Rpv12+1|0"
"Vitvi01g00160",2038.05732949611,2.58352245423378,2.57858308555487,0.364936491442968,7.30971839454606,2.67702822039689e-13,3.5843080020488e-11,3.72591260281613e-06,0.000399793316889193,8.43012887223898e-07,TRUE,TRUE,TRUE,TRUE,"Rpv12+1",0,"Rpv12+1|0"
"Vitvi01g01355",59.6973865054046,-9.0751338218076,-9.99259141172095,2.94363922723753,-7.30488968483869,2.77494313531519e-13,3.69532427468243e-11,4.01722653001407e-11,1.14224596520259e-08,0.000160294674695657,TRUE,TRUE,TRUE,TRUE,"Rpv12+1",0,"Rpv12+1|0"
"Vitvi09g01698",483.799673874431,1.75494529589498,1.69785745410905,0.243687752719598,7.30276483092456,2.81913680022906e-13,3.73399216185178e-11,0.000840379384358207,0.0353432223720681,0.000335080960136453,TRUE,TRUE,TRUE,TRUE,"Rpv12+1",0,"Rpv12+1|0"
"Vitvi03g00841",258.322870370306,-2.45926957575187,-2.37639218182214,0.333234703436375,-7.28795594425737,3.14692833841277e-13,4.14586772968647e-11,7.64417668875265e-06,0.000727141883640293,2.09061662065277e-06,TRUE,TRUE,TRUE,TRUE,"Rpv12+1",0,"Rpv12+1|0"
"Vitvi13g00805",91.1731118148135,2.14092925416835,2.06690579182715,0.299306673819078,7.28491026394043,3.21884482930173e-13,4.21805644758922e-11,5.17527023298061e-05,0.00380280601192528,2.52313607562241e-05,TRUE,TRUE,TRUE,TRUE,"Rpv12+1",0,"Rpv12+1|0"
"Vitvi14g04165",995.618808358249,-2.13145678353275,-2.06576785956325,0.291372855580767,-7.27204201518847,3.5409341591243e-13,4.61557957376647e-11,5.6630621320726e-05,0.00411500117535797,1.60357690394984e-05,TRUE,TRUE,TRUE,TRUE,"Rpv12+1",0,"Rpv12+1|0"
"Vitvi06g00106",1336.97801825155,-1.40231136254546,-1.36106942371843,0.192560389818997,-7.2417088365771,4.43066254257496e-13,5.7148587643391e-11,0.0188737765525424,0.332470788443069,0.006918202475229,FALSE,TRUE,TRUE,FALSE,"Rpv12+1",0,"Rpv12+1|0"
"Vitvi08g01528",58.1410973979807,7.27347003833805,7.1159938846793,1.07241185306024,7.17917621474155,7.01327055050929e-13,8.95227633587289e-11,2.96763593635319e-10,7.61082239794737e-08,2.62454951043538e-10,TRUE,TRUE,TRUE,TRUE,"Rpv12+1",0,"Rpv12+1|0"
"Vitvi07g00114",3988.09569362472,1.80915462689577,1.74803869924852,0.257041356617408,7.14379200703659,9.07907496568454e-13,1.15294892193095e-10,0.000698908767596428,0.0307273184059747,0.000271329746887623,TRUE,TRUE,TRUE,TRUE,"Rpv12+1",0,"Rpv12+1|0"
"Vitvi09g04146",57.0280448176921,-5.18172645782664,-4.98237747473984,0.707486938721223,-7.13433458810555,9.7256493082325e-13,1.22245457325314e-10,4.26821590620031e-09,9.15182458117163e-07,5.93398678119997e-10,TRUE,TRUE,TRUE,TRUE,"Rpv12+1",0,"Rpv12+1|0"
"Vitvi04g02226",368.296336495084,-5.2468152533034,-5.00836303943616,0.784960987120364,-7.1302535949432,1.00184172651554e-12,1.25286156215416e-10,3.93344859370046e-09,8.5626814112573e-07,1.35277765234534e-08,TRUE,TRUE,TRUE,TRUE,"Rpv12+1",0,"Rpv12+1|0"
"Vitvi15g04365",138.954696871606,2.01314407980147,1.94522283908051,0.283347020770705,7.12843450170396,1.01516885256172e-12,1.2631161541268e-10,0.000166939233610145,0.00990241136509701,6.5518724741839e-05,TRUE,TRUE,TRUE,TRUE,"Rpv12+1",0,"Rpv12+1|0"
"Vitvi18g00470",455.534111069931,2.40770826922128,2.32398016846685,0.343375349065587,7.12522230344749,1.03912835838327e-12,1.2864304641774e-10,1.55073910283313e-05,0.00131707091529259,6.87248244200803e-06,TRUE,TRUE,TRUE,TRUE,"Rpv12+1",0,"Rpv12+1|0"
"Vitvi05g04136",1086.03615310586,-3.09408710367392,-2.97522147089074,0.432356821105705,-7.11969665350009,1.08164856424348e-12,1.33237470143512e-10,7.22731959339395e-07,9.45297266217961e-05,3.37265280684912e-07,TRUE,TRUE,TRUE,TRUE,"Rpv12+1",0,"Rpv12+1|0"
"Vitvi09g00653",3822.3764928529,-1.25093502113557,-1.21487618615719,0.175344778396394,-7.11818999373428,1.09353564981455e-12,1.34031563526524e-10,0.0766611226721561,0.77448403326834,0.0296966676140289,FALSE,TRUE,TRUE,FALSE,"Rpv12+1",0,"Rpv12+1|0"
"Vitvi01g00793",3709.6227280799,1.62695761964992,1.57358133112686,0.231706546802079,7.08491960883411,1.39125040934426e-12,1.68841601401996e-10,0.00316465024547288,0.0971644199193955,0.00129952866787378,FALSE,TRUE,TRUE,FALSE,"Rpv12+1",0,"Rpv12+1|0"
"Vitvi06g04173",130.676983589209,-11.6719293107399,-12.6648162615848,3.46769909894054,-7.07844615461688,1.45779745897424e-12,1.76050481369066e-10,4.83660748434301e-11,1.34596611896733e-08,5.77437893623088e-05,TRUE,TRUE,TRUE,TRUE,"Rpv12+1",0,"Rpv12+1|0"
"Vitvi03g01258",649.437348694884,3.57185838922533,3.42161192396859,0.529757513438083,7.07221529052339,1.52479605936687e-12,1.83243296188109e-10,1.76935146207991e-07,2.62979914184934e-05,3.09080412099062e-07,TRUE,TRUE,TRUE,TRUE,"Rpv12+1",0,"Rpv12+1|0"
"Vitvi05g04505",101.323231287705,-7.94252538103968,-7.63265643213683,1.0735938540339,-7.06534089424132,1.60222171142721e-12,1.91613272246218e-10,3.29183949626379e-10,8.36031353230722e-08,1.80394442847835e-11,TRUE,TRUE,TRUE,TRUE,"Rpv12+1",0,"Rpv12+1|0"
"Vitvi10g04202",339.390847525556,2.54793427525095,2.46610516018703,0.370307959660622,7.03363353724499,2.01223205983801e-12,2.3719305754148e-10,9.6382819438615e-06,0.000889079196479709,4.25999518711619e-06,TRUE,TRUE,TRUE,TRUE,"Rpv12+1",0,"Rpv12+1|0"
"Vitvi05g00198",52.7167359823919,5.88704664271986,5.65185742005036,0.818558351166895,7.01306372057275,2.33155195829724e-12,2.73524352593385e-10,2.91097399158705e-09,6.50839048255774e-07,4.02025321895702e-10,TRUE,TRUE,TRUE,TRUE,"Rpv12+1",0,"Rpv12+1|0"
"Vitvi16g04012",654.824049740443,4.53597464003172,4.36626280117646,0.624165021758263,7.00524538446701,2.46553327015246e-12,2.87871458025952e-10,2.3690281091927e-08,4.49068161654868e-06,1.75967054672071e-09,TRUE,TRUE,TRUE,TRUE,"Rpv12+1",0,"Rpv12+1|0"
"Vitvi14g04450",40.0776710516828,9.08674250580015,9.22643119164482,2.10924332193557,7.00255904055638,2.51328915200284e-12,2.91168022078809e-10,2.303738205547e-10,6.02634877189039e-08,6.0449788780731e-06,TRUE,TRUE,TRUE,TRUE,"Rpv12+1",0,"Rpv12+1|0"
"Vitvi13g02509",81.0337489500145,3.89665265513008,3.72375423504385,0.586587742433929,7.0023298678687,2.51740496439302e-12,2.91168022078809e-10,9.68321766798185e-08,1.56211569824741e-05,1.72132446704922e-07,TRUE,TRUE,TRUE,TRUE,"Rpv12+1",0,"Rpv12+1|0"
"Vitvi16g01081",62.1151101459163,4.09081700936403,3.90687595294567,0.581927674206098,6.999008476221,2.57780267912426e-12,2.96760499078996e-10,6.17962901793201e-08,1.06350602289529e-05,2.02334589072163e-08,TRUE,TRUE,TRUE,TRUE,"Rpv12+1",0,"Rpv12+1|0"
"Vitvi06g00529",2387.71911552766,-2.94160647135614,-2.8144830738209,0.437566684913808,-6.98908174018773,2.76691189903195e-12,3.17049495556051e-10,1.98314223009827e-06,0.000231593828558664,1.84498152515261e-06,TRUE,TRUE,TRUE,TRUE,"Rpv12+1",0,"Rpv12+1|0"
"Vitvi10g01787",375.775550362871,-2.49836002253319,-2.40174769335643,0.360924839786444,-6.97287301175187,3.10532913621387e-12,3.52547873731635e-10,1.44546043379393e-05,0.00123165470643698,6.44432553108227e-06,TRUE,TRUE,TRUE,TRUE,"Rpv12+1",0,"Rpv12+1|0"
"Vitvi17g01376",142.048031100102,-2.04334128369705,-1.96045772597849,0.299051378984534,-6.95517651650353,3.52120865799049e-12,3.97928883019513e-10,0.000191629220154655,0.0109689907440386,0.000104700945199608,TRUE,TRUE,TRUE,TRUE,"Rpv12+1",0,"Rpv12+1|0"
"Vitvi11g01637",554.045518586343,3.98107884028549,3.80204243796114,0.608811932704796,6.95014673699682,3.64906457266996e-12,4.10494770832407e-10,9.73373824742258e-08,1.56211569824741e-05,2.67886227107444e-07,TRUE,TRUE,TRUE,TRUE,"Rpv12+1",0,"Rpv12+1|0"
"Vitvi11g00677",22177.5563027152,1.20390938253779,1.1672896930656,0.177997154502351,6.89565027798362,5.3618957025714e-12,6.00434829675222e-10,0.121416511588891,1,0.0518030099032785,FALSE,TRUE,TRUE,FALSE,"Rpv12+1",0,"Rpv12+1|0"
"Vitvi01g01751",56.9377360638776,-8.41003394057801,-8.04093464943844,1.14403084472419,-6.89171319752245,5.51244269966214e-12,6.11732154724669e-10,6.30658017037685e-10,1.54181150165316e-07,2.28845897871322e-11,TRUE,TRUE,TRUE,TRUE,"Rpv12+1",0,"Rpv12+1|0"
"Vitvi13g04716",819.476015018137,3.18958360716279,3.05576209807861,0.474560896674375,6.89076642934891,5.54925887882725e-12,6.13056240981113e-10,1.12055742069315e-06,0.000137696180360844,8.03471691330294e-07,TRUE,TRUE,TRUE,TRUE,"Rpv12+1",0,"Rpv12+1|0"
"Vitvi18g04684",78.3711855280694,-3.81858956131404,-3.65860161853362,0.558117518481553,-6.88727089493267,5.68728605920828e-12,6.25499907833282e-10,1.85120614940349e-07,2.72339739594704e-05,1.0046007564598e-07,TRUE,TRUE,TRUE,TRUE,"Rpv12+1",0,"Rpv12+1|0"
"Vitvi02g00480",2027.18750533078,-1.26380463884768,-1.23147761409739,0.18115034850308,-6.88470720207581,5.79065128810665e-12,6.34037711705758e-10,0.0753443353413444,0.767497067053827,0.0262351133603964,FALSE,TRUE,TRUE,FALSE,"Rpv12+1",0,"Rpv12+1|0"
"Vitvi01g00491",197.770822087521,1.51465786586417,1.46237525551829,0.223468909939836,6.86395741470857,6.69786050455324e-12,7.30126068098113e-10,0.00984327060568417,0.215472900229366,0.00413663697737893,FALSE,TRUE,TRUE,FALSE,"Rpv12+1",0,"Rpv12+1|0"
"Vitvi04g04232",44.6748998066712,8.61486834544691,8.70023357622343,2.10812454756524,6.85113058688581,7.32685927538133e-12,7.95174031314072e-10,6.98347036511504e-10,1.67596881909215e-07,1.69160865789497e-05,TRUE,TRUE,TRUE,TRUE,"Rpv12+1",0,"Rpv12+1|0"
"Vitvi12g04091",69.1011155122666,-3.67571004855463,-3.51393455695295,0.549175855010248,-6.84943691129447,7.41412367659458e-12,8.01115574107825e-10,3.08203404178629e-07,4.35244244998025e-05,2.94879360409229e-07,TRUE,TRUE,TRUE,TRUE,"Rpv12+1",0,"Rpv12+1|0"
"Vitvi09g04094",201.004594332453,-4.18910211280942,-4.00634686837375,0.614202365833901,-6.84855678170027,7.45987250703113e-12,8.02538947961655e-10,9.25523695842887e-08,1.50991493443834e-05,4.97562483327221e-08,TRUE,TRUE,TRUE,TRUE,"Rpv12+1",0,"Rpv12+1|0"
"Vitvi18g04440",96.9603636064191,3.67946186456288,3.51744274536233,0.533725195751088,6.84573508848655,7.60841608832127e-12,8.14960603269055e-10,3.09474481324334e-07,4.35244244998025e-05,1.30184554920966e-07,TRUE,TRUE,TRUE,TRUE,"Rpv12+1",0,"Rpv12+1|0"
"Vitvi18g02669",261.762784828991,3.72090960540449,3.54629466876894,0.592553486503822,6.8422147125303,7.79780923659432e-12,8.31631291570292e-10,2.8169893255612e-07,4.00487085692149e-05,1.05927931431275e-06,TRUE,TRUE,TRUE,TRUE,"Rpv12+1",0,"Rpv12+1|0"
"Vitvi11g00141",6395.8723778734,-1.23858839044931,-1.20072094968092,0.179439856159235,-6.83277129185191,8.32896894999722e-12,8.84450340741946e-10,0.0940548346789238,0.869735836410099,0.0364945024474099,FALSE,TRUE,TRUE,FALSE,"Rpv12+1",0,"Rpv12+1|0"
"Vitvi15g01021",53.5100351698661,2.1042471315428,2.02254523063342,0.308641808183574,6.82167373605832,8.99858538329296e-12,9.51455577265259e-10,0.00017191933227412,0.0100161198506875,7.14467828046492e-05,TRUE,TRUE,TRUE,TRUE,"Rpv12+1",0,"Rpv12+1|0"
"Vitvi01g04423",45.6301003835903,-8.72555128875721,-9.55893800593347,2.91527476911731,-6.81897596732458,9.16917368500759e-12,9.61241544271689e-10,7.82708548672094e-10,1.84458314637057e-07,0.000242091944162934,TRUE,TRUE,TRUE,TRUE,"Rpv12+1",0,"Rpv12+1|0"
"Vitvi00g04313",119.678171837159,4.14700444010351,3.94162572576951,0.649892806605016,6.81597096045209,9.36292094264677e-12,9.77393730267143e-10,1.15564266059993e-07,1.78878439991914e-05,4.02209898726634e-07,TRUE,TRUE,TRUE,TRUE,"Rpv12+1",0,"Rpv12+1|0"
"Vitvi07g00383",54.6479569908257,-4.60568882806811,-4.40002119079791,0.671327421790762,-6.80949811341988,9.79398174546522e-12,1.01380056420706e-09,4.88364683545039e-08,8.75009024442101e-06,1.528076256457e-08,TRUE,TRUE,TRUE,TRUE,"Rpv12+1",0,"Rpv12+1|0"
"Vitvi01g04002",109.758549760155,1.92220602508196,1.85319430038834,0.28255493563,6.80986564444029,9.76899366779472e-12,1.01380056420706e-09,0.000543216740107408,0.024973649744235,0.000188228895830563,TRUE,TRUE,TRUE,TRUE,"Rpv12+1",0,"Rpv12+1|0"
"Vitvi14g01318",77.3512514260229,-3.45142041966802,-3.30920800720977,0.499029049267644,-6.80806536462222,9.89199219426779e-12,1.01966158869448e-09,6.63972708940041e-07,8.86166433324619e-05,2.06792115841201e-07,TRUE,TRUE,TRUE,TRUE,"Rpv12+1",0,"Rpv12+1|0"
"Vitvi13g04282",725.34976508943,-1.19097776142672,-1.14971256340885,0.17765055266804,-6.80412057160189,1.01668365316074e-11,1.0436257699695e-09,0.137621852212247,1,0.0606128641414355,FALSE,TRUE,TRUE,FALSE,"Rpv12+1",0,"Rpv12+1|0"
"Vitvi10g01798",97.1479679992238,3.57896228973106,3.41569936232812,0.555558284519792,6.79725583623282,1.06630648186197e-11,1.0900218459399e-09,4.84010044731332e-07,6.62891034561619e-05,7.64724037153618e-07,TRUE,TRUE,TRUE,TRUE,"Rpv12+1",0,"Rpv12+1|0"
"Vitvi18g00214",8010.98262309699,-3.85681517276274,-3.69196208782283,0.564110667105496,-6.76788073127467,1.30682411554717e-11,1.32489378233004e-09,2.6780591286512e-07,3.84919498606521e-05,8.75194184009255e-08,TRUE,TRUE,TRUE,TRUE,"Rpv12+1",0,"Rpv12+1|0"
"Vitvi18g04508",54.3414525807822,2.79651007787068,2.67440013648054,0.419675171614072,6.75493037145296,1.42903867518676e-11,1.44286052466808e-09,7.1421643218714e-06,0.000694542291806074,3.80940254046428e-06,TRUE,TRUE,TRUE,TRUE,"Rpv12+1",0,"Rpv12+1|0"
"Vitvi12g04532",488.536800124602,2.67517344810698,2.56677637357031,0.400365611677758,6.74994185644868,1.47904414745596e-11,1.48725435170306e-09,1.18538722169059e-05,0.00105113709600692,5.48858392747293e-06,TRUE,TRUE,TRUE,TRUE,"Rpv12+1",0,"Rpv12+1|0"
"Vitvi01g00191",97.0138789989463,4.68945978939905,4.49950474337896,0.680072865014102,6.7480419383823,1.49853638510792e-11,1.50072936518369e-09,5.50956420346253e-08,9.67279798646821e-06,9.49365463163126e-09,TRUE,TRUE,TRUE,TRUE,"Rpv12+1",0,"Rpv12+1|0"
"Vitvi12g00927",297.359439905776,-1.93554110761252,-1.86020443734411,0.286286705183293,-6.73455892571741,1.6442795772945e-11,1.64001909579868e-09,0.000566682990314767,0.0258255406683693,0.000199772230582334,TRUE,TRUE,TRUE,TRUE,"Rpv12+1",0,"Rpv12+1|0"
"Vitvi07g02902",440.525318528444,-1.35980401077731,-1.31978518175294,0.202884334546882,-6.72570656812482,1.74742395356347e-11,1.7358684080641e-09,0.0375689779424564,0.5139994215464,0.0146048761631628,FALSE,TRUE,TRUE,FALSE,"Rpv12+1",0,"Rpv12+1|0"
"Vitvi15g00830",126.520951657687,-3.21688530449531,-3.08268531930095,0.470166165467999,-6.72461270334848,1.76060101968868e-11,1.74193440646788e-09,1.79158823943681e-06,0.000212064057716866,6.0345531803406e-07,TRUE,TRUE,TRUE,TRUE,"Rpv12+1",0,"Rpv12+1|0"
"Vitvi08g01365",251.20433642847,-1.60599209950879,-1.54932261666342,0.239168829218525,-6.71727011253312,1.851605518425e-11,1.82464614207674e-09,0.00562813887696762,0.145193772073566,0.00221100739853112,FALSE,TRUE,TRUE,FALSE,"Rpv12+1",0,"Rpv12+1|0"
"Vitvi19g04070",51.792129338223,4.44909412159588,4.22805546489804,0.665778573192538,6.70506407673627,2.01318008106977e-11,1.97596432180219e-09,1.00721352458585e-07,1.59930770650605e-05,6.64908310686811e-08,TRUE,TRUE,TRUE,TRUE,"Rpv12+1",0,"Rpv12+1|0"
"Vitvi02g01409",1745.35794388025,2.7312907168231,2.60824547419772,0.4246124875662,6.70287127951288,2.0436347757607e-11,1.99789628316034e-09,1.07475004571462e-05,0.000966130118414043,9.60710843165209e-06,TRUE,TRUE,TRUE,TRUE,"Rpv12+1",0,"Rpv12+1|0"
"Vitvi12g04497",764.164073086065,-1.59466314378244,-1.53929065856367,0.236828553008687,-6.67420931999516,2.4856862626633e-11,2.420449279327e-09,0.00640752421359718,0.157920246684848,0.00230630154971998,FALSE,TRUE,TRUE,FALSE,"Rpv12+1",0,"Rpv12+1|0"
"Vitvi05g00527",193.055953130361,3.21610837296781,3.08389763505677,0.484435483655047,6.67003047252929,2.55750316532236e-11,2.48057669216069e-09,2.1525062867643e-06,0.000244008302678047,9.73426120316739e-07,TRUE,TRUE,TRUE,TRUE,"Rpv12+1",0,"Rpv12+1|0"
"Vitvi15g04379",61.3861849052699,5.85740118418921,5.54321975375625,0.853555341260202,6.66806557439553,2.59196978459109e-11,2.50414774953671e-09,1.60420963152395e-08,3.13168057843544e-06,2.76950693136077e-09,TRUE,TRUE,TRUE,TRUE,"Rpv12+1",0,"Rpv12+1|0"
"Vitvi06g01637",84.4340120407237,-5.74577477248978,-5.46641832054813,0.871761005160042,-6.65766159469786,2.78218443918393e-11,2.66400119170958e-09,1.91023290282875e-08,3.70146537074795e-06,1.08192119109575e-08,TRUE,TRUE,TRUE,TRUE,"Rpv12+1",0,"Rpv12+1|0"
"Vitvi01g04428",76.4241049242465,-3.23234298329599,-3.08153422528658,0.495353836452454,-6.65725602293296,2.78986973315908e-11,2.66400119170958e-09,2.13610718035203e-06,0.000244008302678047,1.48983296996313e-06,TRUE,TRUE,TRUE,TRUE,"Rpv12+1",0,"Rpv12+1|0"
"Vitvi01g00733",2358.45075503508,1.05844065784665,1.01788030386527,0.159559517846981,6.63121109697886,3.32943673942948e-11,3.16694994257084e-09,0.357132111503542,1,0.162822288530686,FALSE,TRUE,TRUE,FALSE,"Rpv12+1",0,"Rpv12+1|0"
"Vitvi12g04613",461.319795385079,2.04318687136462,1.95587308048039,0.32080019426634,6.62215128942574,3.54008452752378e-11,3.35436624692599e-09,0.000361031373279819,0.0182320843506308,0.000218213941932135,TRUE,TRUE,TRUE,TRUE,"Rpv12+1",0,"Rpv12+1|0"
"Vitvi12g01776",27.4692252636537,-9.48017350340546,-10.3031412522806,3.0790360991576,-6.61957794907668,3.60225854195187e-11,3.40020082143779e-09,1.59693542040278e-09,3.63254205759272e-07,0.000182592200424115,TRUE,TRUE,TRUE,TRUE,"Rpv12+1",0,"Rpv12+1|0"
"Vitvi19g00484",298.95241524091,1.40786718441954,1.35648284532576,0.217796682757949,6.61496198179823,3.71647246409908e-11,3.49461891700553e-09,0.0276575861664982,0.427092559934727,0.0124477712378557,FALSE,TRUE,TRUE,FALSE,"Rpv12+1",0,"Rpv12+1|0"
"Vitvi00g04499",106.346986102714,-3.74071937137458,-3.56336479774535,0.576102803353621,-6.6140061038891,3.74056306203298e-11,3.50389777932488e-09,6.30209691263264e-07,8.4977604710081e-05,5.04687775787232e-07,TRUE,TRUE,TRUE,TRUE,"Rpv12+1",0,"Rpv12+1|0"
"Vitvi04g04448",20756.349999117,2.11898784695396,2.02819267560978,0.330241771131233,6.61262455489552,3.77565191759912e-11,3.52336972128682e-09,0.000239734132988531,0.0132303906853312,0.000134288442913866,TRUE,TRUE,TRUE,TRUE,"Rpv12+1",0,"Rpv12+1|0"
"Vitvi18g00433",176.29192608281,3.66595695560227,3.49379292458067,0.581118665511583,6.60060404728078,4.09485876339518e-11,3.80682794320768e-09,7.92968527949118e-07,0.000102689424369411,1.10320956865643e-06,TRUE,TRUE,TRUE,TRUE,"Rpv12+1",0,"Rpv12+1|0"
"Vitvi13g00387",133.753887708162,3.29874481112096,3.15030763033178,0.51227848111652,6.59838003151338,4.1567463931446e-11,3.83541588544983e-09,2.13170335563864e-06,0.000244008302678047,1.55435917992387e-06,TRUE,TRUE,TRUE,TRUE,"Rpv12+1",0,"Rpv12+1|0"
"Vitvi15g04472",248.746698160711,2.58626704124877,2.47536026860154,0.396711524830306,6.5943675938098,4.27072359134746e-11,3.91128425265561e-09,2.62057349091855e-05,0.00209637865287274,1.31195214646027e-05,TRUE,TRUE,TRUE,TRUE,"Rpv12+1",0,"Rpv12+1|0"
"Vitvi12g01885",121.949812435513,2.44239746327593,2.32682570179841,0.378640146800214,6.59366042786448,4.29112584248905e-11,3.91541393539112e-09,4.93037106641868e-05,0.00364332137645328,3.11053070825234e-05,TRUE,TRUE,TRUE,TRUE,"Rpv12+1",0,"Rpv12+1|0"
"Vitvi00g04274",152.318784223001,-2.20743519842266,-2.11364993884707,0.33629007784525,-6.57974014337561,4.71271177080079e-11,4.26846938181795e-09,0.000159707527722334,0.00958208536167092,7.26579385028573e-05,TRUE,TRUE,TRUE,TRUE,"Rpv12+1",0,"Rpv12+1|0"
"Vitvi16g01526",350.888688551,-2.92821832101897,-2.80120818577732,0.440663008922992,-6.57704715383298,4.79882627694426e-11,4.31474029776638e-09,7.42318919259029e-06,0.000712421448871896,2.28298997010977e-06,TRUE,TRUE,TRUE,TRUE,"Rpv12+1",0,"Rpv12+1|0"
"Vitvi16g00789",2649.2528919885,-1.04564595462355,-1.01090882293965,0.157316607753339,-6.5774472130076,4.78593679159327e-11,4.31474029776638e-09,0.387007293918795,1,0.171449780148814,FALSE,TRUE,TRUE,FALSE,"Rpv12+1",0,"Rpv12+1|0"
"Vitvi09g04166",34.808378623546,4.92541934320402,4.68292527315976,0.736571754619872,6.5599372080027,5.38304407144637e-11,4.80495194725192e-09,8.56380053898202e-08,1.40893369999516e-05,1.77465499627516e-08,TRUE,TRUE,TRUE,TRUE,"Rpv12+1",0,"Rpv12+1|0"
"Vitvi14g02663",1747.02925709077,2.54970382203522,2.41939717936841,0.386918375332497,6.54835434880218,5.81745551379407e-11,5.15535374236801e-09,3.44469168155569e-05,0.00265028499111221,1.47412633350525e-05,TRUE,TRUE,TRUE,TRUE,"Rpv12+1",0,"Rpv12+1|0"
"Vitvi13g04329",33.9726661869751,-8.25585402948622,-9.00568394947472,2.83803059556902,-6.5459099204732,5.9134217844501e-11,5.22161502084992e-09,4.38303225562894e-09,9.24643070766108e-07,0.000387259610806895,TRUE,TRUE,TRUE,TRUE,"Rpv12+1",0,"Rpv12+1|0"
"Vitvi03g00394",73.133390472798,2.51283252209639,2.39467437758176,0.394267971895538,6.54377381713066,5.99854998665935e-11,5.27786705254784e-09,4.08034517562678e-05,0.0030849060534457,2.77244275390138e-05,TRUE,TRUE,TRUE,TRUE,"Rpv12+1",0,"Rpv12+1|0"
"Vitvi05g00703",192.533498406918,-2.31185911322277,-2.20887648480661,0.363569367882741,-6.53338147142838,6.43010858036239e-11,5.61745230446127e-09,0.000104718777962162,0.00691752149674797,6.78582480842035e-05,TRUE,TRUE,TRUE,TRUE,"Rpv12+1",0,"Rpv12+1|0"
"Vitvi06g01472",742.143254372896,-2.27021019215924,-2.17069410144502,0.345541729868535,-6.52933564014949,6.60620608189438e-11,5.75090081390636e-09,0.00012947465958218,0.00816127137351865,5.15530542111662e-05,TRUE,TRUE,TRUE,TRUE,"Rpv12+1",0,"Rpv12+1|0"
"Vitvi03g04291",116.720759527195,3.46443059867806,3.28613482724217,0.546941259635494,6.52131667034796,6.96928685224279e-11,6.04561094689624e-09,1.75088937550625e-06,0.000209139338693461,1.68742178905735e-06,TRUE,TRUE,TRUE,TRUE,"Rpv12+1",0,"Rpv12+1|0"
"Vitvi14g04449",44.4026951613428,8.58220287732199,8.63833260930345,2.13958500004622,6.51317922562961,7.35766322613385e-11,6.36011899084328e-09,4.35122521212095e-09,9.24643070766108e-07,2.40734579133074e-05,TRUE,TRUE,TRUE,TRUE,"Rpv12+1",0,"Rpv12+1|0"
"Vitvi10g04132",39.2452672214085,-3.83187654830924,-3.65625195872352,0.574502446952517,-6.50199226511634,7.92631771010757e-11,6.75684301405572e-09,7.73078993742117e-07,0.000100611807946766,2.18534562075919e-07,TRUE,TRUE,TRUE,TRUE,"Rpv12+1",0,"Rpv12+1|0"
"Vitvi05g04147",77.2933991287632,2.84686593847902,2.71237564559537,0.452860889275293,6.50231702170693,7.9092197695849e-11,6.75684301405572e-09,1.23080716031959e-05,0.00108772582793243,1.01782408545665e-05,TRUE,TRUE,TRUE,TRUE,"Rpv12+1",0,"Rpv12+1|0"
"Vitvi08g00738",2356.87640150868,1.09358808222594,1.04993180999274,0.173360131417483,6.50229673428927,7.91028681432141e-11,6.75684301405572e-09,0.288948385499537,1,0.130853944973203,FALSE,TRUE,TRUE,FALSE,"Rpv12+1",0,"Rpv12+1|0"
"Vitvi11g01564",38.9331263679025,-5.81906375021673,-5.55337770073166,0.855023809776166,-6.49999875548213,8.03206761420509e-11,6.82337992219161e-09,3.66311929574658e-08,6.7009466893311e-06,2.26586746069275e-09,TRUE,TRUE,TRUE,TRUE,"Rpv12+1",0,"Rpv12+1|0"
"Vitvi11g00415",4969.12256408123,-1.03047098476653,-1.00185208555193,0.156559859287894,-6.49824730468291,8.12611458377659e-11,6.87955185174983e-09,0.423811216852746,1,0.182953026392388,FALSE,TRUE,TRUE,FALSE,"Rpv12+1",0,"Rpv12+1|0"
"Vitvi05g01741",174.694024895343,-2.84636343305823,-2.72209588774969,0.430533753968541,-6.49342008929944,8.39092833000248e-11,7.07941473760072e-09,1.26494690844285e-05,0.00111039416704552,3.66804161560762e-06,TRUE,TRUE,TRUE,TRUE,"Rpv12+1",0,"Rpv12+1|0"
"Vitvi12g04510",80.4582092062477,2.37864268831145,2.27781078719673,0.368692808843699,6.4911875346426,8.51623891538257e-11,7.1606164477599e-09,8.41986621608503e-05,0.00574492913092374,3.56449317174914e-05,TRUE,TRUE,TRUE,TRUE,"Rpv12+1",0,"Rpv12+1|0"
"Vitvi10g02089",739.338257125803,3.05137916673834,2.79344477543573,0.496582546435193,6.49051941528626,8.55409408583528e-11,7.16798169723259e-09,6.40159197697321e-06,0.000631921677455254,2.02975432589804e-05,TRUE,TRUE,TRUE,TRUE,"Rpv12+1",0,"Rpv12+1|0"
"Vitvi03g01169",11923.8988465457,2.45499373937017,2.33925587035902,0.399795727238432,6.48234870898106,9.0305622250825e-11,7.54159088058076e-09,6.1049239724883e-05,0.00438518289278107,5.99083327636806e-05,TRUE,TRUE,TRUE,TRUE,"Rpv12+1",0,"Rpv12+1|0"
"Vitvi14g02729",1096.7691757176,1.50940362646552,1.44799803435614,0.244293733237664,6.47842517745253,9.26848726052102e-11,7.71413689696607e-09,0.0143938259919565,0.278703252497107,0.0077974587885767,FALSE,TRUE,TRUE,FALSE,"Rpv12+1",0,"Rpv12+1|0"
"Vitvi06g04048",33.1592343181887,7.88065239623695,7.9421823889133,2.04609211687596,6.47142255610839,9.7084514350775e-11,8.05311143281378e-09,8.01116332450167e-09,1.62452729771813e-06,5.05646561212921e-05,TRUE,TRUE,TRUE,TRUE,"Rpv12+1",0,"Rpv12+1|0"
"Vitvi18g04506",983.555190087003,1.88616369616298,1.80470938927463,0.301207629498606,6.46757947629732,9.95851676198187e-11,8.23281942779146e-09,0.00118832339763741,0.0463960474011894,0.000676353449183602,TRUE,TRUE,TRUE,TRUE,"Rpv12+1",0,"Rpv12+1|0"
"Vitvi14g04166",951.316275764623,-1.49923364581848,-1.4415489302836,0.229931313730131,-6.46404661936646,1.01939443958937e-10,8.39926468686413e-09,0.0156798074396308,0.292977202009502,0.00601105864187084,FALSE,TRUE,TRUE,FALSE,"Rpv12+1",0,"Rpv12+1|0"
"Vitvi02g00304",238.601701008888,3.12995717531986,3.01968915211281,0.516343837896204,6.45415690015427,1.08823020794508e-10,8.93654646764496e-09,5.61311066434302e-06,0.000569121557630035,5.85399988895455e-06,TRUE,TRUE,TRUE,TRUE,"Rpv12+1",0,"Rpv12+1|0"
"Vitvi17g04034",24.0438681175647,-8.70362994634838,-9.48183435264145,2.94757440321845,-6.43912701645926,1.20162613783713e-10,9.80240448071379e-09,6.01515237479194e-09,1.23897929899356e-06,0.000306378472670076,TRUE,TRUE,TRUE,TRUE,"Rpv12+1",0,"Rpv12+1|0"
"Vitvi01g00738",4576.36389264561,-1.30573704800618,-1.25814123552459,0.203417268366953,-6.43652463399035,1.22240004367309e-10,9.93895956301325e-09,0.0658917542151886,0.712846318658031,0.0271075255672825,FALSE,TRUE,TRUE,FALSE,"Rpv12+1",0,"Rpv12+1|0"
"Vitvi17g00181",2258.09044185044,-1.53811706760105,-1.48232857028461,0.240587166241364,-6.42598097750857,1.31021787713619e-10,1.0617936717476e-08,0.0122830614972154,0.25220769678623,0.00489234657125558,FALSE,TRUE,TRUE,FALSE,"Rpv12+1",0,"Rpv12+1|0"
"Vitvi12g04427",346.127389517715,1.48125825491279,1.4206175193537,0.239662391768098,6.40570965585905,1.49671554509864e-10,1.20500275062255e-08,0.0187076173959352,0.33066202149235,0.00946055162033493,FALSE,TRUE,TRUE,FALSE,"Rpv12+1",0,"Rpv12+1|0"
"Vitvi14g04416",27.7354089643309,-8.37843754661084,-9.11265206233894,2.87822317943198,-6.40039199532493,1.5497854616663e-10,1.24366497177886e-08,8.67846837419484e-09,1.7329775129814e-06,0.000391891599192689,TRUE,TRUE,TRUE,TRUE,"Rpv12+1",0,"Rpv12+1|0"
"Vitvi07g02979",198.157914461803,-2.66499973764613,-2.54897766484398,0.40690863925737,-6.39294519899223,1.6272059269925e-10,1.30155341614894e-08,3.24714282628805e-05,0.00252053439741451,9.06191132537268e-06,TRUE,TRUE,TRUE,TRUE,"Rpv12+1",0,"Rpv12+1|0"
"Vitvi19g04006",149.522079178101,2.6073424147127,2.48760077031526,0.406796227029786,6.38577131488775,1.70535691729658e-10,1.35964961212034e-08,4.13183370418797e-05,0.00311483106247415,1.64734996397199e-05,TRUE,TRUE,TRUE,TRUE,"Rpv12+1",0,"Rpv12+1|0"
"Vitvi10g04388",207.222669807786,-2.19805898605242,-2.09818823081791,0.346861768988863,-6.3787634384653,1.7852354521603e-10,1.41874389030391e-08,0.000253751080889249,0.0138289052603789,0.000120310329128333,TRUE,TRUE,TRUE,TRUE,"Rpv12+1",0,"Rpv12+1|0"
"Vitvi00g04707",373.405545900931,1.91219718484912,1.83168050666098,0.313006320991394,6.37262652063692,1.85818012106933e-10,1.47196544896026e-08,0.00118286500681994,0.0462519666867006,0.000721829386684851,TRUE,TRUE,TRUE,TRUE,"Rpv12+1",0,"Rpv12+1|0"
"Vitvi13g01200",548.249257805434,-1.1676324749066,-1.11576769361623,0.180794272655776,-6.35074486924481,2.14274830910555e-10,1.69194703022834e-08,0.180949678807068,1,0.0809101103445733,FALSE,TRUE,TRUE,FALSE,"Rpv12+1",0,"Rpv12+1|0"
"Vitvi08g00795",497.914544207941,-3.66541350227182,-3.48426478137676,0.582522634574819,-6.34603415156527,2.20936209146741e-10,1.73897266726489e-08,1.96826225552259e-06,0.000230886871489756,1.24156960816121e-06,TRUE,TRUE,TRUE,TRUE,"Rpv12+1",0,"Rpv12+1|0"
"Vitvi05g04494",66.2581569069508,-3.9338772967072,-3.73663912410749,0.604507806500554,-6.34128378243447,2.27858378170619e-10,1.78774490592719e-08,1.12638803362858e-06,0.000137696180360844,3.85444026807996e-07,TRUE,TRUE,TRUE,TRUE,"Rpv12+1",0,"Rpv12+1|0"
"Vitvi05g00559",2762.25495840232,-2.19244526450756,-2.09555370554748,0.341556952503621,-6.33498907502862,2.37358091730808e-10,1.85636633266038e-08,0.000284974297694596,0.0151825715955049,0.000107945146314731,TRUE,TRUE,TRUE,TRUE,"Rpv12+1",0,"Rpv12+1|0"
"Vitvi06g01163",490.139779824954,-1.05351312386522,-1.01919081071168,0.16617183364635,-6.3326038802353,2.4105788018031e-10,1.87933605573485e-08,0.37385356540359,1,0.162151483883358,FALSE,TRUE,TRUE,FALSE,"Rpv12+1",0,"Rpv12+1|0"
"Vitvi14g02607",776.552396188026,-1.8222598175777,-1.76121642341031,0.286328951688147,-6.32972180899175,2.4560359843027e-10,1.90273278331073e-08,0.00214395677081586,0.0726473642069586,0.000715299377761903,FALSE,TRUE,TRUE,FALSE,"Rpv12+1",0,"Rpv12+1|0"
"Vitvi02g04120",75.7540428415933,-2.32443635586829,-2.21415339061686,0.374748112423085,-6.32881552640841,2.47050248761551e-10,1.90794041645441e-08,0.000155426114741544,0.00938981925063289,9.24309658128455e-05,TRUE,TRUE,TRUE,TRUE,"Rpv12+1",0,"Rpv12+1|0"
"Vitvi13g02419",659.929229180077,-1.21694540637613,-1.17403690886922,0.19283222143082,-6.31541157963074,2.6944340754958e-10,2.07437743387233e-08,0.130114239214468,1,0.0549432589089771,FALSE,TRUE,TRUE,FALSE,"Rpv12+1",0,"Rpv12+1|0"
"Vitvi19g04259",111.283019284984,-6.39745250016586,-5.93776571483543,1.06610858201817,-6.30802984521256,2.82609728312794e-10,2.16896363449034e-08,5.13142642381542e-08,9.13149549799916e-06,1.95128180611943e-07,TRUE,TRUE,TRUE,TRUE,"Rpv12+1",0,"Rpv12+1|0"
"Vitvi18g04765",480.672531212923,-1.87727242228204,-1.79486783331909,0.296772761401662,-6.30723470414289,2.8406490498268e-10,2.17336117986127e-08,0.00160204257027641,0.0581245930594459,0.000650958309525226,FALSE,TRUE,TRUE,FALSE,"Rpv12+1",0,"Rpv12+1|0"
"Vitvi05g00107",433.623184393777,3.66025145309934,3.46302916416573,0.610026849443641,6.30536547122192,2.8751464156299e-10,2.18620214819197e-08,2.29498173977618e-06,0.000257658486398305,3.13510065340451e-06,TRUE,TRUE,TRUE,TRUE,"Rpv12+1",0,"Rpv12+1|0"
"Vitvi18g04505",8730.04838063302,1.20394977754874,1.16054419083624,0.193604992584547,6.30116830435115,2.95410401723786e-10,2.23243271683042e-08,0.142890772694568,1,0.0620840739432369,FALSE,TRUE,TRUE,FALSE,"Rpv12+1",0,"Rpv12+1|0"
"Vitvi09g04415",85.745070312695,2.23815917230132,2.12918393771137,0.364959131490634,6.29997400591295,2.97695564538845e-10,2.24282199632385e-08,0.000245910015136605,0.0135142018612572,0.000145384904240645,TRUE,TRUE,TRUE,TRUE,"Rpv12+1",0,"Rpv12+1|0"
"Vitvi17g04068",139.154265127721,-2.31899425977262,-2.20907909204021,0.369771083914889,-6.2953514101825,3.06704235079771e-10,2.30364802909306e-08,0.000171363022411382,0.0100161198506875,8.07713064301174e-05,TRUE,TRUE,TRUE,TRUE,"Rpv12+1",0,"Rpv12+1|0"
"Vitvi06g01946",2753.42170483498,1.259243102802,1.21198850095228,0.204375908294859,6.28932600005049,3.18847263639055e-10,2.38757482887896e-08,0.0976951068695893,0.88476047355935,0.0426395715026341,FALSE,TRUE,TRUE,FALSE,"Rpv12+1",0,"Rpv12+1|0"
"Vitvi15g00298",1221.10389908888,1.95469671600101,1.84680572062136,0.321352637974198,6.28855079980024,3.20443212497549e-10,2.39225423729988e-08,0.00106528155788539,0.0426096334445318,0.00074927990239752,TRUE,TRUE,TRUE,TRUE,"Rpv12+1",0,"Rpv12+1|0"
"Vitvi07g02102",171.97668639873,3.7344350290706,3.52428264473836,0.6306577272119,6.27264539753991,3.54964711137768e-10,2.64196695576738e-08,2.18492845631815e-06,0.000246360101244941,3.53204469668631e-06,TRUE,TRUE,TRUE,TRUE,"Rpv12+1",0,"Rpv12+1|0"
"Vitvi13g04419",512.280684444505,1.73447808169591,1.65409942945363,0.287915727240413,6.27174060025233,3.5703404951659e-10,2.64936471201528e-08,0.00395582926156198,0.114343135528398,0.0024035787713062,FALSE,TRUE,TRUE,FALSE,"Rpv12+1",0,"Rpv12+1|0"
"Vitvi08g00777",2392.55197279981,-1.50472309638097,-1.44297974554725,0.240235654339768,-6.2684041938667,3.64766939185424e-10,2.69826724639044e-08,0.0177510264153954,0.317612243502276,0.00751786857439377,FALSE,TRUE,TRUE,FALSE,"Rpv12+1",0,"Rpv12+1|0"
"Vitvi18g02389",587.555643254526,-1.43478095622848,-1.38406222765526,0.229512997926044,-6.26554555585529,3.71522363383882e-10,2.73218655054487e-08,0.0288055746208391,0.438605952564918,0.0115973712140455,FALSE,TRUE,TRUE,FALSE,"Rpv12+1",0,"Rpv12+1|0"
"Vitvi06g00281",2615.10631133482,2.8527022418719,2.69528153930449,0.495228910794303,6.26462043239452,3.73734624910355e-10,2.74027566050343e-08,2.36492277195842e-05,0.0019272278751296,4.4036439801243e-05,TRUE,TRUE,TRUE,TRUE,"Rpv12+1",0,"Rpv12+1|0"
"Vitvi00g04500",103.644458287075,-6.56068660808307,-6.18650349626126,1.06614662289831,-6.26090927099317,3.8273917034857e-10,2.79797097943839e-08,5.58440289534021e-08,9.73882635594697e-06,5.76519951816294e-08,TRUE,TRUE,TRUE,TRUE,"Rpv12+1",0,"Rpv12+1|0"
"Vitvi05g01933",38.3371366818617,11.5683683602242,14.4598076386187,3.63940880756315,6.26003730638266,3.84885386484633e-10,2.80533620752527e-08,5.36587728400183e-09,1.12292787097763e-06,1.35041312796513e-05,TRUE,TRUE,TRUE,TRUE,"Rpv12+1",0,"Rpv12+1|0"
"Vitvi09g01936",11.782963710189,7.56240728990096,6.99335932844553,1.26393792543571,6.25656104086628,3.93559108686984e-10,2.84332029372802e-08,2.82984375666153e-08,5.25006261209283e-06,1.1418515051031e-07,TRUE,TRUE,TRUE,TRUE,"Rpv12+1",0,"Rpv12+1|0"
"Vitvi07g04338",79.6159565465828,-3.85091734338506,-3.6461196121891,0.630519072746818,-6.25339321546357,4.01629212514444e-10,2.89313955541107e-08,1.83255253422559e-06,0.000215935773616249,1.61845190390106e-06,TRUE,TRUE,TRUE,TRUE,"Rpv12+1",0,"Rpv12+1|0"
"Vitvi19g01612",600.724189931291,1.76951011844247,1.69836575572164,0.286002352486144,6.25217509165524,4.04775218845993e-10,2.90730095961804e-08,0.00327502106779627,0.0998499721590707,0.0014267819771022,FALSE,TRUE,TRUE,FALSE,"Rpv12+1",0,"Rpv12+1|0"
"Vitvi15g01730",58.3863233850669,6.67572787315684,6.27367753534465,1.14536963678428,6.23454090189795,4.53104934527387e-10,3.24496894390021e-08,5.77025354500731e-08,9.99629552873154e-06,2.5542321291662e-07,TRUE,TRUE,TRUE,TRUE,"Rpv12+1",0,"Rpv12+1|0"
"Vitvi08g00888",32.2966389942883,-3.91101592569372,-3.7107680325521,0.630231110305234,-6.23109991113345,4.63171579588837e-10,3.29788873836722e-08,1.75998664675063e-06,0.000209270412237953,1.01614920280298e-06,TRUE,TRUE,TRUE,TRUE,"Rpv12+1",0,"Rpv12+1|0"
"Vitvi02g00273",303.373114349123,3.04571500556325,2.89579067378307,0.496960003835231,6.2312325965958,4.62779392319769e-10,3.29788873836722e-08,1.42375306772797e-05,0.0012171227613953,8.79858167413776e-06,TRUE,TRUE,TRUE,TRUE,"Rpv12+1",0,"Rpv12+1|0"
"Vitvi09g00782",190.729698036746,3.84192560633792,3.61848124554351,0.662558827290623,6.22937662261696,4.68294778986069e-10,3.32475797553337e-08,2.03323142516465e-06,0.000235342039163195,4.58170912274367e-06,TRUE,TRUE,TRUE,TRUE,"Rpv12+1",0,"Rpv12+1|0"
"Vitvi09g04222",404.516516885707,2.53322380467273,2.4133953314315,0.405125918377294,6.22717753557999,4.74912868288434e-10,3.34834688977426e-08,8.19596975435207e-05,0.00564206244221305,3.32926868388585e-05,TRUE,TRUE,TRUE,TRUE,"Rpv12+1",0,"Rpv12+1|0"
"Vitvi18g00144",702.443244645446,-1.11498134019066,-1.07428858462513,0.178707409413454,-6.22691973005384,4.75694679096035e-10,3.34834688977426e-08,0.260389554076991,1,0.111648404061739,FALSE,TRUE,TRUE,FALSE,"Rpv12+1",0,"Rpv12+1|0"
"Vitvi12g04076",472.312899535645,-9.48452458540573,-8.87443727463578,1.58078756166666,-6.22485469185743,4.82002524339386e-10,3.38308096570516e-08,1.28472711028564e-08,2.52685537428286e-06,2.78874933084972e-08,TRUE,TRUE,TRUE,TRUE,"Rpv12+1",0,"Rpv12+1|0"
"Vitvi02g01344",487.811731942116,3.10100409760423,2.91730784134286,0.553317730005272,6.2135666652637,5.17952426207159e-10,3.6250784011476e-08,1.27776176788382e-05,0.00111789197612284,3.72303893508219e-05,TRUE,TRUE,TRUE,TRUE,"Rpv12+1",0,"Rpv12+1|0"
"Vitvi00g04688",794.25123066415,-1.32347328750607,-1.27047838646146,0.214310044596399,-6.21119903238427,5.25818221157682e-10,3.66970472986988e-08,0.0644953409589624,0.703852158592197,0.0277622734622523,FALSE,TRUE,TRUE,FALSE,"Rpv12+1",0,"Rpv12+1|0"
"Vitvi10g00977",88.0675823290235,-3.27164008298709,-3.10826177586971,0.524769665546226,-6.20659308067193,5.41455564755655e-10,3.76816364218088e-08,8.18105952908803e-06,0.000767054968535533,3.26389673936818e-06,TRUE,TRUE,TRUE,TRUE,"Rpv12+1",0,"Rpv12+1|0"
"Vitvi13g02110",999.234133137041,-3.17456120512308,-2.99040090988108,0.550826482825713,-6.20577107135174,5.44293634105748e-10,3.77724449854344e-08,1.06443614641413e-05,0.000960158108760251,1.97942059621516e-05,TRUE,TRUE,TRUE,TRUE,"Rpv12+1",0,"Rpv12+1|0"
"Vitvi18g03383",137.389494868947,-10.1187368339937,-10.9044038492427,3.27342966371581,-6.19036213554514,6.00261482627122e-10,4.14230865154111e-08,1.21289606845854e-08,2.40364759506113e-06,0.000176950367430596,TRUE,TRUE,TRUE,TRUE,"Rpv12+1",0,"Rpv12+1|0"
"Vitvi14g01700",1438.9333577354,1.29387466311793,1.25167363133549,0.210923987989344,6.18620015767869,6.16317441290445e-10,4.24122806805346e-08,0.0800021836324346,0.793319606383949,0.0315284170514097,FALSE,TRUE,TRUE,FALSE,"Rpv12+1",0,"Rpv12+1|0"
"Vitvi09g00540",189.073025554409,2.38801320058105,2.25833286923072,0.416769188768508,6.1689627870294,6.87394017428245e-10,4.71716964160508e-08,0.000168113831289489,0.00993666824792175,0.000191038147712491,TRUE,TRUE,TRUE,TRUE,"Rpv12+1",0,"Rpv12+1|0"
"Vitvi05g01159",56.1093013214678,8.84483374006893,8.95706781315315,2.31413367596826,6.16152937303672,7.20457033520965e-10,4.93032763272847e-08,2.31612653284407e-08,4.42244919508526e-06,4.22463949390877e-05,TRUE,TRUE,TRUE,TRUE,"Rpv12+1",0,"Rpv12+1|0"
"Vitvi10g01247",139.858570934632,-2.40376933470289,-2.28784764698791,0.385314424458564,-6.15671362260777,7.42699719787018e-10,5.068462686059e-08,0.000161922562340416,0.00964859295731876,6.32521945877641e-05,TRUE,TRUE,TRUE,TRUE,"Rpv12+1",0,"Rpv12+1|0"
"Vitvi18g04507",64.3924188191303,2.77474656835138,2.62330418793973,0.470349647364435,6.15139331981627,7.68051808593817e-10,5.22699567859593e-08,4.16897997636161e-05,0.00312482370205282,3.88876571028537e-05,TRUE,TRUE,TRUE,TRUE,"Rpv12+1",0,"Rpv12+1|0"
"Vitvi14g02617",3051.59668088328,1.32529619985553,1.26964925691034,0.223897589514937,6.14222956140177,8.13711420500031e-10,5.52247783896385e-08,0.0658258206618726,0.712427655231247,0.0309491320959034,FALSE,TRUE,TRUE,FALSE,"Rpv12+1",0,"Rpv12+1|0"
"Vitvi00g04501",118.91457857649,-6.01540517400352,-5.65281300203998,1.00913852490869,-6.12704583415682,8.95256892131998e-10,6.05921670180327e-08,1.62375070329527e-07,2.42718255128577e-05,2.42916991897194e-07,TRUE,TRUE,TRUE,TRUE,"Rpv12+1",0,"Rpv12+1|0"
"Vitvi10g00669",155.134939548589,5.0247400291532,4.71777680431755,0.904846278671301,6.1257340751064,9.02664586122522e-10,6.09261499827793e-08,4.63297943661285e-07,6.37863732012397e-05,2.18237274804326e-06,TRUE,TRUE,TRUE,TRUE,"Rpv12+1",0,"Rpv12+1|0"
"Vitvi02g00695",246.421312479907,1.80841778536921,1.72107993560996,0.306359188094502,6.12055082180709,9.32524339176826e-10,6.27589715537861e-08,0.00310886643401712,0.0962424107070459,0.00187577313190529,FALSE,TRUE,TRUE,FALSE,"Rpv12+1",0,"Rpv12+1|0"
"Vitvi07g01669",271.956921647849,1.1879410317251,1.14217589230915,0.197727620923118,6.12014302193547,9.34914050992024e-10,6.27589715537861e-08,0.166459325426493,1,0.0724449486790026,FALSE,TRUE,TRUE,FALSE,"Rpv12+1",0,"Rpv12+1|0"
"Vitvi14g04211",360.314335694554,1.95236578587336,1.8892439179669,0.330959485474627,6.11903551584129,9.41434222384258e-10,6.29673171052628e-08,0.00141848956595999,0.053313604247051,0.000625824479129045,FALSE,TRUE,TRUE,FALSE,"Rpv12+1",0,"Rpv12+1|0"
"Vitvi07g03086",80.317460102384,6.78453223466219,6.33731695921917,1.04175067733198,6.11414103938017,9.70784208326076e-10,6.45276963407601e-08,9.29302742629965e-08,1.50991493443834e-05,1.21202341745487e-08,TRUE,TRUE,TRUE,TRUE,"Rpv12+1",0,"Rpv12+1|0"
"Vitvi05g02228",232.735594650869,3.46226602945889,3.25160521488586,0.612261537266889,6.11398416171652,9.71739541419954e-10,6.45276963407601e-08,6.86631133108186e-06,0.000672718494793148,1.43122094717686e-05,TRUE,TRUE,TRUE,TRUE,"Rpv12+1",0,"Rpv12+1|0"
"Vitvi01g04132",106.52386366743,6.66991229335554,6.39163460127345,1.13266300651633,6.1104664293548,9.93403733565508e-10,6.57889633874189e-08,1.02723379447547e-07,1.61875956805325e-05,1.07026992418735e-07,TRUE,TRUE,TRUE,TRUE,"Rpv12+1",0,"Rpv12+1|0"
"Vitvi07g02589",6162.2185815965,-1.2011375562237,-1.1572993699738,0.194955936014358,-6.10935156495158,1.0003674630418e-09,6.60725276662141e-08,0.15314283758092,1,0.0641696972022013,FALSE,TRUE,TRUE,FALSE,"Rpv12+1",0,"Rpv12+1|0"
"Vitvi18g04721",284.78087235731,1.96291625583182,1.92795505471286,0.324875452836183,6.10066235234398,1.05629830325806e-09,6.90406359617528e-08,0.00138258985084639,0.0521892754809391,0.000343550388939119,FALSE,TRUE,TRUE,FALSE,"Rpv12+1",0,"Rpv12+1|0"
"Vitvi17g00869",324.683872493702,1.030563026393,1.0287063715969,0.169355542395163,6.10062946796068,1.0565156582879e-09,6.90406359617528e-08,0.428213571632745,1,0.153286151568574,FALSE,TRUE,TRUE,FALSE,"Rpv12+1",0,"Rpv12+1|0"
"Vitvi07g04561",66.6768077893062,5.87487337270665,5.48538201185073,0.914257754839281,6.09100440400355,1.12204464059647e-09,7.29358621787191e-08,2.16082393747603e-07,3.1402774100242e-05,4.24486330485726e-08,TRUE,TRUE,TRUE,TRUE,"Rpv12+1",0,"Rpv12+1|0"
"Vitvi08g01346",16306.6614815919,1.50651574882388,1.44054502787883,0.252717423079483,6.08662931108911,1.15312529714783e-09,7.45627160643935e-08,0.0203572183394516,0.34924070023948,0.00968183468314275,FALSE,TRUE,TRUE,FALSE,"Rpv12+1",0,"Rpv12+1|0"
"Vitvi15g04378",50.7842876892407,5.79920402366479,5.43066110034253,0.939068276160924,6.08321565001947,1.17795738103711e-09,7.59690001026969e-08,2.39872892103858e-07,3.46675965996951e-05,1.2221376255365e-07,TRUE,TRUE,TRUE,TRUE,"Rpv12+1",0,"Rpv12+1|0"
"Vitvi07g02251",2010.41886558282,1.17849284941427,1.13735238890113,0.193729972619298,6.07675263229659,1.22640726050565e-09,7.86816908068157e-08,0.178688073667179,1,0.0736459047979285,FALSE,TRUE,TRUE,FALSE,"Rpv12+1",0,"Rpv12+1|0"
"Vitvi05g00548",2755.02061957318,1.99471926334989,1.8982693547632,0.335325776205892,6.07080475574011,1.27270845923113e-09,8.12291336829488e-08,0.00123347294735965,0.047924049955603,0.000644634465945318,TRUE,TRUE,TRUE,TRUE,"Rpv12+1",0,"Rpv12+1|0"
"Vitvi00g04275",181.444169051427,-2.6532641868564,-2.52252731947332,0.430228531466466,-6.06607436474356,1.31074458555066e-09,8.34405778026516e-08,7.84753459806156e-05,0.00545967174336947,2.70904751458794e-05,TRUE,TRUE,TRUE,TRUE,"Rpv12+1",0,"Rpv12+1|0"
"Vitvi02g00459",367.439898577327,-1.05065572434317,-1.01586209793379,0.173644164743506,-6.0624834355715,1.34035616278389e-09,8.51057072843915e-08,0.385031241144095,1,0.167043970413413,FALSE,TRUE,TRUE,FALSE,"Rpv12+1",0,"Rpv12+1|0"
"Vitvi07g00198",2898.45748462295,-1.0901768673162,-1.05090350851954,0.178326707338622,-6.06044669848808,1.35744029925264e-09,8.5968892576833e-08,0.308077926111849,1,0.131606939722897,FALSE,TRUE,TRUE,FALSE,"Rpv12+1",0,"Rpv12+1|0"
"Vitvi11g00838",307.469287961909,2.5190501352933,2.3793309099452,0.442558383384389,6.05096049931565,1.43984753251375e-09,9.09540610538686e-08,0.00013169290131286,0.00821154034922629,0.000132099337226996,TRUE,TRUE,TRUE,TRUE,"Rpv12+1",0,"Rpv12+1|0"
"Vitvi04g01468",38725.422534688,-1.15361389076767,-1.10957359090195,0.190508572282779,-6.0504050589293,1.44482091358245e-09,9.10348031381513e-08,0.210218036181151,1,0.08933264708283,FALSE,TRUE,TRUE,FALSE,"Rpv12+1",0,"Rpv12+1|0"
"Vitvi09g01597",1322.83106874131,-2.55540779871201,-2.42654287281089,0.418067663812982,-6.04571841908071,1.48745685197138e-09,9.34821097070586e-08,0.00011667839686552,0.00757367291217158,4.67577344726509e-05,TRUE,TRUE,TRUE,TRUE,"Rpv12+1",0,"Rpv12+1|0"
"Vitvi10g04131",18.0731996557219,-5.42582293821174,-5.12259745761597,0.88329237231521,-6.04117571689535,1.52995246410108e-09,9.59081651541834e-08,4.1588074878054e-07,5.75609762293659e-05,1.50338988124323e-07,TRUE,TRUE,TRUE,TRUE,"Rpv12+1",0,"Rpv12+1|0"
"Vitvi19g01450",227.715941755702,2.26019508415195,2.14149624970884,0.389232797392995,6.03559382437793,1.58379173172134e-09,9.90312007682412e-08,0.000382430441438127,0.019164746968544,0.000249222861527323,TRUE,TRUE,TRUE,TRUE,"Rpv12+1",0,"Rpv12+1|0"
"Vitvi09g04123",29.2860378181268,-7.58058275328473,-8.21142980621117,2.74071390837976,-6.02881709003762,1.65164083592633e-09,1.03012211731345e-07,8.31605244625895e-08,1.37683301228916e-05,0.000770147087112527,TRUE,TRUE,TRUE,TRUE,"Rpv12+1",0,"Rpv12+1|0"
"Vitvi05g04006",46.8385186008915,-3.77864265000773,-3.5767485436465,0.621415468803531,-6.02458753116712,1.69541431543184e-09,1.04967217774619e-07,4.70709494493685e-06,0.00049056930942073,1.92366729540326e-06,TRUE,TRUE,TRUE,TRUE,"Rpv12+1",0,"Rpv12+1|0"
"Vitvi01g02099",1082.47087763046,2.02306123568798,1.92245310463493,0.34443992471893,6.0245537447505,1.69576849627773e-09,1.04967217774619e-07,0.00115717214031041,0.0454459895117834,0.000657261662919025,TRUE,TRUE,TRUE,TRUE,"Rpv12+1",0,"Rpv12+1|0"
"Vitvi12g01796",229.256768865286,-1.8417198787936,-1.76084988246758,0.30542745465679,-6.02473793801225,1.69383848462585e-09,1.04967217774619e-07,0.00294825477835143,0.092474096818819,0.00123412392838508,FALSE,TRUE,TRUE,FALSE,"Rpv12+1",0,"Rpv12+1|0"
"Vitvi04g04029",11.9036729363399,9.21014737344385,9.87893003105453,2.60732091231339,6.02269537650272,1.71536109648341e-09,1.05913874618961e-07,3.96486653155347e-08,7.20256552770189e-06,4.76999176337026e-05,TRUE,TRUE,TRUE,TRUE,"Rpv12+1",0,"Rpv12+1|0"
"Vitvi11g00843",33.1338930896533,2.54884766233355,2.41860235470096,0.427194723817926,6.01792398559494,1.76668114297875e-09,1.08809891596061e-07,0.000127648502948888,0.00808512636474564,6.90452834708402e-05,TRUE,TRUE,TRUE,TRUE,"Rpv12+1",0,"Rpv12+1|0"
"Vitvi08g00957",975.111370812849,4.69200763999188,4.41730603000356,0.841752297754249,6.01660855447641,1.7810907451116e-09,1.09423819442817e-07,1.09907024727716e-06,0.000136907517135825,3.01694130410406e-06,TRUE,TRUE,TRUE,TRUE,"Rpv12+1",0,"Rpv12+1|0"
"Vitvi05g01435",37.0961676461584,6.33843264299014,5.92572338463643,1.0208806342092,6.01293838385857,1.82190300141799e-09,1.11652742146601e-07,2.04963363751998e-07,2.99532772759135e-05,8.10795786155312e-08,TRUE,TRUE,TRUE,TRUE,"Rpv12+1",0,"Rpv12+1|0"
"Vitvi13g01796",738.253626857182,1.79275217990768,1.71040589949784,0.303099152212256,6.00780977723738,1.88046281538732e-09,1.14955538262735e-07,0.00394613699877769,0.114343135528398,0.00193624852505395,FALSE,TRUE,TRUE,FALSE,"Rpv12+1",0,"Rpv12+1|0"
"Vitvi13g04371",39.5717102387051,-2.77410401203748,-2.62558922073273,0.463306934438175,-6.00011595814922,1.97176668389315e-09,1.19941837097263e-07,6.22191009566421e-05,0.00443484867009483,3.03985324113775e-05,TRUE,TRUE,TRUE,TRUE,"Rpv12+1",0,"Rpv12+1|0"
"Vitvi12g04543",81.7405634368761,7.98690168697204,7.8069299187052,2.06520965450484,5.99209056308595,2.07160499859523e-09,1.25395726647155e-07,7.94947045962702e-08,1.32452355256932e-05,7.39431787166654e-05,TRUE,TRUE,TRUE,TRUE,"Rpv12+1",0,"Rpv12+1|0"
"Vitvi12g02444",666.942031134521,4.71604959953245,4.43462407594024,0.831176191288443,5.98830699590095,2.12036556136332e-09,1.28032661690556e-07,1.18774482588574e-06,0.000143843596760857,2.00719934788843e-06,TRUE,TRUE,TRUE,TRUE,"Rpv12+1",0,"Rpv12+1|0"
"Vitvi12g04640",685.463703684641,-1.93496211769669,-1.84065557689365,0.321193714202937,-5.98537063838635,2.15897656727247e-09,1.30045346482456e-07,0.0019134093649706,0.0662075073786587,0.000784491314496471,FALSE,TRUE,TRUE,FALSE,"Rpv12+1",0,"Rpv12+1|0"
"Vitvi01g00217",71.6069659094623,3.85078750499441,3.59330122209185,0.67387334057428,5.98132797272691,2.21325722851623e-09,1.32989768492014e-07,4.75435475585766e-06,0.000493528436740002,7.33477342214544e-06,TRUE,TRUE,TRUE,TRUE,"Rpv12+1",0,"Rpv12+1|0"
"Vitvi08g01333",243.40083563984,2.2989824496181,2.16889194399781,0.411488610519601,5.97707712246592,2.27176666917469e-09,1.35842824421815e-07,0.000366141959721958,0.0184190529314744,0.000369413743789097,TRUE,TRUE,TRUE,TRUE,"Rpv12+1",0,"Rpv12+1|0"
"Vitvi14g04588",51.4740548904647,3.08320226293944,2.89981100255996,0.531052912217343,5.97499672144533,2.30094810569516e-09,1.37254618721322e-07,2.70605891876914e-05,0.00215816448951469,2.34994332037692e-05,TRUE,TRUE,TRUE,TRUE,"Rpv12+1",0,"Rpv12+1|0"
"Vitvi06g04119",223.939452578245,2.32709566713329,2.19286928264091,0.414736416338239,5.97339869524173,2.32361098450741e-09,1.37938506540541e-07,0.000328997323303352,0.0170360721516006,0.000310459876568684,TRUE,TRUE,TRUE,TRUE,"Rpv12+1",0,"Rpv12+1|0"
"Vitvi11g00464",1661.95624028313,-1.14259154255509,-1.09837599626416,0.192593478284991,-5.96199303620241,2.4917976993272e-09,1.47567134905348e-07,0.228427204361116,1,0.0973271174707959,FALSE,TRUE,TRUE,FALSE,"Rpv12+1",0,"Rpv12+1|0"
"Vitvi04g04014",44.6708691148043,4.8628734317337,4.54926273112079,0.873784580725831,5.95622390385989,2.58132621269267e-09,1.51413220418801e-07,1.11495171707892e-06,0.000137696180360844,2.90975009024817e-06,TRUE,TRUE,TRUE,TRUE,"Rpv12+1",0,"Rpv12+1|0"
"Vitvi11g00414",5002.04486146649,-1.21639230272725,-1.16796562003756,0.201945487509793,-5.94958073575179,2.68830213315532e-09,1.57313566157754e-07,0.144933963014829,1,0.0617892659946053,FALSE,TRUE,TRUE,FALSE,"Rpv12+1",0,"Rpv12+1|0"
"Vitvi19g01307",48.439344539713,3.52459298337498,3.31113144083645,0.600952987163859,5.94531690511219,2.75922513113303e-09,1.61081209314202e-07,1.02898198961204e-05,0.000937879437848824,7.56613582753133e-06,TRUE,TRUE,TRUE,TRUE,"Rpv12+1",0,"Rpv12+1|0"
"Vitvi14g02720",213.446564856867,1.28391248751161,1.22712212316899,0.219702923249616,5.94355666195855,2.789032824756e-09,1.62436436573732e-07,0.0943721392120417,0.870479827097249,0.0429013223349613,FALSE,TRUE,TRUE,FALSE,"Rpv12+1",0,"Rpv12+1|0"
"Vitvi13g04718",1853.81878723454,2.1551400042662,2.04351433462851,0.37034196430973,5.94196927325717,2.8161821605729e-09,1.63630810631778e-07,0.000724135104647916,0.0317315742644678,0.00040111601745599,TRUE,TRUE,TRUE,TRUE,"Rpv12+1",0,"Rpv12+1|0"
"Vitvi14g00363",761.066368850886,1.59269709388623,1.51793626815628,0.272531223732477,5.93764219212232,2.89150236136055e-09,1.67611887469361e-07,0.0135664726053042,0.269464963464049,0.00647057503611888,FALSE,TRUE,TRUE,FALSE,"Rpv12+1",0,"Rpv12+1|0"
"Vitvi14g00667",959.021365832015,-1.05603535774935,-1.02196803609495,0.177083343562266,-5.92644027397754,3.09571905715253e-09,1.78609214735386e-07,0.376582494186684,1,0.16033022189744,FALSE,TRUE,TRUE,FALSE,"Rpv12+1",0,"Rpv12+1|0"
"Vitvi05g02223",96.8962608147515,2.80156792801654,2.64557973100168,0.481502299784023,5.92524254786308,3.11836777321574e-09,1.79495580516222e-07,6.94078818198873e-05,0.00493380646882182,4.58366264228457e-05,TRUE,TRUE,TRUE,TRUE,"Rpv12+1",0,"Rpv12+1|0"
"Vitvi03g04223",311.831501267844,-1.8886341921675,-1.81311991617567,0.314835036511496,-5.91874543233038,3.24406628957425e-09,1.86295610978907e-07,0.00267746434452414,0.0854143777907401,0.000933751787338023,FALSE,TRUE,TRUE,FALSE,"Rpv12+1",0,"Rpv12+1|0"
"Vitvi09g04351",71.3124234012909,-2.52161287184842,-2.37978340120325,0.438584039562995,-5.90855033505932,3.45131361768429e-09,1.97736191361093e-07,0.00018165970394863,0.0104901461271351,0.000127956456248674,TRUE,TRUE,TRUE,TRUE,"Rpv12+1",0,"Rpv12+1|0"
"Vitvi12g00462",936.861615625816,3.34774310799134,3.15935499655447,0.57707599756159,5.90273256802606,3.57529585384746e-09,2.04010280804723e-07,1.74005266655077e-05,0.00145425040588823,1.20840299512616e-05,TRUE,TRUE,TRUE,TRUE,"Rpv12+1",0,"Rpv12+1|0"
"Vitvi10g00827",285.686028744771,3.76319985586986,3.61516701217226,0.642041006702519,5.89784992321798,3.68268689068474e-09,2.09047636495183e-07,7.43495758790579e-06,0.000712421448871896,2.48840428732171e-06,TRUE,TRUE,TRUE,TRUE,"Rpv12+1",0,"Rpv12+1|0"
"Vitvi07g01120",71.8398244764892,3.96844158771475,3.71284095791227,0.712850459777044,5.89382062768457,3.77366801680743e-09,2.13229553353367e-07,5.20089524971247e-06,0.000531446167332923,9.32430109576799e-06,TRUE,TRUE,TRUE,TRUE,"Rpv12+1",0,"Rpv12+1|0"
"Vitvi01g00557",4200.86460555565,-1.9201993139917,-1.82137218309264,0.331299241201949,-5.89400753690559,3.76939965244913e-09,2.13229553353367e-07,0.00236749644677552,0.0782949931115054,0.00129005323282935,FALSE,TRUE,TRUE,FALSE,"Rpv12+1",0,"Rpv12+1|0"
"Vitvi18g00725",3379.30464622819,1.55383435422858,1.48141985477274,0.266930440516011,5.89258063808056,3.80210449576393e-09,2.14344728507186e-07,0.0178513626465752,0.318630814182966,0.00846179098160495,FALSE,TRUE,TRUE,FALSE,"Rpv12+1",0,"Rpv12+1|0"
"Vitvi18g02428",43.34605741713,3.7810600913395,3.54818670568927,0.654730987958935,5.89044324925583,3.85161126034682e-09,2.16639942944987e-07,7.36921259006573e-06,0.000712421448871896,6.24170805172258e-06,TRUE,TRUE,TRUE,TRUE,"Rpv12+1",0,"Rpv12+1|0"
"Vitvi10g02289",462.770681423814,-2.14827510357213,-2.02730519594151,0.374535759132945,-5.88562149522206,3.96560941498459e-09,2.22038076244456e-07,0.000827811913701032,0.0350968101304786,0.00048806494314388,TRUE,TRUE,TRUE,TRUE,"Rpv12+1",0,"Rpv12+1|0"
"Vitvi10g00019",1811.50678792883,-1.52572208758996,-1.45461000352069,0.258880282981987,-5.88565799770162,3.96473419342502e-09,2.22038076244456e-07,0.0212782505225407,0.359108229302672,0.00942932436767994,FALSE,TRUE,TRUE,FALSE,"Rpv12+1",0,"Rpv12+1|0"
"Vitvi12g02105",91.838802124472,-2.83418696340575,-2.67519015823664,0.485216311494814,-5.86960282580617,4.36840356712121e-09,2.44036259137411e-07,7.27571974869629e-05,0.00513006881148642,3.8059765187204e-05,TRUE,TRUE,TRUE,TRUE,"Rpv12+1",0,"Rpv12+1|0"
"Vitvi08g01382",78.4588589851989,-8.15247808269304,-8.66111548557741,2.92883717708731,-5.86675390462902,4.44409519186235e-09,2.47703007119278e-07,1.3227664233332e-07,2.00012987676146e-05,0.000791767210695783,TRUE,TRUE,TRUE,TRUE,"Rpv12+1",0,"Rpv12+1|0"
"Vitvi00g01805",1835.92180997094,3.23375655608899,3.03642528762872,0.576924736828806,5.86435618978431,4.50878674353121e-09,2.50741467750869e-07,2.55132144112049e-05,0.0020598770857491,2.90067142623653e-05,TRUE,TRUE,TRUE,TRUE,"Rpv12+1",0,"Rpv12+1|0"
"Vitvi18g01254",432.791052823122,1.50109511086737,1.42848267930958,0.265385791575727,5.86237085857543,4.56304470918095e-09,2.52618358326701e-07,0.0251752128259197,0.40254180459244,0.0132263691651718,FALSE,TRUE,TRUE,FALSE,"Rpv12+1",0,"Rpv12+1|0"
"Vitvi18g04221",205.951121629082,1.31008041465189,1.2511595638079,0.227872172253168,5.86241443141209,4.56184709740187e-09,2.52618358326701e-07,0.0826349858140943,0.807519949147222,0.0379263800214839,FALSE,TRUE,TRUE,FALSE,"Rpv12+1",0,"Rpv12+1|0"
"Vitvi08g00941",1515.03299454294,-1.4657751051174,-1.39400216232419,0.249082303969293,-5.85789922567589,4.68758939204765e-09,2.58931507314991e-07,0.0313404933019721,0.462400431069537,0.0142178542389266,FALSE,TRUE,TRUE,FALSE,"Rpv12+1",0,"Rpv12+1|0"
"Vitvi10g04008",716.070194708287,-1.29684286196274,-1.24066203488648,0.219870646419512,-5.85700800834011,4.71280409288904e-09,2.59741927589294e-07,0.0900172284064229,0.850401111550602,0.0388597825805874,FALSE,TRUE,TRUE,FALSE,"Rpv12+1",0,"Rpv12+1|0"
"Vitvi18g00173",404.932491817782,1.04431146967692,1.00014567647291,0.180169523668379,5.85379103396917,4.80492282786594e-09,2.6422785443595e-07,0.401918721221312,1,0.18534432220159,FALSE,TRUE,TRUE,FALSE,"Rpv12+1",0,"Rpv12+1|0"
"Vitvi04g04007",17.0206355294403,6.64227035875925,6.34648283903536,1.20656927200307,5.84414184054468,5.09186291992532e-09,2.79383373931582e-07,3.44753840967267e-07,4.82268220634371e-05,5.78362565914595e-07,TRUE,TRUE,TRUE,TRUE,"Rpv12+1",0,"Rpv12+1|0"
"Vitvi09g01992",1816.12000892091,-1.43881566129771,-1.37917305831958,0.24279754032775,-5.84120589678707,5.18243050534773e-09,2.83720795399437e-07,0.0374175279155237,0.512463409812662,0.015187632078425,FALSE,TRUE,TRUE,FALSE,"Rpv12+1",0,"Rpv12+1|0"
"Vitvi06g00162",1017.62412996048,2.54387226853229,2.39574421526813,0.461964748835291,5.83550233817261,5.36287445986528e-09,2.92948503754415e-07,0.000198885980564627,0.0112855929839264,0.00018540836800202,TRUE,TRUE,TRUE,TRUE,"Rpv12+1",0,"Rpv12+1|0"
"Vitvi01g02060",130.766548184871,1.45577348046484,1.39471017792794,0.249186689740533,5.83384553942844,5.41642658872237e-09,2.952192155747e-07,0.0338904977518835,0.483656045112668,0.0139462763889527,FALSE,TRUE,TRUE,FALSE,"Rpv12+1",0,"Rpv12+1|0"
"Vitvi18g00381",4015.15092268888,1.35675033563944,1.29264247197872,0.237374074970083,5.83096591876577,5.51074403385589e-09,2.99696887457116e-07,0.0626106203386648,0.693432168231507,0.029359237213881,FALSE,TRUE,TRUE,FALSE,"Rpv12+1",0,"Rpv12+1|0"
"Vitvi18g00683",14984.1067735452,2.59126638677174,2.44240123943038,0.465586238982904,5.83026457205543,5.5339564002357e-09,3.00296365366094e-07,0.000171601749388284,0.0100161198506875,0.000143084360474838,TRUE,TRUE,TRUE,TRUE,"Rpv12+1",0,"Rpv12+1|0"
"Vitvi11g00560",2492.15320743804,1.8833584677733,1.77770817741642,0.342777675380816,5.82755555925418,5.62451277474978e-09,3.0453955322799e-07,0.00313497331102149,0.0964797256976603,0.00241752953824557,FALSE,TRUE,TRUE,FALSE,"Rpv12+1",0,"Rpv12+1|0"
"Vitvi11g04123",16.239250758744,7.91232457259922,8.80212428073872,2.9051676508209,5.81890739117382,5.92335392068816e-09,3.20016989451916e-07,1.85314704873494e-07,2.72339739594704e-05,0.00063206226726248,TRUE,TRUE,TRUE,TRUE,"Rpv12+1",0,"Rpv12+1|0"
"Vitvi05g02170",243.993565087835,8.95213463846292,8.12880627534822,1.60593058699185,5.81406965668589,6.09720232075667e-09,3.26544948639481e-07,1.20522913205574e-07,1.8545640509086e-05,5.53157971053718e-07,TRUE,TRUE,TRUE,TRUE,"Rpv12+1",0,"Rpv12+1|0"
"Vitvi07g01990",356.242575609921,5.50923884586328,5.12738659748138,1.00987732567001,5.81432467828143,6.08791525017356e-09,3.26544948639481e-07,9.73028180184858e-07,0.000123015372956008,2.38280982284748e-06,TRUE,TRUE,TRUE,TRUE,"Rpv12+1",0,"Rpv12+1|0"
"Vitvi03g00119",3236.97619974858,2.33170145996103,2.19901439360327,0.413514942339835,5.81318035819611,6.12969566775761e-09,3.27573063928148e-07,0.000449968381040827,0.0218380758435009,0.000290299057480083,TRUE,TRUE,TRUE,TRUE,"Rpv12+1",0,"Rpv12+1|0"
"Vitvi14g01469",1741.52336274487,-5.64050606345956,-5.21743620900698,1.05190156623813,-5.81269118034828,6.14764108048234e-09,3.27820964629357e-07,8.67091604693238e-07,0.000110645118474002,3.39648120102249e-06,TRUE,TRUE,TRUE,TRUE,"Rpv12+1",0,"Rpv12+1|0"
"Vitvi14g02645",141.307449313934,-2.62984366571911,-2.49076971047162,0.443587870493929,-5.8102558814298,6.23774284883269e-09,3.31907198323633e-07,0.000158557682277075,0.00953496646134713,5.880458990002e-05,TRUE,TRUE,TRUE,TRUE,"Rpv12+1",0,"Rpv12+1|0"
"Vitvi04g01720",919.890601750051,-1.6429047543427,-1.55724562220062,0.280874536723662,-5.79523201476595,6.82267924675249e-09,3.60694261637327e-07,0.0116706475074842,0.242295609641491,0.00516213590458439,FALSE,TRUE,TRUE,FALSE,"Rpv12+1",0,"Rpv12+1|0"
"Vitvi06g01035",132.216852866674,1.88881196903045,1.79101744153648,0.327503565227467,5.77340837646268,7.76838564109896e-09,4.08935787722466e-07,0.00329608434344091,0.100142009686493,0.00159165849635746,FALSE,TRUE,TRUE,FALSE,"Rpv12+1",0,"Rpv12+1|0"
"Vitvi15g01395",29.8383551147109,3.47579320593224,3.24518626912362,0.62681394272119,5.76029290118933,8.39680981276405e-09,4.41074214386472e-07,2.03884581051069e-05,0.00167191747828053,2.29397796862272e-05,TRUE,TRUE,TRUE,TRUE,"Rpv12+1",0,"Rpv12+1|0"
"Vitvi18g01231",481.248918590971,-1.20088089819394,-1.15196301012675,0.206150387501977,-5.75109179418054,8.86689522976936e-09,4.64776235916166e-07,0.168017050839163,1,0.0703753197419996,FALSE,TRUE,TRUE,FALSE,"Rpv12+1",0,"Rpv12+1|0"
"Vitvi03g01531",296.275905026674,4.22440192380261,3.93310951466272,0.794461661321521,5.74711921871221,9.07767273828955e-09,4.74814321826967e-07,5.7551798388735e-06,0.000580833940339303,1.38967748579598e-05,TRUE,TRUE,TRUE,TRUE,"Rpv12+1",0,"Rpv12+1|0"
"Vitvi08g01097",821.396028306462,2.09902421239158,1.97476550383758,0.386938663364924,5.74431326101242,9.22947857870495e-09,4.80713391680708e-07,0.00131636184898438,0.0502241175239002,0.00114551473829295,FALSE,TRUE,TRUE,FALSE,"Rpv12+1",0,"Rpv12+1|0"
"Vitvi18g00254",1561.62305586335,1.22085808236165,1.16731229614886,0.21543575122648,5.74138639400011,9.39045475819167e-09,4.88065914394114e-07,0.149486183352433,1,0.0669621879828272,FALSE,TRUE,TRUE,FALSE,"Rpv12+1",0,"Rpv12+1|0"
"Vitvi01g01972",840.855445845332,2.21246503812589,2.08677945947606,0.403263187172244,5.73890340808916,9.52915468246632e-09,4.93193812515211e-07,0.000830412089539731,0.035150080663867,0.000588531110332426,TRUE,TRUE,TRUE,TRUE,"Rpv12+1",0,"Rpv12+1|0"
"Vitvi09g00406",871.058946772029,1.4577661982592,1.38737734862322,0.261966252391965,5.73901806679632,9.52270620531829e-09,4.93193812515211e-07,0.0357600883000099,0.498108705985068,0.0176351225405036,FALSE,TRUE,TRUE,FALSE,"Rpv12+1",0,"Rpv12+1|0"
"Vitvi08g00719",44.6657059180462,4.260190436569,3.97346923591502,0.811107280984813,5.72410631899054,1.03979621236535e-08,5.36804092235749e-07,5.92092370239769e-06,0.000593430816593951,1.55962994763103e-05,TRUE,TRUE,TRUE,TRUE,"Rpv12+1",0,"Rpv12+1|0"
"Vitvi02g00547",984.979681313672,2.83897511098224,2.65717901110113,0.532561645803545,5.72382274965023,1.04153416174983e-08,5.36804092235749e-07,0.000104589717447611,0.00691752149674797,0.000140807740246389,TRUE,TRUE,TRUE,TRUE,"Rpv12+1",0,"Rpv12+1|0"
"Vitvi04g00078",30.5678765135094,9.91751166985511,9.34284106081951,1.93919584492743,5.72258352503915,1.04916234886846e-08,5.38917053452927e-07,1.33507301904608e-07,2.00713650030037e-05,9.30316414754227e-07,TRUE,TRUE,TRUE,TRUE,"Rpv12+1",0,"Rpv12+1|0"
"Vitvi18g03087",1032.32083598464,-1.25403432442098,-1.20277424743361,0.216200855919977,-5.72244654474997,1.05000887180307e-08,5.38917053452927e-07,0.12318388247202,1,0.0520094516106953,FALSE,TRUE,TRUE,FALSE,"Rpv12+1",0,"Rpv12+1|0"
"Vitvi18g02819",173.237409757471,4.22103392437499,3.9295551880835,0.761953444931859,5.72139570034514,1.05652509029288e-08,5.41134139801566e-07,6.32866442200376e-06,0.000627089138693926,7.79653044573346e-06,TRUE,TRUE,TRUE,TRUE,"Rpv12+1",0,"Rpv12+1|0"
"Vitvi17g00819",41.6841233440143,8.00610897629615,7.47509044309674,1.50475675218916,5.72001888096293,1.06512216494002e-08,5.44405594511666e-07,2.78558215125366e-07,3.9818603002538e-05,8.86821803033043e-07,TRUE,TRUE,TRUE,TRUE,"Rpv12+1",0,"Rpv12+1|0"
"Vitvi19g00308",18142.0388706318,-1.13332077904586,-1.08583009411916,0.197252119739583,-5.7148863155599,1.09777388970849e-08,5.58775982373105e-07,0.250701549750053,1,0.107659589843995,FALSE,TRUE,TRUE,FALSE,"Rpv12+1",0,"Rpv12+1|0"
"Vitvi13g02551",334.600455495406,4.80511773885205,4.46702577697536,0.883174982014228,5.71245293603219,1.11359219680049e-08,5.65658914646946e-07,3.03945633663078e-06,0.000334072009705566,4.93697807755673e-06,TRUE,TRUE,TRUE,TRUE,"Rpv12+1",0,"Rpv12+1|0"
"Vitvi13g04549",80.1495251783941,2.03474481007987,1.91607275696507,0.370608487064801,5.70735017705654,1.14748549000299e-08,5.81675978018801e-07,0.00185155464654829,0.0646659786369247,0.00132798418128379,FALSE,TRUE,TRUE,FALSE,"Rpv12+1",0,"Rpv12+1|0"
"Vitvi08g01036",120.085312481882,2.48412189374692,2.27161791754352,0.457659752455182,5.70106781415043,1.19059257164714e-08,6.01299808862717e-07,0.000329532952662943,0.0170360721516006,0.000445301242411501,TRUE,TRUE,TRUE,TRUE,"Rpv12+1",0,"Rpv12+1|0"
"Vitvi19g04018",195.671559101959,-1.48489743032323,-1.41226716182184,0.26040819642572,-5.70099814261698,1.19107934212131e-08,6.01299808862717e-07,0.0313243183014691,0.462400431069537,0.0141016185018694,FALSE,TRUE,TRUE,FALSE,"Rpv12+1",0,"Rpv12+1|0"
"Vitvi01g04005",93.5308762632496,1.70205297711989,1.61297506440291,0.302947669977115,5.68846523345034,1.28186202052854e-08,6.41868958084171e-07,0.00947926803350968,0.209964582970855,0.00465094530009876,FALSE,TRUE,TRUE,FALSE,"Rpv12+1",0,"Rpv12+1|0"
"Vitvi09g02002",165.966211430219,-1.7075508934598,-1.62011472478247,0.297413880863244,-5.68809305862163,1.28465815574873e-08,6.41964266227704e-07,0.00921281662986258,0.205629752747931,0.00390029903285238,FALSE,TRUE,TRUE,FALSE,"Rpv12+1",0,"Rpv12+1|0"
"Vitvi11g01468",432.417099028565,2.39141680354973,2.25344661747715,0.430258052424531,5.67810250022644,1.36197098037741e-08,6.77848829749048e-07,0.000477029965219968,0.0228128461795048,0.000267558919680045,TRUE,TRUE,TRUE,TRUE,"Rpv12+1",0,"Rpv12+1|0"
"Vitvi14g04515",331.928508724062,-1.59462063396121,-1.5051134936077,0.285709679073762,-5.67815390805179,1.36156181891638e-08,6.77848829749048e-07,0.0171156760923198,0.310753760393431,0.00911824812511865,FALSE,TRUE,TRUE,FALSE,"Rpv12+1",0,"Rpv12+1|0"
"Vitvi18g04655",39.8941196921887,2.78727431056729,2.60811491224961,0.511706082131237,5.66442559491148,1.47517854445757e-08,7.28430703693602e-07,0.00014051841837139,0.00866938987305944,0.000129926353589384,TRUE,TRUE,TRUE,TRUE,"Rpv12+1",0,"Rpv12+1|0"
"Vitvi18g04543",107.050840175889,2.0579795786937,1.94592747643226,0.362990961617367,5.66449276229251,1.47460085974928e-08,7.28430703693602e-07,0.00179538656234447,0.0630409625293544,0.000821199573856154,FALSE,TRUE,TRUE,FALSE,"Rpv12+1",0,"Rpv12+1|0"
"Vitvi07g01506",1511.34269269812,-1.11525320261065,-1.068680136713,0.195098997901435,-5.6643963726082,1.4754299445653e-08,7.28430703693602e-07,0.27914825577857,1,0.122241296241455,FALSE,TRUE,TRUE,FALSE,"Rpv12+1",0,"Rpv12+1|0"
"Vitvi13g01389",2439.11151579038,3.2243223403646,2.92451798265536,0.626450244509134,5.6539428437323,1.56808374213197e-08,7.72626221423265e-07,4.80142051183985e-05,0.00355808382915634,0.000152591618371562,TRUE,TRUE,TRUE,TRUE,"Rpv12+1",0,"Rpv12+1|0"
"Vitvi14g01639",1080.8735675055,-1.72103088127388,-1.63659224526396,0.302128526150095,-5.6520067301859,1.58585379988958e-08,7.79822239801992e-07,0.00894409006093828,0.200831289188055,0.00370659869294839,FALSE,TRUE,TRUE,FALSE,"Rpv12+1",0,"Rpv12+1|0"
"Vitvi08g04210",205.160580386582,-2.09364344241205,-1.97759124065972,0.375878111811524,-5.65124106221306,1.59293509740646e-08,7.81744005173418e-07,0.00157859686018426,0.0574229371771866,0.000858253856750804,FALSE,TRUE,TRUE,FALSE,"Rpv12+1",0,"Rpv12+1|0"
"Vitvi10g00020",1535.4043261712,-2.87594650441944,-2.69348342509642,0.523318293010838,-5.64773919319281,1.62571555945871e-08,7.94665248468748e-07,0.00011482154210081,0.00749031600951391,9.69200999190246e-05,TRUE,TRUE,TRUE,TRUE,"Rpv12+1",0,"Rpv12+1|0"
"Vitvi15g01110",4686.50925832432,2.81849004291709,2.63431543947695,0.534476610278932,5.64796818369889,1.62355214210148e-08,7.94665248468748e-07,0.000134180395583255,0.00831759471104824,0.000157699791411752,TRUE,TRUE,TRUE,TRUE,"Rpv12+1",0,"Rpv12+1|0"
"Vitvi11g04175",32.2539530215474,-7.31307930871431,-7.83898318129578,2.72159926440777,-5.64535256410307,1.64843085451892e-08,8.02994303212287e-07,5.48539228302067e-07,7.47356128810092e-05,0.00116292823182328,TRUE,TRUE,TRUE,TRUE,"Rpv12+1",0,"Rpv12+1|0"
"Vitvi06g01385",796.88568170918,-2.0068964363271,-1.88657835293142,0.361281294816455,-5.64526460400984,1.64927389765147e-08,8.02994303212287e-07,0.00231049275153475,0.0767981955367186,0.00139638285539485,FALSE,TRUE,TRUE,FALSE,"Rpv12+1",0,"Rpv12+1|0"
"Vitvi10g00982",1074.01715345494,1.68586434333534,1.59898963272624,0.30476675910215,5.64474716009685,1.65424176126395e-08,8.0382445819524e-07,0.0108246143497001,0.230025253268729,0.00537089604798384,FALSE,TRUE,TRUE,FALSE,"Rpv12+1",0,"Rpv12+1|0"
"Vitvi03g04434",644.816251200033,2.05639183467107,1.92968720252217,0.384429687973073,5.64225885241777,1.67833514072478e-08,8.13926467064874e-07,0.00187480675825749,0.0652082046310418,0.00157055141535834,FALSE,TRUE,TRUE,FALSE,"Rpv12+1",0,"Rpv12+1|0"
"Vitvi12g04296",568.82561857775,-1.37755826887993,-1.31158262251049,0.246221752916514,-5.63449053559797,1.75576602582449e-08,8.48138270827691e-07,0.0612591319600889,0.688053942869887,0.0273803905265639,FALSE,TRUE,TRUE,FALSE,"Rpv12+1",0,"Rpv12+1|0"
"Vitvi16g00556",2320.34537083134,-1.11357912135821,-1.06990734451612,0.197750022099792,-5.63180003594483,1.78338388614167e-08,8.59793452426343e-07,0.282844004005723,1,0.122058314344255,FALSE,TRUE,TRUE,FALSE,"Rpv12+1",0,"Rpv12+1|0"
"Vitvi02g04218",33.9210631468919,-3.93107712409925,-3.66296342794333,0.736352261852922,-5.63048715462175,1.79701325182918e-08,8.64672235782494e-07,1.34530937011881e-05,0.00116529628519662,1.92912838440695e-05,TRUE,TRUE,TRUE,TRUE,"Rpv12+1",0,"Rpv12+1|0"
"Vitvi09g00412",222.199877382686,1.17543605686998,1.12301021553691,0.213327124781355,5.62661606568687,1.83779145814358e-08,8.82569792647666e-07,0.200515005277934,1,0.0891614028465273,FALSE,TRUE,TRUE,FALSE,"Rpv12+1",0,"Rpv12+1|0"
"Vitvi04g01715",2668.07438250986,-1.08253438953799,-1.041438260571,0.191735954223959,-5.62121451734924,1.89619640918983e-08,9.07081451200014e-07,0.334117504046498,1,0.142891676457025,FALSE,TRUE,TRUE,FALSE,"Rpv12+1",0,"Rpv12+1|0"
"Vitvi08g04278",3649.35207493092,1.49646902738013,1.41982828532778,0.271630156405001,5.6112287228834,2.00895026444585e-08,9.55453643144555e-07,0.0313309473285475,0.462400431069537,0.0156630780671667,FALSE,TRUE,TRUE,FALSE,"Rpv12+1",0,"Rpv12+1|0"
"Vitvi18g00732",684.703371880804,-1.14365154960582,-1.09445579929427,0.201909838062643,-5.60609653294679,2.06940573295684e-08,9.80420762252397e-07,0.240663634642794,1,0.1026011341682,FALSE,TRUE,TRUE,FALSE,"Rpv12+1",0,"Rpv12+1|0"
"Vitvi08g02387",85.5154080627779,4.3240951031483,4.01645436926289,0.837642148757622,5.59957116358511,2.14882708935226e-08,1.01414758952648e-06,8.36432469015186e-06,0.000778656119465062,2.13166316983634e-05,TRUE,TRUE,TRUE,TRUE,"Rpv12+1",0,"Rpv12+1|0"
"Vitvi18g04235",105.570908777227,-1.98658051667828,-1.87191432605645,0.357260605337208,-5.59553427208298,2.19943392903933e-08,1.03604692687979e-06,0.00272743405332985,0.0866913091142839,0.0014369639852942,FALSE,TRUE,TRUE,FALSE,"Rpv12+1",0,"Rpv12+1|0"
"Vitvi18g00605",50.2129870150384,3.59261291989147,3.34308601133347,0.683993585387076,5.59201170446226,2.24453685362882e-08,1.05326495097142e-06,2.72452552594163e-05,0.00216628763626465,4.31399054995365e-05,TRUE,TRUE,TRUE,TRUE,"Rpv12+1",0,"Rpv12+1|0"
"Vitvi01g04154",1375.71583636778,1.75119547348158,1.65103520238323,0.324529336207775,5.58734907189225,2.305619852992e-08,1.07782259389584e-06,0.00827042758261849,0.190677762548716,0.00484814832712744,FALSE,TRUE,TRUE,FALSE,"Rpv12+1",0,"Rpv12+1|0"
"Vitvi19g01983",316.854633565823,1.35624341006388,1.29184118094965,0.24820944816368,5.58736559523375,2.30540056576211e-08,1.07782259389584e-06,0.0711025117717071,0.742503235703029,0.0325886528452242,FALSE,TRUE,TRUE,FALSE,"Rpv12+1",0,"Rpv12+1|0"
"Vitvi10g00605",199.987617459898,2.75326720652606,2.57170461692078,0.524705976720245,5.58480054944123,2.33968570347374e-08,1.09167607937081e-06,0.000188004410233831,0.0108088074006743,0.000205760608585748,TRUE,TRUE,TRUE,TRUE,"Rpv12+1",0,"Rpv12+1|0"
"Vitvi10g04295",491.309709963124,1.68603427683016,1.5904765276134,0.314967974645695,5.57845079918875,2.42670091488763e-08,1.12376322817992e-06,0.0116089988093657,0.241398887006516,0.00697154070010747,FALSE,TRUE,TRUE,FALSE,"Rpv12+1",0,"Rpv12+1|0"
"Vitvi05g00563",778.635446674307,2.31852275051572,2.1872132980256,0.415481408716976,5.57740164792423,2.44137733031208e-08,1.12843849736526e-06,0.000757440948558391,0.0328044665121506,0.000339316923044332,TRUE,TRUE,TRUE,TRUE,"Rpv12+1",0,"Rpv12+1|0"
"Vitvi13g04446",100.166040561262,2.40854679205492,2.2564374464211,0.43752392786807,5.57478670983784,2.47833322773473e-08,1.14123770838267e-06,0.0005566653808316,0.0254577092607934,0.000326801617284306,TRUE,TRUE,TRUE,TRUE,"Rpv12+1",0,"Rpv12+1|0"
"Vitvi17g00494",2804.71690312216,1.28764531614018,1.22415296788104,0.237895695589289,5.57488213036748,2.47697519318752e-08,1.14123770838267e-06,0.106498760126362,0.93205120981783,0.0514592961651887,FALSE,TRUE,TRUE,FALSE,"Rpv12+1",0,"Rpv12+1|0"
"Vitvi18g04757",998.328502025797,3.15397637527915,2.89721080038741,0.650105270271936,5.56871407766845,2.56626194690779e-08,1.17952293514963e-06,7.14491420981516e-05,0.00505145434633932,0.000263812818738532,TRUE,TRUE,TRUE,TRUE,"Rpv12+1",0,"Rpv12+1|0"
"Vitvi12g02157",465.172753034842,-1.28756901449234,-1.22290950637156,0.228589328051263,-5.56827019501316,2.57280655985236e-08,1.18032890891104e-06,0.106817524656458,0.932183772283653,0.0479749605745431,FALSE,TRUE,TRUE,FALSE,"Rpv12+1",0,"Rpv12+1|0"
"Vitvi06g01306",1275.59319981075,1.0969228920218,1.04203854966829,0.20032730396848,5.56315327560988,2.64942985259544e-08,1.21322219049333e-06,0.311517312267745,1,0.144134291686676,FALSE,TRUE,TRUE,FALSE,"Rpv12+1",0,"Rpv12+1|0"
"Vitvi08g04284",45.0168943446617,-7.51978538739532,-7.79822581581728,2.79204124834208,-5.56027734548897,2.69346276005734e-08,1.23109737582138e-06,7.14860748740564e-07,9.39700619412283e-05,0.00148791630876203,TRUE,TRUE,TRUE,TRUE,"Rpv12+1",0,"Rpv12+1|0"
"Vitvi11g00286",421.584134395832,1.85698396466505,1.74902876277717,0.348106592492886,5.55964952597271,2.70316921023152e-08,1.23324586413452e-06,0.00514785873524614,0.138399584957738,0.00318118358703984,FALSE,TRUE,TRUE,FALSE,"Rpv12+1",0,"Rpv12+1|0"
"Vitvi07g02062",131.290960928832,2.36145651908435,2.20899628127603,0.433915358909462,5.55735894842178,2.73887151482542e-08,1.24492322212618e-06,0.000677666487875851,0.0299950552560819,0.000435171295947203,TRUE,TRUE,TRUE,TRUE,"Rpv12+1",0,"Rpv12+1|0"
"Vitvi19g00243",1175.6709910188,1.74371358074948,1.64052419788207,0.330883111212724,5.55512201379908,2.77417910408762e-08,1.25864965761147e-06,0.00891035525179472,0.200590346843114,0.0057598053050398,FALSE,TRUE,TRUE,FALSE,"Rpv12+1",0,"Rpv12+1|0"
"Vitvi16g01796",26.3970569848794,4.19282425105897,3.91059680534167,0.732826647037066,5.55288363182451,2.80995145293726e-08,1.27020117421215e-06,1.17624274564109e-05,0.00104657598582399,4.10119362893478e-06,TRUE,TRUE,TRUE,TRUE,"Rpv12+1",0,"Rpv12+1|0"
"Vitvi17g00102",174.31272894797,2.87465769870323,2.68646004378611,0.534778117084488,5.55310622503668,2.80637416919457e-08,1.27020117421215e-06,0.000146528612451068,0.00893482977414335,0.000124070333625872,TRUE,TRUE,TRUE,TRUE,"Rpv12+1",0,"Rpv12+1|0"
"Vitvi05g00618",448.856058062223,-1.81625670791361,-1.71212737180437,0.328036882204442,-5.54885710866541,2.87543060878772e-08,1.29741956919586e-06,0.00632006045288495,0.156707546338405,0.00302564218923128,FALSE,TRUE,TRUE,FALSE,"Rpv12+1",0,"Rpv12+1|0"
"Vitvi00g04706",36.0500343754549,3.79918288856285,3.5549108207519,0.667545826778111,5.54442555283514,2.94920778711631e-08,1.32585188035397e-06,2.20334376960088e-05,0.00180116467715592,8.04425549510032e-06,TRUE,TRUE,TRUE,TRUE,"Rpv12+1",0,"Rpv12+1|0"
"Vitvi05g01663",253.948164175139,2.47222959535932,2.28154728389371,0.478882563077556,5.53950347441376,3.03330428592767e-08,1.36117457901847e-06,0.000485474358687374,0.0230481374753231,0.000663584828127201,TRUE,TRUE,TRUE,TRUE,"Rpv12+1",0,"Rpv12+1|0"
"Vitvi04g00121",1238.68656005319,1.12547446208478,1.07438629622509,0.20636520236669,5.53334313678127,3.14183968242863e-08,1.40731568029658e-06,0.268653842988961,1,0.120778513213578,FALSE,TRUE,TRUE,FALSE,"Rpv12+1",0,"Rpv12+1|0"
"Vitvi18g02715",13674.5255289953,-4.18315820286774,-3.88910857332018,0.773219711812223,-5.52938719738441,3.21351356906463e-08,1.4368079906983e-06,1.29068050256417e-05,0.00112169140420519,1.24155752093255e-05,TRUE,TRUE,TRUE,TRUE,"Rpv12+1",0,"Rpv12+1|0"
"Vitvi12g04638",236.508889101182,2.26800207469204,2.10776656965566,0.445084667898065,5.52768604880233,3.2448204533694e-08,1.44817747625378e-06,0.000999311217296074,0.040465916614935,0.00124336145492441,TRUE,TRUE,TRUE,TRUE,"Rpv12+1",0,"Rpv12+1|0"
"Vitvi10g00946",880.251100654889,1.45789379806198,1.37979249828631,0.269688949610505,5.52523975153945,3.29035977771892e-08,1.46584635594726e-06,0.0413383824545141,0.546699063006893,0.0208125120353843,FALSE,TRUE,TRUE,FALSE,"Rpv12+1",0,"Rpv12+1|0"
"Vitvi15g00301",682.945440700622,1.98643864739065,1.8600615663142,0.381101789003501,5.52247987500091,3.3424809417596e-08,1.48370018885026e-06,0.00304970265818175,0.0949728236135432,0.00244623023809886,FALSE,TRUE,TRUE,FALSE,"Rpv12+1",0,"Rpv12+1|0"
"Vitvi02g01526",126.24007601399,2.26381987731008,2.11180290482347,0.440815029173985,5.51890139426596,3.41125529567647e-08,1.51150513424974e-06,0.00103142881781815,0.0413821264498544,0.00113687235784842,TRUE,TRUE,TRUE,TRUE,"Rpv12+1",0,"Rpv12+1|0"
"Vitvi16g01150",619.598159003371,4.64840986697407,4.28238608107748,0.942062669644863,5.51814811275696,3.42590640550812e-08,1.51527163745239e-06,7.42022295728556e-06,0.000712421448871896,3.40416774206879e-05,TRUE,TRUE,TRUE,TRUE,"Rpv12+1",0,"Rpv12+1|0"
"Vitvi02g04171",530.48984475194,1.7097474334222,1.52093467819501,0.329782191355524,5.51455792414291,3.49657735744593e-08,1.54099606043002e-06,0.0110340454883907,0.233527181173797,0.0142566927062965,FALSE,TRUE,TRUE,FALSE,"Rpv12+1",0,"Rpv12+1|0"
"Vitvi12g01673",1704.81317617932,1.11753877760071,1.0540089699572,0.207869136736957,5.51165066324055,3.55483944798829e-08,1.56387544001142e-06,0.281059844084764,1,0.136231439246693,FALSE,TRUE,TRUE,FALSE,"Rpv12+1",0,"Rpv12+1|0"
"Vitvi07g01415",168.662465137252,2.84776109433772,2.64934389082097,0.556503133902714,5.50739377160347,3.64185033549885e-08,1.59395656119318e-06,0.000176150475008717,0.0102171181280555,0.000227964862880067,TRUE,TRUE,TRUE,TRUE,"Rpv12+1",0,"Rpv12+1|0"
"Vitvi10g01740",3913.73821547161,1.23911285828615,1.16899181756272,0.234335648445325,5.50608070652846,3.66910373168536e-08,1.6026957364149e-06,0.144001214572544,1,0.0721259016835184,FALSE,TRUE,TRUE,FALSE,"Rpv12+1",0,"Rpv12+1|0"
"Vitvi01g00481",2879.67882010228,1.13380522466731,1.08208803699376,0.208061569027592,5.50543234823539,3.68263361233951e-08,1.6037142211706e-06,0.257936641988703,1,0.115019142961646,FALSE,TRUE,TRUE,FALSE,"Rpv12+1",0,"Rpv12+1|0"
"Vitvi04g01163",150.073730687434,-2.48888665611036,-2.33347386089366,0.45441690533431,-5.50117457332596,3.77269429764769e-08,1.63922569165517e-06,0.000499373897161267,0.0235371563528677,0.00024565424954464,TRUE,TRUE,TRUE,TRUE,"Rpv12+1",0,"Rpv12+1|0"
"Vitvi17g00380",2504.78093775048,-1.82679302261942,-1.71642659399454,0.342148607284022,-5.49794224938672,3.84248718658965e-08,1.66661116776096e-06,0.00641726450651759,0.157920246684848,0.00376434757266899,FALSE,TRUE,TRUE,FALSE,"Rpv12+1",0,"Rpv12+1|0"
"Vitvi09g00284",5763.08636394127,1.22510371129726,1.16386986810615,0.229808897251451,5.49704731169889,3.86203111654076e-08,1.67214408764672e-06,0.156237672413234,1,0.0729247120421462,FALSE,TRUE,TRUE,FALSE,"Rpv12+1",0,"Rpv12+1|0"
"Vitvi16g00179",2097.01815350359,-1.11873035061466,-1.06686044787186,0.201872055351983,-5.4920714545937,3.97246596444694e-08,1.71694160526517e-06,0.279990044699436,1,0.1240887355843,FALSE,TRUE,TRUE,FALSE,"Rpv12+1",0,"Rpv12+1|0"
"Vitvi19g04582",37.9705080249304,-6.01041660013894,-5.62949638328612,1.02659421546804,-5.48296101886823,4.18265207649578e-08,1.79832140587347e-06,2.43036097162638e-06,0.000270535373007551,4.20335881055974e-07,TRUE,TRUE,TRUE,TRUE,"Rpv12+1",0,"Rpv12+1|0"
"Vitvi06g00999",590.423902450555,2.99705885253332,2.76534998818558,0.614558612603635,5.48016239237384,4.24935629945722e-08,1.81748510058035e-06,0.000130280950494855,0.00817260062791267,0.000318641331836882,TRUE,TRUE,TRUE,TRUE,"Rpv12+1",0,"Rpv12+1|0"
"Vitvi12g04432",73.5145129821613,2.08471646065538,1.94965577721175,0.397851240702077,5.48038531619395,4.24400540619047e-08,1.81748510058035e-06,0.00217536190305109,0.0732429145724571,0.00168894876993147,FALSE,TRUE,TRUE,FALSE,"Rpv12+1",0,"Rpv12+1|0"
"Vitvi06g01069",305.679236439834,1.34436076641698,1.27685352514909,0.252489017220959,5.47961452403438,4.26253472046579e-08,1.81996196487687e-06,0.0802168383333051,0.793853544001015,0.0385489134394689,FALSE,TRUE,TRUE,FALSE,"Rpv12+1",0,"Rpv12+1|0"
"Vitvi14g01401",5082.50168683688,2.10676575294007,1.96815415916265,0.410942463557827,5.47243277552715,4.43899169150747e-08,1.888756464801e-06,0.00202089794342818,0.0691041428786114,0.00185185111129663,FALSE,TRUE,TRUE,FALSE,"Rpv12+1",0,"Rpv12+1|0"
"Vitvi02g00442",271.440613038198,-1.21017887450157,-1.1531848330882,0.220974665719331,-5.46948528667558,4.51344387411841e-08,1.91382449712188e-06,0.17107705117649,1,0.0754951737764541,FALSE,TRUE,TRUE,FALSE,"Rpv12+1",0,"Rpv12+1|0"
"Vitvi08g01043",1089.45530335934,1.04844160912819,1.00328281523041,0.192285234563547,5.46801817056016,4.5509523862297e-08,1.92641345338754e-06,0.4002727253614,1,0.181803120925127,FALSE,TRUE,TRUE,FALSE,"Rpv12+1",0,"Rpv12+1|0"
"Vitvi03g04266",57.4971359918309,2.09873045435693,1.96901900874718,0.39784962078196,5.45914428365114,4.7843484947711e-08,2.01482409431078e-06,0.0021317413867955,0.0723930831563258,0.00147770930968674,FALSE,TRUE,TRUE,FALSE,"Rpv12+1",0,"Rpv12+1|0"
"Vitvi09g01587",26.7069818393012,-8.80751193258585,-9.35697858897866,3.17250675194259,-5.45833823777549,4.80611445897705e-08,2.02053644729281e-06,6.54387571911628e-07,8.77852538135193e-05,0.000756229123495159,TRUE,TRUE,TRUE,TRUE,"Rpv12+1",0,"Rpv12+1|0"
"Vitvi13g04751",1212.44967326731,-1.46287682557867,-1.38538026348283,0.267196224472689,-5.45752011770602,4.82830461061667e-08,2.0264073660503e-06,0.0420978715248721,0.551722555721006,0.0191988924717801,FALSE,TRUE,TRUE,FALSE,"Rpv12+1",0,"Rpv12+1|0"
"Vitvi15g01617",748.705954721831,1.12261669410688,1.07178515106154,0.205578020903364,5.45230898459221,4.97199671819414e-08,2.07962837265587e-06,0.275746952471767,1,0.122699332078472,FALSE,TRUE,TRUE,FALSE,"Rpv12+1",0,"Rpv12+1|0"
"Vitvi05g02197",133.735014343251,5.57606664598531,5.19388896820063,1.02987861592552,5.45154180757121,4.99349788332626e-08,2.08508159073942e-06,3.84081808143292e-06,0.000408422602407332,2.59343206848977e-06,TRUE,TRUE,TRUE,TRUE,"Rpv12+1",0,"Rpv12+1|0"
"Vitvi12g04531",178.548257136923,2.49740839309494,2.34276444856029,0.461538464026752,5.44741830460701,5.11061756325238e-08,2.13037519946338e-06,0.000545025754012908,0.025012857367059,0.000275094374336962,TRUE,TRUE,TRUE,TRUE,"Rpv12+1",0,"Rpv12+1|0"
"Vitvi13g01764",473.354168971464,1.73579020673246,1.63454585124831,0.324059821185001,5.44430109502948,5.20091827065764e-08,2.16435511006624e-06,0.0105050226476292,0.225431408891986,0.00541852517156341,FALSE,TRUE,TRUE,FALSE,"Rpv12+1",0,"Rpv12+1|0"
"Vitvi02g04002",570.409660668456,1.28584331042718,1.22046525051348,0.242910906516629,5.44301292564252,5.2386844010129e-08,2.17639509111895e-06,0.113142665263747,0.961565620738908,0.0545907750624489,FALSE,TRUE,TRUE,FALSE,"Rpv12+1",0,"Rpv12+1|0"
"Vitvi11g00267",658.175750623748,1.65214245868343,1.55142260061415,0.320719957026328,5.43738616316437,5.4067872185063e-08,2.24245134537241e-06,0.0159255628728594,0.296299288187147,0.0102642767197863,FALSE,TRUE,TRUE,FALSE,"Rpv12+1",0,"Rpv12+1|0"
"Vitvi12g04285",865.273320006183,-2.16475361059646,-2.03661467613425,0.397273701816089,-5.42873465968731,5.67549883038022e-08,2.34599981854441e-06,0.0017448259379703,0.0618467502864024,0.000813783169212977,FALSE,TRUE,TRUE,FALSE,"Rpv12+1",0,"Rpv12+1|0"
"Vitvi19g04572",176.014923859102,1.69944491818544,1.60659743066696,0.321916959594156,5.42830644299383,5.68912982208889e-08,2.34769518085397e-06,0.0127368639364812,0.258617615515825,0.00678446625253038,FALSE,TRUE,TRUE,FALSE,"Rpv12+1",0,"Rpv12+1|0"
"Vitvi01g01984",980.149343644297,-1.86685751886819,-1.74630886179058,0.360065361147016,-5.42665841239126,5.74188652644834e-08,2.36550361982577e-06,0.0058707900590968,0.149682258436563,0.00411672564787096,FALSE,TRUE,TRUE,FALSE,"Rpv12+1",0,"Rpv12+1|0"
"Vitvi12g04535",936.512707226839,2.59350284387731,2.39937724966473,0.519657352298079,5.42561685411633,5.77547301308053e-08,2.37536816611439e-06,0.000428628562044232,0.021036575149184,0.000600926059658311,TRUE,TRUE,TRUE,TRUE,"Rpv12+1",0,"Rpv12+1|0"
"Vitvi18g02802",144.216737582374,1.39993253548417,1.32694709637762,0.258613076542133,5.4234783899411,5.84502846140125e-08,2.39996868625135e-06,0.0606453716590008,0.684392699408025,0.0274350424226902,FALSE,TRUE,TRUE,FALSE,"Rpv12+1",0,"Rpv12+1|0"
"Vitvi00g04634",72.8987495741471,-3.51298938970171,-3.27635920512605,0.650357349008382,-5.42252866530309,5.87617875397324e-08,2.40874442234417e-06,5.24512855642376e-05,0.00383260664546059,3.18194143364589e-05,TRUE,TRUE,TRUE,TRUE,"Rpv12+1",0,"Rpv12+1|0"
"Vitvi15g01618",1196.93510232477,-2.17904808341098,-2.06275529711546,0.391171807483262,-5.42215326803225,5.88853582378672e-08,2.40980014210647e-06,0.00167398127579482,0.059985857799338,0.000533764791469887,FALSE,TRUE,TRUE,FALSE,"Rpv12+1",0,"Rpv12+1|0"
"Vitvi18g02584",557.875670556685,4.26955661824236,3.96272721142061,0.848358068215477,5.41914227695766,5.98856463550754e-08,2.44667128292477e-06,1.66317285483362e-05,0.001394453163769,3.25530324676694e-05,TRUE,TRUE,TRUE,TRUE,"Rpv12+1",0,"Rpv12+1|0"
"Vitvi13g04506",74.9610894194258,1.93640279465941,1.81371449121318,0.370615968454026,5.41665263041813,6.07251544727065e-08,2.47276843899107e-06,0.00440452858290702,0.123757318152809,0.00285963763364699,FALSE,TRUE,TRUE,FALSE,"Rpv12+1",0,"Rpv12+1|0"
"Vitvi18g04640",55.9422415628343,-4.41027753369737,-4.11110233587354,0.794994935715596,-5.41439364926107,6.14967411114756e-08,2.50005563370019e-06,1.41509172068898e-05,0.00121368473185256,5.6713306406231e-06,TRUE,TRUE,TRUE,TRUE,"Rpv12+1",0,"Rpv12+1|0"
"Vitvi09g00595",24169.7178259727,1.22900769702537,1.16624318550761,0.233861235320391,5.41252662254827,6.21416122078543e-08,2.5221099808117e-06,0.156596313457333,1,0.0732452887250207,FALSE,TRUE,TRUE,FALSE,"Rpv12+1",0,"Rpv12+1|0"
"Vitvi10g01594",1290.82959087235,2.47938412561911,2.32378590329166,0.465311827307656,5.41137475009679,6.25427318609546e-08,2.53421503639223e-06,0.00062149575809225,0.0279301010420722,0.000365047791418186,TRUE,TRUE,TRUE,TRUE,"Rpv12+1",0,"Rpv12+1|0"
"Vitvi10g04296",326.717923684291,1.57241902939874,1.47737908057418,0.304851086967779,5.40239388211323,6.57573597880703e-08,2.65573494383426e-06,0.0246104969963636,0.397153603286782,0.0149926518167688,FALSE,TRUE,TRUE,FALSE,"Rpv12+1",0,"Rpv12+1|0"
"Vitvi02g00750",3266.44541084611,-1.05139202356537,-1.0045881295882,0.193919237557383,-5.40055116505895,6.64364587758351e-08,2.67877021014971e-06,0.395898109720724,1,0.180460542461049,FALSE,TRUE,TRUE,FALSE,"Rpv12+1",0,"Rpv12+1|0"
"Vitvi18g00432",1497.88901515324,3.88222943825923,3.60289398905278,0.771541421302787,5.3955685057309,6.83069237898259e-08,2.74520289475718e-06,3.09096405426719e-05,0.00240644430641593,5.45962568545017e-05,TRUE,TRUE,TRUE,TRUE,"Rpv12+1",0,"Rpv12+1|0"
"Vitvi03g00886",28.4160060631787,6.77038976125656,6.28868683335638,1.25419318039708,5.39236117246738,6.9537820255199e-08,2.79012009740567e-06,2.15474283874111e-06,0.000244008302678047,1.36302940534955e-06,TRUE,TRUE,TRUE,TRUE,"Rpv12+1",0,"Rpv12+1|0"
"Vitvi11g04081",124.137389428376,-1.08343389049516,-1.03330815412257,0.201851723941346,-5.38952414099155,7.06444902513584e-08,2.82991489728856e-06,0.339056119739258,1,0.153949165581689,FALSE,TRUE,TRUE,FALSE,"Rpv12+1",0,"Rpv12+1|0"
"Vitvi07g02147",334.983500403964,-1.43851518619629,-1.36055815883751,0.266349468122743,-5.38000803693016,7.44825134680216e-08,2.9739889818447e-06,0.0504989469160429,0.615278040231377,0.0227598457099033,FALSE,TRUE,TRUE,FALSE,"Rpv12+1",0,"Rpv12+1|0"
"Vitvi04g00017",86.5210398138852,5.11462124508111,4.75323604129497,0.966529687192417,5.37578894411286,7.62480664760395e-08,3.02975381565114e-06,7.63614392368004e-06,0.000727141883640293,6.64566160263617e-06,TRUE,TRUE,TRUE,TRUE,"Rpv12+1",0,"Rpv12+1|0"
"Vitvi18g00587",2748.84841954131,1.64958242307528,1.55018920434962,0.319067065034843,5.37600475928011,7.61567795012463e-08,3.02975381565114e-06,0.0171301243353082,0.310753760393431,0.0101334078200387,FALSE,TRUE,TRUE,FALSE,"Rpv12+1",0,"Rpv12+1|0"
"Vitvi14g00152",325.716032551765,3.56957726880462,3.31520721536051,0.697645772026449,5.3743414599922,7.68630779449606e-08,3.0492734110339e-06,5.46984015446655e-05,0.00398566987745656,7.02356698992554e-05,TRUE,TRUE,TRUE,TRUE,"Rpv12+1",0,"Rpv12+1|0"
"Vitvi06g00115",1908.10610357643,-1.85999515545754,-1.74170661571495,0.35781149304196,-5.37401797752788,7.70011755072508e-08,3.04984077137722e-06,0.00648205888595565,0.158961616765123,0.00409698493800241,FALSE,TRUE,TRUE,FALSE,"Rpv12+1",0,"Rpv12+1|0"
"Vitvi17g00838",545.702815143048,1.60353249806829,1.50404639794578,0.313654306955479,5.36967117656381,7.88803342890492e-08,3.11925508113165e-06,0.0216388535302551,0.36308580468117,0.0133757168962737,FALSE,TRUE,TRUE,FALSE,"Rpv12+1",0,"Rpv12+1|0"
"Vitvi06g00634",2835.34651480355,-1.1469115704195,-1.09451936457957,0.211202550917025,-5.36933655781698,7.90268196150848e-08,3.12003962826479e-06,0.245797086954074,1,0.106389048850052,FALSE,TRUE,TRUE,FALSE,"Rpv12+1",0,"Rpv12+1|0"
"Vitvi14g01456",2245.97161614472,-1.15666234988466,-1.09941427831348,0.217463403309207,-5.36779909591483,7.97032637806575e-08,3.13942482995221e-06,0.233602784995644,1,0.104675160114459,FALSE,TRUE,TRUE,FALSE,"Rpv12+1",0,"Rpv12+1|0"
"Vitvi05g00028",474.987575275098,-2.10180052737038,-1.96381679872878,0.404826138435524,-5.36261262612184,8.2026791625477e-08,3.21273774004014e-06,0.00246804534154349,0.0807019976117951,0.00173417223218877,FALSE,TRUE,TRUE,FALSE,"Rpv12+1",0,"Rpv12+1|0"
"Vitvi11g01676",55.1468982349991,3.39163394234873,3.14994039568302,0.662729298119244,5.36060524545558,8.29435873421591e-08,3.24348923454195e-06,7.83929054566439e-05,0.00545967174336947,9.0931297842935e-05,TRUE,TRUE,TRUE,TRUE,"Rpv12+1",0,"Rpv12+1|0"
"Vitvi06g01409",300.24652131756,1.80831860917337,1.69563835640387,0.348527237855578,5.3562532390347,8.49654032826452e-08,3.31203746087223e-06,0.00832729255921506,0.191754970120164,0.00502594570261622,FALSE,TRUE,TRUE,FALSE,"Rpv12+1",0,"Rpv12+1|0"
"Vitvi06g00442",17294.2940416592,-1.10635911738385,-1.05419997288942,0.20588136914798,-5.34431379352893,9.07602214445421e-08,3.52121073308305e-06,0.303705652071221,1,0.135571606780467,FALSE,TRUE,TRUE,FALSE,"Rpv12+1",0,"Rpv12+1|0"
"Vitvi03g00519",5003.00809384932,1.05376051562327,1.00701183055734,0.196283766894436,5.33820609763801,9.38707189670051e-08,3.63045374014307e-06,0.392678997649899,1,0.17767779640339,FALSE,TRUE,TRUE,FALSE,"Rpv12+1",0,"Rpv12+1|0"
"Vitvi18g00899",922.804590818429,-1.46603772307576,-1.3817923250767,0.278198874107734,-5.32699358479927,9.98516889665036e-08,3.85371836777422e-06,0.045190217148273,0.575806571057805,0.0220104410402468,FALSE,TRUE,TRUE,FALSE,"Rpv12+1",0,"Rpv12+1|0"
"Vitvi06g00759",524.850580870129,1.37103328313933,1.29834968920613,0.261001111782382,5.32680311896015,9.9956406762775e-08,3.85371836777422e-06,0.0747138349096737,0.764440226744686,0.0350289601441155,FALSE,TRUE,TRUE,FALSE,"Rpv12+1",0,"Rpv12+1|0"
"Vitvi08g01073",3870.47752776127,1.20765644547012,1.13595105083908,0.236751529101987,5.32295405570994,1.02095538279402e-07,3.93004012664274e-06,0.180021909146008,1,0.0895039573031295,FALSE,TRUE,TRUE,FALSE,"Rpv12+1",0,"Rpv12+1|0"
"Vitvi17g00356",2601.54701725739,-1.23153430780072,-1.17291472099383,0.23069207841396,-5.3226638846609,1.02258585883536e-07,3.93017554107146e-06,0.158489287955739,1,0.0696692063315341,FALSE,TRUE,TRUE,FALSE,"Rpv12+1",0,"Rpv12+1|0"
"Vitvi00g04777",7943.10224351562,-1.75682225163348,-1.64541223457337,0.337655929367721,-5.31689891183046,1.0555066853113e-07,4.05038359802636e-06,0.0109970635714404,0.232932944101465,0.00626544016499326,FALSE,TRUE,TRUE,FALSE,"Rpv12+1",0,"Rpv12+1|0"
"Vitvi17g00438",1675.2202813667,2.22655455986378,2.07961102836483,0.430955163879049,5.31661353281609,1.05716270826998e-07,4.05042931274327e-06,0.00170140682333358,0.0607191010799225,0.00120676766084202,FALSE,TRUE,TRUE,FALSE,"Rpv12+1",0,"Rpv12+1|0"
"Vitvi08g02393",68.6678977966429,-3.21411511878667,-2.99803065009308,0.597145668942905,-5.31330759833022,1.07653091672815e-07,4.11823224604265e-06,0.000126013742670254,0.00800095508376499,6.10232056594363e-05,TRUE,TRUE,TRUE,TRUE,"Rpv12+1",0,"Rpv12+1|0"
"Vitvi07g01097",381.938685740795,-3.21260623259805,-2.96723412727924,0.632016774656221,-5.30868219103627,1.10420675024155e-07,4.21102747661776e-06,0.000127976483707209,0.00808632086303592,0.00013863955797289,TRUE,TRUE,TRUE,TRUE,"Rpv12+1",0,"Rpv12+1|0"
"Vitvi18g01639",3888.773058445,1.70430269325662,1.60193473752695,0.327123129407228,5.30789003502619,1.10901511642623e-07,4.22282788381401e-06,0.0141362512709747,0.276168929796436,0.00762979632353944,FALSE,TRUE,TRUE,FALSE,"Rpv12+1",0,"Rpv12+1|0"
"Vitvi09g00617",10272.0220581204,-1.89773675425709,-1.77615078036316,0.363327490427815,-5.3060843162777,1.12005164177789e-07,4.25170912894302e-06,0.00603522811156598,0.152684267089414,0.0033605087422067,FALSE,TRUE,TRUE,FALSE,"Rpv12+1",0,"Rpv12+1|0"
"Vitvi09g04307",26.5988241803943,-3.10706464511695,-2.89297609645037,0.582355737018436,-5.29824550719369,1.16920692136998e-07,4.4246669300877e-06,0.000163433669270534,0.00971650307829066,8.79701374629912e-05,TRUE,TRUE,TRUE,TRUE,"Rpv12+1",0,"Rpv12+1|0"
"Vitvi05g04238",228.52396491389,-1.30028068041355,-1.22858506464361,0.249865509996534,-5.2960607760255,1.18327469696282e-07,4.47103610956687e-06,0.110655921920336,0.949543113719206,0.0538896866077218,FALSE,TRUE,TRUE,FALSE,"Rpv12+1",0,"Rpv12+1|0"
"Vitvi02g01143",1982.3553374588,2.11460758428967,1.96282815163418,0.430791440282286,5.28375823015934,1.26560254338654e-07,4.74572058734714e-06,0.00267585973718217,0.0854143777907401,0.00259367025377966,FALSE,TRUE,TRUE,FALSE,"Rpv12+1",0,"Rpv12+1|0"
"Vitvi07g02853",28.1368100893781,-5.81076144120198,-5.40150564559585,1.02849248505161,-5.2820113287681,1.27773295320886e-07,4.78392538529689e-06,6.12765799278143e-06,0.000609480629023458,1.19285583329379e-06,TRUE,TRUE,TRUE,TRUE,"Rpv12+1",0,"Rpv12+1|0"
"Vitvi13g04375",85.1893907855903,-1.72959378770814,-1.61990611691655,0.336913353224096,-5.28121953865613,1.2832680844313e-07,4.79735850198019e-06,0.0129477774585173,0.260940609042646,0.00768548484859867,FALSE,TRUE,TRUE,FALSE,"Rpv12+1",0,"Rpv12+1|0"
"Vitvi06g00796",14.2625636496976,-6.90566383983772,-7.33001202215064,2.66538784157658,-5.27264473390002,1.34471713475659e-07,5.00686218557053e-06,3.25564226041299e-06,0.000354851441208931,0.00175718031187448,TRUE,TRUE,TRUE,TRUE,"Rpv12+1",0,"Rpv12+1|0"
"Vitvi13g02189",52.7479097294933,-6.99200603984363,-7.28126928649724,2.7026236044793,-5.27255074224074,1.34540622132152e-07,5.00686218557053e-06,3.11527057249442e-06,0.000340972229731722,0.00209645653778495,TRUE,TRUE,TRUE,TRUE,"Rpv12+1",0,"Rpv12+1|0"
"Vitvi10g01696",215.796903684099,3.27384531088711,3.02003053438381,0.655942236684625,5.2712927090324,1.35466226103263e-07,5.02612341307228e-06,0.000125533053682372,0.00800095508376499,0.000150124952146836,TRUE,TRUE,TRUE,TRUE,"Rpv12+1",0,"Rpv12+1|0"
"Vitvi08g01357",376.121659132831,1.1066291289302,1.04902568464609,0.215374114848103,5.27152535634753,1.35294591758967e-07,5.02612341307228e-06,0.30574867504571,1,0.140791286155656,FALSE,TRUE,TRUE,FALSE,"Rpv12+1",0,"Rpv12+1|0"
"Vitvi14g00374",1680.81818810961,1.91505794223431,1.77894035180072,0.392637068174149,5.27023624836172,1.36248277893376e-07,5.04753770553566e-06,0.00589718100033011,0.150161067065411,0.00518494221203423,FALSE,TRUE,TRUE,FALSE,"Rpv12+1",0,"Rpv12+1|0"
"Vitvi13g04284",1102.3924466387,-1.15012005680745,-1.09741138495321,0.21875056352345,-5.26993623721545,1.36471158098584e-07,5.04820337975482e-06,0.245770050922519,1,0.106659846423307,FALSE,TRUE,TRUE,FALSE,"Rpv12+1",0,"Rpv12+1|0"
"Vitvi04g00145",354.080725244009,2.68352353848735,2.48170157338685,0.546339058838927,5.26942894860128,1.3684882865725e-07,5.05199199861376e-06,0.000473518507988614,0.0226863931327366,0.000551754389418388,TRUE,TRUE,TRUE,TRUE,"Rpv12+1",0,"Rpv12+1|0"
"Vitvi08g02129",125.757716706547,2.67718710689823,2.47439031518067,0.538916774210988,5.26924810490649,1.36983709006088e-07,5.05199199861376e-06,0.000481627241148561,0.0229906697102285,0.000510613249840395,TRUE,TRUE,TRUE,TRUE,"Rpv12+1",0,"Rpv12+1|0"
"Vitvi03g00557",4555.58500107907,-1.76381166843478,-1.65168064892616,0.339977678922763,-5.26490829327111,1.40259353882632e-07,5.15735737649629e-06,0.0113053947452529,0.237779982445336,0.00613817305328237,FALSE,TRUE,TRUE,FALSE,"Rpv12+1",0,"Rpv12+1|0"
"Vitvi18g02406",414.503100648136,-3.51532142262587,-3.23412427204709,0.700421361029097,-5.25932373363133,1.44586148525664e-07,5.30063148077122e-06,8.38734133586446e-05,0.00574357230379263,0.00011139252585597,TRUE,TRUE,TRUE,TRUE,"Rpv12+1",0,"Rpv12+1|0"
"Vitvi01g02242",26.3798807708115,-4.78256501325951,-4.36962613091975,0.905242172772081,-5.25735080482567,1.46145370950182e-07,5.34983262812583e-06,1.60470305150438e-05,0.00135411055239687,1.27662821302877e-05,TRUE,TRUE,TRUE,TRUE,"Rpv12+1",0,"Rpv12+1|0"
"Vitvi11g01134",6390.52397098062,2.72064760293423,2.50840978488647,0.566930411247128,5.25567969681238,1.47478772055892e-07,5.39063357324772e-06,0.000443833020186972,0.021660873087819,0.000702240579571827,TRUE,TRUE,TRUE,TRUE,"Rpv12+1",0,"Rpv12+1|0"
"Vitvi11g00332",2119.82668612263,1.15840335906395,1.09709184013875,0.227784554509684,5.25487744343388,1.4812307432992e-07,5.40616305065468e-06,0.236203926157878,1,0.10965536788066,FALSE,TRUE,TRUE,FALSE,"Rpv12+1",0,"Rpv12+1|0"
"Vitvi08g01858",144.09597368973,-1.63355108534084,-1.53311725295341,0.313494678691435,-5.24584223466529,1.55569985795625e-07,5.66955942316719e-06,0.02094908266977,0.355486167038446,0.0108263934882887,FALSE,TRUE,TRUE,FALSE,"Rpv12+1",0,"Rpv12+1|0"
"Vitvi09g04113",498.768080591612,1.67310143197201,1.57100816582662,0.321772658342961,5.24140976817463,1.59354396841161e-07,5.79889943955516e-06,0.0174870123871477,0.314609874164647,0.00902604828203502,FALSE,TRUE,TRUE,FALSE,"Rpv12+1",0,"Rpv12+1|0"
"Vitvi08g01299",105.953452756763,6.34667012096364,5.86212698476876,1.24153270936167,5.24017020110493,1.60428561447918e-07,5.82937763986861e-06,5.06252442250675e-06,0.000521380221922654,5.30415534978897e-06,TRUE,TRUE,TRUE,TRUE,"Rpv12+1",0,"Rpv12+1|0"
"Vitvi12g04429",28.8624364677875,-6.69318169818771,-6.18827319846295,1.34784750961513,-5.23864494611157,1.61759903523701e-07,5.8518604746107e-06,4.17677305745898e-06,0.000438796009678994,7.10414070845141e-06,TRUE,TRUE,TRUE,TRUE,"Rpv12+1",0,"Rpv12+1|0"
"Vitvi17g00046",509.71550454995,1.87921217075139,1.75675202922856,0.370239518474145,5.23382292455884,1.66039527443201e-07,5.98909194449592e-06,0.00716849243695321,0.170995250617811,0.00450402662368508,FALSE,TRUE,TRUE,FALSE,"Rpv12+1",0,"Rpv12+1|0"
"Vitvi08g00802",157.1272530643,5.34637062623253,4.90645788856869,1.11238086883401,5.23218766054205,1.67515554738283e-07,6.03349883995955e-06,1.0520906344204e-05,0.000952305844491466,2.97003903489089e-05,TRUE,TRUE,TRUE,TRUE,"Rpv12+1",0,"Rpv12+1|0"
"Vitvi01g01038",1695.5685164403,2.37249569182348,2.21184895772315,0.457653039027077,5.23177376596232,1.67891152806727e-07,6.03819918327959e-06,0.00123661966130326,0.047924049955603,0.000728550746581023,TRUE,TRUE,TRUE,TRUE,"Rpv12+1",0,"Rpv12+1|0"
"Vitvi13g04425",80.40440881431,1.3923019667726,1.31333918886314,0.269953445819521,5.22857119667639,1.70825050369771e-07,6.13476084680709e-06,0.0703447332051113,0.738780121184944,0.033831616817503,FALSE,TRUE,TRUE,FALSE,"Rpv12+1",0,"Rpv12+1|0"
"Vitvi05g04293",15.7239992247516,6.9996942090303,6.92604026824714,2.11866674890091,5.22704353985799,1.7224195109154e-07,6.1676638184465e-06,3.72823622463851e-06,0.000399793316889193,0.000415359300932638,TRUE,TRUE,TRUE,TRUE,"Rpv12+1",0,"Rpv12+1|0"
"Vitvi09g01807",114.760989100154,3.5725100847323,3.32166856093491,0.675140524226262,5.22416900855606,1.74938944045267e-07,6.24608090652057e-06,8.43324586671782e-05,0.00574492913092374,4.13951547751878e-05,TRUE,TRUE,TRUE,TRUE,"Rpv12+1",0,"Rpv12+1|0"
"Vitvi09g01309",18.2163918055997,-6.3845902671275,-5.92180879772294,1.17002579312716,-5.22038317517787,1.78553312527699e-07,6.36590362870101e-06,5.34564869145361e-06,0.000544112156107918,1.42607344899811e-06,TRUE,TRUE,TRUE,TRUE,"Rpv12+1",0,"Rpv12+1|0"
"Vitvi19g00201",364.963087409574,1.80259029814864,1.67902412936709,0.368745007329811,5.21178668109451,1.870305393228e-07,6.65850342016835e-06,0.0101566431012716,0.219395232771399,0.0075458732562067,FALSE,TRUE,TRUE,FALSE,"Rpv12+1",0,"Rpv12+1|0"
"Vitvi08g01611",528.02535343884,2.93652085730293,2.70412438140282,0.60469122004083,5.20922889683498,1.89627059055841e-07,6.74120090461717e-06,0.000295967575965447,0.0156408400397578,0.00039651031711909,TRUE,TRUE,TRUE,TRUE,"Rpv12+1",0,"Rpv12+1|0"
"Vitvi13g02351",163.691272042456,1.70266968192608,1.58652829349105,0.345449879005804,5.2078332351424,1.91058514940754e-07,6.78230197994298e-06,0.0158090688996138,0.294341233697508,0.0109932560278299,FALSE,TRUE,TRUE,FALSE,"Rpv12+1",0,"Rpv12+1|0"
"Vitvi03g00623",403.34542602233,-1.16925070298528,-1.10419986626916,0.223283608212416,-5.207040533049,1.91876192370696e-07,6.79175556787997e-06,0.225506725169745,1,0.10287190969,FALSE,TRUE,TRUE,FALSE,"Rpv12+1",0,"Rpv12+1|0"
"Vitvi06g01539",34.1153112662236,5.61085532497489,5.07888638718945,1.21096912590322,5.19879446282169,2.00585171463427e-07,7.06955119338054e-06,9.67665196948081e-06,0.000889079196479709,5.56434856111828e-05,TRUE,TRUE,TRUE,TRUE,"Rpv12+1",0,"Rpv12+1|0"
"Vitvi09g02006",164.977099814298,-1.82499621657894,-1.72326926227937,0.352789202265832,-5.19315567133382,2.0675915936636e-07,7.2767409287852e-06,0.00944778009480267,0.209622120016915,0.00434009381258176,FALSE,TRUE,TRUE,FALSE,"Rpv12+1",0,"Rpv12+1|0"
"Vitvi10g04709",47.4120079150645,-7.90868934647293,-7.32701426441697,1.59984998570245,-5.18871392657435,2.11751404591289e-07,7.44180827890298e-06,2.91513886245966e-06,0.000321759989464482,4.42059241103881e-06,TRUE,TRUE,TRUE,TRUE,"Rpv12+1",0,"Rpv12+1|0"
"Vitvi07g00664",28.7629580080506,-8.98170827331542,-9.36900964680437,3.2193800351294,-5.18812638510561,2.12420424989323e-07,7.45468602569367e-06,2.01263161320826e-06,0.000233993023866288,0.000873037381480421,TRUE,TRUE,TRUE,TRUE,"Rpv12+1",0,"Rpv12+1|0"
"Vitvi07g02094",24.3731599233983,-6.6918908878262,-7.08171903631356,2.62002412567596,-5.18760679237046,2.13013775276815e-07,7.46383819110321e-06,5.11281702967904e-06,0.000524494826193624,0.00212153318245521,TRUE,TRUE,TRUE,TRUE,"Rpv12+1",0,"Rpv12+1|0"
"Vitvi17g00028",5609.82068060772,1.32075740261082,1.24672579881999,0.258465892362334,5.18736787549176,2.13287144282216e-07,7.46383819110321e-06,0.103871242057572,0.919826615092766,0.0501555912676841,FALSE,TRUE,TRUE,FALSE,"Rpv12+1",0,"Rpv12+1|0"
"Vitvi18g01016",1773.69928669376,1.17401727838536,1.10972202851326,0.229625277590915,5.18671432896691,2.14036666298785e-07,7.4794429942367e-06,0.221007686367353,1,0.101250553725429,FALSE,TRUE,TRUE,FALSE,"Rpv12+1",0,"Rpv12+1|0"
"Vitvi12g02227",12.6401940421102,4.10926185322558,4.07914215037604,0.850533924158556,5.18390838970698,2.17283690953281e-07,7.54698292307589e-06,4.38374753124645e-05,0.00326707839515316,1.87910604852673e-05,TRUE,TRUE,TRUE,TRUE,"Rpv12+1",0,"Rpv12+1|0"
"Vitvi16g00278",3627.58309375804,-1.1084178190669,-1.0619673736641,0.214557313616065,-5.18403742968332,2.17133327721887e-07,7.54698292307589e-06,0.30605392524232,1,0.130665466248414,FALSE,TRUE,TRUE,FALSE,"Rpv12+1",0,"Rpv12+1|0"
"Vitvi15g01686",518.792169462683,3.15515398148965,2.86919413523267,0.689978493181477,5.18280158965779,2.18577523867768e-07,7.56302791854823e-06,0.000199945730939032,0.0113211696442297,0.000557784170853747,TRUE,TRUE,TRUE,TRUE,"Rpv12+1",0,"Rpv12+1|0"
"Vitvi15g01553",123.807096036381,-2.49866013543298,-2.3068702717141,0.504531252939371,-5.18297322247429,2.18376401058634e-07,7.56302791854823e-06,0.000939650414324068,0.0388314615928962,0.00089560270562138,TRUE,TRUE,TRUE,TRUE,"Rpv12+1",0,"Rpv12+1|0"
"Vitvi12g04431",650.893523801042,1.40611001293819,1.31892671854567,0.283670821672213,5.18202125890795,2.19494190298078e-07,7.58409378987862e-06,0.0672406794851492,0.721176274970077,0.0363101399746767,FALSE,TRUE,TRUE,FALSE,"Rpv12+1",0,"Rpv12+1|0"
"Vitvi17g00306",77.3552418904022,-2.38675551609858,-2.21471749316618,0.473452136777589,-5.17468472776027,2.28296141055368e-07,7.87717609389362e-06,0.00132092942606534,0.0502241175239002,0.000995729862815744,FALSE,TRUE,TRUE,FALSE,"Rpv12+1",0,"Rpv12+1|0"
"Vitvi11g04267",55.2417923718892,-6.97562862104781,-6.34457328925823,1.42517216599166,-5.17295605176038,2.30419224524622e-07,7.93931190963439e-06,4.683250293541e-06,0.000490036577714956,1.11136750554973e-05,TRUE,TRUE,TRUE,TRUE,"Rpv12+1",0,"Rpv12+1|0"
"Vitvi13g01817",231.052245243593,1.08579994846692,1.03277991879013,0.214657513167428,5.17239167359082,2.31116490293844e-07,7.95221488111612e-06,0.341371636425325,1,0.15575198737421,FALSE,TRUE,TRUE,FALSE,"Rpv12+1",0,"Rpv12+1|0"
"Vitvi00g04881",72.660572411428,4.50749926401025,4.13317246912892,0.915510600121553,5.16749347037131,2.37254252870117e-07,8.15201642079248e-06,2.89670696892236e-05,0.00228237824096506,4.49304221539788e-05,TRUE,TRUE,TRUE,TRUE,"Rpv12+1",0,"Rpv12+1|0"
"Vitvi16g00080",2709.39968452463,-1.53138686260449,-1.44060761486599,0.29311227139794,-5.16693237937596,2.37967307424515e-07,8.16512894945732e-06,0.0364935971394846,0.503765703204104,0.0170277813964504,FALSE,TRUE,TRUE,FALSE,"Rpv12+1",0,"Rpv12+1|0"
"Vitvi05g02178",455.075201458758,-1.23788989270291,-1.16753114784841,0.244221450983619,-5.15725483947694,2.50596636274296e-07,8.56688505010169e-06,0.160821112265056,1,0.0763824608996133,FALSE,TRUE,TRUE,FALSE,"Rpv12+1",0,"Rpv12+1|0"
"Vitvi18g01436",1260.17448034183,1.29368782586503,1.21875291362146,0.261508677327275,5.15463086868432,2.54131030527659e-07,8.65943577880969e-06,0.120963536934357,0.998512200273225,0.0612003318363209,FALSE,TRUE,TRUE,FALSE,"Rpv12+1",0,"Rpv12+1|0"
"Vitvi06g01100",49.8484540893406,-8.71922140419919,-8.55804447487385,3.19550331238819,-5.151805796501,2.57990122933708e-07,8.77879097872215e-06,2.55079989337996e-06,0.00028273887462257,0.00180407115929609,TRUE,TRUE,TRUE,TRUE,"Rpv12+1",0,"Rpv12+1|0"
"Vitvi02g00320",611.474896385372,-1.06035247463606,-1.00757069801565,0.207588527773413,-5.14413217525138,2.68760269165794e-07,9.1075350635055e-06,0.384841153921244,1,0.17738950853668,FALSE,TRUE,TRUE,FALSE,"Rpv12+1",0,"Rpv12+1|0"
"Vitvi11g04132",609.690852343424,-1.17976710386747,-1.12138487793433,0.226583211223118,-5.14339527788369,2.69817085035222e-07,9.13078805896667e-06,0.216600670429108,1,0.0944308065674356,FALSE,TRUE,TRUE,FALSE,"Rpv12+1",0,"Rpv12+1|0"
"Vitvi09g00502",246.865471144738,1.44026196400535,1.35178035853917,0.286740915952024,5.13908088057563,2.7608555360506e-07,9.33010109549281e-06,0.0581001712296339,0.669534087751539,0.0296401719864954,FALSE,TRUE,TRUE,FALSE,"Rpv12+1",0,"Rpv12+1|0"
"Vitvi08g02246",697.131716162418,2.01361581757458,1.86284135625306,0.41809574293397,5.13603198819866,2.8059991778252e-07,9.46967064998652e-06,0.00486357789421563,0.13294287788379,0.00419694339759852,FALSE,TRUE,TRUE,FALSE,"Rpv12+1",0,"Rpv12+1|0"
"Vitvi17g00373",358.413660347298,-1.36023301579113,-1.27922437496456,0.26723860624268,-5.13557790446398,2.81278329813459e-07,9.47957993609352e-06,0.0869047476082432,0.834559945919249,0.0420523623783225,FALSE,TRUE,TRUE,FALSE,"Rpv12+1",0,"Rpv12+1|0"
"Vitvi04g01185",4947.38204133433,-1.25208734677956,-1.18438974428026,0.240339189187379,-5.13532018256972,2.81664076889239e-07,9.47961229268209e-06,0.150588445633217,1,0.0678845821383991,FALSE,TRUE,TRUE,FALSE,"Rpv12+1",0,"Rpv12+1|0"
"Vitvi19g04517",137.134829106344,-2.43370971732446,-2.25278300890227,0.487679168361729,-5.13126712831836,2.87798128095114e-07,9.67284404331683e-06,0.00125201783570007,0.048367959133025,0.000980032179959572,TRUE,TRUE,TRUE,TRUE,"Rpv12+1",0,"Rpv12+1|0"
"Vitvi11g01346",166.449620918342,1.56620338236157,1.4641462472027,0.318014388927405,5.12597121242996,2.96007836561561e-07,9.92169940344302e-06,0.0319335215979875,0.466414847281829,0.0183421723395288,FALSE,TRUE,TRUE,FALSE,"Rpv12+1",0,"Rpv12+1|0"
"Vitvi14g04475",12.4150541611154,7.2486138561358,7.13167439594455,2.26374503458996,5.12428775857991,2.9866456010636e-07,9.98358222900989e-06,4.99857035291516e-06,0.000516828465857342,0.000563797342995948,TRUE,TRUE,TRUE,TRUE,"Rpv12+1",0,"Rpv12+1|0"
"Vitvi13g04443",76.7166507761534,3.8058782600983,3.49522653468816,0.761892917679904,5.12439858424495,2.98488956164225e-07,9.98358222900989e-06,7.9060620578058e-05,0.00548580046074647,7.79926785255721e-05,TRUE,TRUE,TRUE,TRUE,"Rpv12+1",0,"Rpv12+1|0"
"Vitvi12g01801",247.506307950399,-1.1514220493007,-1.09148863586296,0.223459402695006,-5.12370646143421,2.99587264054724e-07,1.00008561480382e-05,0.25021538410513,1,0.112646176356867,FALSE,TRUE,TRUE,FALSE,"Rpv12+1",0,"Rpv12+1|0"
"Vitvi12g02448",21.9046581143317,6.27757359709553,5.91006785638758,1.36699446460149,5.1227510572471,3.01109778045388e-07,1.00380791501031e-05,8.28642633172257e-06,0.000774159380041181,2.18536223506661e-05,TRUE,TRUE,TRUE,TRUE,"Rpv12+1",0,"Rpv12+1|0"
"Vitvi10g00944",558.609128140233,1.24225073605238,1.16762741044578,0.245519743206246,5.11926013754995,3.06736618431933e-07,1.01980611763686e-05,0.159065855984658,1,0.0770287849005398,FALSE,TRUE,TRUE,FALSE,"Rpv12+1",0,"Rpv12+1|0"
"Vitvi01g00299",1161.25029188966,1.79970034261851,1.6617671838802,0.377799431472466,5.11848741384821,3.07995787125212e-07,1.02261242744161e-05,0.0114706786810188,0.240433881103183,0.00952336586279748,FALSE,TRUE,TRUE,FALSE,"Rpv12+1",0,"Rpv12+1|0"
"Vitvi16g00258",83.3315781917913,-2.00545864948344,-1.86874083128543,0.396846531122476,-5.11382260670707,3.15703854398176e-07,1.04538711787009e-05,0.00517560118304135,0.138552225595008,0.00294156356446241,FALSE,TRUE,TRUE,FALSE,"Rpv12+1",0,"Rpv12+1|0"
"Vitvi06g00044",7635.95890350144,1.34287721143985,1.26144151416065,0.272399055259714,5.11340706403857,3.16399455485039e-07,1.04628415910462e-05,0.0958430093988097,0.875892977093889,0.0494707030189159,FALSE,TRUE,TRUE,FALSE,"Rpv12+1",0,"Rpv12+1|0"
"Vitvi18g04656",33.3852268918218,-5.57842849061743,-5.08789156528783,1.08926163073908,-5.11246538396135,3.17981269083759e-07,1.05010543500636e-05,1.35846466884315e-05,0.00116894991027197,1.07917597861382e-05,TRUE,TRUE,TRUE,TRUE,"Rpv12+1",0,"Rpv12+1|0"
"Vitvi01g00226",360.339346270521,1.43122164671228,1.33893083494676,0.291655259949617,5.10772837117421,3.26054908483062e-07,1.07245510352319e-05,0.0619095748885669,0.69103809481928,0.0337126115241425,FALSE,TRUE,TRUE,FALSE,"Rpv12+1",0,"Rpv12+1|0"
"Vitvi03g00661",23.6403220161204,6.1181934358971,5.59643414337268,1.16927796622784,5.10670672072723,3.27821945549684e-07,1.0768295267416e-05,9.68643950444272e-06,0.000889079196479709,4.7579453703768e-06,TRUE,TRUE,TRUE,TRUE,"Rpv12+1",0,"Rpv12+1|0"
"Vitvi11g00417",1624.3510180872,2.07566656449118,1.9123529635864,0.444189609333305,5.10413186331256,3.32316503027647e-07,1.09013972950587e-05,0.00408334846929693,0.117251715267111,0.00427854648984877,FALSE,TRUE,TRUE,FALSE,"Rpv12+1",0,"Rpv12+1|0"
"Vitvi01g01320",116.610248483687,2.80818721171597,2.57547241107154,0.580474688834168,5.10039763919505,3.38940646114204e-07,1.1089165680836e-05,0.000511474453638698,0.02384966173393,0.00053976250250782,TRUE,TRUE,TRUE,TRUE,"Rpv12+1",0,"Rpv12+1|0"
"Vitvi08g01450",904.448658783916,1.57052668851782,1.47027853594297,0.32156274259253,5.09647504105705,3.46036161131448e-07,1.13062955777644e-05,0.0320559268023627,0.467419726434228,0.0182973555660826,FALSE,TRUE,TRUE,FALSE,"Rpv12+1",0,"Rpv12+1|0"
"Vitvi14g02749",103.266421898772,2.48894422097091,2.30023631166901,0.503381177280337,5.09207488205354,3.54166164352857e-07,1.14805758223645e-05,0.00115877804978629,0.0454459895117834,0.000918520646857991,TRUE,TRUE,TRUE,TRUE,"Rpv12+1",0,"Rpv12+1|0"
"Vitvi15g00899",2345.96861355843,-1.10270030755191,-1.05649157073299,0.215805051609737,-5.08924494598533,3.59492015079259e-07,1.16379044461138e-05,0.317754132722391,1,0.135760257449739,FALSE,TRUE,TRUE,FALSE,"Rpv12+1",0,"Rpv12+1|0"
"Vitvi03g01834",1412.25093822099,4.88340297638974,4.47505475352972,1.00271546058599,5.0874007819209,3.63004184944928e-07,1.17197532914851e-05,2.6092065323263e-05,0.00209368814966637,3.64395036677468e-05,TRUE,TRUE,TRUE,TRUE,"Rpv12+1",0,"Rpv12+1|0"
"Vitvi00g04610",522.779051728569,1.95223719703425,1.80914308885166,0.402608047911692,5.08716925513384,3.63447455540452e-07,1.17197532914851e-05,0.00654421379782301,0.159464839173689,0.00480387405756215,FALSE,TRUE,TRUE,FALSE,"Rpv12+1",0,"Rpv12+1|0"
"Vitvi12g02011",1846.01616412669,1.5764118063083,1.47863960001985,0.308414071481336,5.0872776128472,3.63239933822609e-07,1.17197532914851e-05,0.0314319534754402,0.463488427826403,0.015384590771229,FALSE,TRUE,TRUE,FALSE,"Rpv12+1",0,"Rpv12+1|0"
"Vitvi14g04239",136.189838145755,1.94254885318324,1.80502322312605,0.389806268546167,5.08690406710056,3.6395581429922e-07,1.1720804498138e-05,0.00678916937113494,0.163835684113947,0.00415673667734983,FALSE,TRUE,TRUE,FALSE,"Rpv12+1",0,"Rpv12+1|0"
"Vitvi18g04756",1115.88878491634,2.37466871717128,2.16732596952549,0.52236897049891,5.08614650377451,3.65411827351255e-07,1.17523313036887e-05,0.00161836566145988,0.0585948227017082,0.00260867115407299,FALSE,TRUE,TRUE,FALSE,"Rpv12+1",0,"Rpv12+1|0"
"Vitvi13g01385",3686.63936622741,-1.3449577260585,-1.26517770906983,0.269441594574094,-5.08480528396186,3.68003408166977e-07,1.18048593276063e-05,0.0960891626239621,0.877039918032179,0.0476374675966752,FALSE,TRUE,TRUE,FALSE,"Rpv12+1",0,"Rpv12+1|0"
"Vitvi10g00241",3361.71243062207,2.06517722908201,2.1051313266637,0.398274925228458,5.0817429290283,3.73987324726538e-07,1.19812116150364e-05,0.00438282034023854,0.123279782021828,0.000460592938290386,FALSE,TRUE,TRUE,FALSE,"Rpv12+1",0,"Rpv12+1|0"
"Vitvi05g00430",201.075853783063,3.19823383971863,2.95454226141925,0.645976944576792,5.08117672697567,3.75103935792254e-07,1.19858113646926e-05,0.000239321619001258,0.0132303906853312,0.000174137255070061,TRUE,TRUE,TRUE,TRUE,"Rpv12+1",0,"Rpv12+1|0"
"Vitvi15g01483",28.0165383719082,-8.55175575705569,-8.95669926139441,3.11858902923449,-5.07834590963792,3.80735039388974e-07,1.21499850134544e-05,3.66114595267897e-06,0.00039739384637398,0.00102806955256545,TRUE,TRUE,TRUE,TRUE,"Rpv12+1",0,"Rpv12+1|0"
"Vitvi05g00520",72.6459726442982,2.56692753563817,2.37245902682261,0.527039455756811,5.0740519723427,3.89432616424371e-07,1.24114643444124e-05,0.000976297534566548,0.0397184559980192,0.000836030051055642,TRUE,TRUE,TRUE,TRUE,"Rpv12+1",0,"Rpv12+1|0"
"Vitvi10g04310",22.2255574937809,3.66068421746549,3.35015637748133,0.782073715658533,5.07332873895305,3.90916302421924e-07,1.24426537809645e-05,0.000113264161142571,0.00740719297832127,0.000196846165660373,TRUE,TRUE,TRUE,TRUE,"Rpv12+1",0,"Rpv12+1|0"
"Vitvi03g01872",5346.30954250312,3.56205016870184,3.24984895661262,0.769549977287219,5.072680286547,3.92251214695174e-07,1.24562509527844e-05,0.000131841696803205,0.00821154034922629,0.000260119385557406,TRUE,TRUE,TRUE,TRUE,"Rpv12+1",0,"Rpv12+1|0"
"Vitvi13g04513",308.751442204984,-1.30779204678296,-1.23259507046424,0.263589315373946,-5.07263009919199,3.92354714213375e-07,1.24562509527844e-05,0.116267177865595,0.976069674514154,0.0572076115665088,FALSE,TRUE,TRUE,FALSE,"Rpv12+1",0,"Rpv12+1|0"
"Vitvi01g02039",172.222277510501,1.65222317858636,1.53788784739179,0.339736589632924,5.06768640294139,4.02680097905371e-07,1.2767602177602e-05,0.0227234742889254,0.37639230021676,0.0140628640170839,FALSE,TRUE,TRUE,FALSE,"Rpv12+1",0,"Rpv12+1|0"
"Vitvi13g04782",9.73058461165875,7.37060853033573,7.31410584849749,2.25759101935102,5.06684268248927,4.04468282490976e-07,1.28078156908068e-05,5.95457182172047e-06,0.000594525359864068,0.000420246316558364,TRUE,TRUE,TRUE,TRUE,"Rpv12+1",0,"Rpv12+1|0"
"Vitvi10g01793",74.3635104179908,1.79241231219535,1.66944224157782,0.36422532143968,5.06544733762078,4.07442408380402e-07,1.28854315441073e-05,0.0125650467055545,0.256788325602031,0.00771339950341065,FALSE,TRUE,TRUE,FALSE,"Rpv12+1",0,"Rpv12+1|0"
"Vitvi01g00286",91.4577129549654,2.9564564821061,2.74114411525231,0.626842204896392,5.0599535249655,4.19358680120333e-07,1.32452826198007e-05,0.000406308767488832,0.0200686146410127,0.000455479090413095,TRUE,TRUE,TRUE,TRUE,"Rpv12+1",0,"Rpv12+1|0"
"Vitvi14g01560",1500.09924679601,1.97775966092849,1.8420358674837,0.395639688009135,5.05571236735187,4.28787178327582e-07,1.35257374203307e-05,0.00621966552460575,0.155553644329882,0.00352251661631237,FALSE,TRUE,TRUE,FALSE,"Rpv12+1",0,"Rpv12+1|0"
"Vitvi13g04184",255.436549981271,2.68908511339296,2.46935350399765,0.564606135611368,5.05426412047914,4.32053361408643e-07,1.36113383780861e-05,0.000749915362079315,0.0325323979380312,0.000843451034538123,TRUE,TRUE,TRUE,TRUE,"Rpv12+1",0,"Rpv12+1|0"
"Vitvi13g00221",141.96894973677,6.23734645936305,5.75924892934832,1.25768162622483,5.05262638734916,4.3577580573035e-07,1.3693587691292e-05,1.105119624968e-05,0.000986649292475693,9.89196923160706e-06,TRUE,TRUE,TRUE,TRUE,"Rpv12+1",0,"Rpv12+1|0"
"Vitvi17g01496",30.6476935791758,-5.51712710638285,-5.05678701991691,1.11705069292407,-5.05266187643404,4.35694814731275e-07,1.3693587691292e-05,1.76066609864255e-05,0.00145750836944274,1.82954219100464e-05,TRUE,TRUE,TRUE,TRUE,"Rpv12+1",0,"Rpv12+1|0"
"Vitvi11g01415",31.9499822350774,-7.16782817224904,-7.53096547862013,2.81415865549128,-5.05215900423688,4.36843794754606e-07,1.37005183852551e-05,6.89480973985811e-06,0.000672990029794584,0.00213405825579498,TRUE,TRUE,TRUE,TRUE,"Rpv12+1",0,"Rpv12+1|0"
"Vitvi05g00886",283.988951016306,1.38622030044318,1.30230971344323,0.27555692068268,5.05204328862833,4.37108599237315e-07,1.37005183852551e-05,0.0796292640943829,0.791643342738946,0.0384866873179549,FALSE,TRUE,TRUE,FALSE,"Rpv12+1",0,"Rpv12+1|0"
"Vitvi18g02490",32.9000184590843,6.86598704105943,6.14196616923763,1.37201917413275,5.04805895605651,4.46321429044559e-07,1.3953775032921e-05,8.06249341619647e-06,0.000758657429044185,1.14364236100992e-05,TRUE,TRUE,TRUE,TRUE,"Rpv12+1",0,"Rpv12+1|0"
"Vitvi16g01496",2400.64993394473,-1.23730143825043,-1.16188166178783,0.243147794227291,-5.04716932097456,4.48403934773946e-07,1.40011144956792e-05,0.166523648702239,1,0.07817003265391,FALSE,TRUE,TRUE,FALSE,"Rpv12+1",0,"Rpv12+1|0"
"Vitvi15g00616",740.160570382314,-1.28837744862068,-1.2098503440744,0.256941787005484,-5.04676743552376,4.49347760525825e-07,1.40128245928028e-05,0.129318683461581,1,0.0632721384752158,FALSE,TRUE,TRUE,FALSE,"Rpv12+1",0,"Rpv12+1|0"
"Vitvi05g00351",665.782687046232,1.15607218827563,1.09408166360304,0.235252874558202,5.04274655759435,4.5889688400109e-07,1.42744742856703e-05,0.248004897539517,1,0.113376384580118,FALSE,TRUE,TRUE,FALSE,"Rpv12+1",0,"Rpv12+1|0"
"Vitvi08g01481",971.227158816931,-1.14385927498078,-1.08494775058233,0.223818539069472,-5.03975362885986,4.66131515923021e-07,1.44812308023702e-05,0.26309503637253,1,0.117212832136163,FALSE,TRUE,TRUE,FALSE,"Rpv12+1",0,"Rpv12+1|0"
"Vitvi08g02100",36.3529174166304,2.82177989606255,2.59147803201796,0.596196894888921,5.03877998784574,4.6850866659553e-07,1.45367500129061e-05,0.000570755267516846,0.025908330914427,0.000682753408937467,TRUE,TRUE,TRUE,TRUE,"Rpv12+1",0,"Rpv12+1|0"
"Vitvi14g00041",185.111027368911,-1.78822809508814,-1.66997785786719,0.351239853274593,-5.03840872575032,4.69418181212281e-07,1.45466494494915e-05,0.0131800129894465,0.264398742170958,0.00634177263092827,FALSE,TRUE,TRUE,FALSE,"Rpv12+1",0,"Rpv12+1|0"
"Vitvi08g00138",2466.58148698377,1.72674947091604,1.6066979654648,0.354440195324688,5.03676155654762,4.73473981854583e-07,1.46355144504009e-05,0.0170090082920428,0.310061775548117,0.0104947301027732,FALSE,TRUE,TRUE,FALSE,"Rpv12+1",0,"Rpv12+1|0"
"Vitvi13g04783",39.7844548989254,4.28137980515326,3.8926830011786,0.906678411910444,5.03432838298834,4.79527048572379e-07,1.48040455747232e-05,5.70515465660764e-05,0.00413410361945151,0.00010967119486082,TRUE,TRUE,TRUE,TRUE,"Rpv12+1",0,"Rpv12+1|0"
"Vitvi01g01368",371.687956746777,-1.06167819961226,-1.00144338000035,0.210713278959526,-5.03266202008738,4.83715488769962e-07,1.49146618039259e-05,0.385000907590992,1,0.184197356578292,FALSE,TRUE,TRUE,FALSE,"Rpv12+1",0,"Rpv12+1|0"
"Vitvi14g00292",325.001596336525,1.69988470718757,1.57834447062149,0.354429145117776,5.03239726305467,4.84384201474304e-07,1.49166114844012e-05,0.0191344550660483,0.335481374043403,0.0125211050880184,FALSE,TRUE,TRUE,FALSE,"Rpv12+1",0,"Rpv12+1|0"
"Vitvi10g00379",1427.50278750704,-1.34510919058976,-1.26439242717792,0.266523445652087,-5.0283885075058,4.94618964295896e-07,1.52127750366963e-05,0.0985056831525174,0.887942855129808,0.046834590734345,FALSE,TRUE,TRUE,FALSE,"Rpv12+1",0,"Rpv12+1|0"
"Vitvi07g02649",3218.75508084818,1.10163701962183,1.04048287415664,0.225673181812238,5.02440282823898,5.0500140841923e-07,1.55127365309428e-05,0.321484608000457,1,0.150245952542425,FALSE,TRUE,TRUE,FALSE,"Rpv12+1",0,"Rpv12+1|0"
"Vitvi00g00786",50.4692456368249,2.13935886765826,1.98142218237397,0.438712922368936,5.02118183108913,5.13545152006238e-07,1.57359432398329e-05,0.00374614753852622,0.110231128751752,0.00257864158094217,FALSE,TRUE,TRUE,FALSE,"Rpv12+1",0,"Rpv12+1|0"
"Vitvi10g01837",2293.0786052219,-1.1744424889949,-1.11014914855764,0.231654499328099,-5.01750777970739,5.23460825110419e-07,1.5999976287122e-05,0.228056883325642,1,0.101700198863158,FALSE,TRUE,TRUE,FALSE,"Rpv12+1",0,"Rpv12+1|0"
"Vitvi01g02003",18.9167259779371,6.61774963847921,6.16892290350814,1.40948478693747,5.01513759199307,5.29955271262041e-07,1.61184914355699e-05,1.03491327616876e-05,0.000940010291364534,1.51692344859456e-05,TRUE,TRUE,TRUE,TRUE,"Rpv12+1",0,"Rpv12+1|0"
"Vitvi09g04098",67.4161517392597,2.2926417198533,2.1075594813731,0.487371318445475,5.0152654727212,5.29602896936719e-07,1.61184914355699e-05,0.00234406335517713,0.0778151691726886,0.00237583918256772,FALSE,TRUE,TRUE,FALSE,"Rpv12+1",0,"Rpv12+1|0"
"Vitvi04g01895",1288.8171212097,-1.17868379910235,-1.12114490255474,0.232217370994957,-5.0156081509582,5.28659763250927e-07,1.61184914355699e-05,0.223523792930298,1,0.0959195364503958,FALSE,TRUE,TRUE,FALSE,"Rpv12+1",0,"Rpv12+1|0"
"Vitvi09g00334",24.10386361637,3.0034297998457,2.76130473731921,0.620194094998147,5.0130184981842,5.35827433674832e-07,1.62369552964492e-05,0.000413016952716043,0.0203467240416177,0.000378105837232736,TRUE,TRUE,TRUE,TRUE,"Rpv12+1",0,"Rpv12+1|0"
"Vitvi19g00528",107.495345661514,2.94926469017886,2.67996643086763,0.650463219291526,5.01318534212002,5.35362830960862e-07,1.62369552964492e-05,0.000460883557646048,0.0222440091964262,0.00092615029507915,TRUE,TRUE,TRUE,TRUE,"Rpv12+1",0,"Rpv12+1|0"
"Vitvi02g01050",75.5747313528971,-2.5634795039392,-2.37692360848944,0.502716022098296,-5.01159628651792,5.39803614281992e-07,1.63373486995714e-05,0.00111931888850884,0.0443640345522767,0.000499316496396994,TRUE,TRUE,TRUE,TRUE,"Rpv12+1",0,"Rpv12+1|0"
"Vitvi13g02553",19.897541997263,7.23023140694046,7.00297800345807,2.22771542116857,5.00854164355278,5.48440100176386e-07,1.65783684760067e-05,7.95654110926939e-06,0.000751390465261292,0.000594721600336446,TRUE,TRUE,TRUE,TRUE,"Rpv12+1",0,"Rpv12+1|0"
"Vitvi01g02227",576.441634537313,1.58998626730949,1.48315768337218,0.333731141435911,5.00267820358989,5.65392760412928e-07,1.70489792478983e-05,0.0317045116506897,0.464626509955402,0.0188818336521345,FALSE,TRUE,TRUE,FALSE,"Rpv12+1",0,"Rpv12+1|0"
"Vitvi18g01875",526.301644586332,1.49789631015954,1.39716257628252,0.31109972802474,5.00153140257811,5.68767002149373e-07,1.71297602261026e-05,0.0482068557987682,0.597650777649278,0.0264533157833674,FALSE,TRUE,TRUE,FALSE,"Rpv12+1",0,"Rpv12+1|0"
"Vitvi03g01372",84.6445059902872,-1.62565718201725,-1.5199675914201,0.325296869311899,-4.99997138811309,5.73388225545361e-07,1.72478538761118e-05,0.0271578829247867,0.422368049601364,0.0136779899359541,FALSE,TRUE,TRUE,FALSE,"Rpv12+1",0,"Rpv12+1|0"
"Vitvi18g02525",211.95259664053,1.10724150818843,1.04688206213611,0.225154313741545,4.99884063260811,5.76760462312069e-07,1.73150847493813e-05,0.314135789387214,1,0.144802131244418,FALSE,TRUE,TRUE,FALSE,"Rpv12+1",0,"Rpv12+1|0"
"Vitvi19g00174",54.7342042197657,3.21388955033225,2.91347357930991,0.700915246647949,4.99634789773362,5.84262177184658e-07,1.74471309056015e-05,0.000288996040566513,0.0153315783299137,0.000522001209342266,TRUE,TRUE,TRUE,TRUE,"Rpv12+1",0,"Rpv12+1|0"
"Vitvi04g01375",72.5661219565745,-3.75570748371039,-3.4351130072187,0.769487721702823,-4.99528952072251,5.8747565778522e-07,1.74795293541023e-05,0.000123555114876048,0.00794265060663746,0.000122153582719176,TRUE,TRUE,TRUE,TRUE,"Rpv12+1",0,"Rpv12+1|0"
"Vitvi01g00812",320.376271519773,-1.50967691968955,-1.41612564368392,0.303263677503509,-4.99542373535654,5.87067209394578e-07,1.74795293541023e-05,0.0458509112102289,0.578674787698965,0.0220595421366738,FALSE,TRUE,TRUE,FALSE,"Rpv12+1",0,"Rpv12+1|0"
"Vitvi11g00821",16.318048034424,2.8135238202587,2.60738784492882,0.596242275185023,4.99232319677895,5.96573165186826e-07,1.77074415633044e-05,0.000645617170172453,0.0288203064070669,0.000582320752506826,TRUE,TRUE,TRUE,TRUE,"Rpv12+1",0,"Rpv12+1|0"
"Vitvi07g00431",542.385690843682,1.98551616482293,1.8382805592675,0.416709000694869,4.99129458606925,5.99759436359575e-07,1.77805938317142e-05,0.00661639235424145,0.160703999623586,0.00478187311342947,FALSE,TRUE,TRUE,FALSE,"Rpv12+1",0,"Rpv12+1|0"
"Vitvi08g02412",552.087218410513,1.26147851488031,1.18462656179851,0.257690140761446,4.98690213881409,6.13551229417284e-07,1.81676058749089e-05,0.150642401077882,1,0.0726046931800086,FALSE,TRUE,TRUE,FALSE,"Rpv12+1",0,"Rpv12+1|0"
"Vitvi09g04225",733.872810350127,-1.42988091300481,-1.34687354908295,0.283450555557526,-4.98572483351882,6.172994741953e-07,1.82566504757208e-05,0.0669480241820586,0.719929774893155,0.0298096903896958,FALSE,TRUE,TRUE,FALSE,"Rpv12+1",0,"Rpv12+1|0"
"Vitvi12g04094",761.840714381165,2.99766101426228,2.70329944389941,0.690465895278738,4.9851644105537,6.19091464657867e-07,1.82876946322676e-05,0.000446639155979667,0.0217572321811399,0.00133761003417892,TRUE,TRUE,TRUE,TRUE,"Rpv12+1",0,"Rpv12+1|0"
"Vitvi12g02326",776.238906882576,2.7623230859741,2.4996007210951,0.628593748896366,4.98483552238773,6.20145440440149e-07,1.82968899050102e-05,0.000735728533814134,0.0321300880067512,0.001700247416431,TRUE,TRUE,TRUE,TRUE,"Rpv12+1",0,"Rpv12+1|0"
"Vitvi01g01902",948.67844356056,3.43691823294637,3.08661966145796,0.801851426170722,4.98157016728565,6.30704064938574e-07,1.85417963530152e-05,0.000206104958192057,0.0116196112097975,0.000850847976817198,TRUE,TRUE,TRUE,TRUE,"Rpv12+1",0,"Rpv12+1|0"
"Vitvi00g04037",95.7195155020887,-1.80055864726717,-1.66734356154275,0.366727290818902,-4.97882316289892,6.39720583418491e-07,1.8784453269485e-05,0.0134257961314479,0.26761669978428,0.0079976067554635,FALSE,TRUE,TRUE,FALSE,"Rpv12+1",0,"Rpv12+1|0"
"Vitvi04g04332",27.5631597321492,-7.55194603005537,-7.97460292477485,2.87271525411937,-4.97763440784957,6.43660841674513e-07,1.88552062966627e-05,7.86279266668046e-06,0.000745227512201791,0.00152903414717019,TRUE,TRUE,TRUE,TRUE,"Rpv12+1",0,"Rpv12+1|0"
"Vitvi09g00307",413.834939976879,2.10221409032796,1.93086656001395,0.455177085821618,4.97691786867327,6.46047176110368e-07,1.89026344782126e-05,0.00453435427621794,0.126454342762884,0.00448349309153893,FALSE,TRUE,TRUE,FALSE,"Rpv12+1",0,"Rpv12+1|0"
"Vitvi12g02493",1774.81504756055,1.76829501493284,1.63443559074688,0.37790697925984,4.97629237402435,6.48137267562152e-07,1.89412926733822e-05,0.015304581434131,0.289272070618087,0.0115629105110107,FALSE,TRUE,TRUE,FALSE,"Rpv12+1",0,"Rpv12+1|0"
"Vitvi02g00225",16929.070117113,1.36421224169469,1.27780579288555,0.280028450272672,4.97564327632268,6.50313118213418e-07,1.89823625359073e-05,0.092026551620893,0.860065224669861,0.0467676712625255,FALSE,TRUE,TRUE,FALSE,"Rpv12+1",0,"Rpv12+1|0"
"Vitvi06g00449",534.220180003741,1.28207812491187,1.19402174635861,0.268859257018399,4.96933813198501,6.71818268735915e-07,1.95175882884174e-05,0.137123251473491,1,0.0719664309720133,FALSE,TRUE,TRUE,FALSE,"Rpv12+1",0,"Rpv12+1|0"
"Vitvi03g00263",19.3850909109395,5.33713079929564,4.81286255732317,1.16658560403746,4.96325036715397,6.93231252414728e-07,2.0041904388275e-05,2.75010306558529e-05,0.00217341226865999,8.21611106467404e-05,TRUE,TRUE,TRUE,TRUE,"Rpv12+1",0,"Rpv12+1|0"
"Vitvi15g00084",427.636736409302,2.48088413258506,2.26816382997686,0.539060826816249,4.96340621952292,6.92674948607012e-07,2.0041904388275e-05,0.00152454035151842,0.0562488731387451,0.00188776506621882,FALSE,TRUE,TRUE,FALSE,"Rpv12+1",0,"Rpv12+1|0"
"Vitvi06g00393",259.605107293135,2.48486237519437,2.27278010231871,0.544063580740968,4.96101771730695,7.01247946574755e-07,2.02057829377961e-05,0.00151576907470891,0.0560042418436588,0.00197294596223673,FALSE,TRUE,TRUE,FALSE,"Rpv12+1",0,"Rpv12+1|0"
"Vitvi10g01748",811.986374064969,1.13709382895968,1.07332902102002,0.231255280750867,4.9585100736664,7.10358559255696e-07,2.04443848899805e-05,0.274978936665011,1,0.12586492122003,FALSE,TRUE,TRUE,FALSE,"Rpv12+1",0,"Rpv12+1|0"
"Vitvi16g04352",28.1166483558132,-3.92412499687992,-3.603326966728,0.800694559162495,-4.95805847869788,7.12011338622919e-07,2.04680412349058e-05,0.000110126732153273,0.00723820398592326,8.65092358953835e-05,TRUE,TRUE,TRUE,TRUE,"Rpv12+1",0,"Rpv12+1|0"
"Vitvi07g04371",124.821376904346,-3.44333170708878,-3.1113311011238,0.750079406743262,-4.95600421752023,7.19576545670819e-07,2.06614076680027e-05,0.000218474313657049,0.0122116871174246,0.00040575053360669,TRUE,TRUE,TRUE,TRUE,"Rpv12+1",0,"Rpv12+1|0"
"Vitvi01g00088",63.732644626082,-2.34660276115914,-2.15925308478833,0.487689104374108,-4.95534110130761,7.22035088582559e-07,2.07078654741792e-05,0.00223012259909784,0.0746007379409212,0.00174565349917691,FALSE,TRUE,TRUE,FALSE,"Rpv12+1",0,"Rpv12+1|0"
"Vitvi04g01955",597.220935190455,1.31450985789536,1.23155494637431,0.271874977239354,4.95457843583758,7.24872723239452e-07,2.07650748950316e-05,0.11792308585674,0.983030593666818,0.0598103553789186,FALSE,TRUE,TRUE,FALSE,"Rpv12+1",0,"Rpv12+1|0"
"Vitvi04g04017",4.62049235164771,6.98825887538095,7.17460917895542,2.29736102702685,4.95377711680292,7.2786574949091e-07,2.08265976822974e-05,1.09417221644271e-05,0.000980220924997423,0.000619589195916679,TRUE,TRUE,TRUE,TRUE,"Rpv12+1",0,"Rpv12+1|0"
"Vitvi03g01628",197.040276747607,-1.25217062949337,-1.1767561806467,0.253831791929336,-4.95235606553033,7.33202856713875e-07,2.09064647893554e-05,0.159299966995278,1,0.0750114106210568,FALSE,TRUE,TRUE,FALSE,"Rpv12+1",0,"Rpv12+1|0"
"Vitvi10g01190",1263.83102266122,-1.58354244829312,-1.4674165946122,0.331021804380164,-4.95172653830108,7.35579233323645e-07,2.09257852103479e-05,0.0340206432412049,0.484809969938322,0.0206259129513324,FALSE,TRUE,TRUE,FALSE,"Rpv12+1",0,"Rpv12+1|0"
"Vitvi14g04574",131.410876008512,2.3553038004574,2.1670827595886,0.503041979214787,4.95099873116286,7.38335851329391e-07,2.0955808794183e-05,0.00219329217682063,0.0735580993111818,0.00214657385780298,FALSE,TRUE,TRUE,FALSE,"Rpv12+1",0,"Rpv12+1|0"
"Vitvi01g01651",2372.08519712513,-1.05691399291123,-1.00357662976117,0.211038257547961,-4.95102691711384,7.3822891015884e-07,2.0955808794183e-05,0.394885138879421,1,0.181898917915931,FALSE,TRUE,TRUE,FALSE,"Rpv12+1",0,"Rpv12+1|0"
"Vitvi14g04505",24.9916013807893,3.99167382977453,3.60816698780619,0.865827253589028,4.9494890724693,7.44085551378991e-07,2.10704501652561e-05,0.000103820104899738,0.00689296985805137,0.000193908712932552,TRUE,TRUE,TRUE,TRUE,"Rpv12+1",0,"Rpv12+1|0"
"Vitvi14g04055",177.982147869047,-1.50931163800875,-1.40419931215717,0.307357838000302,-4.94880465949218,7.46706400972432e-07,2.11203890865176e-05,0.0474640490026798,0.591243837076714,0.0244053574469502,FALSE,TRUE,TRUE,FALSE,"Rpv12+1",0,"Rpv12+1|0"
"Vitvi09g04231",23.7563407685281,3.68076585519685,3.36603759774736,0.726086784021031,4.94804186077216,7.49637895324443e-07,2.11789898958864e-05,0.000156832537121764,0.00945295469716183,8.35997416442328e-05,TRUE,TRUE,TRUE,TRUE,"Rpv12+1",0,"Rpv12+1|0"
"Vitvi05g01108",20301.7695551934,1.51761745858074,1.41160849765803,0.321943022782586,4.94445452216326,7.63573635764756e-07,2.15233410648748e-05,0.0458577481899137,0.578674787698965,0.0261257869894991,FALSE,TRUE,TRUE,FALSE,"Rpv12+1",0,"Rpv12+1|0"
"Vitvi10g02023",153.697084545911,3.0004023866504,2.71932773009993,0.668126090249245,4.9411477744882,7.76640158143807e-07,2.18406096420257e-05,0.000493301622763674,0.0232929190430956,0.000956679388830033,TRUE,TRUE,TRUE,TRUE,"Rpv12+1",0,"Rpv12+1|0"
"Vitvi10g00191",1109.07971737943,1.17997721793203,1.10746592260544,0.248229893755844,4.94093486005539,7.77488823512603e-07,2.18406096420257e-05,0.225538390193199,1,0.108114215767869,FALSE,TRUE,TRUE,FALSE,"Rpv12+1",0,"Rpv12+1|0"
"Vitvi10g01862",276.680264217096,3.74491878016589,3.3830045279951,0.83543818868551,4.93592177249217,7.97730801844668e-07,2.23582434974348e-05,0.000148507461279678,0.00903443413863976,0.000352079008228955,TRUE,TRUE,TRUE,TRUE,"Rpv12+1",0,"Rpv12+1|0"
"Vitvi18g04551",191.293228160195,2.01353845508439,1.86873588334546,0.406680778296924,4.93545432687957,7.99643928474063e-07,2.23863952521443e-05,0.00648996546906043,0.158961616765123,0.00337850126818112,FALSE,TRUE,TRUE,FALSE,"Rpv12+1",0,"Rpv12+1|0"
"Vitvi08g01669",45.6604639001268,3.68871892625953,3.33902375663959,0.813623076244906,4.93502918280355,8.01387763327276e-07,2.24097490775605e-05,0.000160856453718279,0.0096069497096266,0.000314542929474229,TRUE,TRUE,TRUE,TRUE,"Rpv12+1",0,"Rpv12+1|0"
"Vitvi06g04423",256.289194921866,-1.94455493963782,-1.81071035274945,0.399301070956602,-4.93394937144259,8.05833361743715e-07,2.24830245752188e-05,0.00827322376592351,0.190677762548716,0.00460817961749258,FALSE,TRUE,TRUE,FALSE,"Rpv12+1",0,"Rpv12+1|0"
"Vitvi18g01276",296.595939829736,2.93514494568456,2.6828802939006,0.636782825329654,4.93363120775323,8.07147770186066e-07,2.24942222469501e-05,0.000571470887175519,0.025908330914427,0.000735370922114292,TRUE,TRUE,TRUE,TRUE,"Rpv12+1",0,"Rpv12+1|0"
"Vitvi01g02030",449.445403044106,2.05020937324217,1.89642805798556,0.428184537314606,4.93005815252536,8.22051427994771e-07,2.28836824633663e-05,0.00577837718604782,0.147859705921839,0.00378370888313345,FALSE,TRUE,TRUE,FALSE,"Rpv12+1",0,"Rpv12+1|0"
"Vitvi02g00013",473.97221712634,1.89565815365996,1.73610961762081,0.410124151903436,4.92512338661368,8.43071392335002e-07,2.3407690066702e-05,0.00998220593363662,0.21724170134609,0.00863761216395103,FALSE,TRUE,TRUE,FALSE,"Rpv12+1",0,"Rpv12+1|0"
"Vitvi15g00795",1313.08557131347,-1.59146627630424,-1.48470729861317,0.32194120018022,-4.92464281633301,8.45145852279205e-07,2.34207122798093e-05,0.0336072684234293,0.480902396269685,0.0169435208995303,FALSE,TRUE,TRUE,FALSE,"Rpv12+1",0,"Rpv12+1|0"
"Vitvi14g00319",548.321926513763,-1.67966770725233,-1.55553678679177,0.343903245228231,-4.92439555216849,8.462151227839e-07,2.34239952414653e-05,0.0231511071910059,0.380886674848757,0.0131520224019118,FALSE,TRUE,TRUE,FALSE,"Rpv12+1",0,"Rpv12+1|0"
"Vitvi12g01643",42.6922989237039,-3.66915580348596,-3.366764267668,0.747276629764737,-4.92138555555522,8.59336480038939e-07,2.37605090036356e-05,0.000171731537170903,0.0100161198506875,0.000118467784382852,TRUE,TRUE,TRUE,TRUE,"Rpv12+1",0,"Rpv12+1|0"
"Vitvi05g02219",77.3007928688695,2.98867711128891,2.70771674004457,0.672791025671079,4.91907137374503,8.69557603509201e-07,2.39892733707197e-05,0.000531744766262157,0.0246835496917638,0.00107758764953268,TRUE,TRUE,TRUE,TRUE,"Rpv12+1",0,"Rpv12+1|0"
"Vitvi12g00146",270.052759345805,3.03774389240202,2.77339906603835,0.659467153021799,4.91809036796263,8.73925686852581e-07,2.4082811209508e-05,0.000484983766212643,0.0230481374753231,0.000613346536170847,TRUE,TRUE,TRUE,TRUE,"Rpv12+1",0,"Rpv12+1|0"
"Vitvi01g01971",5773.22175717465,1.80157429913981,1.66461521874225,0.38684826684129,4.91560113521883,8.85104425556656e-07,2.43188532356187e-05,0.0143676855465719,0.278484951787879,0.0103299141366175,FALSE,TRUE,TRUE,FALSE,"Rpv12+1",0,"Rpv12+1|0"
"Vitvi03g04160",65.1611608817214,-3.27488299057132,-3.00011712753305,0.678986815842641,-4.91519944420875,8.86921208347307e-07,2.43320611234346e-05,0.000319705376023797,0.0167591695094938,0.000231448394548008,TRUE,TRUE,TRUE,TRUE,"Rpv12+1",0,"Rpv12+1|0"
"Vitvi10g02340",97.7666407227973,3.0339157749873,2.75426404206792,0.678316716795868,4.90518667050389,9.33385284531945e-07,2.55498665219211e-05,0.000503788226081399,0.0236599572819808,0.000903225826098434,TRUE,TRUE,TRUE,TRUE,"Rpv12+1",0,"Rpv12+1|0"
"Vitvi01g02201",67.1351169966239,3.62093850414043,3.27592152809824,0.793780815436302,4.90112723918315,9.52883127819872e-07,2.60546378878694e-05,0.000194397274011326,0.0110548658497006,0.00033092421948792,TRUE,TRUE,TRUE,TRUE,"Rpv12+1",0,"Rpv12+1|0"
"Vitvi15g04273",54.4907965849772,3.02104045511069,2.75584196682936,0.652092932039905,4.89822565239423,9.67059411363665e-07,2.64129441888639e-05,0.000524850924136343,0.0244298493318196,0.000607110235864331,TRUE,TRUE,TRUE,TRUE,"Rpv12+1",0,"Rpv12+1|0"
"Vitvi00g04705",184.602154095743,1.45927354100482,1.34858218510204,0.306990869175023,4.89577593119494,9.79185882933009e-07,2.66849816503735e-05,0.0616784242254782,0.690773262315261,0.0353333118362799,FALSE,TRUE,TRUE,FALSE,"Rpv12+1",0,"Rpv12+1|0"
"Vitvi04g01576",1340.23582303912,1.45956870988227,1.32014298608968,0.30480472900913,4.89288875756646,9.93665771187311e-07,2.70198122946695e-05,0.061706498369028,0.690773262315261,0.0417925878884174,FALSE,TRUE,TRUE,FALSE,"Rpv12+1",0,"Rpv12+1|0"
"Vitvi14g00113",449.947894447318,2.29529496134773,2.10392151075952,0.500274164025845,4.89200839388082,9.98121868028684e-07,2.71110588100933e-05,0.00288398531016081,0.0906756871736738,0.00281148448278412,FALSE,TRUE,TRUE,FALSE,"Rpv12+1",0,"Rpv12+1|0"
"Vitvi12g04567",502.43270163573,1.07558412281565,1.01297766343451,0.226525545981523,4.89000293583962,1.00834473758449e-06,2.73585693338453e-05,0.365561017857772,1,0.173749186278264,FALSE,TRUE,TRUE,FALSE,"Rpv12+1",0,"Rpv12+1|0"
"Vitvi07g01614",962.337095429382,3.20440800764863,2.89477000689829,0.733973640964308,4.88909213415583,1.01302078111313e-06,2.74250329269266e-05,0.00038500986024014,0.0192233171808576,0.000948909547772971,TRUE,TRUE,TRUE,TRUE,"Rpv12+1",0,"Rpv12+1|0"
"Vitvi06g00513",363991.033916376,-1.08154840261199,-1.02297096809911,0.216911678651967,-4.88772187618658,1.02009501033244e-06,2.75862356471461e-05,0.356238047895347,1,0.164069492886353,FALSE,TRUE,TRUE,FALSE,"Rpv12+1",0,"Rpv12+1|0"
"Vitvi15g00992",55.0218802302968,3.44389531827358,3.16248802560178,0.721300081685549,4.88670154042494,1.02539355826666e-06,2.76687795196685e-05,0.000262412400783519,0.0142415891952201,0.000202758901609316,TRUE,TRUE,TRUE,TRUE,"Rpv12+1",0,"Rpv12+1|0"
"Vitvi03g00369",163.104995503783,2.66951476843795,2.42268985246786,0.602536741475863,4.88456532780559,1.03657271439616e-06,2.79157959277876e-05,0.00112602479946505,0.0445220513019166,0.00181594870719642,TRUE,TRUE,TRUE,TRUE,"Rpv12+1",0,"Rpv12+1|0"
"Vitvi05g01893",281.992900342492,1.58131109400014,1.47138394894853,0.32942997031072,4.8845194381543,1.03681414490687e-06,2.79157959277876e-05,0.0362779135842276,0.501847668667271,0.0196542087928109,FALSE,TRUE,TRUE,FALSE,"Rpv12+1",0,"Rpv12+1|0"
"Vitvi02g01427",764.278407301969,-1.82919383028425,-1.70167256786784,0.375939556753585,-4.8827725906614,1.04604485191333e-06,2.81335818468743e-05,0.0134345266470508,0.26761669978428,0.00713269540409218,FALSE,TRUE,TRUE,FALSE,"Rpv12+1",0,"Rpv12+1|0"
"Vitvi11g04279",424.638199207125,-1.17992556345961,-1.10584227891786,0.244562028575148,-4.88021231581769,1.05971693152155e-06,2.84702140948362e-05,0.22838431975002,1,0.108205095124427,FALSE,TRUE,TRUE,FALSE,"Rpv12+1",0,"Rpv12+1|0"
"Vitvi12g02753",92.9705439879113,-3.25465094612677,-2.99622768302111,0.660038373239532,-4.87679960127763,1.07820874469763e-06,2.88784524522702e-05,0.000364557815896339,0.0183746973141278,0.00017976256776445,TRUE,TRUE,TRUE,TRUE,"Rpv12+1",0,"Rpv12+1|0"
"Vitvi12g00388",1328.6589335908,1.63120693350047,1.51212445189085,0.346361254849918,4.87293383466738,1.0995305576322e-06,2.94115470334711e-05,0.0296733710252068,0.446363262017472,0.0176788856294933,FALSE,TRUE,TRUE,FALSE,"Rpv12+1",0,"Rpv12+1|0"
"Vitvi09g04376",58.6498781510329,2.3622277757124,2.16728116338781,0.511277160439458,4.87194538260076,1.10504720951129e-06,2.9495062896555e-05,0.00248085944585372,0.0808793781438502,0.00229239225103796,FALSE,TRUE,TRUE,FALSE,"Rpv12+1",0,"Rpv12+1|0"
"Vitvi07g00390",616.619037877666,2.61334748780513,2.38943965550631,0.572529001268951,4.8707457553921,1.11177823556049e-06,2.96426067221518e-05,0.00131941548971608,0.0502241175239002,0.00154960123394511,FALSE,TRUE,TRUE,FALSE,"Rpv12+1",0,"Rpv12+1|0"
"Vitvi09g00389",71.9084788721996,4.44317513577803,3.94145758223348,1.07533738040483,4.86864441059786,1.12366393324054e-06,2.98869121477842e-05,8.06860901743224e-05,0.00556904335849631,0.000516263555753338,TRUE,TRUE,TRUE,TRUE,"Rpv12+1",0,"Rpv12+1|0"
"Vitvi13g00807",4265.59117983452,-2.58308200830766,-2.32120583157171,0.602553373652235,-4.86298185289845,1.1563045186374e-06,3.06638515835856e-05,0.00143957673464933,0.0539511286557191,0.00287597526016167,FALSE,TRUE,TRUE,FALSE,"Rpv12+1",0,"Rpv12+1|0"
"Vitvi08g01347",1343.45059350106,1.32423658445374,1.23847224628891,0.278353248171289,4.85748306080832,1.18887304543476e-06,3.14936304810009e-05,0.117152033040722,0.980038385773025,0.0590091946038353,FALSE,TRUE,TRUE,FALSE,"Rpv12+1",0,"Rpv12+1|0"
"Vitvi05g02096",461.720866789957,-3.50337118452354,-3.10989323666338,0.826941408057289,-4.85708264417499,1.19127881854405e-06,3.15234639888841e-05,0.00025957122854094,0.0141166814291111,0.00101994815658981,TRUE,TRUE,TRUE,TRUE,"Rpv12+1",0,"Rpv12+1|0"
"Vitvi07g02229",20.6457537705019,6.93910709855287,6.32991401991153,1.56567840431788,4.85296668269358,1.21628130695295e-06,3.21505432168379e-05,1.63782079989328e-05,0.00137761267859834,4.8640534541429e-05,TRUE,TRUE,TRUE,TRUE,"Rpv12+1",0,"Rpv12+1|0"
"Vitvi12g04373",20.0471780175947,5.92540269432905,5.28747935287813,1.20879311756757,4.85233886257089,1.22013911256439e-06,3.22100932785802e-05,2.7490856600377e-05,0.00217341226865999,2.64560829801181e-05,TRUE,TRUE,TRUE,TRUE,"Rpv12+1",0,"Rpv12+1|0"
"Vitvi00g04022",64.0500392519117,-3.07247104006631,-2.80736815211521,0.643281051258751,-4.85217482630083,1.22114901453945e-06,3.22100932785802e-05,0.000532188616772613,0.0246835496917638,0.00041045424426476,TRUE,TRUE,TRUE,TRUE,"Rpv12+1",0,"Rpv12+1|0"
"Vitvi11g01303",347.291962289726,3.62889991870355,3.26660952018885,0.831529541111977,4.84697348979121,1.253591714182e-06,3.30304657439441e-05,0.000222948742820771,0.0124352157003168,0.000527800311299062,TRUE,TRUE,TRUE,TRUE,"Rpv12+1",0,"Rpv12+1|0"
"Vitvi04g01402",8920.92817194462,-1.07169271907223,-1.01245705158175,0.217926398119999,-4.84445149977092,1.26961925674656e-06,3.34170299243678e-05,0.37293953799036,1,0.17384500534753,FALSE,TRUE,TRUE,FALSE,"Rpv12+1",0,"Rpv12+1|0"
"Vitvi10g02293",162.566341662758,-1.10660589292369,-1.04255015552189,0.22848475295977,-4.84389199814419,1.27320157693526e-06,3.34755539481077e-05,0.3203784545036,1,0.148622503921558,FALSE,TRUE,TRUE,FALSE,"Rpv12+1",0,"Rpv12+1|0"
"Vitvi08g02217",15.2699639048116,-6.87973352406978,-7.20392341712057,2.72469527824306,-4.84192031496458,1.28590333489149e-06,3.37734696784507e-05,1.75223743712317e-05,0.00145567709262107,0.00232017801970129,TRUE,TRUE,TRUE,TRUE,"Rpv12+1",0,"Rpv12+1|0"
"Vitvi07g04631",87.7614846467839,4.63316794199755,4.12213048543469,1.09930408181004,4.84009419441107,1.29777602131206e-06,3.39766313082296e-05,7.36952113389411e-05,0.00518223933713806,0.000373768421547183,TRUE,TRUE,TRUE,TRUE,"Rpv12+1",0,"Rpv12+1|0"
"Vitvi09g01694",314.257743311505,-1.43830171074889,-1.3436323128261,0.296510240094477,-4.83851329622956,1.3081394623168e-06,3.4211596383903e-05,0.0701779251756859,0.738152128938789,0.0340693142336903,FALSE,TRUE,TRUE,FALSE,"Rpv12+1",0,"Rpv12+1|0"
"Vitvi13g01323",953.403912895684,1.17905453102517,1.10287188080227,0.254142569053553,4.83715828286291,1.31708544594547e-06,3.44090318624736e-05,0.231296309780846,1,0.112919342772526,FALSE,TRUE,TRUE,FALSE,"Rpv12+1",0,"Rpv12+1|0"
"Vitvi19g04363",168.367054442054,-3.49780621674649,-3.2079581055685,0.729149277108318,-4.83576844583046,1.32632245896946e-06,3.46136441728512e-05,0.000276934101753213,0.0148145586252807,0.000171309425255392,TRUE,TRUE,TRUE,TRUE,"Rpv12+1",0,"Rpv12+1|0"
"Vitvi01g04206",14.2370708122968,6.24249875917287,6.04190765222211,2.07301519207912,4.83298799842892,1.34498898494077e-06,3.50265841786478e-05,2.46750859280521e-05,0.00199837638635268,0.00149818352930378,TRUE,TRUE,TRUE,TRUE,"Rpv12+1",0,"Rpv12+1|0"
"Vitvi05g01940",927.215697267467,4.86480717004155,4.42198447080081,1.05713689145986,4.83158543584505,1.3545007033911e-06,3.51998727096446e-05,6.19185367512105e-05,0.00442548361441233,9.54228538761027e-05,TRUE,TRUE,TRUE,TRUE,"Rpv12+1",0,"Rpv12+1|0"
"Vitvi13g00055",372.051623458031,1.52366733102444,1.41622923437463,0.321196456700904,4.83159789211881,1.35441594501161e-06,3.51998727096446e-05,0.0484003338158665,0.599481217939987,0.0251492057809992,FALSE,TRUE,TRUE,FALSE,"Rpv12+1",0,"Rpv12+1|0"
"Vitvi08g02236",183.653831739245,-1.11063599179072,-1.04405936206791,0.23192295973372,-4.82976130938668,1.36696814911492e-06,3.54864355338199e-05,0.315216808827898,1,0.147665662523256,FALSE,TRUE,TRUE,FALSE,"Rpv12+1",0,"Rpv12+1|0"
"Vitvi16g01965",285.65615793551,3.53856879191733,3.07000866288709,0.884857293486529,4.82943003998083,1.36924410195891e-06,3.5508102837747e-05,0.000265478563070722,0.0143484581226591,0.00198516408429748,TRUE,TRUE,TRUE,TRUE,"Rpv12+1",0,"Rpv12+1|0"
"Vitvi13g00109",61.7782108081818,4.33621624022451,3.93635903439662,0.950517128476175,4.82841591667853,1.37623421056913e-06,3.56143970709886e-05,0.000101640673171408,0.00676544114374267,0.000147716480426157,TRUE,TRUE,TRUE,TRUE,"Rpv12+1",0,"Rpv12+1|0"
"Vitvi06g00665",1105.29719948946,3.33961685070896,3.00438238583551,0.779104085305703,4.82726178188278,1.38423113830419e-06,3.5746245621868e-05,0.000360052448986813,0.0182178182070523,0.000964438595839662,TRUE,TRUE,TRUE,TRUE,"Rpv12+1",0,"Rpv12+1|0"
"Vitvi14g03003",30.4461969489117,3.09522030630181,2.81231975346788,0.680526314761978,4.82744713072533,1.38294386261062e-06,3.5746245621868e-05,0.00054193204252334,0.0249584512330423,0.000695715828591539,TRUE,TRUE,TRUE,TRUE,"Rpv12+1",0,"Rpv12+1|0"
"Vitvi05g01931",637.691516422777,5.36734677691583,4.88168095569254,1.16034955237366,4.82568419457451,1.39523446247061e-06,3.59926661962575e-05,4.30823042592166e-05,0.00321997142033385,6.21342893249927e-05,TRUE,TRUE,TRUE,TRUE,"Rpv12+1",0,"Rpv12+1|0"
"Vitvi03g00164",207.949460939655,-2.12489737967736,-1.96409241520831,0.437985088100767,-4.82382202359655,1.40833095098515e-06,3.62925118289438e-05,0.00532958135822716,0.141155365152357,0.00284340340879162,FALSE,TRUE,TRUE,FALSE,"Rpv12+1",0,"Rpv12+1|0"
"Vitvi06g00191",478.707820815904,-1.20373226723842,-1.12546806932189,0.25259486314144,-4.82092158522731,1.42896523538521e-06,3.67473773893008e-05,0.207266281265926,1,0.0990096504035546,FALSE,TRUE,TRUE,FALSE,"Rpv12+1",0,"Rpv12+1|0"
"Vitvi18g03366",38.7752871099782,3.17119970714655,2.87063361836483,0.692116782748309,4.82014159254924,1.43456366774538e-06,3.68528785386603e-05,0.000483135912685809,0.0230206782148417,0.000569913090069945,TRUE,TRUE,TRUE,TRUE,"Rpv12+1",0,"Rpv12+1|0"
"Vitvi14g04448",13502.548224754,2.08714883289956,1.90954318415508,0.461162104593192,4.81973741669929,1.43747294801031e-06,3.68891495283145e-05,0.00602814075409388,0.152684267089414,0.00530067831572018,FALSE,TRUE,TRUE,FALSE,"Rpv12+1",0,"Rpv12+1|0"
"Vitvi11g01522",25.6696146905248,3.80033175542885,3.44249610479015,0.82268266394383,4.81514891224604,1.47090160445983e-06,3.7707154546857e-05,0.000193999921932068,0.0110548658497006,0.000221452335311061,TRUE,TRUE,TRUE,TRUE,"Rpv12+1",0,"Rpv12+1|0"
"Vitvi07g04392",11.4024201456711,7.11772611479817,6.99402161636642,2.3055122347044,4.81452343319459,1.4755158964503e-06,3.77474658618375e-05,1.75288919368339e-05,0.00145567709262107,0.000865656117450627,TRUE,TRUE,TRUE,TRUE,"Rpv12+1",0,"Rpv12+1|0"
"Vitvi15g00331",28.0966706191464,-4.25318956306892,-3.83917638727761,0.926502933507779,-4.80950125572133,1.51307345634252e-06,3.86681303635418e-05,0.000117213161291326,0.00758955219361338,0.000155119760221737,TRUE,TRUE,TRUE,TRUE,"Rpv12+1",0,"Rpv12+1|0"
"Vitvi17g00343",968.847554758483,4.49872508937175,3.97040934406214,1.11710786097612,4.80468895134919,1.54992269359164e-06,3.95688036055166e-05,9.32359812727305e-05,0.00625374367721374,0.000708777579799172,TRUE,TRUE,TRUE,TRUE,"Rpv12+1",0,"Rpv12+1|0"
"Vitvi03g01482",67.7732841515003,-3.69438493440435,-3.35786085186699,0.790674978158919,-4.80371893833536,1.55745413546936e-06,3.97199172685539e-05,0.000229642777120066,0.0127735247961795,0.0002119583258086,TRUE,TRUE,TRUE,TRUE,"Rpv12+1",0,"Rpv12+1|0"
"Vitvi00g04602",182.052963510635,-1.29786211343832,-1.20321541016469,0.271442629282147,-4.80233161154148,1.56828688386432e-06,3.99548248923283e-05,0.135199251548051,1,0.0697471483890909,FALSE,TRUE,TRUE,FALSE,"Rpv12+1",0,"Rpv12+1|0"
"Vitvi12g04566",1191.34762424484,1.2389779006529,1.21423990333647,0.270207641686847,4.79945663698868,1.59096676925524e-06,4.04907617018307e-05,0.177292095242684,1,0.0657457468823107,FALSE,TRUE,TRUE,FALSE,"Rpv12+1",0,"Rpv12+1|0"
"Vitvi16g00033",1414.54103059004,-1.12466867845612,-1.05594767632227,0.236516449972909,-4.79867817313001,1.59716189659024e-06,4.06064814080467e-05,0.297387283512228,1,0.139265048145463,FALSE,TRUE,TRUE,FALSE,"Rpv12+1",0,"Rpv12+1|0"
"Vitvi18g04193",98.536931066353,2.94639900995695,2.6682088908089,0.656998162021672,4.7981683134213,1.601231994115e-06,4.06679911412548e-05,0.000763027413525584,0.0328830874965663,0.00106926780807677,TRUE,TRUE,TRUE,TRUE,"Rpv12+1",0,"Rpv12+1|0"
"Vitvi04g01378",98.0320573934716,2.38815293893548,2.17895128846568,0.523852188368761,4.79758379315655,1.60591035766035e-06,4.07448069735534e-05,0.00264621534236936,0.0846238962604402,0.00247529625262404,FALSE,TRUE,TRUE,FALSE,"Rpv12+1",0,"Rpv12+1|0"
"Vitvi16g04248",99.3956576795103,-1.76864859164264,-1.63627878110012,0.37310521745783,-4.79337654760399,1.63997393045687e-06,4.15662528299746e-05,0.0186171840801163,0.329950486688186,0.0107264535454046,FALSE,TRUE,TRUE,FALSE,"Rpv12+1",0,"Rpv12+1|0"
"Vitvi08g04075",171.933516264482,-1.60435824562712,-1.48747824636296,0.343369089616376,-4.79274414115589,1.64515381548971e-06,4.16546859181958e-05,0.0355047854139816,0.495899677176963,0.0202535462122581,FALSE,TRUE,TRUE,FALSE,"Rpv12+1",0,"Rpv12+1|0"
"Vitvi05g00274",1110.87126657937,-1.69135361394628,-1.56532743338756,0.348648870296595,-4.79173831337747,1.65342471278923e-06,4.18211203534657e-05,0.0250763459678265,0.401451734499617,0.0128554636972344,FALSE,TRUE,TRUE,FALSE,"Rpv12+1",0,"Rpv12+1|0"
"Vitvi01g00075",2576.21596124039,-1.17644684461354,-1.10487811481654,0.243945651196451,-4.78809140144471,1.6837496370894e-06,4.25444677531636e-05,0.236338083056829,1,0.109202825984336,FALSE,TRUE,TRUE,FALSE,"Rpv12+1",0,"Rpv12+1|0"
"Vitvi04g00250",772.829893036375,-1.26464506733186,-1.18547079116276,0.262982714025666,-4.78358398103536,1.72196897299347e-06,4.34656020683064e-05,0.15840533953127,1,0.0742068455757953,FALSE,TRUE,TRUE,FALSE,"Rpv12+1",0,"Rpv12+1|0"
"Vitvi17g00686",879.750159098531,-1.17110644407732,-1.09539581323161,0.241495390214111,-4.78040725387266,1.74940450138868e-06,4.41129266082001e-05,0.242448124336806,1,0.11474591273604,FALSE,TRUE,TRUE,FALSE,"Rpv12+1",0,"Rpv12+1|0"
"Vitvi10g00732",286.032746359146,2.9021370146911,2.62871776475644,0.656355758674213,4.778872181482,1.76281209152573e-06,4.43149374355388e-05,0.00086751223234908,0.0363673918045186,0.0012806685207365,TRUE,TRUE,TRUE,TRUE,"Rpv12+1",0,"Rpv12+1|0"
"Vitvi11g00623",225.73362061558,-1.51952882421414,-1.41483657139935,0.321282812538548,-4.77887870150353,1.7627549362534e-06,4.43149374355388e-05,0.0511394351483407,0.620859169380946,0.025419177174611,FALSE,TRUE,TRUE,FALSE,"Rpv12+1",0,"Rpv12+1|0"
"Vitvi03g00482",703.578654193906,2.10394577482515,1.9141639967104,0.478021590027026,4.77430185168548,1.80331734967364e-06,4.51948384807322e-05,0.00612103794223469,0.154109943725618,0.00623999117965837,FALSE,TRUE,TRUE,FALSE,"Rpv12+1",0,"Rpv12+1|0"
"Vitvi07g00357",1194.5336942002,2.13935203700743,1.93508120118195,0.500612952153916,4.77251467466895,1.81939847381056e-06,4.55052800008092e-05,0.00551586424525026,0.144181644862824,0.0070788890836866,FALSE,TRUE,TRUE,FALSE,"Rpv12+1",0,"Rpv12+1|0"
"Vitvi13g01001",111.348070421364,3.76158429037827,3.41050097707944,0.877779252073891,4.77152946007683,1.82832231944481e-06,4.56358142470541e-05,0.000229990832180151,0.0127735247961795,0.000482444904127879,TRUE,TRUE,TRUE,TRUE,"Rpv12+1",0,"Rpv12+1|0"
"Vitvi12g02465",31.3472830810866,-6.05968413420409,-6.29090518916539,2.51060545965727,-4.76988053697993,1.84335206065281e-06,4.59643940953872e-05,3.40777169380531e-05,0.00262961356160039,0.00368783023258506,TRUE,TRUE,TRUE,TRUE,"Rpv12+1",0,"Rpv12+1|0"
"Vitvi10g00629",670.276506504525,1.68490599892821,1.54842598332071,0.374444667000833,4.76853781969826,1.85567839685846e-06,4.62019874063643e-05,0.0262880027066552,0.413321727111482,0.0181637095113707,FALSE,TRUE,TRUE,FALSE,"Rpv12+1",0,"Rpv12+1|0"
"Vitvi13g00223",487.967183282056,1.09995184577075,1.02955405301073,0.237136830371626,4.76650917278529,1.87445200034282e-06,4.65983849449503e-05,0.332460413379519,1,0.1601382319925,FALSE,TRUE,TRUE,FALSE,"Rpv12+1",0,"Rpv12+1|0"
"Vitvi06g01060",196.018517943665,1.23211715924119,1.15298697470036,0.263393346072887,4.76626357012811,1.87673721388813e-06,4.66081633078104e-05,0.184616497825217,1,0.0888198837488156,FALSE,TRUE,TRUE,FALSE,"Rpv12+1",0,"Rpv12+1|0"
"Vitvi10g00903",249.280313211709,8.62791713543058,7.95429159901388,2.5903251073122,4.76158807166359,1.92075439920208e-06,4.76532783270318e-05,1.28389081712243e-05,0.00111950999617019,0.000638294060511839,TRUE,TRUE,TRUE,TRUE,"Rpv12+1",0,"Rpv12+1|0"
"Vitvi00g04024",45.8199025097303,-2.24072844537824,-2.05116244044987,0.484647261618119,-4.76101904872472,1.92617864664827e-06,4.77397757935883e-05,0.00419133443813365,0.118916613413382,0.00305980658841896,FALSE,TRUE,TRUE,FALSE,"Rpv12+1",0,"Rpv12+1|0"
"Vitvi08g04370",274.352430182199,-2.76163150493684,-2.54008877542211,0.577830566528659,-4.76055779893627,1.93058633622582e-06,4.7752936726164e-05,0.00119577010465418,0.046617213364603,0.000689222304907257,TRUE,TRUE,TRUE,TRUE,"Rpv12+1",0,"Rpv12+1|0"
"Vitvi04g00147",1303.96866854788,1.16366444486344,1.09030741798839,0.253375989651078,4.76057851931299,1.9303881252089e-06,4.7752936726164e-05,0.251570728724823,1,0.121784060121324,FALSE,TRUE,TRUE,FALSE,"Rpv12+1",0,"Rpv12+1|0"
"Vitvi01g00714",196901.162079175,-2.71761481773981,-2.48391184754932,0.577265591262257,-4.75622623753038,1.97245413072744e-06,4.87395987608839e-05,0.00132320147885973,0.0502374854651549,0.000972226222307754,FALSE,TRUE,TRUE,FALSE,"Rpv12+1",0,"Rpv12+1|0"
"Vitvi14g00484",11930.6897271325,1.91489486207862,1.75187846263213,0.430953358373884,4.75470338603185,1.98737980848455e-06,4.90100990608862e-05,0.0115525226226037,0.241375750227388,0.00961822688292506,FALSE,TRUE,TRUE,FALSE,"Rpv12+1",0,"Rpv12+1|0"
"Vitvi18g00020",1973.8197367179,2.14643171225119,1.96424686951818,0.47296595437393,4.75192607680541,2.01488041975222e-06,4.96385940210158e-05,0.00557354542118149,0.144641244714967,0.00454538999872842,FALSE,TRUE,TRUE,FALSE,"Rpv12+1",0,"Rpv12+1|0"
"Vitvi06g04085",93.696385678684,-3.00491359781011,-2.75032419682615,0.632881964812884,-4.75120275457379,2.02210245647912e-06,4.97667493684511e-05,0.000762042141610965,0.0328830874965663,0.000465858337787899,TRUE,TRUE,TRUE,TRUE,"Rpv12+1",0,"Rpv12+1|0"
"Vitvi10g04262",1244.16378053507,3.20686659934676,2.89227825045496,0.739149173563652,4.74863538525855,2.04793774433013e-06,5.02140304434212e-05,0.000541811804445519,0.0249584512330423,0.00100369364100125,TRUE,TRUE,TRUE,TRUE,"Rpv12+1",0,"Rpv12+1|0"
"Vitvi18g02398",272.317028326325,1.6749702438201,1.541124725421,0.371276663398507,4.74858685394554,2.04842915228277e-06,5.02140304434212e-05,0.0278382471498102,0.429091339590074,0.0185209859317035,FALSE,TRUE,TRUE,FALSE,"Rpv12+1",0,"Rpv12+1|0"
"Vitvi12g04365",32.4416804373187,3.07138614681293,2.79342127405403,0.661107958399984,4.7480322191954,2.05405320351593e-06,5.02518914814484e-05,0.000682053787298763,0.0300874283675351,0.000545763787472965,TRUE,TRUE,TRUE,TRUE,"Rpv12+1",0,"Rpv12+1|0"
"Vitvi07g01880",117.666371712984,-1.3994323550409,-1.30814218829607,0.299269136506908,-4.74722163107289,2.06229933242673e-06,5.03536237400048e-05,0.0877129819036382,0.839240634095564,0.0430332602186285,FALSE,TRUE,TRUE,FALSE,"Rpv12+1",0,"Rpv12+1|0"
"Vitvi07g01288",122.623192335508,2.53965745496082,2.30722930794235,0.560396028752662,4.74699042845267,2.06465718343676e-06,5.0361281555592e-05,0.00200201238617499,0.0686378007994122,0.00203434068481878,FALSE,TRUE,TRUE,FALSE,"Rpv12+1",0,"Rpv12+1|0"
"Vitvi07g02605",69.2025830033645,4.80947475047928,4.36919855786382,1.04210069856272,4.74173884980653,2.1189165011716e-06,5.16336566991726e-05,8.63915828200968e-05,0.00582452942007967,9.84270845588075e-05,TRUE,TRUE,TRUE,TRUE,"Rpv12+1",0,"Rpv12+1|0"
"Vitvi07g02425",395.232497852646,2.72060203294029,2.45963490918209,0.622044020378139,4.74119547955767,2.12460814838674e-06,5.16701345939345e-05,0.00135658474182573,0.0512816477766176,0.00191189573075885,FALSE,TRUE,TRUE,FALSE,"Rpv12+1",0,"Rpv12+1|0"
"Vitvi18g01545",101.371724091364,2.32122098178355,2.11785129130322,0.535862545207163,4.74120006633482,2.12456004182071e-06,5.16701345939345e-05,0.00348102266141249,0.104787194246133,0.00388073577599467,FALSE,TRUE,TRUE,FALSE,"Rpv12+1",0,"Rpv12+1|0"
"Vitvi13g04427",17.565828727404,6.22083416930091,5.4710950579191,1.32166639294688,4.73855733384726,2.15245131418314e-06,5.22956514558341e-05,3.49384659189541e-05,0.0026723840057717,5.2556456846717e-05,TRUE,TRUE,TRUE,TRUE,"Rpv12+1",0,"Rpv12+1|0"
"Vitvi09g01467",36.9766957168953,4.84919462227725,4.33735232194551,1.14842685767288,4.73584987621468,2.18139021699325e-06,5.28944186868561e-05,8.52262263252143e-05,0.00579073468686047,0.000282627823377681,TRUE,TRUE,TRUE,TRUE,"Rpv12+1",0,"Rpv12+1|0"
"Vitvi09g00621",7.61563560361036,4.6760735716873,5.57820692955375,1.35450512776763,4.73451566903829,2.19578808426083e-06,5.31911850971974e-05,9.88231807452429e-05,0.0065946826150888,5.35658788502583e-05,TRUE,TRUE,TRUE,TRUE,"Rpv12+1",0,"Rpv12+1|0"
"Vitvi08g00846",21.2735786916005,4.42889533805007,4.01218361114678,0.956171988991326,4.73259597484164,2.2166643527196e-06,5.36441483237721e-05,0.000124145323258504,0.00795960174293922,0.000126002108780258,TRUE,TRUE,TRUE,TRUE,"Rpv12+1",0,"Rpv12+1|0"
"Vitvi15g01106",131.058378787013,1.97983921932585,1.81639067598618,0.437086185898877,4.72936222591265,2.25226233721716e-06,5.44521441998841e-05,0.00962635291827976,0.21160988738595,0.0071057693461213,FALSE,TRUE,TRUE,FALSE,"Rpv12+1",0,"Rpv12+1|0"
"Vitvi07g02132",45.7328990871558,3.80152589396426,3.40914645087809,0.878416576202817,4.72530837815829,2.29766409340188e-06,5.53463076474728e-05,0.000248559483913075,0.0136026517566572,0.000493665965595008,TRUE,TRUE,TRUE,TRUE,"Rpv12+1",0,"Rpv12+1|0"
"Vitvi01g04364",202.821074293802,1.76448964759628,1.61799924049904,0.391380918797725,4.72547151940315,2.29582011534658e-06,5.53463076474728e-05,0.0203105821470407,0.349083126402389,0.0142955241688182,FALSE,TRUE,TRUE,FALSE,"Rpv12+1",0,"Rpv12+1|0"
"Vitvi02g00936",1419.5883510954,1.47818657102646,1.35264286684976,0.33063792684147,4.7252580546997,2.29823318409501e-06,5.53463076474728e-05,0.0631819057869921,0.69619859877082,0.040374836464661,FALSE,TRUE,TRUE,FALSE,"Rpv12+1",0,"Rpv12+1|0"
"Vitvi09g04264",10.4347810039333,6.71312627683574,6.42641737123512,2.20256386221539,4.7225658304345,2.32887670769857e-06,5.59748356788897e-05,2.92412918420123e-05,0.00229528132827218,0.001347309314664,TRUE,TRUE,TRUE,TRUE,"Rpv12+1",0,"Rpv12+1|0"
"Vitvi13g00095",95.9188503410816,-2.63143806326004,-2.40881790152799,0.555784856221861,-4.72217474992096,2.33336057960985e-06,5.60279446776495e-05,0.00170765890946878,0.0608157708585635,0.00108597800382445,FALSE,TRUE,TRUE,FALSE,"Rpv12+1",0,"Rpv12+1|0"
"Vitvi09g00790",716.867974527593,-1.21205551266274,-1.13344638229769,0.262344813290193,-4.71864067629355,2.37425759141391e-06,5.69544401383379e-05,0.204529390663973,1,0.0977688569519689,FALSE,TRUE,TRUE,FALSE,"Rpv12+1",0,"Rpv12+1|0"
"Vitvi12g02135",333.579780487886,2.13239973843846,1.93110916606333,0.497158871795066,4.71728606194894,2.39011518461392e-06,5.72790638989771e-05,0.00612100995254538,0.154109943725618,0.00699826665398658,FALSE,TRUE,TRUE,FALSE,"Rpv12+1",0,"Rpv12+1|0"
"Vitvi03g01395",30.2442326615421,5.01753965480173,4.57186804651906,1.09695712996836,4.71503526197268,2.41668892946271e-06,5.78596195007223e-05,7.99075058495722e-05,0.00552989535851577,8.5044337775958e-05,TRUE,TRUE,TRUE,TRUE,"Rpv12+1",0,"Rpv12+1|0"
"Vitvi13g01435",33.1330238986685,-6.74434311658514,-6.82006207332224,2.80056200255834,-4.71481444324551,2.4193112192809e-06,5.78661662118489e-05,2.96609220763197e-05,0.00231611958386402,0.00403762049358165,TRUE,TRUE,TRUE,TRUE,"Rpv12+1",0,"Rpv12+1|0"
"Vitvi13g02475",537.631171113266,1.4507751265305,1.34658562398074,0.314601822516889,4.71223216345742,2.45018004450685e-06,5.84343035590231e-05,0.0715760465208579,0.745365366615893,0.0380507177576305,FALSE,TRUE,TRUE,FALSE,"Rpv12+1",0,"Rpv12+1|0"
"Vitvi12g04448",127.939564937715,-1.37652660795922,-1.2800709725357,0.294094228494553,-4.71227984227256,2.4496066763251e-06,5.84343035590231e-05,0.0987046063546848,0.888518791144991,0.0504976640053122,FALSE,TRUE,TRUE,FALSE,"Rpv12+1",0,"Rpv12+1|0"
"Vitvi11g00356",96.3030382789066,4.93758986439293,4.50987173294721,1.20678602001722,4.71193896260834,2.45370880506116e-06,5.84618666552096e-05,8.57691455295332e-05,0.00581128018334411,0.000278853048205363,TRUE,TRUE,TRUE,TRUE,"Rpv12+1",0,"Rpv12+1|0"
"Vitvi01g02047",96.0756863025115,2.27518283298347,2.05253629323328,0.529927205612977,4.71104934805488,2.46444546792423e-06,5.86609454567935e-05,0.00414010791245843,0.1183618392153,0.00511645612039241,FALSE,TRUE,TRUE,FALSE,"Rpv12+1",0,"Rpv12+1|0"
"Vitvi13g01653",882.655645479498,-1.28154065222783,-1.1955425261119,0.272961723991814,-4.71030578823257,2.47345399932773e-06,5.87795238852194e-05,0.150380378385684,1,0.0726845938150101,FALSE,TRUE,TRUE,FALSE,"Rpv12+1",0,"Rpv12+1|0"
"Vitvi06g04172",3711.86696804623,-1.07664107146595,-1.01219925283127,0.228196472479076,-4.71024441366129,2.47419898802454e-06,5.87795238852194e-05,0.368699247127926,1,0.174802938633962,FALSE,TRUE,TRUE,FALSE,"Rpv12+1",0,"Rpv12+1|0"
"Vitvi14g04425",152.44440592307,-2.49717912423653,-2.28032931284015,0.540500321411217,-4.70984657381568,2.47903335075035e-06,5.88219298895486e-05,0.00237304900322869,0.0783795314084081,0.00178058363970058,FALSE,TRUE,TRUE,FALSE,"Rpv12+1",0,"Rpv12+1|0"
"Vitvi10g00017",18.374650484119,-9.21525773585739,-9.46920030035968,3.35759190303124,-4.70870066387065,2.49300863541822e-06,5.9055539175157e-05,1.35696453899649e-05,0.00116894991027197,0.00112828903521562,TRUE,TRUE,TRUE,TRUE,"Rpv12+1",0,"Rpv12+1|0"
"Vitvi11g00200",481.053348063326,1.41576769495235,1.31361992165918,0.313324193716047,4.70748613957249,2.50790327282419e-06,5.92943426384806e-05,0.0834175870972114,0.813010678418761,0.0457624692994966,FALSE,TRUE,TRUE,FALSE,"Rpv12+1",0,"Rpv12+1|0"
"Vitvi06g00327",247.288337401405,-1.51541903333822,-1.40713757687023,0.318549016574512,-4.7047351322705,2.54195750614007e-06,5.99269522691547e-05,0.0547817578532888,0.644640577455773,0.0261804721979357,FALSE,TRUE,TRUE,FALSE,"Rpv12+1",0,"Rpv12+1|0"
"Vitvi01g01037",14.5444610703614,6.3753488379865,6.1067950825025,2.10110748593299,4.70358250601284,2.55635721974876e-06,6.02077712768129e-05,3.66006064824509e-05,0.00279135645765141,0.00151872005550032,TRUE,TRUE,TRUE,TRUE,"Rpv12+1",0,"Rpv12+1|0"
"Vitvi18g02739",193.853798722404,1.29948846763787,1.21607179888677,0.278333350108682,4.7014335665438,2.58341316591568e-06,6.07299301102086e-05,0.139288260587147,1,0.067115138363387,FALSE,TRUE,TRUE,FALSE,"Rpv12+1",0,"Rpv12+1|0"
"Vitvi13g01096",95.2608324388697,2.42091788603208,2.18635376440061,0.558710610190517,4.69803459745236,2.62676943519303e-06,6.16902686419594e-05,0.00291284827888793,0.0914732270437328,0.00357674286166539,FALSE,TRUE,TRUE,FALSE,"Rpv12+1",0,"Rpv12+1|0"
"Vitvi07g04376",126.668260870321,-1.33019238230147,-1.23865353457938,0.286368264013587,-4.69374299504208,2.68251008904321e-06,6.29393510034938e-05,0.12198453673827,1,0.0615681147442056,FALSE,TRUE,TRUE,FALSE,"Rpv12+1",0,"Rpv12+1|0"
"Vitvi06g01944",37.2435002786017,-3.43697073078831,-3.13193066275346,0.728855981396934,-4.69075394548739,2.72200155663161e-06,6.37445155410422e-05,0.000440572229973282,0.0215419232969553,0.000256480823513024,TRUE,TRUE,TRUE,TRUE,"Rpv12+1",0,"Rpv12+1|0"
"Vitvi18g02638",345.098587550284,1.9994928397106,1.82720717087541,0.444857910694244,4.68904933703782,2.74477211679855e-06,6.42167197240731e-05,0.00954087634038577,0.210568020719443,0.0072414931398296,FALSE,TRUE,TRUE,FALSE,"Rpv12+1",0,"Rpv12+1|0"
"Vitvi05g04408",18953.5776397953,-1.6254758057389,-1.49163690317448,0.361165272247034,-4.68803047604593,2.75846946447721e-06,6.44759523025242e-05,0.0356208961717346,0.49696374557675,0.022307771071682,FALSE,TRUE,TRUE,FALSE,"Rpv12+1",0,"Rpv12+1|0"
"Vitvi17g01121",44.0927641996865,8.45865972577931,7.37996121734916,1.96533191411596,4.68748426657584,2.76583957091373e-06,6.45869418663797e-05,1.79575667540992e-05,0.00147720751169962,8.94484343962595e-05,TRUE,TRUE,TRUE,TRUE,"Rpv12+1",0,"Rpv12+1|0"
"Vitvi03g00206",755.67981941,2.37432728395777,2.16055632594424,0.542120023595106,4.68682816766684,2.77471741863673e-06,6.47031386613953e-05,0.00333518648633574,0.101212463220483,0.00325206337903077,FALSE,TRUE,TRUE,FALSE,"Rpv12+1",0,"Rpv12+1|0"
"Vitvi17g01495",680.194387402857,1.21711581166718,1.1268089761082,0.269182412029225,4.68594660862391,2.7866890908348e-06,6.48280193029331e-05,0.201604195750404,1,0.102150261013973,FALSE,TRUE,TRUE,FALSE,"Rpv12+1",0,"Rpv12+1|0"
"Vitvi18g02231",1895.29575184616,1.20275885134219,1.12164201456027,0.263695691851079,4.68595728817775,2.78654376513459e-06,6.48280193029331e-05,0.214778493728103,1,0.104134468233156,FALSE,TRUE,TRUE,FALSE,"Rpv12+1",0,"Rpv12+1|0"
"Vitvi10g02177",590.176101078057,2.45385190159674,2.22777035150541,0.566664859999235,4.68539403232295,2.79421839434345e-06,6.49418531726842e-05,0.00275169272089147,0.0872728683027524,0.00309396497654595,FALSE,TRUE,TRUE,FALSE,"Rpv12+1",0,"Rpv12+1|0"
"Vitvi16g01776",975.061187760739,1.19890475910916,1.11802916478055,0.262939752196655,4.68334325837575,2.82233289075089e-06,6.54717449119953e-05,0.218581780539238,1,0.106028148103986,FALSE,TRUE,TRUE,FALSE,"Rpv12+1",0,"Rpv12+1|0"
"Vitvi17g04257",658.550562545341,1.85492632816458,1.68778879888261,0.418612418636136,4.67778247331527,2.89993938161639e-06,6.70368830783558e-05,0.0155431327503426,0.291225702092181,0.0122296823333722,FALSE,TRUE,TRUE,FALSE,"Rpv12+1",0,"Rpv12+1|0"
"Vitvi07g00327",353.893707549961,-1.6382964575839,-1.51832155491203,0.351561978035545,-4.67772962302699,2.9006866927069e-06,6.70368830783558e-05,0.0341903655267999,0.485809341470363,0.0178107005449687,FALSE,TRUE,TRUE,FALSE,"Rpv12+1",0,"Rpv12+1|0"
"Vitvi12g00138",510.389837387107,1.31823238706137,1.23120561051881,0.29200855124624,4.67664586419408,2.91605201286008e-06,6.7328826043881e-05,0.129452787107927,1,0.0658212040240705,FALSE,TRUE,TRUE,FALSE,"Rpv12+1",0,"Rpv12+1|0"
"Vitvi05g00544",227.168872363417,2.66317503043782,2.42479176954323,0.597399924306179,4.67148703964473,2.99026969879891e-06,6.88488638314112e-05,0.00176491234550018,0.0623896514134314,0.0017115338639539,FALSE,TRUE,TRUE,FALSE,"Rpv12+1",0,"Rpv12+1|0"
"Vitvi11g04357",50.8546177490713,2.94584477399017,2.6557698736048,0.673012299990207,4.66799886091025,3.04147586150943e-06,6.98972008620767e-05,0.00102326894934222,0.0412421986749686,0.00135709069956322,TRUE,TRUE,TRUE,TRUE,"Rpv12+1",0,"Rpv12+1|0"
"Vitvi08g02333",2051.99554661844,1.07525967142749,1.00442952267515,0.236327469286546,4.66604634733315,3.07050470877999e-06,7.04329180684393e-05,0.371990390298072,1,0.181323705178052,FALSE,TRUE,TRUE,FALSE,"Rpv12+1",0,"Rpv12+1|0"
"Vitvi12g00145",345.999164007603,2.01539510498439,1.83528998909864,0.459707987049195,4.66108202668542,3.14551321384043e-06,7.2086384684812e-05,0.00942856243110265,0.209551201899078,0.0080841280982984,FALSE,TRUE,TRUE,FALSE,"Rpv12+1",0,"Rpv12+1|0"
"Vitvi19g00306",84.3107504116701,4.15230369325506,3.77176530505226,0.912553158848336,4.65935910520198,3.1719541994896e-06,7.25573478724472e-05,0.000202166011835097,0.011422161346856,0.000165704982221817,TRUE,TRUE,TRUE,TRUE,"Rpv12+1",0,"Rpv12+1|0"
"Vitvi00g04498",12.4763106972094,-6.70116019438568,-6.87165370430475,2.72987405559362,-4.65830533344106,3.18823094153443e-06,7.2862019921746e-05,3.70258130240436e-05,0.00281557628748825,0.00323397911567617,TRUE,TRUE,TRUE,TRUE,"Rpv12+1",0,"Rpv12+1|0"
"Vitvi05g00166",65.7767112497782,2.30502408707217,2.10018372448745,0.510996138400012,4.65705103513145,3.20770949090949e-06,7.31037289713655e-05,0.00418634077396732,0.118916613413382,0.00316351302614266,FALSE,TRUE,TRUE,FALSE,"Rpv12+1",0,"Rpv12+1|0"
"Vitvi11g01463",228.645719531622,2.67196747830827,2.37255340961432,0.659615710923216,4.65422591728688,3.25200092729973e-06,7.39762648614553e-05,0.00179358105044106,0.0630409625293544,0.00397886589391524,FALSE,TRUE,TRUE,FALSE,"Rpv12+1",0,"Rpv12+1|0"
"Vitvi16g01966",129.950560888371,3.2782787509055,2.89878136490365,0.821572737272152,4.65378603771507,3.25894979873235e-06,7.40588464399107e-05,0.000609912350472246,0.0275080985793164,0.00217192491356782,TRUE,TRUE,TRUE,TRUE,"Rpv12+1",0,"Rpv12+1|0"
"Vitvi13g04426",290.270615095319,1.25651867583721,1.17103092463848,0.272726504960952,4.65361576437482,3.26164346433281e-06,7.40588464399107e-05,0.171046701925986,1,0.0828344139747438,FALSE,TRUE,TRUE,FALSE,"Rpv12+1",0,"Rpv12+1|0"
"Vitvi07g04468",113.179477998063,-1.40968884549871,-1.29846540939448,0.313963273608239,-4.65166570655047,3.29264536752151e-06,7.46939330333884e-05,0.0882062408519351,0.842019023322406,0.0505662268920481,FALSE,TRUE,TRUE,FALSE,"Rpv12+1",0,"Rpv12+1|0"
"Vitvi06g00336",566.231514378054,1.95340190853968,1.7716171474577,0.454646891029299,4.65066448566325,3.30867231998638e-06,7.49884556349444e-05,0.0116079843698225,0.241398887006516,0.0110265941143039,FALSE,TRUE,TRUE,FALSE,"Rpv12+1",0,"Rpv12+1|0"
"Vitvi19g00904",9492.93857734664,-1.59835147868572,-1.47815737188626,0.342551244753043,-4.64947858357591,3.32775233619218e-06,7.53515685242929e-05,0.0408806011256333,0.543178830047381,0.0211420365353714,FALSE,TRUE,TRUE,FALSE,"Rpv12+1",0,"Rpv12+1|0"
"Vitvi05g00582",17.3074337970781,-3.17676015035758,-2.88710872175258,0.68651419151134,-4.64794651342266,3.35255812148707e-06,7.58435462635036e-05,0.000724177141170812,0.0317315742644678,0.000476866389822334,TRUE,TRUE,TRUE,TRUE,"Rpv12+1",0,"Rpv12+1|0"
"Vitvi08g00999",981.968565600734,-1.61857510903205,-1.49675662925303,0.345715918744096,-4.64647389219515,3.37656844040098e-06,7.63166422914848e-05,0.0378866410362001,0.517803888644702,0.0195173061212465,FALSE,TRUE,TRUE,FALSE,"Rpv12+1",0,"Rpv12+1|0"
"Vitvi05g04477",23.0488723562528,-7.87787582042787,-7.00173733733758,1.7407224334388,-4.63859243157274,3.50790045322729e-06,7.89229548545275e-05,2.57188724021321e-05,0.00207009225589961,4.05393128567713e-05,TRUE,TRUE,TRUE,TRUE,"Rpv12+1",0,"Rpv12+1|0"
"Vitvi18g01970",2396.48154773971,-1.9294365128136,-1.75605021598864,0.435220446947598,-4.63748085054857,3.52681273740479e-06,7.92037908830487e-05,0.0127435340188806,0.258617615515825,0.00981016876904233,FALSE,TRUE,TRUE,FALSE,"Rpv12+1",0,"Rpv12+1|0"
"Vitvi05g04437",734.629066610525,1.53236130712136,1.40849826683221,0.346626095966239,4.63675497414009,3.53921542107303e-06,7.94099372618899e-05,0.053604451099462,0.637381289232194,0.0323519480467264,FALSE,TRUE,TRUE,FALSE,"Rpv12+1",0,"Rpv12+1|0"
"Vitvi04g00538",304.364736968343,2.09053878186178,1.91377383205039,0.474307810887477,4.63450277488062,3.57796435299275e-06,8.0123153738638e-05,0.00781143079205233,0.182772109203307,0.0058843569131261,FALSE,TRUE,TRUE,FALSE,"Rpv12+1",0,"Rpv12+1|0"
"Vitvi17g00371",12176.9618152637,1.15571457861198,1.07826127126187,0.256477976675047,4.63348499752383,3.59560827934317e-06,8.02367804075167e-05,0.266218543882115,1,0.127838028400623,FALSE,TRUE,TRUE,FALSE,"Rpv12+1",0,"Rpv12+1|0"
"Vitvi07g00879",194.472868830773,3.6749513785709,3.24743088016347,0.958179969230392,4.63279486337963,3.60761969515824e-06,8.0431962723908e-05,0.000372915917029212,0.0187238147285358,0.00192405657680139,TRUE,TRUE,TRUE,TRUE,"Rpv12+1",0,"Rpv12+1|0"
"Vitvi19g04074",20.1963080931194,5.87638452003045,5.18426754973733,1.27329052807856,4.63072451474585,3.64388425548373e-06,8.11670275932163e-05,6.08736534347803e-05,0.00438518289278107,7.52739432275405e-05,TRUE,TRUE,TRUE,TRUE,"Rpv12+1",0,"Rpv12+1|0"
"Vitvi12g02705",56.3442054300859,-1.65004151532426,-1.51773454016104,0.360602843235224,-4.62684223517399,3.71283116396596e-06,8.24790879670563e-05,0.034169421260908,0.485809341470363,0.019608250956354,FALSE,TRUE,TRUE,FALSE,"Rpv12+1",0,"Rpv12+1|0"
"Vitvi16g01542",1525.85479017043,-1.92143230990717,-1.76868302057276,0.42006312734096,-4.62534164985793,3.73981432569464e-06,8.30036628178496e-05,0.0132738258768259,0.265872902842182,0.00782578477113574,FALSE,TRUE,TRUE,FALSE,"Rpv12+1",0,"Rpv12+1|0"
"Vitvi10g00049",1105.84224952078,-3.82061117652398,-3.3744414171821,0.937068298148063,-4.62168223570219,3.806407514381e-06,8.43297261909085e-05,0.000322429930060847,0.0167612500912495,0.00109436474080295,TRUE,TRUE,TRUE,TRUE,"Rpv12+1",0,"Rpv12+1|0"
"Vitvi16g01643",83.4568997590693,2.83104157726513,2.56272023445859,0.631525690564244,4.61753256041396,3.8832976529249e-06,8.58787441449352e-05,0.0014109732544317,0.0531074091549337,0.00130900189400459,FALSE,TRUE,TRUE,FALSE,"Rpv12+1",0,"Rpv12+1|0"
"Vitvi02g00633",652.556761996998,1.77632731013755,1.6537174305815,0.395896585409448,4.61631392808496,3.90615927308234e-06,8.63068518848937e-05,0.0218207935437539,0.365435427855992,0.0121213917734094,FALSE,TRUE,TRUE,FALSE,"Rpv12+1",0,"Rpv12+1|0"
"Vitvi00g04598",7.86619041908442,7.36192710999819,7.40156201108828,2.60269286547025,4.6146188550591,3.93817356588194e-06,8.69362401156518e-05,3.3424547510783e-05,0.0025868424211082,0.00136685974917744,TRUE,TRUE,TRUE,TRUE,"Rpv12+1",0,"Rpv12+1|0"
"Vitvi09g00985",5049.90423599002,1.46370142102759,1.34877278717608,0.330872111683323,4.6137793158725,3.95412264474466e-06,8.72101750008321e-05,0.0719188683368509,0.747744704619906,0.0413401288779076,FALSE,TRUE,TRUE,FALSE,"Rpv12+1",0,"Rpv12+1|0"
"Vitvi19g04138",31.8291825589278,3.00474766548736,2.69692648123399,0.70226944636101,4.61135551202597,4.00051678844565e-06,8.8075720822294e-05,0.00104664986421532,0.0419285050505491,0.0015811036223903,TRUE,TRUE,TRUE,TRUE,"Rpv12+1",0,"Rpv12+1|0"
"Vitvi17g00744",226.356687132096,-2.1841831083507,-1.9909492212681,0.481487191538838,-4.60702315377739,4.08474533599545e-06,8.96672787409994e-05,0.00624908889135433,0.155769127960971,0.00423764632622132,FALSE,TRUE,TRUE,FALSE,"Rpv12+1",0,"Rpv12+1|0"
"Vitvi17g00617",2664.06688706135,1.64889716102559,1.50932733121504,0.376793583106778,4.60688972485583,4.08736621310856e-06,8.96672787409994e-05,0.0349183843251817,0.491091406216359,0.0228102842676162,FALSE,TRUE,TRUE,FALSE,"Rpv12+1",0,"Rpv12+1|0"
"Vitvi15g04150",125.295138994049,4.51151399611631,3.98964027733944,1.07610013183967,4.60646826895504,4.09565524791097e-06,8.9769183885707e-05,0.000168276464460772,0.00993666824792175,0.000450396118146866,TRUE,TRUE,TRUE,TRUE,"Rpv12+1",0,"Rpv12+1|0"
"Vitvi10g00508",795.373486327419,1.61849878081624,1.48940435610717,0.36829006770421,4.59982423394198,4.22847568168801e-06,9.25157432451739e-05,0.0393913761338788,0.528972796861466,0.0239371473037787,FALSE,TRUE,TRUE,FALSE,"Rpv12+1",0,"Rpv12+1|0"
"Vitvi06g01454",79.906450613056,4.82118456136703,4.19670194960123,1.22273705631595,4.59908392785561,4.24352810802116e-06,9.27626960685087e-05,0.000133631163420772,0.00830322471240852,0.000799049749811654,TRUE,TRUE,TRUE,TRUE,"Rpv12+1",0,"Rpv12+1|0"
"Vitvi13g00155",2235.79391728644,-2.26150523013191,-2.06159787700992,0.497761011590528,-4.59829422886644,4.25964141863499e-06,9.30153112901914e-05,0.0051587159508568,0.138407026213808,0.00345038723330328,FALSE,TRUE,TRUE,FALSE,"Rpv12+1",0,"Rpv12+1|0"
"Vitvi01g01357",260.441126551241,1.36955488377453,1.26811698651287,0.303616004734879,4.59814781046047,4.26263542972179e-06,9.30153112901914e-05,0.107350035668102,0.933567015638927,0.0570653066279731,FALSE,TRUE,TRUE,FALSE,"Rpv12+1",0,"Rpv12+1|0"
"Vitvi08g00821",150.134213467368,2.82216901464246,2.53476332591015,0.655669377226798,4.59731060964273,4.27979354983136e-06,9.32726412130239e-05,0.00149720340131344,0.0557117265646632,0.00196068993165523,FALSE,TRUE,TRUE,FALSE,"Rpv12+1",0,"Rpv12+1|0"
"Vitvi12g00117",2618.12637233086,-1.60190815869211,-1.47557843412282,0.348630809170362,-4.59701896421842,4.28578624180642e-06,9.32726412130239e-05,0.0420564929707317,0.551710898980036,0.0222577250093936,FALSE,TRUE,TRUE,FALSE,"Rpv12+1",0,"Rpv12+1|0"
"Vitvi16g04154",197.752018840506,3.18641333995245,2.83010218135559,0.752889628347158,4.59344758810629,4.35982557279792e-06,9.46331830937881e-05,0.000811130593031581,0.0345406883579837,0.00150846493648436,TRUE,TRUE,TRUE,TRUE,"Rpv12+1",0,"Rpv12+1|0"
"Vitvi01g00921",1302.1093053945,1.1984605262843,1.11812434789052,0.261103172789958,4.59039168509162,4.42414998248247e-06,9.58604740267707e-05,0.223582020131706,1,0.10548704259369,FALSE,TRUE,TRUE,FALSE,"Rpv12+1",0,"Rpv12+1|0"
"Vitvi09g01196",22.4002362972951,4.00275773785089,3.57710328245892,0.877084996886648,4.58727007881201,4.49079568858097e-06,9.7048458406913e-05,0.000289529404601757,0.0153315783299137,0.000238530923489545,TRUE,TRUE,TRUE,TRUE,"Rpv12+1",0,"Rpv12+1|0"
"Vitvi03g01695",8.93597012188473,5.79015150735034,5.26130997765131,1.34014556458095,4.58637054782773,4.51017832833735e-06,9.7349947655051e-05,7.40761972758833e-05,0.00519208538294186,0.00011662319308976,TRUE,TRUE,TRUE,TRUE,"Rpv12+1",0,"Rpv12+1|0"
"Vitvi01g00860",2049.35598289352,2.20477399537961,1.99728291818073,0.515202402897798,4.58625611583212,4.51264978982254e-06,9.7349947655051e-05,0.00610341362650264,0.153962581538749,0.00580930165895645,FALSE,TRUE,TRUE,FALSE,"Rpv12+1",0,"Rpv12+1|0"
"Vitvi11g01325",948.379248015256,1.4329065035451,1.32109433318084,0.323396764859972,4.58377047855857,4.56665496976247e-06,9.84287942564025e-05,0.0830509323131352,0.810342908757666,0.0467006813930965,FALSE,TRUE,TRUE,FALSE,"Rpv12+1",0,"Rpv12+1|0"
"Vitvi13g01325",50.8860691966023,1.64967016270429,1.50915679253912,0.377711710503915,4.58356041837301,4.57124718981618e-06,9.84416483988735e-05,0.0355303316553563,0.495964752279864,0.0229619996425915,FALSE,TRUE,TRUE,FALSE,"Rpv12+1",0,"Rpv12+1|0"
"Vitvi14g00273",1754.18353522295,2.81914807399386,2.51795809346679,0.687714656008425,4.58262901204819,4.59166242992973e-06,9.87949306757631e-05,0.00155277654147247,0.0568022251940875,0.00279567899793544,FALSE,TRUE,TRUE,FALSE,"Rpv12+1",0,"Rpv12+1|0"
"Vitvi06g01532",833.019962162062,1.14925163347392,1.06868461398139,0.26022611157587,4.57642315417371,4.72993340476672e-06,0.000101415700052074,0.276144571651878,1,0.135477355730137,FALSE,TRUE,TRUE,FALSE,"Rpv12+1",0,"Rpv12+1|0"
"Vitvi01g00900",502.047599609088,3.54611944435825,3.12442582484379,0.901246874820759,4.5754143303318,4.75278427091163e-06,0.00010181703765059,0.000509633972392539,0.0238062769353865,0.00183987996337277,TRUE,TRUE,TRUE,TRUE,"Rpv12+1",0,"Rpv12+1|0"
"Vitvi09g00546",561.449522247691,1.1481869039558,1.06616979393082,0.262316433525582,4.57170805896097,4.83764623244163e-06,0.000103544963147204,0.277584525708246,1,0.136892066593561,FALSE,TRUE,TRUE,FALSE,"Rpv12+1",0,"Rpv12+1|0"
"Vitvi12g04072",316.530911209454,-1.30069874093895,-1.19984941234328,0.294823827839449,-4.57135556203056,4.84579245554015e-06,0.000103629290741916,0.14529750084066,1,0.0773529951324778,FALSE,TRUE,TRUE,FALSE,"Rpv12+1",0,"Rpv12+1|0"
"Vitvi07g01164",1671.69349796328,1.24229052813248,1.13926948473517,0.283149104521219,4.57072861300831,4.86031375648766e-06,0.00010384968751503,0.186342961349239,1,0.0995456497405173,FALSE,TRUE,TRUE,FALSE,"Rpv12+1",0,"Rpv12+1|0"
"Vitvi06g01608",204.418696407061,-1.28807860554006,-1.20235206906967,0.280434509545218,-4.57043222634995,4.86719312039892e-06,0.000103906559544322,0.153348674218518,1,0.0720461742219634,FALSE,TRUE,TRUE,FALSE,"Rpv12+1",0,"Rpv12+1|0"
"Vitvi16g00041",47.3190758412619,9.09701547270582,8.776702428809,2.88219643008388,4.56847670583716,4.9128165649367e-06,0.000104789739301974,2.40828125303408e-05,0.00195646674838877,0.000576104192608547,TRUE,TRUE,TRUE,TRUE,"Rpv12+1",0,"Rpv12+1|0"
"Vitvi15g01496",36.0795139009728,8.33658456159984,7.37840784715681,1.87577746954732,4.56747310855553,4.93638983603381e-06,0.000105110544512125,2.9306317659043e-05,0.00229528132827218,4.95903262995286e-05,TRUE,TRUE,TRUE,TRUE,"Rpv12+1",0,"Rpv12+1|0"
"Vitvi19g04395",2378.85121277832,-1.55037340737041,-1.44950030118175,0.334552568801215,-4.56578909534847,4.97618882460312e-06,0.000105866483491297,0.0525272469915117,0.630360647358526,0.0231143949517535,FALSE,TRUE,TRUE,FALSE,"Rpv12+1",0,"Rpv12+1|0"
"Vitvi02g00295",1061.17681179338,2.48944393171849,2.20044396899268,0.63457755098523,4.56229225799835,5.05981483537913e-06,0.000107459998521035,0.00317020401308932,0.0972208285796056,0.0066533383510845,FALSE,TRUE,TRUE,FALSE,"Rpv12+1",0,"Rpv12+1|0"
"Vitvi11g00724",188.572026501683,-1.51359552424357,-1.39490768132074,0.335379753957902,-4.56180416388026,5.07159397850379e-06,0.00010761738953869,0.0608209848091597,0.685824933441762,0.0324111111340378,FALSE,TRUE,TRUE,FALSE,"Rpv12+1",0,"Rpv12+1|0"
"Vitvi14g01247",212.642937367882,1.62286504083608,1.48200390301906,0.378846623600806,4.56143895361293,5.08042474376059e-06,0.000107711999989058,0.0399982138834065,0.534924988229055,0.0268350173547335,FALSE,TRUE,TRUE,FALSE,"Rpv12+1",0,"Rpv12+1|0"
"Vitvi17g01414",1976.58636770346,1.86456863140941,1.69992709854032,0.437753518549445,4.5560632206105,5.2121254834437e-06,0.000110314367190824,0.017318849729349,0.312443993151752,0.0136400354023408,FALSE,TRUE,TRUE,FALSE,"Rpv12+1",0,"Rpv12+1|0"
"Vitvi14g04460",362.282248961871,1.20518516128121,1.11619189722317,0.270136533693652,4.55621264267788,5.20842100496582e-06,0.000110314367190824,0.218961821259542,1,0.109021772938881,FALSE,TRUE,TRUE,FALSE,"Rpv12+1",0,"Rpv12+1|0"
"Vitvi14g04673",30.2354494692723,-6.39534720402276,-6.30442376132579,2.68034421325951,-4.55362218797684,5.27300210617337e-06,0.000111292644758972,6.11870391018422e-05,0.00438518289278107,0.00523085162324027,TRUE,TRUE,TRUE,TRUE,"Rpv12+1",0,"Rpv12+1|0"
"Vitvi06g00666",101.690636289681,4.89934316379561,4.35588509143562,1.16399225705655,4.55329048102274,5.28132686139356e-06,0.000111300914078094,0.000145104991530593,0.00888946480901355,0.000298216375840979,TRUE,TRUE,TRUE,TRUE,"Rpv12+1",0,"Rpv12+1|0"
"Vitvi06g00832",2230.84697211305,-1.14389537172555,-1.07003387179641,0.249559199670207,-4.55268976285673,5.29643495469652e-06,0.000111428669123743,0.283423295225325,1,0.132078076185362,FALSE,TRUE,TRUE,FALSE,"Rpv12+1",0,"Rpv12+1|0"
"Vitvi19g04471",1695.87667412554,-2.81630136669325,-2.56517281192096,0.615222268750339,-4.5459760316807,5.46812592044066e-06,0.000114606201821943,0.00168496081250285,0.0602504231458191,0.00106094306998683,FALSE,TRUE,TRUE,FALSE,"Rpv12+1",0,"Rpv12+1|0"
"Vitvi18g04593",45.6984178776968,2.2643564736782,2.05531378636316,0.515325190443496,4.54587578178599,5.47072955604013e-06,0.000114606201821943,0.00556968278752857,0.144641244714967,0.00444254969355771,FALSE,TRUE,TRUE,FALSE,"Rpv12+1",0,"Rpv12+1|0"
"Vitvi15g01101",5932.00102265207,-1.18634005547391,-1.10449611416113,0.261568044896488,-4.54229513324299,5.56450634008278e-06,0.000116471689204995,0.237779183171493,1,0.113742035529209,FALSE,TRUE,TRUE,FALSE,"Rpv12+1",0,"Rpv12+1|0"
"Vitvi11g04272",28.0557270056003,-3.28033794110586,-2.9457444259507,0.74559799090875,-4.54060625180077,5.60927018509646e-06,0.000117308981562,0.000798601354753097,0.0340793031631097,0.00080642680655839,TRUE,TRUE,TRUE,TRUE,"Rpv12+1",0,"Rpv12+1|0"
"Vitvi15g01151",4517.07648030713,-1.13995176243202,-1.06306725893091,0.251616382762612,-4.53998358643634,5.62586075582619e-06,0.000117556154012327,0.288636193382732,1,0.137271311205742,FALSE,TRUE,TRUE,FALSE,"Rpv12+1",0,"Rpv12+1|0"
"Vitvi14g00685",11.4962337301954,4.0376169201406,3.60408725650348,0.91286671076157,4.53953019202214,5.6379707394567e-06,0.000117709361980725,0.000318658913912192,0.0167385512631105,0.000347822711067112,TRUE,TRUE,TRUE,TRUE,"Rpv12+1",0,"Rpv12+1|0"
"Vitvi11g01604",38.70736894816,-3.05927897510849,-2.77245405765061,0.680527755790344,-4.53797250965017,5.67976622499035e-06,0.000118281251664296,0.00112670965869753,0.0445220513019166,0.000828623614054354,TRUE,TRUE,TRUE,TRUE,"Rpv12+1",0,"Rpv12+1|0"
"Vitvi18g02415",5067.43639176313,-1.38491230154283,-1.28050037908129,0.305703768430354,-4.53448302040406,5.77447468656434e-06,0.00012005059778751,0.10378405326675,0.919677184757764,0.0534689753121838,FALSE,TRUE,TRUE,FALSE,"Rpv12+1",0,"Rpv12+1|0"
"Vitvi11g01228",684.699111952492,3.12448050514192,2.80763357107914,0.736530705407091,4.53410947146236,5.78470230599787e-06,0.000120161826315821,0.00102478799414082,0.0412421986749686,0.00138652583027568,TRUE,TRUE,TRUE,TRUE,"Rpv12+1",0,"Rpv12+1|0"
"Vitvi16g04107",129.845156731266,2.55816579325948,2.29992678370175,0.597645711857398,4.5334247700312,5.80349418920041e-06,0.000120450617392705,0.00287871180579326,0.09061879919103,0.0030085784264608,FALSE,TRUE,TRUE,FALSE,"Rpv12+1",0,"Rpv12+1|0"
"Vitvi02g00399",56.7488666332269,2.22674363347818,2.01342991612621,0.518781340940891,4.53288680096941,5.81829992303247e-06,0.000120554782930049,0.00625839494961507,0.155769127960971,0.00551527951387309,FALSE,TRUE,TRUE,FALSE,"Rpv12+1",0,"Rpv12+1|0"
"Vitvi01g02051",4204.00104982432,-1.44496753154459,-1.35786668326655,0.317949346234742,-4.5310665005614,5.86866596956603e-06,0.000121496180526243,0.0814612066838773,0.800805601519559,0.0361264781901457,FALSE,TRUE,TRUE,FALSE,"Rpv12+1",0,"Rpv12+1|0"
"Vitvi06g00915",182.659327213887,1.82323968410774,1.66842020762293,0.410977461773114,4.52848863817397,5.94070749676761e-06,0.000122884357590568,0.0204407779310983,0.349985366627247,0.0125949687518867,FALSE,TRUE,TRUE,FALSE,"Rpv12+1",0,"Rpv12+1|0"
"Vitvi01g01313",1019.58356839446,1.32121508160737,1.23365390903982,0.292975082542,4.52734104717926,5.97304988898395e-06,0.00012344971230286,0.135515471161119,1,0.0654445014218243,FALSE,TRUE,TRUE,FALSE,"Rpv12+1",0,"Rpv12+1|0"
"Vitvi06g01255",91.4397524667938,3.00088411423313,2.70577881197512,0.704415820335894,4.52107386126718,6.15267140675554e-06,0.00012694908942783,0.00128704557985609,0.0494388037055145,0.00156003639541596,TRUE,TRUE,TRUE,TRUE,"Rpv12+1",0,"Rpv12+1|0"
"Vitvi13g00279",1670.16245687497,1.13359117190983,1.04856595196396,0.261067236800314,4.51949148833497,6.19883396670797e-06,0.000127794538580601,0.29715112640169,1,0.148718092314684,FALSE,TRUE,TRUE,FALSE,"Rpv12+1",0,"Rpv12+1|0"
"Vitvi07g04682",136.963213614022,1.40660887336315,1.33671532435908,0.324180434543209,4.51836403892746,6.2319270430805e-06,0.000128262117488163,0.0957550387619506,0.875823796844009,0.0425086324875044,FALSE,TRUE,TRUE,FALSE,"Rpv12+1",0,"Rpv12+1|0"
"Vitvi19g02303",77.5043914262537,-1.93786991854723,-1.76789624687684,0.441831291425023,-4.51626492644523,6.29399142897224e-06,0.000129431362975092,0.0144175198861944,0.278955549336509,0.00977806154522823,FALSE,TRUE,TRUE,FALSE,"Rpv12+1",0,"Rpv12+1|0"
"Vitvi15g04128",19.5365257292377,-8.43993664169432,-7.77546461048342,3.37765719937482,-4.51493157469709,6.33372127700746e-06,0.000130139747606635,3.4681133419419e-05,0.00266048026134481,0.00487023602005717,TRUE,TRUE,TRUE,TRUE,"Rpv12+1",0,"Rpv12+1|0"
"Vitvi05g01703",1982.02306334488,1.27006177625226,1.17028732318731,0.286911286525725,4.51141147329166,6.43976594487775e-06,0.00013220839484834,0.168705892794406,1,0.087292264912587,FALSE,TRUE,TRUE,FALSE,"Rpv12+1",0,"Rpv12+1|0"
"Vitvi09g04152",12.4343005065763,4.88896356615174,4.35516072651709,1.14102496337459,4.50645232777723,6.59204869974584e-06,0.000135109577177154,0.000168766529598025,0.00994316136881695,0.0002349837564727,TRUE,TRUE,TRUE,TRUE,"Rpv12+1",0,"Rpv12+1|0"
"Vitvi09g00388",616.558937186612,-1.18101301590142,-1.09738306394432,0.259099200843152,-4.50647372643759,6.59138426078364e-06,0.000135109577177154,0.244875791242103,1,0.118036145876872,FALSE,TRUE,TRUE,FALSE,"Rpv12+1",0,"Rpv12+1|0"
"Vitvi16g01167",61.3709010787256,3.21977742081115,2.8797854063419,0.756355426765913,4.50571635622402,6.61494001932121e-06,0.000135408469925727,0.000947131462008094,0.0390554995644816,0.00125268121706661,TRUE,TRUE,TRUE,TRUE,"Rpv12+1",0,"Rpv12+1|0"
"Vitvi10g01162",546.130204145265,-1.42888998698158,-1.3127393859295,0.323071130079731,-4.50494936061772,6.63887721107445e-06,0.000135730604956042,0.0881576155009743,0.841955116425698,0.0489934750792155,FALSE,TRUE,TRUE,FALSE,"Rpv12+1",0,"Rpv12+1|0"
"Vitvi03g04222",51.4245527482327,-1.828618326287,-1.6680149086118,0.41367344601327,-4.50473504096647,6.64558071882502e-06,0.00013575499717162,0.0206119367235397,0.352027186942007,0.0131892166858125,FALSE,TRUE,TRUE,FALSE,"Rpv12+1",0,"Rpv12+1|0"
"Vitvi02g00509",3014.43955799183,-1.23572900921524,-1.14449812863431,0.277900987457875,-4.50136853158816,6.75173218797977e-06,0.000137581202798238,0.195256900722047,1,0.0962709096910977,FALSE,TRUE,TRUE,FALSE,"Rpv12+1",0,"Rpv12+1|0"
"Vitvi18g04559",1538.71740986336,-1.41636572531305,-1.30762987845367,0.322175980233412,-4.498435223422,6.84554472517028e-06,0.000139147557631432,0.0930184097523508,0.865008382762796,0.0500871292683486,FALSE,TRUE,TRUE,FALSE,"Rpv12+1",0,"Rpv12+1|0"
"Vitvi16g01418",8324.31643271336,2.80970609165343,2.49740563097264,0.70244312723064,4.4981218830109,6.85563931085012e-06,0.00013916074944942,0.00188255284704642,0.0652260926170692,0.00346838299805145,FALSE,TRUE,TRUE,FALSE,"Rpv12+1",0,"Rpv12+1|0"
"Vitvi13g01729",2143.47346327045,-1.21552405051878,-1.12915626283484,0.269887344441009,-4.49557010815589,6.93837918210889e-06,0.000140686345292539,0.2126942665447,1,0.101160614441384,FALSE,TRUE,TRUE,FALSE,"Rpv12+1",0,"Rpv12+1|0"
"Vitvi13g01798",88.1915745097365,2.24144889987375,2.01811620164757,0.535698887489711,4.4940378586349,6.98851955802639e-06,0.000141586486703567,0.00640392635987302,0.157920246684848,0.0064447731372438,FALSE,TRUE,TRUE,FALSE,"Rpv12+1",0,"Rpv12+1|0"
"Vitvi08g04371",34.7932142516471,-4.78977846083389,-4.3263710650928,1.02906767303483,-4.49382198445357,6.9956114817855e-06,0.000141613709503096,0.000188578585902447,0.0108180421680309,9.99294805540242e-05,TRUE,TRUE,TRUE,TRUE,"Rpv12+1",0,"Rpv12+1|0"
"Vitvi12g02409",78.4068984936864,3.07874014169918,2.76895031452142,0.719628442227301,4.49345836616329,7.00757267707158e-06,0.000141739376414069,0.00120688824710341,0.0469806393690149,0.00137664371960774,TRUE,TRUE,TRUE,TRUE,"Rpv12+1",0,"Rpv12+1|0"
"Vitvi04g00159",150.974719394777,2.98746032045016,2.64569114065849,0.743321672027807,4.4924756919215,7.03999561099813e-06,0.000142278369050492,0.00140084477456149,0.0528021591610289,0.00271646249345564,FALSE,TRUE,TRUE,FALSE,"Rpv12+1",0,"Rpv12+1|0"
"Vitvi08g01296",1632.95217185421,1.09742269149555,1.02272755934713,0.250958060700178,4.49124788089468,7.0807083966425e-06,0.000142983878737446,0.345054773727445,1,0.167235580817087,FALSE,TRUE,TRUE,FALSE,"Rpv12+1",0,"Rpv12+1|0"
"Vitvi18g02167",256.271995228695,2.56527011348474,2.32079266749274,0.587129021543764,4.48954325952104,7.13760515421615e-06,0.00014366179785888,0.00307740073417849,0.0954943366611806,0.0024899327885425,FALSE,TRUE,TRUE,FALSE,"Rpv12+1",0,"Rpv12+1|0"
"Vitvi01g00337",239.932742283171,4.25641662065563,3.78932056595764,1.09576105439511,4.48842719490607,7.17509367505649e-06,0.000144063250023384,0.000297476099361552,0.0156888654903202,0.00105273228251013,TRUE,TRUE,TRUE,TRUE,"Rpv12+1",0,"Rpv12+1|0"
"Vitvi04g04180",57.6290301538413,3.15397704109563,2.81616712107211,0.755909607704656,4.48846700784802,7.17375312868476e-06,0.000144063250023384,0.00108706562401328,0.0432824195716338,0.00165588123841954,TRUE,TRUE,TRUE,TRUE,"Rpv12+1",0,"Rpv12+1|0"
"Vitvi17g04195",1924.81569630984,-1.1396219757835,-1.06099403177314,0.252575266276449,-4.4885689106426,7.17032303846507e-06,0.000144063250023384,0.291186538226013,1,0.138884835393226,FALSE,TRUE,TRUE,FALSE,"Rpv12+1",0,"Rpv12+1|0"
"Vitvi02g01817",204.102007980082,1.95271642963422,1.76816507286004,0.455252124144129,4.4864211161547,7.24295162746178e-06,0.000145307293399144,0.0143023130195538,0.277965630364666,0.0113604821191768,FALSE,TRUE,TRUE,FALSE,"Rpv12+1",0,"Rpv12+1|0"
"Vitvi06g01411",36.5258410824136,2.78826789341076,2.52784107312354,0.636544765614917,4.48305262716036,7.35827730583014e-06,0.00014726118578914,0.00201869544554888,0.0691041428786114,0.00166673996662962,FALSE,TRUE,TRUE,FALSE,"Rpv12+1",0,"Rpv12+1|0"
"Vitvi13g01783",1191.32694709599,1.20783556497816,1.11460975011416,0.27840996171588,4.48201612523133,7.39411550559616e-06,0.000147858303243399,0.220284490443728,1,0.112192447678436,FALSE,TRUE,TRUE,FALSE,"Rpv12+1",0,"Rpv12+1|0"
"Vitvi04g02160",323.830635236595,1.26372745860626,1.17191448060179,0.285433106444414,4.48034575301694,7.45222195154555e-06,0.000148899383615796,0.174893125042497,1,0.0861063136908398,FALSE,TRUE,TRUE,FALSE,"Rpv12+1",0,"Rpv12+1|0"
"Vitvi17g04304",29.7078774313375,5.4125590379237,4.80993531757883,1.28399327140522,4.47859191651975,7.51370163688209e-06,0.000149763392820572,0.00013059165344499,0.00817260062791267,0.000224695136332156,TRUE,TRUE,TRUE,TRUE,"Rpv12+1",0,"Rpv12+1|0"
"Vitvi06g01055",711.128546846622,1.7720080114464,1.61584879225762,0.409560065717759,4.47738371305502,7.55633629297507e-06,0.000150484256103523,0.0255490563186375,0.406284355160631,0.0169856607408637,FALSE,TRUE,TRUE,FALSE,"Rpv12+1",0,"Rpv12+1|0"
"Vitvi18g02503",14661.4068155723,-1.31119290459172,-1.20936581678544,0.297697512076482,-4.47190966187058,7.75241780058168e-06,0.000153898924202361,0.144266826886385,1,0.0742871599439748,FALSE,TRUE,TRUE,FALSE,"Rpv12+1",0,"Rpv12+1|0"
"Vitvi13g01998",103.906453606333,3.31263170199092,2.89648894215777,0.858029336129457,4.47153416092852,7.76604512044853e-06,0.000154045320118655,0.000899081577883754,0.0373912162096361,0.00273231351737998,TRUE,TRUE,TRUE,TRUE,"Rpv12+1",0,"Rpv12+1|0"
"Vitvi14g00369",55.2648633293357,-2.35436935761459,-2.13349568032555,0.53262607540612,-4.46875665959048,7.86755712234287e-06,0.00015580798815598,0.00507484838639625,0.13728330810728,0.00354051768562179,FALSE,TRUE,TRUE,FALSE,"Rpv12+1",0,"Rpv12+1|0"
"Vitvi07g01671",730.130792867937,1.30746755804357,1.16985775911419,0.30380448070655,4.46875790882066,7.86751118166829e-06,0.00015580798815598,0.146655698709028,1,0.0914825655539998,FALSE,TRUE,TRUE,FALSE,"Rpv12+1",0,"Rpv12+1|0"
"Vitvi08g00055",1218.2299267836,1.52414439767377,1.395024904213,0.355203077247537,4.46802004758871,7.89469087431675e-06,0.00015621976255395,0.0622046984162434,0.692246336868644,0.0368672987645925,FALSE,TRUE,TRUE,FALSE,"Rpv12+1",0,"Rpv12+1|0"
"Vitvi19g00369",543.202014610973,3.06991051722726,2.74451812524209,0.761722596983603,4.46592336953026,7.97241446081549e-06,0.000157631141779013,0.00130116227924307,0.0498347058019319,0.00225145127306326,TRUE,TRUE,TRUE,TRUE,"Rpv12+1",0,"Rpv12+1|0"
"Vitvi03g04427",1000.05606816223,-1.51935418708243,-1.39838366086792,0.342017941096309,-4.46573419714023,7.9794629219162e-06,0.000157643984398017,0.0634424014616831,0.697893094968953,0.0335341221641266,FALSE,TRUE,TRUE,FALSE,"Rpv12+1",0,"Rpv12+1|0"
"Vitvi14g01868",168.864942761851,3.37813578000464,3.0413394010671,0.801772503673228,4.46393732806108,8.04671099123436e-06,0.000158724175820996,0.000837513580104892,0.035279416653726,0.00103631520918913,TRUE,TRUE,TRUE,TRUE,"Rpv12+1",0,"Rpv12+1|0"
"Vitvi14g03057",803.640580986642,2.65049265132574,2.33388093733393,0.675603436490094,4.46392898475031,8.04702450074786e-06,0.000158724175820996,0.00272011734526653,0.0865639289961402,0.00527735171626449,FALSE,TRUE,TRUE,FALSE,"Rpv12+1",0,"Rpv12+1|0"
"Vitvi10g01729",80.6729088041087,4.02072269964474,3.57356546804545,0.980152727130928,4.46291820982495,8.08509205008997e-06,0.000159347462196813,0.000399804019114141,0.0198453004478308,0.000777226134422033,TRUE,TRUE,TRUE,TRUE,"Rpv12+1",0,"Rpv12+1|0"
"Vitvi08g01406",229.472565283789,1.77342049311031,1.6006808420299,0.428082991760563,4.46221364104238,8.11172909620334e-06,0.000159617059116666,0.025824281436744,0.408426468019218,0.0209997896101007,FALSE,TRUE,TRUE,FALSE,"Rpv12+1",0,"Rpv12+1|0"
"Vitvi15g01518",1010.33923577193,2.4356556405151,2.1712367016309,0.601305860268449,4.46104855238105,8.15596078358593e-06,0.000160231459222028,0.00427566609426681,0.12078525848804,0.0056121482436794,FALSE,TRUE,TRUE,FALSE,"Rpv12+1",0,"Rpv12+1|0"
"Vitvi17g00609",150.380005015793,3.83590261306204,3.42815367552106,0.908771692503048,4.45984113849037,8.20204253553771e-06,0.000160880191007569,0.000488307626772537,0.0231406507404761,0.000669978839934841,TRUE,TRUE,TRUE,TRUE,"Rpv12+1",0,"Rpv12+1|0"
"Vitvi02g00056",116.784467935936,5.59957970328474,4.90176744373494,1.2532835426851,4.45684260555926,8.31756249212689e-06,0.000162757322919808,0.000125731451407591,0.00800095508376499,0.000136467372561958,TRUE,TRUE,TRUE,TRUE,"Rpv12+1",0,"Rpv12+1|0"
"Vitvi10g01678",458.586974382677,-6.83509285959071,-6.12877942523446,1.53655951046211,-4.45620984034466,8.34213800897821e-06,0.00016297931164884,7.12800447962368e-05,0.00505145434633932,6.4384433783101e-05,TRUE,TRUE,TRUE,TRUE,"Rpv12+1",0,"Rpv12+1|0"
"Vitvi12g04630",81.4268861033209,-5.93940623613417,-5.2137908743086,1.30726742317785,-4.45628004940345,8.33940779012731e-06,0.00016297931164884,0.000105379670345109,0.00694364432382296,0.000101480515635084,TRUE,TRUE,TRUE,TRUE,"Rpv12+1",0,"Rpv12+1|0"
"Vitvi14g00377",141.995689325901,1.26409838895034,1.16493000170582,0.292971560956837,4.4558428552586,8.35642286327349e-06,0.000163129028256423,0.175946154807168,1,0.0907938507812977,FALSE,TRUE,TRUE,FALSE,"Rpv12+1",0,"Rpv12+1|0"
"Vitvi18g00360",700.368884159263,1.28847398784909,1.18492115556566,0.298020067715252,4.45290939676364,8.47145076533455e-06,0.000165243595451134,0.159393563349639,1,0.0840902315281013,FALSE,TRUE,TRUE,FALSE,"Rpv12+1",0,"Rpv12+1|0"
"Vitvi12g02735",166.174325654525,-1.1162819749186,-1.0439393023638,0.254372111564578,-4.45212761709178,8.50236067488041e-06,0.000165715314546166,0.321404953572967,1,0.152433407099871,FALSE,TRUE,TRUE,FALSE,"Rpv12+1",0,"Rpv12+1|0"
"Vitvi04g00352",190.49126934903,4.41325392966726,3.89752130216175,1.13446637298258,4.45102885582196,8.54598562255639e-06,0.000166171193210181,0.000288238369037585,0.0153252591375085,0.00101179814327655,TRUE,TRUE,TRUE,TRUE,"Rpv12+1",0,"Rpv12+1|0"
"Vitvi14g00114",832.601447262315,2.2767449921794,2.04106265786376,0.554036143533499,4.45073233232723,8.55779532482073e-06,0.000166205594654108,0.00628250448193137,0.156072207732994,0.0068111339536702,FALSE,TRUE,TRUE,FALSE,"Rpv12+1",0,"Rpv12+1|0"
"Vitvi18g04596",57.609132365305,2.64191102990437,2.35322145709912,0.647272316942369,4.44938812385608,8.61152728288098e-06,0.000167050067827603,0.00284410834181085,0.0896373856788314,0.00384178409210706,FALSE,TRUE,TRUE,FALSE,"Rpv12+1",0,"Rpv12+1|0"
"Vitvi13g00600",491.373079652257,-2.27755077274542,-2.04403221840817,0.545615377502114,-4.44772434227389,8.67848010113981e-06,0.000168216393211393,0.00630015979782129,0.156362315133973,0.00621455330990794,FALSE,TRUE,TRUE,FALSE,"Rpv12+1",0,"Rpv12+1|0"
"Vitvi10g00509",261.043745171479,1.79033197435467,1.615450853273,0.430568336333869,4.44704312965099,8.70603630569616e-06,0.000168617854109379,0.0248159904790226,0.399025036542254,0.0197002684982812,FALSE,TRUE,TRUE,FALSE,"Rpv12+1",0,"Rpv12+1|0"
"Vitvi11g01265",142.654874960325,2.2274686349562,1.9975786424118,0.539544028137642,4.446197139306,8.7403744605718e-06,0.000169149933394067,0.00714041213001091,0.17062129160909,0.00740694521895786,FALSE,TRUE,TRUE,FALSE,"Rpv12+1",0,"Rpv12+1|0"
"Vitvi19g00177",43.9964639993,-5.32433684385883,-4.71277641462116,1.16472330300365,-4.44266557326254,8.88512116098686e-06,0.000171681446997704,0.000154195406802389,0.00933703158922151,0.00011311810806609,TRUE,TRUE,TRUE,TRUE,"Rpv12+1",0,"Rpv12+1|0"
"Vitvi15g00244",1696.21340514114,1.16558403372136,1.0791556662015,0.267999912809193,4.4409424987757,8.95657275135696e-06,0.00017279101511545,0.264057947299015,1,0.129251400358565,FALSE,TRUE,TRUE,FALSE,"Rpv12+1",0,"Rpv12+1|0"
"Vitvi16g01561",237.150499774958,1.68245228534137,1.51530783281844,0.404593455002134,4.43818272764888,9.07215874604721e-06,0.000174671637666117,0.0359099660085623,0.499398618191377,0.0266714338846336,FALSE,TRUE,TRUE,FALSE,"Rpv12+1",0,"Rpv12+1|0"
"Vitvi10g04035",64.6221223395664,2.97153831127749,2.67060752410205,0.696809504058762,4.43675476005635,9.13252368988296e-06,0.000175605234778947,0.00162172298773029,0.0585948227017082,0.0016776632380496,FALSE,TRUE,TRUE,FALSE,"Rpv12+1",0,"Rpv12+1|0"
"Vitvi18g01144",478.150774826904,1.48314733280854,1.35170483125669,0.344819106886675,4.43662361129244,9.13808698598026e-06,0.000175605234778947,0.0741915493399856,0.761985370704627,0.0440924891794236,FALSE,TRUE,TRUE,FALSE,"Rpv12+1",0,"Rpv12+1|0"
"Vitvi03g04393",8.0440132676864,-8.15029768122911,-8.60100718408977,3.4065746674034,-4.43515804414016,9.20047664004221e-06,0.000176528771420623,5.023771776992e-05,0.00370188298350236,0.00262379358880092,TRUE,TRUE,TRUE,TRUE,"Rpv12+1",0,"Rpv12+1|0"
"Vitvi17g04289",54.0601149852577,2.51094632011994,2.2827397210574,0.591609036654767,4.43413797853316,9.24414114236523e-06,0.000177228530103743,0.00381277323470662,0.111814276958173,0.00307686780114704,FALSE,TRUE,TRUE,FALSE,"Rpv12+1",0,"Rpv12+1|0"
"Vitvi12g02218",33.9183345401799,3.10777047953103,2.8433048043791,0.778036421177827,4.4334313964586,9.27450279400755e-06,0.000177672356790956,0.00131977377653714,0.0502241175239002,0.0017688934317335,FALSE,TRUE,TRUE,FALSE,"Rpv12+1",0,"Rpv12+1|0"
"Vitvi03g00130",4793.01776508976,1.34480737453726,1.23371648544311,0.31817958346869,4.43059927888606,9.39715713333089e-06,0.000179742517963307,0.127977951102218,1,0.0706129840094198,FALSE,TRUE,TRUE,FALSE,"Rpv12+1",0,"Rpv12+1|0"
"Vitvi13g01667",38.0531885924791,2.05225973628924,1.84372848770045,0.495461446929187,4.42944276601172,9.44768810498709e-06,0.000180568847288178,0.0115699141593559,0.241398887006516,0.0107929746347025,FALSE,TRUE,TRUE,FALSE,"Rpv12+1",0,"Rpv12+1|0"
"Vitvi10g00034",148.02407787925,6.28827106969435,5.306447778124,1.71691169881396,4.42769522781819,9.52453522120031e-06,0.000181896472643016,9.83539933652355e-05,0.00658015885534833,0.00119791530516671,TRUE,TRUE,TRUE,TRUE,"Rpv12+1",0,"Rpv12+1|0"
"Vitvi12g00252",52.8115267547465,1.95013153374291,1.76356476271081,0.467266980399341,4.42647918703099,9.57836194696881e-06,0.000182782745875696,0.0155167469523517,0.291225702092181,0.0124843561998043,FALSE,TRUE,TRUE,FALSE,"Rpv12+1",0,"Rpv12+1|0"
"Vitvi05g01072",373.27124569099,-1.17582146575187,-1.09202789061798,0.2625490658639,-4.42322055163284,9.72403835241401e-06,0.000185275644895647,0.254175512908207,1,0.122424472681429,FALSE,TRUE,TRUE,FALSE,"Rpv12+1",0,"Rpv12+1|0"
"Vitvi07g01330",2542.92199983511,1.14300610599262,1.05939975847293,0.265211490762625,4.42335146986589,9.71814510419311e-06,0.000185275644895647,0.289986776515672,1,0.141555178070253,FALSE,TRUE,TRUE,FALSE,"Rpv12+1",0,"Rpv12+1|0"
"Vitvi14g04518",123.62170885041,2.26489858754562,2.04149831234541,0.533863628642847,4.42159748443226,9.79738436735475e-06,0.000186528872700272,0.00676756126937328,0.163465037161159,0.00558783628164681,FALSE,TRUE,TRUE,FALSE,"Rpv12+1",0,"Rpv12+1|0"
"Vitvi09g04127",23.1559167273334,-3.99257418423024,-3.57154585160731,0.922451772166064,-4.4175914103837,9.98068649821127e-06,0.000189141686592256,0.000464600974803515,0.0223679942891611,0.000430157986782533,TRUE,TRUE,TRUE,TRUE,"Rpv12+1",0,"Rpv12+1|0"
"Vitvi19g00185",885.361806565441,1.50505720153965,1.36484011146586,0.365646316873396,4.41562653577282,1.00717842571386e-05,0.000190574867095904,0.0692011613123039,0.733779156371527,0.0460976405847715,FALSE,TRUE,TRUE,FALSE,"Rpv12+1",0,"Rpv12+1|0"
"Vitvi01g00449",2597.51524662332,-1.11618796653255,-1.04024250293476,0.251257348899927,-4.41510127878165,1.00962710173495e-05,0.000190891583103164,0.322907580729133,1,0.154897195254859,FALSE,TRUE,TRUE,FALSE,"Rpv12+1",0,"Rpv12+1|0"
"Vitvi01g00995",1114.47024501264,1.76106742175713,1.58528360504207,0.434931630086959,4.41299399519388,1.01950825251255e-05,0.000192464408497311,0.0282518243398022,0.433708610859675,0.0230634151509741,FALSE,TRUE,TRUE,FALSE,"Rpv12+1",0,"Rpv12+1|0"
"Vitvi08g01101",112.492110260591,3.12998891762501,2.74878458526097,0.7937039385253,4.41004473055115,1.03349269029424e-05,0.000194558120073,0.00134512338415859,0.0509219719337258,0.00282741275583772,FALSE,TRUE,TRUE,FALSE,"Rpv12+1",0,"Rpv12+1|0"
"Vitvi12g04447",75.2156153598283,-1.55494721921182,-1.41245762470729,0.360543708140435,-4.40998918239915,1.03375783071747e-05,0.000194558120073,0.057756786482277,0.666751887727221,0.0349686236539212,FALSE,TRUE,TRUE,FALSE,"Rpv12+1",0,"Rpv12+1|0"
"Vitvi18g00894",46519.1117673261,-1.08041437091248,-1.005156939466,0.245693299631177,-4.40924764286797,1.03730354792952e-05,0.000195076413792303,0.371389013551252,1,0.180940251518943,FALSE,TRUE,TRUE,FALSE,"Rpv12+1",0,"Rpv12+1|0"
"Vitvi03g00315",4172.34094029431,1.88395723915233,1.69662704406026,0.460860020298218,4.40512956678302,1.05720668807786e-05,0.000198667764816827,0.019371915141224,0.338963162661724,0.0166072031501014,FALSE,TRUE,TRUE,FALSE,"Rpv12+1",0,"Rpv12+1|0"
"Vitvi01g00403",24.9875855530498,3.95156152578209,3.46947463430046,0.98797019569396,4.40375653085582,1.06392341228043e-05,0.00019977757000717,0.000502162373318477,0.0236260171288454,0.00121576389275543,TRUE,TRUE,TRUE,TRUE,"Rpv12+1",0,"Rpv12+1|0"
"Vitvi08g02261",2575.60798650637,1.07197855326041,1.00090674739961,0.251004270901896,4.4014101477214,1.07549604833265e-05,0.000201796806144122,0.383792626511157,1,0.184866395402967,FALSE,TRUE,TRUE,FALSE,"Rpv12+1",0,"Rpv12+1|0"
"Vitvi12g04571",30.9730255685129,2.36476931495394,2.10629398219641,0.57469752391144,4.39624533465802,1.10139443479414e-05,0.000206341850156566,0.0055873707648794,0.144856324914252,0.00590963094443432,FALSE,TRUE,TRUE,FALSE,"Rpv12+1",0,"Rpv12+1|0"
"Vitvi09g00177",11869.226586921,1.55112508646461,1.41475946835415,0.366437895278424,4.39405216832868,1.11257098466355e-05,0.000208277346338686,0.0592340346861735,0.676838422182784,0.0358206059885526,FALSE,TRUE,TRUE,FALSE,"Rpv12+1",0,"Rpv12+1|0"
"Vitvi05g04298",7.17036557939208,5.93889498675702,5.58026528347411,2.09226114972297,4.39208617240999,1.1226818198271e-05,0.000210010549075631,0.000129973111499684,0.00817260062791267,0.0029252285310091,TRUE,TRUE,TRUE,TRUE,"Rpv12+1",0,"Rpv12+1|0"
"Vitvi10g01912",129.722250637064,1.74619924745029,1.5793174387779,0.417387031215432,4.3910222710396,1.1281898299745e-05,0.000210880763666553,0.0302998240251657,0.452715400047779,0.021429437297732,FALSE,TRUE,TRUE,FALSE,"Rpv12+1",0,"Rpv12+1|0"
"Vitvi10g01909",125.240559617807,-2.01052930086633,-1.83923256382993,0.45600202637892,-4.38975872762258,1.13476493774912e-05,0.00021194896896427,0.0136789077808159,0.27085446475852,0.00757389967751319,FALSE,TRUE,TRUE,FALSE,"Rpv12+1",0,"Rpv12+1|0"
"Vitvi01g00521",2358.02050128804,1.49483951948848,1.35763116014471,0.362929159573383,4.3888414094755,1.13956129288781e-05,0.000212683575845333,0.0731332066041566,0.755565383711742,0.0475703664022097,FALSE,TRUE,TRUE,FALSE,"Rpv12+1",0,"Rpv12+1|0"
"Vitvi17g00548",545.787936839492,1.33246273523786,1.22074663655645,0.317760001926223,4.38839602790884,1.1418970199613e-05,0.000212958175501639,0.136769587599464,1,0.0753338496157534,FALSE,TRUE,TRUE,FALSE,"Rpv12+1",0,"Rpv12+1|0"
"Vitvi19g04192",5253.80633751641,-2.04493247957796,-1.84483867945101,0.480281473273533,-4.38720639948678,1.14815824870747e-05,0.000213802166403304,0.0124870743152429,0.255594191715523,0.00930430947508545,FALSE,TRUE,TRUE,FALSE,"Rpv12+1",0,"Rpv12+1|0"
"Vitvi00g04747",43.3044408049491,-4.50053539312032,-3.95882235626259,1.05871909138951,-4.38621542897335,1.1533989118111e-05,0.000214532974105331,0.000322935511525277,0.0167612500912495,0.00042514946055057,TRUE,TRUE,TRUE,TRUE,"Rpv12+1",0,"Rpv12+1|0"
"Vitvi11g00927",24991.2309167629,-1.39399782620047,-1.27818154747575,0.322497508859137,-4.38613515225322,1.15382444670224e-05,0.000214532974105331,0.107544700188285,0.933696003740649,0.0584985096542596,FALSE,TRUE,TRUE,FALSE,"Rpv12+1",0,"Rpv12+1|0"
"Vitvi19g00275",1075.44607981274,1.48969012074118,1.3583441514638,0.356395483582737,4.38445154741218,1.1627835900755e-05,0.000216035720400452,0.0747563965884663,0.764440226744686,0.0451597210090399,FALSE,TRUE,TRUE,FALSE,"Rpv12+1",0,"Rpv12+1|0"
"Vitvi13g04338",76.6261892100108,-3.36936627172417,-2.98509751026067,0.824005417651937,-4.38265492514446,1.17241736801872e-05,0.000217333892238594,0.00102835972635612,0.0413223687891702,0.00162361873725188,TRUE,TRUE,TRUE,TRUE,"Rpv12+1",0,"Rpv12+1|0"
"Vitvi07g04521",981.778378277296,-1.28256931017335,-1.174625682427,0.310425759509308,-4.38001188978388,1.18672833563434e-05,0.000219491285861018,0.167276788778286,1,0.0910521567958403,FALSE,TRUE,TRUE,FALSE,"Rpv12+1",0,"Rpv12+1|0"
"Vitvi02g01348",2321.88400786137,1.17437953338078,1.0872216474829,0.272395927065884,4.37883182912293,1.19317158582212e-05,0.000220517443273171,0.257782323883191,1,0.125489903891386,FALSE,TRUE,TRUE,FALSE,"Rpv12+1",0,"Rpv12+1|0"
"Vitvi04g02117",206.786854530804,4.53474972119677,3.83685058245308,1.27352035813225,4.37862413197792,1.19430908310964e-05,0.000220562208182077,0.000321242832301722,0.0167591695094938,0.00265417336758763,TRUE,TRUE,TRUE,TRUE,"Rpv12+1",0,"Rpv12+1|0"
"Vitvi11g00285",799.420119473955,3.54358329234208,3.14579317803069,0.88090901367583,4.37805183944725,1.19744872140472e-05,0.000220976379779226,0.000837383596047232,0.035279416653726,0.00146749490611315,TRUE,TRUE,TRUE,TRUE,"Rpv12+1",0,"Rpv12+1|0"
"Vitvi06g01527",1585.40159664803,-1.16908884426061,-1.08171668231753,0.269128795808407,-4.37678754651891,1.2044126707888e-05,0.000221929024364643,0.263357686194058,1,0.128120149422451,FALSE,TRUE,TRUE,FALSE,"Rpv12+1",0,"Rpv12+1|0"
"Vitvi09g04535",322.672178718474,3.90144815501556,3.37939515891901,1.00534486915777,4.37584709605361,1.20961789008425e-05,0.000222721572048696,0.000568477175376129,0.0258622511837638,0.00179231619650651,TRUE,TRUE,TRUE,TRUE,"Rpv12+1",0,"Rpv12+1|0"
"Vitvi07g00299",825.379899455342,1.18352183740263,1.09089711377741,0.279749389321639,4.37468147402413,1.21609919089663e-05,0.000223580743783054,0.248772881458063,1,0.124835626188339,FALSE,TRUE,TRUE,FALSE,"Rpv12+1",0,"Rpv12+1|0"
"Vitvi01g01133",4.59738911882327,8.40657589484937,10.5440320270714,3.35432801631632,4.37268845015618,1.22725800910503e-05,0.000225128282295692,5.89469912555336e-05,0.00425965288467819,0.000360731706295627,TRUE,TRUE,TRUE,TRUE,"Rpv12+1",0,"Rpv12+1|0"
"Vitvi08g01058",1060.08464867065,3.4923671037505,3.08471884838571,0.889916537571438,4.36989758532184,1.24304822008705e-05,0.000227516611813258,0.00090848977266667,0.0376675411208137,0.0019484509077675,TRUE,TRUE,TRUE,TRUE,"Rpv12+1",0,"Rpv12+1|0"
"Vitvi01g00732",318.582918154509,2.34980411467595,2.09949400199854,0.582843716708607,4.36993643594025,1.24282708566347e-05,0.000227516611813258,0.00603255933504915,0.152684267089414,0.00673187589946239,FALSE,TRUE,TRUE,FALSE,"Rpv12+1",0,"Rpv12+1|0"
"Vitvi16g00071",1664.45559569687,2.63173020793999,2.33315226393826,0.665343783215462,4.36887766477102,1.24886697042674e-05,0.000228411927865132,0.00337635679043057,0.10217505766662,0.00491447504359369,FALSE,TRUE,TRUE,FALSE,"Rpv12+1",0,"Rpv12+1|0"
"Vitvi06g01349",6547.78491646399,-1.13560907612976,-1.0536542850531,0.258878779990095,-4.36870691517419,1.2498436505928e-05,0.000228420980534157,0.300942968566648,1,0.145087864738651,FALSE,TRUE,TRUE,FALSE,"Rpv12+1",0,"Rpv12+1|0"
"Vitvi03g04325",54.7516876728369,2.44102364558769,2.15551013869537,0.610535232743942,4.36572802389849,1.26700050482645e-05,0.000231213514347441,0.00497955922280089,0.135265098348129,0.00657508675302801,FALSE,TRUE,TRUE,FALSE,"Rpv12+1",0,"Rpv12+1|0"
"Vitvi11g00749",43.5050964915158,3.5379005799965,3.0894579289675,0.918941106847258,4.3653093619432,1.26942971467949e-05,0.000231428785851895,0.00086976926852367,0.0364036708724971,0.00234799552604485,TRUE,TRUE,TRUE,TRUE,"Rpv12+1",0,"Rpv12+1|0"
"Vitvi01g04203",564.209295740107,1.2630865465211,1.16629804138269,0.29358818763023,4.36310366977844,1.2823013989441e-05,0.000233486897741218,0.18173186115516,1,0.0902768095242898,FALSE,TRUE,TRUE,FALSE,"Rpv12+1",0,"Rpv12+1|0"
"Vitvi04g00047",11545.8213851795,1.30378869214793,1.20476456911357,0.297147867073757,4.357947070753,1.31288122697921e-05,0.000238350345673249,0.154952479514955,1,0.0762206624606636,FALSE,TRUE,TRUE,FALSE,"Rpv12+1",0,"Rpv12+1|0"
"Vitvi07g01714",248.306697567309,2.15849987015568,1.97595320714328,0.543064259225025,4.35586446019873,1.32542777561243e-05,0.000240450947569867,0.00969728120798899,0.212811391879013,0.00860811107519496,FALSE,TRUE,TRUE,FALSE,"Rpv12+1",0,"Rpv12+1|0"
"Vitvi06g00411",146.369803991148,2.19548723884913,1.97357467697831,0.539212196955437,4.35567124919891,1.32659754299918e-05,0.000240486071150315,0.008852005015996,0.199448405868595,0.0083743535871361,FALSE,TRUE,TRUE,FALSE,"Rpv12+1",0,"Rpv12+1|0"
"Vitvi04g00289",172.165583505893,2.54522712821812,2.26575030589304,0.632305922458493,4.35426433832376,1.33514522199776e-05,0.000241679924240535,0.004102596258059,0.117546347770608,0.00493667607179948,FALSE,TRUE,TRUE,FALSE,"Rpv12+1",0,"Rpv12+1|0"
"Vitvi07g04617",371.542627597493,1.46018615281265,1.33208981257274,0.347637301872939,4.35297802453607,1.34300617033949e-05,0.000242746148294084,0.0850525277318754,0.822814006264101,0.0500186283891108,FALSE,TRUE,TRUE,FALSE,"Rpv12+1",0,"Rpv12+1|0"
"Vitvi06g04134",24.2462938808374,2.81519783443958,2.50238820082021,0.686215719114117,4.3524061694779,1.34651506261505e-05,0.000243201943420707,0.00250518152948527,0.0813065057441752,0.00290884829502995,FALSE,TRUE,TRUE,FALSE,"Rpv12+1",0,"Rpv12+1|0"
"Vitvi13g02144",262.022477870617,-1.49967281773719,-1.36587495822293,0.357232929044435,-4.3512808451031,1.35344558666016e-05,0.000244155556498855,0.0735579765969449,0.757560279448615,0.0435623661664685,FALSE,TRUE,TRUE,FALSE,"Rpv12+1",0,"Rpv12+1|0"
"Vitvi19g04283",353.719931906283,-1.29685616985852,-1.19528890346096,0.299371520353294,-4.35122717819377,1.35377695314757e-05,0.000244155556498855,0.159621346811516,1,0.0794938076958172,FALSE,TRUE,TRUE,FALSE,"Rpv12+1",0,"Rpv12+1|0"
"Vitvi08g04140",2993.72736179881,1.32771290084684,1.21510694299126,0.318804985141237,4.35025868565389,1.35977022980758e-05,0.000245057054729624,0.14146666918584,1,0.07751574936004,FALSE,TRUE,TRUE,FALSE,"Rpv12+1",0,"Rpv12+1|0"
"Vitvi07g02298",27.5715922540193,3.46671880007746,3.08620353573236,0.825970433281129,4.34965354029706,1.36352786079688e-05,0.000245554622650526,0.000984192205825169,0.0399774594909637,0.00111968186767131,TRUE,TRUE,TRUE,TRUE,"Rpv12+1",0,"Rpv12+1|0"
"Vitvi03g01292",13.2660637256011,7.30491222809026,6.52318861722441,1.85318807292662,4.34699805112067,1.38013445148749e-05,0.000248182425889385,8.81294522766809e-05,0.00592642247327943,0.000215089798835307,TRUE,TRUE,TRUE,TRUE,"Rpv12+1",0,"Rpv12+1|0"
"Vitvi19g00221",1879.94504126542,1.37143506915255,1.26527613218586,0.328824708574995,4.34703359077638,1.37991092945806e-05,0.000248182425889385,0.119530588981643,0.991062021290267,0.0642445499877888,FALSE,TRUE,TRUE,FALSE,"Rpv12+1",0,"Rpv12+1|0"
"Vitvi01g00525",164.5516147085,2.98482313372387,2.65034784502786,0.706922274174601,4.34604569453517,1.38613705229533e-05,0.000249080032241778,0.00192622641077575,0.0665629546624609,0.00202200221582139,FALSE,TRUE,TRUE,FALSE,"Rpv12+1",0,"Rpv12+1|0"
"Vitvi02g01486",81.0721887351526,6.02432399313173,5.57351613083607,1.84930474231816,4.34482530214827,1.39386545977009e-05,0.000250286220604198,0.000145461999776499,0.00889051507512485,0.00131848838192178,TRUE,TRUE,TRUE,TRUE,"Rpv12+1",0,"Rpv12+1|0"
"Vitvi18g02375",1752.27238807161,2.71166410293209,2.33908555757521,0.741823464083909,4.34325959086501,1.40384087674621e-05,0.00025189383714144,0.00305737083618386,0.0950984110627034,0.00840348776370427,FALSE,TRUE,TRUE,FALSE,"Rpv12+1",0,"Rpv12+1|0"
"Vitvi04g02114",166.47808749863,2.58300760518867,2.29762591392718,0.65139979222904,4.33397934191576,1.46437922419355e-05,0.000261802950415329,0.00395252862474102,0.114343135528398,0.00507084302132551,FALSE,TRUE,TRUE,FALSE,"Rpv12+1",0,"Rpv12+1|0"
"Vitvi01g00402",534.038321657756,2.22687085550013,1.97260041157622,0.569862404936159,4.32901901136867,1.49775005349719e-05,0.000266731237974382,0.00853893264720897,0.195082916260558,0.0106932822205887,FALSE,TRUE,TRUE,FALSE,"Rpv12+1",0,"Rpv12+1|0"
"Vitvi09g02008",874.493904713534,1.69943438539137,1.53061077528384,0.417916672945972,4.32891736001821,1.49844144080429e-05,0.000266731237974382,0.0374033364327218,0.512463409812662,0.0270530198583502,FALSE,TRUE,TRUE,FALSE,"Rpv12+1",0,"Rpv12+1|0"
"Vitvi10g00992",808.310618677306,1.90716105864347,1.69958454386515,0.485278780798089,4.32711697822967,1.51073737858577e-05,0.000268531934046457,0.019783629778718,0.342955580769704,0.0192442782418018,FALSE,TRUE,TRUE,FALSE,"Rpv12+1",0,"Rpv12+1|0"
"Vitvi18g00544",124.871378269308,-1.12914845590315,-1.0469358571738,0.262144555049208,-4.3271215066697,1.51070633068619e-05,0.000268531934046457,0.310327387407995,1,0.150531980146026,FALSE,TRUE,TRUE,FALSE,"Rpv12+1",0,"Rpv12+1|0"
"Vitvi07g04054",73.8001241241706,-1.2107202713482,-1.11601849288823,0.283173737742293,-4.3250273548925,1.52512935659242e-05,0.000270504584802093,0.225799767753149,1,0.112555441749546,FALSE,TRUE,TRUE,FALSE,"Rpv12+1",0,"Rpv12+1|0"
"Vitvi17g00241",120.976366991393,1.71349186846742,1.54807407684205,0.414112950576149,4.32427421933833,1.53034844246777e-05,0.000271234994450619,0.0358820064907879,0.499275216910915,0.0240928393050082,FALSE,TRUE,TRUE,FALSE,"Rpv12+1",0,"Rpv12+1|0"
"Vitvi08g01855",209.310865406718,-1.34528213288858,-1.24636442626198,0.306189176133485,-4.31995064978059,1.56064097656064e-05,0.000276405112139094,0.133765781620897,1,0.0643943946341004,FALSE,TRUE,TRUE,FALSE,"Rpv12+1",0,"Rpv12+1|0"
"Vitvi08g01276",796.031393601712,4.11503889103496,3.54252608941042,1.1310587880529,4.31969089441173,1.56247900487826e-05,0.000276531844570264,0.000537856397001737,0.0248582782494142,0.0025191853252151,TRUE,TRUE,TRUE,TRUE,"Rpv12+1",0,"Rpv12+1|0"
"Vitvi17g01522",19.026062843152,-3.29877214236975,-2.94548539808616,0.774377944411404,-4.31718854744399,1.58029162112194e-05,0.0002792460898546,0.00131287462117247,0.0502097766304834,0.00117168562510431,FALSE,TRUE,TRUE,FALSE,"Rpv12+1",0,"Rpv12+1|0"
"Vitvi05g01991",47.7444894217591,-1.59190052584719,-1.45318637727626,0.367793069841795,-4.31736548460452,1.57902578472874e-05,0.0002792460898546,0.0542157659542868,0.639863245188668,0.0294152415345562,FALSE,TRUE,TRUE,FALSE,"Rpv12+1",0,"Rpv12+1|0"
"Vitvi13g00286",945.26208952221,-1.51757488419684,-1.37233935470062,0.364610112506239,-4.31539395779576,1.59318517873774e-05,0.000280555468644625,0.0705398663768479,0.739580106032851,0.0438938057720615,FALSE,TRUE,TRUE,FALSE,"Rpv12+1",0,"Rpv12+1|0"
"Vitvi03g04508",12.275756821536,3.64507797009052,3.31123216789486,0.890875962474584,4.31426725314776,1.60133137090024e-05,0.000281788568953559,0.000872029177708633,0.0364227789474539,0.00088052894030585,TRUE,TRUE,TRUE,TRUE,"Rpv12+1",0,"Rpv12+1|0"
"Vitvi13g00646",1007.96706785279,2.73385611685033,2.37958270481659,0.735152288741735,4.31127659828973,1.62314712140448e-05,0.000285423643703931,0.00312582674718108,0.0963115452055475,0.0068379327155128,FALSE,TRUE,TRUE,FALSE,"Rpv12+1",0,"Rpv12+1|0"
"Vitvi14g02888",14.1829639029874,-6.85511878965034,-6.05461933473955,1.57331553312387,-4.31024015577193,1.63077347784195e-05,0.000286355918746359,0.000116335575626284,0.00757020478310441,0.000103091952721475,TRUE,TRUE,TRUE,TRUE,"Rpv12+1",0,"Rpv12+1|0"
"Vitvi19g00159",2726.17266775192,1.6486414140784,1.48308626780475,0.411443368594798,4.31036232561726,1.62987275465481e-05,0.000286355918746359,0.0449553660375072,0.575336311240289,0.0328251956098285,FALSE,TRUE,TRUE,FALSE,"Rpv12+1",0,"Rpv12+1|0"
"Vitvi08g01829",2453.98956591975,-1.10371115723589,-1.02032309618447,0.260270895753055,-4.30923530520152,1.63819997307936e-05,0.000287455089293327,0.342767805836878,1,0.169728158973467,FALSE,TRUE,TRUE,FALSE,"Rpv12+1",0,"Rpv12+1|0"
"Vitvi10g00552",99.8646048058608,-1.39782335622945,-1.28146111141112,0.328787644624086,-4.30887664295943,1.64085851640118e-05,0.000287716657722843,0.110040076883912,0.946265079291994,0.0592277345692705,FALSE,TRUE,TRUE,FALSE,"Rpv12+1",0,"Rpv12+1|0"
"Vitvi14g04399",197.507451248555,-1.20471310489426,-1.11135448943733,0.278681646102014,-4.30730908280345,1.65252621502499e-05,0.000289556442626997,0.232106418957252,1,0.113559341987912,FALSE,TRUE,TRUE,FALSE,"Rpv12+1",0,"Rpv12+1|0"
"Vitvi18g02625",1071.8693586145,1.2989506519746,1.18661236323103,0.316884484755969,4.30618979983859,1.66090562852106e-05,0.00029040504658797,0.160828101248809,1,0.0880548306035366,FALSE,TRUE,TRUE,FALSE,"Rpv12+1",0,"Rpv12+1|0"
"Vitvi18g02337",901.636607522149,1.25467241192257,1.14910212366947,0.304096201110903,4.30623557624294,1.66056213473343e-05,0.00029040504658797,0.191038355726849,1,0.0997243862117153,FALSE,TRUE,TRUE,FALSE,"Rpv12+1",0,"Rpv12+1|0"
"Vitvi18g01152",1020.49388254098,1.12237967159486,1.03312138940918,0.273688696554983,4.30321748303212,1.68335461715414e-05,0.00029412144927808,0.319461495912379,1,0.161193809432883,FALSE,TRUE,TRUE,FALSE,"Rpv12+1",0,"Rpv12+1|0"
"Vitvi13g00235",1909.68341343569,-1.84566325547014,-1.673609743388,0.430690278814104,-4.30253594877625,1.68854263481928e-05,0.000294610030817336,0.0243404324424038,0.394010750161412,0.0150705433446574,FALSE,TRUE,TRUE,FALSE,"Rpv12+1",0,"Rpv12+1|0"
"Vitvi09g01651",40.9461393145823,2.32703293959168,2.04588530676312,0.602504880918002,4.30228253458493,1.69047557356059e-05,0.000294624482876634,0.0070745621367088,0.169472042980005,0.00987430477117735,FALSE,TRUE,TRUE,FALSE,"Rpv12+1",0,"Rpv12+1|0"
"Vitvi07g01927",1754.02172985291,-1.55785442698196,-1.41937197061088,0.361027108266936,-4.30212831326333,1.69165294200927e-05,0.000294624482876634,0.0617124933686595,0.690773262315261,0.0337720933140329,FALSE,TRUE,TRUE,FALSE,"Rpv12+1",0,"Rpv12+1|0"
"Vitvi12g01876",324.047517444596,2.05978506879558,1.72626330296315,0.527077765744204,4.30150292161135,1.69643537022313e-05,0.00029494270840379,0.0134427288320098,0.26761669978428,0.0219127112870909,FALSE,TRUE,TRUE,FALSE,"Rpv12+1",0,"Rpv12+1|0"
"Vitvi04g04012",82.0872714799094,10.4074334862156,9.23553459024493,2.54203861045142,4.29885096484047,1.71685866475208e-05,0.00029760917845844,5.22247932979823e-05,0.00382674612852078,9.39229145376697e-05,TRUE,TRUE,TRUE,TRUE,"Rpv12+1",0,"Rpv12+1|0"
"Vitvi13g00117",294.946724580182,3.60432062193882,3.1406365607004,0.963501984028951,4.29869642145171,1.71805603310412e-05,0.00029760917845844,0.000948057732460944,0.0390554995644816,0.00266963252895706,TRUE,TRUE,TRUE,TRUE,"Rpv12+1",0,"Rpv12+1|0"
"Vitvi19g01550",1945.24021069915,1.16507001270554,1.07396846111017,0.278107703510224,4.29857202848983,1.7190203805259e-05,0.00029760917845844,0.27125149492568,1,0.13519490887414,FALSE,TRUE,TRUE,FALSE,"Rpv12+1",0,"Rpv12+1|0"
"Vitvi12g02424",782.41053320025,-1.69541642697959,-1.54342966140864,0.392496341448556,-4.29731379657051,1.7288037712333e-05,0.000299042088845819,0.0389799265083827,0.526203554090901,0.0216701421570616,FALSE,TRUE,TRUE,FALSE,"Rpv12+1",0,"Rpv12+1|0"
"Vitvi00g04011",76.1985138441355,2.58465267006778,2.27252562233697,0.667751434278781,4.29549645632713,1.74302821728126e-05,0.000301130737454005,0.00422459231462706,0.11973034708378,0.00636741785524097,FALSE,TRUE,TRUE,FALSE,"Rpv12+1",0,"Rpv12+1|0"
"Vitvi19g04311",34.9829858387557,-2.6140143447571,-2.33806193494484,0.628597893941903,-4.2931125316255,1.76185651361886e-05,0.000303957262391557,0.00401545237770445,0.115683060295562,0.00350447538041444,FALSE,TRUE,TRUE,FALSE,"Rpv12+1",0,"Rpv12+1|0"
"Vitvi14g01375",1904.83715678234,1.50962686779554,1.3634649554853,0.375928783353052,4.29109552511913,1.77793807009993e-05,0.000306517020958586,0.073723541588856,0.758463275855288,0.0490614204234301,FALSE,TRUE,TRUE,FALSE,"Rpv12+1",0,"Rpv12+1|0"
"Vitvi07g01267",144.205789909317,3.95972763569457,3.5002853018995,0.992888594513144,4.28892709756014,1.79538286424127e-05,0.000308693586777904,0.000673499683104597,0.0299627180447843,0.00115415549330968,TRUE,TRUE,TRUE,TRUE,"Rpv12+1",0,"Rpv12+1|0"
"Vitvi17g01555",51.837622168479,-2.2116770212096,-1.98781364116221,0.526896602163178,-4.2882300428191,1.8010251544861e-05,0.000309414614406692,0.00940372231477953,0.209176846966257,0.00694489963491577,FALSE,TRUE,TRUE,FALSE,"Rpv12+1",0,"Rpv12+1|0"
"Vitvi17g00873",381.455480186646,1.8202211432175,1.62511737784069,0.460516961287614,4.28716663530999,1.80966543277368e-05,0.000310466000012621,0.0266879768603568,0.416545815447538,0.0225087569344481,FALSE,TRUE,TRUE,FALSE,"Rpv12+1",0,"Rpv12+1|0"
"Vitvi03g00340",8123.90647363734,1.45504396051887,1.32344797915989,0.354283442976832,4.28724341289566,1.80904028791203e-05,0.000310466000012621,0.0899970192816773,0.850401111550602,0.0540997326040313,FALSE,TRUE,TRUE,FALSE,"Rpv12+1",0,"Rpv12+1|0"
"Vitvi15g01078",1803.761078849,3.13897397444763,2.72657165318474,0.84778549758275,4.28697258636191,1.8112463518527e-05,0.000310520982075457,0.00174316643519405,0.0618467502864024,0.00456623572107884,FALSE,TRUE,TRUE,FALSE,"Rpv12+1",0,"Rpv12+1|0"
"Vitvi09g04495",565.638750701773,1.52361965231087,1.37026232632412,0.376769328550217,4.28617784662305,1.81773484573159e-05,0.000311200247807112,0.0703724026511861,0.738780121184944,0.04777174300904,FALSE,TRUE,TRUE,FALSE,"Rpv12+1",0,"Rpv12+1|0"
"Vitvi08g04290",70.9668952083546,-6.89520286661614,-5.81382191888758,3.01949983723221,-4.28546782547472,1.82355039514232e-05,0.000311979080102265,0.000124638420709764,0.00797167835537097,0.0138303246635561,TRUE,TRUE,TRUE,FALSE,"Rpv12+1",0,"Rpv12+1|0"
"Vitvi14g01367",162.916984477984,2.23223912657367,1.9787125220662,0.568505889403723,4.2839340895611,1.83617327714309e-05,0.000313920644383741,0.00901955494040296,0.202178695532135,0.0101987158103326,FALSE,TRUE,TRUE,FALSE,"Rpv12+1",0,"Rpv12+1|0"
"Vitvi06g04211",253.546864156471,-3.15367111642569,-2.75797626031035,0.805561452263595,-4.2824118595034,1.84878373962395e-05,0.000315857393962382,0.00172506670524667,0.0613125270958526,0.00295820941624847,FALSE,TRUE,TRUE,FALSE,"Rpv12+1",0,"Rpv12+1|0"
"Vitvi12g02659",118.451907667519,3.24223099479775,2.84761348047977,0.834110092632209,4.28124715223946,1.85848807676255e-05,0.00031729530325102,0.00153429684038338,0.056449607661869,0.00270075178393763,FALSE,TRUE,TRUE,FALSE,"Rpv12+1",0,"Rpv12+1|0"
"Vitvi13g04336",45.6485451887109,-2.06726118977668,-1.84451189845875,0.498237910726633,-4.28012142683527,1.86791371704332e-05,0.000318683672666754,0.0135633236195336,0.269464963464049,0.0111266986338164,FALSE,TRUE,TRUE,FALSE,"Rpv12+1",0,"Rpv12+1|0"
"Vitvi10g04344",10.8629459354222,-7.31526103347977,-7.45550955190658,3.02492844009476,-4.27809889055294,1.88496281841486e-05,0.000321147607154001,0.00011126812428063,0.00729489439362656,0.00343240050534992,TRUE,TRUE,TRUE,TRUE,"Rpv12+1",0,"Rpv12+1|0"
"Vitvi13g04744",142.851380852275,-3.63582190261397,-3.11642026422838,0.999604627016127,-4.27457092083187,1.91505741139207e-05,0.00032559940915842,0.000971264814453091,0.0397184559980192,0.00363174983022961,TRUE,TRUE,TRUE,TRUE,"Rpv12+1",0,"Rpv12+1|0"
"Vitvi07g01139",542.058844552007,2.69161446746151,2.3320679046959,0.732810679265206,4.27418230604303,1.91840024829361e-05,0.000325926240448805,0.00361327669414763,0.107165198460553,0.00805529730205641,FALSE,TRUE,TRUE,FALSE,"Rpv12+1",0,"Rpv12+1|0"
"Vitvi04g04006",7.86558028183973,-6.4567129524285,-6.47282210493674,2.74002074050834,-4.27205908128703,1.93676242926216e-05,0.000327751475014776,0.000153258361374575,0.00930182244825407,0.00500357107302189,TRUE,TRUE,TRUE,TRUE,"Rpv12+1",0,"Rpv12+1|0"
"Vitvi14g01325",956.959860006457,1.11501932792223,1.03123506090156,0.264252829197139,4.27085321905136,1.94726543203987e-05,0.000329257592201333,0.329766513107783,1,0.161768253166204,FALSE,TRUE,TRUE,FALSE,"Rpv12+1",0,"Rpv12+1|0"
"Vitvi07g02000",15.3208331617589,-5.43840480399418,-4.82273977576413,1.26071787934039,-4.27069796677224,1.94862160694757e-05,0.000329260918441428,0.000245903153782817,0.0135142018612572,0.000168492788334548,TRUE,TRUE,TRUE,TRUE,"Rpv12+1",0,"Rpv12+1|0"
"Vitvi08g01770",124.447279155692,-3.01375265949812,-2.67552299262051,0.73137968602208,-4.26917167847029,1.96200216727555e-05,0.000331067708171235,0.00216810828049362,0.0731813477541066,0.00223796496878297,FALSE,TRUE,TRUE,FALSE,"Rpv12+1",0,"Rpv12+1|0"
"Vitvi02g00228",812.933898193342,2.16636995946551,1.95842119453409,0.506588485443051,4.2688947696439,1.96443911143252e-05,0.000331252032506856,0.0107704894456683,0.229061165373364,0.00662728914239906,FALSE,TRUE,TRUE,FALSE,"Rpv12+1",0,"Rpv12+1|0"
"Vitvi09g01026",66.5358544285917,2.28185914828488,2.05075060694796,0.539845864242781,4.26778139933181,1.97426648518759e-05,0.000332681457791255,0.00825430976092826,0.190677762548716,0.0056365050651636,FALSE,TRUE,TRUE,FALSE,"Rpv12+1",0,"Rpv12+1|0"
"Vitvi10g00437",42.3922493210176,-3.90594045464674,-3.46209518459755,0.935083600457604,-4.26729920421742,1.97853718506811e-05,0.000332730712371552,0.000749781944364609,0.0325323979380312,0.000763179565304051,TRUE,TRUE,TRUE,TRUE,"Rpv12+1",0,"Rpv12+1|0"
"Vitvi10g04079",45.0892605627121,-2.02455658139164,-1.82530070328626,0.477707365874008,-4.26746891816311,1.97703306231717e-05,0.000332730712371552,0.0154012316462835,0.290572083941213,0.0100358641691659,FALSE,TRUE,TRUE,FALSE,"Rpv12+1",0,"Rpv12+1|0"
"Vitvi07g00515",1076.07675467276,1.75950748475534,1.57782612570474,0.446254616733353,4.26406422025139,2.0074170705029e-05,0.000337114703128217,0.0328384647030785,0.473290026538749,0.0252570180708513,FALSE,TRUE,TRUE,FALSE,"Rpv12+1",0,"Rpv12+1|0"
"Vitvi04g04218",24.4620148994312,-6.13992509880316,-6.19820162113138,2.63218875292701,-4.26331828929686,2.01413298975059e-05,0.000338012127625991,0.000179558428887159,0.0103917454452637,0.00525411266213624,TRUE,TRUE,TRUE,TRUE,"Rpv12+1",0,"Rpv12+1|0"
"Vitvi17g01190",72.1158594350152,-1.39526329403085,-1.27300117342811,0.331769837058614,-4.26201097401956,2.02595491739199e-05,0.000339533505747409,0.113642434183253,0.963309279261091,0.062454668510712,FALSE,TRUE,TRUE,FALSE,"Rpv12+1",0,"Rpv12+1|0"
"Vitvi04g01540",5728.10835906096,-1.27533431898714,-1.173349906424,0.296336827633403,-4.2607764314573,2.03717940251378e-05,0.0003411825408588,0.178821128083636,1,0.0883943397260952,FALSE,TRUE,TRUE,FALSE,"Rpv12+1",0,"Rpv12+1|0"
"Vitvi01g00697",31.5183385559136,3.4136036923713,2.99810212134564,0.877945247090049,4.25955771191895,2.0483180874989e-05,0.000342814975568091,0.00129879630252183,0.0498170270933558,0.00233405954236761,TRUE,TRUE,TRUE,TRUE,"Rpv12+1",0,"Rpv12+1|0"
"Vitvi15g01080",1478.69118750094,-1.4939502425394,-1.35359555891188,0.362215481442016,-4.25549777226275,2.08584441479576e-05,0.000348149478339487,0.0797120900942079,0.791643342738946,0.0479069539971806,FALSE,TRUE,TRUE,FALSE,"Rpv12+1",0,"Rpv12+1|0"
"Vitvi01g00442",1908.52479156348,-1.48499813025183,-1.3487142708301,0.355353926676939,-4.25412362748174,2.09869333750893e-05,0.000349820088382071,0.082357048381511,0.80627920232483,0.0478390197451808,FALSE,TRUE,TRUE,FALSE,"Rpv12+1",0,"Rpv12+1|0"
"Vitvi14g00197",1269.30228350529,-1.47301093008252,-1.33571504621166,0.357195450710542,-4.25390281605116,2.10076504616521e-05,0.000349928652314578,0.0859684592248554,0.827695592514903,0.0517342870675294,FALSE,TRUE,TRUE,FALSE,"Rpv12+1",0,"Rpv12+1|0"
"Vitvi19g04255",589.881646872792,-1.17471054223383,-1.08506422189961,0.272559772602318,-4.25252759724663,2.11371158538885e-05,0.000351609713826062,0.263542064442744,1,0.126710016890206,FALSE,TRUE,TRUE,FALSE,"Rpv12+1",0,"Rpv12+1|0"
"Vitvi13g00452",118.296773456995,-5.02472323773725,-4.35204983228911,1.29334396236165,-4.2510003766548,2.12817810154359e-05,0.000353777298985343,0.000331012713470553,0.0170788196680004,0.000888060183834854,TRUE,TRUE,TRUE,TRUE,"Rpv12+1",0,"Rpv12+1|0"
"Vitvi11g01582",286.739068218928,1.49303818793983,1.34943696843292,0.369463685073464,4.25004979705317,2.13722995577761e-05,0.000355042462512051,0.0802381119438313,0.793853544001015,0.0511155862601919,FALSE,TRUE,TRUE,FALSE,"Rpv12+1",0,"Rpv12+1|0"
"Vitvi05g01494",495.005920198702,1.44883417605795,1.32059176857175,0.348669944234814,4.2485374865614,2.15170644816182e-05,0.000357206469386216,0.09406118831806,0.869735836410099,0.0533289211168322,FALSE,TRUE,TRUE,FALSE,"Rpv12+1",0,"Rpv12+1|0"
"Vitvi08g01702",7796.49762872399,3.17079126438498,2.74052445703058,0.867289113789933,4.24818798555,2.15506527718109e-05,0.000357486213126622,0.00181642809120507,0.0636942928121093,0.00482601337634641,FALSE,TRUE,TRUE,FALSE,"Rpv12+1",0,"Rpv12+1|0"
"Vitvi02g04113",627.785279882856,1.71010091911535,1.53469459629801,0.422392324587148,4.24806029357303,2.15629368690599e-05,0.000357486213126622,0.0388692633460739,0.525739948226447,0.0273258180822677,FALSE,TRUE,TRUE,FALSE,"Rpv12+1",0,"Rpv12+1|0"
"Vitvi18g04453",1789.72382895066,-2.35377860112854,-2.1173976004789,0.548709823777161,-4.24761844028069,2.16054950596829e-05,0.00035795089192357,0.00728240787932958,0.173024984300983,0.00458703829785171,FALSE,TRUE,TRUE,FALSE,"Rpv12+1",0,"Rpv12+1|0"
"Vitvi10g04218",6.883388335704,-5.84205692718095,-5.87424598165832,2.55077197775952,-4.24709323473849,2.16561855341136e-05,0.000358068313300954,0.00021601392012356,0.0121000174229383,0.00631620206690189,TRUE,TRUE,TRUE,TRUE,"Rpv12+1",0,"Rpv12+1|0"
"Vitvi14g00511",39.1559833267403,4.92060410527419,4.24968653997187,1.30334577959816,4.2471230829656,2.16533016861089e-05,0.000358068313300954,0.000357360423077103,0.0181518277811145,0.00122492443727864,TRUE,TRUE,TRUE,TRUE,"Rpv12+1",0,"Rpv12+1|0"
"Vitvi09g00198",21.2845195559095,-2.73494278399959,-2.4234804953197,0.673163376998028,-4.24673911152831,2.16904277898234e-05,0.000358393949718369,0.00353034647677404,0.105697936551011,0.00365022767391011,FALSE,TRUE,TRUE,FALSE,"Rpv12+1",0,"Rpv12+1|0"
"Vitvi11g01638",15.8395316700317,2.83005140805965,2.50849638596819,0.705354089111126,4.24614476085237,2.17480149210779e-05,0.00035910462171292,0.00301848097868764,0.0942727351287781,0.00328821672765443,FALSE,TRUE,TRUE,FALSE,"Rpv12+1",0,"Rpv12+1|0"
"Vitvi08g01426",237.783417199476,3.71386255322841,3.19307297735926,1.02456340474076,4.245857372363,2.17759124015216e-05,0.000359324432634887,0.000959141192448685,0.0393880289690191,0.0032701127827113,TRUE,TRUE,TRUE,TRUE,"Rpv12+1",0,"Rpv12+1|0"
"Vitvi06g00137",1237.50065259551,1.21718439774651,1.11194721138102,0.301871110261034,4.24398053524869,2.19589407801181e-05,0.000361617957927132,0.224446735282119,1,0.118858859726386,FALSE,TRUE,TRUE,FALSE,"Rpv12+1",0,"Rpv12+1|0"
"Vitvi17g00881",549.527568765259,-1.43964764750385,-1.31525954288649,0.336030826941664,-4.23761296263186,2.25908765113736e-05,0.000369309113294095,0.0978144152885676,0.88476047355935,0.0519406796026496,FALSE,TRUE,TRUE,FALSE,"Rpv12+1",0,"Rpv12+1|0"
"Vitvi04g00012",152.226809259158,-2.5578753314835,-2.28070155500866,0.617754208207255,-4.23653228395748,2.26998295628127e-05,0.000370622365295541,0.00493626753230349,0.134368181454242,0.00407720404576944,FALSE,TRUE,TRUE,FALSE,"Rpv12+1",0,"Rpv12+1|0"
"Vitvi17g00234",1672.95516231599,1.86937609759468,1.6794240009267,0.461115448497264,4.23651776399524,2.27012968513951e-05,0.000370622365295541,0.024405199170441,0.394814845454277,0.0178986998759027,FALSE,TRUE,TRUE,FALSE,"Rpv12+1",0,"Rpv12+1|0"
"Vitvi19g00138",991.123663645414,-1.11957724952399,-1.04737791202654,0.26618743059707,-4.23617995749268,2.27354587663544e-05,0.000370688790316285,0.325473053339919,1,0.150722579686989,FALSE,TRUE,TRUE,FALSE,"Rpv12+1",0,"Rpv12+1|0"
"Vitvi06g04138",133.761326581613,-2.03243657311553,-1.83858005744256,0.478950572861948,-4.23529449077258,2.28252371686296e-05,0.000371906443707909,0.015720596326615,0.293320313343738,0.00955476876033163,FALSE,TRUE,TRUE,FALSE,"Rpv12+1",0,"Rpv12+1|0"
"Vitvi07g04128",24.7191298500513,-2.55766929683677,-2.28453058778012,0.617052282211003,-4.23435796787537,2.29205592912401e-05,0.000372966247489427,0.00495714412711978,0.134796188379757,0.00393961838691661,FALSE,TRUE,TRUE,FALSE,"Rpv12+1",0,"Rpv12+1|0"
"Vitvi17g00350",5292.96543105808,2.99064508408762,2.57922215788575,0.828758161697858,4.23331820067065,2.30268336831432e-05,0.000374448234071232,0.00241771825991977,0.0796537682131501,0.00639301540612931,FALSE,TRUE,TRUE,FALSE,"Rpv12+1",0,"Rpv12+1|0"
"Vitvi07g00125",5834.58152497172,-1.88310649582832,-1.69321654204019,0.454094327647664,-4.22984969488887,2.33847503614628e-05,0.000379767112659853,0.0236479231171107,0.38684162482269,0.0161480829123258,FALSE,TRUE,TRUE,FALSE,"Rpv12+1",0,"Rpv12+1|0"
"Vitvi13g00818",96.0821579466976,-3.31053930627207,-2.82348723360627,0.911815693602947,-4.22909851324708,2.34629594774907e-05,0.000380786211915323,0.00158050822919738,0.0574229371771866,0.00495895356296644,FALSE,TRUE,TRUE,FALSE,"Rpv12+1",0,"Rpv12+1|0"
"Vitvi10g04160",11.0108244862438,7.08150872409061,6.43627913896215,1.98498131013567,4.22802528198903,2.35751306599917e-05,0.000382354785345329,0.000141876672012884,0.0087120935755517,0.000504947790214621,TRUE,TRUE,TRUE,TRUE,"Rpv12+1",0,"Rpv12+1|0"
"Vitvi03g00242",2979.50029324925,2.65768073489953,2.31282209700939,0.720077678997346,4.2268017401377,2.37036343436434e-05,0.000383933422544377,0.0041896483704152,0.118916613413382,0.00791149350975881,FALSE,TRUE,TRUE,FALSE,"Rpv12+1",0,"Rpv12+1|0"
"Vitvi13g02507",100.666196121476,-1.4996764587842,-1.36098917935999,0.358852580832029,-4.22650375371827,2.37350314326018e-05,0.00038418937869486,0.0795319764444894,0.791643342738946,0.0450927501889677,FALSE,TRUE,TRUE,FALSE,"Rpv12+1",0,"Rpv12+1|0"
"Vitvi07g00353",14077.5005247239,1.18428124825575,1.08423810909692,0.292232138627582,4.22559970165072,2.38305284345254e-05,0.000385228936032131,0.255420544702114,1,0.130759723835096,FALSE,TRUE,TRUE,FALSE,"Rpv12+1",0,"Rpv12+1|0"
"Vitvi10g01952",4.88315811154589,-6.58830499938034,-5.88907732329076,1.67006141058389,-4.224639348426,2.39323730457863e-05,0.000386621601544913,0.000170141037342214,0.0100016166198539,0.000252844109096713,TRUE,TRUE,TRUE,TRUE,"Rpv12+1",0,"Rpv12+1|0"
"Vitvi00g04463",281.012107582392,1.56246123137814,1.42206893847208,0.368704537326927,4.22218570524387,2.41944637586532e-05,0.000390599481755033,0.0642655660495825,0.702810594603272,0.0348480266483404,FALSE,TRUE,TRUE,FALSE,"Rpv12+1",0,"Rpv12+1|0"
"Vitvi13g04593",3303.71875412108,2.05702354039414,1.80947495004861,0.545600622185564,4.22119578076933,2.43009756782847e-05,0.00039206210662097,0.0150372965828225,0.285272565123795,0.0174601620388579,FALSE,TRUE,TRUE,FALSE,"Rpv12+1",0,"Rpv12+1|0"
"Vitvi17g04091",118.824239759161,4.3096610060564,3.64415980157392,1.25427840042208,4.21788859381107,2.46600598041602e-05,0.0003975950479943,0.000599464299694488,0.02708356928447,0.00366903419767299,TRUE,TRUE,TRUE,TRUE,"Rpv12+1",0,"Rpv12+1|0"
"Vitvi18g00095",46348.4180028648,-1.22844410948433,-1.13094666242629,0.286977513030911,-4.21531267178141,2.49432364621336e-05,0.000401635015347139,0.216552735864845,1,0.104765379459035,FALSE,TRUE,TRUE,FALSE,"Rpv12+1",0,"Rpv12+1|0"
"Vitvi13g00316",296.823867952992,-1.13758887569648,-1.05198716848235,0.267145286708936,-4.21538147930209,2.4935632256271e-05,0.000401635015347139,0.305081383866046,1,0.147187559205581,FALSE,TRUE,TRUE,FALSE,"Rpv12+1",0,"Rpv12+1|0"
"Vitvi11g04368",7.90323988468932,7.3598159052497,7.10642462061706,2.717840422423,4.2140339330642,2.50849572783473e-05,0.000403389691585746,0.000136395903329588,0.00843494192718369,0.00253382330563453,TRUE,TRUE,TRUE,TRUE,"Rpv12+1",0,"Rpv12+1|0"
"Vitvi13g04442",148.374872133838,-1.08363801565125,-1.0017625190225,0.263694934214268,-4.2132130551145,2.51763373444621e-05,0.000404595072940749,0.372519848896662,1,0.184388467111114,FALSE,TRUE,TRUE,FALSE,"Rpv12+1",0,"Rpv12+1|0"
"Vitvi18g00071",386.778548219987,1.7444555443345,1.55099128835274,0.454693838333191,4.21259574183875,2.52452651108456e-05,0.000405174170208985,0.0361085305576698,0.501094456688638,0.0305484607995025,FALSE,TRUE,TRUE,FALSE,"Rpv12+1",0,"Rpv12+1|0"
"Vitvi13g04767",17.703583390388,3.95237457922491,3.42470180188472,1.04133113429398,4.21195961469192,2.53164813627174e-05,0.00040564817436889,0.000826869635067012,0.0350968101304786,0.00207154441358161,TRUE,TRUE,TRUE,TRUE,"Rpv12+1",0,"Rpv12+1|0"
"Vitvi08g00086",73.1544289991122,-2.59431111807911,-2.30901280200481,0.63422078669702,-4.21200412792407,2.53114917675274e-05,0.00040564817436889,0.00482044765017802,0.132301677409424,0.00417685926507437,FALSE,TRUE,TRUE,FALSE,"Rpv12+1",0,"Rpv12+1|0"
"Vitvi10g04387",86.446801378267,-1.61750907204944,-1.45963557455086,0.392099671581534,-4.21164993106287,2.53512204502796e-05,0.000405817197539368,0.0539326576708023,0.639201193529492,0.0331786393665527,FALSE,TRUE,TRUE,FALSE,"Rpv12+1",0,"Rpv12+1|0"
"Vitvi14g04155",7190.25710185469,2.78192760138627,2.43519928030256,0.735664880600248,4.209532572364,2.55899550326852e-05,0.000409372813107293,0.00350508314742773,0.105269196387557,0.0055636856220029,FALSE,TRUE,TRUE,FALSE,"Rpv12+1",0,"Rpv12+1|0"
"Vitvi18g04065",79.6157470340697,1.9547814503687,1.69615606852395,0.499108829153072,4.2090653070959,2.5642926976888e-05,0.000409954022714221,0.0198984876827726,0.343807489625924,0.0211897806641098,FALSE,TRUE,TRUE,FALSE,"Rpv12+1",0,"Rpv12+1|0"
"Vitvi16g01112",2554.92228880852,-2.00960703103113,-1.7949289423506,0.503940240246955,-4.20650255688314,2.59353150540803e-05,0.000414359547128613,0.017287293735452,0.312089935697508,0.014489115844873,FALSE,TRUE,TRUE,FALSE,"Rpv12+1",0,"Rpv12+1|0"
"Vitvi05g00139",49.1599472938713,2.80802628838187,2.51171521030389,0.68466780590754,4.20551251856665,2.60491168781379e-05,0.000415907999617502,0.00338617068645834,0.10228503347236,0.00277985884590757,FALSE,TRUE,TRUE,FALSE,"Rpv12+1",0,"Rpv12+1|0"
"Vitvi05g04385",379.797789288252,6.2629654820777,5.38959235231675,1.73314182341188,4.19727708042535,2.70143346032405e-05,0.000430203715116634,0.000210631872475472,0.0118492884991094,0.00110275523261702,TRUE,TRUE,TRUE,TRUE,"Rpv12+1",0,"Rpv12+1|0"
"Vitvi13g04114",19.799242896036,-2.74743593021473,-2.4176682014778,0.691504044361212,-4.19611896330457,2.71527665028222e-05,0.000431571326170017,0.00380576383277486,0.111733979911961,0.00436060693579659,FALSE,TRUE,TRUE,FALSE,"Rpv12+1",0,"Rpv12+1|0"
"Vitvi15g04368",46.3985670038816,-2.1790343481046,-1.95105794178574,0.526613786313653,-4.19622023031253,2.71406350078332e-05,0.000431571326170017,0.0115887670531877,0.241398887006516,0.00834519233762147,FALSE,TRUE,TRUE,FALSE,"Rpv12+1",0,"Rpv12+1|0"
"Vitvi19g01767",406.660258955384,2.26282758602793,1.99141930343028,0.593599154858072,4.19490224406387,2.72989296882761e-05,0.000433335329768279,0.00961427583438633,0.211522154374863,0.0117010718917076,FALSE,TRUE,TRUE,FALSE,"Rpv12+1",0,"Rpv12+1|0"
"Vitvi10g00069",62.4991221021301,1.74250675637496,1.55577742459516,0.441813061265685,4.19304010595647,2.75240758595571e-05,0.000436627902689021,0.0369918908261486,0.508497568114147,0.0280884441149004,FALSE,TRUE,TRUE,FALSE,"Rpv12+1",0,"Rpv12+1|0"
"Vitvi05g01942",24.2930094899073,-7.49620971568893,-7.30898563265552,3.29073176097161,-4.19244988201709,2.75958059906584e-05,0.000436921771456209,0.000140986526531887,0.00867780364128856,0.00608743129479426,TRUE,TRUE,TRUE,TRUE,"Rpv12+1",0,"Rpv12+1|0"
"Vitvi02g00413",556.319501648137,1.35741261534182,1.23576240334985,0.332465028598929,4.19252530929102,2.75866293908645e-05,0.000436921771456209,0.134816078213104,1,0.0735658274898397,FALSE,TRUE,TRUE,FALSE,"Rpv12+1",0,"Rpv12+1|0"
"Vitvi02g04312",139.419968045736,1.33057627460497,1.17291376333227,0.329912059089759,4.19257403675844,2.75807026738806e-05,0.000436921771456209,0.148792090542142,1,0.095479427109398,FALSE,TRUE,TRUE,FALSE,"Rpv12+1",0,"Rpv12+1|0"
"Vitvi01g00002",328.163658457032,2.18228273112801,1.92336158175356,0.570342969309593,4.19000330577714,2.78950390554009e-05,0.000441092543112231,0.0116039761862994,0.241398887006516,0.013077563109592,FALSE,TRUE,TRUE,FALSE,"Rpv12+1",0,"Rpv12+1|0"
"Vitvi05g01088",14643.8003454487,1.1614694643112,1.06860012940188,0.279485694579962,4.18885038400831,2.80371162972696e-05,0.000442770767371496,0.280168466916106,1,0.137935873372631,FALSE,TRUE,TRUE,FALSE,"Rpv12+1",0,"Rpv12+1|0"
"Vitvi08g00222",2310.12184824707,1.46975019968935,1.32567419880822,0.370453199487878,4.18549258537198,2.84548357503685e-05,0.000448218243955293,0.0904914525608873,0.852433462621785,0.0575632054472895,FALSE,TRUE,TRUE,FALSE,"Rpv12+1",0,"Rpv12+1|0"
"Vitvi07g04569",90.3121891201262,2.77778625063132,2.40396411510549,0.754631858514861,4.18486761960554,2.85332334687398e-05,0.000448592686493856,0.00369963222210041,0.10910786843058,0.00718697711047012,FALSE,TRUE,TRUE,FALSE,"Rpv12+1",0,"Rpv12+1|0"
"Vitvi04g00091",501.638716188293,1.31505929013796,1.1972460780885,0.324497182649463,4.18502397299884,2.85136007583795e-05,0.000448592686493856,0.158017361332087,1,0.0855168699097022,FALSE,TRUE,TRUE,FALSE,"Rpv12+1",0,"Rpv12+1|0"
"Vitvi17g01386",122.394867985971,-1.16304516278954,-1.06242272020201,0.283084504351493,-4.18498899904531,2.85179911915002e-05,0.000448592686493856,0.278707335399103,1,0.142223192568279,FALSE,TRUE,TRUE,FALSE,"Rpv12+1",0,"Rpv12+1|0"
"Vitvi06g01605",44.6147483836483,5.085511424769,4.26838746043025,1.47938174003396,4.18380697183001,2.86667547008792e-05,0.000450117379739236,0.000388418952421864,0.0193536216693401,0.00274816852692108,TRUE,TRUE,TRUE,TRUE,"Rpv12+1",0,"Rpv12+1|0"
"Vitvi14g00656",13.6542743360099,5.94895572754995,5.4787703226414,2.18346920790817,4.1827629299331,2.87987654146691e-05,0.000451361689244957,0.000251545572534169,0.0137373290854307,0.00431952885910589,TRUE,TRUE,TRUE,TRUE,"Rpv12+1",0,"Rpv12+1|0"
"Vitvi01g01954",690.8143372753,-1.63392413825654,-1.47606307989083,0.395802543664552,-4.18292086721008,2.87787584840929e-05,0.000451361689244957,0.0523080728935738,0.629405188051057,0.0310643661329298,FALSE,TRUE,TRUE,FALSE,"Rpv12+1",0,"Rpv12+1|0"
"Vitvi10g00076",107.306469668413,-1.34443902980224,-1.22653903233218,0.327772426398848,-4.18158338819803,2.89486042069486e-05,0.000453387039569222,0.142016779643581,1,0.0758983533936157,FALSE,TRUE,TRUE,FALSE,"Rpv12+1",0,"Rpv12+1|0"
"Vitvi06g01321",48.5319705539829,2.07331157215538,1.84277228622495,0.525852643341923,4.18006025833608,2.91431859946101e-05,0.000456144555376883,0.0152347514390652,0.288160421471083,0.013564013569589,FALSE,TRUE,TRUE,FALSE,"Rpv12+1",0,"Rpv12+1|0"
"Vitvi04g04441",126.764938183551,-1.45475790587628,-1.32094581675745,0.352197366644816,-4.17979076931386,2.91777427474125e-05,0.000456395473222384,0.0956735721895853,0.875384741135838,0.0543799001506701,FALSE,TRUE,TRUE,FALSE,"Rpv12+1",0,"Rpv12+1|0"
"Vitvi18g04748",6.89142077154564,5.79300843873459,5.50886215259009,2.19316251096907,4.17818589116844,2.93843453330714e-05,0.000459044217898255,0.000273654222334097,0.0147294666708593,0.00425806322962981,TRUE,TRUE,TRUE,TRUE,"Rpv12+1",0,"Rpv12+1|0"
"Vitvi15g00523",56.3854698491935,3.14461753778836,2.74245833420864,0.829384228762815,4.17734254425606,2.94934694453362e-05,0.000459874122313483,0.00219332992326625,0.0735580993111818,0.00372567708341345,FALSE,TRUE,TRUE,FALSE,"Rpv12+1",0,"Rpv12+1|0"
"Vitvi05g01672",228.721581827638,2.32504815874346,2.08446435421544,0.554871572198084,4.17735056209581,2.9492430172949e-05,0.000459874122313483,0.00864040946528548,0.196714074153527,0.00546695716405077,FALSE,TRUE,TRUE,FALSE,"Rpv12+1",0,"Rpv12+1|0"
"Vitvi11g01668",56.178382624485,2.01197195081369,1.80452824323059,0.49148936173597,4.17756457679697,2.94647024485037e-05,0.000459874122313483,0.0178112116714803,0.318253747345801,0.012411381088237,FALSE,TRUE,TRUE,FALSE,"Rpv12+1",0,"Rpv12+1|0"
"Vitvi17g00656",405.396267692021,1.0924263649561,1.00245611736957,0.270275806108401,4.17696797323445,2.95420601584016e-05,0.000460340413701697,0.361894811332576,1,0.183527502185618,FALSE,TRUE,TRUE,FALSE,"Rpv12+1",0,"Rpv12+1|0"
"Vitvi03g00735",1607.11914390632,2.07655864587175,1.84210648735898,0.533689796971809,4.17418446935781,2.99055373842445e-05,0.000465415552115128,0.0152306695554583,0.288160421471083,0.0144117720455858,FALSE,TRUE,TRUE,FALSE,"Rpv12+1",0,"Rpv12+1|0"
"Vitvi15g00424",2487.16843083156,1.37880558046352,1.24983621164732,0.344375712117704,4.17252126693073,3.01247471121771e-05,0.000468235501486181,0.125828096358439,1,0.0715678870079596,FALSE,TRUE,TRUE,FALSE,"Rpv12+1",0,"Rpv12+1|0"
"Vitvi06g00397",670.929176199837,2.6038468711477,2.32407576298381,0.638158421870362,4.17129411138055,3.02874640773798e-05,0.000469284254723478,0.00509491298620646,0.137501813376831,0.00405738684070069,FALSE,TRUE,TRUE,FALSE,"Rpv12+1",0,"Rpv12+1|0"
"Vitvi05g01704",85.1689778736043,2.07883152148012,1.83210289916572,0.540635023269331,4.1715842647704,3.02489154209157e-05,0.000469284254723478,0.0151981470515168,0.287884379957008,0.0159034448832294,FALSE,TRUE,TRUE,FALSE,"Rpv12+1",0,"Rpv12+1|0"
"Vitvi01g00552",992.343609517769,1.30100940823903,1.17953602681126,0.326204077770269,4.17082968796494,3.03492627606552e-05,0.00046961416111892,0.167275313085525,1,0.0924323559282706,FALSE,TRUE,TRUE,FALSE,"Rpv12+1",0,"Rpv12+1|0"
"Vitvi11g00346",354.133051233063,1.98893925798988,1.74604948829838,0.533399216070436,4.16989362173376,3.04741851416581e-05,0.000470697194451341,0.019069759100292,0.334571313416861,0.0210943448285702,FALSE,TRUE,TRUE,FALSE,"Rpv12+1",0,"Rpv12+1|0"
"Vitvi05g02234",146.381676150192,-2.0977079179494,-1.87984622759968,0.50094731430797,-4.16674398584737,3.08981166915438e-05,0.000475753751758046,0.014613461940144,0.280634454835434,0.00939812278329546,FALSE,TRUE,TRUE,FALSE,"Rpv12+1",0,"Rpv12+1|0"
"Vitvi19g00915",34.9746836796939,4.3133812767655,3.66825710044331,1.24774004451793,4.16449602600734,3.12041061643061e-05,0.000479865392923748,0.000689639428312639,0.0303708380559433,0.00330627950587006,TRUE,TRUE,TRUE,TRUE,"Rpv12+1",0,"Rpv12+1|0"
"Vitvi12g00061",3042.91447885452,-1.06575356868531,-1.00848036194433,0.251315521851908,-4.16412096812685,3.12554380316336e-05,0.000480354941576622,0.398623015384601,1,0.178349622275332,FALSE,TRUE,TRUE,FALSE,"Rpv12+1",0,"Rpv12+1|0"
"Vitvi19g01610",498.600911900096,1.78848226336722,1.61022699326716,0.449163335129893,4.16354702910452,3.13341449078691e-05,0.000481264335380463,0.0332106968296993,0.476293102175496,0.0224082754091487,FALSE,TRUE,TRUE,FALSE,"Rpv12+1",0,"Rpv12+1|0"
"Vitvi06g00591",149.682489311194,4.15824840565728,3.6784764540322,1.17123153701869,4.16271209097035,3.14489801202805e-05,0.000482727149061203,0.000784541593651409,0.0336439730300446,0.00226504528497249,TRUE,TRUE,TRUE,TRUE,"Rpv12+1",0,"Rpv12+1|0"
"Vitvi08g04226",49.5214395037595,1.67456231925983,1.50079061823154,0.420890958379484,4.16238524117019,3.14940430088975e-05,0.000483117835346949,0.0467976828551105,0.58616705521276,0.0316452423816846,FALSE,TRUE,TRUE,FALSE,"Rpv12+1",0,"Rpv12+1|0"
"Vitvi02g00721",61.4371555386438,-4.96039485189856,-4.29042369106512,1.29244009019693,-4.15904135295766,3.19586042999073e-05,0.000488958216476851,0.00044942463078521,0.0218380758435009,0.00104453401653776,TRUE,TRUE,TRUE,TRUE,"Rpv12+1",0,"Rpv12+1|0"
"Vitvi19g00166",17.2176986618547,5.86135120640847,5.3261171918926,2.10625049799539,4.15773763331066,3.21414861317419e-05,0.000491214424529525,0.000282536201075197,0.0150833969059716,0.00429897833279899,TRUE,TRUE,TRUE,TRUE,"Rpv12+1",0,"Rpv12+1|0"
"Vitvi16g00040",6.83720885374116,-6.1966543820525,-6.21546362740954,2.66957563415114,-4.15581815466877,3.24125553165758e-05,0.000494436973857067,0.000246613518314581,0.0135244507874028,0.00549114101396271,TRUE,TRUE,TRUE,TRUE,"Rpv12+1",0,"Rpv12+1|0"
"Vitvi04g01920",299.438908902555,3.34671552541904,2.96022206029661,0.841847423924386,4.15516375930312,3.25054645817151e-05,0.000495240955742197,0.0017864760700052,0.0629664714924865,0.00205914724592267,FALSE,TRUE,TRUE,FALSE,"Rpv12+1",0,"Rpv12+1|0"
"Vitvi14g03076",1078.1959891505,-2.61499713777911,-2.34281120631696,0.63416664245332,-4.15478246261119,3.25597166458107e-05,0.00049570422097268,0.00514463154649525,0.138399584957738,0.00361337482269028,FALSE,TRUE,TRUE,FALSE,"Rpv12+1",0,"Rpv12+1|0"
"Vitvi14g00483",2041.30894001702,1.45485351334139,1.31025418799717,0.370487292450138,4.1546673398613,3.25761135636779e-05,0.00049570422097268,0.0969825419497191,0.882423066039201,0.0611267173830578,FALSE,TRUE,TRUE,FALSE,"Rpv12+1",0,"Rpv12+1|0"
"Vitvi01g02061",1462.60820960489,2.39869301283192,2.06097640998467,0.673290174745203,4.15358284423982,3.27309636363473e-05,0.000497446033402252,0.00771809494605102,0.180911868901208,0.0146434130484507,FALSE,TRUE,TRUE,FALSE,"Rpv12+1",0,"Rpv12+1|0"
"Vitvi17g00294",14.3058387512623,5.19394776440851,5.06657156774146,1.4386962567466,4.15134412646222,3.30528341650643e-05,0.000501718806217205,0.000401406329231941,0.019887098799959,0.000382644660514314,TRUE,TRUE,TRUE,TRUE,"Rpv12+1",0,"Rpv12+1|0"
"Vitvi18g00955",667.070512406547,1.72722941170366,1.52478803163528,0.461701460762136,4.14704231763116,3.36797831066325e-05,0.000510606237916923,0.0404000138733754,0.53947113982319,0.0352723297948016,FALSE,TRUE,TRUE,FALSE,"Rpv12+1",0,"Rpv12+1|0"
"Vitvi06g00673",126.258411772135,2.47717445305325,2.21227864284987,0.656177532103339,4.14511412659972,3.39644505619013e-05,0.000514605291539361,0.00672191357037747,0.162813460266208,0.00746236142274066,FALSE,TRUE,TRUE,FALSE,"Rpv12+1",0,"Rpv12+1|0"
"Vitvi02g00006",1550.78997941283,1.19541481385984,1.09001897582168,0.300891434472825,4.14433585137948,3.40799969332153e-05,0.00051603860138088,0.249052056579384,1,0.128590829531435,FALSE,TRUE,TRUE,FALSE,"Rpv12+1",0,"Rpv12+1|0"
"Vitvi11g04284",6.60005164844173,-7.16577442310771,-7.22423824721728,2.99240363718659,-4.14205970427699,3.44200708268336e-05,0.000520665677223333,0.000183783614964065,0.0105894175855616,0.00401800601216782,TRUE,TRUE,TRUE,TRUE,"Rpv12+1",0,"Rpv12+1|0"
"Vitvi08g02383",131.899867500199,2.25005366428879,1.99630504240098,0.574087339900087,4.14192221235756,3.44407160617319e-05,0.000520665677223333,0.0106926573422707,0.227776240567149,0.00990636946410192,FALSE,TRUE,TRUE,FALSE,"Rpv12+1",0,"Rpv12+1|0"
"Vitvi19g01972",148.73960146363,2.13581399659066,1.86973216389541,0.568813246729533,4.13842261461815,3.49701782041555e-05,0.000527249271871221,0.0138754434989386,0.273525038800855,0.0160661015852648,FALSE,TRUE,TRUE,FALSE,"Rpv12+1",0,"Rpv12+1|0"
"Vitvi10g01211",164.864732384146,-1.5152283584465,-1.36399332706167,0.381571278427611,-4.13815434444736,3.50110828144349e-05,0.00052754314141677,0.0796972404429104,0.791643342738946,0.0502924620632128,FALSE,TRUE,TRUE,FALSE,"Rpv12+1",0,"Rpv12+1|0"
"Vitvi14g00119",6742.82172200993,-2.76121069313247,-2.39627369955791,0.72800817917078,-4.13659479119787,3.52497776943447e-05,0.000530815112028041,0.00416386916886481,0.118781519725556,0.00606199520141302,FALSE,TRUE,TRUE,FALSE,"Rpv12+1",0,"Rpv12+1|0"
"Vitvi07g01612",957.669425877952,3.11907272080749,2.68162724766932,0.877262223173827,4.13559885038031,3.54030174878443e-05,0.000532146881531747,0.00247946759408032,0.0808793781438502,0.006112829465586,FALSE,TRUE,TRUE,FALSE,"Rpv12+1",0,"Rpv12+1|0"
"Vitvi12g04316",32.3062338165845,-2.84594581522634,-2.52056066745627,0.69691526667564,-4.13424167353289,3.56128572808443e-05,0.000534974604860293,0.00366395531113534,0.108391347252665,0.00297483162261647,FALSE,TRUE,TRUE,FALSE,"Rpv12+1",0,"Rpv12+1|0"
"Vitvi03g04143",96.0729942352535,2.54907892412294,2.27357649523777,0.623680117077734,4.13332087837993,3.57558978469963e-05,0.000536469122630085,0.00600543540068856,0.152372633022902,0.00452462920541327,FALSE,TRUE,TRUE,FALSE,"Rpv12+1",0,"Rpv12+1|0"
"Vitvi10g01216",471.177550389349,1.57954939779988,1.4140520841643,0.40307288977787,4.13303749397597,3.58000297604351e-05,0.000536804341556957,0.0647034654999265,0.704653602836211,0.0433637854077323,FALSE,TRUE,TRUE,FALSE,"Rpv12+1",0,"Rpv12+1|0"
"Vitvi03g00874",110.431124276395,1.3886643236225,1.25649602482222,0.34660032415705,4.12961490773861,3.6337135742157e-05,0.000544195547807769,0.12387916498445,1,0.0702175040573326,FALSE,TRUE,TRUE,FALSE,"Rpv12+1",0,"Rpv12+1|0"
"Vitvi04g04030",7.26619886975893,7.82257999679505,8.37635591560059,3.26250874228529,4.12810345499389,3.65767554063916e-05,0.00054711897157976,0.00016048536229123,0.00960671989056357,0.00243180370521218,TRUE,TRUE,TRUE,TRUE,"Rpv12+1",0,"Rpv12+1|0"
"Vitvi18g02276",26.8553275318214,3.38293402748545,2.95591185542822,0.939184044867774,4.12495608148958,3.70805507663138e-05,0.000554318233421666,0.00183271581632668,0.0641794016590223,0.00391995922673347,FALSE,TRUE,TRUE,FALSE,"Rpv12+1",0,"Rpv12+1|0"
"Vitvi06g01556",508.521686643568,3.14818442341119,2.71739930439082,0.870875029587961,4.12255825074432,3.74687819240568e-05,0.000559782238617989,0.00245369193795524,0.0803417028088091,0.00532396497413459,FALSE,TRUE,TRUE,FALSE,"Rpv12+1",0,"Rpv12+1|0"
"Vitvi10g01609",905.983374434448,-1.13329567624609,-1.04636529137992,0.272935598489899,-4.12108436345283,3.77093296549775e-05,0.000562693546565734,0.313940103276121,1,0.153096759740186,FALSE,TRUE,TRUE,FALSE,"Rpv12+1",0,"Rpv12+1|0"
"Vitvi13g00749",273.753337867443,1.19612702768792,1.09087735582199,0.297713758235652,4.11922041771901,3.80156370817413e-05,0.000565551470498658,0.249703859921027,1,0.12774399472313,FALSE,TRUE,TRUE,FALSE,"Rpv12+1",0,"Rpv12+1|0"
"Vitvi01g00090",161.856779486706,-1.1814609302612,-1.08765225100996,0.285161375650956,-4.11932476323444,3.79984274665116e-05,0.000565551470498658,0.263468606964386,1,0.127367533175757,FALSE,TRUE,TRUE,FALSE,"Rpv12+1",0,"Rpv12+1|0"
"Vitvi13g04420",63.3740722813157,1.98246400481766,1.74929391897308,0.517974988326328,4.11844746487171,3.81433501192818e-05,0.000566084080444956,0.0206249787392759,0.352027186942007,0.0189724093194551,FALSE,TRUE,TRUE,FALSE,"Rpv12+1",0,"Rpv12+1|0"
"Vitvi13g01731",15312.3456221592,1.76915442551289,1.56654188184292,0.468997052111384,4.11845557030057,3.81420087693197e-05,0.000566084080444956,0.0366841813784395,0.505063947725579,0.0308342243059023,FALSE,TRUE,TRUE,FALSE,"Rpv12+1",0,"Rpv12+1|0"
"Vitvi06g04032",73.5274837036084,-2.1401357043813,-1.89941606754719,0.534792972977185,-4.11815283466663,3.81921382446277e-05,0.000566466898130432,0.0141211432008584,0.276079958887335,0.0114950806978663,FALSE,TRUE,TRUE,FALSE,"Rpv12+1",0,"Rpv12+1|0"
"Vitvi03g04268",17.1682755600934,-5.90297629409198,-5.14648371415665,1.43241165061724,-4.11757444398538,3.828808690227e-05,0.000567207040844453,0.000313804016191222,0.0165166987113605,0.00029418060684104,TRUE,TRUE,TRUE,TRUE,"Rpv12+1",0,"Rpv12+1|0"
"Vitvi18g00617",3626.98621193728,1.42513494589126,1.28510530029271,0.363023031527232,4.11678330505642,3.84196987429199e-05,0.000568814722494336,0.109707320254472,0.94402427320287,0.0663524643183398,FALSE,TRUE,TRUE,FALSE,"Rpv12+1",0,"Rpv12+1|0"
"Vitvi03g04176",132.20539905763,-1.22872500376363,-1.12713988282171,0.302433027352522,-4.11620818644886,3.85156434278961e-05,0.000569892727621411,0.221771237830239,1,0.110743613257829,FALSE,TRUE,TRUE,FALSE,"Rpv12+1",0,"Rpv12+1|0"
"Vitvi18g04020",55.4592537620345,-1.25895215357126,-1.14829812348794,0.311366074578135,-4.11523442601755,3.86786106241252e-05,0.000571617427316106,0.198648936222403,1,0.101520399224655,FALSE,TRUE,TRUE,FALSE,"Rpv12+1",0,"Rpv12+1|0"
"Vitvi13g00859",546.508257137673,-1.1331342788197,-1.04274973543131,0.279554059770912,-4.11481379521299,3.87492090486317e-05,0.000572317454509647,0.314385307626617,1,0.155656736353113,FALSE,TRUE,TRUE,FALSE,"Rpv12+1",0,"Rpv12+1|0"
"Vitvi05g01647",4298.39528218931,-1.61972457814008,-1.45015386016369,0.408035743445931,-4.11458041281614,3.87884325515004e-05,0.000572553519675712,0.0577108947897956,0.66651624583058,0.037739571700757,FALSE,TRUE,TRUE,FALSE,"Rpv12+1",0,"Rpv12+1|0"
"Vitvi13g01608",91.8843504561836,-2.7045472815926,-2.35401444081088,0.698342964084977,-4.11430782478225,3.88342928778834e-05,0.00057288720918535,0.00475642557447869,0.130971933266093,0.00573497196663502,FALSE,TRUE,TRUE,FALSE,"Rpv12+1",0,"Rpv12+1|0"
"Vitvi16g00093",4741.66138818709,1.15821624056749,1.05670231855831,0.293935371461706,4.11344852939857,3.89791981626393e-05,0.000574680745622251,0.287088354019215,1,0.147378587163577,FALSE,TRUE,TRUE,FALSE,"Rpv12+1",0,"Rpv12+1|0"
"Vitvi15g01762",136.16377018385,1.56893008310626,1.41502416673508,0.386745564565234,4.11206550316904,3.92134998048242e-05,0.000577443981584967,0.0679637628426327,0.726083731324964,0.0400557854127668,FALSE,TRUE,TRUE,FALSE,"Rpv12+1",0,"Rpv12+1|0"
"Vitvi04g01151",514.289672004765,-3.26931430077479,-2.86656725458854,0.833755242219287,-4.11018989548292,3.9533387109931e-05,0.000581806765137551,0.00216555645950649,0.0731813477541066,0.00256366697330047,FALSE,TRUE,TRUE,FALSE,"Rpv12+1",0,"Rpv12+1|0"
"Vitvi00g04617",11.2800273193886,5.13547932334193,4.37317250291329,1.40106923103499,4.10956995618696,3.96396620214747e-05,0.000583022515558836,0.000468038646941941,0.022464996266705,0.00163431309266706,TRUE,TRUE,TRUE,TRUE,"Rpv12+1",0,"Rpv12+1|0"
"Vitvi13g00590",63487.7779818466,-1.2556415914441,-1.143270477349,0.308211875002693,-4.10766841232859,3.99673336290947e-05,0.000586790960242179,0.201493563219181,1,0.103232675020274,FALSE,TRUE,TRUE,FALSE,"Rpv12+1",0,"Rpv12+1|0"
"Vitvi02g01224",366.188498127537,-1.257467398123,-1.14169766953816,0.313208815539363,-4.10539849079518,4.03618495042901e-05,0.000591525594519745,0.200290670334869,1,0.10539684102513,FALSE,TRUE,TRUE,FALSE,"Rpv12+1",0,"Rpv12+1|0"
"Vitvi10g01495",128.910370527491,2.78381915512567,2.37612964331438,0.783291536614486,4.10480371543751,4.04658317750038e-05,0.000592344760314316,0.00426572405939372,0.120634676399654,0.00936688321157503,FALSE,TRUE,TRUE,FALSE,"Rpv12+1",0,"Rpv12+1|0"
"Vitvi05g04504",75.9187553072333,2.12683327971747,1.87390003960253,0.556963945811856,4.10487072254432,4.0454104488367e-05,0.000592344760314316,0.0148213572710788,0.283279086343859,0.0148373746959684,FALSE,TRUE,TRUE,FALSE,"Rpv12+1",0,"Rpv12+1|0"
"Vitvi14g04262",53.2604314530939,3.88376467012045,3.28360204744076,1.11487599193131,4.10366638214685,4.06653755617889e-05,0.000594912228230541,0.00115563644506294,0.0454459895117834,0.00440162922538164,TRUE,TRUE,TRUE,TRUE,"Rpv12+1",0,"Rpv12+1|0"
"Vitvi02g01577",4.15516321082023,5.10429433017638,4.68065617454879,1.39620345093182,4.09986747192479,4.13386796052539e-05,0.000603686846920589,0.000489701563590502,0.0231647435840216,0.000742326213855362,TRUE,TRUE,TRUE,TRUE,"Rpv12+1",0,"Rpv12+1|0"
"Vitvi08g01434",90.5838448239193,4.0495639439021,3.78980800554808,1.38381490024712,4.09792323371779,4.16873476715955e-05,0.000608417948600372,0.00101456881842367,0.0409569532733717,0.00471624619496886,TRUE,TRUE,TRUE,TRUE,"Rpv12+1",0,"Rpv12+1|0"
"Vitvi09g00185",1945.13758569026,2.63205437510579,2.26503423439286,0.739863602444994,4.09575988890828,4.20785881639622e-05,0.000613038496751847,0.0055481446267896,0.144445554236308,0.0105608505104049,FALSE,TRUE,TRUE,FALSE,"Rpv12+1",0,"Rpv12+1|0"
"Vitvi04g02243",139.979165971485,2.44565975326236,2.1309030382905,0.666706280352241,4.0952805555342,4.21657457197318e-05,0.000613582582133085,0.00774381855236042,0.18135232722578,0.0110599526990065,FALSE,TRUE,TRUE,FALSE,"Rpv12+1",0,"Rpv12+1|0"
"Vitvi07g01663",479.450457072927,1.26149470560655,1.14552188143183,0.32781487741835,4.09532072483363,4.2158435134944e-05,0.000613582582133085,0.197963654102239,1,0.106750267058692,FALSE,TRUE,TRUE,FALSE,"Rpv12+1",0,"Rpv12+1|0"
"Vitvi10g02097",81.1192884708081,1.61819373013477,1.45017670148997,0.408561700402867,4.09446799738852,4.23138851854032e-05,0.000614836027719555,0.0588856074630641,0.674425834337257,0.0379885752114821,FALSE,TRUE,TRUE,FALSE,"Rpv12+1",0,"Rpv12+1|0"
"Vitvi14g01260",404.407238119532,-1.1427085363859,-1.05058551666733,0.279295320341884,-4.09269488714817,4.26388613889201e-05,0.000619004707824063,0.304633114727059,1,0.149768718749313,FALSE,TRUE,TRUE,FALSE,"Rpv12+1",0,"Rpv12+1|0"
"Vitvi09g04374",335.1150229459,1.4379818574576,1.28179529215425,0.381077221133909,4.09232945604263,4.27061313534216e-05,0.000619616167269078,0.106300437652811,0.93093844946765,0.0702962766268425,FALSE,TRUE,TRUE,FALSE,"Rpv12+1",0,"Rpv12+1|0"
"Vitvi10g04074",61.5355269509265,3.63316891308236,3.16893464008322,0.940291190056017,4.08720988425697,4.3659211693214e-05,0.000632327066004715,0.00152714727205357,0.0562656978727457,0.00219768831930289,FALSE,TRUE,TRUE,FALSE,"Rpv12+1",0,"Rpv12+1|0"
"Vitvi12g04353",82.9146805604516,4.87368673597266,4.04604416568997,1.40985785945567,4.08700690160683,4.36974125121545e-05,0.000632508492743501,0.000580658468575024,0.0262793164004395,0.00312838916840461,TRUE,TRUE,TRUE,TRUE,"Rpv12+1",0,"Rpv12+1|0"
"Vitvi10g00307",5991.64527958062,1.57422721190232,1.40107567011053,0.415678834468508,4.08628353648831,4.38338059718786e-05,0.000634110184335409,0.0680406050306428,0.726479259998606,0.0492655980850551,FALSE,TRUE,TRUE,FALSE,"Rpv12+1",0,"Rpv12+1|0"
"Vitvi00g04361",63.4713630598396,5.27261899053432,4.37805297516671,1.54286211477459,4.08611077085236,4.38664413307019e-05,0.000634209887689655,0.00046516261681653,0.0223679942891611,0.00289243313965725,TRUE,TRUE,TRUE,TRUE,"Rpv12+1",0,"Rpv12+1|0"
"Vitvi14g01404",1132.39889511727,2.5455256041402,2.19728471729733,0.709427840979026,4.08558307751121,4.3966265156095e-05,0.000635280298173347,0.00655849568058699,0.159594128845093,0.0113268800444418,FALSE,TRUE,TRUE,FALSE,"Rpv12+1",0,"Rpv12+1|0"
"Vitvi03g00488",12.8437174537618,-3.77526809234677,-3.22665584189559,1.02637271133759,-4.08353054535154,4.43565957341894e-05,0.000640169357063556,0.00134172110123637,0.0508667859235393,0.0030427346931784,FALSE,TRUE,TRUE,FALSE,"Rpv12+1",0,"Rpv12+1|0"
"Vitvi15g00820",155.014502494171,-1.21024655550692,-1.10908605114701,0.295343164275307,-4.08310488161025,4.44379547752197e-05,0.000640968064310487,0.239061255353101,1,0.119498076336677,FALSE,TRUE,TRUE,FALSE,"Rpv12+1",0,"Rpv12+1|0"
"Vitvi13g02285",574.440575642955,1.73187867246111,1.55785105434848,0.421898191947321,4.08201728231765,4.46464758818343e-05,0.000643598934947261,0.0422610995882291,0.552477813157663,0.0242485357273418,FALSE,TRUE,TRUE,FALSE,"Rpv12+1",0,"Rpv12+1|0"
"Vitvi02g00682",346.641687403369,2.44993932582635,2.11370737871106,0.686935272952359,4.08106702930931,4.48294234509726e-05,0.000644727189806282,0.00786147418564864,0.183450761126122,0.0129665376012364,FALSE,TRUE,TRUE,FALSE,"Rpv12+1",0,"Rpv12+1|0"
"Vitvi06g00672",132.301297516021,2.01332995818243,1.78894951367206,0.515379864918948,4.08115737168082,4.48119997375993e-05,0.000644727189806282,0.0199835371571782,0.345049074913943,0.0160251420733461,FALSE,TRUE,TRUE,FALSE,"Rpv12+1",0,"Rpv12+1|0"
"Vitvi03g00318",55.6023583393833,-2.69128921273288,-2.33363320648636,0.712767435365196,-4.07932799117486,4.51660746847755e-05,0.000648055571307006,0.00518001745601584,0.138552225595008,0.00702507284439237,FALSE,TRUE,TRUE,FALSE,"Rpv12+1",0,"Rpv12+1|0"
"Vitvi02g04029",21.0690017358841,-5.99238133203925,-5.23103491005715,1.46974414129351,-4.07829803552554,4.53665874356151e-05,0.000650553695031324,0.000340726090120949,0.0175109111816776,0.000302298151061982,TRUE,TRUE,TRUE,TRUE,"Rpv12+1",0,"Rpv12+1|0"
"Vitvi16g00118",44.7553941656454,3.73123728199205,3.22317398645775,1.00069149136071,4.0763289988434,4.57522733712378e-05,0.000655321515566171,0.0014233873622896,0.0534209325826881,0.00268505056716034,FALSE,TRUE,TRUE,FALSE,"Rpv12+1",0,"Rpv12+1|0"
"Vitvi01g00388",486.886503271778,1.89114249890419,1.68523610335943,0.472826432882198,4.07598417000907,4.58201360283822e-05,0.000655912185470787,0.0273859266414655,0.424904184468621,0.0187913576597407,FALSE,TRUE,TRUE,FALSE,"Rpv12+1",0,"Rpv12+1|0"
"Vitvi11g04036",18.4617590908869,2.84200003245543,2.49199172241104,0.741204053365495,4.07565785812325,4.58844424280931e-05,0.000656070298118689,0.00412607037245054,0.118089578635595,0.00475994447928406,FALSE,TRUE,TRUE,FALSE,"Rpv12+1",0,"Rpv12+1|0"
"Vitvi13g00891",7.09965689737474,-5.9499649058469,-5.87482130801793,2.63776205514161,-4.07535691335066,4.59438255787883e-05,0.000656538333502917,0.000349895998235608,0.017876815269229,0.00743465983696915,TRUE,TRUE,TRUE,TRUE,"Rpv12+1",0,"Rpv12+1|0"
"Vitvi01g00729",155.909612922247,1.12973319086689,1.03404233889278,0.282283995803338,4.0742505330731,4.61627662937552e-05,0.000658902613217238,0.319939648291142,1,0.16138528301123,FALSE,TRUE,TRUE,FALSE,"Rpv12+1",0,"Rpv12+1|0"
"Vitvi16g01068",5045.70731241805,-1.12712715919967,-1.03607323317619,0.272707555557144,-4.07117555311528,4.67764796447152e-05,0.000667275826593632,0.32305158499387,1,0.159084530973736,FALSE,TRUE,TRUE,FALSE,"Rpv12+1",0,"Rpv12+1|0"
"Vitvi05g04414",239.384505594714,2.02856387800266,1.80802774122873,0.50990679067983,4.0692181403936,4.71711670474155e-05,0.000671382609460261,0.0195440584103791,0.340835349304737,0.0139073254430884,FALSE,TRUE,TRUE,FALSE,"Rpv12+1",0,"Rpv12+1|0"
"Vitvi07g04040",148.931132899285,3.246336520143,2.76732573455019,0.937223624370859,4.06757274048211,4.75053817777939e-05,0.000675717428104926,0.00244195443024953,0.0801494177426569,0.00675814805782539,FALSE,TRUE,TRUE,FALSE,"Rpv12+1",0,"Rpv12+1|0"
"Vitvi15g04213",7.87777257715133,6.65886795658478,6.23053721818111,2.55211942809063,4.06521489604726,4.79882246517472e-05,0.000681405131135703,0.000276898508494453,0.0148145586252807,0.00438110709205267,TRUE,TRUE,TRUE,TRUE,"Rpv12+1",0,"Rpv12+1|0"
"Vitvi07g01392",252.923872381029,1.19637708839773,1.08830474501967,0.303744939746778,4.06015463719907,4.90402259523867e-05,0.000694959497846964,0.252562868407342,1,0.130288393392549,FALSE,TRUE,TRUE,FALSE,"Rpv12+1",0,"Rpv12+1|0"
"Vitvi19g02309",82.8008171961844,-2.41401276503431,-2.10392623451633,0.63169981536895,-4.05949010902471,4.91799909798357e-05,0.000696320837804156,0.00870685526090988,0.197367960806015,0.00958640246559182,FALSE,TRUE,TRUE,FALSE,"Rpv12+1",0,"Rpv12+1|0"
"Vitvi08g01305",1385.41900159626,1.29295377674177,1.17233156858059,0.333103620708765,4.05873922650859,4.93383726176574e-05,0.000697761278879798,0.178886325981694,1,0.0966226256783306,FALSE,TRUE,TRUE,FALSE,"Rpv12+1",0,"Rpv12+1|0"
"Vitvi07g00324",466.309347209565,1.38515274106501,1.24428587077231,0.359307934793225,4.05675235326351,4.97597940967636e-05,0.000703317433945994,0.129657368491526,1,0.0772717944252211,FALSE,TRUE,TRUE,FALSE,"Rpv12+1",0,"Rpv12+1|0"
"Vitvi14g01368",1507.3977601529,1.3768463094456,1.2376093062408,0.356912089714082,4.056419071947,4.98308173336583e-05,0.000703917440270646,0.133445195958115,1,0.0782522066895353,FALSE,TRUE,TRUE,FALSE,"Rpv12+1",0,"Rpv12+1|0"
"Vitvi02g00121",160.074133621654,2.02324296947939,1.78316889618161,0.527431497861251,4.05598920991843,4.99225641073561e-05,0.000704809334870386,0.0201192523816412,0.346705878162946,0.017373004959854,FALSE,TRUE,TRUE,FALSE,"Rpv12+1",0,"Rpv12+1|0"
"Vitvi18g04039",1999.70102929498,1.22809229504412,1.11452888090243,0.314541801966593,4.05486614951352,5.01630185508731e-05,0.000707798467937749,0.225693097319747,1,0.1201379849962,FALSE,TRUE,TRUE,FALSE,"Rpv12+1",0,"Rpv12+1|0"
"Vitvi09g00566",107.609625757517,3.7022278554457,3.18252849346878,0.988335899421777,4.05214736304824,5.07496818590094e-05,0.000715666377949946,0.00155019534825587,0.0568022251940875,0.00276402837659829,FALSE,TRUE,TRUE,FALSE,"Rpv12+1",0,"Rpv12+1|0"
"Vitvi10g00344",231.327449364276,2.70917717062539,2.3233130991179,0.766195261259114,4.05159159378212,5.08704043210434e-05,0.000716548473901216,0.00529287328315301,0.140617368486498,0.0100683560208712,FALSE,TRUE,TRUE,FALSE,"Rpv12+1",0,"Rpv12+1|0"
"Vitvi08g00970",1085.73062698037,2.14339913504706,1.86019316004481,0.592442255179658,4.04704511890259,5.18682464452582e-05,0.000729352807891199,0.0154289011275027,0.290572083941213,0.018700819631262,FALSE,TRUE,TRUE,FALSE,"Rpv12+1",0,"Rpv12+1|0"
"Vitvi01g00619",804.122960616132,-1.2559508640174,-1.13185225170271,0.313220971122109,-4.04556345594392,5.21974237401854e-05,0.00073356288149641,0.204842687252813,1,0.110562294671082,FALSE,TRUE,TRUE,FALSE,"Rpv12+1",0,"Rpv12+1|0"
"Vitvi09g04607",21.9800024458147,6.8815327642464,5.51680929362526,2.22792329777536,4.04403270137634,5.25395862337825e-05,0.000737950539598327,0.00027556687044413,0.0148019584475318,0.00462945919851591,TRUE,TRUE,TRUE,TRUE,"Rpv12+1",0,"Rpv12+1|0"
"Vitvi10g04240",107.653165090727,-2.23186143127005,-1.96251403883365,0.579843367459169,-4.04385739378557,5.25789072942338e-05,0.000738082028547432,0.0128081169470544,0.259078569285263,0.0119450898183216,FALSE,TRUE,TRUE,FALSE,"Rpv12+1",0,"Rpv12+1|0"
"Vitvi17g00528",3317.38715364792,2.17007179840366,1.90833219778081,0.573655392839197,4.04291857692038,5.27899565864093e-05,0.00074020112149276,0.0146330286477133,0.280634454835434,0.0140240485167449,FALSE,TRUE,TRUE,FALSE,"Rpv12+1",0,"Rpv12+1|0"
"Vitvi18g00119",1207.06942547208,1.53499964240538,1.3619832136501,0.411219934113806,4.04292801839816,5.2787830119142e-05,0.00074020112149276,0.0794030847343886,0.791278207073094,0.0574919904119258,FALSE,TRUE,TRUE,FALSE,"Rpv12+1",0,"Rpv12+1|0"
"Vitvi05g04026",16.7905945619989,-2.2421205369362,-1.97519827652996,0.57380677840498,-4.04021566186258,5.34020729031763e-05,0.000747932614009466,0.01260225658501,0.256838416000048,0.0108598428680584,FALSE,TRUE,TRUE,FALSE,"Rpv12+1",0,"Rpv12+1|0"
"Vitvi02g00167",9.7169438029603,-6.18544748191905,-6.09995574786414,2.74663395375956,-4.03983951224645,5.34877889064432e-05,0.000748696726218201,0.000355014736611797,0.0181029834211072,0.00729619712823584,TRUE,TRUE,TRUE,TRUE,"Rpv12+1",0,"Rpv12+1|0"
"Vitvi05g01301",13.6844108990449,5.9800337413553,5.07713843782861,1.62314021835209,4.0397096541316,5.35174108974774e-05,0.000748696726218201,0.000385068932404502,0.0192233171808576,0.0011891272471624,TRUE,TRUE,TRUE,TRUE,"Rpv12+1",0,"Rpv12+1|0"
"Vitvi05g00289",162.443723880733,1.27000166469516,1.14779152715004,0.327074353706766,4.03848956001724,5.37964872295213e-05,0.000751747169249284,0.195285948024813,1,0.105757378051087,FALSE,TRUE,TRUE,FALSE,"Rpv12+1",0,"Rpv12+1|0"
"Vitvi01g00346",715.494058123258,1.38985965057237,1.25276819316734,0.355710356217665,4.03788664492742,5.39349025807913e-05,0.000753254115635133,0.12868296734513,1,0.073325434278352,FALSE,TRUE,TRUE,FALSE,"Rpv12+1",0,"Rpv12+1|0"
"Vitvi17g00175",81.7567162664328,-2.66502097700848,-2.34734658711505,0.666981910729034,-4.03582195179394,5.44114690561361e-05,0.000758619667044126,0.00584355948228886,0.149133339021653,0.00467259383270003,FALSE,TRUE,TRUE,FALSE,"Rpv12+1",0,"Rpv12+1|0"
"Vitvi05g01734",489.418684069191,1.45307356828134,1.29913489633358,0.372924681954287,4.03584424821759,5.44063014176482e-05,0.000758619667044126,0.1041252356339,0.92083795136044,0.0646195904966553,FALSE,TRUE,TRUE,FALSE,"Rpv12+1",0,"Rpv12+1|0"
"Vitvi17g04183",24.8587905005741,2.97231664585791,2.56266526395566,0.845082517614052,4.03476622420332,5.46566878664659e-05,0.000759888353430166,0.00371074381829079,0.109312328313816,0.00737923642215857,FALSE,TRUE,TRUE,FALSE,"Rpv12+1",0,"Rpv12+1|0"
"Vitvi10g04481",67.4952704896554,-2.34243682740072,-2.08071205523047,0.58114212334715,-4.0349092839876,5.46233974785808e-05,0.000759888353430166,0.0103783007403906,0.223629299067444,0.00721425984808722,FALSE,TRUE,TRUE,FALSE,"Rpv12+1",0,"Rpv12+1|0"
"Vitvi13g00981",283.187700009877,1.81171031287609,1.58302848862042,0.495677087744402,4.03484934912503,5.46373421398151e-05,0.000759888353430166,0.0353223009644749,0.494644577585493,0.032529499245932,FALSE,TRUE,TRUE,FALSE,"Rpv12+1",0,"Rpv12+1|0"
"Vitvi04g00707",169.764932773518,-2.54265462802589,-2.23791260765159,0.644159926460861,-4.03277571387769,5.51218837919647e-05,0.000765923705075489,0.00720802158434683,0.171725534266784,0.00596026873653911,FALSE,TRUE,TRUE,FALSE,"Rpv12+1",0,"Rpv12+1|0"
"Vitvi18g00466",6462.94893948758,1.84935546849859,1.6373149185996,0.487342948678318,4.03210895284438,5.52785473140281e-05,0.000767667582654113,0.0320250474934247,0.467229903725876,0.0247743751075852,FALSE,TRUE,TRUE,FALSE,"Rpv12+1",0,"Rpv12+1|0"
"Vitvi09g01414",27.0308903205768,-2.03244491957638,-1.80559014405832,0.513597549676007,-4.03183359686335,5.53433685023977e-05,0.000767702267131233,0.020275206119393,0.348933629524474,0.0149537137938792,FALSE,TRUE,TRUE,FALSE,"Rpv12+1",0,"Rpv12+1|0"
"Vitvi15g04287",1751.61063965286,-1.16688864602884,-1.0615104014389,0.293167257946617,-4.03187706735256,5.53331303874357e-05,0.000767702267131233,0.282091383530237,1,0.144229766796574,FALSE,TRUE,TRUE,FALSE,"Rpv12+1",0,"Rpv12+1|0"
"Vitvi10g00879",216.952046116505,1.99227144049474,1.75845376916711,0.524972030120959,4.03038618258872,5.56852881533229e-05,0.000771576354862353,0.0223548424814632,0.371289094903235,0.0191081893121675,FALSE,TRUE,TRUE,FALSE,"Rpv12+1",0,"Rpv12+1|0"
"Vitvi13g04337",28.3508602478453,-5.77814323638137,-5.65126591526193,2.63437538610201,-4.02948334369267,5.58995762753662e-05,0.00077411015240018,0.00043208040851121,0.0211662760416568,0.00917999081441899,TRUE,TRUE,TRUE,TRUE,"Rpv12+1",0,"Rpv12+1|0"
"Vitvi14g01911",412.835961426947,1.55266742095761,1.41090084096497,0.40826409718314,4.02885265905289,5.60497319739494e-05,0.000775753481410235,0.0757778126783748,0.770412670755385,0.0450257692418375,FALSE,TRUE,TRUE,FALSE,"Rpv12+1",0,"Rpv12+1|0"
"Vitvi19g00585",567.302296981335,3.38064073154259,2.83042057913675,1.01563693524339,4.02697622609202,5.6498742654021e-05,0.000781090361405422,0.00228572250326454,0.0762655803098178,0.00849098040198375,FALSE,TRUE,TRUE,FALSE,"Rpv12+1",0,"Rpv12+1|0"
"Vitvi13g00189",64.2861756893704,2.53287792472892,2.21349155421053,0.6694156257227,4.02455263708424,5.70837256618149e-05,0.000788735089963248,0.00743299594841076,0.175804467463361,0.00822860117767086,FALSE,TRUE,TRUE,FALSE,"Rpv12+1",0,"Rpv12+1|0"
"Vitvi14g02430",288.281366990556,2.40396012195631,2.06394638480412,0.676325367066918,4.02400958435611,5.72155870530436e-05,0.000790113902824429,0.00938416590713869,0.208919485927524,0.0147206152248224,FALSE,TRUE,TRUE,FALSE,"Rpv12+1",0,"Rpv12+1|0"
"Vitvi12g04374",25.9787464639927,2.57782549238235,2.24053573978537,0.683471556099884,4.02241763114141,5.76038017935293e-05,0.000795029277862962,0.00690774668316167,0.166390189212547,0.00811305858324738,FALSE,TRUE,TRUE,FALSE,"Rpv12+1",0,"Rpv12+1|0"
"Vitvi07g02403",6.89751430193457,5.47687640944145,4.97760891132688,2.10174723186987,4.0220804363451,5.76863498930123e-05,0.000795722797292413,0.000506022205204874,0.0236798477029594,0.00660119454394569,TRUE,TRUE,TRUE,TRUE,"Rpv12+1",0,"Rpv12+1|0"
"Vitvi09g01665",95.8502759203858,3.0859414308592,2.64610753501818,0.858237655614226,4.02129623622666,5.78787621070862e-05,0.000797473011542081,0.00328201458044602,0.0998668031386286,0.00603655435461921,FALSE,TRUE,TRUE,FALSE,"Rpv12+1",0,"Rpv12+1|0"
"Vitvi06g00259",1638.47836885723,1.64092773265621,1.45841642990459,0.432334536456578,4.02116775903697,5.79103433044643e-05,0.000797473011542081,0.0581351861940149,0.669625461129948,0.0408894552705468,FALSE,TRUE,TRUE,FALSE,"Rpv12+1",0,"Rpv12+1|0"
"Vitvi09g01784",10.0755498073654,-3.78165556786605,-3.28738286642015,0.959251879270656,-4.01968222408315,5.82766925088638e-05,0.000801269788532201,0.00155473807251679,0.0568022251940875,0.00172279993859874,FALSE,TRUE,TRUE,FALSE,"Rpv12+1",0,"Rpv12+1|0"
"Vitvi03g00353",95.1698959881372,2.37680627004707,2.01584472126302,0.683423761179712,4.01952274333979,5.83161524126578e-05,0.000801269788532201,0.00994601836703723,0.216814912052772,0.0173294323299597,FALSE,TRUE,TRUE,FALSE,"Rpv12+1",0,"Rpv12+1|0"
"Vitvi06g00679",39.151037211027,2.90819920538805,2.51430794485699,0.791275066416152,4.01925928582422,5.83813944515772e-05,0.000801272442177747,0.00417952130987187,0.118916613413382,0.00618913872427544,FALSE,TRUE,TRUE,FALSE,"Rpv12+1",0,"Rpv12+1|0"
"Vitvi01g04161",64.1719749045014,2.22748800460172,1.95907395458558,0.580433357813049,4.01884428628189,5.84843042460814e-05,0.000802046672430698,0.0133924085606085,0.267429019493861,0.0120858046497318,FALSE,TRUE,TRUE,FALSE,"Rpv12+1",0,"Rpv12+1|0"
"Vitvi12g00106",514.428473025898,-1.23632911537599,-1.12383898798635,0.312057652617024,-4.01863819709214,5.85354731705794e-05,0.000802046672430698,0.22119062893898,1,0.114289907558703,FALSE,TRUE,TRUE,FALSE,"Rpv12+1",0,"Rpv12+1|0"
"Vitvi18g02509",46.1599236935519,4.11551116619984,3.59063102023878,1.07448701153738,4.01732343531072,5.88629085990965e-05,0.000806084833934042,0.00117855557124755,0.0461524478866238,0.0016129441816295,TRUE,TRUE,TRUE,TRUE,"Rpv12+1",0,"Rpv12+1|0"
"Vitvi01g00739",225.469852103783,1.4484144335358,1.29928346401857,0.383117726469145,4.01612970968254,5.91617022251492e-05,0.000808379199123004,0.106868878431607,0.932183772283653,0.0666565461198979,FALSE,TRUE,TRUE,FALSE,"Rpv12+1",0,"Rpv12+1|0"
"Vitvi15g00743",123.875875009502,-1.89122217034528,-1.68388517115095,0.475839354428781,-4.01574671398128,5.9257871308144e-05,0.000809244411057337,0.0292197803356854,0.442082263621281,0.0194262727648479,FALSE,TRUE,TRUE,FALSE,"Rpv12+1",0,"Rpv12+1|0"
"Vitvi08g01846",67.9341490976317,-2.64394398303983,-2.29418985275927,0.699587782288046,-4.01446661086357,5.9580376784756e-05,0.000813197873944182,0.00627831099262809,0.156072207732994,0.00735148170619009,FALSE,TRUE,TRUE,FALSE,"Rpv12+1",0,"Rpv12+1|0"
"Vitvi16g01964",1875.7678425225,1.91373417021012,1.67752505454693,0.51829923537999,4.0137132524253,5.97709518999327e-05,0.000815347270767853,0.0276575400722281,0.427092559934727,0.0248273269521344,FALSE,TRUE,TRUE,FALSE,"Rpv12+1",0,"Rpv12+1|0"
"Vitvi11g00480",1259.85171823468,2.31182678016432,1.99816670961712,0.647681107810478,4.01316672011377,5.99095678670549e-05,0.000816785895945082,0.0113860158158826,0.238932799165524,0.0158231537190478,FALSE,TRUE,TRUE,FALSE,"Rpv12+1",0,"Rpv12+1|0"
"Vitvi01g04447",55.308817562723,-3.26191826792778,-2.85423130009495,0.827678742974849,-4.00949173109611,6.08495837421423e-05,0.000827769378835681,0.00271543586201014,0.0865202030625129,0.00254873028745558,FALSE,TRUE,TRUE,FALSE,"Rpv12+1",0,"Rpv12+1|0"
"Vitvi00g00447",8.6262556553551,-6.57085948701442,-6.38667507978224,2.91572723609193,-4.00780560215865,6.12855323027819e-05,0.000832014246492697,0.00034150395235394,0.0175164742933857,0.00749000391749875,TRUE,TRUE,TRUE,TRUE,"Rpv12+1",0,"Rpv12+1|0"
"Vitvi13g02574",746.024221347516,1.72187301170392,1.54648863125865,0.429414347477746,4.0077625022107,6.12967144578765e-05,0.000832014246492697,0.0464589476260309,0.583726998534746,0.0267805384748817,FALSE,TRUE,TRUE,FALSE,"Rpv12+1",0,"Rpv12+1|0"
"Vitvi12g02500",3424.54583159725,-1.22738574726445,-1.12272993374291,0.310733194740296,-4.00643146204142,6.16430014621911e-05,0.00083625384582739,0.228973284692563,1,0.114837020492384,FALSE,TRUE,TRUE,FALSE,"Rpv12+1",0,"Rpv12+1|0"
"Vitvi07g00096",24.5112084079916,-2.10963736603372,-1.85623280536455,0.551904579956575,-4.00335962972799,6.24492605823834e-05,0.000845794383566574,0.0176149226390824,0.316256473414362,0.0154638726593142,FALSE,TRUE,TRUE,FALSE,"Rpv12+1",0,"Rpv12+1|0"
"Vitvi06g00121",2400.36951085162,1.66255705882594,1.46447744390703,0.451999124833148,4.00341768510392,6.24339307483026e-05,0.000845794383566574,0.0553081071823431,0.648282170882064,0.0431655363646555,FALSE,TRUE,TRUE,FALSE,"Rpv12+1",0,"Rpv12+1|0"
"Vitvi14g01494",2029.75662403503,-1.18108084138176,-1.08570690311065,0.290786017908251,-4.00356158132846,6.23959495333353e-05,0.000845794383566574,0.269667907025462,1,0.129440091330587,FALSE,TRUE,TRUE,FALSE,"Rpv12+1",0,"Rpv12+1|0"
"Vitvi02g00942",44.0924419891322,1.75863284301387,1.55304995736259,0.470936975673148,4.00229901867953,6.27299486050479e-05,0.000849129128480198,0.0421289603993683,0.551784186814089,0.0327661373759191,FALSE,TRUE,TRUE,FALSE,"Rpv12+1",0,"Rpv12+1|0"
"Vitvi08g01377",1073.00657069268,2.36230320281899,2.07301940412792,0.621333444984984,4.00195648078499,6.28208552435866e-05,0.000849892690708951,0.0105033145483963,0.225431408891986,0.010100796614257,FALSE,TRUE,TRUE,FALSE,"Rpv12+1",0,"Rpv12+1|0"
"Vitvi18g02672",109.490187438317,2.25403994771067,1.92428501686301,0.650130960667122,4.00168374053807,6.2893327349339e-05,0.000850406153994685,0.012995534115481,0.261701444901361,0.0201610667306898,FALSE,TRUE,TRUE,FALSE,"Rpv12+1",0,"Rpv12+1|0"
"Vitvi08g04351",71.3495620964633,-2.7104901487585,-2.38458388062869,0.686721510781889,-4.00143410205756,6.29597302578471e-05,0.000850837034905277,0.00578234944600486,0.147859705921839,0.00469444119815268,FALSE,TRUE,TRUE,FALSE,"Rpv12+1",0,"Rpv12+1|0"
"Vitvi01g00012",727.485997414008,1.62113043174426,1.44465341537549,0.42280075242765,4.00105257390502,6.30613435682862e-05,0.000851743015432182,0.0626392527822566,0.693432168231507,0.0416633897345438,FALSE,TRUE,TRUE,FALSE,"Rpv12+1",0,"Rpv12+1|0"
"Vitvi05g04474",6.68585771831598,5.84188992508454,5.15347201337595,1.61876752528012,4.00057317223,6.31892438694667e-05,0.000853002855872977,0.000458360204707973,0.0221668624578308,0.000987893547763125,TRUE,TRUE,TRUE,TRUE,"Rpv12+1",0,"Rpv12+1|0"
"Vitvi11g01394",380.754011430645,1.17788246643919,1.07333228858116,0.299301648702949,3.99992567237594,6.33623811893639e-05,0.000854403734527187,0.272900475870969,1,0.138125784436225,FALSE,TRUE,TRUE,FALSE,"Rpv12+1",0,"Rpv12+1|0"
"Vitvi13g01379",38.5704750096238,4.87393680251691,4.03875931810896,1.46069046798911,3.99920507921704,6.35555911270621e-05,0.000854670056226148,0.000740464644339445,0.0322830243854592,0.00399845141323029,TRUE,TRUE,TRUE,TRUE,"Rpv12+1",0,"Rpv12+1|0"
"Vitvi08g01262",102.666281342901,3.4844145124731,3.06252731740324,0.889538721635115,3.99931158654659,6.35269986360365e-05,0.000854670056226148,0.00217553211601358,0.0732429145724571,0.00215910960739137,FALSE,TRUE,TRUE,FALSE,"Rpv12+1",0,"Rpv12+1|0"
"Vitvi18g03141",73.4954226975803,1.67235171585811,1.48704739023842,0.43779837924828,3.99881025471009,6.3661690299257e-05,0.000855629788441078,0.0539526059028243,0.639201193529492,0.0368050878176194,FALSE,TRUE,TRUE,FALSE,"Rpv12+1",0,"Rpv12+1|0"
"Vitvi10g00572",2258.43553401562,-1.49957320435367,-1.34652032670093,0.37849019478703,-3.99827369089637,6.38061471210066e-05,0.000857103729810861,0.0914302157310257,0.856021121441625,0.0536794450221605,FALSE,TRUE,TRUE,FALSE,"Rpv12+1",0,"Rpv12+1|0"
"Vitvi03g00786",316.461672749368,-1.27794502502003,-1.14910408835676,0.333008594250191,-3.99755787300049,6.39993468937886e-05,0.000859230468705927,0.192302229343871,1,0.106298866179423,FALSE,TRUE,TRUE,FALSE,"Rpv12+1",0,"Rpv12+1|0"
"Vitvi02g00560",203.196411414438,1.33636922656017,1.21229636820343,0.350737107207331,3.99413600391078,6.49305869100211e-05,0.000869836834755454,0.15736676028404,1,0.0860218307747923,FALSE,TRUE,TRUE,FALSE,"Rpv12+1",0,"Rpv12+1|0"
"Vitvi12g01880",16.8454731404148,4.13069672294144,3.536665437433,1.13777343516298,3.99396011521313,6.49787987864577e-05,0.000870009612447376,0.00123506469582058,0.047924049955603,0.00263895835513417,TRUE,TRUE,TRUE,TRUE,"Rpv12+1",0,"Rpv12+1|0"
"Vitvi07g00055",163.977718565728,6.91461271820896,5.392687027635,2.3868411189481,3.9921247686342,6.54839009265068e-05,0.00087629624292527,0.000321614094337164,0.0167591695094938,0.00760186712072695,TRUE,TRUE,TRUE,TRUE,"Rpv12+1",0,"Rpv12+1|0"
"Vitvi06g00447",877.81478150742,1.31517427651845,1.18381280296075,0.343416753608701,3.99094051030455,6.58117883631187e-05,0.000880205873025945,0.169433343269834,1,0.0945179057096549,FALSE,TRUE,TRUE,FALSE,"Rpv12+1",0,"Rpv12+1|0"
"Vitvi16g00964",9.44142595587403,6.59231940266713,6.02398728255688,1.94553942764893,3.98949148859949,6.62150950540487e-05,0.00088491189908566,0.000358942699927025,0.0181968645104478,0.000941334435256892,TRUE,TRUE,TRUE,TRUE,"Rpv12+1",0,"Rpv12+1|0"
"Vitvi08g00986",137.291177506529,1.35281870352241,1.21771708074767,0.349892906208807,3.98849175225638,6.64947143612029e-05,0.000887412666848643,0.149121354329834,1,0.0836721682679001,FALSE,TRUE,TRUE,FALSE,"Rpv12+1",0,"Rpv12+1|0"
"Vitvi17g01513",576.952421163535,2.00354116279668,1.74429070799955,0.549502818178336,3.98820760153435,6.65743930544131e-05,0.000887994990410677,0.0228784884010303,0.377984011024901,0.0227095712663754,FALSE,TRUE,TRUE,FALSE,"Rpv12+1",0,"Rpv12+1|0"
"Vitvi07g04662",130.703866773981,1.76039238913099,1.54903285099939,0.473051451110553,3.98750694754979,6.67712496598781e-05,0.000890138802283959,0.0425000802607683,0.554770259252214,0.0338910738740861,FALSE,TRUE,TRUE,FALSE,"Rpv12+1",0,"Rpv12+1|0"
"Vitvi05g04383",86.7208094372244,1.3454101557513,1.20708354136463,0.355561526867292,3.98554170869878,6.73263491077773e-05,0.000896084244526851,0.153102621566122,1,0.0886494783577749,FALSE,TRUE,TRUE,FALSE,"Rpv12+1",0,"Rpv12+1|0"
"Vitvi19g04455",19.3838056092004,8.27792583958753,7.20409976662401,2.63355649193988,3.98369430047738,6.78521458387893e-05,0.000901174932742518,0.000234503678901171,0.0129965714753723,0.00186378954417286,TRUE,TRUE,TRUE,TRUE,"Rpv12+1",0,"Rpv12+1|0"
"Vitvi11g00193",2416.67309546242,1.13737860002627,1.0310088146195,0.299266486312564,3.9836837806774,6.78551510081738e-05,0.000901174932742518,0.315197702948414,1,0.164548854738129,FALSE,TRUE,TRUE,FALSE,"Rpv12+1",0,"Rpv12+1|0"
"Vitvi03g00209",236.982309876327,2.52528194560426,2.18321031798853,0.703644813285228,3.98342321440309,6.7929626639478e-05,0.000901192397356048,0.0080640133572324,0.187221968226389,0.011528899615091,FALSE,TRUE,TRUE,FALSE,"Rpv12+1",0,"Rpv12+1|0"
"Vitvi13g04717",157.336837858358,2.06689026584045,1.8110423720608,0.553984310078128,3.98292064927884,6.80734894291061e-05,0.000901931198061249,0.0198956232985734,0.343807489625924,0.0182082353121047,FALSE,TRUE,TRUE,FALSE,"Rpv12+1",0,"Rpv12+1|0"
"Vitvi07g04265",9.28876455201537,-5.30723873452935,-4.43718269034026,1.48810021532403,-3.98112131730433,6.85909281604102e-05,0.000908009729263764,0.000617925079412748,0.0278215183345234,0.00218475944095125,TRUE,TRUE,TRUE,TRUE,"Rpv12+1",0,"Rpv12+1|0"
"Vitvi06g01144",1312.65465649938,1.76655205692296,1.55885708035739,0.472419903389392,3.98014929184672,6.88720021075595e-05,0.000911240947326442,0.0420758914127135,0.551710898980036,0.0320569090355721,FALSE,TRUE,TRUE,FALSE,"Rpv12+1",0,"Rpv12+1|0"
"Vitvi18g02075",697.335698860466,1.58742293123301,1.41964027514513,0.410825906574068,3.97940594033769,6.90876869670086e-05,0.000913113871308596,0.0704332617410283,0.738780121184944,0.0437612595814566,FALSE,TRUE,TRUE,FALSE,"Rpv12+1",0,"Rpv12+1|0"
"Vitvi13g01942",34.1608256930166,3.93524511516994,3.40384710961247,1.14649756671947,3.97901038832297,6.92027174899958e-05,0.000914143779133263,0.00149956451406186,0.0557203240388413,0.00374495501469601,FALSE,TRUE,TRUE,FALSE,"Rpv12+1",0,"Rpv12+1|0"
"Vitvi18g02588",1125.83295840657,1.49995987641487,1.34097869451508,0.392210141162533,3.97858272498069,6.93272901702061e-05,0.00091529856411211,0.092399431294515,0.86199039875269,0.0582820976262007,FALSE,TRUE,TRUE,FALSE,"Rpv12+1",0,"Rpv12+1|0"
"Vitvi11g00365",789.144722277826,2.48662315626243,2.13655748895709,0.70518809425468,3.9782415723037,6.9426815531215e-05,0.000916121600121592,0.00869435323607986,0.197255495492292,0.0133380779203085,FALSE,TRUE,TRUE,FALSE,"Rpv12+1",0,"Rpv12+1|0"
"Vitvi04g02232",483.558743706065,2.21259540183891,1.92524378985272,0.609263730879599,3.97805761831621,6.94805369887979e-05,0.000916339673049264,0.014623435446953,0.280634454835434,0.0163141338242147,FALSE,TRUE,TRUE,FALSE,"Rpv12+1",0,"Rpv12+1|0"
"Vitvi04g00155",110.591268156144,3.50557134636645,3.01718035744578,0.965412640077912,3.97667557950216,6.98854036025206e-05,0.000921186090503851,0.00223970860968167,0.0748257184171938,0.00386118420395051,FALSE,TRUE,TRUE,FALSE,"Rpv12+1",0,"Rpv12+1|0"
"Vitvi05g02222",90.9510769019511,2.13919666834689,1.8472347488184,0.581461656862895,3.97612428898514,7.00475253887594e-05,0.000922336095925963,0.0171119189242638,0.310753760393431,0.0185657098522987,FALSE,TRUE,TRUE,FALSE,"Rpv12+1",0,"Rpv12+1|0"
"Vitvi12g00678",194.57694234249,2.24216469280448,1.95925236695446,0.593726681652676,3.97387920398666,7.071143515972e-05,0.000929091688850594,0.0138489580861467,0.273525038800855,0.0131148143492619,FALSE,TRUE,TRUE,FALSE,"Rpv12+1",0,"Rpv12+1|0"
"Vitvi08g00656",119.368650812384,3.02420393547452,2.57003699447932,0.863528436815144,3.97316004306673,7.09253590479308e-05,0.000931055531430727,0.00391437448789595,0.113900024726218,0.00802646624244623,FALSE,TRUE,TRUE,FALSE,"Rpv12+1",0,"Rpv12+1|0"
"Vitvi13g00326",3063.04335278142,1.56950005375601,1.4041200590065,0.405522975969552,3.97312269806798,7.09364845143479e-05,0.000931055531430727,0.0746984244320935,0.764440226744686,0.0461646992276804,FALSE,TRUE,TRUE,FALSE,"Rpv12+1",0,"Rpv12+1|0"
"Vitvi19g02230",764.171812458438,2.05381840662159,1.79753951627548,0.552527340600391,3.97122808569467,7.15030807870085e-05,0.000936496490307677,0.0207927150200996,0.353651906508963,0.0191535130073718,FALSE,TRUE,TRUE,FALSE,"Rpv12+1",0,"Rpv12+1|0"
"Vitvi14g01381",3791.0365060825,3.66887463865755,3.04492476568035,1.1376780323989,3.97009705436623,7.1843360942949e-05,0.000939953818476098,0.00193874900758832,0.066907302492748,0.00857874013087721,FALSE,TRUE,TRUE,FALSE,"Rpv12+1",0,"Rpv12+1|0"
"Vitvi07g01796",7694.17407570994,1.25568707329526,1.1268791377671,0.336691599621783,3.9697742370398,7.19407638527832e-05,0.000940728587195948,0.209447929565365,1,0.117761839878364,FALSE,TRUE,TRUE,FALSE,"Rpv12+1",0,"Rpv12+1|0"
"Vitvi03g00586",351.10520690847,2.2657745361668,1.95363239242524,0.631273851859224,3.96891266984052,7.22013344191348e-05,0.000943134716198199,0.0133036144050703,0.266265684179215,0.0166491549661283,FALSE,TRUE,TRUE,FALSE,"Rpv12+1",0,"Rpv12+1|0"
"Vitvi15g04047",1020.6023910473,1.14958519699226,1.03340470552283,0.302586775185893,3.96756188888198,7.26116594840396e-05,0.000947489853309746,0.302835299119625,1,0.162918333382946,FALSE,TRUE,TRUE,FALSE,"Rpv12+1",0,"Rpv12+1|0"
"Vitvi04g04291",6.95084347625505,-5.65470628538755,-5.53642277088431,2.60054961505327,-3.96737134246737,7.2669718736691e-05,0.000947745468923833,0.000547355348260938,0.0250757768041294,0.00965001069671193,TRUE,TRUE,TRUE,TRUE,"Rpv12+1",0,"Rpv12+1|0"
"Vitvi05g04219",19.9899050929367,-2.95423856082922,-2.58337609337894,0.757013427846349,-3.96669841518933,7.28751103790095e-05,0.000949073270136974,0.00434544713671042,0.122491973759922,0.00382240445323429,FALSE,TRUE,TRUE,FALSE,"Rpv12+1",0,"Rpv12+1|0"
"Vitvi18g00878",1529.41845691349,1.86292561831838,1.64012669918414,0.493283790131502,3.96646393901795,7.29468063684637e-05,0.000949073270136974,0.0330824101983685,0.475496026581935,0.0250414528079589,FALSE,TRUE,TRUE,FALSE,"Rpv12+1",0,"Rpv12+1|0"
"Vitvi05g01642",309.141972617348,1.20239556587737,1.09140650337521,0.306882271257694,3.96631290134649,7.29930246154277e-05,0.000949073270136974,0.252182567034772,1,0.128873653779509,FALSE,TRUE,TRUE,FALSE,"Rpv12+1",0,"Rpv12+1|0"
"Vitvi05g01556",123.594651453229,-1.09917748799943,-1.00461604531346,0.279965914155688,-3.96643491492646,7.29556857297281e-05,0.000949073270136974,0.360214036037834,1,0.182090423988405,FALSE,TRUE,TRUE,FALSE,"Rpv12+1",0,"Rpv12+1|0"
"Vitvi04g01980",39.640815220572,-3.71307758670524,-3.20576667461459,0.970480558560132,-3.96580535321879,7.3148539760557e-05,0.000950468051445719,0.0018795438010553,0.0652082046310418,0.00236193064189766,FALSE,TRUE,TRUE,FALSE,"Rpv12+1",0,"Rpv12+1|0"
"Vitvi06g00621",412.183440699032,-1.10590998753586,-1.00337947248407,0.28258689028042,-3.96482369826546,7.34502130922347e-05,0.00095338221798751,0.35208392374561,1,0.182857249746785,FALSE,TRUE,TRUE,FALSE,"Rpv12+1",0,"Rpv12+1|0"
"Vitvi07g01732",1561.21840446557,2.21289538010278,1.93163928241006,0.613400244739822,3.96310559772289,7.39810381423889e-05,0.000958756894095683,0.0149206162368659,0.284189242228573,0.0162724765187549,FALSE,TRUE,TRUE,FALSE,"Rpv12+1",0,"Rpv12+1|0"
"Vitvi09g01302",601.415032749572,2.24527907768018,1.92613664225074,0.643741375537035,3.96284278792347,7.40625552018251e-05,0.000959308680311337,0.0139789735025132,0.274944336731009,0.0193806759688488,FALSE,TRUE,TRUE,FALSE,"Rpv12+1",0,"Rpv12+1|0"
"Vitvi05g00676",3626.39016566256,-1.40387004924053,-1.26558835953543,0.353726492489962,-3.95828804611106,7.54888874052846e-05,0.000976243690349917,0.127407143041576,1,0.0692794305684083,FALSE,TRUE,TRUE,FALSE,"Rpv12+1",0,"Rpv12+1|0"
"Vitvi13g02230",39.6333075969611,-1.91973130979495,-1.69341170887044,0.500313110685373,-3.95786145044882,7.56237994194255e-05,0.00097747530036567,0.0289676774068345,0.439794238703067,0.0216219275887849,FALSE,TRUE,TRUE,FALSE,"Rpv12+1",0,"Rpv12+1|0"
"Vitvi08g04129",13.7430521850096,4.7891154215934,4.09309204961119,1.31183729723336,3.95685149940599,7.59441085462432e-05,0.000981043177988652,0.000873010527927428,0.0364227789474539,0.00182792119825665,TRUE,TRUE,TRUE,TRUE,"Rpv12+1",0,"Rpv12+1|0"
"Vitvi06g04277",6.83719039074522,-6.94735852716955,-6.91868829411837,3.04295257456032,-3.95558300941051,7.6348231801512e-05,0.000984352687002624,0.000357335876541903,0.0181518277811145,0.00566090037368403,TRUE,TRUE,TRUE,TRUE,"Rpv12+1",0,"Rpv12+1|0"
"Vitvi10g00359",2470.44958290967,2.59495632230766,2.19672260579842,0.769300471052989,3.95301728859615,7.71718588728374e-05,0.000991243959953713,0.00755629039985754,0.177756295476505,0.0153052759183324,FALSE,TRUE,TRUE,FALSE,"Rpv12+1",0,"Rpv12+1|0"
"Vitvi15g01075",6.66124189903821,-7.21083755977001,-7.33495479174162,3.14343655958778,-3.95100807606283,7.78226979474323e-05,0.000999082848688349,0.000336566509040091,0.0173311876180704,0.00473804439908545,TRUE,TRUE,TRUE,TRUE,"Rpv12+1",0,"Rpv12+1|0"
"Vitvi02g00118",5177.45736600322,1.8700208034536,1.64161853854196,0.508057412865637,3.95020730730426,7.80835324103171e-05,0.00100138776911014,0.0330444318707185,0.475211266248557,0.027653281835872,FALSE,TRUE,TRUE,FALSE,"Rpv12+1",0,"Rpv12+1|0"
"Vitvi08g01699",928.587555632289,1.80057150830898,1.57187359149721,0.497194355532771,3.94989732612447,7.81847243309158e-05,0.00100216382342167,0.039526584022489,0.530244057150917,0.0345470785990894,FALSE,TRUE,TRUE,FALSE,"Rpv12+1",0,"Rpv12+1|0"
"Vitvi08g00642",3644.27953141007,1.28218946813882,1.14907512246038,0.345524377776682,3.94892950807995,7.85014624866962e-05,0.00100517777017788,0.192397188582856,1,0.108477530028289,FALSE,TRUE,TRUE,FALSE,"Rpv12+1",0,"Rpv12+1|0"
"Vitvi07g01277",2550.72087413693,1.54221249063373,1.36805293687278,0.414151257741529,3.94868060955516,7.85831154858158e-05,0.00100569497004788,0.0825257824032695,0.807025025004534,0.0565679589796175,FALSE,TRUE,TRUE,FALSE,"Rpv12+1",0,"Rpv12+1|0"
"Vitvi02g04062",201.07323230813,1.18690714539233,1.07698233035486,0.305568058762293,3.94855760209263,7.86234986325788e-05,0.00100569497004788,0.267038142951426,1,0.136986872346408,FALSE,TRUE,TRUE,FALSE,"Rpv12+1",0,"Rpv12+1|0"
"Vitvi11g00634",224.016526267883,1.73642540918933,1.50924744552748,0.475388368859414,3.9483369751321,7.86959792568266e-05,0.00100609971197259,0.0470155471031426,0.588177760244432,0.0402466329257476,FALSE,TRUE,TRUE,FALSE,"Rpv12+1",0,"Rpv12+1|0"
"Vitvi13g01802",23.4299367359475,2.95581702909886,2.55002170892165,0.78635684556107,3.94792164621675,7.88325950118896e-05,0.00100655618793743,0.00449713275924233,0.125729310507824,0.00534725726518645,FALSE,TRUE,TRUE,FALSE,"Rpv12+1",0,"Rpv12+1|0"
"Vitvi18g04763",103.745867930339,1.93542138506331,1.68108671231156,0.52281443702931,3.94726940216993,7.90475928064809e-05,0.00100797955299196,0.0282097626022499,0.433317193136967,0.0249341262985216,FALSE,TRUE,TRUE,FALSE,"Rpv12+1",0,"Rpv12+1|0"
"Vitvi03g00600",613.986311397618,-1.35239597687003,-1.2139113161654,0.352092618585174,-3.94733928103987,7.90245323004131e-05,0.00100797955299196,0.151842185192775,1,0.0856010219757182,FALSE,TRUE,TRUE,FALSE,"Rpv12+1",0,"Rpv12+1|0"
"Vitvi15g04667",316.155208718409,-1.13659455214754,-1.03736705994707,0.285498171056456,-3.94565058369292,7.9583598137412e-05,0.00101376500709063,0.317684531891765,1,0.159371814609951,FALSE,TRUE,TRUE,FALSE,"Rpv12+1",0,"Rpv12+1|0"
"Vitvi14g04612",8.15128289663988,-6.64522066865759,-6.6104561953667,2.89255717757146,-3.94366824399586,8.02446487826451e-05,0.00102165745085749,0.000406604448172206,0.0200686146410127,0.00568563221565347,TRUE,TRUE,TRUE,TRUE,"Rpv12+1",0,"Rpv12+1|0"
"Vitvi19g04102",39.7637026078691,-5.14528713290628,-4.2359721449989,1.38825068871927,-3.94353584833138,8.02889831554073e-05,0.00102169389928544,0.000745019087652075,0.0324275446154586,0.00204671150948458,TRUE,TRUE,TRUE,TRUE,"Rpv12+1",0,"Rpv12+1|0"
"Vitvi13g04596",43.773788257139,-1.39543572919584,-1.2536238022011,0.357971699866817,-3.94095046207514,8.11593872903964e-05,0.00103117208111718,0.13204452202598,1,0.0737259776649213,FALSE,TRUE,TRUE,FALSE,"Rpv12+1",0,"Rpv12+1|0"
"Vitvi05g00624",1255.68464786115,-1.1269357439927,-1.03720668028319,0.292627593857457,-3.94045815140318,8.13261378133214e-05,0.00103275810884999,0.328577264100547,1,0.159850339149555,FALSE,TRUE,TRUE,FALSE,"Rpv12+1",0,"Rpv12+1|0"
"Vitvi18g01022",3804.41588555883,3.28559552619083,2.7569446180012,0.992294067471914,3.9401348915193,8.14358052238296e-05,0.00103361797913151,0.00306350844498985,0.0951761489459495,0.00905674903328416,FALSE,TRUE,TRUE,FALSE,"Rpv12+1",0,"Rpv12+1|0"
"Vitvi08g04287",393.572222258292,-2.41177925718873,-2.06181943686447,0.676776742346341,-3.93973930611191,8.15701995970792e-05,0.00103429910993547,0.0105497780938221,0.225850127963167,0.0148762086641106,FALSE,TRUE,TRUE,FALSE,"Rpv12+1",0,"Rpv12+1|0"
"Vitvi18g02797",1646.21884238168,1.65354797420235,1.45668472616902,0.451204801773778,3.93972978730859,8.15734360531184e-05,0.00103429910993547,0.0597188598921521,0.678958577038244,0.0446244592878436,FALSE,TRUE,TRUE,FALSE,"Rpv12+1",0,"Rpv12+1|0"
"Vitvi05g00468",4535.36437476681,-1.17988127072475,-1.07203637468584,0.300823497494256,-3.9392482060947,8.17373353465242e-05,0.00103531156483135,0.274064432353336,1,0.139169742017027,FALSE,TRUE,TRUE,FALSE,"Rpv12+1",0,"Rpv12+1|0"
"Vitvi07g01499",2271.53379335529,1.11167306759693,1.0145545391259,0.284385180630908,3.93928740144969,8.17239841400005e-05,0.00103531156483135,0.346155454003127,1,0.175185762387755,FALSE,TRUE,TRUE,FALSE,"Rpv12+1",0,"Rpv12+1|0"
"Vitvi18g00043",2857.97960936201,2.03727814702855,1.76433767285801,0.574905552761667,3.93806323366672,8.21419499919349e-05,0.00103883422998014,0.022478265896919,0.37310213045527,0.0238855850268176,FALSE,TRUE,TRUE,FALSE,"Rpv12+1",0,"Rpv12+1|0"
"Vitvi14g01354",56.9201455042151,-2.12154894489157,-1.8815478065591,0.542589369509443,-3.93684429137032,8.25601386014897e-05,0.00104358726248656,0.0187078937195106,0.33066202149235,0.0126692897052361,FALSE,TRUE,TRUE,FALSE,"Rpv12+1",0,"Rpv12+1|0"
"Vitvi10g00204",2224.85023700895,1.11612781259667,1.01429211032196,0.285913747788362,3.9364182801216,8.270676632e-05,0.00104490456156898,0.341062289285363,1,0.175472885354629,FALSE,TRUE,TRUE,FALSE,"Rpv12+1",0,"Rpv12+1|0"
"Vitvi18g02471",1878.24920193312,1.4688368109445,1.30631210846592,0.394511928324143,3.93516297829763,8.31402578507394e-05,0.00104823100942212,0.104546849875507,0.922685912919493,0.0670386922539443,FALSE,TRUE,TRUE,FALSE,"Rpv12+1",0,"Rpv12+1|0"
"Vitvi02g01004",22.3956032445781,4.03475802123868,3.80703663288192,1.20866880158741,3.9345881116058,8.33394917529044e-05,0.00104859638346504,0.00154157524021509,0.056637734141554,0.00210898972781202,FALSE,TRUE,TRUE,FALSE,"Rpv12+1",0,"Rpv12+1|0"
"Vitvi09g00012",384.018100375665,1.22548406701385,1.10807055438327,0.321988693765273,3.93462697301494,8.33260091878056e-05,0.00104859638346504,0.234546587353068,1,0.123438470487609,FALSE,TRUE,TRUE,FALSE,"Rpv12+1",0,"Rpv12+1|0"
"Vitvi07g00441",855.733498714198,3.25699542463325,2.7764833713553,0.938517313109177,3.93419451222757,8.34761632353252e-05,0.00104977986598544,0.00320283460724273,0.0979917549600733,0.00654892578295165,FALSE,TRUE,TRUE,FALSE,"Rpv12+1",0,"Rpv12+1|0"
"Vitvi14g01717",1181.31570390401,1.60931221829961,1.41915322617701,0.437193766053243,3.93382942975413,8.36031219808716e-05,0.00105084005771467,0.0681893403551561,0.726801154384873,0.0496759547001459,FALSE,TRUE,TRUE,FALSE,"Rpv12+1",0,"Rpv12+1|0"
"Vitvi04g01244",55.1912908923251,5.57372621380504,4.61408086110606,1.69152555188194,3.93277681130738,8.39701961682721e-05,0.00105384093367374,0.000626829353018899,0.0280294513600366,0.0033243989704342,TRUE,TRUE,TRUE,TRUE,"Rpv12+1",0,"Rpv12+1|0"
"Vitvi02g01118",233.391432333106,3.91600498964518,3.20138205461213,1.22192639296952,3.9314737893808,8.44267020869826e-05,0.00105903066833753,0.00170876530375948,0.0608157708585635,0.00852016396159309,FALSE,TRUE,TRUE,FALSE,"Rpv12+1",0,"Rpv12+1|0"
"Vitvi12g04084",38.5529497826485,-5.18680038816982,-4.42742876967936,1.36439455729157,-3.92927459240099,8.52025013159742e-05,0.00106682333879276,0.00075907759576369,0.0328210096323676,0.00118041962272668,TRUE,TRUE,TRUE,TRUE,"Rpv12+1",0,"Rpv12+1|0"
"Vitvi12g04545",47.2761392701458,3.97580025361929,3.40458954016823,0.990488331596544,3.92920275156015,8.52279575021952e-05,0.00106682333879276,0.00163661747798731,0.0588889636955572,0.00153932028356454,FALSE,TRUE,TRUE,FALSE,"Rpv12+1",0,"Rpv12+1|0"
"Vitvi18g00441",68.7844213177515,2.80053339593395,2.38252544820222,0.798815166100215,3.92943455004847,8.5145847500016e-05,0.00106682333879276,0.00576306759565628,0.147655323442481,0.0099710406575216,FALSE,TRUE,TRUE,FALSE,"Rpv12+1",0,"Rpv12+1|0"
"Vitvi15g00746",176.948517095825,-1.1269167628135,-1.02357284200375,0.290296454657716,-3.92902621712671,8.52905414973666e-05,0.00106682333879276,0.329064157821837,1,0.168865673627871,FALSE,TRUE,TRUE,FALSE,"Rpv12+1",0,"Rpv12+1|0"
"Vitvi14g01780",1391.56190610255,1.37571533671184,1.22822473220132,0.372039156543398,3.92734769483875,8.58877751021485e-05,0.00107244360233985,0.141729800182261,1,0.0848452673867124,FALSE,TRUE,TRUE,FALSE,"Rpv12+1",0,"Rpv12+1|0"
"Vitvi05g01768",242.407322349402,-2.4441772406133,-2.12011345361552,0.654595947412184,-3.92585701311727,8.64214842713703e-05,0.00107746947697848,0.0101799516193538,0.21971728911772,0.0105277618603973,FALSE,TRUE,TRUE,FALSE,"Rpv12+1",0,"Rpv12+1|0"
"Vitvi10g00399",121.926032673889,3.54026189790699,2.98121339277771,1.03522190906866,3.9254365312657,8.65725951800545e-05,0.00107880751383704,0.00242669794763129,0.0798376744781591,0.00616368403281998,FALSE,TRUE,TRUE,FALSE,"Rpv12+1",0,"Rpv12+1|0"
"Vitvi16g01963",60.8916553391859,2.72078147950406,2.3142283301855,0.779287051774052,3.92519154028331,8.666075402345e-05,0.00107886232862382,0.00652286044758958,0.159319800605505,0.0114275967402144,FALSE,TRUE,TRUE,FALSE,"Rpv12+1",0,"Rpv12+1|0"
"Vitvi14g01040",145.70014429324,-1.141986453805,-1.04104699905593,0.290360905735486,-3.92326350129826,8.73575161248941e-05,0.00108584246581881,0.312849080662929,1,0.158224775015554,FALSE,TRUE,TRUE,FALSE,"Rpv12+1",0,"Rpv12+1|0"
"Vitvi10g04203",69.8210951729013,3.40128511622876,2.95471960289189,0.917545913065572,3.9221888324951,8.77481778887299e-05,0.00108765610868954,0.00281128223298314,0.0889242224094388,0.00348640476888411,FALSE,TRUE,TRUE,FALSE,"Rpv12+1",0,"Rpv12+1|0"
"Vitvi11g00241",716.588797198475,1.52123532047568,1.33307257003462,0.41553139171619,3.92214975615728,8.77624139041897e-05,0.00108765610868954,0.0894930378039437,0.847258350751951,0.0647697913861527,FALSE,TRUE,TRUE,FALSE,"Rpv12+1",0,"Rpv12+1|0"
"Vitvi14g00948",97.4946360538356,-1.16301546631097,-1.05367655295009,0.299624618918886,-3.92086761646793,8.82307261738899e-05,0.00109119084840359,0.291306092643368,1,0.150341353288025,FALSE,TRUE,TRUE,FALSE,"Rpv12+1",0,"Rpv12+1|0"
"Vitvi04g00021",3015.68804138801,2.60932643319458,2.09507933084401,0.794834954667088,3.9181100881324,8.92459476513017e-05,0.00110177764436274,0.00783462648378386,0.182987494811877,0.0219612892828177,FALSE,TRUE,TRUE,FALSE,"Rpv12+1",0,"Rpv12+1|0"
"Vitvi18g04739",10.1741622974155,-7.02117024582633,-6.97262599960183,3.27758146106953,-3.91789024955033,8.93273573856869e-05,0.00110198736933089,0.000393687214380799,0.019578828595033,0.00796881429511424,TRUE,TRUE,TRUE,TRUE,"Rpv12+1",0,"Rpv12+1|0"
"Vitvi08g04165",1996.62545691221,2.76959511575958,2.32349749047733,0.838920517701445,3.91753572782325,8.94587902395352e-05,0.0011030564346052,0.00615634896720521,0.154849935224155,0.0144504688319159,FALSE,TRUE,TRUE,FALSE,"Rpv12+1",0,"Rpv12+1|0"
"Vitvi15g01514",1171.72972109401,-2.57652726620472,-2.19263887032971,0.731069807023082,-3.91729972099549,8.95463869882084e-05,0.00110358418701426,0.00826679277376818,0.190677762548716,0.0125578246018563,FALSE,TRUE,TRUE,FALSE,"Rpv12+1",0,"Rpv12+1|0"
"Vitvi16g01246",234.626532869461,-2.46695469325196,-2.14844736842795,0.65181715260118,-3.91564666745539,9.01622126490284e-05,0.00110917723587773,0.0099452517790566,0.216814912052772,0.00924193726038544,FALSE,TRUE,TRUE,FALSE,"Rpv12+1",0,"Rpv12+1|0"
"Vitvi11g01184",619.303589978531,-1.15427336729203,-1.051242252132,0.292685661321599,-3.91516292930149,9.03431788817747e-05,0.00111062602541487,0.300390552023001,1,0.151673985412097,FALSE,TRUE,TRUE,FALSE,"Rpv12+1",0,"Rpv12+1|0"
"Vitvi01g00578",56.5793654530887,2.36431627341573,2.04831376199409,0.652784873796459,3.91444490887991,9.06124227070072e-05,0.00111227087484296,0.0119476204609557,0.24745669330019,0.0134133981580313,FALSE,TRUE,TRUE,FALSE,"Rpv12+1",0,"Rpv12+1|0"
"Vitvi17g04079",82.0799512922691,2.07563081589084,1.78680628441492,0.585982230946083,3.91445402717399,9.06089987758894e-05,0.00111227087484296,0.0212524079948536,0.358903641534781,0.0231654048957967,FALSE,TRUE,TRUE,FALSE,"Rpv12+1",0,"Rpv12+1|0"
"Vitvi18g02833",26.4324029637898,3.80144238296712,3.61112202649445,1.08582613101582,3.91419506786933,9.07062858913003e-05,0.00111246134219258,0.0019603465705717,0.0674746130784016,0.00164507613876967,FALSE,TRUE,TRUE,FALSE,"Rpv12+1",0,"Rpv12+1|0"
"Vitvi06g01388",83.3778661195933,2.86421369190754,2.43382137183574,0.82539842030948,3.91185220562313,9.15909595693955e-05,0.00112037481626198,0.00544701510448782,0.142934175078434,0.00984221398252378,FALSE,TRUE,TRUE,FALSE,"Rpv12+1",0,"Rpv12+1|0"
"Vitvi13g00143",72.9143527705796,4.64816195636768,4.04356885493311,1.24619834363779,3.90937931793524,9.25335686058496e-05,0.00113022161436476,0.00107734425511197,0.0429607444656615,0.00141660901964385,TRUE,TRUE,TRUE,TRUE,"Rpv12+1",0,"Rpv12+1|0"
"Vitvi06g00263",982.203949740645,-1.42801217114086,-1.27990784666313,0.372894350050071,-3.90862916060944,9.28213180575472e-05,0.00113261317071111,0.120695469531959,0.998296692791393,0.0693574625971974,FALSE,TRUE,TRUE,FALSE,"Rpv12+1",0,"Rpv12+1|0"
"Vitvi03g00552",774.901147935733,1.49351157399886,1.31590846844325,0.411041333815593,3.90678245181808,9.35332938575997e-05,0.00114073575617615,0.0983612520902944,0.887535018844336,0.0677304999998223,FALSE,TRUE,TRUE,FALSE,"Rpv12+1",0,"Rpv12+1|0"
"Vitvi12g02458",13.2751024447646,6.95659559076668,6.43317938899803,2.7412901271,3.90609391615048,9.38000678119786e-05,0.00114342329075502,0.000415963564355916,0.0204533663157639,0.00520782242765104,TRUE,TRUE,TRUE,TRUE,"Rpv12+1",0,"Rpv12+1|0"
"Vitvi07g04427",44.490323884096,-1.9660393575186,-1.73453421849727,0.514604260481824,-3.90341802098294,9.48436848041138e-05,0.00115386124386871,0.0275557671298499,0.426527403757245,0.0198386561222105,FALSE,TRUE,TRUE,FALSE,"Rpv12+1",0,"Rpv12+1|0"
"Vitvi13g01892",1069.32132150733,-1.66966525045219,-1.46052654782969,0.4595265453654,-3.90358302998525,9.47790142620047e-05,0.00115386124386871,0.0587165160422104,0.673373670823403,0.0455617262582177,FALSE,TRUE,TRUE,FALSE,"Rpv12+1",0,"Rpv12+1|0"
"Vitvi13g02541",12.2384294048941,6.2013185847825,5.14544026852125,1.84330970679879,3.90234126113805,9.52667141425476e-05,0.0011578642178667,0.000534866336976123,0.0247638380689529,0.00250455723920362,TRUE,TRUE,TRUE,TRUE,"Rpv12+1",0,"Rpv12+1|0"
"Vitvi09g00368",10.5278468958805,-6.70182780962966,-6.63525063503684,2.92795770194153,-3.89890981783135,9.66267513564494e-05,0.00117381491440705,0.000458437730405843,0.0221668624578308,0.00593487217094758,TRUE,TRUE,TRUE,TRUE,"Rpv12+1",0,"Rpv12+1|0"
"Vitvi03g01020",428.115045711346,2.81513776037468,2.32000808863598,0.882159241063303,3.89815347804277,9.69289789911669e-05,0.00117574708342018,0.00597803482248906,0.151972218582596,0.0171133044389522,FALSE,TRUE,TRUE,FALSE,"Rpv12+1",0,"Rpv12+1|0"
"Vitvi01g01506",388.799903226466,-1.16250798015442,-1.05375904007119,0.302616794324128,-3.89818789091201,9.6915208510974e-05,0.00117574708342018,0.29290048597827,1,0.150913042174534,FALSE,TRUE,TRUE,FALSE,"Rpv12+1",0,"Rpv12+1|0"
"Vitvi08g04001",8.05041781277839,-5.61878055289431,-5.42619616443397,2.58227390770828,-3.89692725910575,9.74208640317981e-05,0.00118113208970835,0.000681349985312797,0.0300874283675351,0.0104286251302172,TRUE,TRUE,TRUE,FALSE,"Rpv12+1",0,"Rpv12+1|0"
"Vitvi14g04610",9.99352482308413,-4.42193196634481,-3.8283226438257,1.13886272144238,-3.89640961256319,9.76292192273844e-05,0.00118238045976674,0.00128470727401984,0.0494215552663014,0.00127132273133915,TRUE,TRUE,TRUE,TRUE,"Rpv12+1",0,"Rpv12+1|0"
"Vitvi18g00431",74.0593124940577,1.99836150409106,1.78930124554846,0.532900933454244,3.89631384360223,9.76678127790763e-05,0.00118238045976674,0.0257937811713746,0.408426468019218,0.0175474337492,FALSE,TRUE,TRUE,FALSE,"Rpv12+1",0,"Rpv12+1|0"
"Vitvi12g04041",436.00599813102,1.48113305965527,1.30679092550692,0.396401099609096,3.89426276357157,9.84978351923267e-05,0.00119184315707179,0.102932609870088,0.915378155398984,0.067191859312876,FALSE,TRUE,TRUE,FALSE,"Rpv12+1",0,"Rpv12+1|0"
"Vitvi10g00576",125.102052748436,2.9311563985355,2.49488133658717,0.838336397133896,3.89380504101225,9.86839711326586e-05,0.00119350923555433,0.00515314789360589,0.138399584957738,0.00890488769449307,FALSE,TRUE,TRUE,FALSE,"Rpv12+1",0,"Rpv12+1|0"
"Vitvi11g00424",460.969789268523,1.82537330254568,1.59610787401307,0.50142685478152,3.8934231584159,9.883952029771e-05,0.00119480393623866,0.0391634913610659,0.527645714577283,0.0317038388105066,FALSE,TRUE,TRUE,FALSE,"Rpv12+1",0,"Rpv12+1|0"
"Vitvi05g00272",970.810715717173,2.03445395412299,1.7432199968326,0.589313042415113,3.8923040177801,9.92967050529144e-05,0.00119974184682864,0.0239017837305994,0.389141965538684,0.0279253500713674,FALSE,TRUE,TRUE,FALSE,"Rpv12+1",0,"Rpv12+1|0"
"Vitvi17g00504",470.855417132192,-2.5741215722737,-2.24181153006339,0.680667827554103,-3.89209527792514,9.93821988364585e-05,0.00120018620124264,0.00865432772498473,0.196859616485109,0.00788279817879508,FALSE,TRUE,TRUE,FALSE,"Rpv12+1",0,"Rpv12+1|0"
"Vitvi10g01770",489.357255498019,1.34306234708779,1.20198725938093,0.35920913083643,3.89113382661985,9.97768792976973e-05,0.00120436217460954,0.160130006478925,1,0.0911381532412403,FALSE,TRUE,TRUE,FALSE,"Rpv12+1",0,"Rpv12+1|0"
"Vitvi03g00628",48.8471651926179,1.9724355112276,1.70557491806282,0.557061043867837,3.8904099618419,0.000100075005195365,0.00120736916160285,0.0275541742887441,0.426527403757245,0.0272712206533485,FALSE,TRUE,TRUE,FALSE,"Rpv12+1",0,"Rpv12+1|0"
"Vitvi19g00057",583.700722021168,-1.72366119749509,-1.52160918478632,0.457978488736881,-3.88909364290968,0.000100619291191375,0.00121334158482169,0.0512560124391328,0.621352348981055,0.0350897872260865,FALSE,TRUE,TRUE,FALSE,"Rpv12+1",0,"Rpv12+1|0"
"Vitvi14g00434",205.324487359874,2.984929929954,2.48556073091391,0.915363271490015,3.8867852441507,0.000101580546350075,0.00122373512952589,0.00487401358711247,0.133089062030559,0.0127065747829462,FALSE,TRUE,TRUE,FALSE,"Rpv12+1",0,"Rpv12+1|0"
"Vitvi03g04424",165.705017747938,1.75625694180211,1.53490314333642,0.47529886257293,3.88625336588592,0.000101803254590517,0.00122524121015718,0.0471194886854699,0.588592721894937,0.0362488933722256,FALSE,TRUE,TRUE,FALSE,"Rpv12+1",0,"Rpv12+1|0"
"Vitvi01g00674",555.355438414758,1.45294878476231,1.29971667935765,0.380762916142996,3.88517061088582,0.000102258050962533,0.00122949211494044,0.112913107906913,0.960785150899043,0.0660490601234754,FALSE,TRUE,TRUE,FALSE,"Rpv12+1",0,"Rpv12+1|0"
"Vitvi04g00932",1901.83602618168,2.96878161285771,2.47699377301563,0.910987211383768,3.88401175332139,0.000102746937449374,0.00123238478244083,0.0050015834979983,0.135722430211761,0.0129295746806356,FALSE,TRUE,TRUE,FALSE,"Rpv12+1",0,"Rpv12+1|0"
"Vitvi14g01351",1962.1271071693,1.75190463319877,1.52499352773019,0.493221547597663,3.88400745327826,0.000102748755606976,0.00123238478244083,0.0477584415067392,0.594344943565552,0.0405032464867725,FALSE,TRUE,TRUE,FALSE,"Rpv12+1",0,"Rpv12+1|0"
"Vitvi02g00424",114.690191372991,1.52923322562195,1.34901498545248,0.419084334537394,3.88403009739331,0.000102739181492958,0.00123238478244083,0.089445827398849,0.847144604969765,0.0616418122381361,FALSE,TRUE,TRUE,FALSE,"Rpv12+1",0,"Rpv12+1|0"
"Vitvi10g01931",966.802036591655,1.42436550091298,1.26764705447569,0.384445093889124,3.88426099228663,0.000102641605328147,0.00123238478244083,0.123585205617254,1,0.0750920162448272,FALSE,TRUE,TRUE,FALSE,"Rpv12+1",0,"Rpv12+1|0"
"Vitvi09g04211",10.2488832338862,5.41174842322078,4.86978088907281,2.13927896048993,3.88342593665122,0.000102994914197786,0.00123374586111385,0.000775296697215186,0.0333568853658751,0.00828678547857202,TRUE,TRUE,TRUE,TRUE,"Rpv12+1",0,"Rpv12+1|0"
"Vitvi01g01592",77.5906286937448,2.68269418685832,2.27021681150322,0.783278019828135,3.88338451112151,0.000103012471030654,0.00123374586111385,0.0074291757780501,0.175804467463361,0.012781098756588,FALSE,TRUE,TRUE,FALSE,"Rpv12+1",0,"Rpv12+1|0"
"Vitvi09g00618",629.241335218044,1.99788713986668,1.71778175875004,0.574802897961273,3.88220377097349,0.000103514077726415,0.00123854920780377,0.0262476840215608,0.413124648808669,0.0284177512925627,FALSE,TRUE,TRUE,FALSE,"Rpv12+1",0,"Rpv12+1|0"
"Vitvi05g04475",137.779454633755,3.59822911932239,2.94569584913777,1.14513668857351,3.88126812143851,0.000103913200247195,0.00124151581051887,0.00253491870917543,0.0820971264343234,0.0109265957883829,FALSE,TRUE,TRUE,FALSE,"Rpv12+1",0,"Rpv12+1|0"
"Vitvi12g02094",45.6100076321265,1.3591501650052,1.21558625162762,0.35946792025717,3.88127315221882,0.000103911050375529,0.00124151581051887,0.152537397714162,1,0.0863602306498361,FALSE,TRUE,TRUE,FALSE,"Rpv12+1",0,"Rpv12+1|0"
"Vitvi04g04488",2935.14254695726,2.27432858780715,1.93805390841569,0.663989596170503,3.88019280065553,0.000104373696374971,0.00124641317687532,0.0148484477514004,0.283339222900959,0.0205326447439073,FALSE,TRUE,TRUE,FALSE,"Rpv12+1",0,"Rpv12+1|0"
"Vitvi14g01960",615.889885026175,1.62697456123607,1.42693289441497,0.452343846450857,3.87976579582723,0.000104557090894432,0.00124739394250616,0.0674421850964433,0.722153139557045,0.0513218254261283,FALSE,TRUE,TRUE,FALSE,"Rpv12+1",0,"Rpv12+1|0"
"Vitvi01g01173",640.56861898614,1.23298265919778,1.10437112715353,0.334536480620464,3.87981862392171,0.000104534385256201,0.00124739394250616,0.231741084848198,1,0.126803849691435,FALSE,TRUE,TRUE,FALSE,"Rpv12+1",0,"Rpv12+1|0"
"Vitvi02g00671",533.732249521428,1.1985095014957,1.07656454792658,0.316635924414891,3.87920202343483,0.000104799691628011,0.00124968306047806,0.260269933596518,1,0.138789941316749,FALSE,TRUE,TRUE,FALSE,"Rpv12+1",0,"Rpv12+1|0"
"Vitvi12g00744",75.6450951295067,-1.66379581018887,-1.47301493989314,0.436543000416512,-3.87644211832236,0.00010599501012486,0.00126213547665884,0.0609842567393486,0.686440263358271,0.0394217334474045,FALSE,TRUE,TRUE,FALSE,"Rpv12+1",0,"Rpv12+1|0"
"Vitvi06g01408",157.321813210891,2.08137764639583,1.81421738944828,0.574728778593066,3.87576538033477,0.000106290064078809,0.00126500580610895,0.0220231526101453,0.368352716834265,0.0203462711702786,FALSE,TRUE,TRUE,FALSE,"Rpv12+1",0,"Rpv12+1|0"
"Vitvi02g00805",26.8961180212856,2.38336930807506,2.06512365629201,0.656454688973125,3.87542568777084,0.000106438460113028,0.00126603774767047,0.0122436277418136,0.251806696909593,0.0127438279479763,FALSE,TRUE,TRUE,FALSE,"Rpv12+1",0,"Rpv12+1|0"
"Vitvi14g00352",61.9279078418169,-1.52417071567475,-1.35184300411643,0.40448665389094,-3.87457257416824,0.000106812008646146,0.00126937802460514,0.0913501252796597,0.855778914187624,0.0581383148536175,FALSE,TRUE,TRUE,FALSE,"Rpv12+1",0,"Rpv12+1|0"
"Vitvi14g00456",17.211155126575,3.42952544237552,2.92489193168247,0.919526082183652,3.87366324110893,0.000107211535530041,0.0012734834180244,0.00303358850713766,0.0945836016188488,0.00380303032788869,FALSE,TRUE,TRUE,FALSE,"Rpv12+1",0,"Rpv12+1|0"
"Vitvi04g01426",109.685372977786,3.12049902828595,2.59787584895359,0.957334343729683,3.8708922904207,0.000108437700423966,0.00128621626752279,0.00426413068321732,0.120634676399654,0.0117356750174257,FALSE,TRUE,TRUE,FALSE,"Rpv12+1",0,"Rpv12+1|0"
"Vitvi02g04005",671.127973496873,-1.41701500231995,-1.26904056916605,0.36836363158184,-3.87076853050362,0.000108492772535114,0.00128625021375123,0.127323843124065,1,0.0708514053601361,FALSE,TRUE,TRUE,FALSE,"Rpv12+1",0,"Rpv12+1|0"
"Vitvi06g04208",201.833315047178,-2.52831199025835,-2.14956287581809,0.716208161395766,-3.87025673244724,0.000108720798656488,0.00128833361986591,0.00965508606314402,0.212063305059433,0.0134886532693363,FALSE,TRUE,TRUE,FALSE,"Rpv12+1",0,"Rpv12+1|0"
"Vitvi01g00501",840.229831476931,1.1496124632223,1.03274197574305,0.313132488428908,3.86734178871461,0.000110028166098408,0.0013019471181558,0.307375894906604,1,0.164357165416561,FALSE,TRUE,TRUE,FALSE,"Rpv12+1",0,"Rpv12+1|0"
"Vitvi18g01085",747.406928810149,1.1376180681603,1.0247543212579,0.304163608995827,3.86626262599543,0.000110515927184062,0.00130646371502234,0.319998431624696,1,0.168673731164254,FALSE,TRUE,TRUE,FALSE,"Rpv12+1",0,"Rpv12+1|0"
"Vitvi10g01697",10.8356102799273,5.04787630680172,4.36576935856717,1.37500586220334,3.86536170038197,0.000110924690071914,0.00131003866951663,0.000970658980029418,0.0397184559980192,0.00140641708863632,TRUE,TRUE,TRUE,TRUE,"Rpv12+1",0,"Rpv12+1|0"
"Vitvi10g00050",409.018190495257,-1.73948541515119,-1.50188849565154,0.495170784071103,-3.86347244675701,0.000111786507512125,0.00131958428321453,0.0502505510989217,0.612822455103353,0.0444245014652249,FALSE,TRUE,TRUE,FALSE,"Rpv12+1",0,"Rpv12+1|0"
"Vitvi18g02585",143.084585042216,1.83699184861692,1.61135696450939,0.49902277953747,3.86287789937787,0.00011205902514812,0.00132216769327064,0.039199674603458,0.527645714577283,0.0297531290966803,FALSE,TRUE,TRUE,FALSE,"Rpv12+1",0,"Rpv12+1|0"
"Vitvi14g03037",185.795474432901,3.96114123493976,3.20274151115977,1.28959476491674,3.8626693825838,0.000112154749567891,0.00132266367178294,0.00194206138325352,0.0669333118900248,0.010627043506503,FALSE,TRUE,TRUE,FALSE,"Rpv12+1",0,"Rpv12+1|0"
"Vitvi16g02066",277.081436566372,2.04905893609612,1.76904890408431,0.575493222863159,3.86062172968295,0.000113098878413714,0.00133179278164624,0.0240475812486831,0.39047838478231,0.0234221803841548,FALSE,TRUE,TRUE,FALSE,"Rpv12+1",0,"Rpv12+1|0"
"Vitvi08g01217",783.96629881826,1.46333556957085,1.28755715200039,0.401892505989663,3.86052193185146,0.000113145084103977,0.00133179278164624,0.110786500580507,0.949873506616023,0.0727645467182748,FALSE,TRUE,TRUE,FALSE,"Rpv12+1",0,"Rpv12+1|0"
"Vitvi16g01021",427.778579940146,-1.85026099760299,-1.6339053830358,0.493455262245812,-3.85981742833816,0.000113471771112653,0.00133436303252091,0.0380544140589711,0.519282951157342,0.0257986895370283,FALSE,TRUE,TRUE,FALSE,"Rpv12+1",0,"Rpv12+1|0"
"Vitvi12g00251",646.221191619224,2.07587267086489,1.8092107807246,0.567783553053479,3.85953137026778,0.000113604673585572,0.00133528852025484,0.0227340431340067,0.37639230021676,0.0199768927357061,FALSE,TRUE,TRUE,FALSE,"Rpv12+1",0,"Rpv12+1|0"
"Vitvi04g01706",86.1682766472223,2.0877553039756,1.77050629423205,0.614581026333496,3.85725481637099,0.000114667605603969,0.00134649720288817,0.0222317965535253,0.370185592643964,0.0283075753753549,FALSE,TRUE,TRUE,FALSE,"Rpv12+1",0,"Rpv12+1|0"
"Vitvi02g00346",1819.79509211583,1.96376291781593,1.68053224578286,0.562841621218391,3.85730238072537,0.000114645301996009,0.00134649720288817,0.0291748139676865,0.44187670363963,0.030776997942023,FALSE,TRUE,TRUE,FALSE,"Rpv12+1",0,"Rpv12+1|0"
"Vitvi18g01019",97.9983700677505,3.23855789416103,2.66107996548607,1.02552409944983,3.85663755882803,0.000114957417925985,0.00134861473715456,0.0038406375887647,0.112379461615767,0.0130035850222477,FALSE,TRUE,TRUE,FALSE,"Rpv12+1",0,"Rpv12+1|0"
"Vitvi19g04376",145.938794241883,-3.41780126877401,-2.95961993607339,0.9084728904166,-3.85121927449347,0.000117531203942537,0.00137684200681328,0.0032211713715962,0.0984376424177395,0.00314586453575495,FALSE,TRUE,TRUE,FALSE,"Rpv12+1",0,"Rpv12+1|0"
"Vitvi17g01382",2719.64097619016,1.31434591769079,1.17884947363895,0.346805577138905,3.85075243381251,0.000117755486365093,0.00137881376525211,0.17853400874156,1,0.0968865246576632,FALSE,TRUE,TRUE,FALSE,"Rpv12+1",0,"Rpv12+1|0"
"Vitvi15g04651",1968.70742378053,1.37657299910149,1.20895828608527,0.380417466976856,3.84999314923945,0.000118121128682344,0.00138112583114296,0.146125204499268,1,0.0926057269054967,FALSE,TRUE,TRUE,FALSE,"Rpv12+1",0,"Rpv12+1|0"
"Vitvi07g04464",114.442864704715,-2.27795811975034,-1.94150469250804,0.64975560206439,-3.84911675239356,0.000118544498773995,0.00138496092924837,0.0154098062106674,0.290572083941213,0.0188365599143746,FALSE,TRUE,TRUE,FALSE,"Rpv12+1",0,"Rpv12+1|0"
"Vitvi13g00620",394.238743048203,1.59649296831267,1.38966634226614,0.446780694531613,3.84908149607894,0.000118561560309499,0.00138496092924837,0.0751998642981658,0.766622466942992,0.0579223640569324,FALSE,TRUE,TRUE,FALSE,"Rpv12+1",0,"Rpv12+1|0"
"Vitvi05g01656",3902.01223253408,1.66657765741505,1.46541318244199,0.456254234631684,3.84850473562903,0.000118841000116263,0.0013875672411679,0.0618681521976393,0.69103809481928,0.044026317346602,FALSE,TRUE,TRUE,FALSE,"Rpv12+1",0,"Rpv12+1|0"
"Vitvi05g04487",119.86426052448,-2.76229190407172,-2.39182292631518,0.736710662818558,-3.84627020572304,0.000119929502178406,0.00139895038620607,0.00706687094969392,0.169442967161359,0.00670559963577337,FALSE,TRUE,TRUE,FALSE,"Rpv12+1",0,"Rpv12+1|0"
"Vitvi08g02007",332.036495414742,1.85588995293766,1.59607771696603,0.536568015785119,3.84479637612904,0.000120652583350186,0.00140671890365129,0.0381041016790117,0.519689883118492,0.036991687373613,FALSE,TRUE,TRUE,FALSE,"Rpv12+1",0,"Rpv12+1|0"
"Vitvi10g04135",36.0584147430261,2.46855728160939,2.09884449354375,0.707273374896673,3.84324638773838,0.000121417462489111,0.00141429815880933,0.0111164371005556,0.234890854695826,0.0153448788394279,FALSE,TRUE,TRUE,FALSE,"Rpv12+1",0,"Rpv12+1|0"
"Vitvi01g01339",3312.59756241385,-1.22518266027157,-1.10161404162154,0.323253670039622,-3.84292545967339,0.000121576402410567,0.00141481164373487,0.239997329350422,1,0.126240517241035,FALSE,TRUE,TRUE,FALSE,"Rpv12+1",0,"Rpv12+1|0"
"Vitvi05g02082",818.328261182661,-1.56350119225918,-1.40545562128212,0.400882591601685,-3.84032677146985,0.000122870649298555,0.00142717648096143,0.0831652194084167,0.810853139957053,0.0446911377061656,FALSE,TRUE,TRUE,FALSE,"Rpv12+1",0,"Rpv12+1|0"
"Vitvi12g00686",81.339117489863,2.74300940394733,2.2788436492503,0.841255053383167,3.84015964903793,0.00012295432567145,0.00142747538512811,0.00734006996721624,0.174154177397212,0.0162307672365332,FALSE,TRUE,TRUE,FALSE,"Rpv12+1",0,"Rpv12+1|0"
"Vitvi19g04373",281.142882977859,-3.47611999732478,-3.01575590291152,0.926161437423308,-3.83925443041231,0.000123408493052085,0.00143072547521466,0.00312139709651065,0.096288474820309,0.00299169214488531,FALSE,TRUE,TRUE,FALSE,"Rpv12+1",0,"Rpv12+1|0"
"Vitvi13g01065",197.512578329419,1.26083710843673,1.12868708430278,0.339321917185203,3.83802116995227,0.000124029791424878,0.00143590128831922,0.213599174734259,1,0.117304287040497,FALSE,TRUE,TRUE,FALSE,"Rpv12+1",0,"Rpv12+1|0"
"Vitvi17g04067",19.2908434718423,-4.09512883836009,-3.50126872619052,1.1088412200303,-3.83560622948027,0.000125254952364804,0.00144804364451399,0.00187280651633867,0.0652082046310418,0.00246066168446652,FALSE,TRUE,TRUE,FALSE,"Rpv12+1",0,"Rpv12+1|0"
"Vitvi07g00386",8.12417078090333,4.41405845688545,3.80933408544632,1.19439550825484,3.83395263331077,0.000126100434074874,0.00145645114574242,0.00151285585731509,0.0560042418436588,0.00189973642975705,FALSE,TRUE,TRUE,FALSE,"Rpv12+1",0,"Rpv12+1|0"
"Vitvi12g00543",428.732288084016,1.81327616566722,1.58909674597965,0.491331175185274,3.83337340380679,0.00012639786345731,0.00145920232621101,0.0427786010945332,0.557293538860505,0.0312376468090628,FALSE,TRUE,TRUE,FALSE,"Rpv12+1",0,"Rpv12+1|0"
"Vitvi11g00413",3272.50733732371,-2.31108162643358,-2.01086389411883,0.616641849148161,-3.83214416173178,0.000127031260778015,0.00146582770048111,0.0148531994969715,0.283339222900959,0.0123022492034959,FALSE,TRUE,TRUE,FALSE,"Rpv12+1",0,"Rpv12+1|0"
"Vitvi12g00153",19.5325633673002,5.3167492092875,4.42558367578749,1.75270461597624,3.83110696378697,0.000127568028463371,0.00147133237323203,0.000936408665930946,0.0387587251457083,0.005442770170731,TRUE,TRUE,TRUE,TRUE,"Rpv12+1",0,"Rpv12+1|0"
"Vitvi01g00104",135.528388184755,2.63119555068159,2.16847034530212,0.827474961808032,3.82796399814693,0.000129207649887813,0.00148745778627858,0.00881919313639789,0.199052004534109,0.0205793131692134,FALSE,TRUE,TRUE,FALSE,"Rpv12+1",0,"Rpv12+1|0"
"Vitvi06g00606",4592.25749296634,-1.67917258617951,-1.4645477130736,0.463980565266896,-3.82696524173096,0.000129732825500108,0.00149280611350802,0.0608247198128708,0.685824933441762,0.0456955663833842,FALSE,TRUE,TRUE,FALSE,"Rpv12+1",0,"Rpv12+1|0"
"Vitvi18g00763",376.629309831998,1.31003719431301,1.16345579432817,0.361110851430621,3.82557970821012,0.000130464711708663,0.00149912716308518,0.182633969062643,1,0.105306565684192,FALSE,TRUE,TRUE,FALSE,"Rpv12+1",0,"Rpv12+1|0"
"Vitvi02g04256",10.9798625388119,5.98357424388491,5.31851577694196,2.36937192242021,3.8241034744077,0.000131248789281156,0.00150465255577139,0.000727799004663376,0.0318369467608516,0.00794016965996159,TRUE,TRUE,TRUE,TRUE,"Rpv12+1",0,"Rpv12+1|0"
"Vitvi02g00032",724.534062937923,1.76159982666888,1.5398525894763,0.489766199575989,3.82429106060367,0.000131148910223807,0.00150465255577139,0.049127614132288,0.605118750279046,0.0378641522048122,FALSE,TRUE,TRUE,FALSE,"Rpv12+1",0,"Rpv12+1|0"
"Vitvi01g00050",836.335831247749,-1.13715412458278,-1.029317324524,0.298931638257132,-3.82409942248929,0.000131250947489557,0.00150465255577139,0.322316354868093,1,0.165316446119153,FALSE,TRUE,TRUE,FALSE,"Rpv12+1",0,"Rpv12+1|0"
"Vitvi17g00499",73.8438187058932,-1.55948768473934,-1.38316195420295,0.412701978346083,-3.82243648435111,0.000132139521420746,0.00151272734652486,0.085132668256019,0.822980587180044,0.0527005179025505,FALSE,TRUE,TRUE,FALSE,"Rpv12+1",0,"Rpv12+1|0"
"Vitvi16g04405",248.128266101627,3.15129497785403,2.57866035528902,0.997999467002684,3.81953698444507,0.000133702412174925,0.00152919806236836,0.00456076198937931,0.126920183915078,0.014179171813029,FALSE,TRUE,TRUE,FALSE,"Rpv12+1",0,"Rpv12+1|0"
"Vitvi13g00614",3552.59626972192,2.35262101853009,1.99586271004672,0.698851420959104,3.81909818284127,0.000133940447245065,0.00153120967903918,0.0140545688305101,0.275252525723291,0.0200689179034687,FALSE,TRUE,TRUE,FALSE,"Rpv12+1",0,"Rpv12+1|0"
"Vitvi11g01507",259.777356474853,1.23990661323228,1.10604798764321,0.341132083680466,3.81761052040216,0.000134750428848448,0.00153904105939284,0.230056595400951,1,0.126991480630944,FALSE,TRUE,TRUE,FALSE,"Rpv12+1",0,"Rpv12+1|0"
"Vitvi08g02167",330.387135034987,2.17543134400795,1.81693530884399,0.671886399138055,3.81687785579839,0.000135151033752444,0.00154290123610992,0.0195877277501224,0.341021355899541,0.0302630366807118,FALSE,TRUE,TRUE,FALSE,"Rpv12+1",0,"Rpv12+1|0"
"Vitvi12g02324",6567.07874236586,2.33718502371355,1.92029169602313,0.748036912646988,3.81650471711614,0.000135355488766229,0.0015438045468726,0.0144974926506103,0.279675450034892,0.0294714171209858,FALSE,TRUE,TRUE,FALSE,"Rpv12+1",0,"Rpv12+1|0"
"Vitvi10g00178",152.75481731377,1.90617530221083,1.61154256831478,0.572977320287486,3.81475862766716,0.000136316107013751,0.00155332266993097,0.0348777303724904,0.490962163235742,0.0403107215867472,FALSE,TRUE,TRUE,FALSE,"Rpv12+1",0,"Rpv12+1|0"
"Vitvi06g01613",57.5850705215727,3.41022435757112,2.86915270963375,1.00238804837167,3.81437264557309,0.000136529321682437,0.00155503299536223,0.0035107436502897,0.105318283426523,0.00715969884763566,FALSE,TRUE,TRUE,FALSE,"Rpv12+1",0,"Rpv12+1|0"
"Vitvi08g00788",918.488256545716,2.24068823889817,1.87805272540829,0.683431703747729,3.81337303901707,0.000137082960886995,0.00156061729409057,0.0173648139456413,0.3130573177147,0.0257442856656073,FALSE,TRUE,TRUE,FALSE,"Rpv12+1",0,"Rpv12+1|0"
"Vitvi15g01621",40.2843954727492,-1.40968818418072,-1.25668421166946,0.372464760107964,-3.81258250907988,0.000137522298449777,0.00156489577118186,0.133925470600234,1,0.076140071924611,FALSE,TRUE,TRUE,FALSE,"Rpv12+1",0,"Rpv12+1|0"
"Vitvi02g00021",513.51655871411,-3.89526172791789,-3.06716549880447,1.28734838882011,-3.81193318226801,0.000137884154099746,0.00156684110340958,0.00230415448381094,0.0766898843102255,0.0134510256095133,FALSE,TRUE,TRUE,FALSE,"Rpv12+1",0,"Rpv12+1|0"
"Vitvi17g01420",707.034526890561,-1.65748295972362,-1.45156649089727,0.44392410798688,-3.81118516955329,0.000138302116945202,0.00157014329634194,0.0652918711091951,0.70832277297252,0.0442913022031823,FALSE,TRUE,TRUE,FALSE,"Rpv12+1",0,"Rpv12+1|0"
"Vitvi16g04219",17.2461828928141,4.37765565668227,3.70938424571312,1.07017052966721,3.81000523759551,0.00013896384776777,0.00157692922782441,0.00164421436962125,0.0590810490314866,0.00111114475744806,FALSE,TRUE,TRUE,FALSE,"Rpv12+1",0,"Rpv12+1|0"
"Vitvi04g00060",162.61523787439,1.52592349409685,1.34620145398063,0.433419080157557,3.80925697830879,0.000139385031522359,0.00157952605178695,0.0946091203830715,0.871557869662702,0.0652945681235129,FALSE,TRUE,TRUE,FALSE,"Rpv12+1",0,"Rpv12+1|0"
"Vitvi08g01456",2801.2056267856,-1.1704933659082,-1.06482890074089,0.30668730203114,-3.80705130215308,0.000140633580168824,0.00159220996371285,0.289607124373998,1,0.143752176720054,FALSE,TRUE,TRUE,FALSE,"Rpv12+1",0,"Rpv12+1|0"
"Vitvi19g00581",11871.0940667587,4.40651633596108,3.59452297560859,1.41236800007467,3.80636509514256,0.000141024159024097,0.00159589856762409,0.00162905090890932,0.0587784037602193,0.00774133282961889,FALSE,TRUE,TRUE,FALSE,"Rpv12+1",0,"Rpv12+1|0"
"Vitvi09g00971",71.0748129928351,3.81641154088619,3.10766492733642,1.19312163884441,3.80582977720969,0.00014132956320358,0.00159862034852314,0.00248863349608278,0.0808793781438502,0.00914911192888882,FALSE,TRUE,TRUE,FALSE,"Rpv12+1",0,"Rpv12+1|0"
"Vitvi18g01987",622.694923052113,3.69617612127166,2.92585134395896,1.23230965754425,3.80558564280633,0.000141469051022786,0.00159895350519042,0.00275240323979398,0.0872728683027524,0.0151096015042643,FALSE,TRUE,TRUE,FALSE,"Rpv12+1",0,"Rpv12+1|0"
"Vitvi13g02457",991.238024305431,1.87014735935812,1.63446094472268,0.512793662081861,3.80555105598893,0.000141488822914236,0.00159895350519042,0.0383088504844355,0.521123879262791,0.0291917525721713,FALSE,TRUE,TRUE,FALSE,"Rpv12+1",0,"Rpv12+1|0"
"Vitvi10g04280",135.35217783098,3.83776547448016,3.01906406474916,1.26276698430608,3.80443903948765,0.000142125906763308,0.0016054167074832,0.00245395544723569,0.0803417028088091,0.0136020587549563,FALSE,TRUE,TRUE,FALSE,"Rpv12+1",0,"Rpv12+1|0"
"Vitvi09g00834",70.1528123082156,2.62082887376295,2.23647680801675,0.744098177918378,3.80251330001868,0.000143235574410922,0.00161646890113947,0.00934571916054842,0.208418301381744,0.0118750314180243,FALSE,TRUE,TRUE,FALSE,"Rpv12+1",0,"Rpv12+1|0"
"Vitvi18g01238",2545.75901464057,1.75230410426936,1.52804547761108,0.4895306040292,3.80118716597302,0.000144004470296532,0.0016236586408354,0.0513464524079619,0.622078590964384,0.0396112714247536,FALSE,TRUE,TRUE,FALSE,"Rpv12+1",0,"Rpv12+1|0"
"Vitvi08g01831",1866.40165856663,1.62614859904254,1.41537574819662,0.463159743836089,3.79986290998988,0.000144776154717302,0.00163086664271397,0.0717148929830319,0.746514080996073,0.055720656190797,FALSE,TRUE,TRUE,FALSE,"Rpv12+1",0,"Rpv12+1|0"
"Vitvi17g00670",404.390262805111,-2.15895709204495,-1.87805355510976,0.582593292581075,-3.79915066499312,0.000145192810427199,0.00163481264976439,0.020703330868748,0.353049825420846,0.0168174355646592,FALSE,TRUE,TRUE,FALSE,"Rpv12+1",0,"Rpv12+1|0"
"Vitvi14g04414",6.5705625957997,-6.53480196765403,-6.24465078628504,2.9262320272934,-3.79862358425468,0.000145501873733194,0.00163754415773914,0.000652879554000579,0.0290948488127788,0.00869678518839818,TRUE,TRUE,TRUE,TRUE,"Rpv12+1",0,"Rpv12+1|0"
"Vitvi17g00777",2070.05303747716,1.49115766730089,1.30218016226042,0.429959993603546,3.79841065391132,0.000145626904880593,0.00163820293545128,0.105445186619387,0.928109231755229,0.0743674680505601,FALSE,TRUE,TRUE,FALSE,"Rpv12+1",0,"Rpv12+1|0"
"Vitvi13g01455",3.83578983839593,-6.01140741143872,-5.73765271625635,2.83384762508418,-3.79705262461414,0.000146426713151449,0.00164494687879576,0.000779059311935927,0.0334637315943053,0.0116319148717234,TRUE,TRUE,TRUE,FALSE,"Rpv12+1",0,"Rpv12+1|0"
"Vitvi17g00480",6372.56627928979,2.73681821695675,2.28246641177761,0.845314417146843,3.79608403456797,0.000146999687164632,0.00164847946458277,0.00799735472716903,0.186123489597878,0.0163975058033332,FALSE,TRUE,TRUE,FALSE,"Rpv12+1",0,"Rpv12+1|0"
"Vitvi10g02048",1287.1153402758,2.31217165599758,1.93303204788042,0.704988530679572,3.79627814136754,0.000146884693499396,0.00164847946458277,0.0156039953565449,0.291977764328939,0.0241447626563494,FALSE,TRUE,TRUE,FALSE,"Rpv12+1",0,"Rpv12+1|0"
"Vitvi06g00565",758.085664952419,1.17211900190827,1.04477153184943,0.325831228469337,3.79606861822069,0.000147008823822387,0.00164847946458277,0.288616473372182,1,0.158415587344774,FALSE,TRUE,TRUE,FALSE,"Rpv12+1",0,"Rpv12+1|0"
"Vitvi13g01779",150.477965915424,1.13786248491118,1.0230386271717,0.307545822263097,3.79504185318313,0.000147618551934597,0.00165305938430034,0.322828399704859,1,0.170780574261912,FALSE,TRUE,TRUE,FALSE,"Rpv12+1",0,"Rpv12+1|0"
"Vitvi02g00017",1093.26755827277,2.96224601134996,2.44480702406372,0.933570796347733,3.79262459839692,0.000149063414815465,0.00166848082116938,0.00599748158556149,0.152318563880294,0.0155833205816344,FALSE,TRUE,TRUE,FALSE,"Rpv12+1",0,"Rpv12+1|0"
"Vitvi15g00526",508.761325900023,2.1285166216607,1.8070409305059,0.630181421474441,3.79232418237161,0.000149243909484128,0.00166974248594504,0.0221812584298324,0.369942878131816,0.0260710749095978,FALSE,TRUE,TRUE,FALSE,"Rpv12+1",0,"Rpv12+1|0"
"Vitvi04g00367",304.974376095232,1.84579955994318,1.58738352924628,0.537807340690395,3.79141909796313,0.000149788943018432,0.0016750796187935,0.0411636284279765,0.545301785157628,0.0390463497607026,FALSE,TRUE,TRUE,FALSE,"Rpv12+1",0,"Rpv12+1|0"
"Vitvi15g00952",1843.55059068346,2.1921751961316,1.85222044119796,0.665378687504902,3.79047567315424,0.00015035905913309,0.00167840769406561,0.0196333095479452,0.34102771876806,0.0260165587266589,FALSE,TRUE,TRUE,FALSE,"Rpv12+1",0,"Rpv12+1|0"
"Vitvi10g04333",163.54953825891,1.94328808881166,1.65583324720254,0.573026998923567,3.78972237008948,0.000150815749930023,0.00168274312286053,0.032916248904793,0.47401907502474,0.0349083294542993,FALSE,TRUE,TRUE,FALSE,"Rpv12+1",0,"Rpv12+1|0"
"Vitvi12g00555",9.6610519089945,5.49316614520064,4.67092904631535,1.60696738617387,3.78864464746002,0.000151471391438448,0.00168852904953738,0.000974822430517842,0.0397184559980192,0.00227871011528807,TRUE,TRUE,TRUE,TRUE,"Rpv12+1",0,"Rpv12+1|0"
"Vitvi05g04122",2307.6089246838,1.25987273808869,1.12591905350914,0.34464750194855,3.78771533095497,0.000152038902344321,0.00169408882774975,0.217316445932827,1,0.119955079452506,FALSE,TRUE,TRUE,FALSE,"Rpv12+1",0,"Rpv12+1|0"
"Vitvi14g01555",140.439088336359,1.81011443617222,1.57884166736327,0.500325737332694,3.7870125477601,0.000152469403427829,0.00169811764143219,0.0450497886102007,0.575418662233516,0.0341883322152357,FALSE,TRUE,TRUE,FALSE,"Rpv12+1",0,"Rpv12+1|0"
"Vitvi12g00544",753.093469436808,1.12416635067154,1.02183682634426,0.29531193778507,3.78590403350644,0.000153150774672074,0.00170416553063289,0.337914911307536,1,0.170971635025226,FALSE,TRUE,TRUE,FALSE,"Rpv12+1",0,"Rpv12+1|0"
"Vitvi10g04194",1865.3258763299,3.74067832064143,2.92219549373591,1.30046344742211,3.78513451838996,0.000153625457456449,0.00170790467955645,0.00277577859555828,0.0879074967084857,0.0177226313239943,FALSE,TRUE,TRUE,FALSE,"Rpv12+1",0,"Rpv12+1|0"
"Vitvi02g00081",380.799355484779,1.3925963181376,1.23691082345401,0.382783442596069,3.78329382586707,0.000154766530662615,0.00171826419531509,0.143082090614753,1,0.0842575718072342,FALSE,TRUE,TRUE,FALSE,"Rpv12+1",0,"Rpv12+1|0"
"Vitvi17g00795",578.484895404526,-1.36395053249173,-1.22861634663902,0.363119015984364,-3.78024743770813,0.00015667257714614,0.00173707723248079,0.156558181605888,1,0.0823318719248028,FALSE,TRUE,TRUE,FALSE,"Rpv12+1",0,"Rpv12+1|0"
"Vitvi05g04196",79.0732082786554,-1.44196234867286,-1.28540886213031,0.380358808200227,-3.77657597577173,0.000158999074374001,0.00176049491967546,0.123529401751716,1,0.0694354572659375,FALSE,TRUE,TRUE,FALSE,"Rpv12+1",0,"Rpv12+1|0"
"Vitvi07g04372",99.7011251804284,-2.3539418523472,-2.00324439893299,0.670576278677736,-3.77624372669134,0.000159211207331234,0.00176205179865781,0.0149270239237761,0.284189242228573,0.0171559927225689,FALSE,TRUE,TRUE,FALSE,"Rpv12+1",0,"Rpv12+1|0"
"Vitvi07g04698",68.4701567364123,1.290236289114,1.14935553963037,0.351858016910362,3.77574570638665,0.000159529680064771,0.00176399156107527,0.197844095862622,1,0.109836879093509,FALSE,TRUE,TRUE,FALSE,"Rpv12+1",0,"Rpv12+1|0"
"Vitvi13g00551",77.4099431703837,2.22446823007944,1.90416880088435,0.638522613715888,3.77440898102825,0.00016038745227682,0.001771885773225,0.0188712928933607,0.332470788443069,0.0203927749499544,FALSE,TRUE,TRUE,FALSE,"Rpv12+1",0,"Rpv12+1|0"
"Vitvi13g02328",453.134727448569,-1.27455746144028,-1.14395530103755,0.335884285883919,-3.77393013412565,0.000160695781172307,0.00177370128358466,0.208121296045997,1,0.109474162252331,FALSE,TRUE,TRUE,FALSE,"Rpv12+1",0,"Rpv12+1|0"
"Vitvi02g04037",28.6123653450955,3.98960828837906,3.24367163022257,1.25731566052199,3.7717488260849,0.000162107393286019,0.00178528285247848,0.00235524452462278,0.0780872516091349,0.00887495532833709,FALSE,TRUE,TRUE,FALSE,"Rpv12+1",0,"Rpv12+1|0"
"Vitvi11g01674",21.8060939062462,5.5811585786243,4.34826535393881,1.96523561906176,3.76788224723786,0.000164638325409688,0.00180991958268321,0.000995908930287681,0.0403906693137914,0.0107597084387156,TRUE,TRUE,TRUE,FALSE,"Rpv12+1",0,"Rpv12+1|0"
"Vitvi14g04503",3.07577002670644,5.92150990359713,5.51036145477198,2.48571993132473,3.76574385225262,0.000166053965379157,0.00182304166269203,0.000879995401313912,0.0366557320110997,0.0081419715110151,TRUE,TRUE,TRUE,TRUE,"Rpv12+1",0,"Rpv12+1|0"
"Vitvi03g01040",6.0858692336734,-5.41018709048993,-5.15393935872202,2.56477044743777,-3.76576586382854,0.000166039335329717,0.00182304166269203,0.00107537931965195,0.0429478589660694,0.0130405756690565,TRUE,TRUE,TRUE,FALSE,"Rpv12+1",0,"Rpv12+1|0"
"Vitvi07g02005",1380.47805875711,1.6199573090459,1.41118312024425,0.461655501254521,3.76555891616051,0.000166176931526024,0.00182357901339649,0.074781243175949,0.764440226744686,0.0564263282570826,FALSE,TRUE,TRUE,FALSE,"Rpv12+1",0,"Rpv12+1|0"
"Vitvi08g01844",86.5485388426209,-2.44516212115736,-2.07412267499392,0.709683306872163,-3.76527627902539,0.00016636502574366,0.00182483026456848,0.0130276545909825,0.261993053074275,0.0164812863543077,FALSE,TRUE,TRUE,FALSE,"Rpv12+1",0,"Rpv12+1|0"
"Vitvi01g01865",106.599915963035,2.27009890825794,1.968962305119,0.659505621487141,3.76182007837415,0.000168681376366597,0.00184776984800688,0.0176586223961681,0.316391714562577,0.0180746525923173,FALSE,TRUE,TRUE,FALSE,"Rpv12+1",0,"Rpv12+1|0"
"Vitvi12g00440",3042.12999582992,2.29469822460469,1.94477217235777,0.68510236825513,3.7581372219677,0.000171183000750614,0.001871843944293,0.0169866477536267,0.309870096643738,0.0218640767784968,FALSE,TRUE,TRUE,FALSE,"Rpv12+1",0,"Rpv12+1|0"
"Vitvi03g04295",996.861955861035,1.97249052936273,1.67870820913784,0.575006037868982,3.7562625226075,0.000172469775266934,0.00188424185520008,0.0320173866708859,0.467229903725876,0.0322337755786775,FALSE,TRUE,TRUE,FALSE,"Rpv12+1",0,"Rpv12+1|0"
"Vitvi01g01761",333.856182537466,1.31137274887181,1.1562772529363,0.372671422806566,3.75332422708869,0.00017450490924191,0.00190478641740527,0.186413501045786,1,0.111105834101794,FALSE,TRUE,TRUE,FALSE,"Rpv12+1",0,"Rpv12+1|0"
"Vitvi07g04554",77.9919780448185,-1.42917785672794,-1.25718025706981,0.399431848153249,-3.75245415535426,0.000175111862243001,0.00190971927322646,0.129902781061551,1,0.0805762628183129,FALSE,TRUE,TRUE,FALSE,"Rpv12+1",0,"Rpv12+1|0"
"Vitvi03g04051",3.49995548988889,-6.89656969116635,-6.67279876244307,3.12708463732679,-3.75223835942668,0.000175262706201551,0.00191051859733691,0.000676606850771177,0.0299950552560819,0.00817085713179623,TRUE,TRUE,TRUE,TRUE,"Rpv12+1",0,"Rpv12+1|0"
"Vitvi02g00686",162.895431359895,1.31894139178346,1.16773743327391,0.366735658140119,3.75205148448812,0.000175393432760187,0.00191109801392303,0.182122283839284,1,0.10458499344908,FALSE,TRUE,TRUE,FALSE,"Rpv12+1",0,"Rpv12+1|0"
"Vitvi06g01462",38.3777495140559,2.96980372849876,2.53089441703398,0.855228169863663,3.75177752130399,0.000175585246823316,0.00191151507811317,0.00641498104321829,0.157920246684848,0.00872650606620838,FALSE,TRUE,TRUE,FALSE,"Rpv12+1",0,"Rpv12+1|0"
"Vitvi09g00626",41.3545710849549,-1.6464564675177,-1.4275469688801,0.467243951986519,-3.75123709397369,0.000175964203058818,0.00191477654883261,0.0703934449683247,0.738780121184944,0.0537495925445267,FALSE,TRUE,TRUE,FALSE,"Rpv12+1",0,"Rpv12+1|0"
"Vitvi14g00775",572.376617070359,1.94451352052033,1.64653423294968,0.59182355716519,3.7503660379684,0.000176576620669761,0.00192059232972196,0.0342521727801168,0.486165267365749,0.0389841548249981,FALSE,TRUE,TRUE,FALSE,"Rpv12+1",0,"Rpv12+1|0"
"Vitvi10g00949",489.812333916756,2.06074575567905,1.74099231323136,0.623503386437441,3.75001591970404,0.000176823344298888,0.00192242714481351,0.02678617517468,0.417829192841057,0.0317624075472457,FALSE,TRUE,TRUE,FALSE,"Rpv12+1",0,"Rpv12+1|0"
"Vitvi09g00366",21.9180216144213,-3.04424471025364,-2.60879270396482,0.833881845311506,-3.74978908660714,0.000176983363538226,0.00192247008118507,0.00590105038201927,0.150161067065411,0.00585913731780741,FALSE,TRUE,TRUE,FALSE,"Rpv12+1",0,"Rpv12+1|0"
"Vitvi11g01279",11.9611418516348,4.51573656215194,3.77125804483259,1.29732703336055,3.74950993084829,0.000177180480674235,0.00192376303300593,0.0017570428337156,0.0621955121612536,0.00339644578954489,FALSE,TRUE,TRUE,FALSE,"Rpv12+1",0,"Rpv12+1|0"
"Vitvi04g00300",277.042101423686,2.65401725226866,2.2422891007118,0.787713715523839,3.74925052352191,0.000177363838107301,0.00192490551348523,0.00973062501259664,0.213364140573777,0.014527729000981,FALSE,TRUE,TRUE,FALSE,"Rpv12+1",0,"Rpv12+1|0"
"Vitvi07g01255",2806.9081689353,2.78858331184596,2.30666049489868,0.87799277050961,3.7484825547484,0.000177907709688943,0.00192910842248979,0.00810284550085098,0.18790987185883,0.0172424770799765,FALSE,TRUE,TRUE,FALSE,"Rpv12+1",0,"Rpv12+1|0"
"Vitvi12g02044",227.74710903533,-2.0753447358501,-1.80733143753485,0.556942435670114,-3.74836544449439,0.000177990784249652,0.00192916012352592,0.0260549881071779,0.41093483991019,0.018746106193831,FALSE,TRUE,TRUE,FALSE,"Rpv12+1",0,"Rpv12+1|0"
"Vitvi05g01583",1704.73141282781,3.81986624680805,3.08104921299273,1.25578530713158,3.74761315755489,0.000178525304787083,0.00193325248735586,0.00283396368764888,0.0894347154364955,0.0120502575663122,FALSE,TRUE,TRUE,FALSE,"Rpv12+1",0,"Rpv12+1|0"
"Vitvi18g01253",3489.43555151612,1.78045263638021,1.52341675952933,0.5296781695599,3.74733736438912,0.000178721641230813,0.00193367867956184,0.0502300822592747,0.612822455103353,0.0473024205831952,FALSE,TRUE,TRUE,FALSE,"Rpv12+1",0,"Rpv12+1|0"
"Vitvi11g00045",637.526762596287,3.91571095916126,3.33096712807304,1.13806177562623,3.74562798035377,0.000179943083561439,0.00194386589411484,0.0026443176437716,0.0846238962604402,0.00442210541555743,FALSE,TRUE,TRUE,FALSE,"Rpv12+1",0,"Rpv12+1|0"
"Vitvi16g01873",264.168244720411,-1.74444265729587,-1.54385411909201,0.465837600293575,-3.74557813831665,0.000179978815736157,0.00194386589411484,0.0549737432033515,0.645448002000211,0.0333560793038312,FALSE,TRUE,TRUE,FALSE,"Rpv12+1",0,"Rpv12+1|0"
"Vitvi01g01852",26.4052941552083,-3.9560502137438,-3.35584675154457,1.08770790627277,-3.74348779235779,0.000181483423610548,0.0019549117988568,0.00257859863375817,0.0831733189401725,0.00311105583412723,FALSE,TRUE,TRUE,FALSE,"Rpv12+1",0,"Rpv12+1|0"
"Vitvi16g04072",41.7446466584114,2.65003917362914,2.21848027244488,0.796960115965748,3.7434936201006,0.000181479212474951,0.0019549117988568,0.00988009145313324,0.216098087226181,0.0161070027839734,FALSE,TRUE,TRUE,FALSE,"Rpv12+1",0,"Rpv12+1|0"
"Vitvi13g01722",258.244360967108,-1.68117379157512,-1.47134614856233,0.461938745054671,-3.7433859944939,0.00018155699771815,0.0019549117988568,0.0646667054167228,0.704546583505228,0.0439600807279071,FALSE,TRUE,TRUE,FALSE,"Rpv12+1",0,"Rpv12+1|0"
"Vitvi18g01148",1310.0330032392,2.10853236747262,1.77998285121234,0.638934457720005,3.74326397633436,0.000181645222936415,0.00195500730111906,0.0245357391213209,0.396191604737429,0.0300359233467293,FALSE,TRUE,TRUE,FALSE,"Rpv12+1",0,"Rpv12+1|0"
"Vitvi12g00391",19.3501752258887,4.21939493405088,3.32539818013623,1.45785530831799,3.74268462785241,0.000182064671103887,0.00195781110314944,0.00214916860077893,0.0727297560514567,0.0137540880993129,FALSE,TRUE,TRUE,FALSE,"Rpv12+1",0,"Rpv12+1|0"
"Vitvi01g00091",338.366282865912,1.24101715879212,1.09816706559956,0.351399490470979,3.74116061232989,0.000183172410523521,0.00196886365866381,0.233745183682251,1,0.132172547281618,FALSE,TRUE,TRUE,FALSE,"Rpv12+1",0,"Rpv12+1|0"
"Vitvi18g00472",551.711555282929,1.8369489707245,1.58415806478411,0.533556255125739,3.74045437856042,0.000183687886210455,0.00197265778096663,0.0441697839539131,0.569180974606114,0.0387976821227225,FALSE,TRUE,TRUE,FALSE,"Rpv12+1",0,"Rpv12+1|0"
"Vitvi18g02617",556.43898456137,3.29490574727823,2.71949114338829,1.04676104140655,3.7376448916562,0.000185752047479549,0.00199311299725878,0.00461745738874508,0.128089149344838,0.0122658337348784,FALSE,TRUE,TRUE,FALSE,"Rpv12+1",0,"Rpv12+1|0"
"Vitvi07g01921",2704.93497334237,1.78600790019763,1.54408519906941,0.512891362816146,3.73544808224398,0.000187381237137241,0.00200797049069729,0.0500941926537043,0.612056976005722,0.0408251023269726,FALSE,TRUE,TRUE,FALSE,"Rpv12+1",0,"Rpv12+1|0"
"Vitvi03g01196",421.382482377563,2.81350694918625,2.25665594796473,0.902985025321816,3.73460777774682,0.000188007964621129,0.00201381052887223,0.00803739462357352,0.18688907196272,0.0213334083041304,FALSE,TRUE,TRUE,FALSE,"Rpv12+1",0,"Rpv12+1|0"
"Vitvi01g04366",83.3487706754048,1.52563348215938,1.38828267523818,0.423761440419269,3.7343599789063,0.000188193157214868,0.0020149181317451,0.0991140605353349,0.890053110039075,0.0536092914363803,FALSE,TRUE,TRUE,FALSE,"Rpv12+1",0,"Rpv12+1|0"
"Vitvi06g01739",6621.36716298024,-1.86726017641461,-1.5821602466377,0.552943710251453,-3.73244427193031,0.000189630659268515,0.00202661344800191,0.0414984422881799,0.547632367841698,0.0414695076116329,FALSE,TRUE,TRUE,FALSE,"Rpv12+1",0,"Rpv12+1|0"
"Vitvi18g00628",25.5090995076993,2.68307691248592,2.24206716227881,0.804302364817992,3.73217542456874,0.000189833219919564,0.00202665771522792,0.00961186457103959,0.211522154374863,0.0157429297125057,FALSE,TRUE,TRUE,FALSE,"Rpv12+1",0,"Rpv12+1|0"
"Vitvi02g00420",5385.91136164454,1.2797334745063,1.13157654977711,0.361623250081783,3.72773025577905,0.000193212012103484,0.00205970191699759,0.207583536025914,1,0.120229394334668,FALSE,TRUE,TRUE,FALSE,"Rpv12+1",0,"Rpv12+1|0"
"Vitvi18g04735",425.513642468122,1.27674588755025,1.12961966208401,0.360764513466913,3.72681683663022,0.000193913269633859,0.00206539010406388,0.209597021520135,1,0.120961480025048,FALSE,TRUE,TRUE,FALSE,"Rpv12+1",0,"Rpv12+1|0"
"Vitvi03g01622",141.581592524613,2.0007661435895,1.75263678209044,0.582561851517474,3.72630263567475,0.000194309087625198,0.00206810729967721,0.0311703603737279,0.461989776195611,0.02536505687881,FALSE,TRUE,TRUE,FALSE,"Rpv12+1",0,"Rpv12+1|0"
"Vitvi07g00378",1582.65014237885,1.22285324004497,1.08395081304022,0.342083971508784,3.72626735691798,0.000194336272071471,0.00206810729967721,0.248544733224334,1,0.138030835276768,FALSE,TRUE,TRUE,FALSE,"Rpv12+1",0,"Rpv12+1|0"
"Vitvi07g04661",20037.311793092,2.34213420967058,2.00406075734266,0.681342392086686,3.72518411473667,0.000195172718327385,0.00207611186904726,0.0163938067991886,0.30242989566994,0.0178547249730464,FALSE,TRUE,TRUE,FALSE,"Rpv12+1",0,"Rpv12+1|0"
"Vitvi03g00017",635.008940256063,1.65648048003938,1.5104216068674,0.485123499862564,3.72310934579325,0.000196784244390305,0.00209144807799808,0.0700381396203868,0.737868584103785,0.0415987728750878,FALSE,TRUE,TRUE,FALSE,"Rpv12+1",0,"Rpv12+1|0"
"Vitvi07g04623",1496.5241157545,1.41452203873178,1.24143703286244,0.395354381344498,3.72257272594607,0.000197203081177925,0.002094841983297,0.137660567986452,1,0.0853487049416194,FALSE,TRUE,TRUE,FALSE,"Rpv12+1",0,"Rpv12+1|0"
"Vitvi04g04051",208.984644076732,-1.20023173680323,-1.0817523658693,0.321960354849857,-3.72248243003812,0.000197273640252031,0.002094841983297,0.26729564160109,1,0.136797237103759,FALSE,TRUE,TRUE,FALSE,"Rpv12+1",0,"Rpv12+1|0"
"Vitvi09g00018",1822.80628238451,2.11342769550476,1.76856542349797,0.656228165223488,3.72183005061314,0.000197784128158834,0.00209836619763408,0.0249517623281617,0.400437515792872,0.0332375387042328,FALSE,TRUE,TRUE,FALSE,"Rpv12+1",0,"Rpv12+1|0"
"Vitvi19g04552",250.393070594391,1.27177769533211,1.13219016047098,0.35388660225369,3.72057776928381,0.000198767520066941,0.00210526080153446,0.213282331035366,1,0.118492924436983,FALSE,TRUE,TRUE,FALSE,"Rpv12+1",0,"Rpv12+1|0"
"Vitvi17g01183",3809.72894141796,1.12696598334958,1.0070817298525,0.315761313031329,3.71966796826692,0.000199484848070505,0.00211195045855821,0.337584540941523,1,0.180556493322462,FALSE,TRUE,TRUE,FALSE,"Rpv12+1",0,"Rpv12+1|0"
"Vitvi11g00798",14.5150287584525,6.5977136091794,5.88543672480534,2.28660487418768,3.71849167162202,0.000200415898700582,0.00211791177458525,0.000812054105285369,0.0345406883579837,0.00334246999248223,TRUE,TRUE,TRUE,TRUE,"Rpv12+1",0,"Rpv12+1|0"
"Vitvi07g02066",39.4640319922793,3.82227956569991,3.02947018784183,1.29354917946879,3.71863071704159,0.000200305630465532,0.00211791177458525,0.00302001422217654,0.0942727351287781,0.0149149754182675,FALSE,TRUE,TRUE,FALSE,"Rpv12+1",0,"Rpv12+1|0"
"Vitvi16g01298",31.8105584714983,4.13673937845305,3.3081772689803,1.36297465690323,3.71809484496291,0.000200730910844934,0.00211876894583367,0.00240840014986797,0.0794468341997431,0.0112265425429764,FALSE,TRUE,TRUE,FALSE,"Rpv12+1",0,"Rpv12+1|0"
"Vitvi10g02300",1601.21630705631,-1.68958882718073,-1.48502808132202,0.451200316674812,-3.71797282675911,0.000200827865789062,0.00211888449746438,0.0645761110968916,0.703904534603507,0.0399287432632115,FALSE,TRUE,TRUE,FALSE,"Rpv12+1",0,"Rpv12+1|0"
"Vitvi06g00771",477.858480777045,2.07348485912914,1.79314129239365,0.584578674327367,3.71632183477441,0.000202144066783839,0.00213057215505275,0.0271763924038361,0.422404782466992,0.0226090474144156,FALSE,TRUE,TRUE,FALSE,"Rpv12+1",0,"Rpv12+1|0"
"Vitvi19g01356",836.814905593073,2.09468133387345,1.7759648388864,0.623713343032033,3.71625806408678,0.000202195068132543,0.00213057215505275,0.026061428166635,0.41093483991019,0.0289149594979115,FALSE,TRUE,TRUE,FALSE,"Rpv12+1",0,"Rpv12+1|0"
"Vitvi06g01930",3107.46953416197,1.30210335502724,1.14943443016338,0.370254925369452,3.71614109807453,0.000202288644481499,0.00213064687706123,0.194291865763038,1,0.113101814767627,FALSE,TRUE,TRUE,FALSE,"Rpv12+1",0,"Rpv12+1|0"
"Vitvi07g00060",1107.70376248223,1.37319627886273,1.21294998666598,0.381896371205285,3.71580476717852,0.000202557946111791,0.00213257160701286,0.156283187929043,1,0.0916550212482912,FALSE,TRUE,TRUE,FALSE,"Rpv12+1",0,"Rpv12+1|0"
"Vitvi18g00424",23.9486661959174,3.75668586398786,3.10515393150303,1.18585681455684,3.71562849107977,0.000202699225642856,0.00213314742543246,0.00320120990219442,0.0979917549600733,0.0089956298013274,FALSE,TRUE,TRUE,FALSE,"Rpv12+1",0,"Rpv12+1|0"
"Vitvi10g04490",329.625202568629,2.07961460644272,1.77777487822288,0.609782251708001,3.71499421990986,0.000203208339399784,0.00213678728997586,0.0268897718230853,0.419195197330208,0.0265078578430885,FALSE,TRUE,TRUE,FALSE,"Rpv12+1",0,"Rpv12+1|0"
"Vitvi02g00278",251.992978582027,1.19080279552573,1.04887347416241,0.329590721978023,3.71498149312882,0.000203218567154304,0.00213678728997586,0.275837206872591,1,0.156703695268276,FALSE,TRUE,TRUE,FALSE,"Rpv12+1",0,"Rpv12+1|0"
"Vitvi01g00815",119.821576464473,-1.66735780871645,-1.46409605464953,0.452835545294506,-3.71362830537217,0.00020430880684361,0.00214733437090408,0.0685899898504426,0.72966471919387,0.0434961577890041,FALSE,TRUE,TRUE,FALSE,"Rpv12+1",0,"Rpv12+1|0"
"Vitvi19g00586",95.4602126134801,2.42868845132771,2.04146642249872,0.739356459443673,3.7126289451035,0.000205117498503946,0.00215266472795441,0.0144821943585467,0.279675450034892,0.0207657649413371,FALSE,TRUE,TRUE,FALSE,"Rpv12+1",0,"Rpv12+1|0"
"Vitvi08g00902",154.43821349421,-1.33409014806298,-1.1840730447415,0.363789898668,-3.7118971293195,0.000205711596691079,0.00215747590297208,0.176301137991462,1,0.0982101913776244,FALSE,TRUE,TRUE,FALSE,"Rpv12+1",0,"Rpv12+1|0"
"Vitvi18g02742",96.9930060784032,-2.34022392832638,-2.03356852335293,0.635765938281328,-3.71170616196409,0.000205866892340667,0.00215818585519348,0.0167659016120934,0.306913380175474,0.0126321140242238,FALSE,TRUE,TRUE,FALSE,"Rpv12+1",0,"Rpv12+1|0"
"Vitvi18g00022",1926.6564365408,3.22281550846515,2.60203843832971,1.07373396372947,3.70952802790293,0.000207645970625793,0.00217313769428082,0.00525671865259735,0.139888609596434,0.0171990600458248,FALSE,TRUE,TRUE,FALSE,"Rpv12+1",0,"Rpv12+1|0"
"Vitvi09g00793",1577.44357751462,-1.66305059378148,-1.42988930399483,0.48217888049343,-3.7093684605271,0.000207776869759339,0.00217358427320216,0.069582443223594,0.735139980058841,0.0563555688512164,FALSE,TRUE,TRUE,FALSE,"Rpv12+1",0,"Rpv12+1|0"
"Vitvi18g02092",131.51289929622,1.1722340260564,1.04674032864422,0.325430522081776,3.70861107302056,0.000208399240963733,0.0021782450998653,0.292911530880754,1,0.157749362648455,FALSE,TRUE,TRUE,FALSE,"Rpv12+1",0,"Rpv12+1|0"
"Vitvi02g00774",15.1513669106249,3.06999507115307,2.54399118542668,0.930459493406582,3.70842724649546,0.000208550561338988,0.00217890230243736,0.00620189804375071,0.155502219450031,0.0120151116471265,FALSE,TRUE,TRUE,FALSE,"Rpv12+1",0,"Rpv12+1|0"
"Vitvi18g00295",18.3592360634693,5.40748099424934,4.4975459041563,1.62572062023305,3.70817225585165,0.000208760632701018,0.00217968222266664,0.00125936264740928,0.0485179197254482,0.00321641094686862,TRUE,TRUE,TRUE,TRUE,"Rpv12+1",0,"Rpv12+1|0"
"Vitvi06g04190",89.022143403153,1.29929943783074,1.14588619525299,0.36506084162667,3.70812187579283,0.000208802161288085,0.00217968222266664,0.196501949512182,1,0.113467896146641,FALSE,TRUE,TRUE,FALSE,"Rpv12+1",0,"Rpv12+1|0"
"Vitvi15g01252",9.17337147091178,4.24144659347207,3.50604465837363,1.2536979699173,3.70765905796854,0.000209184028025013,0.00218230218486173,0.00230430249886606,0.0766898843102255,0.00498123750126564,FALSE,TRUE,TRUE,FALSE,"Rpv12+1",0,"Rpv12+1|0"
"Vitvi13g04421",151.268744359079,1.48389175747509,1.27670718162458,0.438123480060744,3.70760302639527,0.000209230303646834,0.00218230218486173,0.11332450913616,0.961861075435694,0.0821641599028277,FALSE,TRUE,TRUE,FALSE,"Rpv12+1",0,"Rpv12+1|0"
"Vitvi08g00261",139.043692313523,2.36671893480976,1.97354127447894,0.729995307892947,3.70686788403609,0.000209838337779417,0.00218586777570137,0.0161524034589186,0.29894374065281,0.0236279462806846,FALSE,TRUE,TRUE,FALSE,"Rpv12+1",0,"Rpv12+1|0"
"Vitvi13g02226",15.5689336991527,-5.04136968544457,-4.14738740088003,1.48017814058103,-3.70549118484704,0.000210981467995738,0.00219471209471766,0.00149118812525437,0.0555669375620073,0.00355857000835191,FALSE,TRUE,TRUE,FALSE,"Rpv12+1",0,"Rpv12+1|0"
"Vitvi16g04404",495.551641005766,2.09279821963383,1.75807216767,0.63967515571644,3.70541642105743,0.000211043714579726,0.00219471209471766,0.0265037341667408,0.414791764605796,0.0318213471696918,FALSE,TRUE,TRUE,FALSE,"Rpv12+1",0,"Rpv12+1|0"
"Vitvi13g02599",47.3299315671089,-1.68014429791867,-1.45154852326914,0.476882427951774,-3.70515358762642,0.000211262680471117,0.00219606219244154,0.0668208763442625,0.719109368872559,0.0509782661032957,FALSE,TRUE,TRUE,FALSE,"Rpv12+1",0,"Rpv12+1|0"
"Vitvi13g00621",422.720961873321,1.31877732034974,1.15819011056415,0.375546988646264,3.70492125365967,0.000211456414969992,0.00219714898321414,0.18524377147569,1,0.110471580720835,FALSE,TRUE,TRUE,FALSE,"Rpv12+1",0,"Rpv12+1|0"
"Vitvi09g01787",96.2013348334653,-1.47128193606346,-1.28905707336155,0.411354402054832,-3.70247469267092,0.000213506663705703,0.00221564876455506,0.117815301733731,0.982758443256587,0.0744477159606911,FALSE,TRUE,TRUE,FALSE,"Rpv12+1",0,"Rpv12+1|0"
"Vitvi08g00836",626.745022122438,1.39343107312378,1.22224268445094,0.399327887743476,3.70205271353721,0.000213862169526824,0.0022184035404054,0.147950612596752,1,0.0918275197329417,FALSE,TRUE,TRUE,FALSE,"Rpv12+1",0,"Rpv12+1|0"
"Vitvi14g01576",4074.72335387061,1.92023904574267,1.64036217715057,0.568902217219807,3.70179702027531,0.000214077854445135,0.00221970623826193,0.038030115937426,0.519222235285557,0.0360651663620707,FALSE,TRUE,TRUE,FALSE,"Rpv12+1",0,"Rpv12+1|0"
"Vitvi11g00338",9.31655614915331,4.84509623741236,4.02142412224064,1.57302886258123,3.69973611590793,0.000215823761943982,0.00223404798287897,0.00166569971304788,0.0597709722820568,0.00598567821177482,FALSE,TRUE,TRUE,FALSE,"Rpv12+1",0,"Rpv12+1|0"
"Vitvi10g01394",106.290874483153,-1.34117891958852,-1.18661122528334,0.367860246884722,-3.69975632403193,0.000215806577791662,0.00223404798287897,0.173308587157164,1,0.0981218866217974,FALSE,TRUE,TRUE,FALSE,"Rpv12+1",0,"Rpv12+1|0"
"Vitvi05g04174",37.6882697160425,-4.62934093190711,-3.96230225895384,1.21399611920512,-3.69947259508909,0.000216047966794052,0.00223449106210674,0.00186723015527296,0.0651264981757137,0.00144712599333492,FALSE,TRUE,TRUE,FALSE,"Rpv12+1",0,"Rpv12+1|0"
"Vitvi19g00200",126.959717001127,2.56152086264907,2.11729084563272,0.801984318490209,3.69720052539247,0.000217990147027192,0.00225268677104106,0.0121032844754729,0.24969228595733,0.0212376449867096,FALSE,TRUE,TRUE,FALSE,"Rpv12+1",0,"Rpv12+1|0"
"Vitvi10g00656",181.314309081026,-2.53439659351131,-2.15279328555189,0.728683196051144,-3.69675053847395,0.000218376738497712,0.00225479016329825,0.0126067711359021,0.256838416000048,0.0141404201249102,FALSE,TRUE,TRUE,FALSE,"Rpv12+1",0,"Rpv12+1|0"
"Vitvi18g00768",2422.02574420515,1.40616873207366,1.23656310877677,0.397539788492071,3.696501017584,0.000218591383503312,0.00225606088143594,0.142822028849584,1,0.087038060639194,FALSE,TRUE,TRUE,FALSE,"Rpv12+1",0,"Rpv12+1|0"
"Vitvi13g00577",612.31178413542,1.24110319842313,1.09303681038027,0.354816577859738,3.69596819404053,0.000219050396833743,0.0022598515814054,0.236379225582636,1,0.135665935576672,FALSE,TRUE,TRUE,FALSE,"Rpv12+1",0,"Rpv12+1|0"
"Vitvi01g00234",280.064862567453,3.37153646179677,2.81147814361585,1.02923138728325,3.69454693431131,0.000220279204559029,0.00227049343049217,0.00467913841438544,0.129525483367099,0.00927311251609793,FALSE,TRUE,TRUE,FALSE,"Rpv12+1",0,"Rpv12+1|0"
"Vitvi10g04043",38.6709183421747,-1.71613236732084,-1.49586674540647,0.474983673654999,-3.69445557934465,0.000220358410143967,0.00227049343049217,0.0615762371061446,0.69042982702942,0.0421175146649874,FALSE,TRUE,TRUE,FALSE,"Rpv12+1",0,"Rpv12+1|0"
"Vitvi14g04029",13.1990280432498,-2.17832682430528,-1.86378006630272,0.62079124704,-3.69330340397139,0.000221359654478237,0.00227890365554779,0.0228677866579801,0.377984011024901,0.0213812538190127,FALSE,TRUE,TRUE,FALSE,"Rpv12+1",0,"Rpv12+1|0"
"Vitvi06g01315",2839.38133583795,1.44896670720942,1.26788192807889,0.415168831998783,3.69225951862043,0.000222270480573743,0.0022854155089377,0.126299843111585,1,0.0802429996412236,FALSE,TRUE,TRUE,FALSE,"Rpv12+1",0,"Rpv12+1|0"
"Vitvi08g01902",396.692487316719,1.65142842646511,1.44577862311274,0.487176058343612,3.69209789110509,0.000222411820320784,0.00228591472900411,0.0726412769457315,0.752861792243816,0.0538196643535404,FALSE,TRUE,TRUE,FALSE,"Rpv12+1",0,"Rpv12+1|0"
"Vitvi18g02230",3243.17055953949,-1.73131539317703,-1.49789175943239,0.490354589417972,-3.69097154875175,0.000223399127391163,0.00229319204267029,0.0594883772451088,0.678173841614285,0.0443578125623899,FALSE,TRUE,TRUE,FALSE,"Rpv12+1",0,"Rpv12+1|0"
"Vitvi07g00450",1495.70106077253,1.27147226911563,1.12966294624893,0.3542135345716,3.68896758670289,0.000225165900141224,0.00230940346206461,0.215455959953696,1,0.119680745559861,FALSE,TRUE,TRUE,FALSE,"Rpv12+1",0,"Rpv12+1|0"
"Vitvi07g01791",103.830188199788,2.87899535512956,2.34477912733952,0.911872244749187,3.68636373281507,0.000227481158048972,0.00233120873947358,0.00806602539054017,0.187221968226389,0.017766679988959,FALSE,TRUE,TRUE,FALSE,"Rpv12+1",0,"Rpv12+1|0"
"Vitvi18g04291",6.96573182347532,6.30543849208829,5.75756871097277,2.80057988861225,3.68483545574326,0.000228850436564749,0.0023432915025807,0.000975956770759083,0.0397184559980192,0.0109599163600333,TRUE,TRUE,TRUE,FALSE,"Rpv12+1",0,"Rpv12+1|0"
"Vitvi18g01315",3974.10668595186,1.48904229438573,1.3049997203042,0.423779063412019,3.68178872455448,0.000231603306787165,0.00236656120531257,0.113292949535311,0.961861075435694,0.0722854502157549,FALSE,TRUE,TRUE,FALSE,"Rpv12+1",0,"Rpv12+1|0"
"Vitvi01g01923",9757.92378711608,-2.18338180760426,-1.86989306466906,0.617756286598749,-3.68001202655133,0.000233222954033981,0.00237988839002717,0.0230461536278188,0.37987670620675,0.0208591979852538,FALSE,TRUE,TRUE,FALSE,"Rpv12+1",0,"Rpv12+1|0"
"Vitvi18g04605",196.673280919698,-1.30521096266273,-1.16522160148467,0.353452804446899,-3.679937144273,0.000233291449990368,0.00237988839002717,0.194751860691978,1,0.102691415511166,FALSE,TRUE,TRUE,FALSE,"Rpv12+1",0,"Rpv12+1|0"
"Vitvi03g04389",6.23359982745584,-6.25887837852049,-6.07963980685141,2.93527020024597,-3.67914917256345,0.000234013365068047,0.00238327956255329,0.00100624958020099,0.0406838991784818,0.0100033523905528,TRUE,TRUE,TRUE,FALSE,"Rpv12+1",0,"Rpv12+1|0"
"Vitvi09g04124",4.45596209082546,-5.94311142426491,-5.67735844707594,2.8082531981677,-3.67920100453901,0.000233965813892584,0.00238327956255329,0.00111480715037189,0.0442522613756878,0.0118399878722301,TRUE,TRUE,TRUE,FALSE,"Rpv12+1",0,"Rpv12+1|0"
"Vitvi05g01400",385.709449641663,3.25891474951479,2.73135586265098,0.940938238936899,3.67622294295304,0.000236712674022479,0.0024057976226146,0.00541523501473108,0.142512205986268,0.0076576683111113,FALSE,TRUE,TRUE,FALSE,"Rpv12+1",0,"Rpv12+1|0"
"Vitvi05g00041",2718.41500365902,2.00400053002447,1.73299037366199,0.568613176368418,3.67518326957318,0.000237678737662603,0.00241370155730631,0.0327917536546069,0.472989553146736,0.0255816313084517,FALSE,TRUE,TRUE,FALSE,"Rpv12+1",0,"Rpv12+1|0"
"Vitvi09g01181",1571.09860857729,1.22293972462469,1.0822593664699,0.348161923380687,3.67516207654908,0.000237698468621377,0.00241370155730631,0.251436712618054,1,0.139360325224074,FALSE,TRUE,TRUE,FALSE,"Rpv12+1",0,"Rpv12+1|0"
"Vitvi18g03244",607.179869478631,2.50602618064918,2.05161479359957,0.797762473227289,3.67313251382469,0.00023959515293076,0.00243008076887699,0.0136427621640132,0.270451695486681,0.0243527696405612,FALSE,TRUE,TRUE,FALSE,"Rpv12+1",0,"Rpv12+1|0"
"Vitvi15g00537",864.448621579527,1.81633306633764,1.5441068954813,0.549523897638049,3.67234164247641,0.000240338082122245,0.00243661275356528,0.0494205773277637,0.607144699229354,0.0471687669657889,FALSE,TRUE,TRUE,FALSE,"Rpv12+1",0,"Rpv12+1|0"
"Vitvi09g00427",485.77124133167,1.31695934171107,1.1503013138988,0.384558979750425,3.67120035452882,0.00024141399648958,0.00244651386981377,0.188465116142249,1,0.115475375437633,FALSE,TRUE,TRUE,FALSE,"Rpv12+1",0,"Rpv12+1|0"
"Vitvi18g00416",275.161342391493,1.85307543816305,1.57856062626824,0.554892413203847,3.67025068688442,0.000242312709315589,0.00245360292096131,0.0455499647850124,0.578137568564356,0.0423128737903366,FALSE,TRUE,TRUE,FALSE,"Rpv12+1",0,"Rpv12+1|0"
"Vitvi07g04654",475.37276097911,1.19530354314861,1.05906319652933,0.340525888058532,3.66970402176659,0.00024283146529075,0.00245683613096629,0.274385812004956,1,0.15214874628699,FALSE,TRUE,TRUE,FALSE,"Rpv12+1",0,"Rpv12+1|0"
"Vitvi05g01924",242.679477046664,-1.50381818670058,-1.31492052445439,0.419750991419453,-3.66780690688386,0.000244639818705513,0.00247208637146391,0.109571401608545,0.943164953826232,0.0695133912625222,FALSE,TRUE,TRUE,FALSE,"Rpv12+1",0,"Rpv12+1|0"
"Vitvi05g02268",1318.99186278575,1.39826805452736,1.1865559103456,0.404325213831116,3.66683781853539,0.000245568433065966,0.00248045261050149,0.148144690354993,1,0.104044468924823,FALSE,TRUE,TRUE,FALSE,"Rpv12+1",0,"Rpv12+1|0"
"Vitvi05g00910",202.879684210037,1.79520102419291,1.55200850033515,0.513204878859505,3.66649370877067,0.000245898965822529,0.0024827733286901,0.0521764332370218,0.628426243714713,0.0398652544211041,FALSE,TRUE,TRUE,FALSE,"Rpv12+1",0,"Rpv12+1|0"
"Vitvi13g04750",389.212612673159,1.87459839823859,1.59573494464726,0.562022599509798,3.66545931133273,0.000246895065116531,0.00249078903530338,0.0436210320331865,0.563497568867223,0.0410179953773958,FALSE,TRUE,TRUE,FALSE,"Rpv12+1",0,"Rpv12+1|0"
"Vitvi07g00400",3467.1518275343,3.07724577682654,2.49599936475575,1.0156913632064,3.66472870448735,0.000247600900924124,0.00249688734963844,0.00668451175453447,0.162207924848671,0.0179426629858171,FALSE,TRUE,TRUE,FALSE,"Rpv12+1",0,"Rpv12+1|0"
"Vitvi02g00626",1209.04936596955,1.42165763241332,1.23648053086915,0.415986632087754,3.66434613956922,0.000247971249664349,0.00249959889800773,0.138556074229126,1,0.0900186004972389,FALSE,TRUE,TRUE,FALSE,"Rpv12+1",0,"Rpv12+1|0"
"Vitvi14g02693",118.056810508814,1.49369950665671,1.28915334097029,0.44307117771507,3.66287105684648,0.000249404099199638,0.00251198666716365,0.113013461578726,0.961036052484095,0.0794107780195847,FALSE,TRUE,TRUE,FALSE,"Rpv12+1",0,"Rpv12+1|0"
"Vitvi08g02068",115.068852660617,2.28867120385361,1.8947794216732,0.714766832003667,3.66132288018367,0.00025091629981991,0.002526184700598,0.0196247204232872,0.34102771876806,0.028362500521163,FALSE,TRUE,TRUE,FALSE,"Rpv12+1",0,"Rpv12+1|0"
"Vitvi13g01159",105.723261349799,5.20962733219451,4.02995588810632,1.87868075750152,3.66103164703846,0.000251201724627963,0.00252750188874968,0.00155315576278422,0.0568022251940875,0.0132636293529406,FALSE,TRUE,TRUE,FALSE,"Rpv12+1",0,"Rpv12+1|0"
"Vitvi12g04177",131.795729463118,2.04265143831593,1.75761435560116,0.584918452217848,3.66098005568661,0.000251252318783405,0.00252750188874968,0.0308315101601531,0.458250837658776,0.0252031255497687,FALSE,TRUE,TRUE,FALSE,"Rpv12+1",0,"Rpv12+1|0"
"Vitvi16g01967",1664.64573620055,1.88495526429748,1.59607841237711,0.5710649236929,3.65790511320103,0.000254285145186409,0.00255383972148894,0.0429598372719442,0.558819683340025,0.0421826103785142,FALSE,TRUE,TRUE,FALSE,"Rpv12+1",0,"Rpv12+1|0"
"Vitvi11g04039",1157.58687164151,2.55006948465493,2.11928269326152,0.798382292080456,3.65758279833508,0.000254605025680235,0.00255496921085877,0.0130987852432061,0.26317290566592,0.0210469108860286,FALSE,TRUE,TRUE,FALSE,"Rpv12+1",0,"Rpv12+1|0"
"Vitvi06g01340",213.294641026867,2.02367553264472,1.70070785872521,0.622594323504431,3.65759824713804,0.000254589684952547,0.00255496921085877,0.0321427662745941,0.468164043973891,0.0361877214395252,FALSE,TRUE,TRUE,FALSE,"Rpv12+1",0,"Rpv12+1|0"
"Vitvi17g01341",37.1509746511334,4.24932346681588,3.37320755763954,1.42480755511013,3.65518999807581,0.000256991579639337,0.00257472328425975,0.00259807890447583,0.0835321065430542,0.0118052489669875,FALSE,TRUE,TRUE,FALSE,"Rpv12+1",0,"Rpv12+1|0"
"Vitvi06g00090",4.40276539993716,6.04584345809266,5.49577543033953,2.54009636750713,3.6540570437082,0.000258128879321761,0.00258401587605482,0.00115577461287781,0.0454459895117834,0.0090874435051934,TRUE,TRUE,TRUE,TRUE,"Rpv12+1",0,"Rpv12+1|0"
"Vitvi11g04203",111.227097389025,2.03182321616604,1.65696061418181,0.658006427688978,3.65392474234052,0.000258261995413929,0.00258429834241168,0.0317569638432839,0.465134612080887,0.0459637041272316,FALSE,TRUE,TRUE,FALSE,"Rpv12+1",0,"Rpv12+1|0"
"Vitvi17g00565",263.054764154775,2.12986530494123,1.76682057535355,0.687796237087078,3.65366100644454,0.000258527547495636,0.00258485578737926,0.0262983114049489,0.413321727111482,0.0366806011625947,FALSE,TRUE,TRUE,FALSE,"Rpv12+1",0,"Rpv12+1|0"
"Vitvi17g04211",83.6439033226975,1.36474591104962,1.18740178562695,0.397156009454787,3.65315006558656,0.000259042735505142,0.00258895611841975,0.164445184229794,1,0.102060070259335,FALSE,TRUE,TRUE,FALSE,"Rpv12+1",0,"Rpv12+1|0"
"Vitvi13g01979",167.068389108963,2.99261120784681,2.44153547840955,0.949881518015462,3.65269995485909,0.000259497385135402,0.00259139747879844,0.00750576795690397,0.177045431906809,0.0163558314261521,FALSE,TRUE,TRUE,FALSE,"Rpv12+1",0,"Rpv12+1|0"
"Vitvi16g01326",133.655640592075,-1.58398450617072,-1.39145510669992,0.436285134636816,-3.6510238889768,0.000261196940951762,0.00260414724293306,0.0891412593706183,0.846474070805557,0.055579364761317,FALSE,TRUE,TRUE,FALSE,"Rpv12+1",0,"Rpv12+1|0"
"Vitvi17g01650",10.9508010513521,3.17103396583799,2.63627160898567,0.955599480066303,3.65072944744548,0.00026149658467976,0.00260608004052208,0.00622000504488155,0.155553644329882,0.0104616834531456,FALSE,TRUE,TRUE,FALSE,"Rpv12+1",0,"Rpv12+1|0"
"Vitvi18g01119",1248.12513380653,1.68206406404202,1.64524541031475,0.476188421412053,3.65016747806135,0.000262069377723175,0.00260967711786101,0.0694212973994728,0.735006543915563,0.0226593148681329,FALSE,TRUE,TRUE,FALSE,"Rpv12+1",0,"Rpv12+1|0"
"Vitvi05g00482",273.546754938475,2.10615912876688,1.78358615899178,0.620856721928643,3.64989519650695,0.0002623473263331,0.0026103347057925,0.0276232902352729,0.427092559934727,0.0277078158526732,FALSE,TRUE,TRUE,FALSE,"Rpv12+1",0,"Rpv12+1|0"
"Vitvi11g01398",21.3602368433366,-2.0178957706825,-1.7338063110447,0.56960688048876,-3.64993801814404,0.000262303595132431,0.0026103347057925,0.0327995355100799,0.472989553146736,0.0256898200308529,FALSE,TRUE,TRUE,FALSE,"Rpv12+1",0,"Rpv12+1|0"
"Vitvi10g04287",134.477691817129,2.44541696056083,2.0062613284386,0.785337971042911,3.6496382605265,0.000262609863411866,0.00261189204481822,0.0154952485725454,0.291192677736505,0.0259619825110108,FALSE,TRUE,TRUE,FALSE,"Rpv12+1",0,"Rpv12+1|0"
"Vitvi02g01323",256.72130839026,3.7087654251122,2.99876352513574,1.20419480226572,3.64916836898185,0.000263090635666454,0.00261551048210425,0.00384849826876431,0.112425129786936,0.0119801126677297,FALSE,TRUE,TRUE,FALSE,"Rpv12+1",0,"Rpv12+1|0"
"Vitvi06g00016",382.269471768509,3.26050176272862,2.59571722452754,1.10800101539726,3.64907525110265,0.000263186007677238,0.00261551048210425,0.00570569297185616,0.146656060657595,0.0192897557182979,FALSE,TRUE,TRUE,FALSE,"Rpv12+1",0,"Rpv12+1|0"
"Vitvi14g00163",513.967331118194,1.35369803015719,1.17110261786031,0.406632910742494,3.64821581819218,0.000264067776531648,0.00262215789707121,0.170240297005665,1,0.110652961837163,FALSE,TRUE,TRUE,FALSE,"Rpv12+1",0,"Rpv12+1|0"
"Vitvi03g00227",410.849627819215,2.24838139679269,1.88281175770438,0.687717061037824,3.6469597246878,0.000265361498061045,0.00263214167326658,0.0214377620580173,0.360636924550273,0.0259073911820264,FALSE,TRUE,TRUE,FALSE,"Rpv12+1",0,"Rpv12+1|0"
"Vitvi12g04411",16.1980519075438,-4.64104795179295,-3.86297430760676,1.33073204352126,-3.64482755160261,0.000267571156015757,0.0026516021720049,0.0021263770744829,0.0723327670889444,0.00319882075885567,FALSE,TRUE,TRUE,FALSE,"Rpv12+1",0,"Rpv12+1|0"
"Vitvi10g00905",1232.70419768736,1.85686575571659,1.5683020206614,0.569325562635929,3.64459372767983,0.00026781452396592,0.00265294676816422,0.0463011749169876,0.582339280282649,0.0460306827888167,FALSE,TRUE,TRUE,FALSE,"Rpv12+1",0,"Rpv12+1|0"
"Vitvi08g02089",598.811167339674,1.43069660822788,1.24832928801344,0.413834079393105,3.64437839295947,0.000268038831557042,0.00265410154913155,0.136298204333803,1,0.0862755928761175,FALSE,TRUE,TRUE,FALSE,"Rpv12+1",0,"Rpv12+1|0"
"Vitvi05g01337",1198.36782320191,1.86201017478986,1.61315410794613,0.522699768225775,3.64360809094776,0.000268842674187819,0.00265992294027756,0.0458215132212689,0.578674787698965,0.0330609930249603,FALSE,TRUE,TRUE,FALSE,"Rpv12+1",0,"Rpv12+1|0"
"Vitvi18g04588",189.821755487892,-1.13689222347118,-1.01122499907533,0.320207623266659,-3.64320757120254,0.000269261525822475,0.00266192895271368,0.330448334461969,1,0.177869931434553,FALSE,TRUE,TRUE,FALSE,"Rpv12+1",0,"Rpv12+1|0"
"Vitvi15g00741",8.43893820898856,-6.83148332832984,-6.58093901170711,3.09353401985155,-3.64204410518493,0.000270481715861217,0.00267291919452745,0.000953758203323898,0.0392285547810532,0.00843264854210282,TRUE,TRUE,TRUE,TRUE,"Rpv12+1",0,"Rpv12+1|0"
"Vitvi18g01116",35.6364148795206,2.04052627526041,1.72800850499276,0.609722574025969,3.64188766398461,0.000270646178990867,0.00267347203914154,0.0316478493951496,0.464056105564864,0.0314701686513781,FALSE,TRUE,TRUE,FALSE,"Rpv12+1",0,"Rpv12+1|0"
"Vitvi08g01561",151.350089536971,3.34538493048049,2.57023525807756,1.22989330356543,3.64156579113538,0.000270984851567337,0.00267467259744107,0.00534061199708117,0.14125891732219,0.0263988419574525,FALSE,TRUE,TRUE,FALSE,"Rpv12+1",0,"Rpv12+1|0"
"Vitvi10g00031",238.453907338517,2.37272918849737,1.95400568652573,0.755154297690431,3.64063698079277,0.000271964368261986,0.00268326558930808,0.0175905605673919,0.316255308510245,0.0275987704427006,FALSE,TRUE,TRUE,FALSE,"Rpv12+1",0,"Rpv12+1|0"
"Vitvi05g00271",160.938800330063,3.53950897991461,2.80893404985065,1.21649142501997,3.64040521139467,0.000272209307441255,0.00268353281237406,0.00450354998072674,0.125729310507824,0.0172859577429393,FALSE,TRUE,TRUE,FALSE,"Rpv12+1",0,"Rpv12+1|0"
"Vitvi08g00801",28.9864856032994,4.09680031651077,3.33779888144884,1.31611687149708,3.64005286316561,0.000272582073204367,0.00268613278218511,0.00296874277428599,0.0930052002784996,0.00896520356623196,FALSE,TRUE,TRUE,FALSE,"Rpv12+1",0,"Rpv12+1|0"
"Vitvi01g01932",185.672482778301,-1.33615962057034,-1.18925409697893,0.362495796228426,-3.63947835164115,0.000273190902188126,0.00269105600412102,0.179926995239098,1,0.0956556341303966,FALSE,TRUE,TRUE,FALSE,"Rpv12+1",0,"Rpv12+1|0"
"Vitvi01g00799",247.111870208299,1.65778769826999,1.42795911514589,0.492765088330166,3.63800793793195,0.000274754959034449,0.00270538096353824,0.0744381133499519,0.763019830376721,0.0583540217436873,FALSE,TRUE,TRUE,FALSE,"Rpv12+1",0,"Rpv12+1|0"
"Vitvi05g00710",343.209313014978,-2.2690433688758,-1.93166537652803,0.655488234988888,-3.63730631955316,0.000275504213840271,0.00271059177802273,0.0209611020187554,0.355486167038446,0.0202072478347297,FALSE,TRUE,TRUE,FALSE,"Rpv12+1",0,"Rpv12+1|0"
"Vitvi19g04037",324.938522266391,1.22657979058592,1.09130965688533,0.338234667289001,3.63641227531728,0.000276461734036667,0.00271784169183053,0.250875959569204,1,0.134156590638177,FALSE,TRUE,TRUE,FALSE,"Rpv12+1",0,"Rpv12+1|0"
"Vitvi05g00136",9.55730994574239,5.53701305277628,5.06403730535174,2.09529874773654,3.63615949580947,0.000276733025576728,0.00271833924166996,0.00145260889935929,0.0543616540748779,0.00571030607208189,FALSE,TRUE,TRUE,FALSE,"Rpv12+1",0,"Rpv12+1|0"
"Vitvi11g00478",45.2096117350063,-1.70006340460144,-1.46248906548611,0.490346861001742,-3.63619465879734,0.00027669527253279,0.00271833924166996,0.0671528782773987,0.720825663872988,0.0513905305500059,FALSE,TRUE,TRUE,FALSE,"Rpv12+1",0,"Rpv12+1|0"
"Vitvi04g00838",73.7866740197397,1.88254231311806,1.6233013616441,0.540140987516021,3.63320731126639,0.000279919936413971,0.00274745320856358,0.0442597164136047,0.569218250572018,0.0343669560553399,FALSE,TRUE,TRUE,FALSE,"Rpv12+1",0,"Rpv12+1|0"
"Vitvi01g00279",7388.08871061607,1.57173461976604,1.37723158842254,0.440336291988354,3.63255225151522,0.000280631726358416,0.00275334257688807,0.0931876451170412,0.866048164361199,0.0590820763245882,FALSE,TRUE,TRUE,FALSE,"Rpv12+1",0,"Rpv12+1|0"
"Vitvi14g01437",9.47524206770116,7.82681185995717,6.49290492557627,2.79493373519723,3.63205141038994,0.000281177085576772,0.00275759501603079,0.000788468483496334,0.0337570328310648,0.00539448386071537,TRUE,TRUE,TRUE,TRUE,"Rpv12+1",0,"Rpv12+1|0"
"Vitvi13g01576",1979.59436365272,1.8966236249724,1.59301021898842,0.588665736794426,3.63147018536772,0.000281811218654934,0.00276161542672353,0.0430108374496133,0.559205018312342,0.0449587807296443,FALSE,TRUE,TRUE,FALSE,"Rpv12+1",0,"Rpv12+1|0"
"Vitvi07g00064",3504.35136237968,2.08363426094431,1.76162930500348,0.63130924920274,3.63066107602252,0.00028269621146465,0.00276698604117724,0.0294998968810807,0.44452062356693,0.0308915788204123,FALSE,TRUE,TRUE,FALSE,"Rpv12+1",0,"Rpv12+1|0"
"Vitvi02g01324",64.2851148864672,4.75524625266464,4.08727036293526,1.44646648583735,3.62736560687551,0.00028632772334051,0.0027980840111927,0.00209365948676553,0.0714055260942628,0.00341444094061352,FALSE,TRUE,TRUE,FALSE,"Rpv12+1",0,"Rpv12+1|0"
"Vitvi13g01907",282.885871802734,2.0121852797326,1.69841725244173,0.609114757255956,3.62546606871392,0.000288440769581879,0.00281426803937393,0.0340979552666115,0.485557110407889,0.0347272458236574,FALSE,TRUE,TRUE,FALSE,"Rpv12+1",0,"Rpv12+1|0"
"Vitvi17g00325",290.306255764348,1.27559782831659,1.1076337382163,0.376553616775499,3.62303629654376,0.000291164945834824,0.00283859897332281,0.216880812200591,1,0.131512910181529,FALSE,TRUE,TRUE,FALSE,"Rpv12+1",0,"Rpv12+1|0"
"Vitvi06g04257",10.2539765479936,-4.88021786888767,-3.98971450860612,1.56411265573224,-3.62119385761153,0.000293246671143722,0.00285437573698014,0.00199996783177774,0.0686378007994122,0.00629082999208803,FALSE,TRUE,TRUE,FALSE,"Rpv12+1",0,"Rpv12+1|0"
"Vitvi07g00470",746.695937904934,1.9695217596497,1.62938590335187,0.630353959640952,3.62083344584769,0.00029365551823458,0.00285722644045305,0.0373419858038738,0.511964888177954,0.0458966760088934,FALSE,TRUE,TRUE,FALSE,"Rpv12+1",0,"Rpv12+1|0"
"Vitvi12g02727",21.2295736552507,2.93868082658597,2.42853617858832,0.868174592343384,3.62038079917887,0.000294169751971161,0.00286109988533814,0.00846142888781666,0.193650497179699,0.0121574770151531,FALSE,TRUE,TRUE,FALSE,"Rpv12+1",0,"Rpv12+1|0"
"Vitvi07g04118",3.16723019620511,6.44405983386987,6.0428714052637,2.81775306385204,3.6168397246729,0.000298221832034701,0.00289707927997117,0.00113785379071128,0.0448945962461784,0.00875619496285951,TRUE,TRUE,TRUE,TRUE,"Rpv12+1",0,"Rpv12+1|0"
"Vitvi11g00033",100.326157029261,2.95228661377657,2.3768092407085,0.978887483563625,3.61688087603845,0.000298174443428595,0.00289707927997117,0.00838433462329229,0.192222444707014,0.0209060034251209,FALSE,TRUE,TRUE,FALSE,"Rpv12+1",0,"Rpv12+1|0"
"Vitvi05g04493",14.5214688264322,-2.66906311854891,-2.23159724432209,0.784868537339003,-3.61638953896115,0.000298740712490626,0.0028998048538786,0.0118656921172891,0.245954548412175,0.0147984823376995,FALSE,TRUE,TRUE,FALSE,"Rpv12+1",0,"Rpv12+1|0"
"Vitvi13g04780",50.6586888183583,1.95243163117107,1.66119186888511,0.574818274028872,3.61623627800544,0.00029891755268596,0.0028998048538786,0.0388604756900344,0.525739948226447,0.0344870763391838,FALSE,TRUE,TRUE,FALSE,"Rpv12+1",0,"Rpv12+1|0"
"Vitvi15g01691",14.4368513486374,5.15913890933576,4.14227485909041,1.52665815725316,3.61541562965697,0.000299866127153983,0.00290732070388254,0.00178845094686026,0.0629664714924865,0.00421731615877687,FALSE,TRUE,TRUE,FALSE,"Rpv12+1",0,"Rpv12+1|0"
"Vitvi17g04130",16.165702257462,2.92390218692708,2.42749073227165,0.847166709430983,3.61519639636244,0.00030012001220291,0.00290863753762034,0.00868592032788768,0.197235234251054,0.0114612202817422,FALSE,TRUE,TRUE,FALSE,"Rpv12+1",0,"Rpv12+1|0"
"Vitvi19g04254",187.297971095082,-1.53570123131899,-1.34644653224897,0.426126054834203,-3.61394195570053,0.000301576604025541,0.00291701657509746,0.103716151424212,0.919597468825261,0.0634958369871991,FALSE,TRUE,TRUE,FALSE,"Rpv12+1",0,"Rpv12+1|0"
"Vitvi11g00251",2207.32290494846,1.27548924797145,1.13295510718139,0.353690514737193,3.61351284791311,0.000302076379672521,0.002919558136372,0.217556483737715,1,0.11794476940883,FALSE,TRUE,TRUE,FALSE,"Rpv12+1",0,"Rpv12+1|0"
"Vitvi05g00542",6138.71863147792,1.96456061937179,1.64845282004084,0.61181152001385,3.61334529623222,0.000302271735168921,0.00292030057553786,0.0380248631065846,0.519222235285557,0.041082170942191,FALSE,TRUE,TRUE,FALSE,"Rpv12+1",0,"Rpv12+1|0"
"Vitvi15g01170",228.356602880053,-1.84538041997783,-1.58184365466345,0.537584911783374,-3.6122963086894,0.000303497485115097,0.00293099335291867,0.0489809525512079,0.604668587912718,0.0394847488558285,FALSE,TRUE,TRUE,FALSE,"Rpv12+1",0,"Rpv12+1|0"
"Vitvi02g01472",134.670538259332,-2.14392013241574,-1.85055975958241,0.601659187074881,-3.61163611200867,0.000304271314939645,0.00293731509202707,0.0269872826671072,0.420214480529082,0.0204859796237735,FALSE,TRUE,TRUE,FALSE,"Rpv12+1",0,"Rpv12+1|0"
"Vitvi06g00111",753.507556736263,1.77060836047264,1.45511424706938,0.537213145197464,3.61040989875508,0.000305713489192812,0.00294892620193975,0.0580528839041187,0.669283997376747,0.0603935760892093,FALSE,TRUE,TRUE,FALSE,"Rpv12+1",0,"Rpv12+1|0"
"Vitvi19g02012",95.0117290049076,2.10755386226203,1.73004975898521,0.669529119753751,3.60933267070169,0.000306985717946296,0.002957723952806,0.0289296588792746,0.439727453005778,0.039233097870507,FALSE,TRUE,TRUE,FALSE,"Rpv12+1",0,"Rpv12+1|0"
"Vitvi07g04674",40.9072991915044,1.82885844898049,1.55745375800209,0.540358526480289,3.6091686536803,0.000307179859777374,0.0029584374610928,0.050949708617965,0.61932780099319,0.0429671895397539,FALSE,TRUE,TRUE,FALSE,"Rpv12+1",0,"Rpv12+1|0"
"Vitvi05g01103",1756.49628457436,1.57246958221056,1.3729812966279,0.465538582350115,3.60747981922568,0.000309185577727011,0.0029731053446068,0.094535782814485,0.871374750755501,0.0649198136469363,FALSE,TRUE,TRUE,FALSE,"Rpv12+1",0,"Rpv12+1|0"
"Vitvi16g00811",6447.68879820646,-1.66196054910835,-1.44859317877988,0.465955100426916,-3.60659730782643,0.000310238550254922,0.00298119520346602,0.0754284532626342,0.768054849706987,0.0493338222765898,FALSE,TRUE,TRUE,FALSE,"Rpv12+1",0,"Rpv12+1|0"
"Vitvi14g01532",34.0821181162456,3.23877759016006,2.63030045961075,1.05057482279629,3.60451544637829,0.000312735850183562,0.00300021822629371,0.00635981723112596,0.157543995216879,0.0154242454013726,FALSE,TRUE,TRUE,FALSE,"Rpv12+1",0,"Rpv12+1|0"
"Vitvi08g01686",1313.781446194,4.53425012706457,3.71140317958983,1.59980283075891,3.6040089873294,0.000313346213548375,0.00300490358776869,0.00248892921769943,0.0808793781438502,0.0111599926321634,FALSE,TRUE,TRUE,FALSE,"Rpv12+1",0,"Rpv12+1|0"
"Vitvi18g01128",40.2150145275218,-3.78079113146678,-3.18062068203139,1.09840842235577,-3.60170991355742,0.000316131010016095,0.00303042940185079,0.00403823660290653,0.116211475572532,0.00513927988825703,FALSE,TRUE,TRUE,FALSE,"Rpv12+1",0,"Rpv12+1|0"
"Vitvi09g01412",34.0466251317901,5.49537968528969,4.14065749901979,2.07326749903836,3.60117416165374,0.000316783269772532,0.00303432061979631,0.00162064942309151,0.0585948227017082,0.0164393605337557,FALSE,TRUE,TRUE,FALSE,"Rpv12+1",0,"Rpv12+1|0"
"Vitvi04g00421",64.1739596549918,-1.1838424487152,-1.05201682666284,0.334139412298993,-3.60054050829467,0.000317556347352516,0.00304054340201189,0.288033516287471,1,0.155561449564809,FALSE,TRUE,TRUE,FALSE,"Rpv12+1",0,"Rpv12+1|0"
"Vitvi12g01846",667.079707574407,-1.15777489704149,-1.03327814280208,0.322767898445204,-3.59951892104317,0.000318806436691428,0.0030501418929437,0.311882384086256,1,0.164644716671719,FALSE,TRUE,TRUE,FALSE,"Rpv12+1",0,"Rpv12+1|0"
"Vitvi16g01497",1081.54257250681,2.11440912253726,1.78800632394844,0.631999253440396,3.59911913615183,0.00031929689579668,0.00305364841803067,0.0289184869417181,0.439727453005778,0.0285835926362265,FALSE,TRUE,TRUE,FALSE,"Rpv12+1",0,"Rpv12+1|0"
"Vitvi11g01285",264.628738006981,1.15937330849481,1.02426243196519,0.334223018417918,3.59851313237701,0.000320041692679145,0.00305935936705774,0.310416617101264,1,0.171162688960511,FALSE,TRUE,TRUE,FALSE,"Rpv12+1",0,"Rpv12+1|0"
"Vitvi18g00115",1675.46150586665,1.20167639390568,1.15316049145216,0.331369775102492,3.5977930908764,0.000320928759335122,0.00306568472856923,0.272983404499415,1,0.103683894954081,FALSE,TRUE,TRUE,FALSE,"Rpv12+1",0,"Rpv12+1|0"
"Vitvi05g01464",106.806299905892,3.36915548688726,2.55971353684148,1.20870849949359,3.59766530370224,0.000321086429048622,0.00306600204110149,0.00570724682707411,0.146656060657595,0.0254733189761757,FALSE,TRUE,TRUE,FALSE,"Rpv12+1",0,"Rpv12+1|0"
"Vitvi06g00607",2753.19243286755,1.48990224673862,1.27201310187806,0.461143469622068,3.59670857588726,0.000322269189531876,0.00307491237540949,0.118473582888476,0.986951092922783,0.0878852811992972,FALSE,TRUE,TRUE,FALSE,"Rpv12+1",0,"Rpv12+1|0"
"Vitvi11g00342",15.8065616666114,4.49018718126769,3.53420666783457,1.49806303761475,3.59600506003537,0.000323141515700524,0.00308204195927144,0.00259930175947269,0.0835321065430542,0.0112932438864174,FALSE,TRUE,TRUE,FALSE,"Rpv12+1",0,"Rpv12+1|0"
"Vitvi13g02589",16.8915008569731,-3.85524844021228,-3.20112537235568,1.1378942419728,-3.59480906043421,0.000324629572332559,0.0030938391272669,0.00388268873778343,0.113103847095408,0.00583406105295074,FALSE,TRUE,TRUE,FALSE,"Rpv12+1",0,"Rpv12+1|0"
"Vitvi11g01153",1254.77061743559,1.54701380077274,1.33353776230152,0.459902723678258,3.59454983322279,0.000324952946070681,0.00309572342590769,0.101862736270207,0.90818926997012,0.0716474689510848,FALSE,TRUE,TRUE,FALSE,"Rpv12+1",0,"Rpv12+1|0"
"Vitvi07g00457",65.7967705485602,-2.57899118354841,-2.1715529859774,0.75753573972205,-3.59220418069031,0.000327892774225385,0.00312223099415893,0.0139274593450304,0.274343681480911,0.0156231843151408,FALSE,TRUE,TRUE,FALSE,"Rpv12+1",0,"Rpv12+1|0"
"Vitvi14g00071",118.929674511682,-1.43290050971035,-1.25262781045605,0.404764664269954,-3.59212783934855,0.000327988870469366,0.00312223099415893,0.13890876462731,1,0.0833374052086173,FALSE,TRUE,TRUE,FALSE,"Rpv12+1",0,"Rpv12+1|0"
"Vitvi15g04205",73.5483046803528,-1.69555531140299,-1.46048466102463,0.488928165959527,-3.59134534602251,0.000328975370885887,0.00312920356646514,0.0703416281999307,0.738780121184944,0.0515966663840527,FALSE,TRUE,TRUE,FALSE,"Rpv12+1",0,"Rpv12+1|0"
"Vitvi14g00458",9.58903394318284,3.29686230487508,2.71608496134795,0.990791192510167,3.59106104295717,0.000329334482978349,0.00313141039083543,0.0061791802556671,0.155274905195001,0.00993867832516532,FALSE,TRUE,TRUE,FALSE,"Rpv12+1",0,"Rpv12+1|0"
"Vitvi02g01230",30499.0199790445,1.5926632757592,1.3664163049754,0.479487438327658,3.59057296732835,0.000329951842182554,0.00313486061859213,0.0907538516044689,0.853353703853811,0.0681159439721312,FALSE,TRUE,TRUE,FALSE,"Rpv12+1",0,"Rpv12+1|0"
"Vitvi19g04183",363.101907349485,-1.75339300094469,-1.46388967304033,0.542287278416122,-3.59006602471661,0.000330594212410971,0.00313975289782447,0.0614676365881218,0.689507678176963,0.0594459353142642,FALSE,TRUE,TRUE,FALSE,"Rpv12+1",0,"Rpv12+1|0"
"Vitvi13g01977",369.989542181132,2.35553180611412,1.94319882842626,0.738756686021808,3.58951438699963,0.000331294547372454,0.0031451917029163,0.0194309953333317,0.339542689996409,0.0263442991934759,FALSE,TRUE,TRUE,FALSE,"Rpv12+1",0,"Rpv12+1|0"
"Vitvi18g02666",17.192979093711,2.75073228435756,2.29641799337251,0.821120061995817,3.58713881821216,0.000334326357107913,0.00317275197754644,0.0112135661781902,0.236561030367158,0.0143343042279328,FALSE,TRUE,TRUE,FALSE,"Rpv12+1",0,"Rpv12+1|0"
"Vitvi18g02689",13.0806104443124,3.5261400656432,2.89262713154051,1.06173370746017,3.5862518936807,0.000335464931724582,0.00318233117364914,0.00509869486507611,0.137501813376831,0.00893480592460813,FALSE,TRUE,TRUE,FALSE,"Rpv12+1",0,"Rpv12+1|0"
"Vitvi03g04267",6.37248582489172,5.85299537673214,4.75484059389112,1.83405427422406,3.58606688114932,0.000335702895373703,0.00318336279077235,0.00148612800930821,0.0555301507290736,0.00446297732559136,FALSE,TRUE,TRUE,FALSE,"Rpv12+1",0,"Rpv12+1|0"
"Vitvi09g04331",3.25678871548394,-6.42498113986326,-5.74070430163526,3.21876949939826,-3.58592482003925,0.000335885721968413,0.00318387096822386,0.00124875625973286,0.048322803252,0.0179865588929504,TRUE,TRUE,TRUE,FALSE,"Rpv12+1",0,"Rpv12+1|0"
"Vitvi10g00246",1007.39409658328,1.53937457553506,1.29712362429226,0.484034721246121,3.58573467117768,0.000336130581256028,0.00318496653839366,0.104487387578618,0.92247234953394,0.0846773346754808,FALSE,TRUE,TRUE,FALSE,"Rpv12+1",0,"Rpv12+1|0"
"Vitvi14g01809",255.469817457139,2.81895719672928,2.21778854024838,1.00654354377179,3.58268407168873,0.000340081816443963,0.003216220971176,0.0103960969639133,0.223644326051817,0.0307198406941084,FALSE,TRUE,TRUE,FALSE,"Rpv12+1",0,"Rpv12+1|0"
"Vitvi14g01655",5902.76455218854,-1.15910677715653,-1.02917128409481,0.327402976256804,-3.58247429479557,0.000340355116882728,0.00321757047564194,0.311446463182615,1,0.167618529554736,FALSE,TRUE,TRUE,FALSE,"Rpv12+1",0,"Rpv12+1|0"
"Vitvi00g04817",103.801772699781,-1.88530085048416,-1.60995014726672,0.551350264186921,-3.58100141735343,0.000342279797213205,0.00323122607986926,0.0463262373281927,0.582339280282649,0.0374281517631703,FALSE,TRUE,TRUE,FALSE,"Rpv12+1",0,"Rpv12+1|0"
"Vitvi03g01833",3375.84979897229,1.67846424597513,1.45410010217133,0.479443587163101,3.57927113962664,0.000344553840533812,0.00325102581975909,0.0739760263351459,0.760368908801997,0.0509096274209045,FALSE,TRUE,TRUE,FALSE,"Rpv12+1",0,"Rpv12+1|0"
"Vitvi15g00704",147.089252033984,3.49035206037803,2.86729978485841,1.10159414314745,3.5791389845774,0.000344728106965623,0.00325142482511681,0.00533130092016243,0.141155365152357,0.0110933542181757,FALSE,TRUE,TRUE,FALSE,"Rpv12+1",0,"Rpv12+1|0"
"Vitvi06g00947",1807.32714174433,1.8978333800543,1.59867489848801,0.585886367784584,3.57793384233484,0.000346321077944971,0.0032651994168589,0.0452600353624429,0.576134922163573,0.0436949003656698,FALSE,TRUE,TRUE,FALSE,"Rpv12+1",0,"Rpv12+1|0"
"Vitvi07g04668",278.964445046672,-1.14128012776255,-1.00739645270248,0.331877990694035,-3.57599943240054,0.000348892407082458,0.00328316017604409,0.32899994604462,1,0.180652402263404,FALSE,TRUE,TRUE,FALSE,"Rpv12+1",0,"Rpv12+1|0"
"Vitvi06g04129",22.3468398211404,2.66986791749661,2.19842411751621,0.8191561999916,3.57534657115266,0.000349764250682807,0.0032901077051629,0.0126698074721577,0.257520974098037,0.0182528029128569,FALSE,TRUE,TRUE,FALSE,"Rpv12+1",0,"Rpv12+1|0"
"Vitvi06g00495",818.158058295983,2.01044879873725,1.70901225249487,0.599576371087485,3.5735039547724,0.000352235920890313,0.00330956679902889,0.0362442672001753,0.501847668667271,0.0321157935115263,FALSE,TRUE,TRUE,FALSE,"Rpv12+1",0,"Rpv12+1|0"
"Vitvi16g00951",70.4302514489855,1.5485997350086,1.34376588535604,0.444801073676597,3.57196869336116,0.000354307773791172,0.00332487872865844,0.102865959303318,0.915367158591825,0.067268664951893,FALSE,TRUE,TRUE,FALSE,"Rpv12+1",0,"Rpv12+1|0"
"Vitvi11g00305",406.664126706403,2.24349176352619,1.80370616599324,0.760110688038199,3.57169980381729,0.000354671814132654,0.00332611146287478,0.023870282817384,0.389141965538684,0.0412108397889786,FALSE,TRUE,TRUE,FALSE,"Rpv12+1",0,"Rpv12+1|0"
"Vitvi10g01799",21.8991040812563,3.69845074872145,2.86976458048903,1.28506967242747,3.56977224792339,0.000357291726019773,0.00334813197498027,0.00460243178621708,0.127807869528294,0.0186105983478983,FALSE,TRUE,TRUE,FALSE,"Rpv12+1",0,"Rpv12+1|0"
"Vitvi03g04461",13.2387229420392,3.92096641611938,3.05972671125856,1.36739982892162,3.56934193521169,0.000357879068025156,0.00335108655259131,0.0039221541598719,0.11399958963121,0.016859502711684,FALSE,TRUE,TRUE,FALSE,"Rpv12+1",0,"Rpv12+1|0"
"Vitvi04g01897",20.5537715907835,-2.07429368620689,-1.75618067621157,0.609988542765005,-3.56854231591495,0.00035897288210863,0.00335903283252163,0.0322884114896319,0.46950114294457,0.029136100833945,FALSE,TRUE,TRUE,FALSE,"Rpv12+1",0,"Rpv12+1|0"
"Vitvi08g00630",75.5757546818214,2.67253327675928,2.19723232640239,0.848110934002402,3.56747105885862,0.000360443174673267,0.00336869425312997,0.012787939711392,0.259078569285263,0.0206724848903333,FALSE,TRUE,TRUE,FALSE,"Rpv12+1",0,"Rpv12+1|0"
"Vitvi12g00197",30.7320459365124,-1.90551215773971,-1.61928828385452,0.563957517367059,-3.56713017064762,0.000360912221093989,0.00337179881640937,0.045025959644683,0.575418662233516,0.0382999516255815,FALSE,TRUE,TRUE,FALSE,"Rpv12+1",0,"Rpv12+1|0"
"Vitvi04g02295",206.900069307033,1.40214636695442,1.20909583580071,0.417304222309851,3.56638059388334,0.000361945612144164,0.00337889052701161,0.153185746819906,1,0.0985648073713296,FALSE,TRUE,TRUE,FALSE,"Rpv12+1",0,"Rpv12+1|0"
"Vitvi11g00050",2656.28580872188,1.19335415090241,1.05529929356283,0.343185249194032,3.56544101995869,0.000363244847154525,0.00338845136482351,0.281735566788382,1,0.154802357465518,FALSE,TRUE,TRUE,FALSE,"Rpv12+1",0,"Rpv12+1|0"
"Vitvi16g01078",605.096362143763,2.77699411093161,2.20700769216829,0.95489066538801,3.56289528039368,0.00036678702230708,0.00341890468466032,0.0113077066463549,0.237779982445336,0.0274896420656472,FALSE,TRUE,TRUE,FALSE,"Rpv12+1",0,"Rpv12+1|0"
"Vitvi02g01264",1820.3146465699,-1.27715234020452,-1.1276535624332,0.357632145875662,-3.561485591232,0.000368762348945245,0.00343471804484501,0.219799350724894,1,0.121601437656309,FALSE,TRUE,TRUE,FALSE,"Rpv12+1",0,"Rpv12+1|0"
"Vitvi09g00040",118.991013124274,2.97297338262149,2.34608921466644,1.0332472949886,3.56068903060674,0.000369882922637309,0.00344125214580542,0.00906474002064117,0.202843912916982,0.0248807637155708,FALSE,TRUE,TRUE,FALSE,"Rpv12+1",0,"Rpv12+1|0"
"Vitvi07g03055",51.3679519857937,1.93483284413974,1.59967603342403,0.596509790283805,3.56069542730402,0.00036987391132096,0.00344125214580542,0.0426813852370522,0.556581433906306,0.045226634887087,FALSE,TRUE,TRUE,FALSE,"Rpv12+1",0,"Rpv12+1|0"
"Vitvi09g02034",188.193338245872,1.1944052472875,1.05026409620463,0.338336417069874,3.56085855560975,0.000369644174455509,0.00344125214580542,0.281100016209543,1,0.156608497713979,FALSE,TRUE,TRUE,FALSE,"Rpv12+1",0,"Rpv12+1|0"
"Vitvi17g01015",193.518790062589,-2.57174627089728,-2.17372629297248,0.74510678442386,-3.55839082305884,0.000373133828685041,0.00346887735980554,0.0148250724112062,0.283279086343859,0.0146819390150142,FALSE,TRUE,TRUE,FALSE,"Rpv12+1",0,"Rpv12+1|0"
"Vitvi04g01221",356.982411623274,2.33641025402868,1.93167216682973,0.730554516920243,3.55668807780381,0.000375559634267699,0.00348803587915905,0.0209558005604662,0.355486167038446,0.0265623462665593,FALSE,TRUE,TRUE,FALSE,"Rpv12+1",0,"Rpv12+1|0"
"Vitvi18g04257",118.702265015467,1.9302607478597,1.61468219988825,0.603503716645998,3.55573756069178,0.000376920186190289,0.00349879642312885,0.0432978908179659,0.561263392421789,0.044224975996309,FALSE,TRUE,TRUE,FALSE,"Rpv12+1",0,"Rpv12+1|0"
"Vitvi05g01276",170.940942330221,3.31024731657748,2.60069165039768,1.15902447437428,3.55533731780724,0.000377494463465345,0.00350280738302532,0.00654708655806957,0.159464839173689,0.0217670658160253,FALSE,TRUE,TRUE,FALSE,"Rpv12+1",0,"Rpv12+1|0"
"Vitvi08g01580",277.945018990861,2.02954006290467,1.69283005124165,0.632272570939361,3.55166197453131,0.000382806297348657,0.00354634836184646,0.035798074353523,0.498372446521452,0.0386111605297735,FALSE,TRUE,TRUE,FALSE,"Rpv12+1",0,"Rpv12+1|0"
"Vitvi05g02195",9.76015172087601,4.53419902180648,3.68418202704734,1.43113632389532,3.55019169243848,0.000384950737605634,0.0035626019427695,0.0028342589203278,0.0894347154364955,0.00689146957948056,FALSE,TRUE,TRUE,FALSE,"Rpv12+1",0,"Rpv12+1|0"
"Vitvi07g01627",4397.16126142254,1.86321069967312,1.55235617652248,0.59241808014508,3.54952511262297,0.000385926653772158,0.0035689523432173,0.0500399373720791,0.611750631592329,0.0524235391287244,FALSE,TRUE,TRUE,FALSE,"Rpv12+1",0,"Rpv12+1|0"
"Vitvi14g04296",46.4963636311821,1.63563830996685,1.39977074627308,0.48784818453472,3.54886513049761,0.000386895188058034,0.00357522500112443,0.0839238781375115,0.814606578181507,0.0629747895585221,FALSE,TRUE,TRUE,FALSE,"Rpv12+1",0,"Rpv12+1|0"
"Vitvi15g01455",98.1448190872624,-3.60236454358467,-2.9804207941413,1.09472011994708,-3.54780065411476,0.000388462111859567,0.00358671188778504,0.00519230178482402,0.138738940131983,0.00825771852933069,FALSE,TRUE,TRUE,FALSE,"Rpv12+1",0,"Rpv12+1|0"
"Vitvi02g00239",180.769976585936,1.88737066723617,1.57278160281276,0.59354261429723,3.54774159978996,0.000388549214023077,0.00358671188778504,0.0476564427409735,0.593357870376547,0.0491295503996877,FALSE,TRUE,TRUE,FALSE,"Rpv12+1",0,"Rpv12+1|0"
"Vitvi03g01839",93.5093329274428,-2.11772854607542,-1.76123717665855,0.648956463714785,-3.54692901440241,0.000389749591506219,0.00359485995370543,0.0305996024066699,0.45556498546738,0.0331198034192927,FALSE,TRUE,TRUE,FALSE,"Rpv12+1",0,"Rpv12+1|0"
"Vitvi10g04281",355.526960656898,3.59117136230528,2.68423667982191,1.33627197485127,3.54623621481022,0.000390775753400912,0.00360297584610212,0.00525537729973904,0.139888609596434,0.0280339190331193,FALSE,TRUE,TRUE,FALSE,"Rpv12+1",0,"Rpv12+1|0"
"Vitvi05g04111",345.81506686122,1.6380252262673,1.37776850736032,0.49796062134627,3.545166280273,0.00039236548194764,0.00361627984035243,0.0836589455339553,0.813901529195895,0.0686575222833799,FALSE,TRUE,TRUE,FALSE,"Rpv12+1",0,"Rpv12+1|0"
"Vitvi14g01942",16.6754770511465,-3.04998469141645,-2.54837473664515,0.903118772052589,-3.54372689409407,0.000394513683227394,0.00363336041121124,0.00861437634156762,0.196292221880721,0.0103956639013892,FALSE,TRUE,TRUE,FALSE,"Rpv12+1",0,"Rpv12+1|0"
"Vitvi18g02513",419.954474615406,-1.35746111013353,-1.18247933168694,0.394377363231194,-3.54337332471761,0.000395043043910209,0.00363687609483255,0.175389646515812,1,0.103593657846984,FALSE,TRUE,TRUE,FALSE,"Rpv12+1",0,"Rpv12+1|0"
"Vitvi05g02249",2.52979226059455,6.89282053415973,6.43652536703948,3.03985243148372,3.5424737622492,0.000396392854013442,0.00364694503018743,0.0012536211740583,0.048367959133025,0.00884507486446645,TRUE,TRUE,TRUE,TRUE,"Rpv12+1",0,"Rpv12+1|0"
"Vitvi06g04387",1030.01145146191,3.540084575791,2.69093257898277,1.29951899757506,3.54244717550693,0.000396432813396734,0.00364694503018743,0.00551725320186885,0.144181644862824,0.0249876047158314,FALSE,TRUE,TRUE,FALSE,"Rpv12+1",0,"Rpv12+1|0"
"Vitvi10g01103",17.4193949779737,-3.50424744100378,-2.84309315480033,1.1091792749805,-3.54085724958779,0.000398829296689931,0.00366351922194375,0.0056991314620632,0.146656060657595,0.0119100113952636,FALSE,TRUE,TRUE,FALSE,"Rpv12+1",0,"Rpv12+1|0"
"Vitvi05g00062",1805.33371609561,1.31028230592175,1.13399160551828,0.396682561549792,3.53954318501504,0.000400820185202484,0.00368043461895207,0.200963695263507,1,0.123159684609715,FALSE,TRUE,TRUE,FALSE,"Rpv12+1",0,"Rpv12+1|0"
"Vitvi16g04402",154.68101380003,2.75506436291323,2.1467750599556,0.976726313711973,3.53908477908267,0.000401516879977425,0.00368408560712247,0.0120827397328095,0.249465184428227,0.0328841774792668,FALSE,TRUE,TRUE,FALSE,"Rpv12+1",0,"Rpv12+1|0"
"Vitvi12g02119",16.453774355494,-2.48468068915759,-2.06295518726789,0.752999492376515,-3.53909592496616,0.000401499926823266,0.00368408560712247,0.0172268535221135,0.311644025784902,0.0207189847094228,FALSE,TRUE,TRUE,FALSE,"Rpv12+1",0,"Rpv12+1|0"
"Vitvi05g00472",6457.28447229279,1.28082337871777,1.12402515620251,0.382098887979476,3.53828312361883,0.000402737972320671,0.00369253914629403,0.218940493956153,1,0.124929071492113,FALSE,TRUE,TRUE,FALSE,"Rpv12+1",0,"Rpv12+1|0"
"Vitvi05g01470",2753.03459137395,1.32429225593961,1.15012683476146,0.395462642002783,3.53663298786221,0.0004052624092658,0.00371292105417339,0.193231499712663,1,0.117029797467169,FALSE,TRUE,TRUE,FALSE,"Rpv12+1",0,"Rpv12+1|0"
"Vitvi15g04157",5.03417228530473,-6.32546930929683,-5.6215772930896,2.99264416051581,-3.53320588064116,0.000410552621570451,0.00375719702266331,0.00148807812458735,0.0555301507290736,0.0157030371072598,FALSE,TRUE,TRUE,FALSE,"Rpv12+1",0,"Rpv12+1|0"
"Vitvi13g02246",16.8063448256516,5.91446235304936,4.93605509877531,2.6034584485584,3.53220605549878,0.000412108100984828,0.00375886530020815,0.00168597078415611,0.0602504231458191,0.0165652813790797,FALSE,TRUE,TRUE,FALSE,"Rpv12+1",0,"Rpv12+1|0"
"Vitvi09g01329",9.75802829755689,4.78676648125746,4.15945867775296,2.05631913768084,3.5323185271878,0.000411932848619652,0.00375886530020815,0.0026096942880091,0.0837631814478897,0.0159438188707866,FALSE,TRUE,TRUE,FALSE,"Rpv12+1",0,"Rpv12+1|0"
"Vitvi03g00124",330.219638848054,2.98207145187477,2.29999598739883,1.08866071446684,3.53243185054025,0.000411756339604324,0.00375886530020815,0.00944161385699745,0.209622120016915,0.0314119482564229,FALSE,TRUE,TRUE,FALSE,"Rpv12+1",0,"Rpv12+1|0"
"Vitvi19g00633",109.785790996422,-1.73789456867785,-1.48298301563162,0.509169171508787,-3.53275988427446,0.000411245802331206,0.00375886530020815,0.066810010727422,0.719109368872559,0.0507034577954339,FALSE,TRUE,TRUE,FALSE,"Rpv12+1",0,"Rpv12+1|0"
"Vitvi12g00443",1098.26291774598,1.51119106549305,1.2906243686649,0.462523770975437,3.5322802943986,0.000411992414793907,0.00375886530020815,0.116069786567521,0.97503839011554,0.0825832826766565,FALSE,TRUE,TRUE,FALSE,"Rpv12+1",0,"Rpv12+1|0"
"Vitvi02g01277",46.5366329237359,-1.39002097859414,-1.21252562444386,0.395745344573381,-3.53234834276227,0.000411886401935892,0.00375886530020815,0.160811323113731,1,0.0941694682300924,FALSE,TRUE,TRUE,FALSE,"Rpv12+1",0,"Rpv12+1|0"
"Vitvi07g04304",4.73488433753482,5.25281804632264,5.15556993530768,1.99672738474909,3.53205262723334,0.000412347283812111,0.00375965495336609,0.00213368504581701,0.0723930831563258,0.00395925751051501,FALSE,TRUE,TRUE,FALSE,"Rpv12+1",0,"Rpv12+1|0"
"Vitvi14g00193",45.8332950714243,1.8880875594239,1.60050443380824,0.571031929154846,3.53160354606837,0.000413048112059131,0.00376465160513827,0.0483429435001878,0.599054030801238,0.0417279373007823,FALSE,TRUE,TRUE,FALSE,"Rpv12+1",0,"Rpv12+1|0"
"Vitvi00g04249",5.85113110038718,6.1331081791265,5.63628083295686,2.73608799996397,3.53141754269653,0.000413338711370679,0.00376590698717753,0.00158022035387759,0.0574229371771866,0.0111932532860443,FALSE,TRUE,TRUE,FALSE,"Rpv12+1",0,"Rpv12+1|0"
"Vitvi04g01227",632.723695029568,1.25702161273982,1.1008140103767,0.370891173032249,3.53100403933562,0.000413985425803037,0.0037704047874616,0.235153414264828,1,0.133589993307675,FALSE,TRUE,TRUE,FALSE,"Rpv12+1",0,"Rpv12+1|0"
"Vitvi05g00421",51.7560803471311,-3.68540435381432,-3.0402761627387,1.125057768745,-3.53041560585149,0.000414907358348959,0.00377600948662171,0.00505236885608988,0.136816684168173,0.00819973022891085,FALSE,TRUE,TRUE,FALSE,"Rpv12+1",0,"Rpv12+1|0"
"Vitvi03g01085",186.710262385183,-1.20728342681777,-1.06416138107716,0.349376886036175,-3.5302844406259,0.00041511312362528,0.00377648704343885,0.272214558526929,1,0.149386647655787,FALSE,TRUE,TRUE,FALSE,"Rpv12+1",0,"Rpv12+1|0"
"Vitvi08g01052",66.1464499381139,3.09758509393189,2.45600543187376,1.05353424471145,3.5294590941192,0.000416410073077671,0.00378688761917369,0.00842486825879147,0.192982599633736,0.021718584659307,FALSE,TRUE,TRUE,FALSE,"Rpv12+1",0,"Rpv12+1|0"
"Vitvi04g01907",46.6613654908804,4.25760418012456,3.47905496985492,1.35557712288127,3.52714652304972,0.000420064232350663,0.00380887097099409,0.0034870556238198,0.104848147199428,0.007854142225115,FALSE,TRUE,TRUE,FALSE,"Rpv12+1",0,"Rpv12+1|0"
"Vitvi11g01650",563.355082003194,1.69839115567477,1.43971121453777,0.520775068207401,3.52646045898977,0.000421154047882175,0.00381734772760311,0.0735143611216236,0.757409284198721,0.0605395509544398,FALSE,TRUE,TRUE,FALSE,"Rpv12+1",0,"Rpv12+1|0"
"Vitvi00g04731",768.799021252839,3.38695706875701,2.54867869143697,1.28717341917797,3.52614616852044,0.000421654180882135,0.00381907073537216,0.0064791229210177,0.158961616765123,0.0310067632927362,FALSE,TRUE,TRUE,FALSE,"Rpv12+1",0,"Rpv12+1|0"
"Vitvi07g00236",32.752352376329,-2.40083579239848,-2.01397807950131,0.714227028990482,-3.52518612296194,0.000423185345969793,0.00382871618924415,0.0198496670946624,0.343759678085844,0.0202997709463283,FALSE,TRUE,TRUE,FALSE,"Rpv12+1",0,"Rpv12+1|0"
"Vitvi02g00231",25.4573707880999,4.14224889132842,3.09981100526903,1.57283932267699,3.52359877279206,0.000425728385747229,0.00384946231109652,0.00376546496824138,0.110675054049692,0.023525075255573,FALSE,TRUE,TRUE,FALSE,"Rpv12+1",0,"Rpv12+1|0"
"Vitvi06g01737",71.6124083964145,-1.50511753388578,-1.30277007651189,0.438207072185642,-3.52349593787124,0.000425893625247905,0.00384946231109652,0.118506570697292,0.986951092922783,0.0759789002002602,FALSE,TRUE,TRUE,FALSE,"Rpv12+1",0,"Rpv12+1|0"
"Vitvi08g01326",54.1086596157931,-1.18672876975828,-1.04108798248976,0.347949982288313,-3.52346262845423,0.000425947161067101,0.00384946231109652,0.289649849808142,1,0.161863990033226,FALSE,TRUE,TRUE,FALSE,"Rpv12+1",0,"Rpv12+1|0"
"Vitvi18g00901",12.0988233354647,3.88272664326345,3.14516100142873,1.24423266013888,3.52335749200564,0.00042611618050446,0.00384957763949683,0.00445415085523045,0.124883314278642,0.010165979081106,FALSE,TRUE,TRUE,FALSE,"Rpv12+1",0,"Rpv12+1|0"
"Vitvi10g04691",5.0911344449558,5.26431134158093,4.69714401390386,2.31923643309591,3.52151740486442,0.000429084499139929,0.00387355284749406,0.00218224363468182,0.0733744360406706,0.013868372304084,FALSE,TRUE,TRUE,FALSE,"Rpv12+1",0,"Rpv12+1|0"
"Vitvi11g01667",100.416376461511,1.97666090352072,1.73119393093498,0.575222337445163,3.521000952213,0.000429921072791755,0.00387968335139109,0.0409547121160245,0.543824524996489,0.026889564707693,FALSE,TRUE,TRUE,FALSE,"Rpv12+1",0,"Rpv12+1|0"
"Vitvi03g01495",1334.88175246972,-2.52494480410523,-2.09673590307948,0.763209491285925,-3.52025298714836,0.000431135360983885,0.00388779310146376,0.0167494559567341,0.306827043678016,0.0194718199999514,FALSE,TRUE,TRUE,FALSE,"Rpv12+1",0,"Rpv12+1|0"
"Vitvi06g00039",88.8882023376782,-1.76816804278728,-1.48479121773328,0.544525090067217,-3.51911700284909,0.000432985707274698,0.00390019593580237,0.0631501682366984,0.696142120060596,0.0564970647160959,FALSE,TRUE,TRUE,FALSE,"Rpv12+1",0,"Rpv12+1|0"
"Vitvi01g00319",282.217786806605,-1.68899775387484,-1.44496774926159,0.49642381183232,-3.51891819544258,0.000433310295721762,0.00390026760884229,0.075574835167001,0.768647788932184,0.0557912805533632,FALSE,TRUE,TRUE,FALSE,"Rpv12+1",0,"Rpv12+1|0"
"Vitvi01g01803",240.48567239332,2.14356911833115,1.75322962293954,0.700029116266176,3.5169147754095,0.000436593938358805,0.00392408911543507,0.0303117709782116,0.452715400047779,0.0398017754281639,FALSE,TRUE,TRUE,FALSE,"Rpv12+1",0,"Rpv12+1|0"
"Vitvi13g00014",32.6904670710626,2.48237117254154,2.07749254599878,0.745306272644336,3.51561891178817,0.00043873023935227,0.00394041493863745,0.0178919071992969,0.318824523451232,0.0190176947527412,FALSE,TRUE,TRUE,FALSE,"Rpv12+1",0,"Rpv12+1|0"
"Vitvi04g02210",27.2779101037167,3.26280256709048,2.62522298385507,1.0552972393381,3.51532322992333,0.000439219052173783,0.00394336755442906,0.0073880161110241,0.175057167978514,0.0158632842773463,FALSE,TRUE,TRUE,FALSE,"Rpv12+1",0,"Rpv12+1|0"
"Vitvi02g01003",314.863249444933,1.39783219913509,1.18608542333035,0.440810946616491,3.51498866293416,0.000439772761818056,0.00394690045907091,0.158561195963753,1,0.110380833530182,FALSE,TRUE,TRUE,FALSE,"Rpv12+1",0,"Rpv12+1|0"
"Vitvi10g00663",174.52317290298,2.16543618589346,1.75584116193562,0.718008796112994,3.51467922913571,0.000440285455885944,0.00394991696166932,0.0292724327119231,0.442111759417549,0.0415341417171493,FALSE,TRUE,TRUE,FALSE,"Rpv12+1",0,"Rpv12+1|0"
"Vitvi06g04224",85.8128205100298,-1.44237099326101,-1.24974451026618,0.420561840333751,-3.51292775408805,0.000443197968660893,0.00397329881947954,0.140649745878916,1,0.0872075316493473,FALSE,TRUE,TRUE,FALSE,"Rpv12+1",0,"Rpv12+1|0"
"Vitvi13g04503",267.051654604272,-1.14214692801781,-1.00072394910007,0.341381112952284,-3.51256665394056,0.000443800670652544,0.00397725475525503,0.33099778257745,1,0.185248663920349,FALSE,TRUE,TRUE,FALSE,"Rpv12+1",0,"Rpv12+1|0"
"Vitvi19g04574",4022.01494948884,-1.26868754076903,-1.11193457568554,0.36611564504558,-3.51171872331908,0.000445218936189849,0.00398706423554094,0.228521329343031,1,0.127555763647396,FALSE,TRUE,TRUE,FALSE,"Rpv12+1",0,"Rpv12+1|0"
"Vitvi18g00775",1146.93151546801,2.04860239211948,1.67601454637819,0.674606012589533,3.51028837124977,0.000447620962203751,0.00400566292221272,0.0361850160139405,0.501635510016189,0.0456286239622337,FALSE,TRUE,TRUE,FALSE,"Rpv12+1",0,"Rpv12+1|0"
"Vitvi06g01600",30.3913303875847,4.09311584121414,3.29434063005369,1.33528315264864,3.50880848007147,0.000450118907318807,0.0040236318580211,0.00401234368613018,0.115683060295562,0.0102971185067235,FALSE,TRUE,TRUE,FALSE,"Rpv12+1",0,"Rpv12+1|0"
"Vitvi03g00354",61.0619142693895,1.80947440222709,1.4957561971537,0.581521041771042,3.5083943097452,0.000450820322118951,0.00402844013627946,0.0582667102508443,0.670272151913736,0.0596646302572817,FALSE,TRUE,TRUE,FALSE,"Rpv12+1",0,"Rpv12+1|0"
"Vitvi19g04513",193.545863980618,-1.26347966622281,-1.10925953150501,0.370584260214591,-3.50785237246526,0.000451739656263029,0.00403372894950924,0.232233907112212,1,0.129345774541584,FALSE,TRUE,TRUE,FALSE,"Rpv12+1",0,"Rpv12+1|0"
"Vitvi18g00316",469.279286606965,3.14633186948295,2.4274281691696,1.1463949449756,3.5073581259967,0.000452579613570542,0.00403830183264175,0.00836633733787757,0.191978086334684,0.028749361655986,FALSE,TRUE,TRUE,FALSE,"Rpv12+1",0,"Rpv12+1|0"
"Vitvi06g01607",45.9785559055327,-3.01403532961124,-2.37455449787305,1.0198785401324,-3.50700103904407,0.000453187378994254,0.00404226077802406,0.00955480869276266,0.210568020719443,0.0230126181688803,FALSE,TRUE,TRUE,FALSE,"Rpv12+1",0,"Rpv12+1|0"
"Vitvi14g04415",1027.78271810154,2.48687019995267,2.0391849773027,0.793173546188091,3.50659696006194,0.000453876043863313,0.00404693818914824,0.0180170336576998,0.320617403708686,0.0246685143504979,FALSE,TRUE,TRUE,FALSE,"Rpv12+1",0,"Rpv12+1|0"
"Vitvi04g01349",10.4812971647379,-5.53993538544043,-5.04486971512474,2.725600257994,-3.5057794428684,0.000455272311976712,0.00405791920327724,0.00205070036992271,0.0700316853483134,0.0174165985419404,FALSE,TRUE,TRUE,FALSE,"Rpv12+1",0,"Rpv12+1|0"
"Vitvi07g00181",3294.81911462791,1.51497646892167,1.29271551986076,0.465951029947234,3.50524504016091,0.000456187203689489,0.00406460323692378,0.116725541151218,0.978347783074243,0.0826670060971807,FALSE,TRUE,TRUE,FALSE,"Rpv12+1",0,"Rpv12+1|0"
"Vitvi01g00864",1140.03107234864,2.03493261539538,1.67007666117416,0.656143005215475,3.50494736916122,0.000456697556930172,0.00406767932484878,0.0373292695670788,0.511964888177954,0.0438275700473512,FALSE,TRUE,TRUE,FALSE,"Rpv12+1",0,"Rpv12+1|0"
"Vitvi10g01682",105.290023941778,-4.32881009881926,-3.48420029552102,1.40752617951748,-3.50357012958308,0.000459065759638959,0.00408581793875195,0.00353584934091068,0.105707751895866,0.00921086346525399,FALSE,TRUE,TRUE,FALSE,"Rpv12+1",0,"Rpv12+1|0"
"Vitvi06g00040",45.9688687358605,3.27746976962113,2.62507661111259,1.09589000245839,3.50329671194948,0.000459537270206409,0.00408768601598641,0.00746078968214172,0.176143318858434,0.0175037368637349,FALSE,TRUE,TRUE,FALSE,"Rpv12+1",0,"Rpv12+1|0"
"Vitvi10g04364",84.3316803221535,-1.69130922291565,-1.45562322922258,0.49578537620845,-3.50325601226929,0.000459607495708815,0.00408768601598641,0.0760822129777402,0.771978848706831,0.0533988825680632,FALSE,TRUE,TRUE,FALSE,"Rpv12+1",0,"Rpv12+1|0"
"Vitvi07g02382",49.8427304269699,-3.87753277242945,-3.17141933825276,1.21093828264846,-3.50161193621219,0.000462452663041702,0.00411002301828837,0.004686076144056,0.12958040787776,0.00866719259483372,FALSE,TRUE,TRUE,FALSE,"Rpv12+1",0,"Rpv12+1|0"
"Vitvi01g00979",335.439529995767,1.67787362863446,1.40530377283316,0.53136485872918,3.50140870221927,0.000462805510091956,0.00411019341983613,0.0785935639139338,0.787109126502524,0.0683476118092649,FALSE,TRUE,TRUE,FALSE,"Rpv12+1",0,"Rpv12+1|0"
"Vitvi14g01264",964.012700034502,1.39206966064097,1.20310042684537,0.418298066256366,3.50149236637789,0.000462660225186335,0.00411019341983613,0.162022808104542,1,0.100082701838099,FALSE,TRUE,TRUE,FALSE,"Rpv12+1",0,"Rpv12+1|0"
"Vitvi18g00616",1476.23797340723,2.11726474690222,1.73492554277102,0.69223729002235,3.50049405201059,0.000464396601934297,0.00412283772441562,0.032360330889665,0.469844798360759,0.0407607388408289,FALSE,TRUE,TRUE,FALSE,"Rpv12+1",0,"Rpv12+1|0"
"Vitvi18g00840",896.859612362976,-1.68995559103989,-1.44697382095976,0.493805955398361,-3.49966012740424,0.000465851712888091,0.0041342661378642,0.0765307459286732,0.773557875868687,0.05480202177336,FALSE,TRUE,TRUE,FALSE,"Rpv12+1",0,"Rpv12+1|0"
"Vitvi01g00437",1471.66483280514,-2.20755933794121,-1.83696120323135,0.678103135022983,-3.49901615580372,0.000466978285293615,0.00414277170921624,0.0278102319598389,0.428943312404143,0.0293032401059264,FALSE,TRUE,TRUE,FALSE,"Rpv12+1",0,"Rpv12+1|0"
"Vitvi11g00783",13.5643104140577,3.72671778973484,2.98053774302257,1.20836227271202,3.49860380019944,0.000467700999943521,0.00414768964528746,0.0052409592266959,0.139762851429827,0.0123386230163798,FALSE,TRUE,TRUE,FALSE,"Rpv12+1",0,"Rpv12+1|0"
"Vitvi12g02204",56.1339795100125,2.15486383339209,1.78701692248433,0.676970383256667,3.49847238342525,0.000467931546610069,0.00414824094360765,0.0304000391278625,0.453383479786633,0.0336531161924295,FALSE,TRUE,TRUE,FALSE,"Rpv12+1",0,"Rpv12+1|0"
"Vitvi10g04209",97.618239117644,2.63582785211563,2.09626910854252,0.899075399758495,3.49790120307926,0.000468934810306391,0.00415542248336784,0.0149722819598173,0.28463657251952,0.030149327127328,FALSE,TRUE,TRUE,FALSE,"Rpv12+1",0,"Rpv12+1|0"
"Vitvi14g00574",32.1652868317254,1.80553624945483,1.53567502997805,0.538016835397932,3.49710696831944,0.00047033319896086,0.00416503547433492,0.0593531495351726,0.677703639760184,0.0463656357780395,FALSE,TRUE,TRUE,FALSE,"Rpv12+1",0,"Rpv12+1|0"
"Vitvi14g02836",11.4501126048127,-4.35392590856294,-3.52867300161863,1.34786202617117,-3.49698185311918,0.000470553840423565,0.00416549206348363,0.00354063045952276,0.105729854098922,0.00686471200492373,FALSE,TRUE,TRUE,FALSE,"Rpv12+1",0,"Rpv12+1|0"
"Vitvi12g02641",754.860202565841,1.36213415734372,1.16173689193139,0.416291350894487,3.49589213633043,0.000472479650095959,0.00418103759330605,0.176338163508829,1,0.115749415595955,FALSE,TRUE,TRUE,FALSE,"Rpv12+1",0,"Rpv12+1|0"
"Vitvi12g00627",112.613772646557,3.43600507909505,2.61864811098632,1.27350534205181,3.49558437102854,0.000473024880512046,0.00418435940980063,0.00660472554848406,0.160569717121556,0.026944049861814,FALSE,TRUE,TRUE,FALSE,"Rpv12+1",0,"Rpv12+1|0"
"Vitvi14g02990",97.5682859525907,2.24151253234894,1.86953126815565,0.686192104349364,3.49440117281126,0.000475126479480097,0.00419692217585933,0.026467563528391,0.414589816969569,0.027216638824191,FALSE,TRUE,TRUE,FALSE,"Rpv12+1",0,"Rpv12+1|0"
"Vitvi16g00855",44.4954483448134,2.26783758345626,1.86775724194851,0.722728274340117,3.49282619042763,0.000477937481171148,0.00421721625577808,0.0254296516320904,0.405214499229293,0.0311797748950694,FALSE,TRUE,TRUE,FALSE,"Rpv12+1",0,"Rpv12+1|0"
"Vitvi18g01285",19962.7811457809,3.14775398063684,2.5355523894372,1.05738487252336,3.49209459671618,0.00047924848669416,0.00422273452009918,0.00859514482623409,0.196068824769886,0.0186557306015016,FALSE,TRUE,TRUE,FALSE,"Rpv12+1",0,"Rpv12+1|0"
"Vitvi13g02241",143.45627145933,-1.23947413864436,-1.08914948043507,0.359364074186635,-3.49170523116971,0.000479947591105179,0.00422587164205403,0.249958852798157,1,0.13755568173969,FALSE,TRUE,TRUE,FALSE,"Rpv12+1",0,"Rpv12+1|0"
"Vitvi07g01520",13.0273020138889,4.98320206884071,3.92255391781646,1.57683585326257,3.49097759563334,0.000481256608463669,0.00423437064503963,0.00264577025961669,0.0846238962604402,0.00732372981471757,FALSE,TRUE,TRUE,FALSE,"Rpv12+1",0,"Rpv12+1|0"
"Vitvi06g00182",1162.81260532957,4.10292672691711,3.21387859884806,1.46821994807255,3.48981896833857,0.00048334785518645,0.00424973510363076,0.0041615861738187,0.118781519725556,0.0167753883542764,FALSE,TRUE,TRUE,FALSE,"Rpv12+1",0,"Rpv12+1|0"
"Vitvi06g00455",142.522539597001,-2.07498937046435,-1.73242767499848,0.631374459973028,-3.48971242858234,0.000483540577397287,0.00424986299469409,0.0353100055561645,0.494644577585493,0.0340098644828506,FALSE,TRUE,TRUE,FALSE,"Rpv12+1",0,"Rpv12+1|0"
"Vitvi07g04762",136.321448101337,-1.57535722108731,-1.36451809346034,0.45765077178248,-3.48829211960716,0.000486116662558709,0.00426798649279985,0.10133070607875,0.905297110762982,0.0655195659381385,FALSE,TRUE,TRUE,FALSE,"Rpv12+1",0,"Rpv12+1|0"
"Vitvi01g01968",45.102366025575,-1.46438379463956,-1.26013423011315,0.436839961723617,-3.48837468958457,0.00048596655154624,0.00426798649279985,0.134313582773881,1,0.0869533315989515,FALSE,TRUE,TRUE,FALSE,"Rpv12+1",0,"Rpv12+1|0"
"Vitvi17g01373",104.915412716438,1.75959151154187,1.48197372554045,0.537101537628783,3.48741881965778,0.000487706958610641,0.00427889908558823,0.0661015551577697,0.713935004695334,0.0555086398251907,FALSE,TRUE,TRUE,FALSE,"Rpv12+1",0,"Rpv12+1|0"
"Vitvi14g01269",51.8942154188504,-1.36353228296025,-1.18553905766928,0.400227518840777,-3.48742199061628,0.000487701175467719,0.00427889908558823,0.17624147103845,1,0.103413141601189,FALSE,TRUE,TRUE,FALSE,"Rpv12+1",0,"Rpv12+1|0"
"Vitvi19g01784",4594.41946645825,2.20304621259468,1.86162215233933,0.665922574983863,3.48725433891148,0.00048800702365026,0.00428000748830466,0.0284337750546414,0.435496460222867,0.0253109533401669,FALSE,TRUE,TRUE,FALSE,"Rpv12+1",0,"Rpv12+1|0"
"Vitvi13g04233",22.9379039602351,-2.44554372286646,-2.03367390228227,0.73495492360467,-3.48689954650775,0.000488654863825562,0.00428416413708418,0.0196480657061923,0.341057565234429,0.0209527414918325,FALSE,TRUE,TRUE,FALSE,"Rpv12+1",0,"Rpv12+1|0"
"Vitvi08g00959",138.828826361846,3.56931732277521,2.92324692710063,1.24180985334056,3.48423288191486,0.000493549841858437,0.00432544024869772,0.00607371065113914,0.153361193941263,0.0155037121232248,FALSE,TRUE,TRUE,FALSE,"Rpv12+1",0,"Rpv12+1|0"
"Vitvi05g04064",1509.10229177799,-1.18175916859601,-1.04811928397531,0.337406709303539,-3.48414388338702,0.000493713994939843,0.00432544024869772,0.296022500778657,1,0.158034579365577,FALSE,TRUE,TRUE,FALSE,"Rpv12+1",0,"Rpv12+1|0"
"Vitvi03g00860",100.29017483413,4.33452562347491,3.22630431911133,1.79250883680776,3.48344974806607,0.000494996038931478,0.00433513061326552,0.00369238262491856,0.109016971879508,0.0290253986637418,FALSE,TRUE,TRUE,FALSE,"Rpv12+1",0,"Rpv12+1|0"
"Vitvi09g00792",34.7305315511412,-3.37171761576832,-2.76909417545361,1.02814988668794,-3.48328270619637,0.000495305022562327,0.0043362951442237,0.00714210460307938,0.17062129160909,0.0102314683316522,FALSE,TRUE,TRUE,FALSE,"Rpv12+1",0,"Rpv12+1|0"
"Vitvi12g00558",120.223007684213,-1.38176161233057,-1.19172649885455,0.411828868952351,-3.48232181798981,0.000497085909195821,0.00434925697233426,0.167995336094447,1,0.103142455935588,FALSE,TRUE,TRUE,FALSE,"Rpv12+1",0,"Rpv12+1|0"
"Vitvi03g00819",340.12914166279,-1.27635109402981,-1.10987187986467,0.376436049623847,-3.48229341355498,0.000497138644020672,0.00434925697233426,0.225432404379532,1,0.130005557303353,FALSE,TRUE,TRUE,FALSE,"Rpv12+1",0,"Rpv12+1|0"
"Vitvi19g00255",3678.58394600329,1.72638516500981,1.47550230383783,0.511136882333748,3.48140257316407,0.00049879520137734,0.00435755978054331,0.0714853787053265,0.744717650956845,0.052561852572431,FALSE,TRUE,TRUE,FALSE,"Rpv12+1",0,"Rpv12+1|0"
"Vitvi16g01512",122.350433356905,-1.46555520789656,-1.26404990279863,0.433092482310855,-3.48087319037847,0.00049978204871331,0.00436463330453779,0.134417229958698,1,0.0854326880299275,FALSE,TRUE,TRUE,FALSE,"Rpv12+1",0,"Rpv12+1|0"
"Vitvi04g00836",236.309406809934,2.5571557624899,2.04651366508687,0.863546641554863,3.4793796372054,0.000502576073108651,0.00438281916357689,0.0170570729229391,0.310505198741241,0.0304913435519962,FALSE,TRUE,TRUE,FALSE,"Rpv12+1",0,"Rpv12+1|0"
"Vitvi02g01373",15.7946001139725,-5.87610340935697,-5.3980674373152,2.91511777550364,-3.47771258490217,0.000505711861638915,0.00440646952139155,0.00197520200252874,0.0678965955113656,0.0166912470649904,FALSE,TRUE,TRUE,FALSE,"Rpv12+1",0,"Rpv12+1|0"
"Vitvi14g02502",14.3517763406303,3.80891192256727,2.94182508818766,1.37251776283279,3.47780018899087,0.000505546621986678,0.00440646952139155,0.00516843628107078,0.138525742496445,0.0204393499624535,FALSE,TRUE,TRUE,FALSE,"Rpv12+1",0,"Rpv12+1|0"
"Vitvi17g00162",271.03740354023,2.02138420672959,1.70109490383727,0.618578194646714,3.4763236749867,0.000508338372996733,0.00442211304984022,0.0394973865648356,0.530124235582112,0.0356988894058888,FALSE,TRUE,TRUE,FALSE,"Rpv12+1",0,"Rpv12+1|0"
"Vitvi10g04650",1170.53098359893,1.92641889647816,1.57208331056531,0.645885290676357,3.47474065958702,0.000511347453854511,0.00444671933397802,0.0473599078717535,0.590508975222688,0.0568516774781138,FALSE,TRUE,TRUE,FALSE,"Rpv12+1",0,"Rpv12+1|0"
"Vitvi18g04663",7.3318731193552,-6.94130013411326,-5.60578171570423,2.31762407750833,-3.47213875112773,0.000516329399729577,0.00448371205207538,0.00151528133153485,0.0560042418436588,0.0050936401889063,FALSE,TRUE,TRUE,FALSE,"Rpv12+1",0,"Rpv12+1|0"
"Vitvi15g00847",28.3374054379808,-2.11204265401293,-1.77844842192803,0.640257341547037,-3.47177599723931,0.000517027557140107,0.00448819270532195,0.0337767434685608,0.482295760040437,0.0303199333519077,FALSE,TRUE,TRUE,FALSE,"Rpv12+1",0,"Rpv12+1|0"
"Vitvi05g00913",244.711650877822,1.63823034795545,1.38335687020022,0.507515175804677,3.47090682268738,0.000518703955021528,0.00450014890247085,0.0881534389477244,0.841955116425698,0.0689678585865009,FALSE,TRUE,TRUE,FALSE,"Rpv12+1",0,"Rpv12+1|0"
"Vitvi08g01662",30.0601713072361,-1.98119374680017,-1.67387490903006,0.597514473435474,-3.46922938253068,0.000521953606709303,0.00452457742958846,0.0428848043003714,0.558399002336195,0.0360037833916619,FALSE,TRUE,TRUE,FALSE,"Rpv12+1",0,"Rpv12+1|0"
"Vitvi14g04154",3304.55700106037,1.17891739618546,1.03853477062281,0.351127132365637,3.46858044163173,0.000523215861760126,0.00453073672067573,0.299303017914108,1,0.163014399888132,FALSE,TRUE,TRUE,FALSE,"Rpv12+1",0,"Rpv12+1|0"
"Vitvi03g00712",8014.72215424392,-2.0372454362731,-1.7186941434557,0.606590409589399,-3.46739088848226,0.00052553705184535,0.00454763990490412,0.0387491294668532,0.525473549882537,0.0318802440412173,FALSE,TRUE,TRUE,FALSE,"Rpv12+1",0,"Rpv12+1|0"
"Vitvi11g00479",133.267414395254,-2.42747137238138,-2.03881047597352,0.72898874849916,-3.46529004115889,0.000529659918014884,0.00457367744136511,0.0207875029529344,0.353651906508963,0.0200229422587417,FALSE,TRUE,TRUE,FALSE,"Rpv12+1",0,"Rpv12+1|0"
"Vitvi08g00916",8885.35552173554,1.21892220393465,1.07528313715718,0.353132435447844,3.46494117618605,0.000530347468899967,0.00457579266846709,0.266867653110002,1,0.143178356656345,FALSE,TRUE,TRUE,FALSE,"Rpv12+1",0,"Rpv12+1|0"
"Vitvi11g00360",8161.15276702739,2.31097145496895,1.87567699050018,0.771727259815219,3.46461353447008,0.000530993949762786,0.0045787773700931,0.0246836710773994,0.39792677900744,0.0353943215088083,FALSE,TRUE,TRUE,FALSE,"Rpv12+1",0,"Rpv12+1|0"
"Vitvi12g00373",1177.43491463838,1.29447082816523,1.10965484769229,0.398847514484141,3.46379450573715,0.000532613216433818,0.00458952752712961,0.215361135991975,1,0.133022887295696,FALSE,TRUE,TRUE,FALSE,"Rpv12+1",0,"Rpv12+1|0"
"Vitvi05g02138",719.076720092933,1.40222988570241,1.19736061313191,0.435730114529174,3.4634691532407,0.000533257732950214,0.00459347465348303,0.160233973891797,1,0.105216251831763,FALSE,TRUE,TRUE,FALSE,"Rpv12+1",0,"Rpv12+1|0"
"Vitvi08g01950",379.561102866104,2.55962661387095,2.00675922657379,0.909446200823506,3.46209868149078,0.000535980595080487,0.00461370298406809,0.0174506365422443,0.314171508127026,0.0373035340916417,FALSE,TRUE,TRUE,FALSE,"Rpv12+1",0,"Rpv12+1|0"
"Vitvi10g00957",12.4940423927338,3.10975172229352,2.44520417678686,1.06936482407262,3.45866938402484,0.000542850813482695,0.0046638834974999,0.0094785688674606,0.209964582970855,0.0228606797407374,FALSE,TRUE,TRUE,FALSE,"Rpv12+1",0,"Rpv12+1|0"
"Vitvi08g00930",3989.01063226256,-1.44833292852407,-1.26057499409597,0.438167161349595,-3.45801880945265,0.000544163391065654,0.00467077526568588,0.142212175995434,1,0.0871227698511147,FALSE,TRUE,TRUE,FALSE,"Rpv12+1",0,"Rpv12+1|0"
"Vitvi14g00109",44.8280865026752,-1.95128676260531,-1.65619236457086,0.57958278334532,-3.45730376257315,0.000545609456251208,0.00467860583508693,0.0459464803627929,0.578954146659092,0.0357597660407287,FALSE,TRUE,TRUE,FALSE,"Rpv12+1",0,"Rpv12+1|0"
"Vitvi08g01032",136.177877237984,-1.42142914796744,-1.24505551702438,0.416063087462201,-3.45549109406458,0.000549291337783393,0.00470526474187471,0.152801164059093,1,0.0879700870464783,FALSE,TRUE,TRUE,FALSE,"Rpv12+1",0,"Rpv12+1|0"
"Vitvi19g04230",39.437773951234,1.97549458498884,1.63663489111918,0.618656574122353,3.45513669041292,0.000550013899949315,0.00470981662813741,0.043991256516202,0.567439486788623,0.0430993346385147,FALSE,TRUE,TRUE,FALSE,"Rpv12+1",0,"Rpv12+1|0"
"Vitvi09g00382",4.7122858941967,-6.26294908329013,-5.87012606332766,3.02010234372982,-3.45482663666102,0.000550646767081363,0.00471196031740759,0.00187768774003603,0.0652082046310418,0.0133008447045199,FALSE,TRUE,TRUE,FALSE,"Rpv12+1",0,"Rpv12+1|0"
"Vitvi17g01394",312.510021772534,-1.34839321148604,-1.18178370676756,0.389957055942313,-3.45324516697058,0.000553885355813428,0.0047298161614626,0.186132787077372,1,0.103052266653145,FALSE,TRUE,TRUE,FALSE,"Rpv12+1",0,"Rpv12+1|0"
"Vitvi06g00761",7333.60040853091,3.89621097488408,2.95780962959224,1.49577460772441,3.45296088479466,0.00055446939672328,0.00473316287514717,0.00514034586668184,0.138399584957738,0.0247214107577072,FALSE,TRUE,TRUE,FALSE,"Rpv12+1",0,"Rpv12+1|0"
"Vitvi12g04132",53.9428179346495,-1.96527141368229,-1.66880316873863,0.584237083057961,-3.45105464423356,0.000558400498692296,0.00475743348523316,0.0450344593949057,0.575418662233516,0.0347876753756213,FALSE,TRUE,TRUE,FALSE,"Rpv12+1",0,"Rpv12+1|0"
"Vitvi10g04284",40.0848312966365,-4.25780271770646,-3.38951124436796,1.35999076208205,-3.44871421721299,0.000563262492109363,0.00479162111726736,0.00417103112753019,0.11885621270704,0.00933562217153099,FALSE,TRUE,TRUE,FALSE,"Rpv12+1",0,"Rpv12+1|0"
"Vitvi16g00082",108.814438729656,-1.50877870906143,-1.29293443703723,0.448240900182444,-3.44796404124626,0.000564829229448259,0.00480329060983339,0.122476474615003,1,0.079327713187748,FALSE,TRUE,TRUE,FALSE,"Rpv12+1",0,"Rpv12+1|0"
"Vitvi10g00652",1758.13255655213,2.44621002858348,1.94718295202301,0.843002794207524,3.44730678434478,0.0005662052405913,0.00481333067881548,0.0207724240022937,0.353651906508963,0.0363714037894672,FALSE,TRUE,TRUE,FALSE,"Rpv12+1",0,"Rpv12+1|0"
"Vitvi13g04005",128.916842653411,2.03520746268043,1.6237545185365,0.705766258677045,3.44713316503599,0.000566569245074796,0.00481476368460251,0.0397682882356722,0.532495999874816,0.0569229016612837,FALSE,TRUE,TRUE,FALSE,"Rpv12+1",0,"Rpv12+1|0"
"Vitvi04g04191",6.40275036981445,7.14745622361577,7.05855875613853,3.45769149367992,3.44499078669014,0.000571078856646877,0.00485141334908705,0.00156628060996082,0.0571441206080405,0.00949196625463145,FALSE,TRUE,TRUE,FALSE,"Rpv12+1",0,"Rpv12+1|0"
"Vitvi02g00110",381.645414942122,2.22100358829911,1.76437757681122,0.767121869606844,3.44450127449734,0.000572113938510148,0.00485853119239435,0.0291376801371278,0.441606358462992,0.0462316955198038,FALSE,TRUE,TRUE,FALSE,"Rpv12+1",0,"Rpv12+1|0"
"Vitvi18g00499",95.0683934379729,1.56768722369868,1.31486817148439,0.500290334447295,3.44370514808961,0.000573801093118201,0.00486950180160524,0.106193910318063,0.93093844946765,0.082415651816581,FALSE,TRUE,TRUE,FALSE,"Rpv12+1",0,"Rpv12+1|0"
"Vitvi07g01412",95.9307507091748,1.55535272421118,1.32628062846007,0.475978143173106,3.44295119031289,0.000575403153967865,0.00487973566304727,0.109472787495131,0.943010215636953,0.0766248492514577,FALSE,TRUE,TRUE,FALSE,"Rpv12+1",0,"Rpv12+1|0"
"Vitvi14g00487",986.936262140375,2.64044831355825,2.0912570611417,0.908182160125776,3.44137670236446,0.000578762172532586,0.00490484516082311,0.0162575390034765,0.300339662988659,0.0311220491275495,FALSE,TRUE,TRUE,FALSE,"Rpv12+1",0,"Rpv12+1|0"
"Vitvi17g04140",87.3226859656355,-1.14984144449374,-1.00430144109859,0.347153524105972,-3.43988435934821,0.000581962787875964,0.00493027346702622,0.32697985953704,1,0.182665564324849,FALSE,TRUE,TRUE,FALSE,"Rpv12+1",0,"Rpv12+1|0"
"Vitvi18g01872",10.7938703621893,3.25412462880859,2.63776033080214,1.06710393211927,3.43970725405328,0.000582343716030635,0.00493180467106591,0.00859707718227221,0.196068824769886,0.0159843033714866,FALSE,TRUE,TRUE,FALSE,"Rpv12+1",0,"Rpv12+1|0"
"Vitvi06g01239",890.460262331117,1.72925073475486,1.46091994556183,0.537340527242407,3.43950454617634,0.000582779996573592,0.00493380343490963,0.0734609655899089,0.757157367559664,0.0587902838849499,FALSE,TRUE,TRUE,FALSE,"Rpv12+1",0,"Rpv12+1|0"
"Vitvi10g00015",80.1752708884819,3.87917782542472,2.88754213753875,1.49395613075446,3.43934105386866,0.000583132096592956,0.00493508839974718,0.00535178490217514,0.141411455814141,0.0275442373922241,FALSE,TRUE,TRUE,FALSE,"Rpv12+1",0,"Rpv12+1|0"
"Vitvi03g01727",210.673872405904,1.43053115080991,1.20975118408398,0.454415800422166,3.43866176027924,0.000584597157674832,0.00494525543981253,0.150358737641324,1,0.103864281002333,FALSE,TRUE,TRUE,FALSE,"Rpv12+1",0,"Rpv12+1|0"
"Vitvi10g00422",264.875733622118,1.98219542254418,1.61344208451203,0.65999603009524,3.43830062746202,0.000585377422460005,0.00494773085373883,0.0442178974006013,0.569218250572018,0.0526311485785631,FALSE,TRUE,TRUE,FALSE,"Rpv12+1",0,"Rpv12+1|0"
"Vitvi01g04325",61.4554473096917,3.03758441580186,2.43990269991061,1.00246939840841,3.43812290592403,0.000585761764081464,0.00494884321670471,0.0105504360400241,0.225850127963167,0.0195627803168432,FALSE,TRUE,TRUE,FALSE,"Rpv12+1",0,"Rpv12+1|0"
"Vitvi10g01020",613.542517008686,2.12345490878868,1.69418797385116,0.735272266179343,3.43747119667365,0.000587173165441671,0.00495906688509462,0.0344818228801053,0.487696586916086,0.0511843894517245,FALSE,TRUE,TRUE,FALSE,"Rpv12+1",0,"Rpv12+1|0"
"Vitvi10g01644",3050.91475220824,-1.21557966565133,-1.06941889335985,0.350654859746475,-3.43585969366812,0.00059067678884971,0.00498523924977782,0.271149503175556,1,0.146327390712647,FALSE,TRUE,TRUE,FALSE,"Rpv12+1",0,"Rpv12+1|0"
"Vitvi05g04527",26.1492216941299,1.94677231665208,1.63216240800025,0.603267928856666,3.43544680006896,0.000591577601515005,0.00499113212017933,0.0473848177670616,0.590538088598649,0.0419222406376768,FALSE,TRUE,TRUE,FALSE,"Rpv12+1",0,"Rpv12+1|0"
"Vitvi15g00579",2985.65151348025,-1.62030220605901,-1.38936627211106,0.476487532027443,-3.4342042366688,0.000594296231181136,0.00500549810303537,0.0943019476160991,0.870139205534228,0.0631977612646225,FALSE,TRUE,TRUE,FALSE,"Rpv12+1",0,"Rpv12+1|0"
"Vitvi16g00276",489.850855825724,1.41201448082448,1.19877247908538,0.441685456828764,3.43366723782789,0.000595474737009919,0.00501371005501585,0.158191960619215,1,0.105847634350427,FALSE,TRUE,TRUE,FALSE,"Rpv12+1",0,"Rpv12+1|0"
"Vitvi03g00535",353.186078253457,2.20765890812757,1.76003265691825,0.76543551002571,3.43279524564271,0.000597393059443125,0.00502470993937891,0.0302013515947691,0.451707922451438,0.046633730025713,FALSE,TRUE,TRUE,FALSE,"Rpv12+1",0,"Rpv12+1|0"
"Vitvi19g04075",10.8128554651567,4.64831585804405,3.63727352206701,1.39557498326557,3.43232305227702,0.000598434251397404,0.00502509777602105,0.00354602000093637,0.105770053824965,0.00667947978679866,FALSE,TRUE,TRUE,FALSE,"Rpv12+1",0,"Rpv12+1|0"
"Vitvi10g00077",78.7351187750126,-1.23355295709064,-1.07604991570225,0.364833396202129,-3.43249316986368,0.000598058945618885,0.00502509777602105,0.25788289646525,1,0.144516088731834,FALSE,TRUE,TRUE,FALSE,"Rpv12+1",0,"Rpv12+1|0"
"Vitvi14g04271",15.1333439123536,2.61097191020046,2.10266326394306,0.855506581482979,3.43129865291934,0.000600698873678889,0.00504046915938457,0.0171261178327712,0.310753760393431,0.0256357249673598,FALSE,TRUE,TRUE,FALSE,"Rpv12+1",0,"Rpv12+1|0"
"Vitvi11g00259",97.0951193085775,-2.05769019478477,-1.72103515306877,0.627130275743345,-3.42871187160653,0.000606452977133908,0.00508528779600781,0.0389993317884568,0.526203554090901,0.0346070646503314,FALSE,TRUE,TRUE,FALSE,"Rpv12+1",0,"Rpv12+1|0"
"Vitvi12g02450",25.251364474705,4.06273034785536,4.79519950418512,1.52782907463691,3.42845407115156,0.000607029237288289,0.00508838798565304,0.00488463008125006,0.133239873092201,0.00126200906157107,FALSE,TRUE,TRUE,FALSE,"Rpv12+1",0,"Rpv12+1|0"
"Vitvi06g01596",408.308753005356,2.13145133950071,1.71630117934758,0.725786388225643,3.42810696844788,0.000607805919312433,0.00509316551978949,0.0343977916498495,0.486911164376847,0.0474363538150772,FALSE,TRUE,TRUE,FALSE,"Rpv12+1",0,"Rpv12+1|0"
"Vitvi13g04406",60.1824447355005,-1.53924280989994,-1.29180301904652,0.48771672605801,-3.42561787803226,0.000613402696974442,0.00512959566960704,0.115050952761602,0.971784912266954,0.0866141356035359,FALSE,TRUE,TRUE,FALSE,"Rpv12+1",0,"Rpv12+1|0"
"Vitvi13g04267",10.3256977108785,-4.65143040615289,-3.65625871989198,1.52693513921163,-3.42502520247068,0.000614742392157797,0.00513731125278137,0.00360249830042096,0.106966802543373,0.00971391947251029,FALSE,TRUE,TRUE,FALSE,"Rpv12+1",0,"Rpv12+1|0"
"Vitvi07g02345",131.97497060081,3.11172890798386,2.55029398481632,1.06222974007636,3.42417282624492,0.000616673893844595,0.00514995866059506,0.0100720891239531,0.218109088901895,0.0183869194519964,FALSE,TRUE,TRUE,FALSE,"Rpv12+1",0,"Rpv12+1|0"
"Vitvi06g01097",206.908065157346,-5.76476670114668,-4.33767601500221,1.97836321545709,-3.42360606418277,0.000617961312146264,0.00515721371478163,0.00235883765299488,0.0781073850185988,0.0113940421383677,FALSE,TRUE,TRUE,FALSE,"Rpv12+1",0,"Rpv12+1|0"
"Vitvi08g01604",160.588869769202,3.21167961362764,2.58089956849284,1.09375629445109,3.42366504686009,0.000617827214596896,0.00515721371478163,0.00919881820450727,0.205492643391721,0.0190629425886468,FALSE,TRUE,TRUE,FALSE,"Rpv12+1",0,"Rpv12+1|0"
"Vitvi16g01406",1334.24563982134,2.02264463516042,1.65123589722337,0.668635476495334,3.42350084672782,0.000618200592049094,0.00515746352377971,0.0417336702456398,0.549342966350814,0.0481789094216078,FALSE,TRUE,TRUE,FALSE,"Rpv12+1",0,"Rpv12+1|0"
"Vitvi10g01699",5.30590220390924,5.00223034426443,5.53978077599287,1.8823321630111,3.42102145905372,0.000623864094989651,0.00519767191212886,0.00311918562989429,0.096288474820309,0.00160230557321406,FALSE,TRUE,TRUE,FALSE,"Rpv12+1",0,"Rpv12+1|0"
"Vitvi18g03185",186.609461306005,-1.3770700298987,-1.20263660404323,0.399406836092621,-3.42055392003186,0.000624937458677204,0.00520151804092262,0.174477585504946,1,0.0980337006387955,FALSE,TRUE,TRUE,FALSE,"Rpv12+1",0,"Rpv12+1|0"
"Vitvi17g00029",608.506073141321,-1.17404435039242,-1.0326508043941,0.341389694309726,-3.42054448321928,0.00062495914114024,0.00520151804092262,0.306051724327554,1,0.165892486237845,FALSE,TRUE,TRUE,FALSE,"Rpv12+1",0,"Rpv12+1|0"
"Vitvi07g00078",878.042702970996,-1.1607942490386,-1.01083850976162,0.34288526473871,-3.41920468557363,0.000628044636551699,0.00522366902973925,0.317881437869211,1,0.178733336516558,FALSE,TRUE,TRUE,FALSE,"Rpv12+1",0,"Rpv12+1|0"
"Vitvi16g00952",3206.05118157991,1.33243996512515,1.14693819078645,0.410377279743428,3.41819701154375,0.00063037459717331,0.00523774319593985,0.196876685281894,1,0.121235887506705,FALSE,TRUE,TRUE,FALSE,"Rpv12+1",0,"Rpv12+1|0"
"Vitvi18g04127",82.3781242827956,-2.28707416778463,-1.91915126360238,0.688885434786189,-3.41757149523296,0.000631824968836006,0.00524708694542528,0.0272233380651074,0.422883195038684,0.0235765105163599,FALSE,TRUE,TRUE,FALSE,"Rpv12+1",0,"Rpv12+1|0"
"Vitvi04g01186",40.6008676231611,-1.83724272802246,-1.55951492320636,0.549222575979089,-3.41691055431222,0.00063336085141874,0.00525723650119679,0.0597226073536832,0.678958577038244,0.0441587569432431,FALSE,TRUE,TRUE,FALSE,"Rpv12+1",0,"Rpv12+1|0"
"Vitvi14g01946",309.187549096312,2.99245702883223,2.36215772206502,1.03092976640634,3.41557972600542,0.000636463948962904,0.00527765932233258,0.0114800784005668,0.240438247302184,0.0243004978388313,FALSE,TRUE,TRUE,FALSE,"Rpv12+1",0,"Rpv12+1|0"
"Vitvi06g00563",1122.83793001888,1.1811066808513,1.03623916046306,0.355963795727376,3.41379320974155,0.000640651813760646,0.00530524305338059,0.300327486452327,1,0.164836439238362,FALSE,TRUE,TRUE,FALSE,"Rpv12+1",0,"Rpv12+1|0"
"Vitvi07g02832",2572.32544095006,-1.42577541674352,-1.16208235593236,0.449636787603477,-3.41352850097165,0.000641274506984468,0.00530683196307334,0.154013036681395,1,0.120687039006265,FALSE,TRUE,TRUE,FALSE,"Rpv12+1",0,"Rpv12+1|0"
"Vitvi08g01904",126.66707785667,2.95467802454333,2.26849285347318,1.07553603031189,3.41121299068487,0.000646745495633179,0.00534671880215403,0.0120158898760429,0.248673784230542,0.0322928405989775,FALSE,TRUE,TRUE,FALSE,"Rpv12+1",0,"Rpv12+1|0"
"Vitvi06g00471",5.17282976566464,-5.70412979512974,-5.08745060139856,2.93541999415101,-3.4107098798407,0.000647939950992291,0.00535120638037079,0.00248634979127828,0.0808793781438502,0.0212855172448166,FALSE,TRUE,TRUE,FALSE,"Rpv12+1",0,"Rpv12+1|0"
"Vitvi11g00052",1668.67685431942,-1.43313110029362,-1.23369822721931,0.426177027545935,-3.41048499023101,0.000648474533549289,0.00535382661143441,0.151331128024138,1,0.0927790680560361,FALSE,TRUE,TRUE,FALSE,"Rpv12+1",0,"Rpv12+1|0"
"Vitvi15g04517",144.423127558656,1.83300113747474,1.51087359648436,0.597017521204021,3.41036574209547,0.00064875816334124,0.00535437390689273,0.0605913355684155,0.684392699408025,0.0593005279164585,FALSE,TRUE,TRUE,FALSE,"Rpv12+1",0,"Rpv12+1|0"
"Vitvi10g01600",67.7573643339546,5.07573400657207,3.63946561462816,1.84888090341993,3.40976307337183,0.000650193367114147,0.00536262597664015,0.00311320694493382,0.0962628610786335,0.0197464621702525,FALSE,TRUE,TRUE,FALSE,"Rpv12+1",0,"Rpv12+1|0"
"Vitvi02g00709",483.255876918514,2.93738669430821,2.24075754509434,1.09401455572285,3.4091353397802,0.000651691399845658,0.00537138485332808,0.0122735258892648,0.25220769678623,0.0354553288245242,FALSE,TRUE,TRUE,FALSE,"Rpv12+1",0,"Rpv12+1|0"
"Vitvi11g00101",50.8683726233676,-3.71010419939521,-3.0340753710181,1.16945582944287,-3.40885732577741,0.000652355881616081,0.00537326629872744,0.00639372549463871,0.157920246684848,0.00974596251964171,FALSE,TRUE,TRUE,FALSE,"Rpv12+1",0,"Rpv12+1|0"
"Vitvi03g00384",706.554331807078,1.73472617252955,1.46557746417719,0.534976131107401,3.40866334002954,0.000652819900445089,0.00537529113214078,0.0744109186779516,0.763019830376721,0.0580663595761859,FALSE,TRUE,TRUE,FALSE,"Rpv12+1",0,"Rpv12+1|0"
"Vitvi01g00305",101.671164883444,2.20595423348841,1.79053686514356,0.731461182131334,3.40810193887911,0.000654164516338896,0.00538456298848147,0.0312212242688562,0.462204870203175,0.0395479037732533,FALSE,TRUE,TRUE,FALSE,"Rpv12+1",0,"Rpv12+1|0"
"Vitvi13g00255",1433.13249445454,3.0748944632885,2.35327008156486,1.14554212574191,3.4075342245486,0.000655526871725734,0.00539217362665615,0.0107455502940486,0.228716721026865,0.0321747580142678,FALSE,TRUE,TRUE,FALSE,"Rpv12+1",0,"Rpv12+1|0"
"Vitvi11g00712",345.234548595118,2.2192830297492,1.7859843321263,0.753757833915664,3.4070053078384,0.000656798497365237,0.00539902828865198,0.030615973257833,0.45556498546738,0.0422477748435362,FALSE,TRUE,TRUE,FALSE,"Rpv12+1",0,"Rpv12+1|0"
"Vitvi08g04253",788.048769647351,1.23582570640624,1.07472822627805,0.365440659179901,3.40706619031589,0.000656652006505216,0.00539902828865198,0.257797221319185,1,0.145659108866964,FALSE,TRUE,TRUE,FALSE,"Rpv12+1",0,"Rpv12+1|0"
"Vitvi18g01092",5064.46844719358,2.08241636429298,1.68447907750739,0.705060894257518,3.40656429248808,0.000657860543197895,0.00540595475057483,0.0383060791674427,0.521123879262791,0.0486540967258155,FALSE,TRUE,TRUE,FALSE,"Rpv12+1",0,"Rpv12+1|0"
"Vitvi09g01650",626.863699334054,1.32227078085871,1.13005468683433,0.417020492209405,3.40639641674428,0.000658265238248141,0.0054074766287033,0.203205840894433,1,0.126897629486919,FALSE,TRUE,TRUE,FALSE,"Rpv12+1",0,"Rpv12+1|0"
"Vitvi07g04652",6837.30237626655,1.23918967350184,1.05782917587448,0.386089602679544,3.40629070620468,0.000658520191525446,0.00540776781280696,0.255434313139658,1,0.156418034028194,FALSE,TRUE,TRUE,FALSE,"Rpv12+1",0,"Rpv12+1|0"
"Vitvi07g01264",184.528965932884,1.255410551336,1.08100052945923,0.390217459993976,3.40525694016088,0.000661018278473601,0.00542647327839908,0.244220005722596,1,0.144992640674106,FALSE,TRUE,TRUE,FALSE,"Rpv12+1",0,"Rpv12+1|0"
"Vitvi01g01727",346.683813070326,1.54884290340392,1.2868385993665,0.502762082456504,3.40494514192389,0.000661773464205637,0.00543086311264826,0.113799824511428,0.964330939227226,0.0899325423818283,FALSE,TRUE,TRUE,FALSE,"Rpv12+1",0,"Rpv12+1|0"
"Vitvi01g00243",1052.38409713204,1.1528512492354,1.00260599310754,0.354136734479525,3.40405916083668,0.000663923720729567,0.00544488175229481,0.325876381671571,1,0.184006105353581,FALSE,TRUE,TRUE,FALSE,"Rpv12+1",0,"Rpv12+1|0"
"Vitvi19g04154",3283.98872444465,-2.23364613714295,-1.85387451491768,0.686205777047714,-3.40351339781888,0.000665251507016065,0.00545214109342907,0.0300704327492422,0.450264711097554,0.0288598103017947,FALSE,TRUE,TRUE,FALSE,"Rpv12+1",0,"Rpv12+1|0"
"Vitvi06g00338",60.890901039449,2.95860895147852,2.37158525756774,0.993313166216923,3.40103972944962,0.000671300706421075,0.00549623270302081,0.012179631145,0.251069323185229,0.0218155011145999,FALSE,TRUE,TRUE,FALSE,"Rpv12+1",0,"Rpv12+1|0"
"Vitvi18g00598",2042.25467686469,1.82234538677827,1.50056210728673,0.598975191270873,3.40085830469899,0.000671746375991152,0.00549805439166711,0.0624337815976871,0.692607483112884,0.0614209264461326,FALSE,TRUE,TRUE,FALSE,"Rpv12+1",0,"Rpv12+1|0"
"Vitvi01g01537",7.99290623892417,-5.24740069922937,-4.72046071339851,2.6815761890225,-3.39976885430429,0.000674428399561665,0.00551634065458207,0.0029886398618458,0.0935165432368712,0.0215256837075846,FALSE,TRUE,TRUE,FALSE,"Rpv12+1",0,"Rpv12+1|0"
"Vitvi07g02067",394.392876695653,1.36530583003102,1.19439118218474,0.410396367939236,3.39895094443177,0.00067644847979301,0.0055310271318223,0.181560339084094,1,0.101969918858291,FALSE,TRUE,TRUE,FALSE,"Rpv12+1",0,"Rpv12+1|0"
"Vitvi02g00077",49.6142343737441,-1.45760500041783,-1.239853763034,0.449440560578759,-3.39865841282698,0.000677172341276998,0.0055351087590246,0.142989245764826,1,0.0947791534784457,FALSE,TRUE,TRUE,FALSE,"Rpv12+1",0,"Rpv12+1|0"
"Vitvi13g04453",13.977696605157,4.81183036923595,3.6997742446036,1.8502356252404,3.39771778377532,0.000679504785442499,0.00554865094271176,0.00357582396499071,0.106416358475759,0.0184762327722614,FALSE,TRUE,TRUE,FALSE,"Rpv12+1",0,"Rpv12+1|0"
"Vitvi07g00202",707.301861501527,1.45365340419695,1.21759974984851,0.471087263483489,3.3956526323711,0.000684651889000076,0.00558882834241414,0.144638542816055,1,0.103774101135079,FALSE,TRUE,TRUE,FALSE,"Rpv12+1",0,"Rpv12+1|0"
"Vitvi10g01606",1203.61600275998,-1.22022335905895,-1.066755858935,0.361570546285232,-3.39531640360525,0.000685493315107308,0.00559358312030536,0.270011040595669,1,0.149100257478848,FALSE,TRUE,TRUE,FALSE,"Rpv12+1",0,"Rpv12+1|0"
"Vitvi00g04251",6.06917188085819,5.77153583577736,5.02085920270691,2.66640299814326,3.39503555011956,0.000686196899010007,0.00559531113206962,0.00253581857712196,0.0820971264343234,0.0167333479988427,FALSE,TRUE,TRUE,FALSE,"Rpv12+1",0,"Rpv12+1|0"
"Vitvi06g00541",177.350690396526,-1.18894177698673,-1.04258185151503,0.35050003868304,-3.39488207975296,0.000686581650927361,0.00559531113206962,0.2947706689997,1,0.160906263075898,FALSE,TRUE,TRUE,FALSE,"Rpv12+1",0,"Rpv12+1|0"
"Vitvi01g00284",94.2940912557963,4.52878795645901,3.50012416824234,1.90229411672343,3.39456612463185,0.00068737438536852,0.00559991909984751,0.00410144229029212,0.117546347770608,0.0245104295868674,FALSE,TRUE,TRUE,FALSE,"Rpv12+1",0,"Rpv12+1|0"
"Vitvi02g00416",4603.69968974176,1.99127785768901,1.6212286018647,0.666433083461497,3.39438873621401,0.000687819827439352,0.00560169562604823,0.0455370756323968,0.578137568564356,0.0524925979434381,FALSE,TRUE,TRUE,FALSE,"Rpv12+1",0,"Rpv12+1|0"
"Vitvi16g00875",474.646444749531,4.03215813885204,2.94756802490641,1.67060323512672,3.39393002160762,0.00068897295519616,0.00560737949263713,0.00536342435785747,0.141576001793334,0.033474755853688,FALSE,TRUE,TRUE,FALSE,"Rpv12+1",0,"Rpv12+1|0"
"Vitvi18g00271",1777.15396408035,1.52152757502187,1.28989232221933,0.471074644151366,3.39395430819745,0.000688911857964534,0.00560737949263713,0.12234755042495,1,0.0844252667735226,FALSE,TRUE,TRUE,FALSE,"Rpv12+1",0,"Rpv12+1|0"
"Vitvi08g00816",197.56519638047,2.67518799607566,2.04461855148522,0.991611810330347,3.39374015753356,0.000689450765620004,0.00560941514590965,0.0167889710032485,0.307061336852886,0.0414048145448271,FALSE,TRUE,TRUE,FALSE,"Rpv12+1",0,"Rpv12+1|0"
"Vitvi14g01967",3844.229867465,1.77058400494608,1.46184560132011,0.574918557302089,3.39331060951422,0.000690532899603195,0.00561636464662407,0.0698622282891916,0.736608637572335,0.064544439981975,FALSE,TRUE,TRUE,FALSE,"Rpv12+1",0,"Rpv12+1|0"
"Vitvi08g01385",27.8425818342862,2.93369547232151,2.34443023324533,0.989526823871548,3.39308979400984,0.000691089800707833,0.00561903905288388,0.0126622892210738,0.257520974098037,0.0223580576895253,FALSE,TRUE,TRUE,FALSE,"Rpv12+1",0,"Rpv12+1|0"
"Vitvi03g00047",511.948755464666,-2.4898235829851,-1.95884587776452,0.859547994265685,-3.39289665242579,0.000691577249845663,0.00562114718812199,0.0211695530772477,0.357966605654637,0.0366185356331903,FALSE,TRUE,TRUE,FALSE,"Rpv12+1",0,"Rpv12+1|0"
"Vitvi15g00419",67.553355671501,-1.41287306160552,-1.21812887080088,0.422551935780038,-3.39151941618031,0.000695062381612174,0.00564761109280921,0.160823820458509,1,0.0967985418996176,FALSE,TRUE,TRUE,FALSE,"Rpv12+1",0,"Rpv12+1|0"
"Vitvi12g04044",149.880972627022,8.24976649114759,9.17268944375434,3.49879341554735,3.39101715374391,0.000696337426306298,0.00565424154069939,0.00151311695303275,0.0560042418436588,0.00200970209260432,FALSE,TRUE,TRUE,FALSE,"Rpv12+1",0,"Rpv12+1|0"
"Vitvi01g01714",785.384243379853,4.24571345189324,2.88298216709912,1.9765255551068,3.38990974973158,0.00069915636877194,0.00567339140351302,0.00479227390726231,0.131681820525289,0.0504292658173745,FALSE,TRUE,TRUE,FALSE,"Rpv12+1",0,"Rpv12+1|0"
"Vitvi16g02012",194.847338874488,-2.3378680129537,-1.91880579855255,0.732681355219822,-3.38998060630446,0.000698975683352126,0.00567339140351302,0.0261935437867204,0.412520717589897,0.0282528138285742,FALSE,TRUE,TRUE,FALSE,"Rpv12+1",0,"Rpv12+1|0"
"Vitvi15g00071",14.8408757912301,-2.58561781809658,-2.02578044434053,0.885596141020416,-3.3892051311534,0.000700955521191285,0.00568237585392184,0.0188369270403855,0.332470788443069,0.0341287701480694,FALSE,TRUE,TRUE,FALSE,"Rpv12+1",0,"Rpv12+1|0"
"Vitvi19g02010",113.2640357869,1.51983717374884,1.26969128234042,0.491634505327407,3.3893093473335,0.000700689147810745,0.00568237585392184,0.123174778270396,1,0.0926924202044054,FALSE,TRUE,TRUE,FALSE,"Rpv12+1",0,"Rpv12+1|0"
"Vitvi01g00944",216.716727803794,1.3690446177837,1.17516628553563,0.422978424693696,3.38775002387732,0.000704684574256736,0.00571072670111478,0.180564964779921,1,0.111829714278747,FALSE,TRUE,TRUE,FALSE,"Rpv12+1",0,"Rpv12+1|0"
"Vitvi12g02758",19.4394342225579,3.25160930240918,2.54877810049243,1.08567613530023,3.38744138097793,0.000705477910058586,0.00571527582775512,0.00950124800165577,0.210095643681583,0.0198847476839397,FALSE,TRUE,TRUE,FALSE,"Rpv12+1",0,"Rpv12+1|0"
"Vitvi08g01059",419.929091768039,2.68351168005343,2.02019720876731,1.02849155435328,3.38714740367172,0.000706234321065593,0.0057157650242352,0.0167974606459146,0.307061336852886,0.0469014414525214,FALSE,TRUE,TRUE,FALSE,"Rpv12+1",0,"Rpv12+1|0"
"Vitvi12g02318",945.430135586454,2.74230785842554,1.96537203556637,1.10908023192951,3.38714952304332,0.000706228865173171,0.0057157650242352,0.0157004208237512,0.293152968114566,0.0579943895753084,FALSE,TRUE,TRUE,FALSE,"Rpv12+1",0,"Rpv12+1|0"
"Vitvi18g01504",400.756050813449,-2.28352411035855,-1.88529257383063,0.711354928676775,-3.38550300867473,0.000710479306711126,0.00574823257804115,0.0285257404633665,0.436632442821068,0.0288046137835335,FALSE,TRUE,TRUE,FALSE,"Rpv12+1",0,"Rpv12+1|0"
"Vitvi07g00787",168.880573649636,2.83124588665965,2.15867297974153,1.04848209240483,3.38390050142927,0.000714638959019183,0.00577619599553694,0.014311583821412,0.277965630364666,0.0376149533796041,FALSE,TRUE,TRUE,FALSE,"Rpv12+1",0,"Rpv12+1|0"
"Vitvi04g00092",364.862196660396,-1.37075810191387,-1.17733608314225,0.414695917243604,-3.38339625635463,0.000715952508487849,0.00578200465621776,0.180061751224564,1,0.10956470003486,FALSE,TRUE,TRUE,FALSE,"Rpv12+1",0,"Rpv12+1|0"
"Vitvi16g04376",72.6250940472192,-2.36619088001994,-1.96469237842884,0.728299475560034,-3.3831664795997,0.000716551816543244,0.00578335506506181,0.0253885048703882,0.405214499229293,0.0240408396758795,FALSE,TRUE,TRUE,FALSE,"Rpv12+1",0,"Rpv12+1|0"
"Vitvi08g04118",91.5661630537264,1.34767085078445,1.15569903702109,0.417723337182215,3.38133929684255,0.000721334125055658,0.00581161421750372,0.191518358839747,1,0.118584325703243,FALSE,TRUE,TRUE,FALSE,"Rpv12+1",0,"Rpv12+1|0"
"Vitvi11g01403",35.9724811110043,3.54736917248736,2.67750506616376,1.34406851098263,3.38087765156559,0.000722547078538312,0.00581727563880086,0.00760244206635117,0.178520899473681,0.0284730099280708,FALSE,TRUE,TRUE,FALSE,"Rpv12+1",0,"Rpv12+1|0"
"Vitvi08g00917",6.43553343411145,4.99791673334194,4.42291064409295,1.80669067492297,3.38038090758056,0.000723854368632607,0.00582355396301839,0.00345015952284598,0.104097719674888,0.00652272298947258,FALSE,TRUE,TRUE,FALSE,"Rpv12+1",0,"Rpv12+1|0"
"Vitvi03g00995",1757.39002555056,-2.56569783756903,-1.98774569338788,0.910253728039535,-3.3801387296645,0.000724492509068103,0.00582526026547056,0.0195716830742227,0.341021355899541,0.0392959594345991,FALSE,TRUE,TRUE,FALSE,"Rpv12+1",0,"Rpv12+1|0"
"Vitvi14g02557",197.917793265049,1.76008036247963,1.43969529765474,0.589976037329335,3.37836454497488,0.000729183460690039,0.00586106484096568,0.0722926758582582,0.75043813800642,0.0699816014394365,FALSE,TRUE,TRUE,FALSE,"Rpv12+1",0,"Rpv12+1|0"
"Vitvi01g00064",499.634707528757,-1.31858507564929,-1.13019389904285,0.411507428121423,-3.37815702898028,0.000729733973040948,0.00586357669922922,0.207192603611206,1,0.125958761700301,FALSE,TRUE,TRUE,FALSE,"Rpv12+1",0,"Rpv12+1|0"
"Vitvi08g01534",17.6717439643726,-3.2901852276812,-2.66171112574029,1.05261476151821,-3.37765851829888,0.000731058033748124,0.00587230052801395,0.00936500350680792,0.208670465702375,0.0143730339340495,FALSE,TRUE,TRUE,FALSE,"Rpv12+1",0,"Rpv12+1|0"
"Vitvi16g01495",91.7067168650857,2.22942473012278,1.82245347458737,0.72544071272375,3.37577711938352,0.000736075220910912,0.00590297823644571,0.0313313013553603,0.462400431069537,0.0355163115817458,FALSE,TRUE,TRUE,FALSE,"Rpv12+1",0,"Rpv12+1|0"
"Vitvi12g00363",96.9971650178249,1.63954180401797,1.36123419081098,0.528878670628533,3.37549829524947,0.000736821485514391,0.00590704006414987,0.0939708998609205,0.869735836410099,0.0769480095725461,FALSE,TRUE,TRUE,FALSE,"Rpv12+1",0,"Rpv12+1|0"
"Vitvi08g01670",190.112995914518,1.61818429029595,1.36050470852864,0.506448936049051,3.37030430752053,0.000750852156897185,0.00598640574023271,0.0989539353536598,0.889719912467149,0.0731651047142828,FALSE,TRUE,TRUE,FALSE,"Rpv12+1",0,"Rpv12+1|0"
"Vitvi07g02220",3.9070608700264,5.05200715961212,4.44981932088945,1.85785625633325,3.36921247708985,0.000753832934513162,0.00600628336826205,0.00347018139584458,0.104581192550574,0.00726887262276278,FALSE,TRUE,TRUE,FALSE,"Rpv12+1",0,"Rpv12+1|0"
"Vitvi15g00769",105.077961981804,4.67161575601995,3.17477241131202,2.19354636211348,3.36905678752303,0.000754258872566034,0.0060077341042796,0.00407145018072286,0.11703853327201,0.0469682844558208,FALSE,TRUE,TRUE,FALSE,"Rpv12+1",0,"Rpv12+1|0"
"Vitvi04g04314",183.232596430482,2.41351079021331,1.86786704371542,0.865629724456159,3.36820728464856,0.000756586895511337,0.00602432926884852,0.0242690238214388,0.39334163206011,0.0454277314923383,FALSE,TRUE,TRUE,FALSE,"Rpv12+1",0,"Rpv12+1|0"
"Vitvi15g00888",44.665396638765,2.61206526486758,2.07928881458427,0.900416286210658,3.36798312927308,0.000757202294450056,0.00602533453684483,0.0188291993703036,0.332470788443069,0.0312954826707934,FALSE,TRUE,TRUE,FALSE,"Rpv12+1",0,"Rpv12+1|0"
"Vitvi02g00436",291.369494238879,2.3807941623317,1.95954027227476,0.750936679537488,3.36584014454834,0.000763109178785758,0.00606450249308578,0.0254644403136822,0.405214499229293,0.0262896781827493,FALSE,TRUE,TRUE,FALSE,"Rpv12+1",0,"Rpv12+1|0"
"Vitvi06g01575",71.4066480650371,1.75205244301411,1.44665798395945,0.569588882238755,3.36590020846429,0.000762943038559804,0.00606450249308578,0.0742596551623186,0.762353766435418,0.0665041919552754,FALSE,TRUE,TRUE,FALSE,"Rpv12+1",0,"Rpv12+1|0"
"Vitvi18g04629",11.6357798143009,5.40281328530945,4.41074673060757,2.49638208966071,3.36505114973198,0.000765294704637935,0.00607403361580546,0.00308462372620998,0.0956050616752689,0.0222079541761946,FALSE,TRUE,TRUE,FALSE,"Rpv12+1",0,"Rpv12+1|0"
"Vitvi05g00948",93.0862686159104,2.31672186594697,1.81348703749184,0.824103369356699,3.36505442622412,0.000765285616707809,0.00607403361580546,0.0279037261016977,0.429120265193598,0.0473694130031874,FALSE,TRUE,TRUE,FALSE,"Rpv12+1",0,"Rpv12+1|0"
"Vitvi16g01413",4645.43298457398,-1.21597408150697,-1.05085230451636,0.372390378578712,-3.36481187685665,0.000765958641159478,0.00607734527652332,0.275040796839031,1,0.158511122801166,FALSE,TRUE,TRUE,FALSE,"Rpv12+1",0,"Rpv12+1|0"
"Vitvi09g00340",2705.92441309583,1.88550995335617,1.5008383825577,0.663555854883849,3.36463546550928,0.000766448491402063,0.00607927399683877,0.057034590784952,0.660162770063522,0.0690455813614404,FALSE,TRUE,TRUE,FALSE,"Rpv12+1",0,"Rpv12+1|0"
"Vitvi18g01174",2077.71026173248,1.19855290422377,1.03733298172158,0.375570421161187,3.36269803852997,0.000771847413507868,0.00611618941112249,0.288741057592933,1,0.165124398896484,FALSE,TRUE,TRUE,FALSE,"Rpv12+1",0,"Rpv12+1|0"
"Vitvi06g00248",668.890347573046,-1.68158087683505,-1.41206319837147,0.523261562630732,-3.36096001991402,0.000776720676589544,0.00614352550701045,0.0865564910478459,0.831826322307348,0.0659731471160451,FALSE,TRUE,TRUE,FALSE,"Rpv12+1",0,"Rpv12+1|0"
"Vitvi02g00162",34.4083457714843,3.30613615408776,2.52177533276644,1.24425724202768,3.36004743529938,0.000779290911147473,0.00615734794324219,0.0095517457992182,0.210568020719443,0.0298662668504908,FALSE,TRUE,TRUE,FALSE,"Rpv12+1",0,"Rpv12+1|0"
"Vitvi15g01693",311.492780298296,2.88182547267186,2.15745632783108,1.11531484132835,3.35815591856639,0.000784643404143033,0.00618779957575294,0.0141614814066134,0.276455367250447,0.0425741038322454,FALSE,TRUE,TRUE,FALSE,"Rpv12+1",0,"Rpv12+1|0"
"Vitvi18g00858",312.150688735898,2.06391733256589,1.60812577769397,0.748223027414759,3.35820644015707,0.000784499998928125,0.00618779957575294,0.041716983173447,0.549342966350814,0.0636450484562561,FALSE,TRUE,TRUE,FALSE,"Rpv12+1",0,"Rpv12+1|0"
"Vitvi16g01194",1623.83352149165,1.52919001198275,1.2679114180798,0.504146581509447,3.35815290192339,0.00078465196763485,0.00618779957575294,0.122593551800578,1,0.0949536829961966,FALSE,TRUE,TRUE,FALSE,"Rpv12+1",0,"Rpv12+1|0"
"Vitvi17g00722",789.453991996621,2.29054966066824,1.75634396812702,0.846065456162091,3.35788324735035,0.000785417799802535,0.00619185693309928,0.0292521534939931,0.442111759417549,0.0562143963137375,FALSE,TRUE,TRUE,FALSE,"Rpv12+1",0,"Rpv12+1|0"
"Vitvi04g00958",10.4774662199323,-5.41700182149537,-4.01835882271589,2.94746275109093,-3.35392114073404,0.000796750662726158,0.00627718238788667,0.00315663218267974,0.097032128398025,0.0436285141972071,FALSE,TRUE,TRUE,FALSE,"Rpv12+1",0,"Rpv12+1|0"
"Vitvi09g01693",14.8724500049619,3.32882178759586,2.657259780267,1.03714549699785,3.35371490054656,0.000797344709306821,0.00627985430258403,0.00948849399126391,0.20999112886419,0.0137159294695155,FALSE,TRUE,TRUE,FALSE,"Rpv12+1",0,"Rpv12+1|0"
"Vitvi18g02724",18.834516728613,2.03214413016199,1.64760523286068,0.675061961182123,3.35355326778932,0.000797810557578344,0.00628151514749124,0.044256287078835,0.569218250572018,0.0496075448116274,FALSE,TRUE,TRUE,FALSE,"Rpv12+1",0,"Rpv12+1|0"
"Vitvi11g01464",8.10039820391468,-5.30922324820548,-4.66607329228795,2.7342307720604,-3.353040927268,0.000799288864604736,0.00628913461143477,0.00328320848271037,0.0998668031386286,0.0232165735811232,FALSE,TRUE,TRUE,FALSE,"Rpv12+1",0,"Rpv12+1|0"
"Vitvi18g00033",34.3049110267528,4.32038463364541,3.31699554452714,1.5181360616259,3.35123844278413,0.000804509980020171,0.00631810897920846,0.00502230907305522,0.136143609370002,0.0161891328805129,FALSE,TRUE,TRUE,FALSE,"Rpv12+1",0,"Rpv12+1|0"
"Vitvi08g00877",831.361647436212,1.73185116892963,1.38871440244324,0.605277121085758,3.35113662712814,0.000804805843717863,0.00631841834475247,0.0783682055428324,0.785740226899654,0.080742993428813,FALSE,TRUE,TRUE,FALSE,"Rpv12+1",0,"Rpv12+1|0"
"Vitvi19g00469",612.918229191763,1.66092423000126,1.35919881464281,0.555842771661782,3.35002241500052,0.000808050211279751,0.00633603133936672,0.0912561634253074,0.855359378714619,0.0800761343463723,FALSE,TRUE,TRUE,FALSE,"Rpv12+1",0,"Rpv12+1|0"
"Vitvi06g00579",5333.40479298355,-1.27608053270193,-1.08517160260479,0.403646215814537,-3.35001287750222,0.000808078034920045,0.00633603133936672,0.23429454068118,1,0.143943257915607,FALSE,TRUE,TRUE,FALSE,"Rpv12+1",0,"Rpv12+1|0"
"Vitvi14g01474",28.4997989112049,2.41022316221946,1.9859172338435,0.777388314732837,3.34991219274747,0.00080837181569706,0.00633631818374571,0.0249968707623956,0.400596202706943,0.027162053161283,FALSE,TRUE,TRUE,FALSE,"Rpv12+1",0,"Rpv12+1|0"
"Vitvi05g04091",7.08124421556816,-5.11716581651779,-4.33375483581939,2.74546214176502,-3.34925058669426,0.000810304734867186,0.00634541241201144,0.00355337362588028,0.105868679589297,0.0303769575659355,FALSE,TRUE,TRUE,FALSE,"Rpv12+1",0,"Rpv12+1|0"
"Vitvi15g00528",46.6708365752451,2.44925006158243,1.97137969020852,0.820754204952365,3.34874248515933,0.000811792092519516,0.00635302096293227,0.0237693604032289,0.387886898807277,0.0319980043727266,FALSE,TRUE,TRUE,FALSE,"Rpv12+1",0,"Rpv12+1|0"
"Vitvi14g02748",129.720746549993,1.42382390715175,1.16199672442834,0.452571335317056,3.34882625007154,0.000811546714546181,0.00635302096293227,0.159423140922805,1,0.121327301224452,FALSE,TRUE,TRUE,FALSE,"Rpv12+1",0,"Rpv12+1|0"
"Vitvi02g01513",3057.45935280816,1.95871502015367,1.58777650857599,0.662600096309346,3.34583500369653,0.000820351952058574,0.00641797100378375,0.0507469071056264,0.617436438593526,0.0567806593472966,FALSE,TRUE,TRUE,FALSE,"Rpv12+1",0,"Rpv12+1|0"
"Vitvi11g00477",2653.32063642946,-2.57263733853187,-2.10527532102562,0.814409644655,-3.34489151222317,0.00082314761338468,0.0064357551898905,0.020443351817976,0.349985366627247,0.0225589179260447,FALSE,TRUE,TRUE,FALSE,"Rpv12+1",0,"Rpv12+1|0"
"Vitvi11g00046",47.2830443814702,3.6593307730629,2.88655626711781,1.28748283771033,3.34415137471862,0.000825346899957806,0.00644885703373312,0.00755385772575734,0.177756295476505,0.0181191802040754,FALSE,TRUE,TRUE,FALSE,"Rpv12+1",0,"Rpv12+1|0"
"Vitvi08g01083",48.5344787155321,-1.8329151020508,-1.53289897970159,0.56927175223933,-3.34317854582198,0.000828245910773867,0.00646810638288186,0.0643548763104306,0.702905724177267,0.0521472188931269,FALSE,TRUE,TRUE,FALSE,"Rpv12+1",0,"Rpv12+1|0"
"Vitvi01g01845",253.941974565613,1.22042509508589,1.05273831706721,0.379079907407861,3.34048453584779,0.000836323381203038,0.00651808377706993,0.273142533269011,1,0.158320100185701,FALSE,TRUE,TRUE,FALSE,"Rpv12+1",0,"Rpv12+1|0"
"Vitvi19g04005",69.694171662783,1.45253966708892,1.23443823651986,0.449081396994053,3.33978363978825,0.000838436828901753,0.00653042355890724,0.149051114831682,1,0.0957436503352612,FALSE,TRUE,TRUE,FALSE,"Rpv12+1",0,"Rpv12+1|0"
"Vitvi08g00171",24.4073984757671,4.91837311118916,3.64894708490732,1.71059125484474,3.33727368333729,0.000846045931038793,0.00658552529449343,0.00395127552372052,0.114343135528398,0.0155435014647424,FALSE,TRUE,TRUE,FALSE,"Rpv12+1",0,"Rpv12+1|0"
"Vitvi15g00641",168.203265783749,2.26750678647084,1.82736904719335,0.768539920773189,3.33708356068201,0.000846624902265761,0.00658795043974078,0.0310643984749371,0.461188195065766,0.0397382710981038,FALSE,TRUE,TRUE,FALSE,"Rpv12+1",0,"Rpv12+1|0"
"Vitvi07g02696",20.2579822540645,2.89409896940747,2.22694982078319,1.05740181658243,3.33586330392374,0.000850349647168221,0.00661275691528924,0.0145133862304067,0.279775733530736,0.0339504890314442,FALSE,TRUE,TRUE,FALSE,"Rpv12+1",0,"Rpv12+1|0"
"Vitvi06g00108",59.2528022488797,1.71767984618572,1.41436648530901,0.563916127401669,3.335238455439,0.000852262829834161,0.00662345333621274,0.0817302930378735,0.802244928922227,0.0705337843822175,FALSE,TRUE,TRUE,FALSE,"Rpv12+1",0,"Rpv12+1|0"
"Vitvi14g02924",4102.43394917181,2.92817063647083,2.1300182399469,1.18454545067274,3.33506805530901,0.000852785259151813,0.0066254234135806,0.0140459287425867,0.275252525723291,0.0502240632122169,FALSE,TRUE,TRUE,FALSE,"Rpv12+1",0,"Rpv12+1|0"
"Vitvi05g01231",87.4429958016667,-5.14043172974673,-3.89618312973838,1.78608350625536,-3.33347725993519,0.000857676822921741,0.00665922666545856,0.00366071609725246,0.108391347252665,0.0128183137691365,FALSE,TRUE,TRUE,FALSE,"Rpv12+1",0,"Rpv12+1|0"
"Vitvi18g00008",6443.30622249522,1.90569686211367,1.54255358065358,0.64875930825592,3.33286992313114,0.000859551186563791,0.00667167707378247,0.0566002706442232,0.65804732434766,0.0612738999560992,FALSE,TRUE,TRUE,FALSE,"Rpv12+1",0,"Rpv12+1|0"
"Vitvi03g01477",179.713296314381,1.79890794318239,1.49213484835952,0.580327040285242,3.33202574140988,0.000862162811088553,0.00668246897635206,0.0694665497115316,0.735103347048525,0.0602477461118191,FALSE,TRUE,TRUE,FALSE,"Rpv12+1",0,"Rpv12+1|0"
"Vitvi07g00334",105.602332886211,-1.31471374864872,-1.13195572293782,0.40007612939953,-3.33198216845817,0.000862297811163468,0.00668246897635206,0.212550243167863,1,0.124181997127995,FALSE,TRUE,TRUE,FALSE,"Rpv12+1",0,"Rpv12+1|0"
"Vitvi03g04198",99.7865763860737,1.24682195758682,1.08168249676309,0.376352622545485,3.33170538698106,0.000863155808317553,0.00668491244693846,0.254772194947297,1,0.142796125842288,FALSE,TRUE,TRUE,FALSE,"Rpv12+1",0,"Rpv12+1|0"
"Vitvi03g01337",48.8787965470365,1.78893955067879,1.47974494796637,0.583366440907422,3.32904876205657,0.000871431459876787,0.00674264618263961,0.0710328609845851,0.742503235703029,0.0625289811847545,FALSE,TRUE,TRUE,FALSE,"Rpv12+1",0,"Rpv12+1|0"
"Vitvi07g01709",585.750731838553,1.21550693552097,1.04254612456879,0.388097055656435,3.32883586996997,0.000872097813753179,0.00674293644172589,0.277529658885631,1,0.163110418868597,FALSE,TRUE,TRUE,FALSE,"Rpv12+1",0,"Rpv12+1|0"
"Vitvi14g00952",643.17320138236,1.74104005031675,1.41514064231985,0.591375306776874,3.32828673842523,0.000873818781225865,0.00675051724499229,0.0782969735022624,0.785642704198574,0.0745279922516145,FALSE,TRUE,TRUE,FALSE,"Rpv12+1",0,"Rpv12+1|0"
"Vitvi07g02951",7.20855176376888,5.42143204555414,4.49131805210297,2.06355133024887,3.32684527107496,0.000878351303728743,0.00678340524095966,0.00337251797702832,0.10217505766662,0.0112599145427623,FALSE,TRUE,TRUE,FALSE,"Rpv12+1",0,"Rpv12+1|0"
"Vitvi19g04017",61.5233643966278,-1.5441616564879,-1.29846174113612,0.485104483984213,-3.32367862182757,0.000888385096080004,0.00685230282624514,0.120746684778231,0.998296692791393,0.0845092525587997,FALSE,TRUE,TRUE,FALSE,"Rpv12+1",0,"Rpv12+1|0"
"Vitvi18g00310",1470.26551286303,2.03426658898503,1.61977170127672,0.710514117365304,3.32351504994591,0.000888906262028731,0.0068541767359436,0.045538319611241,0.578137568564356,0.0578505162569932,FALSE,TRUE,TRUE,FALSE,"Rpv12+1",0,"Rpv12+1|0"
"Vitvi11g01349",20.939997843537,4.60646940211886,3.44959547284052,1.71936632769096,3.32290718407302,0.000890845503673162,0.00686698054708762,0.0046664130207602,0.129310061663205,0.0201148533720297,FALSE,TRUE,TRUE,FALSE,"Rpv12+1",0,"Rpv12+1|0"
"Vitvi17g00631",37.3365887018804,-1.42914594088471,-1.21452459797952,0.442854775530997,-3.32268534102788,0.000891554213784867,0.00687029390391116,0.159202588609049,1,0.100351921854369,FALSE,TRUE,TRUE,FALSE,"Rpv12+1",0,"Rpv12+1|0"
"Vitvi18g02607",87.5268404941067,2.77271709842256,2.27750231529367,0.887124642904252,3.31999026804135,0.000900205861953368,0.00693045987971349,0.0168963058783439,0.308652559686871,0.0193351737709546,FALSE,TRUE,TRUE,FALSE,"Rpv12+1",0,"Rpv12+1|0"
"Vitvi15g04377",10.6140548156005,3.07864797733288,2.44922354948526,0.984650626870386,3.3196969401804,0.00090115217567828,0.00693341193004688,0.0125055536512213,0.255772304896245,0.0180304960700504,FALSE,TRUE,TRUE,FALSE,"Rpv12+1",0,"Rpv12+1|0"
"Vitvi15g04000",2083.93076370553,1.67391138931922,1.42240652665954,0.580388832133086,3.31975194830808,0.00090097464211408,0.00693341193004688,0.0906894874577755,0.853227405246474,0.0712494589490079,FALSE,TRUE,TRUE,FALSE,"Rpv12+1",0,"Rpv12+1|0"
"Vitvi05g00787",316.424608580952,1.53475651590294,1.28206598652384,0.494357548250529,3.31932655363119,0.000902348407866016,0.006940448134932,0.123726972014187,1,0.0898467146680904,FALSE,TRUE,TRUE,FALSE,"Rpv12+1",0,"Rpv12+1|0"
"Vitvi12g00193",902.077751902598,2.39879441902947,1.8534265209297,0.881186448731401,3.31789462909002,0.00090698693100095,0.00697394819979382,0.0265121690592489,0.414791764605796,0.0488577488317465,FALSE,TRUE,TRUE,FALSE,"Rpv12+1",0,"Rpv12+1|0"
"Vitvi06g00308",686.340215055218,-1.76331929380818,-1.49485459355595,0.542503683940302,-3.31709501046285,0.000909586791715512,0.00699175669288716,0.0755112675613971,0.768299979828311,0.0541698323636605,FALSE,TRUE,TRUE,FALSE,"Rpv12+1",0,"Rpv12+1|0"
"Vitvi10g02024",343.648392074058,3.07170282710903,2.19387220277079,1.26471336121421,3.31691963080626,0.000910157939644897,0.00699396475392754,0.0126457648767379,0.257432345066604,0.0512531345885554,FALSE,TRUE,TRUE,FALSE,"Rpv12+1",0,"Rpv12+1|0"
"Vitvi13g04709",30.4852500951079,4.2873933784051,3.3967698335549,1.26353988333808,3.31577743352068,0.000913885800333537,0.00701604567685167,0.0055263675111486,0.144275696331473,0.00649659129275673,FALSE,TRUE,TRUE,FALSE,"Rpv12+1",0,"Rpv12+1|0"
"Vitvi08g01679",748.573212793194,1.19696709423975,1.01695703869181,0.389710211215225,3.31534495778091,0.000915300987698834,0.00702253352007116,0.292685220492477,1,0.17662213237448,FALSE,TRUE,TRUE,FALSE,"Rpv12+1",0,"Rpv12+1|0"
"Vitvi13g01972",487.064945151812,1.37197932259796,1.17907601339943,0.415459856678953,3.31512285243206,0.000916028570521193,0.00702374100944915,0.184375306961799,1,0.108659090136267,FALSE,TRUE,TRUE,FALSE,"Rpv12+1",0,"Rpv12+1|0"
"Vitvi14g04252",6.41778958299172,3.63090443215425,2.79815238446128,1.25959681026945,3.31446248994003,0.000918194982898368,0.0070365644609512,0.0081732668837666,0.189207511869425,0.0197925856841532,FALSE,TRUE,TRUE,FALSE,"Rpv12+1",0,"Rpv12+1|0"
"Vitvi04g00517",336.620358358623,2.76452604988742,2.07900667555524,1.06508402854026,3.31221655482683,0.000925598673413737,0.00708181377182133,0.0172564783643679,0.311959653677108,0.0444911811853145,FALSE,TRUE,TRUE,FALSE,"Rpv12+1",0,"Rpv12+1|0"
"Vitvi03g01391",43.8504963510821,2.08555970975524,1.68332566633925,0.705593090445165,3.31216164144194,0.000925780385363632,0.00708181377182133,0.042352483167992,0.553395907688063,0.0489256207714574,FALSE,TRUE,TRUE,FALSE,"Rpv12+1",0,"Rpv12+1|0"
"Vitvi10g01674",35.269571379201,2.56171829538292,2.03666966845722,0.869449254223678,3.31089317892414,0.00092998702125034,0.00710423573814678,0.021774649420734,0.364896255090955,0.0315867019673311,FALSE,TRUE,TRUE,FALSE,"Rpv12+1",0,"Rpv12+1|0"
"Vitvi18g04230",139.127830090938,1.18361106407974,1.02821266705528,0.364128689376268,3.31040818776988,0.000931600085165733,0.00711214741188193,0.303788017640204,1,0.170015302351386,FALSE,TRUE,TRUE,FALSE,"Rpv12+1",0,"Rpv12+1|0"
"Vitvi12g04498",24.9606447277474,3.89221278427817,3.08480966063463,1.1152636975737,3.30969855646302,0.000933964966257082,0.00712578535419928,0.00697515813789926,0.167705111883554,0.00705195353107767,FALSE,TRUE,TRUE,FALSE,"Rpv12+1",0,"Rpv12+1|0"
"Vitvi07g00573",19.7706912455075,1.93716365424711,1.58515351818626,0.63338444061374,3.30934452850626,0.000935146860170484,0.00713259382265017,0.0546888124639065,0.644058862394584,0.0529093942234169,FALSE,TRUE,TRUE,FALSE,"Rpv12+1",0,"Rpv12+1|0"
"Vitvi10g04499",170.794315891782,-1.59558543453111,-1.34795450596975,0.493019599180238,-3.30790504303971,0.000939966752229737,0.00716491983537494,0.108462873673941,0.938564443412707,0.0740466310450495,FALSE,TRUE,TRUE,FALSE,"Rpv12+1",0,"Rpv12+1|0"
"Vitvi11g01155",46.5090746963524,1.41561414494446,1.20495620581687,0.441334322285939,3.3068504273595,0.000943512563779103,0.00718305794847404,0.165807132145319,1,0.103322885068487,FALSE,TRUE,TRUE,FALSE,"Rpv12+1",0,"Rpv12+1|0"
"Vitvi18g01628",1280.86812869975,1.67356284537853,1.37200423335499,0.559225490725702,3.30593369428421,0.000946604851285499,0.00720437352989483,0.0916691118119788,0.857041656360266,0.0783343820569921,FALSE,TRUE,TRUE,FALSE,"Rpv12+1",0,"Rpv12+1|0"
"Vitvi15g00807",4.60301992720053,5.336557975006,4.32953435393139,2.45274606069607,3.30449924973506,0.000951462305683645,0.00723463745766119,0.00366704928776364,0.108391347252665,0.022458552210363,FALSE,TRUE,TRUE,FALSE,"Rpv12+1",0,"Rpv12+1|0"
"Vitvi11g00485",790.860696719805,1.89000666757936,1.50048047851753,0.660056103094222,3.30437168660712,0.000951895388258805,0.00723569724935018,0.0598503349578771,0.679524701459682,0.0688124472554158,FALSE,TRUE,TRUE,FALSE,"Rpv12+1",0,"Rpv12+1|0"
"Vitvi08g01617",50.0086584528613,2.15071185933572,1.77202682617542,0.69852065561449,3.30249192606282,0.00095829846704409,0.00727987697628683,0.0386183219559596,0.524243219536039,0.0375527299371548,FALSE,TRUE,TRUE,FALSE,"Rpv12+1",0,"Rpv12+1|0"
"Vitvi07g04313",418.627668895488,1.20349279073431,1.03078154025298,0.378688824440091,3.30235894161759,0.000958752963096859,0.00728108446327195,0.288292483345272,1,0.16876972798831,FALSE,TRUE,TRUE,FALSE,"Rpv12+1",0,"Rpv12+1|0"
"Vitvi16g04515",836.756315820872,-1.17890407665784,-1.02463241588857,0.358693157065484,-3.30134750720995,0.000962216244491285,0.00730288336392092,0.308187476760413,1,0.171737022176834,FALSE,TRUE,TRUE,FALSE,"Rpv12+1",0,"Rpv12+1|0"
"Vitvi15g00287",4.21975892207238,-4.11432392782867,-3.27028490997091,1.32170195527445,-3.30072654123657,0.000964348248477236,0.00731230638642203,0.0062568565817502,0.155769127960971,0.0103626738710977,FALSE,TRUE,TRUE,FALSE,"Rpv12+1",0,"Rpv12+1|0"
"Vitvi19g00735",1760.96795459294,1.83723499156816,1.48011126840934,0.635082610272507,3.29928013134982,0.000969331279399028,0.00734782935362291,0.0663559566315103,0.715796069906672,0.0688901451788725,FALSE,TRUE,TRUE,FALSE,"Rpv12+1",0,"Rpv12+1|0"
"Vitvi16g04400",1651.37596989559,1.85236881258631,1.49882238029474,0.62893097072968,3.29841114883664,0.000972336469062178,0.00736782811283887,0.0645368625976249,0.703904534603507,0.0656703752457523,FALSE,TRUE,TRUE,FALSE,"Rpv12+1",0,"Rpv12+1|0"
"Vitvi18g01086",692.308278933558,1.51896287688091,1.24697751872053,0.513484898208426,3.29828387265312,0.000972777350142907,0.00736782811283887,0.129896911052538,1,0.100711296623459,FALSE,TRUE,TRUE,FALSE,"Rpv12+1",0,"Rpv12+1|0"
"Vitvi13g01916",897.947979210668,1.32939544996211,1.12241825556681,0.431067648722832,3.29690166566376,0.000977577212136206,0.00740122685869317,0.206992520882186,1,0.131795201075131,FALSE,TRUE,TRUE,FALSE,"Rpv12+1",0,"Rpv12+1|0"
"Vitvi09g01786",36.1998552909877,-1.61915782458649,-1.33610876401326,0.529077305153889,-3.29639761936284,0.00097933301715133,0.00741224215377578,0.103739903303006,0.919597468825261,0.081663115090625,FALSE,TRUE,TRUE,FALSE,"Rpv12+1",0,"Rpv12+1|0"
"Vitvi18g02533",371.992508351837,1.85848703613075,1.52140445735166,0.64833117690249,3.29506965824,0.000983972854528789,0.00744278638138509,0.0639941371275823,0.700427879966705,0.0644693889858557,FALSE,TRUE,TRUE,FALSE,"Rpv12+1",0,"Rpv12+1|0"
"Vitvi13g00134",426.872581294551,1.48662271326906,1.22583060925236,0.495039209475073,3.29439760771721,0.000986328718429705,0.00745602771010562,0.140434447613687,1,0.104855540684953,FALSE,TRUE,TRUE,FALSE,"Rpv12+1",0,"Rpv12+1|0"
"Vitvi14g01312",238.206949300288,1.57042941622323,1.30577106058029,0.513270976017501,3.29370082281778,0.000988776801956093,0.00747224088742034,0.11577499440783,0.974356298483775,0.0868685899686816,FALSE,TRUE,TRUE,FALSE,"Rpv12+1",0,"Rpv12+1|0"
"Vitvi18g00802",94.8966627573533,1.8039242243534,1.4998987541154,0.57484953826684,3.29323728384312,0.000990408514334156,0.0074804253121128,0.0711010303830365,0.742503235703029,0.0582102272618591,FALSE,TRUE,TRUE,FALSE,"Rpv12+1",0,"Rpv12+1|0"
"Vitvi15g01667",52.9517228257371,2.1649487123072,1.72041120352866,0.743134047593801,3.2916759539473,0.000995922940444972,0.00751424866649769,0.0382615342748819,0.52108443659581,0.0487898064419978,FALSE,TRUE,TRUE,FALSE,"Rpv12+1",0,"Rpv12+1|0"
"Vitvi14g02589",30.9659296990998,1.89874646794862,1.52343551907381,0.648234104710737,3.28913195576129,0.00100496895622638,0.0075667528134453,0.0597512887342614,0.678989557775649,0.0639447418932143,FALSE,TRUE,TRUE,FALSE,"Rpv12+1",0,"Rpv12+1|0"
"Vitvi11g00284",50.6086679372059,-1.46366260685489,-1.2362411346439,0.459630414262239,-3.28649970819687,0.00101440878984008,0.00762850273092192,0.148913336088249,1,0.0971505942083916,FALSE,TRUE,TRUE,FALSE,"Rpv12+1",0,"Rpv12+1|0"
"Vitvi18g02981",44.745172240383,4.20151785870978,2.92442134487205,1.76430399431355,3.28444020470562,0.00102185179115479,0.00766809038284786,0.00618616581570453,0.155301258707308,0.0391708901879528,FALSE,TRUE,TRUE,FALSE,"Rpv12+1",0,"Rpv12+1|0"
"Vitvi18g00204",1013.52006489595,-1.49200827471761,-1.23062355480091,0.503025621437443,-3.28356420934191,0.00102503291489151,0.00768961963802292,0.139449486203711,1,0.104494785917292,FALSE,TRUE,TRUE,FALSE,"Rpv12+1",0,"Rpv12+1|0"
"Vitvi07g04656",1591.54956873262,1.48437512841551,1.22775638944622,0.49667733496586,3.28319632375991,0.00102637159975445,0.00769731833532744,0.142004041657099,1,0.104404665809666,FALSE,TRUE,TRUE,FALSE,"Rpv12+1",0,"Rpv12+1|0"
"Vitvi00g04609",5.97053145854052,5.36763651630942,4.39085650655793,1.99533896721948,3.28157662817722,0.00103228471451946,0.00772790016696803,0.00383967316862177,0.112379461615767,0.0108932386557521,FALSE,TRUE,TRUE,FALSE,"Rpv12+1",0,"Rpv12+1|0"
"Vitvi09g00038",1210.47011663717,1.56663769797338,1.31621569991647,0.4977254104649,3.28156384034077,0.00103233152498343,0.00772790016696803,0.117631620640668,0.981852445545388,0.0815795299041695,FALSE,TRUE,TRUE,FALSE,"Rpv12+1",0,"Rpv12+1|0"
"Vitvi17g00578",154.601592065425,-1.22390158062189,-1.06628228113844,0.371519496007433,-3.28094020066199,0.00103461677208299,0.00774030330915172,0.274180497681766,1,0.150627284201886,FALSE,TRUE,TRUE,FALSE,"Rpv12+1",0,"Rpv12+1|0"
"Vitvi05g01345",4.0378239599032,6.96191579304238,7.80431329573384,3.57982718359654,3.28030805345431,0.00103693797086579,0.00775344137952274,0.0025716803754188,0.0830525764698525,0.00641891675349934,FALSE,TRUE,TRUE,FALSE,"Rpv12+1",0,"Rpv12+1|0"
"Vitvi04g02073",67.8061225859856,1.64804083777816,1.35806312703474,0.544866353689667,3.27931469327015,0.00104059525578804,0.00777322762934937,0.0986142103764565,0.888328312478129,0.0789960191378577,FALSE,TRUE,TRUE,FALSE,"Rpv12+1",0,"Rpv12+1|0"
"Vitvi07g00348",20.9879824297452,3.25887761819665,2.39659359629132,1.27266703130175,3.27876989652793,0.00104260611551832,0.007785887924192,0.011532303610683,0.241313490260473,0.0384244639374548,FALSE,TRUE,TRUE,FALSE,"Rpv12+1",0,"Rpv12+1|0"
"Vitvi04g01095",72.5205590129419,1.96763208543672,1.54152038527149,0.703325597071893,3.27815615841076,0.00104487574639077,0.00780047239032818,0.0534688475003631,0.63663704222212,0.0674995924306797,FALSE,TRUE,TRUE,FALSE,"Rpv12+1",0,"Rpv12+1|0"
"Vitvi09g04536",110.220592174211,3.12669094823639,2.32397937917266,1.19632386295599,3.27727331563721,0.00104814855703668,0.00782064657965911,0.0129108045953148,0.260522058415088,0.0373658536356289,FALSE,TRUE,TRUE,FALSE,"Rpv12+1",0,"Rpv12+1|0"
"Vitvi04g01664",18.2618797006841,-2.3814668202522,-1.89215648491742,0.805688314095641,-3.27559933753905,0.00105438026502302,0.00785951957915498,0.0287087109924904,0.437855545081779,0.0372411755033743,FALSE,TRUE,TRUE,FALSE,"Rpv12+1",0,"Rpv12+1|0"
"Vitvi07g00351",2139.11283054128,3.9279350525286,2.66632104061115,1.8442683467992,3.27469333895253,0.00105776730019257,0.00787999855081471,0.00734324927058086,0.174154177397212,0.0548726074366649,FALSE,TRUE,TRUE,FALSE,"Rpv12+1",0,"Rpv12+1|0"
"Vitvi15g01073",211.064362908053,-2.11643046055105,-1.69334437283654,0.712504644807079,-3.27446854795104,0.00105860922849358,0.00788388662429502,0.0420573530856727,0.551710898980036,0.0482468947667104,FALSE,TRUE,TRUE,FALSE,"Rpv12+1",0,"Rpv12+1|0"
"Vitvi10g04030",14.578721481734,3.68764409377501,2.78719254916768,1.30430112371219,3.27341539203335,0.00106256196314512,0.00791093276640771,0.00853813764697964,0.195082916260558,0.0221088007142186,FALSE,TRUE,TRUE,FALSE,"Rpv12+1",0,"Rpv12+1|0"
"Vitvi18g00909",1113.65889577635,1.55553214369498,1.28350924325811,0.51966592393707,3.27196032482167,0.00106804562975588,0.0079440181813278,0.121297447566245,1,0.0930396032474434,FALSE,TRUE,TRUE,FALSE,"Rpv12+1",0,"Rpv12+1|0"
"Vitvi08g01062",39.0529833427245,2.37765171084404,1.88067320711331,0.828155791987025,3.27094549691648,0.00107188566411884,0.00796590504411213,0.0290319089654101,0.440323031043788,0.0405675638424902,FALSE,TRUE,TRUE,FALSE,"Rpv12+1",0,"Rpv12+1|0"
"Vitvi18g02846",11.5042789100875,-4.51568390229376,-3.64459051619648,2.43819602950106,-3.2693382529692,0.0010779934962696,0.00800164139020723,0.00549111320703333,0.143847358729089,0.0393588090140653,FALSE,TRUE,TRUE,FALSE,"Rpv12+1",0,"Rpv12+1|0"
"Vitvi01g02293",266.984140988324,3.07699803698651,2.27218235961985,1.20576277713501,3.26858509341681,0.00108086670882258,0.00801813677764318,0.0136881991823374,0.27085446475852,0.0412754547299193,FALSE,TRUE,TRUE,FALSE,"Rpv12+1",0,"Rpv12+1|0"
"Vitvi14g01033",10.1084734851194,-4.49399673998032,-3.68112656526757,2.41832848658462,-3.26426387046403,0.00109748901359765,0.00812432071484129,0.00560889590216772,0.145126714050253,0.0371163387051896,FALSE,TRUE,TRUE,FALSE,"Rpv12+1",0,"Rpv12+1|0"
"Vitvi05g01399",57.99887014923,4.00745767850147,2.94246213120369,1.46410881162909,3.26427963909709,0.0010974279294979,0.00812432071484129,0.00717083183331696,0.170995250617811,0.0239888986657369,FALSE,TRUE,TRUE,FALSE,"Rpv12+1",0,"Rpv12+1|0"
"Vitvi01g04178",365.112985680492,3.13528804884264,2.19848754383923,1.31152617020566,3.26373619153248,0.00109953493586181,0.00813702093117799,0.0131240958071975,0.263479065403284,0.0540296711187946,FALSE,TRUE,TRUE,FALSE,"Rpv12+1",0,"Rpv12+1|0"
"Vitvi06g00575",669.971692495326,1.53293046987902,1.26847699024805,0.50896832056576,3.26304133357071,0.00110223442672713,0.00815337466985996,0.128310996619312,1,0.0953035056664686,FALSE,TRUE,TRUE,FALSE,"Rpv12+1",0,"Rpv12+1|0"
"Vitvi13g04087",184.655344786539,-1.34117884481458,-1.1416169850497,0.411450321739901,-3.26299704784117,0.00110240668230652,0.00815337466985996,0.20325103478444,1,0.123066785010267,FALSE,TRUE,TRUE,FALSE,"Rpv12+1",0,"Rpv12+1|0"
"Vitvi19g04136",7.2888717916785,3.49397743789696,2.68561428520593,1.23301864692814,3.26180937507998,0.00110703559900119,0.00818515276620451,0.00996284055547137,0.217000787752353,0.0221583680017031,FALSE,TRUE,TRUE,FALSE,"Rpv12+1",0,"Rpv12+1|0"
"Vitvi17g01613",13.8607218819164,4.63212087124355,3.15041698828718,2.07355036954275,3.26135548099818,0.00110880937859463,0.00819580793611082,0.00531132144940174,0.140911620481643,0.0427703153655771,FALSE,TRUE,TRUE,FALSE,"Rpv12+1",0,"Rpv12+1|0"
"Vitvi05g01579",187.348183563216,4.52641638230324,3.37574131255695,2.0535405425749,3.26097808096723,0.00111028622651463,0.00820426259040628,0.00556823915629536,0.144641244714967,0.0342478190845183,FALSE,TRUE,TRUE,FALSE,"Rpv12+1",0,"Rpv12+1|0"
"Vitvi05g01575",249.116152812698,1.68283194630978,1.36068872209753,0.578054922143613,3.26001364061083,0.00111406855712437,0.00822569193792733,0.092951903623488,0.865008382762796,0.0834210752389639,FALSE,TRUE,TRUE,FALSE,"Rpv12+1",0,"Rpv12+1|0"
"Vitvi11g00071",2925.48281042518,1.40772480448545,1.1684672035073,0.471905188912918,3.25998324995575,0.00111418793622599,0.00822569193792733,0.172533327492512,1,0.121510089581432,FALSE,TRUE,TRUE,FALSE,"Rpv12+1",0,"Rpv12+1|0"
"Vitvi10g00224",43.3572118852948,2.227446162203,1.79191953494902,0.745886761539852,3.2576022073476,0.00112357788311421,0.00827946528630932,0.0363185355143966,0.501878801120498,0.040696415031348,FALSE,TRUE,TRUE,FALSE,"Rpv12+1",0,"Rpv12+1|0"
"Vitvi06g00337",36.5382781976796,-1.40026085782777,-1.19119396907054,0.438782545297184,-3.25679222696415,0.00112678878572158,0.00829160751096165,0.175940907496721,1,0.107477583400021,FALSE,TRUE,TRUE,FALSE,"Rpv12+1",0,"Rpv12+1|0"
"Vitvi17g00796",94.7509199329567,2.63932331204599,1.95052158328625,1.03025241805679,3.25658992093693,0.00112759208480678,0.00829482191737825,0.0215547269815896,0.362371531562598,0.0530490027644831,FALSE,TRUE,TRUE,FALSE,"Rpv12+1",0,"Rpv12+1|0"
"Vitvi11g04253",18.3216202197977,-1.82326077967013,-1.48892484882199,0.594768096875776,-3.25589644043985,0.00113034971622865,0.00831014491465501,0.0707619106272825,0.74117043914677,0.0626032654859247,FALSE,TRUE,TRUE,FALSE,"Rpv12+1",0,"Rpv12+1|0"
"Vitvi00g04567",47.245702046702,1.95667915846134,1.5878071564096,0.654129603057226,3.25483742676052,0.00113457292589072,0.0083362178950921,0.0557616127596222,0.651481924153174,0.055437854150998,FALSE,TRUE,TRUE,FALSE,"Rpv12+1",0,"Rpv12+1|0"
"Vitvi13g00398",178.148568762023,1.53311923558674,1.24594198172755,0.53126912095057,3.25423751941383,0.00113697174584433,0.00834676743162713,0.128898766500201,1,0.103503419960332,FALSE,TRUE,TRUE,FALSE,"Rpv12+1",0,"Rpv12+1|0"
"Vitvi03g00274",13212.3801221051,1.18863241549608,1.0125963360914,0.38422157686447,3.25422417815042,0.00113702514614956,0.00834676743162713,0.302775083214993,1,0.178541502299111,FALSE,TRUE,TRUE,FALSE,"Rpv12+1",0,"Rpv12+1|0"
"Vitvi01g01660",1216.44290618404,1.32930017245603,1.11957088298469,0.433793503697611,3.25411104043184,0.0011374780891732,0.00834721414264198,0.210085996606957,1,0.132833940160354,FALSE,TRUE,TRUE,FALSE,"Rpv12+1",0,"Rpv12+1|0"
"Vitvi08g02382",15.272725070512,3.91980552637771,2.73762760655749,1.69139229323625,3.25362657356451,0.00113941952279067,0.00835438671531876,0.00770637779492445,0.180799225773479,0.0432977719085219,FALSE,TRUE,TRUE,FALSE,"Rpv12+1",0,"Rpv12+1|0"
"Vitvi08g01510",647.215496270925,1.67279297811212,1.38906810106222,0.541717955599369,3.2533537836216,0.00114051403803402,0.00835886675602521,0.0953536120749049,0.875308538053136,0.0725247288519278,FALSE,TRUE,TRUE,FALSE,"Rpv12+1",0,"Rpv12+1|0"
"Vitvi15g00818",62.0169844843547,-1.37337382223203,-1.16520317314718,0.429688047740534,-3.25245177715325,0.00114414008264015,0.00837902350651685,0.188285646641197,1,0.116298380065151,FALSE,TRUE,TRUE,FALSE,"Rpv12+1",0,"Rpv12+1|0"
"Vitvi09g04338",26.0138023035744,1.93599404729425,1.58885770651296,0.627547994346784,3.25233344562749,0.0011446165624298,0.00837912793446186,0.0579288523530026,0.668148522355466,0.0518718719179442,FALSE,TRUE,TRUE,FALSE,"Rpv12+1",0,"Rpv12+1|0"
"Vitvi04g01740",1133.81245788984,1.19145024671653,1.01290772975215,0.391879106488287,3.25227931802789,0.00114483457653022,0.00837912793446186,0.300626970152021,1,0.178445582579068,FALSE,TRUE,TRUE,FALSE,"Rpv12+1",0,"Rpv12+1|0"
"Vitvi03g00144",1026.69741153392,2.38963424691596,1.80130666619438,0.914752541344271,3.25199542882413,0.00114597864868823,0.0083825207806067,0.0293061744551759,0.442326065086906,0.0576348030413976,FALSE,TRUE,TRUE,FALSE,"Rpv12+1",0,"Rpv12+1|0"
"Vitvi01g01960",492.836395179596,1.21993144346076,1.06067640771005,0.384981385082067,3.2520266489882,0.00114585277987515,0.0083825207806067,0.278843270668508,1,0.155371481154282,FALSE,TRUE,TRUE,FALSE,"Rpv12+1",0,"Rpv12+1|0"
"Vitvi09g00296",8.69139695383728,5.57473719314062,4.47334381980104,2.69331892219314,3.25097895927249,0.00115008368772085,0.008405061326221,0.00388030197677421,0.113103847095408,0.0255274811289396,FALSE,TRUE,TRUE,FALSE,"Rpv12+1",0,"Rpv12+1|0"
"Vitvi08g04218",247.127407055112,1.89077393085967,1.46749187154929,0.695994594799796,3.25071284038339,0.00115116065854062,0.00841043712449782,0.0628278409120985,0.694637992569563,0.0778419807856234,FALSE,TRUE,TRUE,FALSE,"Rpv12+1",0,"Rpv12+1|0"
"Vitvi06g04092",223.533680944511,1.83811694265715,1.47756732378164,0.62734186880186,3.25050710873926,0.0011519938837466,0.008411535660931,0.0691547914417514,0.733584829409885,0.0684249867765527,FALSE,TRUE,TRUE,FALSE,"Rpv12+1",0,"Rpv12+1|0"
"Vitvi13g04069",118.209658071011,-1.18495727024145,-1.0251437640284,0.366708848625773,-3.24964679347804,0.00115548425376513,0.00843452150392824,0.305996747397902,1,0.171928265285359,FALSE,TRUE,TRUE,FALSE,"Rpv12+1",0,"Rpv12+1|0"
"Vitvi12g04511",46.7529440717776,2.08002481810794,1.72801754308453,0.662784541114403,3.24875662295705,0.00115910603563349,0.00845344472879414,0.0458146361281593,0.578674787698965,0.0381752448645628,FALSE,TRUE,TRUE,FALSE,"Rpv12+1",0,"Rpv12+1|0"
"Vitvi00g00859",583.024661524702,1.34079798972998,1.13261072446145,0.435892951763083,3.24838537602566,0.0011606196029976,0.00846197825967709,0.204498514684366,1,0.128026112497088,FALSE,TRUE,TRUE,FALSE,"Rpv12+1",0,"Rpv12+1|0"
"Vitvi05g00528",12.6294942443194,5.95561705971075,4.7242667522317,2.17890258022302,3.24604746368829,0.00117019327880812,0.00851418472473042,0.00353148042912893,0.105697936551011,0.0105939267879654,FALSE,TRUE,TRUE,FALSE,"Rpv12+1",0,"Rpv12+1|0"
"Vitvi06g00012",69.8502732618728,-1.42253191403673,-1.17660001554609,0.47581936048183,-3.24604600357925,0.00117019928064366,0.00851418472473042,0.167481171634658,1,0.118675884251146,FALSE,TRUE,TRUE,FALSE,"Rpv12+1",0,"Rpv12+1|0"
"Vitvi13g04781",3.12556889018214,5.13675997882243,4.289815094837,2.5080312150758,3.2440002502824,0.00117863642683999,0.00857068959105804,0.00454767739534521,0.126690833849665,0.024615699505464,FALSE,TRUE,TRUE,FALSE,"Rpv12+1",0,"Rpv12+1|0"
"Vitvi09g01646",20.8930269661112,4.9709523045741,3.8818722937724,2.36564857298849,3.24296285299379,0.00118293633229229,0.00859063226857922,0.00483974352292887,0.132568430174132,0.0302060668589239,FALSE,TRUE,TRUE,FALSE,"Rpv12+1",0,"Rpv12+1|0"
"Vitvi18g02605",111.227048899542,3.82224714847103,3.02317791868882,1.34329231156155,3.24299669343259,0.00118279583875021,0.00859063226857922,0.00834196237643113,0.191860295392575,0.016901517169222,FALSE,TRUE,TRUE,FALSE,"Rpv12+1",0,"Rpv12+1|0"
"Vitvi08g02107",377.682749287459,1.46979426659266,1.27388303053407,0.486841551873731,3.24173642332312,0.00118803845247826,0.00862106489403668,0.150062641907878,1,0.0909661184541668,FALSE,TRUE,TRUE,FALSE,"Rpv12+1",0,"Rpv12+1|0"
"Vitvi06g01917",448.784852605726,2.59209030990525,1.95459882022465,0.983697819902779,3.24121502154937,0.00119021371037095,0.00862668578072922,0.0232555327774415,0.38212404643536,0.0487219190529136,FALSE,TRUE,TRUE,FALSE,"Rpv12+1",0,"Rpv12+1|0"
"Vitvi02g00348",59.8084702696465,-1.88810288804522,-1.53040999169895,0.625949599177097,-3.24123211098704,0.00119014235594198,0.00862668578072922,0.0636833783020062,0.698487837736763,0.0603206854591102,FALSE,TRUE,TRUE,FALSE,"Rpv12+1",0,"Rpv12+1|0"
"Vitvi12g04233",610.698516647693,2.51195752402676,1.87042392960845,0.968004354585832,3.240139458036,0.00119471252803444,0.00865674642372249,0.0255759219103266,0.406321249775763,0.0553671733502921,FALSE,TRUE,TRUE,FALSE,"Rpv12+1",0,"Rpv12+1|0"
"Vitvi04g04169",3.52558151879831,-5.62363020844361,-4.92715789402968,2.96744174401368,-3.23948326647715,0.00119746492661598,0.00867413876274956,0.00393531438922302,0.114255148843158,0.0241966146455188,FALSE,TRUE,TRUE,FALSE,"Rpv12+1",0,"Rpv12+1|0"
"Vitvi09g01790",205.981877702926,1.31680927697991,1.09569585405824,0.434335893286644,3.23889560847312,0.00119993483196807,0.00868181924239805,0.217918798224145,1,0.142318569768618,FALSE,TRUE,TRUE,FALSE,"Rpv12+1",0,"Rpv12+1|0"
"Vitvi12g02142",639.108592115523,1.37434841249769,1.14707331929052,0.457777030032559,3.23877062738194,0.00120046072950914,0.00868307414333153,0.188838576398207,1,0.125396255358097,FALSE,TRUE,TRUE,FALSE,"Rpv12+1",0,"Rpv12+1|0"
"Vitvi14g03121",1931.16200761464,1.24165529505278,1.05307819152935,0.405440957160291,3.23837936258369,0.0012021084771232,0.00869244039988468,0.264260704922184,1,0.159276105874992,FALSE,TRUE,TRUE,FALSE,"Rpv12+1",0,"Rpv12+1|0"
"Vitvi06g00300",2215.40022749058,1.65107754631391,1.35161235236152,0.563713225251913,3.23804679657795,0.00120351066680133,0.00870002605261668,0.100823299278785,0.901996130586096,0.0835047027584717,FALSE,TRUE,TRUE,FALSE,"Rpv12+1",0,"Rpv12+1|0"
"Vitvi01g00994",958.415389552872,1.66935476776408,1.40155441033651,0.529451992163499,3.23672467118033,0.00120910006717258,0.00873274384487354,0.0971752171500495,0.882981828481667,0.0687350088599214,FALSE,TRUE,TRUE,FALSE,"Rpv12+1",0,"Rpv12+1|0"
"Vitvi04g01389",4101.33533006547,2.84434511048187,2.06818598220559,1.16173616834648,3.23402643590309,0.0012205815697682,0.00881308544924076,0.0180018948117638,0.320566076501653,0.0532589513046633,FALSE,TRUE,TRUE,FALSE,"Rpv12+1",0,"Rpv12+1|0"
"Vitvi05g01266",2871.91462258804,1.76752902396343,1.4401382774464,0.61186465142632,3.23359886793853,0.00122241016829795,0.00882370258018992,0.0801368700689502,0.793853544001015,0.0723652165410999,FALSE,TRUE,TRUE,FALSE,"Rpv12+1",0,"Rpv12+1|0"
"Vitvi17g04200",47.8196131472863,3.23015745729339,2.3877309191476,1.3266269504468,3.23315423478604,0.00122431443372104,0.00883051509087557,0.0128114732600047,0.259078569285263,0.0419872556909109,FALSE,TRUE,TRUE,FALSE,"Rpv12+1",0,"Rpv12+1|0"
"Vitvi18g00505",981.829543380968,1.18549791181725,1.01336960872729,0.382641129171729,3.2331274411954,0.00122442927222077,0.00883051509087557,0.306464909268816,1,0.17796594194168,FALSE,TRUE,TRUE,FALSE,"Rpv12+1",0,"Rpv12+1|0"
"Vitvi02g00653",50.2171896698763,2.53666385918522,1.93544714367728,0.92755535610062,3.23236854899368,0.00122768605169199,0.00885141163871348,0.0251119145918171,0.401775274499905,0.0448249109498748,FALSE,TRUE,TRUE,FALSE,"Rpv12+1",0,"Rpv12+1|0"
"Vitvi05g01650",897.48929110549,3.29096036096109,2.33126507255405,1.39088062440804,3.23179271997002,0.00123016255336025,0.0088640785798722,0.012244279921595,0.251806696909593,0.0497445170742442,FALSE,TRUE,TRUE,FALSE,"Rpv12+1",0,"Rpv12+1|0"
"Vitvi08g00961",2233.90686991741,1.54065437883299,1.25375404128692,0.531714755669792,3.23134717080876,0.00123208191789748,0.00887531290331061,0.128405500887751,1,0.101340506136347,FALSE,TRUE,TRUE,FALSE,"Rpv12+1",0,"Rpv12+1|0"
"Vitvi08g00240",3057.92975984073,1.71291433301521,1.37609059675759,0.598839338907882,3.23102297202749,0.0012334802596274,0.00888278856363068,0.0893530480800079,0.84684335456306,0.0827506794806529,FALSE,TRUE,TRUE,FALSE,"Rpv12+1",0,"Rpv12+1|0"
"Vitvi06g04051",31.7888829451078,1.73156813624649,1.42351142832136,0.562562539797599,3.23091751009426,0.00123393545633353,0.00888346987207269,0.0861225415954426,0.8282645461747,0.0692013499804226,FALSE,TRUE,TRUE,FALSE,"Rpv12+1",0,"Rpv12+1|0"
"Vitvi04g02221",60.9152302902761,4.49042593561736,3.26721180661386,1.82654312406848,3.23055751541657,0.00123549044072401,0.00889206616934758,0.00605642750709282,0.153072547978784,0.0290806847231013,FALSE,TRUE,TRUE,FALSE,"Rpv12+1",0,"Rpv12+1|0"
"Vitvi18g00567",125.196932368331,-1.76866854613002,-1.39936006963229,0.62722277834539,-3.23006044264373,0.00123764050370264,0.00890493909147728,0.0801903503908146,0.793853544001015,0.081495874720578,FALSE,TRUE,TRUE,FALSE,"Rpv12+1",0,"Rpv12+1|0"
"Vitvi01g00859",3736.66912794263,1.19010318007604,1.0209548970136,0.38047429524709,3.22726527576355,0.00124979533680163,0.00897701868860656,0.303097374170332,1,0.174228404633554,FALSE,TRUE,TRUE,FALSE,"Rpv12+1",0,"Rpv12+1|0"
"Vitvi07g04445",22.3558435763547,2.013451618684,1.6459732936446,0.648627481789848,3.22662924496398,0.00125257647838411,0.00899078999412394,0.0521786689609066,0.628426243714713,0.0462986865003871,FALSE,TRUE,TRUE,FALSE,"Rpv12+1",0,"Rpv12+1|0"
"Vitvi04g00217",247.819676861737,1.73354460341996,1.39136491394133,0.605180470161598,3.22670853632082,0.00125222945332514,0.00899078999412394,0.0860681364798428,0.828045745559473,0.0799927275021831,FALSE,TRUE,TRUE,FALSE,"Rpv12+1",0,"Rpv12+1|0"
"Vitvi14g02915",162.137193382081,1.36286486444747,1.13421088721845,0.456009643130061,3.22559159307309,0.00125712603824231,0.00901617382187407,0.195220280586946,1,0.129628601176262,FALSE,TRUE,TRUE,FALSE,"Rpv12+1",0,"Rpv12+1|0"
"Vitvi17g00747",28.5927892482637,2.23936185769849,1.77014176274839,0.777915565894023,3.2244622045853,0.00126209515198028,0.00904917816187028,0.0371679097466339,0.510380761712439,0.0472355019458724,FALSE,TRUE,TRUE,FALSE,"Rpv12+1",0,"Rpv12+1|0"
"Vitvi12g04320",77.5471159316315,-1.61818034488858,-1.32560825475505,0.537888485305883,-3.22422445548632,0.0012631435146932,0.00905135725488998,0.109026120341751,0.940948294958713,0.0859377204642876,FALSE,TRUE,TRUE,FALSE,"Rpv12+1",0,"Rpv12+1|0"
"Vitvi17g00018",3592.58504829473,1.56134976894391,1.28613498446743,0.523495491877246,3.22423360731767,0.00126310314450853,0.00905135725488998,0.12318659607211,1,0.0928659056271054,FALSE,TRUE,TRUE,FALSE,"Rpv12+1",0,"Rpv12+1|0"
"Vitvi09g01583",84.7845529203834,1.29948782018868,1.09036254534737,0.431402230562155,3.22306379508402,0.0012682730387874,0.00908289958824601,0.228799343948176,1,0.144325223016553,FALSE,TRUE,TRUE,FALSE,"Rpv12+1",0,"Rpv12+1|0"
"Vitvi18g04189",1310.6319929429,1.30238333754558,1.08258965078624,0.440785111922244,3.22265783494675,0.00127007170926072,0.00909313764293723,0.227161710019491,1,0.148335632043039,FALSE,TRUE,TRUE,FALSE,"Rpv12+1",0,"Rpv12+1|0"
"Vitvi15g00727",277.739742783907,1.77348412844589,1.46026977939891,0.633395840012358,3.22233446919068,0.00127150611696946,0.00909811928482709,0.0799539328478441,0.793141801049205,0.0714086219405093,FALSE,TRUE,TRUE,FALSE,"Rpv12+1",0,"Rpv12+1|0"
"Vitvi05g00321",898.883364304029,1.47033071266004,1.19729634387304,0.506550094153029,3.2222446166112,0.00127190495655785,0.00909833057774658,0.151332699214134,1,0.115566704865333,FALSE,TRUE,TRUE,FALSE,"Rpv12+1",0,"Rpv12+1|0"
"Vitvi12g00226",184.656327946329,2.98463069940567,2.17477029377808,1.2089765024444,3.2221078538827,0.00127251224362299,0.00910003240461423,0.0160834551471913,0.298599789350871,0.0485184355577735,FALSE,TRUE,TRUE,FALSE,"Rpv12+1",0,"Rpv12+1|0"
"Vitvi14g01928",1600.03059802519,1.47824470692625,1.19855521089194,0.516820191031592,3.22167256866136,0.00127444688495688,0.0091108230300011,0.148640510097866,1,0.116481210247174,FALSE,TRUE,TRUE,FALSE,"Rpv12+1",0,"Rpv12+1|0"
"Vitvi07g01124",319.057688560796,2.26036531432366,1.75387826148185,0.826890142971737,3.22062926207771,0.0012790949583917,0.00913649851984281,0.0362646726404855,0.501847668667271,0.0543099015483078,FALSE,TRUE,TRUE,FALSE,"Rpv12+1",0,"Rpv12+1|0"
"Vitvi01g01988",49.9359817225136,-4.06905206002074,-3.15401582881046,1.43937343862505,-3.22052274335919,0.00127957039319777,0.00913724527733924,0.00759921869174277,0.178520899473681,0.0170705705893926,FALSE,TRUE,TRUE,FALSE,"Rpv12+1",0,"Rpv12+1|0"
"Vitvi02g00726",3765.37252168635,1.22598894024915,1.03765060792742,0.404600494427271,3.22031290671065,0.00128050745367494,0.00914128705555951,0.276387642256297,1,0.166468564805818,FALSE,TRUE,TRUE,FALSE,"Rpv12+1",0,"Rpv12+1|0"
"Vitvi19g01375",64.9471248391639,1.314422378955,1.10728229591727,0.427625907659349,3.21988623071545,0.00128241480022236,0.00915076194093307,0.22058247829799,1,0.137176531599375,FALSE,TRUE,TRUE,FALSE,"Rpv12+1",0,"Rpv12+1|0"
"Vitvi06g00459",1561.41915856903,1.41020703355533,1.17441408958809,0.470165947543474,3.21866323971897,0.0012878964115429,0.00918073379478327,0.174570077814515,1,0.11876739883927,FALSE,TRUE,TRUE,FALSE,"Rpv12+1",0,"Rpv12+1|0"
"Vitvi13g01756",10968.7892047926,1.16921899887637,1.01289052044394,0.364622719125093,3.2180173220298,0.00129080022194938,0.00919079603119796,0.320701540436857,1,0.177773875368415,FALSE,TRUE,TRUE,FALSE,"Rpv12+1",0,"Rpv12+1|0"
"Vitvi18g01510",493.126912033885,-3.25681254272768,-2.58248151163229,1.10949078317084,-3.2168056451786,0.00129626378635701,0.00922170217750251,0.012917049954676,0.260522058415088,0.0199307930872057,FALSE,TRUE,TRUE,FALSE,"Rpv12+1",0,"Rpv12+1|0"
"Vitvi14g00065",1139.16782066806,1.51785874566695,1.25408573850242,0.505780780371548,3.21648073170212,0.00129773247644698,0.00922948536078173,0.136235566850191,1,0.0984760696593966,FALSE,TRUE,TRUE,FALSE,"Rpv12+1",0,"Rpv12+1|0"
"Vitvi01g01806",456.054460497014,2.15104211001483,1.61465551214938,0.829932625275932,3.21612843060497,0.00129932670079521,0.00923694559107046,0.0426285078700491,0.556169145821753,0.0701387381593419,FALSE,TRUE,TRUE,FALSE,"Rpv12+1",0,"Rpv12+1|0"
"Vitvi05g01300",6.80791735223498,8.01900866488576,6.57397995825025,4.18804332832397,3.21519019377479,0.00130358120819354,0.00926305931498588,0.00259412083632804,0.0835321065430542,0.0237824989922908,FALSE,TRUE,TRUE,FALSE,"Rpv12+1",0,"Rpv12+1|0"
"Vitvi18g02824",326.830018119421,-1.76585796636094,-1.45316278077837,0.565781606603723,-3.21369304544184,0.0013103967769781,0.0093007591465377,0.0816909906741632,0.802160144536574,0.0649947551293256,FALSE,TRUE,TRUE,FALSE,"Rpv12+1",0,"Rpv12+1|0"
"Vitvi10g01676",2.5704714087673,6.69306928359904,6.43460423418876,3.46126021217186,3.21360912700492,0.00131077977606886,0.00930079797328125,0.00324403425250294,0.0990206441204484,0.0147595343253275,FALSE,TRUE,TRUE,FALSE,"Rpv12+1",0,"Rpv12+1|0"
"Vitvi10g04371",33.0698184263849,3.16112274286206,2.34711780773264,1.23009120685892,3.21213725163623,0.00131751415136852,0.0093405118368676,0.0140577764580571,0.275252525723291,0.0387355413740624,FALSE,TRUE,TRUE,FALSE,"Rpv12+1",0,"Rpv12+1|0"
"Vitvi15g04596",315.695579584213,1.16867184522266,1.006145688213,0.368366478842187,3.21063609179471,0.00132441538829434,0.00937864257143411,0.321544549454852,1,0.181994688391766,FALSE,TRUE,TRUE,FALSE,"Rpv12+1",0,"Rpv12+1|0"
"Vitvi03g00517",119.092623448128,2.35862475225553,1.8004164109742,0.881039086334461,3.21007055964842,0.00132702393089054,0.00939171547297311,0.0322256960966588,0.469110731325819,0.0544502254454555,FALSE,TRUE,TRUE,FALSE,"Rpv12+1",0,"Rpv12+1|0"
"Vitvi01g00241",676.897652160955,2.76289640625856,2.03697013361968,1.12110054550033,3.20957612018358,0.0013293084385437,0.00940248139304124,0.0202908164245894,0.348972693524546,0.0528395941789514,FALSE,TRUE,TRUE,FALSE,"Rpv12+1",0,"Rpv12+1|0"
"Vitvi04g04274",4.50515110621817,-4.84154478387189,-3.84219782628009,2.66695815368585,-3.20945644369026,0.00132986193688932,0.00940262779071964,0.00549346348753239,0.143847358729089,0.0404389904937104,FALSE,TRUE,TRUE,FALSE,"Rpv12+1",0,"Rpv12+1|0"
"Vitvi17g01492",191.139646090204,-1.46922873132024,-1.2380536407426,0.46211264730078,-3.20940661386846,0.00133009246024752,0.00940262779071964,0.152683821136909,1,0.0969745162855636,FALSE,TRUE,TRUE,FALSE,"Rpv12+1",0,"Rpv12+1|0"
"Vitvi05g01900",622.777073579601,3.20500924304765,2.36604131159572,1.29056812112403,3.20884510452929,0.00133269267174265,0.00941830655796095,0.0136471668657984,0.270451695486681,0.041146465694982,FALSE,TRUE,TRUE,FALSE,"Rpv12+1",0,"Rpv12+1|0"
"Vitvi07g03061",174.959911439352,2.53615323569445,2.0263385047258,0.872347045966846,3.20748522034518,0.0013390094058851,0.00945481104138298,0.0260252196051947,0.41093483991019,0.0324703250908065,FALSE,TRUE,TRUE,FALSE,"Rpv12+1",0,"Rpv12+1|0"
"Vitvi08g04002",240.021388372175,1.7240411246018,1.3760325776138,0.605603306301472,3.20714736914383,0.00134058302061724,0.00946321011344596,0.0890068337175389,0.846050059308539,0.0840066515723918,FALSE,TRUE,TRUE,FALSE,"Rpv12+1",0,"Rpv12+1|0"
"Vitvi08g04317",6.89123859141892,4.99526771094207,3.59921821623423,1.95008069039991,3.20510718462943,0.00135012193545047,0.00951146811603027,0.00524130728440154,0.139762851429827,0.0236793973043106,FALSE,TRUE,TRUE,FALSE,"Rpv12+1",0,"Rpv12+1|0"
"Vitvi04g00156",49.7234381829794,4.78316742987124,3.80828055346327,1.68502489346643,3.20488418973421,0.00135116833876468,0.00951339902652379,0.00567809942663301,0.146338327981569,0.0117704486363061,FALSE,TRUE,TRUE,FALSE,"Rpv12+1",0,"Rpv12+1|0"
"Vitvi01g02254",628.730757920856,-2.0818708544947,-1.61830745577497,0.751010185342754,-3.20408162517506,0.00135494056689669,0.00953723308744764,0.0479532351731689,0.596153923228583,0.062380351007379,FALSE,TRUE,TRUE,FALSE,"Rpv12+1",0,"Rpv12+1|0"
"Vitvi08g00978",69.6808165604411,3.65669447239502,2.43629678307906,1.71115726930875,3.20347211882217,0.0013578118673305,0.00954925868214505,0.00999414957801261,0.217320830267026,0.0609796655595818,FALSE,TRUE,TRUE,FALSE,"Rpv12+1",0,"Rpv12+1|0"
"Vitvi13g01638",150.291789899527,1.76784760798859,1.52329429686758,0.624190873011992,3.20261867140953,0.00136184177293842,0.00957213521201455,0.082108943303763,0.804151197260628,0.0610531611851753,FALSE,TRUE,TRUE,FALSE,"Rpv12+1",0,"Rpv12+1|0"
"Vitvi13g01944",10.4813927894039,3.89851784376516,2.87942303326855,1.52823797539646,3.20241887126577,0.00136278680446378,0.00957604555469759,0.00866209910363228,0.196865204562916,0.0295275766998495,FALSE,TRUE,TRUE,FALSE,"Rpv12+1",0,"Rpv12+1|0"
"Vitvi09g01168",49.6861845076936,-2.76077383515607,-2.19792290900608,0.932581169373639,-3.20118331477238,0.0013686442925983,0.00961172200468978,0.0205991470222493,0.352027186942007,0.0258530262947348,FALSE,TRUE,TRUE,FALSE,"Rpv12+1",0,"Rpv12+1|0"
"Vitvi05g00341",1070.72820517908,1.23414550654856,1.04773708568233,0.401971511266954,3.19909756785469,0.00137858504989263,0.00967050720078443,0.271944818788585,1,0.161672468371012,FALSE,TRUE,TRUE,FALSE,"Rpv12+1",0,"Rpv12+1|0"
"Vitvi02g01440",1270.00539671946,-2.82429487194641,-2.22867639947921,0.973744346759722,-3.19861399981922,0.00138089924419618,0.00968122759818359,0.0194179472152575,0.339541498130964,0.0278710071752588,FALSE,TRUE,TRUE,FALSE,"Rpv12+1",0,"Rpv12+1|0"
"Vitvi18g02756",4.67946370978736,5.67109820989645,4.35812135155931,2.77193210573071,3.19719295319309,0.00138772064632127,0.0097262833123103,0.00431107637376295,0.121654203733835,0.0306055402700388,FALSE,TRUE,TRUE,FALSE,"Rpv12+1",0,"Rpv12+1|0"
"Vitvi18g00274",608.856446569921,1.51654912867595,1.24214578999971,0.515630857532788,3.19518759372959,0.00139739978256863,0.00978855304047787,0.138229809187433,1,0.102420698438136,FALSE,TRUE,TRUE,FALSE,"Rpv12+1",0,"Rpv12+1|0"
"Vitvi14g01910",3643.8601905683,1.19127240684777,1.01127789283172,0.392858645411893,3.19447071894319,0.00140087495245275,0.00981010668806879,0.304007560139044,1,0.179021662742641,FALSE,TRUE,TRUE,FALSE,"Rpv12+1",0,"Rpv12+1|0"
"Vitvi08g02170",7.63203308023995,5.16955396266696,4.46588179695687,2.07462568536405,3.19255683970217,0.00141019187522431,0.00985853775199378,0.00508163014552869,0.13732475514141,0.0116665066161179,FALSE,TRUE,TRUE,FALSE,"Rpv12+1",0,"Rpv12+1|0"
"Vitvi10g01921",256.869596377974,-1.20053204269342,-1.0315406141823,0.376881021632853,-3.19223328735131,0.00141177258898755,0.00986445316117361,0.296941410950066,1,0.168385468433578,FALSE,TRUE,TRUE,FALSE,"Rpv12+1",0,"Rpv12+1|0"
"Vitvi12g00632",12.4368283193128,5.00145219332066,3.91766508445808,1.84222158182612,3.1912999983374,0.00141634132576728,0.00989310601122847,0.00540075594193247,0.142274294748249,0.0139851789885825,FALSE,TRUE,TRUE,FALSE,"Rpv12+1",0,"Rpv12+1|0"
"Vitvi15g01108",4391.77019908552,2.70642448473953,1.94336110766723,1.12833305245983,3.18888973888942,0.0014282034194216,0.00996748426086986,0.0221889359604273,0.369942878131816,0.0613474245556583,FALSE,TRUE,TRUE,FALSE,"Rpv12+1",0,"Rpv12+1|0"
"Vitvi17g00601",2776.61252124201,2.77167553280867,2.14177405033898,1.02585320361744,3.18657170569821,0.00143969795163145,0.0100278198293448,0.0208382686481962,0.35419640647704,0.0367428495327649,FALSE,TRUE,TRUE,FALSE,"Rpv12+1",0,"Rpv12+1|0"
"Vitvi02g01613",4.71326993798698,6.85633598670558,5.43602564635191,3.55994312282447,3.18636029857467,0.0014407504972649,0.0100323146553471,0.00337862398721763,0.10217505766662,0.0286388742666941,FALSE,TRUE,TRUE,FALSE,"Rpv12+1",0,"Rpv12+1|0"
"Vitvi13g00686",61.8620362114866,-1.95349874693668,-1.57932497527747,0.656999152300685,-3.18621861790932,0.00144145628841177,0.0100343930831626,0.0599515216358142,0.680083197949377,0.0573497752302517,FALSE,TRUE,TRUE,FALSE,"Rpv12+1",0,"Rpv12+1|0"
"Vitvi07g00807",286.834536864523,3.23968627369406,2.26101526402684,1.37047971093478,3.18469218494613,0.00144908054921526,0.0100846181950472,0.0138597919185503,0.273525038800855,0.0531889039537505,FALSE,TRUE,TRUE,FALSE,"Rpv12+1",0,"Rpv12+1|0"
"Vitvi14g03032",1874.41201483479,1.68878079359958,1.50972849420433,0.599935015265631,3.18198842933066,0.001462676618504,0.0101562855618558,0.0971789703046263,0.882981828481667,0.0599561571677776,FALSE,TRUE,TRUE,FALSE,"Rpv12+1",0,"Rpv12+1|0"
"Vitvi01g04424",9.70427588532765,-5.05233981660005,-4.33651390611435,2.69713699204548,-3.18106981031444,0.00146732266513427,0.0101828059657037,0.00543312517946441,0.142839318160412,0.0292473527772212,FALSE,TRUE,TRUE,FALSE,"Rpv12+1",0,"Rpv12+1|0"
"Vitvi13g04734",50.7182492002908,1.58293920760095,1.28939610177546,0.535077523987605,3.17931053102252,0.00147625845523919,0.0102275318625627,0.120834674336625,0.998296692791393,0.0937341538718378,FALSE,TRUE,TRUE,FALSE,"Rpv12+1",0,"Rpv12+1|0"
"Vitvi01g00883",132.966056244745,1.64658349888605,1.30754043140109,0.590377790134581,3.17919232183244,0.00147686066147297,0.0102288274546101,0.105940414383461,0.930719628637605,0.0961830355897487,FALSE,TRUE,TRUE,FALSE,"Rpv12+1",0,"Rpv12+1|0"
"Vitvi07g04773",12.9120386593732,2.21546010617692,1.74097984737247,0.770985572400521,3.17903019761181,0.00147768695706644,0.0102316739388108,0.0405727862303869,0.540862735506853,0.049402207448087,FALSE,TRUE,TRUE,FALSE,"Rpv12+1",0,"Rpv12+1|0"
"Vitvi16g01193",1311.15495001893,1.63419906498514,1.29905631248407,0.583709580976742,3.17838443949099,0.00148098241028129,0.010245853035577,0.108701189310014,0.939867921688678,0.0972387785418725,FALSE,TRUE,TRUE,FALSE,"Rpv12+1",0,"Rpv12+1|0"
"Vitvi10g00988",83.6005800774017,1.28681568031981,1.07898840597997,0.426825948945538,3.17780409147958,0.00148394983695726,0.0102635003321951,0.239381306976582,1,0.149004743079931,FALSE,TRUE,TRUE,FALSE,"Rpv12+1",0,"Rpv12+1|0"
"Vitvi00g04522",387.439439299999,-1.32982012811065,-1.07614391728875,0.464719362894031,-3.17751662462237,0.00148542173621284,0.0102679152338214,0.215324025214389,1,0.154233598405599,FALSE,TRUE,TRUE,FALSE,"Rpv12+1",0,"Rpv12+1|0"
"Vitvi14g04030",36.5273227218844,2.63792280649216,1.96164351407326,1.0227801602834,3.17741832657062,0.00148592535437101,0.0102685152960124,0.0242591862380028,0.39334163206011,0.051665489411435,FALSE,TRUE,TRUE,FALSE,"Rpv12+1",0,"Rpv12+1|0"
"Vitvi01g01808",295.160371171457,2.15319526595252,1.65381803059133,0.804293452450833,3.17664154131276,0.00148991065685161,0.0102873988066694,0.0444424990369353,0.570167401818142,0.0635704701401033,FALSE,TRUE,TRUE,FALSE,"Rpv12+1",0,"Rpv12+1|0"
"Vitvi02g00014",452.161709919459,1.62747685584217,1.31465959032764,0.56800312947299,3.1760960113148,0.00149271538678507,0.0103038767914926,0.110372560153637,0.948500591675098,0.0920862401436932,FALSE,TRUE,TRUE,FALSE,"Rpv12+1",0,"Rpv12+1|0"
"Vitvi04g00070",702.244313937952,1.91073181046915,1.51809891843241,0.674997999008016,3.17576740335077,0.00149440720365934,0.0103126655096223,0.0650517844662965,0.707563255656487,0.0678075536295947,FALSE,TRUE,TRUE,FALSE,"Rpv12+1",0,"Rpv12+1|0"
"Vitvi16g01485",61.0967534280711,4.36278068624207,2.86209488115801,2.18568878929593,3.17478409759053,0.00149948024794044,0.0103389855550688,0.00724841507204313,0.172373899881433,0.0597375128831183,FALSE,TRUE,TRUE,FALSE,"Rpv12+1",0,"Rpv12+1|0"
"Vitvi16g01144",868.276457580322,4.07145192685319,3.20613374639309,1.99516377911644,3.1746218865396,0.0015003186457184,0.0103418718958921,0.00835094188999167,0.191860295392575,0.0374904454289164,FALSE,TRUE,TRUE,FALSE,"Rpv12+1",0,"Rpv12+1|0"
"Vitvi15g01161",32.3918042607666,3.03322907436825,2.13942033725744,1.27309879800123,3.17446216652693,0.00150114459036579,0.0103446708051054,0.0166848389982119,0.306072021987536,0.056143885018145,FALSE,TRUE,TRUE,FALSE,"Rpv12+1",0,"Rpv12+1|0"
"Vitvi10g01456",26.0157885303174,-1.8489404609821,-1.51896704153548,0.597576280202089,-3.17386980636506,0.00150421146422756,0.0103629064968429,0.0725198660030828,0.752199514185029,0.0584258735184114,FALSE,TRUE,TRUE,FALSE,"Rpv12+1",0,"Rpv12+1|0"
"Vitvi18g01156",3.85048652974566,-5.67286672444428,-4.88441491006928,3.09306491995531,-3.1735033863708,0.00150611144847041,0.0103644026939992,0.00456796872722883,0.126985647115387,0.0281431632573231,FALSE,TRUE,TRUE,FALSE,"Rpv12+1",0,"Rpv12+1|0"
"Vitvi10g04071",237.802768272748,4.37470944022198,2.91834854197041,2.11159862839428,3.17361239962518,0.00150554595510943,0.0103644026939992,0.00722753624001647,0.172033776617462,0.0545204745821179,FALSE,TRUE,TRUE,FALSE,"Rpv12+1",0,"Rpv12+1|0"
"Vitvi04g00345",4468.74163327812,1.67029844391108,1.35716220913495,0.571925622174167,3.17365073009694,0.0015053471668055,0.0103644026939992,0.101402689992972,0.905321831920192,0.0830021382814026,FALSE,TRUE,TRUE,FALSE,"Rpv12+1",0,"Rpv12+1|0"
"Vitvi18g00843",109.980584996994,3.16212557287713,2.26598042055348,1.32767744369777,3.1730665893015,0.00150837924490731,0.0103677017484573,0.0150331313400705,0.285272565123795,0.0503608410201721,FALSE,TRUE,TRUE,FALSE,"Rpv12+1",0,"Rpv12+1|0"
"Vitvi18g02473",34.2663185796451,1.99036539999615,1.58113517560475,0.690835058831474,3.17303694795114,0.00150853325305707,0.0103677017484573,0.0571874586295946,0.661363902641007,0.0608328943384283,FALSE,TRUE,TRUE,FALSE,"Rpv12+1",0,"Rpv12+1|0"
"Vitvi17g00078",56.2966394672667,4.63002149836248,3.63897331667269,1.69102334207972,3.17124460529961,0.00151787272855461,0.0104278618351007,0.00651129315863036,0.15918590442674,0.0152267145229603,FALSE,TRUE,TRUE,FALSE,"Rpv12+1",0,"Rpv12+1|0"
"Vitvi09g04119",6.41724402179773,3.55628578599114,2.80354121170186,1.3007174564882,3.17046334777322,0.00152196032136615,0.0104530288478328,0.0113592408771151,0.238671792854982,0.0215738063648829,FALSE,TRUE,TRUE,FALSE,"Rpv12+1",0,"Rpv12+1|0"
"Vitvi07g04405",25.1939756548992,-2.00589124904516,-1.60721261750786,0.678439182328774,-3.16968072955342,0.00152606519723632,0.0104724630081098,0.0559753589088897,0.653395543818673,0.0560734488835049,FALSE,TRUE,TRUE,FALSE,"Rpv12+1",0,"Rpv12+1|0"
"Vitvi18g01165",206.182521524703,2.39986942447924,1.69103813327752,1.00651751115475,3.16733322581031,0.00153843923185413,0.0105426951087506,0.0323381225155551,0.469844798360759,0.0763015564501217,FALSE,TRUE,TRUE,FALSE,"Rpv12+1",0,"Rpv12+1|0"
"Vitvi07g01624",208.27926650856,-1.87793230251567,-1.5447566287455,0.613668056913482,-3.16667922558559,0.00154190298347986,0.0105634932983898,0.0693811035732293,0.735006543915563,0.0567097600048544,FALSE,TRUE,TRUE,FALSE,"Rpv12+1",0,"Rpv12+1|0"
"Vitvi12g00426",41.9082627730903,-1.32233388049985,-1.10843364307707,0.433515948524832,-3.1660154993596,0.00154542558842554,0.010584683012636,0.220130621602134,1,0.137460749129689,FALSE,TRUE,TRUE,FALSE,"Rpv12+1",0,"Rpv12+1|0"
"Vitvi10g04673",14.5960141925123,2.23690946789957,1.74279266032872,0.796394040253773,3.16538563585943,0.00154877532558908,0.0106017307366525,0.040034335054529,0.53513447659245,0.0523544326865261,FALSE,TRUE,TRUE,FALSE,"Rpv12+1",0,"Rpv12+1|0"
"Vitvi01g01677",6.21982632556438,-3.05213954535022,-2.19435956361184,1.20234965243017,-3.16510304048358,0.00155028039486017,0.0106090855021597,0.0166779585407839,0.306072021987536,0.0465667085110083,FALSE,TRUE,TRUE,FALSE,"Rpv12+1",0,"Rpv12+1|0"
"Vitvi08g00636",11.2434563720909,3.32064862773087,3.22239345521928,1.37061731020167,3.16364041643001,0.00155809170445271,0.0106447995648632,0.0135398367630006,0.269344935272497,0.012892546701284,FALSE,TRUE,TRUE,FALSE,"Rpv12+1",0,"Rpv12+1|0"
"Vitvi08g01572",184.861904817011,1.66273524898021,1.36639182534457,0.558279013141242,3.16292624594652,0.00156191896707756,0.0106679888197734,0.103711674056131,0.919597468825261,0.0790788403999599,FALSE,TRUE,TRUE,FALSE,"Rpv12+1",0,"Rpv12+1|0"
"Vitvi19g00147",205.634947419395,3.22446924180044,2.40407944391921,1.42414754409122,3.16165540489507,0.0015687508602925,0.0106998189906329,0.0146038893080099,0.280634454835434,0.0475033629363624,FALSE,TRUE,TRUE,FALSE,"Rpv12+1",0,"Rpv12+1|0"
"Vitvi14g01665",232.181924252364,2.3719257510494,1.77109941645185,0.923254601605585,3.16168470307055,0.00156859304735284,0.0106998189906329,0.0337239949124266,0.481805561394958,0.0614944251321097,FALSE,TRUE,TRUE,FALSE,"Rpv12+1",0,"Rpv12+1|0"
"Vitvi07g00140",83.2122508768922,3.54404147623199,2.11948740362577,1.94798738073518,3.16145474067957,0.00156983211957561,0.0107037348486256,0.0116470263719569,0.241997269947594,0.0894183061142797,FALSE,TRUE,TRUE,FALSE,"Rpv12+1",0,"Rpv12+1|0"
"Vitvi04g01248",5.97609717714463,4.81228124615126,3.68901436701304,1.74462899658549,3.16091029437128,0.00157276927225014,0.010718324700181,0.00620605975403616,0.155502219450031,0.0157830677099701,FALSE,TRUE,TRUE,FALSE,"Rpv12+1",0,"Rpv12+1|0"
"Vitvi00g04587",4.97313982925223,4.69921171934711,3.61608197667784,2.29755831089227,3.16048938525692,0.0015750434394173,0.0107308545833752,0.00648769721846991,0.158961616765123,0.0351505757534993,FALSE,TRUE,TRUE,FALSE,"Rpv12+1",0,"Rpv12+1|0"
"Vitvi09g00516",103.643716794848,1.89081391619059,1.46592106874775,0.699119925637221,3.15985768878767,0.00157846217036175,0.0107511733561051,0.0682845317393781,0.727006538775088,0.0780877870058894,FALSE,TRUE,TRUE,FALSE,"Rpv12+1",0,"Rpv12+1|0"
"Vitvi18g00159",464.137035265977,1.44846232256602,1.18771582534244,0.490976649564958,3.15965311875963,0.00157957076365635,0.0107544939382797,0.163970765394138,1,0.11684659861497,FALSE,TRUE,TRUE,FALSE,"Rpv12+1",0,"Rpv12+1|0"
"Vitvi17g04179",17.9841874165144,3.25083328029329,2.29430805921895,1.36812489813915,3.15932906145681,0.00158132834226832,0.0107617693481001,0.0143719058417232,0.278484951787879,0.0510469470379497,FALSE,TRUE,TRUE,FALSE,"Rpv12+1",0,"Rpv12+1|0"
"Vitvi07g00940",37.281688607329,-4.19150972013232,-3.20832049654386,1.52643049815729,-3.15863892384848,0.00158507742011692,0.0107843047009115,0.00813066052843944,0.188387908559298,0.0189271507363576,FALSE,TRUE,TRUE,FALSE,"Rpv12+1",0,"Rpv12+1|0"
"Vitvi13g00549",61.9071898474407,4.69173730176265,2.85030297866219,2.74539312471384,3.15829506623604,0.00158694843212739,0.0107919440454005,0.00653882810688974,0.159464839173689,0.077678674674605,FALSE,TRUE,TRUE,FALSE,"Rpv12+1",0,"Rpv12+1|0"
"Vitvi10g04130",8.02141167240732,-3.43658823192161,-2.63393826318483,1.21145372702334,-3.15778919450724,0.0015897046980337,0.0107919440454005,0.0126035381468187,0.256838416000048,0.0229113330328197,FALSE,TRUE,TRUE,FALSE,"Rpv12+1",0,"Rpv12+1|0"
"Vitvi05g02253",14.9533038617341,2.58890254180836,2.0222663402117,0.915426625079968,3.15797692679731,0.00158868131595348,0.0107919440454005,0.0263076063932344,0.413321727111482,0.03655647689876,FALSE,TRUE,TRUE,FALSE,"Rpv12+1",0,"Rpv12+1|0"
"Vitvi19g02068",18.1992121097814,2.70206586027156,1.93647177989307,1.09342749398257,3.15780015156834,0.00158964495130583,0.0107919440454005,0.0233505228648791,0.383444022361816,0.0591549149378115,FALSE,TRUE,TRUE,FALSE,"Rpv12+1",0,"Rpv12+1|0"
"Vitvi18g00425",15.5987250292022,3.25987231122302,2.3188853031941,1.35542782694,3.15736220043143,0.00159203462451043,0.0108047837491568,0.0143238529657697,0.277965630364666,0.0483148111051491,FALSE,TRUE,TRUE,FALSE,"Rpv12+1",0,"Rpv12+1|0"
"Vitvi06g01290",5.85814017598961,5.15619373049544,4.48843359327989,2.12847472780054,3.15704519270164,0.00159376643476586,0.010807111336311,0.00554943927548796,0.144445554236308,0.0123749367587759,FALSE,TRUE,TRUE,FALSE,"Rpv12+1",0,"Rpv12+1|0"
"Vitvi12g00721",5545.57115588241,2.93874361242428,2.07455492315232,1.26846743010495,3.15705394378205,0.00159371860442877,0.010807111336311,0.018647849356343,0.330270204003099,0.0604663968549755,FALSE,TRUE,TRUE,FALSE,"Rpv12+1",0,"Rpv12+1|0"
"Vitvi13g04209",36.0855869069987,-1.82914652631798,-1.47814006722079,0.607104329141915,-3.15660288695604,0.00159618564487642,0.0108180548960593,0.076233053502441,0.772040436148027,0.0658972078470597,FALSE,TRUE,TRUE,FALSE,"Rpv12+1",0,"Rpv12+1|0"
"Vitvi18g00759",27.6614184427933,4.04772614278514,2.83916952521706,1.68153216863071,3.15622846207318,0.00159823621927345,0.0108259960126535,0.00878090143831835,0.198530337705246,0.0389219176163367,FALSE,TRUE,TRUE,FALSE,"Rpv12+1",0,"Rpv12+1|0"
"Vitvi12g02179",259.213665866531,1.27157294255484,1.07436560878271,0.415245027864887,3.15602495029123,0.00159935178836403,0.0108305746723849,0.250142961269563,1,0.150436696461513,FALSE,TRUE,TRUE,FALSE,"Rpv12+1",0,"Rpv12+1|0"
"Vitvi03g01625",26.9481708391016,-1.4447860903886,-1.18813285367776,0.487771021589489,-3.15473491879584,0.00160643990674548,0.0108670201860028,0.165723366997294,1,0.116023903060216,FALSE,TRUE,TRUE,FALSE,"Rpv12+1",0,"Rpv12+1|0"
"Vitvi01g00329",154.707660744142,4.26218715115511,2.63819610276522,2.41941517579646,3.15446634570417,0.00160791922182847,0.0108706635425264,0.00793059846896512,0.184734216696045,0.0774342324548236,FALSE,TRUE,TRUE,FALSE,"Rpv12+1",0,"Rpv12+1|0"
"Vitvi02g00280",1130.01253928284,1.26414640476858,1.06180385075868,0.424852035210418,3.1544790570112,0.00160784917900425,0.0108706635425264,0.254904254165868,1,0.15755924879747,FALSE,TRUE,TRUE,FALSE,"Rpv12+1",0,"Rpv12+1|0"
"Vitvi09g00373",1124.26530255835,1.54903015001763,1.2484287803823,0.545844304509843,3.15363780998206,0.00161249074570246,0.0108985794269206,0.131835094646831,1,0.105035805787117,FALSE,TRUE,TRUE,FALSE,"Rpv12+1",0,"Rpv12+1|0"
"Vitvi12g01922",192.132086099035,1.3821987145526,1.1294026264756,0.477432060085984,3.15346614136213,0.00161343943836854,0.0108990112431169,0.191609460345598,1,0.1336845273903,FALSE,TRUE,TRUE,FALSE,"Rpv12+1",0,"Rpv12+1|0"
"Vitvi15g04441",2.59497163333646,-5.6041089868585,-4.76913701069276,3.09080399145265,-3.15125537278486,0.00162570280876377,0.0109698204318554,0.0049157195129664,0.133948236187175,0.0300926556260343,FALSE,TRUE,TRUE,FALSE,"Rpv12+1",0,"Rpv12+1|0"
"Vitvi15g00896",1549.0360839207,1.49785404658131,1.22038979466286,0.518173527760237,3.1505883749857,0.00162941952754688,0.0109768606728589,0.147506761873878,1,0.109746098149408,FALSE,TRUE,TRUE,FALSE,"Rpv12+1",0,"Rpv12+1|0"
"Vitvi03g00090",13.0678487044042,3.58365480292185,2.66839117293981,1.33919147134042,3.15009143154182,0.00163219373252215,0.0109895394354784,0.0115992133067318,0.241398887006516,0.0286941131983833,FALSE,TRUE,TRUE,FALSE,"Rpv12+1",0,"Rpv12+1|0"
"Vitvi18g00690",498.191380597086,1.80820508248298,1.42923961220991,0.64938091195716,3.14903641911441,0.00163809779356532,0.0110262779350479,0.0796385685520229,0.791643342738946,0.0785819843918668,FALSE,TRUE,TRUE,FALSE,"Rpv12+1",0,"Rpv12+1|0"
"Vitvi12g02468",19.3520368025073,2.50522916162661,1.97276649349721,0.874934594675356,3.14865875346809,0.00164021605867707,0.0110345065050705,0.0292624858356726,0.442111759417549,0.036929470137083,FALSE,TRUE,TRUE,FALSE,"Rpv12+1",0,"Rpv12+1|0"
"Vitvi18g00237",3459.84375679437,1.33267547108877,1.10981277681985,0.446578830509331,3.14847983941682,0.00164122043812096,0.0110382491710478,0.215947149056814,1,0.137745773485404,FALSE,TRUE,TRUE,FALSE,"Rpv12+1",0,"Rpv12+1|0"
"Vitvi12g00270",7107.43263728671,-1.22917442942572,-1.04900490579233,0.390085510763845,-3.14702345936535,0.00164941727579661,0.0110873244219715,0.278686032710295,1,0.160042211309649,FALSE,TRUE,TRUE,FALSE,"Rpv12+1",0,"Rpv12+1|0"
"Vitvi11g00564",5.38690628497841,-5.69713080204815,-4.71134013900622,3.26243976585848,-3.14633585494931,0.001653300345829,0.0111103947953746,0.00485076576185249,0.132731361468932,0.0352114270189749,FALSE,TRUE,TRUE,FALSE,"Rpv12+1",0,"Rpv12+1|0"
"Vitvi05g04063",156.039904350305,-1.34662455793812,-1.13904237671291,0.430817565822444,-3.1462469653598,0.00165380294056059,0.0111107415444916,0.209012669279175,1,0.125302689714975,FALSE,TRUE,TRUE,FALSE,"Rpv12+1",0,"Rpv12+1|0"
"Vitvi15g01177",58.9328862459535,2.02860217530238,1.62231937390604,0.694639307047531,3.1456979458367,0.00165691029411093,0.0111196388223386,0.0553546156587392,0.648282170882064,0.0559324177512041,FALSE,TRUE,TRUE,FALSE,"Rpv12+1",0,"Rpv12+1|0"
"Vitvi15g00893",623.319661274987,1.50036017907774,1.21101886832238,0.530863270958759,3.14569398965984,0.00165693270485489,0.0111196388223386,0.147073466780876,1,0.114107357277519,FALSE,TRUE,TRUE,FALSE,"Rpv12+1",0,"Rpv12+1|0"
"Vitvi17g00719",81.6828973632418,-2.71746134129715,-2.12073308501549,0.926055658443626,-3.14527534856255,0.00165930577798279,0.01113253190261,0.0234229172990389,0.384021651772813,0.0306627067891343,FALSE,TRUE,TRUE,FALSE,"Rpv12+1",0,"Rpv12+1|0"
"Vitvi15g01028",172.371165004452,4.08017542472889,2.58501729570401,2.16968115976405,3.14447513689716,0.00166385049295281,0.0111554835795276,0.0088481312833563,0.199448405868595,0.0707718130393275,FALSE,TRUE,TRUE,FALSE,"Rpv12+1",0,"Rpv12+1|0"
"Vitvi04g00410",89.8181454163323,2.74504195546892,1.98510450421184,1.10933841138665,3.14236060131933,0.00167591493960851,0.0112164739071435,0.0228879801775085,0.377984011024901,0.0566388756961497,FALSE,TRUE,TRUE,FALSE,"Rpv12+1",0,"Rpv12+1|0"
"Vitvi01g01376",461.872613836297,2.01913244734879,1.53495783652266,0.769109311442423,3.14147343200128,0.00168100059302996,0.0112444014688803,0.056414045981216,0.656264215083548,0.0751726399908144,FALSE,TRUE,TRUE,FALSE,"Rpv12+1",0,"Rpv12+1|0"
"Vitvi03g00780",2012.99981418785,1.2474801225383,1.03902430481266,0.426158668527158,3.14089647165031,0.00168431560378462,0.0112593131938468,0.266608206431067,1,0.166948150073227,FALSE,TRUE,TRUE,FALSE,"Rpv12+1",0,"Rpv12+1|0"
"Vitvi11g00245",837.878737374114,1.72665012911337,1.388798507649,0.602850086031424,3.13970967344502,0.00169115344349462,0.01130004237427,0.0931964365104468,0.866048164361199,0.0804096193575978,FALSE,TRUE,TRUE,FALSE,"Rpv12+1",0,"Rpv12+1|0"
"Vitvi15g01327",3.82635994268071,-5.19222348585473,-3.65756707057672,2.02354380241478,-3.13923804230866,0.00169387786977484,0.0113029902065864,0.00571885326186357,0.146810090752786,0.0245630021082193,FALSE,TRUE,TRUE,FALSE,"Rpv12+1",0,"Rpv12+1|0"
"Vitvi16g01698",19.1723177120698,-4.92801737391335,-3.4546914157048,2.02474772027445,-3.13945318630295,0.00169263456774673,0.0113029902065864,0.0062473979165063,0.155769127960971,0.0304341593333831,FALSE,TRUE,TRUE,FALSE,"Rpv12+1",0,"Rpv12+1|0"
"Vitvi10g01892",3285.47250527507,1.80022860979092,1.40563304588618,0.66089714530639,3.13923618409868,0.00169388861189792,0.0113029902065864,0.081442489048794,0.800805601519559,0.0847613152587481,FALSE,TRUE,TRUE,FALSE,"Rpv12+1",0,"Rpv12+1|0"
"Vitvi04g00178",391.423079431904,2.07668811921483,1.6017192283373,0.769667343943613,3.13909201939375,0.00169472220444922,0.0113054904491771,0.0518164557145311,0.626370917299639,0.0665803620398898,FALSE,TRUE,TRUE,FALSE,"Rpv12+1",0,"Rpv12+1|0"
"Vitvi12g02353",937.856565497907,3.44226263790402,2.18425863546679,1.67833480656868,3.13756597156467,0.00170356932122791,0.0113522136320722,0.0130300455693884,0.261993053074275,0.0741267501808725,FALSE,TRUE,TRUE,FALSE,"Rpv12+1",0,"Rpv12+1|0"
"Vitvi05g02184",1610.33026081296,1.50994506811578,1.21316662386016,0.534537118898451,3.13736424212319,0.00170474200203392,0.0113538859048683,0.144671593278875,1,0.11383337949673,FALSE,TRUE,TRUE,FALSE,"Rpv12+1",0,"Rpv12+1|0"
"Vitvi01g04052",42.0839067883599,2.57513679193456,2.22442077333092,0.962098678828417,3.1365607214267,0.00170942034987374,0.0113788921209104,0.0275277262532126,0.426527403757245,0.0267260247106242,FALSE,TRUE,TRUE,FALSE,"Rpv12+1",0,"Rpv12+1|0"
"Vitvi09g00772",325.637967481841,1.69781981622028,1.41659561558579,0.54866428845256,3.13609655074329,0.0017121282741906,0.0113907621288036,0.0987054400805591,0.888518791144991,0.0685799878256847,FALSE,TRUE,TRUE,FALSE,"Rpv12+1",0,"Rpv12+1|0"
"Vitvi08g04199",63.7694465268529,1.43767806521392,1.17739342276499,0.494352535173643,3.13587481426924,0.00171342325410892,0.0113963000238194,0.169873146673974,1,0.121052975982355,FALSE,TRUE,TRUE,FALSE,"Rpv12+1",0,"Rpv12+1|0"
"Vitvi17g00979",27.8725667854236,3.32027513854755,2.40363137130561,1.33860951585598,3.13523368516341,0.00171717263009323,0.0114181551727333,0.0142497488284099,0.27755709575754,0.0418574061449464,FALSE,TRUE,TRUE,FALSE,"Rpv12+1",0,"Rpv12+1|0"
"Vitvi03g00548",1054.23854943076,1.62694483010001,1.28206252858987,0.59375596798069,3.13441299210627,0.00172198312219897,0.0114408781549336,0.113552843825154,0.963138131735916,0.101790101412355,FALSE,TRUE,TRUE,FALSE,"Rpv12+1",0,"Rpv12+1|0"
"Vitvi18g04555",208.245193726814,1.21635147145012,1.03815846928794,0.397439378211583,3.13447684810985,0.0017216083860957,0.0114408781549336,0.288583744569371,1,0.165796472478706,FALSE,TRUE,TRUE,FALSE,"Rpv12+1",0,"Rpv12+1|0"
"Vitvi04g04028",2.2240478905356,6.26756327143704,5.46916639900546,2.61775635677295,3.13409335088007,0.00172386005022585,0.0114471741771871,0.00435818545467371,0.122718808728535,0.0106601716819216,FALSE,TRUE,TRUE,FALSE,"Rpv12+1",0,"Rpv12+1|0"
"Vitvi02g01347",30.4240919096409,1.93377868315709,1.52491467867261,0.687005090433714,3.13353462260281,0.0017271454126674,0.0114628109877355,0.0651263339590037,0.707785529718977,0.0681931321259002,FALSE,TRUE,TRUE,FALSE,"Rpv12+1",0,"Rpv12+1|0"
"Vitvi18g04599",106.625364320468,-1.67539543214762,-1.36363459564379,0.556045103969256,-3.13328233882859,0.00172863074547402,0.0114695790588468,0.103275551406905,0.917346400425545,0.0792447076635363,FALSE,TRUE,TRUE,FALSE,"Rpv12+1",0,"Rpv12+1|0"
"Vitvi17g00975",3675.4498173869,-1.77862358848775,-1.40666559014523,0.624828582245117,-3.13297407958054,0.00173044723106067,0.0114785401142732,0.0851078518597487,0.822980587180044,0.0797428102405018,FALSE,TRUE,TRUE,FALSE,"Rpv12+1",0,"Rpv12+1|0"
"Vitvi13g04459",9.50658988974595,4.15434531537628,3.17440861187817,1.36355617056569,3.13264829978673,0.00173236886798058,0.0114851021075268,0.00874047087047988,0.197834794030198,0.0137922200086977,FALSE,TRUE,TRUE,FALSE,"Rpv12+1",0,"Rpv12+1|0"
"Vitvi19g04215",5.98827140886866,6.22589262150829,6.50621572679442,3.4319997712069,3.12920541874956,0.00175279725402786,0.0115924599061021,0.00445292617940962,0.124883314278642,0.013526281859872,FALSE,TRUE,TRUE,FALSE,"Rpv12+1",0,"Rpv12+1|0"
"Vitvi06g00674",771.155674338426,1.42764618195816,1.16144291706723,0.498345820485158,3.12924596383476,0.00175255539578449,0.0115924599061021,0.174288257450665,1,0.125115870152586,FALSE,TRUE,TRUE,FALSE,"Rpv12+1",0,"Rpv12+1|0"
"Vitvi01g04414",72.6607904235713,2.05561229449266,1.58973980406287,0.749512389938257,3.12864124478703,0.00175616583238886,0.0116095202074745,0.0540681635539046,0.639507205419298,0.0662007343622041,FALSE,TRUE,TRUE,FALSE,"Rpv12+1",0,"Rpv12+1|0"
"Vitvi12g00381",1704.05883208306,1.95894652849302,1.46658328528781,0.762218866058047,3.12861166154131,0.00175634263260328,0.0116095202074745,0.0628212633322205,0.694637992569563,0.0850970110811162,FALSE,TRUE,TRUE,FALSE,"Rpv12+1",0,"Rpv12+1|0"
"Vitvi01g04017",37.8001061215441,2.79944032269007,2.16799434096528,0.994443244970084,3.12757289780869,0.00176256104699716,0.0116414085667083,0.0222075294428224,0.370017046302414,0.0327070310714252,FALSE,TRUE,TRUE,FALSE,"Rpv12+1",0,"Rpv12+1|0"
"Vitvi18g02530",66.9047910421068,2.58670486637662,1.85384348583886,1.0572223648448,3.12718502555825,0.00176488817560716,0.0116536545414789,0.0275475694547069,0.426527403757245,0.0638696901417645,FALSE,TRUE,TRUE,FALSE,"Rpv12+1",0,"Rpv12+1|0"
"Vitvi10g01237",31.5824126938888,-1.96885355809211,-1.57816907360003,0.674181700761259,-3.12684055889393,0.00176695725032216,0.011664190465953,0.0619414962935594,0.69103809481928,0.0588632668909777,FALSE,TRUE,TRUE,FALSE,"Rpv12+1",0,"Rpv12+1|0"
"Vitvi07g04381",50.0177491554559,-1.67941400658161,-1.37061526628027,0.563626717872953,-3.12671909223827,0.00176768738403017,0.0116658843806503,0.102948986321488,0.915378155398984,0.0788304642823316,FALSE,TRUE,TRUE,FALSE,"Rpv12+1",0,"Rpv12+1|0"
"Vitvi01g01888",443.605699781894,-1.98685749251724,-1.51498328525223,0.734192223946237,-3.12541894521094,0.00177551993416973,0.0117144373589195,0.0602878601426152,0.682714343493797,0.074608275836221,FALSE,TRUE,TRUE,FALSE,"Rpv12+1",0,"Rpv12+1|0"
"Vitvi08g01523",3082.54263431656,2.63036157637933,1.89042329239806,1.09368260513961,3.12526927049958,0.0017764236729752,0.0117162985690063,0.0263735400870705,0.41386048898481,0.0634211421926267,FALSE,TRUE,TRUE,FALSE,"Rpv12+1",0,"Rpv12+1|0"
"Vitvi09g01384",421.912168725656,-1.74974198585478,-1.43000249405497,0.578228516424489,-3.12367710444651,0.00178606341058072,0.0117650957708735,0.0903744481171024,0.852236909983879,0.0700599805922043,FALSE,TRUE,TRUE,FALSE,"Rpv12+1",0,"Rpv12+1|0"
"Vitvi15g04400",20.87733719902,-3.45479130629524,-2.55548931354438,1.24020939846167,-3.12345122637291,0.00178743487278714,0.0117678368588947,0.0132593490266469,0.265786445354833,0.0281980158371699,FALSE,TRUE,TRUE,FALSE,"Rpv12+1",0,"Rpv12+1|0"
"Vitvi15g04623",45.7301405967227,-1.43905755450295,-1.16695223618485,0.498393697718971,-3.12348611682035,0.00178722296552525,0.0117678368588947,0.170300671113528,1,0.123810007905144,FALSE,TRUE,TRUE,FALSE,"Rpv12+1",0,"Rpv12+1|0"
"Vitvi11g01675",139.698868082977,3.82266672383462,2.34566060603869,2.11136648121465,3.12225454517557,0.00179471691562071,0.0118094673966965,0.0106107418638974,0.226584813402197,0.0811614851656964,FALSE,TRUE,TRUE,FALSE,"Rpv12+1",0,"Rpv12+1|0"
"Vitvi01g00148",103.224967607659,1.48742033212119,1.210938251436,0.50994910376718,3.12098673732146,0.00180246151780201,0.0118509319328984,0.153217375000486,1,0.111920410052242,FALSE,TRUE,TRUE,FALSE,"Rpv12+1",0,"Rpv12+1|0"
"Vitvi08g01602",3123.83460320901,3.36343431432425,2.14270081953492,1.70674187704015,3.12072006501204,0.00180409443204328,0.0118585033158533,0.0141836832351196,0.276616774095034,0.0780055639363093,FALSE,TRUE,TRUE,FALSE,"Rpv12+1",0,"Rpv12+1|0"
"Vitvi10g04123",50.4762251992487,2.75461868694482,1.94172119230188,1.16204191759405,3.12063016737406,0.00180464520849121,0.0118589595509174,0.0234297395248064,0.384021651772813,0.0637945832941059,FALSE,TRUE,TRUE,FALSE,"Rpv12+1",0,"Rpv12+1|0"
"Vitvi05g01456",254.782622169588,2.74522792874387,2.14832122100046,0.977501470149136,3.12017527006893,0.00180743460104551,0.0118709567665575,0.0236609426857412,0.38684162482269,0.0326478664142962,FALSE,TRUE,TRUE,FALSE,"Rpv12+1",0,"Rpv12+1|0"
"Vitvi11g01488",39.2282335561263,2.26941510476268,1.6996769494818,0.87512743289498,3.11778208092026,0.00182217480713602,0.0119518366742819,0.0405869318322548,0.540862735506853,0.0651446793438289,FALSE,TRUE,TRUE,FALSE,"Rpv12+1",0,"Rpv12+1|0"
"Vitvi07g00388",25.2166650787188,-1.73212314242035,-1.37770223976726,0.60726533500163,-3.11737212639401,0.00182471086651765,0.0119589191028276,0.0938139314589041,0.869008014530267,0.0838394187965967,FALSE,TRUE,TRUE,FALSE,"Rpv12+1",0,"Rpv12+1|0"
"Vitvi13g04025",11.8757822569072,4.85719018544546,3.76551627608189,2.06897276615811,3.11697457115989,0.00182717331885822,0.0119718728413274,0.00674253252390736,0.163103932476449,0.0233707682190036,FALSE,TRUE,TRUE,FALSE,"Rpv12+1",0,"Rpv12+1|0"
"Vitvi19g04179",4.89277856479906,-5.53437650854134,-3.55139206175882,2.54560084291226,-3.11674702467373,0.00182858411276678,0.0119779309231913,0.00544766132318507,0.142934175078434,0.0454947616335656,FALSE,TRUE,TRUE,FALSE,"Rpv12+1",0,"Rpv12+1|0"
"Vitvi08g02166",37.3469990065312,2.34074768685961,1.84656845971418,0.905103183747038,3.11615389818561,0.0018322662181887,0.0119988597956664,0.0371439608613909,0.510319785805212,0.0522161303509385,FALSE,TRUE,TRUE,FALSE,"Rpv12+1",0,"Rpv12+1|0"
"Vitvi13g04540",20.4908133668983,-2.13241360321325,-1.62472669117519,0.774205890163714,-3.11519043195962,0.00183826190231319,0.012031726946171,0.0490341223274165,0.605039436774947,0.0640197984162957,FALSE,TRUE,TRUE,FALSE,"Rpv12+1",0,"Rpv12+1|0"
"Vitvi04g04354",1050.06202436,-3.26416146475364,-2.18523524337458,1.50969168365299,-3.11337671165816,0.00184959768335374,0.0120930702035835,0.0154267504303844,0.290572083941213,0.0664282991396201,FALSE,TRUE,TRUE,FALSE,"Rpv12+1",0,"Rpv12+1|0"
"Vitvi07g04061",54.5481714725078,1.46493559920957,1.20222372554957,0.498447552104417,3.11297635737655,0.00185210854127736,0.0121062738187607,0.161580223835667,1,0.112828148723311,FALSE,TRUE,TRUE,FALSE,"Rpv12+1",0,"Rpv12+1|0"
"Vitvi05g04567",1458.56855358445,-1.90619250604418,-1.4795861830488,0.685808214219367,-3.11225317794706,0.00185665196501778,0.0121263196739602,0.0694981953609088,0.735139980058841,0.0746888014395094,FALSE,TRUE,TRUE,FALSE,"Rpv12+1",0,"Rpv12+1|0"
"Vitvi01g00379",1716.31763202965,1.87930554995616,1.5238680770323,0.637588417542055,3.10844736472409,0.00188073143114603,0.0122640814022535,0.0729177156860522,0.754639124293188,0.0626775321911538,FALSE,TRUE,TRUE,FALSE,"Rpv12+1",0,"Rpv12+1|0"
"Vitvi19g00916",84.8241916107953,1.394121797154,1.14382247321355,0.477195989330692,3.10849853164005,0.00188040580333568,0.0122640814022535,0.189760201869218,1,0.12849651042705,FALSE,TRUE,TRUE,FALSE,"Rpv12+1",0,"Rpv12+1|0"
"Vitvi19g00206",2123.91304879856,1.43649046898674,1.17742771444676,0.492812153144428,3.10806154450497,0.00188318847104216,0.0122768539752831,0.172479571513167,1,0.120869978685123,FALSE,TRUE,TRUE,FALSE,"Rpv12+1",0,"Rpv12+1|0"
"Vitvi13g01686",870.169398837294,1.89474125593678,1.43442848327067,0.732013570251858,3.10507330144254,0.00190231874641963,0.0123786383087147,0.0712859112116351,0.743527971046715,0.0873769295876769,FALSE,TRUE,TRUE,FALSE,"Rpv12+1",0,"Rpv12+1|0"
"Vitvi03g00673",128.835608974682,2.22888573191387,1.72456696227108,0.821064880565633,3.10333967772395,0.00191349878474413,0.0124382469817827,0.0435429322606276,0.563293931509412,0.0571364933504932,FALSE,TRUE,TRUE,FALSE,"Rpv12+1",0,"Rpv12+1|0"
"Vitvi05g01366",11700.1877109132,1.57093149490484,1.25247348893199,0.565778970128024,3.09983963294879,0.00193625446719877,0.0125563477372753,0.129958081398246,1,0.106569557380752,FALSE,TRUE,TRUE,FALSE,"Rpv12+1",0,"Rpv12+1|0"
"Vitvi17g00584",218.417353605764,1.99700273204589,1.47430918707476,0.792087551363038,3.09956292584143,0.00193806404622617,0.0125616114372396,0.0608783792352849,0.686134219050331,0.0865295113610951,FALSE,TRUE,TRUE,FALSE,"Rpv12+1",0,"Rpv12+1|0"
"Vitvi19g02011",1616.83062660689,-1.31729301142556,-1.10089618935125,0.434326136927715,-3.09872379519677,0.00194356120033938,0.0125871644930497,0.227718458712277,1,0.140027702164009,FALSE,TRUE,TRUE,FALSE,"Rpv12+1",0,"Rpv12+1|0"
"Vitvi10g00931",436.702584855777,1.35883153342297,1.12793276857097,0.458714886481941,3.0985841874355,0.001944477160105,0.0125879766675222,0.206606041340206,1,0.132361368569433,FALSE,TRUE,TRUE,FALSE,"Rpv12+1",0,"Rpv12+1|0"
"Vitvi17g00443",3226.37981906127,1.27251469534982,1.05320502969713,0.440095478725713,3.09808921655689,0.00194772783457948,0.0126008988793855,0.253514931487754,1,0.161289558304322,FALSE,TRUE,TRUE,FALSE,"Rpv12+1",0,"Rpv12+1|0"
"Vitvi17g04216",302.395179146074,2.2414710453062,1.7087004564077,0.842056398930264,3.09777737745562,0.0019497783694664,0.0126100998586263,0.0431077637296,0.560186781620768,0.060686263038539,FALSE,TRUE,TRUE,FALSE,"Rpv12+1",0,"Rpv12+1|0"
"Vitvi14g03036",148.112908434409,5.49959334592952,4.65455702876298,2.41719405820458,3.09746569257185,0.00195182987059816,0.0126141869601407,0.00576021175885452,0.147655323442481,0.0165233176166364,FALSE,TRUE,TRUE,FALSE,"Rpv12+1",0,"Rpv12+1|0"
"Vitvi08g01740",289.495070038215,2.04245577074545,1.55922643363419,0.77226248403603,3.09671647802844,0.00195676928921455,0.0126328533042688,0.0569932250028034,0.66006069197389,0.0717271374027537,FALSE,TRUE,TRUE,FALSE,"Rpv12+1",0,"Rpv12+1|0"
"Vitvi13g00576",16.8436030604508,3.35999110440093,2.59245959118052,1.22763515124831,3.09599695605977,0.00196152375067527,0.012656914384923,0.0148607138583323,0.283339222900959,0.0250952857157868,FALSE,TRUE,TRUE,FALSE,"Rpv12+1",0,"Rpv12+1|0"
"Vitvi12g02724",522.075523231366,-2.73387005868877,-1.96877789106015,1.09685728784573,-3.09535133698231,0.0019657989009433,0.0126679104691706,0.0248274595383913,0.399025036542254,0.0569941316133425,FALSE,TRUE,TRUE,FALSE,"Rpv12+1",0,"Rpv12+1|0"
"Vitvi19g00041",10478.2014691008,1.82168519894466,1.4242190288483,0.669145206922657,3.09544833749108,0.00196515603894663,0.0126679104691706,0.0813240523458319,0.800643419464675,0.0820804801965516,FALSE,TRUE,TRUE,FALSE,"Rpv12+1",0,"Rpv12+1|0"
"Vitvi06g04062",547.934277337794,1.25928359900094,1.06293092501937,0.429729805960487,3.09543214042473,0.00196526337009787,0.0126679104691706,0.261950944987046,1,0.157369200042436,FALSE,TRUE,TRUE,FALSE,"Rpv12+1",0,"Rpv12+1|0"
"Vitvi17g00804",870.790426567299,1.32178274662672,1.08641772586083,0.459393088476322,3.09524933559547,0.00196647511403705,0.0126689542127136,0.225566935932338,1,0.148144247253431,FALSE,TRUE,TRUE,FALSE,"Rpv12+1",0,"Rpv12+1|0"
"Vitvi13g00004",1473.63347839918,1.93960780301659,1.56549932808696,0.66570876528605,3.09376740759911,0.0019763235988808,0.0127224217878305,0.0669745845034979,0.719929774893155,0.0600290957260345,FALSE,TRUE,TRUE,FALSE,"Rpv12+1",0,"Rpv12+1|0"
"Vitvi04g00022",2322.21577084238,1.95580782002358,1.51390267654173,0.723406499466294,3.09356542542422,0.00197766941709254,0.0127246692770462,0.0652896942976505,0.70832277297252,0.0734055335028571,FALSE,TRUE,TRUE,FALSE,"Rpv12+1",0,"Rpv12+1|0"
"Vitvi10g02253",511.149273170477,1.91481666896733,1.47142192183839,0.715590670737131,3.09337310766059,0.0019789516225796,0.0127293608809063,0.0697211940669294,0.735571967121847,0.078664817374563,FALSE,TRUE,TRUE,FALSE,"Rpv12+1",0,"Rpv12+1|0"
"Vitvi11g04061",6.09379405845295,3.64180050680496,3.65113197048308,1.467673099809,3.09325282770831,0.00197975393118995,0.0127311975590696,0.0124604153954335,0.25544360306084,0.00831600509348403,FALSE,TRUE,TRUE,FALSE,"Rpv12+1",0,"Rpv12+1|0"
"Vitvi07g04137",9.9634143088709,3.64432054523567,2.58959300720252,1.43983113944254,3.09300599017378,0.0019814013575101,0.012738466556268,0.012447436573245,0.255382347701582,0.0376772474108175,FALSE,TRUE,TRUE,FALSE,"Rpv12+1",0,"Rpv12+1|0"
"Vitvi14g02695",6.84203655980714,5.03711105966935,3.46464496657395,2.24429281624922,3.09213004179111,0.00198725771381784,0.0127694525398061,0.00670651854737243,0.16259112018602,0.0382376329947652,FALSE,TRUE,TRUE,FALSE,"Rpv12+1",0,"Rpv12+1|0"
"Vitvi03g01467",37.2812864992209,2.16807717825032,1.69703374914208,0.764348704833426,3.09111183591132,0.00199408513082365,0.0128033049994713,0.0479223198039052,0.596100791131886,0.0542398890393648,FALSE,TRUE,TRUE,FALSE,"Rpv12+1",0,"Rpv12+1|0"
"Vitvi18g02993",920.087233932987,1.57190391422162,1.25021258156232,0.565920614987292,3.09115807128324,0.00199377464091281,0.0128033049994713,0.130368406803363,1,0.106931182292843,FALSE,TRUE,TRUE,FALSE,"Rpv12+1",0,"Rpv12+1|0"
"Vitvi16g01857",6982.90154209235,2.09471064418855,1.57585131833624,0.81335755104338,3.09099510823094,0.00199486920360654,0.0128050020062665,0.053117128365251,0.634428278304389,0.0738060495856225,FALSE,TRUE,TRUE,FALSE,"Rpv12+1",0,"Rpv12+1|0"
"Vitvi12g04523",87.6436947067246,-3.98338016544659,-2.98287488466472,1.3586680535783,-3.08940585797578,0.00200557256328213,0.0128556375125097,0.0103940211656581,0.223644326051817,0.0184315975334951,FALSE,TRUE,TRUE,FALSE,"Rpv12+1",0,"Rpv12+1|0"
"Vitvi01g01359",33.1334720743384,2.68864215484761,2.10178398827071,0.958416001273267,3.08929271778884,0.0020063365512665,0.0128556375125097,0.0261842920687019,0.412520717589897,0.0346669916120718,FALSE,TRUE,TRUE,FALSE,"Rpv12+1",0,"Rpv12+1|0"
"Vitvi01g01390",3857.38679423846,1.27437064438381,1.07182119807216,0.42293856032257,3.08928178578559,0.00200641038462412,0.0128556375125097,0.252987182610885,1,0.153191467012575,FALSE,TRUE,TRUE,FALSE,"Rpv12+1",0,"Rpv12+1|0"
"Vitvi11g04099",39.2950846308804,3.53598803922949,2.5512942108967,1.50997200730944,3.08890767817497,0.00200893856304222,0.0128667441807677,0.0134052905729355,0.2674820717753,0.0432316920980512,FALSE,TRUE,TRUE,FALSE,"Rpv12+1",0,"Rpv12+1|0"
"Vitvi09g00159",198.138536195245,1.7063157054592,1.3338022041366,0.628530398850199,3.0884676488099,0.00201191597495769,0.0128775167469623,0.100546515475295,0.89982767646878,0.0950409523598184,FALSE,TRUE,TRUE,FALSE,"Rpv12+1",0,"Rpv12+1|0"
"Vitvi12g01844",60.5931714982145,1.33357588476348,1.10291955606426,0.45496201880164,3.08805466225809,0.00201471408794214,0.0128820795711993,0.21992847526923,1,0.140886865723381,FALSE,TRUE,TRUE,FALSE,"Rpv12+1",0,"Rpv12+1|0"
"Vitvi09g04337",13.4253122305803,2.99479992273805,2.35986399227754,1.09372899637815,3.08766002380583,0.0020173912231013,0.012891006117153,0.0198788659131759,0.343807489625924,0.028970131838796,FALSE,TRUE,TRUE,FALSE,"Rpv12+1",0,"Rpv12+1|0"
"Vitvi08g01923",1123.73722987528,2.03084942600689,1.52920844203528,0.787084146358108,3.08761655630517,0.00201768629597913,0.012891006117153,0.0585290742887997,0.672403185911599,0.0777603154287727,FALSE,TRUE,TRUE,FALSE,"Rpv12+1",0,"Rpv12+1|0"
"Vitvi10g00828",48.9019618089103,2.24474350134742,1.6163927515366,0.913613787072629,3.0872677576874,0.00202005549962301,0.0128994523817295,0.0434583103502768,0.562506650397274,0.0775971972852552,FALSE,TRUE,TRUE,FALSE,"Rpv12+1",0,"Rpv12+1|0"
"Vitvi12g00675",17.3026489859773,3.18304358705488,2.38044011813778,1.17657996458914,3.0862131213064,0.0020272346216563,0.0129419414716571,0.0171704503155184,0.311053884905571,0.0330021080312955,FALSE,TRUE,TRUE,FALSE,"Rpv12+1",0,"Rpv12+1|0"
"Vitvi19g00611",195.520300638211,2.39659029058258,1.70137331294498,1.0047232169905,3.08512278642834,0.00203468135801917,0.012979391490461,0.0361084303592686,0.501094456688638,0.0747694335170813,FALSE,TRUE,TRUE,FALSE,"Rpv12+1",0,"Rpv12+1|0"
"Vitvi17g00347",252.449457835015,2.22155683286048,1.59634645917981,0.906928573538439,3.08493701221131,0.00203595265289609,0.012980778870794,0.0449184276818437,0.575144958262041,0.0789132513285895,FALSE,TRUE,TRUE,FALSE,"Rpv12+1",0,"Rpv12+1|0"
"Vitvi17g01481",531.08471570937,2.08811206451034,1.45633404421221,0.887538526653368,3.08447798515722,0.00203909700448106,0.0129974628208009,0.0539949775825247,0.639201193529492,0.0970625796436794,FALSE,TRUE,TRUE,FALSE,"Rpv12+1",0,"Rpv12+1|0"
"Vitvi09g01513",12.8764522809833,6.46500396583616,5.07317535023347,2.58331878045351,3.08415705600762,0.00204129802644381,0.0130030404553579,0.00475016983038851,0.130937505366842,0.0145663099659706,FALSE,TRUE,TRUE,FALSE,"Rpv12+1",0,"Rpv12+1|0"
"Vitvi09g00802",65.1321456981791,2.87415638441739,1.99052612047335,1.24794977421649,3.0841457596125,0.00204137553998394,0.0130030404553579,0.0221743721173563,0.369942878131816,0.0655949648501176,FALSE,TRUE,TRUE,FALSE,"Rpv12+1",0,"Rpv12+1|0"
"Vitvi19g00122",2132.00632271615,2.21480190569987,1.64176723689283,0.884123919006807,3.08411953958193,0.00204155546685032,0.0130030404553579,0.0453634005450597,0.576763942806318,0.0714882631785337,FALSE,TRUE,TRUE,FALSE,"Rpv12+1",0,"Rpv12+1|0"
"Vitvi13g02554",2.57698193580898,5.06714532854976,4.13099986125542,2.7621757131796,3.08196022708722,0.00205642312112394,0.0130774496675295,0.00679746761504398,0.163884751467222,0.035577242289853,FALSE,TRUE,TRUE,FALSE,"Rpv12+1",0,"Rpv12+1|0"
"Vitvi11g00825",40.1267148537778,3.98001768231227,2.6362697242963,1.96689697478483,3.08208598916458,0.00205555448651878,0.0130774496675295,0.010565543023263,0.225907425288972,0.0617155653572712,FALSE,TRUE,TRUE,FALSE,"Rpv12+1",0,"Rpv12+1|0"
"Vitvi19g04081",38.1549162733486,1.37984622874632,1.12335717366886,0.47599822151798,3.08180407726401,0.00205750211154387,0.0130787791022373,0.198117738076739,1,0.136514050554164,FALSE,TRUE,TRUE,FALSE,"Rpv12+1",0,"Rpv12+1|0"
"Vitvi08g00092",66.8627970692785,1.73394923207627,1.37236333475354,0.624282226030026,3.08120659356342,0.0020616355028591,0.0130936974087231,0.0960800855294223,0.877039918032179,0.08669895938213,FALSE,TRUE,TRUE,FALSE,"Rpv12+1",0,"Rpv12+1|0"
"Vitvi01g04313",58.4512281515089,2.27930097307947,1.69453397075952,0.892250676345042,3.08074560362695,0.00206482983513437,0.0131081090220406,0.041897844377594,0.550203670217611,0.0668856347474246,FALSE,TRUE,TRUE,FALSE,"Rpv12+1",0,"Rpv12+1|0"
"Vitvi03g04485",31.7107391385202,-1.54527792611797,-1.26006166002446,0.522261533328378,-3.08021874893345,0.00206848612272434,0.0131239034496075,0.138538880225245,1,0.0988316740254764,FALSE,TRUE,TRUE,FALSE,"Rpv12+1",0,"Rpv12+1|0"
"Vitvi10g00245",5982.72990510456,1.23681618576097,1.02926971655407,0.426587279384885,3.08021353021409,0.00206852236949285,0.0131239034496075,0.27767045271867,1,0.171832671111559,FALSE,TRUE,TRUE,FALSE,"Rpv12+1",0,"Rpv12+1|0"
"Vitvi19g04019",36.870447611791,-2.07418444630658,-1.62298318972129,0.733460037403059,-3.07975749368101,0.0020716920356422,0.0131338664410914,0.0553638277361723,0.648282170882064,0.0601019709337438,FALSE,TRUE,TRUE,FALSE,"Rpv12+1",0,"Rpv12+1|0"
"Vitvi01g01917",33.3450170983657,2.52048823601603,1.90047849589867,0.955778286618361,3.07892282727899,0.00207750489798838,0.0131673297316289,0.0316381621986811,0.464056105564864,0.0515279971680263,FALSE,TRUE,TRUE,FALSE,"Rpv12+1",0,"Rpv12+1|0"
"Vitvi18g02528",72.3289944619953,1.75694254583981,1.37186935962136,0.635416477509599,3.0748383669957,0.00210616661428903,0.0133249924780751,0.0926309198006811,0.862938828727214,0.0883093118345112,FALSE,TRUE,TRUE,FALSE,"Rpv12+1",0,"Rpv12+1|0"
"Vitvi02g01537",190.72699877435,1.48895680861635,1.21358109954039,0.520030631780423,3.07189980485881,0.00212701108227257,0.0134404359675605,0.156540786200936,1,0.112373971131897,FALSE,TRUE,TRUE,FALSE,"Rpv12+1",0,"Rpv12+1|0"
"Vitvi06g04171",733.26471871736,-1.24042801161208,-1.02415486113504,0.428123946010155,-3.07188149191087,0.00212714157483026,0.0134404359675605,0.27578389623536,1,0.173940857148792,FALSE,TRUE,TRUE,FALSE,"Rpv12+1",0,"Rpv12+1|0"
"Vitvi12g02682",16.9656603679795,3.22741706810223,2.433260796158,1.09007400175893,3.0712790229555,0.00213143868298225,0.0134641342035771,0.0170462058579095,0.310505198741241,0.0244578975593005,FALSE,TRUE,TRUE,FALSE,"Rpv12+1",0,"Rpv12+1|0"
"Vitvi01g04283",20.6853471515048,-1.59555042492151,-1.28623872673697,0.54799097076348,-3.07063711903082,0.00213602581821841,0.0134896518989051,0.125869546779095,1,0.0955675493383778,FALSE,TRUE,TRUE,FALSE,"Rpv12+1",0,"Rpv12+1|0"
"Vitvi19g04522",21.8425991761886,-2.20337276720924,-1.66787278662358,0.815589935468129,-3.06993295725686,0.00214106826701309,0.0135163689994666,0.0468100071997957,0.58616705521276,0.0630490784123363,FALSE,TRUE,TRUE,FALSE,"Rpv12+1",0,"Rpv12+1|0"
"Vitvi14g04346",11.8498279747885,-2.00109449845101,-1.55621174163898,0.714469580692414,-3.06793335800076,0.0021554468061091,0.0135809686739907,0.0624178850718181,0.692607483112884,0.0668092697860537,FALSE,TRUE,TRUE,FALSE,"Rpv12+1",0,"Rpv12+1|0"
"Vitvi16g01920",156.101781568676,2.54814034732421,1.85502154281418,1.03601824015504,3.06782379665948,0.00215623718230917,0.0135824748717384,0.0311791416129198,0.461989776195611,0.0623060209374729,FALSE,TRUE,TRUE,FALSE,"Rpv12+1",0,"Rpv12+1|0"
"Vitvi18g00421",80.171112875308,1.78329541287562,1.40910248861865,0.638888753099832,3.06762157866355,0.00215769668203107,0.0135881941356129,0.0889228024061874,0.845558556213543,0.080826590180015,FALSE,TRUE,TRUE,FALSE,"Rpv12+1",0,"Rpv12+1|0"
"Vitvi03g01255",76.955213364368,3.24599399698201,2.73781397425603,1.30157494880215,3.06719601296301,0.00216077114331725,0.0136006024238027,0.0169372604581636,0.309184784595326,0.0234736597238862,FALSE,TRUE,TRUE,FALSE,"Rpv12+1",0,"Rpv12+1|0"
"Vitvi07g00516",19.9123097321171,4.04113236346489,2.77100355437144,1.86970766644121,3.06666178891838,0.00216463628220375,0.013611020788252,0.0105703845159869,0.225907425288972,0.0508409489286795,FALSE,TRUE,TRUE,FALSE,"Rpv12+1",0,"Rpv12+1|0"
"Vitvi06g01678",56.9473323962913,2.13993907049539,1.65613018818687,0.779611278835947,3.06673427460507,0.00216411147307274,0.013611020788252,0.0511706246104713,0.620859169380946,0.0607595874222195,FALSE,TRUE,TRUE,FALSE,"Rpv12+1",0,"Rpv12+1|0"
"Vitvi14g02946",99.2082612359473,2.75255730989972,2.01437106811096,1.12449187719433,3.06626077843585,0.00216754177748792,0.0136203970137465,0.0254662883417928,0.405214499229293,0.0550138998004051,FALSE,TRUE,TRUE,FALSE,"Rpv12+1",0,"Rpv12+1|0"
"Vitvi00g04017",36.1694251901064,-1.59036569312511,-1.29913135279417,0.533677712886675,-3.06632185344961,0.00216709903179301,0.0136203970137465,0.127506054400535,1,0.09131027129775,FALSE,TRUE,TRUE,FALSE,"Rpv12+1",0,"Rpv12+1|0"
"Vitvi15g04406",18.2729177201415,-2.31647074828016,-1.80899597761769,0.806075598756131,-3.06582360092129,0.00217071339173418,0.0136353123709239,0.0407306433666852,0.541949592995482,0.0453606660190974,FALSE,TRUE,TRUE,FALSE,"Rpv12+1",0,"Rpv12+1|0"
"Vitvi12g04232",234.965445536788,2.5708186429787,1.8067994869148,1.07993490948079,3.06535060728757,0.00217414963399488,0.0136534158509044,0.0305454169149054,0.455032779656611,0.0698252474031507,FALSE,TRUE,TRUE,FALSE,"Rpv12+1",0,"Rpv12+1|0"
"Vitvi05g02121",2060.58073747517,-1.30698725303782,-1.09830369166881,0.425949448591538,-3.06518731427751,0.00217533709563159,0.0136572642431247,0.235776046879208,1,0.140218474026175,FALSE,TRUE,TRUE,FALSE,"Rpv12+1",0,"Rpv12+1|0"
"Vitvi00g00444",19.3075558883803,-1.87799583847966,-1.49555310577071,0.649380191251634,-3.06461082062125,0.00217953409549803,0.0136732880001756,0.0759646763445728,0.771712609125313,0.0682703839557163,FALSE,TRUE,TRUE,FALSE,"Rpv12+1",0,"Rpv12+1|0"
"Vitvi06g00383",3626.44019830341,1.77879662543486,1.35928670441167,0.67882460244016,3.06391137771443,0.00218463615839335,0.0136983192665254,0.0898883093965498,0.850068412365084,0.0951284159868386,FALSE,TRUE,TRUE,FALSE,"Rpv12+1",0,"Rpv12+1|0"
"Vitvi18g04195",23.3878229711832,1.59607897125796,1.27641556847093,0.563287218619916,3.06362000249065,0.00218676481363941,0.013702182631702,0.126280289318791,1,0.0996350253453646,FALSE,TRUE,TRUE,FALSE,"Rpv12+1",0,"Rpv12+1|0"
"Vitvi13g00517",85.5622784159342,3.24431288506932,2.20237425177426,1.46929646860575,3.06239199003267,0.00219575702286686,0.0137470571830617,0.0170986566201262,0.310753760393431,0.0631233715620189,FALSE,TRUE,TRUE,FALSE,"Rpv12+1",0,"Rpv12+1|0"
"Vitvi11g00370",145.865391416042,2.48509169895542,1.90087939376447,0.92448962696909,3.0619827772663,0.0021987610331332,0.0137588714280593,0.0336455522253957,0.480947541346517,0.0480429878020701,FALSE,TRUE,TRUE,FALSE,"Rpv12+1",0,"Rpv12+1|0"
"Vitvi14g00059",215.512342181102,2.4319747882447,1.73579990085619,1.01148829457003,3.06085535293586,0.00220705689401206,0.0137967657043596,0.0357595318643108,0.498108705985068,0.071329021433401,FALSE,TRUE,TRUE,FALSE,"Rpv12+1",0,"Rpv12+1|0"
"Vitvi18g04066",435.100157443242,1.21260479424477,1.04824043030928,0.421309549858459,3.05921086218673,0.00221920890075753,0.0138621781133526,0.295851994326811,1,0.162439054918586,FALSE,TRUE,TRUE,FALSE,"Rpv12+1",0,"Rpv12+1|0"
"Vitvi12g00650",10.4065401141788,4.51049170818864,3.14789205766833,2.02602634389155,3.05835495701362,0.00222555786729285,0.0138912702352741,0.00874257509457201,0.197834794030198,0.0409537534721181,FALSE,TRUE,TRUE,FALSE,"Rpv12+1",0,"Rpv12+1|0"
"Vitvi10g00685",27.3616387914158,2.67279145039619,1.94447420121897,1.05274024261974,3.05680634771457,0.00223708752145817,0.0139561631244982,0.0278789751103961,0.429091339590074,0.0556500252176186,FALSE,TRUE,TRUE,FALSE,"Rpv12+1",0,"Rpv12+1|0"
"Vitvi09g01399",61.4574160290085,1.34296949025389,1.11152558096612,0.456083932764817,3.05589921962582,0.00224386663553855,0.0139842900159696,0.21757190984007,1,0.138220732514161,FALSE,TRUE,TRUE,FALSE,"Rpv12+1",0,"Rpv12+1|0"
"Vitvi08g00207",75.4977167164759,1.44352055713991,1.18243270263738,0.494329115134978,3.05527781515436,0.00224852134912371,0.014009755173751,0.17393437051122,1,0.11958923115085,FALSE,TRUE,TRUE,FALSE,"Rpv12+1",0,"Rpv12+1|0"
"Vitvi18g03034",5.28571666179157,-5.14693578453952,-4.10970704013888,3.07012721922389,-3.05473987791223,0.00225255798291496,0.0140247411327194,0.0070550316856815,0.169314287950222,0.0445578066886052,FALSE,TRUE,TRUE,FALSE,"Rpv12+1",0,"Rpv12+1|0"
"Vitvi19g00198",102.944805413342,1.28738842432603,1.06653599166663,0.440994361929691,3.05472970505032,0.00225263438310483,0.0140247411327194,0.247645278440631,1,0.15632284288523,FALSE,TRUE,TRUE,FALSE,"Rpv12+1",0,"Rpv12+1|0"
"Vitvi05g04206",12.24116697728,3.41428770769289,2.43057140748288,1.54163222951657,3.05323998764603,0.00226384811866123,0.0140761818445667,0.0154651086575454,0.290835210188879,0.052769876916457,FALSE,TRUE,TRUE,FALSE,"Rpv12+1",0,"Rpv12+1|0"
"Vitvi18g00881",1249.90092400541,1.89345241859623,1.44989381728448,0.718096322130789,3.05317679613305,0.00226432491678917,0.0140761818445667,0.0748384080632611,0.764725748643299,0.0829181627825726,FALSE,TRUE,TRUE,FALSE,"Rpv12+1",0,"Rpv12+1|0"
"Vitvi13g01901",65.387051888928,1.30372625431175,1.07696241561082,0.446169718184508,3.05277216936811,0.00226738012328203,0.0140880647458199,0.238480914811746,1,0.152528206849471,FALSE,TRUE,TRUE,FALSE,"Rpv12+1",0,"Rpv12+1|0"
"Vitvi03g01011",160.608359373888,1.45782632540103,1.17973008443116,0.513565194945977,3.05213134624121,0.00227222650024849,0.0141075030393452,0.168902100180356,1,0.122516120124733,FALSE,TRUE,TRUE,FALSE,"Rpv12+1",0,"Rpv12+1|0"
"Vitvi00g04594",33.5503017108243,-2.11101106993181,-1.66461607877836,0.737351837429872,-3.05106534827921,0.00228030939037364,0.0141505546955277,0.0541672903771148,0.639863245188668,0.0550845674483766,FALSE,TRUE,TRUE,FALSE,"Rpv12+1",0,"Rpv12+1|0"
"Vitvi13g04416",35.0415816645254,1.52118305665837,1.226844806523,0.528283188567035,3.05053519249419,0.00228433907653409,0.0141684233357235,0.147973577554381,1,0.109383691810437,FALSE,TRUE,TRUE,FALSE,"Rpv12+1",0,"Rpv12+1|0"
"Vitvi10g00687",62.2831122162467,3.57316455129602,2.50879947364243,1.55168759761289,3.04960047346879,0.00229145971955481,0.0142018620505541,0.0140889097569964,0.275655789329296,0.0484505631739359,FALSE,TRUE,TRUE,FALSE,"Rpv12+1",0,"Rpv12+1|0"
"Vitvi18g01304",41.7565654586492,-2.10242260359683,-1.66129999056043,0.734639106503895,-3.04849677428828,0.00229989381963364,0.0142326511279815,0.0549688070565479,0.645448002000211,0.0552965004153006,FALSE,TRUE,TRUE,FALSE,"Rpv12+1",0,"Rpv12+1|0"
"Vitvi02g00512",712.567824485956,2.18384446127567,1.56478476568408,0.904787337252405,3.04839671409177,0.00230065985023894,0.0142338161904788,0.0492195949499599,0.605329282696757,0.0832536834483324,FALSE,TRUE,TRUE,FALSE,"Rpv12+1",0,"Rpv12+1|0"
"Vitvi16g04006",7.1252934085333,-2.91908770781613,-2.23247382147798,1.04044864149529,-3.0475051096987,0.0023074960300603,0.0142689438244391,0.0225825672254958,0.374358286471322,0.0319390942051044,FALSE,TRUE,TRUE,FALSE,"Rpv12+1",0,"Rpv12+1|0"
"Vitvi08g01767",133.528460018203,1.55820990795964,1.23581596884998,0.563562736162975,3.04753770479093,0.00230724578709809,0.0142689438244391,0.13747318276379,1,0.111557791161233,FALSE,TRUE,TRUE,FALSE,"Rpv12+1",0,"Rpv12+1|0"
"Vitvi08g01358",196.651943434871,1.55128616201027,1.23332967709018,0.555408521257683,3.04706416155697,0.00231088377389826,0.014281031593257,0.139438620553566,1,0.110924779286082,FALSE,TRUE,TRUE,FALSE,"Rpv12+1",0,"Rpv12+1|0"
"Vitvi15g04440",3.87376533374772,-5.57115851626465,-4.73931254539789,3.18669066078325,-3.0460905997052,0.00231837965336093,0.0143182755427926,0.00638496072827034,0.157867852259758,0.032943172360494,FALSE,TRUE,TRUE,FALSE,"Rpv12+1",0,"Rpv12+1|0"
"Vitvi14g01987",1822.71315586485,1.40058830520568,1.13311199710732,0.498098276732788,3.04585576713691,0.00232019106261217,0.0143258714332114,0.191833937594619,1,0.134345687646286,FALSE,TRUE,TRUE,FALSE,"Rpv12+1",0,"Rpv12+1|0"
"Vitvi06g00139",26.8834245577576,-1.9116159869493,-1.48192717761022,0.691163689349736,-3.04514608588876,0.00232567315470717,0.0143517771868186,0.0732280225858644,0.755649642139498,0.0748501093331857,FALSE,TRUE,TRUE,FALSE,"Rpv12+1",0,"Rpv12+1|0"
"Vitvi12g00625",167.936980863041,1.87798485599771,1.43365006588467,0.705817045838029,3.04508644957298,0.00232613436868675,0.0143517771868186,0.0772795526833049,0.779263067651934,0.0845932907701651,FALSE,TRUE,TRUE,FALSE,"Rpv12+1",0,"Rpv12+1|0"
"Vitvi10g01517",5.45955911653568,-4.90287798638066,-3.7594127536163,1.67702224603309,-3.04373904816896,0.0023365772226229,0.0144089903520745,0.00782178379957674,0.182850797509498,0.0121934958126274,FALSE,TRUE,TRUE,FALSE,"Rpv12+1",0,"Rpv12+1|0"
"Vitvi04g01992",9.02619520456995,-2.79406661301356,-2.1062419582225,1.0074742684601,-3.04319832082448,0.00234078011562735,0.014431296028177,0.0253665647292938,0.405214499229293,0.0383622015698336,FALSE,TRUE,TRUE,FALSE,"Rpv12+1",0,"Rpv12+1|0"
"Vitvi03g01456",2.61629398851673,5.27386092667441,4.96062532959302,2.53440536478792,3.04274688940465,0.00234429424233474,0.0144493452474753,0.00698289045691516,0.167736851664319,0.0151485960704057,FALSE,TRUE,TRUE,FALSE,"Rpv12+1",0,"Rpv12+1|0"
"Vitvi08g01623",267.390168051741,1.44723116993755,1.22279192887782,0.492846886076395,3.04221531822994,0.00234843840274299,0.0144712677563722,0.173577688192701,1,0.10566731750122,FALSE,TRUE,TRUE,FALSE,"Rpv12+1",0,"Rpv12+1|0"
"Vitvi13g04366",10.4880387720728,-3.10730172505045,-2.31093034566294,1.16125385751264,-3.04171339301877,0.00235235759780114,0.0144881704448572,0.0195938337825227,0.341021355899541,0.0359426221058217,FALSE,TRUE,TRUE,FALSE,"Rpv12+1",0,"Rpv12+1|0"
"Vitvi08g01944",44.3427304635657,2.47932769087023,1.83749954392747,0.974382171496732,3.04128403700888,0.00235571490065205,0.014505221767674,0.0348004670531192,0.490487832781544,0.0586442566836841,FALSE,TRUE,TRUE,FALSE,"Rpv12+1",0,"Rpv12+1|0"
"Vitvi19g00783",781.958888099553,-1.32808242555416,-1.09581229306058,0.450892654590072,-3.04043463038157,0.00236236967252226,0.0145425635312989,0.226298448769822,1,0.143560924004637,FALSE,TRUE,TRUE,FALSE,"Rpv12+1",0,"Rpv12+1|0"
"Vitvi05g00920",4.74086467156923,-5.64506221636061,-4.68803006469403,3.1584917543752,-3.03851638788831,0.0023774617344111,0.0146172067104946,0.00637911699051517,0.157867852259758,0.0332968366552223,FALSE,TRUE,TRUE,FALSE,"Rpv12+1",0,"Rpv12+1|0"
"Vitvi18g00596",83.7768979093973,1.55413076049618,1.25098171413543,0.545604222024474,3.03677633375883,0.00239122817073447,0.0146908471855896,0.139454846547916,1,0.104314484353025,FALSE,TRUE,TRUE,FALSE,"Rpv12+1",0,"Rpv12+1|0"
"Vitvi01g02020",66.5647824971474,2.80115019722317,2.191451699299,1.09224452767352,3.03639231447164,0.00239427615140934,0.0147059055761956,0.025463581338574,0.405214499229293,0.0391086541060226,FALSE,TRUE,TRUE,FALSE,"Rpv12+1",0,"Rpv12+1|0"
"Vitvi09g00064",1836.56473965586,1.42226573399302,1.13771938682981,0.513408216483774,3.03606934662274,0.00239684231658285,0.0147179978343308,0.183688383592232,1,0.134251103221386,FALSE,TRUE,TRUE,FALSE,"Rpv12+1",0,"Rpv12+1|0"
"Vitvi13g02465",11.5076512165816,-4.76315835179531,-3.50675066787512,1.88286604483317,-3.03570378257785,0.00239974997056921,0.0147300866416863,0.0083538696606194,0.191860295392575,0.0237309609858618,FALSE,TRUE,TRUE,FALSE,"Rpv12+1",0,"Rpv12+1|0"
"Vitvi01g04239",9.83522784644994,2.33302477368291,1.79140541619776,0.858583024786173,3.03555030355436,0.00240097168700685,0.0147300866416863,0.0414283080366072,0.547611475457104,0.0531188736596641,FALSE,TRUE,TRUE,FALSE,"Rpv12+1",0,"Rpv12+1|0"
"Vitvi05g01522",30.5101573116227,-1.98945848509426,-1.58266139976749,0.680974744278251,-3.03561933984476,0.00240042207717088,0.0147300866416863,0.0655539490247949,0.710366923172995,0.0593732557856858,FALSE,TRUE,TRUE,FALSE,"Rpv12+1",0,"Rpv12+1|0"
"Vitvi04g00390",714.223355111342,1.67157451040682,1.2845140526547,0.633842715411813,3.03544621931107,0.00240180053741085,0.0147300866416863,0.11132295033357,0.953223259501102,0.106118354054351,FALSE,TRUE,TRUE,FALSE,"Rpv12+1",0,"Rpv12+1|0"
"Vitvi14g01561",1862.91677242302,-1.20241029136811,-1.00456262944371,0.407058933642217,-3.03531518936008,0.00240284433602623,0.0147319021021222,0.304690865799597,1,0.183144497975283,FALSE,TRUE,TRUE,FALSE,"Rpv12+1",0,"Rpv12+1|0"
"Vitvi04g01368",23.5498594859054,2.91576106043687,2.13800240431632,1.14397560142382,3.03502562015087,0.00240515254829701,0.0147396363631456,0.0230922655962853,0.380397087993216,0.0464326306757548,FALSE,TRUE,TRUE,FALSE,"Rpv12+1",0,"Rpv12+1|0"
"Vitvi19g04488",35.1658678707457,1.74198076120976,1.35423989622125,0.619070674393947,3.03495046841917,0.00240575192894752,0.0147396430046136,0.0980566860737288,0.885421073870442,0.0897608178553265,FALSE,TRUE,TRUE,FALSE,"Rpv12+1",0,"Rpv12+1|0"
"Vitvi18g00289",91.3138569989438,2.79862152469014,2.08116303660831,1.14075278023307,3.0344801038479,0.00240950647868033,0.0147589760340051,0.0255949860686099,0.406321249775763,0.0507722023412992,FALSE,TRUE,TRUE,FALSE,"Rpv12+1",0,"Rpv12+1|0"
"Vitvi01g01981",6715.00743416689,1.99276638506073,1.52989222720579,0.7507233250474,3.03436011307807,0.00241046512869084,0.0147611779543692,0.0653111559466998,0.70832277297252,0.0739664566035798,FALSE,TRUE,TRUE,FALSE,"Rpv12+1",0,"Rpv12+1|0"
"Vitvi14g00128",1980.71260545269,1.42254914510996,1.14578907794448,0.509651335685251,3.03395325127581,0.00241371829539857,0.0147700854260902,0.183742410752982,1,0.131324777273553,FALSE,TRUE,TRUE,FALSE,"Rpv12+1",0,"Rpv12+1|0"
"Vitvi10g04451",11.9673489720679,-3.95918195988948,-2.96501593080638,1.46734287143027,-3.03387528022485,0.00241434219138036,0.014770234474012,0.0117494998522786,0.243739228101312,0.0232678679332024,FALSE,TRUE,TRUE,FALSE,"Rpv12+1",0,"Rpv12+1|0"
"Vitvi15g01627",279.784258679403,-1.43028073785639,-1.17933267047374,0.478623737629641,-3.03319987734797,0.00241975269971114,0.0147996592626821,0.180753591440394,1,0.118310144289974,FALSE,TRUE,TRUE,FALSE,"Rpv12+1",0,"Rpv12+1|0"
"Vitvi00g04507",165.534824052769,1.28038759025282,1.0458310597848,0.452018773077054,3.03238142258171,0.00242632403757488,0.0148361675328108,0.253329003161986,1,0.164932334888478,FALSE,TRUE,TRUE,FALSE,"Rpv12+1",0,"Rpv12+1|0"
"Vitvi05g00012",292.209735302167,1.55651304083951,1.23945933470987,0.556235031924099,3.02657255795,0.00247343450158054,0.0150606852152591,0.139600907642413,1,0.108931163025785,FALSE,TRUE,TRUE,FALSE,"Rpv12+1",0,"Rpv12+1|0"
"Vitvi13g04777",117.700296270974,1.87369263141141,1.40938172865735,0.724972257817651,3.02357907968757,0.00249803732291319,0.0151898203312919,0.0792895614969192,0.790448033230911,0.0905352823352089,FALSE,TRUE,TRUE,FALSE,"Rpv12+1",0,"Rpv12+1|0"
"Vitvi08g04318",50.4936050701142,-1.69144519126262,-1.33788652920417,0.600429400420949,-3.0235421858622,0.00249834193791178,0.0151898203312919,0.108231411523609,0.936871440782954,0.090880009733599,FALSE,TRUE,TRUE,FALSE,"Rpv12+1",0,"Rpv12+1|0"
"Vitvi08g00854",29672.0127767052,1.42142278534742,1.16540797178251,0.491059362631257,3.02344942678925,0.00249910795616762,0.0151907287461499,0.185022137339513,1,0.123345475519962,FALSE,TRUE,TRUE,FALSE,"Rpv12+1",0,"Rpv12+1|0"
"Vitvi02g00223",51.4652479165888,2.05628817179408,1.59372540846713,0.755422960338279,3.02208696822865,0.00251038412561754,0.0152386031647735,0.0602860498539495,0.682714343493797,0.0662765942262445,FALSE,TRUE,TRUE,FALSE,"Rpv12+1",0,"Rpv12+1|0"
"Vitvi09g01282",3800.1245668385,4.36358252836371,3.12092947602001,2.14170313439346,3.0216582710094,0.00251394178386278,0.0152432856970818,0.0100265491376335,0.217844268182188,0.0471019731237639,FALSE,TRUE,TRUE,FALSE,"Rpv12+1",0,"Rpv12+1|0"
"Vitvi17g04095",34.1854682442878,-2.2664651058323,-1.68821494816219,0.858840002976788,-3.02130735706562,0.00251685736893429,0.0152572091882542,0.045687424230539,0.578674787698965,0.0648448298978834,FALSE,TRUE,TRUE,FALSE,"Rpv12+1",0,"Rpv12+1|0"
"Vitvi13g00596",3.66844476670543,5.17560203371942,3.96492374519429,2.34945633436642,3.02116944306018,0.00251800408041122,0.0152586435316954,0.00755204123193574,0.177756295476505,0.0278166693123336,FALSE,TRUE,TRUE,FALSE,"Rpv12+1",0,"Rpv12+1|0"
"Vitvi00g04714",7.09691626709318,-3.09165458527596,-2.15085899492703,1.2709666819967,-3.02092969140377,0.00251999867745253,0.0152612309286432,0.0205183028374334,0.351038773004852,0.0547315988293091,FALSE,TRUE,TRUE,FALSE,"Rpv12+1",0,"Rpv12+1|0"
"Vitvi14g01394",243.051823210356,2.46873451792204,1.82550435001965,0.972346609941337,3.02035249968133,0.00252480651270812,0.015279079648017,0.0361858713024408,0.501635510016189,0.0601748270665571,FALSE,TRUE,TRUE,FALSE,"Rpv12+1",0,"Rpv12+1|0"
"Vitvi05g04568",134.49763245608,-1.58415858137939,-1.28169100052199,0.542713645925351,-3.02026431845645,0.00252554177445685,0.0152797758240469,0.132699508977345,1,0.0964466567935039,FALSE,TRUE,TRUE,FALSE,"Rpv12+1",0,"Rpv12+1|0"
"Vitvi07g02613",17.4949962007498,3.45688765191945,2.51188457884024,1.5666960351218,3.0185005154611,0.00254028969598113,0.0153539197620685,0.016013567338281,0.29771289819664,0.0491976029308881,FALSE,TRUE,TRUE,FALSE,"Rpv12+1",0,"Rpv12+1|0"
"Vitvi03g04152",24.9569904072353,-1.8161303247913,-1.44003530488346,0.63503836090345,-3.01765732346572,0.00254736778097557,0.0153853769679123,0.0875397303361027,0.839058569140157,0.0755758059321286,FALSE,TRUE,TRUE,FALSE,"Rpv12+1",0,"Rpv12+1|0"
"Vitvi09g00036",73.1956012996856,2.37250371612514,1.79455617373099,0.900882481164911,3.01716836198452,0.00255148057377996,0.0154026648898905,0.0404626960483816,0.540032482617151,0.0572787170997431,FALSE,TRUE,TRUE,FALSE,"Rpv12+1",0,"Rpv12+1|0"
"Vitvi12g04594",371.008727605042,-2.46979459870905,-1.76353178910414,1.00467098579833,-3.01699880637873,0.00255290817120775,0.0154075075222622,0.0363030428932601,0.501878801120498,0.0685024743991276,FALSE,TRUE,TRUE,FALSE,"Rpv12+1",0,"Rpv12+1|0"
"Vitvi04g00241",116.391410438837,2.47750313103607,1.70456176194739,1.09395334503525,3.0155834673156,0.00256485334839331,0.0154606623662877,0.0360686063124997,0.501072051263239,0.0804929658062384,FALSE,TRUE,TRUE,FALSE,"Rpv12+1",0,"Rpv12+1|0"
"Vitvi12g02137",793.250167276812,1.37069909927241,1.10969513944903,0.489197982213785,3.01445069209116,0.00257445054404401,0.0155033399176407,0.207466433379845,1,0.141459762707716,FALSE,TRUE,TRUE,FALSE,"Rpv12+1",0,"Rpv12+1|0"
"Vitvi19g01732",89.4552802598312,3.41151922375974,2.1550833003832,1.77153948582298,3.01371466040471,0.00258070400341676,0.0155372003490165,0.0166212370021955,0.305762966765424,0.0795768060967913,FALSE,TRUE,TRUE,FALSE,"Rpv12+1",0,"Rpv12+1|0"
"Vitvi10g01851",97.5907543982546,2.51885793021101,1.68826648119454,1.12234455013869,3.01296347059017,0.00258710056788496,0.0155529061958062,0.0346366172805781,0.489232867949591,0.0849291737763743,FALSE,TRUE,TRUE,FALSE,"Rpv12+1",0,"Rpv12+1|0"
"Vitvi06g01924",147.878373848751,2.20903329616053,1.58475898045986,0.909319198068826,3.01302676456967,0.00258656104545871,0.0155529061958062,0.0495727037900032,0.607452698094861,0.0806596017119142,FALSE,TRUE,TRUE,FALSE,"Rpv12+1",0,"Rpv12+1|0"
"Vitvi02g00152",7.92981687419198,-2.66755463458719,-1.97753694473732,1.0034029111307,-3.01201194021192,0.00259522389226916,0.0155751366163077,0.0298753615199816,0.448764298478332,0.048110970496732,FALSE,TRUE,TRUE,FALSE,"Rpv12+1",0,"Rpv12+1|0"
"Vitvi04g04015",6.95804173487358,7.75931915363035,6.97905234610193,4.30886206220796,3.01095087614938,0.00260430981629979,0.0156220542085127,0.00469731536867902,0.12975403667294,0.021477586266698,FALSE,TRUE,TRUE,FALSE,"Rpv12+1",0,"Rpv12+1|0"
"Vitvi12g01921",96.4921196424006,1.97047066567662,1.49726782863734,0.72518000153304,3.01066824976413,0.00260673485478383,0.0156281387218695,0.0690698930828757,0.733225110931787,0.0765441025955983,FALSE,TRUE,TRUE,FALSE,"Rpv12+1",0,"Rpv12+1|0"
"Vitvi06g00562",106.020959421862,1.781389216844,1.39912742124565,0.642598838785862,3.01061089468502,0.00260722723440833,0.0156281387218695,0.0933227761377387,0.866579545534632,0.083923058898727,FALSE,TRUE,TRUE,FALSE,"Rpv12+1",0,"Rpv12+1|0"
"Vitvi19g04137",38.9930589553522,1.7686598050992,1.38688810355672,0.643842926853927,3.0106644071486,0.00260676784006108,0.0156281387218695,0.0953640939428662,0.875308538053136,0.0861909287757972,FALSE,TRUE,TRUE,FALSE,"Rpv12+1",0,"Rpv12+1|0"
"Vitvi13g00716",388.715435730894,2.66369064345065,1.84867896266778,1.16422143335954,3.01036421316618,0.00260934590564893,0.0156370337464284,0.0300566237340521,0.450264711097554,0.0710107159697295,FALSE,TRUE,TRUE,FALSE,"Rpv12+1",0,"Rpv12+1|0"
"Vitvi16g01874",471.72519950195,1.59206293740882,1.27761598820768,0.564306287836088,3.01008303958087,0.00261176273804,0.0156401037468044,0.131484793620396,1,0.0994563687456807,FALSE,TRUE,TRUE,FALSE,"Rpv12+1",0,"Rpv12+1|0"
"Vitvi07g02513",2855.77066979282,-1.3983426271693,-1.14693284771062,0.476003220411999,-3.00940226550476,0.00261762282172184,0.0156675791632506,0.195644799460122,1,0.127179345814709,FALSE,TRUE,TRUE,FALSE,"Rpv12+1",0,"Rpv12+1|0"
"Vitvi01g01404",86.1263828317908,2.35861068446602,1.69898960193137,0.970261958753485,3.00833811842461,0.00262680705284273,0.0157072860567557,0.0415687778300502,0.548083497609013,0.0722056623594683,FALSE,TRUE,TRUE,FALSE,"Rpv12+1",0,"Rpv12+1|0"
"Vitvi10g00720",166.500627446229,1.89618928034011,1.43314291104797,0.735743577786844,3.00779213762093,0.00263153062183902,0.0157225096181457,0.0775788612148816,0.781434513099765,0.0881395259110387,FALSE,TRUE,TRUE,FALSE,"Rpv12+1",0,"Rpv12+1|0"
"Vitvi02g00565",860.514163882095,1.75536192823882,1.32677787405396,0.681495697209775,3.00783795201303,0.00263113395904481,0.0157225096181457,0.0977780147459403,0.88476047355935,0.101070707884901,FALSE,TRUE,TRUE,FALSE,"Rpv12+1",0,"Rpv12+1|0"
"Vitvi06g00707",748.237323013463,-2.53264909730193,-1.70741261819878,1.11036962348815,-3.00746981771186,0.00263432282568242,0.0157255093611611,0.0343939143818262,0.486911164376847,0.0813287698806212,FALSE,TRUE,TRUE,FALSE,"Rpv12+1",0,"Rpv12+1|0"
"Vitvi05g04030",359.28448421712,3.81719767609119,2.65828932064004,2.00277184685726,3.00598761214602,0.00264719782129023,0.0157870650024948,0.0133345833863834,0.266477743930026,0.0621579415782538,FALSE,TRUE,TRUE,FALSE,"Rpv12+1",0,"Rpv12+1|0"
"Vitvi18g00175",224.386114024369,1.60914086637983,1.25637960161358,0.592764079848767,3.00617803734191,0.00264554050246697,0.0157870650024948,0.127562916367785,1,0.108386674643184,FALSE,TRUE,TRUE,FALSE,"Rpv12+1",0,"Rpv12+1|0"
"Vitvi07g01599",917.021105673532,1.25759797627909,1.02110677723536,0.458096467174949,3.00533802626101,0.00265285847485916,0.0158060349803416,0.269081493787795,1,0.176143306204454,FALSE,TRUE,TRUE,FALSE,"Rpv12+1",0,"Rpv12+1|0"
"Vitvi05g00736",398.930601270149,1.24860594378736,1.01793258135762,0.437629136137483,3.00493963020932,0.00265633566879154,0.0158224094623666,0.274818606071163,1,0.177005271130289,FALSE,TRUE,TRUE,FALSE,"Rpv12+1",0,"Rpv12+1|0"
"Vitvi17g01339",11.2978793119494,4.23707144356393,2.99241301222898,1.9211613826568,3.00485972687026,0.00265703356509665,0.0158227408532079,0.0109491778062559,0.232483394670331,0.0427049820584978,FALSE,TRUE,TRUE,FALSE,"Rpv12+1",0,"Rpv12+1|0"
"Vitvi00g04340",4.54404290107976,-5.37954432639877,-4.36402013464386,3.13029260564153,-3.00228218304968,0.00267963659229344,0.0159265445326276,0.00744405451401908,0.175906975638867,0.039992195563485,FALSE,TRUE,TRUE,FALSE,"Rpv12+1",0,"Rpv12+1|0"
"Vitvi01g04377",57.3444130797522,1.58533661903225,1.27751769880776,0.551670944727253,3.00194390277673,0.00268261605232354,0.0159404073962959,0.1338504089248,1,0.0983874504726951,FALSE,TRUE,TRUE,FALSE,"Rpv12+1",0,"Rpv12+1|0"
"Vitvi01g01048",943.516306521853,-2.98455034043674,-1.97440051390279,1.36343852537546,-3.0018217550942,0.00268369263218164,0.0159429591720345,0.0229957350151142,0.379284635725329,0.072844548554142,FALSE,TRUE,TRUE,FALSE,"Rpv12+1",0,"Rpv12+1|0"
"Vitvi01g00466",324.952515168842,1.32357630722367,1.0683910065462,0.47717040055939,3.00095832469788,0.00269131396372916,0.0159843806196797,0.231581740592098,1,0.157844451625495,FALSE,TRUE,TRUE,FALSE,"Rpv12+1",0,"Rpv12+1|0"
"Vitvi04g01599",15.9992569752133,-3.91751965080376,-2.77826932871157,1.61447707294262,-3.00015827155129,0.00269839352521873,0.0160213761805832,0.0128137213792487,0.259078569285263,0.0381128104380783,FALSE,TRUE,TRUE,FALSE,"Rpv12+1",0,"Rpv12+1|0"
"Vitvi13g01949",71.1337505745937,2.81613979031581,1.82057078641611,1.33936763834075,2.99894211268261,0.00270918774910015,0.0160711652749413,0.0265788703051921,0.415090548246878,0.0850130917015149,FALSE,TRUE,TRUE,FALSE,"Rpv12+1",0,"Rpv12+1|0"
"Vitvi09g00532",16.1297476106791,3.08776418486553,2.18318160576763,1.23811286699621,2.99835138236279,0.00271444509967553,0.0160907289402325,0.0213514633208321,0.360111495170629,0.0499501107779966,FALSE,TRUE,TRUE,FALSE,"Rpv12+1",0,"Rpv12+1|0"
"Vitvi18g00023",201.540430147166,1.35248551727906,1.10154386090901,0.487597184718488,2.99812076212975,0.00271650009020099,0.0160990368588385,0.217291995228101,1,0.144706839239484,FALSE,TRUE,TRUE,FALSE,"Rpv12+1",0,"Rpv12+1|0"
"Vitvi08g04038",48.3469840487682,1.3806565423637,1.1094317408425,0.49494366023233,2.99719481289334,0.00272476527623757,0.0161402542306777,0.204303671112993,1,0.142127773120161,FALSE,TRUE,TRUE,FALSE,"Rpv12+1",0,"Rpv12+1|0"
"Vitvi18g00836",6.79085905131349,3.17662604805487,2.29122122551802,1.29255203740922,2.99495437363893,0.00274485897060446,0.0162436573624337,0.0201189323861338,0.346705878162946,0.0458295760883474,FALSE,TRUE,TRUE,FALSE,"Rpv12+1",0,"Rpv12+1|0"
"Vitvi14g01198",5734.46142617928,1.23744238963449,1.03332260084672,0.421858202041439,2.99404706529552,0.00275303473317458,0.0162881276864767,0.282813951001511,1,0.169440724621176,FALSE,TRUE,TRUE,FALSE,"Rpv12+1",0,"Rpv12+1|0"
"Vitvi13g04626",76.6057944207411,-2.85075979126897,-2.16199180033373,1.06066741761947,-2.99302785630491,0.00276224535932012,0.0163308559328559,0.0260270703685551,0.41093483991019,0.0386733631548194,FALSE,TRUE,TRUE,FALSE,"Rpv12+1",0,"Rpv12+1|0"
"Vitvi14g00149",23.2151775652237,-3.51942528222497,-2.59077411528239,1.37503818970645,-2.99278841071501,0.00276441331648944,0.0163364596628563,0.0161403575375248,0.29894374065281,0.034307227665585,FALSE,TRUE,TRUE,FALSE,"Rpv12+1",0,"Rpv12+1|0"
"Vitvi02g04303",68.2494217696769,1.26268808548007,1.02401748218641,0.453658873584531,2.99138347278076,0.00277716506711174,0.0163954561690307,0.26686454183211,1,0.174898623414326,FALSE,TRUE,TRUE,FALSE,"Rpv12+1",0,"Rpv12+1|0"
"Vitvi03g01303",283.170096556226,1.26655923916967,1.02846702934541,0.456420246566577,2.99121002426895,0.00277874307201848,0.0164008419554977,0.264501722859361,1,0.172599272994085,FALSE,TRUE,TRUE,FALSE,"Rpv12+1",0,"Rpv12+1|0"
"Vitvi15g00915",363.160889814176,2.87125303627205,1.97095077762969,1.28941635275077,2.99021433493123,0.00278781753863997,0.0164504605705232,0.025688396370636,0.407015603064487,0.0691234901897674,FALSE,TRUE,TRUE,FALSE,"Rpv12+1",0,"Rpv12+1|0"
"Vitvi10g00759",65.509268758176,2.7868655516692,1.8453602119728,1.27614910005041,2.9897495198781,0.00279206300785398,0.0164676237159422,0.0276464459074296,0.427092559934727,0.0784168988729548,FALSE,TRUE,TRUE,FALSE,"Rpv12+1",0,"Rpv12+1|0"
"Vitvi03g01517",8.56443722797812,3.38377202939634,2.25606204044626,1.55767875695566,2.98754385777395,0.00281228940936879,0.0165715196731052,0.0177156268311822,0.317195812646746,0.0643193810170212,FALSE,TRUE,TRUE,FALSE,"Rpv12+1",0,"Rpv12+1|0"
"Vitvi08g00235",4537.36081416645,1.70897858447582,1.3111189964762,0.652575833155291,2.98705580199291,0.002816783027935,0.0165935597025841,0.107637646599118,0.933894924506246,0.101430455062628,FALSE,TRUE,TRUE,FALSE,"Rpv12+1",0,"Rpv12+1|0"
"Vitvi14g03031",4019.50757546735,1.54487196200516,1.19321808037244,0.587042517682635,2.98636918095706,0.00282311597416993,0.0166268910207149,0.146105871357829,1,0.124275286486565,FALSE,TRUE,TRUE,FALSE,"Rpv12+1",0,"Rpv12+1|0"
"Vitvi18g02524",63.8530567896112,-1.44321125019028,-1.15525516095966,0.514464261301963,-2.98618858819096,0.00282478380262714,0.0166327375147042,0.179555620948983,1,0.128402435426964,FALSE,TRUE,TRUE,FALSE,"Rpv12+1",0,"Rpv12+1|0"
"Vitvi03g01213",149.686450132487,-2.65286725521706,-2.03657714502555,0.966292622976798,-2.98453531461224,0.00284009415379462,0.0166989402321919,0.031497062171214,0.463741922125238,0.0401193494811692,FALSE,TRUE,TRUE,FALSE,"Rpv12+1",0,"Rpv12+1|0"
"Vitvi05g04001",1551.75957605176,1.25867241530221,1.02493576576537,0.452508381966795,2.98343780537321,0.00285029958155487,0.0167469545650336,0.269894383376868,1,0.174132565307449,FALSE,TRUE,TRUE,FALSE,"Rpv12+1",0,"Rpv12+1|0"
"Vitvi10g04191",275.618483538778,1.20853792168738,1.0040274036917,0.415505493960047,2.98292667165988,0.00285506388728788,0.0167709475267583,0.303375908282466,1,0.183335981367924,FALSE,TRUE,TRUE,FALSE,"Rpv12+1",0,"Rpv12+1|0"
"Vitvi19g00128",6.28354168388569,6.21184015027141,4.1869865055984,3.40293833290499,2.98171893781447,0.00286635014099247,0.0168171950639415,0.00644806309377778,0.158529024877945,0.0520783426484672,FALSE,TRUE,TRUE,FALSE,"Rpv12+1",0,"Rpv12+1|0"
"Vitvi10g02248",8.79006832404874,4.12934293405088,2.58826712359428,2.06319584508504,2.98148841875455,0.00286850896140266,0.016825853993599,0.0120336005680363,0.248843444473724,0.0675765421801176,FALSE,TRUE,TRUE,FALSE,"Rpv12+1",0,"Rpv12+1|0"
"Vitvi10g04378",47.955580087872,1.7526913272809,1.33270820291366,0.666351895374885,2.97996065964885,0.00288285404574275,0.0168979282110203,0.100319594019677,0.898411591907129,0.0986537328816797,FALSE,TRUE,TRUE,FALSE,"Rpv12+1",0,"Rpv12+1|0"
"Vitvi07g03083",350.724245186496,-1.89851733416505,-1.42645750727002,0.720998212447598,-2.97966756980973,0.00288561352441922,0.0169100796354881,0.0792434919128011,0.79028993707471,0.0875463880472079,FALSE,TRUE,TRUE,FALSE,"Rpv12+1",0,"Rpv12+1|0"
"Vitvi15g04494",160.962954456479,2.61427624127509,1.82831512469131,1.13566487860092,2.97934130171854,0.00288868821646942,0.0169200482408323,0.0329252899315705,0.47401907502474,0.0709310698439972,FALSE,TRUE,TRUE,FALSE,"Rpv12+1",0,"Rpv12+1|0"
"Vitvi08g01112",41.7167330599216,4.26751900152094,3.10513989051987,1.80952686701733,2.9791784267844,0.00289022423948348,0.0169250212417198,0.0113899308291375,0.238932799165524,0.0335936041714919,FALSE,TRUE,TRUE,FALSE,"Rpv12+1",0,"Rpv12+1|0"
"Vitvi19g04167",29.1660517192179,-1.80428900930259,-1.43085374708168,0.630177437527511,-2.97875613942086,0.00289421017365811,0.0169403092987031,0.0921197235344068,0.860628517120195,0.0768671986604323,FALSE,TRUE,TRUE,FALSE,"Rpv12+1",0,"Rpv12+1|0"
"Vitvi05g02201",278.667503721388,2.10629833191543,1.51864061444378,0.874488671275461,2.97856503695497,0.00289601562202631,0.0169468505615772,0.0588625021950372,0.674425834337257,0.0874615771531247,FALSE,TRUE,TRUE,FALSE,"Rpv12+1",0,"Rpv12+1|0"
"Vitvi09g01187",64.1941972385932,2.94145580275929,2.21952987791618,1.10110030872877,2.9784680950679,0.00289693187743749,0.0169481865904892,0.0246888322309368,0.39792677900744,0.0371787810649628,FALSE,TRUE,TRUE,FALSE,"Rpv12+1",0,"Rpv12+1|0"
"Vitvi04g01278",1784.66385167172,1.74650661318673,1.29751510441254,0.685779141808739,2.9774608028215,0.0029064680663056,0.0169981281703366,0.101572294352338,0.906192807683354,0.107932330777225,FALSE,TRUE,TRUE,FALSE,"Rpv12+1",0,"Rpv12+1|0"
"Vitvi06g01273",7.89797899039355,-4.91597100486584,-3.77010976802252,3.02854684915464,-2.97702300252074,0.0029106217139918,0.0170121178044844,0.00902952741448198,0.202228944893351,0.0539596554341059,FALSE,TRUE,TRUE,FALSE,"Rpv12+1",0,"Rpv12+1|0"
"Vitvi07g00586",370.400645083118,1.72869328085299,1.28896159797203,0.681593656294405,2.97448092091249,0.00293484706019319,0.0171212152912431,0.104953573596833,0.925027133328692,0.11010889436116,FALSE,TRUE,TRUE,FALSE,"Rpv12+1",0,"Rpv12+1|0"
"Vitvi04g01808",825.078722976847,2.31308466162333,1.59692349033258,1.01004641350165,2.97331992549455,0.00294597212061687,0.0171779808671047,0.045726936538694,0.578674787698965,0.087800531407609,FALSE,TRUE,TRUE,FALSE,"Rpv12+1",0,"Rpv12+1|0"
"Vitvi09g04085",559.307063596101,1.2846217973991,1.0693172082439,0.434713872695426,2.97271013831809,0.0029518307142713,0.0172080694455248,0.255064846923508,1,0.15499206329968,FALSE,TRUE,TRUE,FALSE,"Rpv12+1",0,"Rpv12+1|0"
"Vitvi10g04322",66.865124529991,2.07347388574805,1.52211600737749,0.82918099240299,2.97202944886957,0.0029583830650521,0.0172299586739063,0.0619474877614287,0.69103809481928,0.082248048021938,FALSE,TRUE,TRUE,FALSE,"Rpv12+1",0,"Rpv12+1|0"
"Vitvi13g04210",15.0709773180875,-2.17547992572572,-1.64487777669641,0.806631342987194,-2.9715706538862,0.00296280693290962,0.0172475689033935,0.0541845262766896,0.639863245188668,0.0652196100634071,FALSE,TRUE,TRUE,FALSE,"Rpv12+1",0,"Rpv12+1|0"
"Vitvi09g04430",111.706412651628,-1.55724571542907,-1.26038236936785,0.53390722017597,-2.97120860266583,0.00296630222247348,0.0172638368894062,0.143841852037984,1,0.0999033799725512,FALSE,TRUE,TRUE,FALSE,"Rpv12+1",0,"Rpv12+1|0"
"Vitvi14g02866",48.5108430632699,2.52103602806261,1.87727717053059,0.973905725776013,2.96961162934248,0.00298176455325571,0.017349728751537,0.0366090359638568,0.504560469851702,0.0551552411239839,FALSE,TRUE,TRUE,FALSE,"Rpv12+1",0,"Rpv12+1|0"
"Vitvi09g04079",6.34573940000627,3.815411242073,2.67852327723301,1.76619900130935,2.96914587764996,0.00298628791863893,0.0173719454931732,0.0143171452591745,0.277965630364666,0.0506347520398469,FALSE,TRUE,TRUE,FALSE,"Rpv12+1",0,"Rpv12+1|0"
"Vitvi14g00315",16.9742991356812,3.22154170568092,2.26242940753862,1.39253289499878,2.96900061931937,0.0029876999430459,0.0173746252013769,0.0203598022808673,0.34924070023948,0.0546611476120382,FALSE,TRUE,TRUE,FALSE,"Rpv12+1",0,"Rpv12+1|0"
"Vitvi15g01050",116.324647489669,3.86048140943435,2.21687919487519,2.53077486566813,2.96752102318088,0.00300211751386398,0.0174269950686977,0.0140384458061469,0.275252525723291,0.100801165310043,FALSE,TRUE,TRUE,FALSE,"Rpv12+1",0,"Rpv12+1|0"
"Vitvi06g00305",4.41635686537334,-3.19808583458307,-2.2922249868941,1.24020166170715,-2.96730359784341,0.00300424150359378,0.0174321747559966,0.020750830806346,0.353629304927169,0.0423779932166542,FALSE,TRUE,TRUE,FALSE,"Rpv12+1",0,"Rpv12+1|0"
"Vitvi08g01257",238.967315027939,1.26947525545199,1.03452457714531,0.457217152385388,2.9654943928602,0.00302196854085978,0.0175174628170874,0.264512827207942,1,0.170302451477753,FALSE,TRUE,TRUE,FALSE,"Rpv12+1",0,"Rpv12+1|0"
"Vitvi18g02632",811.652488124334,-1.77266093665259,-1.4131756747398,0.616094797536168,-2.96511230221013,0.00302572454103352,0.0175309853699205,0.0981072371636473,0.885571848503744,0.077923727166145,FALSE,TRUE,TRUE,FALSE,"Rpv12+1",0,"Rpv12+1|0"
"Vitvi05g01911",13.5890894862263,3.94140889570685,2.84165149378193,1.62882272616815,2.96411432782314,0.00303555485161022,0.0175672843138993,0.0135820526794728,0.269569739030599,0.0358815319375998,FALSE,TRUE,TRUE,FALSE,"Rpv12+1",0,"Rpv12+1|0"
"Vitvi05g01118",5774.03445674627,-1.25179491785811,-1.0387208032683,0.425866486879796,-2.96385476396707,0.00303811639309777,0.0175779792062838,0.275530616765968,1,0.167139783508357,FALSE,TRUE,TRUE,FALSE,"Rpv12+1",0,"Rpv12+1|0"
"Vitvi08g02226",1060.2206807813,1.7279664436546,1.3481282537914,0.632242808032573,2.96316526601714,0.0030449303753934,0.0176091325653033,0.105955237359333,0.930719628637605,0.0923457079316766,FALSE,TRUE,TRUE,FALSE,"Rpv12+1",0,"Rpv12+1|0"
"Vitvi04g01781",2986.18660906337,1.57460315119423,1.24087792331582,0.580136619089017,2.96095436688148,0.00306687375788433,0.0177235519350782,0.139958317458807,1,0.111739016283889,FALSE,TRUE,TRUE,FALSE,"Rpv12+1",0,"Rpv12+1|0"
"Vitvi18g00792",783.109235718917,1.33666169926642,1.10018425878923,0.463580693078045,2.95998651457479,0.00307652508890167,0.0177709899390812,0.227977457075221,1,0.142987161500835,FALSE,TRUE,TRUE,FALSE,"Rpv12+1",0,"Rpv12+1|0"
"Vitvi10g02015",106.33093788325,2.65029085458085,1.71094613921657,1.25207291742947,2.95875743624754,0.00308882125766588,0.0178294752820658,0.0327336822071357,0.472821862427644,0.0901906723739179,FALSE,TRUE,TRUE,FALSE,"Rpv12+1",0,"Rpv12+1|0"
"Vitvi13g00145",243.110725383549,1.35024827083262,1.0773771727018,0.508023317686949,2.95827646485538,0.00309364526626173,0.0178531376855526,0.221432847549838,1,0.155942400826026,FALSE,TRUE,TRUE,FALSE,"Rpv12+1",0,"Rpv12+1|0"
"Vitvi15g01565",925.573396029336,1.76661502490415,1.30524710536151,0.708835787858927,2.9573644210792,0.00310281167903924,0.0178934617333358,0.099689074213242,0.893682828082315,0.108749844995718,FALSE,TRUE,TRUE,FALSE,"Rpv12+1",0,"Rpv12+1|0"
"Vitvi08g01024",106.338228824774,1.75500354962721,1.35410388255704,0.657971168020646,2.95386031686539,0.00313826016561271,0.0180767307552104,0.101910136311175,0.90830230179354,0.0939952753362904,FALSE,TRUE,TRUE,FALSE,"Rpv12+1",0,"Rpv12+1|0"
"Vitvi09g04544",14.1093068030917,-4.57375396347969,-3.24170500431651,1.75924662654621,-2.95260400480877,0.00315105900925174,0.0181401500173889,0.0106862488381856,0.227776240567149,0.0266168912156469,FALSE,TRUE,TRUE,FALSE,"Rpv12+1",0,"Rpv12+1|0"
"Vitvi04g04492",4.47438403439761,-4.79800503150997,-3.77572544822185,2.85380739534783,-2.95215447664467,0.003155650182634,0.0181455790104009,0.00990330286810985,0.216269122604476,0.0483827063900829,FALSE,TRUE,TRUE,FALSE,"Rpv12+1",0,"Rpv12+1|0"
"Vitvi18g00228",33.651700186925,1.28494756317893,1.05778087796607,0.446336321015837,2.95210996428083,0.00315610513312095,0.0181455790104009,0.256345230415414,1,0.159754457778093,FALSE,TRUE,TRUE,FALSE,"Rpv12+1",0,"Rpv12+1|0"
"Vitvi07g01394",19.519637901016,3.02576241643989,2.29004637882645,1.05523257906195,2.95168514605765,0.00316045011020468,0.018162082788664,0.0241108841253982,0.391263410568418,0.0299792822906543,FALSE,TRUE,TRUE,FALSE,"Rpv12+1",0,"Rpv12+1|0"
"Vitvi05g00426",1346.78682527095,1.33164725899602,1.06369880251893,0.491967393946054,2.95115886713206,0.00316584037308072,0.0181888160986979,0.23117375007702,1,0.159658815514344,FALSE,TRUE,TRUE,FALSE,"Rpv12+1",0,"Rpv12+1|0"
"Vitvi06g04058",15.8998564112306,2.36295436019699,1.71161637996219,0.953538464057423,2.95092507946097,0.00316823756403408,0.0181983447487861,0.0443820058876175,0.569670702656618,0.0699033873474869,FALSE,TRUE,TRUE,FALSE,"Rpv12+1",0,"Rpv12+1|0"
"Vitvi14g01744",1255.28914016918,1.68528565677991,1.30063340643455,0.643510109108323,2.95005479936302,0.00317717571339137,0.0182369293744431,0.115153091331079,0.972019914853083,0.102781662420028,FALSE,TRUE,TRUE,FALSE,"Rpv12+1",0,"Rpv12+1|0"
"Vitvi12g02099",6.09489470921165,-5.13413296945848,-3.88630667384515,3.12564410801383,-2.9497139953166,0.00318068217476744,0.0182485528778693,0.00898245121845904,0.201519675320472,0.0529791780088649,FALSE,TRUE,TRUE,FALSE,"Rpv12+1",0,"Rpv12+1|0"
"Vitvi15g01211",3.84556572971356,4.92829120790597,3.51100309628131,2.91691431089276,2.94973185327592,0.00318049835043787,0.0182485528778693,0.00955033945234304,0.210568020719443,0.0585713246032036,FALSE,TRUE,TRUE,FALSE,"Rpv12+1",0,"Rpv12+1|0"
"Vitvi03g04462",671.832270486307,1.5359462830934,1.23557950713373,0.541872498694016,2.94960496984463,0.00318180465941362,0.0182507426284782,0.151688223730848,1,0.107841385220633,FALSE,TRUE,TRUE,FALSE,"Rpv12+1",0,"Rpv12+1|0"
"Vitvi14g01548",4346.53042810387,-1.36867660418915,-1.12049208906167,0.469858093872595,-2.94820687761445,0.00319623091850879,0.0183206944877577,0.2135541443408,1,0.136702571440151,FALSE,TRUE,TRUE,FALSE,"Rpv12+1",0,"Rpv12+1|0"
"Vitvi18g03093",6.74114247552358,-4.77545780188279,-3.36334215809311,3.21364343470505,-2.94794632197768,0.00319892605073106,0.0183276144618164,0.0100680681985056,0.218109088901895,0.0704545455384965,FALSE,TRUE,TRUE,FALSE,"Rpv12+1",0,"Rpv12+1|0"
"Vitvi12g00586",2167.17300338178,3.48404892551354,1.6717536712129,2.98745719769383,2.94800818143268,0.0031982860022365,0.0183276144618164,0.0178566754689486,0.318630814182966,0.141364316086589,FALSE,TRUE,TRUE,FALSE,"Rpv12+1",0,"Rpv12+1|0"
"Vitvi08g04419",102.957323620655,1.92678084126812,1.39746685983853,0.781219722252241,2.9445688426215,0.00323404990066213,0.0185073294663676,0.0783423664266157,0.785740226899654,0.0976805766034318,FALSE,TRUE,TRUE,FALSE,"Rpv12+1",0,"Rpv12+1|0"
"Vitvi09g00801",12.3646448467963,3.52077568103941,2.22244713812719,1.71684311420416,2.94359056244717,0.0032442888848214,0.0185529946533101,0.0176144643886261,0.316256473414362,0.0730849880553922,FALSE,TRUE,TRUE,FALSE,"Rpv12+1",0,"Rpv12+1|0"
"Vitvi08g01744",369.824334040171,2.16026807339257,1.46765419083098,0.918861543815682,2.94275053828298,0.00325310439849382,0.0185934013132015,0.0570005391325745,0.66006069197389,0.0975922374919721,FALSE,TRUE,TRUE,FALSE,"Rpv12+1",0,"Rpv12+1|0"
"Vitvi03g00783",685.867854971336,1.16388278056886,1.02093762416044,0.411968627204818,2.94071261312389,0.00327458188249163,0.0186958515080102,0.339410432113072,1,0.175281471809906,FALSE,TRUE,TRUE,FALSE,"Rpv12+1",0,"Rpv12+1|0"
"Vitvi18g03147",372.464514032573,-1.23228480107781,-1.01221575392324,0.431953533195429,-2.940566676678,0.0032761248370432,0.0187003270355413,0.289688635250505,1,0.179309783075675,FALSE,TRUE,TRUE,FALSE,"Rpv12+1",0,"Rpv12+1|0"
"Vitvi05g04110",273.848595004953,1.32443148506557,1.05586433349536,0.48754046594654,2.93980565570748,0.00328418168493748,0.0187376331612135,0.235721982402353,1,0.162343229119344,FALSE,TRUE,TRUE,FALSE,"Rpv12+1",0,"Rpv12+1|0"
"Vitvi08g02275",17.8708363053259,8.01648414673976,6.44117170052621,5.30582054741067,2.9375601781899,0.00330805962657341,0.0188563991115832,0.00554508556115601,0.144445554236308,0.0434299657313177,FALSE,TRUE,TRUE,FALSE,"Rpv12+1",0,"Rpv12+1|0"
"Vitvi07g01893",6767.13413396622,1.26765399534092,1.02146158932763,0.465055521770399,2.93695694947067,0.00331450112542917,0.0188858512903541,0.267591891013613,1,0.176047543839254,FALSE,TRUE,TRUE,FALSE,"Rpv12+1",0,"Rpv12+1|0"
"Vitvi13g04041",54.2699404534644,2.00116456586227,1.44643927760113,0.817738698415151,2.93670638669688,0.00331718008373498,0.0188913588977876,0.0708935408162709,0.741801653685132,0.0929527635735454,FALSE,TRUE,TRUE,FALSE,"Rpv12+1",0,"Rpv12+1|0"
"Vitvi07g02577",37.5355266347445,5.6107558379712,3.87302965976278,2.89055497653149,2.93637831529762,0.0033206907275976,0.0188977908905277,0.00818061588850232,0.189210195426465,0.046499667308542,FALSE,TRUE,TRUE,FALSE,"Rpv12+1",0,"Rpv12+1|0"
"Vitvi15g00263",5129.57068819222,1.35651633404048,1.04906940104436,0.525199428300439,2.93616424834624,0.00332298325061333,0.0189021046783907,0.220153471284016,1,0.166276567528722,FALSE,TRUE,TRUE,FALSE,"Rpv12+1",0,"Rpv12+1|0"
"Vitvi01g01282",194.02635349633,1.88854953916248,1.37993841326598,0.77065408341857,2.93467703892687,0.00333895016837406,0.0189797822676657,0.0836822257581597,0.813901529195895,0.0991881766155483,FALSE,TRUE,TRUE,FALSE,"Rpv12+1",0,"Rpv12+1|0"
"Vitvi16g01767",51.3432629296131,-2.46475390605117,-1.56667094937623,1.15153953152681,-2.9342045150982,0.00334403786682714,0.0190043176210273,0.0406208686207535,0.541039359597908,0.0993670274618802,FALSE,TRUE,TRUE,FALSE,"Rpv12+1",0,"Rpv12+1|0"
"Vitvi14g02869",1149.30283776773,-1.49598558645485,-1.19718231695857,0.522664841013579,-2.93300429345193,0.00335699249649332,0.0190647457684669,0.165421060427831,1,0.117578908085318,FALSE,TRUE,TRUE,FALSE,"Rpv12+1",0,"Rpv12+1|0"
"Vitvi03g01347",160.095650551415,2.06813400241363,1.49016226645161,0.850640178102221,2.93284022713961,0.00335876689740774,0.0190666310867522,0.0649270670241584,0.706500476824027,0.0892469832125356,FALSE,TRUE,TRUE,FALSE,"Rpv12+1",0,"Rpv12+1|0"
"Vitvi02g01273",158.112840423709,1.44567430202737,1.15011029552415,0.524840632898467,2.9327589468692,0.00335964627161841,0.0190666310867522,0.182967658865808,1,0.131418866177707,FALSE,TRUE,TRUE,FALSE,"Rpv12+1",0,"Rpv12+1|0"
"Vitvi14g01164",516.647587318483,1.34837141807024,1.07528912368001,0.495051530641001,2.93166759235138,0.00337147399926803,0.0191249443808352,0.224393592065524,1,0.156132614615119,FALSE,TRUE,TRUE,FALSE,"Rpv12+1",0,"Rpv12+1|0"
"Vitvi11g00089",39938.2608347958,1.95505459392478,1.45246836220541,0.779826778431465,2.93092861773225,0.00337950426889842,0.0191420462793818,0.076108928124734,0.771978848706831,0.0889051699082499,FALSE,TRUE,TRUE,FALSE,"Rpv12+1",0,"Rpv12+1|0"
"Vitvi08g02357",93.1233802362542,1.47247361822012,1.17034690932301,0.534328660711719,2.93053184903893,0.00338382304616092,0.0191421043777774,0.173526701387389,1,0.125677248762024,FALSE,TRUE,TRUE,FALSE,"Rpv12+1",0,"Rpv12+1|0"
"Vitvi18g04652",293.787256415282,-1.27670565510749,-1.06105527866065,0.430629125901365,-2.93054758591691,0.00338365165656865,0.0191421043777774,0.26266551100721,1,0.158129681492436,FALSE,TRUE,TRUE,FALSE,"Rpv12+1",0,"Rpv12+1|0"
"Vitvi06g00126",38.8697768723501,-1.52085424982165,-1.19980031684074,0.552445932488186,-2.93002119962331,0.00338938879620747,0.0191647882449776,0.157820463119059,1,0.120412456314643,FALSE,TRUE,TRUE,FALSE,"Rpv12+1",0,"Rpv12+1|0"
"Vitvi06g04116",182.243639920316,1.40893738471254,1.11913470056178,0.520430315556502,2.92977199862825,0.00339210795184878,0.0191757621619428,0.197564866774382,1,0.140409444086047,FALSE,TRUE,TRUE,FALSE,"Rpv12+1",0,"Rpv12+1|0"
"Vitvi11g04035",10.1036068611632,2.59477899152038,1.8618771561049,1.06273304090542,2.92860059379113,0.0034049163610593,0.0192393393282241,0.0359591466386519,0.499816852773907,0.0637198101101813,FALSE,TRUE,TRUE,FALSE,"Rpv12+1",0,"Rpv12+1|0"
"Vitvi03g04467",12.5067420811181,-2.18569247689869,-1.63660128681834,0.824671719255478,-2.92780721627964,0.00341361632564005,0.0192546263271985,0.0561220642852352,0.653901765280624,0.0673455285380341,FALSE,TRUE,TRUE,FALSE,"Rpv12+1",0,"Rpv12+1|0"
"Vitvi09g04095",17.950794839588,1.64332571500376,1.26972712579182,0.618723424166733,2.92789601727571,0.00341264155300318,0.0192546263271985,0.125856077638682,1,0.107295458643399,FALSE,TRUE,TRUE,FALSE,"Rpv12+1",0,"Rpv12+1|0"
"Vitvi08g02051",371.073345645438,3.34841699331753,2.45035136616823,1.39359872824931,2.92705532461829,0.00342188003986323,0.0192777843497434,0.0201134043437523,0.346705878162946,0.0424432066010491,FALSE,TRUE,TRUE,FALSE,"Rpv12+1",0,"Rpv12+1|0"
"Vitvi14g01808",554.605137988994,2.37603084804458,1.81272878505387,0.886935742010952,2.9261259276214,0.00343211980372112,0.0193221443063239,0.0450910351208244,0.575604301843962,0.0535391682358156,FALSE,TRUE,TRUE,FALSE,"Rpv12+1",0,"Rpv12+1|0"
"Vitvi10g04385",65.9860376993714,1.91622055834762,1.41014637549913,0.764807210567748,2.92594454174758,0.00343412149852161,0.0193245813699357,0.0809093209375281,0.798079534843438,0.0943437026106245,FALSE,TRUE,TRUE,FALSE,"Rpv12+1",0,"Rpv12+1|0"
"Vitvi01g00232",268.745536663739,1.23622461945708,1.00159343187639,0.450109366129141,2.92556668933265,0.00343829472475635,0.019343646686252,0.288069516258093,1,0.184961954742667,FALSE,TRUE,TRUE,FALSE,"Rpv12+1",0,"Rpv12+1|0"
"Vitvi10g01754",22.9544380855373,3.15850176113519,1.89672018456723,1.68453536727015,2.92543101130647,0.00343979435941253,0.0193448466470969,0.0228508039431924,0.377984011024901,0.0948663880015512,FALSE,TRUE,TRUE,FALSE,"Rpv12+1",0,"Rpv12+1|0"
"Vitvi17g04174",5.20375881232887,-5.01587701636498,-3.99406640293556,2.98240951810484,-2.92526507817417,0.00344162920981621,0.0193452724984496,0.00981406329127548,0.215013468707266,0.0452936698773075,FALSE,TRUE,TRUE,FALSE,"Rpv12+1",0,"Rpv12+1|0"
"Vitvi18g04768",167.303277037938,2.44967038686683,1.57081036730594,1.14734910428768,2.92500018287142,0.00344456020752596,0.0193479674584153,0.0417483014299254,0.549342966350814,0.0989206411952103,FALSE,TRUE,TRUE,FALSE,"Rpv12+1",0,"Rpv12+1|0"
"Vitvi06g00245",586.2553766082,1.31004850297217,1.04928759612729,0.478707313812817,2.92424383089806,0.00345294155524213,0.0193817881419333,0.244443897953698,1,0.164740534618458,FALSE,TRUE,TRUE,FALSE,"Rpv12+1",0,"Rpv12+1|0"
"Vitvi07g01916",988.321290146372,2.83741761526226,1.86637612894527,1.35942697168878,2.92390080256289,0.00345674886287465,0.0193980768942548,0.029189301727485,0.44187670363963,0.0812451501586693,FALSE,TRUE,TRUE,FALSE,"Rpv12+1",0,"Rpv12+1|0"
"Vitvi03g04460",21.119041514335,-4.06994108602956,-2.43092682903346,1.94913484612644,-2.92290783828968,0.00346779142656025,0.0194461534490724,0.0138719827842921,0.273525038800855,0.0706921668987813,FALSE,TRUE,TRUE,FALSE,"Rpv12+1",0,"Rpv12+1|0"
"Vitvi10g02298",1493.66547330014,-1.50882969728852,-1.21774446864058,0.520137124891964,-2.92285722181342,0.00346835518165385,0.0194461534490724,0.162143506910026,1,0.111467505556774,FALSE,TRUE,TRUE,FALSE,"Rpv12+1",0,"Rpv12+1|0"
"Vitvi01g00499",3738.09149601815,-2.10600777886983,-1.49179731992214,0.865959173653349,-2.92196397186436,0.00347831773590532,0.019497573547614,0.0624588498284833,0.692607483112884,0.0901046664039738,FALSE,TRUE,TRUE,FALSE,"Rpv12+1",0,"Rpv12+1|0"
"Vitvi12g00262",1311.6379971882,2.07281503765352,1.42943283417893,0.901871305220943,2.92173693036123,0.00348085411235568,0.0195073525732472,0.0652505997842688,0.70832277297252,0.101610286863065,FALSE,TRUE,TRUE,FALSE,"Rpv12+1",0,"Rpv12+1|0"
"Vitvi04g01475",833.046888154155,2.31518619945274,1.66058844924836,0.964598334649231,2.92099994453651,0.00348909889589797,0.0195446658479632,0.0485390228074923,0.600346240010019,0.0767056184397325,FALSE,TRUE,TRUE,FALSE,"Rpv12+1",0,"Rpv12+1|0"
"Vitvi04g04019",8.35316187899547,8.37166158907816,7.13812525217684,5.13445225515318,2.92031108317466,0.00349682136786082,0.0195701252200407,0.00560263688602546,0.145108295348059,0.0313536645678305,FALSE,TRUE,TRUE,FALSE,"Rpv12+1",0,"Rpv12+1|0"
"Vitvi06g00560",168.654911304631,-1.90522783477423,-1.32428047426815,0.802878446287054,-2.92041211096311,0.00349568782462495,0.0195701252200407,0.0826381323394286,0.807519949147222,0.113010593173224,FALSE,TRUE,TRUE,FALSE,"Rpv12+1",0,"Rpv12+1|0"
"Vitvi17g00085",140.005127210724,1.27376354740968,1.02284038788141,0.465189020162129,2.92037171487679,0.00349614103316435,0.0195701252200407,0.265113210478291,1,0.175568630175032,FALSE,TRUE,TRUE,FALSE,"Rpv12+1",0,"Rpv12+1|0"
"Vitvi00g04869",124.33288437609,2.31732859547765,1.55359956316592,1.04756894332532,2.9198556282802,0.00350193577761554,0.0195898478241,0.0484872716649034,0.599989848383258,0.095215926185417,FALSE,TRUE,TRUE,FALSE,"Rpv12+1",0,"Rpv12+1|0"
"Vitvi19g01797",12.3676797499142,2.65159286216169,1.92296377729004,1.11010698239426,2.91951025699691,0.00350581856954294,0.0196071160679364,0.034525188514719,0.487922423747453,0.0618629366393786,FALSE,TRUE,TRUE,FALSE,"Rpv12+1",0,"Rpv12+1|0"
"Vitvi09g00241",100.818315631282,-3.92083393362465,-2.93473037779381,1.4542530996561,-2.9188642060445,0.00351309223319835,0.0196264343916027,0.0149615016767722,0.28463657251952,0.0238340252881599,FALSE,TRUE,TRUE,FALSE,"Rpv12+1",0,"Rpv12+1|0"
"Vitvi17g04078",28.3920645088586,1.53303684545118,1.21152496431313,0.547428993249763,2.91884967113424,0.00351325603454165,0.0196264343916027,0.155081293232649,1,0.11593238217789,FALSE,TRUE,TRUE,FALSE,"Rpv12+1",0,"Rpv12+1|0"
"Vitvi18g01812",7.62810466377018,4.32129561378668,2.94176669911776,1.72954646806229,2.9185652938046,0.00351646222663875,0.0196354404840146,0.0126056441407616,0.256838416000048,0.0364327092835683,FALSE,TRUE,TRUE,FALSE,"Rpv12+1",0,"Rpv12+1|0"
"Vitvi06g01601",20.3887688008232,3.82937767589189,2.33916533703641,2.10806175952585,2.91782402293096,0.0035248321514165,0.0196688029178475,0.0156637714274295,0.292886773960064,0.0817466252978537,FALSE,TRUE,TRUE,FALSE,"Rpv12+1",0,"Rpv12+1|0"
"Vitvi05g00715",52.743973019039,1.9605920612658,1.48944852010954,0.739377920166246,2.91645359350256,0.00354035385449081,0.0197321291123421,0.0765194440644855,0.773557875868687,0.0784994069715622,FALSE,TRUE,TRUE,FALSE,"Rpv12+1",0,"Rpv12+1|0"
"Vitvi14g00421",85.2836869155502,1.84716156323389,1.39026534215699,0.716250434387006,2.91640286759283,0.00354092957593239,0.0197321291123421,0.0905256377982079,0.852433462621785,0.0932998564249111,FALSE,TRUE,TRUE,FALSE,"Rpv12+1",0,"Rpv12+1|0"
"Vitvi04g01206",512.175488640562,1.30819294177783,1.05155414265408,0.473974406033236,2.91639785468597,0.00354098647530704,0.0197321291123421,0.246021101723305,1,0.163302455762709,FALSE,TRUE,TRUE,FALSE,"Rpv12+1",0,"Rpv12+1|0"
"Vitvi12g04188",49.0668464129361,1.89829600304478,1.36845794165897,0.782493152129417,2.91617390140253,0.00354352932270473,0.0197418336486101,0.0838025257848021,0.81403277831587,0.102240408295651,FALSE,TRUE,TRUE,FALSE,"Rpv12+1",0,"Rpv12+1|0"
"Vitvi09g00601",3748.85730664505,-1.29661947305707,-1.03810284589503,0.469842815515639,-2.91590672253394,0.0035465651424128,0.019749814387089,0.252369061840193,1,0.168961571166222,FALSE,TRUE,TRUE,FALSE,"Rpv12+1",0,"Rpv12+1|0"
"Vitvi08g00769",31.4194585462423,2.70009380228086,2.28321477762073,1.10053399495081,2.91462449922779,0.0035611673566622,0.0198176912127242,0.0332726185737501,0.476919687271632,0.0334154434563984,FALSE,TRUE,TRUE,FALSE,"Rpv12+1",0,"Rpv12+1|0"
"Vitvi04g00252",1635.26515699857,1.35385127713638,1.05916580402874,0.518937808947946,2.91446247134601,0.0035630164496129,0.0198235034445943,0.223107007536104,1,0.162630611293947,FALSE,TRUE,TRUE,FALSE,"Rpv12+1",0,"Rpv12+1|0"
"Vitvi10g00655",3037.26590364783,1.45179267073484,1.14037486649243,0.542625059623635,2.91308824073415,0.00357873458431727,0.0199019650607766,0.182324794769102,1,0.136608188436541,FALSE,TRUE,TRUE,FALSE,"Rpv12+1",0,"Rpv12+1|0"
"Vitvi12g02755",1512.6932470409,1.92232814116831,1.41828374119414,0.772456790001055,2.91187558207905,0.00359265705495522,0.0199613665326741,0.0811949609314209,0.799992083994365,0.0936472133837392,FALSE,TRUE,TRUE,FALSE,"Rpv12+1",0,"Rpv12+1|0"
"Vitvi15g00690",6354.0223566498,1.4940993896146,1.15527733482278,0.574078632412226,2.91058804084825,0.00360749315628513,0.0200302459766149,0.167891590853832,1,0.133967905363457,FALSE,TRUE,TRUE,FALSE,"Rpv12+1",0,"Rpv12+1|0"
"Vitvi08g02309",50.9861644574322,-1.40590223539604,-1.13530674249214,0.500097658119356,-2.90987293408021,0.00361575724873565,0.0200670861860445,0.200421402065646,1,0.133873499530374,FALSE,TRUE,TRUE,FALSE,"Rpv12+1",0,"Rpv12+1|0"
"Vitvi01g01236",347.286877653522,1.63531540847117,1.21788865915287,0.649828775360823,2.908460393825,0.00363213180839913,0.0201443492192078,0.129254535205026,1,0.123531442551651,FALSE,TRUE,TRUE,FALSE,"Rpv12+1",0,"Rpv12+1|0"
"Vitvi18g04600",398.841353157951,-1.74755436745407,-1.35269662871141,0.638017410917336,-2.90835648157091,0.00363333904707153,0.0201465092873406,0.106731451536724,0.932183772283653,0.092259020932256,FALSE,TRUE,TRUE,FALSE,"Rpv12+1",0,"Rpv12+1|0"
"Vitvi10g04227",808.394924485191,-1.65729146096722,-1.29632119575199,0.61090201845285,-2.90768522849141,0.00364114637190479,0.0201807158646224,0.124414706141048,1,0.100172469119061,FALSE,TRUE,TRUE,FALSE,"Rpv12+1",0,"Rpv12+1|0"
"Vitvi07g00526",148.553505740306,-1.33743185261442,-1.10427353285575,0.465601676565957,-2.90749584895006,0.00364335179736947,0.0201883974089056,0.231609754690755,1,0.141650528326117,FALSE,TRUE,TRUE,FALSE,"Rpv12+1",0,"Rpv12+1|0"
"Vitvi18g00697",150.914541564578,2.35710302605026,1.65994842359373,1.00667285289205,2.90684003279111,0.00365099851560398,0.0202216725338174,0.0471205703729276,0.588592721894937,0.0791616916776368,FALSE,TRUE,TRUE,FALSE,"Rpv12+1",0,"Rpv12+1|0"
"Vitvi05g02122",36.3966468916102,4.48933436599417,5.52417211705134,2.26755583075589,2.90371420660007,0.00368764611823983,0.0203971373527069,0.0121990443687466,0.25127149735594,0.00504831624823995,FALSE,TRUE,TRUE,FALSE,"Rpv12+1",0,"Rpv12+1|0"
"Vitvi19g04071",33.6120078552212,-1.25060112671666,-1.02302384695228,0.43971198976724,-2.90140022506484,0.0037149906353208,0.020525344088756,0.280486973292713,1,0.174994320747395,FALSE,TRUE,TRUE,FALSE,"Rpv12+1",0,"Rpv12+1|0"
"Vitvi18g04518",2.70226997696683,4.66399535849411,3.47777706337362,2.18600204025373,2.90126844059048,0.00371655347740957,0.0205293747689377,0.0115403179141348,0.241313490260473,0.0356381003960894,FALSE,TRUE,TRUE,FALSE,"Rpv12+1",0,"Rpv12+1|0"
"Vitvi01g01657",1405.8264378674,1.80421626829243,1.34950096504518,0.713864419211861,2.90092084462878,0.00372067851196842,0.0205383454673659,0.0979976620167244,0.885421073870442,0.0998137793960584,FALSE,TRUE,TRUE,FALSE,"Rpv12+1",0,"Rpv12+1|0"
"Vitvi04g00034",2712.81767641471,1.29422019353604,1.04011000403241,0.473607117362022,2.90098724939444,0.0037198901435142,0.0205383454673659,0.254789787177558,1,0.168193581400144,FALSE,TRUE,TRUE,FALSE,"Rpv12+1",0,"Rpv12+1|0"
"Vitvi01g01315",28.2479712954351,-1.56917131808681,-1.22768000939259,0.574932803834187,-2.90075381425056,0.00372266219602683,0.0205446921732341,0.146363132921588,1,0.114472365926396,FALSE,TRUE,TRUE,FALSE,"Rpv12+1",0,"Rpv12+1|0"
"Vitvi05g02111",43.0427092034341,3.52738479315002,2.5727350702101,1.84349802621208,2.89973224414686,0.00373481548943581,0.0205933111901837,0.018968818889986,0.333695583956384,0.0595188768630514,FALSE,TRUE,TRUE,FALSE,"Rpv12+1",0,"Rpv12+1|0"
"Vitvi03g00537",15936.0979730728,2.49276514357859,1.64821530261341,1.17021177091278,2.89976380488638,0.00373443948213824,0.0205933111901837,0.041262672219656,0.545973820229631,0.0921725838845755,FALSE,TRUE,TRUE,FALSE,"Rpv12+1",0,"Rpv12+1|0"
"Vitvi03g00125",47.5820207574209,2.87524824564421,1.93331388832924,1.37142155471675,2.89864617163461,0.00374777569105737,0.0206462884447427,0.0293917611192408,0.443146443295804,0.077109813313177,FALSE,TRUE,TRUE,FALSE,"Rpv12+1",0,"Rpv12+1|0"
"Vitvi16g04406",516.407807486062,1.46094085045352,1.1581550044387,0.539889361321505,2.89846170048134,0.00374998105885839,0.0206538192188767,0.180229591322399,1,0.129911253556018,FALSE,TRUE,TRUE,FALSE,"Rpv12+1",0,"Rpv12+1|0"
"Vitvi08g00822",755.196646756817,1.83691467332624,1.33658111281722,0.744441790679702,2.89768456344864,0.00375928475346241,0.0206865622484476,0.0933861286311452,0.866579545534632,0.105577211477963,FALSE,TRUE,TRUE,FALSE,"Rpv12+1",0,"Rpv12+1|0"
"Vitvi17g00228",1490.46687790915,1.31636413989704,1.0394221620661,0.49141541737368,2.89614757554475,0.00377774699949045,0.0207603334997651,0.243203219021049,1,0.16924908224908,FALSE,TRUE,TRUE,FALSE,"Rpv12+1",0,"Rpv12+1|0"
"Vitvi11g00865",477.035008919279,-2.55716000463495,-1.85956316408601,1.02279780696498,-2.89601714481192,0.00377931751581922,0.0207643323638988,0.0389358192177546,0.52617534586788,0.0609062424536539,FALSE,TRUE,TRUE,FALSE,"Rpv12+1",0,"Rpv12+1|0"
"Vitvi18g02548",1358.53505954045,1.32958877560571,1.05351626355841,0.495205592049142,2.89502902050998,0.00379123480821897,0.0208098428383185,0.236489148631133,1,0.163590280015061,FALSE,TRUE,TRUE,FALSE,"Rpv12+1",0,"Rpv12+1|0"
"Vitvi07g02637",1441.86389715575,1.25794090790465,1.0293894268626,0.4475456300946,2.89427016987615,0.00380041011334458,0.0208383938465073,0.276433300587046,1,0.1721196934652,FALSE,TRUE,TRUE,FALSE,"Rpv12+1",0,"Rpv12+1|0"
"Vitvi18g00972",21.7925715094233,3.16914744300125,2.15691811639639,1.41102608162659,2.89338370889846,0.00381115391305861,0.0208880061851194,0.0238998770034184,0.389141965538684,0.0628261556604494,FALSE,TRUE,TRUE,FALSE,"Rpv12+1",0,"Rpv12+1|0"
"Vitvi11g00587",31.2319859846152,-1.53679175787572,-1.21779145296704,0.553559617110843,-2.89319898013337,0.00381339627527327,0.020895647383815,0.156110520874174,1,0.115110257972687,FALSE,TRUE,TRUE,FALSE,"Rpv12+1",0,"Rpv12+1|0"
"Vitvi06g00030",22.9509276781518,3.86139544914114,3.09560394449341,1.90000690290373,2.89213393601425,0.0038263478953196,0.0209526354187805,0.0161863667552821,0.299236161096413,0.0378018545807886,FALSE,TRUE,TRUE,FALSE,"Rpv12+1",0,"Rpv12+1|0"
"Vitvi12g00767",6.63030255793997,4.59113262120722,2.95901542884538,2.85645397411992,2.89187591969353,0.00382949154756017,0.0209651897257094,0.0120632642025435,0.24925981696235,0.0764633123554133,FALSE,TRUE,TRUE,FALSE,"Rpv12+1",0,"Rpv12+1|0"
"Vitvi05g01350",96.05640485023,-2.29136685202566,-1.74497918451457,0.852935284532726,-2.89002903261825,0.00385206249171277,0.0210793895037396,0.0516984003920734,0.625521949979764,0.0577066973338566,FALSE,TRUE,TRUE,FALSE,"Rpv12+1",0,"Rpv12+1|0"
"Vitvi18g01548",39.97135386529,3.63974592993221,1.82755718268271,2.92240359454093,2.8895466034204,0.00385797816945941,0.02109302045779,0.0181712510082854,0.32272808113061,0.131889343142412,FALSE,TRUE,TRUE,FALSE,"Rpv12+1",0,"Rpv12+1|0"
"Vitvi09g00184",1565.54612168031,2.05904082787237,1.43725735285897,0.888356705579736,2.88834865218529,0.00387270348209767,0.0211360042057949,0.0687034171141431,0.730277402799215,0.0992776315081196,FALSE,TRUE,TRUE,FALSE,"Rpv12+1",0,"Rpv12+1|0"
"Vitvi07g01297",44.9593875998878,4.17702587437657,2.99632091612262,1.85322017509227,2.88820870774653,0.00387442701683978,0.0211407273503577,0.0141908983843242,0.276616774095034,0.0396747640866395,FALSE,TRUE,TRUE,FALSE,"Rpv12+1",0,"Rpv12+1|0"
"Vitvi17g00216",129.033868134518,2.28889764931967,1.5696194834248,1.00774365041764,2.88672100860865,0.00389279242076012,0.0212221363305701,0.0520408650638753,0.627509506389818,0.0904491112444312,FALSE,TRUE,TRUE,FALSE,"Rpv12+1",0,"Rpv12+1|0"
"Vitvi12g02332",28.5536415369827,-1.63769168763175,-1.24645704099718,0.622538670461456,-2.88658696793847,0.00389445100818558,0.0212264812030221,0.130509855485341,1,0.114563555139318,FALSE,TRUE,TRUE,FALSE,"Rpv12+1",0,"Rpv12+1|0"
"Vitvi10g01875",1655.40051010326,2.2621306523851,1.61821594170456,0.948752909382649,2.88573812997526,0.00390496923931886,0.0212645383072511,0.0537075918838042,0.63802765489938,0.0796597892488064,FALSE,TRUE,TRUE,FALSE,"Rpv12+1",0,"Rpv12+1|0"
"Vitvi16g01201",28.8618685500808,1.67054863444996,1.26032247540489,0.64834451979646,2.88555768871247,0.00390720846928103,0.0212677834399486,0.12338375598303,1,0.113193267166314,FALSE,TRUE,TRUE,FALSE,"Rpv12+1",0,"Rpv12+1|0"
"Vitvi10g00969",34.388291491155,1.555721984925,1.195704942432,0.597958421774143,2.88548333268809,0.00390813154781469,0.0212681088606059,0.151335215071079,1,0.124555262186553,FALSE,TRUE,TRUE,FALSE,"Rpv12+1",0,"Rpv12+1|0"
"Vitvi09g04565",3454.89992091396,2.07044427557625,1.52943934021016,0.820586579880859,2.88530069100967,0.00391039975859568,0.0212757527501686,0.0678937442519296,0.726083731324964,0.080326328490396,FALSE,TRUE,TRUE,FALSE,"Rpv12+1",0,"Rpv12+1|0"
"Vitvi04g04376",15.6685415531794,2.69744730397109,1.76967913998436,1.23283268930563,2.88377530217738,0.0039293901713269,0.0213554944321221,0.0348236541036596,0.490550332632004,0.0831698975284441,FALSE,TRUE,TRUE,FALSE,"Rpv12+1",0,"Rpv12+1|0"
"Vitvi09g00183",99.2271028244616,3.57932273282167,1.13987156186044,5.0098242117031,2.88380693851978,0.00392899546388015,0.0213554944321221,0.0189614197798468,0.333695583956384,0.17940576863001,FALSE,TRUE,TRUE,FALSE,"Rpv12+1",0,"Rpv12+1|0"
"Vitvi05g02090",46.8088773638809,2.89754274322118,1.93499170213617,1.31154446838721,2.88224909365749,0.0039484745768649,0.0214450219743483,0.0295976056374495,0.445479727197953,0.073004824215615,FALSE,TRUE,TRUE,FALSE,"Rpv12+1",0,"Rpv12+1|0"
"Vitvi11g00582",10632.4164250913,1.23013346156461,1.00906129162584,0.437653747104851,2.88074257705881,0.00396739525849499,0.0215287994687847,0.29496782480587,1,0.181131914656856,FALSE,TRUE,TRUE,FALSE,"Rpv12+1",0,"Rpv12+1|0"
"Vitvi06g01602",4.30604506455747,3.91377299200415,2.6078679919738,1.88853029466134,2.88004915847354,0.00397613169559431,0.0215714557261972,0.0161591211163681,0.29894374065281,0.0598831663779239,FALSE,TRUE,TRUE,FALSE,"Rpv12+1",0,"Rpv12+1|0"
"Vitvi08g01105",12.5001769970954,2.23981657484983,1.62931886947201,0.902928315084889,2.87911542616864,0.00398792346298023,0.0216278709784238,0.0555182540999765,0.649218600358196,0.0749307518328462,FALSE,TRUE,TRUE,FALSE,"Rpv12+1",0,"Rpv12+1|0"
"Vitvi12g02414",83.3109547934684,-2.3592863257405,-1.57275499124894,1.05049140866281,-2.87908674567116,0.00398828616069895,0.0216278709784238,0.0486022172572883,0.60084376239764,0.0932131402372678,FALSE,TRUE,TRUE,FALSE,"Rpv12+1",0,"Rpv12+1|0"
"Vitvi05g04467",26.9262874273173,1.92371040149399,1.36440260608468,0.798898894989609,2.87833432376811,0.00399781210309949,0.0216747576962938,0.0834776034502893,0.813292599127046,0.104945636134663,FALSE,TRUE,TRUE,FALSE,"Rpv12+1",0,"Rpv12+1|0"
"Vitvi18g02478",58.1834021070128,1.54500105321351,1.17163739137803,0.604354451822786,2.87824005724611,0.0039990070075031,0.0216764657066768,0.154981822503184,1,0.131701104049365,FALSE,TRUE,TRUE,FALSE,"Rpv12+1",0,"Rpv12+1|0"
"Vitvi00g04708",108.62145281508,3.2066664595615,1.27677691138246,2.6449163881857,2.87795004912836,0.00400268512848908,0.0216868596493198,0.0239057738682926,0.389141965538684,0.164261304886806,FALSE,TRUE,TRUE,FALSE,"Rpv12+1",0,"Rpv12+1|0"
"Vitvi06g01236",167.199305569915,1.80628258015842,1.33332996473295,0.723115894471864,2.87693550768659,0.00401557655522012,0.0217375838308949,0.0995404039066676,0.892962080176447,0.104224442661049,FALSE,TRUE,TRUE,FALSE,"Rpv12+1",0,"Rpv12+1|0"
"Vitvi14g04043",303.408640796926,2.47545640722048,1.66891419147048,1.12273139430833,2.87617014623729,0.00402532666892268,0.0217760096213393,0.0432641879016387,0.561263392421789,0.086783808143667,FALSE,TRUE,TRUE,FALSE,"Rpv12+1",0,"Rpv12+1|0"
"Vitvi15g00122",79.5851777604044,2.58749323034004,1.58371212640037,1.29808718445182,2.87609050477921,0.00402634247312071,0.0217767229786612,0.0388526580178284,0.525739948226447,0.105937870022437,FALSE,TRUE,TRUE,FALSE,"Rpv12+1",0,"Rpv12+1|0"
"Vitvi00g04369",328.758207356517,1.46496416758484,1.1455628150326,0.54914069347814,2.87587738439802,0.0040290619077785,0.0217866481914028,0.180681588030601,1,0.13538313180473,FALSE,TRUE,TRUE,FALSE,"Rpv12+1",0,"Rpv12+1|0"
"Vitvi19g00411",92.2258906211967,1.39857229116331,1.09030059279715,0.528929654174833,2.87551907247373,0.00403363775762226,0.0218018209295265,0.206256670411212,1,0.15290725988465,FALSE,TRUE,TRUE,FALSE,"Rpv12+1",0,"Rpv12+1|0"
"Vitvi05g00713",103.342976665054,2.60203995500294,1.62732722348331,1.29696180197367,2.87399994039381,0.00405309039554367,0.021878162792422,0.0384414132242357,0.522655368260282,0.10044166643777,FALSE,TRUE,TRUE,FALSE,"Rpv12+1",0,"Rpv12+1|0"
"Vitvi19g01871",483610.478732288,-1.50768537367486,-1.16334297542757,0.565116442537866,-2.87313513144822,0.00406420235872632,0.0219285346713933,0.166654069668168,1,0.130571217813279,FALSE,TRUE,TRUE,FALSE,"Rpv12+1",0,"Rpv12+1|0"
"Vitvi11g00098",124.145433532072,2.14849409786684,1.50448088317044,0.930052903398593,2.87248768830733,0.00407253947221595,0.0219687064675963,0.0623420439148338,0.692607483112884,0.093560294474886,FALSE,TRUE,TRUE,FALSE,"Rpv12+1",0,"Rpv12+1|0"
"Vitvi07g01535",347.55707426565,1.52546829184641,1.16595648672516,0.590477257057887,2.87231430943184,0.00407477470223351,0.021971142386567,0.161232842334684,1,0.13198371441391,FALSE,TRUE,TRUE,FALSE,"Rpv12+1",0,"Rpv12+1|0"
"Vitvi13g01537",148.870790674561,2.28263100961162,1.50623359249285,1.04875425276822,2.87094728146399,0.00409243769761526,0.0220470796235402,0.0533675530661929,0.636403218245652,0.100531483101952,FALSE,TRUE,TRUE,FALSE,"Rpv12+1",0,"Rpv12+1|0"
"Vitvi09g04162",26.5236401781922,1.5261851845423,1.19052192228856,0.570667152951661,2.87045259712693,0.0040988464813418,0.022076777856217,0.161173547791943,1,0.123995600062945,FALSE,TRUE,TRUE,FALSE,"Rpv12+1",0,"Rpv12+1|0"
"Vitvi06g01647",11.6002229374229,3.17157184572739,2.10594687023282,1.38529294562691,2.87002153036996,0.00410443850518656,0.022102064921044,0.0247813159960435,0.398925812394154,0.0653695118054541,FALSE,TRUE,TRUE,FALSE,"Rpv12+1",0,"Rpv12+1|0"
"Vitvi03g00678",7.94636271388079,-4.33518930508819,-3.00382410407393,1.8702106147247,-2.86951951523204,0.00411095963451637,0.0221178426634517,0.0138425256195436,0.273525038800855,0.0401830156000418,FALSE,TRUE,TRUE,FALSE,"Rpv12+1",0,"Rpv12+1|0"
"Vitvi08g02143",36.7464712289386,1.88322523019818,1.3848969863721,0.757571015830663,2.8696422509416,0.00410936444145515,0.0221178426634517,0.0891808761474106,0.846474070805557,0.0978571517505871,FALSE,TRUE,TRUE,FALSE,"Rpv12+1",0,"Rpv12+1|0"
"Vitvi11g01072",321.806183298535,-1.39107427171351,-1.10466528052812,0.507182443363228,-2.86958292498833,0.00411013542929048,0.0221178426634517,0.209911702292929,1,0.145278308645858,FALSE,TRUE,TRUE,FALSE,"Rpv12+1",0,"Rpv12+1|0"
"Vitvi03g04226",12.2294369777156,-2.2137223774637,-1.62394491365126,0.864386040689217,-2.86939550110294,0.0041125720138901,0.0221216864921826,0.0578506623817335,0.667541013340876,0.0718866220631154,FALSE,TRUE,TRUE,FALSE,"Rpv12+1",0,"Rpv12+1|0"
"Vitvi11g00398",3222.15838724598,3.05076218822525,1.79327038563847,1.74311982962835,2.86890643361651,0.00411893625866188,0.0221414169034244,0.0269651461204231,0.420119867399731,0.105125907462795,FALSE,TRUE,TRUE,FALSE,"Rpv12+1",0,"Rpv12+1|0"
"Vitvi06g01414",21.8418128337084,3.77449840478006,2.55458078776409,1.81067490565609,2.86856250810256,0.00412341711894537,0.0221558351455481,0.0176330469718126,0.316256473414362,0.0587172514597623,FALSE,TRUE,TRUE,FALSE,"Rpv12+1",0,"Rpv12+1|0"
"Vitvi04g00042",8.46169932511164,3.71731036927324,2.3282988767814,1.83490926105982,2.86751563179453,0.00413708366548773,0.0222153755500994,0.0181726542874494,0.32272808113061,0.0718067633580985,FALSE,TRUE,TRUE,FALSE,"Rpv12+1",0,"Rpv12+1|0"
"Vitvi17g00977",2167.04747858446,1.81457629432032,1.31334393162074,0.74836645305584,2.86750647364977,0.00413720340249457,0.0222153755500994,0.0990089324971088,0.889719912467149,0.111377175755745,FALSE,TRUE,TRUE,FALSE,"Rpv12+1",0,"Rpv12+1|0"
"Vitvi07g04129",28.9196356010351,-1.46356687295519,-1.1420325047845,0.544804546824927,-2.86729173952753,0.0041400118180503,0.0222256114947673,0.181892385409863,1,0.136137186321062,FALSE,TRUE,TRUE,FALSE,"Rpv12+1",0,"Rpv12+1|0"
"Vitvi18g00780",118.844867487577,2.77914706744917,1.62204241995417,1.46614295142082,2.86637299946526,0.00415204716883352,0.0222853668957261,0.0333023413125691,0.477084307993152,0.110018254898406,FALSE,TRUE,TRUE,FALSE,"Rpv12+1",0,"Rpv12+1|0"
"Vitvi07g02734",143.301505845877,1.44225063074268,1.10623089246541,0.561207060276806,2.86388654710785,0.00418477868506839,0.0224219677436592,0.189923645583368,1,0.147857127519033,FALSE,TRUE,TRUE,FALSE,"Rpv12+1",0,"Rpv12+1|0"
"Vitvi01g04087",34.2693121361168,-2.00776935304216,-1.52378818021414,0.758399413152682,-2.86154760127287,0.00421578191446037,0.0225683336571041,0.0754660838588515,0.768139022437236,0.0760594121230086,FALSE,TRUE,TRUE,FALSE,"Rpv12+1",0,"Rpv12+1|0"
"Vitvi08g01038",727.654848296566,2.1489024991449,1.49981700820462,0.9289550476525,2.86148035124477,0.00421667640134966,0.0225683336571041,0.0630370361585671,0.695396823021775,0.0940823335912988,FALSE,TRUE,TRUE,FALSE,"Rpv12+1",0,"Rpv12+1|0"
"Vitvi17g01511",914.846980570466,1.49276358732988,1.13296880427131,0.589424814413587,2.86090712879962,0.00422430777444809,0.0225993585952884,0.172486107343877,1,0.141077924446624,FALSE,TRUE,TRUE,FALSE,"Rpv12+1",0,"Rpv12+1|0"
"Vitvi14g01922",45.2926204370103,2.76793098959341,1.9946937017789,1.2994832001885,2.85963036622195,0.00424135049896172,0.0226560951631442,0.0339369590701696,0.484055023073373,0.0680386965724913,FALSE,TRUE,TRUE,FALSE,"Rpv12+1",0,"Rpv12+1|0"
"Vitvi05g04083",33.2197119671454,1.53011083206726,1.18544654301265,0.579918879740026,2.85937142390193,0.00424481455898135,0.0226656610961167,0.160932667160728,1,0.125583542085506,FALSE,TRUE,TRUE,FALSE,"Rpv12+1",0,"Rpv12+1|0"
"Vitvi12g00694",109.611022204353,2.03518950810136,1.46739950732856,0.832025610209093,2.85876210719609,0.00425297595755706,0.0226935923089399,0.0729699380231168,0.754772878112579,0.0912241564414228,FALSE,TRUE,TRUE,FALSE,"Rpv12+1",0,"Rpv12+1|0"
"Vitvi02g01236",2110.5489014261,1.75488548911463,1.29918991924697,0.706511993082494,2.85667346126834,0.00428106011812018,0.0228039345016235,0.109570851765158,0.943164953826232,0.110199530637479,FALSE,TRUE,TRUE,FALSE,"Rpv12+1",0,"Rpv12+1|0"
"Vitvi01g01711",821.199676364092,-1.53107448731297,-1.22260242676038,0.541319166656516,-2.85669768783221,0.00428073340339103,0.0228039345016235,0.160871951168511,1,0.112283208067911,FALSE,TRUE,TRUE,FALSE,"Rpv12+1",0,"Rpv12+1|0"
"Vitvi12g04534",325.075273736954,-1.58186699867232,-1.22385571767479,0.599256577086359,-2.85651995199407,0.00428313083996983,0.0228097343988466,0.146692931170847,1,0.118401568495996,FALSE,TRUE,TRUE,FALSE,"Rpv12+1",0,"Rpv12+1|0"
"Vitvi07g01734",244.684027105374,1.55254595072042,1.195038205652,0.594629987569887,2.85645548709007,0.00428400069262311,0.0228097343988466,0.154672481387385,1,0.124461920205734,FALSE,TRUE,TRUE,FALSE,"Rpv12+1",0,"Rpv12+1|0"
"Vitvi11g00175",783.457077056962,1.47865394530743,1.1107370997395,0.591847915592029,2.85571874158341,0.00429395329965017,0.0228479122009032,0.177634027145534,1,0.148431272829782,FALSE,TRUE,TRUE,FALSE,"Rpv12+1",0,"Rpv12+1|0"
"Vitvi15g01092",26.8121739166436,1.44192230855807,1.13154831597439,0.53568151134366,2.85486630280921,0.00430549495341189,0.0228994330035093,0.190797602852208,1,0.137840849132726,FALSE,TRUE,TRUE,FALSE,"Rpv12+1",0,"Rpv12+1|0"
"Vitvi15g00894",29.3874757841915,2.61518512973008,1.88791697597405,1.13847867340886,2.85424542292789,0.00431391909692117,0.0229343355355524,0.0390041168004227,0.526203554090901,0.0667328409732418,FALSE,TRUE,TRUE,FALSE,"Rpv12+1",0,"Rpv12+1|0"
"Vitvi16g04491",89.3520569336719,-2.32488904385863,-1.64234583187462,0.925871426840732,-2.85430463598712,0.00431311504562522,0.0229343355355524,0.0519346230592684,0.627219669717175,0.0754145089559467,FALSE,TRUE,TRUE,FALSE,"Rpv12+1",0,"Rpv12+1|0"
"Vitvi17g00484",963.730907177054,-2.19825789878571,-1.52198951688402,0.938102209588209,-2.85385449718258,0.00431923087024007,0.0229526686193344,0.0599157267311783,0.679972015427719,0.0919998276859466,FALSE,TRUE,TRUE,FALSE,"Rpv12+1",0,"Rpv12+1|0"
"Vitvi04g04410",24.3184270959526,-1.93753832088082,-1.46843557560742,0.725892336479824,-2.85367429949677,0.0043216813345949,0.0229557872701768,0.0836717667574105,0.813901529195895,0.0801595992268248,FALSE,TRUE,TRUE,FALSE,"Rpv12+1",0,"Rpv12+1|0"
"Vitvi00g04584",41.2237567336038,-1.94635525598139,-1.43883235541016,0.758045759449577,-2.85336640745473,0.00432587120029266,0.0229730896508752,0.0826736069624967,0.807564930743821,0.0890758064540068,FALSE,TRUE,TRUE,FALSE,"Rpv12+1",0,"Rpv12+1|0"
"Vitvi14g04511",40.1706271926085,1.5904801197572,1.20552026412786,0.612994606366653,2.85232085461726,0.00434012682630282,0.0230289391541667,0.144812993730615,1,0.123624348314115,FALSE,TRUE,TRUE,FALSE,"Rpv12+1",0,"Rpv12+1|0"
"Vitvi06g01398",2116.93735711992,1.97240194750567,1.35615478361936,0.86738860494056,2.851720000397,0.0043483384513449,0.0230620976853188,0.0798841772367301,0.792844318011084,0.112464677066532,FALSE,TRUE,TRUE,FALSE,"Rpv12+1",0,"Rpv12+1|0"
"Vitvi18g01132",69.9042287357343,2.3277653544971,1.60276389493883,1.0195302132525,2.8512549716434,0.00435470347220629,0.0230814274400331,0.0519588431815607,0.627222602116496,0.0876311627588412,FALSE,TRUE,TRUE,FALSE,"Rpv12+1",0,"Rpv12+1|0"
"Vitvi07g00395",225.90012217368,1.52106273972388,1.16228210179154,0.587753920245957,2.84858722285241,0.00439138142654449,0.0232458257035561,0.16457650518518,1,0.132644868323239,FALSE,TRUE,TRUE,FALSE,"Rpv12+1",0,"Rpv12+1|0"
"Vitvi05g00009",63.6518398437734,3.28107482087855,2.11278631224085,1.88244680333377,2.84765562242974,0.00440425549482267,0.0232889543615478,0.023967059845016,0.389412620177499,0.0877158735422081,FALSE,TRUE,TRUE,FALSE,"Rpv12+1",0,"Rpv12+1|0"
"Vitvi04g00600",2200.10846664775,1.3786895854598,1.06557957176965,0.535557868230373,2.84557275218109,0.00443316313465911,0.0234217042645211,0.21722423689678,1,0.160426337101109,FALSE,TRUE,TRUE,FALSE,"Rpv12+1",0,"Rpv12+1|0"
"Vitvi07g01769",402.184135820933,1.3612843890808,1.05930585152166,0.523161697989335,2.84465897397249,0.00444589941497851,0.0234596252615566,0.225133451771701,1,0.162726396866245,FALSE,TRUE,TRUE,FALSE,"Rpv12+1",0,"Rpv12+1|0"
"Vitvi00g04744",35.0283221754504,2.88620433119113,1.82124374900224,1.46658606509531,2.84390714135845,0.00445640334494576,0.0234890784779811,0.0316088836955668,0.464056105564864,0.0913963913256444,FALSE,TRUE,TRUE,FALSE,"Rpv12+1",0,"Rpv12+1|0"
"Vitvi10g00027",13276.8898187956,-1.77523179632202,-1.28049081625586,0.717537152592784,-2.84400354387954,0.00445505523980324,0.0234890784779811,0.107130543360803,0.932596455527689,0.115384170217391,FALSE,TRUE,TRUE,FALSE,"Rpv12+1",0,"Rpv12+1|0"
"Vitvi05g00484",331.031353068058,1.26851304403912,1.00862902001427,0.473880593150418,2.84391706324194,0.00445626457899943,0.0234890784779811,0.273591456209897,1,0.181515496885046,FALSE,TRUE,TRUE,FALSE,"Rpv12+1",0,"Rpv12+1|0"
"Vitvi08g04432",52.6178521211978,2.81336101280904,1.72000977231625,1.4442849035373,2.84225173289267,0.00447961053571722,0.0236013013596941,0.0335354589773116,0.480160958613845,0.098742698576846,FALSE,TRUE,TRUE,FALSE,"Rpv12+1",0,"Rpv12+1|0"
"Vitvi18g00973",35.8597765708592,-3.13591874562188,-2.18431255201809,1.34423915174434,-2.84124784159546,0.00449373738290024,0.0236656079874156,0.0265713879220772,0.415090548246878,0.0574208655824224,FALSE,TRUE,TRUE,FALSE,"Rpv12+1",0,"Rpv12+1|0"
"Vitvi10g01015",39.069070089163,1.97994249794634,1.45852485880892,0.784623368463022,2.84047842252571,0.00450459202606007,0.0237025051589098,0.0798936359294017,0.792844318011084,0.0885642937966845,FALSE,TRUE,TRUE,FALSE,"Rpv12+1",0,"Rpv12+1|0"
"Vitvi06g00512",54.7284925116845,1.4912848080871,1.17417506952051,0.55580371621661,2.8404853512303,0.0045044941728871,0.0237025051589098,0.174698972869687,1,0.126428383735196,FALSE,TRUE,TRUE,FALSE,"Rpv12+1",0,"Rpv12+1|0"
"Vitvi10g01860",148.393762070538,2.36965916147408,1.49833393490716,1.14540449406723,2.83998607645277,0.00451155029670362,0.023734049350756,0.0503729716256684,0.614029154126681,0.107750500729029,FALSE,TRUE,TRUE,FALSE,"Rpv12+1",0,"Rpv12+1|0"
"Vitvi06g00937",444.687355353659,1.49194414172228,1.1203090055355,0.598084477621026,2.83961718609966,0.00451677016143873,0.0237462974172438,0.174555987315555,1,0.145945218667618,FALSE,TRUE,TRUE,FALSE,"Rpv12+1",0,"Rpv12+1|0"
"Vitvi17g04184",31.7913407096316,1.32750640365324,1.05924123893772,0.489215108252979,2.83901433272356,0.00452531242283498,0.0237810573483282,0.241836764593482,1,0.161098013654894,FALSE,TRUE,TRUE,FALSE,"Rpv12+1",0,"Rpv12+1|0"
"Vitvi06g04254",25.4931155753639,-1.32267683689663,-1.0644804621635,0.474093783300623,-2.83804797221577,0.00453903601395168,0.0238176126176174,0.244355047615602,1,0.158702081607145,FALSE,TRUE,TRUE,FALSE,"Rpv12+1",0,"Rpv12+1|0"
"Vitvi19g01394",62.7134428573182,-1.29512926664919,-1.04277023627101,0.466742757883382,-2.83827737126874,0.00453577483730902,0.0238176126176174,0.25888866108693,1,0.166852296549289,FALSE,TRUE,TRUE,FALSE,"Rpv12+1",0,"Rpv12+1|0"
"Vitvi09g01317",4061.94032798643,1.28458351822057,1.00871523098455,0.49367706238989,2.83816458652602,0.0045373779393998,0.0238176126176174,0.264753285887563,1,0.181611384218225,FALSE,TRUE,TRUE,FALSE,"Rpv12+1",0,"Rpv12+1|0"
"Vitvi09g04475",716.435135480437,2.0568413376598,1.50187231637009,0.826845513652458,2.83782904377219,0.00454215031924842,0.0238288788894813,0.0724151765033828,0.751411583558902,0.0856851835061199,FALSE,TRUE,TRUE,FALSE,"Rpv12+1",0,"Rpv12+1|0"
"Vitvi09g00372",286.936696363539,1.63351056981385,1.27341227607352,0.616218898613299,2.83770714345687,0.00454388521686035,0.0238329053018036,0.135554337234742,1,0.106840646633609,FALSE,TRUE,TRUE,FALSE,"Rpv12+1",0,"Rpv12+1|0"
"Vitvi08g00175",176.98087366757,2.09040437455431,1.37932612408338,0.961388145760109,2.83759580780725,0.00454547028153621,0.0238347069079986,0.0694293042553368,0.735006543915563,0.114928115808847,FALSE,TRUE,TRUE,FALSE,"Rpv12+1",0,"Rpv12+1|0"
"Vitvi09g04541",33.8503293763348,2.47580105407523,1.72777785020004,1.02961874710342,2.83471548902766,0.00458665131944829,0.0239908156912798,0.045572737192466,0.578146087399475,0.0738862167816376,FALSE,TRUE,TRUE,FALSE,"Rpv12+1",0,"Rpv12+1|0"
"Vitvi05g00828",207.395129185947,1.48593815588072,1.11646158770908,0.593274589876962,2.83334252661503,0.00460639976970728,0.0240787746077888,0.177075370400578,1,0.146709803951498,FALSE,TRUE,TRUE,FALSE,"Rpv12+1",0,"Rpv12+1|0"
"Vitvi05g00077",757.93483737035,1.62096999453089,1.22690744197491,0.636456704258423,2.83263639292282,0.00461658663056833,0.0241166726528162,0.13893176422286,1,0.121692776612534,FALSE,TRUE,TRUE,FALSE,"Rpv12+1",0,"Rpv12+1|0"
"Vitvi17g00972",54.7961154817737,-1.65491536818667,-1.2329272483652,0.649333264856396,-2.83196933967067,0.00462622844100252,0.0241603708572953,0.131205854076789,1,0.121144419403874,FALSE,TRUE,TRUE,FALSE,"Rpv12+1",0,"Rpv12+1|0"
"Vitvi03g01573",287.922686356389,-2.00511279730432,-1.36480094736517,0.87089650853963,-2.83166046536296,0.00463069918696722,0.024169895163162,0.0778963105695275,0.782555037079896,0.111196343953777,FALSE,TRUE,TRUE,FALSE,"Rpv12+1",0,"Rpv12+1|0"
"Vitvi18g03248",132.336776718879,2.17558302394296,1.429616045003,0.987019058552229,2.83103852530844,0.00463971321911591,0.0242095930360693,0.063055975542171,0.695396823021775,0.107568613453128,FALSE,TRUE,TRUE,FALSE,"Rpv12+1",0,"Rpv12+1|0"
"Vitvi13g00182",808.698622098901,1.55889204178133,1.15445950431248,0.632357318331283,2.83083826647357,0.00464261903225875,0.0242137629602227,0.155076379083435,1,0.138410487180805,FALSE,TRUE,TRUE,FALSE,"Rpv12+1",0,"Rpv12+1|0"
"Vitvi13g01981",259.513281744911,2.64486674585422,1.76391597120302,1.19835980467613,2.82917864519968,0.00466676410250658,0.024296365264022,0.0392953114775734,0.528193225020481,0.0810777473880499,FALSE,TRUE,TRUE,FALSE,"Rpv12+1",0,"Rpv12+1|0"
"Vitvi04g00013",103.890334258439,1.97899353083168,1.39123928489108,0.831259427504181,2.82848056185738,0.0046769541226484,0.0243339898132135,0.0808825602020663,0.798079534843438,0.102330513042875,FALSE,TRUE,TRUE,FALSE,"Rpv12+1",0,"Rpv12+1|0"
"Vitvi19g04446",91.7664386871196,-1.46790321800793,-1.12465871957487,0.562913216134759,-2.82778312134957,0.00468715487164908,0.0243716225027325,0.183695922632259,1,0.141936921357349,FALSE,TRUE,TRUE,FALSE,"Rpv12+1",0,"Rpv12+1|0"
"Vitvi12g00631",401.575773722586,1.73373754456431,1.22888038077271,0.737293139927656,2.82629579248439,0.00470897581752601,0.0244438112601287,0.115828899812043,0.974356298483775,0.127085323768762,FALSE,TRUE,TRUE,FALSE,"Rpv12+1",0,"Rpv12+1|0"
"Vitvi12g01349",3.27112559564409,4.17138927665313,2.83483541309289,1.82035361928352,2.82498747739614,0.0047282463905214,0.0245128531306577,0.0160971916149492,0.298642862025147,0.0448918445658086,FALSE,TRUE,TRUE,FALSE,"Rpv12+1",0,"Rpv12+1|0"
"Vitvi13g01837",111.382471158132,1.58920424550885,1.19181070393177,0.63401942893487,2.82502267662773,0.00472772699725401,0.0245128531306577,0.147462142313544,1,0.12821427271107,FALSE,TRUE,TRUE,FALSE,"Rpv12+1",0,"Rpv12+1|0"
"Vitvi06g01374",2184.63961612177,-2.46410092465807,-1.76992361187424,0.999731399421495,-2.82438268124052,0.00473717872091742,0.0245385060909423,0.0466927635090763,0.585539789373886,0.067422585211347,FALSE,TRUE,TRUE,FALSE,"Rpv12+1",0,"Rpv12+1|0"
"Vitvi08g04349",282.261676371615,2.02865528226729,1.38529812325383,0.896509903333686,2.82301354396917,0.00475745617774668,0.0246176623387875,0.0761639187249053,0.772040436148027,0.109293267805038,FALSE,TRUE,TRUE,FALSE,"Rpv12+1",0,"Rpv12+1|0"
"Vitvi13g04231",11.321534008436,-3.33017951645636,-2.06315648165055,1.49853424646853,-2.82169861605668,0.00477700469327905,0.0247084374603449,0.0242906033945235,0.393447612506094,0.0734856945288269,FALSE,TRUE,TRUE,FALSE,"Rpv12+1",0,"Rpv12+1|0"
"Vitvi08g01816",88.2445193803337,1.85096168917428,1.333471626972,0.76227080617342,2.82053733630719,0.00479432940020899,0.0247772391658378,0.0973716703156172,0.883811770918193,0.107113081992582,FALSE,TRUE,TRUE,FALSE,"Rpv12+1",0,"Rpv12+1|0"
"Vitvi06g01543",78.2108618178887,1.53299533817991,1.16565439097316,0.595093057297906,2.81997995127554,0.0048026650009594,0.0248151121987491,0.163431852171951,1,0.132455771744441,FALSE,TRUE,TRUE,FALSE,"Rpv12+1",0,"Rpv12+1|0"
"Vitvi02g01325",8.16571952679747,5.499402588187,3.73578640070191,3.05339055725033,2.81861219871963,0.00482317511662127,0.0249001974377791,0.0109854881969196,0.232932944101465,0.0558618807763691,FALSE,TRUE,TRUE,FALSE,"Rpv12+1",0,"Rpv12+1|0"
"Vitvi06g00143",181.445399641313,3.7381785483796,2.19967537138338,2.35213411223621,2.81713424734065,0.00484542677930036,0.0249993579339987,0.0197094763844983,0.341896679537196,0.0974154943477803,FALSE,TRUE,TRUE,FALSE,"Rpv12+1",0,"Rpv12+1|0"
"Vitvi18g00064",581.900942320082,1.31439526589918,1.03076594936556,0.502551465708615,2.81626456913272,0.00485856380135049,0.0250461556413624,0.250272634582008,1,0.172982936989635,FALSE,TRUE,TRUE,FALSE,"Rpv12+1",0,"Rpv12+1|0"
"Vitvi14g02010",101.026717759771,1.52558024162979,1.15879062562982,0.594840169831346,2.81590369341479,0.0048640245035811,0.0250690601820552,0.16599696027207,1,0.134440244439561,FALSE,TRUE,TRUE,FALSE,"Rpv12+1",0,"Rpv12+1|0"
"Vitvi13g00622",946.657660379997,1.55566624610857,1.19507796555549,0.600071167884159,2.81409843185798,0.00489142482827227,0.0251997369446499,0.15741086438949,1,0.124742158097398,FALSE,TRUE,TRUE,FALSE,"Rpv12+1",0,"Rpv12+1|0"
"Vitvi12g04561",589.175456190631,1.38817021032851,1.05271833099965,0.554079476887471,2.81396824846702,0.00489340614371387,0.0252046735848912,0.215681918345134,1,0.165988501481493,FALSE,TRUE,TRUE,FALSE,"Rpv12+1",0,"Rpv12+1|0"
"Vitvi13g01245",21.8836064862246,3.31530784188719,2.17990814646665,1.8158861308451,2.8136702454054,0.00489794431012406,0.0252187917854712,0.0248332413123892,0.399025036542254,0.0798259154749369,FALSE,TRUE,TRUE,FALSE,"Rpv12+1",0,"Rpv12+1|0"
"Vitvi18g02663",85.9671463729648,-1.81669788633788,-1.35992645593505,0.706178257628994,-2.81207996474768,0.00492222647174954,0.0253247512502134,0.103090537837086,0.916148901088582,0.0975038489135852,FALSE,TRUE,TRUE,FALSE,"Rpv12+1",0,"Rpv12+1|0"
"Vitvi07g02006",564.402834415076,1.73122828710821,1.23317496059205,0.741304448885385,2.81203683240173,0.00492288657806754,0.0253247512502134,0.117473439246229,0.981785206786617,0.126146598270041,FALSE,TRUE,TRUE,FALSE,"Rpv12+1",0,"Rpv12+1|0"
"Vitvi05g00519",12.3899076730791,3.93424274490089,2.89005930861293,2.11476652717708,2.81140140553381,0.00493262056498638,0.0253589399497088,0.018216428425562,0.32306681436222,0.0562848615567889,FALSE,TRUE,TRUE,FALSE,"Rpv12+1",0,"Rpv12+1|0"
"Vitvi03g00553",325.171907894879,2.13461857651123,1.38412429781897,1.00309021896364,2.81131629600714,0.0049339256632446,0.0253603573210294,0.0675662005296295,0.722889259572424,0.116755233108756,FALSE,TRUE,TRUE,FALSE,"Rpv12+1",0,"Rpv12+1|0"
"Vitvi00g04032",28.6768396399825,1.71992811457018,1.27243913686625,0.685102501357653,2.81075767134619,0.00494249955784884,0.0253885360940709,0.11969638320445,0.991493884814824,0.114016042542979,FALSE,TRUE,TRUE,FALSE,"Rpv12+1",0,"Rpv12+1|0"
"Vitvi12g02223",20.8415003059335,3.57344223930762,2.62290137620187,1.69118865363128,2.8097591684434,0.00495785837629371,0.0254568151226286,0.02167390410934,0.363440806151427,0.0495391419115252,FALSE,TRUE,TRUE,FALSE,"Rpv12+1",0,"Rpv12+1|0"
"Vitvi03g01659",7.47100547759323,-3.27558990888216,-2.18034396123109,1.42760085549687,-2.80964542626478,0.00495961067670819,0.0254605060703027,0.0255979746790954,0.406321249775763,0.0622319085385992,FALSE,TRUE,TRUE,FALSE,"Rpv12+1",0,"Rpv12+1|0"
"Vitvi04g00182",54.949331595755,1.99067081048514,1.4142218981696,0.835963900055544,2.80821845393391,0.00498164210819008,0.0255469889628165,0.0811395607467342,0.799747464044394,0.0990987653072594,FALSE,TRUE,TRUE,FALSE,"Rpv12+1",0,"Rpv12+1|0"
"Vitvi13g01913",1935.37542645646,3.36119681516381,1.16410749373559,3.64872231975422,2.80755762763631,0.0049918747436331,0.0255888111078121,0.0244240739775146,0.394875989603093,0.176334889096824,FALSE,TRUE,TRUE,FALSE,"Rpv12+1",0,"Rpv12+1|0"
"Vitvi01g00693",17.2494514382658,2.82174284549286,1.8082290226867,1.32176187204578,2.8070153765377,0.00500028548106265,0.0256159353527676,0.0350467984988618,0.492281109446996,0.0852647957842563,FALSE,TRUE,TRUE,FALSE,"Rpv12+1",0,"Rpv12+1|0"
"Vitvi07g04091",4.51337084154867,-4.35891570847807,-2.74218755192051,3.1994764431243,-2.80686927439338,0.0050025538295769,0.0256222278888683,0.0155526704316976,0.291225702092181,0.0933865495930871,FALSE,TRUE,TRUE,FALSE,"Rpv12+1",0,"Rpv12+1|0"
"Vitvi07g04553",80.7959672075751,2.30325846459737,1.50015204568385,1.06538114683541,2.80644458128126,0.0050091528021272,0.0256380144122407,0.0561742100373434,0.65396580345655,0.102510831523304,FALSE,TRUE,TRUE,FALSE,"Rpv12+1",0,"Rpv12+1|0"
"Vitvi02g01780",2858.42328429317,1.40590895179816,1.11711783918111,0.518002449245615,2.80651906319823,0.00500799491730626,0.0256380144122407,0.208888105852683,1,0.140982394184,FALSE,TRUE,TRUE,FALSE,"Rpv12+1",0,"Rpv12+1|0"
"Vitvi10g04081",14.1416911924359,4.266718358007,2.04371226010528,4.56691801501098,2.80458721061827,0.00503810560619553,0.0257561256929307,0.0161540783514457,0.29894374065281,0.140600390922876,FALSE,TRUE,TRUE,FALSE,"Rpv12+1",0,"Rpv12+1|0"
"Vitvi01g02228",4.08164955343863,5.53412560168186,3.38165709176295,3.9297888086894,2.80430989588708,0.00504244136180878,0.0257729430268716,0.0112576170395689,0.237298955792169,0.0858535430812673,FALSE,TRUE,TRUE,FALSE,"Rpv12+1",0,"Rpv12+1|0"
"Vitvi02g04190",5.80353625595873,3.97965709662345,2.60229677394161,2.03613329786132,2.80409668518186,0.00504577715842469,0.0257805766893794,0.0181120526644713,0.322089181271179,0.0661249282864988,FALSE,TRUE,TRUE,FALSE,"Rpv12+1",0,"Rpv12+1|0"
"Vitvi13g01744",78.7267457374917,2.18969189864017,1.43004751532526,1.01316613873434,2.80318448356082,0.00506007158431489,0.0258257161445931,0.0639001131379939,0.699984530811048,0.109927589684315,FALSE,TRUE,TRUE,FALSE,"Rpv12+1",0,"Rpv12+1|0"
"Vitvi05g00605",85.3912027669916,1.92735903032381,1.41642882951653,0.770241445547403,2.80260193367161,0.00506921942996356,0.0258615220286979,0.0887613039549028,0.844845887681527,0.0938210491763497,FALSE,TRUE,TRUE,FALSE,"Rpv12+1",0,"Rpv12+1|0"
"Vitvi11g01336",4.63680228713294,3.72054854910842,2.90879785736418,1.94087164363038,2.8023793756758,0.00507271822785428,0.0258633042759557,0.0204116677531978,0.349900928411469,0.0477045909928387,FALSE,TRUE,TRUE,FALSE,"Rpv12+1",0,"Rpv12+1|0"
"Vitvi11g00030",19660.553912097,1.34925966080027,1.03164566048785,0.537283547975846,2.80238911007758,0.00507256514927334,0.0258633042759557,0.234101934093074,1,0.173557526418204,FALSE,TRUE,TRUE,FALSE,"Rpv12+1",0,"Rpv12+1|0"
"Vitvi07g01591",49.267417079524,2.37379996365684,1.61099118078244,1.06445246670182,2.80187237724408,0.00508069681955517,0.0258986233905569,0.0524850527721726,0.630360647358526,0.0896750910808595,FALSE,TRUE,TRUE,FALSE,"Rpv12+1",0,"Rpv12+1|0"
"Vitvi06g04015",9193.16653272252,1.5377074913673,1.1624216404737,0.610114217958337,2.79977156793231,0.00511387810352049,0.026024685180403,0.163785073692668,1,0.134912303750933,FALSE,TRUE,TRUE,FALSE,"Rpv12+1",0,"Rpv12+1|0"
"Vitvi19g04093",4.41432859068367,4.48766168871891,3.00997358399097,2.06883441871166,2.79900361645779,0.00512605633333891,0.0260758876374432,0.0151140906284391,0.286499635325608,0.0485862520593559,FALSE,TRUE,TRUE,FALSE,"Rpv12+1",0,"Rpv12+1|0"
"Vitvi00g04570",80.1896385012155,2.34238205894281,1.42972789064961,1.16158878381046,2.79859847542128,0.00513249164512515,0.0261032337261154,0.0544080647366725,0.641686458722551,0.119133059926047,FALSE,TRUE,TRUE,FALSE,"Rpv12+1",0,"Rpv12+1|0"
"Vitvi12g04046",553.733589245566,2.3821171162817,1.50244037077167,1.16099001487178,2.797774315007,0.00514560525323375,0.0261537303525205,0.0522999877049344,0.629405188051057,0.108295902991581,FALSE,TRUE,TRUE,FALSE,"Rpv12+1",0,"Rpv12+1|0"
"Vitvi11g04217",156.548484528408,2.53340319012107,1.67021717803337,1.18699301058001,2.79755030120406,0.00514917487319518,0.0261664752838359,0.045248392774535,0.576134922163573,0.0906213852940419,FALSE,TRUE,TRUE,FALSE,"Rpv12+1",0,"Rpv12+1|0"
"Vitvi10g04410",24.3540210652067,-1.35781103340859,-1.07427941800284,0.498730315003327,-2.796861195145,0.00516016969013665,0.0262169396754396,0.230552576153249,1,0.156513273017414,FALSE,TRUE,TRUE,FALSE,"Rpv12+1",0,"Rpv12+1|0"
"Vitvi00g04035",37.7359037732181,-2.13387922855978,-1.53128372905498,0.857801507260571,-2.79549371302355,0.0051820509698048,0.0262901580914561,0.0687336541070413,0.730302054340412,0.0841739068462534,FALSE,TRUE,TRUE,FALSE,"Rpv12+1",0,"Rpv12+1|0"
"Vitvi18g02592",119.6184271732,2.24608001135524,1.41516731239962,1.0805226945979,2.79334372174266,0.00521662286382582,0.0264328919936678,0.0606349304165865,0.684392699408025,0.116389827827538,FALSE,TRUE,TRUE,FALSE,"Rpv12+1",0,"Rpv12+1|0"
"Vitvi19g04532",58.1005263046666,1.81206183720764,1.29477231771247,0.761680459146426,2.79286208983442,0.00522439602510263,0.0264668353844187,0.105365131875745,0.927716756895866,0.115840890821537,FALSE,TRUE,TRUE,FALSE,"Rpv12+1",0,"Rpv12+1|0"
"Vitvi19g04520",11.1238796340605,-4.4007971694818,-2.95898812725544,2.04681847286201,-2.79274055102624,0.00522635921895699,0.026471337524306,0.0157631692365668,0.29369568665196,0.0498130079432861,FALSE,TRUE,TRUE,FALSE,"Rpv12+1",0,"Rpv12+1|0"
"Vitvi09g01827",7.83389897393921,4.44331243879255,2.61661650411682,2.10191929862456,2.79256651752297,0.00522917151037673,0.0264801375806045,0.0155410390844406,0.291225702092181,0.0676535181556942,FALSE,TRUE,TRUE,FALSE,"Rpv12+1",0,"Rpv12+1|0"
"Vitvi09g00573",28.2319385520669,3.13730315712913,2.18115807724645,1.37805017652117,2.79234345837947,0.0052327780298966,0.0264820705720075,0.0286816541223424,0.437855545081779,0.0589362403703354,FALSE,TRUE,TRUE,FALSE,"Rpv12+1",0,"Rpv12+1|0"
"Vitvi05g01285",147.568171978096,2.25493592578891,1.51305487479065,1.01988699692395,2.79176167190321,0.00524219518918216,0.0265188338153371,0.0601565365751275,0.681817521780226,0.0982988583774615,FALSE,TRUE,TRUE,FALSE,"Rpv12+1",0,"Rpv12+1|0"
"Vitvi09g01155",332.157404464726,2.32026459035754,1.41264084092502,1.1621003692494,2.79128519425523,0.00524991915536325,0.0265470049900511,0.0561437120998617,0.653901765280624,0.121875464719405,FALSE,TRUE,TRUE,FALSE,"Rpv12+1",0,"Rpv12+1|0"
"Vitvi05g00726",95.0899063078398,4.28953608872887,2.53836303374068,2.86741289822772,2.78959174063686,0.00527745424895826,0.0266698180261201,0.0164979749316071,0.304137086847011,0.0942566063156513,FALSE,TRUE,TRUE,FALSE,"Rpv12+1",0,"Rpv12+1|0"
"Vitvi15g00943",1498.22551098933,1.36145076049154,1.05685996923344,0.523327889937692,2.7886702921326,0.00529249149009957,0.0267238820147762,0.229540712672523,1,0.163398413021131,FALSE,TRUE,TRUE,FALSE,"Rpv12+1",0,"Rpv12+1|0"
"Vitvi09g01563",5.67680564782303,4.26758520754462,2.73026808471463,2.71697913737374,2.78838798346022,0.00529710626157479,0.0267307476157633,0.0166694509121422,0.306072021987536,0.0814123516244214,FALSE,TRUE,TRUE,FALSE,"Rpv12+1",0,"Rpv12+1|0"
"Vitvi13g00124",19.8404807245649,-3.27263573421856,-2.32737015338482,1.28087941064004,-2.78790778370006,0.00530496421808315,0.0267594386725423,0.0265688560641282,0.415090548246878,0.0428356790040531,FALSE,TRUE,TRUE,FALSE,"Rpv12+1",0,"Rpv12+1|0"
"Vitvi07g02221",454.142749717855,2.05330223446658,1.51962513220725,0.819053410806308,2.78668595709721,0.00532500560297087,0.0268275742402434,0.0764454745369018,0.773293568604337,0.0819136652126482,FALSE,TRUE,TRUE,FALSE,"Rpv12+1",0,"Rpv12+1|0"
"Vitvi18g02651",7.05302618463154,4.44545135957154,3.64988334477704,2.38759816849724,2.786070505899,0.00533512660409291,0.0268675754330403,0.0157331447193937,0.293345212198589,0.0370539709018656,FALSE,TRUE,TRUE,FALSE,"Rpv12+1",0,"Rpv12+1|0"
"Vitvi17g00091",13.4884959490413,2.64456323561978,1.81050016340941,1.16598195769807,2.78450077058522,0.00536101936924836,0.0269538924858781,0.0417358545275966,0.549342966350814,0.0752532514192677,FALSE,TRUE,TRUE,FALSE,"Rpv12+1",0,"Rpv12+1|0"
"Vitvi13g01299",6.40379933540596,-4.15138182311857,-2.66490206781903,1.85924345168574,-2.78165303511484,0.00540828256020672,0.0271140515167385,0.0176389844685024,0.316256473414362,0.0560029383420548,FALSE,TRUE,TRUE,FALSE,"Rpv12+1",0,"Rpv12+1|0"
"Vitvi13g04585",12.4759272686694,4.33070401816955,2.47057108040387,3.01645286464221,2.78102363675421,0.0054187791630812,0.027155623161446,0.0165329885397558,0.304353587059445,0.0999929313526751,FALSE,TRUE,TRUE,FALSE,"Rpv12+1",0,"Rpv12+1|0"
"Vitvi04g00735",2777.87168674769,2.45860392712104,1.49020126435225,1.26138169324033,2.78014354981079,0.00543348739022561,0.0271885700236636,0.0495827020370352,0.607452698094861,0.115658088492952,FALSE,TRUE,TRUE,FALSE,"Rpv12+1",0,"Rpv12+1|0"
"Vitvi18g04216",26.8759840905357,1.58969341078624,1.18075827620266,0.63067914411093,2.78010201329963,0.00543418244830816,0.0271885700236636,0.151209380190995,1,0.131230625565386,FALSE,TRUE,TRUE,FALSE,"Rpv12+1",0,"Rpv12+1|0"
"Vitvi01g04077",41.0766340030041,1.58218081671163,1.15870606600826,0.651590837193653,2.78016509022423,0.00543312697175663,0.0271885700236636,0.153158593160312,1,0.138600087580617,FALSE,TRUE,TRUE,FALSE,"Rpv12+1",0,"Rpv12+1|0"
"Vitvi12g04614",14.0872370924231,1.89649647816734,1.39305141006815,0.753181270552636,2.77946778478652,0.00544480539069031,0.0272306588723196,0.0944529545918457,0.870918166784664,0.0958316186013515,FALSE,TRUE,TRUE,FALSE,"Rpv12+1",0,"Rpv12+1|0"
"Vitvi03g01461",8.70050200402175,3.8996864900169,2.34362938350847,2.11785113097698,2.77929581431511,0.00544768902048508,0.0272340232769218,0.0196257131823108,0.34102771876806,0.0818301831045395,FALSE,TRUE,TRUE,FALSE,"Rpv12+1",0,"Rpv12+1|0"
"Vitvi12g04396",84.2113073352086,-1.31122082321505,-1.03053102730782,0.498523538410497,-2.77899967971014,0.00545265788660682,0.0272465436940015,0.254755438843565,1,0.172887083564506,FALSE,TRUE,TRUE,FALSE,"Rpv12+1",0,"Rpv12+1|0"
"Vitvi14g01361",29.1879348178892,-2.37466651854092,-1.59871949228627,1.04291572400003,-2.77864466528986,0.00545862009386958,0.0272665378411539,0.0538994314952512,0.639201193529492,0.0895895555715248,FALSE,TRUE,TRUE,FALSE,"Rpv12+1",0,"Rpv12+1|0"
"Vitvi05g01740",214.809533559015,-1.32084257500965,-1.05695870243843,0.490299195277197,-2.77692441164828,0.00548759392446618,0.0273946026186725,0.24998590477257,1,0.162055597621192,FALSE,TRUE,TRUE,FALSE,"Rpv12+1",0,"Rpv12+1|0"
"Vitvi19g04448",4.37886710845877,3.94245323683166,2.50533282346104,1.81103107723377,2.77666125643941,0.00549203840701848,0.0274056832479861,0.0193655915949377,0.338963162661724,0.0619365623175823,FALSE,TRUE,TRUE,FALSE,"Rpv12+1",0,"Rpv12+1|0"
"Vitvi18g01617",40.7733898808074,2.74618058159686,1.69840494711839,1.34469391551601,2.77646156480998,0.00549541320798199,0.02741697039122,0.0388214330756126,0.525739948226447,0.0963587957231147,FALSE,TRUE,TRUE,FALSE,"Rpv12+1",0,"Rpv12+1|0"
"Vitvi16g04461",34.6779097514057,-1.87060936013028,-1.38388339807349,0.736352043308032,-2.77307582238048,0.00555291808064986,0.0276534646927208,0.0984263201146138,0.887535018844336,0.0960952292839172,FALSE,TRUE,TRUE,FALSE,"Rpv12+1",0,"Rpv12+1|0"
"Vitvi11g04184",4.07395187261666,4.3821786203036,2.66603970503356,2.00766634931217,2.77263946459696,0.00556036873198516,0.027684972530555,0.016510552458194,0.304154606868942,0.0620103121166208,FALSE,TRUE,TRUE,FALSE,"Rpv12+1",0,"Rpv12+1|0"
"Vitvi05g02168",22.5051531238648,2.36408102463535,1.48057340740518,1.13581779216792,2.7724077843237,0.00556432825404839,0.0276878995893226,0.0548739361484421,0.645434935120098,0.110290147870665,FALSE,TRUE,TRUE,FALSE,"Rpv12+1",0,"Rpv12+1|0"
"Vitvi14g00043",25.0381118022103,-1.52972342024812,-1.1723698395276,0.58191994174826,-2.77230960675089,0.00556600692115261,0.0276906596343933,0.168526123911399,1,0.128968112844682,FALSE,TRUE,TRUE,FALSE,"Rpv12+1",0,"Rpv12+1|0"
"Vitvi19g00042",161.350044684811,2.91917886583001,1.37902288564737,1.97507817254014,2.77180600273086,0.00557462486709308,0.0277223371468924,0.0343045616202551,0.486381044674392,0.147474239399422,FALSE,TRUE,TRUE,FALSE,"Rpv12+1",0,"Rpv12+1|0"
"Vitvi10g01406",91.2586803075973,1.34648613484175,1.0318429492377,0.525146733960534,2.77110622768416,0.00558661978684257,0.0277595734305473,0.237899375219171,1,0.173270237660667,FALSE,TRUE,TRUE,FALSE,"Rpv12+1",0,"Rpv12+1|0"
"Vitvi06g00417",137.953377306497,1.86427177630202,1.33598119361722,0.780314030462495,2.76871020603671,0.00562786683178825,0.0279168774253268,0.0996572239075278,0.893682828082315,0.108840535363291,FALSE,TRUE,TRUE,FALSE,"Rpv12+1",0,"Rpv12+1|0"
"Vitvi07g01451",16.6009114867469,2.46106802938348,1.59604617632198,1.13696601695357,2.76821868539649,0.00563636214779755,0.0279438226618891,0.0501980632657399,0.612753680339939,0.0953914950752083,FALSE,TRUE,TRUE,FALSE,"Rpv12+1",0,"Rpv12+1|0"
"Vitvi10g01779",192.116920236031,1.74196089632834,1.22623342188588,0.740886751121005,2.7679626309741,0.00564079230792236,0.0279554534898361,0.119211609827686,0.989672009356537,0.127649906883232,FALSE,TRUE,TRUE,FALSE,"Rpv12+1",0,"Rpv12+1|0"
"Vitvi12g04334",12.338084461874,2.90477712275929,1.98276120929489,1.20429358553447,2.76729507083463,0.0056523569636369,0.0279902444534992,0.0348904262951659,0.490962163235742,0.0633465386001112,FALSE,TRUE,TRUE,FALSE,"Rpv12+1",0,"Rpv12+1|0"
"Vitvi05g04355",27.9064573483703,1.72686486346639,1.29262068991642,0.665541917047083,2.76701797576386,0.00565716357202939,0.0280084167525153,0.122080132385011,1,0.107022006820334,FALSE,TRUE,TRUE,FALSE,"Rpv12+1",0,"Rpv12+1|0"
"Vitvi12g00566",199.458783085191,1.49898931843053,1.10278591893633,0.613412409844714,2.76652244697808,0.00566576841740756,0.0280453829076256,0.178545320540138,1,0.153664786643253,FALSE,TRUE,TRUE,FALSE,"Rpv12+1",0,"Rpv12+1|0"
"Vitvi13g04521",43.7117264432332,-1.66527615343983,-1.2307617250585,0.662408821821142,-2.76625796571508,0.00567036595883973,0.0280625021619075,0.13455915503749,1,0.122790998527196,FALSE,TRUE,TRUE,FALSE,"Rpv12+1",0,"Rpv12+1|0"
"Vitvi15g01388",101.867365071217,3.225659487867,1.97797785950522,2.11949392531654,2.76540283089066,0.00568525401214509,0.0281126128288271,0.0283356263613999,0.434739970667366,0.103954410679201,FALSE,TRUE,TRUE,FALSE,"Rpv12+1",0,"Rpv12+1|0"
"Vitvi05g00205",12.2937450087177,-4.80875113628522,-3.17819905804261,2.19815624631441,-2.76435027341394,0.0057036276323895,0.0281592325353803,0.014700636268987,0.28151826073238,0.0470351235452239,FALSE,TRUE,TRUE,FALSE,"Rpv12+1",0,"Rpv12+1|0"
"Vitvi10g04710",10.5486382303662,-3.26444167593981,-2.11174960016355,1.52596246946262,-2.76416644632732,0.00570684203679541,0.02816945710649,0.0277450905344147,0.428191046188645,0.0711698719098461,FALSE,TRUE,TRUE,FALSE,"Rpv12+1",0,"Rpv12+1|0"
"Vitvi19g04541",8.8993634906413,2.74450660885905,1.9048235061643,1.12137170296561,2.76344419204685,0.00571948721706706,0.02821491531431,0.0395792926639562,0.530678993744966,0.064094783074116,FALSE,TRUE,TRUE,FALSE,"Rpv12+1",0,"Rpv12+1|0"
"Vitvi07g01354",28.4368792237872,2.23877083034851,1.53434848638884,0.960210578514909,2.76210748809212,0.00574295682013682,0.0283023573156413,0.0632454594486989,0.696605462618322,0.0919137069317986,FALSE,TRUE,TRUE,FALSE,"Rpv12+1",0,"Rpv12+1|0"
"Vitvi17g00892",21.436136342989,-2.31105328594333,-1.58501321762108,0.994860877765554,-2.76191554875656,0.0057463339770483,0.0283133367717124,0.0586156277840478,0.672806584994693,0.0882242473042668,FALSE,TRUE,TRUE,FALSE,"Rpv12+1",0,"Rpv12+1|0"
"Vitvi06g01057",426.679906075185,2.48444121285571,1.43676276175385,1.3299283179308,2.76177195463888,0.00574886167475526,0.0283201272184105,0.0495103109143214,0.607452698094861,0.124368609217951,FALSE,TRUE,TRUE,FALSE,"Rpv12+1",0,"Rpv12+1|0"
"Vitvi04g00236",5.04097872726351,5.37619046222428,2.99220956890947,6.54364599155005,2.76168635751144,0.00575036892416716,0.0283218890075534,0.0128157677531684,0.259078569285263,0.127932089746092,FALSE,TRUE,TRUE,FALSE,"Rpv12+1",0,"Rpv12+1|0"
"Vitvi18g04758",4937.48452969436,2.26244120021802,1.25826517669191,1.18550552203436,2.75995212537175,0.00578098324984723,0.0284499207637308,0.0618083087906616,0.69103809481928,0.142509625540346,FALSE,TRUE,TRUE,FALSE,"Rpv12+1",0,"Rpv12+1|0"
"Vitvi14g01789",97.9186126266357,1.91745855254193,1.31191169019838,0.84235127272105,2.75940945142296,0.00579059319368252,0.0284687832442348,0.0933788463624506,0.866579545534632,0.119041682013414,FALSE,TRUE,TRUE,FALSE,"Rpv12+1",0,"Rpv12+1|0"
"Vitvi12g00292",1072.44193584549,1.81756782139378,1.24979162936079,0.796438786426188,2.75939806342007,0.00579079501238891,0.0284687832442348,0.107272348184747,0.933201648209109,0.126334467149976,FALSE,TRUE,TRUE,FALSE,"Rpv12+1",0,"Rpv12+1|0"
"Vitvi15g01628",37.4570458771671,-1.70262679115108,-1.27355501664714,0.662278498330033,-2.75723980611521,0.00582915844110935,0.028619730173506,0.127600449491692,1,0.112101678666388,FALSE,TRUE,TRUE,FALSE,"Rpv12+1",0,"Rpv12+1|0"
"Vitvi12g02456",32.5082059652744,1.53574927305181,1.17221272267927,0.582778920361793,2.75720420926397,0.00582979309799319,0.028619730173506,0.168063540175544,1,0.129062601849679,FALSE,TRUE,TRUE,FALSE,"Rpv12+1",0,"Rpv12+1|0"
"Vitvi03g04147",8.67024352532911,-3.70033973540785,-2.16828237403136,2.07487796618836,-2.75678699907101,0.00583723619085126,0.0286466435852214,0.0223527470416811,0.371289094903235,0.0907076481046045,FALSE,TRUE,TRUE,FALSE,"Rpv12+1",0,"Rpv12+1|0"
"Vitvi17g00591",49.0978283754575,-1.3296285253061,-1.04719330911324,0.496916250402677,-2.75662848472147,0.0058400663557831,0.0286503626763358,0.247178872012677,1,0.166084476818188,FALSE,TRUE,TRUE,FALSE,"Rpv12+1",0,"Rpv12+1|0"
"Vitvi14g00461",482.759208694848,1.64600833247656,1.16476986343185,0.700863665316126,2.75595572119432,0.00585209185812602,0.028679557393434,0.139713410275307,1,0.139550967476228,FALSE,TRUE,TRUE,FALSE,"Rpv12+1",0,"Rpv12+1|0"
"Vitvi07g04663",43.6480629180821,-1.44664946471762,-1.12243624750506,0.544109500802976,-2.75539766597902,0.0058620839065868,0.0287113914756804,0.197463409696518,1,0.141268887723854,FALSE,TRUE,TRUE,FALSE,"Rpv12+1",0,"Rpv12+1|0"
"Vitvi19g04110",345.287078225139,1.69277882913442,1.12354446747056,0.761675227224939,2.75516610571665,0.00586623453471549,0.0287260095403003,0.129757373572049,1,0.154517933866726,FALSE,TRUE,TRUE,FALSE,"Rpv12+1",0,"Rpv12+1|0"
"Vitvi08g02274",7.71813221845886,3.75306074223804,2.24882580842367,2.00782267232361,2.75344701685833,0.00589713146506387,0.0288658316656693,0.0219465606386593,0.367306512953736,0.0837558311151252,FALSE,TRUE,TRUE,FALSE,"Rpv12+1",0,"Rpv12+1|0"
"Vitvi13g00345",508.367264000809,1.69805703347827,1.21333452006264,0.714189206798441,2.75327867464311,0.00590016492565737,0.0288749430092362,0.12885486938872,1,0.128779357878063,FALSE,TRUE,TRUE,FALSE,"Rpv12+1",0,"Rpv12+1|0"
"Vitvi16g00313",49.1709236080184,2.74001235464547,1.3047568761608,1.73279180367288,2.75174418134969,0.00592788079682515,0.0289656970828574,0.0403648875232597,0.539277371154724,0.15129364445715,FALSE,TRUE,TRUE,FALSE,"Rpv12+1",0,"Rpv12+1|0"
"Vitvi18g00313",1278.28034989041,1.46338808959933,1.07407844598221,0.605551728965454,2.75166487427111,0.00592931641728636,0.0289658217839117,0.191789780597293,1,0.160618396728455,FALSE,TRUE,TRUE,FALSE,"Rpv12+1",0,"Rpv12+1|0"
"Vitvi10g01615",226.87380803361,2.95564628134135,1.63701221662911,1.79488888777496,2.75073615320762,0.00594615150376069,0.0290158087628147,0.0344905648455507,0.487696586916086,0.121966825080313,FALSE,TRUE,TRUE,FALSE,"Rpv12+1",0,"Rpv12+1|0"
"Vitvi09g00187",34.0724827152699,-1.44146569120822,-1.10061124725751,0.558894703473289,-2.7486497308993,0.00598412962600455,0.0291641973226999,0.199949875847355,1,0.150150518866983,FALSE,TRUE,TRUE,FALSE,"Rpv12+1",0,"Rpv12+1|0"
"Vitvi17g00100",49.7022894791381,2.71557502276147,1.38830455023707,1.62101181494945,2.74530474961437,0.00604547293469646,0.0293933829128048,0.0415136276398214,0.547632367841698,0.13907477120283,FALSE,TRUE,TRUE,FALSE,"Rpv12+1",0,"Rpv12+1|0"
"Vitvi05g00541",316.80411577448,1.81964559145866,1.2144635710872,0.820526980024052,2.7449725778451,0.00605159541778893,0.0294057405744868,0.108155797121585,0.936526811288826,0.135948777596345,FALSE,TRUE,TRUE,FALSE,"Rpv12+1",0,"Rpv12+1|0"
"Vitvi03g04246",977.869170402293,3.00851426639613,2.05655080358258,1.40917526914969,2.74371378232372,0.00607484785472235,0.0294896456648157,0.0336240101982971,0.480902396269685,0.0695913211713418,FALSE,TRUE,TRUE,FALSE,"Rpv12+1",0,"Rpv12+1|0"
"Vitvi01g01304",9.83644083915168,-2.29890925143094,-1.59989885360184,0.960753437966892,-2.74330657603085,0.006082386967904,0.0295087997915091,0.0606122367504594,0.684392699408025,0.0830860497877867,FALSE,TRUE,TRUE,FALSE,"Rpv12+1",0,"Rpv12+1|0"
"Vitvi05g04570",9.57980156371845,-2.25804566228774,-1.52566035070423,0.968584432385921,-2.74252966037928,0.00609679434966858,0.0295612331427741,0.0632978445608628,0.696889021829802,0.0934734381971143,FALSE,TRUE,TRUE,FALSE,"Rpv12+1",0,"Rpv12+1|0"
"Vitvi06g00758",835.278423953681,1.48394155407466,1.06832151531256,0.626569142386374,2.74244437125677,0.00609837785041656,0.0295630926255141,0.185565994968462,1,0.163206451165665,FALSE,TRUE,TRUE,FALSE,"Rpv12+1",0,"Rpv12+1|0"
"Vitvi10g01650",96.3017065773266,1.37653745424094,1.06886142142628,0.527939402185505,2.74014794993164,0.00614115332879759,0.02972366471675,0.226767357142197,1,0.159563112723615,FALSE,TRUE,TRUE,FALSE,"Rpv12+1",0,"Rpv12+1|0"
"Vitvi03g00253",483.918772881918,2.34355329724526,1.42671044546336,1.17593169901416,2.73996226718786,0.0061446238236638,0.0297287809347567,0.0581592969030637,0.669625461129948,0.120320874000352,FALSE,TRUE,TRUE,FALSE,"Rpv12+1",0,"Rpv12+1|0"
"Vitvi03g04346",5.47232456938904,4.10615588781896,2.53967425465924,2.22655069494119,2.73954450879199,0.00615243837573952,0.0297607445169289,0.0194444611912874,0.33955117510206,0.0758177624002697,FALSE,TRUE,TRUE,FALSE,"Rpv12+1",0,"Rpv12+1|0"
"Vitvi14g01653",160.641155702411,2.17242482554755,1.37441398070742,1.03630395340472,2.73863340316226,0.00616951249046091,0.0298199155807328,0.0697357880065056,0.735571967121847,0.120595496672376,FALSE,TRUE,TRUE,FALSE,"Rpv12+1",0,"Rpv12+1|0"
"Vitvi16g01016",9.4706302730239,3.12219096350322,2.30216612166154,1.52650425332893,2.73833466046318,0.00617512020889176,0.0298411654504232,0.0315023279030754,0.463741922125238,0.0595917538489335,FALSE,TRUE,TRUE,FALSE,"Rpv12+1",0,"Rpv12+1|0"
"Vitvi19g01931",152.851289197041,-1.9524892391009,-1.45354500482714,0.757034606437242,-2.73794545880548,0.00618243282291127,0.0298706442489198,0.0908474109311902,0.853760116479748,0.0864448867075019,FALSE,TRUE,TRUE,FALSE,"Rpv12+1",0,"Rpv12+1|0"
"Vitvi11g00408",170.892577973797,2.02279900275131,1.34039145869396,0.92083906589395,2.73761935467564,0.00618856591578531,0.0298885532055061,0.0831643395162377,0.810853139957053,0.119315682601645,FALSE,TRUE,TRUE,FALSE,"Rpv12+1",0,"Rpv12+1|0"
"Vitvi11g00580",248.600389244746,-1.4527755044697,-1.11039184962512,0.563142514884193,-2.73666614167428,0.0062065245688922,0.0299459340539029,0.196854874084967,1,0.146805360199021,FALSE,TRUE,TRUE,FALSE,"Rpv12+1",0,"Rpv12+1|0"
"Vitvi19g00698",24.1917825545597,2.57140967597359,1.60851751512082,1.26720852502446,2.7360089431161,0.00621893358586314,0.0299823185560322,0.0473347352032597,0.590476556119252,0.100891052422301,FALSE,TRUE,TRUE,FALSE,"Rpv12+1",0,"Rpv12+1|0"
"Vitvi13g00819",113.257817451423,-1.77749732001843,-1.22316571843362,0.765353992668122,-2.73458800137326,0.00624583975123936,0.0301061451988912,0.115830694648216,0.974356298483775,0.130099832202993,FALSE,TRUE,TRUE,FALSE,"Rpv12+1",0,"Rpv12+1|0"
"Vitvi11g01337",8.58395923072163,3.00711098251482,1.68823699573221,1.73265597487272,2.73315066059081,0.00627316301390677,0.0301964916003531,0.0341920181689461,0.485809341470363,0.114198641619951,FALSE,TRUE,TRUE,FALSE,"Rpv12+1",0,"Rpv12+1|0"
"Vitvi01g00325",1556.20152626192,1.28267558332256,1.01168124629395,0.488184832332593,2.73235137515451,0.00628840361331275,0.0302521209563704,0.27353619172186,1,0.180268768394265,FALSE,TRUE,TRUE,FALSE,"Rpv12+1",0,"Rpv12+1|0"
"Vitvi19g01420",15.8586404378232,2.00446439961442,1.42869523249426,0.829141508833835,2.73217616440234,0.00629174894400128,0.030262305151194,0.0855003043053005,0.824401938931941,0.0967105604415796,FALSE,TRUE,TRUE,FALSE,"Rpv12+1",0,"Rpv12+1|0"
"Vitvi08g02264",85.9996060043281,1.73264946389933,1.20453144909188,0.7473343303123,2.73167246049218,0.00630137517826182,0.030279047960144,0.124035924137314,1,0.133211926342183,FALSE,TRUE,TRUE,FALSE,"Rpv12+1",0,"Rpv12+1|0"
"Vitvi15g01470",24.4803870502857,-1.40745007213038,-1.09916215644247,0.528753857097913,-2.73140708686784,0.00630645203661004,0.03029753361426,0.214552477071088,1,0.148239961168054,FALSE,TRUE,TRUE,FALSE,"Rpv12+1",0,"Rpv12+1|0"
"Vitvi07g04530",33.7841682336393,-2.02181028914834,-1.25945612480854,0.942144907619034,-2.73109142470384,0.00631249575811848,0.0303187198751511,0.0837730909780878,0.81403277831587,0.132928415999031,FALSE,TRUE,TRUE,FALSE,"Rpv12+1",0,"Rpv12+1|0"
"Vitvi04g02222",26.2132201491188,1.91603698895724,1.32761454340065,0.818687423452087,2.73083853670287,0.00631734135536506,0.030332103221745,0.0958630526174473,0.875892977093889,0.113284843654353,FALSE,TRUE,TRUE,FALSE,"Rpv12+1",0,"Rpv12+1|0"
"Vitvi10g01771",1038.40039257976,1.58410324514674,1.14044569155469,0.67086954299244,2.72942671091104,0.00634445497429267,0.0304444863160643,0.157111972738137,1,0.144420627976657,FALSE,TRUE,TRUE,FALSE,"Rpv12+1",0,"Rpv12+1|0"
"Vitvi14g01879",65.0494395100453,1.83719723623287,1.22088306624915,0.827950171455706,2.72862375978104,0.00635992204518963,0.0304890133304712,0.106870260066466,0.932183772283653,0.134534755459889,FALSE,TRUE,TRUE,FALSE,"Rpv12+1",0,"Rpv12+1|0"
"Vitvi05g00961",234.722637005627,1.48221244627895,1.1029801875495,0.603781488329549,2.72748055218389,0.00638200195170275,0.0305534897113681,0.187450644707836,1,0.153001996448312,FALSE,TRUE,TRUE,FALSE,"Rpv12+1",0,"Rpv12+1|0"
"Vitvi08g01470",13.0365188687912,2.82758326871429,1.82383087455737,1.31102080126164,2.72650860676734,0.00640082832702928,0.0306136297155296,0.0391249400308822,0.52756149807621,0.0824995024428309,FALSE,TRUE,TRUE,FALSE,"Rpv12+1",0,"Rpv12+1|0"
"Vitvi02g00792",5534.28752565132,-1.32935768422814,-1.03103077003384,0.507847752477041,-2.72280569655477,0.00647301160078976,0.0308689728604446,0.249967727077867,1,0.173078744476164,FALSE,TRUE,TRUE,FALSE,"Rpv12+1",0,"Rpv12+1|0"
"Vitvi09g04573",14.2421951533087,-2.71263779833991,-1.81683957576072,1.18115406740638,-2.72227278646729,0.00648346002820991,0.0309008553404874,0.0429299413378089,0.558708624604847,0.0757371483173732,FALSE,TRUE,TRUE,FALSE,"Rpv12+1",0,"Rpv12+1|0"
"Vitvi07g00012",406.3952200899,-1.66675779129592,-1.13955299265709,0.655321680030099,-2.720895668216,0.00651053059852172,0.0310178750387123,0.138205499884706,1,0.143274072599757,FALSE,TRUE,TRUE,FALSE,"Rpv12+1",0,"Rpv12+1|0"
"Vitvi17g01082",19.2331364711164,3.25431531986256,1.99293416725538,1.71317587663995,2.72014642466247,0.00652530144665031,0.0310822363572461,0.0299512741327716,0.449251938095856,0.0889904745997524,FALSE,TRUE,TRUE,FALSE,"Rpv12+1",0,"Rpv12+1|0"
"Vitvi13g00717",129.901671466162,1.80675394236402,1.22308652850428,0.80511762618528,2.71902047289692,0.0065475555383557,0.0311641379912927,0.112366717958511,0.959334521891866,0.132550285791343,FALSE,TRUE,TRUE,FALSE,"Rpv12+1",0,"Rpv12+1|0"
"Vitvi08g01427",82.7721735167759,1.58342057398557,1.15446078322946,0.656361582793487,2.71888416872775,0.00655025417504955,0.0311709603740623,0.158227391801864,1,0.13945566417911,FALSE,TRUE,TRUE,FALSE,"Rpv12+1",0,"Rpv12+1|0"
"Vitvi06g01830",3827.88546252116,1.73547185440035,1.20843319224976,0.755856378750314,2.7188155372905,0.00655161336253733,0.0311714072613885,0.124628374700982,1,0.132739430542341,FALSE,TRUE,TRUE,FALSE,"Rpv12+1",0,"Rpv12+1|0"
"Vitvi03g01111",69.7114624774096,2.23501017644185,1.37992098783482,1.08592357859613,2.71486818741351,0.00663021540253322,0.0314967193707691,0.0668280467804271,0.719109368872559,0.122607712912013,FALSE,TRUE,TRUE,FALSE,"Rpv12+1",0,"Rpv12+1|0"
"Vitvi11g00177",17.2927421440204,2.66580985446772,1.68142831305149,1.30670292670429,2.71454686142759,0.00663665101068503,0.0315151376829677,0.045012560285683,0.575418662233516,0.0960074089083193,FALSE,TRUE,TRUE,FALSE,"Rpv12+1",0,"Rpv12+1|0"
"Vitvi14g03074",748.044537397158,1.68107635715837,1.21189612651723,0.700732249240417,2.71353345323783,0.00665698464354955,0.0315877261289077,0.135811075322894,1,0.128308345671385,FALSE,TRUE,TRUE,FALSE,"Rpv12+1",0,"Rpv12+1|0"
"Vitvi07g00604",154.695956160479,2.0784404144532,1.22940727120137,1.03665451630601,2.71262626536572,0.00667523450098792,0.0316557457837106,0.0796689017004671,0.791643342738946,0.142032367421538,FALSE,TRUE,TRUE,FALSE,"Rpv12+1",0,"Rpv12+1|0"
"Vitvi04g04013",119.339243673807,2.25067261121773,1.33444501023976,1.132052781377,2.71177995029423,0.00669230032218968,0.0317121582491758,0.0659624490613346,0.713316124429703,0.129157030764121,FALSE,TRUE,TRUE,FALSE,"Rpv12+1",0,"Rpv12+1|0"
"Vitvi19g00261",3018.91946200932,1.33871105849514,1.01136376501298,0.541402106969451,2.71108789293558,0.00670628469752465,0.0317723134246572,0.246376564299958,1,0.180844360522246,FALSE,TRUE,TRUE,FALSE,"Rpv12+1",0,"Rpv12+1|0"
"Vitvi15g00753",356.064397157429,1.4772257215388,1.09993266262621,0.597648688972689,2.71081838828143,0.00671173766996035,0.0317842522885987,0.190587216319475,1,0.153759456151705,FALSE,TRUE,TRUE,FALSE,"Rpv12+1",0,"Rpv12+1|0"
"Vitvi01g00258",1724.73810066183,2.45351134665568,1.36621374244566,1.35417175773531,2.7105410414696,0.00671735347617803,0.0318002921289627,0.054229015428085,0.639863245188668,0.134062249139806,FALSE,TRUE,TRUE,FALSE,"Rpv12+1",0,"Rpv12+1|0"
"Vitvi15g01123",323.639214760793,-1.53025763737899,-1.14698097443967,0.601899526506642,-2.71002017549108,0.00672791155149965,0.0318441554241586,0.173852819632438,1,0.138505277790582,FALSE,TRUE,TRUE,FALSE,"Rpv12+1",0,"Rpv12+1|0"
"Vitvi10g04230",104.944055775525,-1.9410473344919,-1.41715257687779,0.780920010526505,-2.70771890567776,0.00677473758381161,0.0319981662413311,0.0946556025731769,0.871557869662702,0.0946920447461329,FALSE,TRUE,TRUE,FALSE,"Rpv12+1",0,"Rpv12+1|0"
"Vitvi14g04470",43.5987536785188,1.38930670234148,1.09087559464328,0.517466195912662,2.70747029480818,0.00677981378561445,0.0320124808500465,0.224024231339575,1,0.151388802704293,FALSE,TRUE,TRUE,FALSE,"Rpv12+1",0,"Rpv12+1|0"
"Vitvi06g00481",870.909133560632,1.78791880946566,1.18843736709868,0.812853767651882,2.70660540744057,0.00679749992360679,0.03206264754317,0.116490893758037,0.977007146462486,0.140123050579574,FALSE,TRUE,TRUE,FALSE,"Rpv12+1",0,"Rpv12+1|0"
"Vitvi07g00745",8.0994463014315,2.48452704524068,1.62292893232329,1.11811529046106,2.70651545826602,0.00679934167828147,0.032065195556306,0.0529946731261172,0.63387638514225,0.0917412647113384,FALSE,TRUE,TRUE,FALSE,"Rpv12+1",0,"Rpv12+1|0"
"Vitvi16g04160",5.43551002334259,-3.27317505519067,-1.64460281682234,2.06229606519939,-2.70476296527808,0.00683531444966283,0.0322101772727417,0.0303687330708466,0.453174950599131,0.126616128985734,FALSE,TRUE,TRUE,FALSE,"Rpv12+1",0,"Rpv12+1|0"
"Vitvi15g01705",3820.36940534275,1.80460003711024,1.18609298577426,0.833009930064119,2.70396868862977,0.00685167451581092,0.0322625866535776,0.114000423637873,0.965170587569713,0.14174588764898,FALSE,TRUE,TRUE,FALSE,"Rpv12+1",0,"Rpv12+1|0"
"Vitvi03g04029",185.644284410198,2.29480472084688,1.50954454198967,1.06113757535261,2.70351692648743,0.00686099534807889,0.0323003021966886,0.0636298577006289,0.698193560231019,0.100980866705986,FALSE,TRUE,TRUE,FALSE,"Rpv12+1",0,"Rpv12+1|0"
"Vitvi08g01031",40.8147711170598,-1.50689805841782,-1.12024994263551,0.603690498055061,-2.70257482598786,0.00688046958351757,0.0323672424402404,0.181650572877187,1,0.146231766266788,FALSE,TRUE,TRUE,FALSE,"Rpv12+1",0,"Rpv12+1|0"
"Vitvi13g01852",40.6839678281631,2.08025611273334,1.35988234676428,0.948127180435898,2.70145420759543,0.00690369863467996,0.0324455397870995,0.0803642312155907,0.794500349345668,0.117121348031295,FALSE,TRUE,TRUE,FALSE,"Rpv12+1",0,"Rpv12+1|0"
"Vitvi10g01710",105.571592944912,1.92784990922088,1.32498846357229,0.845069037087421,2.70145556710566,0.0069036704110608,0.0324455397870995,0.0967906424853384,0.881596941773666,0.116206896166404,FALSE,TRUE,TRUE,FALSE,"Rpv12+1",0,"Rpv12+1|0"
"Vitvi18g00675",8327.27633640817,1.99320840768593,1.45980792935502,0.812496364875238,2.70066703660844,0.00692005782857197,0.0324976257462255,0.0892194134909237,0.846532694054796,0.0903629475933216,FALSE,TRUE,TRUE,FALSE,"Rpv12+1",0,"Rpv12+1|0"
"Vitvi13g04745",31.9533962847844,2.9856474966127,1.35870246311069,2.1374121646147,2.70001015139493,0.00693373603493111,0.0325494514017841,0.0364291617976667,0.50314173361413,0.153570100244573,FALSE,TRUE,TRUE,FALSE,"Rpv12+1",0,"Rpv12+1|0"
"Vitvi16g01665",9.15783289306068,-2.41425903668199,-1.57863552830694,1.07415527669572,-2.69938872650065,0.00694669820701525,0.0325978775291481,0.0569736955484846,0.66006069197389,0.0939081616077884,FALSE,TRUE,TRUE,FALSE,"Rpv12+1",0,"Rpv12+1|0"
"Vitvi05g00006",1622.43372058245,3.02265007023907,1.01878319732192,2.11959485604212,2.69793388519795,0.00697712960436341,0.0327219807601555,0.0356740814667012,0.497440456869635,0.183623230922347,FALSE,TRUE,TRUE,FALSE,"Rpv12+1",0,"Rpv12+1|0"
"Vitvi02g00055",7.927388665115,2.9170469307183,2.3895327483344,1.37614143558749,2.69775136369387,0.00698095590803954,0.0327253882642066,0.0382661111931095,0.52108443659581,0.0447579765931765,FALSE,TRUE,TRUE,FALSE,"Rpv12+1",0,"Rpv12+1|0"
"Vitvi13g04637",32.117249453181,3.50127991253934,2.17881057310523,1.85835742856352,2.69758248205464,0.00698449794987815,0.0327253882642066,0.0272440771016533,0.422954191633323,0.0819970842463128,FALSE,TRUE,TRUE,FALSE,"Rpv12+1",0,"Rpv12+1|0"
"Vitvi03g00500",298.910499154439,3.39837520202777,2.08536731189633,1.97535415020679,2.69761245638738,0.0069838691649235,0.0327253882642066,0.0287072076881918,0.437855545081779,0.0925190666606306,FALSE,TRUE,TRUE,FALSE,"Rpv12+1",0,"Rpv12+1|0"
"Vitvi14g01569",62.9429218121905,1.93462175283281,1.32510417836448,0.846734433395362,2.69715634557105,0.0069934427063947,0.0327548392613574,0.0963080474741627,0.878731152381103,0.116572555417906,FALSE,TRUE,TRUE,FALSE,"Rpv12+1",0,"Rpv12+1|0"
"Vitvi18g00845",31.5026638047259,-1.34369672991249,-1.04064826572647,0.515518882897303,-2.69697782355023,0.0069971930039537,0.0327633198450822,0.245147110881009,1,0.169536539979713,FALSE,TRUE,TRUE,FALSE,"Rpv12+1",0,"Rpv12+1|0"
"Vitvi12g02729",690.17133025916,-2.09863184890038,-1.3196662472273,0.988207339186428,-2.69645623175665,0.00700816068248525,0.0327926014385008,0.0790692776440966,0.789541019132565,0.125209262338832,FALSE,TRUE,TRUE,FALSE,"Rpv12+1",0,"Rpv12+1|0"
"Vitvi01g00801",720.107876204416,1.5161399397663,1.11291911956292,0.624335452976454,2.69618840916885,0.00701379827104445,0.0328029462868401,0.179348820990324,1,0.149959638416098,FALSE,TRUE,TRUE,FALSE,"Rpv12+1",0,"Rpv12+1|0"
"Vitvi13g00015",9065.42346816062,1.70311843489492,1.28161492773505,0.671051218449064,2.69519166663094,0.00703481521602881,0.0328673824506136,0.132930730343502,1,0.111015319585638,FALSE,TRUE,TRUE,FALSE,"Rpv12+1",0,"Rpv12+1|0"
"Vitvi07g00040",23.7915035206471,3.34221804659202,1.01388365322108,2.56045933515468,2.69476652312162,0.00704379682747468,0.0329031055444949,0.0297121087617751,0.446689110976595,0.184579588446595,FALSE,TRUE,TRUE,FALSE,"Rpv12+1",0,"Rpv12+1|0"
"Vitvi05g00529",81.0167966746464,4.87831633678218,2.96236425424306,3.79153348605962,2.69378267067393,0.00706462126196431,0.0329628805700289,0.0166985845899419,0.306109512465514,0.0965346629122727,FALSE,TRUE,TRUE,FALSE,"Rpv12+1",0,"Rpv12+1|0"
"Vitvi14g01193",15.7993289422264,3.37397527055259,1.70253465501196,2.57291105110338,2.69252652973509,0.00709128935307827,0.0330622642888789,0.0293204402637981,0.442326065086906,0.133306454158021,FALSE,TRUE,TRUE,FALSE,"Rpv12+1",0,"Rpv12+1|0"
"Vitvi03g04395",24.400542489708,5.22992157438582,3.08700209529574,4.81674689542263,2.69027360308081,0.00713934589115153,0.0332162232220999,0.0154584481952352,0.290835210188879,0.108023284262395,FALSE,TRUE,TRUE,FALSE,"Rpv12+1",0,"Rpv12+1|0"
"Vitvi15g00938",778.352233474011,2.15292984509091,1.36683601809578,1.03768921139707,2.68919256863864,0.00716250876178395,0.0332997859700527,0.074959531038479,0.765469518237449,0.122149734034514,FALSE,TRUE,TRUE,FALSE,"Rpv12+1",0,"Rpv12+1|0"
"Vitvi05g00424",49.2419893645998,1.41441619441938,1.06509540875922,0.56965739158547,2.68891381323523,0.00716849246619375,0.0333213170560659,0.215398240343953,1,0.162534847758353,FALSE,TRUE,TRUE,FALSE,"Rpv12+1",0,"Rpv12+1|0"
"Vitvi04g00831",293.153568971164,2.62816060437583,1.31126727695059,1.58100479580909,2.68830258962361,0.00718162857167471,0.0333572023928692,0.0480177497703515,0.596153923228583,0.146518610845292,FALSE,TRUE,TRUE,FALSE,"Rpv12+1",0,"Rpv12+1|0"
"Vitvi18g00603",44.8377481743293,1.84821836052452,1.30438980504189,0.789225796487997,2.68761444410912,0.00719644369633098,0.0334008264700094,0.108721294049082,0.939867921688678,0.116115354907008,FALSE,TRUE,TRUE,FALSE,"Rpv12+1",0,"Rpv12+1|0"
"Vitvi01g01028",24.6517000752113,2.38050996218246,1.48821741107242,1.16208190783264,2.68479743711165,0.00725737760283085,0.0336329485747443,0.059807204583184,0.679329858745771,0.110834231170705,FALSE,TRUE,TRUE,FALSE,"Rpv12+1",0,"Rpv12+1|0"
"Vitvi12g02413",17.2018840444327,2.6720936773714,1.5769928111832,1.39505776407187,2.68438717653232,0.00726629035679937,0.0336649686078575,0.0466120075298016,0.584807436437448,0.112011040599678,FALSE,TRUE,TRUE,FALSE,"Rpv12+1",0,"Rpv12+1|0"
"Vitvi10g04446",597.352167425164,1.28290380923158,1.01574008780699,0.483460354888841,2.68302509105482,0.00729595162412047,0.0337735934257482,0.277041310581653,1,0.178637390508965,FALSE,TRUE,TRUE,FALSE,"Rpv12+1",0,"Rpv12+1|0"
"Vitvi13g04049",11.3329654988928,-2.43236669260301,-1.51372747338016,1.15095943796156,-2.68220059571636,0.00731395887452992,0.0338360389487535,0.0571889272439297,0.661363902641007,0.106479332081282,FALSE,TRUE,TRUE,FALSE,"Rpv12+1",0,"Rpv12+1|0"
"Vitvi08g02206",88.9562117371089,2.24847610686736,1.30048780440868,1.15913765969532,2.68215594518808,0.00731493519406808,0.0338360389487535,0.0682602999151922,0.727006538775088,0.136325705987709,FALSE,TRUE,TRUE,FALSE,"Rpv12+1",0,"Rpv12+1|0"
"Vitvi02g00211",138.528259149204,1.66318371816418,1.17219588246284,0.714815789219631,2.68171686916978,0.00732454217304883,0.0338677591920479,0.142472149882311,1,0.138979743756128,FALSE,TRUE,TRUE,FALSE,"Rpv12+1",0,"Rpv12+1|0"
"Vitvi04g00468",5.16059107471493,3.10457621975556,1.90528063057204,1.54821307653812,2.68062647433972,0.00734844898234807,0.0339594542032149,0.0347915585929229,0.490487832781544,0.0884793293136047,FALSE,TRUE,TRUE,FALSE,"Rpv12+1",0,"Rpv12+1|0"
"Vitvi18g02661",18.4164297068533,3.02270114208989,1.85186944082818,1.56210854529369,2.67985267599124,0.00736545688366559,0.0340250132732019,0.0366452448596662,0.504793554651926,0.0931264014352991,FALSE,TRUE,TRUE,FALSE,"Rpv12+1",0,"Rpv12+1|0"
"Vitvi01g04136",5.38152021782282,-3.43432003632774,-1.78402828636381,1.98277410162099,-2.67944898057736,0.00737434402178279,0.0340596811624748,0.0290361721988812,0.440323031043788,0.114654740879909,FALSE,TRUE,TRUE,FALSE,"Rpv12+1",0,"Rpv12+1|0"
"Vitvi13g04171",278.711515532716,2.22546168658004,1.36007509368939,1.11002597523678,2.67887778124969,0.00738693510339157,0.0341050474526152,0.0701394533516278,0.738152128938789,0.125022475579695,FALSE,TRUE,TRUE,FALSE,"Rpv12+1",0,"Rpv12+1|0"
"Vitvi01g00457",437.741605816746,2.52461716383738,1.35912077642607,1.43319264733776,2.67856805263668,0.00739377058487353,0.0341295370704905,0.0529678671643576,0.633845579667169,0.137366033087895,FALSE,TRUE,TRUE,FALSE,"Rpv12+1",0,"Rpv12+1|0"
"Vitvi17g01471",24.3645181407433,2.85325525059821,1.57656715130652,1.5952449702707,2.67817904691732,0.00740236369123934,0.0341506801305941,0.0411191037850218,0.545177210295178,0.120504002218849,FALSE,TRUE,TRUE,FALSE,"Rpv12+1",0,"Rpv12+1|0"
"Vitvi08g02162",466.996656359558,2.37790234345836,1.41570870536481,1.24174968345853,2.67703299283371,0.0074277320346854,0.0342439919231436,0.0604939788630504,0.684392699408025,0.123902773540443,FALSE,TRUE,TRUE,FALSE,"Rpv12+1",0,"Rpv12+1|0"
"Vitvi03g00325",81.6941016193176,-2.44913082149087,-1.29330725132423,1.33847678199737,-2.67688878859469,0.00743092956734557,0.0342439919231436,0.0566906558345719,0.658220535275884,0.142414043282576,FALSE,TRUE,TRUE,FALSE,"Rpv12+1",0,"Rpv12+1|0"
"Vitvi17g04196",12.0907890825766,1.80486287883745,1.28839884732612,0.737050526149419,2.67594781119755,0.00745182478967128,0.0343261511663643,0.116388905966293,0.976604247257665,0.115201613298824,FALSE,TRUE,TRUE,FALSE,"Rpv12+1",0,"Rpv12+1|0"
"Vitvi05g00039",109.935907321036,1.63092565661392,1.15971822036852,0.683595842061914,2.6758977425798,0.00745293808202965,0.0343261511663643,0.150301650283754,1,0.139836981387683,FALSE,TRUE,TRUE,FALSE,"Rpv12+1",0,"Rpv12+1|0"
"Vitvi06g04210",802.302038674518,-2.06303270437925,-1.34639503633859,0.936967724310718,-2.67552572836613,0.00746121461452157,0.0343514265078216,0.0840390647308906,0.815290837965554,0.119224403316235,FALSE,TRUE,TRUE,FALSE,"Rpv12+1",0,"Rpv12+1|0"
"Vitvi13g04677",23.5794244262857,1.66695720601125,1.33161284124592,0.740513831139997,2.6744531977152,0.0074851223211028,0.034435756022911,0.142305327844028,1,0.106208642118031,FALSE,TRUE,TRUE,FALSE,"Rpv12+1",0,"Rpv12+1|0"
"Vitvi19g00282",61.4916839745624,1.50932310762371,1.12439878459522,0.607265489171214,2.67367297545837,0.00750255734292191,0.0344966410414752,0.183470539447058,1,0.145563906157511,FALSE,TRUE,TRUE,FALSE,"Rpv12+1",0,"Rpv12+1|0"
"Vitvi08g00673",48.9837328981095,2.59103124214268,1.48901873734755,1.39041010602217,2.67152792506701,0.00755067896334812,0.0346855355101705,0.0505614305797128,0.615752543079472,0.122332834234399,FALSE,TRUE,TRUE,FALSE,"Rpv12+1",0,"Rpv12+1|0"
"Vitvi08g01015",54.3035991178763,1.32690106383178,1.01417230855311,0.525556194484661,2.67104400158292,0.0075615733880354,0.0347161613842043,0.255254436789672,1,0.179885178694784,FALSE,TRUE,TRUE,FALSE,"Rpv12+1",0,"Rpv12+1|0"
"Vitvi10g01342",58.160862952366,2.15615496258548,1.28989789009707,1.06425464344272,2.67071906127704,0.00756889657849456,0.0347368360856542,0.0761081463086969,0.771978848706831,0.13340100487447,FALSE,TRUE,TRUE,FALSE,"Rpv12+1",0,"Rpv12+1|0"
"Vitvi01g01796",483.153189262192,2.08465511987499,1.35701867825935,0.97600551448112,2.67038180542866,0.00757650404883613,0.0347587995804705,0.0823927194918974,0.806326655139747,0.11977222726825,FALSE,TRUE,TRUE,FALSE,"Rpv12+1",0,"Rpv12+1|0"
"Vitvi04g04434",1325.25118593985,1.9620795279961,1.20763213950011,0.953205383219891,2.6699433167215,0.00758640527597939,0.0347912658933411,0.0952660040263218,0.875308538053136,0.14260514421453,FALSE,TRUE,TRUE,FALSE,"Rpv12+1",0,"Rpv12+1|0"
"Vitvi10g04285",135.981527359104,1.59086100928205,1.12137426085429,0.6839386671639,2.66968077080118,0.00759233920459296,0.034811998630998,0.160716640893543,1,0.151008212618676,FALSE,TRUE,TRUE,FALSE,"Rpv12+1",0,"Rpv12+1|0"
"Vitvi19g00652",278.94918602256,-2.56703334322766,-1.76950186992405,1.12475879896865,-2.66726401970439,0.00764715712032654,0.0350242355115012,0.0518444128167153,0.626419397169726,0.0767864134706115,FALSE,TRUE,TRUE,FALSE,"Rpv12+1",0,"Rpv12+1|0"
"Vitvi10g00233",58.5435466558779,2.71168724065718,1.28147262406339,1.71181350515133,2.66642163413272,0.00766634773478751,0.0350730070184262,0.0463077306676292,0.582339280282649,0.154044012662359,FALSE,TRUE,TRUE,FALSE,"Rpv12+1",0,"Rpv12+1|0"
"Vitvi18g01429",19.1149638656577,4.21170332532318,3.99907073583745,2.44049620377883,2.6633509266211,0.00773666834104559,0.0353422142128684,0.0216192667323706,0.36302754345627,0.0295837784577028,FALSE,TRUE,TRUE,FALSE,"Rpv12+1",0,"Rpv12+1|0"
"Vitvi11g04147",33.8255657447383,3.53219447377166,2.24478036732128,1.89004253991472,2.66316388910021,0.00774097020277446,0.0353553099583892,0.0284348772529782,0.435496460222867,0.0787476009476999,FALSE,TRUE,TRUE,FALSE,"Rpv12+1",0,"Rpv12+1|0"
"Vitvi02g00073",27.3729190573405,2.19809812760478,1.41171707350042,1.03051622243357,2.66289638246682,0.00774712657867888,0.0353703132676673,0.07338191435362,0.756640716427412,0.113650722949506,FALSE,TRUE,TRUE,FALSE,"Rpv12+1",0,"Rpv12+1|0"
"Vitvi12g00430",474.016163116615,2.42626268610777,1.31198280098881,1.35472662803836,2.66168398811627,0.00777508356120103,0.035458526215059,0.0589174755989037,0.674495511681278,0.140313898009364,FALSE,TRUE,TRUE,FALSE,"Rpv12+1",0,"Rpv12+1|0"
"Vitvi19g00529",1237.21068520857,1.32731669966912,1.00615716271347,0.527199303601022,2.66114066690174,0.00778764148235367,0.0355026527681838,0.255837006447402,1,0.183048762779481,FALSE,TRUE,TRUE,FALSE,"Rpv12+1",0,"Rpv12+1|0"
"Vitvi10g00612",112.721077146598,2.25270765317004,1.34298839429418,1.14737826650545,2.6601680182942,0.00781016795084504,0.035585592313116,0.0695923759129606,0.735139980058841,0.12868511287014,FALSE,TRUE,TRUE,FALSE,"Rpv12+1",0,"Rpv12+1|0"
"Vitvi19g00391",221.498461907753,-2.59050149683965,-1.37002184522611,1.47319615194933,-2.65944337982832,0.00782698845225786,0.0356358690648355,0.0513662508690343,0.622078590964384,0.13708171587082,FALSE,TRUE,TRUE,FALSE,"Rpv12+1",0,"Rpv12+1|0"
"Vitvi10g04208",53.6181906301072,1.80044645668687,1.2253208380655,0.784424060936408,2.65879557146372,0.00784205302000436,0.0356950480705788,0.118610002552716,0.986998688170291,0.131042319775551,FALSE,TRUE,TRUE,FALSE,"Rpv12+1",0,"Rpv12+1|0"
"Vitvi12g00572",434.495100111084,1.74948964575626,1.15919901780356,0.795388091483216,2.65850474383537,0.00784882456374477,0.035708890480594,0.127383790389364,1,0.146040745575908,FALSE,TRUE,TRUE,FALSE,"Rpv12+1",0,"Rpv12+1|0"
"Vitvi12g02492",83.8747898889654,-1.8443204476093,-1.22579969430013,0.82404518516879,-2.65708521198964,0.00788195175702371,0.0358375223717836,0.111937151170232,0.956916319432059,0.133117418006695,FALSE,TRUE,TRUE,FALSE,"Rpv12+1",0,"Rpv12+1|0"
"Vitvi17g01221",293.377486808959,2.21494016402857,1.32737851613241,1.11337985467043,2.65654669341354,0.00789455173680525,0.0358771770130851,0.0725923195560197,0.752652591068538,0.129722807893597,FALSE,TRUE,TRUE,FALSE,"Rpv12+1",0,"Rpv12+1|0"
"Vitvi08g01537",1005.42551932325,1.5146519358851,1.03431192122121,0.663324888868714,2.6556885210539,0.00791466809704149,0.0359487026620048,0.183439089360324,1,0.17509003732662,FALSE,TRUE,TRUE,FALSE,"Rpv12+1",0,"Rpv12+1|0"
"Vitvi12g04626",6.24066071035223,-3.55087709449132,-2.21187282043768,1.75067499109235,-2.65448904988509,0.00794286174848917,0.0360501735511752,0.0285992181944924,0.43699004015755,0.0756564653177579,FALSE,TRUE,TRUE,FALSE,"Rpv12+1",0,"Rpv12+1|0"
"Vitvi08g01863",143.190333830105,1.61371118552577,1.10601024511338,0.719659171658834,2.6508954398252,0.00802786898485827,0.0363689923337566,0.156696856858546,1,0.157179149797314,FALSE,TRUE,TRUE,FALSE,"Rpv12+1",0,"Rpv12+1|0"
"Vitvi14g02001",16.5656189819668,-1.9048404128147,-1.34572082672216,0.793188775904848,-2.65044719053394,0.00803852931105791,0.0364038985491218,0.104038109137684,0.92083795136044,0.107386548842027,FALSE,TRUE,TRUE,FALSE,"Rpv12+1",0,"Rpv12+1|0"
"Vitvi04g00153",67.5359096327623,1.91388221198014,1.32112286883898,0.83719694655816,2.65020054205139,0.00804440054333599,0.0364150335658228,0.102877764679841,0.915367158591825,0.116663884474556,FALSE,TRUE,TRUE,FALSE,"Rpv12+1",0,"Rpv12+1|0"
"Vitvi10g00183",65.0837335957414,1.59578951163795,1.11794397644078,0.682158578054476,2.65019910838356,0.00804443468165388,0.0364150335658228,0.161228581432094,1,0.152243685758239,FALSE,TRUE,TRUE,FALSE,"Rpv12+1",0,"Rpv12+1|0"
"Vitvi13g00502",41.7926563223338,-1.29646676278963,-1.01407669739217,0.492026517350291,-2.65015762819073,0.00804542245895329,0.0364150335658228,0.272252364438493,1,0.179117741669527,FALSE,TRUE,TRUE,FALSE,"Rpv12+1",0,"Rpv12+1|0"
"Vitvi17g04009",142.529505798355,1.98261592320302,1.28258717996684,0.920923013353804,2.64917519536715,0.00806884912178815,0.0365009487631974,0.0946296626534019,0.871557869662702,0.127461604233126,FALSE,TRUE,TRUE,FALSE,"Rpv12+1",0,"Rpv12+1|0"
"Vitvi01g04047",4.32322779279165,-3.31361098008322,-1.86159886602922,1.81453202941207,-2.64837371348313,0.00808800612060604,0.0365486951952738,0.0325021050848093,0.471298540417698,0.101879961022657,FALSE,TRUE,TRUE,FALSE,"Rpv12+1",0,"Rpv12+1|0"
"Vitvi07g01333",46.2124995117306,1.47645054008331,1.09138448935026,0.600695421293363,2.64847051398932,0.0080856902376368,0.0365486951952738,0.196373778088193,1,0.156037536466575,FALSE,TRUE,TRUE,FALSE,"Rpv12+1",0,"Rpv12+1|0"
"Vitvi07g04310",200.643904960808,1.46176905303541,1.05537334380687,0.615551575364284,2.64836121540478,0.00808830517148209,0.0365486951952738,0.201409883530519,1,0.167427074879703,FALSE,TRUE,TRUE,FALSE,"Rpv12+1",0,"Rpv12+1|0"
"Vitvi17g04210",21.7357688787521,1.502843655356,1.11154254212052,0.608933381049037,2.64782287188684,0.00810119591954645,0.0365888303995362,0.187828021732666,1,0.149482095098552,FALSE,TRUE,TRUE,FALSE,"Rpv12+1",0,"Rpv12+1|0"
"Vitvi08g00911",106.251760192423,2.40563909810163,1.4153721218843,1.23936047098599,2.64606687260001,0.0081433716188278,0.0367638085397548,0.0611272112859906,0.687457747218498,0.123717201147545,FALSE,TRUE,TRUE,FALSE,"Rpv12+1",0,"Rpv12+1|0"
"Vitvi10g01548",150.790348150265,2.53984999682462,1.18393281124747,1.53452925229627,2.64421260506853,0.00818812076760565,0.0369184742369569,0.0545680170750651,0.642993134534518,0.161576693011607,FALSE,TRUE,TRUE,FALSE,"Rpv12+1",0,"Rpv12+1|0"
"Vitvi10g02038",9.56848634796364,-3.78233575722152,-2.38071676941557,1.72197011309215,-2.6434785520204,0.00820589643210453,0.0369717304168107,0.026328243386481,0.413397670316301,0.0646947097127328,FALSE,TRUE,TRUE,FALSE,"Rpv12+1",0,"Rpv12+1|0"
"Vitvi12g00362",1474.28155048264,2.43757050737321,1.26033390430132,1.41052963055908,2.64238753770403,0.008232380001354,0.0370569913600141,0.0596707863202812,0.678958577038244,0.149195714680913,FALSE,TRUE,TRUE,FALSE,"Rpv12+1",0,"Rpv12+1|0"
"Vitvi07g02070",15.4482276649981,2.63519173903815,1.64083302764433,1.26259202582713,2.64064168742773,0.00827491837860545,0.0371805378762218,0.0507859441587988,0.617624134472346,0.0979454480557863,FALSE,TRUE,TRUE,FALSE,"Rpv12+1",0,"Rpv12+1|0"
"Vitvi14g00507",37.9262954898297,-1.32157940032427,-1.00747035876559,0.523639035922221,-2.64019225396019,0.00828590079667378,0.0372095999112024,0.260296516197623,1,0.182377999389445,FALSE,TRUE,TRUE,FALSE,"Rpv12+1",0,"Rpv12+1|0"
"Vitvi19g02047",64.9717589506945,-1.42739958208522,-1.08699168428548,0.556981786542733,-2.63952229665086,0.00830229617580654,0.0372627743827965,0.214668252101791,1,0.155466463501824,FALSE,TRUE,TRUE,FALSE,"Rpv12+1",0,"Rpv12+1|0"
"Vitvi07g04379",51.6467282761571,-1.33226373497793,-1.00124863059777,0.535046987861363,-2.63906668705275,0.00831346255370401,0.0372888813115547,0.255213925851584,1,0.185153106745113,FALSE,TRUE,TRUE,FALSE,"Rpv12+1",0,"Rpv12+1|0"
"Vitvi12g01881",71.5974004008603,3.50092122546109,2.01139399765598,1.62520589881365,2.6387858414784,0.00832035239267706,0.0373030394078239,0.0300581094466669,0.450264711097554,0.0835884678888507,FALSE,TRUE,TRUE,FALSE,"Rpv12+1",0,"Rpv12+1|0"
"Vitvi13g01882",123.900697123122,1.38663269937014,1.00744399673853,0.583362235994655,2.63844776689471,0.00832865297680383,0.037326668134717,0.230967232134683,1,0.182569679908889,FALSE,TRUE,TRUE,FALSE,"Rpv12+1",0,"Rpv12+1|0"
"Vitvi07g02231",292.294375123786,2.01435501871053,1.23731380779632,0.979960457738611,2.63691219183516,0.00836644853612251,0.0374824197373912,0.0921532590210041,0.860634452956247,0.138695023416208,FALSE,TRUE,TRUE,FALSE,"Rpv12+1",0,"Rpv12+1|0"
"Vitvi15g01019",91.2314713622411,2.12262632421101,1.21265696226121,1.09146321888767,2.63088434045308,0.00851630133972378,0.0380017387801911,0.082100875516559,0.804151197260628,0.146996524813545,FALSE,TRUE,TRUE,FALSE,"Rpv12+1",0,"Rpv12+1|0"
"Vitvi18g02559",92.3526059588685,2.16893340033854,1.19812179982691,1.09995911916826,2.63068852381995,0.00852120935042456,0.0380098702801122,0.0781861562694022,0.785133075566715,0.150055104678847,FALSE,TRUE,TRUE,FALSE,"Rpv12+1",0,"Rpv12+1|0"
"Vitvi12g01940",6.15226287556852,3.40098620630932,2.2090186217185,1.38524417252152,2.62840216285231,0.00857870287438916,0.0382076659551232,0.0320930672778118,0.467700583242495,0.0577786089951462,FALSE,TRUE,TRUE,FALSE,"Rpv12+1",0,"Rpv12+1|0"
"Vitvi04g01714",262.833649914338,-1.39573888979017,-1.07836396089311,0.540598358952862,-2.62844236292665,0.00857768900337056,0.0382076659551232,0.228062985686661,1,0.157654249743976,FALSE,TRUE,TRUE,FALSE,"Rpv12+1",0,"Rpv12+1|0"
"Vitvi06g04368",32.1835599763505,-1.34593803252914,-1.03777956092952,0.523292755081674,-2.62830868432503,0.00858106087553566,0.0382076659551232,0.249669404398064,1,0.171258249577777,FALSE,TRUE,TRUE,FALSE,"Rpv12+1",0,"Rpv12+1|0"
"Vitvi12g04364",10.7790778911751,2.26076977110635,1.47291059023553,0.981776427173464,2.6280367309887,0.00858792420911958,0.0382244084581518,0.0714559257359538,0.744707394950922,0.100621375003318,FALSE,TRUE,TRUE,FALSE,"Rpv12+1",0,"Rpv12+1|0"
"Vitvi18g01098",2358.51649126674,2.35019894858853,1.24617848063836,1.31723379755287,2.62767797779532,0.00859698563246585,0.0382509189166388,0.0656611854265274,0.710939962571412,0.148526876541642,FALSE,TRUE,TRUE,FALSE,"Rpv12+1",0,"Rpv12+1|0"
"Vitvi03g00251",729.30167615075,2.81941286055329,1.0344554586031,1.87238877521075,2.62419047824589,0.00868551963140647,0.0385905712503414,0.0453755951793036,0.576763942806318,0.181419618740696,FALSE,TRUE,TRUE,FALSE,"Rpv12+1",0,"Rpv12+1|0"
"Vitvi06g01743",2682.30239754936,-1.50336705209466,-1.0440155531343,0.646093421513852,-2.62186416752641,0.00874502774787448,0.0387486517260136,0.190013610727145,1,0.172023854398806,FALSE,TRUE,TRUE,FALSE,"Rpv12+1",0,"Rpv12+1|0"
"Vitvi14g02758",357.538655549411,1.58019577445163,1.13084018667596,0.672312938322527,2.62135476487728,0.00875810702890226,0.0387856776494762,0.167914857754591,1,0.147092074455702,FALSE,TRUE,TRUE,FALSE,"Rpv12+1",0,"Rpv12+1|0"
"Vitvi15g00947",1081.84666096047,1.69920860913091,1.19493017773554,0.73258010207519,2.62121349190254,0.00876173740924792,0.0387947812390783,0.140397555808494,1,0.135100763262755,FALSE,TRUE,TRUE,FALSE,"Rpv12+1",0,"Rpv12+1|0"
"Vitvi18g02320",13.8602851783011,-2.27423960730928,-1.54937062542809,0.983900162807211,-2.61946064008653,0.00880689351838683,0.0389527161075364,0.0711789170564778,0.742708133737695,0.0915687752253837,FALSE,TRUE,TRUE,FALSE,"Rpv12+1",0,"Rpv12+1|0"
"Vitvi07g01737",627.015490225008,2.01810588986443,1.34159444081669,0.937286192401079,2.61842162594542,0.00883375813848954,0.0390442355857017,0.0933029388537166,0.866579545534632,0.120046543194173,FALSE,TRUE,TRUE,FALSE,"Rpv12+1",0,"Rpv12+1|0"
"Vitvi10g02306",5.28837087622119,3.55867253121047,2.35462576312122,1.76608957387502,2.61747788589627,0.00885822278703125,0.0391165399858939,0.0303206307918387,0.452715400047779,0.0679615612336677,FALSE,TRUE,TRUE,FALSE,"Rpv12+1",0,"Rpv12+1|0"
"Vitvi04g01363",38.9611395701081,-1.71911561443741,-1.17035165168301,0.746535545562474,-2.61741648649898,0.0088598165434876,0.0391165663737205,0.136802005378514,1,0.140695833841316,FALSE,TRUE,TRUE,FALSE,"Rpv12+1",0,"Rpv12+1|0"
"Vitvi05g04509",8.74583953793879,2.02334314841489,1.35950555457377,0.880723233889078,2.61574759129749,0.00890323461172038,0.0392756578589133,0.0929703318349331,0.865008382762796,0.11273701747217,FALSE,TRUE,TRUE,FALSE,"Rpv12+1",0,"Rpv12+1|0"
"Vitvi06g00396",462.746448481888,1.46447875184659,1.04322931893615,0.627007505472092,2.61568907994255,0.00890476028877143,0.0392756578589133,0.203387774399504,1,0.171545569756659,FALSE,TRUE,TRUE,FALSE,"Rpv12+1",0,"Rpv12+1|0"
"Vitvi01g00282",8.3774392566443,-4.11806370344843,-2.40007571573127,2.19555141251782,-2.61430026474421,0.00894104211045299,0.0393887052827531,0.0244607277919301,0.395224322612168,0.0809939511453557,FALSE,TRUE,TRUE,FALSE,"Rpv12+1",0,"Rpv12+1|0"
"Vitvi04g01918",6.19170177333755,2.90681609585696,1.77962875206598,1.45670758881033,2.61374765712968,0.00895551527594669,0.0394260318688747,0.0434337591334019,0.562467180777555,0.0946049368357277,FALSE,TRUE,TRUE,FALSE,"Rpv12+1",0,"Rpv12+1|0"
"Vitvi15g00960",9844.62443240738,-2.69857229577774,-1.75325813275323,1.2937359233772,-2.61320081107777,0.00896985813592526,0.0394609687565455,0.0501725263605513,0.612727879115622,0.0887346138133121,FALSE,TRUE,TRUE,FALSE,"Rpv12+1",0,"Rpv12+1|0"
"Vitvi14g01633",57.9416285622923,1.52138059333692,1.07624451225848,0.648766423474817,2.61321908808581,0.00896937842931676,0.0394609687565455,0.185252362717209,1,0.161959737355898,FALSE,TRUE,TRUE,FALSE,"Rpv12+1",0,"Rpv12+1|0"
"Vitvi19g04401",88.4589054814626,-2.78718641077314,-1.69955753266076,1.44319393433512,-2.61173092673284,0.00900851248191231,0.0396027326024967,0.0471918618907423,0.588975150381645,0.100262209643965,FALSE,TRUE,TRUE,FALSE,"Rpv12+1",0,"Rpv12+1|0"
"Vitvi03g00626",238.056636383982,1.40134811302926,1.02145241928635,0.58903610045807,2.60898281327903,0.00908118032192096,0.0398510791611765,0.227470362424638,1,0.177485634718101,FALSE,TRUE,TRUE,FALSE,"Rpv12+1",0,"Rpv12+1|0"
"Vitvi05g00656",18.3952938603123,-1.91829598399147,-1.31238863211517,0.830713838561814,-2.60646408765431,0.00914824166250155,0.0400953712146216,0.106102591724225,0.93093844946765,0.11785333002095,FALSE,TRUE,TRUE,FALSE,"Rpv12+1",0,"Rpv12+1|0"
"Vitvi01g04204",142.80035270213,2.66327138093285,1.19868969898851,1.72549168020088,2.60494816119339,0.00918881613264808,0.0402302602175081,0.0520545750550826,0.627509506389818,0.162247351179526,FALSE,TRUE,TRUE,FALSE,"Rpv12+1",0,"Rpv12+1|0"
"Vitvi10g04214",428.218954417749,1.56660087713768,1.06315173514608,0.697755404199552,2.6033025695058,0.00923304289670565,0.0403736678741996,0.173221456342241,1,0.16733132350586,FALSE,TRUE,TRUE,FALSE,"Rpv12+1",0,"Rpv12+1|0"
"Vitvi07g04245",44.9077011259977,-1.43195254918317,-1.08123696483296,0.568193234569427,-2.60217520245443,0.00926345145977741,0.0404563712396873,0.216245355545787,1,0.157939523545784,FALSE,TRUE,TRUE,FALSE,"Rpv12+1",0,"Rpv12+1|0"
"Vitvi18g02673",39.2196728848544,1.68475907324636,1.16145563686843,0.72865542574566,2.60122417260443,0.0092891731260606,0.0405468840393577,0.145215685163518,1,0.141841429474328,FALSE,TRUE,TRUE,FALSE,"Rpv12+1",0,"Rpv12+1|0"
"Vitvi14g04253",7.20924386141563,3.80875114685343,2.18096482782055,1.94837777980699,2.60022425233369,0.00931628579804137,0.0406294949407943,0.0280991984579463,0.431872463255828,0.0857693956738307,FALSE,TRUE,TRUE,FALSE,"Rpv12+1",0,"Rpv12+1|0"
"Vitvi07g02789",1491.61052124425,1.42682825090368,1.0380586172832,0.601958834454563,2.60014464923021,0.0093184472541962,0.0406317285936951,0.218342520624456,1,0.172407354788586,FALSE,TRUE,TRUE,FALSE,"Rpv12+1",0,"Rpv12+1|0"
"Vitvi10g04195",13.9117694221871,2.93077684608891,1.02732503649681,1.8610930479036,2.59993742045078,0.00932407621793069,0.040649078340991,0.0436168358453052,0.563497568867223,0.182186322087818,FALSE,TRUE,TRUE,FALSE,"Rpv12+1",0,"Rpv12+1|0"
"Vitvi18g04621",24.8786579699985,-1.61018427064267,-1.18605294506179,0.648352721389678,-2.59897292985123,0.00935031465377078,0.0407346333882046,0.16235195257059,1,0.1311364824019,FALSE,TRUE,TRUE,FALSE,"Rpv12+1",0,"Rpv12+1|0"
"Vitvi11g04059",725.053471003108,1.58368250713278,1.11738044295621,0.679321123889993,2.59822890516993,0.00937060042313883,0.0407797406861771,0.169142464664055,1,0.152338575033289,FALSE,TRUE,TRUE,FALSE,"Rpv12+1",0,"Rpv12+1|0"
"Vitvi17g01355",5.32064035627358,-2.5258933662379,-1.24222170480999,1.38684971686793,-2.59694629393589,0.00940566290542659,0.0408962074370084,0.0584897926043818,0.672247137406864,0.151958826365025,FALSE,TRUE,TRUE,FALSE,"Rpv12+1",0,"Rpv12+1|0"
"Vitvi03g01723",83.920468083794,1.38180399484176,1.02861041185674,0.56924506258744,2.59606178120608,0.00942991078398842,0.0409727128878904,0.236594141427072,1,0.175377191577142,FALSE,TRUE,TRUE,FALSE,"Rpv12+1",0,"Rpv12+1|0"
"Vitvi09g04335",7.93817921878677,-2.70406674471729,-1.77539708611807,1.19786956289321,-2.59525943660722,0.00945195433290408,0.041032307831793,0.0511613387716144,0.620859169380946,0.0799093134385288,FALSE,TRUE,TRUE,FALSE,"Rpv12+1",0,"Rpv12+1|0"
"Vitvi04g04166",54.4617093703741,-1.71043070252073,-1.26190613680585,0.688637860816323,-2.59510554847312,0.00945618749182748,0.0410434522636825,0.140562769017728,1,0.116938182996282,FALSE,TRUE,TRUE,FALSE,"Rpv12+1",0,"Rpv12+1|0"
"Vitvi09g04050",17.785361867631,1.8068212617088,1.26503924506021,0.76194007434062,2.59458363945623,0.00947055677412788,0.0410985796525303,0.123339470938645,1,0.122882669455905,FALSE,TRUE,TRUE,FALSE,"Rpv12+1",0,"Rpv12+1|0"
"Vitvi05g00599",64.8690973014089,1.57764546953002,1.08420268649316,0.687819483488611,2.59431786005813,0.00947788173601689,0.0411158821004599,0.171094297895707,1,0.160522392901446,FALSE,TRUE,TRUE,FALSE,"Rpv12+1",0,"Rpv12+1|0"
"Vitvi04g00094",27.7904594241274,2.51056132807824,1.49179541737436,1.30269006842187,2.59361321809671,0.00949732634725649,0.0411929809667273,0.0594606182042173,0.678173841614285,0.117487380081887,FALSE,TRUE,TRUE,FALSE,"Rpv12+1",0,"Rpv12+1|0"
"Vitvi13g04342",28.3686925360001,1.43105289420082,1.05471076503116,0.582177929201719,2.59333150132875,0.00950511027781086,0.0412122310461366,0.217363220502122,1,0.166180518161178,FALSE,TRUE,TRUE,FALSE,"Rpv12+1",0,"Rpv12+1|0"
"Vitvi12g00276",103.179558743027,1.50588766403992,1.07735854142685,0.636642450224893,2.59290417410276,0.00951692833565781,0.0412344436294875,0.191868735283254,1,0.160810339072517,FALSE,TRUE,TRUE,FALSE,"Rpv12+1",0,"Rpv12+1|0"
"Vitvi03g04396",49.2530488370434,4.09611233998887,2.32180791786532,3.49475737874472,2.59261327693187,0.00952498081150854,0.0412394011608978,0.0256459163118762,0.406731162561833,0.117395818385875,FALSE,TRUE,TRUE,FALSE,"Rpv12+1",0,"Rpv12+1|0"
"Vitvi17g00173",485.827168333381,1.76092981672179,1.26461415775521,0.739747844561069,2.59256050463373,0.00952644227986157,0.0412394011608978,0.131318587559086,1,0.121418679198116,FALSE,TRUE,TRUE,FALSE,"Rpv12+1",0,"Rpv12+1|0"
"Vitvi12g02064",141.264609885923,-2.00116151338389,-1.22555911056058,0.963075051031811,-2.59272404441712,0.00952191388312231,0.0412394011608978,0.0973463715256627,0.883811770918193,0.139646325644818,FALSE,TRUE,TRUE,FALSE,"Rpv12+1",0,"Rpv12+1|0"
"Vitvi12g04180",27.6805984937512,2.61041216218168,1.32070686836337,1.51929164671473,2.59222773572058,0.00953566254073208,0.0412648133415555,0.0550571385712719,0.64613714126779,0.143847745051287,FALSE,TRUE,TRUE,FALSE,"Rpv12+1",0,"Rpv12+1|0"
"Vitvi10g04210",47.7841498247932,2.61360579605429,1.07137031035304,1.6013188658068,2.59159861390263,0.00955311580501292,0.0413236944852907,0.0549669200120371,0.645448002000211,0.176526350027107,FALSE,TRUE,TRUE,FALSE,"Rpv12+1",0,"Rpv12+1|0"
"Vitvi18g04441",12.5571864809425,-2.57528926125308,-1.58725511904759,1.25860514915262,-2.59109900756299,0.00956699630317328,0.0413495650745574,0.0566485195978828,0.658220535275884,0.102962093765035,FALSE,TRUE,TRUE,FALSE,"Rpv12+1",0,"Rpv12+1|0"
"Vitvi11g01263",17.455484566245,3.00122252482626,1.67503149739091,1.79681959350309,2.58960027520872,0.0096087433403136,0.0414809993223376,0.0423838855231656,0.5535297360961,0.11812747615209,FALSE,TRUE,TRUE,FALSE,"Rpv12+1",0,"Rpv12+1|0"
"Vitvi05g04456",36.8415085878001,1.71921632383589,1.21037863187434,0.726287037623443,2.58897959549348,0.00962607981675628,0.0415247946709171,0.139409180777137,1,0.130476932045488,FALSE,TRUE,TRUE,FALSE,"Rpv12+1",0,"Rpv12+1|0"
"Vitvi18g01032",139.135108973421,1.64498611073441,1.00724214699478,0.757773758061941,2.58762660522221,0.00966396746101996,0.041666346232007,0.155166989516372,1,0.183431742411993,FALSE,TRUE,TRUE,FALSE,"Rpv12+1",0,"Rpv12+1|0"
"Vitvi06g01593",857.664172100233,2.52833249786932,1.21059613546015,1.54273535964148,2.58627224015933,0.00970202668452686,0.0417719555050688,0.0591380137160173,0.676428203234497,0.158606601066027,FALSE,TRUE,TRUE,FALSE,"Rpv12+1",0,"Rpv12+1|0"
"Vitvi15g00804",1247.50551501491,1.45097369860765,1.06380841781287,0.606384490609407,2.58604220989459,0.00970850405702657,0.0417925399176842,0.210773579943464,1,0.164165392459324,FALSE,TRUE,TRUE,FALSE,"Rpv12+1",0,"Rpv12+1|0"
"Vitvi01g00267",11.4746315214876,3.64524462834656,1.65755085053828,3.54917789,2.58535102173732,0.00972799027314262,0.0418477847312786,0.0308128015562823,0.45823313013689,0.148909221315228,FALSE,TRUE,TRUE,FALSE,"Rpv12+1",0,"Rpv12+1|0"
"Vitvi13g04477",6.18855223892422,-3.85626108822206,-2.35473905293177,1.85905873879384,-2.58374288020796,0.00977346252315853,0.0419856746534665,0.0283967550453665,0.435422459104187,0.0710903204947132,FALSE,TRUE,TRUE,FALSE,"Rpv12+1",0,"Rpv12+1|0"
"Vitvi14g04012",33.4421730344414,2.20697412501577,1.24722155552145,1.14496843204572,2.58349067426493,0.00978061112524048,0.0420075201676123,0.0789313712676195,0.788981941532158,0.143082605403004,FALSE,TRUE,TRUE,FALSE,"Rpv12+1",0,"Rpv12+1|0"
"Vitvi18g00857",183.057767497869,2.37612858611433,1.11938166512597,1.37121716864213,2.58338195001355,0.00978369427564789,0.0420134377156809,0.0674271244437354,0.722153139557045,0.167905967389365,FALSE,TRUE,TRUE,FALSE,"Rpv12+1",0,"Rpv12+1|0"
"Vitvi06g01594",571.875461590691,1.8206923805907,1.15276342200531,0.863686899773764,2.58259900449378,0.00980592225894898,0.0420795507353191,0.122217561443771,1,0.151198456078783,FALSE,TRUE,TRUE,FALSE,"Rpv12+1",0,"Rpv12+1|0"
"Vitvi06g01456",10.9426929514836,3.42401145017667,2.16317072762302,1.88066186239555,2.58195569632066,0.00982421957657369,0.0421219018119704,0.0342085250578542,0.485809341470363,0.0843412244877655,FALSE,TRUE,TRUE,FALSE,"Rpv12+1",0,"Rpv12+1|0"
"Vitvi01g00593",1083.28650984856,2.78229368633503,1.25351767637487,1.93369517723461,2.57988936494274,0.0098831972604314,0.0423447735144327,0.0494288904794166,0.607144699229354,0.15918033770079,FALSE,TRUE,TRUE,FALSE,"Rpv12+1",0,"Rpv12+1|0"
"Vitvi10g00558",5.10375690594509,3.40767184651226,1.23599445099703,3.08436067968279,2.57713106866141,0.00996241667860307,0.0426322906538241,0.0347431872998864,0.490208757593165,0.170206701422289,FALSE,TRUE,TRUE,FALSE,"Rpv12+1",0,"Rpv12+1|0"
"Vitvi03g04087",66.024447894846,2.09411139805613,1.20126328731939,1.05978102435675,2.57685696517834,0.00997031985926532,0.0426512936365446,0.0891680048482069,0.846474070805557,0.147761386111596,FALSE,TRUE,TRUE,FALSE,"Rpv12+1",0,"Rpv12+1|0"
"Vitvi00g04748",223.215969950808,1.67174105577761,1.12816871053555,0.746711012838219,2.57592245592178,0.00999730640442527,0.0427148179985121,0.150339575443782,1,0.152717729003052,FALSE,TRUE,TRUE,FALSE,"Rpv12+1",0,"Rpv12+1|0"
"Vitvi05g00276",386.644365858188,2.36553120443557,1.27977426286054,1.31439387123979,2.57557539893622,0.0100073451924974,0.0427502958492051,0.06866020870493,0.7301147965497,0.143369734913222,FALSE,TRUE,TRUE,FALSE,"Rpv12+1",0,"Rpv12+1|0"
"Vitvi01g01566",3.31969626512363,3.62638654931354,2.41130759466465,2.07490201263235,2.57507486950631,0.0100218390556752,0.0427973699039028,0.0316016405326818,0.464056105564864,0.0771908196202042,FALSE,TRUE,TRUE,FALSE,"Rpv12+1",0,"Rpv12+1|0"
"Vitvi01g00290",21.3981783000384,2.3151611069451,1.4483785742889,1.20980659711226,2.57366552235239,0.0100627500986087,0.0429276044143358,0.0719836716748615,0.74812112329865,0.118950282220831,FALSE,TRUE,TRUE,FALSE,"Rpv12+1",0,"Rpv12+1|0"
"Vitvi07g04480",481.441912812076,1.59349457206597,1.11074137604199,0.69696815524069,2.57322972452861,0.0100754306671474,0.0429740841267043,0.168945773159272,1,0.155181722493266,FALSE,TRUE,TRUE,FALSE,"Rpv12+1",0,"Rpv12+1|0"
"Vitvi03g01566",26.8054301030895,2.8405274953017,1.34915071752568,1.79601543315672,2.57292713206325,0.0100842436791946,0.0430042283677752,0.0479956788011484,0.596153923228583,0.14728300490539,FALSE,TRUE,TRUE,FALSE,"Rpv12+1",0,"Rpv12+1|0"
"Vitvi07g03132",13.2765774653295,3.57137688101623,1.93964840636383,2.72661687859392,2.57140918783737,0.0101285575119639,0.0431111165972259,0.0325541381944896,0.471530288499254,0.122974731435577,FALSE,TRUE,TRUE,FALSE,"Rpv12+1",0,"Rpv12+1|0"
"Vitvi14g04611",6.73042011469395,-2.92077438147291,-1.84302986461418,1.37831761891022,-2.57111258448527,0.0101372365710881,0.0431406046234801,0.045713672474205,0.578674787698965,0.0851809295641203,FALSE,TRUE,TRUE,FALSE,"Rpv12+1",0,"Rpv12+1|0"
"Vitvi19g00058",7.03105068778482,-3.15478859538282,-1.56705842294461,2.030936533689,-2.57059988955817,0.0101522544106313,0.0431895941392354,0.0399187481738708,0.534135311243114,0.132266970265127,FALSE,TRUE,TRUE,FALSE,"Rpv12+1",0,"Rpv12+1|0"
"Vitvi11g00099",81.6553049207737,2.84245243313633,1.59304819057372,2.22760500549412,2.56898188341619,0.0101997789669285,0.0433393850688601,0.0481948588771585,0.597650777649278,0.134817987413378,FALSE,TRUE,TRUE,FALSE,"Rpv12+1",0,"Rpv12+1|0"
"Vitvi14g01735",536.657890284711,1.94108110243957,1.14434676509335,0.973668977758263,2.5660735661849,0.0102857010806302,0.0436367370109188,0.106783390195337,0.932183772283653,0.156798833744026,FALSE,TRUE,TRUE,FALSE,"Rpv12+1",0,"Rpv12+1|0"
"Vitvi05g00423",776.469624368572,1.84514642264969,1.14434447719302,0.893637750716557,2.56551186525548,0.0103023697712223,0.0436773673522343,0.120015300267574,0.99350640496819,0.154612782884373,FALSE,TRUE,TRUE,FALSE,"Rpv12+1",0,"Rpv12+1|0"
"Vitvi08g01168",2996.25756523121,2.24181358941623,1.09438114997802,1.25603611292787,2.56450114298225,0.0103324239038936,0.0437687173502417,0.0778265189172351,0.782422716508821,0.170398187149214,FALSE,TRUE,TRUE,FALSE,"Rpv12+1",0,"Rpv12+1|0"
"Vitvi17g01571",17.933425166703,-1.85604843186743,-1.28977011661359,0.783943661756009,-2.56254274450537,0.0103908796197862,0.0439391881759445,0.118663208620191,0.986998688170291,0.11940689468405,FALSE,TRUE,TRUE,FALSE,"Rpv12+1",0,"Rpv12+1|0"
"Vitvi17g00339",257.907850619386,1.70698324966532,1.11399176208342,0.772476750976488,2.56000431933812,0.0104670862326811,0.0442234842099693,0.144533186118477,1,0.156989095810642,FALSE,TRUE,TRUE,FALSE,"Rpv12+1",0,"Rpv12+1|0"
"Vitvi12g04201",30.4434249729076,1.37989967521805,1.0358977569822,0.553577909568202,2.559652305729,0.010477693273601,0.044260708417084,0.240504487466182,1,0.172311389550219,FALSE,TRUE,TRUE,FALSE,"Rpv12+1",0,"Rpv12+1|0"
"Vitvi09g00017",224.606908230128,2.44954372182195,1.19137811133097,1.44298368655374,2.55938868585777,0.0104856430536623,0.0442773753601053,0.0651002906083319,0.707785529718977,0.158988814625987,FALSE,TRUE,TRUE,FALSE,"Rpv12+1",0,"Rpv12+1|0"
"Vitvi16g01928",127.653195622477,1.93817011443289,1.18576550956259,0.944769831220257,2.55916331104609,0.0104924437614073,0.0442850513116381,0.107769237762767,0.934416801669285,0.146614218698595,FALSE,TRUE,TRUE,FALSE,"Rpv12+1",0,"Rpv12+1|0"
"Vitvi08g02065",30.1537392030845,1.8444392201441,1.21892432863425,0.821236711232871,2.55748370550165,0.0105432497362409,0.0444537909467791,0.120861104249793,0.998296692791393,0.134723604287499,FALSE,TRUE,TRUE,FALSE,"Rpv12+1",0,"Rpv12+1|0"
"Vitvi05g02269",654.251451145596,-1.82088799937316,-1.17170282928634,0.836141265840395,-2.5570291824886,0.010557036058789,0.0444814674780785,0.124543108380949,1,0.145468686483168,FALSE,TRUE,TRUE,FALSE,"Rpv12+1",0,"Rpv12+1|0"
"Vitvi11g01201",13.1213181071607,-3.12483850341979,-1.69707225100282,1.74881585007242,-2.55623118624023,0.010581279199997,0.0445446577959472,0.0414582980749622,0.547632367841698,0.113924679067267,FALSE,TRUE,TRUE,FALSE,"Rpv12+1",0,"Rpv12+1|0"
"Vitvi03g01350",487.477206712835,1.87985089420926,1.216427996971,0.875699678256251,2.55582609762369,0.0105936047374467,0.0445821739514412,0.115847303805381,0.974356298483775,0.137650674892001,FALSE,TRUE,TRUE,FALSE,"Rpv12+1",0,"Rpv12+1|0"
"Vitvi06g00906",240.764752820792,1.7935349901823,1.13024748533999,0.855058077317163,2.5554510534787,0.0106050275008516,0.0445997708280948,0.129138043922477,1,0.155847225025884,FALSE,TRUE,TRUE,FALSE,"Rpv12+1",0,"Rpv12+1|0"
"Vitvi04g01481",1259.82858051207,2.74503536848702,1.02534686912359,1.78703763728308,2.5551527696876,0.0106141201844563,0.0446227755741066,0.0523983088519044,0.630201085635387,0.182473781918938,FALSE,TRUE,TRUE,FALSE,"Rpv12+1",0,"Rpv12+1|0"
"Vitvi03g04406",16.1844925043462,1.93934159070963,1.27223282721564,0.868866581376136,2.55485874627328,0.0106230897824678,0.0446528646785321,0.108009472545592,0.936031825306255,0.126522237889276,FALSE,TRUE,TRUE,FALSE,"Rpv12+1",0,"Rpv12+1|0"
"Vitvi03g04463",22.1235170569342,-2.79067335077004,-1.01178542225678,1.59639480117564,-2.55106709889877,0.0107393647711284,0.044995746683932,0.0510877987950167,0.62071794179231,0.183910427414534,FALSE,TRUE,TRUE,FALSE,"Rpv12+1",0,"Rpv12+1|0"
"Vitvi06g00158",13398.8962243888,2.4979699052347,1.11892541297482,1.52325515618437,2.54885262755729,0.0108077961244547,0.0452516766352934,0.063375352167605,0.69744881672376,0.169823889133949,FALSE,TRUE,TRUE,FALSE,"Rpv12+1",0,"Rpv12+1|0"
"Vitvi17g04208",4.15191814139242,3.3048355098685,1.74095108674525,1.89382910641643,2.54831961724339,0.0108243249172067,0.045290543338795,0.0382161279240393,0.520946164859272,0.115292903124983,FALSE,TRUE,TRUE,FALSE,"Rpv12+1",0,"Rpv12+1|0"
"Vitvi14g02009",106.311132049211,1.86505452227639,1.1233600230561,0.912792873792553,2.548316150208,0.0108244325044173,0.045290543338795,0.118654714335062,0.986998688170291,0.158797611926521,FALSE,TRUE,TRUE,FALSE,"Rpv12+1",0,"Rpv12+1|0"
"Vitvi18g00051",342.146079308902,2.46298621198482,1.0690444275274,1.45039001840965,2.54832076364435,0.0108242893429067,0.045290543338795,0.0652241302157126,0.70832277297252,0.175855920784947,FALSE,TRUE,TRUE,FALSE,"Rpv12+1",0,"Rpv12+1|0"
"Vitvi09g00083",77.1176549735808,2.25947072727982,1.12349637729575,1.26399881909091,2.54774247432352,0.010842247607944,0.0453573802121426,0.0778995113175599,0.782555037079896,0.165508461832669,FALSE,TRUE,TRUE,FALSE,"Rpv12+1",0,"Rpv12+1|0"
"Vitvi07g02650",41.5966738595749,2.41452027644737,1.27133867807149,1.35742630233853,2.54718586271148,0.0108595576982231,0.0453866017814713,0.0679758040450643,0.726083731324964,0.146136241499576,FALSE,TRUE,TRUE,FALSE,"Rpv12+1",0,"Rpv12+1|0"
"Vitvi13g00417",125.011728284201,1.68227404661565,1.14274941012728,0.745466823792019,2.54715830637655,0.010860415311751,0.0453866017814713,0.150816488721293,1,0.147569881389258,FALSE,TRUE,TRUE,FALSE,"Rpv12+1",0,"Rpv12+1|0"
"Vitvi02g00340",406.708587971556,1.56983627654491,1.04221409059789,0.724029914821386,2.54710325669039,0.0108621287588714,0.0453866017814713,0.177608689446298,1,0.173653322808889,FALSE,TRUE,TRUE,FALSE,"Rpv12+1",0,"Rpv12+1|0"
"Vitvi10g02047",30.9352426726103,2.07246039218065,1.26153467178413,1.00164783844637,2.54650010550992,0.0108809178643918,0.0454191520464392,0.0938707106065176,0.86922616593129,0.136042988067787,FALSE,TRUE,TRUE,FALSE,"Rpv12+1",0,"Rpv12+1|0"
"Vitvi12g00015",174.091102151884,2.28324058426858,1.25650344796135,1.24085818043169,2.54643896495674,0.0108828241001027,0.0454191520464392,0.0763167448131129,0.772588903856897,0.145183096175575,FALSE,TRUE,TRUE,FALSE,"Rpv12+1",0,"Rpv12+1|0"
"Vitvi17g00281",34.0236301452757,1.77544893352159,1.14686832013982,0.811755399018351,2.54648647207088,0.0108813429010496,0.0454191520464392,0.133058504383693,1,0.149864207017859,FALSE,TRUE,TRUE,FALSE,"Rpv12+1",0,"Rpv12+1|0"
"Vitvi08g02398",18.4136340686686,2.97581462131788,1.00045328378286,1.91164780512733,2.54635390516792,0.0108854765817005,0.0454225272809575,0.0457842626265802,0.578674787698965,0.185535582301426,FALSE,TRUE,TRUE,FALSE,"Rpv12+1",0,"Rpv12+1|0"
"Vitvi07g04366",26.090855574199,1.59864669145173,1.12057346284522,0.686699545625098,2.5461293795687,0.0108924808879374,0.0454363628776203,0.17019815990317,1,0.151483900412536,FALSE,TRUE,TRUE,FALSE,"Rpv12+1",0,"Rpv12+1|0"
"Vitvi17g00417",3.13191812208111,4.1055654567066,3.28856601409264,2.45279169562578,2.54544831173207,0.0109137520070923,0.0455019790906627,0.0278608360015875,0.429091339590074,0.0522852949400084,FALSE,TRUE,TRUE,FALSE,"Rpv12+1",0,"Rpv12+1|0"
"Vitvi11g00140",1334.78309813009,1.96065541214308,1.34618149828909,0.872647127206827,2.54528232954578,0.0109189415562036,0.0455144104509905,0.106240522132438,0.93093844946765,0.114381122466338,FALSE,TRUE,TRUE,FALSE,"Rpv12+1",0,"Rpv12+1|0"
"Vitvi07g04291",31.5376693387898,-1.68514131265231,-1.20386391777445,0.70082850233159,-2.54335932710021,0.0109792256490885,0.0457049760459612,0.150576143363856,1,0.130194135613525,FALSE,TRUE,TRUE,FALSE,"Rpv12+1",0,"Rpv12+1|0"
"Vitvi11g00641",42.4367342870733,1.73433398513819,1.13628058230794,0.795069326946839,2.54187724317847,0.0110258890292881,0.0458608479023369,0.140937139036197,1,0.152812480981391,FALSE,TRUE,TRUE,FALSE,"Rpv12+1",0,"Rpv12+1|0"
"Vitvi13g01955",26.5378578128951,-1.92826761805506,-1.23124644237306,0.892132357607237,-2.54136146535326,0.011042169566175,0.0458975686573793,0.110644129227598,0.949543113719206,0.136419908610987,FALSE,TRUE,TRUE,FALSE,"Rpv12+1",0,"Rpv12+1|0"
"Vitvi10g00101",13.9429631614186,2.38581477308893,1.22614576591055,1.30349059839535,2.54098538662246,0.0110540539588688,0.0459159793172638,0.0701345826610877,0.738152128938789,0.152053815598805,FALSE,TRUE,TRUE,FALSE,"Rpv12+1",0,"Rpv12+1|0"
"Vitvi01g00052",1487.37661708538,1.730036834499,1.13526900229366,0.799260832353952,2.53976959982337,0.0110925515933227,0.046037079018379,0.141952214012215,1,0.153475383933072,FALSE,TRUE,TRUE,FALSE,"Rpv12+1",0,"Rpv12+1|0"
"Vitvi04g04011",668.477911206416,1.65702947644081,1.14567168659242,0.745616658198112,2.53780163342301,0.0111551193031128,0.046257788108313,0.157167671156721,1,0.146900939400439,FALSE,TRUE,TRUE,FALSE,"Rpv12+1",0,"Rpv12+1|0"
"Vitvi04g00282",22.6699273559422,-2.04421100553978,-1.33795228284746,0.924530810346471,-2.53694641009072,0.0111824070560761,0.0463151715041508,0.0975828137220436,0.88476047355935,0.119863675396052,FALSE,TRUE,TRUE,FALSE,"Rpv12+1",0,"Rpv12+1|0"
"Vitvi08g01500",197.917872534352,2.20677597089289,1.1969985769356,1.19264951148421,2.53527493646083,0.0112359102598401,0.0464520700052727,0.0829247418278057,0.809413552788645,0.153854332005658,FALSE,TRUE,TRUE,FALSE,"Rpv12+1",0,"Rpv12+1|0"
"Vitvi15g01531",6.50052898496975,-2.95838226248886,-1.68352534378025,1.58448148670594,-2.53435711111706,0.0112653860665618,0.0465504949909119,0.0470522472910817,0.588355514764535,0.10856832058049,FALSE,TRUE,TRUE,FALSE,"Rpv12+1",0,"Rpv12+1|0"
"Vitvi01g01547",4.10624101650572,3.72799157496164,2.84468026133208,2.30425452836032,2.53328238130438,0.0112999880922757,0.046638717815598,0.0325445125334388,0.471530288499254,0.0650696786122891,FALSE,TRUE,TRUE,FALSE,"Rpv12+1",0,"Rpv12+1|0"
"Vitvi16g01173",10.6270690258755,2.36927058327874,1.22976399506327,1.29205419162345,2.53253731117535,0.0113240317433935,0.0467222987824891,0.0718061451027112,0.747166646675347,0.15081783131783,FALSE,TRUE,TRUE,FALSE,"Rpv12+1",0,"Rpv12+1|0"
"Vitvi02g00511",834.287172475172,2.066910109252,1.135162105115,1.08878223956062,2.53237156916325,0.0113293864630093,0.046736564786118,0.0956624607012408,0.875384741135838,0.160234253062041,FALSE,TRUE,TRUE,FALSE,"Rpv12+1",0,"Rpv12+1|0"
"Vitvi08g01369",10.8151221234265,2.40803128687293,1.44514316526721,1.18053559795203,2.53071197911486,0.0113831278430601,0.0469142554030064,0.0696386280280519,0.735139980058841,0.117670393059192,FALSE,TRUE,TRUE,FALSE,"Rpv12+1",0,"Rpv12+1|0"
"Vitvi03g04197",54.30059605731,1.50800886977507,1.09458548818709,0.625157771632757,2.53068861210229,0.0113838861340791,0.0469142554030064,0.196974770028296,1,0.156227732776997,FALSE,TRUE,TRUE,FALSE,"Rpv12+1",0,"Rpv12+1|0"
"Vitvi08g01735",71.2699509889768,2.41148428309347,1.21763203284167,1.36742542916857,2.52830570440718,0.0114614505472907,0.0471707811030828,0.0696289964139356,0.735139980058841,0.155086907283774,FALSE,TRUE,TRUE,FALSE,"Rpv12+1",0,"Rpv12+1|0"
"Vitvi06g00962",953.105530572065,1.8767277101391,1.0937049475819,0.943253417864082,2.52792873357592,0.0114737639479842,0.0472032593442936,0.118866361958725,0.98837417752012,0.165220371875035,FALSE,TRUE,TRUE,FALSE,"Rpv12+1",0,"Rpv12+1|0"
"Vitvi03g04064",15.7868845754835,2.72027478303496,1.14564986241293,1.70667354373753,2.52633200201263,0.0115260499829537,0.0473338502050419,0.0553380832880242,0.648282170882064,0.168097649581873,FALSE,TRUE,TRUE,FALSE,"Rpv12+1",0,"Rpv12+1|0"
"Vitvi06g00093",54.7497386097544,1.73429264030162,1.19901702805649,0.760798237997601,2.52619901362349,0.0115304143002284,0.0473438811167376,0.142437652608125,1,0.135854536471961,FALSE,TRUE,TRUE,FALSE,"Rpv12+1",0,"Rpv12+1|0"
"Vitvi12g02245",181.583809909328,2.53216584229419,1.30997240100513,1.48714141727073,2.52491214841917,0.0115727215299906,0.0474701244776639,0.0634980997172086,0.697916122987916,0.144611484941384,FALSE,TRUE,TRUE,FALSE,"Rpv12+1",0,"Rpv12+1|0"
"Vitvi10g00414",443.003703506182,1.81783432002615,1.12742171643083,0.87555461353204,2.52473518882326,0.0115785500482514,0.0474861260177661,0.128051917001272,1,0.157464252111734,FALSE,TRUE,TRUE,FALSE,"Rpv12+1",0,"Rpv12+1|0"
"Vitvi04g00533",257.365374549053,1.58807554354735,1.10236085082779,0.693923079547262,2.52391771077826,0.0116055091463051,0.0475650180216892,0.175010438902237,1,0.157084141098555,FALSE,TRUE,TRUE,FALSE,"Rpv12+1",0,"Rpv12+1|0"
"Vitvi04g02072",19.9301690791965,2.12707507464029,1.20460381256484,1.08605846800725,2.52334072777221,0.0116245706219729,0.0476196712732746,0.0907078028208434,0.853227405246474,0.148048544850417,FALSE,TRUE,TRUE,FALSE,"Rpv12+1",0,"Rpv12+1|0"
"Vitvi01g01915",56.712810769002,-1.92128529083819,-1.18819585594249,0.912401584671366,-2.52328440235682,0.0116264329016289,0.0476196712732746,0.11321084449706,0.961832569405196,0.145373468607813,FALSE,TRUE,TRUE,FALSE,"Rpv12+1",0,"Rpv12+1|0"
"Vitvi03g00321",2.88989683913493,4.56904645049501,3.5995103421566,3.1655289112092,2.52321141546712,0.0116288464511045,0.0476210540507662,0.0254145077149816,0.405214499229293,0.0627517878346788,FALSE,TRUE,TRUE,FALSE,"Rpv12+1",0,"Rpv12+1|0"
"Vitvi14g03055",111.056669149474,1.75103786084684,1.14203142787982,0.800959531956415,2.52273747144797,0.0116445297736273,0.0476616179683785,0.139657062080506,1,0.151103336455388,FALSE,TRUE,TRUE,FALSE,"Rpv12+1",0,"Rpv12+1|0"
"Vitvi14g00427",595.674414078632,1.7762237355486,1.13677646024408,0.838107494279542,2.52174895818466,0.0116773011514951,0.0477797693353652,0.135266084404886,1,0.154423110701879,FALSE,TRUE,TRUE,FALSE,"Rpv12+1",0,"Rpv12+1|0"
"Vitvi19g01432",45.559155433064,2.48742683814714,1.07171011896975,1.53697346066897,2.52063159054694,0.0117144428244958,0.0479158249085637,0.0660737993006415,0.713929994178224,0.175951730599111,FALSE,TRUE,TRUE,FALSE,"Rpv12+1",0,"Rpv12+1|0"
"Vitvi01g02214",54.2232730633188,1.9308854829247,1.17346983763767,0.93424057869081,2.52052941145138,0.0117178445157347,0.0479162080044141,0.112218726263138,0.958772507251288,0.148813661934164,FALSE,TRUE,TRUE,FALSE,"Rpv12+1",0,"Rpv12+1|0"
"Vitvi08g01789",64.4758472272835,1.79140763042429,1.17344648300638,0.820399572402587,2.5204535270638,0.0117203713847459,0.0479162080044141,0.132792948940785,1,0.1436565816653,FALSE,TRUE,TRUE,FALSE,"Rpv12+1",0,"Rpv12+1|0"
"Vitvi07g01794",137.412621945916,1.59698955128954,1.0772444831062,0.719685393705971,2.51777676479537,0.011809814507068,0.0481779417446809,0.173322378960135,1,0.163782010600975,FALSE,TRUE,TRUE,FALSE,"Rpv12+1",0,"Rpv12+1|0"
"Vitvi05g00707",18.886657102234,2.59032446472309,1.52201514703525,1.39147605683945,2.51731748380794,0.011825221925789,0.0482248249236448,0.0613547405922611,0.688754684648668,0.118218811890223,FALSE,TRUE,TRUE,FALSE,"Rpv12+1",0,"Rpv12+1|0"
"Vitvi08g02176",70.2797414813526,2.23971464146492,1.36684621771197,1.1235044077351,2.51715438062426,0.0118306978075408,0.048239171000757,0.0819031064384685,0.803338343203561,0.124648643456901,FALSE,TRUE,TRUE,FALSE,"Rpv12+1",0,"Rpv12+1|0"
"Vitvi16g01279",542.869302941546,-1.51725015393765,-1.09325538934641,0.631810175210766,-2.51658060186891,0.011849979221308,0.0482938110994447,0.195479118583181,1,0.156893994367509,FALSE,TRUE,TRUE,FALSE,"Rpv12+1",0,"Rpv12+1|0"
"Vitvi13g04261",75.4821742628564,-1.44058818520465,-1.02663778010278,0.613828833569292,-2.51645919832678,0.0118540624682963,0.0483024616223864,0.220769299141166,1,0.176717869240029,FALSE,TRUE,TRUE,FALSE,"Rpv12+1",0,"Rpv12+1|0"
"Vitvi09g04148",13.6133649307719,2.126915264973,1.27540995429862,1.0358014039027,2.51590481304581,0.0118727243432611,0.0483705038730908,0.0913716314586197,0.855778914187624,0.135288997468863,FALSE,TRUE,TRUE,FALSE,"Rpv12+1",0,"Rpv12+1|0"
"Vitvi15g00763",260.836238926629,1.61585480460929,1.07945384701812,0.734678941600606,2.5140620055045,0.0119349448198856,0.0485746088940533,0.169006797730325,1,0.163494372762037,FALSE,TRUE,TRUE,FALSE,"Rpv12+1",0,"Rpv12+1|0"
"Vitvi11g01334",25.9592622480544,3.13004920040789,1.46910820293484,2.3150215222026,2.5112243866769,0.0120313194557022,0.0488309038073606,0.0441927091956514,0.569196001895148,0.14584976195036,FALSE,TRUE,TRUE,FALSE,"Rpv12+1",0,"Rpv12+1|0"
"Vitvi17g00837",152.378793264997,1.5331135504805,1.01391841511252,0.702915666102092,2.5097833491413,0.0120805253251808,0.0489741355786005,0.191421039658807,1,0.181227774445892,FALSE,TRUE,TRUE,FALSE,"Rpv12+1",0,"Rpv12+1|0"
"Vitvi08g04206",11.6990691145144,1.85418426313147,1.20452687391022,0.837031707628758,2.50776504809432,0.0121497423549116,0.0491980691412889,0.124045470610143,1,0.138315637699273,FALSE,TRUE,TRUE,FALSE,"Rpv12+1",0,"Rpv12+1|0"
"Vitvi10g04045",28.1130592732984,2.46713949766884,1.59347524318022,1.38028887316113,2.50719965991088,0.0121691950842389,0.0492363754467581,0.0681987081996043,0.726801154384873,0.109112333000259,FALSE,TRUE,TRUE,FALSE,"Rpv12+1",0,"Rpv12+1|0"
"Vitvi16g04450",21.9051535853607,-1.41635844564433,-1.00441068789686,0.605231809159334,-2.50479270017283,0.0122523180648554,0.0494832963681602,0.230777932875096,1,0.184101733511261,FALSE,TRUE,TRUE,FALSE,"Rpv12+1",0,"Rpv12+1|0"
"Vitvi09g04421",33.3601064064396,1.48949754454524,1.06092281937212,0.625430192875307,2.50133514872845,0.0123726029181915,0.0498954731531453,0.205547168365213,1,0.165604434618492,FALSE,TRUE,TRUE,FALSE,"Rpv12+1",0,"Rpv12+1|0"
"Vitvi01g04309",61.388716361122,1.46996310895377,1.06069506371171,0.619194880937425,2.50133897891795,0.0123724690929672,0.0498954731531453,0.211954000841272,1,0.16541246454913,FALSE,TRUE,TRUE,FALSE,"Rpv12+1",0,"Rpv12+1|0"
"Vitvi08g01548",10.2075191920494,4.07759662207077,4.24398447710828,2.57250301850948,2.50064736687067,0.0123966545257249,0.0499761055303156,0.0304775802888634,0.454280924658905,0.0279796332255272,FALSE,TRUE,TRUE,FALSE,"Rpv12+1",0,"Rpv12+1|0"
