"gene","baseMean","log2FC_MLE","log2FC_apeglm","lfcSE_apeglm","statistic_zero_null","pvalue_zero_null","padj_zero_null","pvalue_threshold_test","padj_threshold_test","FSOS_svalue","DE_primary_threshold_test","DE_zero_null_plus_effect_filter","DE_primary","leading_signal","genotype","timing","contrast"
"Vitvi14g00668",1586.18302192233,7.06885305132461,7.04230439132403,0.265713905691098,26.562651181845,1.83447937352741e-155,4.33340717614646e-151,2.04751722870619e-115,5.35610031857253e-111,1.80690686211743e-115,TRUE,TRUE,TRUE,TRUE,"Rpv12",6,"Rpv12|6"
"Vitvi09g01592",1319.12350099015,6.0005619624196,5.97162391846114,0.258952897374331,23.4038869277644,3.90135411014063e-121,4.6078893394871e-117,5.11558007854784e-85,6.69092296373664e-81,3.14703167135533e-83,TRUE,TRUE,TRUE,TRUE,"Rpv12",6,"Rpv12|6"
"Vitvi18g04646",349.800421484365,4.99934168807811,4.95620037846689,0.309811236164714,16.1123814644491,2.08824136624257e-58,1.6442812517794e-54,2.57949660778627e-38,2.24923505876937e-34,1.72890859201394e-38,TRUE,TRUE,TRUE,TRUE,"Rpv12",6,"Rpv12|6"
"Vitvi00g04449",431.192404629011,5.48122094695882,5.42375246900483,0.364173370326376,14.9664585858167,1.21627726192521e-50,7.18272537029936e-47,9.98629918461263e-35,4.35386000617136e-31,3.31357639097648e-35,TRUE,TRUE,TRUE,TRUE,"Rpv12",6,"Rpv12|6"
"Vitvi12g04597",563.172656042939,6.71974733133804,6.63817756089785,0.449181110491057,14.7239166615528,4.52665592579595e-49,2.13857332558304e-45,2.47015668096011e-36,1.29233657234471e-32,2.56991830407454e-37,TRUE,TRUE,TRUE,TRUE,"Rpv12",6,"Rpv12|6"
"Vitvi12g04563",250.397708439849,-7.97554511722889,-7.88957390175069,0.550890522186122,-14.4181405590127,3.97919036451592e-47,1.56660724650992e-43,9.25881698917646e-37,6.05503484049667e-33,0,TRUE,TRUE,TRUE,TRUE,"Rpv12",6,"Rpv12|6"
"Vitvi15g01247",1047.70838963293,3.01561366240219,2.98310881080034,0.220817332329234,13.7070215494331,9.21641466553732e-43,3.11014496041889e-39,2.55499378994423e-20,4.17725515944695e-17,8.99376319971618e-21,TRUE,TRUE,TRUE,TRUE,"Rpv12",6,"Rpv12|6"
"Vitvi13g04706",900.109303159414,-2.58045526447216,-2.55197382532661,0.191333557914384,-13.4332400789011,3.86139619332052e-41,1.14017376098272e-37,9.55993267968361e-17,8.33594263226145e-14,2.49428724855981e-17,TRUE,TRUE,TRUE,TRUE,"Rpv12",6,"Rpv12|6"
"Vitvi18g01959",205.744192164665,6.24583681110555,6.15823408371346,0.461657527869435,13.3757472683751,8.38071684061634e-41,2.19965881343377e-37,1.38493849602443e-29,5.17551515964328e-26,2.75505597564963e-30,TRUE,TRUE,TRUE,TRUE,"Rpv12",6,"Rpv12|6"
"Vitvi03g00610",403.403796088796,2.59068878765656,2.56367882149991,0.20144426392898,12.9821724710471,1.54437021314806e-38,3.64811131749834e-35,7.8644706179022e-16,6.05078490863834e-13,1.9069850687311e-16,TRUE,TRUE,TRUE,TRUE,"Rpv12",6,"Rpv12|6"
"Vitvi14g02707",681.35117560579,1.86163998178067,1.83459590917564,0.144277092271149,12.9743102485317,1.71129917124871e-38,3.67493718393064e-35,9.5654438317843e-10,2.6905639268349e-07,2.7493752756085e-10,TRUE,TRUE,TRUE,TRUE,"Rpv12",6,"Rpv12|6"
"Vitvi00g04737",101.846453234561,-4.70820519324147,-4.64865306537575,0.3644035404908,-12.9280511127618,3.1264359950786e-38,6.15438925631223e-35,1.1906342426538e-24,2.59548342946507e-21,0,TRUE,TRUE,TRUE,TRUE,"Rpv12",6,"Rpv12|6"
"Vitvi18g01980",183.894601017101,5.33722313140903,5.26162149539635,0.414868621220722,12.8014794156447,1.60857231985407e-37,2.92289964150713e-34,1.20185324716088e-25,3.14392790924815e-22,4.27372661650007e-26,TRUE,TRUE,TRUE,TRUE,"Rpv12",6,"Rpv12|6"
"Vitvi05g01769",2583.19757107597,2.55299165171554,2.52239412236427,0.201214635888601,12.783291214643,2.03281683364446e-37,3.42994280316782e-34,3.73942683388271e-15,2.64377477155507e-12,1.82876003283195e-15,TRUE,TRUE,TRUE,TRUE,"Rpv12",6,"Rpv12|6"
"Vitvi09g00419",172.279207339225,5.16616195488305,5.09514263541279,0.41243500057641,12.5167696710415,6.04455035585755e-36,9.51895790040447e-33,2.93835118852993e-24,5.91264067236572e-21,1.44828820265616e-24,TRUE,TRUE,TRUE,TRUE,"Rpv12",6,"Rpv12|6"
"Vitvi09g04416",99.6014200168754,4.51024235711494,4.44561739926195,0.359320996382524,12.506020331025,6.92054732137954e-36,1.02173230516017e-32,1.08801328841399e-22,1.89742264077476e-19,3.3034526789592e-23,TRUE,TRUE,TRUE,TRUE,"Rpv12",6,"Rpv12|6"
"Vitvi18g04660",217.321042314486,5.53811557055084,5.45203022129562,0.440880950567879,12.4654265776235,1.15253392160246e-35,1.60147978212314e-32,8.5304730872775e-25,2.02862404990993e-21,2.74015506114068e-25,TRUE,TRUE,TRUE,TRUE,"Rpv12",6,"Rpv12|6"
"Vitvi09g01698",483.799673874431,2.75941328796914,2.72342799000377,0.22714665000052,12.2806171501033,1.15116746547016e-34,1.51071543718534e-31,2.43601255064458e-15,1.77010145311977e-12,1.20687569349003e-15,TRUE,TRUE,TRUE,TRUE,"Rpv12",6,"Rpv12|6"
"Vitvi09g02033",194.739291436794,3.81892937419265,3.7610561977536,0.317053099332339,12.0686212789592,1.54704470180529e-33,1.92338368137077e-30,2.58846711235373e-19,3.22436719962196e-16,1.04659304992169e-19,TRUE,TRUE,TRUE,TRUE,"Rpv12",6,"Rpv12|6"
"Vitvi09g01214",1440.24996613048,13.5385091583414,13.5930636213108,1.95840502470094,11.2432355159565,2.50046614292941e-29,2.74289046054301e-26,1.08407177759031e-25,3.14392790924815e-22,4.45019746153148e-12,TRUE,TRUE,TRUE,TRUE,"Rpv12",6,"Rpv12|6"
"Vitvi12g04536",1033.1032665114,1.686061081095,1.66114389872239,0.150999266322855,11.2413467875686,2.55455042468657e-29,2.74289046054301e-26,2.39109589077404e-06,0.000347492652259767,5.32382466980423e-07,TRUE,TRUE,TRUE,TRUE,"Rpv12",6,"Rpv12|6"
"Vitvi12g02011",1846.01616412669,3.27873377399149,3.2260255842973,0.295418806918863,11.1301232669922,8.95116375132424e-29,9.19323435364266e-26,5.15058267720456e-15,3.45472031417933e-12,3.85964805078169e-15,TRUE,TRUE,TRUE,TRUE,"Rpv12",6,"Rpv12|6"
"Vitvi15g04365",138.954696871606,3.02698914057549,2.97627229455686,0.274396317634213,11.0760804242281,1.6389127723407e-28,1.61309989617634e-25,5.99139780030315e-14,3.1345795011626e-11,2.32376879768989e-14,TRUE,TRUE,TRUE,TRUE,"Rpv12",6,"Rpv12|6"
"Vitvi09g04564",192.04388470492,4.71987878110172,4.64207308093626,0.435328210106172,10.895453242856,1.21161783744735e-27,1.14483346224726e-24,4.46211417920543e-18,4.86351853390979e-15,3.30626832784832e-18,TRUE,TRUE,TRUE,TRUE,"Rpv12",6,"Rpv12|6"
"Vitvi12g01939",2171.35288391684,3.8478226619787,3.7779864827313,0.359208148433981,10.7828501799938,4.14829364413024e-27,3.76888432544787e-24,7.28560680183551e-16,5.77527843421864e-13,3.84353116458437e-16,TRUE,TRUE,TRUE,TRUE,"Rpv12",6,"Rpv12|6"
"Vitvi14g04255",79.4687369316443,4.76069206912058,4.66491079167508,0.440588088772935,10.6895562996071,1.1391463048527e-26,9.96626444934462e-24,1.53096617573781e-17,1.54032862273559e-14,8.29213360157999e-18,TRUE,TRUE,TRUE,TRUE,"Rpv12",6,"Rpv12|6"
"Vitvi19g00339",1138.65266118752,1.46867424270435,1.44874325902182,0.138791790947063,10.6662406882084,1.46431517457259e-26,1.23535903763406e-23,0.000332344146517919,0.0273389639269253,6.88092942579951e-05,TRUE,TRUE,TRUE,TRUE,"Rpv12",6,"Rpv12|6"
"Vitvi09g01376",153.805367086232,3.54072434299826,3.47426352421496,0.336809361917178,10.6204286274212,2.39459048801026e-26,1.95051781061305e-23,1.25935745095184e-14,7.84369799034504e-12,7.51396972890645e-15,TRUE,TRUE,TRUE,TRUE,"Rpv12",6,"Rpv12|6"
"Vitvi19g01612",600.724189931291,-3.03666455000924,-2.98048365429976,0.294356833982265,-10.5763047059701,3.83797920600512e-26,3.02202482680843e-23,6.54113555216167e-13,2.95016491222409e-10,5.65650536717404e-13,TRUE,TRUE,TRUE,TRUE,"Rpv12",6,"Rpv12|6"
"Vitvi12g02066",432.249431784711,-7.57006662688367,-7.38568101191425,0.737870863907257,-10.5254220191234,6.59651766244038e-26,4.86946688194271e-23,3.26967885597664e-20,5.03126642314664e-17,0,TRUE,TRUE,TRUE,TRUE,"Rpv12",6,"Rpv12|6"
"Vitvi12g02621",124.136194917438,-3.32888820748641,-3.26251835211918,0.320347907418534,-10.4026325900629,2.41176326535886e-25,1.72638399558506e-22,1.6981043872429e-13,8.22605790109017e-11,9.10832378084184e-14,TRUE,TRUE,TRUE,TRUE,"Rpv12",6,"Rpv12|6"
"Vitvi09g01390",93.6199490371981,2.81386419581535,2.76235544132358,0.272130612888692,10.3858509037869,2.8759324612367e-25,1.99809637056863e-22,1.07913859125681e-11,4.16702769068249e-09,3.35314991655275e-12,TRUE,TRUE,TRUE,TRUE,"Rpv12",6,"Rpv12|6"
"Vitvi19g01610",498.600911900096,-5.45736697415909,-5.35007118601172,0.529078294828771,-10.2910761117086,7.73075031937966e-25,5.21759382983961e-22,2.13285975405238e-17,2.06642512245393e-14,1.63732319447532e-17,TRUE,TRUE,TRUE,TRUE,"Rpv12",6,"Rpv12|6"
"Vitvi05g01672",228.721581827638,6.07793693017737,5.94374768670938,0.59179409030893,10.2700423695506,9.61624183393274e-25,6.3098573500322e-22,4.73058937673757e-18,4.94989950024312e-15,4.87130687485971e-18,TRUE,TRUE,TRUE,TRUE,"Rpv12",6,"Rpv12|6"
"Vitvi04g04011",668.477911206416,-8.40381803397036,-8.22434299815117,0.817491941310245,-10.1999265467604,1.98422510571487e-24,1.26679366073504e-21,1.27961569125889e-19,1.67367334338207e-16,0,TRUE,TRUE,TRUE,TRUE,"Rpv12",6,"Rpv12|6"
"Vitvi14g02663",1747.02925709077,3.78802370590298,3.7109928599478,0.376135376919529,10.099800100972,5.53549089683831e-24,3.44103594645038e-21,5.28586502809207e-14,2.88068631812209e-11,1.54409465135248e-14,TRUE,TRUE,TRUE,TRUE,"Rpv12",6,"Rpv12|6"
"Vitvi00g04006",595.012791277058,3.82321586051792,3.74377661820299,0.383314138520129,10.0881746632426,6.23175142533842e-24,3.77452390177806e-21,4.68428477597156e-14,2.72302678788089e-11,5.09801402415795e-14,TRUE,TRUE,TRUE,TRUE,"Rpv12",6,"Rpv12|6"
"Vitvi03g04400",163.478435473646,3.71589850687972,3.64178213813844,0.37098719629849,10.0805505384557,6.73477032661804e-24,3.97721861638428e-21,8.67762495521587e-14,4.36534598468254e-11,7.33884622766285e-14,TRUE,TRUE,TRUE,TRUE,"Rpv12",6,"Rpv12|6"
"Vitvi07g04167",766.40288715611,8.21498879003386,8.00148463851536,0.836205353514894,10.0351052909184,1.06845350952205e-23,6.15585580534874e-21,6.06247827101902e-19,6.89514648224289e-16,1.75160346656637e-18,TRUE,TRUE,TRUE,TRUE,"Rpv12",6,"Rpv12|6"
"Vitvi01g04207",101.011577513306,5.72733304642306,5.59360496846716,0.557962410227774,10.0175794456215,1.2758941506408e-23,7.09491236051921e-21,6.78293334243286e-17,6.11843976912762e-14,1.20710014666731e-17,TRUE,TRUE,TRUE,TRUE,"Rpv12",6,"Rpv12|6"
"Vitvi12g02545",883.526412898456,1.89306641550421,1.81353575530814,0.191945106679547,10.0163765411003,1.29151312971944e-23,7.09491236051921e-21,1.14893090323997e-06,0.000177839547324582,1.0681658406119e-06,TRUE,TRUE,TRUE,TRUE,"Rpv12",6,"Rpv12|6"
"Vitvi02g01621",311.265416714878,1.96748033122599,1.92852385206224,0.199237534407662,9.93676283035964,2.88035484132343e-23,1.5463577741305e-20,5.13844476169074e-07,8.51520193283763e-05,1.40727746540846e-07,TRUE,TRUE,TRUE,TRUE,"Rpv12",6,"Rpv12|6"
"Vitvi12g04108",321.261135650976,11.8681177863725,12.3884051016567,2.31557521494947,9.72045793550418,2.46669625054732e-22,1.26670214848758e-19,2.75687530798757e-19,3.27805005371123e-16,3.66791199567017e-08,TRUE,TRUE,TRUE,TRUE,"Rpv12",6,"Rpv12|6"
"Vitvi09g04537",71.8638135012452,4.89766320410029,4.77382189962522,0.500136434132171,9.72170510515419,2.43666464052344e-22,1.26670214848758e-19,5.10003641383188e-15,3.45472031417933e-12,2.51823844414812e-15,TRUE,TRUE,TRUE,TRUE,"Rpv12",6,"Rpv12|6"
"Vitvi05g01579",187.348183563216,7.77684475883773,7.59529988949237,0.790739618134516,9.64012795264417,5.41204744130798e-22,2.72007201401228e-19,2.22225982243322e-17,2.07614623910824e-14,6.47447787361755e-18,TRUE,TRUE,TRUE,TRUE,"Rpv12",6,"Rpv12|6"
"Vitvi17g01554",48.4635467368132,19.144685239332,7.31464661425044,2.85810837322901,9.61237508460651,7.08944809575889e-22,3.41769271261258e-19,4.10856684918729e-20,5.65663158988896e-17,0.00250412675374999,TRUE,TRUE,TRUE,TRUE,"Rpv12",6,"Rpv12|6"
"Vitvi01g01701",1004.23021711952,-1.88671111610654,-1.84634762702058,0.200167786371184,-9.48569893518535,2.40764112292036e-21,1.1374659721125e-18,4.13520368368171e-06,0.00057538719766718,1.22849983900749e-06,TRUE,TRUE,TRUE,TRUE,"Rpv12",6,"Rpv12|6"
"Vitvi12g02701",606.122514189718,-2.37119369949206,-2.31238948211868,0.251495026143384,-9.48273881983031,2.47694857652277e-21,1.14726429950237e-18,2.08381264007927e-08,4.95549589562123e-06,5.88005882878426e-09,TRUE,TRUE,TRUE,TRUE,"Rpv12",6,"Rpv12|6"
"Vitvi18g04551",191.293228160195,3.92205720332251,3.82209571990782,0.419281798594894,9.43531762164116,3.89811424011084e-21,1.77079335730573e-18,1.03554809187714e-12,4.44080369433018e-10,3.94912236370175e-13,TRUE,TRUE,TRUE,TRUE,"Rpv12",6,"Rpv12|6"
"Vitvi12g01921",96.4921196424006,5.70018907386281,5.55262339272754,0.606360721432617,9.32041926851866,1.15881469719776e-20,5.16481524098216e-18,7.63121518411682e-15,4.86890141466614e-12,4.65157980681638e-15,TRUE,TRUE,TRUE,TRUE,"Rpv12",6,"Rpv12|6"
"Vitvi17g01495",680.194387402857,2.19555558823807,2.1031098263972,0.245392379344039,9.11898436020064,7.58316256804614e-20,3.25689938513429e-17,3.42443438795424e-07,5.94125443033309e-05,3.82340051833838e-07,TRUE,TRUE,TRUE,TRUE,"Rpv12",6,"Rpv12|6"
"Vitvi14g04248",347.979848571058,1.74817466415359,1.71300334065573,0.193767574339703,9.0913628263553,9.78053010415157e-20,4.12563718071908e-17,4.9941898769726e-05,0.00563116435309165,9.40534256942965e-06,TRUE,TRUE,TRUE,TRUE,"Rpv12",6,"Rpv12|6"
"Vitvi12g02735",166.174325654525,-2.18412580464458,-2.12493696050071,0.24488145503119,-9.01239835685477,2.01598546200575e-19,8.35466817254382e-17,5.14317024881817e-07,8.51520193283763e-05,2.27422317358571e-07,TRUE,TRUE,TRUE,TRUE,"Rpv12",6,"Rpv12|6"
"Vitvi03g04291",116.720759527195,4.34267686097955,4.2235576768504,0.485202102281085,8.9948508093302,2.36553272890184e-19,9.63424381415849e-17,2.20181907814759e-12,8.86113619465581e-10,1.05923953880017e-12,TRUE,TRUE,TRUE,TRUE,"Rpv12",6,"Rpv12|6"
"Vitvi07g01315",611.004485479949,2.30264785659483,2.24778448082672,0.257728416083707,8.98462435334246,2.5961963309911e-19,1.03944660560461e-16,1.85996828078366e-07,3.42640213077604e-05,6.84274414600919e-08,TRUE,TRUE,TRUE,TRUE,"Rpv12",6,"Rpv12|6"
"Vitvi07g03086",80.317460102384,7.50465051843629,7.26606922926622,0.815033972903712,8.90980618701733,5.11218513404181e-19,2.01266728727226e-16,5.70044417429265e-15,3.72794797888304e-12,6.46648753026308e-16,TRUE,TRUE,TRUE,TRUE,"Rpv12",6,"Rpv12|6"
"Vitvi12g01885",121.949812435513,2.60388247730354,2.54043943756993,0.29749534937725,8.84863565804047,8.85956941525333e-19,3.43083194634613e-16,2.51299217937267e-08,5.81746570090352e-06,7.16007510576643e-09,TRUE,TRUE,TRUE,TRUE,"Rpv12",6,"Rpv12|6"
"Vitvi16g01733",224.106161687933,10.5869116911857,10.7028747241102,2.02084907732583,8.83257206378497,1.02295776010409e-18,3.8974690659966e-16,6.30844129666903e-16,5.32330696385694e-13,8.21482430039923e-08,TRUE,TRUE,TRUE,TRUE,"Rpv12",6,"Rpv12|6"
"Vitvi12g04607",180.738962523509,10.8849730334593,11.322963585489,2.27339111346607,8.7882514528072,1.51905669091473e-18,5.69573923060123e-16,7.26487665984314e-16,5.77527843421864e-13,3.07714520733928e-07,TRUE,TRUE,TRUE,TRUE,"Rpv12",6,"Rpv12|6"
"Vitvi19g04006",149.522079178101,3.44089653348846,3.34638810656162,0.396990550666643,8.76447821672131,1.87643698366353e-18,6.9258116293906e-16,2.52844994252844e-10,8.06606366421968e-08,7.75850058327684e-11,TRUE,TRUE,TRUE,TRUE,"Rpv12",6,"Rpv12|6"
"Vitvi09g04222",404.516516885707,3.38506058218167,3.2869438010392,0.391704371878726,8.70155403058759,3.27369854991393e-18,1.1897124176318e-15,4.36701151074854e-10,1.28355791134462e-07,1.78142116973876e-10,TRUE,TRUE,TRUE,TRUE,"Rpv12",6,"Rpv12|6"
"Vitvi09g01568",1319.71092124178,1.23893133357928,1.21035338222956,0.143512476275459,8.67593025757472,4.10183499026686e-18,1.46808403242551e-15,0.0471462145091353,0.941315097121842,0.0162652765248051,FALSE,TRUE,TRUE,FALSE,"Rpv12",6,"Rpv12|6"
"Vitvi07g00890",154.333504312037,-7.5317483511394,-7.29342220036196,0.878331439238181,-8.57247419399408,1.01285055415803e-17,3.5709784761673e-15,5.25632940182429e-14,2.88068631812209e-11,4.15532056979595e-14,TRUE,TRUE,TRUE,TRUE,"Rpv12",6,"Rpv12|6"
"Vitvi07g04561",66.6768077893062,6.51861102266788,6.2930130476976,0.737410372633775,8.53664469301999,1.38175619052227e-17,4.79997716654664e-15,2.46773092613057e-13,1.15273880886874e-10,3.21801568245563e-14,TRUE,TRUE,TRUE,TRUE,"Rpv12",6,"Rpv12|6"
"Vitvi03g04047",55.3568762731153,4.5469763169763,4.39923009126217,0.523841761929446,8.47879284356765,2.27542401804175e-17,7.7898646600264e-15,1.8693134636558e-11,6.98562441368174e-09,2.52868195373117e-12,TRUE,TRUE,TRUE,TRUE,"Rpv12",6,"Rpv12|6"
"Vitvi12g04595",2265.54290645006,-2.71972876120658,-2.63955416289441,0.328409181044022,-8.47061494686224,2.44100899228596e-17,8.23735920225412e-15,4.25169181596436e-08,9.41358759290849e-06,1.71172304736861e-08,TRUE,TRUE,TRUE,TRUE,"Rpv12",6,"Rpv12|6"
"Vitvi12g04404",53.0562488138446,6.04232001773617,5.85224833420009,0.691477919394541,8.46553877304608,2.54971271941826e-17,8.47903297096095e-15,8.05990309673837e-13,3.51398341845965e-10,1.15283196415859e-13,TRUE,TRUE,TRUE,TRUE,"Rpv12",6,"Rpv12|6"
"Vitvi18g04440",96.9603636064191,4.38795601209085,4.2518570996175,0.518125788615304,8.46396318169111,2.58441441837774e-17,8.47903297096095e-15,3.1793033086585e-11,1.13927938700271e-08,1.06082878156253e-11,TRUE,TRUE,TRUE,TRUE,"Rpv12",6,"Rpv12|6"
"Vitvi03g04196",144.825850614048,10.080767349035,10.1707115586374,2.00759777315036,8.4257586501636,3.58420293999947e-17,1.1598087924475e-14,1.60034927432731e-14,9.7357062016577e-12,2.64798178676997e-07,TRUE,TRUE,TRUE,TRUE,"Rpv12",6,"Rpv12|6"
"Vitvi05g01674",438.482531559247,7.69383526167542,7.43573009356543,0.922546585469916,8.41915641617137,3.79204841068852e-17,1.20913908765342e-14,1.1955327128169e-13,5.90074344048628e-11,1.72064708836969e-13,TRUE,TRUE,TRUE,TRUE,"Rpv12",6,"Rpv12|6"
"Vitvi01g04002",109.758549760155,2.16558925829684,2.10679169925772,0.260627370259829,8.4150296502172,3.92795546996336e-17,1.22087058041414e-14,2.95984585310082e-06,0.000423096216782865,9.89789686110516e-07,TRUE,TRUE,TRUE,TRUE,"Rpv12",6,"Rpv12|6"
"Vitvi13g01638",150.291789899527,-10.6510873517848,-11.8838820732609,3.18008835274013,-8.30548789972205,9.9410102914542e-17,3.00469881903477e-14,2.6217455148129e-14,1.5586872936816e-11,3.27379192474962e-05,TRUE,TRUE,TRUE,TRUE,"Rpv12",6,"Rpv12|6"
"Vitvi18g02819",173.237409757471,6.26956353328599,6.0431149446361,0.761787967879203,8.30328575146734,1.01270912890022e-16,3.00469881903477e-14,1.48744179221682e-12,6.17618886390471e-10,1.39038018301622e-12,TRUE,TRUE,TRUE,TRUE,"Rpv12",6,"Rpv12|6"
"Vitvi09g00535",142.845123722281,3.90989087907669,3.78094001180546,0.474659417633547,8.30271434389492,1.01759336856651e-16,3.00469881903477e-14,3.22138776298665e-10,9.91780475774047e-08,1.39760916148001e-10,TRUE,TRUE,TRUE,TRUE,"Rpv12",6,"Rpv12|6"
"Vitvi15g04461",184.078251197862,8.00305801369827,7.69645174434679,0.93856725065636,8.2785489432434,1.24685251736857e-16,3.63619137842967e-14,2.17618761241961e-13,1.03503439551427e-10,6.18251906849784e-14,TRUE,TRUE,TRUE,TRUE,"Rpv12",6,"Rpv12|6"
"Vitvi09g01026",66.5358544285917,5.83390151388457,5.62640491980723,0.700473239986992,8.23043680868605,1.86531985930395e-16,5.37348606298511e-14,4.56337674094368e-12,1.80868745706584e-09,1.74668456329145e-12,TRUE,TRUE,TRUE,TRUE,"Rpv12",6,"Rpv12|6"
"Vitvi18g04003",178.601066827035,-6.68534745868721,-6.43718497390145,0.853592755966625,-8.21522323724408,2.11769927294236e-16,6.0270231596921e-14,1.41031600107164e-12,5.95039617290856e-10,6.06107394282695e-12,TRUE,TRUE,TRUE,TRUE,"Rpv12",6,"Rpv12|6"
"Vitvi01g04191",157.632226676884,9.9287534351442,9.41128882184342,1.20138498024301,8.21215933773147,2.17245720875685e-16,6.10926002205409e-14,7.61978249958141e-14,3.90835079228529e-11,1.41475600844219e-13,TRUE,TRUE,TRUE,TRUE,"Rpv12",6,"Rpv12|6"
"Vitvi07g02323",86.3541289402055,-10.4804348415191,-11.6039497441079,3.14951859908642,-8.20159411411527,2.37220064828251e-16,6.59248514279171e-14,5.8989956307148e-14,3.1345795011626e-11,4.29943115013102e-05,TRUE,TRUE,TRUE,TRUE,"Rpv12",6,"Rpv12|6"
"Vitvi19g00476",720.949813478775,-1.74873362984867,-1.69986381796975,0.21830997461028,-8.09892034564038,5.54490733883824e-16,1.50553794434525e-13,0.000262550027708572,0.0227418747510879,8.29019425603877e-05,TRUE,TRUE,TRUE,TRUE,"Rpv12",6,"Rpv12|6"
"Vitvi12g04227",228.248800460364,2.01464133479687,1.95397211505301,0.252330059541683,8.07296089609091,6.86135870031243e-16,1.8418069911225e-13,2.39324036336878e-05,0.002869258662585,6.79161489742215e-06,TRUE,TRUE,TRUE,TRUE,"Rpv12",6,"Rpv12|6"
"Vitvi03g04050",193.218273389643,8.35999780898333,7.98330249171179,0.926218267790259,8.03179709286274,9.60551400388091e-16,2.54945451460309e-13,7.68797891079634e-13,3.40864136148341e-10,3.19743235385699e-15,TRUE,TRUE,TRUE,TRUE,"Rpv12",6,"Rpv12|6"
"Vitvi18g04004",74.0892471094061,-4.06541541154866,-3.92449351562529,0.520430152620335,-7.91699278748201,2.43323856381383e-15,6.31625948949563e-13,1.18923737813855e-09,3.30949580582195e-07,6.45007269252184e-10,TRUE,TRUE,TRUE,TRUE,"Rpv12",6,"Rpv12|6"
"Vitvi12g04548",429.044391517799,10.9703380646006,10.3631524457581,1.39777345512295,7.89160800109257,2.98317503636656e-15,7.65962616402728e-13,3.68880764381605e-13,1.69290384481727e-10,7.68798191460141e-13,TRUE,TRUE,TRUE,TRUE,"Rpv12",6,"Rpv12|6"
"Vitvi09g04473",143.328202252457,4.09012548644295,3.94673229422886,0.529078948550888,7.86345131423843,3.73691627817096e-15,9.49176734655424e-13,1.41725502894929e-09,3.90252361076678e-07,8.13407397451138e-10,TRUE,TRUE,TRUE,TRUE,"Rpv12",6,"Rpv12|6"
"Vitvi18g00191",200.115118724747,2.64278034550811,2.55713600125754,0.342364311407616,7.84611549954376,4.29121755929537e-15,1.0783738424008e-12,5.37933169820186e-07,8.85018477316115e-05,2.86021989271276e-07,TRUE,TRUE,TRUE,TRUE,"Rpv12",6,"Rpv12|6"
"Vitvi06g04231",382.039920495479,1.24101158221226,1.20788030014072,0.159517025321589,7.8275876194264,4.9732003922319e-15,1.23659936489791e-12,0.0642350690559129,1,0.022888365427172,FALSE,TRUE,TRUE,FALSE,"Rpv12",6,"Rpv12|6"
"Vitvi13g01616",495.533207912935,-2.17302752906149,-2.10117330629036,0.282968730332922,-7.81843645399535,5.34834728590729e-15,1.31602770403856e-12,1.21885876215958e-05,0.00158627494325037,4.87310280675316e-06,TRUE,TRUE,TRUE,TRUE,"Rpv12",6,"Rpv12|6"
"Vitvi07g02402",514.098133269058,3.6310189314095,3.50232722999405,0.467048324739169,7.78403963566716,7.02447352163357e-15,1.69702930431644e-12,8.48879907811555e-09,2.15590771926626e-06,3.00145137220248e-09,TRUE,TRUE,TRUE,TRUE,"Rpv12",6,"Rpv12|6"
"Vitvi12g04523",87.6436947067246,3.51468237128829,3.40126821263834,0.450984922394395,7.78375285554795,7.0404229880201e-15,1.69702930431644e-12,1.28019114810704e-08,3.15929436257851e-06,4.16521370593895e-09,TRUE,TRUE,TRUE,TRUE,"Rpv12",6,"Rpv12|6"
"Vitvi00g04313",119.678171837159,5.05705961729494,4.85041501839117,0.676430379380243,7.70219472289412,1.33748862795235e-14,3.15941563694903e-12,3.22265149435353e-10,9.91780475774047e-08,4.2112730754656e-10,TRUE,TRUE,TRUE,TRUE,"Rpv12",6,"Rpv12|6"
"Vitvi04g04010",207.518405038871,-10.1064474746596,-11.2491219913123,3.12762862396762,-7.69574885042866,1.40667871105819e-14,3.28995688243728e-12,2.04149556540638e-12,8.34429413991647e-10,6.35378872489001e-05,TRUE,TRUE,TRUE,TRUE,"Rpv12",6,"Rpv12|6"
"Vitvi19g04572",176.014923859102,-2.84575686894841,-2.74346144421234,0.378258375556507,-7.66013180213885,1.85742362506448e-14,4.30157459522287e-12,3.37609878268204e-07,5.9272059098107e-05,1.7405576543908e-07,TRUE,TRUE,TRUE,TRUE,"Rpv12",6,"Rpv12|6"
"Vitvi13g04699",206.016038144622,-3.20628357439423,-3.08176636415129,0.420024669633,-7.61993399784795,2.53805459679895e-14,5.82076948403736e-12,7.88344073291162e-08,1.61111661040809e-05,2.45944059819058e-08,TRUE,TRUE,TRUE,TRUE,"Rpv12",6,"Rpv12|6"
"Vitvi09g04415",85.745070312695,2.43897125358774,2.3561770998465,0.325249310119324,7.58091009725005,3.43139322156632e-14,7.79388179613842e-12,3.86246087172963e-06,0.00054031076975174,1.4134522713651e-06,TRUE,TRUE,TRUE,TRUE,"Rpv12",6,"Rpv12|6"
"Vitvi08g02086",5554.62689099723,1.03250316962745,1.0031969600516,0.137559978739489,7.55518613292418,4.18261274136993e-14,9.40968363587051e-12,0.406003744984876,1,0.166763415234966,FALSE,TRUE,TRUE,FALSE,"Rpv12",6,"Rpv12|6"
"Vitvi05g04312",158.948685941361,3.08207671471572,2.97430582402914,0.412997628860369,7.54046962258161,4.68281980632335e-14,1.04356197608462e-11,1.75372210320634e-07,3.2535898225372e-05,9.70497917448174e-08,TRUE,TRUE,TRUE,TRUE,"Rpv12",6,"Rpv12|6"
"Vitvi19g01720",64.269948602212,9.02929246132699,9.41104378403963,2.24036124214609,7.52808354528551,5.14904446149692e-14,1.12621044693963e-11,1.08321374275167e-11,4.16702769068249e-09,8.73436462163315e-06,TRUE,TRUE,TRUE,TRUE,"Rpv12",6,"Rpv12|6"
"Vitvi13g01608",91.8843504561836,-5.45175339040641,-5.23629315045354,0.736286923574132,-7.52829568565879,5.14068767865835e-14,1.12621044693963e-11,3.93813415191048e-10,1.17065512817984e-07,3.35135396973389e-10,TRUE,TRUE,TRUE,TRUE,"Rpv12",6,"Rpv12|6"
"Vitvi00g04704",111.211490227411,7.84215487531958,7.48155901836003,0.937653975067083,7.50485175289072,6.14981585899424e-14,1.33276101120332e-11,2.91830684813643e-11,1.06027762278334e-08,2.20073432696903e-13,TRUE,TRUE,TRUE,TRUE,"Rpv12",6,"Rpv12|6"
"Vitvi00g04463",281.012107582392,2.72045943318535,2.61979817935635,0.367024688244398,7.49484328640262,6.63776222830507e-14,1.42542926688202e-11,1.06937433778836e-06,0.000166510495846462,4.87761774574323e-07,TRUE,TRUE,TRUE,TRUE,"Rpv12",6,"Rpv12|6"
"Vitvi18g02692",7102.15508987839,-1.63478541721354,-1.57761183167782,0.223091287878975,-7.47365207457495,7.79992031609788e-14,1.65990736672851e-11,0.00185387728898345,0.107883458138504,0.000772581270996753,FALSE,TRUE,TRUE,FALSE,"Rpv12",6,"Rpv12|6"
"Vitvi08g01235",762.180926867593,-8.87425116162843,-8.38478325855898,1.23716345967842,-7.45722770411326,8.83619230567733e-14,1.86364763075634e-11,1.83398070122145e-11,6.95291321206549e-09,5.08897688523668e-11,TRUE,TRUE,TRUE,TRUE,"Rpv12",6,"Rpv12|6"
"Vitvi18g02695",98.647408180362,9.12665310510281,9.0572906610527,1.96022494319071,7.4018728615127,1.34277032921356e-13,2.8069841342197e-11,2.18650550878958e-11,8.05588698653898e-09,1.78357267595657e-06,TRUE,TRUE,TRUE,TRUE,"Rpv12",6,"Rpv12|6"
"Vitvi05g00637",407.785368990083,3.10808733961432,2.99444048641525,0.421355981815033,7.39393416357421,1.42547011613473e-13,2.95372413011707e-11,2.65166888506712e-07,4.75102783318293e-05,1.1543433439984e-07,TRUE,TRUE,TRUE,TRUE,"Rpv12",6,"Rpv12|6"
"Vitvi09g04212",72.8546814408379,6.80422200188331,6.48473974707987,0.862688290618274,7.37400441669085,1.6557769939167e-13,3.37179001295691e-11,1.58462380207937e-10,5.24711063779672e-08,7.75084590312794e-12,TRUE,TRUE,TRUE,TRUE,"Rpv12",6,"Rpv12|6"
"Vitvi09g01303",665.460546481292,1.28833557483204,1.17905789180761,0.178763535024668,7.37496063987662,1.64393612902768e-13,3.37179001295691e-11,0.0494151501038137,0.970458642316563,0.0431786859753063,FALSE,TRUE,TRUE,FALSE,"Rpv12",6,"Rpv12|6"
"Vitvi16g04012",654.824049740443,5.84148992632137,5.56953419337584,0.787105795492574,7.3715838808793,1.68612618995525e-13,3.40424554351479e-11,4.99254620493073e-10,1.45111129083092e-07,2.24062950459463e-10,TRUE,TRUE,TRUE,TRUE,"Rpv12",6,"Rpv12|6"
"Vitvi12g04598",44.9752829258166,5.57342509065032,5.34853355338627,0.736879819822618,7.35601445401169,1.89482507493587e-13,3.79318287458772e-11,7.89040136381417e-10,2.2435327095219e-07,1.04979998561728e-10,TRUE,TRUE,TRUE,TRUE,"Rpv12",6,"Rpv12|6"
"Vitvi05g01400",385.709449641663,7.23187753510895,6.87792735749994,0.98246895523393,7.33748748117647,2.17640748167661e-13,4.32026029682058e-11,1.28362973220169e-10,4.30493207239283e-08,3.1860480129967e-11,TRUE,TRUE,TRUE,TRUE,"Rpv12",6,"Rpv12|6"
"Vitvi11g01322",685.335504159876,-1.26822776594816,-1.22701545664875,0.174672493098651,-7.3137903795818,2.59710186952208e-13,5.11239503015422e-11,0.0609493740096445,1,0.0232058515248281,FALSE,TRUE,TRUE,FALSE,"Rpv12",6,"Rpv12|6"
"Vitvi16g01796",26.3970569848794,3.75545490025506,3.60727822840374,0.514604564757854,7.2738891744793,3.49282575408302e-13,6.81880412916935e-11,4.72477731784228e-08,1.01307745784784e-05,1.3886987603008e-08,TRUE,TRUE,TRUE,TRUE,"Rpv12",6,"Rpv12|6"
"Vitvi19g01790",533.096232846365,-4.30181432866837,-4.10970197833668,0.626638279022549,-7.24831605788083,4.21985006188275e-13,8.17059820998315e-11,1.32305410211256e-08,3.234558154875e-06,2.08342347616114e-08,TRUE,TRUE,TRUE,TRUE,"Rpv12",6,"Rpv12|6"
"Vitvi19g04070",51.792129338223,3.72773925782561,3.57014328911819,0.52932568021358,7.20707888094843,5.71648921742579e-13,1.09784478287831e-10,6.68449721569497e-08,1.39887810132292e-05,5.67074665582999e-08,TRUE,TRUE,TRUE,TRUE,"Rpv12",6,"Rpv12|6"
"Vitvi05g04062",29.6163491990089,4.40182953102306,4.2113771733872,0.626387967278829,7.19500751327164,6.24573258739848e-13,1.18981205789941e-10,1.34533659642654e-08,3.2585796320298e-06,1.16934911169933e-08,TRUE,TRUE,TRUE,TRUE,"Rpv12",6,"Rpv12|6"
"Vitvi01g01751",56.9377360638776,-9.44897763593421,-10.337291964261,3.02452564996172,-7.18777481642072,6.5855756497323e-13,1.24451574398381e-10,6.50395200274529e-11,2.26849173919752e-08,0.000141321408590475,TRUE,TRUE,TRUE,TRUE,"Rpv12",6,"Rpv12|6"
"Vitvi02g00446",2562.87882303628,1.97525164734823,1.76769307641694,0.285334288975152,7.17512635269659,7.22404359119058e-13,1.35433617231035e-10,0.000198091201577677,0.0179303382078563,0.000538610640811697,TRUE,TRUE,TRUE,TRUE,"Rpv12",6,"Rpv12|6"
"Vitvi05g04565",173.993897413593,3.78392291984883,3.62598078786719,0.534513122421875,7.1709105103878,7.45005939303228e-13,1.37506464875722e-10,6.60851304214202e-08,1.39412977959188e-05,4.10635797575616e-08,TRUE,TRUE,TRUE,TRUE,"Rpv12",6,"Rpv12|6"
"Vitvi12g02633",319.459121040906,1.66551498855539,1.58144204287261,0.235827340100467,7.17089264339036,7.4510318787962e-13,1.37506464875722e-10,0.00208253287054784,0.118428211653611,0.00114666650529164,FALSE,TRUE,TRUE,FALSE,"Rpv12",6,"Rpv12|6"
"Vitvi19g04259",111.283019284984,-7.78402151850267,-7.34005203475683,1.15397905753652,-7.16825159946181,7.59616067082669e-13,1.39098067725789e-10,2.08726366804925e-10,6.82509128656255e-08,1.27956665868286e-09,TRUE,TRUE,TRUE,TRUE,"Rpv12",6,"Rpv12|6"
"Vitvi11g01446",610.468170631161,-5.42794657117027,-5.18185139504016,0.778652662047031,-7.16522796853486,7.76572169350507e-13,1.41109136803059e-10,2.53032276693262e-09,6.75415441430515e-07,2.49325167332952e-09,TRUE,TRUE,TRUE,TRUE,"Rpv12",6,"Rpv12|6"
"Vitvi12g00691",341.266395923258,1.8954311640601,1.82152237632507,0.271367166884947,7.12188119440775,1.06463811370641e-12,1.9197619482422e-10,0.000383429855722071,0.0307673055086922,0.000168011691566188,TRUE,TRUE,TRUE,TRUE,"Rpv12",6,"Rpv12|6"
"Vitvi13g04707",1298.17089621656,-1.32013357029786,-1.27707646915691,0.187777914066419,-7.11337594223436,1.13238273725584e-12,2.02645038026192e-10,0.0422637343130148,0.890875927392551,0.0160881342673913,FALSE,TRUE,TRUE,FALSE,"Rpv12",6,"Rpv12|6"
"Vitvi04g04009",134.254005514101,-10.0437339305262,-11.0835194383265,3.17082005007131,-7.10573834592775,1.19680966797442e-12,2.12564195314976e-10,7.85822681477159e-11,2.70478099010013e-08,9.19935841457708e-05,TRUE,TRUE,TRUE,TRUE,"Rpv12",6,"Rpv12|6"
"Vitvi18g02222",876.300588741642,-1.77409762030545,-1.70308967371342,0.2532486810376,-7.10207413026283,1.22898273972647e-12,2.16649479685214e-10,0.00097129972984558,0.0661672646693503,0.000390540103333285,FALSE,TRUE,TRUE,FALSE,"Rpv12",6,"Rpv12|6"
"Vitvi02g00056",116.784467935936,9.79039797364611,9.81111681314643,2.17020519966618,7.09324918619624,1.30999266989876e-12,2.27534168002563e-10,9.5297382221468e-11,3.23751197601478e-08,2.1022224402574e-06,TRUE,TRUE,TRUE,TRUE,"Rpv12",6,"Rpv12|6"
"Vitvi07g01718",62.4304953353252,5.75320815906889,5.47671915927654,0.810282441715653,7.05937271133223,1.67255906533435e-12,2.88388249936701e-10,2.73276493470058e-09,7.22084827543764e-07,1.02808483375146e-09,TRUE,TRUE,TRUE,TRUE,"Rpv12",6,"Rpv12|6"
"Vitvi19g01307",48.439344539713,3.84379530362511,3.65447811748318,0.5477456478509,7.01848220981846,2.24291307337654e-12,3.83928207386237e-10,1.03712589908844e-07,2.02464002942198e-05,6.25500725709046e-08,TRUE,TRUE,TRUE,TRUE,"Rpv12",6,"Rpv12|6"
"Vitvi12g04543",81.7405634368761,9.19447889057614,9.17565378946701,2.09021531962726,7.00526961812745,2.46510653821768e-12,4.18926234861712e-10,2.14125088891477e-10,6.91518296334832e-08,3.69131300156855e-06,TRUE,TRUE,TRUE,TRUE,"Rpv12",6,"Rpv12|6"
"Vitvi09g01807",114.760989100154,8.27774363211735,7.79525782587827,1.08650861076794,7.00282794475838,2.50846819844183e-12,4.23250255597092e-10,3.7104360165039e-10,1.11564707765202e-07,1.38142641855353e-11,TRUE,TRUE,TRUE,TRUE,"Rpv12",6,"Rpv12|6"
"Vitvi12g04545",47.2761392701458,8.97618872883,8.95413467289584,2.05330676941509,6.99086243634746,2.73201543252253e-12,4.57699776929413e-10,2.61510452083061e-10,8.24199026029013e-08,5.1934898935885e-06,TRUE,TRUE,TRUE,TRUE,"Rpv12",6,"Rpv12|6"
"Vitvi09g02034",188.193338245872,2.25599795413523,2.16392639573929,0.329709251965212,6.96180506321824,3.35940151970567e-12,5.56492332043325e-10,5.31165784249979e-05,0.00588761260601491,1.74946025331442e-05,TRUE,TRUE,TRUE,TRUE,"Rpv12",6,"Rpv12|6"
"Vitvi05g00886",283.988951016306,1.78419753698162,1.71197819175625,0.262325024716365,6.96141048872882,3.36882581839791e-12,5.56492332043325e-10,0.00110776963879725,0.0735485938611604,0.000460761958242152,FALSE,TRUE,TRUE,FALSE,"Rpv12",6,"Rpv12|6"
"Vitvi18g00106",43.0940596579665,9.15199307202781,8.73168234557033,1.36370190205208,6.92246036466219,4.43866009313531e-12,7.2310364634512e-10,3.50043943338555e-10,1.06474412951084e-07,5.17331194769371e-10,TRUE,TRUE,TRUE,TRUE,"Rpv12",6,"Rpv12|6"
"Vitvi00g04274",152.318784223001,-2.18193928580196,-2.08763431810082,0.322815507969223,-6.8804694933084,5.96556206821521e-12,9.58629300512787e-10,9.68493447844396e-05,0.00966977866494716,4.11815755251017e-05,TRUE,TRUE,TRUE,TRUE,"Rpv12",6,"Rpv12|6"
"Vitvi06g04048",33.1592343181887,8.31917794101691,8.37585232596243,2.03747008642376,6.87554396944324,6.17537554118118e-12,9.85640006985012e-10,7.2840670559774e-10,2.09388912216827e-07,1.24645147090819e-05,TRUE,TRUE,TRUE,TRUE,"Rpv12",6,"Rpv12|6"
"Vitvi09g04166",34.808378623546,3.70509548399278,3.53834766789154,0.549092440043589,6.80085320292861,1.04001355450074e-11,1.63781334562776e-09,3.42952490148819e-07,5.94125443033309e-05,1.56951761753222e-07,TRUE,TRUE,TRUE,TRUE,"Rpv12",6,"Rpv12|6"
"Vitvi15g01136",458.720265888237,-1.30552210872687,-1.25197504858636,0.194815672851022,-6.77149112032416,1.27461785736851e-11,1.98085677807624e-09,0.056519052795015,1,0.0235246398589834,FALSE,TRUE,TRUE,FALSE,"Rpv12",6,"Rpv12|6"
"Vitvi08g04284",45.0168943446617,-5.92887593310615,-5.63429730326449,0.874801696751977,-6.76014048368739,1.37858003181669e-11,2.12841944520091e-09,9.55150104786191e-09,2.40247803760596e-06,4.83831577139837e-09,TRUE,TRUE,TRUE,TRUE,"Rpv12",6,"Rpv12|6"
"Vitvi14g04653",59.4639953445035,6.19818371002406,5.8886977176635,0.916808093845076,6.75726481530723,1.40621037170761e-11,2.15698061042059e-09,7.26325606278598e-09,1.86274034653351e-06,3.57722688465474e-09,TRUE,TRUE,TRUE,TRUE,"Rpv12",6,"Rpv12|6"
"Vitvi12g04463",16.0055057449958,4.99220226403527,4.7481939500252,0.730231524679458,6.67556170534516,2.46287008924459e-11,3.75341401600875e-09,4.68945252970822e-08,1.01307745784784e-05,1.00976500719148e-08,TRUE,TRUE,TRUE,TRUE,"Rpv12",6,"Rpv12|6"
"Vitvi16g04448",277.082774383933,2.6473659697241,2.52639532258638,0.404968008799448,6.67103683228533,2.54002457852836e-11,3.84618337141006e-09,1.65397381053402e-05,0.00206030004332188,7.26997397245463e-06,TRUE,TRUE,TRUE,TRUE,"Rpv12",6,"Rpv12|6"
"Vitvi19g02164",936.522885244605,1.79621780666468,1.71899993390559,0.274251183720798,6.66736746715426,2.60432454200792e-11,3.91843021218542e-09,0.00156094032654853,0.0942449469387732,0.000707247930745809,FALSE,TRUE,TRUE,FALSE,"Rpv12",6,"Rpv12|6"
"Vitvi03g00752",10876.7546609079,-5.12975544466635,-4.87241969936485,0.782393264670964,-6.66283519901906,2.68594798008626e-11,4.01566222693656e-09,4.07050900320792e-08,9.1008927363176e-06,2.84132506177448e-08,TRUE,TRUE,TRUE,TRUE,"Rpv12",6,"Rpv12|6"
"Vitvi18g04749",69.6826221757572,8.48399375830569,7.85287407589527,1.25254591484206,6.65916237359627,2.75392555476824e-11,4.09139807891418e-09,2.12381430700389e-09,5.72751118112523e-07,1.56057880530321e-09,TRUE,TRUE,TRUE,TRUE,"Rpv12",6,"Rpv12|6"
"Vitvi09g00867",48.2637581870495,-4.42335020274776,-4.21167634108597,0.666969567756573,-6.65616051615671,2.81073281981638e-11,4.14969566685641e-09,1.29286661787909e-07,2.46862028154009e-05,7.50911313180881e-08,TRUE,TRUE,TRUE,TRUE,"Rpv12",6,"Rpv12|6"
"Vitvi04g04448",20756.349999117,2.02158845228305,1.93237897305974,0.310349787189823,6.62865016118275,3.38770392455349e-11,4.97045603141631e-09,0.000404468468720364,0.031868947811012,0.000187276008775692,TRUE,TRUE,TRUE,TRUE,"Rpv12",6,"Rpv12|6"
"Vitvi11g00356",96.3030382789066,-10.0729578564802,-11.1300836049402,3.255757415973,-6.58794631627824,4.45951819586221e-11,6.50263819892946e-09,1.47912138338502e-09,4.03045169458007e-07,0.000122293123740095,TRUE,TRUE,TRUE,TRUE,"Rpv12",6,"Rpv12|6"
"Vitvi17g00340",717.391385883987,4.89102738850956,4.62568428065851,0.756570217982877,6.58164815465621,4.65261567778701e-11,6.74258205771072e-09,8.20511716052349e-08,1.66385782792352e-05,8.94266737718252e-08,TRUE,TRUE,TRUE,TRUE,"Rpv12",6,"Rpv12|6"
"Vitvi19g02208",1162.41549946425,1.35552155910545,1.29476697004244,0.20891570169052,6.57941346321683,4.72307698808211e-11,6.80295881783387e-09,0.0422073536206877,0.890875927392551,0.0186273010082213,FALSE,TRUE,TRUE,FALSE,"Rpv12",6,"Rpv12|6"
"Vitvi14g01859",52.9373649303517,7.35313007684259,6.9480625973836,1.10403079498065,6.56804294498636,5.09808399118546e-11,7.2986024266535e-09,6.94209320728277e-09,1.81521585404485e-06,2.00984541183859e-09,TRUE,TRUE,TRUE,TRUE,"Rpv12",6,"Rpv12|6"
"Vitvi09g04535",322.672178718474,5.46582191778305,5.18102803845069,0.846204807552529,6.55387381010803,5.60633475165087e-11,7.97788189780102e-09,4.28233848219011e-08,9.41358759290849e-06,3.23302726122159e-08,TRUE,TRUE,TRUE,TRUE,"Rpv12",6,"Rpv12|6"
"Vitvi09g04078",59.7355352768542,3.4407814347356,3.26572481834051,0.536801306221285,6.54752389288524,5.84988642692794e-11,8.27461180699951e-09,1.70362878089181e-06,0.000256121984364074,1.3101711803687e-06,TRUE,TRUE,TRUE,TRUE,"Rpv12",6,"Rpv12|6"
"Vitvi02g00436",291.369494238879,4.82286938297619,4.57075741607882,0.751844231133775,6.54509009584975,5.94595286081277e-11,8.36043443322139e-09,1.06284884989355e-07,2.05948615291595e-05,1.0592865247751e-07,TRUE,TRUE,TRUE,TRUE,"Rpv12",6,"Rpv12|6"
"Vitvi02g04136",2441.99530040173,-1.42379254463629,-1.3623860211085,0.219815072117311,-6.54102535027744,6.10984727781191e-11,8.54004807079722e-09,0.0257710012077779,0.678212897982155,0.0111887718679785,FALSE,TRUE,TRUE,FALSE,"Rpv12",6,"Rpv12|6"
"Vitvi04g04232",44.6748998066712,8.08631553058584,8.09321499752538,2.06038351569808,6.47376690743066,9.55893273095221e-11,1.32824181747384e-08,7.00855542102258e-09,1.81521585404485e-06,2.82886684148627e-05,TRUE,TRUE,TRUE,TRUE,"Rpv12",6,"Rpv12|6"
"Vitvi09g01773",234.226383216669,-1.9061608103763,-1.81485782647467,0.303222944164452,-6.46709236896606,9.9906585605247e-11,1.38011307904511e-08,0.00105477146448879,0.0708399493933428,0.000560775090690875,FALSE,TRUE,TRUE,FALSE,"Rpv12",6,"Rpv12|6"
"Vitvi01g02026",150.147767266217,-1.99808658312758,-1.89946018625501,0.316667867347335,-6.41115952801449,1.444169787995e-10,1.98338248441965e-08,0.000681177798627621,0.0500531742536515,0.000306074413045782,FALSE,TRUE,TRUE,FALSE,"Rpv12",6,"Rpv12|6"
"Vitvi08g01434",90.5838448239193,-7.28576679645248,-6.91567116388186,1.20476332908113,-6.39965363994984,1.55729808276718e-10,2.10208544635007e-08,1.68274889639298e-08,4.03844297071046e-06,4.54190827988462e-08,TRUE,TRUE,TRUE,TRUE,"Rpv12",6,"Rpv12|6"
"Vitvi13g01889",74.4630917244442,5.46742042634316,5.16337293292314,0.856570613779539,6.3693830042157,1.89790128516968e-10,2.54728546353854e-08,9.73056204105191e-08,1.92834676084755e-05,5.10439739877025e-08,TRUE,TRUE,TRUE,TRUE,"Rpv12",6,"Rpv12|6"
"Vitvi13g04677",23.5794244262857,-8.26140361853819,-9.15041700815953,2.87941863006618,-6.36561885181523,1.94503891416048e-10,2.58121961967971e-08,1.10256091546256e-08,2.74684676072238e-06,0.000329927062198518,TRUE,TRUE,TRUE,TRUE,"Rpv12",6,"Rpv12|6"
"Vitvi11g00286",421.584134395832,-2.03864218221962,-1.93989606232943,0.327648687734806,-6.36625058837172,1.93704872054617e-10,2.58121961967971e-08,0.000590434886579955,0.0446392664683382,0.000283431348419861,TRUE,TRUE,TRUE,TRUE,"Rpv12",6,"Rpv12|6"
"Vitvi12g04518",105.568440727567,5.77853631538085,5.41975719238369,0.856002189968775,6.30637080421606,2.85654210052561e-10,3.70754052190198e-08,9.18953863451935e-08,1.83503161175872e-05,8.51943590532218e-09,TRUE,TRUE,TRUE,TRUE,"Rpv12",6,"Rpv12|6"
"Vitvi16g02116",274.301811226792,3.19348187491036,3.02474201459766,0.520030526852656,6.29186653933959,3.1367111890025e-10,4.04892850855831e-08,7.74350858500677e-06,0.00103348184222037,4.5735045759752e-06,TRUE,TRUE,TRUE,TRUE,"Rpv12",6,"Rpv12|6"
"Vitvi13g04446",100.166040561262,2.58486611474636,2.44970637948287,0.417349590700357,6.26730187443565,3.67357571874596e-10,4.66544116280737e-08,6.08470297989662e-05,0.00657726220045932,2.53706432400734e-05,TRUE,TRUE,TRUE,TRUE,"Rpv12",6,"Rpv12|6"
"Vitvi00g04275",181.444169051427,-2.60768424719143,-2.46441218962195,0.428960854729265,-6.26326654949747,3.76995384136929e-10,4.76223794870724e-08,5.63657710699437e-05,0.00622140171062725,3.43176433488509e-05,TRUE,TRUE,TRUE,TRUE,"Rpv12",6,"Rpv12|6"
"Vitvi13g01177",123.545539827673,1.59844494388612,1.50206973219371,0.26216795197995,6.25495197769292,3.97638247848079e-10,4.96984692627901e-08,0.0095954011116527,0.354028346515829,0.0057454799004677,FALSE,TRUE,TRUE,FALSE,"Rpv12",6,"Rpv12|6"
"Vitvi09g04280",16.8724263232394,-8.04073796366803,-8.74377176749173,2.81952741325882,-6.25317550987805,4.02189716035348e-10,5.00027656430895e-08,2.18163112823723e-08,5.14137735887907e-06,0.000428736451656086,TRUE,TRUE,TRUE,TRUE,"Rpv12",6,"Rpv12|6"
"Vitvi11g00199",803.670900282006,-1.35543681408044,-1.29113548610682,0.221946222495826,-6.2324547585838,4.59182175503646e-10,5.64937570299329e-08,0.0510937967956093,0.988581827201438,0.0225732704610023,FALSE,TRUE,TRUE,FALSE,"Rpv12",6,"Rpv12|6"
"Vitvi03g04424",165.705017747938,2.52855163957123,2.3940099800452,0.415096694513716,6.22350919403008,4.8615631354034e-10,5.91957960744841e-08,8.42075493984694e-05,0.00854430360904994,4.66634748244476e-05,TRUE,TRUE,TRUE,TRUE,"Rpv12",6,"Rpv12|6"
"Vitvi15g04150",125.295138994049,5.65997487146215,5.32172531921171,0.95503763292012,6.21692071110065,5.07005787954156e-10,6.14179011438619e-08,1.53971463186973e-07,2.90493887327934e-05,3.30871531997454e-07,TRUE,TRUE,TRUE,TRUE,"Rpv12",6,"Rpv12|6"
"Vitvi14g04449",44.4026951613428,8.0705240709068,7.98836897458234,2.06613439613595,6.19745253516696,5.73843355308182e-10,6.91598354035197e-08,2.82513026709843e-08,6.48268268921296e-06,3.93667987577979e-05,TRUE,TRUE,TRUE,TRUE,"Rpv12",6,"Rpv12|6"
"Vitvi12g02678",53.5435938415322,4.98979419079795,4.73172485207413,0.812064882458117,6.19106272338324,5.97599211600788e-10,7.12953968506758e-08,3.70462368195266e-07,6.33393796707187e-05,1.92110582173027e-07,TRUE,TRUE,TRUE,TRUE,"Rpv12",6,"Rpv12|6"
"Vitvi12g00183",32.2536807015172,-6.32118628844155,-5.90199834623691,1.10424094494484,-6.17129408193898,6.77333040214695e-10,7.99998053797576e-08,1.0235664661022e-07,2.01319362306522e-05,4.49728253730494e-07,TRUE,TRUE,TRUE,TRUE,"Rpv12",6,"Rpv12|6"
"Vitvi19g04005",69.694171662783,2.60520530625029,2.46216890542097,0.428547531784541,6.16858643115556,6.89031834831614e-10,8.0976666678569e-08,7.21167020055135e-05,0.00757630846490855,3.58926176475844e-05,TRUE,TRUE,TRUE,TRUE,"Rpv12",6,"Rpv12|6"
"Vitvi10g04085",284.882788335678,-2.7014323952211,-2.55972785786428,0.44838309504301,-6.16636766314321,6.98765082413147e-10,8.17140038453632e-08,5.1431212629527e-05,0.0057495260306658,2.27191827456594e-05,TRUE,TRUE,TRUE,TRUE,"Rpv12",6,"Rpv12|6"
"Vitvi00g04706",36.0500343754549,7.71551902689606,7.58075437714411,1.98058085119102,6.16555645660538,7.02357045416643e-10,8.17294489006499e-08,4.01533902509436e-08,9.05493565150375e-06,5.2528917615284e-05,TRUE,TRUE,TRUE,TRUE,"Rpv12",6,"Rpv12|6"
"Vitvi12g02191",44.2918095859501,3.62199120608159,3.4127735103055,0.606285900405261,6.1533553664029,7.58605599831908e-10,8.78420660746535e-08,4.20507498606021e-06,0.000578950297686048,2.95008380656472e-06,TRUE,TRUE,TRUE,TRUE,"Rpv12",6,"Rpv12|6"
"Vitvi03g01809",20.2285395605354,7.72763358273965,7.94206782661333,2.23665510806582,6.14311954538497,8.09163370592664e-10,9.32393031226337e-08,4.44272779644162e-08,9.68477636892635e-06,0.00013355689291897,TRUE,TRUE,TRUE,TRUE,"Rpv12",6,"Rpv12|6"
"Vitvi08g01847",603.607187078439,3.97115840019634,3.74288034597003,0.666421233443231,6.12498131997096,9.06942461998445e-10,1.02999013640997e-07,2.29598609401485e-06,0.000337419664232216,1.65243453204049e-06,TRUE,TRUE,TRUE,TRUE,"Rpv12",6,"Rpv12|6"
"Vitvi08g01897",310.046370465092,-1.95071472482852,-1.856722705255,0.322958341908546,-6.11864367341728,9.4375170200652e-10,1.06666520118651e-07,0.0014317321443803,0.0885609796003428,0.000607969437932979,FALSE,TRUE,TRUE,FALSE,"Rpv12",6,"Rpv12|6"
"Vitvi14g01281",1225.61595511328,1.1436262465986,1.05659514765347,0.191185800944636,6.11416799003099,9.70620179986236e-10,1.0918090424588e-07,0.221282545233851,1,0.122678403166221,FALSE,TRUE,TRUE,FALSE,"Rpv12",6,"Rpv12|6"
"Vitvi07g02362",4670.36167176079,4.4713840131322,4.19732329453373,0.745472062271645,6.11315916645886,9.76778596744797e-10,1.09352910010927e-07,1.03746871285021e-06,0.000162691090036804,7.74948185461579e-07,TRUE,TRUE,TRUE,TRUE,"Rpv12",6,"Rpv12|6"
"Vitvi06g00759",524.850580870129,1.47834586379287,1.40377574585203,0.247811269760581,6.10315997608909,1.03991662137818e-09,1.15328217982137e-07,0.0241460420015117,0.653867818548184,0.0118798302979239,FALSE,TRUE,TRUE,FALSE,"Rpv12",6,"Rpv12|6"
"Vitvi12g04285",865.273320006183,2.27705003810929,2.01479784683571,0.387662709273371,6.10147486258167,1.05094170221812e-09,1.16006284531759e-07,0.000310900199500678,0.0260667894831354,0.000720114854970093,TRUE,TRUE,TRUE,TRUE,"Rpv12",6,"Rpv12|6"
"Vitvi04g00827",59.8139034149777,-7.15307509770662,-6.6204145175829,1.31105152851378,-6.07435722822921,1.24485332690521e-09,1.36113142361919e-07,8.70035508682542e-08,1.75071222089435e-05,8.3965237827988e-07,TRUE,TRUE,TRUE,TRUE,"Rpv12",6,"Rpv12|6"
"Vitvi07g04521",981.778378277296,-1.6840811981083,-1.5946660260693,0.28284940420408,-6.07364585883472,1.25038319755043e-09,1.36113142361919e-07,0.00680982261685222,0.27965172658436,0.00360154478308671,FALSE,TRUE,TRUE,FALSE,"Rpv12",6,"Rpv12|6"
"Vitvi17g00516",381.925090088698,1.1356609056138,1.08099305160455,0.191330938461436,6.06873606076856,1.2892081630581e-09,1.39057877752321e-07,0.234243282100928,1,0.100722133594269,FALSE,TRUE,TRUE,FALSE,"Rpv12",6,"Rpv12|6"
"Vitvi03g01592",1282.01567389947,1.26985499898116,1.20872496680734,0.212284605167355,6.06386844189439,1.32885864904328e-09,1.42683177307729e-07,0.0987644747716761,1,0.0442588995547808,FALSE,TRUE,TRUE,FALSE,"Rpv12",6,"Rpv12|6"
"Vitvi06g04156",76.3503338415952,-10.1015805532126,-11.1043091248359,3.38816373309242,-6.05335040741704,1.41863812017418e-09,1.51633799433278e-07,2.4624792823582e-08,5.75142817385786e-06,0.000207687857714225,TRUE,TRUE,TRUE,TRUE,"Rpv12",6,"Rpv12|6"
"Vitvi01g00812",320.376271519773,-1.7677272564979,-1.67334935831945,0.299731405838578,-6.04841491719121,1.46277837341331e-09,1.55647525841303e-07,0.00430911866428572,0.204949518434636,0.00230289714103327,FALSE,TRUE,TRUE,FALSE,"Rpv12",6,"Rpv12|6"
"Vitvi19g04074",20.1963080931194,7.57462001828058,7.51560292394321,2.04119943915497,6.04662548926673,1.47911034934254e-09,1.56116469483594e-07,7.67371475356232e-08,1.58060397038139e-05,8.88667301097395e-05,TRUE,TRUE,TRUE,TRUE,"Rpv12",6,"Rpv12|6"
"Vitvi08g02166",37.3469990065312,-5.69726993765451,-5.34675719163372,0.945959160898013,-6.03208076313161,1.61861842898299e-09,1.69933353464161e-07,3.29090491732714e-07,5.81667444137571e-05,2.09865671140082e-07,TRUE,TRUE,TRUE,TRUE,"Rpv12",6,"Rpv12|6"
"Vitvi16g04154",197.752018840506,3.69946417689687,3.48435818448516,0.624204429615552,6.01266316337325,1.82499991279831e-09,1.90752866991689e-07,5.736115142946e-06,0.000777466507898054,2.72934240345446e-06,TRUE,TRUE,TRUE,TRUE,"Rpv12",6,"Rpv12|6"
"Vitvi15g01488",964.188069350101,1.24905837622303,1.18776559538299,0.210861912144722,6.01173067296671,1.83553091450907e-09,1.91008419658737e-07,0.115318322297792,1,0.0511238025674433,FALSE,TRUE,TRUE,FALSE,"Rpv12",6,"Rpv12|6"
"Vitvi11g01637",554.045518586343,3.23651098062667,3.03107343015837,0.581368723652626,5.97776972025436,2.26213194225254e-09,2.33345330741876e-07,1.80759256497083e-05,0.00221994431488601,1.87856961975754e-05,TRUE,TRUE,TRUE,TRUE,"Rpv12",6,"Rpv12|6"
"Vitvi10g02023",153.697084545911,3.34601433014051,3.14782497442726,0.571393424869507,5.96750408134744,2.40910264116748e-09,2.4742531560721e-07,1.43188295749428e-05,0.00183610913162219,8.24272741068086e-06,TRUE,TRUE,TRUE,TRUE,"Rpv12",6,"Rpv12|6"
"Vitvi12g01881",71.5974004008603,5.60411034424495,5.23790755607817,0.97425768195238,5.96609113831668,2.43004586793167e-09,2.48495859273948e-07,4.75541405222786e-07,8.02560491562765e-05,5.8301236125926e-07,TRUE,TRUE,TRUE,TRUE,"Rpv12",6,"Rpv12|6"
"Vitvi05g02170",243.993565087835,8.96137689888406,8.60349732934677,2.13883718999608,5.96001031621379,2.52222010247351e-09,2.55707653479095e-07,5.95474457226672e-08,1.26642409159289e-05,1.53195885157127e-05,TRUE,TRUE,TRUE,TRUE,"Rpv12",6,"Rpv12|6"
"Vitvi14g04588",51.4740548904647,2.69947830667852,2.54183828326321,0.464240162435629,5.92391095201658,3.14373733951029e-09,3.16005801846434e-07,9.59506716862849e-05,0.00961675716720891,5.45787319271297e-05,TRUE,TRUE,TRUE,TRUE,"Rpv12",6,"Rpv12|6"
"Vitvi03g04434",644.816251200033,2.04390352343572,1.9354449787667,0.350081104642836,5.91354936341268,3.34813122457251e-09,3.35125236384966e-07,0.00126267677583417,0.0815564488371508,0.000583655634109485,FALSE,TRUE,TRUE,FALSE,"Rpv12",6,"Rpv12|6"
"Vitvi06g04121",39.8008685041489,-7.46419962395632,-7.07301818209515,1.36641380680762,-5.90981318578699,3.42495925450069e-09,3.41368723670107e-07,1.54358539464746e-07,2.90493887327934e-05,4.15861760451155e-07,TRUE,TRUE,TRUE,TRUE,"Rpv12",6,"Rpv12|6"
"Vitvi13g01984",25.5465185109741,-4.50188150826505,-4.23525559749803,0.752750630295892,-5.90408827047116,3.54602273887116e-09,3.51950206460565e-07,2.18861007988454e-06,0.000323456785761015,7.09873850088435e-07,TRUE,TRUE,TRUE,TRUE,"Rpv12",6,"Rpv12|6"
"Vitvi01g00233",511.409820358787,-1.49816303443416,-1.4137019446474,0.261792135315645,-5.90013168421155,3.63211564864664e-09,3.58986760888414e-07,0.0248877849912875,0.665095056629858,0.0131291324180014,FALSE,TRUE,TRUE,FALSE,"Rpv12",6,"Rpv12|6"
"Vitvi12g02607",864.83365611009,1.46945114524653,1.46465678513165,0.252452310986405,5.89784027476886,3.68290218010584e-09,3.62489647076918e-07,0.0297685946306631,0.734479186817937,0.00721992655276628,FALSE,TRUE,TRUE,FALSE,"Rpv12",6,"Rpv12|6"
"Vitvi15g04379",61.3861849052699,4.22402104165979,3.94884818899554,0.709744720303898,5.8950106185411,3.74657287805887e-09,3.65708861675647e-07,3.4069805425792e-06,0.000484365239202877,1.52275429129539e-06,TRUE,TRUE,TRUE,TRUE,"Rpv12",6,"Rpv12|6"
"Vitvi16g04451",10234.368611136,2.48072345515917,2.33901828219635,0.428926781526208,5.89520126021252,3.74224975600729e-09,3.65708861675647e-07,0.000216753966568752,0.0191556317955134,0.000118532178059834,TRUE,TRUE,TRUE,TRUE,"Rpv12",6,"Rpv12|6"
"Vitvi07g01719",36.4229815265343,4.81520572220535,4.47939485565588,0.822541858155426,5.89241047646754,3.80602302328173e-09,3.68466704327709e-07,1.51554756708818e-06,0.000231843326359414,1.14857264061181e-06,TRUE,TRUE,TRUE,TRUE,"Rpv12",6,"Rpv12|6"
"Vitvi12g04444",178.162343008347,2.56907784076037,2.41585240718443,0.447686475079948,5.89290023244779,3.7947554019173e-09,3.68466704327709e-07,0.000159647981113462,0.0150224156041261,0.000108065857723817,TRUE,TRUE,TRUE,TRUE,"Rpv12",6,"Rpv12|6"
"Vitvi03g01258",649.437348694884,2.81841202916406,2.64121553050335,0.508104434594461,5.8867472525884,3.93870342217227e-09,3.79755315259401e-07,7.29129628911031e-05,0.00762932078507347,7.15591893984322e-05,TRUE,TRUE,TRUE,TRUE,"Rpv12",6,"Rpv12|6"
"Vitvi00g04522",387.439439299999,-2.34041146514895,-2.19702728226985,0.410156397415495,-5.88222401880633,4.04789945453302e-09,3.88697076890158e-07,0.000377350846131393,0.0304664221726886,0.000236551276319099,TRUE,TRUE,TRUE,TRUE,"Rpv12",6,"Rpv12|6"
"Vitvi13g02285",574.440575642955,2.39743720858352,2.25785499419356,0.414347533039811,5.87933435669627,4.11919571082143e-09,3.93941866724792e-07,0.000305152373060282,0.0256671412439998,0.000163296894193265,TRUE,TRUE,TRUE,TRUE,"Rpv12",6,"Rpv12|6"
"Vitvi00g01805",1835.92180997094,3.07613427370413,2.89239548802323,0.533094128048304,5.86927082885956,4.37715923103875e-09,4.16924416756441e-07,3.72762938466037e-05,0.00435317219077368,1.63693974902028e-05,TRUE,TRUE,TRUE,TRUE,"Rpv12",6,"Rpv12|6"
"Vitvi13g02475",537.631171113266,-1.73672207951266,-1.64000951194076,0.299752040573531,-5.86666276647179,4.44653754612578e-09,4.21831766725233e-07,0.00641138818939409,0.269639073386431,0.00329517398730644,FALSE,TRUE,TRUE,FALSE,"Rpv12",6,"Rpv12|6"
"Vitvi18g00878",1529.41845691349,2.60680781443585,2.4509273495957,0.458835241123918,5.86413989678483,4.51466729580351e-09,4.26581883445882e-07,0.000150410682450971,0.0142043070116786,0.000111234179543809,TRUE,TRUE,TRUE,TRUE,"Rpv12",6,"Rpv12|6"
"Vitvi12g02247",144.715573607261,-2.21035837734938,-2.07484282134056,0.390365201163178,-5.85622493591411,4.73506800318567e-09,4.4562460705678e-07,0.000671150273186205,0.0494552675951491,0.000418914382733399,TRUE,TRUE,TRUE,TRUE,"Rpv12",6,"Rpv12|6"
"Vitvi07g01989",1434.50420818533,1.0614470306574,1.05037261373948,0.183145205053494,5.83754016185587,5.29771272089553e-09,4.94634663608673e-07,0.36770629618626,1,0.127848071007475,FALSE,TRUE,TRUE,FALSE,"Rpv12",6,"Rpv12|6"
"Vitvi16g00043",11965.5166312811,1.57306706247162,1.48574963790584,0.276692488706166,5.83204711842951,5.47514518940197e-09,5.07191684957072e-07,0.0168095817551191,0.519765779116029,0.00874598454241976,FALSE,TRUE,TRUE,FALSE,"Rpv12",6,"Rpv12|6"
"Vitvi07g00615",134.919388891682,-3.51347335947436,-3.28789947438093,0.630372663518328,-5.81791919809834,5.95846904773674e-09,5.4766908889353e-07,1.57714783686116e-05,0.00198349087809861,1.16426966736871e-05,TRUE,TRUE,TRUE,TRUE,"Rpv12",6,"Rpv12|6"
"Vitvi01g04052",42.0839067883599,-8.10485633652155,-8.88078057359557,2.91830717006919,-5.81632234316783,6.01564120219283e-09,5.50780916582167e-07,1.71039796857664e-07,3.19587860428545e-05,0.000482956204085048,TRUE,TRUE,TRUE,TRUE,"Rpv12",6,"Rpv12|6"
"Vitvi03g01380",199.136734187028,1.32156285558438,1.25083539106997,0.23251260510547,5.79659756383594,6.76738220065934e-09,6.12486982160823e-07,0.0792065361421579,1,0.036532875219213,FALSE,TRUE,TRUE,FALSE,"Rpv12",6,"Rpv12|6"
"Vitvi12g04596",216.377006259651,2.11718990341223,1.987260100783,0.377473769008722,5.79023945737167,7.02861472839079e-09,6.33702050053615e-07,0.0011239177096233,0.074431805989964,0.000745769083300068,FALSE,TRUE,TRUE,FALSE,"Rpv12",6,"Rpv12|6"
"Vitvi18g02490",32.9000184590843,7.7404181429173,7.04151365069755,1.34095574753409,5.78603172224002,7.20686100813083e-09,6.47302170091508e-07,2.34601402986267e-07,4.23237110394328e-05,3.56141533317008e-07,TRUE,TRUE,TRUE,TRUE,"Rpv12",6,"Rpv12|6"
"Vitvi05g00913",244.711650877822,2.60900119913023,2.44382189662936,0.471897312898301,5.78520978296787,7.24218925671579e-09,6.48011343265683e-07,0.000179991605402471,0.0166374572640397,0.000149580304269061,TRUE,TRUE,TRUE,TRUE,"Rpv12",6,"Rpv12|6"
"Vitvi18g02494",1060.79318956134,6.21150477285096,5.79548577036675,1.12642518822268,5.78375666150692,7.30505920251892e-09,6.51170220686422e-07,6.09212917422298e-07,9.96025044178119e-05,9.13355427126831e-07,TRUE,TRUE,TRUE,TRUE,"Rpv12",6,"Rpv12|6"
"Vitvi12g04462",564.238475765304,1.13192902334566,1.07630994449848,0.198576098068984,5.77544009444474,7.67522045115001e-09,6.79041413846687e-07,0.250428701585266,1,0.1068634283298,FALSE,TRUE,TRUE,FALSE,"Rpv12",6,"Rpv12|6"
"Vitvi19g04196",304.396767028992,3.51959825000359,3.2394953064785,0.65066403663384,5.760142400025,8.40430031886196e-09,7.38216881221527e-07,1.86537483859217e-05,0.00228020282255759,2.97443925824574e-05,TRUE,TRUE,TRUE,TRUE,"Rpv12",6,"Rpv12|6"
"Vitvi12g04467",35.9995464656485,2.80983005228988,2.63243508731811,0.497298551886969,5.7600965299297,8.40658458422618e-09,7.38216881221527e-07,0.000103582097765818,0.0102249211149285,6.11852674970707e-05,TRUE,TRUE,TRUE,TRUE,"Rpv12",6,"Rpv12|6"
"Vitvi12g00208",1057.75285910421,2.172393688046,2.03840826973762,0.391334749552048,5.75039689155571,8.90341892848102e-09,7.78506988712971e-07,0.000956669784240598,0.0653407960468663,0.000595839817983505,FALSE,TRUE,TRUE,FALSE,"Rpv12",6,"Rpv12|6"
"Vitvi00g04752",151.000819203287,3.98057008753342,3.71679362986312,0.706453685441802,5.735427187187,9.72668725273069e-09,8.44719876044133e-07,8.75155507237473e-06,0.0011562218643346,5.87140932408596e-06,TRUE,TRUE,TRUE,TRUE,"Rpv12",6,"Rpv12|6"
"Vitvi17g00499",73.8438187058932,2.06351803328264,1.93602404396273,0.36937038245138,5.72712480350941,1.02147023520993e-08,8.80626638544855e-07,0.00158011351702224,0.094586245976624,0.000922232986744086,FALSE,TRUE,TRUE,FALSE,"Rpv12",6,"Rpv12|6"
"Vitvi12g04498",24.9606447277474,4.22228907674707,3.94183181680418,0.737316008704301,5.72389442339143,1.0410946188654e-08,8.91041198798493e-07,6.2621129974196e-06,0.000844384607729379,2.50594388028953e-06,TRUE,TRUE,TRUE,TRUE,"Rpv12",6,"Rpv12|6"
"Vitvi01g01578",507.731836840198,-1.47189626162542,-1.3811203055215,0.264581499099674,-5.7173828692434,1.08177192463067e-08,9.19194834662798e-07,0.0333999844982325,0.789259434949651,0.0173356153478789,FALSE,TRUE,TRUE,FALSE,"Rpv12",6,"Rpv12|6"
"Vitvi09g04286",11.2642674462373,-7.61911909443291,-8.13920067365343,2.78294716375895,-5.70092007463172,1.19162500539639e-08,9.98176094945868e-07,3.66045192932349e-07,6.29958960652456e-05,0.000815692028521191,TRUE,TRUE,TRUE,TRUE,"Rpv12",6,"Rpv12|6"
"Vitvi15g01504",2496.63541884943,1.11635968721705,1.05720890478221,0.199497018068448,5.67912891557332,1.35382418153279e-08,1.12605756394957e-06,0.276944270540563,1,0.124871819495575,FALSE,TRUE,TRUE,FALSE,"Rpv12",6,"Rpv12|6"
"Vitvi01g02242",26.3798807708115,-6.30529747489617,-5.88730610942372,1.06558574550018,-5.67444822270053,1.39136391066571e-08,1.15245606227985e-06,9.00800787169612e-07,0.000142812410857999,2.45354168564621e-07,TRUE,TRUE,TRUE,TRUE,"Rpv12",6,"Rpv12|6"
"Vitvi00g04005",71.5344836002624,3.49355981137071,3.25999204364931,0.632517708812939,5.67271585579328,1.40551250588402e-08,1.1568298402088e-06,2.57237379640167e-05,0.0030448292371073,1.4279510037361e-05,TRUE,TRUE,TRUE,TRUE,"Rpv12",6,"Rpv12|6"
"Vitvi16g00609",54.1103538480171,-2.22445847068201,-2.07544497975862,0.411122807970376,-5.67006611914382,1.42742420936315e-08,1.16501750955707e-06,0.000900879853302698,0.0620283388531011,0.000732976476206492,FALSE,TRUE,TRUE,FALSE,"Rpv12",6,"Rpv12|6"
"Vitvi06g01035",132.216852866674,1.80410071841704,1.69436636515116,0.325757240386305,5.65203722627986,1.58557239014309e-08,1.28268462328631e-06,0.00588186287623416,0.255163600297528,0.00332807682799098,FALSE,TRUE,TRUE,FALSE,"Rpv12",6,"Rpv12|6"
"Vitvi19g00709",42.5806320507577,-2.42075958270839,-2.26900015475581,0.434882664479587,-5.65040526444247,1.60070005102669e-08,1.29050295581408e-06,0.000456155052016573,0.0357262275619806,0.000242877863852742,TRUE,TRUE,TRUE,TRUE,"Rpv12",6,"Rpv12|6"
"Vitvi14g04450",40.0776710516828,6.39537367640252,5.92442044280356,1.04975299859372,5.62536669225881,1.8511431626465e-08,1.45975076365487e-06,1.03862578982936e-06,0.000162691090036804,1.27167788816987e-07,TRUE,TRUE,TRUE,TRUE,"Rpv12",6,"Rpv12|6"
"Vitvi17g04091",118.824239759161,-5.78946051940401,-5.33742948625525,1.12111846038136,-5.62565311428673,1.84807395409845e-08,1.45975076365487e-06,1.62822216230117e-06,0.000247631764788584,5.51691071893832e-06,TRUE,TRUE,TRUE,TRUE,"Rpv12",6,"Rpv12|6"
"Vitvi01g04005",93.5308762632496,1.51290774302991,1.42225153474524,0.276178970781631,5.62511100781842,1.85388717761605e-08,1.45975076365487e-06,0.0282582427656553,0.713520629832796,0.0148284117269943,FALSE,TRUE,TRUE,FALSE,"Rpv12",6,"Rpv12|6"
"Vitvi12g00921",416.610427091912,1.31760784180309,1.29142578623627,0.239723581293225,5.61447499712107,1.97159933729274e-08,1.54727971912057e-06,0.0879698961268481,1,0.0272072408504042,FALSE,TRUE,TRUE,FALSE,"Rpv12",6,"Rpv12|6"
"Vitvi05g00553",1161.31674765144,1.42891970547439,1.3050629083027,0.261735264360901,5.61058793955525,2.01640373567995e-08,1.57720162398119e-06,0.0460779234307308,0.927907928425317,0.030977094148942,FALSE,TRUE,TRUE,FALSE,"Rpv12",6,"Rpv12|6"
"Vitvi05g01159",56.1093013214678,7.90091067369532,7.7595988999551,2.17572252642579,5.60565300990454,2.07471242217352e-08,1.6121334485718e-06,4.88776292179376e-07,8.19608911994891e-05,0.000129787190176309,TRUE,TRUE,TRUE,TRUE,"Rpv12",6,"Rpv12|6"
"Vitvi03g00661",23.6403220161204,7.41712891453099,7.21449341001141,2.04471546983785,5.60019840781793,2.1410660536331e-08,1.64743525468798e-06,6.32644406795954e-07,0.000102790962965064,0.000158690675172357,TRUE,TRUE,TRUE,TRUE,"Rpv12",6,"Rpv12|6"
"Vitvi04g01466",15292.8637049383,1.88749084441113,1.76976344107911,0.346306903251384,5.60036998446786,2.13894784082963e-08,1.64743525468798e-06,0.0042283276842268,0.202580263537892,0.00241587537732568,FALSE,TRUE,TRUE,FALSE,"Rpv12",6,"Rpv12|6"
"Vitvi18g04221",205.951121629082,1.15337833529304,1.0892424581309,0.210573092071489,5.59539907124107,2.20114868691336e-08,1.68816669747621e-06,0.228412139563775,1,0.100329048915169,FALSE,TRUE,TRUE,FALSE,"Rpv12",6,"Rpv12|6"
"Vitvi03g00874",110.431124276395,1.80165816436828,1.68530164313735,0.331685151117635,5.57581703258655,2.46370771654244e-08,1.87734528000534e-06,0.00655086817937826,0.273308071298813,0.0041325747921931,FALSE,TRUE,TRUE,FALSE,"Rpv12",6,"Rpv12|6"
"Vitvi19g00066",111.860901991776,-1.58252179342833,-1.4818446008585,0.29541327664816,-5.57512789983757,2.47348070224514e-08,1.87873186972459e-06,0.0200756586822869,0.58092826932516,0.0118097460966208,FALSE,TRUE,TRUE,FALSE,"Rpv12",6,"Rpv12|6"
"Vitvi19g00166",17.2176986618547,7.61784568553945,7.45124082900619,2.13112149419532,5.56998273163004,2.5476458423264e-08,1.92886186177674e-06,6.53251269756643e-07,0.000105483950404716,0.000172688507303442,TRUE,TRUE,TRUE,TRUE,"Rpv12",6,"Rpv12|6"
"Vitvi18g00716",6304.66455530079,1.28633313241277,1.21121075530523,0.23720422162199,5.55028756984354,2.85200072594963e-08,2.13872892534546e-06,0.108327061211932,1,0.0512717251779686,FALSE,TRUE,TRUE,FALSE,"Rpv12",6,"Rpv12|6"
"Vitvi07g02686",5241.77530754165,3.16632177614012,2.94829197177296,0.591329231567641,5.53324021187287,3.14368467532349e-08,2.35000377849657e-06,7.66349001249784e-05,0.00792368518723048,5.88617971002379e-05,TRUE,TRUE,TRUE,TRUE,"Rpv12",6,"Rpv12|6"
"Vitvi05g04494",66.2581569069508,-3.46803967431701,-3.22321921511737,0.639757461473965,-5.52552493962484,3.28501907045139e-08,2.44021133591832e-06,4.20764446095567e-05,0.00487025537407696,2.40484123234363e-05,TRUE,TRUE,TRUE,TRUE,"Rpv12",6,"Rpv12|6"
"Vitvi18g02478",58.1834021070128,-3.94849447350121,-3.67855106597202,0.732079459028206,-5.49958938052009,3.80676703427974e-08,2.74995262641456e-06,2.00626164677667e-05,0.00244101387990841,1.08428443896701e-05,TRUE,TRUE,TRUE,TRUE,"Rpv12",6,"Rpv12|6"
"Vitvi12g04631",21.546866178673,-6.64471041411421,-6.16618909442736,1.20136619083147,-5.4691043304182,4.5231545510453e-08,3.22797452582453e-06,1.69209256579543e-06,0.000255858089182905,6.46586854664175e-07,TRUE,TRUE,TRUE,TRUE,"Rpv12",6,"Rpv12|6"
"Vitvi09g01187",64.1941972385932,5.87604258734578,5.39311816748586,1.09145216308742,5.46449067842265,4.64237773910315e-08,3.27702606322195e-06,2.88668032849379e-06,0.000414904784137741,2.28933492955573e-06,TRUE,TRUE,TRUE,TRUE,"Rpv12",6,"Rpv12|6"
"Vitvi07g01644",167.838626190429,-5.51720048555748,-5.10402298189326,1.05224834639593,-5.4642996832878,4.6473784234161e-08,3.27702606322195e-06,3.84055304103163e-06,0.000540134553765303,4.27263639330003e-06,TRUE,TRUE,TRUE,TRUE,"Rpv12",6,"Rpv12|6"
"Vitvi13g00452",118.296773456995,4.34523141304906,4.05126278394173,0.8446214267893,5.46512068550719,4.62591968310795e-08,3.27702606322195e-06,1.29167289322259e-05,0.00167271639672326,1.33025751689035e-05,TRUE,TRUE,TRUE,TRUE,"Rpv12",6,"Rpv12|6"
"Vitvi07g03083",350.724245186496,-3.32511808952137,-3.08828702740519,0.623143299767126,-5.46137388007017,4.72463838612245e-08,3.3215895225293e-06,6.7020307296818e-05,0.00709791181610309,4.85351901499042e-05,TRUE,TRUE,TRUE,TRUE,"Rpv12",6,"Rpv12|6"
"Vitvi05g02074",1277.8783904036,2.5956585273005,2.41487969693259,0.492452530097392,5.44981728949056,5.0421593177988e-08,3.52384282263441e-06,0.000403725588927131,0.031868947811012,0.000276203818042538,TRUE,TRUE,TRUE,TRUE,"Rpv12",6,"Rpv12|6"
"Vitvi18g04588",189.821755487892,-1.61505559523666,-1.50955206046468,0.302545209216192,-5.4485721163535,5.07758030049145e-08,3.53812984832475e-06,0.0189951495163971,0.560828573588523,0.0101020923166935,FALSE,TRUE,TRUE,FALSE,"Rpv12",6,"Rpv12|6"
"Vitvi12g01776",27.4692252636537,-5.19719105017912,-4.78894400751662,0.952287895795014,-5.44638726458866,5.1403156821813e-08,3.57130991307314e-06,5.45165443478322e-06,0.0007427595227057,3.16859980906041e-06,TRUE,TRUE,TRUE,TRUE,"Rpv12",6,"Rpv12|6"
"Vitvi09g00241",100.818315631282,5.5218881246871,5.11295848419023,1.03832195743269,5.44174931594463,5.27598866470023e-08,3.6547990164317e-06,4.17011487251856e-06,0.000577174788096366,3.40233134437745e-06,TRUE,TRUE,TRUE,TRUE,"Rpv12",6,"Rpv12|6"
"Vitvi19g00978",203.21473886195,2.70596980723245,2.51614985608888,0.512251497256122,5.44122884994461,5.29142859884701e-08,3.6547990164317e-06,0.000301340576442625,0.0254282843198795,0.000218781650665305,TRUE,TRUE,TRUE,TRUE,"Rpv12",6,"Rpv12|6"
"Vitvi05g04147",77.2933991287632,2.1923000777509,2.03731537842087,0.422479708659032,5.4357301400491,5.45724966373539e-08,3.75834261098418e-06,0.00155694370618434,0.0942449469387732,0.0011833305697709,FALSE,TRUE,TRUE,FALSE,"Rpv12",6,"Rpv12|6"
"Vitvi09g00293",2187.52848773266,1.42176673437186,1.32396263850589,0.267359779820925,5.42936154608729,5.65560084935013e-08,3.88362218788805e-06,0.0536314277538395,1,0.0275561099668896,FALSE,TRUE,TRUE,FALSE,"Rpv12",6,"Rpv12|6"
"Vitvi19g01893",21.7094815999753,-2.8899244763615,-2.68086037466022,0.55200339627596,-5.42711086045269,5.72735575017564e-08,3.92149558059852e-06,0.000193224667574567,0.0175505697190385,0.000154105978105193,TRUE,TRUE,TRUE,TRUE,"Rpv12",6,"Rpv12|6"
"Vitvi05g04455",18.6297207478392,-8.42844243127276,-9.16267836474728,3.07847496762352,-5.4209438754839,5.92851724478232e-08,4.04749810278174e-06,8.86907911903616e-07,0.000141467219923699,0.000632067273286823,TRUE,TRUE,TRUE,TRUE,"Rpv12",6,"Rpv12|6"
"Vitvi13g01634",472.704367788382,-1.29720424206353,-1.21236033884645,0.245303285267212,-5.41138491532195,6.25391810502122e-08,4.25735024428851e-06,0.107522873390145,1,0.0532071844012491,FALSE,TRUE,TRUE,FALSE,"Rpv12",6,"Rpv12|6"
"Vitvi05g00675",3579.91116769979,1.67394312515289,1.56218792482339,0.319856700597261,5.40895897957594,6.33921460294299e-08,4.3030151537563e-06,0.0147145282578713,0.475206598392168,0.00868657029796942,FALSE,TRUE,TRUE,FALSE,"Rpv12",6,"Rpv12|6"
"Vitvi16g01081",62.1151101459163,2.18526741291425,2.02833085032131,0.420027417513337,5.40725218090094,6.39990037862441e-08,4.3317606516867e-06,0.00167938437000961,0.0991670784087614,0.00125693174522048,FALSE,TRUE,TRUE,FALSE,"Rpv12",6,"Rpv12|6"
"Vitvi16g04222",67.2051491468365,2.93940367553755,2.72917267490076,0.555853124932895,5.40472881582933,6.49065175157193e-08,4.37465167859082e-06,0.000181226885416882,0.0166926552662683,0.000126028019609499,TRUE,TRUE,TRUE,TRUE,"Rpv12",6,"Rpv12|6"
"Vitvi13g04785",280.727436798839,-1.76820484973703,-1.64349243112123,0.337238761239973,-5.40446233816617,6.50030792983397e-08,4.37465167859082e-06,0.00943741553486016,0.352173114089025,0.00598415667870282,FALSE,TRUE,TRUE,FALSE,"Rpv12",6,"Rpv12|6"
"Vitvi01g00845",131.229075279773,-1.60836161470534,-1.50172955986529,0.305236361949332,-5.4036354901694,6.53035855484387e-08,4.38239005063983e-06,0.0204806658890532,0.587449275210244,0.0114641550109674,FALSE,TRUE,TRUE,FALSE,"Rpv12",6,"Rpv12|6"
"Vitvi05g02190",13.1800680302522,-7.80645099548009,-8.38525278201073,2.88611000881193,-5.40307485144055,6.55081069748549e-08,4.38366148147315e-06,1.23339812092455e-06,0.000189790949678031,0.000830623270741064,TRUE,TRUE,TRUE,TRUE,"Rpv12",6,"Rpv12|6"
"Vitvi19g00174",54.7342042197657,3.58436794624712,3.29709031194709,0.692120698352755,5.39784602195177,6.74457111956746e-08,4.50057228775205e-06,4.97300579894815e-05,0.00563116435309165,5.66264621172328e-05,TRUE,TRUE,TRUE,TRUE,"Rpv12",6,"Rpv12|6"
"Vitvi05g01088",14643.8003454487,1.42239343055937,1.33279533587136,0.268056251800062,5.39040974389208,7.02972152565563e-08,4.67763610926866e-06,0.0547179128407942,1,0.0256070077535265,FALSE,TRUE,TRUE,FALSE,"Rpv12",6,"Rpv12|6"
"Vitvi19g04075",10.8128554651567,7.09752669955251,6.97443790128894,2.11385275335794,5.38975084951565,7.05554322144011e-08,4.68163039260838e-06,1.82548504292681e-06,0.0002728735042167,0.000337896887610625,TRUE,TRUE,TRUE,TRUE,"Rpv12",6,"Rpv12|6"
"Vitvi19g04339",94.9885898976109,1.67241002569203,1.55921879235674,0.318107876612882,5.38158189007488,7.38341010155353e-08,4.88545975963298e-06,0.0152428629495673,0.486859648226779,0.00862726691271162,FALSE,TRUE,TRUE,FALSE,"Rpv12",6,"Rpv12|6"
"Vitvi02g00695",246.421312479907,-1.57700696330078,-1.46954405640174,0.302330995638084,-5.37056483162935,7.84904085490681e-08,5.15027897429469e-06,0.024705848307649,0.663041628187134,0.0141238470050621,FALSE,TRUE,TRUE,FALSE,"Rpv12",6,"Rpv12|6"
"Vitvi17g01018",183.910342217132,1.94488664003714,1.80472616610905,0.374148933464768,5.3637402275109,8.15161142790757e-08,5.33399903462694e-06,0.00458202924538004,0.213276339910848,0.00313348854685532,FALSE,TRUE,TRUE,FALSE,"Rpv12",6,"Rpv12|6"
"Vitvi05g02197",133.735014343251,5.26909406981446,4.83577893950122,1.01929356251213,5.35132999511262,8.73101384263165e-08,5.68165314023815e-06,7.26419408411507e-06,0.000974482323314699,7.7548806129902e-06,TRUE,TRUE,TRUE,TRUE,"Rpv12",6,"Rpv12|6"
"Vitvi15g04415",146.69057210206,1.19274673410983,1.11306610920139,0.227755477492607,5.34057394119204,9.2652777160576e-08,6.01275797276683e-06,0.19406003199293,1,0.092060309106511,FALSE,TRUE,TRUE,FALSE,"Rpv12",6,"Rpv12|6"
"Vitvi10g04735",75.03677324627,2.72598719913925,2.52523814438205,0.523403333642954,5.32663855459707,1.00046969565099e-07,6.474820589224e-06,0.000372287625533214,0.0302443229699483,0.00025548074919542,TRUE,TRUE,TRUE,TRUE,"Rpv12",6,"Rpv12|6"
"Vitvi12g02465",31.3472830810866,2.50315350008999,2.32181199410557,0.488907840063019,5.31765463045385,1.0511334518697e-07,6.78411868854265e-06,0.000703350720596509,0.0511081986113447,0.000471839802649774,FALSE,TRUE,TRUE,FALSE,"Rpv12",6,"Rpv12|6"
"Vitvi13g00212",160.817903126766,-1.33193182241689,-1.24848383065624,0.254866083984644,-5.30171339719641,1.14720844672609e-07,7.3241507915037e-06,0.0932099520837386,1,0.045080264961565,FALSE,TRUE,TRUE,FALSE,"Rpv12",6,"Rpv12|6"
"Vitvi12g04106",2798.15362179101,3.33550849444229,3.0873253181238,0.646747143988266,5.29581291095357,1.18488103985028e-07,7.5239946030493e-06,0.000104408001191983,0.0102677026435379,7.43104254009653e-05,TRUE,TRUE,TRUE,TRUE,"Rpv12",6,"Rpv12|6"
"Vitvi14g01858",64.458337918375,5.37113010602096,4.9482527799678,1.04333768471277,5.292827593811,1.20439454611407e-07,7.62740160008218e-06,8.25918398969217e-06,0.00109671062937237,6.33085673679178e-06,TRUE,TRUE,TRUE,TRUE,"Rpv12",6,"Rpv12|6"
"Vitvi12g04505",39.2008643300322,3.3567216185451,3.09883956427813,0.655979173739779,5.28893532239448,1.23030381909206e-07,7.7706515547039e-06,0.000102283000468079,0.01013492806532,8.58546475175484e-05,TRUE,TRUE,TRUE,TRUE,"Rpv12",6,"Rpv12|6"
"Vitvi03g00601",554.050258085136,-1.48964474567465,-1.38471218599549,0.291141858254505,-5.28688678851585,1.24415584786414e-07,7.83718651686579e-06,0.0411235215229998,0.880665914708453,0.0218426044838619,FALSE,TRUE,TRUE,FALSE,"Rpv12",6,"Rpv12|6"
"Vitvi05g01435",37.0961676461584,4.33280202694749,3.98594099728135,0.815979738161365,5.28463358414276,1.25956609970953e-07,7.91315702322831e-06,2.40210882337289e-05,0.002869258662585,1.01277579833686e-05,TRUE,TRUE,TRUE,TRUE,"Rpv12",6,"Rpv12|6"
"Vitvi01g01761",333.856182537466,-1.75908192461756,-1.63652508680174,0.344362439560309,-5.28099284927972,1.28485705832096e-07,8.05063486250865e-06,0.0113376136199034,0.395440846244069,0.00701158970021348,FALSE,TRUE,TRUE,FALSE,"Rpv12",6,"Rpv12|6"
"Vitvi19g04027",4878.40848662845,1.58772936536151,1.47898989089755,0.308724330419486,5.27412644870477,1.33389916062343e-07,8.33581110376893e-06,0.0254499927830062,0.673151022457694,0.0142779975236671,FALSE,TRUE,TRUE,FALSE,"Rpv12",6,"Rpv12|6"
"Vitvi12g04320",77.5471159316315,-2.47712945713665,-2.29173122071657,0.49156506296102,-5.27252397158254,1.34560254911024e-07,8.38676079553616e-06,0.000833155979500079,0.0582741370795256,0.000694468912585586,FALSE,TRUE,TRUE,FALSE,"Rpv12",6,"Rpv12|6"
"Vitvi19g04105",27.7482361535069,7.81281490007046,7.17317032610576,1.51726246950099,5.26762238663363,1.38202021761993e-07,8.56852534924357e-06,2.18188308236086e-06,0.000323456785761015,1.94085493797708e-06,TRUE,TRUE,TRUE,TRUE,"Rpv12",6,"Rpv12|6"
"Vitvi07g04668",278.964445046672,-1.59434140035126,-1.47914388882462,0.314453583692631,-5.26267566128744,1.4197390775406e-07,8.77933939520004e-06,0.0248911678749429,0.665095056629858,0.0149089365073522,FALSE,TRUE,TRUE,FALSE,"Rpv12",6,"Rpv12|6"
"Vitvi19g01875",46.8056622047187,-2.5270473702446,-2.33071847951311,0.503683787794984,-5.25919635658674,1.44686327933351e-07,8.90046989177506e-06,0.000741387311087207,0.053280084260248,0.000656622825376054,FALSE,TRUE,TRUE,FALSE,"Rpv12",6,"Rpv12|6"
"Vitvi07g04530",33.7841682336393,-3.75298281762171,-3.45836281805374,0.735908436738432,-5.25400227127033,1.48829043503174e-07,9.10787478143001e-06,5.80902856296675e-05,0.00635809113718189,5.04696354647638e-05,TRUE,TRUE,TRUE,TRUE,"Rpv12",6,"Rpv12|6"
"Vitvi00g04250",169.272233952831,-1.72859091016803,-1.60180127521817,0.33793851696054,-5.25116581216145,1.51139546025279e-07,9.20159370156996e-06,0.0134372608984554,0.446639527119053,0.00816190266293598,FALSE,TRUE,TRUE,FALSE,"Rpv12",6,"Rpv12|6"
"Vitvi17g01604",31.6406635285591,2.58531630402723,2.39570657754242,0.512636367427504,5.2411655074635,1.59565512760431e-07,9.66476036519721e-06,0.000654764215801759,0.0487976556158354,0.000439339211381196,TRUE,TRUE,TRUE,TRUE,"Rpv12",6,"Rpv12|6"
"Vitvi09g00253",2904.21804457937,3.311625723579,3.06181236955626,0.649766085345058,5.24043146155122,1.60201581729473e-07,9.67846998366655e-06,0.000127097133872081,0.0121785125456401,9.51760406219213e-05,TRUE,TRUE,TRUE,TRUE,"Rpv12",6,"Rpv12|6"
"Vitvi19g04233",233.298863768819,-1.42751378392592,-1.32784900427561,0.280925602130645,-5.22569049113534,1.73506386217462e-07,1.04024564853525e-05,0.0587918124312548,1,0.0307386267134859,FALSE,TRUE,TRUE,FALSE,"Rpv12",6,"Rpv12|6"
"Vitvi03g00183",8.494585731257,-7.16019699326864,-7.67523268211033,2.75863918853074,-5.22289241304546,1.76149743955472e-07,1.05075991204954e-05,3.50511029408227e-06,0.000495622595583233,0.00144511924588627,TRUE,TRUE,TRUE,TRUE,"Rpv12",6,"Rpv12|6"
"Vitvi12g04539",11.3996071916086,7.98187612901711,7.91903825358472,2.41839574078122,5.21418656382416,1.84625585753916e-07,1.0875874280995e-05,2.54855063892133e-06,0.000368328929080348,0.000290802645887074,TRUE,TRUE,TRUE,TRUE,"Rpv12",6,"Rpv12|6"
"Vitvi13g04528",303.590632009697,-2.90370916526546,-2.65125220189204,0.594027314785519,-5.21457100488621,1.84243120883963e-07,1.0875874280995e-05,0.000314559070286491,0.0262892994237198,0.000372359856305331,TRUE,TRUE,TRUE,TRUE,"Rpv12",6,"Rpv12|6"
"Vitvi05g01081",63.4992047819817,2.68537463426683,2.47858322504827,0.532984150981527,5.21534270623753,1.83477696846809e-07,1.0875874280995e-05,0.000531659373028857,0.0409049339384173,0.000399646171728651,TRUE,TRUE,TRUE,TRUE,"Rpv12",6,"Rpv12|6"
"Vitvi05g02234",146.381676150192,-2.54227561499672,-2.34850722991518,0.50166241210532,-5.21169546342677,1.87122544542917e-07,1.09955441472457e-05,0.000784299804489803,0.0559032659009503,0.000549718385112732,FALSE,TRUE,TRUE,FALSE,"Rpv12",6,"Rpv12|6"
"Vitvi01g04206",14.2370708122968,6.64656115285403,6.52329314681837,2.09029724311676,5.20938395670472,1.89468663756002e-07,1.11057785986211e-05,4.80947689020892e-06,0.000658696889900394,0.00064438035085476,TRUE,TRUE,TRUE,TRUE,"Rpv12",6,"Rpv12|6"
"Vitvi18g02479",40.4600698275224,-2.92739154950537,-2.69806613974509,0.583535069623699,-5.1799805983907,2.21908979307134e-07,1.2879444494332e-05,0.00032422675244761,0.026755355259549,0.000261840873222327,TRUE,TRUE,TRUE,TRUE,"Rpv12",6,"Rpv12|6"
"Vitvi03g04198",99.7865763860737,1.80320492584562,1.67468350302077,0.358749046704369,5.17338757158818,2.29887471273008e-07,1.32772661281442e-05,0.0106003340546254,0.37964420208937,0.00665956976408424,FALSE,TRUE,TRUE,FALSE,"Rpv12",6,"Rpv12|6"
"Vitvi12g04561",589.175456190631,-2.4392370526038,-2.23704612889055,0.502518947898296,-5.1633242694164,2.42602333889557e-07,1.39434363288057e-05,0.00115743572568334,0.0758831106469939,0.00116486060661964,FALSE,TRUE,TRUE,FALSE,"Rpv12",6,"Rpv12|6"
"Vitvi18g04555",208.245193726814,1.86863150402356,1.73088520597187,0.371615420488337,5.16352834639312,2.42337863078307e-07,1.39434363288057e-05,0.00819169193075951,0.318451752438389,0.00514634550342479,FALSE,TRUE,TRUE,FALSE,"Rpv12",6,"Rpv12|6"
"Vitvi16g01907",1598.08137100985,-1.34401812682865,-1.24860654305534,0.266553989753107,-5.15739331880929,2.50411434762225e-07,1.43573274561973e-05,0.0934010076914946,1,0.0477730867827687,FALSE,TRUE,TRUE,FALSE,"Rpv12",6,"Rpv12|6"
"Vitvi07g01880",117.666371712984,-1.42611308384996,-1.32380427748341,0.284805579753795,-5.15503215715356,2.53587407546669e-07,1.44691829494382e-05,0.0617449316994483,1,0.0327822814712261,FALSE,TRUE,TRUE,FALSE,"Rpv12",6,"Rpv12|6"
"Vitvi13g04663",110.611017217835,-1.65908276665223,-1.52818473400999,0.334179880168882,-5.15233464452683,2.5726342795401e-07,1.46083574402154e-05,0.0203387336124895,0.584591213773237,0.013053972267361,FALSE,TRUE,TRUE,FALSE,"Rpv12",6,"Rpv12|6"
"Vitvi08g02154",85.792359328618,-2.2941085726894,-2.1148088621712,0.467145379878169,-5.14273034693036,2.70774134745233e-07,1.53386729279422e-05,0.00185975954375758,0.107883458138504,0.00156374237848358,FALSE,TRUE,TRUE,FALSE,"Rpv12",6,"Rpv12|6"
"Vitvi02g01479",636.957577492452,-1.08186515743266,-1.00129215127518,0.21496842757423,-5.14034899861744,2.74228632079415e-07,1.54602118066347e-05,0.348648352386176,1,0.168691857298727,FALSE,TRUE,TRUE,FALSE,"Rpv12",6,"Rpv12|6"
"Vitvi16g00160",1833.02888795615,-2.24118080605641,-2.0683741740443,0.449743064160869,-5.12369489013019,2.99605659316877e-07,1.68506782961506e-05,0.00227315928374666,0.127878653125868,0.00164667844117841,FALSE,TRUE,TRUE,FALSE,"Rpv12",6,"Rpv12|6"
"Vitvi07g02062",131.290960928832,2.03004346648083,1.87527274766546,0.404367366496825,5.11718238395958,3.10133699678269e-07,1.73190975267141e-05,0.00470953666215822,0.216677027121443,0.00281451432158484,FALSE,TRUE,TRUE,FALSE,"Rpv12",6,"Rpv12|6"
"Vitvi13g00516",1295.87878518558,1.65922802850354,1.39425258032034,0.341228787959766,5.11428079767471,3.14938573406225e-07,1.75046564258867e-05,0.0210790888327631,0.600662183852125,0.0316942149012117,FALSE,TRUE,TRUE,FALSE,"Rpv12",6,"Rpv12|6"
"Vitvi08g01185",57.8525634277843,-1.83785886707603,-1.69266194194328,0.37486323480636,-5.10379071838439,3.3291643501468e-07,1.84172178639737e-05,0.00998902395479092,0.363425420908728,0.00706323469481152,FALSE,TRUE,TRUE,FALSE,"Rpv12",6,"Rpv12|6"
"Vitvi12g02705",56.3442054300859,-1.6895541913177,-1.55730849977027,0.344806233948801,-5.1022644550507,3.35613323897644e-07,1.85230325633415e-05,0.0186540494082917,0.554132787365549,0.0120237565953787,FALSE,TRUE,TRUE,FALSE,"Rpv12",6,"Rpv12|6"
"Vitvi05g00314",5230.42241225326,1.1507959537882,1.07245783973051,0.231858587255342,5.09686594014181,3.45322688733388e-07,1.90144814761308e-05,0.252106994855415,1,0.118474874075146,FALSE,TRUE,TRUE,FALSE,"Rpv12",6,"Rpv12|6"
"Vitvi01g00558",328.175197907228,-2.04542040731666,-1.88690574498341,0.410784125597895,-5.09546193808284,3.47891914463635e-07,1.91114018685116e-05,0.00460303101366739,0.213494128167598,0.00297418432374462,FALSE,TRUE,TRUE,FALSE,"Rpv12",6,"Rpv12|6"
"Vitvi19g04395",2378.85121277832,1.64155383418686,1.51923913433295,0.332597977659542,5.08554295154233,3.66575857898589e-07,2.00910786897459e-05,0.0234314398371048,0.639148107089493,0.0137389588317328,FALSE,TRUE,TRUE,FALSE,"Rpv12",6,"Rpv12|6"
"Vitvi00g04707",373.405545900931,1.43123493362157,1.32378328090988,0.294251756664973,5.08488046075959,3.67857679224836e-07,2.01146622653914e-05,0.0627503412334009,1,0.0351301154025208,FALSE,TRUE,TRUE,FALSE,"Rpv12",6,"Rpv12|6"
"Vitvi05g04232",152.633228572848,3.14154384522259,2.89163505131071,0.631753200490838,5.0837602714768,3.70034926553071e-07,2.0151163228297e-05,0.000264599679102,0.022843772295806,0.000197296363223968,TRUE,TRUE,TRUE,TRUE,"Rpv12",6,"Rpv12|6"
"Vitvi06g01481",338.903803187408,1.18019100034602,1.13232274542619,0.237433643855232,5.08322258303748,3.71084413017915e-07,2.0151163228297e-05,0.218843789526952,1,0.083991666940022,FALSE,TRUE,TRUE,FALSE,"Rpv12",6,"Rpv12|6"
"Vitvi11g00835",5206.70884107395,-1.13479070806909,-1.05687914940012,0.228391645295808,-5.07266198727874,3.92288949544283e-07,2.12051477485928e-05,0.273410038586811,1,0.13142921217617,FALSE,TRUE,TRUE,FALSE,"Rpv12",6,"Rpv12|6"
"Vitvi07g02832",2572.32544095006,-2.00890635875762,-1.83680475216533,0.422647508068502,-5.05934693627933,4.20694820333044e-07,2.26887055842629e-05,0.00552855693223795,0.24413158785057,0.00497379606062724,FALSE,TRUE,TRUE,FALSE,"Rpv12",6,"Rpv12|6"
"Vitvi19g00512",63.6282957952145,-2.42823266459366,-2.22650127760895,0.505517009617665,-5.05266851614616,4.35679663602734e-07,2.34433371608742e-05,0.00147997102115684,0.0908792533860135,0.00140707099045523,FALSE,TRUE,TRUE,FALSE,"Rpv12",6,"Rpv12|6"
"Vitvi12g04365",32.4416804373187,3.33152244407981,3.04281633488763,0.675136324321978,5.05017357427051,4.4140879372862e-07,2.36609228360342e-05,0.000204429954875671,0.0183769181772945,0.000177349033899957,TRUE,TRUE,TRUE,TRUE,"Rpv12",6,"Rpv12|6"
"Vitvi09g04421",33.3601064064396,2.85039832699911,2.61260776935162,0.584946894650526,5.05003606857405,4.41726651879226e-07,2.36609228360342e-05,0.000522095477736688,0.0405266931813472,0.000409258601576969,TRUE,TRUE,TRUE,TRUE,"Rpv12",6,"Rpv12|6"
"Vitvi10g00806",25.7007934495427,3.73578840971085,3.40180355758657,0.809599858112135,5.04542745368216,4.52508567568131e-07,2.41836139889013e-05,0.000110003281538722,0.0106576883028571,0.000213186181608349,TRUE,TRUE,TRUE,TRUE,"Rpv12",6,"Rpv12|6"
"Vitvi08g01572",184.861904817011,-2.58393660152536,-2.35366469908644,0.56039706789246,-5.02410310910671,5.0579059767485e-07,2.68489561758996e-05,0.0010358962318894,0.0698402307474096,0.00148329142271579,FALSE,TRUE,TRUE,FALSE,"Rpv12",6,"Rpv12|6"
"Vitvi18g04508",54.3414525807822,1.78909430731814,1.64115776377868,0.366427821822954,5.02277105796092,5.09312428235456e-07,2.68890957300888e-05,0.0133686007198133,0.445489460165092,0.00892504487483533,FALSE,TRUE,TRUE,FALSE,"Rpv12",6,"Rpv12|6"
"Vitvi09g00418",72.6889079559501,-1.53712449377876,-1.41733691155124,0.315849771622286,-5.02252646218821,5.09961683476412e-07,2.68890957300888e-05,0.0396258429040644,0.867496253586766,0.0219469255965382,FALSE,TRUE,TRUE,FALSE,"Rpv12",6,"Rpv12|6"
"Vitvi05g04535",3273.65776255888,4.72949948475302,4.27904592123438,1.00693538899448,5.01834307701824,5.21190405762141e-07,2.73590216998073e-05,3.79061652094367e-05,0.0044070550031718,6.60657360111984e-05,TRUE,TRUE,TRUE,TRUE,"Rpv12",6,"Rpv12|6"
"Vitvi01g00088",63.732644626082,-2.18038912065656,-1.99801505855444,0.454690941658212,-5.00775184210833,5.50694715186383e-07,2.87066655761246e-05,0.00335374885208792,0.170020767871643,0.00256414343035923,FALSE,TRUE,TRUE,FALSE,"Rpv12",6,"Rpv12|6"
"Vitvi17g00778",964.272039676914,1.56714974337173,1.44576885385362,0.323444403988476,5.00739228789663,5.5172407804422e-07,2.87066655761246e-05,0.0349799911019458,0.814570869302537,0.0200533642011333,FALSE,TRUE,TRUE,FALSE,"Rpv12",6,"Rpv12|6"
"Vitvi13g01796",738.253626857182,1.4270910643263,1.32676433395124,0.290199533011708,5.00575274004614,5.56441480093974e-07,2.88884849291865e-05,0.0670548058331189,1,0.0336397747701773,FALSE,TRUE,TRUE,FALSE,"Rpv12",6,"Rpv12|6"
"Vitvi06g00928",87.1445405027156,-6.00474543994804,-5.41325005723957,1.26471261811838,-5.00420074932649,5.60942769784932e-07,2.90583116400431e-05,1.51774978253493e-05,0.00192732119229763,2.00830887049474e-05,TRUE,TRUE,TRUE,TRUE,"Rpv12",6,"Rpv12|6"
"Vitvi09g01650",626.863699334054,-1.85091922642801,-1.70229573129682,0.381551566615715,-4.98777148035053,6.10797554033854e-07,3.14341172579253e-05,0.0109234913837809,0.385104597181029,0.00716784893552495,FALSE,TRUE,TRUE,FALSE,"Rpv12",6,"Rpv12|6"
"Vitvi07g02131",243.88587106484,-1.58026760989224,-1.45953870984525,0.326430265824745,-4.98813642055566,6.09645144183894e-07,3.14341172579253e-05,0.0335038275282053,0.790285504337532,0.0187209604609736,FALSE,TRUE,TRUE,FALSE,"Rpv12",6,"Rpv12|6"
"Vitvi13g00012",345.82938496736,-2.31598393929817,-2.1173293142316,0.487509304831115,-4.97490184751271,6.5280708638843e-07,3.35230630318859e-05,0.00235057006221599,0.13118478530723,0.0020364253521171,FALSE,TRUE,TRUE,FALSE,"Rpv12",6,"Rpv12|6"
"Vitvi03g00786",316.461672749368,-1.48854021952067,-1.37000185174613,0.309341921968369,-4.97404533709139,6.55699633238172e-07,3.35985612502215e-05,0.0512885633424646,0.990884437574248,0.0284920757897776,FALSE,TRUE,TRUE,FALSE,"Rpv12",6,"Rpv12|6"
"Vitvi06g01762",1262.84087859912,4.32101373562742,3.93902781101841,0.9122914620884,4.96625759149015,6.82572785576042e-07,3.47494274587872e-05,6.75615515421057e-05,0.00712638155963687,7.70980476000398e-05,TRUE,TRUE,TRUE,TRUE,"Rpv12",6,"Rpv12|6"
"Vitvi02g00225",16929.070117113,1.29123092133322,1.19206077882889,0.272718638649503,4.94793757972313,7.50039515871045e-07,3.81020074062491e-05,0.132214595891946,1,0.0675913876659642,FALSE,TRUE,TRUE,FALSE,"Rpv12",6,"Rpv12|6"
"Vitvi18g04625",63.7967425071496,-2.5501529922355,-2.32062594350227,0.540521845727001,-4.94646693790009,7.55725562113011e-07,3.83084747386986e-05,0.00132010019807938,0.0840206838967358,0.00129394084545765,FALSE,TRUE,TRUE,FALSE,"Rpv12",6,"Rpv12|6"
"Vitvi05g04487",119.86426052448,-3.50261825812149,-3.19354769430031,0.734215092213151,-4.9370704694728,7.93048210075163e-07,3.98582655710543e-05,0.000209725573329606,0.0187242705553897,0.000202461099204661,TRUE,TRUE,TRUE,TRUE,"Rpv12",6,"Rpv12|6"
"Vitvi15g04378",50.7842876892407,5.84355714998738,5.27579466333703,1.0932653352211,4.92930713028265,8.25217571445685e-07,4.12120284834883e-05,2.1970141961862e-05,0.00266072659064976,3.97685466436057e-06,TRUE,TRUE,TRUE,TRUE,"Rpv12",6,"Rpv12|6"
"Vitvi07g02901",94.5070684835524,-4.51370399412874,-4.08298177418951,0.974705624694737,-4.92650573087883,8.37131581275026e-07,4.16374232366125e-05,6.27701263622138e-05,0.00670205606330266,0.000104872614697918,TRUE,TRUE,TRUE,TRUE,"Rpv12",6,"Rpv12|6"
"Vitvi05g02082",818.328261182661,-1.91417883585859,-1.74935744743388,0.406881580088548,-4.92647554400056,8.37260860104604e-07,4.16374232366125e-05,0.00931633017274335,0.349649757516203,0.00711556795859519,FALSE,TRUE,TRUE,FALSE,"Rpv12",6,"Rpv12|6"
"Vitvi09g04170",90.6309470914371,-3.42729189709202,-3.11333036283826,0.735258648978879,-4.92408594894145,8.47555809690389e-07,4.19726694685668e-05,0.000243909017840784,0.0214107919385808,0.000269036731804191,TRUE,TRUE,TRUE,TRUE,"Rpv12",6,"Rpv12|6"
"Vitvi09g04211",10.2488832338862,6.64480092102968,6.43548924744565,2.13930147816399,4.92064006283975,8.62616423853789e-07,4.26291321428331e-05,1.45755880297934e-05,0.00185991613303105,0.000906622114746074,TRUE,TRUE,TRUE,TRUE,"Rpv12",6,"Rpv12|6"
"Vitvi13g00306",113.087754047327,-1.49095384130387,-1.36594354062829,0.317740418868376,-4.91746206913859,8.76734378383598e-07,4.30565893683521e-05,0.0526953077645649,1,0.0318148721542176,FALSE,TRUE,TRUE,FALSE,"Rpv12",6,"Rpv12|6"
"Vitvi06g00465",206.679235078218,-2.57743579556267,-2.34391482058708,0.553471927627456,-4.91313591458806,8.96310963772373e-07,4.37451603021302e-05,0.00131952377259097,0.0840206838967358,0.00136925857523004,FALSE,TRUE,TRUE,FALSE,"Rpv12",6,"Rpv12|6"
"Vitvi17g04289",54.0601149852577,2.32238609659748,2.12946884269336,0.497388848681072,4.91262849809445,8.98634500649098e-07,4.37681323182123e-05,0.00257664827890415,0.139839299435381,0.002114529486049,FALSE,TRUE,TRUE,FALSE,"Rpv12",6,"Rpv12|6"
"Vitvi12g04535",936.512707226839,2.22551062800191,2.031665352089,0.473133010139528,4.90711887381182,9.2424020256959e-07,4.49226379940306e-05,0.00344434141921154,0.173270244586836,0.00271856185447305,FALSE,TRUE,TRUE,FALSE,"Rpv12",6,"Rpv12|6"
"Vitvi09g01764",15.0962703365684,-3.84083631842613,-3.49543204814497,0.788297830595928,-4.90360568526638,9.4093280347269e-07,4.56400712189566e-05,0.000143420761990818,0.0136427044106102,9.84231854038547e-05,TRUE,TRUE,TRUE,TRUE,"Rpv12",6,"Rpv12|6"
"Vitvi05g01164",60.8666774050021,-2.55874375748751,-2.33743930094362,0.537105507160525,-4.89500834645738,9.8301556303065e-07,4.75835935039139e-05,0.00143206140796456,0.0885609796003428,0.00103974612294719,FALSE,TRUE,TRUE,FALSE,"Rpv12",6,"Rpv12|6"
"Vitvi13g04529",101.522366715457,-2.16239044945754,-1.96483823560933,0.466841783892871,-4.89373901838959,9.89380227748596e-07,4.77937417993401e-05,0.00426141773023921,0.203420486141109,0.00406036090012273,FALSE,TRUE,TRUE,FALSE,"Rpv12",6,"Rpv12|6"
"Vitvi07g01407",492.394221211085,-1.52794375728896,-1.39942822688858,0.325040104012147,-4.89296876706209,9.93261741403323e-07,4.78833241947536e-05,0.0454521971375031,0.9216930425736,0.0267438150309241,FALSE,TRUE,TRUE,FALSE,"Rpv12",6,"Rpv12|6"
"Vitvi09g01736",370.390346039448,-1.1356887488322,-1.05459092424611,0.236170135422203,-4.89197345247909,9.98299125627027e-07,4.80281506019585e-05,0.279449183254463,1,0.134228540623745,FALSE,TRUE,TRUE,FALSE,"Rpv12",6,"Rpv12|6"
"Vitvi17g00213",874.211983707617,-1.15120020298865,-1.06348960790831,0.242506651928963,-4.89101896735677,1.00315296136886e-06,4.81635757184047e-05,0.260308991154542,1,0.129834349318601,FALSE,TRUE,TRUE,FALSE,"Rpv12",6,"Rpv12|6"
"Vitvi09g04292",17.7409181520525,-7.62520190747748,-8.00175878419771,2.96496750699387,-4.88574503058679,1.03038471091557e-06,4.93706848706847e-05,1.09455901203827e-05,0.00143162845979545,0.00168995856521279,TRUE,TRUE,TRUE,TRUE,"Rpv12",6,"Rpv12|6"
"Vitvi14g00656",13.6542743360099,6.7745300995172,6.55590201772588,2.1785407973073,4.88305256101403,1.04456012612124e-06,4.99485815774005e-05,1.57663660408658e-05,0.00198349087809861,0.000875852033607791,TRUE,TRUE,TRUE,TRUE,"Rpv12",6,"Rpv12|6"
"Vitvi12g04515",15.3071844876484,7.0961816414558,7.10612836298723,2.38949670125796,4.88217808728997,1.04920433341365e-06,4.99683563788252e-05,1.37059058047441e-05,0.00176617137904581,0.000845632043280838,TRUE,TRUE,TRUE,TRUE,"Rpv12",6,"Rpv12|6"
"Vitvi17g04138",58.7881763788047,2.14889377765823,1.96192592027945,0.46010496028173,4.88246522385613,1.04767720430466e-06,4.99683563788252e-05,0.00452205666705844,0.211942217501624,0.00377593291190353,FALSE,TRUE,TRUE,FALSE,"Rpv12",6,"Rpv12|6"
"Vitvi06g00463",288.663479555325,-6.78768528308807,-6.1309588192083,1.48800173182103,-4.87380412697819,1.09469531564203e-06,5.20299652838955e-05,1.62210765096268e-05,0.0020302733991164,2.68213518012307e-05,TRUE,TRUE,TRUE,TRUE,"Rpv12",6,"Rpv12|6"
"Vitvi18g02589",638.951874660305,-1.10722533945551,-1.01981850154575,0.233861600862914,-4.86962091005696,1.11812549478921e-06,5.28247208758215e-05,0.31861284165466,1,0.156881782854915,FALSE,TRUE,TRUE,FALSE,"Rpv12",6,"Rpv12|6"
"Vitvi19g04072",130.511200092988,1.81321792788677,1.65812976578274,0.393550468522446,4.85821621714132,1.18448022349046e-06,5.5625828706345e-05,0.0146702049295677,0.474500485563403,0.0105713675139761,FALSE,TRUE,TRUE,FALSE,"Rpv12",6,"Rpv12|6"
"Vitvi05g00177",69.1599688459916,-2.0015306097047,-1.83031751462706,0.43474969320873,-4.85718032442161,1.19069150698677e-06,5.58065769405587e-05,0.0075400983786343,0.302982232698456,0.00584125660183041,FALSE,TRUE,TRUE,FALSE,"Rpv12",6,"Rpv12|6"
"Vitvi10g01760",141.788713797778,-2.0718248642752,-1.88619378293632,0.446506191144708,-4.85249633057738,1.21917040452352e-06,5.70282045458507e-05,0.0060304071530391,0.258605607731721,0.00488890274206468,FALSE,TRUE,TRUE,FALSE,"Rpv12",6,"Rpv12|6"
"Vitvi07g02900",62.0199143679286,-4.48383375784866,-4.05486101177589,0.977940972457252,-4.84812199148933,1.24635751899773e-06,5.81846982485461e-05,8.26526560950618e-05,0.00844574543277625,0.000114886145892553,TRUE,TRUE,TRUE,TRUE,"Rpv12",6,"Rpv12|6"
"Vitvi12g04173",13.4657156639133,-8.08510810441526,-8.43228570042423,3.09091175880818,-4.84507194293981,1.26565808360348e-06,5.89691819544012e-05,1.0916103277648e-05,0.00143162845979545,0.00150303071113271,TRUE,TRUE,TRUE,TRUE,"Rpv12",6,"Rpv12|6"
"Vitvi05g02223",96.8962608147515,2.205227260466,2.01380291729006,0.468521186963343,4.8431000284413,1.27828894610827e-06,5.93886373614494e-05,0.00406155882871454,0.196645157084112,0.00287848596625735,FALSE,TRUE,TRUE,FALSE,"Rpv12",6,"Rpv12|6"
"Vitvi05g04293",15.7239992247516,6.40238475436042,6.05072311222764,2.01699045658473,4.83973361310192,1.30013280589859e-06,6.01012468511479e-05,2.21629136717834e-05,0.00267170349649854,0.000971765529011679,TRUE,TRUE,TRUE,TRUE,"Rpv12",6,"Rpv12|6"
"Vitvi14g01678",118.35661012504,-1.84475729619711,-1.68766380508442,0.392431515880475,-4.84009215430194,1.29778934404123e-06,6.01012468511479e-05,0.0133323734610197,0.44527063096572,0.00880570394086233,FALSE,TRUE,TRUE,FALSE,"Rpv12",6,"Rpv12|6"
"Vitvi07g00468",41.6264302136917,-3.50615083766754,-3.16627216504474,0.77380664207362,-4.83652605998969,1.32127957281871e-06,6.08406745986816e-05,0.000273025861950452,0.0233736629903975,0.000363225183500162,TRUE,TRUE,TRUE,TRUE,"Rpv12",6,"Rpv12|6"
"Vitvi07g04752",7.65065335558633,6.90369528828728,6.89899467102497,2.40354619067937,4.83156382829225,1.3546477435021e-06,6.22558151692734e-05,1.80194528594878e-05,0.00221994431488601,0.00122001891968269,TRUE,TRUE,TRUE,TRUE,"Rpv12",6,"Rpv12|6"
"Vitvi13g04700",732.237168457552,-1.11607670691275,-1.03254097690554,0.236008368623848,-4.83100178070981,1.35847789349258e-06,6.23106112622946e-05,0.307677386543697,1,0.148538636086891,FALSE,TRUE,TRUE,FALSE,"Rpv12",6,"Rpv12|6"
"Vitvi04g00141",46.4715830932507,-1.53481512252996,-1.40307316865234,0.330199101357041,-4.83047951329276,1.36204628997682e-06,6.23532121353344e-05,0.046167391122261,0.928422763568274,0.0268595303949048,FALSE,TRUE,TRUE,FALSE,"Rpv12",6,"Rpv12|6"
"Vitvi11g04266",391.827387063409,-1.78416606770427,-1.63101013291582,0.381111416975371,-4.82935434880171,1.36976464176227e-06,6.25852618330917e-05,0.016894987242419,0.521174494427405,0.0109818332099466,FALSE,TRUE,TRUE,FALSE,"Rpv12",6,"Rpv12|6"
"Vitvi18g02739",193.853798722404,1.24452260756297,1.18024949245367,0.265421371153183,4.82790763320208,1.37975058483432e-06,6.29198230018463e-05,0.171416457186553,1,0.0706670169335585,FALSE,TRUE,TRUE,FALSE,"Rpv12",6,"Rpv12|6"
"Vitvi19g00255",3678.58394600329,2.27342482654604,2.0717155176017,0.493561214606446,4.81911760334578,1.44194542284597e-06,6.5503143804745e-05,0.00347368589374687,0.174076914357327,0.00275041645182303,FALSE,TRUE,TRUE,FALSE,"Rpv12",6,"Rpv12|6"
"Vitvi13g04698",373.790992129871,-1.40098105412794,-1.29643259060471,0.29696151878581,-4.81854075595645,1.44611988132689e-06,6.55666868266866e-05,0.0839263971355234,1,0.0433134626427439,FALSE,TRUE,TRUE,FALSE,"Rpv12",6,"Rpv12|6"
"Vitvi09g00388",616.558937186612,1.1892284663279,1.09832472017899,0.253570848046984,4.81808361013155,1.44943634947158e-06,6.55911598605704e-05,0.221645677530705,1,0.105672984501794,FALSE,TRUE,TRUE,FALSE,"Rpv12",6,"Rpv12|6"
"Vitvi14g02923",219.801653561907,-3.62181050362273,-3.27949164063005,0.781331189200439,-4.81511588063413,1.47114493828057e-06,6.63194384199688e-05,0.000245482584920533,0.0214768526385827,0.0002491657781115,TRUE,TRUE,TRUE,TRUE,"Rpv12",6,"Rpv12|6"
"Vitvi11g00098",124.145433532072,-3.51356235361718,-3.13391825716245,0.804755952636461,-4.80933048571042,1.5143665546537e-06,6.80083018137449e-05,0.000290277561026006,0.0246538010353224,0.000620059104907167,TRUE,TRUE,TRUE,TRUE,"Rpv12",6,"Rpv12|6"
"Vitvi17g01015",193.518790062589,-3.34021592865345,-3.02858830125172,0.716472417851346,-4.80417297110952,1.55392453341105e-06,6.96523820270131e-05,0.000381484726376551,0.0307054121762591,0.000322017232643354,TRUE,TRUE,TRUE,TRUE,"Rpv12",6,"Rpv12|6"
"Vitvi15g01048",10722.6753698138,1.14674686295828,1.0592446353502,0.245888238730086,4.79812010457182,1.60161735023184e-06,7.1518724096742e-05,0.269605790921398,1,0.132829347426896,FALSE,TRUE,TRUE,FALSE,"Rpv12",6,"Rpv12|6"
"Vitvi12g01323",1661.487267458,1.14569483619884,1.0585611479612,0.244492976945374,4.79678751605084,1.61230471958962e-06,7.18601171436715e-05,0.270932834550841,1,0.133229168994707,FALSE,TRUE,TRUE,FALSE,"Rpv12",6,"Rpv12|6"
"Vitvi05g01450",23.7002818137958,-5.44926831966175,-4.95952187091408,1.17783081664686,-4.79077899362663,1.66135040345562e-06,7.39066275525962e-05,4.58468843482369e-05,0.0052371556666617,4.48257866099691e-05,TRUE,TRUE,TRUE,TRUE,"Rpv12",6,"Rpv12|6"
"Vitvi12g04208",235.080561549314,1.95546460732982,1.77972111261358,0.433250027575071,4.77708083744138,1.77858286678673e-06,7.89730911263839e-05,0.00979414924974303,0.358328881432207,0.00776282231164176,FALSE,TRUE,TRUE,FALSE,"Rpv12",6,"Rpv12|6"
"Vitvi15g01639",101.173189844189,2.79925861827831,2.53318950447608,0.613814020907538,4.77524328260543,1.79490131168018e-06,7.95481403086479e-05,0.00107263429784081,0.0717622521667975,0.00102244563748368,FALSE,TRUE,TRUE,FALSE,"Rpv12",6,"Rpv12|6"
"Vitvi08g01993",835.772612754023,-1.58769846783904,-1.44872538063501,0.346126127857176,-4.77387537048853,1.80714239890194e-06,7.99406699379431e-05,0.0386069394204878,0.860237587990239,0.0234180333697711,FALSE,TRUE,TRUE,FALSE,"Rpv12",6,"Rpv12|6"
"Vitvi12g01882",22.1680165258038,7.52387607629627,7.334888543764,2.46411601122139,4.77097201229753,1.83339016731304e-06,8.09501729575114e-05,1.76368446775887e-05,0.00218655080531299,0.000800986699541581,TRUE,TRUE,TRUE,TRUE,"Rpv12",6,"Rpv12|6"
"Vitvi04g01887",268.377302120169,2.40983696947026,2.18860891603195,0.527847167524119,4.76955821762676,1.84630380230123e-06,8.13682619738054e-05,0.00263251770922651,0.14119281805624,0.00224854447832215,FALSE,TRUE,TRUE,FALSE,"Rpv12",6,"Rpv12|6"
"Vitvi14g01560",1500.09924679601,1.7751360777817,1.61584654309461,0.393297106722206,4.76645227126073,1.87498120334533e-06,8.24782234365427e-05,0.0187017229394594,0.554669354164759,0.0135852559027876,FALSE,TRUE,TRUE,FALSE,"Rpv12",6,"Rpv12|6"
"Vitvi11g00730",1365.22898328049,-1.31148901304892,-1.20123183526425,0.286667452143315,-4.76377910579718,1.90000495006268e-06,8.34236374170643e-05,0.128935978569933,1,0.0679314577529237,FALSE,TRUE,TRUE,FALSE,"Rpv12",6,"Rpv12|6"
"Vitvi01g04115",255.577301326839,-4.43291025385711,-3.99717797140304,0.967325553307558,-4.75833307659469,1.95198215140547e-06,8.55467947690168e-05,0.000114388895937861,0.0110416942023561,0.000137371576064074,TRUE,TRUE,TRUE,TRUE,"Rpv12",6,"Rpv12|6"
"Vitvi01g02003",18.9167259779371,5.17653468241944,4.68022633063313,1.16299071550382,4.75141266427893,2.02000404849618e-06,8.83639548769941e-05,6.31639389159641e-05,0.00671668893537685,0.000101653936681534,TRUE,TRUE,TRUE,TRUE,"Rpv12",6,"Rpv12|6"
"Vitvi16g01753",60.54034954738,-2.10325558526169,-1.88993755475592,0.477854981642556,-4.75036847640445,2.03046321748895e-06,8.8657305219083e-05,0.00635506383181007,0.267700667916779,0.00685859798089864,FALSE,TRUE,TRUE,FALSE,"Rpv12",6,"Rpv12|6"
"Vitvi12g02753",92.9705439879113,-3.08959852375898,-2.75366769761407,0.715863656057698,-4.74888105922704,2.04545188854797e-06,8.91469824931369e-05,0.000659469853101242,0.0490087269524869,0.00123848710557318,TRUE,TRUE,TRUE,TRUE,"Rpv12",6,"Rpv12|6"
"Vitvi02g00429",7722.52923754701,2.85668254336362,2.58576882633254,0.63373837607712,4.74251571660903,2.11080447403627e-06,9.13212880690199e-05,0.0010268048751974,0.069406172429687,0.00100547891963307,FALSE,TRUE,TRUE,FALSE,"Rpv12",6,"Rpv12|6"
"Vitvi11g01205",2987.12822182554,1.2325137376862,1.13285809723051,0.267815414537391,4.73950056447352,2.14245638532083e-06,9.25212152359208e-05,0.185632358957664,1,0.0922489310782455,FALSE,TRUE,TRUE,FALSE,"Rpv12",6,"Rpv12|6"
"Vitvi19g04541",8.8993634906413,6.46999462807404,6.07058125376322,2.07319077709994,4.73556302251218,2.18447807778556e-06,9.38489681258047e-05,3.12109623972612e-05,0.00366119984461863,0.00127541441922226,TRUE,TRUE,TRUE,TRUE,"Rpv12",6,"Rpv12|6"
"Vitvi09g00275",2522.75630653664,1.83204025147896,1.66638580448339,0.405635985215862,4.7357574481865,2.18238470826064e-06,9.38489681258047e-05,0.0157462392624875,0.498072397663131,0.0115329760007997,FALSE,TRUE,TRUE,FALSE,"Rpv12",6,"Rpv12|6"
"Vitvi05g04090",233.608735462638,1.27562855422884,1.1703069647246,0.279054311255807,4.73436237327414,2.19744818233124e-06,9.41222134301995e-05,0.153161809534093,1,0.0768750895091644,FALSE,TRUE,TRUE,FALSE,"Rpv12",6,"Rpv12|6"
"Vitvi19g00994",1571.53417526585,1.18737765660548,1.13428598215874,0.255474153401592,4.73381029894595,2.20343679734571e-06,9.41222134301995e-05,0.227521823795504,1,0.0871548481762164,FALSE,TRUE,TRUE,FALSE,"Rpv12",6,"Rpv12|6"
"Vitvi09g01309",18.2163918055997,-3.97107606302751,-3.57615525050547,0.871958433965488,-4.72091872687404,2.34781744219023e-06,9.9390938386053e-05,0.000206144142810229,0.0184675501088109,0.000224442854540619,TRUE,TRUE,TRUE,TRUE,"Rpv12",6,"Rpv12|6"
"Vitvi10g01696",215.796903684099,2.78389657621616,2.50763804627757,0.620903712911166,4.71883280388858,2.37201667374263e-06,0.000100235738581661,0.0012481615799085,0.0808184622990751,0.00138816157688551,FALSE,TRUE,TRUE,FALSE,"Rpv12",6,"Rpv12|6"
"Vitvi01g00083",104.52413287097,-2.08240500033694,-1.8748101401426,0.465531846695301,-4.7157389537599,2.40835056546312e-06,0.000101589387602446,0.00711953207141392,0.289642052031286,0.00670812372309188,FALSE,TRUE,TRUE,FALSE,"Rpv12",6,"Rpv12|6"
"Vitvi11g04267",55.2417923718892,-2.98374914126059,-2.63955606617412,0.673097940661046,-4.70843842090726,2.49621751499426e-06,0.00010492108565693,0.000872810046253446,0.0607229734041061,0.00133123370291597,FALSE,TRUE,TRUE,FALSE,"Rpv12",6,"Rpv12|6"
"Vitvi14g04495",136.760953439412,-2.78385414599556,-2.51217128564517,0.619404725766171,-4.70090198543541,2.59014825296517e-06,0.0001082911186399,0.00129650447426182,0.0829223974137287,0.00131247222692692,FALSE,TRUE,TRUE,FALSE,"Rpv12",6,"Rpv12|6"
"Vitvi13g04443",76.7166507761534,3.24416380058874,2.92273131770829,0.713348714878981,4.69816310876828,2.62511755444489e-06,0.000109559234754589,0.000577078462566363,0.0437559289920971,0.000505248785679572,TRUE,TRUE,TRUE,TRUE,"Rpv12",6,"Rpv12|6"
"Vitvi18g04028",49.1580984117665,-3.86108413796885,-3.43986878181077,0.897401717230782,-4.69774747133596,2.63046375134138e-06,0.000109588738508265,0.000249722032951798,0.0217749288666203,0.00045000266234136,TRUE,TRUE,TRUE,TRUE,"Rpv12",6,"Rpv12|6"
"Vitvi08g00979",282.844606323645,-1.53464611419708,-1.38786782285969,0.341458042450063,-4.69639513837982,2.64793073769993e-06,0.000110122218109063,0.0509042235871902,0.987104214097337,0.0330258449843483,FALSE,TRUE,TRUE,FALSE,"Rpv12",6,"Rpv12|6"
"Vitvi13g01272",657.120903460664,-1.72536178635793,-1.56071807482691,0.388834963551037,-4.69466933087095,2.67038331470429e-06,0.000110666306420956,0.0242083554661368,0.654200796114332,0.0172450131872821,FALSE,TRUE,TRUE,FALSE,"Rpv12",6,"Rpv12|6"
"Vitvi03g00547",1594.85709916413,1.18038186163788,1.08226816480554,0.258117770105019,4.69499122282353,2.66618171938447e-06,0.000110666306420956,0.236541369471461,1,0.11666134033758,FALSE,TRUE,TRUE,FALSE,"Rpv12",6,"Rpv12|6"
"Vitvi09g04541",33.8503293763348,3.72291945182389,3.34997597799611,0.822886785895158,4.6931219267046,2.69067014684122e-06,0.000111117150714481,0.000299001935939217,0.0253125943114368,0.000298255748963802,TRUE,TRUE,TRUE,TRUE,"Rpv12",6,"Rpv12|6"
"Vitvi01g04096",73.0365872155084,1.6219318849624,1.47748936554773,0.357838869743001,4.68432660685184,2.80881825143162e-06,0.000115793900061637,0.0362304739847182,0.827731850625541,0.0215302467224619,FALSE,TRUE,TRUE,FALSE,"Rpv12",6,"Rpv12|6"
"Vitvi01g04190",46.8170559023774,2.15365602197611,1.95800761529391,0.476623119613958,4.67970351556847,2.87290059727035e-06,0.000118023752884731,0.00609161543086329,0.260802893708597,0.00455798751529618,FALSE,TRUE,TRUE,FALSE,"Rpv12",6,"Rpv12|6"
"Vitvi18g04656",33.3852268918218,-4.1311493248302,-3.70649327727237,0.901064004742625,-4.66714171999945,3.05418677154881e-06,0.000125036395004378,0.000202048812231526,0.0182254995833258,0.000192217706324575,TRUE,TRUE,TRUE,TRUE,"Rpv12",6,"Rpv12|6"
"Vitvi16g01935",8.7058031847275,6.34620181907386,6.31584033147264,2.26791311785014,4.66608890152099,3.06986921395916e-06,0.000125460987149037,4.23592824866892e-05,0.0048813941434771,0.00182119728056154,TRUE,TRUE,TRUE,TRUE,"Rpv12",6,"Rpv12|6"
"Vitvi11g01251",144.370564807926,3.26977297289051,2.93152947687949,0.734874823522734,4.66553053035416,3.07821784817288e-06,0.000125584908479343,0.000600455927411081,0.0451566875454914,0.000681872510158,TRUE,TRUE,TRUE,TRUE,"Rpv12",6,"Rpv12|6"
"Vitvi19g00508",35.7014959249353,-2.89329330329708,-2.61781574175985,0.644228779208661,-4.66135999604892,3.14126718464586e-06,0.000127726553993096,0.00114318418996995,0.0751370734307132,0.000954825869347952,FALSE,TRUE,TRUE,FALSE,"Rpv12",6,"Rpv12|6"
"Vitvi13g00390",75.3578821443928,-2.36580433659854,-2.12488189808858,0.539884981072089,-4.66134304026801,3.14152602954825e-06,0.000127726553993096,0.00356144463806477,0.177117548074404,0.00388183497023847,FALSE,TRUE,TRUE,FALSE,"Rpv12",6,"Rpv12|6"
"Vitvi03g00860",100.29017483413,-5.81005764462708,-5.18832268472135,1.30497382607218,-4.65940338095086,3.17127205634817e-06,0.000128714413256111,5.73120019061166e-05,0.00629926326832817,7.99931998161473e-05,TRUE,TRUE,TRUE,TRUE,"Rpv12",6,"Rpv12|6"
"Vitvi07g02412",153.45119284797,2.89279313390688,2.60428325009728,0.650636389540507,4.64595780197992,3.38502197704757e-06,0.000136685451524475,0.00118323598282168,0.0771877059217764,0.00112859141340575,FALSE,TRUE,TRUE,FALSE,"Rpv12",6,"Rpv12|6"
"Vitvi11g01457",3983.29048817283,2.29754279210438,2.07981211291773,0.513849810602911,4.64003705371395,3.48346712423226e-06,0.000139942959878596,0.00439040659884876,0.207308025666579,0.00367043342921544,FALSE,TRUE,TRUE,FALSE,"Rpv12",6,"Rpv12|6"
"Vitvi04g01511",442.560252961217,2.27813478112137,2.06105678135837,0.510870087548583,4.63895371505788,3.50177459324017e-06,0.000140439591581527,0.00462519493032944,0.214142432181394,0.00398833486852849,FALSE,TRUE,TRUE,FALSE,"Rpv12",6,"Rpv12|6"
"Vitvi12g00342",183.698630811746,-4.13555662919428,-3.6513777608943,0.985406844599847,-4.63618637047603,3.54896006407257e-06,0.000141850312408667,0.000219772512004357,0.019357000476505,0.000527516878173214,TRUE,TRUE,TRUE,TRUE,"Rpv12",6,"Rpv12|6"
"Vitvi03g00692",247.840505938464,-2.98893514255288,-2.66097434337263,0.703118239093637,-4.63270015802538,3.60927098998335e-06,0.00014401722859018,0.00102548680651298,0.069406172429687,0.00166835294831658,FALSE,TRUE,TRUE,FALSE,"Rpv12",6,"Rpv12|6"
"Vitvi07g01415",168.662465137252,-2.29053393364506,-2.06429586438867,0.518142617247463,-4.63215730774066,3.61875018840592e-06,0.000144151967876095,0.00452906072798684,0.211942217501624,0.00420602538634481,FALSE,TRUE,TRUE,FALSE,"Rpv12",6,"Rpv12|6"
"Vitvi11g00821",16.318048034424,-4.57750365304066,-4.15119817084505,1.06871195707438,-4.63128875589681,3.63396641998199e-06,0.000144514401974435,0.000147572587526523,0.0139867801344431,0.000230182059193615,TRUE,TRUE,TRUE,TRUE,"Rpv12",6,"Rpv12|6"
"Vitvi08g04377",27.73069846327,-7.81099727287341,-8.41308630277562,3.18365440954118,-4.63077473500772,3.64300046791106e-06,0.000144630179921,2.70511673871934e-05,0.00318752922379095,0.00184433696358917,TRUE,TRUE,TRUE,TRUE,"Rpv12",6,"Rpv12|6"
"Vitvi17g04269",10106.9355953569,1.12135541697703,1.02977050869313,0.249208199711771,4.62233483562871,3.7944489571621e-06,0.000149887079040273,0.308453507205101,1,0.151025895366979,FALSE,TRUE,TRUE,FALSE,"Rpv12",6,"Rpv12|6"
"Vitvi09g01297",1685.73151376949,-1.43476140044595,-1.30203576776743,0.324818459830399,-4.61435726939186,3.943136394059e-06,0.000154982974875976,0.0810201227243344,1,0.0480601353962047,FALSE,TRUE,TRUE,FALSE,"Rpv12",6,"Rpv12|6"
"Vitvi11g01132",1537.49625410635,1.13844741818218,1.0426098358318,0.25586223194241,4.61085591859462,4.01014416542448e-06,0.000157093906261455,0.287490963015385,1,0.143573936522925,FALSE,TRUE,TRUE,FALSE,"Rpv12",6,"Rpv12|6"
"Vitvi11g00217",198.512370918082,-1.47987712486643,-1.33563014724405,0.342443673828377,-4.59319245837312,4.36516138832268e-06,0.000170718281978408,0.0681875665033608,1,0.0446695242092645,FALSE,TRUE,TRUE,FALSE,"Rpv12",6,"Rpv12|6"
"Vitvi18g00731",183.201011206963,-4.54331396605394,-4.0253308029684,1.0751081167506,-4.58401939564029,4.56121900281119e-06,0.000177504308541031,0.000175084965718672,0.0162991018442518,0.000346166418766144,TRUE,TRUE,TRUE,TRUE,"Rpv12",6,"Rpv12|6"
"Vitvi07g04392",11.4024201456711,6.6227426434311,6.27055920066991,2.193149696377,4.57953805857138,4.660039914305e-06,0.000181051748117949,5.05939433318425e-05,0.00568020156059085,0.00152274291717594,TRUE,TRUE,TRUE,TRUE,"Rpv12",6,"Rpv12|6"
"Vitvi10g04031",156.927946381639,2.48595078193448,2.22816995666487,0.581059041264245,4.57280722403888,4.81232859946036e-06,0.000185141410710835,0.00313471087385984,0.160158011229101,0.00346361329273287,FALSE,TRUE,TRUE,FALSE,"Rpv12",6,"Rpv12|6"
"Vitvi16g01932",125.961089658607,2.6140098135843,2.34875169938502,0.598925734519808,4.56976734083405,4.88265957015256e-06,0.000187237312282701,0.00238935313110423,0.13270294810309,0.00222144406078551,FALSE,TRUE,TRUE,FALSE,"Rpv12",6,"Rpv12|6"
"Vitvi04g02114",166.47808749863,-2.6224344108133,-2.34866813509877,0.603874437793413,-4.56775228043179,4.92982157730654e-06,0.000188739457535065,0.00235700329119608,0.13118478530723,0.00238711327000412,FALSE,TRUE,TRUE,FALSE,"Rpv12",6,"Rpv12|6"
"Vitvi09g01693",14.8724500049619,5.44442859235768,4.83191650482309,1.11399855284907,4.56165057143291,5.07530604343126e-06,0.000193994950417368,9.81589728003443e-05,0.00976327212731637,3.11962974855974e-05,TRUE,TRUE,TRUE,TRUE,"Rpv12",6,"Rpv12|6"
"Vitvi03g01649",13.7472828931943,-6.35377320180128,-6.50679743871962,2.64987744942285,-4.55578663474792,5.21898927039056e-06,0.000199026393278573,6.18942845559205e-05,0.00666293246789434,0.00395282466202424,TRUE,TRUE,TRUE,TRUE,"Rpv12",6,"Rpv12|6"
"Vitvi09g01329",9.75802829755689,5.16566276462462,4.64765502204194,1.04690808777029,4.55559339561983,5.22378984983131e-06,0.000199026393278573,0.000119561390303713,0.0114985529740987,2.13935304367981e-05,TRUE,TRUE,TRUE,TRUE,"Rpv12",6,"Rpv12|6"
"Vitvi19g01617",59.3686202067382,-2.60005895684556,-2.32310031737768,0.60392878770774,-4.55249003705322,5.30146722887038e-06,0.000201336429068129,0.00254271446946095,0.13857264126381,0.00262523758005568,FALSE,TRUE,TRUE,FALSE,"Rpv12",6,"Rpv12|6"
"Vitvi08g01838",11453.8642929212,1.14731539021132,1.0520270348992,0.260821823604693,4.55104379769676,5.33804338399772e-06,0.000202075738488452,0.279490950685834,1,0.138676014253841,FALSE,TRUE,TRUE,FALSE,"Rpv12",6,"Rpv12|6"
"Vitvi01g00857",88.0519773024331,-1.52551193068293,-1.37909963235031,0.351097449194196,-4.55010629153936,5.36188234729566e-06,0.000202653415692509,0.0585069568066186,1,0.0364044039170335,FALSE,TRUE,TRUE,FALSE,"Rpv12",6,"Rpv12|6"
"Vitvi05g02090",46.8088773638809,4.16397174545041,3.57180540374676,1.10904456000739,4.54922840391756,5.38429771234673e-06,0.000203175528052803,0.000273417977562661,0.0233736629903975,0.00186807237937733,TRUE,TRUE,TRUE,TRUE,"Rpv12",6,"Rpv12|6"
"Vitvi03g01537",132.756707997353,-1.19678189935942,-1.08952537796038,0.271111467205727,-4.54565564595872,5.47645096877124e-06,0.000206323325014855,0.227404023613959,1,0.114846545590113,FALSE,TRUE,TRUE,FALSE,"Rpv12",6,"Rpv12|6"
"Vitvi19g02300",97.3981403068068,-2.39577005361164,-2.15379280504938,0.547838942955773,-4.54357887289534,5.53070975823476e-06,0.000208035710046213,0.0040595256023705,0.196645157084112,0.00353219934518376,FALSE,TRUE,TRUE,FALSE,"Rpv12",6,"Rpv12|6"
"Vitvi02g04256",10.9798625388119,6.88662382894082,6.51401619144469,2.33820832580923,4.53998666206715,5.62577869204499e-06,0.000211262825942194,5.21697073329583e-05,0.00580726542179938,0.00171167269708196,TRUE,TRUE,TRUE,TRUE,"Rpv12",6,"Rpv12|6"
"Vitvi05g00426",1346.78682527095,-1.94955756054259,-1.74062919473539,0.462909680387711,-4.53929329881998,5.64430798293129e-06,0.000211299276026629,0.0135206093277705,0.446801068520748,0.012457435006583,FALSE,TRUE,TRUE,FALSE,"Rpv12",6,"Rpv12|6"
"Vitvi18g01624",392.16437067842,-1.44296860298774,-1.30062412141384,0.331833570516138,-4.52931196985105,5.91760698839212e-06,0.000220830509130804,0.0821995746325121,1,0.0496540816716771,FALSE,TRUE,TRUE,FALSE,"Rpv12",6,"Rpv12|6"
"Vitvi03g00302",633.93058240451,1.36288762862145,1.23457659573048,0.314397345745913,4.52697932714857,5.98327907357556e-06,0.000222228016157236,0.114030116794414,1,0.0642833589739787,FALSE,TRUE,TRUE,FALSE,"Rpv12",6,"Rpv12|6"
"Vitvi14g00270",198.826919317368,-2.82508703581091,-2.52307248752606,0.656808525049424,-4.52554100599351,6.02411988682757e-06,0.000223393657718431,0.00172988494220781,0.101690022928571,0.00191514495019135,FALSE,TRUE,TRUE,FALSE,"Rpv12",6,"Rpv12|6"
"Vitvi05g01399",57.99887014923,6.22467226100911,5.49525759183448,1.32776982939298,4.52262842825659,6.10764048881012e-06,0.000225973608365967,7.35823059719912e-05,0.00766868343394947,3.76277287488142e-05,TRUE,TRUE,TRUE,TRUE,"Rpv12",6,"Rpv12|6"
"Vitvi18g03244",607.179869478631,2.90447924510313,2.61283780391522,0.674490553750359,4.51548998580635,6.31705319840656e-06,0.00023279474360805,0.00153407796450059,0.0935429964414242,0.00154314082226428,FALSE,TRUE,TRUE,FALSE,"Rpv12",6,"Rpv12|6"
"Vitvi06g04051",31.7888829451078,2.18823124633463,1.95809332149112,0.50738554950462,4.5126316127935,6.40281776446216e-06,0.000234856150981561,0.00713480689476585,0.289812753975435,0.00646500714613328,FALSE,TRUE,TRUE,FALSE,"Rpv12",6,"Rpv12|6"
"Vitvi18g01034",4041.70268336486,-1.84090642502836,-1.64905694758739,0.434563775743837,-4.50833678510778,6.53378034702787e-06,0.000238917893742248,0.0197298741651357,0.574486303648974,0.0155748730619614,FALSE,TRUE,TRUE,FALSE,"Rpv12",6,"Rpv12|6"
"Vitvi03g00849",8307.86061620561,1.23684282291303,1.11598458408459,0.284524406965421,4.50753733599262,6.55843927573705e-06,0.000239448922057899,0.194028170284617,1,0.102891148002875,FALSE,TRUE,TRUE,FALSE,"Rpv12",6,"Rpv12|6"
"Vitvi06g00621",412.183440699032,-1.19385491928237,-1.08391651452428,0.275381421385046,-4.50559209306212,6.61881253961177e-06,0.000241280231189366,0.232204601456281,1,0.120679658016925,FALSE,TRUE,TRUE,FALSE,"Rpv12",6,"Rpv12|6"
"Vitvi17g00066",51.6572621845356,-3.38463268013568,-3.00505053933728,0.809856178431656,-4.50422504573771,6.66155843919888e-06,0.000242464304238453,0.000753227838220906,0.0539827041644402,0.00109248660174969,FALSE,TRUE,TRUE,FALSE,"Rpv12",6,"Rpv12|6"
"Vitvi07g02249",625.470136866146,-2.1037370314574,-1.8850714018334,0.498370453672759,-4.50351972790378,6.68371601846887e-06,0.000242690993187422,0.0090688247134957,0.342477162809745,0.0083348538241753,FALSE,TRUE,TRUE,FALSE,"Rpv12",6,"Rpv12|6"
"Vitvi14g01296",19639.1208339005,1.25815688455356,1.14259276530768,0.291946359147568,4.5033729959482,6.68833445792107e-06,0.000242690993187422,0.177734926897775,1,0.0931936838573587,FALSE,TRUE,TRUE,FALSE,"Rpv12",6,"Rpv12|6"
"Vitvi11g00106",295.400090466042,-1.11327287778009,-1.01583566906751,0.254609088005026,-4.49999334641262,6.79555895108067e-06,0.00024620351770311,0.323525197578457,1,0.16128985868516,FALSE,TRUE,TRUE,FALSE,"Rpv12",6,"Rpv12|6"
"Vitvi03g01833",3375.84979897229,2.01214669801928,1.80683319030713,0.468378926537776,4.4963579015478,6.91273404110322e-06,0.000249682879998379,0.0118564113232706,0.409711841222505,0.00959473740829133,FALSE,TRUE,TRUE,FALSE,"Rpv12",6,"Rpv12|6"
"Vitvi01g01282",194.02635349633,-2.77256563254506,-2.46247444298317,0.670393356075786,-4.49415330321994,6.98472978161374e-06,0.000251898147940885,0.00203157746143422,0.115801449380121,0.00268743164602861,FALSE,TRUE,TRUE,FALSE,"Rpv12",6,"Rpv12|6"
"Vitvi14g00647",18.5399954245547,7.90328776093861,7.6149545143872,2.60245509086619,4.48701443436087,7.22281829307458e-06,0.000258903510954488,4.46234846164109e-05,0.00511976199158199,0.000891261016340032,TRUE,TRUE,TRUE,TRUE,"Rpv12",6,"Rpv12|6"
"Vitvi10g01789",51.4000569018992,-1.60143402458821,-1.44431556598138,0.369583401681407,-4.48616857973509,7.25153733339973e-06,0.000259539113469043,0.0460112698389879,0.927907928425317,0.0281399102008245,FALSE,TRUE,TRUE,FALSE,"Rpv12",6,"Rpv12|6"
"Vitvi01g01038",1695.5685164403,1.93075746296173,1.73338146755553,0.453948258039015,4.48316004159371,7.35457284658752e-06,0.000262828622968367,0.0153403138921542,0.488778649336008,0.0120956844186235,FALSE,TRUE,TRUE,FALSE,"Rpv12",6,"Rpv12|6"
"Vitvi01g04178",365.112985680492,4.10811015893633,3.55099977026414,1.05461475499513,4.48262000441004,7.37321547251104e-06,0.000263096821588604,0.000347623493361723,0.028487915163335,0.00146415468086466,TRUE,TRUE,TRUE,TRUE,"Rpv12",6,"Rpv12|6"
"Vitvi16g04191",8.12670476104496,6.39611229940065,5.97738590451668,2.21195598031333,4.48154136584933,7.41058651541764e-06,0.000264031485169224,7.82487319873063e-05,0.00805869519707065,0.00227563407423932,TRUE,TRUE,TRUE,TRUE,"Rpv12",6,"Rpv12|6"
"Vitvi03g00723",179.731156793222,-1.58939649017413,-1.42872295133656,0.374680165624656,-4.48066934105432,7.44093145580139e-06,0.000264713377784549,0.0482996844778615,0.954283569680044,0.032538495667411,FALSE,TRUE,TRUE,FALSE,"Rpv12",6,"Rpv12|6"
"Vitvi09g04536",110.220592174211,3.98530226265238,3.53341729711266,0.939120954931186,4.47544757802456,7.62514067235562e-06,0.000270858756334413,0.000400495847441286,0.0317471844642927,0.000494099207190319,TRUE,TRUE,TRUE,TRUE,"Rpv12",6,"Rpv12|6"
"Vitvi09g04119",6.41724402179773,-6.57197107328281,-6.70732792326796,2.73449472594011,-4.47505755602895,7.63907317477521e-06,0.000270946226027838,7.42081368108828e-05,0.00770321686839636,0.0038111754732181,TRUE,TRUE,TRUE,TRUE,"Rpv12",6,"Rpv12|6"
"Vitvi10g04029",14.1087503157128,-3.81268887690326,-3.33522855073095,0.915529015972107,-4.47395197201066,7.67869964960324e-06,0.000271943392987898,0.000482546766378704,0.0376804204826881,0.000860782208954491,TRUE,TRUE,TRUE,TRUE,"Rpv12",6,"Rpv12|6"
"Vitvi18g00190",51.2680271988708,-4.23798603378253,-3.77713007507353,0.990132936947653,-4.4727559941656,7.72178730509113e-06,0.00027265180825241,0.000316174899242985,0.0263401885009466,0.000354647602156214,TRUE,TRUE,TRUE,TRUE,"Rpv12",6,"Rpv12|6"
"Vitvi10g00564",219.137611857232,-2.57271463842538,-2.28457898801178,0.619529951468787,-4.47210104850694,7.74548097914759e-06,0.000273080226402126,0.00313021297015913,0.160158011229101,0.00402405946264703,FALSE,TRUE,TRUE,FALSE,"Rpv12",6,"Rpv12|6"
"Vitvi12g04443",285.279625591523,1.65833208068676,1.48974964820026,0.389112261439075,4.47092274760831,7.78828296334602e-06,0.000274180059851207,0.0379582824104166,0.85158722948035,0.0250447992838822,FALSE,TRUE,TRUE,FALSE,"Rpv12",6,"Rpv12|6"
"Vitvi09g04122",31.7314334066271,-1.85509079936166,-1.66497247755106,0.43367908906775,-4.46710753069684,7.92842831013738e-06,0.000277659431001271,0.0197432312772059,0.574486303648974,0.014748683129221,FALSE,TRUE,TRUE,FALSE,"Rpv12",6,"Rpv12|6"
"Vitvi10g04691",5.0911344449558,6.35202255772491,5.98040980168349,2.1620681576222,4.46536173165683,7.99335820027745e-06,0.000278905623939371,8.42704358398595e-05,0.00854430360904994,0.00198725216220504,TRUE,TRUE,TRUE,TRUE,"Rpv12",6,"Rpv12|6"
"Vitvi15g00811",11888.4117602194,1.69928703955088,1.69556496928213,0.388690663977778,4.46370220503646,8.05555048317314e-06,0.000280661081878342,0.0331128189630704,0.785311179741575,0.0079900846039807,FALSE,TRUE,TRUE,FALSE,"Rpv12",6,"Rpv12|6"
"Vitvi12g02682",16.9656603679795,5.85488106885734,5.05713121034204,1.31492726718361,4.4609495499942,8.15972994155517e-06,0.000283872077583824,0.000108300683856995,0.0105710357799072,0.000145262532340649,TRUE,TRUE,TRUE,TRUE,"Rpv12",6,"Rpv12|6"
"Vitvi05g00362",1388.89359801439,-1.22287470535487,-1.10729150821476,0.286869687819859,-4.46019173570942,8.18863618180183e-06,0.000284458770421357,0.208140259505711,1,0.108846137929847,FALSE,TRUE,TRUE,FALSE,"Rpv12",6,"Rpv12|6"
"Vitvi07g02122",63.446493508579,-2.69821499199459,-2.41123365758949,0.638440505687681,-4.45602089337181,8.3494898317729e-06,0.000289620629671277,0.00251933648370483,0.137873060831035,0.00247460676917171,FALSE,TRUE,TRUE,FALSE,"Rpv12",6,"Rpv12|6"
"Vitvi09g00540",189.073025554409,1.64486953151817,1.4783644845628,0.388259342747839,4.45567894806768,8.36281048300283e-06,0.00028965734491128,0.0403321416684852,0.875023405136192,0.0265156943530933,FALSE,TRUE,TRUE,FALSE,"Rpv12",6,"Rpv12|6"
"Vitvi19g04471",1695.87667412554,2.62519846776858,2.34333880980695,0.622464723069572,4.45418384813427,8.42129178794075e-06,0.000290660098848739,0.00291243753212093,0.152372906805503,0.00300603633582201,FALSE,TRUE,TRUE,FALSE,"Rpv12",6,"Rpv12|6"
"Vitvi13g04715",247.545646154265,-1.18715663812226,-1.081633324825,0.272322083207115,-4.45270708190977,8.4794395490052e-06,0.000291984432983383,0.241347532976589,1,0.12187927554914,FALSE,TRUE,TRUE,FALSE,"Rpv12",6,"Rpv12|6"
"Vitvi03g04143",96.0729942352535,2.63729642963648,2.34986321061205,0.622268932223932,4.44868926273719,8.63959005040593e-06,0.000296203768027125,0.00287372458312795,0.150951328052297,0.00278231528856836,FALSE,TRUE,TRUE,FALSE,"Rpv12",6,"Rpv12|6"
"Vitvi15g00931",306.382850600042,-1.25459484932835,-1.1366305808706,0.291660931964583,-4.44508753737642,8.78560866775437e-06,0.000299471353462761,0.183517459673551,1,0.0956588749666524,FALSE,TRUE,TRUE,FALSE,"Rpv12",6,"Rpv12|6"
"Vitvi16g00826",211.946962387163,-1.17855843688048,-1.06972166043719,0.275103045885075,-4.44438284969609,8.81445213538754e-06,0.000300021597034761,0.250362397652062,1,0.130629946572825,FALSE,TRUE,TRUE,FALSE,"Rpv12",6,"Rpv12|6"
"Vitvi14g02607",776.552396188026,-1.21737499230168,-1.10246733139407,0.28153854305184,-4.44324903195498,8.86105027518436e-06,0.00030074099080518,0.213775777126048,1,0.110039091545665,FALSE,TRUE,TRUE,FALSE,"Rpv12",6,"Rpv12|6"
"Vitvi11g04250",34.9192239461802,2.12385334787968,1.89533179237661,0.505367171131047,4.44177502569659,8.92198165914478e-06,0.000302374534795291,0.00937663696579311,0.350443153981211,0.0084503725568356,FALSE,TRUE,TRUE,FALSE,"Rpv12",6,"Rpv12|6"
"Vitvi13g01691",84.1887260243878,-3.45341348220175,-3.01136794408739,0.885506492408458,-4.43646931647753,9.14463627722316e-06,0.000308592283057951,0.000811322042753301,0.0573604684226584,0.00208831031337364,FALSE,TRUE,TRUE,FALSE,"Rpv12",6,"Rpv12|6"
"Vitvi19g04583",33.0802422611272,2.91513823820649,2.58993236584699,0.711799057994417,4.43700515659443,9.12191092080208e-06,0.000308592283057951,0.00177873668722006,0.104327293724192,0.00235914685066098,FALSE,TRUE,TRUE,FALSE,"Rpv12",6,"Rpv12|6"
"Vitvi01g01727",346.683813070326,-1.92204171808559,-1.73116276518379,0.458172895386547,-4.41956668158877,9.88990027640407e-06,0.00033043737528885,0.0169965209357346,0.521987754168815,0.0125316234687192,FALSE,TRUE,TRUE,FALSE,"Rpv12",6,"Rpv12|6"
"Vitvi16g04263",23.4283528383684,-2.68013766405976,-2.37815470201706,0.639423202303927,-4.41655942260637,1.00284341186785e-05,0.000333650240494962,0.00281424559381769,0.148722930280155,0.00306972825080523,FALSE,TRUE,TRUE,FALSE,"Rpv12",6,"Rpv12|6"
"Vitvi17g00085",140.005127210724,-1.815084546245,-1.62776634327442,0.430765493800774,-4.41685465559677,1.00147521569725e-05,0.000333650240494962,0.0236591919940122,0.644017485297986,0.0167088856927786,FALSE,TRUE,TRUE,FALSE,"Rpv12",6,"Rpv12|6"
"Vitvi19g00305",101.298903194685,1.65854586806255,1.42927173253693,0.399258504724135,4.41675560611804,1.0019340411444e-05,0.000333650240494962,0.0397386750060252,0.868441102324657,0.0366620306455476,FALSE,TRUE,TRUE,FALSE,"Rpv12",6,"Rpv12|6"
"Vitvi02g00086",664.362128031239,-1.26755501865072,-1.14397216590416,0.296594504336786,-4.40566728360001,1.05458729282429e-05,0.000349880070661452,0.176199384716958,1,0.0939498640245262,FALSE,TRUE,TRUE,FALSE,"Rpv12",6,"Rpv12|6"
"Vitvi09g00255",26.2764377425097,4.57618384916153,4.06721405156649,1.0830182753325,4.40355550371788,1.06491022561507e-05,0.00035280938779073,0.000289526200227097,0.0246538010353224,0.000314066875914876,TRUE,TRUE,TRUE,TRUE,"Rpv12",6,"Rpv12|6"
"Vitvi12g02659",118.451907667519,-3.43509457766421,-3.04669728392087,0.828005253055718,-4.40273915144902,1.06892656992626e-05,0.000353644025697454,0.000901057714904178,0.0620283388531011,0.00111041169352771,FALSE,TRUE,TRUE,FALSE,"Rpv12",6,"Rpv12|6"
"Vitvi04g01202",1497.31568341921,-1.2811143505615,-1.15453487851686,0.300258677072579,-4.39853556275,1.08983770241924e-05,0.000360057988902759,0.167230161550278,1,0.0894184219285546,FALSE,TRUE,TRUE,FALSE,"Rpv12",6,"Rpv12|6"
"Vitvi14g02005",185.70378000575,-1.21939015762784,-1.10023664678679,0.289634833914112,-4.39797885961286,1.09263618672934e-05,0.000360478379929057,0.214391688352196,1,0.112435879194741,FALSE,TRUE,TRUE,FALSE,"Rpv12",6,"Rpv12|6"
"Vitvi12g01655",116.505435512354,-1.93115946643921,-1.72118603282123,0.463146138506564,-4.39682260579664,1.09847048410005e-05,0.000361897765347439,0.017001168490838,0.521987754168815,0.013969786505891,FALSE,TRUE,TRUE,FALSE,"Rpv12",6,"Rpv12|6"
"Vitvi02g01399",2256.80734483242,1.12597437205058,1.10027748441285,0.259324522614634,4.39241278512284,1.12099604334588e-05,0.000368291634713719,0.311563104151078,1,0.106268923921235,FALSE,TRUE,TRUE,FALSE,"Rpv12",6,"Rpv12|6"
"Vitvi18g02582",42.6715520844168,7.16491930229474,6.65978443312477,2.37184770718966,4.39033582808211,1.13175735135704e-05,0.000370956729659174,7.94614609838691e-05,0.00815149944265502,0.00158423561767788,TRUE,TRUE,TRUE,TRUE,"Rpv12",6,"Rpv12|6"
"Vitvi10g04435",66.3963946480866,-6.88480147438425,-6.09083571922976,1.69268307752597,-4.38994004998313,1.13381914661724e-05,0.000370956729659174,8.78538520800307e-05,0.0088732390600831,0.000182303154445653,TRUE,TRUE,TRUE,TRUE,"Rpv12",6,"Rpv12|6"
"Vitvi08g01423",360.190563052375,-2.27906477055124,-2.01256832077962,0.557133919020691,-4.38909689622587,1.13822349576725e-05,0.000371611392499409,0.00688391659378875,0.281369334651437,0.0074841211034025,FALSE,TRUE,TRUE,FALSE,"Rpv12",6,"Rpv12|6"
"Vitvi06g01607",45.9785559055327,-3.35469040082112,-2.93457648644326,0.83661769829135,-4.37944453518776,1.1898219928866e-05,0.000386602133644667,0.00105614053531877,0.0708399493933428,0.00193898518036786,FALSE,TRUE,TRUE,FALSE,"Rpv12",6,"Rpv12|6"
"Vitvi10g04132",39.2452672214085,-2.51323365662911,-2.23060384495033,0.604899541086139,-4.37876815967709,1.19352017504263e-05,0.000387271065588694,0.00418851276413039,0.201040927333738,0.00431893849373129,FALSE,TRUE,TRUE,FALSE,"Rpv12",6,"Rpv12|6"
"Vitvi09g01233",244.918954924985,-2.34781095325274,-2.07950755592912,0.567931673673518,-4.37753068452309,1.20031466666333e-05,0.000388941468531156,0.0059852149131662,0.257089058971288,0.0061751503255379,FALSE,TRUE,TRUE,FALSE,"Rpv12",6,"Rpv12|6"
"Vitvi05g02237",23.4120537702309,-2.8137837659001,-2.49468241847511,0.676835088000151,-4.36786324295045,1.2546801256542e-05,0.000406000738742514,0.00243466412779093,0.134933006184074,0.00253358601659269,FALSE,TRUE,TRUE,FALSE,"Rpv12",6,"Rpv12|6"
"Vitvi01g00148",103.224967607659,-2.04241927085504,-1.81431177359937,0.494714187802959,-4.36398866306933,1.27712198499368e-05,0.000412697339665127,0.0129631993914232,0.438206770158495,0.0113952589521641,FALSE,TRUE,TRUE,FALSE,"Rpv12",6,"Rpv12|6"
"Vitvi12g00086",2250.27729330849,1.63647291380845,1.46438520012301,0.394303834396587,4.36267931805372,1.28479201608024e-05,0.0004144157978671,0.0448695520853764,0.914339745770528,0.0300268605520188,FALSE,TRUE,TRUE,FALSE,"Rpv12",6,"Rpv12|6"
"Vitvi10g04508",11.5660564233681,8.55835993988113,9.19246690338988,3.06021159491026,4.36075210318159,1.29616147616708e-05,0.000416004434646993,5.9322422068923e-05,0.00646589682875399,0.000572155743392652,TRUE,TRUE,TRUE,TRUE,"Rpv12",6,"Rpv12|6"
"Vitvi09g00566",107.609625757517,3.27838835809768,2.88893002944852,0.804319977655307,4.36083927824191,1.29564512717686e-05,0.000416004434646993,0.00122009947401231,0.0791974742945112,0.00177706425260643,FALSE,TRUE,TRUE,FALSE,"Rpv12",6,"Rpv12|6"
"Vitvi18g01162",93.0868012294747,-3.11374089286788,-2.73823569944781,0.767357667697297,-4.35957463604871,1.30315502746855e-05,0.000417681520473028,0.00154086633079792,0.0937384240635881,0.00214107216166439,FALSE,TRUE,TRUE,FALSE,"Rpv12",6,"Rpv12|6"
"Vitvi12g04430",44.6801260827793,2.57948266977376,2.2965877754494,0.619989077307857,4.3555575813348,1.32728618832926e-05,0.000424839489711568,0.00382637496409315,0.187442214767252,0.00370573566369832,FALSE,TRUE,TRUE,FALSE,"Rpv12",6,"Rpv12|6"
"Vitvi04g02295",206.900069307033,1.5967204365508,1.43346330111112,0.380326091722992,4.35409372210642,1.33618536481986e-05,0.000427109210930646,0.0518477651598601,0.992888498401742,0.0326601718369966,FALSE,TRUE,TRUE,FALSE,"Rpv12",6,"Rpv12|6"
"Vitvi10g04473",19.7058840346048,3.71720701453672,3.27399573140466,0.843917400150645,4.35155967743445,1.35172518053092e-05,0.00043149259749326,0.000734091406133276,0.0529010939202214,0.000516346991304236,FALSE,TRUE,TRUE,FALSE,"Rpv12",6,"Rpv12|6"
"Vitvi16g00170",171.65173086272,-1.59561763423505,-1.43096880932516,0.379076601911453,-4.34668905822504,1.38207927793941e-05,0.000438810170745762,0.052343135860904,0.996958875819863,0.0329040886868561,FALSE,TRUE,TRUE,FALSE,"Rpv12",6,"Rpv12|6"
"Vitvi09g04595",8.14638131479378,6.22257229281961,6.15021059886573,2.40813287618027,4.34145509071108,1.41542211651722e-05,0.000447591716685004,0.000134575532415569,0.0128480341330616,0.00326247391007558,TRUE,TRUE,TRUE,TRUE,"Rpv12",6,"Rpv12|6"
"Vitvi09g04086",73.4862801875568,1.81235888529233,1.61578943630207,0.438550888571375,4.33729066446924,1.44249809738603e-05,0.000454935781795097,0.0259407087558722,0.681230023331655,0.0190948064842568,FALSE,TRUE,TRUE,FALSE,"Rpv12",6,"Rpv12|6"
"Vitvi07g04660",285.457345674776,1.24777711987794,1.15312878414336,0.297089289639623,4.3359092850472,1.45158803857801e-05,0.000457192168630529,0.194618356243854,1,0.0890424964128468,FALSE,TRUE,TRUE,FALSE,"Rpv12",6,"Rpv12|6"
"Vitvi08g00957",975.111370812849,-3.23409111177105,-2.84323272202587,0.798446788005296,-4.33432864996517,1.46205615860118e-05,0.000459264502373364,0.00137615592563019,0.0859161404738906,0.0019629909365211,FALSE,TRUE,TRUE,FALSE,"Rpv12",6,"Rpv12|6"
"Vitvi10g01568",213.965735324829,-1.19209864504452,-1.07440156693377,0.28654290502615,-4.33201263094135,1.4775246317076e-05,0.000462892398543726,0.242565278273718,1,0.130430143306115,FALSE,TRUE,TRUE,FALSE,"Rpv12",6,"Rpv12|6"
"Vitvi09g04376",58.6498781510329,2.10124309799468,1.85706956447737,0.516615571062102,4.31220906371605,1.61631490982573e-05,0.000500400927914855,0.0119109051280456,0.411051935678819,0.0107761544698828,FALSE,TRUE,TRUE,FALSE,"Rpv12",6,"Rpv12|6"
"Vitvi18g00444",132.087462149768,-1.78242908945867,-1.57696675182406,0.444416380756096,-4.30493300884903,1.67036274383871e-05,0.000515781813528863,0.0293972241132207,0.729603401876414,0.0233118682223884,FALSE,TRUE,TRUE,FALSE,"Rpv12",6,"Rpv12|6"
"Vitvi12g01809",429.969982583527,-1.12213815698187,-1.01489356869267,0.269074014601098,-4.30433768364847,1.67486034496648e-05,0.000516495444762378,0.319712852117699,1,0.162548879342672,FALSE,TRUE,TRUE,FALSE,"Rpv12",6,"Rpv12|6"
"Vitvi19g00652",278.94918602256,4.00089551915543,3.51226454583801,1.00369117852394,4.30310709096665,1.68419391827585e-05,0.000517347577861017,0.000624267557381002,0.0467914470874775,0.000988655005363994,TRUE,TRUE,TRUE,TRUE,"Rpv12",6,"Rpv12|6"
"Vitvi17g00461",31.8521105692928,2.47458661354228,2.19574889929259,0.626341296188439,4.30348815808947,1.68129838513954e-05,0.000517347577861017,0.00516750128058019,0.232262312712538,0.00593661145452934,FALSE,TRUE,TRUE,FALSE,"Rpv12",6,"Rpv12|6"
"Vitvi15g01663",2158.30331986983,-1.43835954838232,-1.29017937613649,0.344483040700637,-4.29967688204032,1.71047310779444e-05,0.000524057013648771,0.0950328550980988,1,0.0553197348547286,FALSE,TRUE,TRUE,FALSE,"Rpv12",6,"Rpv12|6"
"Vitvi00g04653",13.4612315180674,5.84357999695802,5.34612501527356,2.05710660936885,4.29503429398853,1.74666334002907e-05,0.000533070819356158,0.000185648740467149,0.0170399487785268,0.00349763794580013,TRUE,TRUE,TRUE,TRUE,"Rpv12",6,"Rpv12|6"
"Vitvi14g04524",123.43505788464,-2.07247911821892,-1.83104104194601,0.514874283874743,-4.29302726675975,1.76253351412268e-05,0.000535148671858689,0.0131557871941313,0.441448082826331,0.0122391768317992,FALSE,TRUE,TRUE,FALSE,"Rpv12",6,"Rpv12|6"
"Vitvi10g00984",128.870918254363,-1.826688932028,-1.61877758902156,0.449833764618556,-4.29315406081218,1.76152686284348e-05,0.000535148671858689,0.0260131610817722,0.681388555788447,0.0203420454965182,FALSE,TRUE,TRUE,FALSE,"Rpv12",6,"Rpv12|6"
"Vitvi18g00091",288.902968442224,1.54365338959506,1.37128033797057,0.373415050711029,4.29144569101659,1.77513620797321e-05,0.000536904833607466,0.0653448300243974,1,0.0438517235489388,FALSE,TRUE,TRUE,FALSE,"Rpv12",6,"Rpv12|6"
"Vitvi12g00763",545.463801722476,1.37710647678521,1.25914437709055,0.333553671814663,4.29090416418743,1.77947102988406e-05,0.000537527681175462,0.119993342785124,1,0.0608434587279991,FALSE,TRUE,TRUE,FALSE,"Rpv12",6,"Rpv12|6"
"Vitvi02g04106",128.921533004912,1.83619300957114,1.62917080281263,0.453273719181868,4.29023670688103,1.78482777884079e-05,0.000538457238720015,0.0253652709404802,0.671589192846176,0.0194752172800587,FALSE,TRUE,TRUE,FALSE,"Rpv12",6,"Rpv12|6"
"Vitvi01g00463",1000.25610921463,-2.56552221864817,-2.26196127808887,0.633462305079795,-4.28855109243051,1.79842433198481e-05,0.000540488289696503,0.00443607620136671,0.209087058291084,0.00476301102432491,FALSE,TRUE,TRUE,FALSE,"Rpv12",6,"Rpv12|6"
"Vitvi11g00339",787.19844950261,1.6911647109857,1.49409294778597,0.426491268913477,4.28721711737406,1.80925437033247e-05,0.000541675624030336,0.0398740636087346,0.87009609917688,0.0314544213046343,FALSE,TRUE,TRUE,FALSE,"Rpv12",6,"Rpv12|6"
"Vitvi10g00593",1822.37658920908,1.12748413988157,1.01810553200834,0.272874610063821,4.28624874236312,1.8171551332489e-05,0.000543352386805134,0.313964350484042,1,0.160031157666704,FALSE,TRUE,TRUE,FALSE,"Rpv12",6,"Rpv12|6"
"Vitvi10g00977",88.0675823290235,-2.16540281041069,-1.91130766508885,0.53284110385957,-4.28400465937285,1.83559065446315e-05,0.000548170953726025,0.0105660015901751,0.37914408175225,0.00984393226096604,FALSE,TRUE,TRUE,FALSE,"Rpv12",6,"Rpv12|6"
"Vitvi07g02674",581.351241170601,1.70407057211778,1.53513648901123,0.416793507733888,4.28255594601036,1.84758657191844e-05,0.000549668639821881,0.0384116574763391,0.857662373988107,0.0240615771384998,FALSE,TRUE,TRUE,FALSE,"Rpv12",6,"Rpv12|6"
"Vitvi01g04028",8.14170492738473,-6.07656730148957,-6.09032518535158,2.62869036214254,-4.27504777410168,1.91096313354624e-05,0.000564736679402786,0.000177779536581618,0.0164912585015551,0.0054143448265992,TRUE,TRUE,TRUE,TRUE,"Rpv12",6,"Rpv12|6"
"Vitvi09g00285",1390.85766866297,1.61217918651895,1.46208633453511,0.397887384050968,4.27485949433984,1.91257871273486e-05,0.000564736679402786,0.0522673144376973,0.996958875819863,0.0313346373937797,FALSE,TRUE,TRUE,FALSE,"Rpv12",6,"Rpv12|6"
"Vitvi03g00542",380.599523214048,-4.70986536057342,-4.10930533104664,1.18137638030616,-4.26998116998098,1.95489471273489e-05,0.000576510897680693,0.000385087971162139,0.0308058600539156,0.000669213659765546,TRUE,TRUE,TRUE,TRUE,"Rpv12",6,"Rpv12|6"
"Vitvi18g01950",533.357479158323,1.81672219885025,1.6068736674135,0.44671877324781,4.26832529347947,1.96945986579478e-05,0.000579359663135795,0.0275010109913125,0.701168563861349,0.0207305426145116,FALSE,TRUE,TRUE,FALSE,"Rpv12",6,"Rpv12|6"
"Vitvi06g00903",439.73293682417,-1.11730069646098,-1.0085036607571,0.269129163062962,-4.2660403691363,1.98972792303061e-05,0.000584593942759069,0.327122204288637,1,0.166126720981542,FALSE,TRUE,TRUE,FALSE,"Rpv12",6,"Rpv12|6"
"Vitvi19g04600",13.6003028306758,-6.0548964523295,-6.05131569665954,2.62155780785619,-4.26299610455841,2.01704036113222e-05,0.000591147982762597,0.000186518264954244,0.0170598996256576,0.00550810958767112,TRUE,TRUE,TRUE,TRUE,"Rpv12",6,"Rpv12|6"
"Vitvi07g01814",398.930421195868,3.94426034867092,3.43981054711949,0.993906018441724,4.26309716223162,2.01612799424656e-05,0.000591147982762597,0.000730694492570389,0.0528017603070409,0.00120171743392722,FALSE,TRUE,TRUE,FALSE,"Rpv12",6,"Rpv12|6"
"Vitvi09g04565",3454.89992091396,2.9078686214393,2.56204659869171,0.72289055500402,4.26129878601473,2.03242293695395e-05,0.00059491814890615,0.00258808311737321,0.140169081298894,0.00294226446585852,FALSE,TRUE,TRUE,FALSE,"Rpv12",6,"Rpv12|6"
"Vitvi07g02357",6.77080764065717,-6.06083971581102,-6.36944260024818,2.67283049530852,-4.25919037715556,2.05168676049873e-05,0.000599072245445006,0.000188298216285051,0.0171626935184691,0.0045985275909339,TRUE,TRUE,TRUE,TRUE,"Rpv12",6,"Rpv12|6"
"Vitvi08g04002",240.021388372175,-2.17799105966214,-1.89234236784144,0.572234878191525,-4.25349037625872,2.10463987630064e-05,0.000610759252554959,0.0107085882917343,0.38054274958579,0.0138159151520175,FALSE,TRUE,TRUE,FALSE,"Rpv12",6,"Rpv12|6"
"Vitvi19g01884",82.2496008616074,1.63377194487963,1.4504914658122,0.401700796522708,4.24412942276337,2.19443680250317e-05,0.000632930233806224,0.0498427297277116,0.974466343009872,0.0338861613341482,FALSE,TRUE,TRUE,FALSE,"Rpv12",6,"Rpv12|6"
"Vitvi09g04475",716.435135480437,2.92148216058094,2.56251257731117,0.72955319787256,4.24227230434082,2.21267988237425e-05,0.000636637322551092,0.002633972828145,0.14119281805624,0.0032299712143853,FALSE,TRUE,TRUE,FALSE,"Rpv12",6,"Rpv12|6"
"Vitvi05g00910",202.879684210037,1.96855507622897,1.74009255784417,0.49138268626076,4.2319849206943,2.31637942286088e-05,0.000660839549840818,0.0186624483225295,0.554132787365549,0.0151534691156216,FALSE,TRUE,TRUE,FALSE,"Rpv12",6,"Rpv12|6"
"Vitvi05g00780",129.416539620127,-1.84539440375144,-1.63160013788318,0.458203923783883,-4.23224062446097,2.31374672471176e-05,0.000660839549840818,0.0262608061902625,0.683869909962167,0.0199569508419726,FALSE,TRUE,TRUE,FALSE,"Rpv12",6,"Rpv12|6"
"Vitvi14g04211",360.314335694554,1.28159151511421,1.14819970077464,0.314898106384329,4.23211442149412,2.31504574065419e-05,0.000660839549840818,0.176216368428217,1,0.0954676889069116,FALSE,TRUE,TRUE,FALSE,"Rpv12",6,"Rpv12|6"
"Vitvi01g00497",1921.4708720663,-1.33359914477029,-1.18875243911393,0.330534360582393,-4.22234972953516,2.41768583504164e-05,0.000688079214401851,0.145434171107981,1,0.0825200345958038,FALSE,TRUE,TRUE,FALSE,"Rpv12",6,"Rpv12|6"
"Vitvi13g04521",43.7117264432332,-2.50229195972816,-2.18057310336174,0.642813137035032,-4.22001560811676,2.44285405088773e-05,0.000693570894111416,0.00564559491198661,0.246961734619829,0.00737605451768849,FALSE,TRUE,TRUE,FALSE,"Rpv12",6,"Rpv12|6"
"Vitvi14g01926",52.8115590663566,-2.07498073395339,-1.80906566081598,0.53855889083538,-4.21937660114679,2.449787635042e-05,0.000694704483973135,0.0144106119711298,0.469448566068223,0.0152373891777333,FALSE,TRUE,TRUE,FALSE,"Rpv12",6,"Rpv12|6"
"Vitvi18g00634",73.898595367454,-2.86262721455568,-2.50654520328333,0.724057605720453,-4.21361710729048,2.51313187895971e-05,0.000707570932595784,0.00305633160773142,0.158005095902463,0.00391727397792428,FALSE,TRUE,TRUE,FALSE,"Rpv12",6,"Rpv12|6"
"Vitvi16g01303",17.4087786652822,4.19610501007314,3.63761636114578,1.06350378760699,4.21189848632715,2.53233349126706e-05,0.00071212835393703,0.000668086260334729,0.0494552675951491,0.00107468462540947,TRUE,TRUE,TRUE,TRUE,"Rpv12",6,"Rpv12|6"
"Vitvi12g00080",1263.73098905532,1.24249882208016,1.11191277019064,0.306308438472916,4.21011485586977,2.55240895999255e-05,0.000716920385885184,0.205626896774864,1,0.10964055142277,FALSE,TRUE,TRUE,FALSE,"Rpv12",6,"Rpv12|6"
"Vitvi19g01058",3167.20043242248,2.8694520444443,2.51234892988063,0.733734604912598,4.20592191488477,2.6002000575508e-05,0.000729476552962768,0.00307043335917208,0.158109185516895,0.00416898563986948,FALSE,TRUE,TRUE,FALSE,"Rpv12",6,"Rpv12|6"
"Vitvi13g02246",16.8063448256516,6.81181748514733,6.41919908520543,2.44461344848376,4.2041791312088,2.6203136317722e-05,0.000734247314468838,0.000167971403233413,0.0156927283470816,0.00244502720927034,TRUE,TRUE,TRUE,TRUE,"Rpv12",6,"Rpv12|6"
"Vitvi04g00160",32.6775017658951,-3.36064727559835,-2.94480371404715,0.844894469514903,-4.20296106017239,2.63445922096888e-05,0.000737336442153163,0.00157700048066766,0.094586245976624,0.00201151227140314,FALSE,TRUE,TRUE,FALSE,"Rpv12",6,"Rpv12|6"
"Vitvi07g01394",19.519637901016,5.65645167303896,5.14867984616977,2.04286847194243,4.20212870808585,2.64416715114077e-05,0.000739177709399376,0.000271234274957177,0.0233395309164632,0.00439675126257106,TRUE,TRUE,TRUE,TRUE,"Rpv12",6,"Rpv12|6"
"Vitvi08g02383",131.899867500199,-2.23618883485702,-1.97006800375929,0.561694420152484,-4.20079472608201,2.65979670380967e-05,0.000742668058361608,0.0101099079266156,0.366050420229803,0.00953303947261379,FALSE,TRUE,TRUE,FALSE,"Rpv12",6,"Rpv12|6"
"Vitvi19g04349",16.2448459841745,-6.20358353801983,-6.48999003829841,2.78926724157984,-4.19679695283719,2.70716435129354e-05,0.000754111277196415,0.00021609019334955,0.0191556317955134,0.00510300912769908,TRUE,TRUE,TRUE,TRUE,"Rpv12",6,"Rpv12|6"
"Vitvi13g01098",1313.55191905219,3.94131933633248,3.41743129219593,1.01625738079206,4.19323872189324,2.74999778830348e-05,0.00076514072738875,0.00087612650594034,0.060792024585924,0.00162581212181444,FALSE,TRUE,TRUE,FALSE,"Rpv12",6,"Rpv12|6"
"Vitvi09g04187",17.6476631699703,5.88139940352066,5.35260987490325,2.10654043303338,4.18980661767152,2.79192288640139e-05,0.000773586594678303,0.000253602133441537,0.0220397947132796,0.00409654659652563,TRUE,TRUE,TRUE,TRUE,"Rpv12",6,"Rpv12|6"
"Vitvi07g02188",262.987793974927,-2.61308160365525,-2.27561043025091,0.665747941055691,-4.18948340516227,2.79590226738246e-05,0.000773586594678303,0.00485188841668627,0.221501830876258,0.00565013371482362,FALSE,TRUE,TRUE,FALSE,"Rpv12",6,"Rpv12|6"
"Vitvi18g04599",106.625364320468,-2.19270001396824,-1.92464276303292,0.552266577334337,-4.18172687629948,2.8930337205492e-05,0.000799289386512436,0.0114645544366745,0.398804892964053,0.0103702108358001,FALSE,TRUE,TRUE,FALSE,"Rpv12",6,"Rpv12|6"
"Vitvi02g00108",124.158103385425,-2.67290841406585,-2.33833411581559,0.681091855529745,-4.17954413838379,2.92094025229504e-05,0.000806056666351792,0.00444996001075354,0.209364215685795,0.00518971965028588,FALSE,TRUE,TRUE,FALSE,"Rpv12",6,"Rpv12|6"
"Vitvi17g04275",12.604139787785,-5.51264973120144,-4.5840227761747,1.44020926299188,-4.17324166166277,3.00296124176609e-05,0.000826759329289028,0.000317905020223041,0.0264002457905223,0.00105702470469202,TRUE,TRUE,TRUE,TRUE,"Rpv12",6,"Rpv12|6"
"Vitvi13g01696",13.8619285220122,-7.16207463148151,-7.1341505399579,3.06772310182132,-4.17060613474899,3.03790526633646e-05,0.00083540626544121,0.000167430740203788,0.0156927283470816,0.00472116220406504,TRUE,TRUE,TRUE,TRUE,"Rpv12",6,"Rpv12|6"
"Vitvi13g04786",596.244651037604,-1.24569143634175,-1.11277651388412,0.312608497951131,-4.16188066692407,3.1563729308259e-05,0.00086196348406901,0.2058629706885,1,0.110438267320887,FALSE,TRUE,TRUE,FALSE,"Rpv12",6,"Rpv12|6"
"Vitvi05g00421",51.7560803471311,3.94858302830748,3.43668569554188,1.03476799404811,4.16116255892346,3.16631592393502e-05,0.00086368030895142,0.000944033472159093,0.0646465225084024,0.0017550238459673,FALSE,TRUE,TRUE,FALSE,"Rpv12",6,"Rpv12|6"
"Vitvi19g01602",46.1272358258237,1.6991730182849,1.48853364029318,0.440171159195072,4.158205893303,3.2075685912927e-05,0.000873923705461548,0.0435394520520205,0.902183549435083,0.0345041406954191,FALSE,TRUE,TRUE,FALSE,"Rpv12",6,"Rpv12|6"
"Vitvi11g04141",374.21261780513,-2.69187397295098,-2.34905983354232,0.690826164074707,-4.15611990359041,3.23697988696704e-05,0.000880836626860032,0.00449848774264714,0.21126739831222,0.00527849025688753,FALSE,TRUE,TRUE,FALSE,"Rpv12",6,"Rpv12|6"
"Vitvi01g02047",96.0756863025115,1.84608687244078,1.62274242197742,0.471478017681951,4.1558785800267,3.2403989024696e-05,0.000880836626860032,0.0284097987061436,0.716223548902387,0.0220510599935767,FALSE,TRUE,TRUE,FALSE,"Rpv12",6,"Rpv12|6"
"Vitvi06g01725",35.5014821943754,-3.31623567881954,-2.85866191449338,0.875374026034379,-4.15344226357635,3.27510876158321e-05,0.000888227544961178,0.00185998851716294,0.107883458138504,0.0033616679656864,FALSE,TRUE,TRUE,FALSE,"Rpv12",6,"Rpv12|6"
"Vitvi03g00629",104.690062749372,-1.42179379657721,-1.25165808030392,0.366314871074189,-4.15353153244337,3.27383075063033e-05,0.000888227544961178,0.10893725494628,1,0.0696379535962845,FALSE,TRUE,TRUE,FALSE,"Rpv12",6,"Rpv12|6"
"Vitvi13g04267",10.3256977108785,-6.64228189269938,-6.60697084970749,2.86504451766075,-4.14745199482193,3.36195932368442e-05,0.000910736274587998,0.000214217874896701,0.0190602904402136,0.00523392849808984,TRUE,TRUE,TRUE,TRUE,"Rpv12",6,"Rpv12|6"
"Vitvi01g01958",1763.7560979352,2.8681796968972,2.50057471697899,0.745396647663503,4.14092250403785,3.45911822777307e-05,0.00092905969892772,0.00349651969153705,0.174886154131774,0.00451739407625632,FALSE,TRUE,TRUE,FALSE,"Rpv12",6,"Rpv12|6"
"Vitvi10g00213",367.683921658486,-1.37578534083315,-1.22108931564647,0.347246815665778,-4.13926226045367,3.48424459616735e-05,0.000932527133887678,0.129110033913906,1,0.0741810154144909,FALSE,TRUE,TRUE,FALSE,"Rpv12",6,"Rpv12|6"
"Vitvi12g01813",55.3096678496783,-4.60692715052128,-4.00754808408868,1.19067960854534,-4.13654282161998,3.52577583589348e-05,0.00094214792755063,0.000600731192546772,0.0451566875454914,0.000938179496469876,TRUE,TRUE,TRUE,TRUE,"Rpv12",6,"Rpv12|6"
"Vitvi17g00391",102.572410064855,-1.65858679939917,-1.44490622930281,0.432289305735905,-4.13512058936329,3.54768294433781e-05,0.000943992414928389,0.0502989812595792,0.977541642473501,0.0402233745073973,FALSE,TRUE,TRUE,FALSE,"Rpv12",6,"Rpv12|6"
"Vitvi15g00721",1447.61705975151,-1.5892044212479,-1.4001282892564,0.405099687271908,-4.13519200001203,3.54657990760057e-05,0.000943992414928389,0.0626206398855822,1,0.0441220776230265,FALSE,TRUE,TRUE,FALSE,"Rpv12",6,"Rpv12|6"
"Vitvi18g00679",106.168620540448,1.41254320066823,1.25528166486661,0.356732329102193,4.1350571333823,3.54866338352557e-05,0.000943992414928389,0.113586612756388,1,0.0672519285416371,FALSE,TRUE,TRUE,FALSE,"Rpv12",6,"Rpv12|6"
"Vitvi04g02306",85.7891030037033,-1.56650602582126,-1.39021712509287,0.39728850526062,-4.13388351699371,3.56684302764466e-05,0.000947761147345581,0.0674619348715527,1,0.044395698568653,FALSE,TRUE,TRUE,FALSE,"Rpv12",6,"Rpv12|6"
"Vitvi11g04345",110.927495807963,2.31435669172066,2.01903960342998,0.594329430857929,4.13076833234268,3.6155279932198e-05,0.00095746639300267,0.00949001122240508,0.353386522544115,0.00978105872215679,FALSE,TRUE,TRUE,FALSE,"Rpv12",6,"Rpv12|6"
"Vitvi07g01061",97.3777140870093,-1.70730787817606,-1.49245877843909,0.439957066514712,-4.13099463130923,3.61197018408064e-05,0.00095746639300267,0.0435037380549292,0.902183549435083,0.0342559734158493,FALSE,TRUE,TRUE,FALSE,"Rpv12",6,"Rpv12|6"
"Vitvi13g04536",12.9663027846852,-5.55041723861439,-4.78064239649581,1.36020101457528,-4.12932767065237,3.6382558142209e-05,0.000962406258046204,0.000355972788490788,0.0290090098882571,0.000381433202437851,TRUE,TRUE,TRUE,TRUE,"Rpv12",6,"Rpv12|6"
"Vitvi13g00126",3002.98997363245,1.63836493815107,1.44294643675223,0.421620267203942,4.12834016464469,3.65391295834057e-05,0.000964484091020376,0.0538576750552815,1,0.0381000677832273,FALSE,TRUE,TRUE,FALSE,"Rpv12",6,"Rpv12|6"
"Vitvi13g02551",334.600455495406,3.66272507492115,3.14533651230282,0.940087809372916,4.12643672316203,3.68427315420842e-05,0.000970233003887528,0.00135070952901406,0.0849356023304778,0.00206199891412188,FALSE,TRUE,TRUE,FALSE,"Rpv12",6,"Rpv12|6"
"Vitvi14g04475",12.4150541611154,5.77803877027325,5.27529121028986,2.12338121493599,4.12592076780495,3.69254389214585e-05,0.000971328193989635,0.000323265669668413,0.026755355259549,0.00447699435038863,TRUE,TRUE,TRUE,TRUE,"Rpv12",6,"Rpv12|6"
"Vitvi18g04640",55.9422415628343,-3.06764036262724,-2.66524258222065,0.791880650414376,-4.12333269299892,3.7342972564359e-05,0.000979040730205649,0.00272471741170091,0.144869680432285,0.00356693097185495,FALSE,TRUE,TRUE,FALSE,"Rpv12",6,"Rpv12|6"
"Vitvi14g03057",803.640580986642,2.3117858203038,2.02583370008243,0.592611817486533,4.12081368839963,3.7753664572553e-05,0.000988710714559697,0.00968611435241935,0.356215852384172,0.00934933022295494,FALSE,TRUE,TRUE,FALSE,"Rpv12",6,"Rpv12|6"
"Vitvi01g00337",239.932742283171,-3.73738133199074,-3.08642358669115,1.10487727784567,-4.11566566341448,3.86063587505888e-05,0.00100880465310443,0.00128732236847739,0.0825369260710785,0.00641672997994351,FALSE,TRUE,TRUE,FALSE,"Rpv12",6,"Rpv12|6"
"Vitvi11g01235",146.373307730603,-1.7646244969199,-1.55159433861656,0.448825056205707,-4.11512676364248,3.86966689788585e-05,0.00100893235609116,0.0372838700430099,0.844863365744834,0.0266298966598337,FALSE,TRUE,TRUE,FALSE,"Rpv12",6,"Rpv12|6"
"Vitvi05g01623",182.194305085497,2.07875332496231,1.82245599144169,0.534013164280194,4.11451697761089,3.87991003257171e-05,0.00100961865828938,0.0163724417071998,0.512138751073904,0.0146695942148403,FALSE,TRUE,TRUE,FALSE,"Rpv12",6,"Rpv12|6"
"Vitvi19g00270",1347.92948373565,2.07594573389007,1.81263871384235,0.542839377040509,4.11446125917336,3.8808472683378e-05,0.00100961865828938,0.0164832237495459,0.51454015520808,0.0154057029677272,FALSE,TRUE,TRUE,FALSE,"Rpv12",6,"Rpv12|6"
"Vitvi12g04512",159.716654650563,1.45543363663045,1.2853023283518,0.371018297704976,4.11175747062475,3.92658660072765e-05,0.00101927284266361,0.099108277404238,1,0.0611680445112353,FALSE,TRUE,TRUE,FALSE,"Rpv12",6,"Rpv12|6"
"Vitvi04g00747",713.419691620646,-1.53203999495894,-1.34440121861106,0.398128537706458,-4.10493164534459,4.04434448493264e-05,0.00104753843665657,0.0770002514614678,1,0.053508541199243,FALSE,TRUE,TRUE,FALSE,"Rpv12",6,"Rpv12|6"
"Vitvi13g00714",898.348140745961,4.53961846126739,3.86779790399889,1.28337134044076,4.10103354572474,4.11308922361761e-05,0.00106241200014002,0.000693050765023442,0.0505000416775717,0.00233105800550627,FALSE,TRUE,TRUE,FALSE,"Rpv12",6,"Rpv12|6"
"Vitvi05g00028",474.987575275098,1.48764413814612,1.30874383385542,0.389012957724845,4.09967556922593,4.13729708188136e-05,0.00106693484353932,0.0894971240763342,1,0.0598798973661749,FALSE,TRUE,TRUE,FALSE,"Rpv12",6,"Rpv12|6"
"Vitvi01g04414",72.6607904235713,2.55826593228372,2.22941068081136,0.661060338391069,4.09914672070086,4.14676108256239e-05,0.00106820927254404,0.00626541825372195,0.265568379580637,0.00690911431832019,FALSE,TRUE,TRUE,FALSE,"Rpv12",6,"Rpv12|6"
"Vitvi18g04748",6.89142077154564,5.57094256838088,5.10228002875847,2.10363325094362,4.09381669356746,4.2432982349476e-05,0.00108931573071801,0.000391862151095481,0.0312522012515447,0.00532321281231114,TRUE,TRUE,TRUE,TRUE,"Rpv12",6,"Rpv12|6"
"Vitvi14g01174",178.263874669965,1.23495705932049,1.0981248651926,0.315190614104514,4.09310413454371,4.25636448841218e-05,0.00108931573071801,0.218068054161583,1,0.118876610141673,FALSE,TRUE,TRUE,FALSE,"Rpv12",6,"Rpv12|6"
"Vitvi04g00047",11545.8213851795,1.16599547533266,1.03927806345769,0.297808806062195,4.09343279515176,4.25033307624584e-05,0.00108931573071801,0.280028650684758,1,0.149778018777284,FALSE,TRUE,TRUE,FALSE,"Rpv12",6,"Rpv12|6"
"Vitvi16g00627",89.5373196625959,-2.48051681395188,-2.1316411449128,0.664568851318909,-4.0893775386841,4.32532352160107e-05,0.00110218761841705,0.00732782435672978,0.295815674919281,0.00997080224615688,FALSE,TRUE,TRUE,FALSE,"Rpv12",6,"Rpv12|6"
"Vitvi19g01484",1693.51580136849,2.91605069498829,2.53302080173366,0.770246264897916,4.08406005217881,4.42555858730484e-05,0.00112530188320038,0.00364265487296426,0.180128939171781,0.0048049023415975,FALSE,TRUE,TRUE,FALSE,"Rpv12",6,"Rpv12|6"
"Vitvi19g00369",543.202014610973,-2.67811986343282,-2.28405601706805,0.741579056601728,-4.08283393256837,4.44898161946696e-05,0.00113004133134461,0.00525898937102425,0.235564902322985,0.00928813335229781,FALSE,TRUE,TRUE,FALSE,"Rpv12",6,"Rpv12|6"
"Vitvi18g04655",39.8941196921887,1.87471578117677,1.6385799497097,0.484685251187891,4.07974854995069,4.50844418117284e-05,0.00114268742969597,0.0284842268866383,0.717150039583803,0.0223634581709645,FALSE,TRUE,TRUE,FALSE,"Rpv12",6,"Rpv12|6"
"Vitvi13g01423",371.202613425765,-1.87327724403546,-1.60428002173222,0.518505201244529,-4.07908381514228,4.52135349564465e-05,0.0011435054847336,0.0286135827576801,0.718946351795319,0.0310959777815435,FALSE,TRUE,TRUE,FALSE,"Rpv12",6,"Rpv12|6"
"Vitvi06g00169",32.3775235030473,1.75323983945731,1.53886778197901,0.451499962798418,4.07811415280147,4.54024745988082e-05,0.0011452466978364,0.0398809290459528,0.87009609917688,0.0287276871839089,FALSE,TRUE,TRUE,FALSE,"Rpv12",6,"Rpv12|6"
"Vitvi02g01277",46.5366329237359,-1.56218827759617,-1.37102966449904,0.406079005357616,-4.07798432661565,4.54278281209341e-05,0.0011452466978364,0.0711127638237764,1,0.0493609917779334,FALSE,TRUE,TRUE,FALSE,"Rpv12",6,"Rpv12|6"
"Vitvi10g00451",251.247415798742,-2.94187838844907,-2.51797174585002,0.794892435810816,-4.07493430467043,4.60273387885595e-05,0.00115788902754351,0.00357490345183591,0.17744952447168,0.00588899791443058,FALSE,TRUE,TRUE,FALSE,"Rpv12",6,"Rpv12|6"
"Vitvi13g04685",87.014262172327,-1.27947032593707,-1.13114368957296,0.329355431198601,-4.06928999190525,4.71566234442256e-05,0.00118377657704516,0.18704424436791,1,0.104081057666308,FALSE,TRUE,TRUE,FALSE,"Rpv12",6,"Rpv12|6"
"Vitvi15g01541",135.210365335067,-1.72389682040061,-1.5070838264125,0.449312555455247,-4.0611598508771,4.88295225719488e-05,0.00121897992016551,0.0440638669814564,0.904716169804778,0.0333943534917341,FALSE,TRUE,TRUE,FALSE,"Rpv12",6,"Rpv12|6"
"Vitvi19g00572",1528.1750283416,-1.58895166211949,-1.38697038718083,0.418760899684065,-4.06097687060257,4.88678131625678e-05,0.00121897992016551,0.0661339843018113,1,0.0484909771472035,FALSE,TRUE,TRUE,FALSE,"Rpv12",6,"Rpv12|6"
"Vitvi19g04230",39.437773951234,2.13877755904565,1.85996097495637,0.558226449351846,4.05912852795168,4.92561980485705e-05,0.00122676307129355,0.0153378106168792,0.488778649336008,0.0145134279325393,FALSE,TRUE,TRUE,FALSE,"Rpv12",6,"Rpv12|6"
"Vitvi16g04219",17.2461828928141,3.10779057564139,2.68225397296468,0.777188545816332,4.05686578824729,4.97356426603068e-05,0.00123409175516992,0.00296637361582071,0.15401101575172,0.00284654800552366,FALSE,TRUE,TRUE,FALSE,"Rpv12",6,"Rpv12|6"
"Vitvi14g01294",1897.5418554441,-1.35372426390425,-1.18345507676982,0.355160882869066,-4.05248163783439,5.0677202562142e-05,0.00125481853136574,0.144822248086156,1,0.0888542081722567,FALSE,TRUE,TRUE,FALSE,"Rpv12",6,"Rpv12|6"
"Vitvi17g00649",110.547974888556,-1.31928802531357,-1.16758678960963,0.338934129039518,-4.04974355081491,5.12737906481737e-05,0.00126693460532548,0.16351829957271,1,0.0924377238382803,FALSE,TRUE,TRUE,FALSE,"Rpv12",6,"Rpv12|6"
"Vitvi01g02263",69.1157194032951,-1.85275206423864,-1.60387625588509,0.498322320668898,-4.04669927925726,5.19449042880756e-05,0.00128083771304063,0.0312632658805994,0.757236826083889,0.0274399580469514,FALSE,TRUE,TRUE,FALSE,"Rpv12",6,"Rpv12|6"
"Vitvi11g00380",59.9003810056865,-2.06609756213105,-1.79298688128959,0.555409067242255,-4.0413799649497,5.31375787128753e-05,0.0013047982165858,0.018519457340209,0.551765927747752,0.0177038169629043,FALSE,TRUE,TRUE,FALSE,"Rpv12",6,"Rpv12|6"
"Vitvi18g01072",737.522231701917,5.30786978891757,4.53054522567571,1.45664875301997,4.03541640305941,5.45055442134431e-05,0.00133284675508277,0.000528847522340673,0.0408450325185293,0.0014260245296487,TRUE,TRUE,TRUE,TRUE,"Rpv12",6,"Rpv12|6"
"Vitvi17g01183",3809.72894141796,1.16189389504782,1.03449052166825,0.297807334064381,4.03463407534164,5.4687456331882e-05,0.00133591219593766,0.286999884199057,1,0.151443115545128,FALSE,TRUE,TRUE,FALSE,"Rpv12",6,"Rpv12|6"
"Vitvi01g04080",146.392500156249,2.74057927692406,2.3636305364178,0.723785137486575,4.03020063927186,5.57292630890018e-05,0.00135855175716037,0.00523912047543233,0.235077448570899,0.00651368287409539,FALSE,TRUE,TRUE,FALSE,"Rpv12",6,"Rpv12|6"
"Vitvi07g02711",8.50528447326186,-4.87809878067016,-4.24656681441005,1.24423462978227,-4.02572305699116,5.68005081179974e-05,0.00138181421499828,0.000686660377049014,0.0503147025300424,0.000758751171430065,FALSE,TRUE,TRUE,FALSE,"Rpv12",6,"Rpv12|6"
"Vitvi10g04054",9412.96666603991,-1.67005023165323,-1.4499144883297,0.446873845614885,-4.01935167565456,5.83585073713445e-05,0.00141679821287348,0.0534128218468172,1,0.0425072691599606,FALSE,TRUE,TRUE,FALSE,"Rpv12",6,"Rpv12|6"
"Vitvi08g00052",149.733518324014,-1.85565238643299,-1.60751479389093,0.498030320947566,-4.0147695601704,5.95039028251788e-05,0.00144312237426733,0.0320679343668938,0.770614717987432,0.0269751525777109,FALSE,TRUE,TRUE,FALSE,"Rpv12",6,"Rpv12|6"
"Vitvi19g04363",168.367054442054,2.65543865366017,2.29267056410051,0.715357567044343,4.01050813883526,6.05882117363847e-05,0.00146191495162092,0.00620602915459745,0.263973197813195,0.00759471354778106,FALSE,TRUE,TRUE,FALSE,"Rpv12",6,"Rpv12|6"
"Vitvi08g01319",1142.84849221187,-1.27132338950285,-1.11383967015519,0.335979737331932,-4.00772601543974,6.13061823534334e-05,0.00147772922403347,0.196186685913144,1,0.113841592056859,FALSE,TRUE,TRUE,FALSE,"Rpv12",6,"Rpv12|6"
"Vitvi19g01649",41.7631070043999,-2.38652960166503,-2.00811817554422,0.69082953058654,-4.00349335938941,6.24139538946964e-05,0.0014998396936933,0.0100104646063248,0.363699643940072,0.0166200256097254,FALSE,TRUE,TRUE,FALSE,"Rpv12",6,"Rpv12|6"
"Vitvi05g00757",97.1492400154919,-1.95921263275083,-1.69179120121278,0.535650270963922,-4.0027668801234,6.26059833593393e-05,0.00150292534442512,0.0250143719843431,0.666570921821283,0.02363141257497,FALSE,TRUE,TRUE,FALSE,"Rpv12",6,"Rpv12|6"
"Vitvi05g01815",7.83683678152178,6.56231950846179,6.37794003442187,2.62207346673411,4.00221473207834,6.27523059923145e-05,0.00150402624276043,0.000348489347921067,0.028487915163335,0.00428015756754554,TRUE,TRUE,TRUE,TRUE,"Rpv12",6,"Rpv12|6"
"Vitvi09g00443",72.2992505910708,-3.71399318764362,-3.1224046868699,1.0667607111241,-4.00211344196183,6.27791836153495e-05,0.00150402624276043,0.00172503715956863,0.101633439317918,0.00484669413500432,FALSE,TRUE,TRUE,FALSE,"Rpv12",6,"Rpv12|6"
"Vitvi15g04599",114.925534057021,-1.95534476633653,-1.68149858390169,0.533426008192364,-4.00059107886471,6.31844621196322e-05,0.00150924311472223,0.0253143398221604,0.671589192846176,0.0244921446076304,FALSE,TRUE,TRUE,FALSE,"Rpv12",6,"Rpv12|6"
"Vitvi11g01293",49.7159464848548,-3.86902456819041,-3.2049624206402,1.14496914064097,-3.99634002688606,6.43293174724868e-05,0.0015333876259688,0.0015213842540483,0.0932034911045656,0.00555507605997702,FALSE,TRUE,TRUE,FALSE,"Rpv12",6,"Rpv12|6"
"Vitvi12g04630",81.4268861033209,-5.07940957989207,-4.24530768302316,1.38268469736405,-3.99338144767042,6.51376533517751e-05,0.0015479694642612,0.000671067352400736,0.0494552675951491,0.00179907820385614,TRUE,TRUE,TRUE,TRUE,"Rpv12",6,"Rpv12|6"
"Vitvi09g01196",22.4002362972951,2.83519974200182,2.42239121023048,0.756165477741627,3.9891875320054,6.62999916525825e-05,0.00156927695673077,0.00490915360776555,0.223725695514876,0.0066110254752024,FALSE,TRUE,TRUE,FALSE,"Rpv12",6,"Rpv12|6"
"Vitvi11g00309",74.7340502572507,-2.92007603816346,-2.50654921424268,0.793532891976161,-3.98602128486618,6.71904870991499e-05,0.00158717368625612,0.00438390050766627,0.207308025666579,0.00622301022643213,FALSE,TRUE,TRUE,FALSE,"Rpv12",6,"Rpv12|6"
"Vitvi14g03013",166.282494245424,1.23605319010077,1.09249308325304,0.322442611597911,3.98533849211492,6.7383997933698e-05,0.00159015464454527,0.223300655732011,1,0.124672976402983,FALSE,TRUE,TRUE,FALSE,"Rpv12",6,"Rpv12|6"
"Vitvi06g00379",45.3578368300502,-2.32369237461972,-2.01495646634307,0.616326674990469,-3.98331182490496,6.79614878273238e-05,0.00160058451192128,0.0116312710891282,0.403531061565657,0.011326537384768,FALSE,TRUE,TRUE,FALSE,"Rpv12",6,"Rpv12|6"
"Vitvi04g00060",162.61523787439,-1.52615985091619,-1.32733464527615,0.410428608258518,-3.97980614748967,6.89714868111197e-05,0.0016211387676142,0.0850191857434484,1,0.0590861064932756,FALSE,TRUE,TRUE,FALSE,"Rpv12",6,"Rpv12|6"
"Vitvi11g00099",81.6553049207737,-4.3049922293803,-3.37933269400257,1.3663439454998,-3.97707491246004,6.97681907875973e-05,0.00163697546030448,0.0011323771572459,0.0746410370957414,0.00910618463584265,FALSE,TRUE,TRUE,FALSE,"Rpv12",6,"Rpv12|6"
"Vitvi11g00231",59.1588909021329,-3.62819492309769,-3.10994767666148,0.979817031205492,-3.97527021773577,7.02993907519391e-05,0.00164743274637134,0.00199103719584862,0.113968363252088,0.00310155992575342,FALSE,TRUE,TRUE,FALSE,"Rpv12",6,"Rpv12|6"
"Vitvi18g03162",739.902004000661,-1.25631685758994,-1.10481406365492,0.330310317440168,-3.97461299429653,7.04937888013208e-05,0.00165035111899385,0.208708584887423,1,0.117266582764549,FALSE,TRUE,TRUE,FALSE,"Rpv12",6,"Rpv12|6"
"Vitvi03g01524",1102.29802751917,1.8269812714197,1.58030224666596,0.493417833486185,3.97192864920636,7.12930756710911e-05,0.00166576165529428,0.0360972536624552,0.827731850625541,0.0302634135053085,FALSE,TRUE,TRUE,FALSE,"Rpv12",6,"Rpv12|6"
"Vitvi14g02757",86.2838664861074,-1.7776431149172,-1.538455182923,0.480588709504734,-3.97006998859741,7.18515226400807e-05,0.00167384286765679,0.0412168507047316,0.880665914708453,0.0340095883544198,FALSE,TRUE,TRUE,FALSE,"Rpv12",6,"Rpv12|6"
"Vitvi10g04736",17.9473536541028,2.8547918060117,2.45430845465352,0.759165302222701,3.96892280811227,7.2198263037629e-05,0.00167860961562487,0.00495931958373111,0.225059434157143,0.00569786871243796,FALSE,TRUE,TRUE,FALSE,"Rpv12",6,"Rpv12|6"
"Vitvi18g02221",265.132609932215,-1.49466865545013,-1.30677416868033,0.395243412231207,-3.96696038591613,7.27950861869541e-05,0.00169082155939846,0.0946105238232863,1,0.0610048297970762,FALSE,TRUE,TRUE,FALSE,"Rpv12",6,"Rpv12|6"
"Vitvi18g00065",15.9642579648167,5.62777672049645,4.734103477961,1.76535632548099,3.96571323118211,7.31767999684453e-05,0.00169801804406151,0.00055651454250926,0.0426916830425212,0.00342951969962409,TRUE,TRUE,TRUE,TRUE,"Rpv12",6,"Rpv12|6"
"Vitvi01g01006",181.199006888025,-2.7390972012792,-2.34884381840457,0.747483589809168,-3.96482545528812,7.34496720902516e-05,0.0017010079942313,0.00591239956883012,0.256063676028191,0.00765056335182964,FALSE,TRUE,TRUE,FALSE,"Rpv12",6,"Rpv12|6"
"Vitvi11g00420",94.5651507767968,-2.99620000757951,-2.58445594193104,0.803888509662206,-3.96263155721862,7.41281352776937e-05,0.00171001446438445,0.00414439622686698,0.199289082534216,0.0050596691145493,FALSE,TRUE,TRUE,FALSE,"Rpv12",6,"Rpv12|6"
"Vitvi05g01675",1037.94863700442,2.64981920285403,2.27111260826853,0.731137509680676,3.96006551164578,7.49292051358458e-05,0.00172176817482388,0.00683923909598302,0.280419522745799,0.00922678533779917,FALSE,TRUE,TRUE,FALSE,"Rpv12",6,"Rpv12|6"
"Vitvi01g00850",133.35882201899,-1.5508896864008,-1.34507655889697,0.418107918323816,-3.95682804372967,7.59515628083506e-05,0.00174187166665909,0.0799362953888436,1,0.0564077497872969,FALSE,TRUE,TRUE,FALSE,"Rpv12",6,"Rpv12|6"
"Vitvi07g01829",3198.8207936352,1.8256654083323,1.76968043882125,0.478678605905125,3.95469824250432,7.66313090847137e-05,0.00175575633675956,0.0368452622425335,0.838117578262985,0.0123837860371393,FALSE,TRUE,TRUE,FALSE,"Rpv12",6,"Rpv12|6"
"Vitvi18g00618",131.313451561494,-2.45704638189331,-2.10225564847379,0.67447902031312,-3.95034966202461,7.80371028719775e-05,0.00178450381804632,0.0095753212116701,0.354028346515829,0.0117397349823466,FALSE,TRUE,TRUE,FALSE,"Rpv12",6,"Rpv12|6"
"Vitvi01g01534",55.3457403072418,-1.94733604284019,-1.68002144917981,0.531852808052341,-3.94739203211678,7.90071282962804e-05,0.00180493847641657,0.0274087989082594,0.700182393204254,0.0243843578327833,FALSE,TRUE,TRUE,FALSE,"Rpv12",6,"Rpv12|6"
"Vitvi10g00647",5976.57501207097,2.7177159377996,2.33706952175068,0.746987508863903,3.94629301456739,7.93704735995283e-05,0.00181148727281938,0.00631155799434888,0.266296847700278,0.00793321414391226,FALSE,TRUE,TRUE,FALSE,"Rpv12",6,"Rpv12|6"
"Vitvi15g04598",95.5050848892096,-1.67890434798899,-1.45206451349064,0.454935570255022,-3.94514291042536,7.97523997952566e-05,0.00181844709262891,0.0553213469220364,1,0.0439862153454809,FALSE,TRUE,TRUE,FALSE,"Rpv12",6,"Rpv12|6"
"Vitvi13g04682",16.386987535735,-2.64746557778939,-2.26963394984634,0.714709217936964,-3.94125294138207,8.10570948740847e-05,0.00184385771085009,0.00709213700807881,0.288976965723261,0.00827716375765507,FALSE,TRUE,TRUE,FALSE,"Rpv12",6,"Rpv12|6"
"Vitvi02g04074",9.36546682924896,-3.18428603082028,-2.7456811748207,0.830542933146263,-3.93827777894483,8.20685523881831e-05,0.00186227026370188,0.00345156477278882,0.173300351039122,0.00363604946940512,FALSE,TRUE,TRUE,FALSE,"Rpv12",6,"Rpv12|6"
"Vitvi10g04023",52.7909481688745,3.69900906724667,3.12928725329392,0.993208383547887,3.93774996750395,8.22492322168047e-05,0.0018645790435944,0.00203191502983582,0.115801449380121,0.00319761626013496,FALSE,TRUE,TRUE,FALSE,"Rpv12",6,"Rpv12|6"
"Vitvi08g01617",50.0086584528613,-2.47243699662729,-2.09311793315522,0.699551318637765,-3.93571511393227,8.29493258020838e-05,0.00187505164985342,0.00954220339859003,0.353890245395272,0.0136620941786215,FALSE,TRUE,TRUE,FALSE,"Rpv12",6,"Rpv12|6"
"Vitvi05g02228",232.735594650869,2.09671831717198,1.80451197503446,0.565723434700615,3.93402205055071,8.35361146817348e-05,0.00188515963927876,0.0198072570350791,0.57570892975626,0.0181641636364967,FALSE,TRUE,TRUE,FALSE,"Rpv12",6,"Rpv12|6"
"Vitvi09g01532",82.1852770663863,-1.28038043300909,-1.12646217434985,0.338918019747756,-3.93396459131086,8.35560978039479e-05,0.00188515963927876,0.19449018529926,1,0.109044105575581,FALSE,TRUE,TRUE,FALSE,"Rpv12",6,"Rpv12|6"
"Vitvi17g00990",64.2436673323045,2.77758306086035,2.33537510145598,0.806342806777328,3.93078585378741,8.4668661160357e-05,0.00190604508295792,0.00594147991648858,0.256862522019447,0.0109134064809443,FALSE,TRUE,TRUE,FALSE,"Rpv12",6,"Rpv12|6"
"Vitvi15g04472",248.746698160711,1.46815131388146,1.27365905870872,0.397932204490333,3.92911381138837,8.52594826461182e-05,0.00191444819302909,0.105124396352167,1,0.0694666879519002,FALSE,TRUE,TRUE,FALSE,"Rpv12",6,"Rpv12|6"
"Vitvi06g01281",2727.76547632404,-1.34096341266725,-1.16721267053006,0.363965928310221,-3.92813863902727,8.56058592818335e-05,0.00191868800808481,0.158946280951843,1,0.096617129410681,FALSE,TRUE,TRUE,FALSE,"Rpv12",6,"Rpv12|6"
"Vitvi04g00845",9362.0462538759,1.40037413979176,1.21907234066873,0.380609537833164,3.91935106301555,8.87877078038719e-05,0.00197676082350901,0.131237057771713,1,0.0817888150727332,FALSE,TRUE,TRUE,FALSE,"Rpv12",6,"Rpv12|6"
"Vitvi03g01433",36.2394334194131,-2.91329920867444,-2.50553916802096,0.790539446354453,-3.91654021313788,8.98288376606749e-05,0.0019924289232117,0.00505317184598226,0.228695367333996,0.00607953746915776,FALSE,TRUE,TRUE,FALSE,"Rpv12",6,"Rpv12|6"
"Vitvi01g00046",34.7251898506302,1.78463998159425,1.53155608199438,0.4908484838525,3.91499620715686,9.04056290263923e-05,0.00200012834420129,0.0426001438235197,0.895801577395057,0.0362758772926262,FALSE,TRUE,TRUE,FALSE,"Rpv12",6,"Rpv12|6"
"Vitvi08g01606",210.941216694309,-3.26429204645409,-2.78374087390585,0.902531839042797,-3.91368140383895,9.08995537781099e-05,0.0020086335447582,0.0033165085485381,0.168459314798462,0.00501648598246684,FALSE,TRUE,TRUE,FALSE,"Rpv12",6,"Rpv12|6"
"Vitvi13g01006",308.860279738534,-2.17722484487659,-1.87166215875823,0.594676669162556,-3.91339560948564,9.10072532479225e-05,0.00200913395908638,0.0171736054153851,0.523015277423533,0.0161768448146893,FALSE,TRUE,TRUE,FALSE,"Rpv12",6,"Rpv12|6"
"Vitvi04g01696",84.755269777647,2.76250066878296,2.36124280987535,0.758396864103776,3.91271802441455,9.12630779582948e-05,0.00200993559655783,0.00627398824805358,0.265568379580637,0.00781951355300464,FALSE,TRUE,TRUE,FALSE,"Rpv12",6,"Rpv12|6"
"Vitvi19g02100",10.4817080963428,-4.5595273371204,-3.90650484088097,1.19602766758837,-3.91102826825631,9.19040138146751e-05,0.00201949452495838,0.00113278381157572,0.0746410370957414,0.00135024114425723,FALSE,TRUE,TRUE,FALSE,"Rpv12",6,"Rpv12|6"
"Vitvi04g01550",3244.14309081134,1.46324338881945,1.27354431232877,0.397073692779934,3.91058082824818,9.20744413863552e-05,0.00202135915839078,0.107851011329142,1,0.0692953047487973,FALSE,TRUE,TRUE,FALSE,"Rpv12",6,"Rpv12|6"
"Vitvi10g00196",251.041199134307,-1.20863959281773,-1.05704992545925,0.328544188734139,-3.91008342948056,9.22642483259845e-05,0.00202364537971811,0.249846690142558,1,0.14254763035315,FALSE,TRUE,TRUE,FALSE,"Rpv12",6,"Rpv12|6"
"Vitvi19g00388",623.071022205199,-3.05296503106443,-2.59645439456404,0.84793768263116,-3.90805935647405,9.30404511728209e-05,0.00203688743058793,0.00429487481123942,0.204644135131534,0.00656233593092069,FALSE,TRUE,TRUE,FALSE,"Rpv12",6,"Rpv12|6"
"Vitvi18g02472",8014.81506036901,2.15853714478656,1.85362806886606,0.597786044479517,3.90718238834463,9.33786671217456e-05,0.00204239895810174,0.0179934400063318,0.540402292911174,0.0176115201138343,FALSE,TRUE,TRUE,FALSE,"Rpv12",6,"Rpv12|6"
"Vitvi09g00985",5049.90423599002,-1.18061185154273,-1.03824175824415,0.314034631196325,-3.90676039456762,9.35418288444651e-05,0.00204407500551707,0.275032633203353,1,0.150817725881881,FALSE,TRUE,TRUE,FALSE,"Rpv12",6,"Rpv12|6"
"Vitvi10g02097",81.1192884708081,1.48580525198837,1.29467922035665,0.399389684670986,3.9057103319912,9.3948999444663e-05,0.00204918122334426,0.100796218798776,1,0.0652697672621703,FALSE,TRUE,TRUE,FALSE,"Rpv12",6,"Rpv12|6"
"Vitvi12g04440",12.0661095802043,6.07170221092776,5.77483816887274,2.45301499654716,3.90315411661688,9.49472011661956e-05,0.00206713620824689,0.000559185030117354,0.0427711146281867,0.0053682085336579,TRUE,TRUE,TRUE,TRUE,"Rpv12",6,"Rpv12|6"
"Vitvi05g01941",9.49161048658151,7.21982023254094,6.82291704628409,2.78476126556169,3.89886959296159,9.6642802481041e-05,0.00209825025754334,0.000395863781921264,0.0314753819795694,0.00374090136000849,TRUE,TRUE,TRUE,TRUE,"Rpv12",6,"Rpv12|6"
"Vitvi03g00509",677.938693815624,1.75323997263158,1.50432706801969,0.48217095179886,3.8974162103578,9.72244444493124e-05,0.0021089401531512,0.0470223848027116,0.941131265534913,0.0388924677714159,FALSE,TRUE,TRUE,FALSE,"Rpv12",6,"Rpv12|6"
"Vitvi13g04459",9.50658988974595,5.59257841388877,4.89610044192482,2.11905992543853,3.89693233741602,9.74188220688332e-05,0.00211121781184402,0.000689009493640467,0.0503458082238575,0.00732401322347775,FALSE,TRUE,TRUE,FALSE,"Rpv12",6,"Rpv12|6"
"Vitvi18g00239",108.899487991535,-2.02075104521167,-1.73916122792594,0.563866444756654,-3.89307225381627,9.89826554835129e-05,0.00214117975076148,0.0246189981389335,0.662560053823416,0.0227823432788344,FALSE,TRUE,TRUE,FALSE,"Rpv12",6,"Rpv12|6"
"Vitvi06g04118",9.8939759513629,-5.19811843087558,-4.36383835378449,1.41348421325597,-3.89241313580207,9.92520411178072e-05,0.00214308200665891,0.000836145256253394,0.0583272633555534,0.00160504828478197,FALSE,TRUE,TRUE,FALSE,"Rpv12",6,"Rpv12|6"
"Vitvi16g01723",13.7837049454589,2.76388938765464,2.35294246766736,0.759917319549635,3.89241610767065,9.92508249448151e-05,0.00214308200665891,0.0064939328699367,0.271799663911479,0.00821932908171543,FALSE,TRUE,TRUE,FALSE,"Rpv12",6,"Rpv12|6"
"Vitvi19g00750",79.7781920197003,-1.78188933830668,-1.52956780778305,0.494821276234321,-3.89212452222148,9.93702170374678e-05,0.00214367421630965,0.0438315191601044,0.903322707457552,0.036792237838896,FALSE,TRUE,TRUE,FALSE,"Rpv12",6,"Rpv12|6"
"Vitvi14g00456",17.211155126575,2.99690982873601,2.53584154925153,0.821680577405298,3.89180650192791,9.95005876694623e-05,0.00214452817694164,0.0047544773369696,0.218197145013663,0.00675790281220618,FALSE,TRUE,TRUE,FALSE,"Rpv12",6,"Rpv12|6"
"Vitvi12g04464",14.1452159515516,4.59567396542392,3.90647166313813,1.12384998418849,3.88989302811685,0.000100288420367106,0.0021575710982803,0.00117042937290626,0.0765431549146371,0.000786458190449707,FALSE,TRUE,TRUE,FALSE,"Rpv12",6,"Rpv12|6"
"Vitvi01g01826",1337.60607790569,1.78401389505261,1.5507484694811,0.489742431580676,3.8876080955078,0.000101236907612955,0.00217204199058422,0.0437743485855114,0.903070334896209,0.0337627053683053,FALSE,TRUE,TRUE,FALSE,"Rpv12",6,"Rpv12|6"
"Vitvi07g00301",200.344607414526,1.91083581995835,1.64095173348231,0.531237367809111,3.88497629654425,0.000102339872724198,0.00219172481730825,0.032023900201957,0.770614717987432,0.027906063844239,FALSE,TRUE,TRUE,FALSE,"Rpv12",6,"Rpv12|6"
"Vitvi08g01498",60.2683659823546,-1.99110085190768,-1.67374203885111,0.57373517575033,-3.88246361848976,0.000103403490842657,0.00221249751873663,0.0266454891286333,0.689435558967278,0.0304998243147005,FALSE,TRUE,TRUE,FALSE,"Rpv12",6,"Rpv12|6"
"Vitvi14g01525",652.212139615035,2.45791410970491,2.09836225142744,0.690284710343302,3.88220665246551,0.000103512850798403,0.0022128330873845,0.0106469137794084,0.380481717972055,0.0127544864841319,FALSE,TRUE,TRUE,FALSE,"Rpv12",6,"Rpv12|6"
"Vitvi08g01055",319.482404044557,1.45900586177055,1.26744424308096,0.396661889950105,3.87862516155062,0.000105048474784893,0.00224363026344372,0.111190282240874,1,0.070839862031383,FALSE,TRUE,TRUE,FALSE,"Rpv12",6,"Rpv12|6"
"Vitvi07g02000",15.3208331617589,-4.90570093044809,-4.1022237930812,1.36988170375459,-3.87596269380851,0.000106203956568663,0.00226421467695393,0.0010163258016337,0.0690547185582753,0.00216752209988178,FALSE,TRUE,TRUE,FALSE,"Rpv12",6,"Rpv12|6"
"Vitvi04g00644",138.077159821119,-2.19533329963305,-1.88394770434639,0.609825745334656,-3.8752499087605,0.000106515326601587,0.00226880527049836,0.0174279701919284,0.527660037327146,0.0170652136431516,FALSE,TRUE,TRUE,FALSE,"Rpv12",6,"Rpv12|6"
"Vitvi18g02033",24.1179767600404,1.95760151024374,1.67807554522761,0.537096250139023,3.87473390744502,0.000106741271747531,0.00227156965875691,0.0290192724920829,0.724346516336255,0.0247123801722285,FALSE,TRUE,TRUE,FALSE,"Rpv12",6,"Rpv12|6"
"Vitvi13g00991",218.053075508503,-1.44135325879072,-1.24429669569526,0.399484881242035,-3.868681025857,0.000109425680187705,0.00231825418600355,0.118083989069039,1,0.0765126205877569,FALSE,TRUE,TRUE,FALSE,"Rpv12",6,"Rpv12|6"
"Vitvi08g01011",563.279580713657,1.30858442926859,1.13737875666862,0.359362992279134,3.86551666695939,0.000110854278095859,0.00234214440456986,0.181003205406125,1,0.107061853916039,FALSE,TRUE,TRUE,FALSE,"Rpv12",6,"Rpv12|6"
"Vitvi06g01447",23.0386053860081,3.30579177500556,2.79987806287813,0.896496494867418,3.86281249923053,0.000112089040288188,0.00236407795507819,0.00352692692406704,0.176070384363873,0.00463903016449726,FALSE,TRUE,TRUE,FALSE,"Rpv12",6,"Rpv12|6"
"Vitvi08g02007",332.036495414742,-1.78161575850036,-1.52415882649787,0.499712471307333,-3.8583717988758,0.000114144915357271,0.00239036453064667,0.0452550532408679,0.919169957293923,0.0384967663920816,FALSE,TRUE,TRUE,FALSE,"Rpv12",6,"Rpv12|6"
"Vitvi04g01453",94.4801493652265,-3.34596792556036,-2.84831133824408,0.932917402771142,-3.85798382812688,0.000114326210430105,0.00239204051619127,0.00341591093602339,0.172171125578874,0.00493136251255314,FALSE,TRUE,TRUE,FALSE,"Rpv12",6,"Rpv12|6"
"Vitvi15g00547",21.7825725467078,-6.44478394042058,-6.25749458104325,2.93129245993467,-3.85740269769914,0.000114598275342496,0.00239395880089056,0.000563457567066513,0.042972263839338,0.00787618871108841,TRUE,TRUE,TRUE,TRUE,"Rpv12",6,"Rpv12|6"
"Vitvi10g04437",24.268116201972,-4.07932183760402,-3.46973908966942,1.13019657934005,-3.85735510700514,0.000114620582669004,0.00239395880089056,0.00179773041253252,0.105205435931629,0.00265623697178122,FALSE,TRUE,TRUE,FALSE,"Rpv12",6,"Rpv12|6"
"Vitvi04g04006",7.86558028183973,-4.61259109445651,-3.89451948008649,1.24821649025691,-3.85439278741087,0.000116017209128226,0.00242098808659625,0.00127038753487895,0.0818523830662526,0.00189167436181136,FALSE,TRUE,TRUE,FALSE,"Rpv12",6,"Rpv12|6"
"Vitvi12g02491",42.2682459419934,4.07863653717296,3.40509827347848,1.1840609078552,3.8513658942375,0.000117460847165396,0.00244090635948986,0.00182486292720526,0.106554886858845,0.00435791058489211,FALSE,TRUE,TRUE,FALSE,"Rpv12",6,"Rpv12|6"
"Vitvi01g00687",129.929348744672,1.51196368690108,1.30961053389137,0.413091553897346,3.851308505807,0.000117488380778087,0.00244090635948986,0.0961021957195968,1,0.0637914811257511,FALSE,TRUE,TRUE,FALSE,"Rpv12",6,"Rpv12|6"
"Vitvi09g04085",559.307063596101,1.59916723727307,1.37914529456229,0.439415871576181,3.84527831019955,0.000120415688755016,0.0024973304651194,0.0748307915106519,1,0.0536594042525222,FALSE,TRUE,TRUE,FALSE,"Rpv12",6,"Rpv12|6"
"Vitvi19g04567",31.1105250729966,-1.61067679494573,-1.39205487820975,0.440413822577741,-3.84216014484761,0.000121956217282467,0.00251825133411113,0.0725957341200739,1,0.0514193897858779,FALSE,TRUE,TRUE,FALSE,"Rpv12",6,"Rpv12|6"
"Vitvi03g01769",265.801347101687,1.32400568088185,1.1527603361448,0.360635074953676,3.84215760991209,0.000121957477191734,0.00251825133411113,0.173547661972909,1,0.100525713742585,FALSE,TRUE,TRUE,FALSE,"Rpv12",6,"Rpv12|6"
"Vitvi06g01689",377.108057578086,1.20065305053155,1.09480304553055,0.325981628878175,3.83954238446061,0.000123263849157665,0.0025407841577682,0.260545669900966,1,0.123676523954462,FALSE,TRUE,TRUE,FALSE,"Rpv12",6,"Rpv12|6"
"Vitvi07g02185",2651.4114966912,2.65815210415191,2.25179585382915,0.759803154621924,3.83810229635381,0.000123988830709433,0.00255018428675089,0.00832831331199267,0.321802581873584,0.0112577095462214,FALSE,TRUE,TRUE,FALSE,"Rpv12",6,"Rpv12|6"
"Vitvi19g00023",18.5032757056937,-2.1963069216569,-1.85305685290317,0.629044877111184,-3.83777982878632,0.000124151719996762,0.00255018428675089,0.0182909003275135,0.547450413807123,0.0208298009117001,FALSE,TRUE,TRUE,FALSE,"Rpv12",6,"Rpv12|6"
"Vitvi13g04233",22.9379039602351,-2.70000973192223,-2.27007656414476,0.77333644404497,-3.83494830705436,0.000125590705220897,0.00257526357528475,0.00787627540344858,0.310789432017764,0.0116700619419004,FALSE,TRUE,TRUE,FALSE,"Rpv12",6,"Rpv12|6"
"Vitvi01g01595",21.9686092094765,3.48455289149382,2.9063326446051,0.987485807531663,3.8306680595725,0.000127795811975922,0.00261593818933729,0.00315428272964705,0.160530898686454,0.00546108149728562,FALSE,TRUE,TRUE,FALSE,"Rpv12",6,"Rpv12|6"
"Vitvi17g04095",34.1854682442878,-2.61372163892065,-2.15133814550114,0.792054993665628,-3.82672426426908,0.000129859839458311,0.0026535892107995,0.00907284964360845,0.342477162809745,0.0168868886943012,FALSE,TRUE,TRUE,FALSE,"Rpv12",6,"Rpv12|6"
"Vitvi06g01385",796.88568170918,1.28585752312378,1.11916920344067,0.354216708759361,3.82527096231505,0.000130628331121121,0.00266238346656007,0.197553692401046,1,0.114243191158335,FALSE,TRUE,TRUE,FALSE,"Rpv12",6,"Rpv12|6"
"Vitvi13g04745",31.9533962847844,-4.33202864458417,-3.65445901913346,1.23448170400234,-3.82356658087562,0.000131535051070985,0.00267624545770785,0.00163735506422803,0.0971237440479389,0.00316531162537081,FALSE,TRUE,TRUE,FALSE,"Rpv12",6,"Rpv12|6"
"Vitvi05g00539",1294.21002960887,2.10929467487182,1.97318991804249,0.58179051902624,3.823184640431,0.000131739052739207,0.00267808941807707,0.0221816033327542,0.617285703810123,0.0105044653335132,FALSE,TRUE,TRUE,FALSE,"Rpv12",6,"Rpv12|6"
"Vitvi19g04081",38.1549162733486,-1.63707137710831,-1.39767205485959,0.463284334159727,-3.81200506982455,0.000137844048626942,0.00278381259580335,0.068976977014082,1,0.0545624762364175,FALSE,TRUE,TRUE,FALSE,"Rpv12",6,"Rpv12|6"
"Vitvi15g04497",642.647946983215,-1.27735471297376,-1.10040886091207,0.354881527306822,-3.81031761958918,0.000138788367657808,0.00279970864288022,0.2040215454237,1,0.12566676083613,FALSE,TRUE,TRUE,FALSE,"Rpv12",6,"Rpv12|6"
"Vitvi17g00809",685.479026812724,-1.6636755215326,-1.42356954860155,0.468025513084637,-3.809903252934,0.000139021182734735,0.00280201226839583,0.0642741674092845,1,0.0498009635218048,FALSE,TRUE,TRUE,FALSE,"Rpv12",6,"Rpv12|6"
"Vitvi14g00338",64.8373104939671,-2.34590988435813,-1.96200461796784,0.69468877476204,-3.80532455942637,0.000141618366224765,0.00284707152932886,0.0145100457380585,0.47151339933152,0.0196671022742392,FALSE,TRUE,TRUE,FALSE,"Rpv12",6,"Rpv12|6"
"Vitvi06g00569",244.384033382599,-2.66745316532203,-2.23791311335906,0.780966039236038,-3.80273477863947,0.00014310753793054,0.00287212086745559,0.00872406144941728,0.333157260518696,0.012903555862901,FALSE,TRUE,TRUE,FALSE,"Rpv12",6,"Rpv12|6"
"Vitvi17g00753",2270.01959954041,1.59815578846427,1.37434619796274,0.449675642044896,3.80276433252557,0.000143090461023589,0.00287212086745559,0.0773254773860524,1,0.055784235892321,FALSE,TRUE,TRUE,FALSE,"Rpv12",6,"Rpv12|6"
"Vitvi13g04696",110.494829227691,-1.57342921939694,-1.35073243409336,0.440939754412351,-3.8022154682904,0.000143407920599443,0.00287329735424473,0.082919208180209,1,0.0592452990755242,FALSE,TRUE,TRUE,FALSE,"Rpv12",6,"Rpv12|6"
"Vitvi13g02263",713.499291769331,1.26693016905034,1.10099002748468,0.346825585357873,3.80221285954007,0.000143409431066571,0.00287329735424473,0.211539719435159,1,0.123477044352748,FALSE,TRUE,TRUE,FALSE,"Rpv12",6,"Rpv12|6"
"Vitvi05g02222",90.9510769019511,1.91684116741925,1.63780277840092,0.535973013177901,3.80180471794665,0.000143645929778557,0.00287559674002463,0.0344988398075013,0.807204964690901,0.0290809784060646,FALSE,TRUE,TRUE,FALSE,"Rpv12",6,"Rpv12|6"
"Vitvi13g00852",491.067175950987,-1.67153820303147,-1.41538817866079,0.483563392105707,-3.80022832538088,0.000144562827884301,0.00288629179520996,0.063413265721532,1,0.0544122307503937,FALSE,TRUE,TRUE,FALSE,"Rpv12",6,"Rpv12|6"
"Vitvi17g04304",29.7078774313375,-6.02207334249101,-5.83190490301671,2.80833981033413,-3.79829804945525,0.000145693066288594,0.00289937793754775,0.000773329724706112,0.055271946089036,0.00965655237457464,FALSE,TRUE,TRUE,FALSE,"Rpv12",6,"Rpv12|6"
"Vitvi01g02072",102.061559808257,6.25281533333726,5.61603320857599,2.51041251908311,3.79272012927288,0.000149006061445373,0.0029578329272795,0.000726309316664665,0.052630264306457,0.00727206359519856,FALSE,TRUE,TRUE,FALSE,"Rpv12",6,"Rpv12|6"
"Vitvi10g00017",18.374650484119,-7.11891684391214,-5.67162615235281,2.12911184206882,-3.79154897024343,0.000149710620131865,0.0029618708356824,0.000566788760272052,0.0431006604068506,0.00259461196050258,TRUE,TRUE,TRUE,TRUE,"Rpv12",6,"Rpv12|6"
"Vitvi08g04390",206.319159889094,1.40593416009287,1.27069684609624,0.389265770996941,3.79192587195333,0.000149483537922606,0.0029618708356824,0.136793480434737,1,0.0687834651660262,FALSE,TRUE,TRUE,FALSE,"Rpv12",6,"Rpv12|6"
"Vitvi18g00427",70.411013056121,4.54419749146027,3.76241683217132,1.34617601602668,3.78939574715887,0.000151014171011067,0.00298515209006144,0.00156271174123433,0.0942449469387732,0.00424312003234133,FALSE,TRUE,TRUE,FALSE,"Rpv12",6,"Rpv12|6"
"Vitvi15g04489",163.695470679673,-1.60237781693159,-1.36747679054402,0.456090361051393,-3.78589472125393,0.000153156510762603,0.0030176528291234,0.0773359382958809,1,0.0586114084881367,FALSE,TRUE,TRUE,FALSE,"Rpv12",6,"Rpv12|6"
"Vitvi03g04312",159.29658358969,1.34804058884093,1.16679990104862,0.375038978441128,3.78344501268398,0.000154672507785343,0.00303713547706182,0.164329242576491,1,0.0977808514992588,FALSE,TRUE,TRUE,FALSE,"Rpv12",6,"Rpv12|6"
"Vitvi05g04493",14.5214688264322,-3.05461369239117,-2.55445645096039,0.882533730233776,-3.7786874913454,0.000157657127292214,0.0030895552672014,0.00551687562544855,0.24413158785057,0.00856778826536967,FALSE,TRUE,TRUE,FALSE,"Rpv12",6,"Rpv12|6"
"Vitvi13g04537",234.733184694581,-1.31231078845017,-1.13051479104912,0.369684062174818,-3.77734261669501,0.000158510607321549,0.00309961719052121,0.184339024300971,1,0.111833861013932,FALSE,TRUE,TRUE,FALSE,"Rpv12",6,"Rpv12|6"
"Vitvi09g00618",629.241335218044,-1.85000432639889,-1.55946676376602,0.539282041804052,-3.7765147494918,0.000159038145862178,0.00310343314228849,0.0413562199632477,0.880665914708453,0.0394247333957142,FALSE,TRUE,TRUE,FALSE,"Rpv12",6,"Rpv12|6"
"Vitvi04g02184",216.667587384177,-1.75381041294547,-1.46870025458519,0.520741376172737,-3.77452738685869,0.000160311296810289,0.00312190721620169,0.0523652087379675,0.996958875819863,0.0505346091635381,FALSE,TRUE,TRUE,FALSE,"Rpv12",6,"Rpv12|6"
"Vitvi14g03056",278.513579009462,2.93141991861603,2.46193892017157,0.851311134042306,3.77379440417576,0.000160783278912998,0.00312851945179806,0.00645173633617917,0.270466299387998,0.00971869329082149,FALSE,TRUE,TRUE,FALSE,"Rpv12",6,"Rpv12|6"
"Vitvi19g00378",1401.89714242789,1.76509867809032,1.50421241197325,0.505431116790626,3.77185446894892,0.000162038759542862,0.0031503535620753,0.0510301950535491,0.988082066917684,0.0434481036868336,FALSE,TRUE,TRUE,FALSE,"Rpv12",6,"Rpv12|6"
"Vitvi12g02375",151.138201899955,-2.45305674936038,-2.06062660670293,0.715843506233054,-3.76944483728985,0.000163611062848784,0.00317574725394866,0.0127806917953598,0.434194956720541,0.0160012684309044,FALSE,TRUE,TRUE,FALSE,"Rpv12",6,"Rpv12|6"
"Vitvi08g01841",699.974352989011,1.68550486129557,1.34511943660538,0.488122766191331,3.76792786987636,0.000164608246816946,0.00318393211961117,0.0627071082799009,1,0.0674213987946064,FALSE,TRUE,TRUE,FALSE,"Rpv12",6,"Rpv12|6"
"Vitvi10g04734",49.2532006871366,1.48706650094479,1.27535331016772,0.418012992302132,3.76777449925436,0.000164709383209078,0.00318393211961117,0.108586834163986,1,0.0722335669630665,FALSE,TRUE,TRUE,FALSE,"Rpv12",6,"Rpv12|6"
"Vitvi18g02333",2.94414387891008,6.08827106961863,5.31592827079432,2.43128076807411,3.76628228316683,0.000165696443676209,0.00319516848368931,0.000828690359702487,0.0581968318955153,0.00839244203912087,FALSE,TRUE,TRUE,FALSE,"Rpv12",6,"Rpv12|6"
"Vitvi13g01102",365.145563551319,-1.19594640772888,-1.03615036138932,0.336459336297744,-3.76607406633333,0.000165834615074844,0.00319522453286947,0.268603643663981,1,0.15352661158352,FALSE,TRUE,TRUE,FALSE,"Rpv12",6,"Rpv12|6"
"Vitvi18g01872",10.7938703621893,-4.88559118095426,-4.12413115844901,1.32521009689405,-3.76556780897539,0.000166171016630459,0.00319698463436349,0.00137590484899586,0.0859161404738906,0.00173331582016426,FALSE,TRUE,TRUE,FALSE,"Rpv12",6,"Rpv12|6"
"Vitvi18g04095",288.571489526904,-2.28336968017216,-1.87612522306327,0.708752281248757,-3.76506396486084,0.000166506451941854,0.00319698463436349,0.0171657555130652,0.523015277423533,0.0260612408428239,FALSE,TRUE,TRUE,FALSE,"Rpv12",6,"Rpv12|6"
"Vitvi13g00293",461.422450894883,-1.18728923115511,-1.02951873062057,0.331509124429616,-3.75996308382799,0.000169938432289783,0.00325306778569632,0.276551661483803,1,0.155412450093782,FALSE,TRUE,TRUE,FALSE,"Rpv12",6,"Rpv12|6"
"Vitvi05g00166",65.7767112497782,-1.82793950165512,-1.54780552882859,0.523375596029419,-3.758748824355,0.000170765160355744,0.00326624665418898,0.0443334230691125,0.906738087619166,0.0387606282819732,FALSE,TRUE,TRUE,FALSE,"Rpv12",6,"Rpv12|6"
"Vitvi11g00497",254.852560804846,-1.49250232184029,-1.2797404399733,0.422317421121905,-3.75403392044191,0.000174011300152723,0.00331759074431608,0.107714931495373,1,0.0717083281003706,FALSE,TRUE,TRUE,FALSE,"Rpv12",6,"Rpv12|6"
"Vitvi13g01699",195.897294200922,-2.8078796924702,-2.3519521457855,0.823183142361234,-3.75356442744454,0.000174337696786831,0.00332113312378914,0.00782968253645194,0.310613425528188,0.0116016393119288,FALSE,TRUE,TRUE,FALSE,"Rpv12",6,"Rpv12|6"
"Vitvi03g00292",260.904615699151,-1.35746142159043,-1.16576058298732,0.384785651282881,-3.75226278888857,0.000175245623581087,0.00333305323690213,0.161555164026113,1,0.0995434063576422,FALSE,TRUE,TRUE,FALSE,"Rpv12",6,"Rpv12|6"
"Vitvi11g00040",1124.45201118493,-2.92985275227755,-2.40557740856264,0.902190201337875,-3.74906192856635,0.000177497255081082,0.00336774310002033,0.00676621200973566,0.278735968445158,0.0138928988450868,FALSE,TRUE,TRUE,FALSE,"Rpv12",6,"Rpv12|6"
"Vitvi13g04695",40.2634189463918,2.19605676225201,1.84314344631761,0.642975782946545,3.74699114797392,0.00017896839922286,0.00339036651223022,0.0206376110726732,0.589366013155086,0.0226779050497514,FALSE,TRUE,TRUE,FALSE,"Rpv12",6,"Rpv12|6"
"Vitvi06g04011",346.513959364701,1.39036182864867,1.19965696178708,0.389057976157859,3.74688958124908,0.000179040849381183,0.00339036651223022,0.14640274064625,1,0.0897936925201884,FALSE,TRUE,TRUE,FALSE,"Rpv12",6,"Rpv12|6"
"Vitvi18g02761",761.4180109181,-1.95066257751687,-1.65495734222576,0.556423128621899,-3.74608454670616,0.000179616077565892,0.00339703041173858,0.0339501447834245,0.799371590809723,0.0301451616373941,FALSE,TRUE,TRUE,FALSE,"Rpv12",6,"Rpv12|6"
"Vitvi03g00318",55.6023583393833,-2.29961521831533,-1.94394840097994,0.661160242598169,-3.74325341689665,0.000181652859831527,0.00343005903672288,0.0171945846012553,0.523015277423533,0.0177958343347623,FALSE,TRUE,TRUE,FALSE,"Rpv12",6,"Rpv12|6"
"Vitvi05g04079",13.8896434937474,-4.1419732202014,-3.39959344241457,1.24797005228323,-3.74155919783521,0.000182882086074934,0.00344775789087158,0.0022699148150347,0.127878653125868,0.00560224492917799,FALSE,TRUE,TRUE,FALSE,"Rpv12",6,"Rpv12|6"
"Vitvi19g04561",30.9487526994891,2.594869458165,2.17056131444276,0.74702336425662,3.73954080602451,0.000184356720385733,0.00346174439503322,0.0107692826485155,0.381209289313284,0.0135088051611395,FALSE,TRUE,TRUE,FALSE,"Rpv12",6,"Rpv12|6"
"Vitvi06g00812",1367.80747432758,-1.5273225933056,-1.3060513769604,0.438552563046425,-3.738177910148,0.000185358764510113,0.00347227972661213,0.0984140383241619,1,0.068442517233554,FALSE,TRUE,TRUE,FALSE,"Rpv12",6,"Rpv12|6"
"Vitvi06g04099",140.756312855499,-1.24004786844629,-1.06777513517187,0.350487771866752,-3.73771699876853,0.000185698798044785,0.00347589303281609,0.234672419404719,1,0.140097724530025,FALSE,TRUE,TRUE,FALSE,"Rpv12",6,"Rpv12|6"
"Vitvi09g01335",685.41648760979,2.94736629728175,2.4612246219317,0.870014929909341,3.73490694272293,0.000187784611753815,0.00350937349592454,0.00679939146780023,0.27965172658436,0.0102357531435946,FALSE,TRUE,TRUE,FALSE,"Rpv12",6,"Rpv12|6"
"Vitvi08g01196",5342.68251931819,-1.98319675589589,-1.62571515753497,0.615626040105233,-3.73504511877041,0.000187681535448727,0.00350937349592454,0.0320345097205323,0.770614717987432,0.041298669611848,FALSE,TRUE,TRUE,FALSE,"Rpv12",6,"Rpv12|6"
"Vitvi06g01665",321.299416421445,-3.12257295535162,-2.57114339129701,0.952863404852775,-3.73227984094465,0.000189754524189238,0.00353221542190559,0.0055904129312057,0.245780860281361,0.0111197834503727,FALSE,TRUE,TRUE,FALSE,"Rpv12",6,"Rpv12|6"
"Vitvi10g04136",4.97200301000804,6.49983162520488,5.83736924930877,2.55943787031369,3.73109337658247,0.000190650537484022,0.00354609999720282,0.000805176098415114,0.0570802210255853,0.00636826144114573,FALSE,TRUE,TRUE,FALSE,"Rpv12",6,"Rpv12|6"
"Vitvi01g01791",88.5301056294483,-2.58496138018838,-2.12393647531379,0.798650895258374,-3.72966352817474,0.000191735637059769,0.00356347696194009,0.0111029281259423,0.390378355976512,0.0188144407968184,FALSE,TRUE,TRUE,FALSE,"Rpv12",6,"Rpv12|6"
"Vitvi01g00995",1114.47024501264,-1.41726967449427,-1.21017504015379,0.406433263193545,-3.72767588851952,0.000193253684583386,0.0035888667745509,0.136212575399433,1,0.0884774492120728,FALSE,TRUE,TRUE,FALSE,"Rpv12",6,"Rpv12|6"
"Vitvi08g01366",2182.15076299722,1.71887696156379,1.45864582734106,0.499967809577486,3.72606560750044,0.000194491801045396,0.00360725661116214,0.0595771648407889,1,0.0490700722956294,FALSE,TRUE,TRUE,FALSE,"Rpv12",6,"Rpv12|6"
"Vitvi17g00339",257.907850619386,2.36246227269426,1.97972483513242,0.688366257028321,3.72520140632755,0.000195159339763958,0.00361572856776802,0.0158421888197174,0.500502194849019,0.0180720280777208,FALSE,TRUE,TRUE,FALSE,"Rpv12",6,"Rpv12|6"
"Vitvi18g00291",371.511787917211,4.28573910025925,3.50346667845942,1.32394747406746,3.7202843618474,0.000198998590490189,0.00366958993330152,0.00217296521285495,0.123035924249075,0.00631981956526501,FALSE,TRUE,TRUE,FALSE,"Rpv12",6,"Rpv12|6"
"Vitvi09g04422",77.9156856057649,1.51393330243525,1.29018737386073,0.43305360196912,3.71483677842861,0.000203334899740763,0.00374662792642457,0.103641521250593,1,0.0711858889907379,FALSE,TRUE,TRUE,FALSE,"Rpv12",6,"Rpv12|6"
"Vitvi17g00936",5769.31611631022,1.87875200298589,1.58687189902919,0.552802143235624,3.71234382239829,0.000205348773168237,0.00377490172745534,0.0412482376310379,0.880665914708453,0.0377046322459031,FALSE,TRUE,TRUE,FALSE,"Rpv12",6,"Rpv12|6"
"Vitvi02g00476",419.947966619445,-1.65564358597202,-1.39995881333103,0.477882924801578,-3.71179305154039,0.000205796219635469,0.00378018530344405,0.0707958281667575,1,0.0554743892185506,FALSE,TRUE,TRUE,FALSE,"Rpv12",6,"Rpv12|6"
"Vitvi12g04268",137.409124336958,1.41368468859947,1.21090227410895,0.405580837470962,3.71039791633475,0.000206933729391907,0.00379223316966302,0.138790634419959,1,0.0877218581619175,FALSE,TRUE,TRUE,FALSE,"Rpv12",6,"Rpv12|6"
"Vitvi15g00628",422.886620059191,1.30039495177018,1.1156809522084,0.371663190581431,3.70403984094099,0.000212192909830719,0.00387658230164057,0.196097419347071,1,0.119077173949106,FALSE,TRUE,TRUE,FALSE,"Rpv12",6,"Rpv12|6"
"Vitvi01g04132",106.52386366743,3.23208134566161,2.56820396629729,1.18372549836032,3.7032059447063,0.000212891917703059,0.0038798797492573,0.00527289476936171,0.235784024396125,0.0217379960760978,FALSE,TRUE,TRUE,FALSE,"Rpv12",6,"Rpv12|6"
"Vitvi19g02039",5693.29848898055,-3.01850535346949,-2.42731561221192,0.976411748029405,-3.70304104824889,0.000213030396866765,0.0038798797492573,0.00663872887695411,0.275217921857754,0.0164427058725335,FALSE,TRUE,TRUE,FALSE,"Rpv12",6,"Rpv12|6"
"Vitvi06g01419",44.6027089935244,1.84341772439337,1.56066665113542,0.531526565327073,3.70171749787728,0.000214144975598477,0.00389564381617223,0.0451664412742854,0.918747229622108,0.0379675978299909,FALSE,TRUE,TRUE,FALSE,"Rpv12",6,"Rpv12|6"
"Vitvi01g00211",120.640917451577,-1.19658969185659,-1.03005143825732,0.342827085378099,-3.70162179807458,0.000214225777546682,0.00389564381617223,0.271545474151738,1,0.156042852509994,FALSE,TRUE,TRUE,FALSE,"Rpv12",6,"Rpv12|6"
"Vitvi12g04514",6.60375891859407,5.32229993977228,4.71479500090169,2.21989922970834,3.70086922368293,0.000214862195120941,0.00390121043285693,0.00133115329801124,0.0841448588708422,0.01043740166858,FALSE,TRUE,TRUE,FALSE,"Rpv12",6,"Rpv12|6"
"Vitvi12g04541",5.36594898268216,5.1050364555204,4.14187440146542,1.45265742185716,3.69986789397821,0.000215711726451356,0.00391362703704604,0.00146920371558553,0.0904303529317691,0.00291035749406283,FALSE,TRUE,TRUE,FALSE,"Rpv12",6,"Rpv12|6"
"Vitvi06g01847",2568.16246211306,-1.22269737357364,-1.05574394698927,0.352710187561228,-3.69753228646567,0.000217705537014854,0.00393770305923804,0.250329176181232,1,0.144810709958753,FALSE,TRUE,TRUE,FALSE,"Rpv12",6,"Rpv12|6"
"Vitvi14g01819",105.296736027325,-3.57138187957202,-2.93347521437907,1.1104815677022,-3.69567230782495,0.000219305685590133,0.00396058020260712,0.00389806594006778,0.19026260041084,0.0091663850109666,FALSE,TRUE,TRUE,FALSE,"Rpv12",6,"Rpv12|6"
"Vitvi15g00500",71.7947513273486,-2.45728689532423,-2.03351111866725,0.744293477829239,-3.69401105487045,0.000220744198625264,0.00397743665898244,0.0142360379237567,0.464919495689826,0.0193793445193508,FALSE,TRUE,TRUE,FALSE,"Rpv12",6,"Rpv12|6"
"Vitvi05g00145",835.32086596052,1.39036256985395,1.19170722307285,0.397171578013892,3.6915297270748,0.000222909337286759,0.00400423145656869,0.149997176111594,1,0.0943283659847378,FALSE,TRUE,TRUE,FALSE,"Rpv12",6,"Rpv12|6"
"Vitvi14g04029",13.1990280432498,-2.2087508152547,-1.84834929443141,0.642807850509639,-3.68774241974176,0.000226252507719313,0.00405196113521274,0.0217885418838315,0.612073948094671,0.0221551521891486,FALSE,TRUE,TRUE,FALSE,"Rpv12",6,"Rpv12|6"
"Vitvi14g01348",5.51920482773919,-5.66771891941253,-5.71965553978058,2.76463482991622,-3.6861348504475,0.000227685737257169,0.00407453976173398,0.00120688458997856,0.0785345621623116,0.00990711008423572,FALSE,TRUE,TRUE,FALSE,"Rpv12",6,"Rpv12|6"
"Vitvi18g04543",107.050840175889,1.36043842420904,1.16039963713567,0.387800690722395,3.68502259682882,0.000228682350560085,0.00408618342279147,0.164452865776502,1,0.102102290698741,FALSE,TRUE,TRUE,FALSE,"Rpv12",6,"Rpv12|6"
"Vitvi14g00473",5233.00381486692,1.2480106935264,1.0732639236756,0.358694366209776,3.68472155615859,0.000228952795421072,0.00408792360803972,0.232009335884962,1,0.137659266974382,FALSE,TRUE,TRUE,FALSE,"Rpv12",6,"Rpv12|6"
"Vitvi03g00613",34.1843091098695,-2.81609505761246,-2.36611543403843,0.824343983925473,-3.68439233424444,0.000229248901000031,0.00409011898747941,0.00874964088331078,0.333647020213596,0.0108448015335331,FALSE,TRUE,TRUE,FALSE,"Rpv12",6,"Rpv12|6"
"Vitvi14g01141",251.421800713758,1.93243242241419,1.62113875954824,0.571734440249173,3.68191740162655,0.000231486414966843,0.00412381002590253,0.0378179133111318,0.849166347043689,0.0358918074124783,FALSE,TRUE,TRUE,FALSE,"Rpv12",6,"Rpv12|6"
"Vitvi14g01128",345.538396637779,-3.39763436754704,-2.54063379437899,1.246641700475,-3.68109024377867,0.000232238782263252,0.00412787397639016,0.00469397699441882,0.216560395409174,0.0261749339955885,FALSE,TRUE,TRUE,FALSE,"Rpv12",6,"Rpv12|6"
"Vitvi12g02474",48.2005281077434,-1.54150334556977,-1.30506210282046,0.448625705598334,-3.68051014293508,0.000232767799506503,0.00413416613529521,0.098022950033858,1,0.0704953296371691,FALSE,TRUE,TRUE,FALSE,"Rpv12",6,"Rpv12|6"
"Vitvi06g00679",39.151037211027,-2.53164543886484,-2.06864985963738,0.794842917874218,-3.67980704422856,0.000233410499368252,0.00414246642830717,0.0129977518028486,0.438206770158495,0.0214278739587502,FALSE,TRUE,TRUE,FALSE,"Rpv12",6,"Rpv12|6"
"Vitvi09g00782",190.729698036746,2.0802398698861,1.73515205481659,0.625836824167663,3.67885873130321,0.000234279986630737,0.00415165929796795,0.0280421394086772,0.710115091977828,0.0303817269039659,FALSE,TRUE,TRUE,FALSE,"Rpv12",6,"Rpv12|6"
"Vitvi09g04548",54.9234654216041,3.32543996087183,2.74960413753594,1.00236805971863,3.6770871768378,0.000235912434142018,0.00417120023899907,0.00506611679975872,0.228885232063711,0.00898520982562241,FALSE,TRUE,TRUE,FALSE,"Rpv12",6,"Rpv12|6"
"Vitvi04g01585",189.51212310127,-1.7974133400089,-1.48091357719829,0.550795351239407,-3.67629475685773,0.00023664608082188,0.00417727957113233,0.0514483744614337,0.992505920012275,0.0527559808241974,FALSE,TRUE,TRUE,FALSE,"Rpv12",6,"Rpv12|6"
"Vitvi02g00236",128.298958480276,-3.24674893443077,-2.6153531278361,1.0382099329805,-3.67091077072097,0.000241687710620743,0.00424787730675833,0.00553915303381627,0.24413158785057,0.0140466640394757,FALSE,TRUE,TRUE,FALSE,"Rpv12",6,"Rpv12|6"
"Vitvi08g01257",238.967315027939,-1.4894776475742,-1.26604427775876,0.4406906768186,-3.66788897816868,0.00024456132661501,0.00429199677362538,0.11403309935262,1,0.0777820008150937,FALSE,TRUE,TRUE,FALSE,"Rpv12",6,"Rpv12|6"
"Vitvi06g00477",99.5387268476434,-1.32382961687026,-1.12814901876511,0.382279344379508,-3.66589430591305,0.000246475715758011,0.00431917608133215,0.184930009209264,1,0.114443889153555,FALSE,TRUE,TRUE,FALSE,"Rpv12",6,"Rpv12|6"
"Vitvi01g01997",17.0421060151335,-4.7349313714472,-3.96361043170638,1.31127945911858,-3.66267754778802,0.000249592643025155,0.00437055405006688,0.00193610217969167,0.111310982238581,0.00219420782831694,FALSE,TRUE,TRUE,FALSE,"Rpv12",6,"Rpv12|6"
"Vitvi01g00232",268.745536663739,-1.47317867200464,-1.25830127235429,0.426445247345422,-3.66024861914453,0.000251970646579506,0.00440566292635166,0.119866152327969,1,0.0774192119376819,FALSE,TRUE,TRUE,FALSE,"Rpv12",6,"Rpv12|6"
"Vitvi01g00942",38.3113155417522,1.30593956734805,1.11587588050851,0.378288220460988,3.65990691368237,0.000252306887693174,0.00440631419401517,0.195612405062446,1,0.120079437206661,FALSE,TRUE,TRUE,FALSE,"Rpv12",6,"Rpv12|6"
"Vitvi12g04386",8.40459795894774,7.19435691264336,6.32620218365374,3.08070287040292,3.65931533825161,0.000252889998079429,0.00441194057210656,0.000829825998586612,0.0581968318955153,0.00941065770581667,FALSE,TRUE,TRUE,FALSE,"Rpv12",6,"Rpv12|6"
"Vitvi12g00252",52.8115267547465,-1.51090876517189,-1.27721756630916,0.447546114768357,-3.65903063421458,0.000253171078457313,0.00441358466075176,0.107989902248251,1,0.0759683357353204,FALSE,TRUE,TRUE,FALSE,"Rpv12",6,"Rpv12|6"
"Vitvi14g02829",176.930542153123,-2.94150015581884,-2.41330146065791,0.917227085807188,-3.65856895020403,0.000253627509108271,0.00441502507012202,0.00787256392296062,0.310789432017764,0.0144350176848408,FALSE,TRUE,TRUE,FALSE,"Rpv12",6,"Rpv12|6"
"Vitvi10g00913",1099.34360088639,-1.23200411602041,-1.05268993069377,0.358190049136949,-3.65760471425318,0.000254583263336819,0.00442839900334488,0.245480975787476,1,0.146259627516783,FALSE,TRUE,TRUE,FALSE,"Rpv12",6,"Rpv12|6"
"Vitvi10g04400",11.6351123264662,5.36473374177412,4.5981824431787,2.23494904467462,3.65740835824925,0.00025477830560073,0.00442853063642417,0.00146895427759452,0.0904303529317691,0.0123114136404665,FALSE,TRUE,TRUE,FALSE,"Rpv12",6,"Rpv12|6"
"Vitvi05g02019",343.818833259902,-3.16206023662372,-2.60199432195579,0.962874373061689,-3.65228673858198,0.000259915426890243,0.00449796499194236,0.00625874874363414,0.265568379580637,0.0106395649282999,FALSE,TRUE,TRUE,FALSE,"Rpv12",6,"Rpv12|6"
"Vitvi12g04216",44.9597035916791,-1.52253153350062,-1.28674303872735,0.445801544169934,-3.65229914223981,0.000259902869197061,0.00449796499194236,0.105018088037906,1,0.0734694178106499,FALSE,TRUE,TRUE,FALSE,"Rpv12",6,"Rpv12|6"
"Vitvi19g01499",51.3849732842193,1.43102605990391,1.21475439648887,0.417478584173493,3.65165154234699,0.000260559272405973,0.00450250997276804,0.135692200082426,1,0.089606033585517,FALSE,TRUE,TRUE,FALSE,"Rpv12",6,"Rpv12|6"
"Vitvi11g01307",19.1420164862366,-4.85825914922678,-3.98273414598687,1.4898889189491,-3.65105963202796,0.000261160588311503,0.00450960191308065,0.00187388049020022,0.10844876049369,0.00468004197023235,FALSE,TRUE,TRUE,FALSE,"Rpv12",6,"Rpv12|6"
"Vitvi16g04487",61.0225341887497,-2.10751716984028,-1.75692794433515,0.631167011247228,-3.64631524011366,0.000266027593233969,0.00458020535499874,0.0276719023288858,0.702931007715247,0.0283743696338304,FALSE,TRUE,TRUE,FALSE,"Rpv12",6,"Rpv12|6"
"Vitvi07g01502",1733.28176715248,1.22843510331865,1.05380283240525,0.356096429265821,3.64613045660724,0.000266218861756552,0.00458020535499874,0.248879346510892,1,0.145637991302141,FALSE,TRUE,TRUE,FALSE,"Rpv12",6,"Rpv12|6"
"Vitvi11g00175",783.457077056962,-1.79558801429218,-1.49381726650081,0.542827163079304,-3.64462828116255,0.000267778547047149,0.00460033806425291,0.0531705563018423,1,0.0495071486214131,FALSE,TRUE,TRUE,FALSE,"Rpv12",6,"Rpv12|6"
"Vitvi14g01929",529.470263880846,-2.99733683521748,-2.46304814508164,0.919365664763094,-3.64437184116319,0.000268045659122641,0.00460158034868824,0.00758125960448477,0.303576955326235,0.0126801672088703,FALSE,TRUE,TRUE,FALSE,"Rpv12",6,"Rpv12|6"
"Vitvi14g02660",22.9712815204069,2.16790542125595,1.79935565472678,0.656774468277571,3.64299465005758,0.000269484441368886,0.00462292046043271,0.0248479413170726,0.665095056629858,0.0270911707045611,FALSE,TRUE,TRUE,FALSE,"Rpv12",6,"Rpv12|6"
"Vitvi07g00393",196.355630524257,-3.71311038687793,-3.04725751030012,1.14710806329116,-3.64165691950169,0.00027088892658709,0.00464027427399583,0.00389849588364273,0.19026260041084,0.00810431803819319,FALSE,TRUE,TRUE,FALSE,"Rpv12",6,"Rpv12|6"
"Vitvi08g00703",816.403093409683,1.51799045818369,1.25088560757044,0.447081984278697,3.64009071668752,0.000272542003256089,0.00465845673004005,0.107095422979453,1,0.0834380006667415,FALSE,TRUE,TRUE,FALSE,"Rpv12",6,"Rpv12|6"
"Vitvi19g04373",281.142882977859,3.11761632988332,2.56216955743808,0.965223059124605,3.63982022171553,0.000272828457714498,0.00465998107601726,0.00671274447229676,0.277407081596858,0.011951715214091,FALSE,TRUE,TRUE,FALSE,"Rpv12",6,"Rpv12|6"
"Vitvi18g01992",99.4065177314501,-1.67384858439665,-1.40264417680668,0.498895499180215,-3.6368142165105,0.000276030870314245,0.00470447418366745,0.0715849163340952,1,0.0581386945835171,FALSE,TRUE,TRUE,FALSE,"Rpv12",6,"Rpv12|6"
"Vitvi17g01338",21.3529441081649,-2.59587787330945,-2.11443869841374,0.808916426124854,-3.63639046238691,0.000276485134583689,0.00470465043378515,0.0126906112779816,0.433184283175168,0.0201496039072264,FALSE,TRUE,TRUE,FALSE,"Rpv12",6,"Rpv12|6"
"Vitvi08g04345",2.76543273461915,-5.79345028622183,-5.28472428365266,2.78176049312438,-3.63366847817703,0.000279419846151705,0.00474852921280258,0.00133170119547875,0.0841448588708422,0.014591625169803,FALSE,TRUE,TRUE,FALSE,"Rpv12",6,"Rpv12|6"
"Vitvi10g01881",18.8200892310473,2.97076934593376,2.43008400199256,0.896355240501453,3.63041789973955,0.000282962702897042,0.00479701427951869,0.00801254212952751,0.314749217549303,0.0126056285578798,FALSE,TRUE,TRUE,FALSE,"Rpv12",6,"Rpv12|6"
"Vitvi03g00745",14.2144274235598,-3.69266038580998,-3.03490353964302,1.07439323789937,-3.62953989453552,0.000283926849577695,0.00480153531473591,0.0040668615001531,0.196645157084112,0.00627129994166129,FALSE,TRUE,TRUE,FALSE,"Rpv12",6,"Rpv12|6"
"Vitvi18g02435",7.64175400870434,5.68642488926437,4.53836647872653,1.74987384716944,3.62675024097023,0.000287010663051786,0.00484454846069672,0.00140966272458708,0.0877984933630319,0.00443644603533875,FALSE,TRUE,TRUE,FALSE,"Rpv12",6,"Rpv12|6"
"Vitvi08g04123",378.57036751724,2.12744688495048,1.79053401856744,0.637125738539138,3.62632870450634,0.000287479369201742,0.00484678728672417,0.0273165313943883,0.698507472869799,0.0258338850488847,FALSE,TRUE,TRUE,FALSE,"Rpv12",6,"Rpv12|6"
"Vitvi12g04590",56.9767080984288,-1.87970435182615,-1.57481906579307,0.55645224733574,-3.62455563905892,0.000289458702334574,0.00486590875098561,0.0449148122372846,0.914339745770528,0.0398241514763985,FALSE,TRUE,TRUE,FALSE,"Rpv12",6,"Rpv12|6"
"Vitvi14g03092",184.402538978647,3.1679188460309,2.57623769459151,1.00424243332235,3.62213111749813,0.000292185948825811,0.00488465426975464,0.00659308228965713,0.27419465757574,0.0134323156160758,FALSE,TRUE,TRUE,FALSE,"Rpv12",6,"Rpv12|6"
"Vitvi04g01408",63.8673573438062,-3.36015996554836,-2.78202338261112,1.01753658768682,-3.62130622660399,0.000293119310085543,0.0048933316910535,0.0054873305478444,0.244106106053819,0.00886535996054627,FALSE,TRUE,TRUE,FALSE,"Rpv12",6,"Rpv12|6"
"Vitvi01g04205",196.376496108263,-1.43023734533159,-1.21137719171173,0.424500694828871,-3.61957007877774,0.000295092887819463,0.00491585627367514,0.138116142733215,1,0.091493165335079,FALSE,TRUE,TRUE,FALSE,"Rpv12",6,"Rpv12|6"
"Vitvi10g01600",67.7573643339546,5.40662899951094,4.30510098471236,1.58556875101103,3.61703187223955,0.000298000621407269,0.00495381469309113,0.00160811231999289,0.0958237133911028,0.00384653918776581,FALSE,TRUE,TRUE,FALSE,"Rpv12",6,"Rpv12|6"
"Vitvi03g00886",28.4160060631787,4.15024285437529,3.35814972575751,1.26989012184034,3.61092590697655,0.000305105823182475,0.00506124280562951,0.00306751332262701,0.158109185516895,0.00695982844191497,FALSE,TRUE,TRUE,FALSE,"Rpv12",6,"Rpv12|6"
"Vitvi02g00605",7683.75977728936,1.5135716165209,1.27109317311861,0.456913747550356,3.60699844795534,0.00030975951252817,0.00512046130506678,0.110496009552249,1,0.0790543238150969,FALSE,TRUE,TRUE,FALSE,"Rpv12",6,"Rpv12|6"
"Vitvi05g01256",51.9835856763747,2.52962725655967,2.05445201981153,0.809609098644942,3.60450538056784,0.00031274797023038,0.00516424320295968,0.0146441880775074,0.474500485563403,0.0229942701265977,FALSE,TRUE,TRUE,FALSE,"Rpv12",6,"Rpv12|6"
"Vitvi12g00504",19.1605110934624,-4.47590751871152,-3.58551670000566,1.41667374153852,-3.59862741800803,0.000319901107892546,0.00526232867036053,0.00260332141469841,0.140288993365663,0.0074296155242851,FALSE,TRUE,TRUE,FALSE,"Rpv12",6,"Rpv12|6"
"Vitvi08g01537",1005.42551932325,-1.95268210336611,-1.61274239917755,0.599647491883049,-3.59760498253148,0.000321160881281419,0.00527570399000673,0.0396114291281887,0.867496253586766,0.0406268877415419,FALSE,TRUE,TRUE,FALSE,"Rpv12",6,"Rpv12|6"
"Vitvi10g01686",51.3011082654651,2.4688733010508,2.02863330743316,0.749820863824348,3.59377737573411,0.000325918338992353,0.00534132692388961,0.0162527997366711,0.51039254299109,0.020534959907864,FALSE,TRUE,TRUE,FALSE,"Rpv12",6,"Rpv12|6"
"Vitvi02g04071",25.6422726554316,-2.57432393872001,-2.08555782349966,0.823789276410166,-3.59120817848396,0.000329148585718649,0.00538445144864676,0.0140391962280598,0.459638716057341,0.0222594267035705,FALSE,TRUE,TRUE,FALSE,"Rpv12",6,"Rpv12|6"
"Vitvi10g01136",96.2728696073859,-1.59414549363427,-1.33049534105205,0.482557178351867,-3.58720157810835,0.000334245927273127,0.00545273293787694,0.0906167343016446,1,0.0699807194107018,FALSE,TRUE,TRUE,FALSE,"Rpv12",6,"Rpv12|6"
"Vitvi07g02613",17.4949962007498,-4.23772893818436,-3.40968352490239,1.32882424208767,-3.58588472506521,0.00033593733934643,0.00547276677933888,0.00307939407488211,0.158259075844482,0.00753903357286533,FALSE,TRUE,TRUE,FALSE,"Rpv12",6,"Rpv12|6"
"Vitvi08g02008",82.3217145729898,-3.20525682962636,-2.53849059108378,1.07991146323436,-3.58175183478936,0.000341297921664467,0.00553718372634481,0.00686555302219314,0.28105790533263,0.01797986909082,FALSE,TRUE,TRUE,FALSE,"Rpv12",6,"Rpv12|6"
"Vitvi10g01615",226.87380803361,3.5306705166071,2.74880741240787,1.29473872980378,3.580844879418,0.000342484950413926,0.00554644789097383,0.00513671192873473,0.231275812984117,0.021128450917319,FALSE,TRUE,TRUE,FALSE,"Rpv12",6,"Rpv12|6"
"Vitvi14g01327",114.015132745389,-2.87012962621746,-2.32732434555908,0.913251578635017,-3.5797602315981,0.000343909615352898,0.00556426913278505,0.0098375437720945,0.359413837338296,0.0169757633631609,FALSE,TRUE,TRUE,FALSE,"Rpv12",6,"Rpv12|6"
"Vitvi13g01614",165.28800971174,-1.50855271718932,-1.26664736111575,0.452605364727971,-3.57931916450505,0.000344490532881504,0.00556985309221553,0.113786374795939,1,0.0797830005455167,FALSE,TRUE,TRUE,FALSE,"Rpv12",6,"Rpv12|6"
"Vitvi06g01410",1221.48877181985,-1.69207557808535,-1.40935852701289,0.51207269446157,-3.57704442236462,0.000347501136808544,0.00559173831995329,0.0717273474958191,1,0.0589272228131894,FALSE,TRUE,TRUE,FALSE,"Rpv12",6,"Rpv12|6"
"Vitvi08g00014",23.0187365818165,-1.93412766847158,-1.5964572745609,0.586469799864969,-3.57573020001573,0.000349251698662945,0.00561226096994292,0.04208618077956,0.890001942613185,0.041164281498946,FALSE,TRUE,TRUE,FALSE,"Rpv12",6,"Rpv12|6"
"Vitvi09g04231",23.7563407685281,1.88959205799701,1.57045458448475,0.559355547195785,3.57185655437531,0.000354459552422022,0.00567663969309356,0.0463254354929094,0.930742755037647,0.0410297555907903,FALSE,TRUE,TRUE,FALSE,"Rpv12",6,"Rpv12|6"
"Vitvi05g00110",8.79004814123397,6.35233205652871,5.53285142055199,2.74299397569149,3.57084037160057,0.000355837717194955,0.00568685134839521,0.0013297033525207,0.0841448588708422,0.0110505966974597,FALSE,TRUE,TRUE,FALSE,"Rpv12",6,"Rpv12|6"
"Vitvi15g01687",1952.0158386422,-1.74014496433463,-1.41437067763932,0.556234076929218,-3.57067669822197,0.000356060161894696,0.00568685134839521,0.0644146654329771,1,0.0644472243593048,FALSE,TRUE,TRUE,FALSE,"Rpv12",6,"Rpv12|6"
"Vitvi13g01686",870.169398837294,-2.0756022420704,-1.69083645241384,0.658267877765714,-3.57042741333279,0.000356399209098153,0.00568842034953822,0.0321396329112079,0.770614717987432,0.0382325245234274,FALSE,TRUE,TRUE,FALSE,"Rpv12",6,"Rpv12|6"
"Vitvi07g00283",221.385125999912,-1.31288358853092,-1.10716512871383,0.399086407112636,-3.56907394493471,0.000358245309177156,0.00570247351306117,0.197503015037105,1,0.128442786958926,FALSE,TRUE,TRUE,FALSE,"Rpv12",6,"Rpv12|6"
"Vitvi08g01327",312.648168989583,-2.41119787534598,-1.96940430228981,0.756201615338321,-3.56848740404299,0.000359048111676757,0.00571140369968239,0.0183755711982549,0.549356076543029,0.0241691948051414,FALSE,TRUE,TRUE,FALSE,"Rpv12",6,"Rpv12|6"
"Vitvi05g02244",27.037906437786,1.78572526953592,1.42293777586341,0.561149323136622,3.56809267163251,0.000359589331324118,0.00571616365042955,0.0582107017720694,1,0.0631362456850099,FALSE,TRUE,TRUE,FALSE,"Rpv12",6,"Rpv12|6"
"Vitvi01g00833",417.265379790906,-1.47726299971401,-1.22707765490887,0.445782096844658,-3.5677979058398,0.000359993983670756,0.00571874773521896,0.124525545133796,1,0.0901695343599841,FALSE,TRUE,TRUE,FALSE,"Rpv12",6,"Rpv12|6"
"Vitvi01g00953",104.904195014333,1.20749639408372,1.03071333926367,0.355107259148096,3.56550750511289,0.000363152768859531,0.00576066249525009,0.270038207560869,1,0.15625282230255,FALSE,TRUE,TRUE,FALSE,"Rpv12",6,"Rpv12|6"
"Vitvi08g04031",65.0807024499965,1.64772646420319,1.36771728127066,0.498940619462755,3.56196120194464,0.000368094790497496,0.00582003690838812,0.0807240033381097,1,0.0654340740206162,FALSE,TRUE,TRUE,FALSE,"Rpv12",6,"Rpv12|6"
"Vitvi14g01429",35.1518738023521,-2.19616509028437,-1.80577343578587,0.682356041339761,-3.56158803320208,0.000368618467711774,0.00582052502960396,0.0261986155532265,0.683869909962167,0.0297903207741341,FALSE,TRUE,TRUE,FALSE,"Rpv12",6,"Rpv12|6"
"Vitvi15g04456",81.3610892610158,-1.58680793317143,-1.31470025332579,0.485385906763517,-3.561036135218,0.000369394237189905,0.00582887820367397,0.09393851797922,1,0.0729372988142473,FALSE,TRUE,TRUE,FALSE,"Rpv12",6,"Rpv12|6"
"Vitvi09g00296",8.69139695383728,5.8860682945633,4.99578383868467,2.47417820992221,3.55844412551734,0.000373058128627317,0.00587035763464895,0.00158468161921229,0.0946431198104434,0.0121674681151418,FALSE,TRUE,TRUE,FALSE,"Rpv12",6,"Rpv12|6"
"Vitvi09g00281",1115.75600959197,-1.36855135021698,-1.14233213706501,0.419134156941099,-3.55532768582142,0.000377508293722545,0.00592918943770875,0.169169841358768,1,0.113440312731522,FALSE,TRUE,TRUE,FALSE,"Rpv12",6,"Rpv12|6"
"Vitvi12g04164",282.530707032711,1.47993882165697,1.24347933310698,0.443543395540484,3.55279820789813,0.000381156728469188,0.00597457481081563,0.124627740156352,1,0.0849167181938468,FALSE,TRUE,TRUE,FALSE,"Rpv12",6,"Rpv12|6"
"Vitvi05g00734",1512.38534853555,1.75213448470169,1.46025017926771,0.533880053074931,3.54475285942156,0.000392981367354039,0.00611126126375057,0.0640487411339868,1,0.0538101661694047,FALSE,TRUE,TRUE,FALSE,"Rpv12",6,"Rpv12|6"
"Vitvi07g04439",1895.83316353682,1.23374745163998,1.05074743926272,0.364218418123771,3.54400864204005,0.000394092327494371,0.00612450589478422,0.250966108920194,1,0.147918444383757,FALSE,TRUE,TRUE,FALSE,"Rpv12",6,"Rpv12|6"
"Vitvi12g04510",80.4582092062477,-1.38593450626171,-1.16256828002919,0.416805245269775,-3.5433097069876,0.000395138362188018,0.00613672478080563,0.161897712989965,1,0.105275103049259,FALSE,TRUE,TRUE,FALSE,"Rpv12",6,"Rpv12|6"
"Vitvi02g00162",34.4083457714843,-3.5228388414597,-2.86400788937464,1.1120236065408,-3.53942661329538,0.000400997246141259,0.00619918648452148,0.00562965245349533,0.24667684846061,0.0103029288732258,FALSE,TRUE,TRUE,FALSE,"Rpv12",6,"Rpv12|6"
"Vitvi03g00312",1570.24920014588,4.40625103667579,3.50598123935855,1.49086642398449,3.53742951007037,0.000404042021151411,0.00623401738970518,0.00312983844787433,0.160158011229101,0.0101689249663941,FALSE,TRUE,TRUE,FALSE,"Rpv12",6,"Rpv12|6"
"Vitvi12g02384",25.2128429965941,-2.20413115727135,-1.8211547694188,0.67659140749773,-3.53275703457905,0.000411250234924808,0.0063245788081991,0.0268055360334918,0.691163476829566,0.0273235174524788,FALSE,TRUE,TRUE,FALSE,"Rpv12",6,"Rpv12|6"
"Vitvi13g04782",9.73058461165875,4.55843897514272,3.70784943518193,1.2772065687764,3.52916579662646,0.00041687187138261,0.0063869598251545,0.00294336848430638,0.153377641794762,0.00339541968158334,FALSE,TRUE,TRUE,FALSE,"Rpv12",6,"Rpv12|6"
"Vitvi04g04001",8.85063299751547,4.43549653112101,3.6620777763407,1.23467172739454,3.5274656731168,0.000419558159191589,0.00641891375416045,0.00315349720463113,0.160530898686454,0.00303792393668541,FALSE,TRUE,TRUE,FALSE,"Rpv12",6,"Rpv12|6"
"Vitvi01g01561",415.468536087912,-1.35591321964365,-1.14005021722349,0.408503984131688,-3.52672990541415,0.000420725716674674,0.00642844946913917,0.177293108989331,1,0.11283742014759,FALSE,TRUE,TRUE,FALSE,"Rpv12",6,"Rpv12|6"
"Vitvi18g02631",20.3405704969822,2.76512853777602,2.24409182379784,0.832974522217347,3.52501261972361,0.000423462617537747,0.00646190823738803,0.0122188268450473,0.420016151694604,0.0156592674495261,FALSE,TRUE,TRUE,FALSE,"Rpv12",6,"Rpv12|6"
"Vitvi11g04203",111.227097389025,1.81732557693942,1.49114314056449,0.573812606215888,3.52388684679567,0.000425265814924651,0.0064750488037737,0.0565018330076016,1,0.0547131215083116,FALSE,TRUE,TRUE,FALSE,"Rpv12",6,"Rpv12|6"
"Vitvi19g04408",14.1031488724665,-4.63660472081737,-3.70084110118259,1.59335047997054,-3.52049624666643,0.000430740089005115,0.00654337130706034,0.00288870912652317,0.151434352787013,0.0100356086029834,FALSE,TRUE,TRUE,FALSE,"Rpv12",6,"Rpv12|6"
"Vitvi16g01191",128.788772673054,-1.78769327727483,-1.46672124854487,0.563470415401591,-3.51984888387789,0.000431792736340771,0.00655093642764399,0.0604609819036769,1,0.0560956174483061,FALSE,TRUE,TRUE,FALSE,"Rpv12",6,"Rpv12|6"
"Vitvi14g01526",847.308509841681,1.4499124415639,1.21206087891521,0.444274309823816,3.51910761440749,0.000433001030467059,0.00656505156719697,0.137418687252292,1,0.0947074765953205,FALSE,TRUE,TRUE,FALSE,"Rpv12",6,"Rpv12|6"
"Vitvi17g00790",63.0939443882375,-1.9772380160092,-1.62255808529718,0.616688108300594,-3.51708527924429,0.000436313577618578,0.0066065372724738,0.0410791939587637,0.880665914708453,0.0421044530028975,FALSE,TRUE,TRUE,FALSE,"Rpv12",6,"Rpv12|6"
"Vitvi18g02024",12.755997678205,-2.58562584878693,-2.10958431467859,0.790080509699814,-3.51291001349088,0.000443227561133447,0.00667302955860349,0.0156096809822441,0.494949872502453,0.0190014687227348,FALSE,TRUE,TRUE,FALSE,"Rpv12",6,"Rpv12|6"
"Vitvi05g01500",132.91611428575,-2.32014065964766,-1.88876719297491,0.735188535173048,-3.51261224809028,0.000443724528576678,0.00667621707900528,0.0228235283875606,0.625828804077774,0.0276726794031917,FALSE,TRUE,TRUE,FALSE,"Rpv12",6,"Rpv12|6"
"Vitvi12g04500",47.6440979276003,1.69689709769186,1.38358290480322,0.551332332191226,3.5102310321809,0.000447717504823159,0.00671701600350466,0.0747057265119869,1,0.0686131064195073,FALSE,TRUE,TRUE,FALSE,"Rpv12",6,"Rpv12|6"
"Vitvi01g04109",1159.96569796602,3.28960868127409,2.93665116062376,1.01851877924477,3.50963713681779,0.000448718598743458,0.00672161689203073,0.00729025415897616,0.294753877194215,0.0061273989150306,FALSE,TRUE,TRUE,FALSE,"Rpv12",6,"Rpv12|6"
"Vitvi15g01543",143.999889747756,-1.32315275164954,-1.10625063908564,0.408981104496817,-3.50606878107499,0.000454777682824082,0.00679061847261091,0.195920095149893,1,0.130033217949425,FALSE,TRUE,TRUE,FALSE,"Rpv12",6,"Rpv12|6"
"Vitvi04g02211",6.59269405798914,-4.94155918962397,-4.1137524129142,1.72844048166848,-3.50515690277374,0.000456338258660908,0.00680248215408095,0.00260081004220701,0.140288993365663,0.00770666494313012,FALSE,TRUE,TRUE,FALSE,"Rpv12",6,"Rpv12|6"
"Vitvi03g00527",6451.55444422385,1.21009335899292,1.02374401087777,0.366349392102522,3.50443676197582,0.000457574227587746,0.00681514401265935,0.271450669838488,1,0.16087056098785,FALSE,TRUE,TRUE,FALSE,"Rpv12",6,"Rpv12|6"
"Vitvi02g00093",66.3812367020999,-1.67644653304477,-1.37151244361842,0.532007855142302,-3.50409431537722,0.00045816305977261,0.00681531977200793,0.0786952325897507,1,0.068272245817534,FALSE,TRUE,TRUE,FALSE,"Rpv12",6,"Rpv12|6"
"Vitvi12g00270",7107.43263728671,1.30289673366955,1.09531499817342,0.398712702699939,3.50423385986246,0.000457923029656313,0.00681531977200793,0.20763278880649,1,0.133428950055385,FALSE,TRUE,TRUE,FALSE,"Rpv12",6,"Rpv12|6"
"Vitvi07g01813",1132.23489575203,1.70080067546621,1.39344030555344,0.540266757034346,3.50189212097658,0.000461966628552579,0.00685894135742867,0.0745207678435358,1,0.0662561487555507,FALSE,TRUE,TRUE,FALSE,"Rpv12",6,"Rpv12|6"
"Vitvi04g00646",19.2687419828675,-2.56289991080371,-2.02066252668796,0.826677652679265,-3.50082375102365,0.000463822482320195,0.00688007123955723,0.0163867171776007,0.512138751073904,0.0264019772357843,FALSE,TRUE,TRUE,FALSE,"Rpv12",6,"Rpv12|6"
"Vitvi05g04174",37.6882697160425,3.24145348110774,2.63101371445381,0.980549569051675,3.498281233269,0.000468267073826256,0.00693940076406764,0.00778292563097951,0.309883640153414,0.0107075865990691,FALSE,TRUE,TRUE,FALSE,"Rpv12",6,"Rpv12|6"
"Vitvi07g00735",82.1868107873634,1.39261437714303,1.16202262050255,0.426128029460605,3.49703905492534,0.000470452952690566,0.00696742297708875,0.162089456417356,1,0.107458663873697,FALSE,TRUE,TRUE,FALSE,"Rpv12",6,"Rpv12|6"
"Vitvi19g01281",94.8697248710527,-2.18937348919846,-1.73508505535978,0.738344910941607,-3.4950915858556,0.000473899110576335,0.00700528459952077,0.0288019682480156,0.720664849141188,0.0437170876678267,FALSE,TRUE,TRUE,FALSE,"Rpv12",6,"Rpv12|6"
"Vitvi17g01373",104.915412716438,1.69431946865199,1.39528184236738,0.528843715480174,3.4946336911605,0.00047471279355382,0.00701292408338233,0.0760612220356073,1,0.0639555792910006,FALSE,TRUE,TRUE,FALSE,"Rpv12",6,"Rpv12|6"
"Vitvi04g00602",119.276139415887,-3.63165603277737,-2.90131523841242,1.19498617168653,-3.49402558484041,0.000475795418660093,0.00702013702660132,0.00567611729634034,0.247882391243684,0.0128285684398695,FALSE,TRUE,TRUE,FALSE,"Rpv12",6,"Rpv12|6"
"Vitvi15g00916",76.672892403956,-2.56112146021381,-1.97885418541506,0.917371569837577,-3.49405925853845,0.000475735408447145,0.00702013702660132,0.0165950689540097,0.51557055673152,0.0371826115112699,FALSE,TRUE,TRUE,FALSE,"Rpv12",6,"Rpv12|6"
"Vitvi12g00625",167.936980863041,2.05983502079096,1.68603458362236,0.649125982166588,3.49217262365462,0.000479108503904349,0.00706020029895728,0.0361832057086694,0.827731850625541,0.0378359916569509,FALSE,TRUE,TRUE,FALSE,"Rpv12",6,"Rpv12|6"
"Vitvi05g00484",331.031353068058,1.47732590981753,1.22746271765323,0.457531899870263,3.49091632857391,0.000481366979849505,0.00708905910100063,0.129676945388285,1,0.0916824430331177,FALSE,TRUE,TRUE,FALSE,"Rpv12",6,"Rpv12|6"
"Vitvi08g04190",7.92892396221562,-4.91340823603178,-4.00398597196273,1.61178431613686,-3.48788345648073,0.000486860243005662,0.00715657290621017,0.00274810045336514,0.145816551236468,0.00680825231107908,FALSE,TRUE,TRUE,FALSE,"Rpv12",6,"Rpv12|6"
"Vitvi13g02006",470.894026109161,-2.56987549484538,-2.05744658623982,0.838022605242657,-3.48671284541204,0.000488996096351043,0.0071834986243808,0.0165885288930324,0.51557055673152,0.0248231982187269,FALSE,TRUE,TRUE,FALSE,"Rpv12",6,"Rpv12|6"
"Vitvi09g04270",5.27491508449066,6.43560260670254,5.30546461662328,2.94680269164102,3.48451595442609,0.000493028067876792,0.00722924209769433,0.00165323409421972,0.0978437797979493,0.0165313125067676,FALSE,TRUE,TRUE,FALSE,"Rpv12",6,"Rpv12|6"
"Vitvi12g00675",17.3026489859773,3.35312741600956,2.66065844684749,1.0905028957393,3.4837698736413,0.000494404392827889,0.00723146784357919,0.00724950600690549,0.293560104697586,0.0149893811307921,FALSE,TRUE,TRUE,FALSE,"Rpv12",6,"Rpv12|6"
"Vitvi07g01140",92.6911858787796,-2.73737389239011,-2.1930061723228,0.89850517236738,-3.48379247499771,0.000494362646636866,0.00723146784357919,0.0135149018131891,0.446801068520748,0.0216339136515831,FALSE,TRUE,TRUE,FALSE,"Rpv12",6,"Rpv12|6"
"Vitvi04g01654",33.0720113832612,6.54219308176549,5.09604746840195,2.14253519964041,3.48151584652791,0.00049858427927888,0.00728358555666401,0.00162209285076079,0.0964371065523896,0.0057933397775304,FALSE,TRUE,TRUE,FALSE,"Rpv12",6,"Rpv12|6"
"Vitvi08g01117",286.012606254911,-1.26031997735356,-1.05294436950949,0.389570038017362,-3.47898503906682,0.000503316685206633,0.00733005347592545,0.23619777293435,1,0.148745457855964,FALSE,TRUE,TRUE,FALSE,"Rpv12",6,"Rpv12|6"
"Vitvi14g00973",1345.38094729994,1.93486466452618,1.57371684549943,0.624467324781555,3.47792735744144,0.000505306845229668,0.00734545126031706,0.0464375728251161,0.932279714145981,0.0487801478602643,FALSE,TRUE,TRUE,FALSE,"Rpv12",6,"Rpv12|6"
"Vitvi01g01376",461.872613836297,-2.12830590947474,-1.71167162764612,0.697486925364955,-3.47723317926089,0.000506617013108201,0.00735182678500305,0.0326332943154342,0.778171691884633,0.0407614388393476,FALSE,TRUE,TRUE,FALSE,"Rpv12",6,"Rpv12|6"
"Vitvi18g04427",267.576148952938,-1.54703206554706,-1.27645793742525,0.483195709422912,-3.47485119034298,0.000511136813038611,0.00739832953284196,0.109590130949814,1,0.0823372196884431,FALSE,TRUE,TRUE,FALSE,"Rpv12",6,"Rpv12|6"
"Vitvi14g01840",351.318621878538,2.21046226979424,1.80527723128139,0.702983710050054,3.47153089295446,0.000517499783716446,0.00746946099251291,0.0286492104433542,0.718946351795319,0.0324177171082012,FALSE,TRUE,TRUE,FALSE,"Rpv12",6,"Rpv12|6"
"Vitvi05g00715",52.743973019039,2.75788090853941,2.21757726414435,0.861944533442273,3.47006567927751,0.000520331111064903,0.00750382265297628,0.0134903577894672,0.446801068520748,0.0185340741354373,FALSE,TRUE,TRUE,FALSE,"Rpv12",6,"Rpv12|6"
"Vitvi18g04784",29.5916950183805,-2.20875046489099,-1.74784726482761,0.745247752246964,-3.46909358122454,0.00052221751880435,0.00751268101656294,0.0288166761803464,0.720664849141188,0.042776316974581,FALSE,TRUE,TRUE,FALSE,"Rpv12",6,"Rpv12|6"
"Vitvi05g00699",985.276286155043,1.28976102190586,1.07826614260413,0.399834869450156,3.46773531517071,0.000524863982535715,0.00753947060780446,0.217969147431278,1,0.139488584367739,FALSE,TRUE,TRUE,FALSE,"Rpv12",6,"Rpv12|6"
"Vitvi18g03191",4.57120284451773,5.10028212060404,4.21130715213607,2.2355048487314,3.46548442924638,0.000529277174071483,0.00757845094889061,0.00268501206638967,0.143049349581848,0.0174268149721263,FALSE,TRUE,TRUE,FALSE,"Rpv12",6,"Rpv12|6"
"Vitvi17g00261",264.226793769303,-1.45412740676642,-1.19824619515537,0.460855039048304,-3.4654444567975,0.000529355857491724,0.00757845094889061,0.139567077376011,1,0.0999349612663356,FALSE,TRUE,TRUE,FALSE,"Rpv12",6,"Rpv12|6"
"Vitvi13g04750",389.212612673159,-1.67943129890228,-1.35650696604137,0.539825102700442,-3.46464571416902,0.000530930422414415,0.00759638912069855,0.0805086777738215,1,0.0718834108727971,FALSE,TRUE,TRUE,FALSE,"Rpv12",6,"Rpv12|6"
"Vitvi11g00165",131.553810422224,-1.69759811049489,-1.38372099985239,0.545876921814485,-3.46286615228847,0.000534454187323579,0.00762371788222076,0.0773675179879573,1,0.0677614404932477,FALSE,TRUE,TRUE,FALSE,"Rpv12",6,"Rpv12|6"
"Vitvi16g04160",5.43551002334259,-4.44388479199392,-3.5317590771575,1.41678679260558,-3.45970653916267,0.00054076438183413,0.00769978072796011,0.00367947606353833,0.181606442162451,0.00804713357991719,FALSE,TRUE,TRUE,FALSE,"Rpv12",6,"Rpv12|6"
"Vitvi07g00329",34.7154117503228,1.68567262343702,1.38108875162025,0.530899033951551,3.45838258731864,0.000543429080998161,0.00773306129598709,0.0797509344753018,1,0.0670847397752332,FALSE,TRUE,TRUE,FALSE,"Rpv12",6,"Rpv12|6"
"Vitvi17g01186",197.868203372637,2.27720778829305,1.84405396273678,0.734005688708044,3.45649583265795,0.000547247669484376,0.00777802915075808,0.0262735295505172,0.683869909962167,0.0319356905687161,FALSE,TRUE,TRUE,FALSE,"Rpv12",6,"Rpv12|6"
"Vitvi10g04287",134.477691817129,-2.22349428802279,-1.79160533718767,0.729243282451884,-3.45435180858163,0.000551617278803452,0.00781661869219865,0.0286655088085369,0.718946351795319,0.0360197015205534,FALSE,TRUE,TRUE,FALSE,"Rpv12",6,"Rpv12|6"
"Vitvi18g01132",69.9042287357343,-2.70108922131074,-2.19314097346873,0.866953123829641,-3.45298492880676,0.000554419977525528,0.00784691953811145,0.0148305172450333,0.477772784005944,0.0202458904170434,FALSE,TRUE,TRUE,FALSE,"Rpv12",6,"Rpv12|6"
"Vitvi16g04009",26.3987078388251,1.83743908276987,1.50247270360324,0.580777243997659,3.45279903634733,0.000554802160984251,0.00784762673459281,0.0577828041533395,1,0.0533580067430108,FALSE,TRUE,TRUE,FALSE,"Rpv12",6,"Rpv12|6"
"Vitvi04g04218",24.4620148994312,2.87568025976996,2.3346288595722,0.93972470099641,3.45187350610804,0.000556708649310545,0.00786988133693219,0.0121783993925015,0.419177302247956,0.0182564324256548,FALSE,TRUE,TRUE,FALSE,"Rpv12",6,"Rpv12|6"
"Vitvi13g04427",17.565828727404,2.36684006891728,1.91964816511915,0.740576688652433,3.44665265522179,0.000567577802520445,0.00799959597323266,0.0232724178939512,0.635473047690887,0.0254931986438609,FALSE,TRUE,TRUE,FALSE,"Rpv12",6,"Rpv12|6"
"Vitvi19g00555",39.8339705711993,-3.66453413915391,-2.87252348656832,1.23170270153463,-3.44304421032251,0.000575205273732605,0.00809261404175795,0.00615469586018218,0.262216105873788,0.0150700891579298,FALSE,TRUE,TRUE,FALSE,"Rpv12",6,"Rpv12|6"
"Vitvi17g00573",3.2973144478817,-5.43552514104899,-5.07249509629372,2.78323187993675,-3.43529518208374,0.000591908708359288,0.00829796291327187,0.00255301012485415,0.138844473713222,0.016353976690665,FALSE,TRUE,TRUE,FALSE,"Rpv12",6,"Rpv12|6"
"Vitvi06g04005",51.1687951452252,-1.20100391297282,-1.00798247651056,0.370761233108684,-3.43223499820696,0.000598628598419456,0.00837956509014132,0.282838432179971,1,0.167188901013483,FALSE,TRUE,TRUE,FALSE,"Rpv12",6,"Rpv12|6"
"Vitvi11g01632",21.8792123852345,-2.0792859036092,-1.68127302030451,0.667771416916079,-3.4307601920181,0.000601892435800912,0.00841367716709661,0.0374735867483349,0.845790816004912,0.0408957035533431,FALSE,TRUE,TRUE,FALSE,"Rpv12",6,"Rpv12|6"
"Vitvi04g04271",5.51794506362867,5.18085289391876,4.22354200080869,2.33812615926155,3.42808294968406,0.000607859698242339,0.00846132103233973,0.00285554023689273,0.15060096180822,0.0198603008103406,FALSE,TRUE,TRUE,FALSE,"Rpv12",6,"Rpv12|6"
"Vitvi06g00999",590.423902450555,-1.79167981553055,-1.44622750491531,0.586604302427384,-3.42750656193962,0.000609151581384241,0.00846932233988143,0.0649503837246141,1,0.0618235434415816,FALSE,TRUE,TRUE,FALSE,"Rpv12",6,"Rpv12|6"
"Vitvi10g00031",238.453907338517,-2.1233140243274,-1.70606193377054,0.690179612967627,-3.42490917941043,0.000615004971362686,0.00852561469103836,0.0350004838524428,0.814570869302537,0.0404924396134455,FALSE,TRUE,TRUE,FALSE,"Rpv12",6,"Rpv12|6"
"Vitvi15g00762",23.8435078748347,-3.90111891068741,-3.05446586261737,1.38571929890959,-3.42428948041528,0.000616409220028403,0.00854006955748442,0.00544863509675798,0.242812343264211,0.0159154361742461,FALSE,TRUE,TRUE,FALSE,"Rpv12",6,"Rpv12|6"
"Vitvi13g01299",6.40379933540596,-5.40742680454918,-4.84821201304417,2.75046547541409,-3.42377450364184,0.000617578435543668,0.00854454604536817,0.00265527701410351,0.14179081647702,0.0191890057874965,FALSE,TRUE,TRUE,FALSE,"Rpv12",6,"Rpv12|6"
"Vitvi17g00873",381.455480186646,-1.37638367555951,-1.13560322290269,0.433070697070939,-3.42366932660139,0.000617817485627332,0.00854454604536817,0.174577100734332,1,0.118273745808595,FALSE,TRUE,TRUE,FALSE,"Rpv12",6,"Rpv12|6"
"Vitvi01g00784",377.747424338333,-2.23396927290012,-1.77372810289788,0.749713403895173,-3.42222298740128,0.000621113520980291,0.0085851045012267,0.0293579146801227,0.729319743701167,0.0400900339620834,FALSE,TRUE,TRUE,FALSE,"Rpv12",6,"Rpv12|6"
"Vitvi05g01304",1574.22698336473,1.59929988212744,1.31146077128782,0.510681796775091,3.42159481833253,0.000622550133465841,0.00859992938756146,0.0998929430799742,1,0.077055976338521,FALSE,TRUE,TRUE,FALSE,"Rpv12",6,"Rpv12|6"
"Vitvi17g00885",65.8762064845446,-2.23189439505391,-1.76244435995754,0.755467844971907,-3.41997649196587,0.000626265474053976,0.00862603092017668,0.0295364093030683,0.730977228911036,0.0422386391444123,FALSE,TRUE,TRUE,FALSE,"Rpv12",6,"Rpv12|6"
"Vitvi03g04460",21.119041514335,-4.21669028084407,-3.26895894858069,1.44060500661282,-3.41880675880193,0.000628963770559014,0.00864806879403087,0.00456499345119326,0.212862145614553,0.0132806326916514,FALSE,TRUE,TRUE,FALSE,"Rpv12",6,"Rpv12|6"
"Vitvi18g03248",132.336776718879,2.41489842046764,1.9439133517395,0.791742234692835,3.41863770979854,0.00062935461972281,0.00864840885811066,0.0225896777419039,0.623336898787409,0.0288454675597944,FALSE,TRUE,TRUE,FALSE,"Rpv12",6,"Rpv12|6"
"Vitvi19g00164",2452.65850133581,1.92679269305216,1.55659713270247,0.635450656367325,3.4167372852644,0.000633764065107473,0.00870393880579577,0.0501439794573164,0.976706149384914,0.052606206443137,FALSE,TRUE,TRUE,FALSE,"Rpv12",6,"Rpv12|6"
"Vitvi14g02655",53.4635790414963,2.16251949997298,1.73523187691375,0.718366990010409,3.41360764881038,0.000641088262934904,0.0087840991572206,0.0332475878478413,0.787080226707403,0.0403580020500783,FALSE,TRUE,TRUE,FALSE,"Rpv12",6,"Rpv12|6"
"Vitvi16g01353",50.3237257409186,-2.62573082390913,-2.07221731123281,0.888560485258948,-3.41222363483749,0.000644352271757935,0.00881348544497159,0.0173148520620299,0.525451525627193,0.0277895084943926,FALSE,TRUE,TRUE,FALSE,"Rpv12",6,"Rpv12|6"
"Vitvi04g00226",20.8775925521629,3.24901565666281,2.53277050095362,1.0968417968742,3.41099895467069,0.000647253396487396,0.00883575270018895,0.00911343753471234,0.343513562637666,0.0192833005465409,FALSE,TRUE,TRUE,FALSE,"Rpv12",6,"Rpv12|6"
"Vitvi17g01203",251.960287209146,-1.50303221496981,-1.22530269635615,0.48457706174315,-3.41087539064247,0.000647546778983176,0.00883575270018895,0.126821426269829,1,0.0962324109727669,FALSE,TRUE,TRUE,FALSE,"Rpv12",6,"Rpv12|6"
"Vitvi13g04231",11.321534008436,-3.77529892504634,-2.93814185616124,1.23011241587198,-3.40834082541282,0.000653592043013262,0.00889352029957332,0.00612133922321763,0.261220412300408,0.0132049550400366,FALSE,TRUE,TRUE,FALSE,"Rpv12",6,"Rpv12|6"
"Vitvi02g01001",549.018076611293,1.36967816168678,1.12959421106162,0.436427671589022,3.40774890377407,0.000655011391794869,0.00890770241622246,0.178850019811503,1,0.122279213238623,FALSE,TRUE,TRUE,FALSE,"Rpv12",6,"Rpv12|6"
"Vitvi11g01638",15.8395316700317,-2.14986513955587,-1.71794017555886,0.708090991322578,-3.40606941803471,0.000659054192908456,0.00895237386134764,0.0342466355294569,0.802021252296386,0.0417015091867116,FALSE,TRUE,TRUE,FALSE,"Rpv12",6,"Rpv12|6"
"Vitvi07g01600",54.7899415386578,-2.91555317353322,-2.32507898297921,0.96724582007109,-3.40374245318745,0.000664693938061889,0.00900663478131478,0.0126685094637475,0.433184283175168,0.0206315563354284,FALSE,TRUE,TRUE,FALSE,"Rpv12",6,"Rpv12|6"
"Vitvi13g01977",369.989542181132,2.0769290587758,1.67078767447864,0.684361373222865,3.40134501515043,0.000670551393071853,0.00907722923045461,0.0388944245048089,0.864615943287726,0.044532760042596,FALSE,TRUE,TRUE,FALSE,"Rpv12",6,"Rpv12|6"
"Vitvi11g01231",90.7010072710274,-2.10823035892279,-1.69189076037698,0.693746698665679,-3.39999735159476,0.00067386505821455,0.00910733398562277,0.0369470677720254,0.839703167548577,0.0435825066400421,FALSE,TRUE,TRUE,FALSE,"Rpv12",6,"Rpv12|6"
"Vitvi14g01581",48.3887211891048,-2.090424442216,-1.66934632870718,0.697247908017918,-3.39999507892239,0.000673870659147536,0.00910733398562277,0.0380704243519983,0.853371234467801,0.0457762601586983,FALSE,TRUE,TRUE,FALSE,"Rpv12",6,"Rpv12|6"
"Vitvi18g00237",3459.84375679437,1.36955900219304,1.1361321842439,0.430251278993815,3.39997022257846,0.000673931919687943,0.00910733398562277,0.179455795954195,1,0.117468127796787,FALSE,TRUE,TRUE,FALSE,"Rpv12",6,"Rpv12|6"
"Vitvi09g04468",25.2368000939448,-3.08761969197265,-2.34238312883575,1.13490263614365,-3.39769577050262,0.000679559460292917,0.00914154531380369,0.0108051091708945,0.381960609191122,0.0296720777935861,FALSE,TRUE,TRUE,FALSE,"Rpv12",6,"Rpv12|6"
"Vitvi05g00726",95.0899063078398,4.67401667256031,3.68145116539099,1.40737153514037,3.39723836555482,0.000680696452770645,0.00914642298483969,0.00380661896799846,0.186824288149853,0.00603189020526346,FALSE,TRUE,TRUE,FALSE,"Rpv12",6,"Rpv12|6"
"Vitvi18g01973",7.72916889066095,5.33386562952042,4.52642001492768,2.43356843813131,3.39638924469214,0.000682811841275057,0.00916442120147693,0.00292086180602763,0.152508630706341,0.0171544775037133,FALSE,TRUE,TRUE,FALSE,"Rpv12",6,"Rpv12|6"
"Vitvi14g01485",326.102862911917,1.33486521018033,1.1045011540788,0.421933086289659,3.39601565562667,0.000683744486507151,0.00917172757539575,0.19712735171317,1,0.131828831205908,FALSE,TRUE,TRUE,FALSE,"Rpv12",6,"Rpv12|6"
"Vitvi18g02872",189.679618714075,1.55766285957598,1.25806589715378,0.510812498801681,3.39522630535954,0.000685718952857616,0.00919299268127276,0.11208132505318,1,0.0905472079080962,FALSE,TRUE,TRUE,FALSE,"Rpv12",6,"Rpv12|6"
"Vitvi12g04522",4.59278586959796,5.90710722000367,4.92895543657692,2.63516373963016,3.39393750183606,0.000688954136815837,0.00921544429210855,0.00244194605486117,0.135050458454785,0.0157439359793993,FALSE,TRUE,TRUE,FALSE,"Rpv12",6,"Rpv12|6"
"Vitvi15g04210",52.9039520780068,-1.62736907116397,-1.32794790762526,0.520786701527414,-3.39289761384274,0.000691574822638316,0.00924205693298983,0.0954366470520341,1,0.0750738744436058,FALSE,TRUE,TRUE,FALSE,"Rpv12",6,"Rpv12|6"
"Vitvi01g04362",237.58886850214,-1.3145847212491,-1.08471637194593,0.417443053138892,-3.39238247275223,0.000692876490427735,0.00924205693298983,0.208450622592361,1,0.137862827443305,FALSE,TRUE,TRUE,FALSE,"Rpv12",6,"Rpv12|6"
"Vitvi06g00345",193.65671595713,-1.50465565931722,-1.22601911406405,0.485303864876853,-3.39150139052466,0.000695108104023351,0.00926627744539481,0.127665426105405,1,0.0960411324524383,FALSE,TRUE,TRUE,FALSE,"Rpv12",6,"Rpv12|6"
"Vitvi12g04375",233.235961497527,-2.11810598992458,-1.6620506968221,0.721168117295715,-3.38996891992664,0.000699005480818028,0.00931297657523038,0.0367676971770213,0.837081105703831,0.0489251729925242,FALSE,TRUE,TRUE,FALSE,"Rpv12",6,"Rpv12|6"
"Vitvi07g00563",412.937623064709,-1.55909856309037,-1.26257114148438,0.50791218529687,-3.38974666183572,0.000699572410515139,0.00931527591949753,0.112073291344452,1,0.0886659298476361,FALSE,TRUE,TRUE,FALSE,"Rpv12",6,"Rpv12|6"
"Vitvi08g01325",88.6021760503171,-2.33434380496733,-1.85975098578702,0.77983926384629,-3.38457112261265,0.000712895471811818,0.00945006556405093,0.0265161594368284,0.688131165384915,0.0350040712055564,FALSE,TRUE,TRUE,FALSE,"Rpv12",6,"Rpv12|6"
"Vitvi19g04110",345.287078225139,1.94527626308527,1.54681373311946,0.661218508575275,3.38409183337626,0.00071414112895923,0.00946126850716485,0.0500422093754216,0.976253630116968,0.0562516015393169,FALSE,TRUE,TRUE,FALSE,"Rpv12",6,"Rpv12|6"
"Vitvi11g01186",7.10034819127204,-5.48394919529273,-5.50189381380802,2.91745328154643,-3.38359749995158,0.000715428003739394,0.0094730046548946,0.00286382487702023,0.15073399387922,0.014356410898597,FALSE,TRUE,TRUE,FALSE,"Rpv12",6,"Rpv12|6"
"Vitvi09g00022",91.3572823534436,-1.73947071788893,-1.38008435782983,0.579007503990843,-3.38308674488747,0.00071675989102874,0.00947867219178565,0.0751897837411215,1,0.0724088645659403,FALSE,TRUE,TRUE,FALSE,"Rpv12",6,"Rpv12|6"
"Vitvi04g01363",38.9611395701081,-2.08904760090678,-1.65464749183486,0.701288994719159,-3.38020467366922,0.000724318694413102,0.00955324187572658,0.0390227303902425,0.865081020574876,0.0471981047027573,FALSE,TRUE,TRUE,FALSE,"Rpv12",6,"Rpv12|6"
"Vitvi11g00139",12.1068298581061,-4.03142262895161,-3.13486136855029,1.42190431559861,-3.37885102044642,0.000727894417851295,0.00957900943648094,0.0055435667717894,0.24413158785057,0.0153212185160872,FALSE,TRUE,TRUE,FALSE,"Rpv12",6,"Rpv12|6"
"Vitvi06g00518",13.8382583016092,2.50394086990494,1.97196249718658,0.832035520303943,3.37800047034559,0.000730149557772374,0.00960333677822885,0.0212340075271201,0.604235421184909,0.0306192309002001,FALSE,TRUE,TRUE,FALSE,"Rpv12",6,"Rpv12|6"
"Vitvi05g00604",174.597697209989,-1.77726827027471,-1.43674152402757,0.579012400885851,-3.37734223786396,0.000731899241652258,0.00961686995066669,0.0698321736891939,1,0.0628083796080167,FALSE,TRUE,TRUE,FALSE,"Rpv12",6,"Rpv12|6"
"Vitvi14g00821",198.730510745038,-1.55483726693667,-1.26757540045874,0.502020369864344,-3.37730711016235,0.000731992725903764,0.00961686995066669,0.11406728883746,1,0.0865927817959421,FALSE,TRUE,TRUE,FALSE,"Rpv12",6,"Rpv12|6"
"Vitvi01g01782",983.479666782278,-1.48309029701884,-1.2121980537356,0.482256053783553,-3.36723003475722,0.000759273255107,0.00989820796475583,0.136361074666124,1,0.0981716095653224,FALSE,TRUE,TRUE,FALSE,"Rpv12",6,"Rpv12|6"
"Vitvi18g04174",4926.89985802862,1.72071444296781,1.38981282892069,0.568996745053174,3.36558483922895,0.00076381574281388,0.00994096720482064,0.0793198203873419,1,0.0698094712801562,FALSE,TRUE,TRUE,FALSE,"Rpv12",6,"Rpv12|6"
"Vitvi18g00376",809.160469281572,-2.54922478940713,-1.96527570570111,0.908946650838302,-3.36013401445024,0.000779046728103522,0.0101002424869711,0.0205755414239074,0.588879199242883,0.0375742809823814,FALSE,TRUE,TRUE,FALSE,"Rpv12",6,"Rpv12|6"
"Vitvi12g01277",38.6070101528727,1.52702953237752,1.238322604132,0.494409739972846,3.35860764779861,0.000783362036997333,0.0101394948153156,0.123193649772404,1,0.0945173653982602,FALSE,TRUE,TRUE,FALSE,"Rpv12",6,"Rpv12|6"
"Vitvi02g00242",44.0136943619884,-2.3868631099519,-1.89070066827547,0.803338004417836,-3.35835151718952,0.00078408833391416,0.010143337690975,0.0255094394819483,0.673361682551248,0.0347536962120236,FALSE,TRUE,TRUE,FALSE,"Rpv12",6,"Rpv12|6"
"Vitvi14g02006",56.2959889216437,-2.28088617747364,-1.80622604089714,0.77477061210183,-3.35634107776813,0.00078981098337959,0.010207493540585,0.0297268439566878,0.734479186817937,0.039025484951568,FALSE,TRUE,TRUE,FALSE,"Rpv12",6,"Rpv12|6"
"Vitvi01g01684",350.391480058281,-1.37648307278513,-1.11054599046899,0.459125814792408,-3.35630575645933,0.00078991186995976,0.010207493540585,0.179313079369596,1,0.133029226507904,FALSE,TRUE,TRUE,FALSE,"Rpv12",6,"Rpv12|6"
"Vitvi02g00717",604.223697565534,-1.38213860127497,-1.12525481009822,0.449312062115052,-3.35491659051445,0.000793889177547576,0.010242080913178,0.176812927698752,1,0.126659798178276,FALSE,TRUE,TRUE,FALSE,"Rpv12",6,"Rpv12|6"
"Vitvi02g00020",149.768428416278,-3.12001572132545,-2.43023533155624,1.11063778409467,-3.35404316310474,0.000796399387446245,0.0102576588496484,0.011337232392217,0.395440846244069,0.0237388067003972,FALSE,TRUE,TRUE,FALSE,"Rpv12",6,"Rpv12|6"
"Vitvi03g04213",20.4747813232978,-2.43599739383549,-1.92563547492873,0.818259871095485,-3.35361458827608,0.000797633793608526,0.0102674954316961,0.0240262294236643,0.652650192620596,0.0331485489445877,FALSE,TRUE,TRUE,FALSE,"Rpv12",6,"Rpv12|6"
"Vitvi00g04587",4.97313982925223,4.80292621311722,3.68896262964042,1.54402183369846,3.35058036745499,0.000806424048973233,0.0103641724074242,0.00401517817432332,0.195592264175277,0.009045800340375,FALSE,TRUE,TRUE,FALSE,"Rpv12",6,"Rpv12|6"
"Vitvi09g04474",89.009409187246,1.80790105412688,1.45532639681299,0.596448826538599,3.34880966242229,0.000811595300354169,0.0104061733486688,0.0672630324058857,1,0.0616591529940031,FALSE,TRUE,TRUE,FALSE,"Rpv12",6,"Rpv12|6"
"Vitvi09g04121",34.4865193245051,-1.4851131971236,-1.2051771718946,0.483773347913734,-3.34840691343171,0.000812775794949365,0.0104061733486688,0.137030288090415,1,0.100132122451213,FALSE,TRUE,TRUE,FALSE,"Rpv12",6,"Rpv12|6"
"Vitvi07g01893",6767.13413396622,-1.37599214261426,-1.1267510307142,0.442516596653307,-3.34841029030283,0.000812765890407556,0.0104061733486688,0.180106664018532,1,0.125070458188674,FALSE,TRUE,TRUE,FALSE,"Rpv12",6,"Rpv12|6"
"Vitvi04g00491",48.725881625705,-1.99599718996382,-1.58424648221691,0.679391675549212,-3.34661390070711,0.000818050641674795,0.0104680348091235,0.0474647566882558,0.943488275234105,0.054261852645938,FALSE,TRUE,TRUE,FALSE,"Rpv12",6,"Rpv12|6"
"Vitvi03g00426",7020.14682421796,1.38130860028605,1.13085942327525,0.449105280369116,3.34547783957546,0.000821409227916451,0.0104939582378812,0.177869398493065,1,0.123277365776323,FALSE,TRUE,TRUE,FALSE,"Rpv12",6,"Rpv12|6"
"Vitvi05g00574",508.090859723759,-1.69649158368172,-1.34494105722129,0.57833380497509,-3.34204801077808,0.000831626749135771,0.0105901277995068,0.0850205931622401,1,0.0788720234442148,FALSE,TRUE,TRUE,FALSE,"Rpv12",6,"Rpv12|6"
"Vitvi14g02869",1149.30283776773,-1.62138521587202,-1.29895084461074,0.538328748893798,-3.34023632973432,0.000837071244008227,0.010640642566279,0.100250868914983,1,0.0841763273213255,FALSE,TRUE,TRUE,FALSE,"Rpv12",6,"Rpv12|6"
"Vitvi14g04526",1286.62903870897,-1.57852976411472,-1.26504301769624,0.526637321938413,-3.33806203309636,0.000843649124141319,0.0106992926536237,0.110589958083893,1,0.0907362563094917,FALSE,TRUE,TRUE,FALSE,"Rpv12",6,"Rpv12|6"
"Vitvi14g00493",8.83492413252019,4.52850374624207,3.42038891974707,1.40047396909332,3.3365105744289,0.000848372012583834,0.0107339280563767,0.00468802443284152,0.216560395409174,0.00947186030565103,FALSE,TRUE,TRUE,FALSE,"Rpv12",6,"Rpv12|6"
"Vitvi02g04035",136.946395594253,-1.93178445982885,-1.55153004194194,0.641229907383387,-3.33563613903534,0.000851044727191515,0.0107504698105444,0.0538167136716323,1,0.0541114302021946,FALSE,TRUE,TRUE,FALSE,"Rpv12",6,"Rpv12|6"
"Vitvi19g00283",1409.33829949023,2.22972323502764,1.87788547611543,0.763563381439407,3.33467450719245,0.000853992972552406,0.0107630483803559,0.0329495126214519,0.78214727828,0.0320562514261436,FALSE,TRUE,TRUE,FALSE,"Rpv12",6,"Rpv12|6"
"Vitvi07g04026",64.6534664420183,-2.10051352589872,-1.63682553466594,0.729381686347479,-3.33396055126213,0.000856187997490062,0.0107808490814021,0.0403409238347891,0.875023405136192,0.0529054386616478,FALSE,TRUE,TRUE,FALSE,"Rpv12",6,"Rpv12|6"
"Vitvi00g04714",7.09691626709318,-3.23507567956367,-2.51963333188951,1.09929561083474,-3.33202248452251,0.000862172901075349,0.0108446476406826,0.0106724771945796,0.38054274958579,0.0197634194206137,FALSE,TRUE,TRUE,FALSE,"Rpv12",6,"Rpv12|6"
"Vitvi06g01047",51.7620907844522,-1.59830140057216,-1.27856268479575,0.536506620639419,-3.33119596452534,0.000864737040805037,0.0108653289244131,0.106201375790522,1,0.088099663050582,FALSE,TRUE,TRUE,FALSE,"Rpv12",6,"Rpv12|6"
"Vitvi04g01666",45.0197234967474,-4.04196649753188,-2.96051547304422,1.55412936415161,-3.33052356970738,0.00086682824723394,0.0108800302104995,0.0061123033032776,0.261220412300408,0.02493379281184,FALSE,TRUE,TRUE,FALSE,"Rpv12",6,"Rpv12|6"
"Vitvi11g04061",6.09379405845295,-5.09029655018989,-4.89255687474451,2.74244718244563,-3.32878997649272,0.000872241522575803,0.0109416628446688,0.00377228857738568,0.185487400180135,0.0183486096182349,FALSE,TRUE,TRUE,FALSE,"Rpv12",6,"Rpv12|6"
"Vitvi15g01686",518.792169462683,1.92022496658114,1.50322627198734,0.668698568019446,3.3241666813101,0.00088683174413814,0.0110839891322916,0.0555766420119295,1,0.0634635682516547,FALSE,TRUE,TRUE,FALSE,"Rpv12",6,"Rpv12|6"
"Vitvi03g01016",322.075044666788,-1.4467687664243,-1.17067550340295,0.4760360464982,-3.32429034083094,0.000886438571685999,0.0110839891322916,0.152314810520972,1,0.110837368015507,FALSE,TRUE,TRUE,FALSE,"Rpv12",6,"Rpv12|6"
"Vitvi08g04326",22.2545159867452,-1.87940797153217,-1.47561385023168,0.646623012189523,-3.32157096518612,0.000895122163701574,0.0111757799952212,0.0600659939436873,1,0.0657622178248383,FALSE,TRUE,TRUE,FALSE,"Rpv12",6,"Rpv12|6"
"Vitvi05g01924",242.679477046664,-1.28493111865038,-1.04657291595682,0.417998569814459,-3.32096513415995,0.000897067430588043,0.0111941504729798,0.230738200802455,1,0.152485800182935,FALSE,TRUE,TRUE,FALSE,"Rpv12",6,"Rpv12|6"
"Vitvi09g04545",265.833396631607,2.75807626678026,2.15362901797771,0.968627099565789,3.3200771687255,0.000899925685978082,0.0112061384049416,0.0171621925628127,0.523015277423533,0.0289632487002155,FALSE,TRUE,TRUE,FALSE,"Rpv12",6,"Rpv12|6"
"Vitvi03g01334",84.3572315776987,-1.83049798352431,-1.42421887515181,0.637630361200042,-3.31800238014226,0.000906637118854486,0.0112401217312501,0.0661134023256129,1,0.0715335189727016,FALSE,TRUE,TRUE,FALSE,"Rpv12",6,"Rpv12|6"
"Vitvi03g00553",325.171907894879,-2.38683398199258,-1.82567665898642,0.863277224451043,-3.31496839718988,0.000916534857949808,0.0113293492488176,0.0270464393228227,0.694315805932993,0.0460568354946468,FALSE,TRUE,TRUE,FALSE,"Rpv12",6,"Rpv12|6"
"Vitvi06g04057",81.6920833966477,-2.88834118008111,-2.23429787743287,1.02482017137053,-3.31479914554302,0.000917089944124542,0.0113298616937105,0.0151157192160673,0.484573650702335,0.0280228576209323,FALSE,TRUE,TRUE,FALSE,"Rpv12",6,"Rpv12|6"
"Vitvi05g00482",273.546754938475,1.79923164217642,1.44294938254901,0.599306660783437,3.31430261746541,0.000918720180483601,0.0113312294852997,0.0704785608281314,1,0.0647757500591239,FALSE,TRUE,TRUE,FALSE,"Rpv12",6,"Rpv12|6"
"Vitvi08g00175",176.98087366757,-2.33104426435147,-1.81823175796454,0.815491071599501,-3.31338219544402,0.000921749280454408,0.0113581437156463,0.0292487983130192,0.727991736508343,0.0429105842943127,FALSE,TRUE,TRUE,FALSE,"Rpv12",6,"Rpv12|6"
"Vitvi02g00435",2521.23282142386,-2.28280338045564,-1.77332009233262,0.802595526744551,-3.31307022387781,0.000922778073977967,0.0113648924210154,0.0313198535448143,0.757905688139497,0.0454963907974725,FALSE,TRUE,TRUE,FALSE,"Rpv12",6,"Rpv12|6"
"Vitvi14g02935",15.351365095336,-2.89334612283665,-2.28829409514515,0.95309035406327,-3.3126450037678,0.000924182042490703,0.0113762523229366,0.0150938891031365,0.484573650702335,0.021028796319226,FALSE,TRUE,TRUE,FALSE,"Rpv12",6,"Rpv12|6"
"Vitvi07g02983",198.226862803397,-2.81933708612017,-2.14695176800827,1.03387884804274,-3.30898862732459,0.000936336404232338,0.0114839763970801,0.016371432032832,0.512138751073904,0.0346289916540703,FALSE,TRUE,TRUE,FALSE,"Rpv12",6,"Rpv12|6"
"Vitvi10g00131",65.632523602254,-2.71129731427301,-2.10291145736032,0.960232528449576,-3.30803480399347,0.000939531326010207,0.0114992792658099,0.0184045165692385,0.549593320701724,0.0322969679918055,FALSE,TRUE,TRUE,FALSE,"Rpv12",6,"Rpv12|6"
"Vitvi08g00819",31.9986177341017,-3.23469166183896,-2.46649060726513,1.17395350788492,-3.30662210551999,0.000944281853609005,0.0115275586283989,0.0111819537480782,0.391577949258336,0.0253791456068912,FALSE,TRUE,TRUE,FALSE,"Rpv12",6,"Rpv12|6"
"Vitvi10g01035",148.638042900616,-3.16740517540899,-2.39566428562948,1.17936418261635,-3.30671280919369,0.000943976174174501,0.0115275586283989,0.0118329180564351,0.40944087756387,0.0295540344573781,FALSE,TRUE,TRUE,FALSE,"Rpv12",6,"Rpv12|6"
"Vitvi01g00944",216.716727803794,-1.28364649531647,-1.05116243368033,0.418227705440351,-3.30578410896189,0.000947110316562031,0.0115420697229732,0.232549374524882,1,0.150609902357298,FALSE,TRUE,TRUE,FALSE,"Rpv12",6,"Rpv12|6"
"Vitvi15g01618",1196.93510232477,-1.26356448704445,-1.03602981981737,0.408340662632454,-3.3017707320816,0.00096076566074328,0.0116865120690411,0.245502889777661,1,0.155622805372629,FALSE,TRUE,TRUE,FALSE,"Rpv12",6,"Rpv12|6"
"Vitvi06g00150",45.4788490168164,-2.30664710097884,-1.78120431983523,0.823597170070917,-3.30044436490639,0.000965318508356601,0.0117057257722791,0.0307705478477381,0.750164735460373,0.0463400974470741,FALSE,TRUE,TRUE,FALSE,"Rpv12",6,"Rpv12|6"
"Vitvi18g02993",920.087233932987,-1.598318010863,-1.28537697112262,0.535544349246103,-3.2993709408773,0.000969017731028096,0.0117265045298902,0.108397793348094,1,0.0867796983726034,FALSE,TRUE,TRUE,FALSE,"Rpv12",6,"Rpv12|6"
"Vitvi10g04100",739.137879287657,-1.33850980195034,-1.08014521134137,0.44405479691947,-3.29939556186712,0.000968932735526667,0.0117265045298902,0.202022518488921,1,0.141729090705905,FALSE,TRUE,TRUE,FALSE,"Rpv12",6,"Rpv12|6"
"Vitvi11g00028",56.5450479468891,-1.42083587640371,-1.14470182194879,0.472464243512787,-3.29915834433716,0.0009697519347539,0.0117293805441662,0.164241463089965,1,0.120279606784655,FALSE,TRUE,TRUE,FALSE,"Rpv12",6,"Rpv12|6"
"Vitvi03g01040",6.0858692336734,3.64135550876281,2.86724714845339,1.18566935283268,3.29772532064393,0.000974714348145324,0.0117713202105771,0.00838942315517735,0.323209013720595,0.0133560839082851,FALSE,TRUE,TRUE,FALSE,"Rpv12",6,"Rpv12|6"
"Vitvi09g00558",23.3436131200815,-3.38588530954453,-2.46900630300302,1.339882035143,-3.29715907481747,0.000976681672771232,0.0117890518519172,0.0100895401327026,0.366050420229803,0.0352569343698508,FALSE,TRUE,TRUE,FALSE,"Rpv12",6,"Rpv12|6"
"Vitvi01g00394",223.908568372104,-2.57288404457407,-1.74087994794014,1.15462902394457,-3.29621190133708,0.00097998068691136,0.0118167962155284,0.0219506526396012,0.61346914786253,0.073646910573172,FALSE,TRUE,TRUE,FALSE,"Rpv12",6,"Rpv12|6"
"Vitvi19g01835",8.1353605372195,7.0089432381497,6.0701714754061,3.39003872859606,3.29318687356519,0.000990586114739201,0.0119142694513082,0.00246029668604014,0.135492423179209,0.0154902104832983,FALSE,TRUE,TRUE,FALSE,"Rpv12",6,"Rpv12|6"
"Vitvi01g01307",7.38604292571177,-3.75971715619006,-2.87527923998478,1.31057423121878,-3.2930006088878,0.000991242599450472,0.0119160980581267,0.00783687682436653,0.310613425528188,0.0175189857665205,FALSE,TRUE,TRUE,FALSE,"Rpv12",6,"Rpv12|6"
"Vitvi13g01837",111.382471158132,-1.77101738992598,-1.4065331660935,0.59507699127826,-3.29170665674631,0.000995814228473071,0.0119649662792426,0.0759213716254854,1,0.0701521623096018,FALSE,TRUE,TRUE,FALSE,"Rpv12",6,"Rpv12|6"
"Vitvi14g03076",1078.1959891505,1.96988742259717,1.55668687135161,0.677426373949036,3.29145133614965,0.000996718597782782,0.0119697441366674,0.0525554682267389,0.999853449704192,0.0565646340269589,FALSE,TRUE,TRUE,FALSE,"Rpv12",6,"Rpv12|6"
"Vitvi05g04358",34.2623085528441,-2.3837141274914,-1.8086062943809,0.87016727771634,-3.29031696854322,0.00100074583473895,0.0119998061462961,0.0280690777592826,0.710115091977828,0.048203508175159,FALSE,TRUE,TRUE,FALSE,"Rpv12",6,"Rpv12|6"
"Vitvi12g02041",72.9874586244482,-1.51945944683847,-1.22414229613869,0.506449403968877,-3.28918262429335,0.00100478804777014,0.0120360564221228,0.130405415698669,1,0.0979760037454046,FALSE,TRUE,TRUE,FALSE,"Rpv12",6,"Rpv12|6"
"Vitvi12g04562",346.667445406402,-1.42050968697002,-1.12837923020261,0.488594180056717,-3.28837361569715,0.00100768016169456,0.0120584705063571,0.165165243819013,1,0.129436996876161,FALSE,TRUE,TRUE,FALSE,"Rpv12",6,"Rpv12|6"
"Vitvi05g01348",657.539353213868,-1.444130851466,-1.1585051831479,0.48155708919721,-3.28731141747721,0.00101148910092724,0.0120753565369462,0.156011521141606,1,0.115048098766688,FALSE,TRUE,TRUE,FALSE,"Rpv12",6,"Rpv12|6"
"Vitvi18g04642",446.507887389829,-1.54369443213653,-1.20354712467241,0.538213276741147,-3.28559203253318,0.00101768290407162,0.0121167870766028,0.123596034763033,1,0.107855357872584,FALSE,TRUE,TRUE,FALSE,"Rpv12",6,"Rpv12|6"
"Vitvi04g00973",3590.08579985689,1.49583365195108,1.20180331936883,0.503180484509806,3.28492957944704,0.00102007863718755,0.0121294810088592,0.138104120039654,1,0.103485963786996,FALSE,TRUE,TRUE,FALSE,"Rpv12",6,"Rpv12|6"
"Vitvi07g04268",43.4676426166248,-2.15955140496766,-1.62832023647604,0.804093078428504,-3.28233087417964,0.00102952723444967,0.012220850418176,0.0390001691385046,0.865081020574876,0.0605213563415568,FALSE,TRUE,TRUE,FALSE,"Rpv12",6,"Rpv12|6"
"Vitvi19g00514",2573.69765453889,2.03809994722865,1.80017469076014,0.675810735687852,3.28211107658842,0.00103033009718808,0.0122242378482054,0.0472889705509273,0.941315097121842,0.029435831390969,FALSE,TRUE,TRUE,FALSE,"Rpv12",6,"Rpv12|6"
"Vitvi03g01872",5346.30954250312,2.19289141096362,1.72089696684051,0.76304302419553,3.28151442995389,0.00103251241243848,0.0122439800234045,0.03712491650952,0.842281605353455,0.046624289001647,FALSE,TRUE,TRUE,FALSE,"Rpv12",6,"Rpv12|6"
"Vitvi18g02417",197.893551435527,-1.92716824352562,-1.50095497542535,0.679931327396124,-3.28065322776276,0.00103566991918815,0.0122752608284307,0.0572446238124905,1,0.0655981218450152,FALSE,TRUE,TRUE,FALSE,"Rpv12",6,"Rpv12|6"
"Vitvi06g01856",194.049686804105,-1.3742001018097,-1.1091918631448,0.457888301041496,-3.28012363067611,0.00103761606545099,0.0122921598285272,0.185877566117305,1,0.133628605468829,FALSE,TRUE,TRUE,FALSE,"Rpv12",6,"Rpv12|6"
"Vitvi07g04375",298.491090433361,-1.26473213859905,-1.02284561944021,0.422099343347216,-3.27926944579196,0.00104076212871837,0.0123142720816267,0.246226498228672,1,0.162968313230732,FALSE,TRUE,TRUE,FALSE,"Rpv12",6,"Rpv12|6"
"Vitvi01g04017",37.8001061215441,2.92729104822795,2.23612753370323,1.02994693587804,3.27846370581312,0.00104373785156676,0.0123214270513293,0.015449993812652,0.491077020832519,0.028257175670739,FALSE,TRUE,TRUE,FALSE,"Rpv12",6,"Rpv12|6"
"Vitvi19g00768",257.90085008332,-2.7177687030088,-1.96717591594886,1.08940945505646,-3.27859916555094,0.00104323702783579,0.0123214270513293,0.0191250756236021,0.562759115003157,0.051714523762897,FALSE,TRUE,TRUE,FALSE,"Rpv12",6,"Rpv12|6"
"Vitvi17g00390",68.0382461890763,-1.91100310813598,-1.497995000539,0.664351854087767,-3.27868188073376,0.0010429313214055,0.0123214270513293,0.0590271140599344,1,0.0636276744678394,FALSE,TRUE,TRUE,FALSE,"Rpv12",6,"Rpv12|6"
"Vitvi12g00019",63.3635526961746,2.22670323813563,1.72775556389489,0.781754418945417,3.27636571824094,0.00105152302203375,0.012382391239522,0.0355408610771095,0.820576685715892,0.0479166173750023,FALSE,TRUE,TRUE,FALSE,"Rpv12",6,"Rpv12|6"
"Vitvi04g01748",840.592917896812,-1.34241932562807,-1.08003012035632,0.45109198513854,-3.27603648748877,0.00105274959090694,0.0123906581148,0.201678961310073,1,0.1421378665051,FALSE,TRUE,TRUE,FALSE,"Rpv12",6,"Rpv12|6"
"Vitvi13g02314",12.6225777219161,3.74915493041928,2.85838633341861,1.27645280289069,3.27489609431055,0.00105700843523174,0.0124283988337701,0.0081831189776656,0.318451752438389,0.0167977767851418,FALSE,TRUE,TRUE,FALSE,"Rpv12",6,"Rpv12|6"
"Vitvi08g01843",875.455214953867,1.85441719502813,1.46358327723716,0.639726064559619,3.27497724879277,0.00105670483453091,0.0124283988337701,0.0656578002649339,1,0.0667526957000214,FALSE,TRUE,TRUE,FALSE,"Rpv12",6,"Rpv12|6"
"Vitvi07g04598",88.9314249252652,-1.91748403051794,-1.52473608442869,0.648323001630103,-3.27457040826986,0.00105822764584222,0.0124365440050173,0.0585778627897147,1,0.0578227853963847,FALSE,TRUE,TRUE,FALSE,"Rpv12",6,"Rpv12|6"
"Vitvi13g02553",19.897541997263,4.74546359008008,3.61731114924493,2.21761944172876,3.27362120738917,0.00106178841930183,0.0124700266886771,0.004923155033163,0.22397358697828,0.029908417653513,FALSE,TRUE,TRUE,FALSE,"Rpv12",6,"Rpv12|6"
"Vitvi04g01941",1061.35171094805,1.64641779586569,1.32168812411554,0.552042740665599,3.27039930724932,0.00107395768847284,0.012590088594097,0.0995663903369131,1,0.0808776808847781,FALSE,TRUE,TRUE,FALSE,"Rpv12",6,"Rpv12|6"
"Vitvi19g04387",26.3215307257402,2.87273690661997,2.19631837231558,1.04130034680807,3.26975521071723,0.0010764058926931,0.0126125297605141,0.0165270189030415,0.515256756141905,0.032176727671792,FALSE,TRUE,TRUE,FALSE,"Rpv12",6,"Rpv12|6"
"Vitvi09g04264",10.4347810039333,4.15757554534421,3.26338085661304,1.28006428783539,3.26625459411668,0.00108980221175416,0.0127417225949824,0.00658275390711457,0.27419465757574,0.00850863853684383,FALSE,TRUE,TRUE,FALSE,"Rpv12",6,"Rpv12|6"
"Vitvi03g04160",65.1611608817214,-2.03438309475783,-1.56645720687917,0.723953509448754,-3.26616976334987,0.00109012875135296,0.0127417225949824,0.0483888529992818,0.954845513880266,0.0603605752310537,FALSE,TRUE,TRUE,FALSE,"Rpv12",6,"Rpv12|6"
"Vitvi05g04110",273.848595004953,1.39795276841847,1.12906645060744,0.46722493678257,3.26544458171729,0.00109292389295022,0.0127617638157538,0.176297309409396,1,0.127452484115344,FALSE,TRUE,TRUE,FALSE,"Rpv12",6,"Rpv12|6"
"Vitvi13g04271",4.55221945955138,-5.62769975793185,-5.44496480181102,3.16115786623038,-3.26421924465992,0.00109766190085895,0.0127981092902716,0.00369572879182438,0.18206510257125,0.0189079016293928,FALSE,TRUE,TRUE,FALSE,"Rpv12",6,"Rpv12|6"
"Vitvi08g01787",5980.09660119535,1.40148987112798,1.13161138366608,0.470328222874246,3.26352278384932,0.00110036336356435,0.012823277441597,0.174916535178171,1,0.126461341252648,FALSE,TRUE,TRUE,FALSE,"Rpv12",6,"Rpv12|6"
"Vitvi13g00309",230.358077637073,-2.068225507576,-1.61662299370469,0.721507290632851,-3.26103711824343,0.00111005508094356,0.0129171040010093,0.0460620045019638,0.927907928425317,0.0548638283360741,FALSE,TRUE,TRUE,FALSE,"Rpv12",6,"Rpv12|6"
"Vitvi02g00500",799.288192913082,2.61887062257355,2.00707327889457,0.960047686688155,3.26079895609102,0.00111098781720311,0.0129215924263771,0.0219198986714962,0.613264844222106,0.0383647973646986,FALSE,TRUE,TRUE,FALSE,"Rpv12",6,"Rpv12|6"
"Vitvi01g00588",104.807176633658,1.35278132329586,1.09051374144794,0.454106537511645,3.26014672446865,0.00111354592282942,0.0129322427674909,0.197610205358331,1,0.138879128748216,FALSE,TRUE,TRUE,FALSE,"Rpv12",6,"Rpv12|6"
"Vitvi08g01777",30.8145332792093,3.08536995001642,2.2309091406043,1.31920361268565,3.25839160264441,0.00112045672480527,0.0129933376305106,0.0138295844840013,0.455627330625933,0.0473423047512376,FALSE,TRUE,TRUE,FALSE,"Rpv12",6,"Rpv12|6"
"Vitvi06g01329",34.4854566011489,-4.17203907281285,-3.14929592808859,1.58647097294896,-3.25741110918502,0.0011243346659692,0.013023432649371,0.00665822911399748,0.275589581318133,0.0209290833469012,FALSE,TRUE,TRUE,FALSE,"Rpv12",6,"Rpv12|6"
"Vitvi18g00283",337.291418583805,-1.70385559339483,-1.35024112996761,0.580430705175184,-3.2573174126805,0.00112470589301147,0.013023432649371,0.089218450700478,1,0.0779632012001429,FALSE,TRUE,TRUE,FALSE,"Rpv12",6,"Rpv12|6"
"Vitvi19g04487",49.0256204831231,1.59717086338444,1.25207239965278,0.559018256815599,3.25648315331908,0.00112801624173436,0.0130553648516653,0.111692635562048,1,0.0971957458582018,FALSE,TRUE,TRUE,FALSE,"Rpv12",6,"Rpv12|6"
"Vitvi05g01602",32.2433325027705,-2.18106791214834,-1.69545631527975,0.768673308436422,-3.25605899684169,0.00112970275037636,0.0130556939184884,0.0389356466681808,0.864615943287726,0.0499475988646765,FALSE,TRUE,TRUE,FALSE,"Rpv12",6,"Rpv12|6"
"Vitvi01g04088",459.295835290117,1.42385896759861,1.18288404837714,0.472641764781855,3.25471583700938,0.00113505874247453,0.013098367178668,0.166303946401886,1,0.106070534885974,FALSE,TRUE,TRUE,FALSE,"Rpv12",6,"Rpv12|6"
"Vitvi18g01618",20.5408283403146,-3.33042817684645,-2.54860397257522,1.20481747905937,-3.25303633696733,0.00114178895292422,0.0131503357610804,0.0114264984253845,0.398010349280471,0.0238464952769788,FALSE,TRUE,TRUE,FALSE,"Rpv12",6,"Rpv12|6"
"Vitvi05g04206",12.24116697728,-3.92024814129794,-2.98981187385664,1.4492693693324,-3.25278378778702,0.00114280417028604,0.013155614088936,0.00771779468924119,0.307758828164421,0.0204385146722827,FALSE,TRUE,TRUE,FALSE,"Rpv12",6,"Rpv12|6"
"Vitvi10g01952",4.88315811154589,-4.86231535679267,-3.8056152099642,1.80791239512245,-3.24979173635472,0.00115489552475378,0.0132689407031779,0.00496423003588331,0.225059434157143,0.0142010169408652,FALSE,TRUE,TRUE,FALSE,"Rpv12",6,"Rpv12|6"
"Vitvi02g01358",309.213209021218,-2.99594258991511,-2.18046727600432,1.21555610684176,-3.2484226450288,0.0011604675754733,0.0133264779133837,0.0152338361429018,0.486859648226779,0.0452183206055774,FALSE,TRUE,TRUE,FALSE,"Rpv12",6,"Rpv12|6"
"Vitvi08g01744",369.824334040171,2.25425976512462,1.74717486116692,0.798688443862857,3.24753468299796,0.00116409475459299,0.0133452618043536,0.0353892728715781,0.818521652561991,0.0470537022686961,FALSE,TRUE,TRUE,FALSE,"Rpv12",6,"Rpv12|6"
"Vitvi04g01454",2167.23296302366,-2.21279528012806,-1.70117640328899,0.796031383977772,-3.24590270339537,0.0011707884600905,0.0134123981591938,0.0376191514515408,0.846285973724288,0.0521588742330608,FALSE,TRUE,TRUE,FALSE,"Rpv12",6,"Rpv12|6"
"Vitvi13g04783",39.7844548989254,2.60633229302901,1.99860525108633,0.921881321776193,3.24307500304126,0.00118247078404765,0.0135134614711048,0.0228202836597508,0.625828804077774,0.0361479080907362,FALSE,TRUE,TRUE,FALSE,"Rpv12",6,"Rpv12|6"
"Vitvi04g04295",30.8640173570461,-1.90718444881808,-1.48892503369609,0.673072489371841,-3.24075188927185,0.00119214895658936,0.0135911885388774,0.0615957377507646,1,0.0664217004252463,FALSE,TRUE,TRUE,FALSE,"Rpv12",6,"Rpv12|6"
"Vitvi19g04522",21.8425991761886,-2.11260819416159,-1.66298085596098,0.725487979004723,-3.24010997842459,0.00119483605490624,0.0136086872174519,0.043966913790412,0.903480359657021,0.0492156710278074,FALSE,TRUE,TRUE,FALSE,"Rpv12",6,"Rpv12|6"
"Vitvi19g00574",7.64799099618036,-3.64773450452655,-2.75866462048582,1.30211002593271,-3.23905114925872,0.00119928064208824,0.0136342456070614,0.00937765999414534,0.350443153981211,0.0212278291510924,FALSE,TRUE,TRUE,FALSE,"Rpv12",6,"Rpv12|6"
"Vitvi14g04415",1027.78271810154,2.18277769657343,1.68813759447176,0.781241452179474,3.23846633602341,0.00120174202223142,0.0136544252280666,0.0396460690141598,0.867496253586766,0.0523073543995433,FALSE,TRUE,TRUE,FALSE,"Rpv12",6,"Rpv12|6"
"Vitvi17g04171",109.541640590219,-2.35553992302759,-1.72988025353691,0.906155476610605,-3.23825168127135,0.00120264663804951,0.0136581340788488,0.0311970422552375,0.757034720180665,0.0587685723237042,FALSE,TRUE,TRUE,FALSE,"Rpv12",6,"Rpv12|6"
"Vitvi08g00977",15.2920565204562,-2.37896330938475,-1.82449333650766,0.851261938146391,-3.23519006740973,0.0012156178028416,0.0137657352534632,0.0303796713864108,0.744102831270712,0.0453567954721273,FALSE,TRUE,TRUE,FALSE,"Rpv12",6,"Rpv12|6"
"Vitvi02g00705",192.337735335895,-1.75931629642881,-1.38404672498138,0.608578222077963,-3.23492258754587,0.00121675715320443,0.0137675526105682,0.0813297269842396,1,0.0747166217664606,FALSE,TRUE,TRUE,FALSE,"Rpv12",6,"Rpv12|6"
"Vitvi12g04641",37.332182906118,2.95741834012176,2.17469026381045,1.16202002399717,3.23419515496588,0.00121986069704015,0.0137873442035802,0.0161603685534354,0.508711288795808,0.0419700311772756,FALSE,TRUE,TRUE,FALSE,"Rpv12",6,"Rpv12|6"
"Vitvi07g04634",19.7166179430117,-3.79663530750424,-2.7907554593065,1.50781285736898,-3.23208911090641,0.00122888727183868,0.0138430019720426,0.00866007410779781,0.331682106275085,0.0291990084302899,FALSE,TRUE,TRUE,FALSE,"Rpv12",6,"Rpv12|6"
"Vitvi09g00183",99.2271028244616,-3.87044709467946,-2.92969414432651,1.47035959530957,-3.22819222479385,0.00124575232009688,0.0140129339549184,0.00835421322027679,0.322327232491476,0.0224684361231957,FALSE,TRUE,TRUE,FALSE,"Rpv12",6,"Rpv12|6"
"Vitvi11g04269",29.744796759616,2.17911902280939,1.66276612938055,0.797621853751182,3.22655017249628,0.00125292263388518,0.0140734847634978,0.040416904634986,0.875945160187737,0.055939698393007,FALSE,TRUE,TRUE,FALSE,"Rpv12",6,"Rpv12|6"
"Vitvi03g00124",330.219638848054,-2.59168160614745,-1.96540602557831,0.962251732865235,-3.22508862217184,0.00125933678787776,0.0141177639012504,0.0238170227738375,0.64763981158089,0.0430445618953834,FALSE,TRUE,TRUE,FALSE,"Rpv12",6,"Rpv12|6"
"Vitvi01g04445",329.148451093164,-1.67332459982039,-1.30471902601087,0.591597400645594,-3.22483552593852,0.00126045059976874,0.0141177639012504,0.0972068806212174,1,0.0892305619363948,FALSE,TRUE,TRUE,FALSE,"Rpv12",6,"Rpv12|6"
"Vitvi04g00517",336.620358358623,-2.56337033748556,-1.89483400256807,1.00047320356795,-3.22207688957476,0.00127264977601739,0.014222128944554,0.0247046210893615,0.663041628187134,0.050975570881694,FALSE,TRUE,TRUE,FALSE,"Rpv12",6,"Rpv12|6"
"Vitvi02g00370",45.4131193030415,-2.51080954768611,-1.88530318339157,0.948824933345922,-3.22231734319672,0.00127158212729759,0.014222128944554,0.0262576605546071,0.683869909962167,0.0476297394675984,FALSE,TRUE,TRUE,FALSE,"Rpv12",6,"Rpv12|6"
"Vitvi18g01385",162.20788202657,-3.15844605641493,-2.15358182101744,1.41370966851521,-3.22088020858552,0.00127797553028093,0.0142654303067798,0.0138751618838889,0.455634398619233,0.0571925766305096,FALSE,TRUE,TRUE,FALSE,"Rpv12",6,"Rpv12|6"
"Vitvi10g04043",38.6709183421747,-1.47429403131931,-1.17179748651445,0.501216124550839,-3.22020404432216,0.0012809938463155,0.014286891708057,0.150108233069359,1,0.113038095487742,FALSE,TRUE,TRUE,FALSE,"Rpv12",6,"Rpv12|6"
"Vitvi14g04321",7.09124845765057,4.96489167845374,3.48722256965454,1.79331224874538,3.21896927473249,0.00128652269598661,0.0143417834471901,0.00513080924618158,0.231275812984117,0.019571057121711,FALSE,TRUE,TRUE,FALSE,"Rpv12",6,"Rpv12|6"
"Vitvi03g00677",119.353634843912,-3.06094349051644,-2.24810512968556,1.20547851023752,-3.21759252325023,0.00129271325516721,0.0143972053340688,0.0151495412434633,0.485063463142909,0.0395579371239143,FALSE,TRUE,TRUE,FALSE,"Rpv12",6,"Rpv12|6"
"Vitvi01g04317",17.5989621723334,-2.70502452417865,-2.07227938905208,0.959096991920654,-3.21635157547465,0.00129831672134074,0.0144459903869575,0.0213199775891154,0.604235421184909,0.0343791117113829,FALSE,TRUE,TRUE,FALSE,"Rpv12",6,"Rpv12|6"
"Vitvi17g01082",19.2331364711164,-3.85936225315786,-2.91967832463931,1.49479434994973,-3.21432682768548,0.00130750756353955,0.0145277251486036,0.00864795128670069,0.331682106275085,0.0239541511472832,FALSE,TRUE,TRUE,FALSE,"Rpv12",6,"Rpv12|6"
"Vitvi15g01110",4686.50925832432,-1.52655762921728,-1.2062709525929,0.527208392027323,-3.21328322149211,0.00131226817058423,0.0145669166943331,0.133852760593805,1,0.104876918603823,FALSE,TRUE,TRUE,FALSE,"Rpv12",6,"Rpv12|6"
"Vitvi19g01578",18.1898378236484,1.7102279290323,1.34545197486123,0.587743434347346,3.2119301724302,0.00131846417324981,0.0146177823464053,0.0911252527305083,1,0.0799653364115808,FALSE,TRUE,TRUE,FALSE,"Rpv12",6,"Rpv12|6"
"Vitvi13g01818",435.665608188307,1.42991153695409,1.14153296619087,0.49016508000714,3.21187728856545,0.00131870689104181,0.0146177823464053,0.167104617070951,1,0.124274472699024,FALSE,TRUE,TRUE,FALSE,"Rpv12",6,"Rpv12|6"
"Vitvi01g02274",72.533618883423,-2.21533928456679,-1.67230306899345,0.819800972521871,-3.21128536305321,0.00132142642976872,0.0146346824852562,0.0390601221713344,0.865092349840519,0.0568780735556566,FALSE,TRUE,TRUE,FALSE,"Rpv12",6,"Rpv12|6"
"Vitvi16g04499",20.2658264790651,2.04203444775136,1.58285567360146,0.720972398004707,3.21062919561406,0.00132444716872366,0.0146607736736599,0.0506742412597187,0.984103546483283,0.057980700787285,FALSE,TRUE,TRUE,FALSE,"Rpv12",6,"Rpv12|6"
"Vitvi14g00040",909.622498768498,-1.35015188727676,-1.07866120755942,0.460534567028452,-3.20957616608379,0.00132930822629807,0.0146870528164701,0.202597312939866,1,0.142958067355587,FALSE,TRUE,TRUE,FALSE,"Rpv12",6,"Rpv12|6"
"Vitvi05g01948",360.708028084448,2.79907509307094,2.09233543338833,1.05785783465726,3.20875066314923,0.00133313046698827,0.0147223973310879,0.0195919786611851,0.57263303888038,0.0399571734024801,FALSE,TRUE,TRUE,FALSE,"Rpv12",6,"Rpv12|6"
"Vitvi10g04469",18.55476794679,-2.83033498915264,-2.09327557111124,1.08809870529662,-3.20805661279973,0.00133635190030325,0.0147441871036727,0.0190187995554069,0.560893774035952,0.0426417714934309,FALSE,TRUE,TRUE,FALSE,"Rpv12",6,"Rpv12|6"
"Vitvi03g01571",118.219256303622,-2.0526923676231,-1.56231503561712,0.746913892233075,-3.20652044984831,0.00134350755345665,0.0147968518381737,0.0500461071901393,0.976253630116968,0.0633000255600492,FALSE,TRUE,TRUE,FALSE,"Rpv12",6,"Rpv12|6"
"Vitvi14g04397",30.0262891578616,-1.46392377850567,-1.15406910414712,0.50668007049788,-3.20537335809048,0.00134887389549925,0.0148062728436261,0.15486314199291,1,0.12087954682185,FALSE,TRUE,TRUE,FALSE,"Rpv12",6,"Rpv12|6"
"Vitvi08g00019",138.122503512596,-2.06122263271443,-1.59876376089963,0.734264447414494,-3.2028419531895,0.00136078639123991,0.0148955033057781,0.0495761804344594,0.972161397290123,0.0573497019070825,FALSE,TRUE,TRUE,FALSE,"Rpv12",6,"Rpv12|6"
"Vitvi06g04093",209.968066666658,-1.4052946356183,-1.11550565597172,0.487654274608713,-3.20259589074782,0.0013619494922884,0.0149013297391555,0.177835318228099,1,0.13402768391012,FALSE,TRUE,TRUE,FALSE,"Rpv12",6,"Rpv12|6"
"Vitvi01g01941",10.5803541246637,-4.74953188107157,-4.17366066819859,2.65732401877484,-3.20094812187797,0.00136976191526113,0.0149590919844191,0.00580544433431847,0.25268655298076,0.0286099344928221,FALSE,TRUE,TRUE,FALSE,"Rpv12",6,"Rpv12|6"
"Vitvi17g00471",9.84385878706826,-3.39956375849601,-2.55573263234998,1.25533351749309,-3.20018093338388,0.00137341340324912,0.0149712835309417,0.0119642160514454,0.412347730816549,0.0259473159061562,FALSE,TRUE,TRUE,FALSE,"Rpv12",6,"Rpv12|6"
"Vitvi15g00250",5.87501919045285,5.43238492039819,4.49217883876884,2.7242085042238,3.19950532332725,0.00137663644923356,0.0149925800847373,0.00459580382815635,0.213494128167598,0.0242765158273123,FALSE,TRUE,TRUE,FALSE,"Rpv12",6,"Rpv12|6"
"Vitvi06g00165",43.4322137149713,-1.4741008879914,-1.1487245841136,0.520979869863002,-3.19899015661681,0.00137909877480226,0.015012475234276,0.151772672019666,1,0.125269074864693,FALSE,TRUE,TRUE,FALSE,"Rpv12",6,"Rpv12|6"
"Vitvi11g00096",13.6801738626787,-2.71420038769949,-2.06825945922728,0.977773162433297,-3.19409169763798,0.0014027155401134,0.0152204623282309,0.0218391249089778,0.612314757228243,0.0357638413805952,FALSE,TRUE,TRUE,FALSE,"Rpv12",6,"Rpv12|6"
"Vitvi08g01476",39.3582155295889,-1.36554944155348,-1.09013462943263,0.470180056851724,-3.19054979671786,0.00142002367161715,0.0153448303618208,0.19652725913168,1,0.140300938525499,FALSE,TRUE,TRUE,FALSE,"Rpv12",6,"Rpv12|6"
"Vitvi13g02510",22.6914761804832,3.53017554433373,2.59557193616753,1.37240574221227,3.18947192221678,0.00142532984417365,0.0153841874961238,0.0111489002667874,0.390943809757229,0.031215296335237,FALSE,TRUE,TRUE,FALSE,"Rpv12",6,"Rpv12|6"
"Vitvi05g04527",26.1492216941299,-1.91697508586267,-1.51017749031885,0.65339122555192,-3.18928115124058,0.00142627087530739,0.0153841874961238,0.0635583432415187,1,0.0606819851846242,FALSE,TRUE,TRUE,FALSE,"Rpv12",6,"Rpv12|6"
"Vitvi08g01851",17.3715337406752,-3.04769934313852,-2.30554961170554,1.12814622781192,-3.18823736530656,0.00143142978864234,0.0154244683848481,0.0161031914372225,0.508134360441861,0.0315742265889705,FALSE,TRUE,TRUE,FALSE,"Rpv12",6,"Rpv12|6"
"Vitvi13g04585",12.4759272686694,4.83351177337007,3.64520406256435,2.41884201830504,3.18724730288408,0.00143633906437055,0.0154574949332853,0.00579818396972009,0.25268655298076,0.0356372411857043,FALSE,TRUE,TRUE,FALSE,"Rpv12",6,"Rpv12|6"
"Vitvi05g02195",9.76015172087601,3.63821297930345,2.706339421343,1.3584653097995,3.186797091717,0.00143857658908022,0.0154604441252289,0.0104441774913943,0.376765654406428,0.0252666718905724,FALSE,TRUE,TRUE,FALSE,"Rpv12",6,"Rpv12|6"
"Vitvi19g01902",102.272526021674,-1.31111269738868,-1.03708738594199,0.454377945265163,-3.18694232971113,0.00143785441342899,0.0154604441252289,0.224756699839843,1,0.157510847858866,FALSE,TRUE,TRUE,FALSE,"Rpv12",6,"Rpv12|6"
"Vitvi19g04599",8.30229598644187,-2.8765946837346,-2.05902409438504,1.12604211825635,-3.18564436997572,0.00144432020542876,0.0155080599511991,0.0188538940797074,0.558549281122383,0.0469095588692901,FALSE,TRUE,TRUE,FALSE,"Rpv12",6,"Rpv12|6"
"Vitvi13g04639",6.52781683850395,7.66189343652073,6.31810168934157,3.94627436156666,3.18502143056896,0.00144743288889836,0.0155344205822612,0.00296729813597106,0.15401101575172,0.0213276249219739,FALSE,TRUE,TRUE,FALSE,"Rpv12",6,"Rpv12|6"
"Vitvi08g00788",918.488256545716,-1.78062198348868,-1.3794986666341,0.634306632764125,-3.18380453479207,0.00145353127790577,0.0155914050494193,0.0813914484009794,1,0.0785084537418525,FALSE,TRUE,TRUE,FALSE,"Rpv12",6,"Rpv12|6"
"Vitvi18g03366",38.7752871099782,1.7790865399384,1.35694915233235,0.648830169425653,3.18342537495803,0.00145543624446368,0.0155937254102575,0.0816491841990061,1,0.0847314212304964,FALSE,TRUE,TRUE,FALSE,"Rpv12",6,"Rpv12|6"
"Vitvi08g04035",143.826389835028,-2.75707140265989,-2.06315972949913,1.04988635168383,-3.17953144234444,0.00147513364862399,0.0157601117357738,0.0213742027340234,0.604462453318182,0.0418356834194886,FALSE,TRUE,TRUE,FALSE,"Rpv12",6,"Rpv12|6"
"Vitvi12g02640",24.1206687835185,2.8332669553384,2.14020230173129,1.04228495433593,3.17863321187608,0.00147971206612156,0.015786190250946,0.0198643147017088,0.575945131701289,0.0355106097828193,FALSE,TRUE,TRUE,FALSE,"Rpv12",6,"Rpv12|6"
"Vitvi17g00469",69.8772208011633,2.44617703461273,1.85226188848173,0.902550588504658,3.17883517050883,0.00147868151263682,0.015786190250946,0.0301039164679537,0.740120630531204,0.0467665360086174,FALSE,TRUE,TRUE,FALSE,"Rpv12",6,"Rpv12|6"
"Vitvi05g00261",68.2395997443365,-2.16810746064912,-1.63975148887677,0.805347455867962,-3.17878748994769,0.00147892475710565,0.015786190250946,0.0433920372169474,0.902183549435083,0.0597214865100871,FALSE,TRUE,TRUE,FALSE,"Rpv12",6,"Rpv12|6"
"Vitvi18g02514",804.05209018441,-1.75914438054925,-1.355573994598,0.632544898413232,-3.17800528518867,0.00148292047646366,0.0158075575338559,0.0851188842340773,1,0.0832538042716762,FALSE,TRUE,TRUE,FALSE,"Rpv12",6,"Rpv12|6"
"Vitvi12g00606",350.511027595814,-1.82071776055932,-1.40100216419044,0.656826590363468,-3.17720707277792,0.0014870082200009,0.0158404613817455,0.0760470003295171,1,0.0766939911727861,FALSE,TRUE,TRUE,FALSE,"Rpv12",6,"Rpv12|6"
"Vitvi01g00822",115.117313977913,-2.33184878343045,-1.70458573984753,0.917390221307569,-3.17582694520308,0.0014941005252883,0.0158908791572987,0.0348500398448447,0.812515322906677,0.0613312104825868,FALSE,TRUE,TRUE,FALSE,"Rpv12",6,"Rpv12|6"
"Vitvi07g01433",48.2346643379108,-2.52540076404238,-1.90448596068209,0.944153723365985,-3.17483123297303,0.00149923670676872,0.0159272625463621,0.0275809841602588,0.701839459774524,0.0459164861797096,FALSE,TRUE,TRUE,FALSE,"Rpv12",6,"Rpv12|6"
"Vitvi14g04360",8.04580747645646,3.97725577448095,3.00932668045105,1.26894944167768,3.17447197142931,0.00150109387515691,0.0159365570871714,0.00877879116767147,0.334271321914291,0.0129786075468033,FALSE,TRUE,TRUE,FALSE,"Rpv12",6,"Rpv12|6"
"Vitvi07g01308",439.84821745871,-2.04275393170502,-1.56526218854288,0.745645292829334,-3.17264686853615,0.00151056134650608,0.0160011121646487,0.0526683782500022,1,0.0624798821839237,FALSE,TRUE,TRUE,FALSE,"Rpv12",6,"Rpv12|6"
"Vitvi11g00936",66.4906236038635,-1.75357666228467,-1.35765134282645,0.630389107940287,-3.17004671145323,0.0015241443342201,0.0161222490722679,0.0865541181410718,1,0.0828861206073149,FALSE,TRUE,TRUE,FALSE,"Rpv12",6,"Rpv12|6"
"Vitvi17g01358",3.89577472231414,-5.03211452778467,-4.27477268965412,2.808063259014,-3.16921849949306,0.0015284944070664,0.0161476274077471,0.00562445836946178,0.24667684846061,0.0308579288091518,FALSE,TRUE,TRUE,FALSE,"Rpv12",6,"Rpv12|6"
"Vitvi01g00567",260.938805068114,-1.79346990959295,-1.3730027029061,0.637339835614807,-3.16810574292425,0.00153435701711776,0.0161878434383009,0.0805120050626239,1,0.080330528916806,FALSE,TRUE,TRUE,FALSE,"Rpv12",6,"Rpv12|6"
"Vitvi14g04485",1194.13207310661,3.63928549932924,2.6438089081577,1.50094491030409,3.16568506445938,0.00154718207289503,0.0162754266472121,0.0108703073380964,0.383746787661626,0.0353837610773441,FALSE,TRUE,TRUE,FALSE,"Rpv12",6,"Rpv12|6"
"Vitvi11g00353",10.671051754027,-3.38852686454496,-2.51192137933454,1.36453344794606,-3.16565851707507,0.00154732326991314,0.0162754266472121,0.0128469982149118,0.435881486775457,0.0348782870572337,FALSE,TRUE,TRUE,FALSE,"Rpv12",6,"Rpv12|6"
"Vitvi08g00719",44.6657059180462,-2.39150729240629,-1.79905873117364,0.888871184021317,-3.16315942504793,0.00156066840199897,0.0163749992816899,0.0328513632351125,0.781235282606643,0.0506813225917538,FALSE,TRUE,TRUE,FALSE,"Rpv12",6,"Rpv12|6"
"Vitvi05g02215",88.6533480929371,1.76114742451735,1.37295024340031,0.622128425756434,3.16330433766743,0.0015598916843461,0.0163749992816899,0.0857905459020236,1,0.07832668049061,FALSE,TRUE,TRUE,FALSE,"Rpv12",6,"Rpv12|6"
"Vitvi08g00095",7.57635615136331,3.87440780306277,2.82938545441007,1.45413068292794,3.16269404832285,0.00156316518523268,0.0163772429371952,0.00951272877144342,0.353470840812768,0.0251556396269501,FALSE,TRUE,TRUE,FALSE,"Rpv12",6,"Rpv12|6"
"Vitvi11g00346",354.133051233063,-1.43639675950576,-1.11526048760334,0.516003090881697,-3.16132246090478,0.00157054527128638,0.0164146319335038,0.168413800911237,1,0.135832945137815,FALSE,TRUE,TRUE,FALSE,"Rpv12",6,"Rpv12|6"
"Vitvi07g01414",2951.75431949504,1.40707045622434,1.11191337285939,0.491628359713259,3.16078403575284,0.00157345112850289,0.0164242432865644,0.180246556371718,1,0.135031107506352,FALSE,TRUE,TRUE,FALSE,"Rpv12",6,"Rpv12|6"
"Vitvi06g04116",182.243639920316,1.45875628899453,1.15079563996678,0.507679738715651,3.16058377819435,0.0015745331722518,0.0164282785313304,0.160122508286732,1,0.122079384953966,FALSE,TRUE,TRUE,FALSE,"Rpv12",6,"Rpv12|6"
"Vitvi10g00811",59.7468041205508,-3.05602455874831,-2.3093946545508,1.1598839551902,-3.1590335008496,0.00158293293409848,0.0164650117874391,0.0167934629608457,0.519765779116029,0.0332715644745945,FALSE,TRUE,TRUE,FALSE,"Rpv12",6,"Rpv12|6"
"Vitvi05g00540",559.584072366155,1.42258239790899,1.12411344901093,0.496854573099303,3.15705418241096,0.00159371730018529,0.0165190563346284,0.174170431183341,1,0.131229334312719,FALSE,TRUE,TRUE,FALSE,"Rpv12",6,"Rpv12|6"
"Vitvi18g01681",77.0375201718,2.22638827959149,1.67101126006899,0.832057043653343,3.15465001784773,0.00160690741027792,0.0166338154450416,0.0411330414203171,0.880665914708453,0.0584539905339654,FALSE,TRUE,TRUE,FALSE,"Rpv12",6,"Rpv12|6"
"Vitvi13g00330",58.7217733475737,-2.84864264575563,-2.08428723810194,1.13882346574747,-3.15443361031265,0.00160809961583737,0.0166356166883038,0.0203348917234305,0.584591213773237,0.046198110536608,FALSE,TRUE,TRUE,FALSE,"Rpv12",6,"Rpv12|6"
"Vitvi16g04227",10.6246482701373,-1.90265949009798,-1.43841871715361,0.697838451547911,-3.15346558941842,0.00161344248940463,0.0166795354418889,0.067318879332808,1,0.0754305101678735,FALSE,TRUE,TRUE,FALSE,"Rpv12",6,"Rpv12|6"
"Vitvi03g04295",996.861955861035,1.56767017056763,1.22881555595295,0.550849657779877,3.15123255014549,0.00162582985456646,0.0167635760910384,0.126915301744581,1,0.101510583083628,FALSE,TRUE,TRUE,FALSE,"Rpv12",6,"Rpv12|6"
"Vitvi18g00747",100.943340101398,-3.64787763553902,-2.55540039057601,1.61792117399037,-3.15096981737054,0.00162729305598663,0.0167713423073805,0.0111221758547375,0.390530198904804,0.0456362880302585,FALSE,TRUE,TRUE,FALSE,"Rpv12",6,"Rpv12|6"
"Vitvi15g00068",3.31772148301139,4.38728016387832,3.14300030367703,1.50179714721312,3.15029897484503,0.00163103458624945,0.0167879298459192,0.00755753991812849,0.303217310917674,0.0178877350771237,FALSE,TRUE,TRUE,FALSE,"Rpv12",6,"Rpv12|6"
"Vitvi06g01945",511.127045950139,-1.52222148244027,-1.18674411387186,0.539330136910359,-3.14899834326326,0.00163831124064819,0.0168554826335329,0.140001658852412,1,0.112235238266682,FALSE,TRUE,TRUE,FALSE,"Rpv12",6,"Rpv12|6"
"Vitvi19g00591",111.319369694676,-1.91968421770617,-1.45089919647269,0.711879395959531,-3.14878563917928,0.00163950409637254,0.0168604117390127,0.0657111560982249,1,0.0745378819670466,FALSE,TRUE,TRUE,FALSE,"Rpv12",6,"Rpv12|6"
"Vitvi01g00611",100.38451235102,-1.69720155278647,-1.32134260925088,0.603353440836684,-3.14789395014313,0.00164451343887225,0.0168872364704422,0.097981875736833,1,0.086966368756511,FALSE,TRUE,TRUE,FALSE,"Rpv12",6,"Rpv12|6"
"Vitvi01g01557",359.539531670233,-1.8886562996963,-1.40919163174097,0.712356884456581,-3.14733304604037,0.00164767170552196,0.016907602531642,0.0693183240244871,1,0.0819715907005581,FALSE,TRUE,TRUE,FALSE,"Rpv12",6,"Rpv12|6"
"Vitvi14g00685",11.4962337301954,2.65009628484408,1.99212828020766,0.931931562273469,3.14598268341899,0.00165529805973655,0.0169701952604425,0.0250717946820568,0.666721225495356,0.0373130990580055,FALSE,TRUE,TRUE,FALSE,"Rpv12",6,"Rpv12|6"
"Vitvi18g04647",50.3073896080715,1.42976270632742,1.12073911524428,0.500927702504348,3.14587163181575,0.00165592668170857,0.0169701952604425,0.172177314338812,1,0.132629221633539,FALSE,TRUE,TRUE,FALSE,"Rpv12",6,"Rpv12|6"
"Vitvi16g00878",519.556244233124,-1.84967011098021,-1.33827362628668,0.735102206631216,-3.14534968349262,0.00165888418115206,0.0169785728879173,0.0742495973778012,1,0.0964248186939343,FALSE,TRUE,TRUE,FALSE,"Rpv12",6,"Rpv12|6"
"Vitvi09g00088",50.2458377487154,-1.68477624355629,-1.30023549013023,0.604214623998717,-3.14534681621364,0.00165890044133914,0.0169785728879173,0.100550210954892,1,0.0918714687200772,FALSE,TRUE,TRUE,FALSE,"Rpv12",6,"Rpv12|6"
"Vitvi17g00890",20.8392557418932,-2.75784145955984,-1.92819271696017,1.17433008792807,-3.14381579523675,0.00166760375486598,0.0170233949427157,0.0225516870260241,0.622945703182434,0.0600389586745294,FALSE,TRUE,TRUE,FALSE,"Rpv12",6,"Rpv12|6"
"Vitvi18g00972",21.7925715094233,-3.08889742262267,-2.26843046299106,1.25014627134591,-3.14344245911731,0.00166973240021854,0.0170377618824891,0.0167764585031888,0.519765779116029,0.0415673752289307,FALSE,TRUE,TRUE,FALSE,"Rpv12",6,"Rpv12|6"
"Vitvi09g00233",66.4349179521152,3.43387688874417,2.49168898432855,1.39550228604786,3.1425945444323,0.0016745762329088,0.0170577144345716,0.0129843592934437,0.438206770158495,0.0369224831838436,FALSE,TRUE,TRUE,FALSE,"Rpv12",6,"Rpv12|6"
"Vitvi08g00189",662.413636547763,-1.5830175777914,-1.2178357394352,0.564564733774835,-3.14120105941378,0.00168256480124814,0.01712431957565,0.12365902955103,1,0.106467243125375,FALSE,TRUE,TRUE,FALSE,"Rpv12",6,"Rpv12|6"
"Vitvi14g00775",572.376617070359,-1.54871324102224,-1.19863354940508,0.556370498362499,-3.13698823458402,0.00170692976712931,0.0173200579721342,0.133188909768897,1,0.111434793786008,FALSE,TRUE,TRUE,FALSE,"Rpv12",6,"Rpv12|6"
"Vitvi06g00695",133.182654504334,-1.36574484354427,-1.05467861921153,0.496534728718412,-3.13640982884457,0.00171030020934342,0.0173468061593431,0.200474737427033,1,0.152902338412981,FALSE,TRUE,TRUE,FALSE,"Rpv12",6,"Rpv12|6"
"Vitvi01g04283",20.6853471515048,-1.58812790899415,-1.24320956959215,0.556153685416643,-3.13054308996589,0.00174483399483886,0.0175988337429904,0.123161603039425,1,0.098563460822903,FALSE,TRUE,TRUE,FALSE,"Rpv12",6,"Rpv12|6"
"Vitvi10g04415",11.6454327138702,-2.76443255178486,-2.06558083289073,1.02956321389102,-3.12935901485319,0.00175188118951394,0.0176473080847327,0.0229036768937625,0.627368883627154,0.0396909267941601,FALSE,TRUE,TRUE,FALSE,"Rpv12",6,"Rpv12|6"
"Vitvi01g00095",28.3388794016474,-2.24632173776207,-1.66065819753247,0.87144331461712,-3.1283556792034,0.00175787315954586,0.0176775137398009,0.0413116402936175,0.880665914708453,0.0623160318323346,FALSE,TRUE,TRUE,FALSE,"Rpv12",6,"Rpv12|6"
"Vitvi08g00863",461.362179276481,-1.4215092528184,-1.08973722673776,0.520986605552948,-3.12666959981809,0.00176798496152881,0.0177640751855523,0.176930247830468,1,0.142752793528671,FALSE,TRUE,TRUE,FALSE,"Rpv12",6,"Rpv12|6"
"Vitvi06g00937",444.687355353659,-1.56282046213361,-1.21000315001507,0.560955717849352,-3.12450315457035,0.00178105612092386,0.0178574311071576,0.1302456920552,1,0.108648112821671,FALSE,TRUE,TRUE,FALSE,"Rpv12",6,"Rpv12|6"
"Vitvi18g04733",195.955035558462,-2.52928087810364,-1.87304461247829,0.980987371801459,-3.12234356693881,0.00179417426314772,0.0179660807308501,0.0295286505141606,0.730977228911036,0.0515668003514161,FALSE,TRUE,TRUE,FALSE,"Rpv12",6,"Rpv12|6"
"Vitvi08g00978",69.6808165604411,-3.49911580051427,-2.58745144474891,1.40700119240464,-3.11761823619235,0.00182318799404249,0.0182102946280218,0.0130160426779751,0.438206770158495,0.0335169171485089,FALSE,TRUE,TRUE,FALSE,"Rpv12",6,"Rpv12|6"
"Vitvi14g00126",25182.4253235231,1.26582081189157,1.00342440852112,0.445386705253036,3.11722081990332,0.00182564769742409,0.0182117609411114,0.256358638113187,1,0.168477163983108,FALSE,TRUE,TRUE,FALSE,"Rpv12",6,"Rpv12|6"
"Vitvi07g00879",194.472868830773,-2.36169799168446,-1.77383865014498,0.898084352886599,-3.11455534592041,0.00184222391726079,0.0183229529993829,0.036269606598287,0.827902826356535,0.0539607321221645,FALSE,TRUE,TRUE,FALSE,"Rpv12",6,"Rpv12|6"
"Vitvi07g04028",13.3444219679308,-2.92417615995626,-2.18195892268753,1.11189303596527,-3.11430220812472,0.00184380531540078,0.0183309634513457,0.0202318178103338,0.584293200564853,0.0374437050460413,FALSE,TRUE,TRUE,FALSE,"Rpv12",6,"Rpv12|6"
"Vitvi09g00837",19.4394057503273,-3.06432310679219,-2.10003600340424,1.34580618258728,-3.11369585420567,0.00184759839268489,0.0183609462482131,0.017989120006044,0.540402292911174,0.0570352825456482,FALSE,TRUE,TRUE,FALSE,"Rpv12",6,"Rpv12|6"
"Vitvi02g00348",59.8084702696465,-1.66078096614364,-1.25483680568488,0.616006515785699,-3.11264155454296,0.00185421069140638,0.0184111664364866,0.107777151828833,1,0.101905214958005,FALSE,TRUE,TRUE,FALSE,"Rpv12",6,"Rpv12|6"
"Vitvi19g04040",16.8231859139588,-1.67539394655417,-1.29749166738857,0.596161734902806,-3.11168781126065,0.00186021104865519,0.018455218484842,0.104848560392293,1,0.0913038010666037,FALSE,TRUE,TRUE,FALSE,"Rpv12",6,"Rpv12|6"
"Vitvi15g00835",390.556600189226,-2.27066370506098,-1.56227303059529,0.986383192946096,-3.10993810235829,0.00187126552936283,0.0185493220036126,0.0409050069507164,0.880665914708453,0.0827028307146781,FALSE,TRUE,TRUE,FALSE,"Rpv12",6,"Rpv12|6"
"Vitvi04g00838",73.7866740197397,-1.54769471922032,-1.16503662492919,0.582486886492582,-3.10570711396432,0.00189824632476066,0.018753816262441,0.135875330227722,1,0.125468010965555,FALSE,TRUE,TRUE,FALSE,"Rpv12",6,"Rpv12|6"
"Vitvi04g01685",31.363083411229,4.93760802277128,3.6171365209182,1.84637268963344,3.10447257542965,0.00190618598312688,0.018808657181881,0.00674268628710614,0.278204937830299,0.0184409359204385,FALSE,TRUE,TRUE,FALSE,"Rpv12",6,"Rpv12|6"
"Vitvi09g00040",118.991013124274,-2.4677081237358,-1.80119776659387,0.985220263499909,-3.10366902753678,0.00191137019535911,0.018842393143352,0.0324557703440715,0.776770811006923,0.0575071701980522,FALSE,TRUE,TRUE,FALSE,"Rpv12",6,"Rpv12|6"
"Vitvi06g01949",6022.58070629868,1.65474781036717,1.27507192666965,0.602980595726142,3.10260577012252,0.00191824986547935,0.0188803743009805,0.109792556635706,1,0.0970018238827946,FALSE,TRUE,TRUE,FALSE,"Rpv12",6,"Rpv12|6"
"Vitvi10g00344",231.327449364276,-1.98025619971952,-1.4962186182865,0.741477715484155,-3.10247426166822,0.00191910235234163,0.0188808978621466,0.0622988150233023,1,0.0713592691230509,FALSE,TRUE,TRUE,FALSE,"Rpv12",6,"Rpv12|6"
"Vitvi10g04030",14.578721481734,3.23085477884482,2.3083574478583,1.26093354207774,3.10204469233091,0.00192188940585122,0.018891694703543,0.0161245333662053,0.508194781116342,0.0392917896856322,FALSE,TRUE,TRUE,FALSE,"Rpv12",6,"Rpv12|6"
"Vitvi19g00147",205.634947419395,-3.02284790210684,-1.94102960387587,1.4961767311311,-3.10131499005049,0.00192663224785977,0.0189155889272417,0.0189950851718545,0.560828573588523,0.0752522516753241,FALSE,TRUE,TRUE,FALSE,"Rpv12",6,"Rpv12|6"
"Vitvi08g00883",1219.55200055585,-1.41405196622302,-1.08153597939412,0.511005602595405,-3.10017170165049,0.00193408488850447,0.0189729872243574,0.182000265823469,1,0.144604503957268,FALSE,TRUE,TRUE,FALSE,"Rpv12",6,"Rpv12|6"
"Vitvi07g01078",16.8050103384677,-2.99060931728685,-2.07957030610015,1.2908984728012,-3.0993956459335,0.00193915875814446,0.0189745831418345,0.0195730678201508,0.57263303888038,0.0556289082122085,FALSE,TRUE,TRUE,FALSE,"Rpv12",6,"Rpv12|6"
"Vitvi07g04488",15.942538087157,-1.89221845270787,-1.40711988607504,0.719623233096593,-3.09947338728004,0.00193864993321188,0.0189745831418345,0.0719452863798646,1,0.0830695736240539,FALSE,TRUE,TRUE,FALSE,"Rpv12",6,"Rpv12|6"
"Vitvi13g00925",154.035218648527,-2.9508264039622,-2.11334252220757,1.23401900601774,-3.0959092941953,0.00196210372742533,0.0191003909238232,0.0203586756277923,0.584591213773237,0.050241155219952,FALSE,TRUE,TRUE,FALSE,"Rpv12",6,"Rpv12|6"
"Vitvi16g01352",40.5524922394088,-1.62621671463762,-1.24549037506327,0.591277139314784,-3.0961618648953,0.00196043312929399,0.0191003909238232,0.116580525335071,1,0.101707835618637,FALSE,TRUE,TRUE,FALSE,"Rpv12",6,"Rpv12|6"
"Vitvi18g04643",111.941973706498,-1.43183072264463,-1.07662896307177,0.536302072500742,-3.09342489961205,0.00197860624439994,0.0192260949013638,0.175421265254409,1,0.146881754346076,FALSE,TRUE,TRUE,FALSE,"Rpv12",6,"Rpv12|6"
"Vitvi07g02119",49.1660564701499,-1.94056652787429,-1.39471087502533,0.754069605074478,-3.09102738963692,0.00199465233751911,0.019342232149785,0.0670447237491878,1,0.0873436691549009,FALSE,TRUE,TRUE,FALSE,"Rpv12",6,"Rpv12|6"
"Vitvi18g01510",493.126912033885,2.96680398503662,2.16733661353079,1.23112067257021,3.08955182783352,0.002004587284804,0.0194146620916933,0.0202893427103152,0.584525237840459,0.0464818598575443,FALSE,TRUE,TRUE,FALSE,"Rpv12",6,"Rpv12|6"
"Vitvi10g02309",1784.35627390371,-1.61048048157287,-1.23420557075868,0.584355616570397,-3.08941340900707,0.00200552158385645,0.0194157503499414,0.120780454030005,1,0.103684316626161,FALSE,TRUE,TRUE,FALSE,"Rpv12",6,"Rpv12|6"
"Vitvi19g02286",90.7274990726659,1.33322248976805,1.04221208899649,0.479166831570908,3.08849265885282,0.00201174663867822,0.0194520995083327,0.22007780377397,1,0.155832912623679,FALSE,TRUE,TRUE,FALSE,"Rpv12",6,"Rpv12|6"
"Vitvi02g00051",57.0063510452782,-2.10318064953999,-1.56605466355561,0.81445061158785,-3.08747745984378,0.00201863079847456,0.0194811107053188,0.052675321994219,1,0.0689536109943092,FALSE,TRUE,TRUE,FALSE,"Rpv12",6,"Rpv12|6"
"Vitvi10g00905",1232.70419768736,-1.49688930840548,-1.14556468807674,0.549764518263706,-3.08767825787636,0.00201726745552576,0.0194811107053188,0.152693895755542,1,0.129238089449945,FALSE,TRUE,TRUE,FALSE,"Rpv12",6,"Rpv12|6"
"Vitvi05g00688",71.2722369268366,-1.50673229692041,-1.1643620382984,0.546075546353337,-3.08699248846024,0.00202192705923897,0.0194956331235256,0.149590265909406,1,0.12147995600534,FALSE,TRUE,TRUE,FALSE,"Rpv12",6,"Rpv12|6"
"Vitvi14g03091",8.32411000146,3.42731187146595,2.50865439387362,1.21525007274608,3.08629130872178,0.00202670158176357,0.0195204410297461,0.0144488926592891,0.470110177953165,0.0257205202383847,FALSE,TRUE,TRUE,FALSE,"Rpv12",6,"Rpv12|6"
"Vitvi14g01033",10.1084734851194,1.91100965320363,1.47267857881007,0.745566660672422,3.08279510537439,0.00205066294065305,0.0197108539951473,0.0708338121315516,1,0.0743595258792174,FALSE,TRUE,TRUE,FALSE,"Rpv12",6,"Rpv12|6"
"Vitvi05g01104",226.161190039887,-1.32807895345205,-1.03867317643736,0.471589278211833,-3.08021053916626,0.00206854314416597,0.0198469237008483,0.223354615381731,1,0.157301272013974,FALSE,TRUE,TRUE,FALSE,"Rpv12",6,"Rpv12|6"
"Vitvi18g01086",692.308278933558,-1.35185563804391,-1.04918985045393,0.487902461806168,-3.07964841050584,0.00207245087451059,0.0198722919061149,0.211404178245447,1,0.154153080466969,FALSE,TRUE,TRUE,FALSE,"Rpv12",6,"Rpv12|6"
"Vitvi14g02049",9.14154806326641,-2.92212251707797,-2.08533963012412,1.17502442494316,-3.07434286533084,0.00210966823429081,0.0201329577660111,0.0215936625881786,0.608694633237246,0.0486350050234122,FALSE,TRUE,TRUE,FALSE,"Rpv12",6,"Rpv12|6"
"Vitvi19g00084",842.491095232026,-1.99034993387385,-1.37285462550508,0.862422274319463,-3.07408198136836,0.00211151399846747,0.0201365295404919,0.0630612086288054,1,0.0993472920208785,FALSE,TRUE,TRUE,FALSE,"Rpv12",6,"Rpv12|6"
"Vitvi18g00626",57.5386666659197,-1.92686015452213,-1.44548849700371,0.728288008130483,-3.07366487284999,0.00211446813442962,0.0201484333487279,0.0696388767697891,1,0.0763312248865002,FALSE,TRUE,TRUE,FALSE,"Rpv12",6,"Rpv12|6"
"Vitvi12g02511",12.5574207902053,2.25719685590013,1.67944887289756,0.842241273164827,3.07102757766088,0.00213323446900546,0.0202365338281772,0.0435934097819468,0.902183549435083,0.0582964665020155,FALSE,TRUE,TRUE,FALSE,"Rpv12",6,"Rpv12|6"
"Vitvi15g01606",103.052214752175,-1.48628067972293,-1.15404825772501,0.531394709597361,-3.0708898019721,0.00213421903134276,0.0202365338281772,0.157512996562228,1,0.12387597038472,FALSE,TRUE,TRUE,FALSE,"Rpv12",6,"Rpv12|6"
"Vitvi13g01743",36.9509936079589,-1.61346413894051,-1.20627642134544,0.607651307308303,-3.06883684519786,0.00214893916327174,0.0203374362639443,0.121641976883409,1,0.113641016349679,FALSE,TRUE,TRUE,FALSE,"Rpv12",6,"Rpv12|6"
"Vitvi14g01808",554.605137988994,2.36267821880026,1.75360629446829,0.928658910908143,3.06753964907206,0.00215828826311473,0.0203525290823538,0.0384359065311106,0.857662373988107,0.0576648239073451,FALSE,TRUE,TRUE,FALSE,"Rpv12",6,"Rpv12|6"
"Vitvi15g00690",6354.0223566498,-1.49838074594763,-1.14020576503388,0.554517160219747,-3.06643521039856,0.00216627750302099,0.0204034318885016,0.153879597078711,1,0.130829624227935,FALSE,TRUE,TRUE,FALSE,"Rpv12",6,"Rpv12|6"
"Vitvi11g01243",388.692981099524,-1.35933273700904,-1.05594423730957,0.490061398499232,-3.06540076247656,0.00217378502633869,0.0204415405621706,0.208877275693807,1,0.151860166773761,FALSE,TRUE,TRUE,FALSE,"Rpv12",6,"Rpv12|6"
"Vitvi07g02006",564.402834415076,-1.79488532802994,-1.33698846804685,0.686685312199625,-3.06449971466924,0.00218034382375411,0.0204869060480189,0.0873679341665901,1,0.0930043550293433,FALSE,TRUE,TRUE,FALSE,"Rpv12",6,"Rpv12|6"
"Vitvi03g01695",8.93597012188473,2.79766753854822,2.06179881028773,1.08512601005247,3.06305976660027,0.00219086298580379,0.0205612099525853,0.02453869911709,0.661760649694802,0.0449429826431718,FALSE,TRUE,TRUE,FALSE,"Rpv12",6,"Rpv12|6"
"Vitvi18g02672",109.490187438317,1.61549799202444,1.2414940526751,0.589987073185828,3.06261152188024,0.00219414700146013,0.0205761392852932,0.121637404747959,1,0.102693566127352,FALSE,TRUE,TRUE,FALSE,"Rpv12",6,"Rpv12|6"
"Vitvi03g04105",161.461467771067,-1.35311223109718,-1.04591914168322,0.489548434993141,-3.0571201588093,0.00223474673325542,0.0208983322774978,0.212494710022364,1,0.15499184674974,FALSE,TRUE,TRUE,FALSE,"Rpv12",6,"Rpv12|6"
"Vitvi05g00476",142.386566449113,-2.77640322154833,-1.79825705230427,1.38379904400959,-3.05684516995343,0.00223679781583473,0.0209017741596222,0.0252582958005533,0.670793664818958,0.0816060648389213,FALSE,TRUE,TRUE,FALSE,"Rpv12",6,"Rpv12|6"
"Vitvi10g00002",7.93023498290586,-3.58236280112064,-2.56514753135408,1.46456857156166,-3.05460032782306,0.00225360623860419,0.0210081636023316,0.0138820526663683,0.455634398619233,0.0370524778100832,FALSE,TRUE,TRUE,FALSE,"Rpv12",6,"Rpv12|6"
"Vitvi18g00598",2042.25467686469,-1.55799585443963,-1.18248427851094,0.584343297215493,-3.05403989808734,0.00225782051100352,0.0210308502014689,0.137020810587027,1,0.118675754900529,FALSE,TRUE,TRUE,FALSE,"Rpv12",6,"Rpv12|6"
"Vitvi01g01547",4.10624101650572,-4.58254947939619,-3.62284507394229,2.12433128749464,-3.0473135618279,0.0023089671067661,0.021448061736543,0.00870439727125299,0.332892292717408,0.0262886107978023,FALSE,TRUE,TRUE,FALSE,"Rpv12",6,"Rpv12|6"
"Vitvi17g01101",504.398351581698,-2.29503538980001,-1.59127000652126,0.998533639105724,-3.0457433113335,0.00232105896287195,0.0215096331192472,0.0428458752378496,0.897362089949486,0.07941850766093,FALSE,TRUE,TRUE,FALSE,"Rpv12",6,"Rpv12|6"
"Vitvi16g00501",1167.83190109955,-1.56258179118912,-1.17170659864725,0.580996533982597,-3.04424747319945,0.00233263170946932,0.0215999318859601,0.136532886438524,1,0.122877726090912,FALSE,TRUE,TRUE,FALSE,"Rpv12",6,"Rpv12|6"
"Vitvi10g01771",1038.40039257976,-1.68241578867107,-1.26658044007932,0.634069114648032,-3.04282759554043,0.00234366563837014,0.0216511809579896,0.108560817895395,1,0.101115347290379,FALSE,TRUE,TRUE,FALSE,"Rpv12",6,"Rpv12|6"
"Vitvi12g00505",600.44429480563,-1.38146397378542,-1.06400531696838,0.504151437119632,-3.04225173112943,0.0023481543117425,0.0216841677685619,0.200438098999182,1,0.149985573751895,FALSE,TRUE,TRUE,FALSE,"Rpv12",6,"Rpv12|6"
"Vitvi16g01310",1585.80661727598,-1.46191686549948,-1.10653810694658,0.547239604034223,-3.04142929964182,0.00235457854445106,0.021734995848778,0.168278749193018,1,0.139894688393125,FALSE,TRUE,TRUE,FALSE,"Rpv12",6,"Rpv12|6"
"Vitvi08g04165",1996.62545691221,-2.04622388001343,-1.45595179672888,0.849029749996657,-3.03872620088785,0.00237580671020841,0.0218711247500168,0.0601327907463152,1,0.0864055709305878,FALSE,TRUE,TRUE,FALSE,"Rpv12",6,"Rpv12|6"
"Vitvi06g04113",49.7976033927997,1.36681736773093,1.05668390145521,0.493799260371017,3.03804644251339,0.00238117253708917,0.0219109800903131,0.207441583989886,1,0.151651698274427,FALSE,TRUE,TRUE,FALSE,"Rpv12",6,"Rpv12|6"
"Vitvi18g04510",5.65395245738452,-3.80242408838339,-2.70076703991207,1.83151813766587,-3.03553681762656,0.00240107906425621,0.022060789442186,0.0126990385922218,0.433184283175168,0.0483467469827522,FALSE,TRUE,TRUE,FALSE,"Rpv12",6,"Rpv12|6"
"Vitvi14g00707",15.1859722055915,-2.72189802276112,-1.9299689495747,1.05092816866984,-3.03229716846837,0.00242700143661156,0.0222297898160676,0.0275559551146933,0.701839459774524,0.0520100758634234,FALSE,TRUE,TRUE,FALSE,"Rpv12",6,"Rpv12|6"
"Vitvi07g01602",1255.83462376735,1.15929185655984,1.04654631530987,0.398766037378626,3.03195817399249,0.00242972868556346,0.0222461438024729,0.338483853459068,1,0.151234524847348,FALSE,TRUE,TRUE,FALSE,"Rpv12",6,"Rpv12|6"
"Vitvi05g02232",120.905064420827,1.61581833926215,1.22746916694382,0.601759351459109,3.03056472886174,0.00244096859500237,0.0223144582628274,0.124044770845523,1,0.108053462555908,FALSE,TRUE,TRUE,FALSE,"Rpv12",6,"Rpv12|6"
"Vitvi18g04768",167.303277037938,2.36177935218726,1.70904968585729,0.960643844370337,3.03022769571142,0.00244369433344296,0.0223220988184802,0.0403093463667823,0.875023405136192,0.0649407067665023,FALSE,TRUE,TRUE,FALSE,"Rpv12",6,"Rpv12|6"
"Vitvi17g01511",914.846980570466,-1.50452106511239,-1.1305558372213,0.570284708213274,-3.02785263119889,0.00246298166129288,0.0224548640691086,0.154969745988871,1,0.134830426725332,FALSE,TRUE,TRUE,FALSE,"Rpv12",6,"Rpv12|6"
"Vitvi14g02836",11.4501126048127,-3.01585244724013,-2.07640739523997,1.31069497726575,-3.02622355755742,0.00247629140733136,0.0225500985443259,0.0215756037957177,0.608694633237246,0.0567213435778555,FALSE,TRUE,TRUE,FALSE,"Rpv12",6,"Rpv12|6"
"Vitvi08g00193",273.196292416303,-1.781084994648,-1.32525554603172,0.682955557626087,-3.02593956005186,0.00247861842931017,0.0225625913438014,0.0922539885304786,1,0.0950872030115222,FALSE,TRUE,TRUE,FALSE,"Rpv12",6,"Rpv12|6"
"Vitvi13g01953",28.9689806623332,2.08054901674222,1.52494363246181,0.814144861811738,3.02510573317541,0.00248546221498381,0.0226074657074884,0.0580820937638261,1,0.0731148419718964,FALSE,TRUE,TRUE,FALSE,"Rpv12",6,"Rpv12|6"
"Vitvi14g03042",213.707851406627,2.39402135367492,1.80222779361985,0.944540137732627,3.02401777407275,0.00249441783245409,0.0226714651936246,0.0391397838461878,0.865092349840519,0.0551663665091079,FALSE,TRUE,TRUE,FALSE,"Rpv12",6,"Rpv12|6"
"Vitvi18g01570",17054.800296138,1.30627137626766,1.01286606832847,0.47772003385031,3.02371710558241,0.0024968980092046,0.0226765570063172,0.239178534247517,1,0.16655069966773,FALSE,TRUE,TRUE,FALSE,"Rpv12",6,"Rpv12|6"
"Vitvi07g01296",23.9610234752401,-1.8009042699063,-1.31375984841439,0.705092748821254,-3.0222641293218,0.00250891525240667,0.0227580810353817,0.0894639186486742,1,0.0975860348494171,FALSE,TRUE,TRUE,FALSE,"Rpv12",6,"Rpv12|6"
"Vitvi11g00499",7.08818023168193,-4.65814647991871,-3.50588834393764,1.92406454347146,-3.02201136889885,0.00251101117215342,0.0227609769411389,0.0089370006993771,0.339307694187236,0.0230998769663242,FALSE,TRUE,TRUE,FALSE,"Rpv12",6,"Rpv12|6"
"Vitvi02g01166",94.6531852308518,1.81763507701913,1.34922503621249,0.70871868137909,3.01601397368387,0.00256121456328283,0.0231627145535479,0.0874385800026471,1,0.0926267082382007,FALSE,TRUE,TRUE,FALSE,"Rpv12",6,"Rpv12|6"
"Vitvi05g00542",6138.71863147792,-1.56037278029659,-1.16443190580035,0.596315896675768,-3.01491391282495,0.00257052204388301,0.0232253903523555,0.139462630530898,1,0.127650324429625,FALSE,TRUE,TRUE,FALSE,"Rpv12",6,"Rpv12|6"
"Vitvi00g04017",36.1694251901064,-1.35620083469241,-1.02964471523054,0.502895630405693,-3.01388601934051,0.0025792468674984,0.0232723336531884,0.214301327178548,1,0.162129052912346,FALSE,TRUE,TRUE,FALSE,"Rpv12",6,"Rpv12|6"
"Vitvi03g04466",142.307009499809,1.87051071796098,1.33363798508673,0.762810553879605,3.01320848162936,0.00258501264782191,0.0233130751171086,0.0804136761223932,1,0.0983676890334208,FALSE,TRUE,TRUE,FALSE,"Rpv12",6,"Rpv12|6"
"Vitvi07g00523",8485.95144271294,1.47756755772012,1.12689120155939,0.551342656625752,3.01073739886023,0.00260614133938105,0.0234509915404118,0.165250424536319,1,0.134629819819645,FALSE,TRUE,TRUE,FALSE,"Rpv12",6,"Rpv12|6"
"Vitvi08g01528",58.1410973979807,-4.310748444944,-3.33387910886963,2.59012014626077,-3.0099118383995,0.00261323530296907,0.0234892862734914,0.010502117446907,0.377888432315874,0.0503878963653676,FALSE,TRUE,TRUE,FALSE,"Rpv12",6,"Rpv12|6"
"Vitvi08g01794",82.2945068523311,2.47531658758676,1.77253652374134,1.02422386271144,3.00912362250209,0.00262002483762036,0.0235234613129107,0.0364607330561144,0.831539944215253,0.0629723923083763,FALSE,TRUE,TRUE,FALSE,"Rpv12",6,"Rpv12|6"
"Vitvi06g01411",36.5258410824136,-2.26129677070764,-1.64614894739802,0.879506713389183,-3.00652621142963,0.00264251270711881,0.0236004769950089,0.0467816444581161,0.938191850090078,0.0659262489681618,FALSE,TRUE,TRUE,FALSE,"Rpv12",6,"Rpv12|6"
"Vitvi01g00458",56.178011174227,-2.09445456178547,-1.53056422458624,0.830750705080816,-3.0054861094459,0.00265156706829809,0.0236538207278465,0.0581524020174609,1,0.0738249924141568,FALSE,TRUE,TRUE,FALSE,"Rpv12",6,"Rpv12|6"
"Vitvi06g00124",570.19341276491,2.28451107797362,1.62752720251141,0.956154857456487,3.00488303428088,0.00265682997486977,0.0236918224486122,0.0455644203201145,0.922614716174475,0.0725838700645523,FALSE,TRUE,TRUE,FALSE,"Rpv12",6,"Rpv12|6"
"Vitvi19g01744",94.9647111739152,-1.66801606223941,-1.24100283480294,0.64133042602123,-3.00284708112294,0.00267466789902066,0.0237999075976095,0.114567055245455,1,0.108449875634056,FALSE,TRUE,TRUE,FALSE,"Rpv12",6,"Rpv12|6"
"Vitvi06g00629",808.936303564766,-1.31957460266591,-1.00381877036876,0.49531422463718,-3.00267454575384,0.00267618458042236,0.0238015181320546,0.233555530985954,1,0.168262627372275,FALSE,TRUE,TRUE,FALSE,"Rpv12",6,"Rpv12|6"
"Vitvi18g01110",62.9753851418748,-2.63959889274479,-1.83577351182095,1.15383535170028,-2.99930049222209,0.00270600279783449,0.0239363204806558,0.0312467839119642,0.757236826083889,0.0669178923929527,FALSE,TRUE,TRUE,FALSE,"Rpv12",6,"Rpv12|6"
"Vitvi09g04209",6.95451298690564,3.02068411646936,2.15617624855434,1.18142583946644,2.9963566411999,0.00273226674972421,0.0241096769376113,0.0225463387410709,0.622945703182434,0.0448063926574956,FALSE,TRUE,TRUE,FALSE,"Rpv12",6,"Rpv12|6"
"Vitvi10g01070",20.1415338989669,-3.13192295499522,-2.20533417307541,1.34315018659216,-2.99584154441953,0.00273688612121377,0.0241165200524891,0.0207491667079115,0.591905618224927,0.0508281716410044,FALSE,TRUE,TRUE,FALSE,"Rpv12",6,"Rpv12|6"
"Vitvi18g01019",97.9983700677505,-2.38527613159759,-1.57002300863563,1.13321458176535,-2.99379348234311,0.00275532374535822,0.024240691811118,0.0410563198616554,0.880665914708453,0.090925054997164,FALSE,TRUE,TRUE,FALSE,"Rpv12",6,"Rpv12|6"
"Vitvi02g01642",3.32018331790813,5.15626372519606,4.02618920075594,2.91206433329574,2.99193820267889,0.00277212372272182,0.0243262351772393,0.00811649876224404,0.317843549583146,0.0391585761700023,FALSE,TRUE,TRUE,FALSE,"Rpv12",6,"Rpv12|6"
"Vitvi15g04406",18.2729177201415,-2.221054035683,-1.56824259751242,0.924961192920879,-2.98859242260801,0.00280265721479761,0.0245383130941249,0.0501968699689311,0.977008870176539,0.0761495401451755,FALSE,TRUE,TRUE,FALSE,"Rpv12",6,"Rpv12|6"
"Vitvi00g04625",8.80953223901137,-2.43175368919594,-1.62785079447654,1.07736095036892,-2.98847022917374,0.00280377813978418,0.0245390319444172,0.0392557823901634,0.86509658850644,0.0806954648387402,FALSE,TRUE,TRUE,FALSE,"Rpv12",6,"Rpv12|6"
"Vitvi09g00143",48.4886698092201,-1.98280694652581,-1.43272980034222,0.800428552979508,-2.9867817800166,0.00281930887139061,0.0246305136147765,0.0693812273720913,1,0.0856604125431283,FALSE,TRUE,TRUE,FALSE,"Rpv12",6,"Rpv12|6"
"Vitvi12g04495",25.5377314717269,1.42730110152326,1.07468895176403,0.539270824785272,2.98330833441823,0.00285150570057798,0.0248371193433087,0.185892942261713,1,0.148332070102931,FALSE,TRUE,TRUE,FALSE,"Rpv12",6,"Rpv12|6"
"Vitvi08g01879",48.1100922043554,-1.58483244213351,-1.18634585831064,0.603606269827801,-2.98278017812785,0.00285643070152111,0.0248525252417428,0.135513983352663,1,0.119678285333831,FALSE,TRUE,TRUE,FALSE,"Rpv12",6,"Rpv12|6"
"Vitvi03g04079",49.0431623714055,-1.88813155717893,-1.31356762686582,0.792357133341123,-2.98237797951634,0.00286018636794159,0.0248760391691886,0.0803350079193359,1,0.104478374221335,FALSE,TRUE,TRUE,FALSE,"Rpv12",6,"Rpv12|6"
"Vitvi01g02201",67.1351169966239,1.98729675040757,1.43813092650799,0.790981803569095,2.98124425036145,0.00287079722706848,0.024943866818502,0.069294506803506,1,0.0843610934253583,FALSE,TRUE,TRUE,FALSE,"Rpv12",6,"Rpv12|6"
"Vitvi10g04074",61.5355269509265,-2.79841681571617,-2.04448418006294,1.11940842916276,-2.98016665626259,0.00288091600276595,0.0250194844916681,0.0277584214280096,0.704299268802429,0.0474861812975067,FALSE,TRUE,TRUE,FALSE,"Rpv12",6,"Rpv12|6"
"Vitvi05g00237",103.826098008202,-2.1398385523218,-1.54625990544229,0.867282070488907,-2.97967750913043,0.00288551990494843,0.0250502576974244,0.0562398525955062,1,0.0748953954493059,FALSE,TRUE,TRUE,FALSE,"Rpv12",6,"Rpv12|6"
"Vitvi13g04138",16.5929898722567,4.42968110444921,3.03011038664745,2.01521117041613,2.97678215303052,0.00291290909249646,0.0252323940531542,0.0107213580964382,0.38054274958579,0.0423730286487556,FALSE,TRUE,TRUE,FALSE,"Rpv12",6,"Rpv12|6"
"Vitvi05g01881",108.179908207816,-1.64179873098944,-1.20229941435168,0.643478422458713,-2.97657103845122,0.00291491542393621,0.0252405176481749,0.122298540357385,1,0.117871251825629,FALSE,TRUE,TRUE,FALSE,"Rpv12",6,"Rpv12|6"
"Vitvi01g00264",165.672964820506,-1.45862050632391,-1.05664088166196,0.582320807396345,-2.97605369121496,0.00291983737679565,0.025258652873627,0.17470561712942,1,0.154362707707272,FALSE,TRUE,TRUE,FALSE,"Rpv12",6,"Rpv12|6"
"Vitvi15g01691",14.4368513486374,3.18724894685067,2.1349152401809,1.42681304258292,2.97518286078352,0.00292813944038046,0.0252901315761123,0.0206361316603873,0.589366013155086,0.0594041632605786,FALSE,TRUE,TRUE,FALSE,"Rpv12",6,"Rpv12|6"
"Vitvi18g04447",4.34740658433441,3.4350998369758,2.53523472754381,1.37105538712006,2.97484678868874,0.00293134914137715,0.0253085999333374,0.0175408384431335,0.52985080003918,0.0341328811056989,FALSE,TRUE,TRUE,FALSE,"Rpv12",6,"Rpv12|6"
"Vitvi02g00091",790.45312590044,-1.78514089070018,-1.28390749219972,0.723484551127373,-2.9731726570569,0.00294738604477276,0.0254099099086212,0.0954958825556531,1,0.104677633256059,FALSE,TRUE,TRUE,FALSE,"Rpv12",6,"Rpv12|6"
"Vitvi01g00067",46.7074954590173,-2.09120600917142,-1.45914261111261,0.883745368758918,-2.97265671301169,0.00295234450964937,0.0254257482640923,0.0604380487612361,1,0.08791087728454,FALSE,TRUE,TRUE,FALSE,"Rpv12",6,"Rpv12|6"
"Vitvi04g04087",100.492945729905,2.00112979786792,1.43680116758026,0.809452804276521,2.97238203124215,0.00295498743446614,0.0254338173095889,0.0685075735890274,1,0.0860328756224103,FALSE,TRUE,TRUE,FALSE,"Rpv12",6,"Rpv12|6"
"Vitvi03g00489",28.1493211394446,-1.60499948607047,-1.16871911689297,0.635975350479095,-2.97232435548119,0.00295554265154608,0.0254338173095889,0.131270612557299,1,0.128840660893565,FALSE,TRUE,TRUE,FALSE,"Rpv12",6,"Rpv12|6"
"Vitvi12g00382",246.773263470939,-2.06334117106504,-1.46713902291347,0.857763391563996,-2.971805089318,0.00296054566773592,0.025460380430161,0.0628259155913807,1,0.0852879356137871,FALSE,TRUE,TRUE,FALSE,"Rpv12",6,"Rpv12|6"
"Vitvi09g01036",11.9225516437793,-2.72253962877053,-1.88147794282903,1.18019323209123,-2.96838408407082,0.00299369992899752,0.0257153380810107,0.0302094847474095,0.741322618674939,0.0641195156912708,FALSE,TRUE,TRUE,FALSE,"Rpv12",6,"Rpv12|6"
"Vitvi10g02283",595.533009712589,2.01586343416131,1.45523990167679,0.824940067819394,2.96770345556842,0.00300033642111178,0.025762975986733,0.0673927709797393,1,0.0845461614956011,FALSE,TRUE,TRUE,FALSE,"Rpv12",6,"Rpv12|6"
"Vitvi08g00133",47.0104293414684,-2.40712761486863,-1.54565448029462,1.1882771033342,-2.96755341082626,0.00300180124192996,0.0257661878404322,0.0414072806348044,0.880665914708453,0.0968091810312061,FALSE,TRUE,TRUE,FALSE,"Rpv12",6,"Rpv12|6"
"Vitvi14g02430",288.281366990556,1.67193467201261,1.23996496197088,0.646088460773733,2.96728742705488,0.00300439952792792,0.0257791230107931,0.116528854094289,1,0.109242270845417,FALSE,TRUE,TRUE,FALSE,"Rpv12",6,"Rpv12|6"
"Vitvi11g01463",228.645719531622,-1.62571566394363,-1.20361633862787,0.637160639946402,-2.96513109650047,0.00302553969121592,0.0259040589292868,0.126886224054291,1,0.1162570043511,FALSE,TRUE,TRUE,FALSE,"Rpv12",6,"Rpv12|6"
"Vitvi12g00213",41.9402737614373,-3.1294700745213,-2.11083425582828,1.46165261621356,-2.96488718751698,0.00302793944033406,0.025915212123033,0.0218685135063107,0.612482274958867,0.0619878157185232,FALSE,TRUE,TRUE,FALSE,"Rpv12",6,"Rpv12|6"
"Vitvi03g00338",121.887915811615,-1.66041654103505,-1.23115861494052,0.643815818038151,-2.96406463896337,0.00303604506042493,0.0259563722104081,0.119213753439167,1,0.110637901093676,FALSE,TRUE,TRUE,FALSE,"Rpv12",6,"Rpv12|6"
"Vitvi02g01385",9.98087027190332,-2.63761707608056,-1.89749272829694,1.03445486463857,-2.96391565098759,0.00303751534426118,0.0259595468386895,0.0328907871462942,0.781462398692017,0.0530561943914087,FALSE,TRUE,TRUE,FALSE,"Rpv12",6,"Rpv12|6"
"Vitvi01g01799",201.869915341077,-1.94690715833046,-1.42797916139692,0.780961730258794,-2.96324048038217,0.00304418639064788,0.0259879072411504,0.0747654849628769,1,0.0851019678799095,FALSE,TRUE,TRUE,FALSE,"Rpv12",6,"Rpv12|6"
"Vitvi10g01746",105.339321994837,-1.3654561829944,-1.02422773619568,0.52104404188015,-2.96278319185472,0.00304871223287516,0.025998801575804,0.213897442353816,1,0.164017729452559,FALSE,TRUE,TRUE,FALSE,"Rpv12",6,"Rpv12|6"
"Vitvi07g02220",3.9070608700264,-4.91654875423944,-4.62623895960306,3.0606546144449,-2.96066635184278,0.00306974292670596,0.0261121596739821,0.0093583379109379,0.350443153981211,0.0293174762289256,FALSE,TRUE,TRUE,FALSE,"Rpv12",6,"Rpv12|6"
"Vitvi01g04074",22.6923512347635,-2.39894286369351,-1.64310662841485,1.06272428787843,-2.95990548324515,0.00307733438077577,0.0261673120024065,0.0421813040957992,0.890875927392551,0.0776005509338841,FALSE,TRUE,TRUE,FALSE,"Rpv12",6,"Rpv12|6"
"Vitvi11g00030",19660.553912097,-1.35592613960322,-1.01724686098912,0.515282442983953,-2.95846072531943,0.00309179637413693,0.0262619251887316,0.218701615119158,1,0.165703969705936,FALSE,TRUE,TRUE,FALSE,"Rpv12",6,"Rpv12|6"
"Vitvi08g02214",47.4693883125341,-2.52549993522265,-1.79805641757628,1.05567285667865,-2.9581375046692,0.00309504027660945,0.0262800292645825,0.0370006817722018,0.840191696596378,0.0626440418171408,FALSE,TRUE,TRUE,FALSE,"Rpv12",6,"Rpv12|6"
"Vitvi13g00153",73.1211602472593,-1.61977995184839,-1.18384945167292,0.640625881009652,-2.95495971678866,0.0031270987862464,0.0264666168143004,0.129099420683477,1,0.124473856438659,FALSE,TRUE,TRUE,FALSE,"Rpv12",6,"Rpv12|6"
"Vitvi06g04208",201.833315047178,-1.83390448068775,-1.29820556027402,0.752492276077953,-2.95168008496052,0.00316050190719665,0.0266633485899283,0.0897723058844976,1,0.104279795792773,FALSE,TRUE,TRUE,FALSE,"Rpv12",6,"Rpv12|6"
"Vitvi13g01009",19.1797690931202,3.13550454141655,2.10729597503445,1.44922906294326,2.94662201577464,0.00321265643495875,0.0269503807368886,0.0224330578631201,0.622276944265628,0.0614952481008185,FALSE,TRUE,TRUE,FALSE,"Rpv12",6,"Rpv12|6"
"Vitvi13g04229",16.7142692887587,-2.3848496100759,-1.62762673065313,1.05166164043471,-2.94658307822647,0.00321306095030536,0.0269503807368886,0.0435512520630438,0.902183549435083,0.0786903516830245,FALSE,TRUE,TRUE,FALSE,"Rpv12",6,"Rpv12|6"
"Vitvi18g04591",18.9567626857041,-1.99664233812527,-1.44604306043712,0.79872317081294,-2.94668781732481,0.00321197293969552,0.0269503807368886,0.0706685233133471,1,0.083622700606055,FALSE,TRUE,TRUE,FALSE,"Rpv12",6,"Rpv12|6"
"Vitvi12g04344",24.6779029036113,1.99033946442424,1.4017113301219,0.831817193843442,2.946111505745,0.00321796372030557,0.026965143313607,0.0713417462983488,1,0.0941392391877037,FALSE,TRUE,TRUE,FALSE,"Rpv12",6,"Rpv12|6"
"Vitvi01g01258",198.633930229481,-1.37573032451149,-1.0310351039335,0.52506834506585,-2.94286668899307,0.00325188417265407,0.0271722702251272,0.21077485970456,1,0.161919614077301,FALSE,TRUE,TRUE,FALSE,"Rpv12",6,"Rpv12|6"
"Vitvi01g01037",14.5444610703614,2.57208821678375,1.8170866989146,1.02838310109295,2.93931238175334,0.00328941356044873,0.0274567233656961,0.0362266862591508,0.827731850625541,0.0595629650788832,FALSE,TRUE,TRUE,FALSE,"Rpv12",6,"Rpv12|6"
"Vitvi15g04491",113.399640061651,-2.43794052624919,-1.65990520332857,1.09875767687124,-2.93753125374026,0.00330836823207134,0.0275565142376548,0.0415998644326944,0.882571657497853,0.0781449367352763,FALSE,TRUE,TRUE,FALSE,"Rpv12",6,"Rpv12|6"
"Vitvi00g04735",40.8905934654351,2.06861097868193,1.43929088903925,0.85792328046721,2.93757011819179,0.00330795357912316,0.0275565142376548,0.064576666801375,1,0.0899813722010301,FALSE,TRUE,TRUE,FALSE,"Rpv12",6,"Rpv12|6"
"Vitvi11g01201",13.1213181071607,-2.97108527396346,-2.03645820308026,1.32292637225749,-2.93662149387788,0.00331808818499064,0.0276155313362131,0.0257376102517502,0.678016260398321,0.0601997799619012,FALSE,TRUE,TRUE,FALSE,"Rpv12",6,"Rpv12|6"
"Vitvi02g01288",12627.2968550908,2.7071772449624,1.85092285527535,1.24740738002078,2.93672152991178,0.00331701812006346,0.0276155313362131,0.0320468129524173,0.770614717987432,0.0703235815367393,FALSE,TRUE,TRUE,FALSE,"Rpv12",6,"Rpv12|6"
"Vitvi09g00834",70.1528123082156,-2.09377242784748,-1.47501147333469,0.873861802005178,-2.93533030976722,0.00333192796313735,0.0277039079004683,0.062596305907184,1,0.0854738857861606,FALSE,TRUE,TRUE,FALSE,"Rpv12",6,"Rpv12|6"
"Vitvi08g02393",68.6678977966429,1.62560372832521,1.19302256364326,0.642319963883268,2.93445753781424,0.00334131267545853,0.0277623946604578,0.129384997861246,1,0.12167966055116,FALSE,TRUE,TRUE,FALSE,"Rpv12",6,"Rpv12|6"
"Vitvi06g00108",59.2528022488797,-1.44897639290999,-1.07794880800195,0.558812511193528,-2.93296429518187,0.00335742500487084,0.0278375196437553,0.181727849583211,1,0.147711413479626,FALSE,TRUE,TRUE,FALSE,"Rpv12",6,"Rpv12|6"
"Vitvi15g00618",5.67212284745046,-2.97353238365659,-1.81131509835032,1.55469139693094,-2.93087604386072,0.0033800762402744,0.0279860360840385,0.0259190856728611,0.681230023331655,0.0875326460164759,FALSE,TRUE,TRUE,FALSE,"Rpv12",6,"Rpv12|6"
"Vitvi10g02037",61.1599984847045,-2.07702456522413,-1.42634870326909,0.910308071263293,-2.92999378932715,0.00338968778637337,0.028045956178533,0.064347461320845,1,0.0958497659034112,FALSE,TRUE,TRUE,FALSE,"Rpv12",6,"Rpv12|6"
"Vitvi07g02382",49.8427304269699,2.98071809830241,1.95974816673027,1.4768361276837,2.92622372709752,0.00343104097243727,0.0282989000876093,0.0259637728224191,0.681230023331655,0.0727605192129761,FALSE,TRUE,TRUE,FALSE,"Rpv12",6,"Rpv12|6"
"Vitvi10g00694",42.7832829659596,4.12004576589281,2.75299860614776,1.9413208919339,2.92591382553987,0.00343446057428948,0.0283172173423616,0.0134927767940725,0.446801068520748,0.0500944240674236,FALSE,TRUE,TRUE,FALSE,"Rpv12",6,"Rpv12|6"
"Vitvi13g02315",9.91545148532129,3.1476440024104,2.14200504343969,1.28742941639493,2.92562424809631,0.00343765871372584,0.0283336964883573,0.023016127753809,0.629223277373387,0.0518621470182502,FALSE,TRUE,TRUE,FALSE,"Rpv12",6,"Rpv12|6"
"Vitvi05g00072",58.6881688560678,-2.91985208601778,-1.87892406007024,1.48914345326379,-2.92524640946889,0.00344183569980904,0.0283483413183017,0.0272579725916638,0.697918357289876,0.0796007548250004,FALSE,TRUE,TRUE,FALSE,"Rpv12",6,"Rpv12|6"
"Vitvi05g04474",6.68585771831598,3.88819826634129,2.78746613007047,1.4069678722956,2.92318840981691,0.00346466799518948,0.0284768223320688,0.0150702351022707,0.484573650702335,0.0246014141374023,FALSE,TRUE,TRUE,FALSE,"Rpv12",6,"Rpv12|6"
"Vitvi05g04156",44.2591384044357,-1.46094293619775,-1.07050933537029,0.574721418300364,-2.9201647621743,0.00349846369912069,0.0286596658491867,0.178436164606721,1,0.150401943622806,FALSE,TRUE,TRUE,FALSE,"Rpv12",6,"Rpv12|6"
"Vitvi13g04049",11.3329654988928,-2.41674332103478,-1.62631220788533,1.07580902258517,-2.91925517756659,0.00350868878164699,0.0287187270963496,0.0435288517006436,0.902183549435083,0.0810597318046831,FALSE,TRUE,TRUE,FALSE,"Rpv12",6,"Rpv12|6"
"Vitvi11g01258",26.9207114283758,-2.20129748743219,-1.42021237548057,1.04263095546135,-2.9185587138867,0.00351653644296152,0.0287729905977267,0.0556221262713119,1,0.103287363412404,FALSE,TRUE,TRUE,FALSE,"Rpv12",6,"Rpv12|6"
"Vitvi14g04494",242.793524902595,-2.17269494686541,-1.42753512735536,1.02816698740364,-2.91786884270585,0.00352432556269711,0.0287968240892532,0.0576503311045474,1,0.101313063215761,FALSE,TRUE,TRUE,FALSE,"Rpv12",6,"Rpv12|6"
"Vitvi18g00416",275.161342391493,-1.41268608361174,-1.04163665503795,0.555276648417639,-2.91684833277956,0.00353587661010631,0.028878492788939,0.197081005314395,1,0.158770141817155,FALSE,TRUE,TRUE,FALSE,"Rpv12",6,"Rpv12|6"
"Vitvi04g00089",21.1669096776778,-3.64097942147163,-2.34326427328218,1.99291532829575,-2.91496303735506,0.00355730671250646,0.0289921271697566,0.0173434528441602,0.525709597856765,0.0710124409722611,FALSE,TRUE,TRUE,FALSE,"Rpv12",6,"Rpv12|6"
"Vitvi12g02698",91.9398920248777,1.36970525831713,1.00491060778902,0.539953199317336,2.91511252286362,0.0035556032116174,0.0289921271697566,0.215689375981783,1,0.167832934670458,FALSE,TRUE,TRUE,FALSE,"Rpv12",6,"Rpv12|6"
"Vitvi18g04112",72.9860745887561,1.61612549798699,1.20501558511459,0.659357460784583,2.914312186912,0.00356473230483406,0.0290284639418919,0.133276496508893,1,0.119277521348283,FALSE,TRUE,TRUE,FALSE,"Rpv12",6,"Rpv12|6"
"Vitvi01g01959",26.486986700875,-1.87286029636326,-1.33469126024284,0.76629387724402,-2.91295754811496,0.00358023269625731,0.0291082123407028,0.0872984285848128,1,0.0987590680544372,FALSE,TRUE,TRUE,FALSE,"Rpv12",6,"Rpv12|6"
"Vitvi19g02309",82.8008171961844,-1.63586768884008,-1.18802711996602,0.650029318121752,-2.91289770593926,0.00358091884946585,0.0291082123407028,0.128765200199813,1,0.124075298235622,FALSE,TRUE,TRUE,FALSE,"Rpv12",6,"Rpv12|6"
"Vitvi07g01598",19.8377789630919,-2.91685318744881,-1.87468230365408,1.47607396340019,-2.91278837673195,0.00358217273222004,0.0291083881253877,0.0278443387666189,0.70579462964727,0.0792365164306088,FALSE,TRUE,TRUE,FALSE,"Rpv12",6,"Rpv12|6"
"Vitvi18g04453",1789.72382895066,1.53600018120038,1.12348783517092,0.612060373017579,2.90995891612875,0.00361476269202639,0.0293214557101469,0.154945355770903,1,0.138269477070933,FALSE,TRUE,TRUE,FALSE,"Rpv12",6,"Rpv12|6"
"Vitvi03g00735",1607.11914390632,-1.37722734958016,-1.01995549447711,0.540251076395166,-2.90849795813532,0.00363169548104484,0.0294197224462418,0.212828096168109,1,0.165281066069944,FALSE,TRUE,TRUE,FALSE,"Rpv12",6,"Rpv12|6"
"Vitvi05g04100",4.02546399000797,6.17354280679456,4.50478470698718,4.10947933786812,2.90564865306996,0.00366492717216988,0.0296381066966782,0.00781348365169782,0.310613425528188,0.0550147384194411,FALSE,TRUE,TRUE,FALSE,"Rpv12",6,"Rpv12|6"
"Vitvi04g00493",370.990055261631,-1.45599515617855,-1.04016750252854,0.604146773182728,-2.90398946275143,0.00368440560068708,0.0297142468758724,0.181547682349196,1,0.159820884031128,FALSE,TRUE,TRUE,FALSE,"Rpv12",6,"Rpv12|6"
"Vitvi09g01560",72.0001780662329,2.04218115695244,1.45849020651337,0.852497926072297,2.90284330676958,0.00369791606744194,0.0297738411870297,0.0692575654645396,1,0.0862192673216371,FALSE,TRUE,TRUE,FALSE,"Rpv12",6,"Rpv12|6"
"Vitvi18g00691",83.2099787070605,-1.97808349821879,-1.26784242891371,0.954067865794568,-2.9031094597566,0.00369477474456047,0.0297738411870297,0.0755825133331703,1,0.126262891301648,FALSE,TRUE,TRUE,FALSE,"Rpv12",6,"Rpv12|6"
"Vitvi05g01231",87.4429958016667,3.56980181329935,2.36070007264288,1.96270154293221,2.90216908165927,0.00370588461096313,0.0298126776220948,0.018446790026581,0.550227571613834,0.069123954942844,FALSE,TRUE,TRUE,FALSE,"Rpv12",6,"Rpv12|6"
"Vitvi03g01531",296.275905026674,-2.04824523460154,-1.43888284466237,0.87769076150347,-2.90157731231234,0.00371289148499841,0.0298522541384045,0.0687849240103188,1,0.0911144348545259,FALSE,TRUE,TRUE,FALSE,"Rpv12",6,"Rpv12|6"
"Vitvi17g00556",36.4293174832611,2.63149153449596,1.71750188074518,1.25174633172909,2.89928763184943,0.00374011615520116,0.0299996685290872,0.0361579459654312,0.827731850625541,0.082154408877305,FALSE,TRUE,TRUE,FALSE,"Rpv12",6,"Rpv12|6"
"Vitvi03g00447",111.067448019666,-2.60465359537077,-1.75946182441729,1.20912749513634,-2.89291802331318,0.00381680901673866,0.0304528750639336,0.0373858234179923,0.84502486784658,0.0756084785345927,FALSE,TRUE,TRUE,FALSE,"Rpv12",6,"Rpv12|6"
"Vitvi03g00508",1243.10980414847,1.84431861445691,1.29519322371972,0.784357501475018,2.89259872951475,0.00382069080074597,0.0304700736310673,0.0927198525354654,1,0.108251744497579,FALSE,TRUE,TRUE,FALSE,"Rpv12",6,"Rpv12|6"
"Vitvi05g01267",19.3219337654746,-3.10444401037638,-2.07983987846034,1.46332313834183,-2.89238990383044,0.00382323151903575,0.0304782785606968,0.0250228466389579,0.666570921821283,0.0651053838031718,FALSE,TRUE,TRUE,FALSE,"Rpv12",6,"Rpv12|6"
"Vitvi12g02727",21.2295736552507,2.05540775469476,1.41863111920991,0.858430453185427,2.88949542353867,0.00385860623504912,0.030658592830249,0.0689538001876407,1,0.0933829155352887,FALSE,TRUE,TRUE,FALSE,"Rpv12",6,"Rpv12|6"
"Vitvi10g04646",105.138764909911,2.01767934722524,1.42089341093599,0.854410699509687,2.88793289847364,0.00387782588259754,0.0307492457196103,0.0726186459126801,1,0.0928154098706942,FALSE,TRUE,TRUE,FALSE,"Rpv12",6,"Rpv12|6"
"Vitvi06g01283",2721.56873772427,2.56220243307351,1.70943602029622,1.22166166627317,2.88698681018828,0.00388950535266485,0.0308108301276489,0.039214546888877,0.865092349840519,0.0814233745375324,FALSE,TRUE,TRUE,FALSE,"Rpv12",6,"Rpv12|6"
"Vitvi18g01788",6.8227934527751,3.10707011289195,2.12704846354088,1.28657504918335,2.88310152048109,0.00393780509212372,0.0310684141236295,0.0253498138631296,0.671589192846176,0.0524569277979296,FALSE,TRUE,TRUE,FALSE,"Rpv12",6,"Rpv12|6"
"Vitvi01g01803",240.48567239332,-1.66734171427941,-1.19263585109676,0.684999980979612,-2.88210737375669,0.00395025097100923,0.031135411557284,0.124345782387924,1,0.125865707239445,FALSE,TRUE,TRUE,FALSE,"Rpv12",6,"Rpv12|6"
"Vitvi06g01275",66.5882573365945,-2.5276539108064,-1.6906040357833,1.17987052051273,-2.8808495910131,0.00396604853466309,0.0312182600752454,0.0408605650073611,0.880665914708453,0.0801480889941668,FALSE,TRUE,TRUE,FALSE,"Rpv12",6,"Rpv12|6"
"Vitvi03g04055",2100.63640645855,-2.12546407770271,-1.34521371744833,1.05040093897129,-2.8809014999555,0.00396539543283977,0.0312182600752454,0.0635811746443329,1,0.115249484163698,FALSE,TRUE,TRUE,FALSE,"Rpv12",6,"Rpv12|6"
"Vitvi03g00405",95.9648790819344,-1.95195541523261,-1.36946739618478,0.8291308909194,-2.88056883639929,0.00396958259310826,0.0312252680700643,0.0800419545498639,1,0.0973909611313941,FALSE,TRUE,TRUE,FALSE,"Rpv12",6,"Rpv12|6"
"Vitvi01g01657",1405.8264378674,-1.70507851697852,-1.17694098919516,0.733616382179193,-2.87918835556426,0.00398700132219033,0.0313309864380506,0.116909244595911,1,0.132428826703074,FALSE,TRUE,TRUE,FALSE,"Rpv12",6,"Rpv12|6"
"Vitvi13g04260",11.6266532653873,5.0528154230879,3.37648355023148,2.34132368760161,2.87883737716133,0.00399144097347498,0.0313554435235869,0.0107511078482807,0.38108161274143,0.0414331260793682,FALSE,TRUE,TRUE,FALSE,"Rpv12",6,"Rpv12|6"
"Vitvi07g04020",23.89117013963,-2.34606877476102,-1.63166162254158,1.01748649948475,-2.87736540792268,0.00401010936672711,0.0314289328005401,0.0493995209182098,0.970458642316563,0.075788361453651,FALSE,TRUE,TRUE,FALSE,"Rpv12",6,"Rpv12|6"
"Vitvi17g00963",852.86529581965,-1.73641944124821,-1.2269135313562,0.722031477358048,-2.87541886245074,0.00403491834130025,0.0315633701322105,0.111335537281117,1,0.1180724853958,FALSE,TRUE,TRUE,FALSE,"Rpv12",6,"Rpv12|6"
"Vitvi13g04540",20.4908133668983,-1.80909313807755,-1.20766988165471,0.799719117024225,-2.87539058772376,0.0040352797307288,0.0315633701322105,0.0992289122710075,1,0.130231824230895,FALSE,TRUE,TRUE,FALSE,"Rpv12",6,"Rpv12|6"
"Vitvi12g04195",56.9903434453993,-1.84450776248885,-1.27788577246241,0.784998955555858,-2.87477247416659,0.00404318740763802,0.0316147543671716,0.0940556860751206,1,0.111634344415452,FALSE,TRUE,TRUE,FALSE,"Rpv12",6,"Rpv12|6"
"Vitvi07g01909",56.0677652021951,2.06628051385031,1.42376040694786,0.890848156792442,2.87402539848341,0.00405276370183229,0.0316774987826583,0.0690328494932775,1,0.0952768386055602,FALSE,TRUE,TRUE,FALSE,"Rpv12",6,"Rpv12|6"
"Vitvi19g04150",85.0190156345912,1.83570143046063,1.2604635178399,0.79312859166957,2.87290904558182,0.00406711190040256,0.0317387899938254,0.0954599766019685,1,0.11545062720787,FALSE,TRUE,TRUE,FALSE,"Rpv12",6,"Rpv12|6"
"Vitvi08g01604",160.588869769202,-2.57087443226263,-1.52156807517572,1.49534998821113,-2.87246974305816,0.00407277077378437,0.0317619647468916,0.039649261423559,0.867496253586766,0.112034329470387,FALSE,TRUE,TRUE,FALSE,"Rpv12",6,"Rpv12|6"
"Vitvi00g04763",104.309834416911,-2.14507185990821,-1.42558284767965,0.983262872546069,-2.87101911124279,0.00409150787781174,0.031847585353693,0.0627008217399078,1,0.0991513205827722,FALSE,TRUE,TRUE,FALSE,"Rpv12",6,"Rpv12|6"
"Vitvi03g01659",7.47100547759323,-2.64265751809322,-1.49912781587008,1.5624462031709,-2.86835745444578,0.00412609078079818,0.0320465572541746,0.0373356034558289,0.844863365744834,0.116459222335635,FALSE,TRUE,TRUE,FALSE,"Rpv12",6,"Rpv12|6"
"Vitvi08g01935",61.0680953952205,-1.95794726130988,-1.20617978718528,0.984624632383271,-2.86625298934259,0.00415362162458121,0.0322222824354211,0.080413448710276,1,0.136642337524918,FALSE,TRUE,TRUE,FALSE,"Rpv12",6,"Rpv12|6"
"Vitvi05g00342",173.61033531011,2.14972742080654,1.40379363464363,1.03401505531349,2.86595373036502,0.00415755007001547,0.0322315877105039,0.0626780659021707,1,0.105076101784822,FALSE,TRUE,TRUE,FALSE,"Rpv12",6,"Rpv12|6"
"Vitvi06g01398",2116.93735711992,-1.88652192647476,-1.2789469194877,0.838185129420954,-2.86596517336155,0.00415739979305081,0.0322315877105039,0.0890304080147749,1,0.114644991778871,FALSE,TRUE,TRUE,FALSE,"Rpv12",6,"Rpv12|6"
"Vitvi14g02558",76.6421155178568,-2.19104085861744,-1.47623584199901,0.998777857261927,-2.86403657092284,0.00418279716394,0.0323954211824888,0.059764808536904,1,0.0948974151578049,FALSE,TRUE,TRUE,FALSE,"Rpv12",6,"Rpv12|6"
"Vitvi03g00936",186.056658733801,2.48047786736457,1.65332949296492,1.17136378698057,2.86091984315428,0.00422413837109391,0.0325739688329099,0.0438901778041419,0.903322707457552,0.0838072812037063,FALSE,TRUE,TRUE,FALSE,"Rpv12",6,"Rpv12|6"
"Vitvi03g01467",37.2812864992209,1.84050061455405,1.27935182896186,0.774173398872018,2.8601821798338,0.00423397703854961,0.0326191280371125,0.0957544595468127,1,0.110238827610251,FALSE,TRUE,TRUE,FALSE,"Rpv12",6,"Rpv12|6"
"Vitvi18g01156",3.85048652974566,4.90852313047638,2.92050758214353,4.6555771093505,2.85729410073568,0.00427269742143311,0.0327800125005173,0.0117389051727119,0.406725854851616,0.102299372508312,FALSE,TRUE,TRUE,FALSE,"Rpv12",6,"Rpv12|6"
"Vitvi16g01362",6360.92488975649,2.29467219934864,1.55305069892863,1.06897564116695,2.85709749749734,0.0042753449124911,0.0327836467039486,0.0535017584898445,1,0.088288685089934,FALSE,TRUE,TRUE,FALSE,"Rpv12",6,"Rpv12|6"
"Vitvi04g04075",25.3552384900384,3.08907585055502,2.03711611759755,1.41721569498884,2.85084607877762,0.00436030711748299,0.0333438571476799,0.0270100816019428,0.694063580181946,0.0660908228067247,FALSE,TRUE,TRUE,FALSE,"Rpv12",6,"Rpv12|6"
"Vitvi09g00371",11.3854047106032,-2.2773809125908,-1.43688323331761,1.12170791432161,-2.84968610609476,0.00437623947941682,0.0334224148020641,0.0549990763404216,1,0.10547394630759,FALSE,TRUE,TRUE,FALSE,"Rpv12",6,"Rpv12|6"
"Vitvi16g00275",163.960735010304,1.42518135554762,1.04869892626444,0.563802880053978,2.8487902177618,0.00438858070844388,0.0334517758937919,0.197692751760519,1,0.156462538247351,FALSE,TRUE,TRUE,FALSE,"Rpv12",6,"Rpv12|6"
"Vitvi13g01576",1979.59436365272,-1.41509649348476,-1.02322761646354,0.570564877625516,-2.84734748993636,0.00440852119349587,0.0335604536360811,0.201796108578121,1,0.164859172853999,FALSE,TRUE,TRUE,FALSE,"Rpv12",6,"Rpv12|6"
"Vitvi19g00609",111.249346958771,-2.81842517540568,-1.83083087847515,1.42780367154553,-2.84679706855087,0.00441615039048407,0.0335752508928274,0.0331822713632162,0.786245504157947,0.0812415376386162,FALSE,TRUE,TRUE,FALSE,"Rpv12",6,"Rpv12|6"
"Vitvi11g00095",20.6174101393698,-1.68121612678149,-1.18929456929704,0.691183249778097,-2.84698005867121,0.0044136127021178,0.0335752508928274,0.124340054052907,1,0.128045858488195,FALSE,TRUE,TRUE,FALSE,"Rpv12",6,"Rpv12|6"
"Vitvi04g04443",29.0712739970936,-2.61753048807975,-1.57518734770167,1.48590249221777,-2.84663984457142,0.00441833181274779,0.0335810276965021,0.039321068990946,0.86509658850644,0.105871898359861,FALSE,TRUE,TRUE,FALSE,"Rpv12",6,"Rpv12|6"
"Vitvi00g04831",27.2776551222752,-1.41007113823962,-1.02516132318317,0.559072302715303,-2.84566868645203,0.00443182791837382,0.033629448295028,0.20395880802211,1,0.16422806922562,FALSE,TRUE,TRUE,FALSE,"Rpv12",6,"Rpv12|6"
"Vitvi11g04137",11.8256136450031,2.98834115722544,1.9343999169311,1.4650476227708,2.84532102001652,0.00443666848460916,0.0336349744820881,0.0292400345856376,0.727991736508343,0.0740030024560346,FALSE,TRUE,TRUE,FALSE,"Rpv12",6,"Rpv12|6"
"Vitvi15g01667",52.9517228257371,1.65627926040118,1.12945376376593,0.719484316006544,2.84190237148557,0.00448452220880517,0.0339638934326373,0.130071144270716,1,0.141933273150291,FALSE,TRUE,TRUE,FALSE,"Rpv12",6,"Rpv12|6"
"Vitvi06g01255",91.4397524667938,-1.90799281256838,-1.30663717685895,0.833785029115213,-2.83951515789503,0.00451821484443668,0.0340844002994869,0.0883081594822785,1,0.109441210397011,FALSE,TRUE,TRUE,FALSE,"Rpv12",6,"Rpv12|6"
"Vitvi10g00062",48.7854423059616,-2.14943210070207,-1.47913379271443,0.946999624356055,-2.83712302926573,0.00455220672127802,0.0342677588177276,0.0646264533518038,1,0.0903584222099654,FALSE,TRUE,TRUE,FALSE,"Rpv12",6,"Rpv12|6"
"Vitvi12g00022",13.7713685072066,-2.9603090269783,-1.93377349037932,1.44833323333136,-2.83499819112366,0.00458259451453023,0.0343978543445291,0.0303110599846917,0.743118105097985,0.0732920649470058,FALSE,TRUE,TRUE,FALSE,"Rpv12",6,"Rpv12|6"
"Vitvi18g02480",15.0364484586246,-2.79081520212234,-1.8114595840448,1.38878499403907,-2.83240672964477,0.00461990420423675,0.0345918897220414,0.0346297200854046,0.80954320617882,0.0805129286701199,FALSE,TRUE,TRUE,FALSE,"Rpv12",6,"Rpv12|6"
"Vitvi07g00659",57.3954516145158,-2.01957951999249,-1.34918479993066,0.920324198036522,-2.8324350737585,0.00461949464595206,0.0345918897220414,0.0763774677095152,1,0.107656987370561,FALSE,TRUE,TRUE,FALSE,"Rpv12",6,"Rpv12|6"
"Vitvi06g04134",24.2462938808374,-1.60825470295628,-1.10035137574174,0.696610005209556,-2.83245006056936,0.00461927810731008,0.0345918897220414,0.142029546687071,1,0.146674254934612,FALSE,TRUE,TRUE,FALSE,"Rpv12",6,"Rpv12|6"
"Vitvi10g00088",68.0203939272582,-1.57057493980326,-1.10009752198526,0.660680595015667,-2.83124161985659,0.00463676794105931,0.0346749608140687,0.151844293440816,1,0.145431019345603,FALSE,TRUE,TRUE,FALSE,"Rpv12",6,"Rpv12|6"
"Vitvi12g02223",20.8415003059335,2.97506159407892,1.95557148893065,1.57668208114828,2.83076891687296,0.0046436256989319,0.0346906155155501,0.0301815444916936,0.741322618674939,0.0772377080798549,FALSE,TRUE,TRUE,FALSE,"Rpv12",6,"Rpv12|6"
"Vitvi15g00938",778.352233474011,-2.15846459089822,-1.42006293720431,1.01860570336488,-2.83027477484161,0.00465080430158429,0.0347332593145824,0.0643946856359146,1,0.102496166693812,FALSE,TRUE,TRUE,FALSE,"Rpv12",6,"Rpv12|6"
"Vitvi00g04869",124.33288437609,-2.1365821927867,-1.37630779235576,1.03371561018105,-2.82722465823323,0.00469533745726482,0.0349553297874282,0.0663100698658979,1,0.10983996965536,FALSE,TRUE,TRUE,FALSE,"Rpv12",6,"Rpv12|6"
"Vitvi09g01269",163.345457226501,-2.22581335431242,-1.3267211170963,1.22260131059416,-2.82646743522818,0.00470645292167722,0.0350160097372786,0.0598026379753434,1,0.128641593204003,FALSE,TRUE,TRUE,FALSE,"Rpv12",6,"Rpv12|6"
"Vitvi13g00680",1022.17445896552,1.87845911609464,1.2807352830698,0.83420841554808,2.8258402873569,0.00471567700937242,0.0350515174057254,0.0931746730027374,1,0.114042535516347,FALSE,TRUE,TRUE,FALSE,"Rpv12",6,"Rpv12|6"
"Vitvi09g00436",212.504821457219,-1.5541213321449,-1.04485945520172,0.687886673687857,-2.82481026819444,0.00473086204096156,0.0351422714250296,0.156924671682697,1,0.160451249940589,FALSE,TRUE,TRUE,FALSE,"Rpv12",6,"Rpv12|6"
"Vitvi01g00940",774.012290387862,1.18762487173353,1.05054851712161,0.453057342801958,2.82411834999591,0.00474108746537275,0.0351722748326798,0.327739679762541,1,0.152277445330634,FALSE,TRUE,TRUE,FALSE,"Rpv12",6,"Rpv12|6"
"Vitvi11g01641",224.831209089036,1.44443985492989,1.04443775619536,0.585475779613609,2.82404395631839,0.00474218807301333,0.0351722748326798,0.192443483247703,1,0.15835077390628,FALSE,TRUE,TRUE,FALSE,"Rpv12",6,"Rpv12|6"
"Vitvi14g03084",646.935091846756,-2.20793465579397,-1.37261642377336,1.14094146570341,-2.82217727641896,0.0047698802390931,0.0353485145786365,0.0613172795012724,1,0.11565199266047,FALSE,TRUE,TRUE,FALSE,"Rpv12",6,"Rpv12|6"
"Vitvi16g01497",1081.54257250681,1.58003870218215,1.10797808855466,0.668849232771271,2.82016503368538,0.00479989567096862,0.0354987900875456,0.150267836432198,1,0.14419219021956,FALSE,TRUE,TRUE,FALSE,"Rpv12",6,"Rpv12|6"
"Vitvi08g04054",8.50667577628766,3.57534292104036,2.43886613553562,1.37296391722497,2.81963998920748,0.00480775551386881,0.0355124455123855,0.0212813560214424,0.604235421184909,0.0386286725077065,FALSE,TRUE,TRUE,FALSE,"Rpv12",6,"Rpv12|6"
"Vitvi10g04381",2069.31270436928,2.75752319831775,1.73123125482621,1.50083921734768,2.81988215456483,0.00480412888619596,0.0355124455123855,0.0362074336566474,0.827731850625541,0.0935719603735716,FALSE,TRUE,TRUE,FALSE,"Rpv12",6,"Rpv12|6"
"Vitvi05g00828",207.395129185947,-1.40408890688169,-1.00238718331315,0.580685065938013,-2.81940072213433,0.00481134117020175,0.0355278215450158,0.20856647991628,1,0.169120900634804,FALSE,TRUE,TRUE,FALSE,"Rpv12",6,"Rpv12|6"
"Vitvi19g01432",45.559155433064,-2.66142083234333,-1.51357995704453,1.6803404313849,-2.81471826522049,0.00488200127470633,0.0359708777639154,0.0395027160482662,0.867496253586766,0.120479652711889,FALSE,TRUE,TRUE,FALSE,"Rpv12",6,"Rpv12|6"
"Vitvi01g00358",43.3935404440716,1.80065819613882,1.24967104702438,0.783976859877819,2.81073606090593,0.00494283151021967,0.0363171278178566,0.105694882219394,1,0.116863218370045,FALSE,TRUE,TRUE,FALSE,"Rpv12",6,"Rpv12|6"
"Vitvi07g04445",22.3558435763547,1.8108093715158,1.24247583347601,0.763114520011699,2.80764891463692,0.00499046006982233,0.0365647170500444,0.10435531613357,1,0.117064995078356,FALSE,TRUE,TRUE,FALSE,"Rpv12",6,"Rpv12|6"
"Vitvi12g02466",30.1092574343845,-1.60930970449402,-1.13718489503564,0.661838786147821,-2.80777810467635,0.00498845863252682,0.0365647170500444,0.143878095762286,1,0.137252623082889,FALSE,TRUE,TRUE,FALSE,"Rpv12",6,"Rpv12|6"
"Vitvi14g04456",21.0929224378336,-2.37944590077877,-1.5110416780523,1.17733977601645,-2.80666282170792,0.00500576075316997,0.0366150204806156,0.0518895762889026,0.99296227223219,0.0989551702799835,FALSE,TRUE,TRUE,FALSE,"Rpv12",6,"Rpv12|6"
"Vitvi17g00169",1698.1617883083,-1.87328768689689,-1.188023125666,0.906637178537154,-2.80672666802641,0.0050047688007383,0.0366150204806156,0.0953708305037509,1,0.137049405420429,FALSE,TRUE,TRUE,FALSE,"Rpv12",6,"Rpv12|6"
"Vitvi19g04626",42.4346504911563,-1.44116862050937,-1.02791881332748,0.590583751815216,-2.80628370409132,0.00501165460115093,0.0366291166424466,0.195155855979385,1,0.163807505109218,FALSE,TRUE,TRUE,FALSE,"Rpv12",6,"Rpv12|6"
"Vitvi13g00917",37.1456057742785,-1.45998218458592,-1.03605165309279,0.605747893050331,-2.80258106948236,0.00506954733977984,0.0368924360013184,0.18862428104138,1,0.161499985921709,FALSE,TRUE,TRUE,FALSE,"Rpv12",6,"Rpv12|6"
"Vitvi13g04626",76.6057944207411,2.55513649803389,1.58943560820686,1.36956544766259,2.80196530966109,0.00507923350138355,0.0369515410439428,0.0441116347269262,0.904716169804778,0.099739315633291,FALSE,TRUE,TRUE,FALSE,"Rpv12",6,"Rpv12|6"
"Vitvi09g04208",83.6892090120881,2.09686960215954,1.3894803453632,0.973567241727452,2.80151440430454,0.00508633704000529,0.036991826834669,0.0714141445500905,1,0.103882566604777,FALSE,TRUE,TRUE,FALSE,"Rpv12",6,"Rpv12|6"
"Vitvi04g01151",514.289672004765,2.08879332340337,1.37858784080207,0.981556841152215,2.8007263839641,0.00509877303382891,0.0370480518625366,0.0721771578784702,1,0.106665283542344,FALSE,TRUE,TRUE,FALSE,"Rpv12",6,"Rpv12|6"
"Vitvi10g02268",56.4419476600659,-1.58353752013241,-1.11219155441411,0.663832871862782,-2.79618839088621,0.00517092487289677,0.0374915860489772,0.151413110513147,1,0.143368345649974,FALSE,TRUE,TRUE,FALSE,"Rpv12",6,"Rpv12|6"
"Vitvi06g04053",51.6917749120404,-2.52581704069875,-1.37113183586963,1.75280835951912,-2.79530434205564,0.00518508772228234,0.0375596878797159,0.0456946804536492,0.923434298164478,0.136438835419705,FALSE,TRUE,TRUE,FALSE,"Rpv12",6,"Rpv12|6"
"Vitvi08g02382",15.272725070512,-3.37453316336914,-2.00338429723882,2.06278160170139,-2.79481874494041,0.00519288210646187,0.0375815750976845,0.0247596970011022,0.66361569042196,0.0937609214253313,FALSE,TRUE,TRUE,FALSE,"Rpv12",6,"Rpv12|6"
"Vitvi08g00816",197.56519638047,-2.08950050685934,-1.18971567572487,1.20829769484514,-2.79315611071528,0.00521964951542672,0.0377059819123578,0.0726594167635462,1,0.14501691241989,FALSE,TRUE,TRUE,FALSE,"Rpv12",6,"Rpv12|6"
"Vitvi12g04364",10.7790778911751,2.31222847964138,1.53646865817778,0.992917226408978,2.78919983093769,0.00528384515289709,0.0379927377162812,0.0567523900483751,1,0.0858467071335253,FALSE,TRUE,TRUE,FALSE,"Rpv12",6,"Rpv12|6"
"Vitvi08g04382",45.5024986811969,-1.68471280876163,-1.17037741291321,0.716453700218691,-2.78862203214658,0.00529328011672896,0.0380054294581676,0.128533588578451,1,0.133828156345958,FALSE,TRUE,TRUE,FALSE,"Rpv12",6,"Rpv12|6"
"Vitvi18g00109",58.2403074856222,-1.72717093944167,-1.15301343328442,0.772057071421556,-2.78864923506387,0.00529283557505774,0.0380054294581676,0.120188235757468,1,0.139082269912416,FALSE,TRUE,TRUE,FALSE,"Rpv12",6,"Rpv12|6"
"Vitvi10g04372",72.8579904183702,-2.54818345778142,-1.52233392439526,1.46273821717947,-2.78692592038746,0.00532106414401626,0.0381701115122843,0.0452574985662515,0.919169957293923,0.111235828239097,FALSE,TRUE,TRUE,FALSE,"Rpv12",6,"Rpv12|6"
"Vitvi10g01684",85.8182259433982,-1.79007281677426,-1.11866667536745,0.875957116384739,-2.78507197443365,0.00535158426415554,0.0382690761552342,0.109500048666758,1,0.1489521113223,FALSE,TRUE,TRUE,FALSE,"Rpv12",6,"Rpv12|6"
"Vitvi19g02212",442.848179603047,2.86121800620193,1.64753517459215,1.90547051564016,2.78416741445356,0.00536653266118374,0.0383333034540316,0.0351488406935879,0.815487166568925,0.11323932714679,FALSE,TRUE,TRUE,FALSE,"Rpv12",6,"Rpv12|6"
"Vitvi12g04441",7.89700349737635,3.24125517781364,2.13635578565927,1.49591568320937,2.78357538878854,0.00537633664429045,0.0383917243686303,0.0272635202882613,0.697918357289876,0.0621518597408807,FALSE,TRUE,TRUE,FALSE,"Rpv12",6,"Rpv12|6"
"Vitvi14g01469",1741.52336274487,-2.56361995775672,-1.48045511013067,1.56695602315965,-2.78308971048409,0.00538439158094488,0.0384376240329647,0.044857646172186,0.914339745770528,0.11987897199819,FALSE,TRUE,TRUE,FALSE,"Rpv12",6,"Rpv12|6"
"Vitvi18g02824",326.830018119421,-1.45974284727251,-1.00836902472568,0.625726704631941,-2.78239170758343,0.00539598698845966,0.0384738921344383,0.190432619497477,1,0.167403357758515,FALSE,TRUE,TRUE,FALSE,"Rpv12",6,"Rpv12|6"
"Vitvi06g00962",953.105530572065,-1.96458535891766,-1.22398285778004,0.971388071137785,-2.78003898073452,0.00543523736749479,0.0386487589087784,0.0861460905163908,1,0.134429265721829,FALSE,TRUE,TRUE,FALSE,"Rpv12",6,"Rpv12|6"
"Vitvi15g01217",19.5865110341494,1.93132566210162,1.26446823646859,0.902142969660906,2.7791423266946,0.00545026389100336,0.0386973650836433,0.0901088853078809,1,0.123077439207118,FALSE,TRUE,TRUE,FALSE,"Rpv12",6,"Rpv12|6"
"Vitvi03g04197",54.30059605731,1.5704937292315,1.09247678038689,0.667191678217511,2.77710969188354,0.00548446663617555,0.038905126390312,0.156536557280882,1,0.148125386753235,FALSE,TRUE,TRUE,FALSE,"Rpv12",6,"Rpv12|6"
"Vitvi09g01936",11.782963710189,3.95284328919374,2.27552813893648,1.75868464649556,2.7733079897668,0.00554895757941094,0.0391626758114267,0.0194017758502603,0.569619589749675,0.0665872683375177,FALSE,TRUE,TRUE,FALSE,"Rpv12",6,"Rpv12|6"
"Vitvi08g02387",85.5154080627779,-2.07847133944692,-1.318044794281,1.02678921053262,-2.77244034814378,0.0055637715698091,0.039220635787953,0.0751582776887075,1,0.119477907418448,FALSE,TRUE,TRUE,FALSE,"Rpv12",6,"Rpv12|6"
"Vitvi13g04041",54.2699404534644,-1.8002029321662,-1.20556549502899,0.817205264352743,-2.77210390542801,0.00556952554069645,0.0392416919442098,0.108941586583004,1,0.131029377009722,FALSE,TRUE,TRUE,FALSE,"Rpv12",6,"Rpv12|6"
"Vitvi12g00725",27.6448746031313,2.01235682212023,1.22513278567336,1.04403324262944,2.771056521965,0.00558747268311276,0.0393170329819749,0.0816701219088763,1,0.136235699732029,FALSE,TRUE,TRUE,FALSE,"Rpv12",6,"Rpv12|6"
"Vitvi08g01024",106.338228824774,-1.55160355192894,-1.03581382383599,0.700586174488559,-2.77052910031691,0.00559652990686067,0.0393690379570765,0.162329806260089,1,0.163597206753534,FALSE,TRUE,TRUE,FALSE,"Rpv12",6,"Rpv12|6"
"Vitvi01g04438",120.518984888292,-2.28136597514237,-1.34400133792314,1.31189962828823,-2.76788058631443,0.00564221247902966,0.0395960615506948,0.0600520262608276,1,0.129635762043261,FALSE,TRUE,TRUE,FALSE,"Rpv12",6,"Rpv12|6"
"Vitvi19g04160",213.68716833735,1.65746860899449,1.14427743354191,0.717101155244404,2.76770060474406,0.00564532904182028,0.0396061665060524,0.1361363381803,1,0.138472649569541,FALSE,TRUE,TRUE,FALSE,"Rpv12",6,"Rpv12|6"
"Vitvi13g01468",311.686286360187,-1.72253137642765,-1.05022396497397,0.849527360275828,-2.76734538937947,0.00565148451219977,0.0396257338625808,0.122870149958509,1,0.161709938136292,FALSE,TRUE,TRUE,FALSE,"Rpv12",6,"Rpv12|6"
"Vitvi07g04076",14.4253727187163,1.9301251508834,1.24921511352349,0.898525526669675,2.76651598758591,0.0056658806625059,0.0396796421611961,0.0912495676616943,1,0.127056225952952,FALSE,TRUE,TRUE,FALSE,"Rpv12",6,"Rpv12|6"
"Vitvi03g00586",351.10520690847,-1.51598723493309,-1.05863950495889,0.644401598339736,-2.76640790805331,0.00566775906215775,0.039681032770092,0.173204724218894,1,0.155202027206019,FALSE,TRUE,TRUE,FALSE,"Rpv12",6,"Rpv12|6"
"Vitvi02g04007",21.0006553151011,2.22780370942094,1.43912724256674,1.04122822883064,2.76583200920525,0.00567777753788219,0.0397393958518083,0.0637443688845654,1,0.100918704753953,FALSE,TRUE,TRUE,FALSE,"Rpv12",6,"Rpv12|6"
"Vitvi19g01791",10.7911079368461,3.4885778437215,2.16810473935258,1.66900607370931,2.76148497175475,0.00575391645997309,0.0401414691723226,0.0246149600571099,0.662560053823416,0.0681017801822076,FALSE,TRUE,TRUE,FALSE,"Rpv12",6,"Rpv12|6"
"Vitvi05g01747",9.34649943600172,-2.9062474388488,-1.60436856154729,2.27918168574787,-2.7612107743626,0.00575874979101383,0.040163326708984,0.0351645523104762,0.815487166568925,0.129039466961485,FALSE,TRUE,TRUE,FALSE,"Rpv12",6,"Rpv12|6"
"Vitvi16g01800",1688.94739947237,-1.71283581820233,-1.11605082890842,0.7937486894375,-2.76055831559181,0.00577026553314343,0.0402259364804241,0.125311044779527,1,0.146466789221806,FALSE,TRUE,TRUE,FALSE,"Rpv12",6,"Rpv12|6"
"Vitvi18g04600",398.841353157951,-1.58368165620973,-1.09528632706187,0.678717587338985,-2.76049635811541,0.00577136014665645,0.0402259364804241,0.154482924715824,1,0.14729659704589,FALSE,TRUE,TRUE,FALSE,"Rpv12",6,"Rpv12|6"
"Vitvi16g00793",1819.44012764356,-1.54409609924772,-1.0442866040835,0.679839357885757,-2.75612044940458,0.00584914531519254,0.040573865474871,0.165732263640407,1,0.160661001728113,FALSE,TRUE,TRUE,FALSE,"Rpv12",6,"Rpv12|6"
"Vitvi14g02946",99.2082612359473,-2.35136219337367,-1.29838543009858,1.51155587900974,-2.75453153101038,0.00587762262129967,0.0406920285933004,0.0567459984627714,1,0.139285340229953,FALSE,TRUE,TRUE,FALSE,"Rpv12",6,"Rpv12|6"
"Vitvi04g04429",86.5444245567769,-1.96307812592529,-1.20667053637235,1.00109636560815,-2.75454423685893,0.00587739440659962,0.0406920285933004,0.0883048337789299,1,0.137455782411557,FALSE,TRUE,TRUE,FALSE,"Rpv12",6,"Rpv12|6"
"Vitvi16g04376",72.6250940472192,-1.80353027045026,-1.20111984801955,0.813925054655503,-2.75381244639746,0.00589055140538051,0.0407530463139388,0.109937281143886,1,0.132028379197612,FALSE,TRUE,TRUE,FALSE,"Rpv12",6,"Rpv12|6"
"Vitvi11g00619",82.8330468865906,-1.98285713599671,-1.3025438394139,0.929034581079229,-2.75089860527426,0.00594320360240784,0.0410354203630448,0.0863708888997519,1,0.11585331899621,FALSE,TRUE,TRUE,FALSE,"Rpv12",6,"Rpv12|6"
"Vitvi17g00554",19.8194388347399,-1.85233122713087,-1.15502132120367,0.90954903366557,-2.748946193854,0.00597871996829425,0.0412295458629063,0.102965223912719,1,0.143163152365563,FALSE,TRUE,TRUE,FALSE,"Rpv12",6,"Rpv12|6"
"Vitvi06g00180",74.8694557470871,-1.95195971678896,-1.25490340431654,0.939154825476071,-2.74698730891884,0.00601454617803301,0.0414214605881912,0.0901893613894304,1,0.12824405517512,FALSE,TRUE,TRUE,FALSE,"Rpv12",6,"Rpv12|6"
"Vitvi14g02580",72.5145496813737,-1.95223236845798,-1.12212304360898,1.0871412652935,-2.74669881163805,0.00601983883790969,0.0414458271725744,0.0901803283592462,1,0.152068845647776,FALSE,TRUE,TRUE,FALSE,"Rpv12",6,"Rpv12|6"
"Vitvi08g01621",55.8115154315646,-2.19856916327836,-1.30234682175368,1.22017101741206,-2.74641010148683,0.00602513960331664,0.0414702353466042,0.0671990514775011,1,0.131629152375188,FALSE,TRUE,TRUE,FALSE,"Rpv12",6,"Rpv12|6"
"Vitvi15g00847",28.3374054379808,1.68402690599509,1.1340066745798,0.736145253494107,2.74628318225519,0.00602747119142248,0.0414741988009851,0.132324177690773,1,0.141524773642147,FALSE,TRUE,TRUE,FALSE,"Rpv12",6,"Rpv12|6"
"Vitvi18g02971",67.5944813717243,-2.0671615905865,-1.21141049268708,1.14190766658885,-2.7461812912631,0.0060293435828234,0.0414750011978609,0.0781619285328099,1,0.140912157002137,FALSE,TRUE,TRUE,FALSE,"Rpv12",6,"Rpv12|6"
"Vitvi09g00321",17.3930071032277,2.34305107063117,1.38798901954329,1.30934006680613,2.74514972376151,0.00604832962654506,0.0415356435686976,0.0578421999582072,1,0.122478916661715,FALSE,TRUE,TRUE,FALSE,"Rpv12",6,"Rpv12|6"
"Vitvi18g00040",88.0919761171121,-2.27104800449288,-1.35007659013698,1.2668261483748,-2.73887606429556,0.00616496085834941,0.0421463753079489,0.0626926936487555,1,0.127254489226657,FALSE,TRUE,TRUE,FALSE,"Rpv12",6,"Rpv12|6"
"Vitvi13g01851",16.0571859771443,-1.93801288122229,-1.1979811316733,0.951556191622642,-2.73852175129128,0.00617160777803996,0.0421589701945806,0.0925249576405623,1,0.136845923451162,FALSE,TRUE,TRUE,FALSE,"Rpv12",6,"Rpv12|6"
"Vitvi09g04068",162.389766014301,1.99244763178939,1.27412140161228,0.975371778526259,2.73810713769259,0.00617939413188479,0.042187759590573,0.0863247416138297,1,0.12606440483064,FALSE,TRUE,TRUE,FALSE,"Rpv12",6,"Rpv12|6"
"Vitvi08g01197",43.7935557171835,-2.47234817974815,-1.2932737767471,1.83269415354985,-2.73800603178293,0.00618129422006822,0.0421885385918669,0.0515523528965307,0.992888498401742,0.144398428164187,FALSE,TRUE,TRUE,FALSE,"Rpv12",6,"Rpv12|6"
"Vitvi06g00109",21.1907422218625,-2.04503116495934,-1.29489192721777,0.9788317833749,-2.73148984577483,0.0063048683824553,0.0428462603366971,0.0814083969943389,1,0.121079950390569,FALSE,TRUE,TRUE,FALSE,"Rpv12",6,"Rpv12|6"
"Vitvi09g00083",77.1176549735808,-2.30927547388556,-1.007007525662,2.41965071205417,-2.73097347807114,0.00631475532191149,0.0428887723445064,0.0608129357366206,1,0.169335564520432,FALSE,TRUE,TRUE,FALSE,"Rpv12",6,"Rpv12|6"
"Vitvi07g01354",28.4368792237872,1.91885343087013,1.21059633460648,0.942814466616777,2.72976897046363,0.00633787240020331,0.0429963302233207,0.0955948328156985,1,0.136033374560187,FALSE,TRUE,TRUE,FALSE,"Rpv12",6,"Rpv12|6"
"Vitvi07g01286",16.0107693109245,-2.27406358665412,-1.43387957908345,1.13796953261101,-2.72856959440421,0.0063609666416363,0.0430720759453623,0.0632116124476701,1,0.107260261113415,FALSE,TRUE,TRUE,FALSE,"Rpv12",6,"Rpv12|6"
"Vitvi09g04101",53.3050669853822,-1.53319519515968,-1.05177688707386,0.666663837656748,-2.72358014194876,0.00645785454545107,0.0435228074387004,0.171778920714277,1,0.157930707655766,FALSE,TRUE,TRUE,FALSE,"Rpv12",6,"Rpv12|6"
"Vitvi10g02047",30.9352426726103,2.0908996460976,1.32179661705757,1.02119362389621,2.72152364258086,0.00649817366772669,0.0437174412368784,0.0778442743710477,1,0.117669738277284,FALSE,TRUE,TRUE,FALSE,"Rpv12",6,"Rpv12|6"
"Vitvi09g04544",14.1093068030917,2.7618582076382,1.47859041767225,1.95203807081964,2.72014927682463,0.00652524516102825,0.0438258455865301,0.0414538502954457,0.880665914708453,0.132228181842878,FALSE,TRUE,TRUE,FALSE,"Rpv12",6,"Rpv12|6"
"Vitvi13g04683",6.79440942755917,-2.85873244116995,-1.85799157267325,1.30223224983674,-2.71766274439534,0.00657448139262855,0.0440574182855806,0.0387353800132358,0.862364941077646,0.0720586345356183,FALSE,TRUE,TRUE,FALSE,"Rpv12",6,"Rpv12|6"
"Vitvi17g00217",402.510306244078,-1.88627959673854,-1.20646362075034,0.911024808171541,-2.71684677326417,0.00659071122556734,0.0441286226106439,0.100900846269406,1,0.135432000177238,FALSE,TRUE,TRUE,FALSE,"Rpv12",6,"Rpv12|6"
"Vitvi08g01385",27.8425818342862,-2.32416656159377,-1.31474319019176,1.39171089290452,-2.71608662735216,0.0066058630892287,0.0441924944473974,0.0609275980501294,1,0.135632224490877,FALSE,TRUE,TRUE,FALSE,"Rpv12",6,"Rpv12|6"
"Vitvi14g00488",443.777544644158,-2.06716751195052,-1.17818076768802,1.18660570373391,-2.71379244427906,0.0066517827701146,0.0443967665379243,0.0806375411378297,1,0.145844930334471,FALSE,TRUE,TRUE,FALSE,"Rpv12",6,"Rpv12|6"
"Vitvi01g04077",41.0766340030041,-1.55577867516844,-1.04550808686619,0.689233904201821,-2.70974756278463,0.0067334434192385,0.0447041597665126,0.166522251252241,1,0.160241236021717,FALSE,TRUE,TRUE,FALSE,"Rpv12",6,"Rpv12|6"
"Vitvi07g04438",275.560850840703,1.68971476281842,1.26707494236503,0.745264240226774,2.70965318633422,0.00673535946232274,0.0447043161615588,0.134363198372685,1,0.111036567507275,FALSE,TRUE,TRUE,FALSE,"Rpv12",6,"Rpv12|6"
"Vitvi05g01044",2458.43831046466,-2.32254435619282,-1.28992792354511,1.48632594325235,-2.70436656129052,0.00684347496459275,0.0452819511522717,0.0618387318092112,1,0.139691728584635,FALSE,TRUE,TRUE,FALSE,"Rpv12",6,"Rpv12|6"
"Vitvi13g04171",278.711515532716,-2.13685781115045,-1.20486807029019,1.25390954026114,-2.70420118485128,0.00684688205047783,0.0452918083999965,0.0751540883332713,1,0.143780113558803,FALSE,TRUE,TRUE,FALSE,"Rpv12",6,"Rpv12|6"
"Vitvi12g00300",88.0371125776023,1.91432621674728,1.21590011361294,0.950234276032849,2.70115720783031,0.00690986687597021,0.0456020630911424,0.0985215283819458,1,0.135231617848171,FALSE,TRUE,TRUE,FALSE,"Rpv12",6,"Rpv12|6"
"Vitvi04g00041",75.9516349923743,-1.92789361819413,-1.08088153051669,1.09096053542427,-2.69841199195363,0.00696711570414422,0.0458815743415932,0.0970368180899692,1,0.158979745169316,FALSE,TRUE,TRUE,FALSE,"Rpv12",6,"Rpv12|6"
"Vitvi07g04591",1365.41824391802,1.62966009263489,1.06065615657837,0.760311782758074,2.69690959996414,0.00699862668643865,0.0460121234586846,0.148708247641763,1,0.157720635881473,FALSE,TRUE,TRUE,FALSE,"Rpv12",6,"Rpv12|6"
"Vitvi13g00255",1433.13249445454,-2.31330091759837,-1.28062156211444,1.49315744128182,-2.69152298055038,0.00711265978858661,0.0466709026461091,0.0633111343177638,1,0.140707976698641,FALSE,TRUE,TRUE,FALSE,"Rpv12",6,"Rpv12|6"
"Vitvi14g02043",338.464590639913,-1.69261348395858,-1.06241452552709,0.822845317976878,-2.68613612200552,0.00722836337897067,0.0472463751350429,0.135858642856863,1,0.158560482740294,FALSE,TRUE,TRUE,FALSE,"Rpv12",6,"Rpv12|6"
"Vitvi08g01146",9.20350197391323,-2.66033079007021,-1.52915299483449,1.62782546422874,-2.68575083360282,0.00723670330756571,0.0472485919102591,0.0469597525010991,0.94059737034935,0.116054503722554,FALSE,TRUE,TRUE,FALSE,"Rpv12",6,"Rpv12|6"
"Vitvi13g02552",116.535236015117,1.62314140806202,1.07082163807289,0.738101899326192,2.68581526025689,0.00723530813125982,0.0472485919102591,0.151250951795251,1,0.154572405541305,FALSE,TRUE,TRUE,FALSE,"Rpv12",6,"Rpv12|6"
"Vitvi02g00512",712.567824485956,-1.83062511391093,-1.13095527146235,0.917120278807414,-2.68379857758595,0.00727909459846712,0.0474056564562016,0.111677503344903,1,0.147088989595445,FALSE,TRUE,TRUE,FALSE,"Rpv12",6,"Rpv12|6"
"Vitvi18g00796",69.7187518494849,-1.56829105029045,-1.00441849659975,0.736081815632528,-2.68238592241301,0.00730990780759182,0.0475033403661441,0.165531343841032,1,0.168906272824376,FALSE,TRUE,TRUE,FALSE,"Rpv12",6,"Rpv12|6"
"Vitvi18g02519",53.2920498841145,-1.62517353967525,-1.06203096165106,0.746034167476301,-2.68116235106839,0.00733669119885601,0.0476119009613672,0.151185828360644,1,0.15709151580484,FALSE,TRUE,TRUE,FALSE,"Rpv12",6,"Rpv12|6"
"Vitvi08g01681",93.7642348851592,-1.58345685194569,-1.00889134835744,0.747999068447019,-2.68009864515368,0.00736004671610656,0.0477294611152289,0.161695911961741,1,0.167617922280243,FALSE,TRUE,TRUE,FALSE,"Rpv12",6,"Rpv12|6"
"Vitvi18g00687",618.988357754063,-1.90504659870523,-1.06034476679935,1.08130886655594,-2.67763386930452,0.00741442169752315,0.0479846177937524,0.101693464377966,1,0.162339045371633,FALSE,TRUE,TRUE,FALSE,"Rpv12",6,"Rpv12|6"
"Vitvi12g02198",12.1446899396628,-2.2029030783004,-1.23728287678171,1.28445727332041,-2.67578394092778,0.00745546905444773,0.0481505961305745,0.0720410997658319,1,0.141116158927703,FALSE,TRUE,TRUE,FALSE,"Rpv12",6,"Rpv12|6"
"Vitvi14g04291",4.63938019530713,3.62219362137983,2.22166697099186,1.63996073944759,2.67468033001347,0.00748005360458679,0.0482504288679338,0.0267387243324601,0.690736594014426,0.0646107685790366,FALSE,TRUE,TRUE,FALSE,"Rpv12",6,"Rpv12|6"
"Vitvi16g00040",6.83720885374116,-2.56328623568976,-1.45349270460459,1.50593848713333,-2.67088520898004,0.00756515130815294,0.048547678402931,0.0517686864291643,0.992888498401742,0.1212800850606,FALSE,TRUE,TRUE,FALSE,"Rpv12",6,"Rpv12|6"
"Vitvi13g00740",44.9702992894925,-1.99616597345323,-1.10032014404492,1.17282373769295,-2.66866097553331,0.00761542758564013,0.048764334624015,0.0914992125266218,1,0.156672195831397,FALSE,TRUE,TRUE,FALSE,"Rpv12",6,"Rpv12|6"
"Vitvi09g04377",10.2727152787988,1.92635502762334,1.17753995909868,0.933558416246894,2.66499826923863,0.00769887190073617,0.0491786782150324,0.100024755813115,1,0.14050428963947,FALSE,TRUE,TRUE,FALSE,"Rpv12",6,"Rpv12|6"
"Vitvi12g04527",19.0177224484396,-1.79402655467024,-1.11701230754788,0.864417417179381,-2.66421850934309,0.00771674194692405,0.0492129800945572,0.119182148980277,1,0.149158506692691,FALSE,TRUE,TRUE,FALSE,"Rpv12",6,"Rpv12|6"
"Vitvi19g01360",64.875335276063,-1.89765957609175,-1.15050312858832,0.982161815435372,-2.66391755714792,0.00772364891563179,0.0492437340580443,0.103835606234639,1,0.14522387156063,FALSE,TRUE,TRUE,FALSE,"Rpv12",6,"Rpv12|6"
"Vitvi17g00025",397.118313024892,1.74018979150361,1.10384266651242,0.840966722350427,2.6620975307251,0.0077655374102007,0.0494440767395582,0.128763105780301,1,0.150193793742628,FALSE,TRUE,TRUE,FALSE,"Rpv12",6,"Rpv12|6"
"Vitvi07g04040",148.931132899285,-2.00709364316598,-1.09265747095661,1.21040702027361,-2.65995195571818,0.00781517986125358,0.0496427828872759,0.0910248329014643,1,0.158140795176455,FALSE,TRUE,TRUE,FALSE,"Rpv12",6,"Rpv12|6"
