"matrix","grouping","level","n","method","r","slope"
"raw","condition","GLOBAL",36,"spearman",0.969673472147476,56306.6198120319
"raw","condition","Rpv12.0",3,"spearman",0.949597576199459,16134.0356654983
"raw","condition","Rpv12.1.0",3,"spearman",0.954795014496777,7629.143878361
"raw","condition","Rpv12.1.24",3,"spearman",0.920005589802515,84106.6269752931
"raw","condition","Rpv12.1.3.0",3,"spearman",0.967934527948033,32672.9403064787
"raw","condition","Rpv12.1.3.24",3,"spearman",0.951449671607487,28461.977618612
"raw","condition","Rpv12.1.3.6",3,"spearman",0.97271855649414,45228.0933465686
"raw","condition","Rpv12.1.6",3,"spearman",0.943856846431152,66743.0905199555
"raw","condition","Rpv12.24",3,"spearman",0.989500221474599,17346.1795413884
"raw","condition","Rpv12.6",3,"spearman",0.964563825669388,46208.3386051749
"raw","condition","Susceptible.0",3,"spearman",0.912003817612773,26968.5014510928
"raw","condition","Susceptible.24",3,"spearman",0.913349068840762,52183.8543646727
"raw","condition","Susceptible.6",3,"spearman",0.967623811406232,2455.89488151253
"raw","condition","GLOBAL",36,"pearson",0.68392656307258,56306.6198120319
"raw","condition","Rpv12.0",3,"pearson",0.579538170436168,16134.0356654983
"raw","condition","Rpv12.1.0",3,"pearson",0.668712521334531,7629.143878361
"raw","condition","Rpv12.1.24",3,"pearson",0.594340651333799,84106.6269752931
"raw","condition","Rpv12.1.3.0",3,"pearson",0.784787241873406,32672.9403064787
"raw","condition","Rpv12.1.3.24",3,"pearson",0.661636798995206,28461.977618612
"raw","condition","Rpv12.1.3.6",3,"pearson",0.820711617102946,45228.0933465686
"raw","condition","Rpv12.1.6",3,"pearson",0.60054031409619,66743.0905199555
"raw","condition","Rpv12.24",3,"pearson",0.830702405367159,17346.1795413884
"raw","condition","Rpv12.6",3,"pearson",0.551524564571786,46208.3386051749
"raw","condition","Susceptible.0",3,"pearson",0.611426955889618,26968.5014510928
"raw","condition","Susceptible.24",3,"pearson",0.625419022172326,52183.8543646727
"raw","condition","Susceptible.6",3,"pearson",0.589620395068465,2455.89488151253
"raw","myTime","GLOBAL",36,"spearman",0.969673472147476,56306.6198120319
"raw","myTime","0",12,"spearman",0.967986374592277,48306.036516665
"raw","myTime","6",12,"spearman",0.970472953386084,56435.9055016759
"raw","myTime","24",12,"spearman",0.966101094425006,56066.0485402535
"raw","myTime","GLOBAL",36,"pearson",0.68392656307258,56306.6198120319
"raw","myTime","0",12,"pearson",0.697221886531749,48306.036516665
"raw","myTime","6",12,"pearson",0.711740806177521,56435.9055016759
"raw","myTime","24",12,"pearson",0.623274602526623,56066.0485402535
"raw","myResistance","GLOBAL",36,"spearman",0.969673472147476,56306.6198120319
"raw","myResistance","Rpv1",9,"spearman",0.980437061290924,40215.9069820815
"raw","myResistance","Rpv1.12",9,"spearman",0.961934542419572,56616.8541076091
"raw","myResistance","Rpv1.12.3",9,"spearman",0.975730319108221,36159.2668441968
"raw","myResistance","Susceptible",9,"spearman",0.957251776626487,27782.5540899287
"raw","myResistance","GLOBAL",36,"pearson",0.68392656307258,56306.6198120319
"raw","myResistance","Rpv1",9,"pearson",0.521578580852577,40215.9069820815
"raw","myResistance","Rpv1.12",9,"pearson",0.612781962501397,56616.8541076091
"raw","myResistance","Rpv1.12.3",9,"pearson",0.797717795240658,36159.2668441968
"raw","myResistance","Susceptible",9,"pearson",0.720085336839974,27782.5540899287
"log2raw","condition","GLOBAL",36,"spearman",-0.652658438167757,-0.177640298272651
"log2raw","condition","Rpv12.0",3,"spearman",-0.364724136000826,-0.0776732406560805
"log2raw","condition","Rpv12.1.0",3,"spearman",-0.362195739620736,-0.0857253076826968
"log2raw","condition","Rpv12.1.24",3,"spearman",-0.362608196499512,-0.191520392455824
"log2raw","condition","Rpv12.1.3.0",3,"spearman",-0.237275339950692,-0.0943365055062629
"log2raw","condition","Rpv12.1.3.24",3,"spearman",-0.388779550794044,-0.125254483429035
"log2raw","condition","Rpv12.1.3.6",3,"spearman",-0.231325016801043,-0.0882290036931666
"log2raw","condition","Rpv12.1.6",3,"spearman",-0.338857531971212,-0.109991509144459
"log2raw","condition","Rpv12.24",3,"spearman",-0.281989205928745,-0.0628242028587951
"log2raw","condition","Rpv12.6",3,"spearman",-0.331246257376834,-0.117908713067594
"log2raw","condition","Susceptible.0",3,"spearman",-0.390144243075703,-0.156476298735127
"log2raw","condition","Susceptible.24",3,"spearman",-0.362990752627549,-0.134148348948284
"log2raw","condition","Susceptible.6",3,"spearman",-0.51903282222504,-0.0732192025284426
"log2raw","condition","GLOBAL",36,"pearson",-0.326338929778093,-0.177640298272651
"log2raw","condition","Rpv12.0",3,"pearson",-0.446519658128959,-0.0776732406560805
"log2raw","condition","Rpv12.1.0",3,"pearson",-0.428122481511608,-0.0857253076826968
"log2raw","condition","Rpv12.1.24",3,"pearson",-0.239700231491462,-0.191520392455824
"log2raw","condition","Rpv12.1.3.0",3,"pearson",-0.390741194745865,-0.0943365055062629
"log2raw","condition","Rpv12.1.3.24",3,"pearson",-0.253495428587128,-0.125254483429035
"log2raw","condition","Rpv12.1.3.6",3,"pearson",-0.329362208140059,-0.0882290036931666
"log2raw","condition","Rpv12.1.6",3,"pearson",-0.268619725097797,-0.109991509144459
"log2raw","condition","Rpv12.24",3,"pearson",-0.434878042318153,-0.0628242028587951
"log2raw","condition","Rpv12.6",3,"pearson",-0.277837307742688,-0.117908713067594
"log2raw","condition","Susceptible.0",3,"pearson",-0.198923052394171,-0.156476298735127
"log2raw","condition","Susceptible.24",3,"pearson",-0.23677411622988,-0.134148348948284
"log2raw","condition","Susceptible.6",3,"pearson",-0.516047450539386,-0.0732192025284426
"log2raw","myTime","GLOBAL",36,"spearman",-0.652658438167757,-0.177640298272651
"log2raw","myTime","0",12,"spearman",-0.614523966903631,-0.179893571794261
"log2raw","myTime","6",12,"spearman",-0.624077676749157,-0.174592556589586
"log2raw","myTime","24",12,"spearman",-0.616938851281694,-0.183941920549339
"log2raw","myTime","GLOBAL",36,"pearson",-0.326338929778093,-0.177640298272651
"log2raw","myTime","0",12,"pearson",-0.295182702861281,-0.179893571794261
"log2raw","myTime","6",12,"pearson",-0.320222991750302,-0.174592556589586
"log2raw","myTime","24",12,"pearson",-0.310961736628768,-0.183941920549339
"log2raw","myResistance","GLOBAL",36,"spearman",-0.652658438167757,-0.177640298272651
"log2raw","myResistance","Rpv1",9,"spearman",-0.556528922377936,-0.12157088503079
"log2raw","myResistance","Rpv1.12",9,"spearman",-0.553271548609956,-0.126004329846312
"log2raw","myResistance","Rpv1.12.3",9,"spearman",-0.570386347975287,-0.133972292117038
"log2raw","myResistance","Susceptible",9,"spearman",-0.557297871559541,-0.122027884958635
"log2raw","myResistance","GLOBAL",36,"pearson",-0.326338929778093,-0.177640298272651
"log2raw","myResistance","Rpv1",9,"pearson",-0.334124920882362,-0.12157088503079
"log2raw","myResistance","Rpv1.12",9,"pearson",-0.313187890180587,-0.126004329846312
"log2raw","myResistance","Rpv1.12.3",9,"pearson",-0.408385340989064,-0.133972292117038
"log2raw","myResistance","Susceptible",9,"pearson",-0.273037524372269,-0.122027884958635
"sizeFactor","condition","GLOBAL",36,"spearman",-0.659265419941247,-0.180970250324328
"sizeFactor","condition","Rpv12.0",3,"spearman",-0.378321593553925,-0.0870650546191165
"sizeFactor","condition","Rpv12.1.0",3,"spearman",-0.453420910128733,-0.0878563621546132
"sizeFactor","condition","Rpv12.1.24",3,"spearman",-0.359240699731829,-0.182986574785739
"sizeFactor","condition","Rpv12.1.3.0",3,"spearman",-0.286132116534883,-0.0954166699012942
"sizeFactor","condition","Rpv12.1.3.24",3,"spearman",-0.396652664077093,-0.118771843494765
"sizeFactor","condition","Rpv12.1.3.6",3,"spearman",-0.326150883413951,-0.0850947589256763
"sizeFactor","condition","Rpv12.1.6",3,"spearman",-0.35788319764506,-0.111800641500508
"sizeFactor","condition","Rpv12.24",3,"spearman",-0.541071719848418,-0.0717729386557416
"sizeFactor","condition","Rpv12.6",3,"spearman",-0.362766812910718,-0.115624750639831
"sizeFactor","condition","Susceptible.0",3,"spearman",-0.401134161012899,-0.169540388559711
"sizeFactor","condition","Susceptible.24",3,"spearman",-0.362191331058952,-0.135764362616331
"sizeFactor","condition","Susceptible.6",3,"spearman",-0.612525616036012,-0.0728200255782961
"sizeFactor","condition","GLOBAL",36,"pearson",-0.32904430715529,-0.180970250324328
"sizeFactor","condition","Rpv12.0",3,"pearson",-0.455824437028012,-0.0870650546191165
"sizeFactor","condition","Rpv12.1.0",3,"pearson",-0.441441956650668,-0.0878563621546132
"sizeFactor","condition","Rpv12.1.24",3,"pearson",-0.231361971475209,-0.182986574785739
"sizeFactor","condition","Rpv12.1.3.0",3,"pearson",-0.399055855580712,-0.0954166699012942
"sizeFactor","condition","Rpv12.1.3.24",3,"pearson",-0.251063580250222,-0.118771843494765
"sizeFactor","condition","Rpv12.1.3.6",3,"pearson",-0.351670779462127,-0.0850947589256763
"sizeFactor","condition","Rpv12.1.6",3,"pearson",-0.269902380600749,-0.111800641500508
"sizeFactor","condition","Rpv12.24",3,"pearson",-0.498652899879364,-0.0717729386557416
"sizeFactor","condition","Rpv12.6",3,"pearson",-0.282707459909693,-0.115624750639831
"sizeFactor","condition","Susceptible.0",3,"pearson",-0.216096969185553,-0.169540388559711
"sizeFactor","condition","Susceptible.24",3,"pearson",-0.239791897564283,-0.135764362616331
"sizeFactor","condition","Susceptible.6",3,"pearson",-0.520969803628156,-0.0728200255782961
"sizeFactor","myTime","GLOBAL",36,"spearman",-0.659265419941247,-0.180970250324328
"sizeFactor","myTime","0",12,"spearman",-0.631649541487446,-0.190138459160159
"sizeFactor","myTime","6",12,"spearman",-0.637969006276781,-0.173483431951283
"sizeFactor","myTime","24",12,"spearman",-0.618742034973312,-0.184180079947503
"sizeFactor","myTime","GLOBAL",36,"pearson",-0.32904430715529,-0.180970250324328
"sizeFactor","myTime","0",12,"pearson",-0.305510417283716,-0.190138459160159
"sizeFactor","myTime","6",12,"pearson",-0.317692160546668,-0.173483431951283
"sizeFactor","myTime","24",12,"pearson",-0.310365119026082,-0.184180079947503
"sizeFactor","myResistance","GLOBAL",36,"spearman",-0.659265419941247,-0.180970250324328
"sizeFactor","myResistance","Rpv1",9,"spearman",-0.582827552398154,-0.127780487037563
"sizeFactor","myResistance","Rpv1.12",9,"spearman",-0.556409747177899,-0.123984730618585
"sizeFactor","myResistance","Rpv1.12.3",9,"spearman",-0.590297897399295,-0.129423828923547
"sizeFactor","myResistance","Susceptible",9,"spearman",-0.575305314556749,-0.12739393642749
"sizeFactor","myResistance","GLOBAL",36,"pearson",-0.32904430715529,-0.180970250324328
"sizeFactor","myResistance","Rpv1",9,"pearson",-0.350201380395483,-0.127780487037563
"sizeFactor","myResistance","Rpv1.12",9,"pearson",-0.307850794309314,-0.123984730618585
"sizeFactor","myResistance","Rpv1.12.3",9,"pearson",-0.410471086413601,-0.129423828923547
"sizeFactor","myResistance","Susceptible",9,"pearson",-0.28802415645542,-0.12739393642749
"rlog_blind","condition","GLOBAL",36,"spearman",-0.00413696695316863,-0.000718481200564319
"rlog_blind","condition","Rpv12.0",3,"spearman",-0.0421079677287899,-0.00114944222792155
"rlog_blind","condition","Rpv12.1.0",3,"spearman",-0.141156280838266,-0.00267159299135271
"rlog_blind","condition","Rpv12.1.24",3,"spearman",0.0612836487390133,0.00261028028765951
"rlog_blind","condition","Rpv12.1.3.0",3,"spearman",-0.0508413559905586,-0.00273040475924462
"rlog_blind","condition","Rpv12.1.3.24",3,"spearman",0.02155448998228,0.000122828296774356
"rlog_blind","condition","Rpv12.1.3.6",3,"spearman",0.0941736163141029,-0.000120546477933023
"rlog_blind","condition","Rpv12.1.6",3,"spearman",0.0640106924201771,0.000177199531976945
"rlog_blind","condition","Rpv12.24",3,"spearman",-0.26754463569007,-0.00185884551027381
"rlog_blind","condition","Rpv12.6",3,"spearman",0.0909173333471314,0.00403922697335323
"rlog_blind","condition","Susceptible.0",3,"spearman",0.00196615393913116,0.00380812561573547
"rlog_blind","condition","Susceptible.24",3,"spearman",0.0411619378634595,0.00149029363023826
"rlog_blind","condition","Susceptible.6",3,"spearman",-0.404017489513381,-0.00228385857770102
"rlog_blind","condition","GLOBAL",36,"pearson",-0.00426047032650636,-0.000718481200564319
"rlog_blind","condition","Rpv12.0",3,"pearson",-0.0538156336866827,-0.00114944222792155
"rlog_blind","condition","Rpv12.1.0",3,"pearson",-0.0386624919499354,-0.00267159299135271
"rlog_blind","condition","Rpv12.1.24",3,"pearson",0.0108168642282289,0.00261028028765951
"rlog_blind","condition","Rpv12.1.3.0",3,"pearson",-0.0875886513383963,-0.00273040475924462
"rlog_blind","condition","Rpv12.1.3.24",3,"pearson",0.00108347833992894,0.000122828296774356
"rlog_blind","condition","Rpv12.1.3.6",3,"pearson",-0.00234372978242718,-0.000120546477933023
"rlog_blind","condition","Rpv12.1.6",3,"pearson",0.00169561623684108,0.000177199531976945
"rlog_blind","condition","Rpv12.24",3,"pearson",-0.180822534301409,-0.00185884551027381
"rlog_blind","condition","Rpv12.6",3,"pearson",0.0292069815452027,0.00403922697335323
"rlog_blind","condition","Susceptible.0",3,"pearson",0.0146994927061302,0.00380812561573547
"rlog_blind","condition","Susceptible.24",3,"pearson",0.00715752564549501,0.00149029363023826
"rlog_blind","condition","Susceptible.6",3,"pearson",-0.261346833414731,-0.00228385857770102
"rlog_blind","myTime","GLOBAL",36,"spearman",-0.00413696695316863,-0.000718481200564319
"rlog_blind","myTime","0",12,"spearman",-0.0213399768864351,-0.000729077822121181
"rlog_blind","myTime","6",12,"spearman",-0.00758130831716296,-0.0022784406529778
"rlog_blind","myTime","24",12,"spearman",0.00629503799233903,0.000359192286153127
"rlog_blind","myTime","GLOBAL",36,"pearson",-0.00426047032650636,-0.000718481200564319
"rlog_blind","myTime","0",12,"pearson",-0.0040124887695654,-0.000729077822121181
"rlog_blind","myTime","6",12,"pearson",-0.0137401749385593,-0.0022784406529778
"rlog_blind","myTime","24",12,"pearson",0.00184741226713094,0.000359192286153127
"rlog_blind","myResistance","GLOBAL",36,"spearman",-0.00413696695316863,-0.000718481200564319
"rlog_blind","myResistance","Rpv1",9,"spearman",0.0386311047958759,0.00240112338603708
"rlog_blind","myResistance","Rpv1.12",9,"spearman",0.019841137326315,0.00138837560952936
"rlog_blind","myResistance","Rpv1.12.3",9,"spearman",-0.00799940133818775,-0.00232921166615446
"rlog_blind","myResistance","Susceptible",9,"spearman",-0.00333720729753726,0.00241785837535283
"rlog_blind","myResistance","GLOBAL",36,"pearson",-0.00426047032650636,-0.000718481200564319
"rlog_blind","myResistance","Rpv1",9,"pearson",0.0195095586978676,0.00240112338603708
"rlog_blind","myResistance","Rpv1.12",9,"pearson",0.0117228479589699,0.00138837560952936
"rlog_blind","myResistance","Rpv1.12.3",9,"pearson",-0.0319504149505275,-0.00232921166615446
"rlog_blind","myResistance","Susceptible",9,"pearson",0.0155146686797488,0.00241785837535283
"rlog_design","condition","GLOBAL",36,"spearman",0.146179610093644,0.0101246776008044
"rlog_design","condition","Rpv12.0",3,"spearman",0.101721024128979,0.000877508034198508
"rlog_design","condition","Rpv12.1.0",3,"spearman",0.00122803286374392,-0.00112355329254025
"rlog_design","condition","Rpv12.1.24",3,"spearman",0.169954207159212,0.0128990419309887
"rlog_design","condition","Rpv12.1.3.0",3,"spearman",0.0567460289803271,-0.00214841242685089
"rlog_design","condition","Rpv12.1.3.24",3,"spearman",0.140551844839045,0.00401056425859458
"rlog_design","condition","Rpv12.1.3.6",3,"spearman",0.209427554966429,0.00186294225818651
"rlog_design","condition","Rpv12.1.6",3,"spearman",0.185864377466119,0.00322892715425401
"rlog_design","condition","Rpv12.24",3,"spearman",-0.121805481187652,-0.00100631815006306
"rlog_design","condition","Rpv12.6",3,"spearman",0.204661582304604,0.0110245309945144
"rlog_design","condition","Susceptible.0",3,"spearman",0.121968043227796,0.0144360213403863
"rlog_design","condition","Susceptible.24",3,"spearman",0.159249739933227,0.00989341433551888
"rlog_design","condition","Susceptible.6",3,"spearman",-0.268379914069368,-0.0015819867085933
"rlog_design","condition","GLOBAL",36,"pearson",0.0406687472614625,0.0101246776008044
"rlog_design","condition","Rpv12.0",3,"pearson",0.0323197455864659,0.000877508034198508
"rlog_design","condition","Rpv12.1.0",3,"pearson",-0.0224357668880697,-0.00112355329254025
"rlog_design","condition","Rpv12.1.24",3,"pearson",0.0352498710016273,0.0128990419309887
"rlog_design","condition","Rpv12.1.3.0",3,"pearson",-0.0484017041832244,-0.00214841242685089
"rlog_design","condition","Rpv12.1.3.24",3,"pearson",0.0226919749468768,0.00401056425859458
"rlog_design","condition","Rpv12.1.3.6",3,"pearson",0.0256807882583245,0.00186294225818651
"rlog_design","condition","Rpv12.1.6",3,"pearson",0.0200974209943871,0.00322892715425401
"rlog_design","condition","Rpv12.24",3,"pearson",-0.0962657479853688,-0.00100631815006306
"rlog_design","condition","Rpv12.6",3,"pearson",0.0655205667684005,0.0110245309945144
"rlog_design","condition","Susceptible.0",3,"pearson",0.0440151718083597,0.0144360213403863
"rlog_design","condition","Susceptible.24",3,"pearson",0.035229920307608,0.00989341433551888
"rlog_design","condition","Susceptible.6",3,"pearson",-0.166194333254893,-0.0015819867085933
"rlog_design","myTime","GLOBAL",36,"spearman",0.146179610093644,0.0101246776008044
"rlog_design","myTime","0",12,"spearman",0.128776629537129,0.0102563018477983
"rlog_design","myTime","6",12,"spearman",0.136648620250039,0.00548785724996363
"rlog_design","myTime","24",12,"spearman",0.151716493014165,0.0123658605352051
"rlog_design","myTime","GLOBAL",36,"pearson",0.0406687472614625,0.0101246776008044
"rlog_design","myTime","0",12,"pearson",0.0377885133580665,0.0102563018477983
"rlog_design","myTime","6",12,"pearson",0.0225835490502393,0.00548785724996363
"rlog_design","myTime","24",12,"pearson",0.0448894296850509,0.0123658605352051
"rlog_design","myResistance","GLOBAL",36,"spearman",0.146179610093644,0.0101246776008044
"rlog_design","myResistance","Rpv1",9,"spearman",0.189837243331404,0.00951853563748899
"rlog_design","myResistance","Rpv1.12",9,"spearman",0.167783974691605,0.00890658904383777
"rlog_design","myResistance","Rpv1.12.3",9,"spearman",0.140012735262193,-0.00125535251114264
"rlog_design","myResistance","Susceptible",9,"spearman",0.154597498814442,0.0115673947255956
"rlog_design","myResistance","GLOBAL",36,"pearson",0.0406687472614625,0.0101246776008044
"rlog_design","myResistance","Rpv1",9,"pearson",0.0617069095889021,0.00951853563748899
"rlog_design","myResistance","Rpv1.12",9,"pearson",0.0503252808702918,0.00890658904383777
"rlog_design","myResistance","Rpv1.12.3",9,"pearson",-0.0109915088047463,-0.00125535251114264
"rlog_design","myResistance","Susceptible",9,"pearson",0.0581884286756914,0.0115673947255956
"vst_blind","condition","GLOBAL",36,"spearman",-0.0141292832382687,0.00655777449786485
"vst_blind","condition","Rpv12.0",3,"spearman",-0.0726409642811809,-0.00310198572607064
"vst_blind","condition","Rpv12.1.0",3,"spearman",-0.176246886602606,-0.0062640039107692
"vst_blind","condition","Rpv12.1.24",3,"spearman",0.0544981873988869,0.0104013640209469
"vst_blind","condition","Rpv12.1.3.0",3,"spearman",-0.0776603510534,-0.00788565978028819
"vst_blind","condition","Rpv12.1.3.24",3,"spearman",-0.0150528947681808,-6.73303325379916e-06
"vst_blind","condition","Rpv12.1.3.6",3,"spearman",0.0608463248019722,-0.000622761991732669
"vst_blind","condition","Rpv12.1.6",3,"spearman",0.0398278372037858,0.000906824749722374
"vst_blind","condition","Rpv12.24",3,"spearman",-0.3088118829404,-0.00538820638951794
"vst_blind","condition","Rpv12.6",3,"spearman",0.08078481276712,0.0126188892213031
"vst_blind","condition","Susceptible.0",3,"spearman",-0.0198088001236814,0.0126211546757499
"vst_blind","condition","Susceptible.24",3,"spearman",0.0337207001900354,0.0112553528289092
"vst_blind","condition","Susceptible.6",3,"spearman",-0.44188134714921,-0.00651378120288743
"vst_blind","condition","GLOBAL",36,"pearson",0.020632058676415,0.00655777449786485
"vst_blind","condition","Rpv12.0",3,"pearson",-0.0735749229399887,-0.00310198572607064
"vst_blind","condition","Rpv12.1.0",3,"pearson",-0.121883735077265,-0.0062640039107692
"vst_blind","condition","Rpv12.1.24",3,"pearson",0.0215618097621673,0.0104013640209469
"vst_blind","condition","Rpv12.1.3.0",3,"pearson",-0.147481137551768,-0.00788565978028819
"vst_blind","condition","Rpv12.1.3.24",3,"pearson",-3.12072710559065e-05,-6.73303325379916e-06
"vst_blind","condition","Rpv12.1.3.6",3,"pearson",-0.00681761081709385,-0.000622761991732669
"vst_blind","condition","Rpv12.1.6",3,"pearson",0.00469988942009835,0.000906824749722374
"vst_blind","condition","Rpv12.24",3,"pearson",-0.309668340288895,-0.00538820638951794
"vst_blind","condition","Rpv12.6",3,"pearson",0.0584705329521892,0.0126188892213031
"vst_blind","condition","Susceptible.0",3,"pearson",0.0299402417583583,0.0126211546757499
"vst_blind","condition","Susceptible.24",3,"pearson",0.030898966177456,0.0112553528289092
"vst_blind","condition","Susceptible.6",3,"pearson",-0.396285208502391,-0.00651378120288743
"vst_blind","myTime","GLOBAL",36,"spearman",-0.0141292832382687,0.00655777449786485
"vst_blind","myTime","0",12,"spearman",-0.0459160776416234,0.00607211055458664
"vst_blind","myTime","6",12,"spearman",-0.0366651233877249,-9.20076235452214e-05
"vst_blind","myTime","24",12,"spearman",0.00155746135567823,0.0107655801639301
"vst_blind","myTime","GLOBAL",36,"pearson",0.020632058676415,0.00655777449786485
"vst_blind","myTime","0",12,"pearson",0.0175222383910039,0.00607211055458664
"vst_blind","myTime","6",12,"pearson",-0.00030600636901689,-9.20076235452214e-05
"vst_blind","myTime","24",12,"pearson",0.0300083579210584,0.0107655801639301
"vst_blind","myResistance","GLOBAL",36,"spearman",-0.0141292832382687,0.00655777449786485
"vst_blind","myResistance","Rpv1",9,"spearman",0.0337586108429477,0.00931806400298529
"vst_blind","myResistance","Rpv1.12",9,"spearman",0.0115572152211368,0.00797542120018294
"vst_blind","myResistance","Rpv1.12.3",9,"spearman",-0.0631159713476133,-0.00739760373478858
"vst_blind","myResistance","Susceptible",9,"spearman",-0.0192206506697618,0.0125564273753726
"vst_blind","myResistance","GLOBAL",36,"pearson",0.020632058676415,0.00655777449786485
"vst_blind","myResistance","Rpv1",9,"pearson",0.0479512263462944,0.00931806400298529
"vst_blind","myResistance","Rpv1.12",9,"pearson",0.0351308176488372,0.00797542120018294
"vst_blind","myResistance","Rpv1.12.3",9,"pearson",-0.053835532195855,-0.00739760373478858
"vst_blind","myResistance","Susceptible",9,"pearson",0.0488304333529441,0.0125564273753726
"vst_design","condition","GLOBAL",36,"spearman",0.131123493962555,0.0190743534166737
"vst_design","condition","Rpv12.0",3,"spearman",0.0273960144763816,0.000635561149213827
"vst_design","condition","Rpv12.1.0",3,"spearman",-0.0819286175160346,-0.00271920739124676
"vst_design","condition","Rpv12.1.24",3,"spearman",0.142702076232891,0.0248736999567696
"vst_design","condition","Rpv12.1.3.0",3,"spearman",0.000316554631770461,-0.00402583334069889
"vst_design","condition","Rpv12.1.3.24",3,"spearman",0.0743556035480899,0.00664315402596692
"vst_design","condition","Rpv12.1.3.6",3,"spearman",0.164300096250765,0.0037034743490006
"vst_design","condition","Rpv12.1.6",3,"spearman",0.140009626250582,0.00736743017222636
"vst_design","condition","Rpv12.24",3,"spearman",-0.225212465157291,-0.00292779127954393
"vst_design","condition","Rpv12.6",3,"spearman",0.174402377130247,0.0207216577856112
"vst_design","condition","Susceptible.0",3,"spearman",0.0666779481188529,0.0238350519920742
"vst_design","condition","Susceptible.24",3,"spearman",0.122356347748365,0.0218508095162169
"vst_design","condition","Susceptible.6",3,"spearman",-0.377755585191613,-0.00415235952334597
"vst_design","condition","GLOBAL",36,"pearson",0.0640777202125898,0.0190743534166737
"vst_design","condition","Rpv12.0",3,"pearson",0.0163583781625984,0.000635561149213827
"vst_design","condition","Rpv12.1.0",3,"pearson",-0.0604553896832135,-0.00271920739124676
"vst_design","condition","Rpv12.1.24",3,"pearson",0.054827393408274,0.0248736999567696
"vst_design","condition","Rpv12.1.3.0",3,"pearson",-0.0877152960674603,-0.00402583334069889
"vst_design","condition","Rpv12.1.3.24",3,"pearson",0.0338854947030017,0.00664315402596692
"vst_design","condition","Rpv12.1.3.6",3,"pearson",0.0438984795756796,0.0037034743490006
"vst_design","condition","Rpv12.1.6",3,"pearson",0.0416718414031125,0.00736743017222636
"vst_design","condition","Rpv12.24",3,"pearson",-0.211133765006828,-0.00292779127954393
"vst_design","condition","Rpv12.6",3,"pearson",0.101897691452544,0.0207216577856112
"vst_design","condition","Susceptible.0",3,"pearson",0.0609864014859715,0.0238350519920742
"vst_design","condition","Susceptible.24",3,"pearson",0.0626335103368007,0.0218508095162169
"vst_design","condition","Susceptible.6",3,"pearson",-0.330104970571025,-0.00415235952334597
"vst_design","myTime","GLOBAL",36,"spearman",0.131123493962555,0.0190743534166737
"vst_design","myTime","0",12,"spearman",0.0909776852795665,0.0187318433325821
"vst_design","myTime","6",12,"spearman",0.100184091310536,0.0113044703419202
"vst_design","myTime","24",12,"spearman",0.134749396423354,0.0241300195599543
"vst_design","myTime","GLOBAL",36,"pearson",0.0640777202125898,0.0190743534166737
"vst_design","myTime","0",12,"pearson",0.0580616023385278,0.0187318433325821
"vst_design","myTime","6",12,"pearson",0.0405035992622496,0.0113044703419202
"vst_design","myTime","24",12,"pearson",0.0712157719474606,0.0241300195599543
"vst_design","myResistance","GLOBAL",36,"spearman",0.131123493962555,0.0190743534166737
"vst_design","myResistance","Rpv1",9,"spearman",0.168373481675636,0.0177713843880449
"vst_design","myResistance","Rpv1.12",9,"spearman",0.145320069909957,0.0165657918722725
"vst_design","myResistance","Rpv1.12.3",9,"spearman",0.0796503921883823,-0.00039362701439051
"vst_design","myResistance","Susceptible",9,"spearman",0.114286464291267,0.0212702301048012
"vst_design","myResistance","GLOBAL",36,"pearson",0.0640777202125898,0.0190743534166737
"vst_design","myResistance","Rpv1",9,"pearson",0.0974755765614871,0.0177713843880449
"vst_design","myResistance","Rpv1.12",9,"pearson",0.0777491284753829,0.0165657918722725
"vst_design","myResistance","Rpv1.12.3",9,"pearson",-0.00314003551582766,-0.00039362701439051
"vst_design","myResistance","Susceptible",9,"pearson",0.0878779557099012,0.0212702301048012
"rlog_design_noBE","condition","GLOBAL",36,"spearman",0.136513862541429,0.0084338347732851
"rlog_design_noBE","condition","Rpv12.0",3,"spearman",0.0918120818780786,0.000677204898755756
"rlog_design_noBE","condition","Rpv12.1.0",3,"spearman",-0.00854816547149209,-0.00114558756130499
"rlog_design_noBE","condition","Rpv12.1.24",3,"spearman",0.16330957459681,0.0112766553585437
"rlog_design_noBE","condition","Rpv12.1.3.0",3,"spearman",0.0514893947774218,-0.00191182848406024
"rlog_design_noBE","condition","Rpv12.1.3.24",3,"spearman",0.133726606905464,0.00353917497498141
"rlog_design_noBE","condition","Rpv12.1.3.6",3,"spearman",0.204365468387151,0.00170984698082601
"rlog_design_noBE","condition","Rpv12.1.6",3,"spearman",0.17914296449519,0.00296940603314723
"rlog_design_noBE","condition","Rpv12.24",3,"spearman",-0.131456100599687,-0.00097789744614533
"rlog_design_noBE","condition","Rpv12.6",3,"spearman",0.198167230994485,0.00970528921752591
"rlog_design_noBE","condition","Susceptible.0",3,"spearman",0.113564346975442,0.0125779298957747
"rlog_design_noBE","condition","Susceptible.24",3,"spearman",0.15078952397287,0.0085106895987989
"rlog_design_noBE","condition","Susceptible.6",3,"spearman",-0.278269767127671,-0.00151144106576211
"rlog_design_noBE","condition","GLOBAL",36,"pearson",0.0372724088552818,0.0084338347732851
"rlog_design_noBE","condition","Rpv12.0",3,"pearson",0.0272476903440894,0.000677204898755756
"rlog_design_noBE","condition","Rpv12.1.0",3,"pearson",-0.027741374579774,-0.00114558756130499
"rlog_design_noBE","condition","Rpv12.1.24",3,"pearson",0.0339623205234599,0.0112766553585437
"rlog_design_noBE","condition","Rpv12.1.3.0",3,"pearson",-0.0478299066872597,-0.00191182848406024
"rlog_design_noBE","condition","Rpv12.1.3.24",3,"pearson",0.0223343202749242,0.00353917497498141
"rlog_design_noBE","condition","Rpv12.1.3.6",3,"pearson",0.0259094888025614,0.00170984698082601
"rlog_design_noBE","condition","Rpv12.1.6",3,"pearson",0.0203304895271935,0.00296940603314723
"rlog_design_noBE","condition","Rpv12.24",3,"pearson",-0.0730965813009787,-0.00097789744614533
"rlog_design_noBE","condition","Rpv12.6",3,"pearson",0.0622825228949686,0.00970528921752591
"rlog_design_noBE","condition","Susceptible.0",3,"pearson",0.0427988298857746,0.0125779298957747
"rlog_design_noBE","condition","Susceptible.24",3,"pearson",0.0328526978526973,0.0085106895987989
"rlog_design_noBE","condition","Susceptible.6",3,"pearson",-0.172951788665968,-0.00151144106576211
"rlog_design_noBE","myTime","GLOBAL",36,"spearman",0.136513862541429,0.0084338347732851
"rlog_design_noBE","myTime","0",12,"spearman",0.119093869109798,0.00868966703254768
"rlog_design_noBE","myTime","6",12,"spearman",0.12814946695806,0.0044525871068152
"rlog_design_noBE","myTime","24",12,"spearman",0.142057082276669,0.0102917698837103
"rlog_design_noBE","myTime","GLOBAL",36,"pearson",0.0372724088552818,0.0084338347732851
"rlog_design_noBE","myTime","0",12,"pearson",0.0354285598845258,0.00868966703254768
"rlog_design_noBE","myTime","6",12,"pearson",0.0201724241215242,0.0044525871068152
"rlog_design_noBE","myTime","24",12,"pearson",0.0407561244071227,0.0102917698837103
"rlog_design_noBE","myResistance","GLOBAL",36,"spearman",0.136513862541429,0.0084338347732851
"rlog_design_noBE","myResistance","Rpv1",9,"spearman",0.179868687738124,0.00824217773534229
"rlog_design_noBE","myResistance","Rpv1.12",9,"spearman",0.158184751309565,0.00769827841219125
"rlog_design_noBE","myResistance","Rpv1.12.3",9,"spearman",0.132459250878634,-0.000920882155458769
"rlog_design_noBE","myResistance","Susceptible",9,"spearman",0.143165258443361,0.00993069925330132
"rlog_design_noBE","myResistance","GLOBAL",36,"pearson",0.0372724088552818,0.0084338347732851
"rlog_design_noBE","myResistance","Rpv1",9,"pearson",0.0576145448577683,0.00824217773534229
"rlog_design_noBE","myResistance","Rpv1.12",9,"pearson",0.0481734086873031,0.00769827841219125
"rlog_design_noBE","myResistance","Rpv1.12.3",9,"pearson",-0.00898802071620905,-0.000920882155458769
"rlog_design_noBE","myResistance","Susceptible",9,"pearson",0.054909671515934,0.00993069925330132
"vst_design_noBE","condition","GLOBAL",36,"spearman",0.144467289297093,0.0201525579039791
"vst_design_noBE","condition","Rpv12.0",3,"spearman",0.0373754246601977,0.000942094386556863
"vst_design_noBE","condition","Rpv12.1.0",3,"spearman",-0.0723997349654885,-0.00243121108622064
"vst_design_noBE","condition","Rpv12.1.24",3,"spearman",0.151060208435571,0.0261410577856232
"vst_design_noBE","condition","Rpv12.1.3.0",3,"spearman",0.00836417449127515,-0.00371415002899757
"vst_design_noBE","condition","Rpv12.1.3.24",3,"spearman",0.0829222697803794,0.0072002791864568
"vst_design_noBE","condition","Rpv12.1.3.6",3,"spearman",0.174061671682892,0.00406599409863398
"vst_design_noBE","condition","Rpv12.1.6",3,"spearman",0.14954304083447,0.0079144001316671
"vst_design_noBE","condition","Rpv12.24",3,"spearman",-0.216504101181079,-0.00273279142237477
"vst_design_noBE","condition","Rpv12.6",3,"spearman",0.183270789979493,0.0214183040452187
"vst_design_noBE","condition","Susceptible.0",3,"spearman",0.074931480563206,0.0247839655910488
"vst_design_noBE","condition","Susceptible.24",3,"spearman",0.130643274316346,0.0227821766701889
"vst_design_noBE","condition","Susceptible.6",3,"spearman",-0.370969442990603,-0.00396672260918858
"vst_design_noBE","condition","GLOBAL",36,"pearson",0.0681175789101485,0.0201525579039791
"vst_design_noBE","condition","Rpv12.0",3,"pearson",0.0243950334872552,0.000942094386556863
"vst_design_noBE","condition","Rpv12.1.0",3,"pearson",-0.0547105852174656,-0.00243121108622064
"vst_design_noBE","condition","Rpv12.1.24",3,"pearson",0.0579572643537968,0.0261410577856232
"vst_design_noBE","condition","Rpv12.1.3.0",3,"pearson",-0.0820362549970141,-0.00371415002899757
"vst_design_noBE","condition","Rpv12.1.3.24",3,"pearson",0.037060478019332,0.0072002791864568
"vst_design_noBE","condition","Rpv12.1.3.6",3,"pearson",0.0485424334595271,0.00406599409863398
"vst_design_noBE","condition","Rpv12.1.6",3,"pearson",0.0451312619024778,0.0079144001316671
"vst_design_noBE","condition","Rpv12.24",3,"pearson",-0.200781004303672,-0.00273279142237477
"vst_design_noBE","condition","Rpv12.6",3,"pearson",0.105904371329318,0.0214183040452187
"vst_design_noBE","condition","Susceptible.0",3,"pearson",0.063867346214283,0.0247839655910488
"vst_design_noBE","condition","Susceptible.24",3,"pearson",0.0655657223639322,0.0227821766701889
"vst_design_noBE","condition","Susceptible.6",3,"pearson",-0.322888840234034,-0.00396672260918858
"vst_design_noBE","myTime","GLOBAL",36,"spearman",0.144467289297093,0.0201525579039791
"vst_design_noBE","myTime","0",12,"spearman",0.103826773212091,0.0198134157392187
"vst_design_noBE","myTime","6",12,"spearman",0.112925160207893,0.0122837800412765
"vst_design_noBE","myTime","24",12,"spearman",0.147079668044314,0.0252878601745383
"vst_design_noBE","myTime","GLOBAL",36,"pearson",0.0681175789101485,0.0201525579039791
"vst_design_noBE","myTime","0",12,"pearson",0.061828396019705,0.0198134157392187
"vst_design_noBE","myTime","6",12,"pearson",0.0443219930667188,0.0122837800412765
"vst_design_noBE","myTime","24",12,"pearson",0.0750325122502857,0.0252878601745383
"vst_design_noBE","myResistance","GLOBAL",36,"spearman",0.144467289297093,0.0201525579039791
"vst_design_noBE","myResistance","Rpv1",9,"spearman",0.180877323083261,0.018497525722667
"vst_design_noBE","myResistance","Rpv1.12",9,"spearman",0.157903313816394,0.0173063118732389
"vst_design_noBE","myResistance","Rpv1.12.3",9,"spearman",0.0933082074559316,0.00019719248219731
"vst_design_noBE","myResistance","Susceptible",9,"spearman",0.126843613928139,0.0220164601744237
"vst_design_noBE","myResistance","GLOBAL",36,"pearson",0.0681175789101485,0.0201525579039791
"vst_design_noBE","myResistance","Rpv1",9,"pearson",0.102055058202971,0.018497525722667
"vst_design_noBE","myResistance","Rpv1.12",9,"pearson",0.0817080334157022,0.0173063118732389
"vst_design_noBE","myResistance","Rpv1.12.3",9,"pearson",0.00158658359789497,0.00019719248219731
"vst_design_noBE","myResistance","Susceptible",9,"pearson",0.0914776270925095,0.0220164601744237
"raw_CB","condition","GLOBAL",36,"spearman",0.97326195954763,38193.3804529316
"raw_CB","condition","Rpv12.0",3,"spearman",0.941545388248222,13506.195386252
"raw_CB","condition","Rpv12.1.0",3,"spearman",0.951425189448409,8512.87441941366
"raw_CB","condition","Rpv12.1.24",3,"spearman",0.933300982696988,35598.9953765669
"raw_CB","condition","Rpv12.1.3.0",3,"spearman",0.954844646172855,29100.2293929951
"raw_CB","condition","Rpv12.1.3.24",3,"spearman",0.94052000357251,8110.36957302612
"raw_CB","condition","Rpv12.1.3.6",3,"spearman",0.964883047078836,43438.8136681256
"raw_CB","condition","Rpv12.1.6",3,"spearman",0.941667054890427,28489.5066320423
"raw_CB","condition","Rpv12.24",3,"spearman",0.982832528229477,14730.0610866937
"raw_CB","condition","Rpv12.6",3,"spearman",0.957135059468155,24016.3695584232
"raw_CB","condition","Susceptible.0",3,"spearman",0.919702572360718,17286.1965610325
"raw_CB","condition","Susceptible.24",3,"spearman",0.907557686617988,32279.0099470886
"raw_CB","condition","Susceptible.6",3,"spearman",0.963217888960056,2567.55318291346
"raw_CB","condition","GLOBAL",36,"pearson",0.68760050592992,38193.3804529316
"raw_CB","condition","Rpv12.0",3,"pearson",0.56210177223235,13506.195386252
"raw_CB","condition","Rpv12.1.0",3,"pearson",0.697666478391423,8512.87441941366
"raw_CB","condition","Rpv12.1.24",3,"pearson",0.559299365427074,35598.9953765669
"raw_CB","condition","Rpv12.1.3.0",3,"pearson",0.7660549192841,29100.2293929951
"raw_CB","condition","Rpv12.1.3.24",3,"pearson",0.722662953152997,8110.36957302612
"raw_CB","condition","Rpv12.1.3.6",3,"pearson",0.788361758423066,43438.8136681256
"raw_CB","condition","Rpv12.1.6",3,"pearson",0.614348004316974,28489.5066320423
"raw_CB","condition","Rpv12.24",3,"pearson",0.812426825043132,14730.0610866937
"raw_CB","condition","Rpv12.6",3,"pearson",0.425742408221732,24016.3695584232
"raw_CB","condition","Susceptible.0",3,"pearson",0.59098762545785,17286.1965610325
"raw_CB","condition","Susceptible.24",3,"pearson",0.611014219728328,32279.0099470886
"raw_CB","condition","Susceptible.6",3,"pearson",0.637116418636421,2567.55318291346
"raw_CB","myTime","GLOBAL",36,"spearman",0.97326195954763,38193.3804529316
"raw_CB","myTime","0",12,"spearman",0.974258094231952,36769.5575789856
"raw_CB","myTime","6",12,"spearman",0.972880768318826,33089.324749105
"raw_CB","myTime","24",12,"spearman",0.96893542571599,33672.4420898098
"raw_CB","myTime","GLOBAL",36,"pearson",0.68760050592992,38193.3804529316
"raw_CB","myTime","0",12,"pearson",0.680029943651486,36769.5575789856
"raw_CB","myTime","6",12,"pearson",0.704791398089219,33089.324749105
"raw_CB","myTime","24",12,"pearson",0.685609572165626,33672.4420898098
"raw_CB","myResistance","GLOBAL",36,"spearman",0.97326195954763,38193.3804529316
"raw_CB","myResistance","Rpv1",9,"spearman",0.979288997982748,30066.8528739873
"raw_CB","myResistance","Rpv1.12",9,"spearman",0.971433188458752,34876.6438886798
"raw_CB","myResistance","Rpv1.12.3",9,"spearman",0.978220243465539,25526.0258744517
"raw_CB","myResistance","Susceptible",9,"spearman",0.957461086173924,18969.6363202155
"raw_CB","myResistance","GLOBAL",36,"pearson",0.68760050592992,38193.3804529316
"raw_CB","myResistance","Rpv1",9,"pearson",0.48235813595285,30066.8528739873
"raw_CB","myResistance","Rpv1.12",9,"pearson",0.587159245412778,34876.6438886798
"raw_CB","myResistance","Rpv1.12.3",9,"pearson",0.79956312959344,25526.0258744517
"raw_CB","myResistance","Susceptible",9,"pearson",0.810935185647555,18969.6363202155
"raw_CB_mod","condition","GLOBAL",36,"spearman",0.971109245919164,39655.4397059602
"raw_CB_mod","condition","Rpv12.0",3,"spearman",0.92756964553939,13633.730463213
"raw_CB_mod","condition","Rpv12.1.0",3,"spearman",0.946822762338319,8891.84770189628
"raw_CB_mod","condition","Rpv12.1.24",3,"spearman",0.931081758307992,25784.0637325407
"raw_CB_mod","condition","Rpv12.1.3.0",3,"spearman",0.947230127932105,33454.6019276186
"raw_CB_mod","condition","Rpv12.1.3.24",3,"spearman",0.913246606118437,5742.41994300483
"raw_CB_mod","condition","Rpv12.1.3.6",3,"spearman",0.952519012542249,53870.0359755945
"raw_CB_mod","condition","Rpv12.1.6",3,"spearman",0.939803974612343,19982.9896570865
"raw_CB_mod","condition","Rpv12.24",3,"spearman",0.975670899520646,13784.7565689384
"raw_CB_mod","condition","Rpv12.6",3,"spearman",0.946432431594045,20109.9827651224
"raw_CB_mod","condition","Susceptible.0",3,"spearman",0.904816609970831,14399.8497113243
"raw_CB_mod","condition","Susceptible.24",3,"spearman",0.903816434203247,31798.9435966081
"raw_CB_mod","condition","Susceptible.6",3,"spearman",0.958852516773459,2364.4888339431
"raw_CB_mod","condition","GLOBAL",36,"pearson",0.687806779922497,39655.4397059602
"raw_CB_mod","condition","Rpv12.0",3,"pearson",0.50699090335682,13633.730463213
"raw_CB_mod","condition","Rpv12.1.0",3,"pearson",0.692609370801921,8891.84770189628
"raw_CB_mod","condition","Rpv12.1.24",3,"pearson",0.574760754585416,25784.0637325407
"raw_CB_mod","condition","Rpv12.1.3.0",3,"pearson",0.735790737285433,33454.6019276186
"raw_CB_mod","condition","Rpv12.1.3.24",3,"pearson",0.627740720688072,5742.41994300483
"raw_CB_mod","condition","Rpv12.1.3.6",3,"pearson",0.7695504627566,53870.0359755945
"raw_CB_mod","condition","Rpv12.1.6",3,"pearson",0.686129769179575,19982.9896570865
"raw_CB_mod","condition","Rpv12.24",3,"pearson",0.807461662638927,13784.7565689384
"raw_CB_mod","condition","Rpv12.6",3,"pearson",0.453958928097778,20109.9827651224
"raw_CB_mod","condition","Susceptible.0",3,"pearson",0.623071205124886,14399.8497113243
"raw_CB_mod","condition","Susceptible.24",3,"pearson",0.653077547471203,31798.9435966081
"raw_CB_mod","condition","Susceptible.6",3,"pearson",0.662678560484687,2364.4888339431
"raw_CB_mod","myTime","GLOBAL",36,"spearman",0.971109245919164,39655.4397059602
"raw_CB_mod","myTime","0",12,"spearman",0.969987481001394,38056.4251948985
"raw_CB_mod","myTime","6",12,"spearman",0.970195629704122,30634.5226427336
"raw_CB_mod","myTime","24",12,"spearman",0.966440452382433,31961.5978808171
"raw_CB_mod","myTime","GLOBAL",36,"pearson",0.687806779922497,39655.4397059602
"raw_CB_mod","myTime","0",12,"pearson",0.606926620946182,38056.4251948985
"raw_CB_mod","myTime","6",12,"pearson",0.725412603768576,30634.5226427336
"raw_CB_mod","myTime","24",12,"pearson",0.720551252960191,31961.5978808171
"raw_CB_mod","myResistance","GLOBAL",36,"spearman",0.971109245919164,39655.4397059602
"raw_CB_mod","myResistance","Rpv1",9,"spearman",0.973631688548334,33201.3465236493
"raw_CB_mod","myResistance","Rpv1.12",9,"spearman",0.968735113057212,34944.2501853817
"raw_CB_mod","myResistance","Rpv1.12.3",9,"spearman",0.969849662279378,28306.5459455643
"raw_CB_mod","myResistance","Susceptible",9,"spearman",0.952326080192517,19225.5794173073
"raw_CB_mod","myResistance","GLOBAL",36,"pearson",0.687806779922497,39655.4397059602
"raw_CB_mod","myResistance","Rpv1",9,"pearson",0.479342331890109,33201.3465236493
"raw_CB_mod","myResistance","Rpv1.12",9,"pearson",0.570858728037097,34944.2501853817
"raw_CB_mod","myResistance","Rpv1.12.3",9,"pearson",0.791853964133953,28306.5459455643
"raw_CB_mod","myResistance","Susceptible",9,"pearson",0.811979054551774,19225.5794173073
"log2raw_CB","condition","GLOBAL",36,"spearman",-0.671857791571426,-0.14566945344623
"log2raw_CB","condition","Rpv12.0",3,"spearman",-0.363081849297785,-0.0744032130444728
"log2raw_CB","condition","Rpv12.1.0",3,"spearman",-0.345530799896585,-0.0820262133952624
"log2raw_CB","condition","Rpv12.1.24",3,"spearman",-0.460671235047013,-0.122829395186595
"log2raw_CB","condition","Rpv12.1.3.0",3,"spearman",-0.241536551951928,-0.0858315688895572
"log2raw_CB","condition","Rpv12.1.3.24",3,"spearman",-0.506344718782402,-0.079376259326796
"log2raw_CB","condition","Rpv12.1.3.6",3,"spearman",-0.292996750857514,-0.0873464883673054
"log2raw_CB","condition","Rpv12.1.6",3,"spearman",-0.474826986721205,-0.0893515758224204
"log2raw_CB","condition","Rpv12.24",3,"spearman",-0.302296422952286,-0.0595804423389301
"log2raw_CB","condition","Rpv12.6",3,"spearman",-0.385934186732948,-0.0995380436160457
"log2raw_CB","condition","Susceptible.0",3,"spearman",-0.501954115216745,-0.113062335872874
"log2raw_CB","condition","Susceptible.24",3,"spearman",-0.453470117145388,-0.128145458498162
"log2raw_CB","condition","Susceptible.6",3,"spearman",-0.52731825657925,-0.0690431474350033
"log2raw_CB","condition","GLOBAL",36,"pearson",-0.361347947622892,-0.14566945344623
"log2raw_CB","condition","Rpv12.0",3,"pearson",-0.44900961139409,-0.0744032130444728
"log2raw_CB","condition","Rpv12.1.0",3,"pearson",-0.430585453840899,-0.0820262133952624
"log2raw_CB","condition","Rpv12.1.24",3,"pearson",-0.284908546344675,-0.122829395186595
"log2raw_CB","condition","Rpv12.1.3.0",3,"pearson",-0.391031478932443,-0.0858315688895572
"log2raw_CB","condition","Rpv12.1.3.24",3,"pearson",-0.338685992337873,-0.079376259326796
"log2raw_CB","condition","Rpv12.1.3.6",3,"pearson",-0.334529362471587,-0.0873464883673054
"log2raw_CB","condition","Rpv12.1.6",3,"pearson",-0.329340474030968,-0.0893515758224204
"log2raw_CB","condition","Rpv12.24",3,"pearson",-0.437896763662851,-0.0595804423389301
"log2raw_CB","condition","Rpv12.6",3,"pearson",-0.253613723217777,-0.0995380436160457
"log2raw_CB","condition","Susceptible.0",3,"pearson",-0.303226994877222,-0.113062335872874
"log2raw_CB","condition","Susceptible.24",3,"pearson",-0.259297307335555,-0.128145458498162
"log2raw_CB","condition","Susceptible.6",3,"pearson",-0.515592685707995,-0.0690431474350033
"log2raw_CB","myTime","GLOBAL",36,"spearman",-0.671857791571426,-0.14566945344623
"log2raw_CB","myTime","0",12,"spearman",-0.61612927893901,-0.139219844531628
"log2raw_CB","myTime","6",12,"spearman",-0.657729681844799,-0.139047272861515
"log2raw_CB","myTime","24",12,"spearman",-0.660748489750486,-0.158345499080125
"log2raw_CB","myTime","GLOBAL",36,"pearson",-0.361347947622892,-0.14566945344623
"log2raw_CB","myTime","0",12,"pearson",-0.298901918811926,-0.139219844531628
"log2raw_CB","myTime","6",12,"pearson",-0.366524675884821,-0.139047272861515
"log2raw_CB","myTime","24",12,"pearson",-0.360992417371236,-0.158345499080125
"log2raw_CB","myResistance","GLOBAL",36,"spearman",-0.671857791571426,-0.14566945344623
"log2raw_CB","myResistance","Rpv1",9,"spearman",-0.566201956192991,-0.107672652232314
"log2raw_CB","myResistance","Rpv1.12",9,"spearman",-0.584660587472629,-0.104943096985552
"log2raw_CB","myResistance","Rpv1.12.3",9,"spearman",-0.614474952893596,-0.0942382949021301
"log2raw_CB","myResistance","Susceptible",9,"spearman",-0.621975220220569,-0.113179147787947
"log2raw_CB","myResistance","GLOBAL",36,"pearson",-0.361347947622892,-0.14566945344623
"log2raw_CB","myResistance","Rpv1",9,"pearson",-0.347512840258077,-0.107672652232314
"log2raw_CB","myResistance","Rpv1.12",9,"pearson",-0.334630786720829,-0.104943096985552
"log2raw_CB","myResistance","Rpv1.12.3",9,"pearson",-0.471328191156132,-0.0942382949021301
"log2raw_CB","myResistance","Susceptible",9,"pearson",-0.370004827095734,-0.113179147787947
"log2raw_CB_mod","condition","GLOBAL",36,"spearman",-0.671822370039203,-0.157614049216026
"log2raw_CB_mod","condition","Rpv12.0",3,"spearman",-0.361130840049351,-0.0775986175885684
"log2raw_CB_mod","condition","Rpv12.1.0",3,"spearman",-0.336398612339195,-0.0848337344564471
"log2raw_CB_mod","condition","Rpv12.1.24",3,"spearman",-0.45791774430016,-0.110298109827477
"log2raw_CB_mod","condition","Rpv12.1.3.0",3,"spearman",-0.241288236853594,-0.0908277926371164
"log2raw_CB_mod","condition","Rpv12.1.3.24",3,"spearman",-0.512093410544523,-0.0722255092259035
"log2raw_CB_mod","condition","Rpv12.1.3.6",3,"spearman",-0.295791243502286,-0.0865818827752715
"log2raw_CB_mod","condition","Rpv12.1.6",3,"spearman",-0.461189322796688,-0.0850476016074256
"log2raw_CB_mod","condition","Rpv12.24",3,"spearman",-0.311655657183522,-0.0541946549776496
"log2raw_CB_mod","condition","Rpv12.6",3,"spearman",-0.4118890929607,-0.0821387245376048
"log2raw_CB_mod","condition","Susceptible.0",3,"spearman",-0.545225043169892,-0.10337944948296
"log2raw_CB_mod","condition","Susceptible.24",3,"spearman",-0.46698403695966,-0.1202126719777
"log2raw_CB_mod","condition","Susceptible.6",3,"spearman",-0.527746825740118,-0.0621277108745673
"log2raw_CB_mod","condition","GLOBAL",36,"pearson",-0.353647968358126,-0.157614049216026
"log2raw_CB_mod","condition","Rpv12.0",3,"pearson",-0.451443425462521,-0.0775986175885684
"log2raw_CB_mod","condition","Rpv12.1.0",3,"pearson",-0.42857024004109,-0.0848337344564471
"log2raw_CB_mod","condition","Rpv12.1.24",3,"pearson",-0.289572412064939,-0.110298109827477
"log2raw_CB_mod","condition","Rpv12.1.3.0",3,"pearson",-0.389800112731326,-0.0908277926371164
"log2raw_CB_mod","condition","Rpv12.1.3.24",3,"pearson",-0.358705422813625,-0.0722255092259035
"log2raw_CB_mod","condition","Rpv12.1.3.6",3,"pearson",-0.323196418853254,-0.0865818827752715
"log2raw_CB_mod","condition","Rpv12.1.6",3,"pearson",-0.308664937681249,-0.0850476016074256
"log2raw_CB_mod","condition","Rpv12.24",3,"pearson",-0.446756490521521,-0.0541946549776496
"log2raw_CB_mod","condition","Rpv12.6",3,"pearson",-0.304647791939559,-0.0821387245376048
"log2raw_CB_mod","condition","Susceptible.0",3,"pearson",-0.321889324688156,-0.10337944948296
"log2raw_CB_mod","condition","Susceptible.24",3,"pearson",-0.264214885199948,-0.1202126719777
"log2raw_CB_mod","condition","Susceptible.6",3,"pearson",-0.519802347712268,-0.0621277108745673
"log2raw_CB_mod","myTime","GLOBAL",36,"spearman",-0.671822370039203,-0.157614049216026
"log2raw_CB_mod","myTime","0",12,"spearman",-0.605518540280435,-0.152683670787808
"log2raw_CB_mod","myTime","6",12,"spearman",-0.665556892108585,-0.144053840337461
"log2raw_CB_mod","myTime","24",12,"spearman",-0.66228699394771,-0.163360423820515
"log2raw_CB_mod","myTime","GLOBAL",36,"pearson",-0.353647968358126,-0.157614049216026
"log2raw_CB_mod","myTime","0",12,"pearson",-0.273509766717953,-0.152683670787808
"log2raw_CB_mod","myTime","6",12,"pearson",-0.362458902332224,-0.144053840337461
"log2raw_CB_mod","myTime","24",12,"pearson",-0.355043515178812,-0.163360423820515
"log2raw_CB_mod","myResistance","GLOBAL",36,"spearman",-0.671822370039203,-0.157614049216026
"log2raw_CB_mod","myResistance","Rpv1",9,"spearman",-0.556117332783889,-0.119440478013053
"log2raw_CB_mod","myResistance","Rpv1.12",9,"spearman",-0.563507455080641,-0.103380136783482
"log2raw_CB_mod","myResistance","Rpv1.12.3",9,"spearman",-0.613536078181009,-0.0942343399774365
"log2raw_CB_mod","myResistance","Susceptible",9,"spearman",-0.628249139169682,-0.110139661523001
"log2raw_CB_mod","myResistance","GLOBAL",36,"pearson",-0.353647968358126,-0.157614049216026
"log2raw_CB_mod","myResistance","Rpv1",9,"pearson",-0.304845551296443,-0.119440478013053
"log2raw_CB_mod","myResistance","Rpv1.12",9,"pearson",-0.302460629401893,-0.103380136783482
"log2raw_CB_mod","myResistance","Rpv1.12.3",9,"pearson",-0.481881640439782,-0.0942343399774365
"log2raw_CB_mod","myResistance","Susceptible",9,"pearson",-0.378053540349614,-0.110139661523001
"sizeFactor_CB","condition","GLOBAL",36,"spearman",-0.681123266606936,-0.149950975519034
"sizeFactor_CB","condition","Rpv12.0",3,"spearman",-0.379324461994535,-0.0793578661285263
"sizeFactor_CB","condition","Rpv12.1.0",3,"spearman",-0.451032880777068,-0.0806495215239406
"sizeFactor_CB","condition","Rpv12.1.24",3,"spearman",-0.474582734964362,-0.116797872070623
"sizeFactor_CB","condition","Rpv12.1.3.0",3,"spearman",-0.295319163481024,-0.0839423225921528
"sizeFactor_CB","condition","Rpv12.1.3.24",3,"spearman",-0.558953853070498,-0.0784138441029017
"sizeFactor_CB","condition","Rpv12.1.3.6",3,"spearman",-0.478957661932479,-0.102654608415317
"sizeFactor_CB","condition","Rpv12.1.6",3,"spearman",-0.520064869005828,-0.0880503285411874
"sizeFactor_CB","condition","Rpv12.24",3,"spearman",-0.540210853518185,-0.0716491863394989
"sizeFactor_CB","condition","Rpv12.6",3,"spearman",-0.47681418153509,-0.103080345111388
"sizeFactor_CB","condition","Susceptible.0",3,"spearman",-0.521231001926187,-0.124396013925427
"sizeFactor_CB","condition","Susceptible.24",3,"spearman",-0.450802108844217,-0.131854435126688
"sizeFactor_CB","condition","Susceptible.6",3,"spearman",-0.611392372306961,-0.072596603033015
"sizeFactor_CB","condition","GLOBAL",36,"pearson",-0.364665061802378,-0.149950975519034
"sizeFactor_CB","condition","Rpv12.0",3,"pearson",-0.458883774734006,-0.0793578661285263
"sizeFactor_CB","condition","Rpv12.1.0",3,"pearson",-0.447681716763603,-0.0806495215239406
"sizeFactor_CB","condition","Rpv12.1.24",3,"pearson",-0.277495161402028,-0.116797872070623
"sizeFactor_CB","condition","Rpv12.1.3.0",3,"pearson",-0.398569768386243,-0.0839423225921528
"sizeFactor_CB","condition","Rpv12.1.3.24",3,"pearson",-0.33890688619936,-0.0784138441029017
"sizeFactor_CB","condition","Rpv12.1.3.6",3,"pearson",-0.35338803184927,-0.102654608415317
"sizeFactor_CB","condition","Rpv12.1.6",3,"pearson",-0.331594283831394,-0.0880503285411874
"sizeFactor_CB","condition","Rpv12.24",3,"pearson",-0.499968747071394,-0.0716491863394989
"sizeFactor_CB","condition","Rpv12.6",3,"pearson",-0.268816356107101,-0.103080345111388
"sizeFactor_CB","condition","Susceptible.0",3,"pearson",-0.324886916832771,-0.124396013925427
"sizeFactor_CB","condition","Susceptible.24",3,"pearson",-0.261381511844388,-0.131854435126688
"sizeFactor_CB","condition","Susceptible.6",3,"pearson",-0.51975572560686,-0.072596603033015
"sizeFactor_CB","myTime","GLOBAL",36,"spearman",-0.681123266606936,-0.149950975519034
"sizeFactor_CB","myTime","0",12,"spearman",-0.636419134646937,-0.143009265671983
"sizeFactor_CB","myTime","6",12,"spearman",-0.680256368175266,-0.142760936814291
"sizeFactor_CB","myTime","24",12,"spearman",-0.666419016850743,-0.162136231238532
"sizeFactor_CB","myTime","GLOBAL",36,"pearson",-0.364665061802378,-0.149950975519034
"sizeFactor_CB","myTime","0",12,"pearson",-0.309040970049438,-0.143009265671983
"sizeFactor_CB","myTime","6",12,"pearson",-0.365127425543177,-0.142760936814291
"sizeFactor_CB","myTime","24",12,"pearson",-0.363326772408704,-0.162136231238532
"sizeFactor_CB","myResistance","GLOBAL",36,"spearman",-0.681123266606936,-0.149950975519034
"sizeFactor_CB","myResistance","Rpv1",9,"spearman",-0.599899562857343,-0.115981485730071
"sizeFactor_CB","myResistance","Rpv1.12",9,"spearman",-0.597582759798024,-0.10156194855423
"sizeFactor_CB","myResistance","Rpv1.12.3",9,"spearman",-0.662149549290695,-0.0966613438312037
"sizeFactor_CB","myResistance","Susceptible",9,"spearman",-0.640900144257919,-0.119626462040449
"sizeFactor_CB","myResistance","GLOBAL",36,"pearson",-0.364665061802378,-0.149950975519034
"sizeFactor_CB","myResistance","Rpv1",9,"pearson",-0.36739481205339,-0.115981485730071
"sizeFactor_CB","myResistance","Rpv1.12",9,"pearson",-0.329628843457886,-0.10156194855423
"sizeFactor_CB","myResistance","Rpv1.12.3",9,"pearson",-0.471227139990782,-0.0966613438312037
"sizeFactor_CB","myResistance","Susceptible",9,"pearson",-0.383647124710775,-0.119626462040449
"sizeFactor_CB_mod","condition","GLOBAL",36,"spearman",-0.681118617753146,-0.16244816043464
"sizeFactor_CB_mod","condition","Rpv12.0",3,"spearman",-0.377623240175801,-0.0802744132676259
"sizeFactor_CB_mod","condition","Rpv12.1.0",3,"spearman",-0.443062156285284,-0.0818357561557451
"sizeFactor_CB_mod","condition","Rpv12.1.24",3,"spearman",-0.481846549426349,-0.103636345533952
"sizeFactor_CB_mod","condition","Rpv12.1.3.0",3,"spearman",-0.296106711473589,-0.0866178616961027
"sizeFactor_CB_mod","condition","Rpv12.1.3.24",3,"spearman",-0.570437958973395,-0.0720485314959691
"sizeFactor_CB_mod","condition","Rpv12.1.3.6",3,"spearman",-0.470582410274476,-0.0982804709812711
"sizeFactor_CB_mod","condition","Rpv12.1.6",3,"spearman",-0.518891296307436,-0.0819194540036034
"sizeFactor_CB_mod","condition","Rpv12.24",3,"spearman",-0.541934365937024,-0.0665678293042146
"sizeFactor_CB_mod","condition","Rpv12.6",3,"spearman",-0.506097616775477,-0.0869392583462708
"sizeFactor_CB_mod","condition","Susceptible.0",3,"spearman",-0.558935211747056,-0.113403750002371
"sizeFactor_CB_mod","condition","Susceptible.24",3,"spearman",-0.464696238714601,-0.125936540604337
"sizeFactor_CB_mod","condition","Susceptible.6",3,"spearman",-0.612061559938088,-0.0672890563181602
"sizeFactor_CB_mod","condition","GLOBAL",36,"pearson",-0.357981427590317,-0.16244816043464
"sizeFactor_CB_mod","condition","Rpv12.0",3,"pearson",-0.460521106253542,-0.0802744132676259
"sizeFactor_CB_mod","condition","Rpv12.1.0",3,"pearson",-0.447146515778677,-0.0818357561557451
"sizeFactor_CB_mod","condition","Rpv12.1.24",3,"pearson",-0.283416944909383,-0.103636345533952
"sizeFactor_CB_mod","condition","Rpv12.1.3.0",3,"pearson",-0.397848513506649,-0.0866178616961027
"sizeFactor_CB_mod","condition","Rpv12.1.3.24",3,"pearson",-0.365143218448713,-0.0720485314959691
"sizeFactor_CB_mod","condition","Rpv12.1.3.6",3,"pearson",-0.342463236379456,-0.0982804709812711
"sizeFactor_CB_mod","condition","Rpv12.1.6",3,"pearson",-0.31395642222536,-0.0819194540036034
"sizeFactor_CB_mod","condition","Rpv12.24",3,"pearson",-0.506838310703747,-0.0665678293042146
"sizeFactor_CB_mod","condition","Rpv12.6",3,"pearson",-0.328371813422148,-0.0869392583462708
"sizeFactor_CB_mod","condition","Susceptible.0",3,"pearson",-0.345269294047451,-0.113403750002371
"sizeFactor_CB_mod","condition","Susceptible.24",3,"pearson",-0.269574507006955,-0.125936540604337
"sizeFactor_CB_mod","condition","Susceptible.6",3,"pearson",-0.526170017742231,-0.0672890563181602
"sizeFactor_CB_mod","myTime","GLOBAL",36,"spearman",-0.681118617753146,-0.16244816043464
"sizeFactor_CB_mod","myTime","0",12,"spearman",-0.622377057602553,-0.158760247477231
"sizeFactor_CB_mod","myTime","6",12,"spearman",-0.691915105763246,-0.146864242986806
"sizeFactor_CB_mod","myTime","24",12,"spearman",-0.672825246144466,-0.16617917177637
"sizeFactor_CB_mod","myTime","GLOBAL",36,"pearson",-0.357981427590317,-0.16244816043464
"sizeFactor_CB_mod","myTime","0",12,"pearson",-0.279834428645479,-0.158760247477231
"sizeFactor_CB_mod","myTime","6",12,"pearson",-0.366854053823453,-0.146864242986806
"sizeFactor_CB_mod","myTime","24",12,"pearson",-0.361304399265942,-0.16617917177637
"sizeFactor_CB_mod","myResistance","GLOBAL",36,"spearman",-0.681118617753146,-0.16244816043464
"sizeFactor_CB_mod","myResistance","Rpv1",9,"spearman",-0.58926233683378,-0.128302402346935
"sizeFactor_CB_mod","myResistance","Rpv1.12",9,"spearman",-0.573054206251712,-0.0995653075417927
"sizeFactor_CB_mod","myResistance","Rpv1.12.3",9,"spearman",-0.659030336435072,-0.0960009870154459
"sizeFactor_CB_mod","myResistance","Susceptible",9,"spearman",-0.649212420459375,-0.115918056266349
"sizeFactor_CB_mod","myResistance","GLOBAL",36,"pearson",-0.357981427590317,-0.16244816043464
"sizeFactor_CB_mod","myResistance","Rpv1",9,"pearson",-0.31884417075432,-0.128302402346935
"sizeFactor_CB_mod","myResistance","Rpv1.12",9,"pearson",-0.294438713031162,-0.0995653075417927
"sizeFactor_CB_mod","myResistance","Rpv1.12.3",9,"pearson",-0.482918544498487,-0.0960009870154459
"sizeFactor_CB_mod","myResistance","Susceptible",9,"pearson",-0.395402753259848,-0.115918056266349
"rlog_blind_CB","condition","GLOBAL",36,"spearman",-0.030418865689971,-0.00132675104889746
"rlog_blind_CB","condition","Rpv12.0",3,"spearman",-0.0529870418012847,-0.00113990958074017
"rlog_blind_CB","condition","Rpv12.1.0",3,"spearman",-0.148785852810277,-0.00255132084405101
"rlog_blind_CB","condition","Rpv12.1.24",3,"spearman",-0.00823993303266743,-3.29269903379025e-05
"rlog_blind_CB","condition","Rpv12.1.3.0",3,"spearman",-0.0580102270215579,-0.00239913726769623
"rlog_blind_CB","condition","Rpv12.1.3.24",3,"spearman",-0.0904801811151538,-0.00164091523533318
"rlog_blind_CB","condition","Rpv12.1.3.6",3,"spearman",0.00733618074885458,-0.00272635094971075
"rlog_blind_CB","condition","Rpv12.1.6",3,"spearman",-0.0470545618732028,-0.001438499293451
"rlog_blind_CB","condition","Rpv12.24",3,"spearman",-0.250415986295358,-0.00180818041621144
"rlog_blind_CB","condition","Rpv12.6",3,"spearman",0.0209542076036837,0.000195714259391572
"rlog_blind_CB","condition","Susceptible.0",3,"spearman",-0.0802950672024096,-0.00146565324736006
"rlog_blind_CB","condition","Susceptible.24",3,"spearman",-0.00694239434874713,-0.000369723518916141
"rlog_blind_CB","condition","Susceptible.6",3,"spearman",-0.388190246036396,-0.00224714751172856
"rlog_blind_CB","condition","GLOBAL",36,"pearson",-0.0106453043045337,-0.00132675104889746
"rlog_blind_CB","condition","Rpv12.0",3,"pearson",-0.0580603524821879,-0.00113990958074017
"rlog_blind_CB","condition","Rpv12.1.0",3,"pearson",-0.0490120891846823,-0.00255132084405101
"rlog_blind_CB","condition","Rpv12.1.24",3,"pearson",-0.000285676504819362,-3.29269903379025e-05
"rlog_blind_CB","condition","Rpv12.1.3.0",3,"pearson",-0.0863014605948224,-0.00239913726769623
"rlog_blind_CB","condition","Rpv12.1.3.24",3,"pearson",-0.0277784305858774,-0.00164091523533318
"rlog_blind_CB","condition","Rpv12.1.3.6",3,"pearson",-0.0383097410564463,-0.00272635094971075
"rlog_blind_CB","condition","Rpv12.1.6",3,"pearson",-0.0231469133540041,-0.001438499293451
"rlog_blind_CB","condition","Rpv12.24",3,"pearson",-0.175478990675917,-0.00180818041621144
"rlog_blind_CB","condition","Rpv12.6",3,"pearson",0.00137362382675356,0.000195714259391572
"rlog_blind_CB","condition","Susceptible.0",3,"pearson",-0.0117583111359342,-0.00146565324736006
"rlog_blind_CB","condition","Susceptible.24",3,"pearson",-0.0021980129006549,-0.000369723518916141
"rlog_blind_CB","condition","Susceptible.6",3,"pearson",-0.243591286990489,-0.00224714751172856
"rlog_blind_CB","myTime","GLOBAL",36,"spearman",-0.030418865689971,-0.00132675104889746
"rlog_blind_CB","myTime","0",12,"spearman",-0.0308925657382146,0.00121108954941551
"rlog_blind_CB","myTime","6",12,"spearman",-0.0637097171579165,-0.00348642480312945
"rlog_blind_CB","myTime","24",12,"spearman",-0.0359109900988967,-0.00320261800394867
"rlog_blind_CB","myTime","GLOBAL",36,"pearson",-0.0106453043045337,-0.00132675104889746
"rlog_blind_CB","myTime","0",12,"pearson",0.00899555897892795,0.00121108954941551
"rlog_blind_CB","myTime","6",12,"pearson",-0.0303043639880216,-0.00348642480312945
"rlog_blind_CB","myTime","24",12,"pearson",-0.0224187975635068,-0.00320261800394867
"rlog_blind_CB","myResistance","GLOBAL",36,"spearman",-0.030418865689971,-0.00132675104889746
"rlog_blind_CB","myResistance","Rpv1",9,"spearman",0.0186881317574246,0.00177836778240455
"rlog_blind_CB","myResistance","Rpv1.12",9,"spearman",-0.0201614072928795,0.00120710000020415
"rlog_blind_CB","myResistance","Rpv1.12.3",9,"spearman",-0.0785240363222276,-0.00232920979091312
"rlog_blind_CB","myResistance","Susceptible",9,"spearman",-0.056754653632616,-0.00101945770123385
"rlog_blind_CB","myResistance","GLOBAL",36,"pearson",-0.0106453043045337,-0.00132675104889746
"rlog_blind_CB","myResistance","Rpv1",9,"pearson",0.0171981376232061,0.00177836778240455
"rlog_blind_CB","myResistance","Rpv1.12",9,"pearson",0.0134099638071459,0.00120710000020415
"rlog_blind_CB","myResistance","Rpv1.12.3",9,"pearson",-0.047282997995493,-0.00232920979091312
"rlog_blind_CB","myResistance","Susceptible",9,"pearson",-0.0100638979886147,-0.00101945770123385
"rlog_blind_CB_mod","condition","GLOBAL",36,"spearman",-0.0367836777576902,-0.00225664283509291
"rlog_blind_CB_mod","condition","Rpv12.0",3,"spearman",-0.0444257640027619,-0.0010448305153076
"rlog_blind_CB_mod","condition","Rpv12.1.0",3,"spearman",-0.135831534376112,-0.00242034212557555
"rlog_blind_CB_mod","condition","Rpv12.1.24",3,"spearman",-0.0130920605227627,-0.000179451925451493
"rlog_blind_CB_mod","condition","Rpv12.1.3.0",3,"spearman",-0.0541386668096635,-0.00236335705314353
"rlog_blind_CB_mod","condition","Rpv12.1.3.24",3,"spearman",-0.106368583433249,-0.00167552532408093
"rlog_blind_CB_mod","condition","Rpv12.1.3.6",3,"spearman",0.0163840829352258,-0.00280695720946607
"rlog_blind_CB_mod","condition","Rpv12.1.6",3,"spearman",-0.0476759990957116,-0.000967615000885305
"rlog_blind_CB_mod","condition","Rpv12.24",3,"spearman",-0.26137572690917,-0.00169309773689324
"rlog_blind_CB_mod","condition","Rpv12.6",3,"spearman",-0.00143916060966516,-8.53223832307456e-05
"rlog_blind_CB_mod","condition","Susceptible.0",3,"spearman",-0.106762101079296,-0.00214626997741562
"rlog_blind_CB_mod","condition","Susceptible.24",3,"spearman",0.00169765694901351,-0.00100998794410917
"rlog_blind_CB_mod","condition","Susceptible.6",3,"spearman",-0.398787235529601,-0.00209987026994021
"rlog_blind_CB_mod","condition","GLOBAL",36,"pearson",-0.0161726191810272,-0.00225664283509291
"rlog_blind_CB_mod","condition","Rpv12.0",3,"pearson",-0.0520885880510848,-0.0010448305153076
"rlog_blind_CB_mod","condition","Rpv12.1.0",3,"pearson",-0.0446279927561352,-0.00242034212557555
"rlog_blind_CB_mod","condition","Rpv12.1.24",3,"pearson",-0.00187304788380685,-0.000179451925451493
"rlog_blind_CB_mod","condition","Rpv12.1.3.0",3,"pearson",-0.0816593482502888,-0.00236335705314353
"rlog_blind_CB_mod","condition","Rpv12.1.3.24",3,"pearson",-0.0344998514988286,-0.00167552532408093
"rlog_blind_CB_mod","condition","Rpv12.1.3.6",3,"pearson",-0.0372819160258475,-0.00280695720946607
"rlog_blind_CB_mod","condition","Rpv12.1.6",3,"pearson",-0.015679287145841,-0.000967615000885305
"rlog_blind_CB_mod","condition","Rpv12.24",3,"pearson",-0.18378654906553,-0.00169309773689324
"rlog_blind_CB_mod","condition","Rpv12.6",3,"pearson",-0.000959830363152988,-8.53223832307456e-05
"rlog_blind_CB_mod","condition","Susceptible.0",3,"pearson",-0.0181616413941442,-0.00214626997741562
"rlog_blind_CB_mod","condition","Susceptible.24",3,"pearson",-0.00657772384641718,-0.00100998794410917
"rlog_blind_CB_mod","condition","Susceptible.6",3,"pearson",-0.258608350051617,-0.00209987026994021
"rlog_blind_CB_mod","myTime","GLOBAL",36,"spearman",-0.0367836777576902,-0.00225664283509291
"rlog_blind_CB_mod","myTime","0",12,"spearman",-0.0231414123494853,0.00165807758582151
"rlog_blind_CB_mod","myTime","6",12,"spearman",-0.0832212383379202,-0.0048694641833561
"rlog_blind_CB_mod","myTime","24",12,"spearman",-0.0501982288486971,-0.00447361434935787
"rlog_blind_CB_mod","myTime","GLOBAL",36,"pearson",-0.0161726191810272,-0.00225664283509291
"rlog_blind_CB_mod","myTime","0",12,"pearson",0.0101241306233495,0.00165807758582151
"rlog_blind_CB_mod","myTime","6",12,"pearson",-0.0398886389700407,-0.0048694641833561
"rlog_blind_CB_mod","myTime","24",12,"pearson",-0.0293568451301632,-0.00447361434935787
"rlog_blind_CB_mod","myResistance","GLOBAL",36,"spearman",-0.0367836777576902,-0.00225664283509291
"rlog_blind_CB_mod","myResistance","Rpv1",9,"spearman",0.016565238097794,0.00223791358700403
"rlog_blind_CB_mod","myResistance","Rpv1.12",9,"spearman",-0.000942534662391065,0.002190391991168
"rlog_blind_CB_mod","myResistance","Rpv1.12.3",9,"spearman",-0.0743722891043509,-0.00220517514786666
"rlog_blind_CB_mod","myResistance","Susceptible",9,"spearman",-0.0622026159266394,-0.00152864036623977
"rlog_blind_CB_mod","myResistance","GLOBAL",36,"pearson",-0.0161726191810272,-0.00225664283509291
"rlog_blind_CB_mod","myResistance","Rpv1",9,"pearson",0.0167281125157374,0.00223791358700403
"rlog_blind_CB_mod","myResistance","Rpv1.12",9,"pearson",0.02224951997794,0.002190391991168
"rlog_blind_CB_mod","myResistance","Rpv1.12.3",9,"pearson",-0.0481025113592406,-0.00220517514786666
"rlog_blind_CB_mod","myResistance","Susceptible",9,"pearson",-0.0152629185351184,-0.00152864036623977
"rlog_design_CB","condition","GLOBAL",36,"spearman",0.126075929707405,0.00663479620485919
"rlog_design_CB","condition","Rpv12.0",3,"spearman",0.0909577382613664,0.000714003383189476
"rlog_design_CB","condition","Rpv12.1.0",3,"spearman",-0.00476410936769796,-0.00113845105407044
"rlog_design_CB","condition","Rpv12.1.24",3,"spearman",0.114415512952926,0.00563379417749763
"rlog_design_CB","condition","Rpv12.1.3.0",3,"spearman",0.0532118669552443,-0.00149586815483852
"rlog_design_CB","condition","Rpv12.1.3.24",3,"spearman",0.050624199041932,0.000433639863581766
"rlog_design_CB","condition","Rpv12.1.3.6",3,"spearman",0.126354104340679,-0.00296877870853759
"rlog_design_CB","condition","Rpv12.1.6",3,"spearman",0.0894187029735195,0.000850507105673164
"rlog_design_CB","condition","Rpv12.24",3,"spearman",-0.100486659148477,-0.000884507636708063
"rlog_design_CB","condition","Rpv12.6",3,"spearman",0.1466123290109,0.00434377472840398
"rlog_design_CB","condition","Susceptible.0",3,"spearman",0.0548163312371703,0.00247753774809972
"rlog_design_CB","condition","Susceptible.24",3,"spearman",0.116365359273623,0.00591962173343059
"rlog_design_CB","condition","Susceptible.6",3,"spearman",-0.247915196694366,-0.00152556190233473
"rlog_design_CB","condition","GLOBAL",36,"pearson",0.0363685977925182,0.00663479620485919
"rlog_design_CB","condition","Rpv12.0",3,"pearson",0.0288786782769015,0.000714003383189476
"rlog_design_CB","condition","Rpv12.1.0",3,"pearson",-0.0275826003883467,-0.00113845105407044
"rlog_design_CB","condition","Rpv12.1.24",3,"pearson",0.0320616234431114,0.00563379417749763
"rlog_design_CB","condition","Rpv12.1.3.0",3,"pearson",-0.0384127258727043,-0.00149586815483852
"rlog_design_CB","condition","Rpv12.1.3.24",3,"pearson",0.00566811969580907,0.000433639863581766
"rlog_design_CB","condition","Rpv12.1.3.6",3,"pearson",-0.02627935123786,-0.00296877870853759
"rlog_design_CB","condition","Rpv12.1.6",3,"pearson",0.00914813622871673,0.000850507105673164
"rlog_design_CB","condition","Rpv12.24",3,"pearson",-0.0783986922920817,-0.000884507636708063
"rlog_design_CB","condition","Rpv12.6",3,"pearson",0.0275195133871563,0.00434377472840398
"rlog_design_CB","condition","Susceptible.0",3,"pearson",0.0175531325169132,0.00247753774809972
"rlog_design_CB","condition","Susceptible.24",3,"pearson",0.0262124509919468,0.00591962173343059
"rlog_design_CB","condition","Susceptible.6",3,"pearson",-0.14995928648265,-0.00152556190233473
"rlog_design_CB","myTime","GLOBAL",36,"spearman",0.126075929707405,0.00663479620485919
"rlog_design_CB","myTime","0",12,"spearman",0.125928815880168,0.0111718628922915
"rlog_design_CB","myTime","6",12,"spearman",0.0911585799908515,0.00122153751242975
"rlog_design_CB","myTime","24",12,"spearman",0.118924381255388,0.0041854907093359
"rlog_design_CB","myTime","GLOBAL",36,"pearson",0.0363685977925182,0.00663479620485919
"rlog_design_CB","myTime","0",12,"pearson",0.0555150426523263,0.0111718628922915
"rlog_design_CB","myTime","6",12,"pearson",0.00733391207783775,0.00122153751242975
"rlog_design_CB","myTime","24",12,"pearson",0.0214487662454739,0.0041854907093359
"rlog_design_CB","myResistance","GLOBAL",36,"spearman",0.126075929707405,0.00663479620485919
"rlog_design_CB","myResistance","Rpv1",9,"spearman",0.171497435247048,0.0081634105544337
"rlog_design_CB","myResistance","Rpv1.12",9,"spearman",0.136384677180874,0.00757324890350668
"rlog_design_CB","myResistance","Rpv1.12.3",9,"spearman",0.0799881847465014,-0.000860686588797417
"rlog_design_CB","myResistance","Susceptible",9,"spearman",0.110712843961707,0.00437230902782652
"rlog_design_CB","myResistance","GLOBAL",36,"pearson",0.0363685977925182,0.00663479620485919
"rlog_design_CB","myResistance","Rpv1",9,"pearson",0.0614805390870704,0.0081634105544337
"rlog_design_CB","myResistance","Rpv1.12",9,"pearson",0.0569604129925032,0.00757324890350668
"rlog_design_CB","myResistance","Rpv1.12.3",9,"pearson",-0.0120147035323989,-0.000860686588797417
"rlog_design_CB","myResistance","Susceptible",9,"pearson",0.0339301346717549,0.00437230902782652
"rlog_design_CB_mod","condition","GLOBAL",36,"spearman",0.120089519457613,0.0062965703646819
"rlog_design_CB_mod","condition","Rpv12.0",3,"spearman",0.0997832651440557,0.000831893549102803
"rlog_design_CB_mod","condition","Rpv12.1.0",3,"spearman",0.00906487211223681,-0.00099115254962147
"rlog_design_CB_mod","condition","Rpv12.1.24",3,"spearman",0.112657294101206,0.00488639653341993
"rlog_design_CB_mod","condition","Rpv12.1.3.0",3,"spearman",0.057441345415959,-0.00145078366610061
"rlog_design_CB_mod","condition","Rpv12.1.3.24",3,"spearman",0.0390073002318939,0.000121525912365197
"rlog_design_CB_mod","condition","Rpv12.1.3.6",3,"spearman",0.136590221967481,-0.00226574659754304
"rlog_design_CB_mod","condition","Rpv12.1.6",3,"spearman",0.0890377749560759,0.00161641512153346
"rlog_design_CB_mod","condition","Rpv12.24",3,"spearman",-0.111731751173775,-0.000852564729007679
"rlog_design_CB_mod","condition","Rpv12.6",3,"spearman",0.130277959822335,0.00324934391250089
"rlog_design_CB_mod","condition","Susceptible.0",3,"spearman",0.0337430019357111,0.000833236982668295
"rlog_design_CB_mod","condition","Susceptible.24",3,"spearman",0.12816143323093,0.00524939271206516
"rlog_design_CB_mod","condition","Susceptible.6",3,"spearman",-0.259526887145909,-0.00143642141948109
"rlog_design_CB_mod","condition","GLOBAL",36,"pearson",0.031495378598327,0.0062965703646819
"rlog_design_CB_mod","condition","Rpv12.0",3,"pearson",0.0327005711092353,0.000831893549102803
"rlog_design_CB_mod","condition","Rpv12.1.0",3,"pearson",-0.0220096688042755,-0.00099115254962147
"rlog_design_CB_mod","condition","Rpv12.1.24",3,"pearson",0.0327215391625278,0.00488639653341993
"rlog_design_CB_mod","condition","Rpv12.1.3.0",3,"pearson",-0.0351826495398969,-0.00145078366610061
"rlog_design_CB_mod","condition","Rpv12.1.3.24",3,"pearson",0.00192498878383149,0.000121525912365197
"rlog_design_CB_mod","condition","Rpv12.1.3.6",3,"pearson",-0.0198675554784748,-0.00226574659754304
"rlog_design_CB_mod","condition","Rpv12.1.6",3,"pearson",0.0171793517464135,0.00161641512153346
"rlog_design_CB_mod","condition","Rpv12.24",3,"pearson",-0.0858528808057156,-0.000852564729007679
"rlog_design_CB_mod","condition","Rpv12.6",3,"pearson",0.0333285149471266,0.00324934391250089
"rlog_design_CB_mod","condition","Susceptible.0",3,"pearson",0.00682923381532764,0.000833236982668295
"rlog_design_CB_mod","condition","Susceptible.24",3,"pearson",0.0253098756063846,0.00524939271206516
"rlog_design_CB_mod","condition","Susceptible.6",3,"pearson",-0.161126782802331,-0.00143642141948109
"rlog_design_CB_mod","myTime","GLOBAL",36,"spearman",0.120089519457613,0.0062965703646819
"rlog_design_CB_mod","myTime","0",12,"spearman",0.131584103301355,0.0140029089417987
"rlog_design_CB_mod","myTime","6",12,"spearman",0.0740443880902748,-0.00041543303712095
"rlog_design_CB_mod","myTime","24",12,"spearman",0.106051679310292,0.00249461075470848
"rlog_design_CB_mod","myTime","GLOBAL",36,"pearson",0.031495378598327,0.0062965703646819
"rlog_design_CB_mod","myTime","0",12,"pearson",0.0576265544970129,0.0140029089417987
"rlog_design_CB_mod","myTime","6",12,"pearson",-0.00244443849479095,-0.00041543303712095
"rlog_design_CB_mod","myTime","24",12,"pearson",0.0123521352977994,0.00249461075470848
"rlog_design_CB_mod","myResistance","GLOBAL",36,"spearman",0.120089519457613,0.0062965703646819
"rlog_design_CB_mod","myResistance","Rpv1",9,"spearman",0.167680864311918,0.0100223009150075
"rlog_design_CB_mod","myResistance","Rpv1.12",9,"spearman",0.154346414183518,0.00954417734679991
"rlog_design_CB_mod","myResistance","Rpv1.12.3",9,"spearman",0.0854487535070607,-0.000559671672814551
"rlog_design_CB_mod","myResistance","Susceptible",9,"spearman",0.107261997178007,0.00333344516858514
"rlog_design_CB_mod","myResistance","GLOBAL",36,"pearson",0.031495378598327,0.0062965703646819
"rlog_design_CB_mod","myResistance","Rpv1",9,"pearson",0.0583481485102142,0.0100223009150075
"rlog_design_CB_mod","myResistance","Rpv1.12",9,"pearson",0.0654503610867803,0.00954417734679991
"rlog_design_CB_mod","myResistance","Rpv1.12.3",9,"pearson",-0.00841651800441811,-0.000559671672814551
"rlog_design_CB_mod","myResistance","Susceptible",9,"pearson",0.0272641888918705,0.00333344516858514
"vst_blind_CB","condition","GLOBAL",36,"spearman",-0.0605298664749059,0.00247900385964126
"vst_blind_CB","condition","Rpv12.0",3,"spearman",-0.081662193347097,-0.00301448419501423
"vst_blind_CB","condition","Rpv12.1.0",3,"spearman",-0.181878025638797,-0.00597845158044068
"vst_blind_CB","condition","Rpv12.1.24",3,"spearman",-0.0274296268351618,0.00211600043971006
"vst_blind_CB","condition","Rpv12.1.3.0",3,"spearman",-0.0906471531742006,-0.00706006474505752
"vst_blind_CB","condition","Rpv12.1.3.24",3,"spearman",-0.138128915512534,-0.00263245069307793
"vst_blind_CB","condition","Rpv12.1.3.6",3,"spearman",-0.0322209147286193,-0.00813623197662513
"vst_blind_CB","condition","Rpv12.1.6",3,"spearman",-0.0915946341962153,-0.00338667578721348
"vst_blind_CB","condition","Rpv12.24",3,"spearman",-0.298428515011627,-0.00534035230937704
"vst_blind_CB","condition","Rpv12.6",3,"spearman",-0.000548527631240724,0.0024549999076039
"vst_blind_CB","condition","Susceptible.0",3,"spearman",-0.122895938127893,-0.00362233795962879
"vst_blind_CB","condition","Susceptible.24",3,"spearman",-0.0278330722517629,0.00389226548898738
"vst_blind_CB","condition","Susceptible.6",3,"spearman",-0.433301058289065,-0.00653122405525934
"vst_blind_CB","condition","GLOBAL",36,"pearson",0.0107442991109494,0.00247900385964126
"vst_blind_CB","condition","Rpv12.0",3,"pearson",-0.0796457716680386,-0.00301448419501423
"vst_blind_CB","condition","Rpv12.1.0",3,"pearson",-0.134440208175117,-0.00597845158044068
"vst_blind_CB","condition","Rpv12.1.24",3,"pearson",0.00928847607278052,0.00211600043971006
"vst_blind_CB","condition","Rpv12.1.3.0",3,"pearson",-0.148852057595383,-0.00706006474505752
"vst_blind_CB","condition","Rpv12.1.3.24",3,"pearson",-0.0275166051242094,-0.00263245069307793
"vst_blind_CB","condition","Rpv12.1.3.6",3,"pearson",-0.0593034529776092,-0.00813623197662513
"vst_blind_CB","condition","Rpv12.1.6",3,"pearson",-0.0299409636544467,-0.00338667578721348
"vst_blind_CB","condition","Rpv12.24",3,"pearson",-0.293951185325283,-0.00534035230937704
"vst_blind_CB","condition","Rpv12.6",3,"pearson",0.0133838274449912,0.0024549999076039
"vst_blind_CB","condition","Susceptible.0",3,"pearson",-0.0207665205601854,-0.00362233795962879
"vst_blind_CB","condition","Susceptible.24",3,"pearson",0.0132760647836902,0.00389226548898738
"vst_blind_CB","condition","Susceptible.6",3,"pearson",-0.38413758664964,-0.00653122405525934
"vst_blind_CB","myTime","GLOBAL",36,"spearman",-0.0605298664749059,0.00247900385964126
"vst_blind_CB","myTime","0",12,"spearman",-0.0626198743112839,0.00971564047395375
"vst_blind_CB","myTime","6",12,"spearman",-0.12311186667572,-0.00539674744416305
"vst_blind_CB","myTime","24",12,"spearman",-0.0646641760581495,-0.00161474712334225
"vst_blind_CB","myTime","GLOBAL",36,"pearson",0.0107442991109494,0.00247900385964126
"vst_blind_CB","myTime","0",12,"pearson",0.0373544043499775,0.00971564047395375
"vst_blind_CB","myTime","6",12,"pearson",-0.0271842225993456,-0.00539674744416305
"vst_blind_CB","myTime","24",12,"pearson",-0.00653729381349969,-0.00161474712334225
"vst_blind_CB","myResistance","GLOBAL",36,"spearman",-0.0605298664749059,0.00247900385964126
"vst_blind_CB","myResistance","Rpv1",9,"spearman",0.00149668695726435,0.00749107884893619
"vst_blind_CB","myResistance","Rpv1.12",9,"spearman",-0.0434984229090425,0.00672432527401713
"vst_blind_CB","myResistance","Rpv1.12.3",9,"spearman",-0.141837524763974,-0.00561139533466471
"vst_blind_CB","myResistance","Susceptible",9,"spearman",-0.0988310507671961,0.000790178649941376
"vst_blind_CB","myResistance","GLOBAL",36,"pearson",0.0107442991109494,0.00247900385964126
"vst_blind_CB","myResistance","Rpv1",9,"pearson",0.0437438146110067,0.00749107884893619
"vst_blind_CB","myResistance","Rpv1.12",9,"pearson",0.0390312913614669,0.00672432527401713
"vst_blind_CB","myResistance","Rpv1.12.3",9,"pearson",-0.0643885388453361,-0.00561139533466471
"vst_blind_CB","myResistance","Susceptible",9,"pearson",0.00481455856990081,0.000790178649941376
"vst_blind_CB_mod","condition","GLOBAL",36,"spearman",-0.0648000421647019,0.00154784304256334
"vst_blind_CB_mod","condition","Rpv12.0",3,"spearman",-0.0761799585769693,-0.00285818665304445
"vst_blind_CB_mod","condition","Rpv12.1.0",3,"spearman",-0.169819600743943,-0.00587090782395956
"vst_blind_CB_mod","condition","Rpv12.1.24",3,"spearman",-0.0292313324676494,0.0019254720837236
"vst_blind_CB_mod","condition","Rpv12.1.3.0",3,"spearman",-0.0898116318819803,-0.00713205841081557
"vst_blind_CB_mod","condition","Rpv12.1.3.24",3,"spearman",-0.153978266390846,-0.00302108056720773
"vst_blind_CB_mod","condition","Rpv12.1.3.6",3,"spearman",-0.0158959807840109,-0.0076076837697868
"vst_blind_CB_mod","condition","Rpv12.1.6",3,"spearman",-0.0887120889293681,-0.00210237470080424
"vst_blind_CB_mod","condition","Rpv12.24",3,"spearman",-0.308075606942795,-0.00497027839076621
"vst_blind_CB_mod","condition","Rpv12.6",3,"spearman",-0.0242252088850611,0.00131418529443607
"vst_blind_CB_mod","condition","Susceptible.0",3,"spearman",-0.149269650714842,-0.00508197769265995
"vst_blind_CB_mod","condition","Susceptible.24",3,"spearman",-0.016972688237573,0.00313077787687157
"vst_blind_CB_mod","condition","Susceptible.6",3,"spearman",-0.441036999583381,-0.00606842382375202
"vst_blind_CB_mod","condition","GLOBAL",36,"pearson",0.00620007787647768,0.00154784304256334
"vst_blind_CB_mod","condition","Rpv12.0",3,"pearson",-0.0738679191826559,-0.00285818665304445
"vst_blind_CB_mod","condition","Rpv12.1.0",3,"pearson",-0.120843587854424,-0.00587090782395956
"vst_blind_CB_mod","condition","Rpv12.1.24",3,"pearson",0.0101765478934479,0.0019254720837236
"vst_blind_CB_mod","condition","Rpv12.1.3.0",3,"pearson",-0.1424575833309,-0.00713205841081557
"vst_blind_CB_mod","condition","Rpv12.1.3.24",3,"pearson",-0.0386751837089575,-0.00302108056720773
"vst_blind_CB_mod","condition","Rpv12.1.3.6",3,"pearson",-0.053928955609107,-0.0076076837697868
"vst_blind_CB_mod","condition","Rpv12.1.6",3,"pearson",-0.0182339895810882,-0.00210237470080424
"vst_blind_CB_mod","condition","Rpv12.24",3,"pearson",-0.304015343464855,-0.00497027839076621
"vst_blind_CB_mod","condition","Rpv12.6",3,"pearson",0.011106955761008,0.00131418529443607
"vst_blind_CB_mod","condition","Susceptible.0",3,"pearson",-0.0350782170768301,-0.00508197769265995
"vst_blind_CB_mod","condition","Susceptible.24",3,"pearson",0.0118651552633934,0.00313077787687157
"vst_blind_CB_mod","condition","Susceptible.6",3,"pearson",-0.396203352158361,-0.00606842382375202
"vst_blind_CB_mod","myTime","GLOBAL",36,"spearman",-0.0648000421647019,0.00154784304256334
"vst_blind_CB_mod","myTime","0",12,"spearman",-0.0510065059133145,0.0135894302348201
"vst_blind_CB_mod","myTime","6",12,"spearman",-0.145708082243234,-0.00783526772306799
"vst_blind_CB_mod","myTime","24",12,"spearman",-0.0807682166604321,-0.00420949931314884
"vst_blind_CB_mod","myTime","GLOBAL",36,"pearson",0.00620007787647768,0.00154784304256334
"vst_blind_CB_mod","myTime","0",12,"pearson",0.0436320618100543,0.0135894302348201
"vst_blind_CB_mod","myTime","6",12,"pearson",-0.0393438355393411,-0.00783526772306799
"vst_blind_CB_mod","myTime","24",12,"pearson",-0.016864003300746,-0.00420949931314884
"vst_blind_CB_mod","myResistance","GLOBAL",36,"spearman",-0.0648000421647019,0.00154784304256334
"vst_blind_CB_mod","myResistance","Rpv1",9,"spearman",-0.000213928347476856,0.00957588182372099
"vst_blind_CB_mod","myResistance","Rpv1.12",9,"spearman",-0.0178866912011763,0.0101216272437333
"vst_blind_CB_mod","myResistance","Rpv1.12.3",9,"spearman",-0.133978563555262,-0.00530223503843934
"vst_blind_CB_mod","myResistance","Susceptible",9,"spearman",-0.101979198809003,-0.000420743344481564
"vst_blind_CB_mod","myResistance","GLOBAL",36,"pearson",0.00620007787647768,0.00154784304256334
"vst_blind_CB_mod","myResistance","Rpv1",9,"pearson",0.0439563087708387,0.00957588182372099
"vst_blind_CB_mod","myResistance","Rpv1.12",9,"pearson",0.0536361356005138,0.0101216272437333
"vst_blind_CB_mod","myResistance","Rpv1.12.3",9,"pearson",-0.0655313577437983,-0.00530223503843934
"vst_blind_CB_mod","myResistance","Susceptible",9,"pearson",-0.00272552919133762,-0.000420743344481564
"vst_design_CB","condition","GLOBAL",36,"spearman",0.0918720765146665,0.0122036162544416
"vst_design_CB","condition","Rpv12.0",3,"spearman",0.0172025971872489,0.000400202565709959
"vst_design_CB","condition","Rpv12.1.0",3,"spearman",-0.0888918524386005,-0.00269131909888078
"vst_design_CB","condition","Rpv12.1.24",3,"spearman",0.0690808507683559,0.00962843884706935
"vst_design_CB","condition","Rpv12.1.3.0",3,"spearman",-0.0130024039263699,-0.00360237228582067
"vst_design_CB","condition","Rpv12.1.3.24",3,"spearman",-0.0393686195791084,0.00100112820380237
"vst_design_CB","condition","Rpv12.1.3.6",3,"spearman",0.0654191948125957,-0.00244621223604862
"vst_design_CB","condition","Rpv12.1.6",3,"spearman",0.0108859300926154,0.000929817168817212
"vst_design_CB","condition","Rpv12.24",3,"spearman",-0.213546090893788,-0.00283926048462734
"vst_design_CB","condition","Rpv12.6",3,"spearman",0.0976792627593535,0.00846299321526695
"vst_design_CB","condition","Susceptible.0",3,"spearman",-0.0279279336388965,0.00289642468822304
"vst_design_CB","condition","Susceptible.24",3,"spearman",0.0619407684206835,0.0128787834264653
"vst_design_CB","condition","Susceptible.6",3,"spearman",-0.367389368133394,-0.00414462935650225
"vst_design_CB","condition","GLOBAL",36,"pearson",0.0565729812866129,0.0122036162544416
"vst_design_CB","condition","Rpv12.0",3,"pearson",0.0114818142312205,0.000400202565709959
"vst_design_CB","condition","Rpv12.1.0",3,"pearson",-0.0693532588353721,-0.00269131909888078
"vst_design_CB","condition","Rpv12.1.24",3,"pearson",0.0453351387650759,0.00962843884706935
"vst_design_CB","condition","Rpv12.1.3.0",3,"pearson",-0.0887428636992223,-0.00360237228582067
"vst_design_CB","condition","Rpv12.1.3.24",3,"pearson",0.0115096159590977,0.00100112820380237
"vst_design_CB","condition","Rpv12.1.3.6",3,"pearson",-0.0190919937207101,-0.00244621223604862
"vst_design_CB","condition","Rpv12.1.6",3,"pearson",0.009053678828982,0.000929817168817212
"vst_design_CB","condition","Rpv12.24",3,"pearson",-0.193569206292496,-0.00283926048462734
"vst_design_CB","condition","Rpv12.6",3,"pearson",0.0503248335567967,0.00846299321526695
"vst_design_CB","condition","Susceptible.0",3,"pearson",0.0181319439545752,0.00289642468822304
"vst_design_CB","condition","Susceptible.24",3,"pearson",0.0464446750427113,0.0128787834264653
"vst_design_CB","condition","Susceptible.6",3,"pearson",-0.315771436447917,-0.00414462935650225
"vst_design_CB","myTime","GLOBAL",36,"spearman",0.0918720765146665,0.0122036162544416
"vst_design_CB","myTime","0",12,"spearman",0.0783983849829786,0.0191571673767284
"vst_design_CB","myTime","6",12,"spearman",0.0225230406903605,0.00291588815172086
"vst_design_CB","myTime","24",12,"spearman",0.0788724972492462,0.00878004804966087
"vst_design_CB","myTime","GLOBAL",36,"pearson",0.0565729812866129,0.0122036162544416
"vst_design_CB","myTime","0",12,"pearson",0.0788575871451057,0.0191571673767284
"vst_design_CB","myTime","6",12,"pearson",0.0159753115315032,0.00291588815172086
"vst_design_CB","myTime","24",12,"pearson",0.0380282778536342,0.00878004804966087
"vst_design_CB","myResistance","GLOBAL",36,"spearman",0.0918720765146665,0.0122036162544416
"vst_design_CB","myResistance","Rpv1",9,"spearman",0.136654767126676,0.0150663318992887
"vst_design_CB","myResistance","Rpv1.12",9,"spearman",0.0943437303276076,0.0133137045218153
"vst_design_CB","myResistance","Rpv1.12.3",9,"spearman",0.00323085063933838,-0.000671121095902866
"vst_design_CB","myResistance","Susceptible",9,"spearman",0.0426990910251284,0.00787709279215708
"vst_design_CB","myResistance","GLOBAL",36,"pearson",0.0565729812866129,0.0122036162544416
"vst_design_CB","myResistance","Rpv1",9,"pearson",0.0935822366054505,0.0150663318992887
"vst_design_CB","myResistance","Rpv1.12",9,"pearson",0.0822213575712288,0.0133137045218153
"vst_design_CB","myResistance","Rpv1.12.3",9,"pearson",-0.00835954637738565,-0.000671121095902866
"vst_design_CB","myResistance","Susceptible",9,"pearson",0.051248177392892,0.00787709279215708
"vst_design_CB_mod","condition","GLOBAL",36,"spearman",0.0863102317676467,0.0119895186030239
"vst_design_CB_mod","condition","Rpv12.0",3,"spearman",0.02440354697307,0.000623284592909857
"vst_design_CB_mod","condition","Rpv12.1.0",3,"spearman",-0.0761538527260774,-0.0024833713737927
"vst_design_CB_mod","condition","Rpv12.1.24",3,"spearman",0.0693406873028819,0.00827354654349366
"vst_design_CB_mod","condition","Rpv12.1.3.0",3,"spearman",-0.0112631143826181,-0.00353272459614606
"vst_design_CB_mod","condition","Rpv12.1.3.24",3,"spearman",-0.0550431918882352,0.000199294014744576
"vst_design_CB_mod","condition","Rpv12.1.3.6",3,"spearman",0.0801681318343922,-0.00185507746831033
"vst_design_CB_mod","condition","Rpv12.1.6",3,"spearman",0.0114995175266331,0.00196997994006028
"vst_design_CB_mod","condition","Rpv12.24",3,"spearman",-0.224116542555778,-0.00265667121304998
"vst_design_CB_mod","condition","Rpv12.6",3,"spearman",0.0766727748472943,0.00608231631133562
"vst_design_CB_mod","condition","Susceptible.0",3,"spearman",-0.0516334015243275,0.000669539942283832
"vst_design_CB_mod","condition","Susceptible.24",3,"spearman",0.0766437242790188,0.0116438908976408
"vst_design_CB_mod","condition","Susceptible.6",3,"spearman",-0.376784075411351,-0.00385989310516936
"vst_design_CB_mod","condition","GLOBAL",36,"pearson",0.0515769496396224,0.0119895186030239
"vst_design_CB_mod","condition","Rpv12.0",3,"pearson",0.0174892570903685,0.000623284592909857
"vst_design_CB_mod","condition","Rpv12.1.0",3,"pearson",-0.0578310298440995,-0.0024833713737927
"vst_design_CB_mod","condition","Rpv12.1.24",3,"pearson",0.047045583735648,0.00827354654349366
"vst_design_CB_mod","condition","Rpv12.1.3.0",3,"pearson",-0.082161826506875,-0.00353272459614606
"vst_design_CB_mod","condition","Rpv12.1.3.24",3,"pearson",0.0027980008216934,0.000199294014744576
"vst_design_CB_mod","condition","Rpv12.1.3.6",3,"pearson",-0.0140292853567473,-0.00185507746831033
"vst_design_CB_mod","condition","Rpv12.1.6",3,"pearson",0.0186996518471667,0.00196997994006028
"vst_design_CB_mod","condition","Rpv12.24",3,"pearson",-0.201630217831248,-0.00265667121304998
"vst_design_CB_mod","condition","Rpv12.6",3,"pearson",0.0556238543122738,0.00608231631133562
"vst_design_CB_mod","condition","Susceptible.0",3,"pearson",0.00504780064839201,0.000669539942283832
"vst_design_CB_mod","condition","Susceptible.24",3,"pearson",0.0467680168395987,0.0116438908976408
"vst_design_CB_mod","condition","Susceptible.6",3,"pearson",-0.32740259585832,-0.00385989310516936
"vst_design_CB_mod","myTime","GLOBAL",36,"spearman",0.0863102317676467,0.0119895186030239
"vst_design_CB_mod","myTime","0",12,"spearman",0.0859267838885745,0.0241276040399951
"vst_design_CB_mod","myTime","6",12,"spearman",-0.000910843826472944,0.000562073070650605
"vst_design_CB_mod","myTime","24",12,"spearman",0.0617053075450158,0.00627122961272122
"vst_design_CB_mod","myTime","GLOBAL",36,"pearson",0.0515769496396224,0.0119895186030239
"vst_design_CB_mod","myTime","0",12,"pearson",0.0832965988982536,0.0241276040399951
"vst_design_CB_mod","myTime","6",12,"pearson",0.00308475145045126,0.000562073070650605
"vst_design_CB_mod","myTime","24",12,"pearson",0.0269618505163837,0.00627122961272122
"vst_design_CB_mod","myResistance","GLOBAL",36,"spearman",0.0863102317676467,0.0119895186030239
"vst_design_CB_mod","myResistance","Rpv1",9,"spearman",0.130810513882762,0.0180952466323238
"vst_design_CB_mod","myResistance","Rpv1.12",9,"spearman",0.117313770886946,0.0167400952906833
"vst_design_CB_mod","myResistance","Rpv1.12.3",9,"spearman",0.0109563846364467,-0.000434371988145803
"vst_design_CB_mod","myResistance","Susceptible",9,"spearman",0.0407929261765441,0.00644453461130189
"vst_design_CB_mod","myResistance","GLOBAL",36,"pearson",0.0515769496396224,0.0119895186030239
"vst_design_CB_mod","myResistance","Rpv1",9,"pearson",0.0889940103085673,0.0180952466323238
"vst_design_CB_mod","myResistance","Rpv1.12",9,"pearson",0.0945064385012025,0.0167400952906833
"vst_design_CB_mod","myResistance","Rpv1.12.3",9,"pearson",-0.00582459089641002,-0.000434371988145803
"vst_design_CB_mod","myResistance","Susceptible",9,"pearson",0.0445180173996413,0.00644453461130189
"rlog_design_noBE_CB","condition","GLOBAL",36,"spearman",0.116067335954257,0.00545939249220484
"rlog_design_noBE_CB","condition","Rpv12.0",3,"spearman",0.0809851273946239,0.000534468208353814
"rlog_design_noBE_CB","condition","Rpv12.1.0",3,"spearman",-0.0149695508880778,-0.00113108474912031
"rlog_design_noBE_CB","condition","Rpv12.1.24",3,"spearman",0.106818575202476,0.00478108346036756
"rlog_design_noBE_CB","condition","Rpv12.1.3.0",3,"spearman",0.0474342816896074,-0.00138401187835108
"rlog_design_noBE_CB","condition","Rpv12.1.3.24",3,"spearman",0.0422322351292812,0.000259408044851067
"rlog_design_noBE_CB","condition","Rpv12.1.3.6",3,"spearman",0.120910042842495,-0.00232330979501841
"rlog_design_noBE_CB","condition","Rpv12.1.6",3,"spearman",0.0811890694404909,0.000668811214621976
"rlog_design_noBE_CB","condition","Rpv12.24",3,"spearman",-0.110527136464485,-0.000882784676863547
"rlog_design_noBE_CB","condition","Rpv12.6",3,"spearman",0.13925336998989,0.00370092073264377
"rlog_design_noBE_CB","condition","Susceptible.0",3,"spearman",0.0455078830021352,0.00211600365374711
"rlog_design_noBE_CB","condition","Susceptible.24",3,"spearman",0.107749823461876,0.00501405653515792
"rlog_design_noBE_CB","condition","Susceptible.6",3,"spearman",-0.258259370773692,-0.00145848888119028
"rlog_design_noBE_CB","condition","GLOBAL",36,"pearson",0.0328927545395014,0.00545939249220484
"rlog_design_noBE_CB","condition","Rpv12.0",3,"pearson",0.0235800727294413,0.000534468208353814
"rlog_design_noBE_CB","condition","Rpv12.1.0",3,"pearson",-0.0321269951488065,-0.00113108474912031
"rlog_design_noBE_CB","condition","Rpv12.1.24",3,"pearson",0.0300314816568472,0.00478108346036756
"rlog_design_noBE_CB","condition","Rpv12.1.3.0",3,"pearson",-0.0393807695484392,-0.00138401187835108
"rlog_design_noBE_CB","condition","Rpv12.1.3.24",3,"pearson",0.00372504036470373,0.000259408044851067
"rlog_design_noBE_CB","condition","Rpv12.1.3.6",3,"pearson",-0.0230114877530453,-0.00232330979501841
"rlog_design_noBE_CB","condition","Rpv12.1.6",3,"pearson",0.00787230303700039,0.000668811214621976
"rlog_design_noBE_CB","condition","Rpv12.24",3,"pearson",-0.0741587408298853,-0.000882784676863547
"rlog_design_noBE_CB","condition","Rpv12.6",3,"pearson",0.0249414151369562,0.00370092073264377
"rlog_design_noBE_CB","condition","Susceptible.0",3,"pearson",0.017300729737769,0.00211600365374711
"rlog_design_noBE_CB","condition","Susceptible.24",3,"pearson",0.0239302426878673,0.00501405653515792
"rlog_design_noBE_CB","condition","Susceptible.6",3,"pearson",-0.156038899038294,-0.00145848888119028
"rlog_design_noBE_CB","myTime","GLOBAL",36,"spearman",0.116067335954257,0.00545939249220484
"rlog_design_noBE_CB","myTime","0",12,"spearman",0.11552796066068,0.0095143405138269
"rlog_design_noBE_CB","myTime","6",12,"spearman",0.0821552433762377,0.00077949490833236
"rlog_design_noBE_CB","myTime","24",12,"spearman",0.108844116053764,0.00316174160168938
"rlog_design_noBE_CB","myTime","GLOBAL",36,"pearson",0.0328927545395014,0.00545939249220484
"rlog_design_noBE_CB","myTime","0",12,"pearson",0.0522755239462429,0.0095143405138269
"rlog_design_noBE_CB","myTime","6",12,"pearson",0.00515085341177205,0.00077949490833236
"rlog_design_noBE_CB","myTime","24",12,"pearson",0.0175772128534394,0.00316174160168938
"rlog_design_noBE_CB","myResistance","GLOBAL",36,"spearman",0.116067335954257,0.00545939249220484
"rlog_design_noBE_CB","myResistance","Rpv1",9,"spearman",0.161546168623175,0.00704577566672817
"rlog_design_noBE_CB","myResistance","Rpv1.12",9,"spearman",0.126025530520406,0.00650163483339618
"rlog_design_noBE_CB","myResistance","Rpv1.12.3",9,"spearman",0.0715313691392782,-0.000742377598288685
"rlog_design_noBE_CB","myResistance","Susceptible",9,"spearman",0.0990044175489763,0.00364682755616673
"rlog_design_noBE_CB","myResistance","GLOBAL",36,"pearson",0.0328927545395014,0.00545939249220484
"rlog_design_noBE_CB","myResistance","Rpv1",9,"pearson",0.0575098708949591,0.00704577566672817
"rlog_design_noBE_CB","myResistance","Rpv1.12",9,"pearson",0.0540618006333835,0.00650163483339618
"rlog_design_noBE_CB","myResistance","Rpv1.12.3",9,"pearson",-0.0114956465857572,-0.000742377598288685
"rlog_design_noBE_CB","myResistance","Susceptible",9,"pearson",0.0311866531787335,0.00364682755616673
"rlog_design_noBE_CB_mod","condition","GLOBAL",36,"spearman",0.109960848848727,0.0050857976131888
"rlog_design_noBE_CB_mod","condition","Rpv12.0",3,"spearman",0.0898932073434252,0.000649484512790519
"rlog_design_noBE_CB_mod","condition","Rpv12.1.0",3,"spearman",-0.00127921727454941,-0.00101781824863524
"rlog_design_noBE_CB_mod","condition","Rpv12.1.24",3,"spearman",0.104724446802345,0.00414985762220359
"rlog_design_noBE_CB_mod","condition","Rpv12.1.3.0",3,"spearman",0.0517090567325091,-0.00133196199894558
"rlog_design_noBE_CB_mod","condition","Rpv12.1.3.24",3,"spearman",0.0298720705355062,1.83475476975268e-05
"rlog_design_noBE_CB_mod","condition","Rpv12.1.3.6",3,"spearman",0.130741439172279,-0.00178443280997467
"rlog_design_noBE_CB_mod","condition","Rpv12.1.6",3,"spearman",0.0804431098586695,0.00137483551107893
"rlog_design_noBE_CB_mod","condition","Rpv12.24",3,"spearman",-0.121890657099641,-0.000839767299968205
"rlog_design_noBE_CB_mod","condition","Rpv12.6",3,"spearman",0.122242762012931,0.00277783554379589
"rlog_design_noBE_CB_mod","condition","Susceptible.0",3,"spearman",0.0240716138400051,0.000617808088779611
"rlog_design_noBE_CB_mod","condition","Susceptible.24",3,"spearman",0.119400362945999,0.00434363277576403
"rlog_design_noBE_CB_mod","condition","Susceptible.6",3,"spearman",-0.269905282982774,-0.00137176105873821
"rlog_design_noBE_CB_mod","condition","GLOBAL",36,"pearson",0.0279090761679077,0.0050857976131888
"rlog_design_noBE_CB_mod","condition","Rpv12.0",3,"pearson",0.0278595363318686,0.000649484512790519
"rlog_design_noBE_CB_mod","condition","Rpv12.1.0",3,"pearson",-0.0264753579482387,-0.00101781824863524
"rlog_design_noBE_CB_mod","condition","Rpv12.1.24",3,"pearson",0.0307589980268461,0.00414985762220359
"rlog_design_noBE_CB_mod","condition","Rpv12.1.3.0",3,"pearson",-0.0358480478675921,-0.00133196199894558
"rlog_design_noBE_CB_mod","condition","Rpv12.1.3.24",3,"pearson",0.000322446238925704,1.83475476975268e-05
"rlog_design_noBE_CB_mod","condition","Rpv12.1.3.6",3,"pearson",-0.0174048519492415,-0.00178443280997467
"rlog_design_noBE_CB_mod","condition","Rpv12.1.6",3,"pearson",0.0160902961969579,0.00137483551107893
"rlog_design_noBE_CB_mod","condition","Rpv12.24",3,"pearson",-0.0747375523193128,-0.000839767299968205
"rlog_design_noBE_CB_mod","condition","Rpv12.6",3,"pearson",0.0303993920039854,0.00277783554379589
"rlog_design_noBE_CB_mod","condition","Susceptible.0",3,"pearson",0.00584101515073136,0.000617808088779611
"rlog_design_noBE_CB_mod","condition","Susceptible.24",3,"pearson",0.0226688383140995,0.00434363277576403
"rlog_design_noBE_CB_mod","condition","Susceptible.6",3,"pearson",-0.167856870382819,-0.00137176105873821
"rlog_design_noBE_CB_mod","myTime","GLOBAL",36,"spearman",0.109960848848727,0.0050857976131888
"rlog_design_noBE_CB_mod","myTime","0",12,"spearman",0.121255755046977,0.0119120809985874
"rlog_design_noBE_CB_mod","myTime","6",12,"spearman",0.0648280991375481,-0.000730798647731325
"rlog_design_noBE_CB_mod","myTime","24",12,"spearman",0.095851381823968,0.00162036895935884
"rlog_design_noBE_CB_mod","myTime","GLOBAL",36,"pearson",0.0279090761679077,0.0050857976131888
"rlog_design_noBE_CB_mod","myTime","0",12,"pearson",0.0542501203256156,0.0119120809985874
"rlog_design_noBE_CB_mod","myTime","6",12,"pearson",-0.00471330901990448,-0.000730798647731325
"rlog_design_noBE_CB_mod","myTime","24",12,"pearson",0.00866503106598933,0.00162036895935884
"rlog_design_noBE_CB_mod","myResistance","GLOBAL",36,"spearman",0.109960848848727,0.0050857976131888
"rlog_design_noBE_CB_mod","myResistance","Rpv1",9,"spearman",0.1578288106139,0.0086483206044988
"rlog_design_noBE_CB_mod","myResistance","Rpv1.12",9,"spearman",0.143973315598801,0.00823839690912063
"rlog_design_noBE_CB_mod","myResistance","Rpv1.12.3",9,"spearman",0.0768448662089486,-0.000468482234603552
"rlog_design_noBE_CB_mod","myResistance","Susceptible",9,"spearman",0.0954726779651554,0.00270382492631576
"rlog_design_noBE_CB_mod","myResistance","GLOBAL",36,"pearson",0.0279090761679077,0.0050857976131888
"rlog_design_noBE_CB_mod","myResistance","Rpv1",9,"pearson",0.0544831276134236,0.0086483206044988
"rlog_design_noBE_CB_mod","myResistance","Rpv1.12",9,"pearson",0.0626280553665573,0.00823839690912063
"rlog_design_noBE_CB_mod","myResistance","Rpv1.12.3",9,"pearson",-0.00783646818950021,-0.000468482234603552
"rlog_design_noBE_CB_mod","myResistance","Susceptible",9,"pearson",0.0242533372864203,0.00270382492631576
"vst_design_noBE_CB","condition","GLOBAL",36,"spearman",0.10609685991457,0.0130361525405854
"vst_design_noBE_CB","condition","Rpv12.0",3,"spearman",0.0271182543020846,0.000680346993992712
"vst_design_noBE_CB","condition","Rpv12.1.0",3,"spearman",-0.079471001492936,-0.00242362419757636
"vst_design_noBE_CB","condition","Rpv12.1.24",3,"spearman",0.0782877482884086,0.0102717905034184
"vst_design_noBE_CB","condition","Rpv12.1.3.0",3,"spearman",-0.0049192860995001,-0.00332262498032467
"vst_design_noBE_CB","condition","Rpv12.1.3.24",3,"spearman",-0.0298207556236246,0.00130114018771048
"vst_design_noBE_CB","condition","Rpv12.1.3.6",3,"spearman",0.0747480157652685,-0.00196126607283775
"vst_design_noBE_CB","condition","Rpv12.1.6",3,"spearman",0.0208318257472095,0.00128847053224643
"vst_design_noBE_CB","condition","Rpv12.24",3,"spearman",-0.204789067949928,-0.00264059967951434
"vst_design_noBE_CB","condition","Rpv12.6",3,"spearman",0.106944020877351,0.00897204828449826
"vst_design_noBE_CB","condition","Susceptible.0",3,"spearman",-0.0187239560912794,0.00343961278678153
"vst_design_noBE_CB","condition","Susceptible.24",3,"spearman",0.0705359305265019,0.0136561932689741
"vst_design_noBE_CB","condition","Susceptible.6",3,"spearman",-0.360432178811675,-0.00395674975180695
"vst_design_noBE_CB","condition","GLOBAL",36,"pearson",0.0608146603291196,0.0130361525405854
"vst_design_noBE_CB","condition","Rpv12.0",3,"pearson",0.0196377775014505,0.000680346993992712
"vst_design_noBE_CB","condition","Rpv12.1.0",3,"pearson",-0.0632223319691724,-0.00242362419757636
"vst_design_noBE_CB","condition","Rpv12.1.24",3,"pearson",0.0486843658787282,0.0102717905034184
"vst_design_noBE_CB","condition","Rpv12.1.3.0",3,"pearson",-0.0829997115793407,-0.00332262498032467
"vst_design_noBE_CB","condition","Rpv12.1.3.24",3,"pearson",0.0150922287671729,0.00130114018771048
"vst_design_noBE_CB","condition","Rpv12.1.3.6",3,"pearson",-0.015404566726242,-0.00196126607283775
"vst_design_noBE_CB","condition","Rpv12.1.6",3,"pearson",0.0126600871275401,0.00128847053224643
"vst_design_noBE_CB","condition","Rpv12.24",3,"pearson",-0.18319063642227,-0.00264059967951434
"vst_design_noBE_CB","condition","Rpv12.6",3,"pearson",0.0537918518690896,0.00897204828449826
"vst_design_noBE_CB","condition","Susceptible.0",3,"pearson",0.0217096115664217,0.00343961278678153
"vst_design_noBE_CB","condition","Susceptible.24",3,"pearson",0.0495037747561313,0.0136561932689741
"vst_design_noBE_CB","condition","Susceptible.6",3,"pearson",-0.308400224933456,-0.00395674975180695
"vst_design_noBE_CB","myTime","GLOBAL",36,"spearman",0.10609685991457,0.0130361525405854
"vst_design_noBE_CB","myTime","0",12,"spearman",0.0917321150251198,0.019959341924199
"vst_design_noBE_CB","myTime","6",12,"spearman",0.0364166677685021,0.00362138684259567
"vst_design_noBE_CB","myTime","24",12,"spearman",0.0922880690772197,0.00967349438948024
"vst_design_noBE_CB","myTime","GLOBAL",36,"pearson",0.0608146603291196,0.0130361525405854
"vst_design_noBE_CB","myTime","0",12,"pearson",0.0826885103933261,0.019959341924199
"vst_design_noBE_CB","myTime","6",12,"pearson",0.0199982078680923,0.00362138684259567
"vst_design_noBE_CB","myTime","24",12,"pearson",0.0421619456296087,0.00967349438948024
"vst_design_noBE_CB","myResistance","GLOBAL",36,"spearman",0.10609685991457,0.0130361525405854
"vst_design_noBE_CB","myResistance","Rpv1",9,"spearman",0.149320201976415,0.0157159439383102
"vst_design_noBE_CB","myResistance","Rpv1.12",9,"spearman",0.107491389538337,0.0138754416443333
"vst_design_noBE_CB","myResistance","Rpv1.12.3",9,"spearman",0.0173865437535777,-0.000257097159726864
"vst_design_noBE_CB","myResistance","Susceptible",9,"spearman",0.0562707533055686,0.00847988828691319
"vst_design_noBE_CB","myResistance","GLOBAL",36,"pearson",0.0608146603291196,0.0130361525405854
"vst_design_noBE_CB","myResistance","Rpv1",9,"pearson",0.0981756281740976,0.0157159439383102
"vst_design_noBE_CB","myResistance","Rpv1.12",9,"pearson",0.0861890026067225,0.0138754416443333
"vst_design_noBE_CB","myResistance","Rpv1.12.3",9,"pearson",-0.00322675063254579,-0.000257097159726864
"vst_design_noBE_CB","myResistance","Susceptible",9,"pearson",0.0555058246490542,0.00847988828691319
"vst_design_noBE_CB_mod","condition","GLOBAL",36,"spearman",0.100412189283218,0.0128829285790059
"vst_design_noBE_CB_mod","condition","Rpv12.0",3,"spearman",0.0344650404065814,0.000909029688353234
"vst_design_noBE_CB_mod","condition","Rpv12.1.0",3,"spearman",-0.0666813789921963,-0.00220692043994839
"vst_design_noBE_CB_mod","condition","Rpv12.1.24",3,"spearman",0.0787518481280935,0.00881504864421472
"vst_design_noBE_CB_mod","condition","Rpv12.1.3.0",3,"spearman",-0.00306895316472103,-0.00324138941056527
"vst_design_noBE_CB_mod","condition","Rpv12.1.3.24",3,"spearman",-0.0454682386122124,0.000465348926554456
"vst_design_noBE_CB_mod","condition","Rpv12.1.3.6",3,"spearman",0.0893056092174037,-0.00136006674400389
"vst_design_noBE_CB_mod","condition","Rpv12.1.6",3,"spearman",0.021248845299547,0.00230858303231647
"vst_design_noBE_CB_mod","condition","Rpv12.24",3,"spearman",-0.215427678570462,-0.00247305824829125
"vst_design_noBE_CB_mod","condition","Rpv12.6",3,"spearman",0.0862085348422541,0.00648413167372181
"vst_design_noBE_CB_mod","condition","Susceptible.0",3,"spearman",-0.0421313199510851,0.00114896958168727
"vst_design_noBE_CB_mod","condition","Susceptible.24",3,"spearman",0.0855490199566488,0.012379610106739
"vst_design_noBE_CB_mod","condition","Susceptible.6",3,"spearman",-0.369989412493204,-0.0036861295474556
"vst_design_noBE_CB_mod","condition","GLOBAL",36,"pearson",0.0557921928272026,0.0128829285790059
"vst_design_noBE_CB_mod","condition","Rpv12.0",3,"pearson",0.0256637393826647,0.000909029688353234
"vst_design_noBE_CB_mod","condition","Rpv12.1.0",3,"pearson",-0.0519644678080768,-0.00220692043994839
"vst_design_noBE_CB_mod","condition","Rpv12.1.24",3,"pearson",0.0504703513549653,0.00881504864421472
"vst_design_noBE_CB_mod","condition","Rpv12.1.3.0",3,"pearson",-0.0764197037343263,-0.00324138941056527
"vst_design_noBE_CB_mod","condition","Rpv12.1.3.24",3,"pearson",0.00658954327045786,0.000465348926554456
"vst_design_noBE_CB_mod","condition","Rpv12.1.3.6",3,"pearson",-0.0103475195913369,-0.00136006674400389
"vst_design_noBE_CB_mod","condition","Rpv12.1.6",3,"pearson",0.0221006450120738,0.00230858303231647
"vst_design_noBE_CB_mod","condition","Rpv12.24",3,"pearson",-0.191009447894003,-0.00247305824829125
"vst_design_noBE_CB_mod","condition","Rpv12.6",3,"pearson",0.0597346928983775,0.00648413167372181
"vst_design_noBE_CB_mod","condition","Susceptible.0",3,"pearson",0.0087333740228847,0.00114896958168727
"vst_design_noBE_CB_mod","condition","Susceptible.24",3,"pearson",0.0499897909433322,0.012379610106739
"vst_design_noBE_CB_mod","condition","Susceptible.6",3,"pearson",-0.319932178284402,-0.0036861295474556
"vst_design_noBE_CB_mod","myTime","GLOBAL",36,"spearman",0.100412189283218,0.0128829285790059
"vst_design_noBE_CB_mod","myTime","0",12,"spearman",0.0988445980796623,0.0250201407573187
"vst_design_noBE_CB_mod","myTime","6",12,"spearman",0.012975656900875,0.00127477197623038
"vst_design_noBE_CB_mod","myTime","24",12,"spearman",0.0750855120668411,0.00717239503095187
"vst_design_noBE_CB_mod","myTime","GLOBAL",36,"pearson",0.0557921928272026,0.0128829285790059
"vst_design_noBE_CB_mod","myTime","0",12,"pearson",0.0869687934649015,0.0250201407573187
"vst_design_noBE_CB_mod","myTime","6",12,"pearson",0.0070550864276474,0.00127477197623038
"vst_design_noBE_CB_mod","myTime","24",12,"pearson",0.0310392406267664,0.00717239503095187
"vst_design_noBE_CB_mod","myResistance","GLOBAL",36,"spearman",0.100412189283218,0.0128829285790059
"vst_design_noBE_CB_mod","myResistance","Rpv1",9,"spearman",0.143115686117037,0.0188252992155427
"vst_design_noBE_CB_mod","myResistance","Rpv1.12",9,"spearman",0.1301707651611,0.0173033868204185
"vst_design_noBE_CB_mod","myResistance","Rpv1.12.3",9,"spearman",0.0250894681026501,-2.60214080809721e-05
"vst_design_noBE_CB_mod","myResistance","Susceptible",9,"spearman",0.0544619223429266,0.00703008793763979
"vst_design_noBE_CB_mod","myResistance","GLOBAL",36,"pearson",0.0557921928272026,0.0128829285790059
"vst_design_noBE_CB_mod","myResistance","Rpv1",9,"pearson",0.093180622686759,0.0188252992155427
"vst_design_noBE_CB_mod","myResistance","Rpv1.12",9,"pearson",0.0982669231791468,0.0173033868204185
"vst_design_noBE_CB_mod","myResistance","Rpv1.12.3",9,"pearson",-0.000351537470745515,-2.60214080809721e-05
"vst_design_noBE_CB_mod","myResistance","Susceptible",9,"pearson",0.0488517745614727,0.00703008793763979
"combatSeq_raw","condition","GLOBAL",36,"spearman",0.961270142986395,49568.7081488823
"combatSeq_raw","condition","Rpv12.0",3,"spearman",0.941508907675744,12488.0664171379
"combatSeq_raw","condition","Rpv12.1.0",3,"spearman",0.951424841599681,10501.5438341206
"combatSeq_raw","condition","Rpv12.1.24",3,"spearman",0.932373131073089,20827.4745789656
"combatSeq_raw","condition","Rpv12.1.3.0",3,"spearman",0.964348131644381,16956.8572167641
"combatSeq_raw","condition","Rpv12.1.3.24",3,"spearman",0.958662444104055,18014.4541891831
"combatSeq_raw","condition","Rpv12.1.3.6",3,"spearman",0.970643097856759,135424.258155414
"combatSeq_raw","condition","Rpv12.1.6",3,"spearman",0.936595926902233,10584.4215295904
"combatSeq_raw","condition","Rpv12.24",3,"spearman",0.98736682049196,16351.2123098568
"combatSeq_raw","condition","Rpv12.6",3,"spearman",0.956812841078834,44310.9230610088
"combatSeq_raw","condition","Susceptible.0",3,"spearman",0.921684526367031,15802.6756107244
"combatSeq_raw","condition","Susceptible.24",3,"spearman",0.918091972975854,73552.6440394535
"combatSeq_raw","condition","Susceptible.6",3,"spearman",0.963840813581731,7183.18919963038
"combatSeq_raw","condition","GLOBAL",36,"pearson",0.63673359502422,49568.7081488823
"combatSeq_raw","condition","Rpv12.0",3,"pearson",0.694837969053757,12488.0664171379
"combatSeq_raw","condition","Rpv12.1.0",3,"pearson",0.622682833093209,10501.5438341206
"combatSeq_raw","condition","Rpv12.1.24",3,"pearson",0.449945768727398,20827.4745789656
"combatSeq_raw","condition","Rpv12.1.3.0",3,"pearson",0.784838629424684,16956.8572167641
"combatSeq_raw","condition","Rpv12.1.3.24",3,"pearson",0.725159041937071,18014.4541891831
"combatSeq_raw","condition","Rpv12.1.3.6",3,"pearson",0.745729105124209,135424.258155414
"combatSeq_raw","condition","Rpv12.1.6",3,"pearson",0.621949407633212,10584.4215295904
"combatSeq_raw","condition","Rpv12.24",3,"pearson",0.715957464264689,16351.2123098568
"combatSeq_raw","condition","Rpv12.6",3,"pearson",0.559863237398052,44310.9230610088
"combatSeq_raw","condition","Susceptible.0",3,"pearson",0.6872065026839,15802.6756107244
"combatSeq_raw","condition","Susceptible.24",3,"pearson",0.495236229649024,73552.6440394535
"combatSeq_raw","condition","Susceptible.6",3,"pearson",0.461354241883412,7183.18919963038
"combatSeq_raw","myTime","GLOBAL",36,"spearman",0.961270142986395,49568.7081488823
"combatSeq_raw","myTime","0",12,"spearman",0.960498087662452,36026.4923993374
"combatSeq_raw","myTime","6",12,"spearman",0.971786886767682,54077.9213907771
"combatSeq_raw","myTime","24",12,"spearman",0.96958017497644,44989.2587913081
"combatSeq_raw","myTime","GLOBAL",36,"pearson",0.63673359502422,49568.7081488823
"combatSeq_raw","myTime","0",12,"pearson",0.627590880202014,36026.4923993374
"combatSeq_raw","myTime","6",12,"pearson",0.668077890971024,54077.9213907771
"combatSeq_raw","myTime","24",12,"pearson",0.587380781430337,44989.2587913081
"combatSeq_raw","myResistance","GLOBAL",36,"spearman",0.961270142986395,49568.7081488823
"combatSeq_raw","myResistance","Rpv1",9,"spearman",0.97251033105909,50583.0526555848
"combatSeq_raw","myResistance","Rpv1.12",9,"spearman",0.963354624388914,22179.8910095977
"combatSeq_raw","myResistance","Rpv1.12.3",9,"spearman",0.97796468296429,56460.2649600036
"combatSeq_raw","myResistance","Susceptible",9,"spearman",0.958839051415261,30246.8831536037
"combatSeq_raw","myResistance","GLOBAL",36,"pearson",0.63673359502422,49568.7081488823
"combatSeq_raw","myResistance","Rpv1",9,"pearson",0.524907990044569,50583.0526555848
"combatSeq_raw","myResistance","Rpv1.12",9,"pearson",0.625592246812732,22179.8910095977
"combatSeq_raw","myResistance","Rpv1.12.3",9,"pearson",0.718453956142617,56460.2649600036
"combatSeq_raw","myResistance","Susceptible",9,"pearson",0.637132908734433,30246.8831536037
"combatSeq_log2","condition","GLOBAL",36,"spearman",-0.70250491414387,-0.225220472028827
"combatSeq_log2","condition","Rpv12.0",3,"spearman",-0.360049461170575,-0.116010559671916
"combatSeq_log2","condition","Rpv12.1.0",3,"spearman",-0.32676085676656,-0.143088713669446
"combatSeq_log2","condition","Rpv12.1.24",3,"spearman",-0.409097121424514,-0.166266678869209
"combatSeq_log2","condition","Rpv12.1.3.0",3,"spearman",-0.231799534653913,-0.133469514753915
"combatSeq_log2","condition","Rpv12.1.3.24",3,"spearman",-0.419161466450055,-0.110425310459395
"combatSeq_log2","condition","Rpv12.1.3.6",3,"spearman",-0.179034726592284,-0.0966218391787351
"combatSeq_log2","condition","Rpv12.1.6",3,"spearman",-0.377140434136315,-0.121073847642476
"combatSeq_log2","condition","Rpv12.24",3,"spearman",-0.258490628206774,-0.0765156373415496
"combatSeq_log2","condition","Rpv12.6",3,"spearman",-0.328497504223339,-0.114513781172517
"combatSeq_log2","condition","Susceptible.0",3,"spearman",-0.477592656352805,-0.155177596325959
"combatSeq_log2","condition","Susceptible.24",3,"spearman",-0.369313235019005,-0.13437449967139
"combatSeq_log2","condition","Susceptible.6",3,"spearman",-0.503085265984933,-0.0920654144340747
"combatSeq_log2","condition","GLOBAL",36,"pearson",-0.41018107205006,-0.225220472028827
"combatSeq_log2","condition","Rpv12.0",3,"pearson",-0.261514062345296,-0.116010559671916
"combatSeq_log2","condition","Rpv12.1.0",3,"pearson",-0.284555151401855,-0.143088713669446
"combatSeq_log2","condition","Rpv12.1.24",3,"pearson",-0.290141467813133,-0.166266678869209
"combatSeq_log2","condition","Rpv12.1.3.0",3,"pearson",-0.343532159390389,-0.133469514753915
"combatSeq_log2","condition","Rpv12.1.3.24",3,"pearson",-0.352665904297158,-0.110425310459395
"combatSeq_log2","condition","Rpv12.1.3.6",3,"pearson",-0.307703269770136,-0.0966218391787351
"combatSeq_log2","condition","Rpv12.1.6",3,"pearson",-0.30996189538933,-0.121073847642476
"combatSeq_log2","condition","Rpv12.24",3,"pearson",-0.183734018410565,-0.0765156373415496
"combatSeq_log2","condition","Rpv12.6",3,"pearson",-0.26551107613686,-0.114513781172517
"combatSeq_log2","condition","Susceptible.0",3,"pearson",-0.334386142687117,-0.155177596325959
"combatSeq_log2","condition","Susceptible.24",3,"pearson",-0.232580006332152,-0.13437449967139
"combatSeq_log2","condition","Susceptible.6",3,"pearson",-0.197828826536949,-0.0920654144340747
"combatSeq_log2","myTime","GLOBAL",36,"spearman",-0.70250491414387,-0.225220472028827
"combatSeq_log2","myTime","0",12,"spearman",-0.644626016736137,-0.255247321731604
"combatSeq_log2","myTime","6",12,"spearman",-0.660656671752911,-0.184180774040818
"combatSeq_log2","myTime","24",12,"spearman",-0.665183120036348,-0.203546973429412
"combatSeq_log2","myTime","GLOBAL",36,"pearson",-0.41018107205006,-0.225220472028827
"combatSeq_log2","myTime","0",12,"pearson",-0.332893227616308,-0.255247321731604
"combatSeq_log2","myTime","6",12,"pearson",-0.378547010241377,-0.184180774040818
"combatSeq_log2","myTime","24",12,"pearson",-0.366035939471153,-0.203546973429412
"combatSeq_log2","myResistance","GLOBAL",36,"spearman",-0.70250491414387,-0.225220472028827
"combatSeq_log2","myResistance","Rpv1",9,"spearman",-0.566815659809468,-0.174233588512457
"combatSeq_log2","myResistance","Rpv1.12",9,"spearman",-0.56711384122428,-0.16874772250968
"combatSeq_log2","myResistance","Rpv1.12.3",9,"spearman",-0.574993013587529,-0.134551084121454
"combatSeq_log2","myResistance","Susceptible",9,"spearman",-0.617826330222523,-0.141312016480291
"combatSeq_log2","myResistance","GLOBAL",36,"pearson",-0.41018107205006,-0.225220472028827
"combatSeq_log2","myResistance","Rpv1",9,"pearson",-0.3239761518642,-0.174233588512457
"combatSeq_log2","myResistance","Rpv1.12",9,"pearson",-0.334073256235712,-0.16874772250968
"combatSeq_log2","myResistance","Rpv1.12.3",9,"pearson",-0.471742528193138,-0.134551084121454
"combatSeq_log2","myResistance","Susceptible",9,"pearson",-0.362385811899865,-0.141312016480291
