gene,baseMean,log2FC_MLE,log2FC_apeglm,lfcSE_apeglm,statistic_zero_null,pvalue_zero_null,padj_zero_null,pvalue_threshold_test,padj_threshold_test,FSOS_svalue,DE_primary_threshold_test,DE_zero_null_plus_effect_filter,DE_primary,leading_signal,genotype,timing,Athal.common.NAme,TAIR10,Athaliana_TAIR10_homolog,homology
Vitvi10g01585,2445.40316547127,-5.49355092269398,-5.46238279299577,0.287419512142604,-18.8160067230776,5.5837674176002e-79,4.58538980333328e-75,9.41990253502443e-54,8.21384101379013e-50,0.0,True,True,True,True,Rpv12+1,0,CRK25,NP_001329426.1,NP_001329426.1 cysteine-rich RLK (RECEPTOR-like protein kiNAse) 25 [Arabidopsis thaliana],45.561
Vitvi14g02707,681.35117560579,2.30343905449671,2.28552174043683,0.15330692951501,15.2539193737458,1.5504053149317501e-52,9.54894633466463e-49,3.02280408102914e-18,2.82405471270147e-15,1.38863073307203e-18,True,True,True,True,Rpv12+1,0,,NP_194452.1,NP_194452.1 NB-ARC domain-containing disease resistance protein [Arabidopsis thaliana],31.447
Vitvi18g04646,349.800421484365,5.2651590556519,5.21482410334769,0.363999699122676,14.4894787392641,1.41210351291594e-47,6.95771642883942e-44,4.0923768323796004e-32,1.52932122226026e-28,2.35693505888108e-32,True,True,True,True,Rpv12+1,0,,NP_199336.1,NP_199336.1 Disease resistance protein (TIR-NBS-LRR class) family [Arabidopsis thaliana],29.167
Vitvi01g01990,3253.53670087597,-6.27605732148525,-6.21312010947858,0.432265633369323,-14.167903559692,1.44757804309543e-45,5.0946475242427e-42,5.22056820764828e-33,2.27608072906452e-29,0.0,True,True,True,True,Rpv12+1,0,PCR2,NP_172940.1,NP_172940.1 PLANT CADMIUM RESISTANCE 2 [Arabidopsis thaliana],63.194
Vitvi12g04597,563.172656042939,9.57381265947128,9.38342710789163,0.718382775827885,12.6302185001,1.4387816799898399e-36,2.5318446763021297e-33,5.7899734151669394e-30,1.68288793963724e-26,6.490000004826459e-33,True,True,True,True,Rpv12+1,0,RPS2,NP_194339.1,NP_194339.1 NB-ARC domain-containing disease resistance protein [Arabidopsis thaliana],29.442
Vitvi14g04248,347.979848571058,2.48218896700027,2.4434474405013,0.210409328725908,11.957108898961,5.9601046727476296e-33,9.177071169863159e-30,4.66838366206057e-13,1.69611455855337e-10,2.50712225860618e-13,True,True,True,True,Rpv12+1,0,,NP_194449.1,NP_194449.1 NB-ARC domain-containing disease resistance protein [Arabidopsis thaliana],38.498
Vitvi12g02743,203.019264874393,5.33516787391888,5.24556502667527,0.479699998332206,11.2398587838497,2.59797596919896e-29,2.90926072623571e-26,3.3279609648784e-20,4.3528065440127e-17,3.38251761616649e-20,True,True,True,True,Rpv12+1,0,,NP_194449.1,NP_194449.1 NB-ARC domain-containing disease resistance protein [Arabidopsis thaliana],29.705
Vitvi18g01959,205.744192164665,5.47611329402404,5.3711559992622,0.484007215552845,11.1504783794328,7.12224254548969e-29,7.31098197294517e-26,3.9598972624081504e-20,4.9327120232064204e-17,7.09395841853513e-21,True,True,True,True,Rpv12+1,0,,NP_197270.1,NP_197270.1 disease resistance protein (TIR-NBS-LRR class) [Arabidopsis thaliana],32.459
Vitvi12g02701,606.122514189718,-2.94513294424765,-2.89354958255917,0.259472824989584,-11.1419693768931,7.83669714547911e-29,7.72259483504093e-26,9.27931029061576e-14,3.9151206111648e-11,9.849918852722592e-15,True,True,True,True,Rpv12+1,0,,NP_188065.1,NP_188065.1 NB-ARC domain-containing disease resistance protein [Arabidopsis thaliana],41.658
Vitvi01g00083,104.52413287097,-7.31160503262455,-7.18160370837727,0.642109816085724,-11.0823902796403,1.5273956674006e-28,1.34388998793147e-25,5.52052991472274e-22,8.494796590543071e-19,0.0,True,True,True,True,Rpv12+1,0,RPM1,NP_187360.1,NP_187360.1 NB-ARC domain-containing disease resistance protein [Arabidopsis thaliana],31.636
Vitvi18g04660,217.321042314486,3.93731592361357,3.86812366248219,0.360660150813584,10.891446979864,1.2661241252662e-27,1.00620109516316e-24,2.23246607103625e-16,1.4243678037130998e-13,6.036825335127731e-17,True,True,True,True,Rpv12+1,0,,NP_197270.1,NP_197270.1 disease resistance protein (TIR-NBS-LRR class) [Arabidopsis thaliana],41.932
Vitvi18g04642,446.507887389829,-5.4296233141741,-5.31314815754547,0.538357551249413,-10.3108962054884,6.291188360592041e-25,4.55852107210428e-22,2.01730569629309e-17,1.50773427740946e-14,3.18985241313536e-17,True,True,True,True,Rpv12+1,0,,NP_001328450.1,NP_001328450.1 Disease resistance protein (TIR-NBS-LRR class) [Arabidopsis thaliana],30.896
Vitvi12g02066,432.249431784711,-7.98419319856573,-7.78124996311953,0.806902575142448,-10.0338206147589,1.0824520900869601e-23,6.50421699789814e-21,8.386449181850031e-19,8.43773554415442e-16,0.0,True,True,True,True,Rpv12+1,0,,NP_194449.1,NP_194449.1 NB-ARC domain-containing disease resistance protein [Arabidopsis thaliana],28.821
Vitvi09g02033,194.739291436794,3.31371729475782,3.24403068441054,0.333497411514884,9.97024645523895,2.0571772784472702e-23,1.1518322598142501e-20,1.68374422936625e-12,5.720138350128811e-10,9.59442782351182e-13,True,True,True,True,Rpv12+1,0,RPS5,NP_001323155.1,NP_001323155.1 Disease resistance protein (CC-NBS-LRR class) family [Arabidopsis thaliana],37.367
Vitvi12g04518,105.568440727567,7.56484082582231,7.37477219852721,0.740368158341046,9.92585800107675,3.2132714174923503e-23,1.68430116258173e-20,3.53531664207309e-18,3.18897751862035e-15,2.8570083336178e-19,True,True,True,True,Rpv12+1,0,,NP_188065.1,NP_188065.1 NB-ARC domain-containing disease resistance protein [Arabidopsis thaliana],46.405
Vitvi12g04512,159.716654650563,3.51832626470787,3.44605242859358,0.364117472276942,9.73690304929136,2.0985235774133698e-22,1.0137103304540401e-19,1.5912345297671599e-12,5.47698737686568e-10,1.0927937365677299e-12,True,True,True,True,Rpv12+1,0,,NP_188065.1,NP_188065.1 NB-ARC domain-containing disease resistance protein [Arabidopsis thaliana],43.233
Vitvi07g04339,331.099305015827,-4.99152829856433,-4.87015651789822,0.531132775882051,-9.43785648359981,3.8048303355712e-21,1.4878698436052699e-18,2.22559910307731e-14,1.0396329810249899e-11,1.3236805124793901e-14,True,True,True,True,Rpv12+1,0,,NP_188064.1,NP_188064.1 LRR and NB-ARC domains-containing disease resistance protein [Arabidopsis thaliana],32.192
Vitvi03g04050,193.218273389643,7.9202974790364,7.65934864999363,0.799803113045058,9.19671258120987,3.6906799718109803e-20,1.29890845407907e-17,4.65780882220662e-16,2.83357258093262e-13,2.829288182817e-18,True,True,True,True,Rpv12+1,0,RPP13,NP_190237.1,NP_190237.1 NB-ARC domain-containing disease resistance protein [Arabidopsis thaliana],35.127
Vitvi09g00535,142.845123722281,4.84346990526472,4.70092514427786,0.53997626291458,9.09343575101615,9.59577647426753e-20,3.1520206562674e-17,2.67748988522266e-13,9.86485322641402e-11,3.69704801308604e-13,True,True,True,True,Rpv12+1,0,SUMM2,NP_172692.1,NP_172692.1 LRR and NB-ARC domains-containing disease resistance protein [Arabidopsis thaliana],46.829
Vitvi10g04213,1580.54307992348,8.05748603071078,7.7867625362283,0.917110601362505,8.94716714153828,3.6472177634128604e-19,8.723578331984381e-17,2.3117785890052603e-15,9.44903376715448e-13,4.5309128348940106e-15,True,True,True,True,Rpv12+1,24,CRK29,NP_001329810.1,NP_001329810.1 cysteine-rich RLK (RECEPTOR-like protein kiNAse) 29 [Arabidopsis thaliana],36.34
Vitvi12g04185,312.386797004695,-8.53730095570108,-8.29019074250458,1.01926674014793,-8.83876575553358,9.67817932478851e-19,2.77246076564523e-16,3.0117620243866803e-15,1.5447977018810099e-12,3.67584957558749e-14,True,True,True,True,Rpv12+1,0,,NP_001329572.1,NP_001329572.1 G-type lectin S-receptor-like Serine/Threonine-kiNAse [Arabidopsis thaliana],45.814
Vitvi10g04464,814.94535049878,-3.42106720983376,-3.33336316413097,0.389154309496681,-8.7067720827422,3.12650887490927e-18,8.28222286475965e-16,3.59780330245915e-10,9.04951313356047e-08,6.88491906600108e-11,True,True,True,True,Rpv12+1,0,ABCC2,NP_001324371.1,NP_001324371.1 multidrug resistance-associated protein 2 [Arabidopsis thaliana],72.953
Vitvi07g04167,766.40288715611,7.2162119147646,6.97870895227111,0.876728143394043,8.41428348367794,3.95303690210593e-17,9.36413626156555e-15,2.11082187251349e-13,8.00246222653341e-11,5.11151580728419e-13,True,True,True,True,Rpv12+1,0,,NP_001328443.1,NP_001328443.1 Barwin-related endoglucaNAse [Arabidopsis thaliana],52.756
Vitvi03g04047,55.3568762731153,4.09964944157222,3.97385076607681,0.484441668598145,8.36765885157102,5.877426115265961e-17,1.3660025450537e-14,1.25317501055702e-10,3.37956753620218e-08,2.8125469913958198e-11,True,True,True,True,Rpv12+1,0,RPP13,NP_190237.1,NP_190237.1 NB-ARC domain-containing disease resistance protein [Arabidopsis thaliana],34.692
Vitvi14g04241,358.18000077642,1.99307757708108,1.94036849770657,0.246201957141566,8.35557645908556,6.5113942592033e-17,1.4992028875675902e-14,1.5685565370983e-05,0.0013278922477007,8.54274153806755e-06,True,True,True,True,Rpv12+1,0,,NP_194452.1,NP_194452.1 NB-ARC domain-containing disease resistance protein [Arabidopsis thaliana],31.8
Vitvi18g01849,13491.1515557767,1.65128821679754,1.6116526628678,0.200748225162113,8.3360564003557,7.680929331370071e-17,1.75210532414475e-14,0.0005047918080722,0.023664603776635,0.0001629575477497,True,True,True,True,Rpv12+1,0,,NP_192855.1,NP_192855.1 Disease resistance protein (TIR-NBS-LRR class) family [Arabidopsis thaliana],31.518
Vitvi05g04410,179.482636194617,-4.77915689025633,-4.64630419084698,0.555287708840006,-8.31806940509482,8.94076556591694e-17,2.02077706864156e-14,2.39082451144404e-11,7.106997544870991e-09,1.96728402869753e-12,True,True,True,True,Rpv12+1,0,CRK29,NP_001329810.1,NP_001329810.1 cysteine-rich RLK (RECEPTOR-like protein kiNAse) 29 [Arabidopsis thaliana],39.801
Vitvi18g01958,1343.97045367507,-1.16908519979064,-1.14273300846998,0.141861864779513,-8.27569606773482,1.2770736664508599e-16,2.09746578977889e-14,0.115669491529464,1.0,0.0328159023203596,False,True,True,False,Rpv12+1,24,,NP_001328449.1,NP_001328449.1 Disease resistance protein (TIR-NBS-LRR class) [Arabidopsis thaliana],36.21
Vitvi06g01603,106.566527264535,-6.27629403619108,-6.06568008127729,0.759979988190633,-8.23592324639138,1.78178146078721e-16,2.81384410692011e-14,2.2000462144660697e-12,5.81323322466848e-10,5.63230429533521e-13,True,True,True,True,Rpv12+1,24,,NP_187974.1,NP_187974.1 Disease resistance-responsive (dirigent-like protein) family protein [Arabidopsis thaliana],50.777
Vitvi18g02228,3939.21412619546,1.04862660364971,1.02122970145789,0.127474126388494,8.32247542694341,8.614498559723711e-17,2.88693382982741e-14,0.349775227439722,1.0,0.12682641748363,False,True,True,False,Rpv12+1,6,,NP_192938.1,NP_192938.1 Disease resistance protein (TIR-NBS-LRR class) family [Arabidopsis thaliana],29.613
Vitvi14g01174,178.263874669965,2.57163763348507,2.49082876164855,0.332379604968951,8.07123040832076,6.95932439353976e-16,1.41694145255575e-13,4.05557853062614e-07,5.64307865865156e-05,4.60770545660691e-07,True,True,True,True,Rpv12+1,0,CRK29,NP_193872.2,NP_193872.2 cysteine-rich RLK (RECEPTOR-like protein kiNAse) 29 [Arabidopsis thaliana],39.481
Vitvi18g01950,533.357479158323,3.60666303787726,3.48245051970613,0.477245018324123,7.98372623877557,1.41980722110728e-15,2.75420241725976e-13,3.9607188759590704e-09,8.5626814112573e-07,8.30410919498099e-09,True,True,True,True,Rpv12+1,0,,NP_192938.1,NP_192938.1 Disease resistance protein (TIR-NBS-LRR class) family [Arabidopsis thaliana],36.371
Vitvi18g04749,69.6826221757572,5.81545132839562,5.59254262342799,0.751769984951178,7.90886576036736,2.59744508997828e-15,4.74004868420037e-13,2.8982917034321598e-11,8.42404585223133e-09,4.5577248960951396e-11,True,True,True,True,Rpv12+1,0,,NP_564971.2,NP_564971.2 disease resistance protein (TIR-NBS-LRR class) [Arabidopsis thaliana],35.859
Vitvi18g04004,74.0892471094061,-3.78804637069493,-3.66735813976235,0.473694090143849,-7.87449336367919,3.42126364664716e-15,6.10769936223185e-13,3.4014527173330702e-09,7.47719341451392e-07,4.981805777135501e-10,True,True,True,True,Rpv12+1,0,WAK2,NP_173549.1,NP_173549.1 wall-associated kiNAse 2 [Arabidopsis thaliana],28.662
Vitvi07g00890,154.333504312037,-5.66500458370813,-5.45859876280293,0.706284167943308,-7.86253175956961,3.76446079387731e-15,6.67203281424182e-13,4.75257161956247e-11,1.33680130103371e-08,6.1910407400067695e-12,True,True,True,True,Rpv12+1,0,RPM1,NP_187360.1,NP_187360.1 NB-ARC domain-containing disease resistance protein [Arabidopsis thaliana],32.585
Vitvi18g00479,151.632954019799,3.10917974973912,3.00284652369026,0.414977081777321,7.66204216041963,1.8299953981996402e-14,3.0669229000031497e-12,1.00877622070224e-07,1.59930770650605e-05,7.62053652401417e-08,True,True,True,True,Rpv12+1,0,,NP_001078199.1,NP_001078199.1 BifunctioNAl inhibitor/lipid-transfer protein/seed storage 2S albumin superfamily protein [Arabidopsis thaliana],50.694
Vitvi19g02270,200.343587154795,-2.41409105071412,-2.34816243588188,0.314341209152748,-7.6484107608468,2.03478348522543e-14,3.3870895906765897e-12,3.72910162165844e-06,0.0003997933168891,1.14721405353012e-06,True,True,True,True,Rpv12+1,0,,NP_188065.1,NP_188065.1 NB-ARC domain-containing disease resistance protein [Arabidopsis thaliana],30.667
Vitvi09g01568,1319.71092124178,1.15359658692318,1.12021204792197,0.151969095414828,7.6870928265494,1.50515932652503e-14,3.42622541412477e-12,0.153034702313676,1.0,0.053517953939073,False,True,True,False,Rpv12+1,6,,NP_201107.2,NP_201107.2 Disease resistance protein (CC-NBS-LRR class) family [Arabidopsis thaliana],39.363
Vitvi08g02397,100.911445473935,-10.2880962224745,-11.3428882081492,3.15070489340201,-7.63302273131111,2.29312430503002e-14,3.79150405226306e-12,2.7682528335549697e-12,8.83106413084934e-10,7.6615766118261e-05,True,True,True,True,Rpv12+1,0,,NP_188065.1,NP_188065.1 NB-ARC domain-containing disease resistance protein [Arabidopsis thaliana],33.089
Vitvi14g00593,262.820683336641,1.49945086764749,1.45904696548267,0.197254990538572,7.61050429502903,2.7302849384468903e-14,4.3962941008874295e-12,0.0056227406930162,0.145193772073566,0.0020839563773639,False,True,True,False,Rpv12+1,0,,NP_194452.1,NP_194452.1 NB-ARC domain-containing disease resistance protein [Arabidopsis thaliana],31.316
Vitvi10g04463,231.016837130611,-3.17664274710809,-3.06447059430278,0.416319025165272,-7.51912567437348,5.5143760011811504e-14,8.59823842817081e-12,1.28777827407254e-07,1.969999524647e-05,3.57464742817732e-08,True,True,True,True,Rpv12+1,0,ABCC12,NP_001323127.1,NP_001323127.1 multidrug resistance-associated protein 13 [Arabidopsis thaliana],56.386
Vitvi05g04312,158.948685941361,3.42026288218034,3.29161717156617,0.467586752912061,7.51383120067193,5.74216147824514e-14,8.897100011197939e-12,5.2753743246244e-08,9.32422411877363e-06,4.60689167906771e-08,True,True,True,True,Rpv12+1,0,,NP_181039.1,NP_181039.1 disease resistance family protein / LRR family protein [Arabidopsis thaliana],36.503
Vitvi12g04475,701.925836174338,1.44842898936761,1.40861371466826,0.19258509225948,7.50613913491235,6.08966934071421e-14,9.2608082640639e-12,0.0100660515751715,0.218109088901895,0.0035949603705684,False,True,True,False,Rpv12+1,0,,NP_188065.1,NP_188065.1 NB-ARC domain-containing disease resistance protein [Arabidopsis thaliana],42.476
Vitvi13g01327,1971.33046464737,2.54156743321096,2.44790294259054,0.351064121407065,7.32897105524901,2.31926465660446e-13,2.1642956090949797e-11,4.38787563902998e-06,0.00030047758859,1.98879484618129e-06,True,True,True,True,Rpv12+1,24,,NP_188065.1,NP_188065.1 NB-ARC domain-containing disease resistance protein [Arabidopsis thaliana],41.908
Vitvi05g04535,3273.65776255888,7.28825958507904,6.91018082364742,1.13288159630594,7.32915976440674,2.31600159222822e-13,3.15232128321184e-11,1.27812433809313e-10,3.41167903675288e-08,5.67784420972071e-09,True,True,True,True,Rpv12+1,0,EP3,NP_191010.1,NP_191010.1 homolog of carrot EP3-3 chitiNAse [Arabidopsis thaliana],63.115
Vitvi09g01698,483.799673874431,1.75494529589498,1.69785745410905,0.243687752719598,7.30276483092456,2.81913680022906e-13,3.73399216185178e-11,0.0008403793843582,0.0353432223720681,0.0003350809601364,True,True,True,True,Rpv12+1,0,,NP_188064.1,NP_188064.1 LRR and NB-ARC domains-containing disease resistance protein [Arabidopsis thaliana],33.01
Vitvi13g00805,91.1731118148135,2.14092925416835,2.06690579182715,0.299306673819078,7.28491026394043,3.21884482930173e-13,4.21805644758922e-11,5.17527023298061e-05,0.0038028060119252,2.52313607562241e-05,True,True,True,True,Rpv12+1,0,,NP_188065.1,NP_188065.1 NB-ARC domain-containing disease resistance protein [Arabidopsis thaliana],39.52
Vitvi09g04146,57.0280448176921,-5.18172645782664,-4.98237747473984,0.707486938721223,-7.13433458810555,9.7256493082325e-13,1.22245457325314e-10,4.26821590620031e-09,9.15182458117163e-07,5.93398678119997e-10,True,True,True,True,Rpv12+1,0,ABCG40,NP_173005.1,NP_173005.1 pleiotropic drug resistance 12 [Arabidopsis thaliana],74.474
Vitvi10g00641,780.73286277276,2.63709501730821,2.53280735964152,0.379295216908884,7.07291950139177,1.51707502336399e-12,1.2416830656344e-10,5.64588723327925e-06,0.0003758034710823,2.97694507680448e-06,True,True,True,True,Rpv12+1,24,RKF1,NP_174268.7,NP_174268.7 receptor-like kiNAse in flowers 1 [Arabidopsis thaliana],55.328
Vitvi04g02226,368.296336495084,-5.2468152533034,-5.00836303943616,0.784960987120364,-7.1302535949432,1.00184172651554e-12,1.25286156215416e-10,3.933448593700461e-09,8.5626814112573e-07,1.35277765234534e-08,True,True,True,True,Rpv12+1,0,RLK1,NP_001318851.1,NP_001318851.1 receptor-like protein kiNAse 1 [Arabidopsis thaliana],35.366
Vitvi04g01636,911.226639863864,-1.18790772212565,-1.15239422770325,0.168113897822666,-7.0196859993986,2.2236741322609497e-12,1.76149311647527e-10,0.133413263622785,1.0,0.0399318790597467,False,True,True,False,Rpv12+1,24,RLK1,NP_001318851.1,NP_001318851.1 receptor-like protein kiNAse 1 [Arabidopsis thaliana],32.944
Vitvi06g04030,78.7483363847588,-12.4454631607822,-13.5413185717631,3.66723997994828,-6.98803266980029,2.78767485591764e-12,2.18717062899321e-10,6.529225755087979e-11,1.43527744980963e-08,4.15251931055029e-05,True,True,True,True,Rpv12+1,24,,NP_187974.1,NP_187974.1 Disease resistance-responsive (dirigent-like protein) family protein [Arabidopsis thaliana],51.031
Vitvi10g04202,339.390847525556,2.54793427525095,2.46610516018703,0.370307959660622,7.03363353724499,2.0122320598380098e-12,2.3719305754148e-10,9.6382819438615e-06,0.0008890791964797,4.25999518711619e-06,True,True,True,True,Rpv12+1,0,CRK10,NP_567679.2,NP_567679.2 cysteine-rich RLK (RECEPTOR-like protein kiNAse) 10 [Arabidopsis thaliana],49.688
Vitvi16g01969,219.034648512342,2.09009688406032,2.00841858177414,0.308675260600355,6.94995076900867,3.65413708916992e-12,2.78709973154149e-10,0.0001446095790881,0.0061409772392321,7.7350309976275e-05,True,True,True,True,Rpv12+1,24,,NP_181039.1,NP_181039.1 disease resistance family protein / LRR family protein [Arabidopsis thaliana],38.325
Vitvi09g01588,451.691687201444,-1.60989406459882,-1.5481716079362,0.231833842452043,-7.03273562344303,2.02522891628732e-12,3.23620851133092e-10,0.0038575577271395,0.165238995577241,0.0017713428150881,False,True,True,False,Rpv12+1,6,RPS5,NP_172686.1,NP_172686.1 Disease resistance protein (CC-NBS-LRR class) family [Arabidopsis thaliana],35.539
Vitvi17g01376,142.048031100102,-2.04334128369705,-1.96045772597849,0.299051378984534,-6.95517651650353,3.5212086579904897e-12,3.97928883019513e-10,0.0001916292201546,0.0109689907440386,0.0001047009451996,True,True,True,True,Rpv12+1,0,,NP_188065.1,NP_188065.1 NB-ARC domain-containing disease resistance protein [Arabidopsis thaliana],33.918
Vitvi11g01637,554.045518586343,3.98107884028549,3.80204243796114,0.608811932704796,6.95014673699682,3.6490645726699595e-12,4.10494770832407e-10,9.73373824742258e-08,1.56211569824741e-05,2.67886227107444e-07,True,True,True,True,Rpv12+1,0,,NP_001328414.1,NP_001328414.1 NB-ARC domain-containing disease resistance protein [Arabidopsis thaliana],29.461
Vitvi01g01751,56.9377360638776,-8.41003394057801,-8.04093464943844,1.14403084472419,-6.89171319752245,5.51244269966214e-12,6.11732154724669e-10,6.30658017037685e-10,1.54181150165316e-07,2.2884589787132197e-11,True,True,True,True,Rpv12+1,0,FER,NP_190723.1,NP_190723.1 Malectin/receptor-like protein kiNAse family protein [Arabidopsis thaliana],55.06
Vitvi13g04716,819.476015018137,3.18958360716279,3.05576209807861,0.474560896674375,6.89076642934891,5.54925887882725e-12,6.13056240981113e-10,1.12055742069315e-06,0.0001376961803608,8.03471691330294e-07,True,True,True,True,Rpv12+1,0,,NP_188065.1,NP_188065.1 NB-ARC domain-containing disease resistance protein [Arabidopsis thaliana],37.326
Vitvi09g04094,201.004594332453,-4.18910211280942,-4.00634686837375,0.614202365833901,-6.84855678170027,7.459872507031129e-12,8.02538947961655e-10,9.25523695842887e-08,1.50991493443834e-05,4.97562483327221e-08,True,True,True,True,Rpv12+1,0,,NP_201107.2,NP_201107.2 Disease resistance protein (CC-NBS-LRR class) family [Arabidopsis thaliana],36.913
Vitvi18g04440,96.9603636064191,3.67946186456288,3.51744274536233,0.533725195751088,6.84573508848655,7.60841608832127e-12,8.14960603269055e-10,3.09474481324334e-07,4.35244244998025e-05,1.30184554920966e-07,True,True,True,True,Rpv12+1,0,,NP_192938.1,NP_192938.1 Disease resistance protein (TIR-NBS-LRR class) family [Arabidopsis thaliana],27.15
Vitvi12g04282,2625.43796526784,-2.67421448437334,-2.55194004255057,0.40831610826057,-6.75936509436428,1.3859774192047298e-11,9.81176428147346e-10,1.15936214928254e-05,0.0007069406634751,7.77941594281153e-06,True,True,True,True,Rpv12+1,24,,NP_849538.2,NP_849538.2 Leucine-rich repeat receptor-like protein kiNAse family protein [Arabidopsis thaliana],46.539
Vitvi05g02232,120.905064420827,-3.56188715828094,-3.39916590806818,0.531858221815286,-6.72104182221698,1.80429792705632e-11,1.2313208789739501e-09,6.68716504272366e-07,5.77194257038681e-05,3.41534313400184e-07,True,True,True,True,Rpv12+1,24,,NP_190255.1,NP_190255.1 NB-ARC domain-containing disease resistance protein [Arabidopsis thaliana],28.763
Vitvi01g00191,97.0138789989463,4.68945978939905,4.49950474337896,0.680072865014102,6.7480419383823,1.4985363851079198e-11,1.5007293651836901e-09,5.50956420346253e-08,9.67279798646821e-06,9.49365463163126e-09,True,True,True,True,Rpv12+1,0,RHA2B,NP_001318169.1,NP_001318169.1 RING-H2 finger protein 2B [Arabidopsis thaliana],40.0
Vitvi01g04413,408.325155708138,-4.42980702332972,-4.22372038908852,0.666293338970364,-6.68676880117957,2.28151886938476e-11,1.5109542705957802e-09,1.12575460294536e-07,1.18744413945354e-05,6.63473103394003e-08,True,True,True,True,Rpv12+1,24,,NP_181039.1,NP_181039.1 disease resistance family protein / LRR family protein [Arabidopsis thaliana],40.284
Vitvi12g00927,297.359439905776,-1.93554110761252,-1.86020443734411,0.286286705183293,-6.73455892571741,1.6442795772945e-11,1.6400190957986802e-09,0.0005666829903147,0.0258255406683693,0.0001997722305823,True,True,True,True,Rpv12+1,0,,NP_188065.1,NP_188065.1 NB-ARC domain-containing disease resistance protein [Arabidopsis thaliana],46.212
Vitvi05g00527,193.055953130361,3.21610837296781,3.08389763505677,0.484435483655047,6.67003047252929,2.5575031653223597e-11,2.48057669216069e-09,2.1525062867643e-06,0.000244008302678,9.73426120316739e-07,True,True,True,True,Rpv12+1,0,,NP_566712.1,NP_566712.1 BifunctioNAl inhibitor/lipid-transfer protein/seed storage 2S albumin superfamily protein [Arabidopsis thaliana],53.488
Vitvi12g04613,461.319795385079,2.04318687136462,1.95587308048039,0.32080019426634,6.62215128942574,3.5400845275237794e-11,3.3543662469259904e-09,0.0003610313732798,0.0182320843506308,0.0002182139419321,True,True,True,True,Rpv12+1,0,,NP_194449.1,NP_194449.1 NB-ARC domain-containing disease resistance protein [Arabidopsis thaliana],25.922
Vitvi12g01776,27.4692252636537,-9.48017350340546,-10.3031412522806,3.0790360991576,-6.61957794907668,3.60225854195187e-11,3.4002008214377903e-09,1.5969354204027802e-09,3.63254205759272e-07,0.0001825922004241,True,True,True,True,Rpv12+1,0,,NP_001330662.1,NP_001330662.1 intracellular protein transporter USO1-like protein [Arabidopsis thaliana],70.588
Vitvi19g00484,298.95241524091,1.40786718441954,1.35648284532576,0.217796682757949,6.61496198179823,3.71647246409908e-11,3.4946189170055303e-09,0.0276575861664982,0.427092559934727,0.0124477712378557,False,True,True,False,Rpv12+1,0,,NP_194449.1,NP_194449.1 NB-ARC domain-containing disease resistance protein [Arabidopsis thaliana],30.167
Vitvi15g04472,248.746698160711,2.58626704124877,2.47536026860154,0.396711524830306,6.5943675938098,4.2707235913474595e-11,3.91128425265561e-09,2.62057349091855e-05,0.0020963786528727,1.31195214646027e-05,True,True,True,True,Rpv12+1,0,MYB102,NP_567626.1,NP_567626.1 MYB-like 102 [Arabidopsis thaliana],57.825
Vitvi12g01885,121.949812435513,2.44239746327593,2.32682570179841,0.378640146800214,6.59366042786448,4.29112584248905e-11,3.9154139353911204e-09,4.93037106641868e-05,0.0036433213764532,3.11053070825234e-05,True,True,True,True,Rpv12+1,0,,NP_188065.1,NP_188065.1 NB-ARC domain-containing disease resistance protein [Arabidopsis thaliana],43.95
Vitvi16g01877,1503.49106334078,-2.03422544047485,-1.94494489897671,0.313862092258283,-6.48495687578027,8.87571683517181e-11,5.41242970176467e-09,0.0004885609760298,0.0172473233089941,0.0001820650093851,True,True,True,True,Rpv12+1,24,,NP_181039.1,NP_181039.1 disease resistance family protein / LRR family protein [Arabidopsis thaliana],35.491
Vitvi14g02729,1096.7691757176,1.50940362646552,1.44799803435614,0.244293733237664,6.47842517745253,9.268487260521019e-11,7.714136896966071e-09,0.0143938259919565,0.278703252497107,0.0077974587885767,False,True,True,False,Rpv12+1,0,,NP_194449.1,NP_194449.1 NB-ARC domain-containing disease resistance protein [Arabidopsis thaliana],25.696
Vitvi16g01979,1431.66075318289,-4.38372210794414,-4.13802142564833,0.707481967271158,-6.40570760926316,1.49673562432786e-10,8.75856979594802e-09,3.81777944588578e-07,3.5165243846805e-05,5.60457286679035e-07,True,True,True,True,Rpv12+1,24,CHIA,NP_197797.1,NP_197797.1 chitiNAse A [Arabidopsis thaliana],72.161
Vitvi17g04034,24.0438681175647,-8.70362994634838,-9.48183435264145,2.94757440321845,-6.43912701645926,1.20162613783713e-10,9.802404480713792e-09,6.015152374791941e-09,1.23897929899356e-06,0.00030637847267,True,True,True,True,Rpv12+1,0,WAK2,NP_173549.1,NP_173549.1 wall-associated kiNAse 2 [Arabidopsis thaliana],34.382
Vitvi19g04006,149.522079178101,2.6073424147127,2.48760077031526,0.406796227029786,6.38577131488775,1.70535691729658e-10,1.35964961212034e-08,4.13183370418797e-05,0.0031148310624741,1.64734996397199e-05,True,True,True,True,Rpv12+1,0,RKF1,NP_174268.7,NP_174268.7 receptor-like kiNAse in flowers 1 [Arabidopsis thaliana],34.247
Vitvi06g01344,3164.43942850346,1.464736942396,1.40156648365794,0.239095868651539,6.3123656277676,2.74802037358185e-10,1.49779269742395e-08,0.0225988538449447,0.36718224703721,0.0089594751788468,False,True,True,False,Rpv12+1,24,,NP_197683.1,NP_197683.1 CHY-type/CTCHY-type/RING-type Zinc finger protein [Arabidopsis thaliana],72.894
Vitvi05g04494,66.2581569069508,-3.9338772967072,-3.73663912410749,0.604507806500554,-6.34128378243447,2.27858378170619e-10,1.78774490592719e-08,1.12638803362858e-06,0.0001376961803608,3.85444026807996e-07,True,True,True,True,Rpv12+1,0,,NP_190255.1,NP_190255.1 NB-ARC domain-containing disease resistance protein [Arabidopsis thaliana],29.957
Vitvi18g04505,8730.04838063302,1.20394977754874,1.16054419083624,0.193604992584547,6.30116830435115,2.95410401723786e-10,2.23243271683042e-08,0.142890772694568,1.0,0.0620840739432369,False,True,True,False,Rpv12+1,0,,NP_001119319.1,NP_001119319.1 Disease resistance protein (TIR-NBS-LRR class) family [Arabidopsis thaliana],34.191
Vitvi17g04068,139.154265127721,-2.31899425977262,-2.20907909204021,0.369771083914889,-6.2953514101825,3.06704235079771e-10,2.30364802909306e-08,0.0001713630224113,0.0100161198506875,8.07713064301174e-05,True,True,True,True,Rpv12+1,0,,NP_188065.1,NP_188065.1 NB-ARC domain-containing disease resistance protein [Arabidopsis thaliana],35.338
Vitvi12g02703,64.910259960393,2.66104634707688,2.5218451563955,0.43668282202213,6.22013967609222,4.96712502960553e-10,2.59258669977462e-08,5.16598281192948e-05,0.0025354023335321,3.12768841185764e-05,True,True,True,True,Rpv12+1,24,,NP_188065.1,NP_188065.1 NB-ARC domain-containing disease resistance protein [Arabidopsis thaliana],39.686
Vitvi00g04505,698.951544088255,3.81015836930763,3.59377291662983,0.63480800083769,6.21952699782076,4.98655820103699e-10,2.59722722707711e-08,2.2464411231764e-06,0.0001678990095462,2.48018621667003e-06,True,True,True,True,Rpv12+1,24,CRK34,NP_001319904.1,NP_001319904.1 cysteine-rich RLK (RECEPTOR-like protein kiNAse) 34 [Arabidopsis thaliana],55.49
Vitvi13g04419,512.280684444505,1.73447808169591,1.65409942945363,0.287915727240413,6.27174060025233,3.5703404951659e-10,2.64936471201528e-08,0.0039558292615619,0.114343135528398,0.0024035787713062,False,True,True,False,Rpv12+1,0,,NP_188065.1,NP_188065.1 NB-ARC domain-containing disease resistance protein [Arabidopsis thaliana],37.809
Vitvi00g04500,103.644458287075,-6.56068660808307,-6.18650349626126,1.06614662289831,-6.26090927099317,3.8273917034857e-10,2.79797097943839e-08,5.58440289534021e-08,9.73882635594697e-06,5.76519951816294e-08,True,True,True,True,Rpv12+1,0,,NP_001321939.1,NP_001321939.1 G-type lectin S-receptor-like Serine/Threonine-kiNAse [Arabidopsis thaliana],47.407
Vitvi05g02221,49.0436951609111,-2.89644110743256,-2.74627155964406,0.474537693111004,-6.15855987912002,7.34094279181328e-10,3.73660054998165e-08,2.76157265878504e-05,0.0014864193247151,1.31945255651311e-05,True,True,True,True,Rpv12+1,24,,NP_190255.1,NP_190255.1 NB-ARC domain-containing disease resistance protein [Arabidopsis thaliana],29.749
Vitvi13g02319,518.979811014822,-1.11539569997475,-1.06645071188198,0.180119604070998,-6.26858847980064,3.64335580519217e-10,3.74087371163753e-08,0.258320938161922,1.0,0.0964273840263525,False,True,True,False,Rpv12+1,6,,NP_188065.1,NP_188065.1 NB-ARC domain-containing disease resistance protein [Arabidopsis thaliana],33.202
Vitvi10g00977,88.0675823290235,-3.27164008298709,-3.10826177586971,0.524769665546226,-6.20659308067193,5.41455564755655e-10,3.76816364218088e-08,8.18105952908803e-06,0.0007670549685355,3.26389673936818e-06,True,True,True,True,Rpv12+1,0,WAK1,NP_564137.1,NP_564137.1 cell wall-associated kiNAse [Arabidopsis thaliana],29.224
Vitvi18g03383,137.389494868947,-10.1187368339937,-10.9044038492427,3.27342966371581,-6.19036213554514,6.00261482627122e-10,4.14230865154111e-08,1.21289606845854e-08,2.40364759506113e-06,0.0001769503674305,True,True,True,True,Rpv12+1,0,,NP_197270.1,NP_197270.1 disease resistance protein (TIR-NBS-LRR class) [Arabidopsis thaliana],39.983
Vitvi09g00540,189.073025554409,2.38801320058105,2.25833286923072,0.416769188768508,6.1689627870294,6.87394017428245e-10,4.71716964160508e-08,0.0001681138312894,0.0099366682479217,0.0001910381477124,True,True,True,True,Rpv12+1,0,SUMM2,NP_172692.1,NP_172692.1 LRR and NB-ARC domains-containing disease resistance protein [Arabidopsis thaliana],43.187
Vitvi18g04507,64.3924188191303,2.77474656835138,2.62330418793973,0.470349647364435,6.15139331981627,7.68051808593817e-10,5.22699567859593e-08,4.16897997636161e-05,0.0031248237020528,3.88876571028537e-05,True,True,True,True,Rpv12+1,0,,NP_197270.1,NP_197270.1 disease resistance protein (TIR-NBS-LRR class) [Arabidopsis thaliana],32.941
Vitvi14g02617,3051.59668088328,1.32529619985553,1.26964925691034,0.223897589514937,6.14222956140177,8.13711420500031e-10,5.52247783896385e-08,0.0658258206618726,0.712427655231247,0.0309491320959034,False,True,True,False,Rpv12+1,0,,NP_194449.1,NP_194449.1 NB-ARC domain-containing disease resistance protein [Arabidopsis thaliana],28.998
Vitvi00g04501,118.91457857649,-6.01540517400352,-5.65281300203998,1.00913852490869,-6.12704583415682,8.95256892131998e-10,6.05921670180327e-08,1.62375070329527e-07,2.42718255128577e-05,2.42916991897194e-07,True,True,True,True,Rpv12+1,0,,NP_172597.3,NP_172597.3 G-type lectin S-receptor-like Serine/Threonine-kiNAse [Arabidopsis thaliana],50.495
Vitvi05g02228,232.735594650869,3.46226602945889,3.25160521488586,0.612261537266889,6.11398416171652,9.71739541419954e-10,6.45276963407601e-08,6.86631133108186e-06,0.0006727184947931,1.43122094717686e-05,True,True,True,True,Rpv12+1,0,,NP_198395.1,NP_198395.1 Disease resistance protein (CC-NBS-LRR class) family [Arabidopsis thaliana],28.395
Vitvi19g04260,1645.69510540066,-1.84626604056431,-1.75138606272427,0.310839879367865,-6.01590777980427,1.7888139170789701e-09,8.59049116201899e-08,0.0029123578829472,0.0749846160039544,0.0012220561750021,False,True,True,False,Rpv12+1,24,ABCC3,NP_187915.1,NP_187915.1 multidrug resistance-associated protein 3 [Arabidopsis thaliana],76.62
Vitvi07g00198,2898.45748462295,-1.0901768673162,-1.05090350851954,0.178326707338622,-6.06044669848808,1.3574402992526402e-09,8.5968892576833e-08,0.308077926111849,1.0,0.131606939722897,False,True,True,False,Rpv12+1,0,RPH1,NP_850484.1,NP_850484.1 resistance to phytophthora 1 [Arabidopsis thaliana],82.517
Vitvi14g03072,520.789384765973,-3.08862252016418,-2.91143565984753,0.524496611430166,-5.9837227662404,2.1809440577404602e-09,1.02537667569645e-07,2.60079666544232e-05,0.001426294339021,1.50171232784496e-05,True,True,True,True,Rpv12+1,24,,NP_849538.2,NP_849538.2 Leucine-rich repeat receptor-like protein kiNAse family protein [Arabidopsis thaliana],40.355
Vitvi00g04629,793.654886500594,-1.82336255582413,-1.72831939494746,0.310969396869671,-5.97410083177045,2.3136267762573e-09,1.08156564060484e-07,0.0034912134043852,0.0869512588895264,0.0014555359207996,False,True,True,False,Rpv12+1,24,ABCC3,NP_187915.1,NP_187915.1 multidrug resistance-associated protein 3 [Arabidopsis thaliana],63.077
Vitvi11g00843,33.1338930896533,2.54884766233355,2.41860235470096,0.427194723817926,6.01792398559494,1.7666811429787502e-09,1.08809891596061e-07,0.0001276485029488,0.0080851263647456,6.90452834708402e-05,True,True,True,True,Rpv12+1,0,,NP_201107.2,NP_201107.2 Disease resistance protein (CC-NBS-LRR class) family [Arabidopsis thaliana],43.067
Vitvi13g01796,738.253626857182,1.79275217990768,1.71040589949784,0.303099152212256,6.00780977723738,1.88046281538732e-09,1.14955538262735e-07,0.0039461369987776,0.114343135528398,0.0019362485250539,False,True,True,False,Rpv12+1,0,,NP_188065.1,NP_188065.1 NB-ARC domain-containing disease resistance protein [Arabidopsis thaliana],39.507
Vitvi13g04371,39.5717102387051,-2.77410401203748,-2.62558922073273,0.463306934438175,-6.00011595814922,1.97176668389315e-09,1.19941837097263e-07,6.22191009566421e-05,0.0044348486700948,3.03985324113775e-05,True,True,True,True,Rpv12+1,0,,NP_188065.1,NP_188065.1 NB-ARC domain-containing disease resistance protein [Arabidopsis thaliana],35.728
Vitvi12g04543,81.7405634368761,7.98690168697204,7.8069299187052,2.06520965450484,5.99209056308595,2.0716049985952303e-09,1.25395726647155e-07,7.94947045962702e-08,1.32452355256932e-05,7.39431787166654e-05,True,True,True,True,Rpv12+1,0,,NP_849538.2,NP_849538.2 Leucine-rich repeat receptor-like protein kiNAse family protein [Arabidopsis thaliana],44.477
Vitvi14g04588,51.4740548904647,3.08320226293944,2.89981100255996,0.531052912217343,5.97499672144533,2.3009481056951602e-09,1.37254618721322e-07,2.70605891876914e-05,0.0021581644895146,2.34994332037692e-05,True,True,True,True,Rpv12+1,0,,NP_181039.1,NP_181039.1 disease resistance family protein / LRR family protein [Arabidopsis thaliana],42.892
Vitvi13g02309,1595.67273789131,-1.65672105783179,-1.56541684357449,0.28201346118264,-6.03198540302068,1.6195741091527602e-09,1.45816058506518e-07,0.008399732585069,0.287981989617481,0.0044527360575528,False,True,True,False,Rpv12+1,6,,NP_188065.1,NP_188065.1 NB-ARC domain-containing disease resistance protein [Arabidopsis thaliana],38.673
Vitvi14g02720,213.446564856867,1.28391248751161,1.22712212316899,0.219702923249616,5.94355666195855,2.789032824756e-09,1.62436436573732e-07,0.0943721392120417,0.870479827097249,0.0429013223349613,False,True,True,False,Rpv12+1,0,,NP_194452.1,NP_194452.1 NB-ARC domain-containing disease resistance protein [Arabidopsis thaliana],31.316
Vitvi14g00363,761.066368850886,1.59269709388623,1.51793626815628,0.272531223732477,5.93764219212232,2.8915023613605504e-09,1.67611887469361e-07,0.0135664726053042,0.269464963464049,0.0064705750361188,False,True,True,False,Rpv12+1,0,,NP_194449.1,NP_194449.1 NB-ARC domain-containing disease resistance protein [Arabidopsis thaliana],28.956
Vitvi05g02223,96.8962608147515,2.80156792801654,2.64557973100168,0.481502299784023,5.92524254786308,3.1183677732157404e-09,1.79495580516222e-07,6.94078818198873e-05,0.0049338064688218,4.58366264228457e-05,True,True,True,True,Rpv12+1,0,,NP_198395.1,NP_198395.1 Disease resistance protein (CC-NBS-LRR class) family [Arabidopsis thaliana],26.952
Vitvi03g04223,311.831501267844,-1.8886341921675,-1.81311991617567,0.314835036511496,-5.91874543233038,3.2440662895742503e-09,1.86295610978907e-07,0.0026774643445241,0.0854143777907401,0.000933751787338,False,True,True,False,Rpv12+1,0,RLK1,NP_001318851.1,NP_001318851.1 receptor-like protein kiNAse 1 [Arabidopsis thaliana],48.78
Vitvi09g04351,71.3124234012909,-2.52161287184842,-2.37978340120325,0.438584039562995,-5.90855033505932,3.4513136176842902e-09,1.97736191361093e-07,0.0001816597039486,0.0104901461271351,0.0001279564562486,True,True,True,True,Rpv12+1,0,RPS5,NP_001323155.1,NP_001323155.1 Disease resistance protein (CC-NBS-LRR class) family [Arabidopsis thaliana],36.667
Vitvi10g00827,285.686028744771,3.76319985586986,3.61516701217226,0.642041006702519,5.89784992321798,3.6826868906847403e-09,2.09047636495183e-07,7.43495758790579e-06,0.0007124214488718,2.48840428732171e-06,True,True,True,True,Rpv12+1,0,JAZ8,NP_564349.1,NP_564349.1 jasmoNAte-zim-domain protein 8 [Arabidopsis thaliana],45.082
Vitvi18g00725,3379.30464622819,1.55383435422858,1.48141985477274,0.266930440516011,5.89258063808056,3.8021044957639305e-09,2.14344728507186e-07,0.0178513626465752,0.318630814182966,0.0084617909816049,False,True,True,False,Rpv12+1,0,MYB73,NP_195443.1,NP_195443.1 myb domain protein 73 [Arabidopsis thaliana],47.619
Vitvi12g02105,91.838802124472,-2.83418696340575,-2.67519015823664,0.485216311494814,-5.86960282580617,4.36840356712121e-09,2.44036259137411e-07,7.27571974869629e-05,0.0051300688114864,3.8059765187204e-05,True,True,True,True,Rpv12+1,0,,NP_194452.1,NP_194452.1 NB-ARC domain-containing disease resistance protein [Arabidopsis thaliana],25.704
Vitvi00g01805,1835.92180997094,3.23375655608899,3.03642528762872,0.576924736828806,5.86435618978431,4.50878674353121e-09,2.50741467750869e-07,2.55132144112049e-05,0.0020598770857491,2.90067142623653e-05,True,True,True,True,Rpv12+1,0,CRK10,NP_567679.2,NP_567679.2 cysteine-rich RLK (RECEPTOR-like protein kiNAse) 10 [Arabidopsis thaliana],55.47
Vitvi09g04150,89.8689093722517,-4.57188332763688,-4.26686215711065,0.819854398731567,-5.81010399849648,6.2434046032843e-09,2.66111619042409e-07,2.82246427203064e-06,0.00020172907894,3.67344737814504e-06,True,True,True,True,Rpv12+1,24,ABCG40,NP_173005.1,NP_173005.1 pleiotropic drug resistance 12 [Arabidopsis thaliana],73.804
Vitvi13g04473,2474.67376025362,-1.46702399921124,-1.38876568368759,0.255341588913317,-5.86765401677943,4.42004366353274e-09,3.42930011438525e-07,0.030884151345114,0.70313186687279,0.0135250679679092,False,True,True,False,Rpv12+1,6,,NP_188065.1,NP_188065.1 NB-ARC domain-containing disease resistance protein [Arabidopsis thaliana],40.187
Vitvi01g04416,213.083348072696,-4.19119382681783,-3.91694961424531,0.751353710967494,-5.76072355827349,8.37541167138825e-09,3.49131373834722e-07,5.76632216830741e-06,0.0003809121757594,5.37431236605415e-06,True,True,True,True,Rpv12+1,24,,NP_181039.1,NP_181039.1 disease resistance family protein / LRR family protein [Arabidopsis thaliana],37.853
Vitvi16g01884,305.059069602494,-1.14720260936212,-1.09690513730812,0.199471278544391,-5.74992541186578,8.928282876727141e-09,3.7029827769537e-07,0.230318542573429,1.0,0.0755128818121502,False,True,True,False,Rpv12+1,24,,NP_181039.1,NP_181039.1 disease resistance family protein / LRR family protein [Arabidopsis thaliana],34.77
Vitvi13g02471,3340.61049423203,-1.31472994181848,-1.24502643878615,0.228092007395194,-5.83600387789535,5.34676518483525e-09,4.08266130205347e-07,0.0811967869793715,1.0,0.0343342017656776,False,True,True,False,Rpv12+1,6,,NP_188065.1,NP_188065.1 NB-ARC domain-containing disease resistance protein [Arabidopsis thaliana],37.856
Vitvi06g01035,132.216852866674,1.88881196903045,1.79101744153648,0.327503565227467,5.77340837646268,7.768385641098961e-09,4.08935787722466e-07,0.0032960843434409,0.100142009686493,0.0015916584963574,False,True,True,False,Rpv12+1,0,RPM1,NP_187360.1,NP_187360.1 NB-ARC domain-containing disease resistance protein [Arabidopsis thaliana],32.476
Vitvi01g00687,129.929348744672,-2.33894631798163,-2.20434190480929,0.410768905300037,-5.73078329417,9.9967915840524e-09,4.11841065994507e-07,0.0005178825227065,0.0181355942590086,0.0002324845397781,True,True,True,True,Rpv12+1,24,CRK2,NP_177209.1,NP_177209.1 cysteine-rich RLK (RECEPTOR-like protein kiNAse) 2 [Arabidopsis thaliana],67.702
Vitvi15g01395,29.8383551147109,3.47579320593224,3.24518626912362,0.62681394272119,5.76029290118933,8.39680981276405e-09,4.41074214386472e-07,2.03884581051069e-05,0.0016719174782805,2.29397796862272e-05,True,True,True,True,Rpv12+1,0,,NP_175437.1,NP_175437.1 NB-ARC domain-containing disease resistance protein [Arabidopsis thaliana],33.942
Vitvi13g02551,334.600455495406,4.80511773885205,4.46702577697536,0.883174982014228,5.71245293603219,1.11359219680049e-08,5.65658914646946e-07,3.03945633663078e-06,0.0003340720097055,4.93697807755673e-06,True,True,True,True,Rpv12+1,0,RLK1,NP_001318851.1,NP_001318851.1 receptor-like protein kiNAse 1 [Arabidopsis thaliana],43.652
Vitvi13g04549,80.1495251783941,2.03474481007987,1.91607275696507,0.370608487064801,5.70735017705654,1.14748549000299e-08,5.81675978018801e-07,0.0018515546465482,0.0646659786369247,0.0013279841812837,False,True,True,False,Rpv12+1,0,,NP_188064.1,NP_188064.1 LRR and NB-ARC domains-containing disease resistance protein [Arabidopsis thaliana],34.174
Vitvi18g04543,107.050840175889,2.0579795786937,1.94592747643226,0.362990961617367,5.66449276229251,1.47460085974928e-08,7.28430703693602e-07,0.0017953865623444,0.0630409625293544,0.0008211995738561,False,True,True,False,Rpv12+1,0,,NP_188064.1,NP_188064.1 LRR and NB-ARC domains-containing disease resistance protein [Arabidopsis thaliana],42.105
Vitvi18g04655,39.8941196921887,2.78727431056729,2.60811491224961,0.511706082131237,5.66442559491148,1.47517854445757e-08,7.28430703693602e-07,0.0001405184183713,0.0086693898730594,0.0001299263535893,True,True,True,True,Rpv12+1,0,,NP_197270.1,NP_197270.1 disease resistance protein (TIR-NBS-LRR class) [Arabidopsis thaliana],37.719
Vitvi17g00203,975.204643897624,-3.08838319668077,-2.88723309831643,0.564445858471671,-5.61667108022035,1.94671494938872e-08,7.48194531874266e-07,7.29263397932828e-05,0.0033824115649866,5.42375670044978e-05,True,True,True,True,Rpv12+1,24,,NP_849538.2,NP_849538.2 Leucine-rich repeat receptor-like protein kiNAse family protein [Arabidopsis thaliana],53.212
Vitvi19g01571,163.973723358557,5.36651564756944,4.93096707512694,1.05534011148449,5.61479059974666,1.9680042530771e-08,7.54024148970566e-07,2.45583397640109e-06,0.0001794473770633,1.14048922330026e-05,True,True,True,True,Rpv12+1,24,,NP_188065.1,NP_188065.1 NB-ARC domain-containing disease resistance protein [Arabidopsis thaliana],32.886
Vitvi03g04434,644.816251200033,2.05639183467107,1.92968720252217,0.384429687973073,5.64225885241777,1.67833514072478e-08,8.13926467064874e-07,0.0018748067582574,0.0652082046310418,0.0015705514153583,False,True,True,False,Rpv12+1,0,,NP_198395.1,NP_198395.1 Disease resistance protein (CC-NBS-LRR class) family [Arabidopsis thaliana],27.468
Vitvi09g00412,222.199877382686,1.17543605686998,1.12301021553691,0.213327124781355,5.62661606568687,1.83779145814358e-08,8.82569792647666e-07,0.200515005277934,1.0,0.0891614028465273,False,True,True,False,Rpv12+1,0,RPS5,NP_172686.1,NP_172686.1 Disease resistance protein (CC-NBS-LRR class) family [Arabidopsis thaliana],37.342
Vitvi16g04422,168.092940112785,-3.59874241291493,-3.35981348348912,0.659359965599294,-5.57905216425177,2.41832715750117e-08,9.0041377118829e-07,2.80342562767889e-05,0.0015027625203781,2.00718296377069e-05,True,True,True,True,Rpv12+1,24,,NP_181039.1,NP_181039.1 disease resistance family protein / LRR family protein [Arabidopsis thaliana],36.173
Vitvi14g03015,1076.89064892161,1.40296890893565,1.32892960944088,0.254000507365168,5.57194533200801,2.5191047636314e-08,9.26849728692334e-07,0.0547542036151996,0.707665618759885,0.0200515377350814,False,True,True,False,Rpv12+1,24,RPM1,NP_187360.1,NP_187360.1 NB-ARC domain-containing disease resistance protein [Arabidopsis thaliana],27.462
Vitvi18g00605,50.2129870150384,3.59261291989147,3.34308601133347,0.683993585387076,5.59201170446226,2.24453685362882e-08,1.05326495097142e-06,2.72452552594163e-05,0.0021662876362646,4.31399054995365e-05,True,True,True,True,Rpv12+1,0,MYB84,NP_190538.1,NP_190538.1 myb domain protein 84 [Arabidopsis thaliana],49.226
Vitvi19g01983,316.854633565823,1.35624341006388,1.29184118094965,0.24820944816368,5.58736559523375,2.30540056576211e-08,1.07782259389584e-06,0.0711025117717071,0.742503235703029,0.0325886528452242,False,True,True,False,Rpv12+1,0,,NP_194449.1,NP_194449.1 NB-ARC domain-containing disease resistance protein [Arabidopsis thaliana],44.444
Vitvi05g00145,835.32086596052,2.22734752615383,2.08945677987069,0.402948561147897,5.64440248524135,1.6575589688005e-08,1.12980904966631e-06,0.0009345944534989,0.0546936382753465,0.0005963142980189,False,True,True,False,Rpv12+1,6,WRKY48,NP_199763.1,NP_199763.1 WRKY DNA-binding protein 48 [Arabidopsis thaliana],52.941
Vitvi07g01645,116.908023533056,2.17887616201002,2.03955676217433,0.398128337599469,5.5172300209415,3.44384556904035e-08,1.23677229502738e-06,0.0014174968081319,0.0410634431078088,0.0006787384346072,True,True,True,True,Rpv12+1,24,ZFP7,NP_564223.1,NP_564223.1 zinc finger protein 7 [Arabidopsis thaliana],40.876
Vitvi19g00243,1175.6709910188,1.74371358074948,1.64052419788207,0.330883111212724,5.55512201379908,2.77417910408762e-08,1.25864965761147e-06,0.0089103552517947,0.200590346843114,0.0057598053050398,False,True,True,False,Rpv12+1,0,MLO11,NP_200187.1,NP_200187.1 Seven transmembrane MLO family protein [Arabidopsis thaliana],69.366
Vitvi17g00102,174.31272894797,2.87465769870323,2.68646004378611,0.534778117084488,5.55310622503668,2.80637416919457e-08,1.27020117421215e-06,0.000146528612451,0.0089348297741433,0.0001240703336258,True,True,True,True,Rpv12+1,0,WRKY75,NP_196812.1,NP_196812.1 WRKY DNA-binding protein 75 [Arabidopsis thaliana],84.27
Vitvi15g00301,682.945440700622,1.98643864739065,1.8600615663142,0.381101789003501,5.52247987500091,3.3424809417596e-08,1.48370018885026e-06,0.0030497026581817,0.0949728236135432,0.0024462302380988,False,True,True,False,Rpv12+1,0,,NP_192938.1,NP_192938.1 Disease resistance protein (TIR-NBS-LRR class) family [Arabidopsis thaliana],35.936
Vitvi04g01163,150.073730687434,-2.48888665611036,-2.33347386089366,0.45441690533431,-5.50117457332596,3.77269429764769e-08,1.63922569165517e-06,0.0004993738971612,0.0235371563528677,0.0002456542495446,True,True,True,True,Rpv12+1,0,WRKY2,NP_200438.1,NP_200438.1 WRKY DNA-binding protein 2 [Arabidopsis thaliana],38.889
Vitvi11g04204,40.615756485135,7.55563434010111,7.35225124383256,2.08506045001511,5.42761577258863,5.71118211342216e-08,1.93005051503797e-06,1.24347187210811e-06,0.0001007004381287,0.0001570165596181,True,True,True,True,Rpv12+1,24,,NP_849538.2,NP_849538.2 Leucine-rich repeat receptor-like protein kiNAse family protein [Arabidopsis thaliana],48.276
Vitvi09g01587,26.7069818393012,-8.80751193258585,-9.35697858897866,3.17250675194259,-5.45833823777549,4.80611445897705e-08,2.02053644729281e-06,6.54387571911628e-07,8.77852538135193e-05,0.0007562291234951,True,True,True,True,Rpv12+1,0,,NP_201107.2,NP_201107.2 Disease resistance protein (CC-NBS-LRR class) family [Arabidopsis thaliana],34.85
Vitvi12g04285,865.273320006183,-2.16475361059646,-2.03661467613425,0.397273701816089,-5.42873465968731,5.67549883038022e-08,2.34599981854441e-06,0.0017448259379703,0.0618467502864024,0.0008137831692129,False,True,True,False,Rpv12+1,0,,NP_564971.2,NP_564971.2 disease resistance protein (TIR-NBS-LRR class) [Arabidopsis thaliana],35.434
Vitvi14g01378,543.261485497871,-1.86102775810642,-1.75070146396747,0.352282650692712,-5.38466002425395,7.25817053389776e-08,2.40662569681164e-06,0.00636418337638,0.140371562346312,0.0027496526966403,False,True,True,False,Rpv12+1,24,FER,NP_190723.1,NP_190723.1 Malectin/receptor-like protein kiNAse family protein [Arabidopsis thaliana],44.499
Vitvi18g04640,55.9422415628343,-4.41027753369737,-4.11110233587354,0.794994935715596,-5.41439364926107,6.14967411114756e-08,2.50005563370019e-06,1.41509172068898e-05,0.0012136847318525,5.6713306406231e-06,True,True,True,True,Rpv12+1,0,LAZ5,NP_001331726.1,NP_001331726.1 Disease resistance protein (TIR-NBS-LRR class) family [Arabidopsis thaliana],33.793
Vitvi07g01847,1531.93613638006,-2.33240876907692,-2.17968557712179,0.442868081916501,-5.37089142544252,7.83483731592053e-08,2.55993437818326e-06,0.0010768761282541,0.0326419497555051,0.0005954148715561,True,True,True,True,Rpv12+1,24,WRKY51,NP_568995.2,NP_568995.2 WRKY DNA-binding protein 51 [Arabidopsis thaliana],55.906
Vitvi17g01365,53.8383495331222,-3.12281557134777,-2.89390721310697,0.594984277425119,-5.3516829399332,8.71399816302341e-08,2.82099945787444e-06,0.0001374102638669,0.0058542591082975,0.0001003846619266,True,True,True,True,Rpv12+1,24,,NP_849538.2,NP_849538.2 Leucine-rich repeat receptor-like protein kiNAse family protein [Arabidopsis thaliana],52.839
Vitvi18g00587,2748.84841954131,1.64958242307528,1.55018920434962,0.319067065034843,5.37600475928011,7.61567795012463e-08,3.02975381565114e-06,0.0171301243353082,0.310753760393431,0.0101334078200387,False,True,True,False,Rpv12+1,0,LRRNAXI-23,NP_850942.1,NP_850942.1 Leucine-rich receptor-like protein kiNAse family protein [Arabidopsis thaliana],64.368
Vitvi13g04467,249.471815142905,-1.53475935380915,-1.43691535941138,0.289475230340989,-5.45064139212986,5.0188482076976e-08,3.08928031641672e-06,0.0287705266467007,0.671568972785782,0.0143983841865466,False,True,True,False,Rpv12+1,6,,NP_188065.1,NP_188065.1 NB-ARC domain-containing disease resistance protein [Arabidopsis thaliana],32.988
Vitvi16g00609,54.1103538480171,-2.28752731258837,-2.11287400406776,0.448549390982919,-5.43019783281238,5.62916151784452e-08,3.42131078750807e-06,0.0011201760249322,0.0635496496182635,0.0012698401212464,False,True,True,False,Rpv12+1,6,,NP_188065.1,NP_188065.1 NB-ARC domain-containing disease resistance protein [Arabidopsis thaliana],34.333
Vitvi03g01380,199.136734187028,1.30178075525276,1.2257395876612,0.241991911018409,5.41684564313959,6.06596649779157e-08,3.6683134241908e-06,0.10460490242495,1.0,0.0444206685761681,False,True,True,False,Rpv12+1,6,,NP_001319213.1,NP_001319213.1 Disease resistance protein (CC-NBS-LRR class) family [Arabidopsis thaliana],33.865
Vitvi07g01097,381.938685740795,-3.21260623259805,-2.96723412727924,0.632016774656221,-5.30868219103627,1.10420675024155e-07,4.21102747661776e-06,0.0001279764837072,0.0080863208630359,0.0001386395579728,True,True,True,True,Rpv12+1,0,,NP_188065.1,NP_188065.1 NB-ARC domain-containing disease resistance protein [Arabidopsis thaliana],38.924
Vitvi14g01128,345.538396637779,5.0575898156723,4.63964410491318,1.01180561230243,5.26610415007656,1.39349247850078e-07,4.34557983548672e-06,1.19537531894135e-05,0.0007221668121983,1.74078585942591e-05,True,True,True,True,Rpv12+1,24,,NP_188456.1,NP_188456.1 BifunctioNAl inhibitor/lipid-transfer protein/seed storage 2S albumin superfamily protein [Arabidopsis thaliana],46.512
Vitvi09g04126,133.39127670274,-1.56206146426461,-1.45788322786954,0.295404613575594,-5.37723618016306,7.56379262439411e-08,4.42314564889478e-06,0.0265050356793038,0.640207967068245,0.0124602743265897,False,True,True,False,Rpv12+1,6,SUMM2,NP_001322571.1,NP_001322571.1 LRR and NB-ARC domains-containing disease resistance protein [Arabidopsis thaliana],34.694
Vitvi05g04238,228.52396491389,-1.30028068041355,-1.22858506464361,0.249865509996534,-5.2960607760255,1.18327469696282e-07,4.47103610956687e-06,0.110655921920336,0.949543113719206,0.0538896866077218,False,True,True,False,Rpv12+1,0,,NP_193688.1,NP_193688.1 disease resistance protein (TIR-NBS-LRR class) family [Arabidopsis thaliana],26.263
Vitvi13g04375,85.1893907855903,-1.72959378770814,-1.61990611691655,0.336913353224096,-5.28121953865613,1.2832680844313e-07,4.79735850198019e-06,0.0129477774585173,0.260940609042646,0.0076854848485986,False,True,True,False,Rpv12+1,0,,NP_188064.1,NP_188064.1 LRR and NB-ARC domains-containing disease resistance protein [Arabidopsis thaliana],30.833
Vitvi16g00787,243.938223457671,10.6472135657499,10.2434109184158,3.14717816955548,5.2364053619873,1.63734136683457e-07,4.99227003877925e-06,1.04969197216292e-06,8.58090384369058e-05,0.0002299373843621,True,True,True,True,Rpv12+1,24,RPP8,NP_851124.1,NP_851124.1 Disease resistance protein (CC-NBS-LRR class) family [Arabidopsis thaliana],30.215
Vitvi14g00374,1680.81818810961,1.91505794223431,1.77894035180072,0.392637068174149,5.27023624836172,1.36248277893376e-07,5.04753770553566e-06,0.0058971810003301,0.150161067065411,0.0051849422120342,False,True,True,False,Rpv12+1,0,,NP_194449.1,NP_194449.1 NB-ARC domain-containing disease resistance protein [Arabidopsis thaliana],29.104
Vitvi15g01136,458.720265888237,-1.07985345304902,-1.01259493812835,0.206538655793311,-5.33162073617975,9.73400697007298e-08,5.53943052313422e-06,0.346692733053102,1.0,0.146543090590454,False,True,True,False,Rpv12+1,6,,NP_001322398.1,NP_001322398.1 Disease resistance protein (CC-NBS-LRR class) family [Arabidopsis thaliana],32.842
Vitvi15g01543,143.999889747756,-1.9545550619621,-1.81801945751548,0.383053661716363,-5.19910622684607,2.00249066488607e-07,5.94482814831746e-06,0.0055567204738531,0.125584032865084,0.0026877641398451,False,True,True,False,Rpv12+1,24,NTL9,NP_567986.3,NP_567986.3 NAC transcription factor-like 9 [Arabidopsis thaliana],39.482
Vitvi13g02497,1946.34399232616,-2.07832180970115,-1.93197991941997,0.399200533116127,-5.31323355713996,1.07696860360075e-07,6.07242369201058e-06,0.0029191116496128,0.132341493314076,0.0020024784136793,False,True,True,False,Rpv12+1,6,,NP_188065.1,NP_188065.1 NB-ARC domain-containing disease resistance protein [Arabidopsis thaliana],34.249
Vitvi13g04425,80.40440881431,1.3923019667726,1.31333918886314,0.269953445819521,5.22857119667639,1.70825050369771e-07,6.13476084680709e-06,0.0703447332051113,0.738780121184944,0.033831616817503,False,True,True,False,Rpv12+1,0,,NP_188065.1,NP_188065.1 NB-ARC domain-containing disease resistance protein [Arabidopsis thaliana],38.179
Vitvi09g01309,18.2163918055997,-6.3845902671275,-5.92180879772294,1.17002579312716,-5.22038317517787,1.78553312527699e-07,6.36590362870101e-06,5.34564869145361e-06,0.0005441121561079,1.42607344899811e-06,True,True,True,True,Rpv12+1,0,NAC100,NP_001331908.1,NP_001331908.1 NAC domain containing protein 100 [Arabidopsis thaliana],71.264
Vitvi13g02351,163.691272042456,1.70266968192608,1.58652829349105,0.345449879005804,5.2078332351424,1.91058514940754e-07,6.78230197994298e-06,0.0158090688996138,0.294341233697508,0.0109932560278299,False,True,True,False,Rpv12+1,0,,NP_188065.1,NP_188065.1 NB-ARC domain-containing disease resistance protein [Arabidopsis thaliana],37.874
Vitvi15g01686,518.792169462683,3.15515398148965,2.86919413523267,0.689978493181477,5.18280158965779,2.18577523867768e-07,7.56302791854823e-06,0.000199945730939,0.0113211696442297,0.0005577841708537,True,True,True,True,Rpv12+1,0,RPP13,NP_190237.1,NP_190237.1 NB-ARC domain-containing disease resistance protein [Arabidopsis thaliana],34.638
Vitvi12g04431,650.893523801042,1.40611001293819,1.31892671854567,0.283670821672213,5.18202125890795,2.19494190298078e-07,7.58409378987862e-06,0.0672406794851492,0.721176274970077,0.0363101399746767,False,True,True,False,Rpv12+1,0,,NP_197270.1,NP_197270.1 disease resistance protein (TIR-NBS-LRR class) [Arabidopsis thaliana],36.156
Vitvi06g01598,219.082439959689,-3.11603028573973,-2.86550451328267,0.629627497909869,-5.13787297610897,2.77865592456358e-07,7.87744158314711e-06,0.0002423966184095,0.0095065264482371,0.0002129438498804,True,True,True,True,Rpv12+1,24,,NP_176113.1,NP_176113.1 Disease resistance-responsive (dirigent-like protein) family protein [Arabidopsis thaliana],64.0
Vitvi02g00086,664.362128031239,-1.59325339066068,-1.47062313041255,0.319334510214671,-5.25007741014267,1.5203530621049e-07,8.29968303971247e-06,0.0252983571573291,0.623190040421472,0.0156690021033868,False,True,True,False,Rpv12+1,6,ABCC10,NP_191473.2,NP_191473.2 multidrug resistance-associated protein 14 [Arabidopsis thaliana],57.641
Vitvi10g04646,105.138764909911,-3.65178099265307,-3.35727765632856,0.73383410065926,-5.12511713777409,2.97352820078586e-07,8.38167514354238e-06,9.89586283518014e-05,0.0043950063820963,9.44583602646452e-05,True,True,True,True,Rpv12+1,24,,NP_849538.2,NP_849538.2 Leucine-rich repeat receptor-like protein kiNAse family protein [Arabidopsis thaliana],33.757
Vitvi18g01436,1260.17448034183,1.29368782586503,1.21875291362146,0.261508677327275,5.15463086868432,2.54131030527659e-07,8.65943577880969e-06,0.120963536934357,0.998512200273225,0.0612003318363209,False,True,True,False,Rpv12+1,0,SERK1,NP_177328.1,NP_177328.1 somatic embryogenesis receptor-like kiNAse 1 [Arabidopsis thaliana],89.137
Vitvi19g04533,37.9525352368878,4.87452368529167,4.41860980680591,1.02713554335672,5.11200977645233,3.18749326581756e-07,8.93368419757468e-06,2.41932971435556e-05,0.0013494082302308,5.83207554388613e-05,True,True,True,True,Rpv12+1,24,,NP_188065.1,NP_188065.1 NB-ARC domain-containing disease resistance protein [Arabidopsis thaliana],34.844
Vitvi09g00502,246.865471144738,1.44026196400535,1.35178035853917,0.286740915952024,5.13908088057563,2.7608555360506e-07,9.33010109549281e-06,0.0581001712296339,0.669534087751539,0.0296401719864954,False,True,True,False,Rpv12+1,0,RPS5,NP_172686.1,NP_172686.1 Disease resistance protein (CC-NBS-LRR class) family [Arabidopsis thaliana],35.393
Vitvi19g04517,137.134829106344,-2.43370971732446,-2.25278300890227,0.487679168361729,-5.13126712831836,2.87798128095114e-07,9.67284404331683e-06,0.0012520178357,0.048367959133025,0.0009800321799595,True,True,True,True,Rpv12+1,0,,NP_188064.1,NP_188064.1 LRR and NB-ARC domains-containing disease resistance protein [Arabidopsis thaliana],35.117
Vitvi14g03056,278.513579009462,-4.03881290874821,-3.67944859779529,0.842004919389066,-5.09476967547428,3.49165488638031e-07,9.68698308343079e-06,6.32134276467148e-05,0.0030120219559388,0.0001016453779661,True,True,True,True,Rpv12+1,24,,NP_849538.2,NP_849538.2 Leucine-rich repeat receptor-like protein kiNAse family protein [Arabidopsis thaliana],42.365
Vitvi16g01886,211.718859377943,-1.43441520103127,-1.34174086066541,0.284080762887756,-5.08069444119122,3.76057591862588e-07,1.03514579141081e-05,0.0619390973737227,0.772658487457898,0.0230733532325089,False,True,True,False,Rpv12+1,24,,NP_181039.1,NP_181039.1 disease resistance family protein / LRR family protein [Arabidopsis thaliana],34.773
Vitvi18g04656,33.3852268918218,-5.57842849061743,-5.08789156528783,1.08926163073908,-5.11246538396135,3.17981269083759e-07,1.05010543500636e-05,1.35846466884315e-05,0.0011689499102719,1.07917597861382e-05,True,True,True,True,Rpv12+1,0,,NP_197270.1,NP_197270.1 disease resistance protein (TIR-NBS-LRR class) [Arabidopsis thaliana],31.029
Vitvi14g03011,738.854443533961,-1.17539867173481,-1.10584752639372,0.234775784439137,-5.06874587002272,4.0044546048897e-07,1.09372221337098e-05,0.224709870285205,1.0,0.0792271456521656,False,True,True,False,Rpv12+1,24,RPM1,NP_187360.1,NP_187360.1 NB-ARC domain-containing disease resistance protein [Arabidopsis thaliana],30.077
Vitvi14g02749,103.266421898772,2.48894422097091,2.30023631166901,0.503381177280337,5.09207488205354,3.54166164352857e-07,1.14805758223645e-05,0.0011587780497862,0.0454459895117834,0.0009185206468579,True,True,True,True,Rpv12+1,0,RPS2,NP_194339.1,NP_194339.1 NB-ARC domain-containing disease resistance protein [Arabidopsis thaliana],25.813
Vitvi12g02011,1846.01616412669,1.5764118063083,1.47863960001985,0.308414071481336,5.0872776128472,3.63239933822609e-07,1.17197532914851e-05,0.0314319534754402,0.463488427826403,0.015384590771229,False,True,True,False,Rpv12+1,0,,NP_188065.1,NP_188065.1 NB-ARC domain-containing disease resistance protein [Arabidopsis thaliana],41.469
Vitvi03g01872,5346.30954250312,3.56205016870184,3.24984895661262,0.769549977287219,5.072680286547,3.92251214695174e-07,1.24562509527844e-05,0.0001318416968032,0.0082115403492262,0.0002601193855574,True,True,True,True,Rpv12+1,0,,NP_001078199.1,NP_001078199.1 BifunctioNAl inhibitor/lipid-transfer protein/seed storage 2S albumin superfamily protein [Arabidopsis thaliana],46.528
Vitvi05g02074,1277.8783904036,2.58101888648474,2.3939073870992,0.50094067919629,5.15987097941413,2.47120085002814e-07,1.28507770065364e-05,0.0007869242173813,0.0477372891589877,0.0004595812268704,True,True,True,True,Rpv12+1,6,,NP_181039.1,NP_181039.1 disease resistance family protein / LRR family protein [Arabidopsis thaliana],36.464
Vitvi10g01793,74.3635104179908,1.79241231219535,1.66944224157782,0.36422532143968,5.06544733762078,4.07442408380402e-07,1.28854315441073e-05,0.0125650467055545,0.256788325602031,0.0077133995034106,False,True,True,False,Rpv12+1,0,,NP_181364.2,NP_181364.2 myb-like HTH transcriptioNAl regulator family protein [Arabidopsis thaliana],71.765
Vitvi10g04668,284.828402199501,-1.83647901778553,-1.70447549916722,0.364243277693945,-5.15235331513085,2.57237808671979e-07,1.33195087670519e-05,0.0094678949249341,0.315102625116224,0.0052617069185672,False,True,True,False,Rpv12+1,6,,NP_194449.1,NP_194449.1 NB-ARC domain-containing disease resistance protein [Arabidopsis thaliana],30.556
Vitvi09g01773,234.226383216669,1.45719508228283,1.35904454914076,0.293647266454625,5.02431696038145,5.05227385281155e-07,1.34124804566665e-05,0.0574691414198168,0.733590612004683,0.0223916841470839,False,True,True,False,Rpv12+1,24,,NP_201107.2,NP_201107.2 Disease resistance protein (CC-NBS-LRR class) family [Arabidopsis thaliana],41.314
Vitvi13g04364,187.6806547154,-1.72909391340129,-1.59675783207599,0.345197579196096,-5.14515189002461,2.67304444616259e-07,1.38111112294341e-05,0.0150217212800986,0.439323297031438,0.0088456272125645,False,True,True,False,Rpv12+1,6,,NP_188064.1,NP_188064.1 LRR and NB-ARC domains-containing disease resistance protein [Arabidopsis thaliana],32.044
Vitvi14g00292,325.001596336525,1.69988470718757,1.57834447062149,0.354429145117776,5.03239726305467,4.84384201474304e-07,1.49166114844012e-05,0.0191344550660483,0.335481374043403,0.0125211050880184,False,True,True,False,Rpv12+1,0,,NP_564971.2,NP_564971.2 disease resistance protein (TIR-NBS-LRR class) [Arabidopsis thaliana],25.764
Vitvi01g02003,18.9167259779371,6.61774963847921,6.16892290350814,1.40948478693747,5.01513759199307,5.29955271262041e-07,1.61184914355699e-05,1.03491327616876e-05,0.0009400102913645,1.51692344859456e-05,True,True,True,True,Rpv12+1,0,,NP_001328443.1,NP_001328443.1 Barwin-related endoglucaNAse [Arabidopsis thaliana],52.756
Vitvi09g04098,67.4161517392597,2.2926417198533,2.1075594813731,0.487371318445475,5.0152654727212,5.29602896936719e-07,1.61184914355699e-05,0.0023440633551771,0.0778151691726886,0.0023758391825677,False,True,True,False,Rpv12+1,0,RPS5,NP_001323155.1,NP_001323155.1 Disease resistance protein (CC-NBS-LRR class) family [Arabidopsis thaliana],35.831
Vitvi13g02553,19.897541997263,7.23023140694046,7.00297800345807,2.22771542116857,5.00854164355278,5.48440100176386e-07,1.65783684760067e-05,7.95654110926939e-06,0.0007513904652612,0.0005947216003364,True,True,True,True,Rpv12+1,0,RLK1,NP_001318851.1,NP_001318851.1 receptor-like protein kiNAse 1 [Arabidopsis thaliana],43.071
Vitvi15g04177,153.296353666182,-3.57545048028953,-3.25404254923673,0.760908785133825,-5.10129367199669,3.37339645874944e-07,1.70285948019174e-05,0.0001191400479282,0.0099254283877508,0.0002055194712001,True,True,True,True,Rpv12+1,6,CRK2,NP_177209.1,NP_177209.1 cysteine-rich RLK (RECEPTOR-like protein kiNAse) 2 [Arabidopsis thaliana],36.973
Vitvi05g01702,1768.88709279795,-1.1696381475185,-1.09812118361296,0.236137288584229,-4.96029993581919,7.03844179772606e-07,1.79502124356914e-05,0.235942401094358,1.0,0.0837058532451032,False,True,True,False,Rpv12+1,24,MLO1,NP_192169.1,NP_192169.1 Seven transmembrane MLO family protein [Arabidopsis thaliana],62.667
Vitvi00g04037,95.7195155020887,-1.80055864726717,-1.66734356154275,0.366727290818902,-4.97882316289892,6.39720583418491e-07,1.8784453269485e-05,0.0134257961314479,0.26761669978428,0.0079976067554635,False,True,True,False,Rpv12+1,0,,NP_188064.1,NP_188064.1 LRR and NB-ARC domains-containing disease resistance protein [Arabidopsis thaliana],28.947
Vitvi13g01811,383.581400618026,-1.11745171843067,-1.04361183952433,0.230489951208504,-4.93406075035973,8.05373716812499e-07,2.0225470833224e-05,0.302018776957552,1.0,0.109604333316418,False,True,True,False,Rpv12+1,24,,NP_188065.1,NP_188065.1 NB-ARC domain-containing disease resistance protein [Arabidopsis thaliana],40.102
Vitvi01g00088,63.732644626082,-2.34660276115914,-2.15925308478833,0.487689104374108,-4.95534110130761,7.22035088582559e-07,2.07078654741792e-05,0.0022301225990978,0.0746007379409212,0.0017456534991769,False,True,True,False,Rpv12+1,0,,NP_188065.1,NP_188065.1 NB-ARC domain-containing disease resistance protein [Arabidopsis thaliana],34.249
Vitvi03g01628,197.040276747607,-1.25217062949337,-1.1767561806467,0.253831791929336,-4.95235606553033,7.33202856713875e-07,2.09064647893554e-05,0.159299966995278,1.0,0.0750114106210568,False,True,True,False,Rpv12+1,0,,NP_188064.1,NP_188064.1 LRR and NB-ARC domains-containing disease resistance protein [Arabidopsis thaliana],31.818
Vitvi14g04574,131.410876008512,2.3553038004574,2.1670827595886,0.503041979214787,4.95099873116286,7.38335851329391e-07,2.0955808794183e-05,0.0021932921768206,0.0735580993111818,0.0021465738578029,False,True,True,False,Rpv12+1,0,,NP_181039.1,NP_181039.1 disease resistance family protein / LRR family protein [Arabidopsis thaliana],37.85
Vitvi14g04505,24.9916013807893,3.99167382977453,3.60816698780619,0.865827253589028,4.9494890724693,7.44085551378991e-07,2.10704501652561e-05,0.0001038201048997,0.0068929698580513,0.0001939087129325,True,True,True,True,Rpv12+1,0,,NP_188065.1,NP_188065.1 NB-ARC domain-containing disease resistance protein [Arabidopsis thaliana],42.075
Vitvi16g01980,37.9423942826265,-6.12528963799111,-5.49538148972207,1.3303892782682,-4.92148690355707,8.58891507712767e-07,2.14383497305083e-05,1.91125125186007e-05,0.0010940135995056,4.49178066860289e-05,True,True,True,True,Rpv12+1,24,CHIA,NP_197797.1,NP_197797.1 chitiNAse A [Arabidopsis thaliana],71.429
Vitvi10g02023,153.697084545911,3.0004023866504,2.71932773009993,0.668126090249245,4.9411477744882,7.76640158143807e-07,2.18406096420257e-05,0.0004933016227636,0.0232929190430956,0.00095667938883,True,True,True,True,Rpv12+1,0,,NP_849538.2,NP_849538.2 Leucine-rich repeat receptor-like protein kiNAse family protein [Arabidopsis thaliana],39.378
Vitvi18g04551,191.293228160195,2.01353845508439,1.86873588334546,0.406680778296924,4.93545432687957,7.99643928474063e-07,2.23863952521443e-05,0.0064899654690604,0.158961616765123,0.0033785012681811,False,True,True,False,Rpv12+1,0,,NP_192938.1,NP_192938.1 Disease resistance protein (TIR-NBS-LRR class) family [Arabidopsis thaliana],34.03
Vitvi10g00742,201.000954557167,2.62188082931691,2.38585159981091,0.57417647501762,4.89800617654967,9.68139924868487e-07,2.385109518906e-05,0.0012232576576441,0.0366123536227845,0.0012480022571683,True,True,True,True,Rpv12+1,24,FLS2,NP_199445.1,NP_199445.1 Leucine-rich receptor-like protein kiNAse family protein [Arabidopsis thaliana],55.69
Vitvi05g02219,77.3007928688695,2.98867711128891,2.70771674004457,0.672791025671079,4.91907137374503,8.69557603509201e-07,2.39892733707197e-05,0.0005317447662621,0.0246835496917638,0.0010775876495326,True,True,True,True,Rpv12+1,0,,NP_198395.1,NP_198395.1 Disease resistance protein (CC-NBS-LRR class) family [Arabidopsis thaliana],27.37
Vitvi15g04273,54.4907965849772,3.02104045511069,2.75584196682936,0.652092932039905,4.89822565239423,9.67059411363665e-07,2.64129441888639e-05,0.0005248509241363,0.0244298493318196,0.0006071102358643,True,True,True,True,Rpv12+1,0,,NP_001322398.1,NP_001322398.1 Disease resistance protein (CC-NBS-LRR class) family [Arabidopsis thaliana],33.778
Vitvi07g01602,1255.83462376735,-1.85746767195791,-1.71038047066686,0.389269837524687,-4.86877918269096,1.12289797542614e-06,2.72817697461523e-05,0.0123012590463479,0.235225610667701,0.0061315652411752,False,True,True,False,Rpv12+1,24,ZF1,NP_201546.1,NP_201546.1 zinc-finger protein 1 [Arabidopsis thaliana],44.309
Vitvi04g00760,45.1968460393637,-4.68125610271282,-4.19417602837606,1.04051412923824,-4.86043208567194,1.17129821815743e-06,2.82073342155684e-05,6.61465688601555e-05,0.003117708278942,0.0001444565461531,True,True,True,True,Rpv12+1,24,WRKY51,NP_568995.2,NP_568995.2 WRKY DNA-binding protein 51 [Arabidopsis thaliana],50.694
Vitvi12g02753,92.9705439879113,-3.25465094612677,-2.99622768302111,0.660038373239532,-4.87679960127763,1.07820874469763e-06,2.88784524522702e-05,0.0003645578158963,0.0183746973141278,0.0001797625677644,True,True,True,True,Rpv12+1,0,,NP_199186.1,NP_199186.1 Disease resistance protein (CC-NBS-LRR class) family [Arabidopsis thaliana],28.923
Vitvi12g00388,1328.6589335908,1.63120693350047,1.51212445189085,0.346361254849918,4.87293383466738,1.0995305576322e-06,2.94115470334711e-05,0.0296733710252068,0.446363262017472,0.0176788856294933,False,True,True,False,Rpv12+1,0,WRKY6,NP_564792.1,NP_564792.1 WRKY family transcription factor [Arabidopsis thaliana],48.68
Vitvi02g00673,567.210223709952,-2.94299474707115,-2.65955119309031,0.645177721699236,-4.85136877113333,1.2261232512275e-06,2.94700218704788e-05,0.0006802030125246,0.0225804956911583,0.0007486425234691,True,True,True,True,Rpv12+1,24,NAC071,NP_001329603.1,NP_001329603.1 NAC domain containing protein 71 [Arabidopsis thaliana],54.605
Vitvi09g04376,58.6498781510329,2.3622277757124,2.16728116338781,0.511277160439458,4.87194538260076,1.10504720951129e-06,2.9495062896555e-05,0.0024808594458537,0.0808793781438502,0.0022923922510379,False,True,True,False,Rpv12+1,0,SUMM2,NP_172692.1,NP_172692.1 LRR and NB-ARC domains-containing disease resistance protein [Arabidopsis thaliana],42.857
Vitvi18g02180,275.04490496487,-10.1565496632202,-9.02502663272883,2.12150209115124,-4.84803238719509,1.24692047205309e-06,2.98824248535991e-05,6.24276913024642e-06,0.0004062303424828,8.54959992889195e-06,True,True,True,True,Rpv12+1,24,,NP_197270.1,NP_197270.1 disease resistance protein (TIR-NBS-LRR class) [Arabidopsis thaliana],39.85
Vitvi16g00211,29.3021182576759,-6.26570403788404,-5.56645146365559,1.41066179499563,-4.8448813538158,1.26687361886764e-06,3.03016490042943e-05,2.33509757999559e-05,0.0013108115363756,8.66958129111281e-05,True,True,True,True,Rpv12+1,24,,NP_001078488.1,NP_001078488.1 BifunctioNAl inhibitor/lipid-transfer protein/seed storage 2S albumin superfamily protein [Arabidopsis thaliana],29.06
Vitvi12g04373,20.0471780175947,5.92540269432905,5.28747935287813,1.20879311756757,4.85233886257089,1.22013911256439e-06,3.22100932785802e-05,2.7490856600377e-05,0.0021734122686599,2.64560829801181e-05,True,True,True,True,Rpv12+1,0,RPS2,NP_194339.1,NP_194339.1 NB-ARC domain-containing disease resistance protein [Arabidopsis thaliana],26.519
Vitvi16g01569,93.7273155212071,-4.99460302098844,-4.44845333241871,1.12439185070816,-4.82970730411327,1.3673389384861e-06,3.22879281795842e-05,5.60686561367141e-05,0.0027060885163843,0.000149718625089,True,True,True,True,Rpv12+1,24,,NP_001078488.1,NP_001078488.1 BifunctioNAl inhibitor/lipid-transfer protein/seed storage 2S albumin superfamily protein [Arabidopsis thaliana],32.5
Vitvi13g04316,651.78140500939,1.5572477696633,1.43589420813764,0.32499271269197,4.95282920422807,7.31421694967937e-07,3.39393732266949e-05,0.0381701054363993,0.793083231223804,0.0211355767297941,False,True,True,False,Rpv12+1,6,,NP_568140.2,NP_568140.2 F1F0-ATPase inhibitor protein [Arabidopsis thaliana],56.962
Vitvi13g01323,953.403912895684,1.17905453102517,1.10287188080227,0.254142569053553,4.83715828286291,1.31708544594547e-06,3.44090318624736e-05,0.231296309780846,1.0,0.112919342772526,False,True,True,False,Rpv12+1,0,,NP_188065.1,NP_188065.1 NB-ARC domain-containing disease resistance protein [Arabidopsis thaliana],41.957
Vitvi18g03366,38.7752871099782,3.17119970714655,2.87063361836483,0.692116782748309,4.82014159254924,1.43456366774538e-06,3.68528785386603e-05,0.0004831359126858,0.0230206782148417,0.0005699130900699,True,True,True,True,Rpv12+1,0,,NP_192938.1,NP_192938.1 Disease resistance protein (TIR-NBS-LRR class) family [Arabidopsis thaliana],31.609
Vitvi15g00331,28.0966706191464,-4.25318956306892,-3.83917638727761,0.926502933507779,-4.80950125572133,1.51307345634252e-06,3.86681303635418e-05,0.0001172131612913,0.0075895521936133,0.0001551197602217,True,True,True,True,Rpv12+1,0,,NP_199673.1,NP_199673.1 Disease resistance protein (CC-NBS-LRR class) family [Arabidopsis thaliana],33.766
Vitvi01g04429,81.8864776307296,-3.76911385715638,-3.41042826857432,0.815829010413367,-4.78627580164093,1.69904538203704e-06,3.88290185824345e-05,0.0002187146951152,0.0087083070160117,0.0002200697232589,True,True,True,True,Rpv12+1,24,,NP_181039.1,NP_181039.1 disease resistance family protein / LRR family protein [Arabidopsis thaliana],43.852
Vitvi11g00751,13.190805805032,-8.0182946207252,-8.3444418266606,3.06893716397831,-4.78184870917227,1.73690383520098e-06,3.95109537248488e-05,1.42657316939214e-05,0.0008462069736537,0.0012920980062854,True,True,True,True,Rpv12+1,24,,NP_849538.2,NP_849538.2 Leucine-rich repeat receptor-like protein kiNAse family protein [Arabidopsis thaliana],48.043
Vitvi16g04248,99.3956576795103,-1.76864859164264,-1.63627878110012,0.37310521745783,-4.79337654760399,1.63997393045687e-06,4.15662528299746e-05,0.0186171840801163,0.329950486688186,0.0107264535454046,False,True,True,False,Rpv12+1,0,,NP_188065.1,NP_188065.1 NB-ARC domain-containing disease resistance protein [Arabidopsis thaliana],32.267
Vitvi04g00250,772.829893036375,-1.26464506733186,-1.18547079116276,0.262982714025666,-4.78358398103536,1.72196897299347e-06,4.34656020683064e-05,0.15840533953127,1.0,0.0742068455757953,False,True,True,False,Rpv12+1,0,,NP_180015.3,NP_180015.3 AIG2-like (avirulence induced gene) family protein [Arabidopsis thaliana],62.416
Vitvi10g00732,286.032746359146,2.9021370146911,2.62871776475644,0.656355758674213,4.778872181482,1.76281209152573e-06,4.43149374355388e-05,0.000867512232349,0.0363673918045186,0.0012806685207365,True,True,True,True,Rpv12+1,0,WRKY28,NP_193551.1,NP_193551.1 WRKY DNA-binding protein 28 [Arabidopsis thaliana],46.45
Vitvi04g01635,354.954522260375,-2.75181162045491,-2.49622203501566,0.603454282534411,-4.74979753799009,2.03620403302482e-06,4.5520800868965e-05,0.0012483730990881,0.0371093089761901,0.001013025384044,True,True,True,True,Rpv12+1,24,RLK1,NP_001318851.1,NP_001318851.1 receptor-like protein kiNAse 1 [Arabidopsis thaliana],35.492
Vitvi06g01060,196.018517943665,1.23211715924119,1.15298697470036,0.263393346072887,4.76626357012811,1.87673721388813e-06,4.66081633078104e-05,0.184616497825217,1.0,0.0888198837488156,False,True,True,False,Rpv12+1,0,,NP_194449.1,NP_194449.1 NB-ARC domain-containing disease resistance protein [Arabidopsis thaliana],42.455
Vitvi09g04051,2210.60516169947,-1.73069068357193,-1.5893689244898,0.373133650010569,-4.74236217540228,2.11240537944241e-06,4.69686091407429e-05,0.0226312720395039,0.367252757618723,0.0115348159283343,False,True,True,False,Rpv12+1,24,ABCC8,NP_001326628.1,NP_001326628.1 multidrug resistance-associated protein 6 [Arabidopsis thaliana],78.093
Vitvi07g00141,199.008823163874,1.07968359706722,1.00639826339202,0.235040877983329,4.73938529763971,2.14367541357021e-06,4.74924347920106e-05,0.363252064824277,1.0,0.134081608302684,False,True,True,False,Rpv12+1,24,,NP_199665.1,NP_199665.1 receptor-like protein kiNAse-related family protein [Arabidopsis thaliana],32.727
Vitvi00g04024,45.8199025097303,-2.24072844537824,-2.05116244044987,0.484647261618119,-4.76101904872472,1.92617864664827e-06,4.77397757935883e-05,0.0041913344381336,0.118916613413382,0.0030598065884189,False,True,True,False,Rpv12+1,0,,NP_188064.1,NP_188064.1 LRR and NB-ARC domains-containing disease resistance protein [Arabidopsis thaliana],30.46
Vitvi13g02238,55.9467809440653,-1.68920707801248,-1.5538644886661,0.362668295768605,-4.73329580670482,2.20903184794412e-06,4.88087072699116e-05,0.02672827421396,0.420942158436472,0.0130967697270409,False,True,True,False,Rpv12+1,24,,NP_188065.1,NP_188065.1 NB-ARC domain-containing disease resistance protein [Arabidopsis thaliana],36.499
Vitvi04g00510,436.695667036355,-2.11430473800481,-1.93134896165935,0.456732108266072,-4.72208227189194,2.33442208299315e-06,5.13489486041244e-05,0.0064108241509893,0.140884152968109,0.0035443418845113,False,True,True,False,Rpv12+1,24,WRKY18,NP_001320110.1,NP_001320110.1 WRKY DNA-binding protein 18 [Arabidopsis thaliana],47.668
Vitvi07g02425,395.232497852646,2.72060203294029,2.45963490918209,0.622044020378139,4.74119547955767,2.12460814838674e-06,5.16701345939345e-05,0.0013565847418257,0.0512816477766176,0.0019118957307588,False,True,True,False,Rpv12+1,0,,NP_001326498.1,NP_001326498.1 disease resistance protein (TIR-NBS-LRR class) family protein [Arabidopsis thaliana],29.773
Vitvi18g01545,101.371724091364,2.32122098178355,2.11785129130322,0.535862545207163,4.74120006633482,2.12456004182071e-06,5.16701345939345e-05,0.0034810226614124,0.104787194246133,0.0038807357759946,False,True,True,False,Rpv12+1,0,,NP_174673.3,NP_174673.3 Leucine-rich receptor-like protein kiNAse family protein [Arabidopsis thaliana],76.301
Vitvi13g04427,17.565828727404,6.22083416930091,5.4710950579191,1.32166639294688,4.73855733384726,2.15245131418314e-06,5.22956514558341e-05,3.49384659189541e-05,0.0026723840057717,5.2556456846717e-05,True,True,True,True,Rpv12+1,0,RLK1,NP_001318851.1,NP_001318851.1 receptor-like protein kiNAse 1 [Arabidopsis thaliana],48.387
Vitvi15g01540,3545.04757505337,-1.23807792428448,-1.15207369050588,0.263247996454613,-4.70841229513721,2.49653741444033e-06,5.44289342850903e-05,0.182623919100118,1.0,0.0652640165198205,False,True,True,False,Rpv12+1,24,NTL9,NP_567986.3,NP_567986.3 NAC transcription factor-like 9 [Arabidopsis thaliana],52.601
Vitvi07g02132,45.7328990871558,3.80152589396426,3.40914645087809,0.878416576202817,4.72530837815829,2.29766409340188e-06,5.53463076474728e-05,0.000248559483913,0.0136026517566572,0.000493665965595,True,True,True,True,Rpv12+1,0,,NP_566712.1,NP_566712.1 BifunctioNAl inhibitor/lipid-transfer protein/seed storage 2S albumin superfamily protein [Arabidopsis thaliana],58.125
Vitvi18g00839,1538.2265711111,1.69756970523358,1.55629409655683,0.36418733009591,4.84366809226064,1.27463790113493e-06,5.554138344726e-05,0.0232749563468989,0.593420646275369,0.0133804254639715,False,True,True,False,Rpv12+1,6,AR781,NP_180221.1,"NP_180221.1 AR781, pheromone receptor-like protein (DUF1645) [Arabidopsis thaliana]",48.657
Vitvi07g01266,211.036993664316,3.09309425642209,2.75225392295418,0.732700088955429,4.70285512534418,2.5654846184301e-06,5.57348139855767e-05,0.0007302543982732,0.0238188588583912,0.0013194852781991,True,True,True,True,Rpv12+1,24,,NP_201460.1,"NP_201460.1 CAP (Cysteine-rich secretory proteins, Antigen 5, and Pathogenesis-related 1 protein) superfamily protein [Arabidopsis thaliana]",59.574
Vitvi03g01395,30.2442326615421,5.01753965480173,4.57186804651906,1.09695712996836,4.71503526197268,2.41668892946271e-06,5.78596195007223e-05,7.99075058495722e-05,0.0055298953585157,8.5044337775958e-05,True,True,True,True,Rpv12+1,0,,NP_850009.1,NP_850009.1 Disease resistance-responsive (dirigent-like protein) family protein [Arabidopsis thaliana],62.983
Vitvi13g01435,33.1330238986685,-6.74434311658514,-6.82006207332224,2.80056200255834,-4.71481444324551,2.4193112192809e-06,5.78661662118489e-05,2.96609220763197e-05,0.002316119583864,0.0040376204935816,True,True,True,True,Rpv12+1,0,,NP_188065.1,NP_188065.1 NB-ARC domain-containing disease resistance protein [Arabidopsis thaliana],37.581
Vitvi14g02762,13.1065803593075,-5.82930182091268,-5.23287026472182,1.26453471675792,-4.69283661212966,2.69442680257586e-06,5.82703896925807e-05,5.05989393298015e-05,0.0024926886138009,5.26411449937842e-05,True,True,True,True,Rpv12+1,24,,NP_194449.1,NP_194449.1 NB-ARC domain-containing disease resistance protein [Arabidopsis thaliana],28.113
Vitvi13g02475,537.631171113266,1.4507751265305,1.34658562398074,0.314601822516889,4.71223216345742,2.45018004450685e-06,5.84343035590231e-05,0.0715760465208579,0.745365366615893,0.0380507177576305,False,True,True,False,Rpv12+1,0,,NP_188065.1,NP_188065.1 NB-ARC domain-containing disease resistance protein [Arabidopsis thaliana],37.512
Vitvi12g02180,497.511411993084,-1.13423949230118,-1.04922884895644,0.241779409972728,-4.81308366586427,1.48619031765615e-06,6.34695330526109e-05,0.284461627165583,1.0,0.121368259476725,False,True,True,False,Rpv12+1,6,ZAR1,NP_850677.1,NP_850677.1 HOPZ-ACTIVATED RESISTANCE 1 [Arabidopsis thaliana],28.302
Vitvi17g01121,44.0927641996865,8.45865972577931,7.37996121734916,1.96533191411596,4.68748426657584,2.76583957091373e-06,6.45869418663797e-05,1.79575667540992e-05,0.0014772075116996,8.94484343962595e-05,True,True,True,True,Rpv12+1,0,,NP_173228.1,NP_173228.1 Kunitz family trypsin and protease inhibitor protein [Arabidopsis thaliana],54.902
Vitvi03g00206,755.67981941,2.37432728395777,2.16055632594424,0.542120023595106,4.68682816766684,2.77471741863673e-06,6.47031386613953e-05,0.0033351864863357,0.101212463220483,0.0032520633790307,False,True,True,False,Rpv12+1,0,HCHIB,NP_566426.2,NP_566426.2 basic chitiNAse [Arabidopsis thaliana],67.657
Vitvi16g01776,975.061187760739,1.19890475910916,1.11802916478055,0.262939752196655,4.68334325837575,2.82233289075089e-06,6.54717449119953e-05,0.218581780539238,1.0,0.106028148103986,False,True,True,False,Rpv12+1,0,,NP_181039.1,NP_181039.1 disease resistance family protein / LRR family protein [Arabidopsis thaliana],39.273
Vitvi16g01213,247.15726769359,-1.66834494460335,-1.52650507442141,0.372894246643228,-4.65010341980876,3.31768621276544e-06,6.93252905323912e-05,0.0312418243719627,0.472128760107552,0.0162426881163148,False,True,True,False,Rpv12+1,24,WRKY53,NP_194112.1,NP_194112.1 WRKY family transcription factor [Arabidopsis thaliana],42.14
Vitvi08g02333,2051.99554661844,1.07525967142749,1.00442952267515,0.236327469286546,4.66604634733315,3.07050470877999e-06,7.04329180684393e-05,0.371990390298072,1.0,0.181323705178052,False,True,True,False,Rpv12+1,0,BG1,NP_191286.1,"NP_191286.1 beta-1,3-glucaNAse 1 [Arabidopsis thaliana]",56.347
Vitvi15g01670,6.8636217589267,-7.99309695694117,-8.03522481899155,3.12018530512804,-4.64144344591362,3.45983720752505e-06,7.19903289227933e-05,2.45448520796119e-05,0.0013661037990437,0.0020208065431101,True,True,True,True,Rpv12+1,24,RPP13,NP_190237.1,NP_190237.1 NB-ARC domain-containing disease resistance protein [Arabidopsis thaliana],34.263
Vitvi19g00306,84.3107504116701,4.15230369325506,3.77176530505226,0.912553158848336,4.65935910520198,3.1719541994896e-06,7.25573478724472e-05,0.000202166011835,0.011422161346856,0.0001657049822218,True,True,True,True,Rpv12+1,0,MYB102,NP_567626.1,NP_567626.1 MYB-like 102 [Arabidopsis thaliana],50.938
Vitvi05g00166,65.7767112497782,2.30502408707217,2.10018372448745,0.510996138400012,4.65705103513145,3.20770949090949e-06,7.31037289713655e-05,0.0041863407739673,0.118916613413382,0.0031635130261426,False,True,True,False,Rpv12+1,0,MYB108,NP_187301.1,NP_187301.1 myb domain protein 108 [Arabidopsis thaliana],56.481
Vitvi13g04426,290.270615095319,1.25651867583721,1.17103092463848,0.272726504960952,4.65361576437482,3.26164346433281e-06,7.40588464399107e-05,0.171046701925986,1.0,0.0828344139747438,False,True,True,False,Rpv12+1,0,,NP_188065.1,NP_188065.1 NB-ARC domain-containing disease resistance protein [Arabidopsis thaliana],40.594
Vitvi12g02623,511.119842887424,-1.09274264657028,-1.01099568570888,0.238890358317552,-4.76976052848012,1.84445054630788e-06,7.62067589586694e-05,0.342806212692361,1.0,0.148671482520293,False,True,True,False,Rpv12+1,6,,NP_564971.2,NP_564971.2 disease resistance protein (TIR-NBS-LRR class) [Arabidopsis thaliana],37.062
Vitvi19g02165,130.359607803928,-1.62476530434796,-1.48615547647656,0.349421370527872,-4.7697664302968,1.84439650992401e-06,7.62067589586694e-05,0.0333194601314026,0.737924727723985,0.0189302724567064,False,True,True,False,Rpv12+1,6,ZAR1,NP_850677.1,NP_850677.1 HOPZ-ACTIVATED RESISTANCE 1 [Arabidopsis thaliana],28.112
Vitvi14g04517,6.9690312878178,-8.10109820292297,-8.24491192024031,3.16297152993167,-4.62268242004827,3.78809435950669e-06,7.80296761210759e-05,2.54878057391732e-05,0.0014066150006983,0.0017265336245276,True,True,True,True,Rpv12+1,24,FER,NP_190723.1,NP_190723.1 Malectin/receptor-like protein kiNAse family protein [Arabidopsis thaliana],53.977
Vitvi12g02705,56.3442054300859,-1.65004151532426,-1.51773454016104,0.360602843235224,-4.62684223517399,3.71283116396596e-06,8.24790879670563e-05,0.034169421260908,0.485809341470363,0.019608250956354,False,True,True,False,Rpv12+1,0,,NP_188064.1,NP_188064.1 LRR and NB-ARC domains-containing disease resistance protein [Arabidopsis thaliana],27.326
Vitvi16g01542,1525.85479017043,-1.92143230990717,-1.76868302057276,0.42006312734096,-4.62534164985793,3.73981432569464e-06,8.30036628178496e-05,0.0132738258768259,0.265872902842182,0.0078257847711357,False,True,True,False,Rpv12+1,0,,NP_181039.1,NP_181039.1 disease resistance family protein / LRR family protein [Arabidopsis thaliana],35.849
Vitvi19g04138,31.8291825589278,3.00474766548736,2.69692648123399,0.70226944636101,4.61135551202597,4.00051678844565e-06,8.8075720822294e-05,0.0010466498642153,0.0419285050505491,0.0015811036223903,True,True,True,True,Rpv12+1,0,ZAR1,NP_850677.1,NP_850677.1 HOPZ-ACTIVATED RESISTANCE 1 [Arabidopsis thaliana],26.613
Vitvi19g01577,275.969031283248,-1.09828828818149,-1.01126283843118,0.236672820211078,-4.73195553035703,2.22367135402124e-06,8.92761499187662e-05,0.335974973155326,1.0,0.148458038663467,False,True,True,False,Rpv12+1,6,,NP_188065.1,NP_188065.1 NB-ARC domain-containing disease resistance protein [Arabidopsis thaliana],33.366
Vitvi09g01196,22.4002362972951,4.00275773785089,3.57710328245892,0.877084996886648,4.58727007881201,4.49079568858097e-06,9.7048458406913e-05,0.0002895294046017,0.0153315783299137,0.0002385309234895,True,True,True,True,Rpv12+1,0,ABCG40,NP_001323077.1,NP_001323077.1 pleiotropic drug resistance 12 [Arabidopsis thaliana],69.03
Vitvi10g02229,8.84578395291367,-8.10640245033844,-8.38743152801287,3.1883453761483,-4.56667293230572,4.95526257474964e-06,9.82122677325278e-05,3.13732140214428e-05,0.0016579634456301,0.0015712129229422,True,True,True,True,Rpv12+1,24,CRK25,NP_001329426.1,NP_001329426.1 cysteine-rich RLK (RECEPTOR-like protein kiNAse) 25 [Arabidopsis thaliana],50.0
Vitvi19g04569,147.863036251525,-1.25526438410516,-1.15001010124167,0.275476621183897,-4.7067743920331,2.51667163444257e-06,9.98762662293827e-05,0.169246667188328,1.0,0.0766651154999747,False,True,True,False,Rpv12+1,6,,NP_188065.1,NP_188065.1 NB-ARC domain-containing disease resistance protein [Arabidopsis thaliana],32.577
Vitvi15g00335,7.36356241092577,-7.70335300167671,-7.88486399900923,3.0304424293363,-4.55577109253674,5.21937522443353e-06,0.0001027032971478,3.69272339255952e-05,0.0018915832447552,0.0018778508673091,True,True,True,True,Rpv12+1,24,,NP_175437.1,NP_175437.1 NB-ARC domain-containing disease resistance protein [Arabidopsis thaliana],37.48
Vitvi09g00546,561.449522247691,1.1481869039558,1.06616979393082,0.262316433525582,4.57170805896097,4.83764623244163e-06,0.0001035449631472,0.277584525708246,1.0,0.136892066593561,False,True,True,False,Rpv12+1,0,,NP_201107.2,NP_201107.2 Disease resistance protein (CC-NBS-LRR class) family [Arabidopsis thaliana],41.881
Vitvi06g01599,225.786245291678,-3.46646391967305,-3.06958213133649,0.828603032578068,-4.54532766873654,5.48498584600547e-06,0.0001069897951719,0.0006101385960103,0.0205678035219536,0.0009909328066943,True,True,True,True,Rpv12+1,24,,NP_176113.1,NP_176113.1 Disease resistance-responsive (dirigent-like protein) family protein [Arabidopsis thaliana],50.532
Vitvi14g01247,212.642937367882,1.62286504083608,1.48200390301906,0.378846623600806,4.56143895361293,5.08042474376059e-06,0.000107711999989,0.0399982138834065,0.534924988229055,0.0268350173547335,False,True,True,False,Rpv12+1,0,AS1,NP_181299.1,NP_181299.1 myb-like HTH transcriptioNAl regulator family protein [Arabidopsis thaliana],46.819
Vitvi18g04593,45.6984178776968,2.2643564736782,2.05531378636316,0.515325190443496,4.54587578178599,5.47072955604013e-06,0.0001146062018219,0.0055696827875285,0.144641244714967,0.0044425496935577,False,True,True,False,Rpv12+1,0,,NP_564971.2,NP_564971.2 disease resistance protein (TIR-NBS-LRR class) [Arabidopsis thaliana],34.658
Vitvi07g00598,166.701429482564,-2.31056119038542,-2.08999943088903,0.525017310452686,-4.51898989944071,6.21353586695238e-06,0.0001197783017357,0.0051857285446633,0.119203403339058,0.0032413174049176,False,True,True,False,Rpv12+1,24,MYB14,NP_180676.1,NP_180676.1 myb domain protein 14 [Arabidopsis thaliana],51.282
Vitvi12g02085,169.441942485609,-1.20908674098705,-1.1068210852656,0.266129914929528,-4.66333106494396,3.11131609753767e-06,0.0001203092085216,0.209998222511014,1.0,0.0922978333875368,False,True,True,False,Rpv12+1,6,,NP_194449.1,NP_194449.1 NB-ARC domain-containing disease resistance protein [Arabidopsis thaliana],25.399
Vitvi05g02235,11.8559305728516,-6.44526013998056,-5.68684445600805,1.48146382253737,-4.51322185684432,6.38501691021848e-06,0.0001226042685893,6.87424661941756e-05,0.0032168768750866,0.0001094182920421,True,True,True,True,Rpv12+1,24,,NP_001322398.1,NP_001322398.1 Disease resistance protein (CC-NBS-LRR class) family [Arabidopsis thaliana],26.251
Vitvi12g02646,856.977004640921,1.09340244231701,1.01204615846245,0.25093189787401,4.51012807940139,6.47884968751626e-06,0.0001241158171863,0.350018076734531,1.0,0.131341916459224,False,True,True,False,Rpv12+1,24,,NP_188065.1,NP_188065.1 NB-ARC domain-containing disease resistance protein [Arabidopsis thaliana],43.085
Vitvi11g00228,74.4835480187943,-2.92661572415712,-2.61277488183674,0.690367875698223,-4.5086818746715,6.52316352399382e-06,0.0001245969563774,0.0014982194330882,0.0430207707466025,0.00149687809075,True,True,True,True,Rpv12+1,24,MYB36,NP_200570.1,NP_200570.1 myb domain protein 36 [Arabidopsis thaliana],77.5
Vitvi17g00450,599.445949256555,-3.81545354684075,-3.39178105150159,0.893392496314242,-4.50391658691898,6.67124002189185e-06,0.0001268153311568,0.0004445220784102,0.0159291137659351,0.0005524971830991,True,True,True,True,Rpv12+1,24,,NP_850009.1,NP_850009.1 Disease resistance-responsive (dirigent-like protein) family protein [Arabidopsis thaliana],48.101
Vitvi09g04152,12.4343005065763,4.88896356615174,4.35516072651709,1.14102496337459,4.50645232777723,6.59204869974584e-06,0.0001351095771771,0.000168766529598,0.0099431613688169,0.0002349837564727,True,True,True,True,Rpv12+1,0,ABCG40,NP_173005.1,NP_173005.1 pleiotropic drug resistance 12 [Arabidopsis thaliana],72.093
Vitvi13g04787,522.429682280137,-1.4248239293707,-1.30435329905183,0.324485342749259,-4.48260149847102,7.37385511623511e-06,0.0001386735073615,0.0906884570050656,0.992187096108536,0.036708139690026,False,True,True,False,Rpv12+1,24,RLK1,NP_001318851.1,NP_001318851.1 receptor-like protein kiNAse 1 [Arabidopsis thaliana],42.616
Vitvi13g01798,88.1915745097365,2.24144889987375,2.01811620164757,0.535698887489711,4.4940378586349,6.98851955802639e-06,0.0001415864867035,0.006403926359873,0.157920246684848,0.0064447731372438,False,True,True,False,Rpv12+1,0,,NP_188065.1,NP_188065.1 NB-ARC domain-containing disease resistance protein [Arabidopsis thaliana],38.346
Vitvi05g01581,38.8205696756281,-2.85011532683058,-2.55261673979169,0.662490673092415,-4.46859037369432,7.87367460708356e-06,0.0001472861409416,0.0018614889509045,0.0520242408832398,0.0014452417183897,False,True,True,False,Rpv12+1,24,EP3,NP_191010.1,NP_191010.1 homolog of carrot EP3-3 chitiNAse [Arabidopsis thaliana],57.358
Vitvi17g04304,29.7078774313375,5.4125590379237,4.80993531757883,1.28399327140522,4.47859191651975,7.51370163688209e-06,0.0001497633928205,0.0001305916534449,0.0081726006279126,0.0002246951363321,True,True,True,True,Rpv12+1,0,,NP_173228.1,NP_173228.1 Kunitz family trypsin and protease inhibitor protein [Arabidopsis thaliana],56.219
Vitvi17g04044,1466.03003752446,-2.43845088048682,-2.18991383529752,0.565544217337343,-4.45876961664708,8.24314622169589e-06,0.0001532665285416,0.0042661789166818,0.102152877062561,0.0029724480333456,False,True,True,False,Rpv12+1,24,,NP_849538.2,NP_849538.2 Leucine-rich repeat receptor-like protein kiNAse family protein [Arabidopsis thaliana],53.02
Vitvi14g03057,803.640580986642,2.65049265132574,2.33388093733393,0.675603436490094,4.46392898475031,8.04702450074786e-06,0.0001587241758209,0.0027201173452665,0.0865639289961402,0.0052773517162644,False,True,True,False,Rpv12+1,0,,NP_849538.2,NP_849538.2 Leucine-rich repeat receptor-like protein kiNAse family protein [Arabidopsis thaliana],41.628
Vitvi10g01729,80.6729088041087,4.02072269964474,3.57356546804545,0.980152727130928,4.46291820982495,8.08509205008997e-06,0.0001593474621968,0.0003998040191141,0.0198453004478308,0.000777226134422,True,True,True,True,Rpv12+1,0,,NP_566697.1,NP_566697.1 Receptor-like protein kiNAse-related family protein [Arabidopsis thaliana],32.883
Vitvi12g02718,229.605819387891,-3.14365931634289,-2.83036512800991,0.705869322618559,-4.59257846333469,4.37802821805362e-06,0.0001598145883107,0.0008690574648161,0.0515502816828224,0.0008860516792297,False,True,True,False,Rpv12+1,6,JAZ12,NP_197590.1,NP_197590.1 jasmoNAte-zim-domain protein 12 [Arabidopsis thaliana],40.0
Vitvi12g04630,81.4268861033209,-5.93940623613417,-5.2137908743086,1.30726742317785,-4.45628004940345,8.33940779012731e-06,0.0001629793116488,0.0001053796703451,0.0069436443238229,0.000101480515635,True,True,True,True,Rpv12+1,0,RPS2,NP_194339.1,NP_194339.1 NB-ARC domain-containing disease resistance protein [Arabidopsis thaliana],25.683
Vitvi14g00377,141.995689325901,1.26409838895034,1.16493000170582,0.292971560956837,4.4558428552586,8.35642286327349e-06,0.0001631290282564,0.175946154807168,1.0,0.0907938507812977,False,True,True,False,Rpv12+1,0,,NP_194449.1,NP_194449.1 NB-ARC domain-containing disease resistance protein [Arabidopsis thaliana],28.601
Vitvi12g04595,2265.54290645006,-1.42118723146708,-1.28475595735383,0.341463253806378,-4.44231371737764,8.89966734326008e-06,0.0001639881859899,0.0939969055960362,1.0,0.0444859620569302,False,True,True,False,Rpv12+1,24,,NP_194449.1,NP_194449.1 NB-ARC domain-containing disease resistance protein [Arabidopsis thaliana],25.087
Vitvi12g02735,166.174325654525,-1.1162819749186,-1.0439393023638,0.254372111564578,-4.45212761709178,8.50236067488041e-06,0.0001657153145461,0.321404953572967,1.0,0.152433407099871,False,True,True,False,Rpv12+1,0,RPS2,NP_194339.1,NP_194339.1 NB-ARC domain-containing disease resistance protein [Arabidopsis thaliana],28.51
Vitvi10g00509,261.043745171479,1.79033197435467,1.615450853273,0.430568336333869,4.44704312965099,8.70603630569616e-06,0.0001686178541093,0.0248159904790226,0.399025036542254,0.0197002684982812,False,True,True,False,Rpv12+1,0,MLO6,NP_176350.1,NP_176350.1 Seven transmembrane MLO family protein [Arabidopsis thaliana],45.522
Vitvi19g00641,1463.23852374511,-1.39551372225991,-1.29379972663152,0.319430204749611,-4.43396840199081,9.25141913075435e-06,0.0001698670044777,0.104437211511443,1.0,0.0379768998872493,False,True,True,False,Rpv12+1,24,ABCC3,NP_187915.1,NP_187915.1 multidrug resistance-associated protein 3 [Arabidopsis thaliana],70.053
Vitvi11g00146,243.932999154911,-1.51079457539398,-1.36860520221985,0.355998372337512,-4.42743083543452,9.53621362237744e-06,0.0001744128870088,0.0672097043881078,0.813997306449258,0.0310412300155048,False,True,True,False,Rpv12+1,24,RPS2,NP_194339.1,NP_194339.1 NB-ARC domain-containing disease resistance protein [Arabidopsis thaliana],49.557
Vitvi18g01144,478.150774826904,1.48314733280854,1.35170483125669,0.344819106886675,4.43662361129244,9.13808698598026e-06,0.0001756052347789,0.0741915493399856,0.761985370704627,0.0440924891794236,False,True,True,False,Rpv12+1,0,CLV1,NP_177710.1,NP_177710.1 Leucine-rich receptor-like protein kiNAse family protein [Arabidopsis thaliana],69.407
Vitvi14g04518,123.62170885041,2.26489858754562,2.04149831234541,0.533863628642847,4.42159748443226,9.79738436735475e-06,0.0001865288727002,0.0067675612693732,0.163465037161159,0.0055878362816468,False,True,True,False,Rpv12+1,0,FER,NP_190723.1,NP_190723.1 Malectin/receptor-like protein kiNAse family protein [Arabidopsis thaliana],53.977
Vitvi08g00868,7987.76236928684,-1.40387598731715,-1.28411396517317,0.321020208472696,-4.40825033683252,1.04209054572004e-05,0.0001887281356384,0.102364421829263,1.0,0.0414702821555022,False,True,True,False,Rpv12+1,24,WRKY70,NP_191199.1,NP_191199.1 WRKY DNA-binding protein 70 [Arabidopsis thaliana],41.143
Vitvi19g01617,59.3686202067382,-2.7967707600545,-2.500052900918,0.649616401689734,-4.5531369071826,5.28518532073043e-06,0.0001889277579317,0.0017215122193286,0.0889980991016183,0.0021143832709784,False,True,True,False,Rpv12+1,6,,NP_188065.1,NP_188065.1 NB-ARC domain-containing disease resistance protein [Arabidopsis thaliana],33.897
Vitvi05g04157,13.7685904244091,-2.71922803550288,-2.43447437411142,0.638935258087743,-4.40239540486761,1.07062208116043e-05,0.0001929469319054,0.0026895550040537,0.0702156380748926,0.0020570709384021,False,True,True,False,Rpv12+1,24,RPM1,NP_187360.1,NP_187360.1 NB-ARC domain-containing disease resistance protein [Arabidopsis thaliana],30.392
Vitvi14g01380,3132.5090136066,-1.097631610008,-1.02085823713802,0.249745181177525,-4.38804631021378,1.14373425667277e-05,0.0002032975263159,0.348155203199233,1.0,0.125614863364378,False,True,True,False,Rpv12+1,24,FER,NP_190723.1,NP_190723.1 Malectin/receptor-like protein kiNAse family protein [Arabidopsis thaliana],53.491
Vitvi12g04571,30.9730255685129,2.36476931495394,2.10629398219641,0.57469752391144,4.39624533465802,1.10139443479414e-05,0.0002063418501565,0.0055873707648794,0.144856324914252,0.0059096309444343,False,True,True,False,Rpv12+1,0,,NP_188065.1,NP_188065.1 NB-ARC domain-containing disease resistance protein [Arabidopsis thaliana],30.481
Vitvi05g04298,7.17036557939208,5.93889498675702,5.58026528347411,2.09226114972297,4.39208617240999,1.1226818198271e-05,0.0002100105490756,0.0001299731114996,0.0081726006279126,0.0029252285310091,True,True,True,True,Rpv12+1,0,,NP_001327255.1,NP_001327255.1 Disease resistance protein (TIR-NBS-LRR class) family [Arabidopsis thaliana],32.0
Vitvi07g04521,981.778378277296,-1.28256931017335,-1.174625682427,0.310425759509308,-4.38001188978388,1.18672833563434e-05,0.000219491285861,0.167276788778286,1.0,0.0910521567958403,False,True,True,False,Rpv12+1,0,,NP_201491.1,NP_201491.1 Disease resistance protein (CC-NBS-LRR class) family [Arabidopsis thaliana],40.723
Vitvi09g04535,322.672178718474,3.90144815501556,3.37939515891901,1.00534486915777,4.37584709605361,1.20961789008425e-05,0.0002227215720486,0.0005684771753761,0.0258622511837638,0.0017923161965065,True,True,True,True,Rpv12+1,0,,NP_181039.1,NP_181039.1 disease resistance family protein / LRR family protein [Arabidopsis thaliana],37.157
Vitvi04g01470,967.897668831457,2.35002090622565,2.11161120269694,0.551241657809814,4.50159376292938,6.74457994676149e-06,0.0002321540221617,0.0048542974429242,0.195962294459037,0.0042467184285408,False,True,True,False,Rpv12+1,6,,NP_177708.1,NP_177708.1 Pathogenesis-related thaumatin superfamily protein [Arabidopsis thaliana],69.057
Vitvi09g00476,744.203239342555,-3.15794443115564,-2.80455754015443,0.761881119709808,-4.35073992488819,1.35678904317886e-05,0.0002355592309214,0.0014743962004059,0.0425234070633071,0.0013762511260804,True,True,True,True,Rpv12+1,24,ABCG40,NP_173005.1,NP_173005.1 pleiotropic drug resistance 12 [Arabidopsis thaliana],73.012
Vitvi13g02144,262.022477870617,-1.49967281773719,-1.36587495822293,0.357232929044435,-4.3512808451031,1.35344558666016e-05,0.0002441555564988,0.0735579765969449,0.757560279448615,0.0435623661664685,False,True,True,False,Rpv12+1,0,,NP_193688.1,NP_193688.1 disease resistance protein (TIR-NBS-LRR class) family [Arabidopsis thaliana],24.847
Vitvi08g04140,2993.72736179881,1.32771290084684,1.21510694299126,0.318804985141237,4.35025868565389,1.35977022980758e-05,0.0002450570547296,0.14146666918584,1.0,0.07751574936004,False,True,True,False,Rpv12+1,0,FER,NP_190723.1,NP_190723.1 Malectin/receptor-like protein kiNAse family protein [Arabidopsis thaliana],72.311
Vitvi03g01292,13.2660637256011,7.30491222809026,6.52318861722441,1.85318807292662,4.34699805112067,1.38013445148749e-05,0.0002481824258893,8.81294522766809e-05,0.0059264224732794,0.0002150897988353,True,True,True,True,Rpv12+1,0,,NP_001078199.1,NP_001078199.1 BifunctioNAl inhibitor/lipid-transfer protein/seed storage 2S albumin superfamily protein [Arabidopsis thaliana],77.907
Vitvi18g02375,1752.27238807161,2.71166410293209,2.33908555757521,0.741823464083909,4.34325959086501,1.40384087674621e-05,0.0002518938371414,0.0030573708361838,0.0950984110627034,0.0084034877637042,False,True,True,False,Rpv12+1,0,,NP_001331467.1,NP_001331467.1 disease resistance protein (TIR-NBS-LRR class) [Arabidopsis thaliana],31.648
Vitvi04g01625,192.629809814842,-1.98051505536366,-1.7741582068076,0.475835036733331,-4.32634869570676,1.51601369540288e-05,0.0002599061475291,0.0161010731493795,0.285551167806521,0.0102589435931046,False,True,True,False,Rpv12+1,24,RLK1,NP_001318851.1,NP_001318851.1 receptor-like protein kiNAse 1 [Arabidopsis thaliana],33.492
Vitvi11g04157,23.9547900977761,-2.33106022630565,-2.07400183492194,0.571676898512918,-4.32402154054878,1.53210326988123e-05,0.0002622994868436,0.0067733805413415,0.146686515571576,0.0051887127053801,False,True,True,False,Rpv12+1,24,ChiC,NP_193716.1,NP_193716.1 Glycosyl hydrolase family protein with chitiNAse insertion domain-containing protein [Arabidopsis thaliana],49.185
Vitvi13g02560,602.54681945301,-1.60399301517778,-1.43599011810066,0.383541466965162,-4.46442179657349,8.02852653877526e-06,0.000266595360272,0.0463713270347305,0.890226476446914,0.0310116979853951,False,True,True,False,Rpv12+1,6,,NP_188064.1,NP_188064.1 LRR and NB-ARC domains-containing disease resistance protein [Arabidopsis thaliana],34.483
Vitvi10g00992,808.310618677306,1.90716105864347,1.69958454386515,0.485278780798089,4.32711697822967,1.51073737858577e-05,0.0002685319340464,0.019783629778718,0.342955580769704,0.0192442782418018,False,True,True,False,Rpv12+1,0,WAK2,NP_173549.1,NP_173549.1 wall-associated kiNAse 2 [Arabidopsis thaliana],37.333
Vitvi18g02337,901.636607522149,1.25467241192257,1.14910212366947,0.304096201110903,4.30623557624294,1.66056213473343e-05,0.0002904050465879,0.191038355726849,1.0,0.0997243862117153,False,True,True,False,Rpv12+1,0,,NP_197270.1,NP_197270.1 disease resistance protein (TIR-NBS-LRR class) [Arabidopsis thaliana],36.549
Vitvi04g00133,1366.76430264841,-1.20304767812993,-1.10670859596424,0.280796312258562,-4.29726066619531,1.72921805209027e-05,0.0002919877719759,0.234139529550593,1.0,0.086303844957438,False,True,True,False,Rpv12+1,24,WRKY50,NP_197989.2,NP_197989.2 WRKY DNA-binding protein 50 [Arabidopsis thaliana],50.581
Vitvi09g01651,40.9461393145823,2.32703293959168,2.04588530676312,0.602504880918002,4.30228253458493,1.69047557356059e-05,0.0002946244828766,0.0070745621367088,0.169472042980005,0.0098743047711773,False,True,True,False,Rpv12+1,0,RPS5,NP_001323155.1,NP_001323155.1 Disease resistance protein (CC-NBS-LRR class) family [Arabidopsis thaliana],37.037
Vitvi13g01617,413.332007794113,-1.85577501290495,-1.6585808196784,0.445300444080253,-4.43456986494629,9.22562987967613e-06,0.0002992416757127,0.0204291774131199,0.544202496893893,0.0155184474867294,False,True,True,False,Rpv12+1,6,,NP_188065.1,NP_188065.1 NB-ARC domain-containing disease resistance protein [Arabidopsis thaliana],38.454
Vitvi14g02927,793.565328203306,-1.4222884121929,-1.30575596175036,0.336649745001912,-4.28721569636816,1.80926594000057e-05,0.0003036313058436,0.101525443495998,1.0,0.0396771992506779,False,True,True,False,Rpv12+1,24,FER,NP_190723.1,NP_190723.1 Malectin/receptor-like protein kiNAse family protein [Arabidopsis thaliana],49.123
Vitvi01g00940,774.012290387862,1.95441391618865,1.87621363356292,0.455917814159862,4.43065503930174,9.39472735595445e-06,0.0003042756729823,0.0152453913106079,0.443115768104659,0.0053817316020323,False,True,True,False,Rpv12+1,6,WRKY72,NP_197017.1,NP_197017.1 WRKY DNA-binding protein 72 [Arabidopsis thaliana],41.016
Vitvi14g01375,1904.83715678234,1.50962686779554,1.3634649554853,0.375928783353052,4.29109552511913,1.77793807009993e-05,0.0003065170209585,0.073723541588856,0.758463275855288,0.0490614204234301,False,True,True,False,Rpv12+1,0,FER,NP_190723.1,NP_190723.1 Malectin/receptor-like protein kiNAse family protein [Arabidopsis thaliana],51.609
Vitvi19g02185,127.546679965183,-1.60527224451061,-1.44453557280392,0.376182838542936,-4.42652057141748,9.57652534518205e-06,0.0003089197594303,0.0475555624894288,0.904074098227447,0.029328719059545,False,True,True,False,Rpv12+1,6,,NP_188064.1,NP_188064.1 LRR and NB-ARC domains-containing disease resistance protein [Arabidopsis thaliana],28.982
Vitvi17g01555,51.837622168479,-2.2116770212096,-1.98781364116221,0.526896602163178,-4.2882300428191,1.8010251544861e-05,0.0003094146144066,0.0094037223147795,0.209176846966257,0.0069448996349157,False,True,True,False,Rpv12+1,0,,NP_001319266.1,NP_001319266.1 Disease resistance protein (CC-NBS-LRR class) family [Arabidopsis thaliana],30.843
Vitvi14g01367,162.916984477984,2.23223912657367,1.9787125220662,0.568505889403723,4.2839340895611,1.83617327714309e-05,0.0003139206443837,0.0090195549404029,0.202178695532135,0.0101987158103326,False,True,True,False,Rpv12+1,0,FER,NP_190723.1,NP_190723.1 Malectin/receptor-like protein kiNAse family protein [Arabidopsis thaliana],48.952
Vitvi13g04744,142.851380852275,-3.63582190261397,-3.11642026422838,0.999604627016127,-4.27457092083187,1.91505741139207e-05,0.0003255994091584,0.000971264814453,0.0397184559980192,0.0036317498302296,True,True,True,True,Rpv12+1,0,,NP_188065.1,NP_188065.1 NB-ARC domain-containing disease resistance protein [Arabidopsis thaliana],33.204
Vitvi04g01624,388.696366500043,-2.42558088558328,-2.1499615102328,0.597064598209158,-4.26498852140421,1.99912479181805e-05,0.0003298756756277,0.0060940405035582,0.134868024985262,0.0043544771991765,False,True,True,False,Rpv12+1,24,RLK1,NP_001318851.1,NP_001318851.1 receptor-like protein kiNAse 1 [Arabidopsis thaliana],47.134
Vitvi10g00437,42.3922493210176,-3.90594045464674,-3.46209518459755,0.935083600457604,-4.26729920421742,1.97853718506811e-05,0.0003327307123715,0.0007497819443646,0.0325323979380312,0.000763179565304,True,True,True,True,Rpv12+1,0,NAC025,NP_564771.1,NP_564771.1 NAC domain containing protein 25 [Arabidopsis thaliana],58.308
Vitvi07g00515,1076.07675467276,1.75950748475534,1.57782612570474,0.446254616733353,4.26406422025139,2.0074170705029e-05,0.0003371147031282,0.0328384647030785,0.473290026538749,0.0252570180708513,False,True,True,False,Rpv12+1,0,MYB61,NP_172425.2,NP_172425.2 myb domain protein 61 [Arabidopsis thaliana],44.42
Vitvi08g01702,7796.49762872399,3.17079126438498,2.74052445703058,0.867289113789933,4.24818798555,2.15506527718109e-05,0.0003574862131266,0.001816428091205,0.0636942928121093,0.0048260133763464,False,True,True,False,Rpv12+1,0,BG3,NP_191283.2,"NP_191283.2 beta-1,3-glucaNAse 3 [Arabidopsis thaliana]",64.241
Vitvi18g04453,1789.72382895066,-2.35377860112854,-2.1173976004789,0.548709823777161,-4.24761844028069,2.16054950596829e-05,0.0003579508919235,0.0072824078793295,0.173024984300983,0.0045870382978517,False,True,True,False,Rpv12+1,0,,NP_001330641.1,NP_001330641.1 Disease resistance protein (TIR-NBS-LRR class) family [Arabidopsis thaliana],38.117
Vitvi11g01638,15.8395316700317,2.83005140805965,2.50849638596819,0.705354089111126,4.24614476085237,2.17480149210779e-05,0.0003591046217129,0.0030184809786876,0.0942727351287781,0.0032882167276544,False,True,True,False,Rpv12+1,0,ACD11,NP_181016.1,NP_181016.1 Glycolipid transfer protein (GLTP) family protein [Arabidopsis thaliana],52.792
Vitvi08g01426,237.783417199476,3.71386255322841,3.19307297735926,1.02456340474076,4.245857372363,2.17759124015216e-05,0.0003593244326348,0.0009591411924486,0.0393880289690191,0.0032701127827113,True,True,True,True,Rpv12+1,0,NAC090,NP_197630.1,NP_197630.1 NAC domain containing protein 90 [Arabidopsis thaliana],52.778
Vitvi06g00137,1237.50065259551,1.21718439774651,1.11194721138102,0.301871110261034,4.24398053524869,2.19589407801181e-05,0.0003616179579271,0.224446735282119,1.0,0.118858859726386,False,True,True,False,Rpv12+1,0,RLK1,NP_001318851.1,NP_001318851.1 receptor-like protein kiNAse 1 [Arabidopsis thaliana],43.976
Vitvi09g00416,315.00679695994,-1.1495108468247,-1.04085814015533,0.272823030672069,-4.35934150198937,1.30454398737244e-05,0.0004009852467682,0.285358216913295,1.0,0.130191854844686,False,True,True,False,Rpv12+1,6,RPS5,NP_172686.1,NP_172686.1 Disease resistance protein (CC-NBS-LRR class) family [Arabidopsis thaliana],38.736
Vitvi02g04312,139.419968045736,1.33057627460497,1.17291376333227,0.329912059089759,4.19257403675844,2.75807026738806e-05,0.0004369217714562,0.148792090542142,1.0,0.095479427109398,False,True,True,False,Rpv12+1,0,RPS2,NP_194339.1,NP_194339.1 NB-ARC domain-containing disease resistance protein [Arabidopsis thaliana],23.044
Vitvi17g01386,122.394867985971,-1.16304516278954,-1.06242272020201,0.283084504351493,-4.18498899904531,2.85179911915002e-05,0.0004485926864938,0.278707335399103,1.0,0.142223192568279,False,True,True,False,Rpv12+1,0,,NP_188064.1,NP_188064.1 LRR and NB-ARC domains-containing disease resistance protein [Arabidopsis thaliana],31.551
Vitvi06g01605,44.6147483836483,5.085511424769,4.26838746043025,1.47938174003396,4.18380697183001,2.86667547008792e-05,0.0004501173797392,0.0003884189524218,0.0193536216693401,0.002748168526921,True,True,True,True,Rpv12+1,0,,NP_187974.1,NP_187974.1 Disease resistance-responsive (dirigent-like protein) family protein [Arabidopsis thaliana],51.031
Vitvi06g01321,48.5319705539829,2.07331157215538,1.84277228622495,0.525852643341923,4.18006025833608,2.91431859946101e-05,0.0004561445553768,0.0152347514390652,0.288160421471083,0.013564013569589,False,True,True,False,Rpv12+1,0,MYB36,NP_200570.1,NP_200570.1 myb domain protein 36 [Arabidopsis thaliana],84.874
Vitvi18g04748,6.89142077154564,5.79300843873459,5.50886215259009,2.19316251096907,4.17818589116844,2.93843453330714e-05,0.0004590442178982,0.000273654222334,0.0147294666708593,0.0042580632296298,True,True,True,True,Rpv12+1,0,,NP_197270.1,NP_197270.1 disease resistance protein (TIR-NBS-LRR class) [Arabidopsis thaliana],36.522
Vitvi11g01668,56.178382624485,2.01197195081369,1.80452824323059,0.49148936173597,4.17756457679697,2.94647024485037e-05,0.0004598741223134,0.0178112116714803,0.318253747345801,0.012411381088237,False,True,True,False,Rpv12+1,0,,NP_200559.1,NP_200559.1 cotton fiber protein [Arabidopsis thaliana],51.613
Vitvi15g04599,114.925534057021,-2.25024128522448,-1.97589265596671,0.572500455638778,-4.32147256952509,1.54991322552886e-05,0.0004628447551829,0.0081746314301063,0.28323203123199,0.0093918701655944,False,True,True,False,Rpv12+1,6,CHIA,NP_197797.1,NP_197797.1 chitiNAse A [Arabidopsis thaliana],59.934
Vitvi04g00423,9.98722450334781,-6.66034674290282,-6.79815502396589,2.84464550054433,-4.32004984434591,1.55993962008661e-05,0.0004649559536661,0.0001209368247552,0.0100113493632016,0.0039773019491771,True,True,True,True,Rpv12+1,6,ABCG40,NP_173005.1,NP_173005.1 pleiotropic drug resistance 12 [Arabidopsis thaliana],67.013
Vitvi15g00424,2487.16843083156,1.37880558046352,1.24983621164732,0.344375712117704,4.17252126693073,3.01247471121771e-05,0.0004682355014861,0.125828096358439,1.0,0.0715678870079596,False,True,True,False,Rpv12+1,0,ABCC9,NP_191575.2,NP_191575.2 multidrug resistance-associated protein 9 [Arabidopsis thaliana],68.139
Vitvi01g00552,992.343609517769,1.30100940823903,1.17953602681126,0.326204077770269,4.17082968796494,3.03492627606552e-05,0.0004696141611189,0.167275313085525,1.0,0.0924323559282706,False,True,True,False,Rpv12+1,0,SGR5,NP_001077868.1,NP_001077868.1 C2H2-like zinc finger protein [Arabidopsis thaliana],58.08
Vitvi05g02234,146.381676150192,-2.0977079179494,-1.87984622759968,0.50094731430797,-4.16674398584737,3.08981166915438e-05,0.000475753751758,0.014613461940144,0.280634454835434,0.0093981227832954,False,True,True,False,Rpv12+1,0,,NP_175437.1,NP_175437.1 NB-ARC domain-containing disease resistance protein [Arabidopsis thaliana],28.296
Vitvi19g01610,498.600911900096,1.78848226336722,1.61022699326716,0.449163335129893,4.16354702910452,3.13341449078691e-05,0.0004812643353804,0.0332106968296993,0.476293102175496,0.0224082754091487,False,True,True,False,Rpv12+1,0,,NP_188065.1,NP_188065.1 NB-ARC domain-containing disease resistance protein [Arabidopsis thaliana],33.534
Vitvi12g02630,35.8217170010063,-1.84366837636483,-1.6403680659461,0.445129834402512,-4.30609751944007,1.66159828159692e-05,0.0004865619531147,0.0243914862805772,0.60914531280224,0.0167506745720132,False,True,True,False,Rpv12+1,6,RRS1,NP_199339.2,NP_199339.2 Disease resistance protein (TIR-NBS-LRR class) [Arabidopsis thaliana],34.906
Vitvi02g00721,61.4371555386438,-4.96039485189856,-4.29042369106512,1.29244009019693,-4.15904135295766,3.19586042999073e-05,0.0004889582164768,0.0004494246307852,0.0218380758435009,0.0010445340165377,True,True,True,True,Rpv12+1,0,BG1,NP_191286.1,"NP_191286.1 beta-1,3-glucaNAse 1 [Arabidopsis thaliana]",48.903
Vitvi17g00205,54.853654077477,-3.12373201651511,-2.72395225458601,0.801343306306332,-4.14068479138209,3.46270522011092e-05,0.0005311781183228,0.002437914920263,0.0645479923068428,0.002549456018694,False,True,True,False,Rpv12+1,24,,NP_849538.2,NP_849538.2 Leucine-rich repeat receptor-like protein kiNAse family protein [Arabidopsis thaliana],52.918
Vitvi12g04316,32.3062338165845,-2.84594581522634,-2.52056066745627,0.69691526667564,-4.13424167353289,3.56128572808443e-05,0.0005349746048602,0.0036639553111353,0.108391347252665,0.0029748316226164,False,True,True,False,Rpv12+1,0,SERK2,NP_174683.1,NP_174683.1 somatic embryogenesis receptor-like kiNAse 2 [Arabidopsis thaliana],59.048
Vitvi12g01780,154.064866993519,-1.23717030395127,-1.11076703601961,0.301640922368285,-4.27065831980062,1.94896807921491e-05,0.0005590239281295,0.206478336133555,1.0,0.097021543040092,False,True,True,False,Rpv12+1,6,,NP_564971.2,NP_564971.2 disease resistance protein (TIR-NBS-LRR class) [Arabidopsis thaliana],34.859
Vitvi07g00434,1864.51220446813,1.8733288512371,1.66142798919004,0.466941952038222,4.26612999689937,1.98892916516633e-05,0.0005692867357805,0.0233599324022905,0.594428474427547,0.0181096537515621,False,True,True,False,Rpv12+1,6,WRKY23,NP_182248.1,NP_182248.1 WRKY DNA-binding protein 23 [Arabidopsis thaliana],44.023
Vitvi13g01608,91.8843504561836,-2.7045472815926,-2.35401444081088,0.698342964084977,-4.11430782478225,3.88342928778834e-05,0.0005728872091853,0.0047564255744786,0.130971933266093,0.005734971966635,False,True,True,False,Rpv12+1,0,,NP_188065.1,NP_188065.1 NB-ARC domain-containing disease resistance protein [Arabidopsis thaliana],41.319
Vitvi15g01762,136.16377018385,1.56893008310626,1.41502416673508,0.386745564565234,4.11206550316904,3.92134998048242e-05,0.0005774439815849,0.0679637628426327,0.726083731324964,0.0400557854127668,False,True,True,False,Rpv12+1,0,,NP_001322398.1,NP_001322398.1 Disease resistance protein (CC-NBS-LRR class) family [Arabidopsis thaliana],31.127
Vitvi00g04617,11.2800273193886,5.13547932334193,4.37317250291329,1.40106923103499,4.10956995618696,3.96396620214747e-05,0.0005830225155588,0.0004680386469419,0.022464996266705,0.001634313092667,True,True,True,True,Rpv12+1,0,ABCG40,NP_001323077.1,NP_001323077.1 pleiotropic drug resistance 12 [Arabidopsis thaliana],73.526
Vitvi10g01495,128.910370527491,2.78381915512567,2.37612964331438,0.783291536614486,4.10480371543751,4.04658317750038e-05,0.0005923447603143,0.0042657240593937,0.120634676399654,0.009366883211575,False,True,True,False,Rpv12+1,0,,NP_201491.1,NP_201491.1 Disease resistance protein (CC-NBS-LRR class) family [Arabidopsis thaliana],42.893
Vitvi05g04504,75.9187553072333,2.12683327971747,1.87390003960253,0.556963945811856,4.10487072254432,4.0454104488367e-05,0.0005923447603143,0.0148213572710788,0.283279086343859,0.0148373746959684,False,True,True,False,Rpv12+1,0,,NP_190255.1,NP_190255.1 NB-ARC domain-containing disease resistance protein [Arabidopsis thaliana],28.177
Vitvi14g04262,53.2604314530939,3.88376467012045,3.28360204744076,1.11487599193131,4.10366638214685,4.06653755617889e-05,0.0005949122282305,0.0011556364450629,0.0454459895117834,0.0044016292253816,True,True,True,True,Rpv12+1,0,MYB15,NP_188966.1,NP_188966.1 myb domain protein 15 [Arabidopsis thaliana],79.545
Vitvi18g03016,21.9217607395895,2.13047493014378,1.8618772821506,0.562745067925152,4.08389307469092,4.42874152815947e-05,0.0006513819479864,0.0151174358321282,0.272728968229407,0.0129370108178318,False,True,True,False,Rpv12+1,24,,NP_192938.1,NP_192938.1 Disease resistance protein (TIR-NBS-LRR class) family [Arabidopsis thaliana],25.568
Vitvi05g04414,239.384505594714,2.02856387800266,1.80802774122873,0.50990679067983,4.0692181403936,4.71711670474155e-05,0.0006713826094602,0.0195440584103791,0.340835349304737,0.0139073254430884,False,True,True,False,Rpv12+1,0,CRK25,NP_192429.1,NP_192429.1 cysteine-rich RLK (RECEPTOR-like protein kiNAse) 25 [Arabidopsis thaliana],50.484
Vitvi19g02309,82.8008171961844,-2.41401276503431,-2.10392623451633,0.63169981536895,-4.05949010902471,4.91799909798357e-05,0.0006963208378041,0.0087068552609098,0.197367960806015,0.0095864024655918,False,True,True,False,Rpv12+1,0,,NP_188065.1,NP_188065.1 NB-ARC domain-containing disease resistance protein [Arabidopsis thaliana],34.975
Vitvi14g01368,1507.3977601529,1.3768463094456,1.2376093062408,0.356912089714082,4.056419071947,4.98308173336583e-05,0.0007039174402706,0.133445195958115,1.0,0.0782522066895353,False,True,True,False,Rpv12+1,0,FER,NP_190723.1,NP_190723.1 Malectin/receptor-like protein kiNAse family protein [Arabidopsis thaliana],38.641
Vitvi17g00622,363.530957392532,1.13716461148981,1.03626079022492,0.285466578354399,4.04708975957043,5.1858359336358e-05,0.000744078357956,0.312718500969402,1.0,0.119532584279663,False,True,True,False,Rpv12+1,24,NAC100,NP_200951.1,NP_200951.1 NAC domain containing protein 100 [Arabidopsis thaliana],63.611
Vitvi17g00175,81.7567162664328,-2.66502097700848,-2.34734658711505,0.666981910729034,-4.03582195179394,5.44114690561361e-05,0.0007586196670441,0.0058435594822888,0.149133339021653,0.0046725938327,False,True,True,False,Rpv12+1,0,WAK2,NP_173549.1,NP_173549.1 wall-associated kiNAse 2 [Arabidopsis thaliana],50.419
Vitvi13g04786,596.244651037604,-1.31862334051345,-1.17774429054931,0.330085771385321,-4.1814058498375,2.89712212112204e-05,0.0007784483258413,0.156159747654281,1.0,0.0772050126094022,False,True,True,False,Rpv12+1,6,,NP_188065.1,NP_188065.1 NB-ARC domain-containing disease resistance protein [Arabidopsis thaliana],39.036
Vitvi13g00189,64.2861756893704,2.53287792472892,2.21349155421053,0.6694156257227,4.02455263708424,5.70837256618149e-05,0.0007887350899632,0.0074329959484107,0.175804467463361,0.0082286011776708,False,True,True,False,Rpv12+1,0,WRKY55,NP_181606.1,NP_181606.1 WRKY DNA-binding protein 55 [Arabidopsis thaliana],38.227
Vitvi14g02430,288.281366990556,2.40396012195631,2.06394638480412,0.676325367066918,4.02400958435611,5.72155870530436e-05,0.0007901139028244,0.0093841659071386,0.208919485927524,0.0147206152248224,False,True,True,False,Rpv12+1,0,MYB20,NP_176797.1,NP_176797.1 myb domain protein 20 [Arabidopsis thaliana],59.206
Vitvi16g01964,1875.7678425225,1.91373417021012,1.67752505454693,0.51829923537999,4.0137132524253,5.97709518999327e-05,0.0008153472707678,0.0276575400722281,0.427092559934727,0.0248273269521344,False,True,True,False,Rpv12+1,0,,NP_181039.1,NP_181039.1 disease resistance family protein / LRR family protein [Arabidopsis thaliana],37.068
Vitvi06g01447,23.0386053860081,3.65664061904795,3.17723274522248,0.909891515816805,4.16759312984089,3.07832759515567e-05,0.0008189301713727,0.0012315149462292,0.0688358963213907,0.0016876015646689,False,True,True,False,Rpv12+1,6,ABCG39,NP_176867.2,NP_176867.2 pleiotropic drug resistance 11 [Arabidopsis thaliana],67.144
Vitvi05g02215,88.6533480929371,-2.23961929319223,-1.96641216293245,0.585619590417055,-4.00977105734076,6.07776480574983e-05,0.0008478585150308,0.0132300913386403,0.247735117628841,0.0095636439391454,False,True,True,False,Rpv12+1,24,,NP_198395.1,NP_198395.1 Disease resistance protein (CC-NBS-LRR class) family [Arabidopsis thaliana],26.894
Vitvi18g03141,73.4954226975803,1.67235171585811,1.48704739023842,0.43779837924828,3.99881025471009,6.3661690299257e-05,0.000855629788441,0.0539526059028243,0.639201193529492,0.0368050878176194,False,True,True,False,Rpv12+1,0,,NP_197270.1,NP_197270.1 disease resistance protein (TIR-NBS-LRR class) [Arabidopsis thaliana],35.38
Vitvi02g00560,203.196411414438,1.33636922656017,1.21229636820343,0.350737107207331,3.99413600391078,6.49305869100211e-05,0.0008698368347554,0.15736676028404,1.0,0.0860218307747923,False,True,True,False,Rpv12+1,0,,NP_182037.1,NP_182037.1 C2H2-like zinc finger protein [Arabidopsis thaliana],38.344
Vitvi07g02920,30.3132925247115,-3.27345749700794,-2.88885092564373,0.799692544260733,-4.14394039226554,3.41388515952242e-05,0.000891262623703,0.0020009377238745,0.0985735026720053,0.0018061476568631,False,True,True,False,Rpv12+1,6,,NP_188064.1,NP_188064.1 LRR and NB-ARC domains-containing disease resistance protein [Arabidopsis thaliana],32.743
Vitvi00g04564,4052.21878459666,-3.41878659391734,-2.93597747223961,0.91935050162129,-3.99087630897803,6.58296082100905e-05,0.0009055154817776,0.002374955201457,0.0630725412334172,0.0029400095276333,False,True,True,False,Rpv12+1,24,BG3,NP_191283.2,"NP_191283.2 beta-1,3-glucaNAse 3 [Arabidopsis thaliana]",64.968
Vitvi03g00207,2974.27506458348,-1.93116501618494,-1.7069687652916,0.504241416617341,-3.98992050400337,6.60954439672983e-05,0.0009086648200772,0.0271866111509923,0.425756324777558,0.0165744583124395,False,True,True,False,Rpv12+1,24,NAC036,NP_565404.2,NP_565404.2 NAC domain containing protein 36 [Arabidopsis thaliana],59.507
Vitvi04g02232,483.558743706065,2.21259540183891,1.92524378985272,0.609263730879599,3.97805761831621,6.94805369887979e-05,0.0009163396730492,0.014623435446953,0.280634454835434,0.0163141338242147,False,True,True,False,Rpv12+1,0,RLK1,NP_001318851.1,NP_001318851.1 receptor-like protein kiNAse 1 [Arabidopsis thaliana],37.192
Vitvi15g04001,681.251978392085,-2.51866107238875,-2.18140099991206,0.667877281445109,-3.98695149172866,6.69277025227469e-05,0.0009183633529195,0.0081086916761128,0.169421138622554,0.0070984440071344,False,True,True,False,Rpv12+1,24,CRK25,NP_192429.1,NP_192429.1 cysteine-rich RLK (RECEPTOR-like protein kiNAse) 25 [Arabidopsis thaliana],46.341
Vitvi04g00155,110.591268156144,3.50557134636645,3.01718035744578,0.965412640077912,3.97667557950216,6.98854036025206e-05,0.0009211860905038,0.0022397086096816,0.0748257184171938,0.0038611842039505,False,True,True,False,Rpv12+1,0,MYB3,NP_564176.2,NP_564176.2 myb domain protein 3 [Arabidopsis thaliana],49.02
Vitvi05g02222,90.9510769019511,2.13919666834689,1.8472347488184,0.581461656862895,3.97612428898514,7.00475253887594e-05,0.0009223360959259,0.0171119189242638,0.310753760393431,0.0185657098522987,False,True,True,False,Rpv12+1,0,RPM1,NP_187360.1,NP_187360.1 NB-ARC domain-containing disease resistance protein [Arabidopsis thaliana],27.086
Vitvi11g01630,2019.59233103623,-1.2642406105841,-1.12103445274875,0.321030478652281,-4.13067845853596,3.61694188706819e-05,0.0009304178122928,0.1939701683579,1.0,0.0954371960983625,False,True,True,False,Rpv12+1,6,,NP_194449.1,NP_194449.1 NB-ARC domain-containing disease resistance protein [Arabidopsis thaliana],29.51
Vitvi13g02230,39.6333075969611,-1.91973130979495,-1.69341170887044,0.500313110685373,-3.95786145044882,7.56237994194255e-05,0.0009774753003656,0.0289676774068345,0.439794238703067,0.0216219275887849,False,True,True,False,Rpv12+1,0,,NP_188064.1,NP_188064.1 LRR and NB-ARC domains-containing disease resistance protein [Arabidopsis thaliana],32.749
Vitvi08g01699,928.587555632289,1.80057150830898,1.57187359149721,0.497194355532771,3.94989732612447,7.81847243309158e-05,0.0010021638234216,0.039526584022489,0.530244057150917,0.0345470785990894,False,True,True,False,Rpv12+1,0,BG1,NP_191286.1,"NP_191286.1 beta-1,3-glucaNAse 1 [Arabidopsis thaliana]",57.413
Vitvi11g00634,224.016526267883,1.73642540918933,1.50924744552748,0.475388368859414,3.9483369751321,7.86959792568266e-05,0.0010060997119725,0.0470155471031426,0.588177760244432,0.0402466329257476,False,True,True,False,Rpv12+1,0,ChiC,NP_193716.1,NP_193716.1 Glycosyl hydrolase family protein with chitiNAse insertion domain-containing protein [Arabidopsis thaliana],42.049
Vitvi13g01802,23.4299367359475,2.95581702909886,2.55002170892165,0.78635684556107,3.94792164621675,7.88325950118896e-05,0.0010065561879374,0.0044971327592423,0.125729310507824,0.0053472572651864,False,True,True,False,Rpv12+1,0,,NP_188064.1,NP_188064.1 LRR and NB-ARC domains-containing disease resistance protein [Arabidopsis thaliana],39.394
Vitvi08g01841,699.974352989011,1.92574316365797,1.68130493178118,0.50569436820599,4.10444442546207,4.0528768158172e-05,0.0010250719569062,0.0242427498983837,0.606857506786431,0.0208753194210131,False,True,True,False,Rpv12+1,6,ANAC087,NP_197328.3,NP_197328.3 NAC domain containing protein 87 [Arabidopsis thaliana],74.762
Vitvi06g00007,30.2749331332103,-2.58656285552087,-2.24103823403777,0.688755384916222,-3.95164476608686,7.76158969741804e-05,0.0010392088441043,0.007677739435965,0.161969343472105,0.0065643105068917,False,True,True,False,Rpv12+1,24,NAC032,NP_177869.1,NP_177869.1 NAC domain containing protein 32 [Arabidopsis thaliana],64.824
Vitvi06g04021,4.37435825672181,6.0280066016371,5.42533613854017,2.30847493779719,3.95150044628788,7.76627273744976e-05,0.0010392088441043,0.0004924428142044,0.0173609320441713,0.0045642584402564,True,True,True,True,Rpv12+1,24,CRK8,NP_001328701.1,NP_001328701.1 cysteine-rich RECEPTOR-like kiNAse [Arabidopsis thaliana],41.379
Vitvi12g04545,47.2761392701458,3.97580025361929,3.40458954016823,0.990488331596544,3.92920275156015,8.52279575021952e-05,0.0010668233387927,0.0016366174779873,0.0588889636955572,0.0015393202835645,False,True,True,False,Rpv12+1,0,,NP_849538.2,NP_849538.2 Leucine-rich repeat receptor-like protein kiNAse family protein [Arabidopsis thaliana],40.456
Vitvi11g00241,716.588797198475,1.52123532047568,1.33307257003462,0.41553139171619,3.92214975615728,8.77624139041897e-05,0.0010876561086895,0.0894930378039437,0.847258350751951,0.0647697913861527,False,True,True,False,Rpv12+1,0,NAC075,NP_001329814.1,NP_001329814.1 NAC domain containing protein 75 [Arabidopsis thaliana],62.698
Vitvi10g04203,69.8210951729013,3.40128511622876,2.95471960289189,0.917545913065572,3.9221888324951,8.77481778887299e-05,0.0010876561086895,0.0028112822329831,0.0889242224094388,0.0034864047688841,False,True,True,False,Rpv12+1,0,CRK6,NP_849426.1,NP_849426.1 cysteine-rich RLK (RECEPTOR-like protein kiNAse) 6 [Arabidopsis thaliana],43.452
Vitvi18g04739,10.1741622974155,-7.02117024582633,-6.97262599960183,3.27758146106953,-3.91789024955033,8.93273573856869e-05,0.0011019873693308,0.0003936872143807,0.019578828595033,0.0079688142951142,True,True,True,True,Rpv12+1,0,,NP_001328449.1,NP_001328449.1 Disease resistance protein (TIR-NBS-LRR class) [Arabidopsis thaliana],37.074
Vitvi12g02736,87.3206074308274,1.49257079860542,1.32504360902258,0.391409025685109,3.92704565469207,8.59956623914492e-05,0.0011329353682758,0.0974904824637081,1.0,0.0447598654867937,False,True,True,False,Rpv12+1,24,,NP_194449.1,NP_194449.1 NB-ARC domain-containing disease resistance protein [Arabidopsis thaliana],28.185
Vitvi18g04598,88.5800272011171,-2.35443655280333,-2.03719733023679,0.636186879830386,-3.92637274407209,8.62364834453128e-05,0.0011348942340591,0.0119502848939103,0.229858457749852,0.0101533803123686,False,True,True,False,Rpv12+1,24,,NP_001332330.1,NP_001332330.1 Disease resistance protein (TIR-NBS-LRR class) family [Arabidopsis thaliana],39.161
Vitvi14g01678,118.35661012504,-1.63166804844696,-1.41578131250045,0.437948004715139,-4.07246251732522,4.6518688105179e-05,0.0011547833593517,0.0574468581339897,1.0,0.0425929879034898,False,True,True,False,Rpv12+1,6,NAC044,NP_001319443.1,NP_001319443.1 NAC domain containing protein 44 [Arabidopsis thaliana],46.734
Vitvi09g00368,10.5278468958805,-6.70182780962966,-6.63525063503684,2.92795770194153,-3.89890981783135,9.66267513564494e-05,0.001173814914407,0.0004584377304058,0.0221668624578308,0.0059348721709475,True,True,True,True,Rpv12+1,0,RPS5,NP_172686.1,NP_172686.1 Disease resistance protein (CC-NBS-LRR class) family [Arabidopsis thaliana],38.771
Vitvi15g01542,676.298802797341,-1.60086671642316,-1.41621165397358,0.419301344376176,-3.90371551823603,9.47271194368488e-05,0.0012302041720855,0.0714312365858655,0.850811260314447,0.0335261884479858,False,True,True,False,Rpv12+1,24,NTL9,NP_567986.3,NP_567986.3 NAC transcription factor-like 9 [Arabidopsis thaliana],35.974
Vitvi10g01931,966.802036591655,1.42436550091298,1.26764705447569,0.384445093889124,3.88426099228663,0.0001026416053281,0.0012323847824408,0.123585205617254,1.0,0.0750920162448272,False,True,True,False,Rpv12+1,0,,NP_193820.1,NP_193820.1 ethylene-responsive nuclear protein / ethylene-regulated nuclear protein (ERT2) [Arabidopsis thaliana],47.059
Vitvi12g02094,45.6100076321265,1.3591501650052,1.21558625162762,0.35946792025717,3.88127315221882,0.0001039110503755,0.0012415158105188,0.152537397714162,1.0,0.0863602306498361,False,True,True,False,Rpv12+1,0,RPS2,NP_194339.1,NP_194339.1 NB-ARC domain-containing disease resistance protein [Arabidopsis thaliana],29.512
Vitvi14g01960,615.889885026175,1.62697456123607,1.42693289441497,0.452343846450857,3.87976579582723,0.0001045570908944,0.0012473939425061,0.0674421850964433,0.722153139557045,0.0513218254261283,False,True,True,False,Rpv12+1,0,MYB94,NP_190344.1,NP_190344.1 myb domain protein 94 [Arabidopsis thaliana],53.372
Vitvi09g01335,685.41648760979,-3.08326069577371,-2.61254882781999,0.869727720860535,-3.89335243316118,9.88683536384962e-05,0.0012765832076719,0.0042616676869312,0.102152877062561,0.005689753873452,False,True,True,False,Rpv12+1,24,,NP_181039.1,NP_181039.1 disease resistance family protein / LRR family protein [Arabidopsis thaliana],33.824
Vitvi04g01426,109.685372977786,3.12049902828595,2.59787584895359,0.957334343729683,3.8708922904207,0.0001084377004239,0.0012862162675227,0.0042641306832173,0.120634676399654,0.0117356750174257,False,True,True,False,Rpv12+1,0,,NP_195341.2,NP_195341.2 Leucine-rich receptor-like protein kiNAse family protein [Arabidopsis thaliana],68.684
Vitvi06g01949,6022.58070629868,2.26349646375451,1.9764334579516,0.592227430491607,4.04070262159874,5.32912990812563e-05,0.0013054474675448,0.0120496378595429,0.377599233813643,0.0105074413171074,False,True,True,False,Rpv12+1,6,ABCG39,NP_176867.2,NP_176867.2 pleiotropic drug resistance 11 [Arabidopsis thaliana],67.894
Vitvi13g00120,85.7459822207493,-5.29269641283683,-4.4966174344099,1.46517606134918,-4.04034290736136,5.33731060011262e-05,0.0013060251367182,0.0005254309910307,0.0338540623014107,0.0017040691987614,True,True,True,True,Rpv12+1,6,IMK2,NP_190742.1,NP_190742.1 inflorescence meristem receptor-like kiNAse 2 [Arabidopsis thaliana],67.391
Vitvi14g01379,2059.62966882036,-1.16474598688561,-1.0432137577839,0.307618939159329,-3.88480900603379,0.0001024103648047,0.0013109542868492,0.291337433817816,1.0,0.116585517583893,False,True,True,False,Rpv12+1,24,FER,NP_190723.1,NP_190723.1 Malectin/receptor-like protein kiNAse family protein [Arabidopsis thaliana],43.432
Vitvi03g01374,320.52269227488,-2.10353328828683,-1.83407763085661,0.548367012614152,-4.03854717702909,5.37832773302851e-05,0.0013121705750277,0.0170596186879794,0.477797179078002,0.0135977723374379,False,True,True,False,Rpv12+1,6,,NP_175437.1,NP_175437.1 NB-ARC domain-containing disease resistance protein [Arabidopsis thaliana],34.517
Vitvi10g00050,409.018190495257,-1.73948541515119,-1.50188849565154,0.495170784071103,-3.86347244675701,0.0001117865075121,0.0013195842832145,0.0502505510989217,0.612822455103353,0.0444245014652249,False,True,True,False,Rpv12+1,0,CERK1,NP_566689.2,NP_566689.2 chitin elicitor receptor kiNAse 1 [Arabidopsis thaliana],59.054
Vitvi17g00863,918.578879674874,1.35876166293895,1.20399419170819,0.349902044920457,4.03061340921243,5.56314787885429e-05,0.001347722843061,0.143613152401624,1.0,0.0722242737580219,False,True,True,False,Rpv12+1,6,CRK2,NP_177209.1,NP_177209.1 cysteine-rich RLK (RECEPTOR-like protein kiNAse) 2 [Arabidopsis thaliana],42.383
Vitvi05g04487,119.86426052448,-2.76229190407172,-2.39182292631518,0.736710662818558,-3.84627020572304,0.0001199295021784,0.001398950386206,0.0070668709496939,0.169442967161359,0.0067055996357733,False,True,True,False,Rpv12+1,0,,NP_190255.1,NP_190255.1 NB-ARC domain-containing disease resistance protein [Arabidopsis thaliana],30.154
Vitvi17g04067,19.2908434718423,-4.09512883836009,-3.50126872619052,1.1088412200303,-3.83560622948027,0.0001252549523648,0.0014480436445139,0.0018728065163386,0.0652082046310418,0.0024606616844665,False,True,True,False,Rpv12+1,0,,NP_188065.1,NP_188065.1 NB-ARC domain-containing disease resistance protein [Arabidopsis thaliana],36.09
Vitvi07g00386,8.12417078090333,4.41405845688545,3.80933408544632,1.19439550825484,3.83395263331077,0.0001261004340748,0.0014564511457424,0.001512855857315,0.0560042418436588,0.001899736429757,False,True,True,False,Rpv12+1,0,,NP_198686.2,NP_198686.2 cotton fiber protein [Arabidopsis thaliana],52.747
Vitvi13g04696,110.494829227691,-1.54526367193856,-1.36199153720084,0.413437183593047,-3.84995122760295,0.0001181413476888,0.0014774265186107,0.087152762532909,0.967600856425743,0.0420789774026994,False,True,True,False,Rpv12+1,24,,NP_188065.1,NP_188065.1 NB-ARC domain-containing disease resistance protein [Arabidopsis thaliana],37.418
Vitvi06g01613,57.5850705215727,3.41022435757112,2.86915270963375,1.00238804837167,3.81437264557309,0.0001365293216824,0.0015550329953622,0.0035107436502897,0.105318283426523,0.0071596988476356,False,True,True,False,Rpv12+1,0,RLK1,NP_001318851.1,NP_001318851.1 receptor-like protein kiNAse 1 [Arabidopsis thaliana],37.387
Vitvi17g00670,404.390262805111,-2.15895709204495,-1.87805355510976,0.582593292581075,-3.79915066499312,0.0001451928104271,0.0016348126497643,0.020703330868748,0.353049825420846,0.0168174355646592,False,True,True,False,Rpv12+1,0,,NP_173983.1,NP_173983.1 C2H2-like zinc finger protein [Arabidopsis thaliana],34.901
Vitvi10g02048,1287.1153402758,2.31217165599758,1.93303204788042,0.704988530679572,3.79627814136754,0.0001468846934993,0.0016484794645827,0.0156039953565449,0.291977764328939,0.0241447626563494,False,True,True,False,Rpv12+1,0,,NP_201491.1,NP_201491.1 Disease resistance protein (CC-NBS-LRR class) family [Arabidopsis thaliana],46.522
Vitvi02g00081,380.799355484779,1.3925963181376,1.23691082345401,0.382783442596069,3.78329382586707,0.0001547665306626,0.001718264195315,0.143082090614753,1.0,0.0842575718072342,False,True,True,False,Rpv12+1,0,ABCC10,NP_191473.2,NP_191473.2 multidrug resistance-associated protein 14 [Arabidopsis thaliana],57.906
Vitvi16g01769,407.061744885557,-1.57193172699967,-1.39110636555068,0.425440962449594,-3.80283862711466,0.0001430475403974,0.0017207613306796,0.0832366521648792,0.939338905945243,0.0380620408098076,False,True,True,False,Rpv12+1,24,,NP_181039.1,NP_181039.1 disease resistance family protein / LRR family protein [Arabidopsis thaliana],41.327
Vitvi14g04503,3.07577002670644,5.92150990359713,5.51036145477198,2.48571993132473,3.76574385225262,0.0001660539653791,0.001823041662692,0.0008799954013139,0.0366557320110997,0.0081419715110151,True,True,True,True,Rpv12+1,0,,NP_188065.1,NP_188065.1 NB-ARC domain-containing disease resistance protein [Arabidopsis thaliana],32.222
Vitvi14g02633,133.053939102318,-1.23152455334779,-1.10198087566104,0.328187253958685,-3.78374079102919,0.000154488719092,0.0018350935793408,0.238437735588012,1.0,0.0946322853177563,False,True,True,False,Rpv12+1,24,,NP_194449.1,NP_194449.1 NB-ARC domain-containing disease resistance protein [Arabidopsis thaliana],28.107
Vitvi03g04051,3.49995548988889,-6.89656969116635,-6.67279876244307,3.12708463732679,-3.75223835942668,0.0001752627062015,0.0019105185973369,0.0006766068507711,0.0299950552560819,0.0081708571317962,True,True,True,True,Rpv12+1,0,,NP_175437.1,NP_175437.1 NB-ARC domain-containing disease resistance protein [Arabidopsis thaliana],32.738
Vitvi10g00949,489.812333916756,2.06074575567905,1.74099231323136,0.623503386437441,3.75001591970404,0.0001768233442988,0.0019224271448135,0.02678617517468,0.417829192841057,0.0317624075472457,False,True,True,False,Rpv12+1,0,GHR1,NP_001320016.1,NP_001320016.1 Leucine-rich receptor-like protein kiNAse family protein [Arabidopsis thaliana],71.265
Vitvi05g01583,1704.73141282781,3.81986624680805,3.08104921299273,1.25578530713158,3.74761315755489,0.000178525304787,0.0019332524873558,0.0028339636876488,0.0894347154364955,0.0120502575663122,False,True,True,False,Rpv12+1,0,EP3,NP_191010.1,NP_191010.1 homolog of carrot EP3-3 chitiNAse [Arabidopsis thaliana],67.939
Vitvi01g01852,26.4052941552083,-3.9560502137438,-3.35584675154457,1.08770790627277,-3.74348779235779,0.0001814834236105,0.0019549117988568,0.0025785986337581,0.0831733189401725,0.0031110558341272,False,True,True,False,Rpv12+1,0,RPM1,NP_187360.1,NP_187360.1 NB-ARC domain-containing disease resistance protein [Arabidopsis thaliana],32.512
Vitvi13g04612,33.8330761496655,-3.90095656984225,-3.16573993107638,1.20914977978181,-3.76348174682352,0.0001675639628185,0.001966746335368,0.002566388363571,0.0673361616877172,0.0068134677132131,False,True,True,False,Rpv12+1,24,,NP_001078488.1,NP_001078488.1 BifunctioNAl inhibitor/lipid-transfer protein/seed storage 2S albumin superfamily protein [Arabidopsis thaliana],27.273
Vitvi05g02224,31.2603885581117,-2.55610218676859,-2.15146760101205,0.738787117991243,-3.75680806690325,0.0001720943838039,0.0020027006326855,0.0110960394079039,0.216936692728967,0.0120683058803288,False,True,True,False,Rpv12+1,24,,NP_190255.1,NP_190255.1 NB-ARC domain-containing disease resistance protein [Arabidopsis thaliana],34.286
Vitvi18g04735,425.513642468122,1.27674588755025,1.12961966208401,0.360764513466913,3.72681683663022,0.0001939132696338,0.0020653901040638,0.209597021520135,1.0,0.120961480025048,False,True,True,False,Rpv12+1,0,,NP_001327255.1,NP_001327255.1 Disease resistance protein (TIR-NBS-LRR class) family [Arabidopsis thaliana],27.381
Vitvi06g04029,20.6552046232058,-4.18807268251061,-3.35695421469408,1.3219575387375,-3.74469821986149,0.000180610736236,0.0020860413023493,0.0021838388018767,0.0588938548642204,0.0068976534293104,False,True,True,False,Rpv12+1,24,,NP_176113.1,NP_176113.1 Disease resistance-responsive (dirigent-like protein) family protein [Arabidopsis thaliana],66.887
Vitvi17g04042,42.6063705717668,-2.90524205355699,-2.44801784272566,0.843215012870639,-3.73503586649109,0.0001876884357848,0.0021546562460367,0.0071546544448443,0.15278253520219,0.0080325158657819,False,True,True,False,Rpv12+1,24,,NP_192625.4,NP_192625.4 Leucine-rich repeat receptor-like protein kiNAse family protein [Arabidopsis thaliana],51.128
Vitvi03g01651,767.387370412712,-3.51500771785396,-2.92123465399033,1.03092498556923,-3.73336863753939,0.0001889357531458,0.0021669558726727,0.0037793214367061,0.0924317154104827,0.0054875541774553,False,True,True,False,Rpv12+1,24,PRB1,NP_179064.1,NP_179064.1 basic pathogenesis-related protein 1 [Arabidopsis thaliana],62.338
Vitvi18g02092,131.51289929622,1.1722340260564,1.04674032864422,0.325430522081776,3.70861107302056,0.0002083992409637,0.0021782450998653,0.292911530880754,1.0,0.157749362648455,False,True,True,False,Rpv12+1,0,,NP_192938.1,NP_192938.1 Disease resistance protein (TIR-NBS-LRR class) family [Arabidopsis thaliana],31.135
Vitvi13g04421,151.268744359079,1.48389175747509,1.27670718162458,0.438123480060744,3.70760302639527,0.0002092303036468,0.0021823021848617,0.11332450913616,0.961861075435694,0.0821641599028277,False,True,True,False,Rpv12+1,0,CRK5,NP_567677.1,NP_567677.1 cysteine-rich RLK (RECEPTOR-like protein kiNAse) 5 [Arabidopsis thaliana],53.191
Vitvi13g02599,47.3299315671089,-1.68014429791867,-1.45154852326914,0.476882427951774,-3.70515358762642,0.0002112626804711,0.0021960621924415,0.0668208763442625,0.719109368872559,0.0509782661032957,False,True,True,False,Rpv12+1,0,,NP_188065.1,NP_188065.1 NB-ARC domain-containing disease resistance protein [Arabidopsis thaliana],39.444
Vitvi09g01787,96.2013348334653,-1.47128193606346,-1.28905707336155,0.411354402054832,-3.70247469267092,0.0002135066637057,0.002215648764555,0.117815301733731,0.982758443256587,0.0744477159606911,False,True,True,False,Rpv12+1,0,,NP_199186.1,NP_199186.1 Disease resistance protein (CC-NBS-LRR class) family [Arabidopsis thaliana],41.237
Vitvi00g04508,10.3582188078764,-6.92070544262831,-5.85962848154445,2.30127051847047,-3.70219471885947,0.0002137424719379,0.0023891830937669,0.0007807590463678,0.0250599704220071,0.0029075934754703,True,True,True,True,Rpv12+1,24,ChiC,NP_193716.1,NP_193716.1 Glycosyl hydrolase family protein with chitiNAse insertion domain-containing protein [Arabidopsis thaliana],61.404
Vitvi01g01680,1311.11520589415,1.96821304097936,1.69549638299548,0.541572096449404,3.86155374423469,0.0001126682207023,0.0024036883265482,0.0287431792896714,0.671568972785782,0.023638556167749,False,True,True,False,Rpv12+1,6,WRKY75,NP_196812.1,NP_196812.1 WRKY DNA-binding protein 75 [Arabidopsis thaliana],84.783
Vitvi09g01181,1571.09860857729,1.22293972462469,1.0822593664699,0.348161923380687,3.67516207654908,0.0002376984686213,0.0024137015573063,0.251436712618054,1.0,0.139360325224074,False,True,True,False,Rpv12+1,0,,NP_181039.1,NP_181039.1 disease resistance family protein / LRR family protein [Arabidopsis thaliana],35.812
Vitvi13g01623,113.525107936055,-1.41037722073265,-1.23944239296111,0.389857726729185,-3.69722298907585,0.0002179708649413,0.0024224281945216,0.141012752181871,1.0,0.0612784140890847,False,True,True,False,Rpv12+1,24,,NP_188065.1,NP_188065.1 NB-ARC domain-containing disease resistance protein [Arabidopsis thaliana],34.825
Vitvi16g01967,1664.64573620055,1.88495526429748,1.59607841237711,0.5710649236929,3.65790511320103,0.0002542851451864,0.0025538397214889,0.0429598372719442,0.558819683340025,0.0421826103785142,False,True,True,False,Rpv12+1,0,,NP_181039.1,NP_181039.1 disease resistance family protein / LRR family protein [Arabidopsis thaliana],38.137
Vitvi11g04203,111.227097389025,2.03182321616604,1.65696061418181,0.658006427688978,3.65392474234052,0.0002582619954139,0.0025842983424116,0.0317569638432839,0.465134612080887,0.0459637041272316,False,True,True,False,Rpv12+1,0,,NP_849538.2,NP_849538.2 Leucine-rich repeat receptor-like protein kiNAse family protein [Arabidopsis thaliana],45.763
Vitvi05g00482,273.546754938475,2.10615912876688,1.78358615899178,0.620856721928643,3.64989519650695,0.0002623473263331,0.0026103347057925,0.0276232902352729,0.427092559934727,0.0277078158526732,False,True,True,False,Rpv12+1,0,RLK1,NP_001318851.1,NP_001318851.1 receptor-like protein kiNAse 1 [Arabidopsis thaliana],35.388
Vitvi02g01323,256.72130839026,3.7087654251122,2.99876352513574,1.20419480226572,3.64916836898185,0.0002630906356664,0.0026155104821042,0.0038484982687643,0.112425129786936,0.0119801126677297,False,True,True,False,Rpv12+1,0,DIR5,NP_176598.1,NP_176598.1 Disease resistance-responsive (dirigent-like protein) family protein [Arabidopsis thaliana],55.09
Vitvi15g01037,2043.71675639739,-3.3577571150358,-2.721865563625,1.06338747699442,-3.67197566419497,0.0002406826060001,0.0026341433502526,0.0049639536323892,0.115321548019245,0.0104362706162508,False,True,True,False,Rpv12+1,24,CHIA,NP_197797.1,NP_197797.1 chitiNAse A [Arabidopsis thaliana],58.446
Vitvi14g01437,9.47524206770116,7.82681185995717,6.49290492557627,2.79493373519723,3.63205141038994,0.0002811770855767,0.0027575950160307,0.0007884684834963,0.0337570328310648,0.0053944838607153,True,True,True,True,Rpv12+1,0,,NP_196894.1,NP_196894.1 BifunctioNAl inhibitor/lipid-transfer protein/seed storage 2S albumin superfamily protein [Arabidopsis thaliana],50.0
Vitvi02g01324,64.2851148864672,4.75524625266464,4.08727036293526,1.44646648583735,3.62736560687551,0.0002863277233405,0.0027980840111927,0.0020936594867655,0.0714055260942628,0.0034144409406135,False,True,True,False,Rpv12+1,0,DIR6,NP_194100.1,NP_194100.1 Disease resistance-responsive (dirigent-like protein) family protein [Arabidopsis thaliana],59.748
Vitvi12g02727,21.2295736552507,2.93868082658597,2.42853617858832,0.868174592343384,3.62038079917887,0.0002941697519711,0.0028610998853381,0.0084614288878166,0.193650497179699,0.0121574770151531,False,True,True,False,Rpv12+1,0,,NP_194449.1,NP_194449.1 NB-ARC domain-containing disease resistance protein [Arabidopsis thaliana],28.571
Vitvi07g04118,3.16723019620511,6.44405983386987,6.0428714052637,2.81775306385204,3.6168397246729,0.0002982218320347,0.0028970792799711,0.0011378537907112,0.0448945962461784,0.0087561949628595,True,True,True,True,Rpv12+1,0,ABCG37,NP_190916.1,NP_190916.1 pleiotropic drug resistance 9 [Arabidopsis thaliana],54.381
Vitvi09g04548,54.9234654216041,-3.30662371039308,-2.7057261638237,1.01841221818671,-3.63247093762149,0.000280720200523,0.0029780283971568,0.0056407259128323,0.126984293591894,0.0090583375344681,False,True,True,False,Rpv12+1,24,,NP_181039.1,NP_181039.1 disease resistance family protein / LRR family protein [Arabidopsis thaliana],30.941
Vitvi05g00094,759.215003966264,-3.58852502056795,-2.78165270419358,1.24430404724121,-3.62994566389595,0.0002834808880851,0.0030025086667524,0.0044188479565987,0.105179839578404,0.0154897178488114,False,True,True,False,Rpv12+1,24,CTL2,NP_188317.3,NP_188317.3 chitiNAse-like protein [Arabidopsis thaliana],81.818
Vitvi19g01884,82.2496008616074,1.53801185439486,1.32341439661936,0.425247648243929,3.7938567671302,0.000148325256421,0.0030033126472787,0.0922330306852934,1.0,0.056129631879636,False,True,True,False,Rpv12+1,6,MLO14,NP_564257.1,NP_564257.1 Seven transmembrane MLO family protein [Arabidopsis thaliana],77.5
Vitvi13g02314,12.6225777219161,4.47507563048164,3.69057345152364,1.27298516222826,3.7915374350191,0.000149717575191,0.003020861351847,0.0016202829315967,0.0849398420994795,0.0032015427121551,False,True,True,False,Rpv12+1,6,,NP_188065.1,NP_188065.1 NB-ARC domain-containing disease resistance protein [Arabidopsis thaliana],42.593
Vitvi04g00421,64.1739596549918,-1.1838424487152,-1.05201682666284,0.334139412298993,-3.60054050829467,0.0003175563473525,0.0030405434020118,0.288033516287471,1.0,0.155561449564809,False,True,True,False,Rpv12+1,0,ABCG40,NP_173005.1,NP_173005.1 pleiotropic drug resistance 12 [Arabidopsis thaliana],69.653
Vitvi12g01846,667.079707574407,-1.15777489704149,-1.03327814280208,0.322767898445204,-3.59951892104317,0.0003188064366914,0.0030501418929437,0.311882384086256,1.0,0.164644716671719,False,True,True,False,Rpv12+1,0,,NP_188065.1,NP_188065.1 NB-ARC domain-containing disease resistance protein [Arabidopsis thaliana],41.889
Vitvi09g00860,93.7682882447657,-1.39162755056853,-1.20869732545946,0.403269583682989,-3.62302843984017,0.0002911737934617,0.0030694726468654,0.153963483317432,1.0,0.0718820746146868,False,True,True,False,Rpv12+1,24,,NP_194449.1,NP_194449.1 NB-ARC domain-containing disease resistance protein [Arabidopsis thaliana],43.117
Vitvi18g02011,31.7803932818326,-3.00238770744345,-2.48288198341233,0.906729286413637,-3.60967880958649,0.0003065763811671,0.0031989901424968,0.0080338207086061,0.168125372733143,0.0099785372859206,False,True,True,False,Rpv12+1,24,NAC090,NP_197630.1,NP_197630.1 NAC domain containing protein 90 [Arabidopsis thaliana],52.381
Vitvi19g04527,55.2288122766892,-2.97570053734158,-2.50164077069455,0.859271510271311,-3.76704106251184,0.0001651938383707,0.0032645062457403,0.006190532094485,0.234692940666137,0.0085288933832016,False,True,True,False,Rpv12+1,6,,NP_188065.1,NP_188065.1 NB-ARC domain-containing disease resistance protein [Arabidopsis thaliana],33.123
Vitvi11g00050,2656.28580872188,1.19335415090241,1.05529929356283,0.343185249194032,3.56544101995869,0.0003632448471545,0.0033884513648235,0.281735566788382,1.0,0.154802357465518,False,True,True,False,Rpv12+1,0,JAZ1,NP_564075.1,NP_564075.1 jasmoNAte-zim-domain protein 1 [Arabidopsis thaliana],47.917
Vitvi09g02034,188.193338245872,1.1944052472875,1.05026409620463,0.338336417069874,3.56085855560975,0.0003696441744555,0.0034412521458054,0.281100016209543,1.0,0.156608497713979,False,True,True,False,Rpv12+1,0,,NP_201107.2,NP_201107.2 Disease resistance protein (CC-NBS-LRR class) family [Arabidopsis thaliana],41.254
Vitvi07g03055,51.3679519857937,1.93483284413974,1.59967603342403,0.596509790283805,3.56069542730402,0.0003698739113209,0.0034412521458054,0.0426813852370522,0.556581433906306,0.045226634887087,False,True,True,False,Rpv12+1,0,MYB84,NP_190538.1,NP_190538.1 myb domain protein 84 [Arabidopsis thaliana],49.235
Vitvi05g00478,527.513825723672,-1.47104992404935,-1.27290998052962,0.42178660506762,-3.58681848702673,0.0003347371591565,0.0034476838763479,0.125371327945603,1.0,0.0581245319796162,False,True,True,False,Rpv12+1,24,RLK1,NP_001318851.1,NP_001318851.1 receptor-like protein kiNAse 1 [Arabidopsis thaliana],35.445
Vitvi16g04227,10.6246482701373,-2.63341035961577,-2.24169093360819,0.726551901825707,-3.74993925524444,0.0001768774119579,0.0034609232721447,0.010010634557592,0.328155625804572,0.0092818670448099,False,True,True,False,Rpv12+1,6,,NP_188065.1,NP_188065.1 NB-ARC domain-containing disease resistance protein [Arabidopsis thaliana],36.215
Vitvi01g01848,14.4269755987117,-3.84741783829077,-3.15283588946633,1.17783702610907,-3.57826286421732,0.0003458854910405,0.0035401890142393,0.0040491077869279,0.0979468293431397,0.0061050165569209,False,True,True,False,Rpv12+1,24,RPM1,NP_187360.1,NP_187360.1 NB-ARC domain-containing disease resistance protein [Arabidopsis thaliana],33.295
Vitvi00g04411,193.333216447895,-2.95108740588698,-2.39189094062899,0.93823775176585,-3.57592663208246,0.000348989525249,0.003568563911987,0.0090354987145547,0.185380086960029,0.0140871561377866,False,True,True,False,Rpv12+1,24,,NP_001078488.1,NP_001078488.1 BifunctioNAl inhibitor/lipid-transfer protein/seed storage 2S albumin superfamily protein [Arabidopsis thaliana],27.273
Vitvi14g04296,46.4963636311821,1.63563830996685,1.39977074627308,0.48784818453472,3.54886513049761,0.000386895188058,0.0035752250011244,0.0839238781375115,0.814606578181507,0.0629747895585221,False,True,True,False,Rpv12+1,0,,NP_194452.1,NP_194452.1 NB-ARC domain-containing disease resistance protein [Arabidopsis thaliana],28.938
Vitvi05g04111,345.81506686122,1.6380252262673,1.37776850736032,0.49796062134627,3.545166280273,0.0003923654819476,0.0036162798403524,0.0836589455339553,0.813901529195895,0.0686575222833799,False,True,True,False,Rpv12+1,0,RLK1,NP_001318851.1,NP_001318851.1 receptor-like protein kiNAse 1 [Arabidopsis thaliana],36.842
Vitvi13g01179,15.5698024884725,-2.39059255541606,-1.96625027832125,0.730379907234694,-3.57038184916276,0.0003564612126068,0.0036243410787376,0.0189070534162585,0.321162084620718,0.018852839906703,False,True,True,False,Rpv12+1,24,,NP_188065.1,NP_188065.1 NB-ARC domain-containing disease resistance protein [Arabidopsis thaliana],35.466
Vitvi05g02249,2.52979226059455,6.89282053415973,6.43652536703948,3.03985243148372,3.5424737622492,0.0003963928540134,0.0036469450301874,0.0012536211740583,0.048367959133025,0.0088450748644664,True,True,True,True,Rpv12+1,0,EP3,NP_191010.1,NP_191010.1 homolog of carrot EP3-3 chitiNAse [Arabidopsis thaliana],65.789
Vitvi06g04387,1030.01145146191,3.540084575791,2.69093257898277,1.29951899757506,3.54244717550693,0.0003964328133967,0.0036469450301874,0.0055172532018688,0.144181644862824,0.0249876047158314,False,True,True,False,Rpv12+1,0,BG3,NP_191283.2,"NP_191283.2 beta-1,3-glucaNAse 3 [Arabidopsis thaliana]",59.494
Vitvi05g04156,44.2591384044357,-1.77002987162319,-1.50504100997153,0.517448121408008,-3.56655753297582,0.000361701428956,0.0036670273266508,0.0603805158978316,0.760084297844221,0.0344050594092359,False,True,True,False,Rpv12+1,24,RPM1,NP_187360.1,NP_187360.1 NB-ARC domain-containing disease resistance protein [Arabidopsis thaliana],35.807
Vitvi11g00635,14.1917904406091,-5.21667144435256,-4.08209573689714,1.71629993431844,-3.56301314014006,0.0003666223202859,0.0037033927534738,0.0019992052210841,0.0550103415870656,0.0066473843064701,False,True,True,False,Rpv12+1,24,ChiC,NP_193716.1,NP_193716.1 Glycosyl hydrolase family protein with chitiNAse insertion domain-containing protein [Arabidopsis thaliana],61.111
Vitvi03g00124,330.219638848054,2.98207145187477,2.29999598739883,1.08866071446684,3.53243185054025,0.0004117563396043,0.0037588653002081,0.0094416138569974,0.209622120016915,0.0314119482564229,False,True,True,False,Rpv12+1,0,,NP_568046.1,NP_568046.1 Pathogenesis-related thaumatin superfamily protein [Arabidopsis thaliana],63.873
Vitvi19g00633,109.785790996422,-1.73789456867785,-1.48298301563162,0.509169171508787,-3.53275988427446,0.0004112458023312,0.0037588653002081,0.066810010727422,0.719109368872559,0.0507034577954339,False,True,True,False,Rpv12+1,0,ABCC3,NP_187915.1,NP_187915.1 multidrug resistance-associated protein 3 [Arabidopsis thaliana],68.583
Vitvi18g01281,76.3803938054575,-2.38908647268453,-1.98856813423288,0.723631933353766,-3.55647686386367,0.0003758615645284,0.0037810230721616,0.0193276571738438,0.326399085868676,0.017499879829727,False,True,True,False,Rpv12+1,24,RLK1,NP_001318851.1,NP_001318851.1 receptor-like protein kiNAse 1 [Arabidopsis thaliana],36.671
Vitvi08g01052,66.1464499381139,3.09758509393189,2.45600543187376,1.05353424471145,3.5294590941192,0.0004164100730776,0.0037868876191736,0.0084248682587914,0.192982599633736,0.021718584659307,False,True,True,False,Rpv12+1,0,NAC025,NP_564771.1,NP_564771.1 NAC domain containing protein 25 [Arabidopsis thaliana],67.63
Vitvi18g02379,2792.46520238755,-1.15083907353431,-1.00680017738838,0.335178433412972,-3.55399318648882,0.0003794290434085,0.0038075820421238,0.320673050355055,1.0,0.136099389566031,False,True,True,False,Rpv12+1,24,,NP_564971.2,NP_564971.2 disease resistance protein (TIR-NBS-LRR class) [Arabidopsis thaliana],40.917
Vitvi10g04691,5.0911344449558,5.26431134158093,4.69714401390386,2.31923643309591,3.52151740486442,0.0004290844991399,0.003873552847494,0.0021822436346818,0.0733744360406706,0.013868372304084,False,True,True,False,Rpv12+1,0,,NP_201491.1,NP_201491.1 Disease resistance protein (CC-NBS-LRR class) family [Arabidopsis thaliana],44.231
Vitvi11g01667,100.416376461511,1.97666090352072,1.73119393093498,0.575222337445163,3.521000952213,0.0004299210727917,0.003879683351391,0.0409547121160245,0.543824524996489,0.026889564707693,False,True,True,False,Rpv12+1,0,,NP_200559.1,NP_200559.1 cotton fiber protein [Arabidopsis thaliana],51.613
Vitvi14g01920,242.355757920409,-1.19637822480401,-1.04697992696757,0.34207808202427,-3.54634627754721,0.0003906125620131,0.0039007422285184,0.280245884506527,1.0,0.117006799720545,False,True,True,False,Rpv12+1,24,,NP_849538.2,NP_849538.2 Leucine-rich repeat receptor-like protein kiNAse family protein [Arabidopsis thaliana],46.176
Vitvi19g04574,4022.01494948884,-1.26868754076903,-1.11193457568554,0.36611564504558,-3.51171872331908,0.0004452189361898,0.0039870642355409,0.228521329343031,1.0,0.127555763647396,False,True,True,False,Rpv12+1,0,,NP_188065.1,NP_188065.1 NB-ARC domain-containing disease resistance protein [Arabidopsis thaliana],36.508
Vitvi06g01600,30.3913303875847,4.09311584121414,3.29434063005369,1.33528315264864,3.50880848007147,0.0004501189073188,0.0040236318580211,0.0040123436861301,0.115683060295562,0.0102971185067235,False,True,True,False,Rpv12+1,0,,NP_187974.1,NP_187974.1 Disease resistance-responsive (dirigent-like protein) family protein [Arabidopsis thaliana],47.423
Vitvi18g00316,469.279286606965,3.14633186948295,2.4274281691696,1.1463949449756,3.5073581259967,0.0004525796135705,0.0040383018326417,0.0083663373378775,0.191978086334684,0.028749361655986,False,True,True,False,Rpv12+1,0,,NP_177700.1,NP_177700.1 C2H2-like zinc finger protein [Arabidopsis thaliana],44.009
Vitvi14g04415,1027.78271810154,2.48687019995267,2.0391849773027,0.793173546188091,3.50659696006194,0.0004538760438633,0.0040469381891482,0.0180170336576998,0.320617403708686,0.0246685143504979,False,True,True,False,Rpv12+1,0,,NP_188456.1,NP_188456.1 BifunctioNAl inhibitor/lipid-transfer protein/seed storage 2S albumin superfamily protein [Arabidopsis thaliana],45.349
Vitvi12g02204,56.1339795100125,2.15486383339209,1.78701692248433,0.676970383256667,3.49847238342525,0.00046793154661,0.0041482409436076,0.0304000391278625,0.453383479786633,0.0336531161924295,False,True,True,False,Rpv12+1,0,,NP_181364.2,NP_181364.2 myb-like HTH transcriptioNAl regulator family protein [Arabidopsis thaliana],54.945
Vitvi10g04209,97.618239117644,2.63582785211563,2.09626910854252,0.899075399758495,3.49790120307926,0.0004689348103063,0.0041554224833678,0.0149722819598173,0.28463657251952,0.030149327127328,False,True,True,False,Rpv12+1,0,CRK25,NP_001329426.1,NP_001329426.1 cysteine-rich RLK (RECEPTOR-like protein kiNAse) 25 [Arabidopsis thaliana],55.02
Vitvi14g00574,32.1652868317254,1.80553624945483,1.53567502997805,0.538016835397932,3.49710696831944,0.0004703331989608,0.0041650354743349,0.0593531495351726,0.677703639760184,0.0463656357780395,False,True,True,False,Rpv12+1,0,,NP_001328414.1,NP_001328414.1 NB-ARC domain-containing disease resistance protein [Arabidopsis thaliana],34.949
Vitvi12g02641,754.860202565841,1.36213415734372,1.16173689193139,0.416291350894487,3.49589213633043,0.0004724796500959,0.004181037593306,0.176338163508829,1.0,0.115749415595955,False,True,True,False,Rpv12+1,0,,NP_197270.1,NP_197270.1 disease resistance protein (TIR-NBS-LRR class) [Arabidopsis thaliana],37.578
Vitvi13g02241,143.45627145933,-1.23947413864436,-1.08914948043507,0.359364074186635,-3.49170523116971,0.0004799475911051,0.004225871642054,0.249958852798157,1.0,0.13755568173969,False,True,True,False,Rpv12+1,0,,NP_188065.1,NP_188065.1 NB-ARC domain-containing disease resistance protein [Arabidopsis thaliana],36.514
Vitvi17g01373,104.915412716438,1.75959151154187,1.48197372554045,0.537101537628783,3.48741881965778,0.0004877069586106,0.0042788990855882,0.0661015551577697,0.713935004695334,0.0555086398251907,False,True,True,False,Rpv12+1,0,,NP_188065.1,NP_188065.1 NB-ARC domain-containing disease resistance protein [Arabidopsis thaliana],34.388
Vitvi03g00860,100.29017483413,4.33452562347491,3.22630431911133,1.79250883680776,3.48344974806607,0.0004949960389314,0.0043351306132655,0.0036923826249185,0.109016971879508,0.0290253986637418,False,True,True,False,Rpv12+1,0,PRB1,NP_179064.1,NP_179064.1 basic pathogenesis-related protein 1 [Arabidopsis thaliana],62.42
Vitvi16g01512,122.350433356905,-1.46555520789656,-1.26404990279863,0.433092482310855,-3.48087319037847,0.0004997820487133,0.0043646333045377,0.134417229958698,1.0,0.0854326880299275,False,True,True,False,Rpv12+1,0,,NP_566187.1,NP_566187.1 AIG2-like (avirulence induced gene) family protein [Arabidopsis thaliana],61.272
Vitvi10g04650,1170.53098359893,1.92641889647816,1.57208331056531,0.645885290676357,3.47474065958702,0.0005113474538545,0.004446719333978,0.0473599078717535,0.590508975222688,0.0568516774781138,False,True,True,False,Rpv12+1,0,,NP_194449.1,NP_194449.1 NB-ARC domain-containing disease resistance protein [Arabidopsis thaliana],30.0
Vitvi05g00913,244.711650877822,1.63823034795545,1.38335687020022,0.507515175804677,3.47090682268738,0.0005187039550215,0.0045001489024708,0.0881534389477244,0.841955116425698,0.0689678585865009,False,True,True,False,Rpv12+1,0,,NP_197270.1,NP_197270.1 disease resistance protein (TIR-NBS-LRR class) [Arabidopsis thaliana],35.829
Vitvi12g04321,4.45070764320602,-5.53672016375914,-5.33143565870613,2.67268543110221,-3.66142952401658,0.0002508118589886,0.0045605420840515,0.0013570268489191,0.0736482683420685,0.0110694692722931,False,True,True,False,Rpv12+1,6,ZAR1,NP_850677.1,NP_850677.1 HOPZ-ACTIVATED RESISTANCE 1 [Arabidopsis thaliana],30.488
Vitvi10g00957,12.4940423927338,3.10975172229352,2.44520417678686,1.06936482407262,3.45866938402484,0.0005428508134826,0.0046638834974999,0.0094785688674606,0.209964582970855,0.0228606797407374,False,True,True,False,Rpv12+1,0,WAK2,NP_173549.1,NP_173549.1 wall-associated kiNAse 2 [Arabidopsis thaliana],41.311
Vitvi09g00382,4.7122858941967,-6.26294908329013,-5.87012606332766,3.02010234372982,-3.45482663666102,0.0005506467670813,0.0047119603174075,0.001877687740036,0.0652082046310418,0.0133008447045199,False,True,True,False,Rpv12+1,0,CRK20,NP_001320044.1,NP_001320044.1 cysteine-rich RLK (RECEPTOR-like protein kiNAse) 20 [Arabidopsis thaliana],35.329
Vitvi16g00082,108.814438729656,-1.50877870906143,-1.29293443703723,0.448240900182444,-3.44796404124626,0.0005648292294482,0.0048032906098333,0.122476474615003,1.0,0.079327713187748,False,True,True,False,Rpv12+1,0,,NP_566187.1,NP_566187.1 AIG2-like (avirulence induced gene) family protein [Arabidopsis thaliana],58.96
Vitvi13g04005,128.916842653411,2.03520746268043,1.6237545185365,0.705766258677045,3.44713316503599,0.0005665692450747,0.0048147636846025,0.0397682882356722,0.532495999874816,0.0569229016612837,False,True,True,False,Rpv12+1,0,,NP_001319213.1,NP_001319213.1 Disease resistance protein (CC-NBS-LRR class) family [Arabidopsis thaliana],36.534
Vitvi07g00523,8485.95144271294,1.87469925177059,1.5867072689862,0.547423893629188,3.63690032677517,0.0002759386456921,0.0048956791043433,0.0448569472777118,0.873075062379214,0.0344507560700075,False,True,True,False,Rpv12+1,6,WRKY47,NP_192081.1,NP_192081.1 WRKY family transcription factor [Arabidopsis thaliana],43.551
Vitvi14g00487,986.936262140375,2.64044831355825,2.0912570611417,0.908182160125776,3.44137670236446,0.0005787621725325,0.0049048451608231,0.0162575390034765,0.300339662988659,0.0311220491275495,False,True,True,False,Rpv12+1,0,PR4,NP_187123.1,NP_187123.1 pathogenesis-related 4 [Arabidopsis thaliana],77.049
Vitvi14g04585,6.0149895189936,-4.821277136118,-3.81650383494021,1.56211830529134,-3.47413010148499,0.000512512466187,0.0049186821647773,0.0029613247347166,0.076095573414001,0.0065368999088034,False,True,True,False,Rpv12+1,24,,NP_181039.1,NP_181039.1 disease resistance family protein / LRR family protein [Arabidopsis thaliana],46.484
Vitvi18g01937,417.638486384814,-3.45466925226224,-2.89575787813531,1.01202317096234,-3.63323441368007,0.0002798905233244,0.0049464856274257,0.0049193394465137,0.198281973160791,0.0059233045815362,False,True,True,False,Rpv12+1,6,WAK2,NP_173549.1,NP_173549.1 wall-associated kiNAse 2 [Arabidopsis thaliana],47.773
Vitvi15g00579,2985.65151348025,-1.62030220605901,-1.38936627211106,0.476487532027443,-3.4342042366688,0.0005942962311811,0.0050054981030353,0.0943019476160991,0.870139205534228,0.0631977612646225,False,True,True,False,Rpv12+1,0,HAT3,NP_191598.1,NP_191598.1 homeobox-leucine zipper protein 3 [Arabidopsis thaliana],59.353
Vitvi06g01596,408.308753005356,2.13145133950071,1.71630117934758,0.725786388225643,3.42810696844788,0.0006078059193124,0.0050931655197894,0.0343977916498495,0.486911164376847,0.0474363538150772,False,True,True,False,Rpv12+1,0,,NP_176113.1,NP_176113.1 Disease resistance-responsive (dirigent-like protein) family protein [Arabidopsis thaliana],67.55
Vitvi16g04087,106.419571517377,-3.9799650229258,-3.0907902313925,1.38398427000059,-3.62131130662536,0.0002931135535213,0.0051423496207959,0.0033526561924078,0.146659085848157,0.0143258514708174,False,True,True,False,Rpv12+1,6,,NP_001078488.1,NP_001078488.1 BifunctioNAl inhibitor/lipid-transfer protein/seed storage 2S albumin superfamily protein [Arabidopsis thaliana],29.915
Vitvi07g02832,2572.32544095006,-1.42577541674352,-1.16208235593236,0.449636787603477,-3.41352850097165,0.0006412745069844,0.0053068319630733,0.154013036681395,1.0,0.120687039006265,False,True,True,False,Rpv12+1,0,,NP_197270.1,NP_197270.1 disease resistance protein (TIR-NBS-LRR class) [Arabidopsis thaliana],29.815
Vitvi09g01650,626.863699334054,1.32227078085871,1.13005468683433,0.417020492209405,3.40639641674428,0.0006582652382481,0.0054074766287033,0.203205840894433,1.0,0.126897629486919,False,True,True,False,Rpv12+1,0,SUMM2,NP_172692.1,NP_172692.1 LRR and NB-ARC domains-containing disease resistance protein [Arabidopsis thaliana],43.159
Vitvi07g04652,6837.30237626655,1.23918967350184,1.05782917587448,0.386089602679544,3.40629070620468,0.0006585201915254,0.0054077678128069,0.255434313139658,1.0,0.156418034028194,False,True,True,False,Rpv12+1,0,BAM1,NP_201371.1,NP_201371.1 Leucine-rich receptor-like protein kiNAse family protein [Arabidopsis thaliana],78.926
Vitvi08g01055,319.482404044557,1.42240598478845,1.20460207966918,0.416079297622121,3.59936769619351,0.0003189918774873,0.0055056902803231,0.142559790256546,1.0,0.0820008574869754,False,True,True,False,Rpv12+1,6,MLO6,NP_176350.1,NP_176350.1 Seven transmembrane MLO family protein [Arabidopsis thaliana],61.681
Vitvi15g00071,14.8408757912301,-2.58561781809658,-2.02578044434053,0.885596141020416,-3.3892051311534,0.0007009555211912,0.0056823758539218,0.0188369270403855,0.332470788443069,0.0341287701480694,False,True,True,False,Rpv12+1,0,ABCC3,NP_974300.1,NP_974300.1 multidrug resistance-associated protein 3 [Arabidopsis thaliana],71.495
Vitvi19g02010,113.2640357869,1.51983717374884,1.26969128234042,0.491634505327407,3.3893093473335,0.0007006891478107,0.0056823758539218,0.123174778270396,1.0,0.0926924202044054,False,True,True,False,Rpv12+1,0,,NP_194449.1,NP_194449.1 NB-ARC domain-containing disease resistance protein [Arabidopsis thaliana],29.572
Vitvi12g04541,5.36594898268216,4.8007378672406,3.92879123724157,2.11766919205233,3.42343972600452,0.0006183396291076,0.0057397946882806,0.0033784156153292,0.0846016265073134,0.0172019504771629,False,True,True,False,Rpv12+1,24,,NP_849538.2,NP_849538.2 Leucine-rich repeat receptor-like protein kiNAse family protein [Arabidopsis thaliana],40.749
Vitvi12g00363,96.9971650178249,1.63954180401797,1.36123419081098,0.528878670628533,3.37549829524947,0.0007368214855143,0.0059070400641498,0.0939708998609205,0.869735836410099,0.0769480095725461,False,True,True,False,Rpv12+1,0,SCN1,NP_187445.1,NP_187445.1 Immunoglobulin E-set superfamily protein [Arabidopsis thaliana],75.897
Vitvi14g03069,41.1314757684256,-1.99888149282184,-1.6435357596418,0.629328573072476,-3.41395402887147,0.0006402737821907,0.0059188686296627,0.0440021572571681,0.603909985147041,0.0318072756198395,False,True,True,False,Rpv12+1,24,,NP_849538.2,NP_849538.2 Leucine-rich repeat receptor-like protein kiNAse family protein [Arabidopsis thaliana],40.934
Vitvi07g02220,3.9070608700264,5.05200715961212,4.44981932088945,1.85785625633325,3.36921247708985,0.0007538329345131,0.006006283368262,0.0034701813958445,0.104581192550574,0.0072688726227627,False,True,True,False,Rpv12+1,0,,NP_192118.1,NP_192118.1 multidrug resistance protein ABC transporter family protein [Arabidopsis thaliana],41.121
Vitvi05g00948,93.0862686159104,2.31672186594697,1.81348703749184,0.824103369356699,3.36505442622412,0.0007652856167078,0.0060740336158054,0.0279037261016977,0.429120265193598,0.0473694130031874,False,True,True,False,Rpv12+1,0,,NP_189066.1,NP_189066.1 Leucine-rich repeat receptor-like protein kiNAse family protein [Arabidopsis thaliana],70.411
Vitvi02g00162,34.4083457714843,3.30613615408776,2.52177533276644,1.24425724202768,3.36004743529938,0.0007792909111474,0.0061573479432421,0.0095517457992182,0.210568020719443,0.0298662668504908,False,True,True,False,Rpv12+1,0,KASI,NP_199441.1,NP_199441.1 3-ketoacyl-acyl carrier protein synthase I [Arabidopsis thaliana],77.117
Vitvi04g01626,197.325033844278,-2.23303283214196,-1.83708347339446,0.693446612251579,-3.55454596952049,0.0003786323152541,0.0062344259935604,0.0248380943005562,0.617036760501662,0.027709864216584,False,True,True,False,Rpv12+1,6,RLK1,NP_001318851.1,NP_001318851.1 receptor-like protein kiNAse 1 [Arabidopsis thaliana],34.903
Vitvi05g00477,7.07080387721075,-5.24383345138459,-4.18593768907769,1.6416053509832,-3.3911353847389,0.0006960370893307,0.0063158636216397,0.003057637731837,0.078110102956177,0.0041936711059095,False,True,True,False,Rpv12+1,24,RLK1,NP_001318851.1,NP_001318851.1 receptor-like protein kiNAse 1 [Arabidopsis thaliana],42.478
Vitvi14g02748,129.720746549993,1.42382390715175,1.16199672442834,0.452571335317056,3.34882625007154,0.0008115467145461,0.0063530209629322,0.159423140922805,1.0,0.121327301224452,False,True,True,False,Rpv12+1,0,,NP_001328414.1,NP_001328414.1 NB-ARC domain-containing disease resistance protein [Arabidopsis thaliana],26.31
Vitvi07g04375,298.491090433361,-1.44520885610944,-1.21661635884795,0.443364822651459,-3.54598148123958,0.0003911536944219,0.006398744062853,0.137335319591881,1.0,0.0823731568013664,False,True,True,False,Rpv12+1,6,,NP_197270.1,NP_197270.1 disease resistance protein (TIR-NBS-LRR class) [Arabidopsis thaliana],29.864
Vitvi19g04521,62.512898538793,-1.60166955161703,-1.32254902496684,0.490850946969507,-3.54048425697865,0.0003993934623356,0.0064851715024876,0.0917610869667384,1.0,0.0635055319408716,False,True,True,False,Rpv12+1,6,,NP_188064.1,NP_188064.1 LRR and NB-ARC domains-containing disease resistance protein [Arabidopsis thaliana],33.333
Vitvi08g02335,36.0179308884503,-3.42002809748128,-2.66656561233265,1.17581035846035,-3.53917550497986,0.0004013789031586,0.0064999137948417,0.0061364419255498,0.232979948229983,0.0179497695497991,False,True,True,False,Rpv12+1,6,BG3,NP_191283.2,"NP_191283.2 beta-1,3-glucaNAse 3 [Arabidopsis thaliana]",52.206
Vitvi14g01841,182.614029299751,-1.32714337155779,-1.10680301144442,0.414797022905185,-3.53127860420053,0.0004135559042249,0.0066480282565241,0.192022648020012,1.0,0.112273688018298,False,True,True,False,Rpv12+1,6,,NP_198818.1,NP_198818.1 Pathogenesis-related thaumatin superfamily protein [Arabidopsis thaliana],64.463
Vitvi19g01636,81.9531488244132,1.32081876362169,1.13024797565162,0.416047189690522,3.3727623805774,0.0007441814507457,0.0066522693108026,0.206329524015484,1.0,0.0942415904785233,False,True,True,False,Rpv12+1,24,,NP_201107.2,NP_201107.2 Disease resistance protein (CC-NBS-LRR class) family [Arabidopsis thaliana],37.586
Vitvi13g02459,3.9412708949482,5.12512583247312,3.95899366589853,1.71078482696084,3.37103562005662,0.000748861744623,0.0066819840422073,0.0033589849642114,0.0844070006520734,0.0077230264963527,False,True,True,False,Rpv12+1,24,,NP_188064.1,NP_188064.1 LRR and NB-ARC domains-containing disease resistance protein [Arabidopsis thaliana],31.383
Vitvi03g04039,60.3764821121956,-2.19369410347962,-1.76581291573975,0.732557640182367,-3.36565968751864,0.0007636085353401,0.0067914295583541,0.0335196610425296,0.497639508065569,0.0302062421121795,False,True,True,False,Rpv12+1,24,RPP8,NP_851124.1,NP_851124.1 Disease resistance protein (CC-NBS-LRR class) family [Arabidopsis thaliana],35.971
Vitvi04g00157,9.87197850527154,-5.35702427525677,-4.3415292205531,2.27102682491763,-3.36467522460393,0.000766338064946,0.0068107880836981,0.0031366477164766,0.0796617161313721,0.0145602567964689,False,True,True,False,Rpv12+1,24,MYB32,NP_195225.1,NP_195225.1 myb domain protein 32 [Arabidopsis thaliana],53.793
Vitvi18g00310,1470.26551286303,2.03426658898503,1.61977170127672,0.710514117365304,3.32351504994591,0.0008889062620287,0.0068541767359436,0.045538319611241,0.578137568564356,0.0578505162569932,False,True,True,False,Rpv12+1,0,LAX2,NP_179701.1,NP_179701.1 like AUXIN RESISTANT 2 [Arabidopsis thaliana],84.096
Vitvi15g04377,10.6140548156005,3.07864797733288,2.44922354948526,0.984650626870386,3.3196969401804,0.0009011521756782,0.0069334119300468,0.0125055536512213,0.255772304896245,0.0180304960700504,False,True,True,False,Rpv12+1,0,,NP_177642.2,NP_177642.2 Pathogenesis-related thaumatin superfamily protein [Arabidopsis thaliana],46.067
Vitvi15g04000,2083.93076370553,1.67391138931922,1.42240652665954,0.580388832133086,3.31975194830808,0.000900974642114,0.0069334119300468,0.0906894874577755,0.853227405246474,0.0712494589490079,False,True,True,False,Rpv12+1,0,CRK25,NP_192429.1,NP_192429.1 cysteine-rich RLK (RECEPTOR-like protein kiNAse) 25 [Arabidopsis thaliana],55.015
Vitvi06g00308,686.340215055218,-1.76331929380818,-1.49485459355595,0.542503683940302,-3.31709501046285,0.0009095867917155,0.0069917566928871,0.0755112675613971,0.768299979828311,0.0541698323636605,False,True,True,False,Rpv12+1,0,MLO6,NP_176350.1,NP_176350.1 Seven transmembrane MLO family protein [Arabidopsis thaliana],61.655
Vitvi10g02024,343.648392074058,3.07170282710903,2.19387220277079,1.26471336121421,3.31691963080626,0.0009101579396448,0.0069939647539275,0.0126457648767379,0.257432345066604,0.0512531345885554,False,True,True,False,Rpv12+1,0,,NP_849538.2,NP_849538.2 Leucine-rich repeat receptor-like protein kiNAse family protein [Arabidopsis thaliana],39.537
Vitvi14g04252,6.41778958299172,3.63090443215425,2.79815238446128,1.25959681026945,3.31446248994003,0.0009181949828983,0.0070365644609512,0.0081732668837666,0.189207511869425,0.0197925856841532,False,True,True,False,Rpv12+1,0,,NP_194449.1,NP_194449.1 NB-ARC domain-containing disease resistance protein [Arabidopsis thaliana],29.505
Vitvi12g04498,24.9606447277474,3.89221278427817,3.08480966063463,1.1152636975737,3.30969855646302,0.000933964966257,0.0071257853541992,0.0069751581378992,0.167705111883554,0.0070519535310776,False,True,True,False,Rpv12+1,0,,NP_188065.1,NP_188065.1 NB-ARC domain-containing disease resistance protein [Arabidopsis thaliana],42.707
Vitvi19g00735,1760.96795459294,1.83723499156816,1.48011126840934,0.635082610272507,3.29928013134982,0.000969331279399,0.0073478293536229,0.0663559566315103,0.715796069906672,0.0688901451788725,False,True,True,False,Rpv12+1,0,,NP_001032080.1,NP_001032080.1 Leucine-rich receptor-like protein kiNAse family protein [Arabidopsis thaliana],69.581
Vitvi16g04400,1651.37596989559,1.85236881258631,1.49882238029474,0.62893097072968,3.29841114883664,0.0009723364690621,0.0073678281128388,0.0645368625976249,0.703904534603507,0.0656703752457523,False,True,True,False,Rpv12+1,0,,NP_181039.1,NP_181039.1 disease resistance family protein / LRR family protein [Arabidopsis thaliana],38.599
Vitvi18g04597,123.77063369822,-1.56291054727128,-1.3098497942689,0.490723957680167,-3.33786693916091,0.000844241677929,0.007378055330777,0.114644354623792,1.0,0.0596414770620066,False,True,True,False,Rpv12+1,24,,NP_564971.2,NP_564971.2 disease resistance protein (TIR-NBS-LRR class) [Arabidopsis thaliana],35.5
Vitvi13g01916,897.947979210668,1.32939544996211,1.12241825556681,0.431067648722832,3.29690166566376,0.0009775772121362,0.0074012268586931,0.206992520882186,1.0,0.131795201075131,False,True,True,False,Rpv12+1,0,WRKY70,NP_191199.1,NP_191199.1 WRKY DNA-binding protein 70 [Arabidopsis thaliana],44.809
Vitvi09g01786,36.1998552909877,-1.61915782458649,-1.33610876401326,0.529077305153889,-3.29639761936284,0.0009793330171513,0.0074122421537757,0.103739903303006,0.919597468825261,0.081663115090625,False,True,True,False,Rpv12+1,0,,NP_201107.2,NP_201107.2 Disease resistance protein (CC-NBS-LRR class) family [Arabidopsis thaliana],38.82
Vitvi15g01667,52.9517228257371,2.1649487123072,1.72041120352866,0.743134047593801,3.2916759539473,0.0009959229404449,0.0075142486664976,0.0382615342748819,0.52108443659581,0.0487898064419978,False,True,True,False,Rpv12+1,0,,NP_175437.1,NP_175437.1 NB-ARC domain-containing disease resistance protein [Arabidopsis thaliana],34.992
Vitvi14g02589,30.9659296990998,1.89874646794862,1.52343551907381,0.648234104710737,3.28913195576129,0.0010049689562263,0.0075667528134453,0.0597512887342614,0.678989557775649,0.0639447418932143,False,True,True,False,Rpv12+1,0,,NP_194452.1,NP_194452.1 NB-ARC domain-containing disease resistance protein [Arabidopsis thaliana],35.714
Vitvi05g01958,86.8905231788076,1.60489440774361,1.3152381916816,0.523774139771331,3.3190814983873,0.0009031406681178,0.0077967973603709,0.105470578437686,1.0,0.0630415554550843,False,True,True,False,Rpv12+1,24,,NP_193174.1,NP_193174.1 cotton fiber protein [Arabidopsis thaliana],32.057
Vitvi15g04252,15.3090834802552,-3.09809802806517,-2.40638284389427,1.08002148669576,-3.31633055366453,0.0009120787841514,0.0078538877757266,0.0123612876853348,0.235856254238274,0.0197210480294242,False,True,True,False,Rpv12+1,24,,NP_175437.1,NP_175437.1 NB-ARC domain-containing disease resistance protein [Arabidopsis thaliana],33.542
Vitvi01g02293,266.984140988324,3.07699803698651,2.27218235961985,1.20576277713501,3.26858509341681,0.0010808667088225,0.0080181367776431,0.0136881991823374,0.27085446475852,0.0412754547299193,False,True,True,False,Rpv12+1,0,JAZ10,NP_568287.1,NP_568287.1 jasmoNAte-zim-domain protein 10 [Arabidopsis thaliana],47.264
Vitvi19g04136,7.2888717916785,3.49397743789696,2.68561428520593,1.23301864692814,3.26180937507998,0.0011070355990011,0.0081851527662045,0.0099628405554713,0.217000787752353,0.0221583680017031,False,True,True,False,Rpv12+1,0,ZAR1,NP_850677.1,NP_850677.1 HOPZ-ACTIVATED RESISTANCE 1 [Arabidopsis thaliana],45.783
Vitvi17g01613,13.8607218819164,4.63212087124355,3.15041698828718,2.07355036954275,3.26135548099818,0.0011088093785946,0.0081958079361108,0.0053113214494017,0.140911620481643,0.0427703153655771,False,True,True,False,Rpv12+1,0,,NP_173228.1,NP_173228.1 Kunitz family trypsin and protease inhibitor protein [Arabidopsis thaliana],55.224
Vitvi05g01579,187.348183563216,4.52641638230324,3.37574131255695,2.0535405425749,3.26097808096723,0.0011102862265146,0.0082042625904062,0.0055682391562953,0.144641244714967,0.0342478190845183,False,True,True,False,Rpv12+1,0,EP3,NP_191010.1,NP_191010.1 homolog of carrot EP3-3 chitiNAse [Arabidopsis thaliana],64.835
Vitvi05g01575,249.116152812698,1.68283194630978,1.36068872209753,0.578054922143613,3.26001364061083,0.0011140685571243,0.0082256919379273,0.092951903623488,0.865008382762796,0.0834210752389639,False,True,True,False,Rpv12+1,0,EP3,NP_191010.1,NP_191010.1 homolog of carrot EP3-3 chitiNAse [Arabidopsis thaliana],71.269
Vitvi09g00296,8.69139695383728,5.57473719314062,4.47334381980104,2.69331892219314,3.25097895927249,0.0011500836877208,0.008405061326221,0.0038803019767742,0.113103847095408,0.0255274811289396,False,True,True,False,Rpv12+1,0,ABCG29,NP_001189911.1,NP_001189911.1 pleiotropic drug resistance 1 [Arabidopsis thaliana],70.312
Vitvi05g00528,12.6294942443194,5.95561705971075,4.7242667522317,2.17890258022302,3.24604746368829,0.0011701932788081,0.0085141847247304,0.0035314804291289,0.105697936551011,0.0105939267879654,False,True,True,False,Rpv12+1,0,,NP_566712.1,NP_566712.1 BifunctioNAl inhibitor/lipid-transfer protein/seed storage 2S albumin superfamily protein [Arabidopsis thaliana],52.096
Vitvi09g01646,20.8930269661112,4.9709523045741,3.8818722937724,2.36564857298849,3.24296285299379,0.0011829363322922,0.0085906322685792,0.0048397435229288,0.132568430174132,0.0302060668589239,False,True,True,False,Rpv12+1,0,,NP_201107.2,NP_201107.2 Disease resistance protein (CC-NBS-LRR class) family [Arabidopsis thaliana],42.994
Vitvi06g01917,448.784852605726,2.59209030990525,1.95459882022465,0.983697819902779,3.24121502154937,0.0011902137103709,0.0086266857807292,0.0232555327774415,0.38212404643536,0.0487219190529136,False,True,True,False,Rpv12+1,0,BG3,NP_191283.2,"NP_191283.2 beta-1,3-glucaNAse 3 [Arabidopsis thaliana]",60.443
Vitvi09g01790,205.981877702926,1.31680927697991,1.09569585405824,0.434335893286644,3.23889560847312,0.001199934831968,0.008681819242398,0.217918798224145,1.0,0.142318569768618,False,True,True,False,Rpv12+1,0,,NP_175437.1,NP_175437.1 NB-ARC domain-containing disease resistance protein [Arabidopsis thaliana],44.322
Vitvi14g03121,1931.16200761464,1.24165529505278,1.05307819152935,0.405440957160291,3.23837936258369,0.0012021084771232,0.0086924403998846,0.264260704922184,1.0,0.159276105874992,False,True,True,False,Rpv12+1,0,,NP_181039.1,NP_181039.1 disease resistance family protein / LRR family protein [Arabidopsis thaliana],42.567
Vitvi05g04232,152.633228572848,-2.85301598333249,-2.3165343705443,0.904154114934281,-3.43950707322042,0.0005827745558389,0.0087069766302408,0.0127452673755389,0.391318602437466,0.016357338667446,False,True,True,False,Rpv12+1,6,CRK25,NP_192429.1,NP_192429.1 cysteine-rich RLK (RECEPTOR-like protein kiNAse) 25 [Arabidopsis thaliana],33.071
Vitvi14g02915,162.137193382081,1.36286486444747,1.13421088721845,0.456009643130061,3.22559159307309,0.0012571260382423,0.009016173821874,0.195220280586946,1.0,0.129628601176262,False,True,True,False,Rpv12+1,0,,NP_564236.1,NP_564236.1 myb-like transcription factor family protein [Arabidopsis thaliana],54.167
Vitvi12g04430,44.6801260827793,-2.06345618501954,-1.65410535144237,0.682905051872829,-3.26644422121458,0.0010890726060803,0.009073237497344,0.0461448590875829,0.626741105333375,0.0357946925563794,False,True,True,False,Rpv12+1,24,,NP_179297.2,NP_179297.2 disease resistance protein (TIR-NBS-LRR class) [Arabidopsis thaliana],34.216
Vitvi13g02284,36.2275497825968,1.73164715083848,1.39745356825669,0.574732734528458,3.26635723670367,0.0010894072299538,0.009073237497344,0.0837803030997313,0.94303311049306,0.0545214337925619,False,True,True,False,Rpv12+1,24,RLK1,NP_001318851.1,NP_001318851.1 receptor-like protein kiNAse 1 [Arabidopsis thaliana],81.818
Vitvi09g01583,84.7845529203834,1.29948782018868,1.09036254534737,0.431402230562155,3.22306379508402,0.0012682730387874,0.009082899588246,0.228799343948176,1.0,0.144325223016553,False,True,True,False,Rpv12+1,0,,NP_201107.2,NP_201107.2 Disease resistance protein (CC-NBS-LRR class) family [Arabidopsis thaliana],37.757
Vitvi12g00226,184.656327946329,2.98463069940567,2.17477029377808,1.2089765024444,3.2221078538827,0.0012725122436229,0.0091000324046142,0.0160834551471913,0.298599789350871,0.0485184355577735,False,True,True,False,Rpv12+1,0,BZIP61,NP_191371.1,NP_191371.1 Basic-leucine zipper (bZIP) transcription factor family protein [Arabidopsis thaliana],58.702
Vitvi01g01988,49.9359817225136,-4.06905206002074,-3.15401582881046,1.43937343862505,-3.22052274335919,0.0012795703931977,0.0091372452773392,0.0075992186917427,0.178520899473681,0.0170705705893926,False,True,True,False,Rpv12+1,0,PCR2,NP_172940.1,NP_172940.1 PLANT CADMIUM RESISTANCE 2 [Arabidopsis thaliana],63.194
Vitvi01g02254,628.730757920856,-2.0818708544947,-1.61830745577497,0.751010185342754,-3.20408162517506,0.0013549405668966,0.0095372330874476,0.0479532351731689,0.596153923228583,0.062380351007379,False,True,True,False,Rpv12+1,0,,NP_181039.1,NP_181039.1 disease resistance family protein / LRR family protein [Arabidopsis thaliana],42.921
Vitvi13g01638,150.291789899527,1.76784760798859,1.52329429686758,0.624190873011992,3.20261867140953,0.0013618417729384,0.0095721352120145,0.082108943303763,0.804151197260628,0.0610531611851753,False,True,True,False,Rpv12+1,0,,NP_188065.1,NP_188065.1 NB-ARC domain-containing disease resistance protein [Arabidopsis thaliana],37.378
Vitvi13g04377,21.3919221502859,-2.47681891194384,-1.99004652503105,0.801383498510617,-3.40473383180969,0.0006622857203441,0.0096220078346008,0.0211743697959979,0.555699270079337,0.0260490573602544,False,True,True,False,Rpv12+1,6,,NP_188064.1,NP_188064.1 LRR and NB-ARC domains-containing disease resistance protein [Arabidopsis thaliana],42.998
Vitvi02g01440,1270.00539671946,-2.82429487194641,-2.22867639947921,0.973744346759722,-3.19861399981922,0.0013808992441961,0.0096812275981835,0.0194179472152575,0.339541498130964,0.0278710071752588,False,True,True,False,Rpv12+1,0,,NP_566036.1,NP_566036.1 BifunctioNAl inhibitor/lipid-transfer protein/seed storage 2S albumin superfamily protein [Arabidopsis thaliana],61.481
Vitvi13g00804,3.34366322690778,5.74089599558181,4.82469730271935,2.93531186930573,3.242078331424,0.0011866140264263,0.0097592537987654,0.0037807995523229,0.0924317154104827,0.0196661794251905,False,True,True,False,Rpv12+1,24,RLK1,NP_001318851.1,NP_001318851.1 receptor-like protein kiNAse 1 [Arabidopsis thaliana],60.897
Vitvi10g01921,256.869596377974,-1.20053204269342,-1.0315406141823,0.376881021632853,-3.19223328735131,0.0014117725889875,0.0098644531611736,0.296941410950066,1.0,0.168385468433578,False,True,True,False,Rpv12+1,0,RFO1,NP_849908.1,NP_849908.1 Wall-associated kiNAse family protein [Arabidopsis thaliana],52.3
Vitvi12g00632,12.4368283193128,5.00145219332066,3.91766508445808,1.84222158182612,3.1912999983374,0.0014163413257672,0.0098931060112284,0.0054007559419324,0.142274294748249,0.0139851789885825,False,True,True,False,Rpv12+1,0,MYB102,NP_567626.1,NP_567626.1 MYB-like 102 [Arabidopsis thaliana],47.938
Vitvi16g01753,60.54034954738,-1.56792481235066,-1.26338485784552,0.512467755261298,-3.3786464248376,0.0007284362887995,0.0102874417714641,0.110514970724867,1.0,0.0792157244161516,False,True,True,False,Rpv12+1,6,,NP_188065.1,NP_188065.1 NB-ARC domain-containing disease resistance protein [Arabidopsis thaliana],34.737
Vitvi02g00070,44.2744987740396,-4.31436466632992,-3.36318574003557,1.59784769883935,-3.37882626689888,0.000727959957642,0.0102874417714641,0.004736123615672,0.192678472258733,0.0154434720734087,False,True,True,False,Rpv12+1,6,DIR6,NP_194100.1,NP_194100.1 Disease resistance-responsive (dirigent-like protein) family protein [Arabidopsis thaliana],56.707
Vitvi14g04677,38.4978759445336,-2.159237446142,-1.68984636590903,0.753548418242072,-3.22283708211798,0.0012692772362252,0.0103166987765246,0.0417934844877389,0.581529659954661,0.0386578697394587,False,True,True,False,Rpv12+1,24,,NP_849538.2,NP_849538.2 Leucine-rich repeat receptor-like protein kiNAse family protein [Arabidopsis thaliana],38.685
Vitvi15g01161,32.3918042607666,3.03322907436825,2.13942033725744,1.27309879800123,3.17446216652693,0.0015011445903657,0.0103446708051054,0.0166848389982119,0.306072021987536,0.056143885018145,False,True,True,False,Rpv12+1,0,MYB17,NP_191684.1,NP_191684.1 myb domain protein 17 [Arabidopsis thaliana],64.865
Vitvi10g04071,237.802768272748,4.37470944022198,2.91834854197041,2.11159862839428,3.17361239962518,0.0015055459551094,0.0103644026939992,0.0072275362400164,0.172033776617462,0.0545204745821179,False,True,True,False,Rpv12+1,0,LTP3,NP_568905.1,NP_568905.1 lipid transfer protein 3 [Arabidopsis thaliana],33.898
Vitvi18g00843,109.980584996994,3.16212557287713,2.26598042055348,1.32767744369777,3.1730665893015,0.0015083792449073,0.0103677017484573,0.0150331313400705,0.285272565123795,0.0503608410201721,False,True,True,False,Rpv12+1,0,MYB70,NP_179910.1,NP_179910.1 myb domain protein 70 [Arabidopsis thaliana],70.796
Vitvi04g00832,11.731636245551,-4.5653805192335,-3.38171876119582,1.87796461330993,-3.21597726427004,0.0013000113090355,0.010497239793314,0.0060543084594742,0.134102163413537,0.0206166402929985,False,True,True,False,Rpv12+1,24,,NP_849538.2,NP_849538.2 Leucine-rich repeat receptor-like protein kiNAse family protein [Arabidopsis thaliana],43.012
Vitvi18g01165,206.182521524703,2.39986942447924,1.69103813327752,1.00651751115475,3.16733322581031,0.0015384392318541,0.0105426951087506,0.0323381225155551,0.469844798360759,0.0763015564501217,False,True,True,False,Rpv12+1,0,FD,NP_195315.3,NP_195315.3 Basic-leucine zipper (bZIP) transcription factor family protein [Arabidopsis thaliana],46.696
Vitvi19g00147,205.634947419395,3.22446924180044,2.40407944391921,1.42414754409122,3.16165540489507,0.0015687508602925,0.0106998189906329,0.0146038893080099,0.280634454835434,0.0475033629363624,False,True,True,False,Rpv12+1,0,BZIP61,NP_191371.1,NP_191371.1 Basic-leucine zipper (bZIP) transcription factor family protein [Arabidopsis thaliana],59.327
Vitvi08g01843,875.455214953867,1.99649457482607,1.61719070876099,0.648492941462386,3.35970897943923,0.0007802461552158,0.0108260836568155,0.0467807580986065,0.895199598464849,0.0424628063208573,False,True,True,False,Rpv12+1,6,NAC047,NP_001118568.1,NP_001118568.1 NAC domain containing protein 47 [Arabidopsis thaliana],49.148
Vitvi03g00090,13.0678487044042,3.58365480292185,2.66839117293981,1.33919147134042,3.15009143154182,0.0016321937325221,0.0109895394354784,0.0115992133067318,0.241398887006516,0.0286941131983833,False,True,True,False,Rpv12+1,0,,NP_175437.1,NP_175437.1 NB-ARC domain-containing disease resistance protein [Arabidopsis thaliana],41.885
Vitvi12g02088,79.089412040638,-1.34877665798897,-1.10528719340037,0.435565524152076,-3.34807052192341,0.0008137630104988,0.0112009627383496,0.193308463772326,1.0,0.115372310304876,False,True,True,False,Rpv12+1,6,,NP_194449.1,NP_194449.1 NB-ARC domain-containing disease resistance protein [Arabidopsis thaliana],29.932
Vitvi05g04413,56.6298710703115,3.32444940527726,2.62811604526658,1.14930721160835,3.34332521993055,0.0008278082209317,0.0113554204450611,0.0097096128196151,0.321104629264616,0.0180298083252371,False,True,True,False,Rpv12+1,6,CRK29,NP_001329810.1,NP_001329810.1 cysteine-rich RLK (RECEPTOR-like protein kiNAse) 29 [Arabidopsis thaliana],35.241
Vitvi18g04599,106.625364320468,-1.67539543214762,-1.36363459564379,0.556045103969256,-3.13328233882859,0.001728630745474,0.0114695790588468,0.103275551406905,0.917346400425545,0.0792447076635363,False,True,True,False,Rpv12+1,0,,NP_564971.2,NP_564971.2 disease resistance protein (TIR-NBS-LRR class) [Arabidopsis thaliana],46.114
Vitvi13g04459,9.50658988974595,4.15434531537628,3.17440861187817,1.36355617056569,3.13264829978673,0.0017323688679805,0.0114851021075268,0.0087404708704798,0.197834794030198,0.0137922200086977,False,True,True,False,Rpv12+1,0,,NP_188064.1,NP_188064.1 LRR and NB-ARC domains-containing disease resistance protein [Arabidopsis thaliana],32.5
Vitvi01g04414,72.6607904235713,2.05561229449266,1.58973980406287,0.749512389938257,3.12864124478703,0.0017561658323888,0.0116095202074745,0.0540681635539046,0.639507205419298,0.0662007343622041,False,True,True,False,Rpv12+1,0,,NP_181039.1,NP_181039.1 disease resistance family protein / LRR family protein [Arabidopsis thaliana],40.221
Vitvi01g04017,37.8001061215441,2.79944032269007,2.16799434096528,0.994443244970084,3.12757289780869,0.0017625610469971,0.0116414085667083,0.0222075294428224,0.370017046302414,0.0327070310714252,False,True,True,False,Rpv12+1,0,RPM1,NP_187360.1,NP_187360.1 NB-ARC domain-containing disease resistance protein [Arabidopsis thaliana],33.252
Vitvi07g02290,21.9096738498547,2.14460896255753,1.69490365996996,0.725011675262764,3.3261939167758,0.0008804065511768,0.0118677819404172,0.0379298353760699,0.792054912872336,0.0419442255616344,False,True,True,False,Rpv12+1,6,,NP_849538.2,NP_849538.2 Leucine-rich repeat receptor-like protein kiNAse family protein [Arabidopsis thaliana],44.49
Vitvi11g01488,39.2282335561263,2.26941510476268,1.6996769494818,0.87512743289498,3.11778208092026,0.001822174807136,0.0119518366742819,0.0405869318322548,0.540862735506853,0.0651446793438289,False,True,True,False,Rpv12+1,0,ChiC,NP_193716.1,NP_193716.1 Glycosyl hydrolase family protein with chitiNAse insertion domain-containing protein [Arabidopsis thaliana],63.836
Vitvi11g00499,7.08818023168193,-3.95714040631224,-3.04430918781535,1.39312305673252,-3.15331199083597,0.0016142917585036,0.012474809210319,0.0092644301769774,0.189186751756092,0.0146906735320283,False,True,True,False,Rpv12+1,24,MYB82,NP_680426.1,NP_680426.1 myb domain protein 82 [Arabidopsis thaliana],55.66
Vitvi05g01366,11700.1877109132,1.57093149490484,1.25247348893199,0.565778970128024,3.09983963294879,0.0019362544671987,0.0125563477372753,0.129958081398246,1.0,0.106569557380752,False,True,True,False,Rpv12+1,0,CTL2,NP_188317.3,NP_188317.3 chitiNAse-like protein [Arabidopsis thaliana],78.947
Vitvi15g04127,78.9621706154256,-1.41496912017519,-1.16844222722393,0.465474159778839,-3.14920681724356,0.0016371428826161,0.0126385677966441,0.177855056400808,1.0,0.0884585220277838,False,True,True,False,Rpv12+1,24,CRK10,NP_001328631.1,NP_001328631.1 cysteine-rich RLK (RECEPTOR-like protein kiNAse) 10 [Arabidopsis thaliana],78.641
Vitvi08g02334,40.7587025943664,-3.10101660973039,-2.38548319347934,1.11427013283225,-3.2977899309064,0.0009744901041982,0.0128278623699941,0.0127369701473147,0.391318602437466,0.0254627491752848,False,True,True,False,Rpv12+1,6,BGL2,NP_191285.1,"NP_191285.1 beta-1,3-glucaNAse 2 [Arabidopsis thaliana]",61.151
Vitvi12g01844,60.5931714982145,1.33357588476348,1.10291955606426,0.45496201880164,3.08805466225809,0.0020147140879421,0.0128820795711993,0.21992847526923,1.0,0.140886865723381,False,True,True,False,Rpv12+1,0,,NP_188065.1,NP_188065.1 NB-ARC domain-containing disease resistance protein [Arabidopsis thaliana],47.091
Vitvi10g00828,48.9019618089103,2.24474350134742,1.6163927515366,0.913613787072629,3.0872677576874,0.002020055499623,0.0128994523817295,0.0434583103502768,0.562506650397274,0.0775971972852552,False,True,True,False,Rpv12+1,0,JAZ8,NP_564349.1,NP_564349.1 jasmoNAte-zim-domain protein 8 [Arabidopsis thaliana],47.2
Vitvi01g01844,1045.45442680575,1.34731557692843,1.10437717999126,0.437886789638944,3.29202346105658,0.0009946931342749,0.0130391130463352,0.1980438962013,1.0,0.116196107626424,False,True,True,False,Rpv12+1,6,WRKY57,NP_974112.1,NP_974112.1 WRKY DNA-binding protein 57 [Arabidopsis thaliana],50.16
Vitvi13g02554,2.57698193580898,5.06714532854976,4.13099986125542,2.7621757131796,3.08196022708722,0.0020564231211239,0.0130774496675295,0.0067974676150439,0.163884751467222,0.035577242289853,False,True,True,False,Rpv12+1,0,,NP_188065.1,NP_188065.1 NB-ARC domain-containing disease resistance protein [Arabidopsis thaliana],37.591
Vitvi19g04522,21.8425991761886,-2.20337276720924,-1.66787278662358,0.815589935468129,-3.06993295725686,0.002141068267013,0.0135163689994666,0.0468100071997957,0.58616705521276,0.0630490784123363,False,True,True,False,Rpv12+1,0,,NP_188065.1,NP_188065.1 NB-ARC domain-containing disease resistance protein [Arabidopsis thaliana],37.759
Vitvi14g01987,1822.71315586485,1.40058830520568,1.13311199710732,0.498098276732788,3.04585576713691,0.0023201910626121,0.0143258714332114,0.191833937594619,1.0,0.134345687646286,False,True,True,False,Rpv12+1,0,MYB106,NP_001326423.1,NP_001326423.1 myb domain protein 106 [Arabidopsis thaliana],35.789
Vitvi06g00139,26.8834245577576,-1.9116159869493,-1.48192717761022,0.691163689349736,-3.04514608588876,0.0023256731547071,0.0143517771868186,0.0732280225858644,0.755649642139498,0.0748501093331857,False,True,True,False,Rpv12+1,0,RLK1,NP_001318851.1,NP_001318851.1 receptor-like protein kiNAse 1 [Arabidopsis thaliana],43.357
Vitvi12g00625,167.936980863041,1.87798485599771,1.43365006588467,0.705817045838029,3.04508644957298,0.0023261343686867,0.0143517771868186,0.0772795526833049,0.779263067651934,0.0845932907701651,False,True,True,False,Rpv12+1,0,MYB15,NP_188966.1,NP_188966.1 myb domain protein 15 [Arabidopsis thaliana],45.6
Vitvi05g04483,5.09549489522401,-4.40812285768804,-3.37108035070731,1.47864968081788,-3.10202134501098,0.0019220409901202,0.014375046093686,0.0083060275364531,0.172442360576253,0.0107610907778279,False,True,True,False,Rpv12+1,24,,NP_190255.1,NP_190255.1 NB-ARC domain-containing disease resistance protein [Arabidopsis thaliana],29.452
Vitvi04g01992,9.02619520456995,-2.79406661301356,-2.1062419582225,1.0074742684601,-3.04319832082448,0.0023407801156273,0.014431296028177,0.0253665647292938,0.405214499229293,0.0383622015698336,False,True,True,False,Rpv12+1,0,EEL,NP_001323981.1,NP_001323981.1 Basic-leucine zipper (bZIP) transcription factor family protein [Arabidopsis thaliana],80.0
Vitvi08g01623,267.390168051741,1.44723116993755,1.22279192887782,0.492846886076395,3.04221531822994,0.0023484384027429,0.0144712677563722,0.173577688192701,1.0,0.10566731750122,False,True,True,False,Rpv12+1,0,MYB36,NP_200570.1,NP_200570.1 myb domain protein 36 [Arabidopsis thaliana],86.555
Vitvi13g04366,10.4880387720728,-3.10730172505045,-2.31093034566294,1.16125385751264,-3.04171339301877,0.0023523575978011,0.0144881704448572,0.0195938337825227,0.341021355899541,0.0359426221058217,False,True,True,False,Rpv12+1,0,,NP_188065.1,NP_188065.1 NB-ARC domain-containing disease resistance protein [Arabidopsis thaliana],36.423
Vitvi02g00851,21.7984091837265,2.5953093815029,1.96397160444737,0.973292032755053,3.09703146509834,0.0019546912472751,0.0145485720748855,0.0284827273130722,0.439834512268391,0.033764188496784,False,True,True,False,Rpv12+1,24,RPM1,NP_187360.1,NP_187360.1 NB-ARC domain-containing disease resistance protein [Arabidopsis thaliana],33.51
Vitvi09g00064,1836.56473965586,1.42226573399302,1.13771938682981,0.513408216483774,3.03606934662274,0.0023968423165828,0.0147179978343308,0.183688383592232,1.0,0.134251103221386,False,True,True,False,Rpv12+1,0,JAZ1,NP_564075.1,NP_564075.1 jasmoNAte-zim-domain protein 1 [Arabidopsis thaliana],42.857
Vitvi05g01522,30.5101573116227,-1.98945848509426,-1.58266139976749,0.680974744278251,-3.03561933984476,0.0024004220771708,0.0147300866416863,0.0655539490247949,0.710366923172995,0.0593732557856858,False,True,True,False,Rpv12+1,0,,NP_198395.1,NP_198395.1 Disease resistance protein (CC-NBS-LRR class) family [Arabidopsis thaliana],26.771
Vitvi13g02465,11.5076512165816,-4.76315835179531,-3.50675066787512,1.88286604483317,-3.03570378257785,0.0023997499705692,0.0147300866416863,0.0083538696606194,0.191860295392575,0.0237309609858618,False,True,True,False,Rpv12+1,0,,NP_188065.1,NP_188065.1 NB-ARC domain-containing disease resistance protein [Arabidopsis thaliana],38.26
Vitvi11g00403,29.7673440155479,-2.53914051188768,-1.96283615833135,0.893754555966268,-3.24524133718002,0.0011735112244433,0.0147644889199528,0.0245857280682057,0.612442567992288,0.0339853245285368,False,True,True,False,Rpv12+1,6,ABCG38,NP_001319673.1,NP_001319673.1 pleiotropic drug resistance 10 [Arabidopsis thaliana],60.314
Vitvi00g04507,165.534824052769,1.28038759025282,1.0458310597848,0.452018773077054,3.03238142258171,0.0024263240375748,0.0148361675328108,0.253329003161986,1.0,0.164932334888478,False,True,True,False,Rpv12+1,0,CRK16,NP_001328557.1,NP_001328557.1 cysteine-rich RLK (RECEPTOR-like protein kiNAse) 16 [Arabidopsis thaliana],51.039
Vitvi08g00854,29672.0127767052,1.42142278534742,1.16540797178251,0.491059362631257,3.02344942678925,0.0024991079561676,0.0151907287461499,0.185022137339513,1.0,0.123345475519962,False,True,True,False,Rpv12+1,0,LTP3,NP_568905.1,NP_568905.1 lipid transfer protein 3 [Arabidopsis thaliana],57.009
Vitvi12g01921,96.4921196424006,1.97047066567662,1.49726782863734,0.72518000153304,3.01066824976413,0.0026067348547838,0.0156281387218695,0.0690698930828757,0.733225110931787,0.0765441025955983,False,True,True,False,Rpv12+1,0,,NP_188065.1,NP_188065.1 NB-ARC domain-containing disease resistance protein [Arabidopsis thaliana],43.193
Vitvi19g04137,38.9930589553522,1.7686598050992,1.38688810355672,0.643842926853927,3.0106644071486,0.002606767840061,0.0156281387218695,0.0953640939428662,0.875308538053136,0.0861909287757972,False,True,True,False,Rpv12+1,0,ZAR1,NP_850677.1,NP_850677.1 HOPZ-ACTIVATED RESISTANCE 1 [Arabidopsis thaliana],33.597
Vitvi02g01019,6.20644604599812,5.14337870395923,3.63823106941592,2.71920078365643,3.06829330585209,0.0021528520094689,0.0157009064846881,0.0068465843972929,0.147650341336706,0.0348113359029881,False,True,True,False,Rpv12+1,24,MYB113,NP_176811.1,NP_176811.1 myb domain protein 113 [Arabidopsis thaliana],48.649
Vitvi09g00532,16.1297476106791,3.08776418486553,2.18318160576763,1.23811286699621,2.99835138236279,0.0027144450996755,0.0160907289402325,0.0213514633208321,0.360111495170629,0.0499501107779966,False,True,True,False,Rpv12+1,0,,NP_201107.2,NP_201107.2 Disease resistance protein (CC-NBS-LRR class) family [Arabidopsis thaliana],41.551
Vitvi12g04527,19.0177224484396,-1.88579465255579,-1.44002348274151,0.693751728373401,-3.04551527871956,0.0023228197631801,0.0166545365790759,0.076282892993636,0.888461352546983,0.0590977488357912,False,True,True,False,Rpv12+1,24,,NP_849538.2,NP_849538.2 Leucine-rich repeat receptor-like protein kiNAse family protein [Arabidopsis thaliana],39.192
Vitvi03g01213,149.686450132487,-2.65286725521706,-2.03657714502555,0.966292622976798,-2.98453531461224,0.0028400941537946,0.0166989402321919,0.031497062171214,0.463741922125238,0.0401193494811692,False,True,True,False,Rpv12+1,0,CRK10,NP_567679.2,NP_567679.2 cysteine-rich RLK (RECEPTOR-like protein kiNAse) 10 [Arabidopsis thaliana],53.811
Vitvi10g02248,8.79006832404874,4.12934293405088,2.58826712359428,2.06319584508504,2.98148841875455,0.0028685089614026,0.016825853993599,0.0120336005680363,0.248843444473724,0.0675765421801176,False,True,True,False,Rpv12+1,0,CRK26,NP_195594.1,NP_195594.1 cysteine-rich RLK (RECEPTOR-like protein kiNAse) 26 [Arabidopsis thaliana],38.365
Vitvi12g02640,24.1206687835185,-2.9850625306411,-2.23341982673278,1.11753855746495,-3.03620276360447,0.0023957819369315,0.0170289912862799,0.0217651813381259,0.357186561244689,0.0270580687902604,False,True,True,False,Rpv12+1,24,,NP_193686.5,NP_193686.5 Disease resistance protein (TIR-NBS-LRR class) [Arabidopsis thaliana],35.347
Vitvi09g04085,559.307063596101,1.2846217973991,1.0693172082439,0.434713872695426,2.97271013831809,0.0029518307142713,0.0172080694455248,0.255064846923508,1.0,0.15499206329968,False,True,True,False,Rpv12+1,0,ABCG29,NP_001189911.1,NP_001189911.1 pleiotropic drug resistance 1 [Arabidopsis thaliana],76.708
Vitvi14g00315,16.9742991356812,3.22154170568092,2.26242940753862,1.39253289499878,2.96900061931937,0.0029876999430459,0.0173746252013769,0.0203598022808673,0.34924070023948,0.0546611476120382,False,True,True,False,Rpv12+1,0,RKF3,NP_182322.1,NP_182322.1 receptor-like kiNAse in in flowers 3 [Arabidopsis thaliana],58.24
Vitvi15g01050,116.324647489669,3.86048140943435,2.21687919487519,2.53077486566813,2.96752102318088,0.0030021175138639,0.0174269950686977,0.0140384458061469,0.275252525723291,0.100801165310043,False,True,True,False,Rpv12+1,0,CHIA,NP_197797.1,NP_197797.1 chitiNAse A [Arabidopsis thaliana],65.753
Vitvi06g00305,4.41635686537334,-3.19808583458307,-2.2922249868941,1.24020166170715,-2.96730359784341,0.0030042415035937,0.0174321747559966,0.020750830806346,0.353629304927169,0.0423779932166542,False,True,True,False,Rpv12+1,0,NAC025,NP_564771.1,NP_564771.1 NAC domain containing protein 25 [Arabidopsis thaliana],67.63
Vitvi10g02015,106.33093788325,2.65029085458085,1.71094613921657,1.25207291742947,2.95875743624754,0.0030888212576658,0.0178294752820658,0.0327336822071357,0.472821862427644,0.0901906723739179,False,True,True,False,Rpv12+1,0,,NP_849538.2,NP_849538.2 Leucine-rich repeat receptor-like protein kiNAse family protein [Arabidopsis thaliana],41.023
Vitvi16g00630,7006.41782060596,-1.24083882106006,-1.01908247932578,0.421484747645283,-3.01897818804794,0.0025362879105448,0.0178474689986242,0.27894980579058,1.0,0.131628808934019,False,True,True,False,Rpv12+1,24,,NP_181039.1,NP_181039.1 disease resistance family protein / LRR family protein [Arabidopsis thaliana],36.913
Vitvi01g00095,28.3388794016474,-2.24682278178431,-1.67166722176509,0.864819051574162,-3.0190077357157,0.0025360405592704,0.0178474689986242,0.0469412617251313,0.634920612961588,0.0483281735509385,False,True,True,False,Rpv12+1,24,MYB113,NP_176811.1,NP_176811.1 myb domain protein 113 [Arabidopsis thaliana],52.518
Vitvi15g04624,14.0020954320538,-4.15700528639974,-3.2244615614143,1.50096613743862,-3.17006019262607,0.0015240736205724,0.0179576419381692,0.0080735840120278,0.281842785152144,0.0152174135479612,False,True,True,False,Rpv12+1,6,,NP_176187.1,NP_176187.1 NB-ARC domain-containing disease resistance protein [Arabidopsis thaliana],38.938
Vitvi13g04378,27.0054734404942,-2.57238331305336,-1.9371338334401,0.949014351501309,-3.16418685180718,0.001555169173313,0.01819819446308,0.0265543491633495,0.640283802613639,0.0395050731837107,False,True,True,False,Rpv12+1,6,,NP_188065.1,NP_188065.1 NB-ARC domain-containing disease resistance protein [Arabidopsis thaliana],34.877
Vitvi06g01574,479.421623733427,-2.0066225763046,-1.50878815963621,0.759269771703814,-3.01015725505332,0.0026111246189485,0.0182489832943025,0.0655190898925583,0.80352267815257,0.0562003431655269,False,True,True,False,Rpv12+1,24,WRKY48,NP_199763.1,NP_199763.1 WRKY DNA-binding protein 48 [Arabidopsis thaliana],50.0
Vitvi03g00783,685.867854971336,1.16388278056886,1.02093762416044,0.411968627204818,2.94071261312389,0.0032745818824916,0.0186958515080102,0.339410432113072,1.0,0.175281471809906,False,True,True,False,Rpv12+1,0,LRRNAXI-23,NP_850942.1,NP_850942.1 Leucine-rich receptor-like protein kiNAse family protein [Arabidopsis thaliana],59.244
Vitvi05g04110,273.848595004953,1.32443148506557,1.05586433349536,0.48754046594654,2.93980565570748,0.0032841816849374,0.0187376331612135,0.235721982402353,1.0,0.162343229119344,False,True,True,False,Rpv12+1,0,,NP_172601.3,NP_172601.3 G-type lectin S-receptor-like Serine/Threonine-kiNAse [Arabidopsis thaliana],27.536
Vitvi14g02869,1149.30283776773,-1.49598558645485,-1.19718231695857,0.522664841013579,-2.93300429345193,0.0033569924964933,0.0190647457684669,0.165421060427831,1.0,0.117578908085318,False,True,True,False,Rpv12+1,0,,NP_188456.1,NP_188456.1 BifunctioNAl inhibitor/lipid-transfer protein/seed storage 2S albumin superfamily protein [Arabidopsis thaliana],53.488
Vitvi12g00048,200.890619728287,1.73522468377376,1.34595300867262,0.619663006526632,3.14598670005818,0.0016552753271456,0.0190994520441088,0.0912707409439408,1.0,0.0752415620954289,False,True,True,False,Rpv12+1,6,WRKY28,NP_193551.1,NP_193551.1 WRKY DNA-binding protein 28 [Arabidopsis thaliana],49.164
Vitvi08g02357,93.1233802362542,1.47247361822012,1.17034690932301,0.534328660711719,2.93053184903893,0.0033838230461609,0.0191421043777774,0.173526701387389,1.0,0.125677248762024,False,True,True,False,Rpv12+1,0,,NP_176762.1,NP_176762.1 Disease resistance-responsive (dirigent-like protein) family protein [Arabidopsis thaliana],59.036
Vitvi03g04245,3.94536727978962,-3.4950940038697,-2.47717158925158,1.401243342272,-2.99134829940869,0.0027774850022606,0.0192116479621613,0.0164207391793984,0.289649437757169,0.0297534599972546,False,True,True,False,Rpv12+1,24,PRB1,NP_179064.1,NP_179064.1 basic pathogenesis-related protein 1 [Arabidopsis thaliana],40.26
Vitvi09g04095,17.950794839588,1.64332571500376,1.26972712579182,0.618723424166733,2.92789601727571,0.0034126415530031,0.0192546263271985,0.125856077638682,1.0,0.107295458643399,False,True,True,False,Rpv12+1,0,RPS5,NP_001323155.1,NP_001323155.1 Disease resistance protein (CC-NBS-LRR class) family [Arabidopsis thaliana],35.599
Vitvi04g01475,833.046888154155,2.31518619945274,1.66058844924836,0.964598334649231,2.92099994453651,0.0034890988958979,0.0195446658479632,0.0485390228074923,0.600346240010019,0.0767056184397325,False,True,True,False,Rpv12+1,0,MLO4,NP_563882.1,NP_563882.1 Seven transmembrane MLO family protein [Arabidopsis thaliana],48.529
Vitvi18g01812,7.62810466377018,4.32129561378668,2.94176669911776,1.72954646806229,2.9185652938046,0.0035164622266387,0.0196354404840146,0.0126056441407616,0.256838416000048,0.0364327092835683,False,True,True,False,Rpv12+1,0,,NP_177429.2,NP_177429.2 Disease resistance protein (TIR-NBS-LRR class) family [Arabidopsis thaliana],50.0
Vitvi06g01601,20.3887688008232,3.82937767589189,2.33916533703641,2.10806175952585,2.91782402293096,0.0035248321514165,0.0196688029178475,0.0156637714274295,0.292886773960064,0.0817466252978537,False,True,True,False,Rpv12+1,0,,NP_187974.1,NP_187974.1 Disease resistance-responsive (dirigent-like protein) family protein [Arabidopsis thaliana],51.031
Vitvi12g04188,49.0668464129361,1.89829600304478,1.36845794165897,0.782493152129417,2.91617390140253,0.0035435293227047,0.0197418336486101,0.0838025257848021,0.81403277831587,0.102240408295651,False,True,True,False,Rpv12+1,0,,NP_001329569.1,NP_001329569.1 G-type lectin S-receptor-like Serine/Threonine-kiNAse [Arabidopsis thaliana],47.183
Vitvi18g04600,398.841353157951,-1.74755436745407,-1.35269662871141,0.638017410917336,-2.90835648157091,0.0036333390470715,0.0201465092873406,0.106731451536724,0.932183772283653,0.092259020932256,False,True,True,False,Rpv12+1,0,,NP_001327255.1,NP_001327255.1 Disease resistance protein (TIR-NBS-LRR class) family [Arabidopsis thaliana],31.361
Vitvi10g02222,13.7751443281406,-2.99682073775692,-2.18043717901475,1.18806513226755,-2.97111048016961,0.0029672501576102,0.0202552438024069,0.0239062853364759,0.38318904296377,0.0334468643008778,False,True,True,False,Rpv12+1,24,CRK10,NP_567679.2,NP_567679.2 cysteine-rich RLK (RECEPTOR-like protein kiNAse) 10 [Arabidopsis thaliana],45.964
Vitvi05g02122,36.3966468916102,4.48933436599417,5.52417211705134,2.26755583075589,2.90371420660007,0.0036876461182398,0.0203971373527069,0.0121990443687466,0.25127149735594,0.0050483162482399,False,True,True,False,Rpv12+1,0,DIR1,NP_568699.1,NP_568699.1 BifunctioNAl inhibitor/lipid-transfer protein/seed storage 2S albumin superfamily protein [Arabidopsis thaliana],52.439
Vitvi18g04518,2.70226997696683,4.66399535849411,3.47777706337362,2.18600204025373,2.90126844059048,0.0037165534774095,0.0205293747689377,0.0115403179141348,0.241313490260473,0.0356381003960894,False,True,True,False,Rpv12+1,0,,NP_001324491.1,NP_001324491.1 disease resistance protein (TIR-NBS-LRR class) [Arabidopsis thaliana],49.18
Vitvi05g04108,49.3506979561881,-2.32095843694285,-1.67256715543402,0.93663585759966,-2.96138376902458,0.0030626006497665,0.0207337811507689,0.0459619748607048,0.624581454743468,0.0526632099192725,False,True,True,False,Rpv12+1,24,RLK1,NP_001318851.1,NP_001318851.1 receptor-like protein kiNAse 1 [Arabidopsis thaliana],36.578
Vitvi09g04422,77.9156856057649,1.25636443418858,1.0051602955683,0.445495312024691,2.95673565178638,0.0031091454812516,0.0209682201139108,0.273144774573119,1.0,0.137827552119025,False,True,True,False,Rpv12+1,24,RKF1,NP_850955.5,NP_850955.5 receptor-like kiNAse in flowers 1 [Arabidopsis thaliana],36.14
Vitvi10g00969,34.388291491155,1.555721984925,1.195704942432,0.597958421774143,2.88548333268809,0.0039081315478146,0.0212681088606059,0.151335215071079,1.0,0.124555262186553,False,True,True,False,Rpv12+1,0,WAK2,NP_173549.1,NP_173549.1 wall-associated kiNAse 2 [Arabidopsis thaliana],39.351
Vitvi09g04565,3454.89992091396,2.07044427557625,1.52943934021016,0.820586579880859,2.88530069100967,0.0039103997585956,0.0212757527501686,0.0678937442519296,0.726083731324964,0.080326328490396,False,True,True,False,Rpv12+1,0,,NP_181039.1,NP_181039.1 disease resistance family protein / LRR family protein [Arabidopsis thaliana],34.358
Vitvi06g01602,4.30604506455747,3.91377299200415,2.6078679919738,1.88853029466134,2.88004915847354,0.0039761316955943,0.0215714557261972,0.0161591211163681,0.29894374065281,0.0598831663779239,False,True,True,False,Rpv12+1,0,,NP_187974.1,NP_187974.1 Disease resistance-responsive (dirigent-like protein) family protein [Arabidopsis thaliana],52.062
Vitvi19g00411,92.2258906211967,1.39857229116331,1.09030059279715,0.528929654174833,2.87551907247373,0.0040336377576222,0.0218018209295265,0.206256670411212,1.0,0.15290725988465,False,True,True,False,Rpv12+1,0,,NP_194449.1,NP_194449.1 NB-ARC domain-containing disease resistance protein [Arabidopsis thaliana],43.522
Vitvi09g04162,26.5236401781922,1.5261851845423,1.19052192228856,0.570667152951661,2.87045259712693,0.0040988464813418,0.022076777856217,0.161173547791943,1.0,0.123995600062945,False,True,True,False,Rpv12+1,0,RPS5,NP_001323155.1,NP_001323155.1 Disease resistance protein (CC-NBS-LRR class) family [Arabidopsis thaliana],36.856
Vitvi11g00398,3222.15838724598,3.05076218822525,1.79327038563847,1.74311982962835,2.86890643361651,0.0041189362586618,0.0221414169034244,0.0269651461204231,0.420119867399731,0.105125907462795,False,True,True,False,Rpv12+1,0,ABCG32,NP_180259.1,NP_180259.1 pleiotropic drug resistance 4 [Arabidopsis thaliana],77.551
Vitvi19g00094,1099.30933990326,1.57878681438195,1.25228646590138,0.557044242501664,3.08814087836844,0.0020141296520677,0.0221710467038057,0.128792342274878,1.0,0.0865067191955035,False,True,True,False,Rpv12+1,6,,NP_001321447.1,NP_001321447.1 pathogenesis-related family protein [Arabidopsis thaliana],74.074
Vitvi07g02734,143.301505845877,1.44225063074268,1.10623089246541,0.561207060276806,2.86388654710785,0.0041847786850683,0.0224219677436592,0.189923645583368,1.0,0.147857127519033,False,True,True,False,Rpv12+1,0,,NP_193688.1,NP_193688.1 disease resistance protein (TIR-NBS-LRR class) family [Arabidopsis thaliana],31.839
Vitvi17g01511,914.846980570466,1.49276358732988,1.13296880427131,0.589424814413587,2.86090712879962,0.004224307774448,0.0225993585952884,0.172486107343877,1.0,0.141077924446624,False,True,True,False,Rpv12+1,0,PDCB3,NP_564059.1,NP_564059.1 plasmodesmata callose-binding protein 3 [Arabidopsis thaliana],52.764
Vitvi14g01922,45.2926204370103,2.76793098959341,1.9946937017789,1.2994832001885,2.85963036622195,0.0042413504989617,0.0226560951631442,0.0339369590701696,0.484055023073373,0.0680386965724913,False,True,True,False,Rpv12+1,0,ATHB13,NP_177136.1,NP_177136.1 Homeobox-leucine zipper protein family [Arabidopsis thaliana],50.498
Vitvi17g00332,99.3009850161993,1.65360634348433,1.27704685042029,0.600928680460847,3.06950987849897,0.0021441031481785,0.023220406132137,0.112516017462225,1.0,0.0857501157874,False,True,True,False,Rpv12+1,6,,NP_177530.1,NP_177530.1 BifunctioNAl inhibitor/lipid-transfer protein/seed storage 2S albumin superfamily protein [Arabidopsis thaliana],44.295
Vitvi05g00484,331.031353068058,1.26851304403912,1.00862902001427,0.473880593150418,2.84391706324194,0.0044562645789994,0.0234890784779811,0.273591456209897,1.0,0.181515496885046,False,True,True,False,Rpv12+1,0,RLK1,NP_001318851.1,NP_001318851.1 receptor-like protein kiNAse 1 [Arabidopsis thaliana],42.689
Vitvi13g02552,116.535236015117,1.93736039923393,1.43892569103542,0.741779852386298,3.0630151331451,0.0021911897858194,0.023582166967903,0.069173162169067,1.0,0.0704627559528235,False,True,True,False,Rpv12+1,6,RLK1,NP_001318851.1,NP_001318851.1 receptor-like protein kiNAse 1 [Arabidopsis thaliana],42.821
Vitvi09g04475,716.435135480437,2.0568413376598,1.50187231637009,0.826845513652458,2.83782904377219,0.0045421503192484,0.0238288788894813,0.0724151765033828,0.751411583558902,0.0856851835061199,False,True,True,False,Rpv12+1,0,,NP_181039.1,NP_181039.1 disease resistance family protein / LRR family protein [Arabidopsis thaliana],36.893
Vitvi01g04015,11.5169402494931,-4.26230631321635,-3.16589733412171,2.0508181745854,-2.89700040931088,0.0037674926385617,0.0244638768169763,0.0134745636980308,0.251233864416812,0.0296785758279506,False,True,True,False,Rpv12+1,24,,NP_175437.1,NP_175437.1 NB-ARC domain-containing disease resistance protein [Arabidopsis thaliana],26.667
Vitvi00g04563,145.433354398628,-2.67261147808415,-1.84302366528748,1.17286969659457,-2.8925820096755,0.003820894169407,0.0247519192104949,0.0351616625609495,0.513575797868564,0.0525619448553423,False,True,True,False,Rpv12+1,24,BG1,NP_191286.1,"NP_191286.1 beta-1,3-glucaNAse 1 [Arabidopsis thaliana]",60.44
Vitvi00g04032,28.6768396399825,1.71992811457018,1.27243913686625,0.685102501357653,2.81075767134619,0.0049424995578488,0.0253885360940709,0.11969638320445,0.991493884814824,0.114016042542979,False,True,True,False,Rpv12+1,0,,NP_188064.1,NP_188064.1 LRR and NB-ARC domains-containing disease resistance protein [Arabidopsis thaliana],33.038
Vitvi13g04788,2.8576151257139,5.00742218290629,3.30299884424791,3.34185289252326,2.88061077798632,0.0039690544628399,0.0254971731657993,0.0108479482918,0.21368334289548,0.0546254941437081,False,True,True,False,Rpv12+1,24,,NP_188064.1,NP_188064.1 LRR and NB-ARC domains-containing disease resistance protein [Arabidopsis thaliana],30.328
Vitvi13g01913,1935.37542645646,3.36119681516381,1.16410749373559,3.64872231975422,2.80755762763631,0.0049918747436331,0.0255888111078121,0.0244240739775146,0.394875989603093,0.176334889096824,False,True,True,False,Rpv12+1,0,LTP3,NP_568905.1,NP_568905.1 lipid transfer protein 3 [Arabidopsis thaliana],36.842
Vitvi12g04500,47.6440979276003,-1.69845822880399,-1.29867148271513,0.617950572641813,-3.02648581595098,0.0024741442869681,0.0256878775818654,0.106643114605646,1.0,0.0827474583129495,False,True,True,False,Rpv12+1,6,,NP_188065.1,NP_188065.1 NB-ARC domain-containing disease resistance protein [Arabidopsis thaliana],42.803
Vitvi16g04263,23.4283528383684,-1.64519679180981,-1.25762333117548,0.613203582241511,-2.86425619397226,0.0041798979081589,0.0266087764510086,0.130662356956884,1.0,0.0833397409186607,False,True,True,False,Rpv12+1,24,,NP_181039.1,NP_181039.1 disease resistance family protein / LRR family protein [Arabidopsis thaliana],46.043
Vitvi18g04449,27.7525940726505,1.26978117635186,1.01141012278981,0.459551414096581,2.86172159309168,0.0042134684627589,0.0267947880868685,0.271590847652718,1.0,0.135235319697143,False,True,True,False,Rpv12+1,24,,NP_564971.2,NP_564971.2 disease resistance protein (TIR-NBS-LRR class) [Arabidopsis thaliana],39.873
Vitvi05g02251,196.152411697201,-1.77105933679922,-1.30312138029859,0.704437523382876,-2.86151230487109,0.0042162513674272,0.0268055661130163,0.10642165312717,1.0,0.0826102983758665,False,True,True,False,Rpv12+1,24,EP3,NP_191010.1,NP_191010.1 homolog of carrot EP3-3 chitiNAse [Arabidopsis thaliana],69.03
Vitvi14g00043,25.0381118022103,-1.52972342024812,-1.1723698395276,0.58191994174826,-2.77230960675089,0.0055660069211526,0.0276906596343933,0.168526123911399,1.0,0.128968112844682,False,True,True,False,Rpv12+1,0,ABCG37,NP_190916.1,NP_190916.1 pleiotropic drug resistance 9 [Arabidopsis thaliana],68.522
Vitvi10g01406,91.2586803075973,1.34648613484175,1.0318429492377,0.525146733960534,2.77110622768416,0.0055866197868425,0.0277595734305473,0.237899375219171,1.0,0.173270237660667,False,True,True,False,Rpv12+1,0,,NP_849538.2,NP_849538.2 Leucine-rich repeat receptor-like protein kiNAse family protein [Arabidopsis thaliana],39.898
Vitvi11g00486,247.766374285244,-2.12140183812027,-1.49466758547986,0.881281116074805,-2.84547419745496,0.0044345352021455,0.0279322693219254,0.0662847062523072,0.807598192788041,0.0668405242166944,False,True,True,False,Rpv12+1,24,,NP_001154404.1,NP_001154404.1 copper ion binding / electron carrier protein [Arabidopsis thaliana],33.628
Vitvi09g04377,10.2727152787988,2.25958792328334,1.55392815175328,0.946398492119485,2.98628692475008,0.0028238755234163,0.0280978525791809,0.0479965430504607,0.907494607941459,0.0718724496069248,False,True,True,False,Rpv12+1,6,,NP_201107.2,NP_201107.2 Disease resistance protein (CC-NBS-LRR class) family [Arabidopsis thaliana],47.253
Vitvi04g00236,5.04097872726351,5.37619046222428,2.99220956890947,6.54364599155005,2.76168635751144,0.0057503689241671,0.0283218890075534,0.0128157677531684,0.259078569285263,0.127932089746092,False,True,True,False,Rpv12+1,0,NAC038,NP_850054.1,NP_850054.1 NAC domain containing protein 38 [Arabidopsis thaliana],54.203
Vitvi18g04758,4937.48452969436,2.26244120021802,1.25826517669191,1.18550552203436,2.75995212537175,0.0057809832498472,0.0284499207637308,0.0618083087906616,0.69103809481928,0.142509625540346,False,True,True,False,Rpv12+1,0,,NP_564971.2,NP_564971.2 disease resistance protein (TIR-NBS-LRR class) [Arabidopsis thaliana],41.362
Vitvi09g01951,56.8604637561174,-2.66669761508956,-1.78573064636606,1.20717605659351,-2.82958329681871,0.0046608665534375,0.0290314863261207,0.0385385044984697,0.54581956641877,0.0576943451960303,False,True,True,False,Rpv12+1,24,,NP_189066.1,NP_189066.1 Leucine-rich repeat receptor-like protein kiNAse family protein [Arabidopsis thaliana],38.397
Vitvi12g02678,53.5435938415322,-4.06775539988717,-2.81818107462314,2.69773050666173,-2.82755931906042,0.0046904324650096,0.029194920214244,0.0166987917297329,0.292973637061089,0.0559892430853037,False,True,True,False,Rpv12+1,24,,NP_188065.1,NP_188065.1 NB-ARC domain-containing disease resistance protein [Arabidopsis thaliana],37.284
Vitvi03g04246,977.869170402293,3.00851426639613,2.05655080358258,1.40917526914969,2.74371378232372,0.0060748478547223,0.0294896456648157,0.0336240101982971,0.480902396269685,0.0695913211713418,False,True,True,False,Rpv12+1,0,PRB1,NP_179064.1,NP_179064.1 basic pathogenesis-related protein 1 [Arabidopsis thaliana],64.744
Vitvi14g01487,186.685430176745,1.50568021119043,1.10017422588759,0.604680147072168,2.81122989787859,0.0049352508407965,0.0303573709692932,0.172548734839815,1.0,0.112244218725148,False,True,True,False,Rpv12+1,24,BBX12,NP_850211.1,NP_850211.1 B-box type zinc finger protein with CCT domain-containing protein [Arabidopsis thaliana],41.505
Vitvi10g01771,1038.40039257976,1.58410324514674,1.14044569155469,0.67086954299244,2.72942671091104,0.0063444549742926,0.0304444863160643,0.157111972738137,1.0,0.144420627976657,False,True,True,False,Rpv12+1,0,,NP_174162.1,NP_174162.1 GATA zinc finger protein [Arabidopsis thaliana],47.436
Vitvi08g01470,13.0365188687912,2.82758326871429,1.82383087455737,1.31102080126164,2.72650860676734,0.0064008283270292,0.0306136297155296,0.0391249400308822,0.52756149807621,0.0824995024428309,False,True,True,False,Rpv12+1,0,ABI5,NP_565840.1,NP_565840.1 Basic-leucine zipper (bZIP) transcription factor family protein [Arabidopsis thaliana],47.761
Vitvi13g00717,129.901671466162,1.80675394236402,1.22308652850428,0.80511762618528,2.71902047289692,0.0065475555383557,0.0311641379912927,0.112366717958511,0.959334521891866,0.132550285791343,False,True,True,False,Rpv12+1,0,,NP_188065.1,NP_188065.1 NB-ARC domain-containing disease resistance protein [Arabidopsis thaliana],41.595
Vitvi06g01830,3827.88546252116,1.73547185440035,1.20843319224976,0.755856378750314,2.7188155372905,0.0065516133625373,0.0311714072613885,0.124628374700982,1.0,0.132739430542341,False,True,True,False,Rpv12+1,0,LTPG2,NP_001030803.1,NP_001030803.1 BifunctioNAl inhibitor/lipid-transfer protein/seed storage 2S albumin superfamily protein [Arabidopsis thaliana],48.387
Vitvi01g01006,181.199006888025,1.90313366744452,1.35289816691479,0.802677222107266,2.79498787790834,0.0051901661298635,0.0315248848065383,0.0923696648272271,1.0,0.0805541345275256,False,True,True,False,Rpv12+1,24,,NP_181039.1,NP_181039.1 disease resistance family protein / LRR family protein [Arabidopsis thaliana],35.066
Vitvi09g04545,265.833396631607,-2.33145624683738,-1.56898605499147,1.03812398804924,-2.7941873728786,0.0052030321745583,0.0315692470331514,0.055308957650378,0.713425553834438,0.0686594301099492,False,True,True,False,Rpv12+1,24,,NP_189066.1,NP_189066.1 Leucine-rich repeat receptor-like protein kiNAse family protein [Arabidopsis thaliana],38.926
Vitvi14g03074,748.044537397158,1.68107635715837,1.21189612651723,0.700732249240417,2.71353345323783,0.0066569846435495,0.0315877261289077,0.135811075322894,1.0,0.128308345671385,False,True,True,False,Rpv12+1,0,,NP_849538.2,NP_849538.2 Leucine-rich repeat receptor-like protein kiNAse family protein [Arabidopsis thaliana],39.884
Vitvi14g04662,31.2183323618922,-3.07688883920487,-2.25868097120326,1.19405006516762,-2.93173555020003,0.0033707363897941,0.0321469685722563,0.0239642773895994,0.602770704071663,0.0359743191016138,False,True,True,False,Rpv12+1,6,,NP_849538.2,NP_849538.2 Leucine-rich repeat receptor-like protein kiNAse family protein [Arabidopsis thaliana],55.333
Vitvi01g01853,97.1310209070806,-2.07914197922829,-1.46410325185892,0.874080282333272,-2.78295726934406,0.0053865899969428,0.032319539981657,0.0743257581972852,0.875016880595312,0.0701495997976147,False,True,True,False,Rpv12+1,24,RPM1,NP_187360.1,NP_187360.1 NB-ARC domain-containing disease resistance protein [Arabidopsis thaliana],32.905
Vitvi18g00200,8.48738955567548,3.59709522069506,2.43396204499829,1.40764823113721,2.77821791043253,0.0054657949178672,0.0326754000477017,0.0226273925834715,0.367252757618723,0.0320389270019035,False,True,True,False,Rpv12+1,24,WAK2,NP_173549.1,NP_173549.1 wall-associated kiNAse 2 [Arabidopsis thaliana],49.855
Vitvi12g02729,690.17133025916,-2.09863184890038,-1.3196662472273,0.988207339186428,-2.69645623175665,0.0070081606824852,0.0327926014385008,0.0790692776440966,0.789541019132565,0.125209262338832,False,True,True,False,Rpv12+1,0,RPS2,NP_194339.1,NP_194339.1 NB-ARC domain-containing disease resistance protein [Arabidopsis thaliana],23.263
Vitvi19g01649,41.7631070043999,-1.81778659181426,-1.30861124580788,0.729990808313935,-2.9228244927235,0.0034687197554066,0.0328738173520062,0.0942710813586985,1.0,0.0895725529661165,False,True,True,False,Rpv12+1,6,RPS5,NP_172686.1,NP_172686.1 Disease resistance protein (CC-NBS-LRR class) family [Arabidopsis thaliana],39.363
Vitvi09g04134,49.6578671026894,-1.52888886967324,-1.11084831513587,0.6099675634558,-2.92193555875178,0.003478635058676,0.0329289860065884,0.156060147046418,1.0,0.124506908907739,False,True,True,False,Rpv12+1,6,RPS5,NP_001323155.1,NP_001323155.1 Disease resistance protein (CC-NBS-LRR class) family [Arabidopsis thaliana],34.701
Vitvi05g00529,81.0167966746464,4.87831633678218,2.96236425424306,3.79153348605962,2.69378267067393,0.0070646212619643,0.0329628805700289,0.0166985845899419,0.306109512465514,0.0965346629122727,False,True,True,False,Rpv12+1,0,,NP_566713.1,NP_566713.1 BifunctioNAl inhibitor/lipid-transfer protein/seed storage 2S albumin superfamily protein [Arabidopsis thaliana],44.393
Vitvi15g00938,778.352233474011,2.15292984509091,1.36683601809578,1.03768921139707,2.68919256863864,0.0071625087617839,0.0332997859700527,0.074959531038479,0.765469518237449,0.122149734034514,False,True,True,False,Rpv12+1,0,MYB3,NP_564176.2,NP_564176.2 myb domain protein 3 [Arabidopsis thaliana],71.756
Vitvi05g00424,49.2419893645998,1.41441619441938,1.06509540875922,0.56965739158547,2.68891381323523,0.0071684924661937,0.0333213170560659,0.215398240343953,1.0,0.162534847758353,False,True,True,False,Rpv12+1,0,,NP_683534.2,NP_683534.2 RING zinc finger protein [Arabidopsis thaliana],53.901
Vitvi18g00603,44.8377481743293,1.84821836052452,1.30438980504189,0.789225796487997,2.68761444410912,0.0071964436963309,0.0334008264700094,0.108721294049082,0.939867921688678,0.116115354907008,False,True,True,False,Rpv12+1,0,HAT22,NP_195493.1,NP_195493.1 Homeobox-leucine zipper protein family [Arabidopsis thaliana],54.483
Vitvi01g01028,24.6517000752113,2.38050996218246,1.48821741107242,1.16208190783264,2.68479743711165,0.0072573776028308,0.0336329485747443,0.059807204583184,0.679329858745771,0.110834231170705,False,True,True,False,Rpv12+1,0,MYB105,NP_177115.1,NP_177115.1 myb domain protein 105 [Arabidopsis thaliana],86.614
Vitvi10g02225,6.53269951650972,3.89408517958106,2.29861237648227,2.24479780140532,2.76154904354056,0.0057527875814699,0.0339218944128991,0.0203257167899034,0.339311056481865,0.0651519112263732,False,True,True,False,Rpv12+1,24,CRK25,NP_192429.1,NP_192429.1 cysteine-rich RLK (RECEPTOR-like protein kiNAse) 25 [Arabidopsis thaliana],43.077
Vitvi10g00290,564.370988148558,-1.39088089474152,-1.00778533684869,0.549457338250586,-2.90548590685958,0.0036668336167714,0.0341695163802634,0.207098224208864,1.0,0.15402687062975,False,True,True,False,Rpv12+1,6,,NP_200274.1,NP_200274.1 zinc finger protein-like protein [Arabidopsis thaliana],64.68
Vitvi03g01384,8.50776791331562,-3.7934359734103,-2.74964229864299,1.46301179517216,-2.90131448182189,0.0037160074030339,0.0345524249047419,0.0164428865465865,0.466012425972,0.0284132234061752,False,True,True,False,Rpv12+1,6,,NP_001319213.1,NP_001319213.1 Disease resistance protein (CC-NBS-LRR class) family [Arabidopsis thaliana],32.6
Vitvi04g04434,1325.25118593985,1.9620795279961,1.20763213950011,0.953205383219891,2.6699433167215,0.0075864052759793,0.0347912658933411,0.0952660040263218,0.875308538053136,0.14260514421453,False,True,True,False,Rpv12+1,0,HCHIB,NP_566426.2,NP_566426.2 basic chitiNAse [Arabidopsis thaliana],65.677
Vitvi10g04208,53.6181906301072,1.80044645668687,1.2253208380655,0.784424060936408,2.65879557146372,0.0078420530200043,0.0356950480705788,0.118610002552716,0.986998688170291,0.131042319775551,False,True,True,False,Rpv12+1,0,CRK25,NP_192429.1,NP_192429.1 cysteine-rich RLK (RECEPTOR-like protein kiNAse) 25 [Arabidopsis thaliana],49.627
Vitvi09g00462,287.43034351478,-2.32850285288413,-1.71188786056504,0.926152424787284,-2.88236475801431,0.0039470253147142,0.0361983176810112,0.0500551030162007,0.934280701485918,0.0550508157294224,False,True,True,False,Rpv12+1,6,ABCG40,NP_173005.1,NP_173005.1 pleiotropic drug resistance 12 [Arabidopsis thaliana],72.962
Vitvi08g01863,143.190333830105,1.61371118552577,1.10601024511338,0.719659171658834,2.6508954398252,0.0080278689848582,0.0363689923337566,0.156696856858546,1.0,0.157179149797314,False,True,True,False,Rpv12+1,0,,NP_196311.1,NP_196311.1 Leucine-rich repeat receptor-like protein kiNAse family protein [Arabidopsis thaliana],65.558
Vitvi04g00153,67.5359096327623,1.91388221198014,1.32112286883898,0.83719694655816,2.65020054205139,0.0080444005433359,0.0364150335658228,0.102877764679841,0.915367158591825,0.116663884474556,False,True,True,False,Rpv12+1,0,MYB4,NP_195574.1,NP_195574.1 myb domain protein 4 [Arabidopsis thaliana],66.897
Vitvi07g04310,200.643904960808,1.46176905303541,1.05537334380687,0.615551575364284,2.64836121540478,0.008088305171482,0.0365486951952738,0.201409883530519,1.0,0.167427074879703,False,True,True,False,Rpv12+1,0,,NP_001323734.1,NP_001323734.1 Disease resistance protein (TIR-NBS-LRR class) family [Arabidopsis thaliana],37.5
Vitvi07g02289,129.90098679986,1.43669921614661,1.05453322823733,0.567856517204797,2.86854906331362,0.0041235923752272,0.0373211404433073,0.191625377737888,1.0,0.139304272730842,False,True,True,False,Rpv12+1,6,,NP_849538.2,NP_849538.2 Leucine-rich repeat receptor-like protein kiNAse family protein [Arabidopsis thaliana],43.153
Vitvi12g00076,1041.04402653541,1.91415122728517,1.36126259691012,0.798410435981082,2.86234243655594,0.0042052229090092,0.0379035575537852,0.0858217525883943,1.0,0.0866963667088829,False,True,True,False,Rpv12+1,6,NAC042,NP_181828.1,NP_181828.1 NAC domain containing protein 42 [Arabidopsis thaliana],54.452
Vitvi04g01714,262.833649914338,-1.39573888979017,-1.07836396089311,0.540598358952862,-2.62844236292665,0.0085776890033705,0.0382076659551232,0.228062985686661,1.0,0.157654249743976,False,True,True,False,Rpv12+1,0,XND1,NP_201258.2,NP_201258.2 xylem NAC domain 1 [Arabidopsis thaliana],59.091
Vitvi12g01940,6.15226287556852,3.40098620630932,2.2090186217185,1.38524417252152,2.62840216285231,0.0085787028743891,0.0382076659551232,0.0320930672778118,0.467700583242495,0.0577786089951462,False,True,True,False,Rpv12+1,0,,NP_849538.2,NP_849538.2 Leucine-rich repeat receptor-like protein kiNAse family protein [Arabidopsis thaliana],40.811
Vitvi06g01480,273.061013395593,1.53421495686297,1.13063971280063,0.605108429473235,2.85590193965686,0.004291476542156,0.0384940659798077,0.160008589215827,1.0,0.119705215304521,False,True,True,False,Rpv12+1,6,TGA9,NP_563810.2,NP_563810.2 bZIP transcription factor family protein [Arabidopsis thaliana],65.743
Vitvi14g02758,357.538655549411,1.58019577445163,1.13084018667596,0.672312938322527,2.62135476487728,0.0087581070289022,0.0387856776494762,0.167914857754591,1.0,0.147092074455702,False,True,True,False,Rpv12+1,0,,NP_194452.1,NP_194452.1 NB-ARC domain-containing disease resistance protein [Arabidopsis thaliana],29.577
Vitvi10g04214,428.218954417749,1.56660087713768,1.06315173514608,0.697755404199552,2.6033025695058,0.0092330428967056,0.0403736678741996,0.173221456342241,1.0,0.16733132350586,False,True,True,False,Rpv12+1,0,CRK29,NP_001320020.1,NP_001320020.1 cysteine-rich RLK (RECEPTOR-like protein kiNAse) 29 [Arabidopsis thaliana],51.224
Vitvi07g04245,44.9077011259977,-1.43195254918317,-1.08123696483296,0.568193234569427,-2.60217520245443,0.0092634514597774,0.0404563712396873,0.216245355545787,1.0,0.157939523545784,False,True,True,False,Rpv12+1,0,,NP_564971.2,NP_564971.2 disease resistance protein (TIR-NBS-LRR class) [Arabidopsis thaliana],30.794
Vitvi09g04335,7.93817921878677,-2.70406674471729,-1.77539708611807,1.19786956289321,-2.59525943660722,0.009451954332904,0.041032307831793,0.0511613387716144,0.620859169380946,0.0799093134385288,False,True,True,False,Rpv12+1,0,,NP_201107.2,NP_201107.2 Disease resistance protein (CC-NBS-LRR class) family [Arabidopsis thaliana],45.528
Vitvi09g04050,17.785361867631,1.8068212617088,1.26503924506021,0.76194007434062,2.59458363945623,0.0094705567741278,0.0410985796525303,0.123339470938645,1.0,0.122882669455905,False,True,True,False,Rpv12+1,0,ABCC8,NP_001326628.1,NP_001326628.1 multidrug resistance-associated protein 6 [Arabidopsis thaliana],77.207
Vitvi12g04180,27.6805984937512,2.61041216218168,1.32070686836337,1.51929164671473,2.59222773572058,0.009535662540732,0.0412648133415555,0.0550571385712719,0.64613714126779,0.143847745051287,False,True,True,False,Rpv12+1,0,,NP_001329572.1,NP_001329572.1 G-type lectin S-receptor-like Serine/Threonine-kiNAse [Arabidopsis thaliana],61.404
Vitvi10g04210,47.7841498247932,2.61360579605429,1.07137031035304,1.6013188658068,2.59159861390263,0.0095531158050129,0.0413236944852907,0.0549669200120371,0.645448002000211,0.176526350027107,False,True,True,False,Rpv12+1,0,CRK29,NP_001329810.1,NP_001329810.1 cysteine-rich RLK (RECEPTOR-like protein kiNAse) 29 [Arabidopsis thaliana],36.202
Vitvi19g01484,1693.51580136849,2.1173289113528,1.46993706503879,0.918243479792413,2.82288362343131,0.0047593844267048,0.041383490750256,0.0681736787287348,1.0,0.0794001530595177,False,True,True,False,Rpv12+1,6,NAC1,NP_175997.1,NP_175997.1 NAC domain containing protein 1 [Arabidopsis thaliana],53.727
Vitvi17g00556,36.4293174832611,2.67397194908138,1.80756538210902,1.20237059394837,2.82078844614282,0.0047905783737375,0.0415798077625583,0.0387609279117512,0.800273964675216,0.062833489379261,False,True,True,False,Rpv12+1,6,WRKY72,NP_197017.1,NP_197017.1 WRKY DNA-binding protein 72 [Arabidopsis thaliana],43.293
Vitvi16g00636,197.341375859386,-1.36316237030795,-1.02000436308965,0.538024696383262,-2.66670083776776,0.0076599823438821,0.0423975118004673,0.238717480980517,1.0,0.132348493797886,False,True,True,False,Rpv12+1,24,,NP_181039.1,NP_181039.1 disease resistance family protein / LRR family protein [Arabidopsis thaliana],36.674
Vitvi04g00365,37.5672327521688,-2.51218057359432,-1.24343781042201,1.97915616010401,-2.81007713655202,0.0049529627620357,0.0426212690745939,0.0454137409171601,0.880636062751662,0.134841998281187,False,True,True,False,Rpv12+1,6,ABCG32,NP_180259.1,NP_180259.1 pleiotropic drug resistance 4 [Arabidopsis thaliana],74.375
Vitvi00g04748,223.215969950808,1.67174105577761,1.12816871053555,0.746711012838219,2.57592245592178,0.0099973064044252,0.0427148179985121,0.150339575443782,1.0,0.152717729003052,False,True,True,False,Rpv12+1,0,,NP_974698.1,"NP_974698.1 terNAry complex factor MIP1 leucine-zipper protein (Protein of unknown function, DUF547) [Arabidopsis thaliana]",74.269
Vitvi03g00284,7.44546517968625,3.30145826775477,1.93982020539145,1.73555932416896,2.6616540765614,0.0077757744423179,0.0428267335481658,0.0320284143237276,0.480959408894599,0.0692301878090721,False,True,True,False,Rpv12+1,24,,NP_195622.1,NP_195622.1 Malectin/receptor-like protein kiNAse family protein [Arabidopsis thaliana],71.018
Vitvi12g02602,15.007912134514,-1.69502728451902,-1.2099756988486,0.691685658722227,-2.66020866766568,0.0078092253468142,0.0429629467717989,0.137694509198741,1.0,0.0951559632245487,False,True,True,False,Rpv12+1,24,,NP_001322562.1,NP_001322562.1 disease resistance protein (TIR-NBS-LRR class) [Arabidopsis thaliana],36.288
Vitvi14g04301,23.2346858987843,-2.67362778525703,-1.65466997591519,1.39882542054668,-2.80613375812963,0.0050139874259802,0.0429930712869498,0.0395529766872812,0.810867019719897,0.0849955435848319,False,True,True,False,Rpv12+1,6,,NP_175559.2,NP_175559.2 disease resistance protein (CC-NBS-LRR class) family protein [Arabidopsis thaliana],28.042
Vitvi03g01566,26.8054301030895,2.8405274953017,1.34915071752568,1.79601543315672,2.57292713206325,0.0100842436791946,0.0430042283677752,0.0479956788011484,0.596153923228583,0.14728300490539,False,True,True,False,Rpv12+1,0,PCR2,NP_172940.1,NP_172940.1 PLANT CADMIUM RESISTANCE 2 [Arabidopsis thaliana],57.246
Vitvi12g04464,14.1452159515516,-2.88002179468227,-1.89966598648356,1.23689788217819,-2.6550583457709,0.0079294692150602,0.0434376299686305,0.0417065386920994,0.580628709764039,0.0519579457848325,False,True,True,False,Rpv12+1,24,,NP_188065.1,NP_188065.1 NB-ARC domain-containing disease resistance protein [Arabidopsis thaliana],41.914
Vitvi02g00039,28.0178204202126,2.18191419704435,1.23922530616422,1.14765249713017,2.65071626327286,0.0080321286666885,0.0438254226096165,0.0755767749858687,0.883778657512445,0.107128973302258,False,True,True,False,Rpv12+1,24,WRKY22,NP_192034.1,NP_192034.1 WRKY family transcription factor [Arabidopsis thaliana],40.483
Vitvi14g01985,4717.45067705448,1.58229852356565,1.12900596865026,0.654415311108336,2.78668369177872,0.0053250428239714,0.0447899724615693,0.152561206943862,1.0,0.121993673739363,False,True,True,False,Rpv12+1,6,NAC100,NP_200951.1,NP_200951.1 NAC domain containing protein 100 [Arabidopsis thaliana],58.516
Vitvi10g02047,30.9352426726103,2.07246039218065,1.26153467178413,1.00164783844637,2.54650010550992,0.0108809178643918,0.0454191520464392,0.0938707106065176,0.86922616593129,0.136042988067787,False,True,True,False,Rpv12+1,0,,NP_001331503.1,NP_001331503.1 Disease resistance protein (CC-NBS-LRR class) family [Arabidopsis thaliana],45.565
Vitvi08g02398,18.4136340686686,2.97581462131788,1.00045328378286,1.91164780512733,2.54635390516792,0.0108854765817005,0.0454225272809575,0.0457842626265802,0.578674787698965,0.185535582301426,False,True,True,False,Rpv12+1,0,,NP_188065.1,NP_188065.1 NB-ARC domain-containing disease resistance protein [Arabidopsis thaliana],29.689
Vitvi07g04366,26.090855574199,1.59864669145173,1.12057346284522,0.686699545625098,2.5461293795687,0.0108924808879374,0.0454363628776203,0.17019815990317,1.0,0.151483900412536,False,True,True,False,Rpv12+1,0,,NP_197270.1,NP_197270.1 disease resistance protein (TIR-NBS-LRR class) [Arabidopsis thaliana],28.507
Vitvi11g00641,42.4367342870733,1.73433398513819,1.13628058230794,0.795069326946839,2.54187724317847,0.0110258890292881,0.0458608479023369,0.140937139036197,1.0,0.152812480981391,False,True,True,False,Rpv12+1,0,ChiC,NP_193716.1,NP_193716.1 Glycosyl hydrolase family protein with chitiNAse insertion domain-containing protein [Arabidopsis thaliana],63.562
Vitvi06g01597,493.953263697846,-1.80579948052692,-1.1937047778373,0.811712836758121,-2.62877521252425,0.0085692984428679,0.0460945931088414,0.120413002183246,1.0,0.102758890081261,False,True,True,False,Rpv12+1,24,,NP_187974.1,NP_187974.1 Disease resistance-responsive (dirigent-like protein) family protein [Arabidopsis thaliana],53.608
Vitvi08g02360,134.015136198229,-1.82107665322724,-1.16470325602928,0.867636640711003,-2.77246908246679,0.0055632803932352,0.046098858774541,0.10565211142782,1.0,0.123251552158991,False,True,True,False,Rpv12+1,6,,NP_199065.1,NP_199065.1 Disease resistance-responsive (dirigent-like protein) family protein [Arabidopsis thaliana],61.184
Vitvi06g00093,54.7497386097544,1.73429264030162,1.19901702805649,0.760798237997601,2.52619901362349,0.0115304143002284,0.0473438811167376,0.142437652608125,1.0,0.135854536471961,False,True,True,False,Rpv12+1,0,,NP_181958.1,NP_181958.1 BifunctioNAl inhibitor/lipid-transfer protein/seed storage 2S albumin superfamily protein [Arabidopsis thaliana],45.455
Vitvi03g01842,9.9988229250383,-1.67956822897111,-1.17518970320244,0.703139612581771,-2.61465947012918,0.0089316454860566,0.0475024331351086,0.145062358914944,1.0,0.101135435371568,False,True,True,False,Rpv12+1,24,CRK10,NP_567679.2,NP_567679.2 cysteine-rich RLK (RECEPTOR-like protein kiNAse) 10 [Arabidopsis thaliana],55.932
Vitvi14g03055,111.056669149474,1.75103786084684,1.14203142787982,0.800959531956415,2.52273747144797,0.0116445297736273,0.0476616179683785,0.139657062080506,1.0,0.151103336455388,False,True,True,False,Rpv12+1,0,,NP_849538.2,NP_849538.2 Leucine-rich repeat receptor-like protein kiNAse family protein [Arabidopsis thaliana],39.004
Vitvi09g04148,13.6133649307719,2.126915264973,1.27540995429862,1.0358014039027,2.51590481304581,0.0118727243432611,0.0483705038730908,0.0913716314586197,0.855778914187624,0.135288997468863,False,True,True,False,Rpv12+1,0,ABCG40,NP_173005.1,NP_173005.1 pleiotropic drug resistance 12 [Arabidopsis thaliana],74.141
Vitvi10g04045,28.1130592732984,2.46713949766884,1.59347524318022,1.38028887316113,2.50719965991088,0.0121691950842389,0.0492363754467581,0.0681987081996043,0.726801154384873,0.109112333000259,False,True,True,False,Rpv12+1,0,LTP3,NP_568905.1,NP_568905.1 lipid transfer protein 3 [Arabidopsis thaliana],33.898
Vitvi05g01724,161.208868964207,1.86495801236517,1.04410610670933,1.03474773078725,2.73679613864187,0.0062040726495836,0.0498430374398634,0.10217798412113,1.0,0.149098966020132,False,True,True,False,Rpv12+1,6,EBP,NP_188299.1,NP_188299.1 ethylene-responsive element binding protein [Arabidopsis thaliana],44.906
