geneID,spearman_rho,pvalue,padj,fdr,module_size,TAIR10,Athal.common.NAme,locus_tag,homology
Vitvi12g04510,0.935775440838066,5.85588726916593e-17,2.48992326684935e-13,2.48992326684935e-13,8,,,,
Vitvi05g00028,0.928348651625065,3.55100336994631e-16,1.5098866329011699e-12,7.54943316450585e-13,18,NP_199723.1,,AT5G49120,40.123
Vitvi12g02465,-0.918913240954523,2.7016313234621703e-15,1.1487336387361198e-11,3.8291121291203894e-12,15,NP_849355.1,,AT4G10265,64.773
Vitvi15g00537,-0.915131704983516,5.691959405780461e-15,2.4202211393378498e-11,5.79921599808314e-12,340,NP_182002.1,CYCP4;1,AT2G44740,70.854
Vitvi05g04527,0.913871192993181,7.24120523420644e-15,3.0789604655845796e-11,5.79921599808314e-12,9,NP_001324176.1,RCY1,AT2G26430,65.574
Vitvi08g01572,0.913223320977314,8.183277513757961e-15,3.4795295988498794e-11,5.79921599808314e-12,29,NP_173625.1,,AT1G22060,30.746
Vitvi12g04511,0.91101947679473,1.23186105178233e-14,5.237873192178469e-11,7.48267598882639e-12,10,,,,
Vitvi03g00315,-0.903787097070498,4.3929236460382904e-14,1.86787113429548e-10,2.0754123714394298e-11,346,NP_195179.2,CIB1,AT4G34530,44.868
Vitvi14g01576,-0.903787097070498,4.3929236460382904e-14,1.86787113429548e-10,2.0754123714394298e-11,744,NP_196925.2,,AT5G14210,62.194
Vitvi10g00359,-0.900005561099491,8.211021228711271e-14,3.49132622644803e-10,3.4913262264480294e-11,600,NP_564774.1,,AT1G61350,59.93
Vitvi19g04532,0.898002932294359,1.13217994414113e-13,4.81402912248809e-10,4.37639011135281e-11,20,,,,
Vitvi17g00228,-0.896224025128485,1.49779128509718e-13,6.36860854423323e-10,4.7570288070238e-11,770,NP_566596.1,,AT3G18050,58.861
Vitvi05g01769,-0.895936773831001,1.56628417917055e-13,6.65984032983319e-10,4.7570288070238e-11,14,NP_194153.1,VEP1,AT4G24220,45.822
Vitvi01g01701,0.895936773831001,1.56628417917058e-13,6.65984032983331e-10,4.7570288070238e-11,8,NP_680418.1,HSD1,AT5G50700,54.167
Vitvi01g04052,0.893351097716049,2.32900429814086e-13,9.90292627569496e-10,6.164285582937249e-11,14,,,,
Vitvi13g01638,0.893351097716049,2.32900429814086e-13,9.90292627569496e-10,6.164285582937249e-11,28,NP_188065.1,,AT3G14470,37.378
Vitvi19g00270,0.892976923999462,2.46455444284885e-13,1.04792854909933e-09,6.164285582937249e-11,164,NP_567773.1,RD26,AT4G27410,61.471
Vitvi07g01612,-0.892442489157479,2.67099144709296e-13,1.1357055633039201e-09,6.309475351688469e-11,658,NP_190564.1,,AT3G49950,61.848
Vitvi18g00473,-0.891196367620255,3.21677187060222e-13,1.3677713993800601e-09,7.198796838842439e-11,8,NP_196153.1,PRX52,AT5G05340,59.259
Vitvi05g02201,-0.888660953186472,4.66378786078871e-13,1.9830425984073603e-09,8.265071912252269e-11,232,NP_199367.1,,AT5G45540,28.835
Vitvi14g01404,-0.888660953186472,4.66378786078871e-13,1.9830425984073603e-09,8.265071912252269e-11,640,NP_172837.1,,AT1G13820,67.869
Vitvi13g04677,0.888179745486144,4.99939313992799e-13,2.12574196309738e-09,8.265071912252269e-11,13,,,,
Vitvi05g00787,0.888179745486144,4.99939313992799e-13,2.12574196309738e-09,8.265071912252269e-11,4,NP_001031637.1,,AT4G14305,80.0
Vitvi11g00286,-0.886164852207616,6.66505841513954e-13,2.8339828381173303e-09,8.265071912252269e-11,27,NP_001324373.1,,AT2G44970,63.068
Vitvi02g00032,-0.884224678378342,8.74713631353133e-13,3.7192823605135205e-09,8.265071912252269e-11,301,NP_191710.1,ACS1,AT3G61510,63.636
Vitvi06g00575,-0.884224678378342,8.74713631353133e-13,3.7192823605135205e-09,8.265071912252269e-11,804,NP_187740.2,,AT3G11320,83.224
Vitvi12g00440,-0.884224678378342,8.74713631353133e-13,3.7192823605135205e-09,8.265071912252269e-11,887,NP_178637.2,,AT2G05790,76.6
Vitvi07g00515,-0.884224678378342,8.74713631353133e-13,3.7192823605135205e-09,8.265071912252269e-11,437,NP_172425.2,MYB61,AT1G09540,44.42
Vitvi06g01930,-0.884224678378342,8.74713631353133e-13,3.7192823605135205e-09,8.265071912252269e-11,728,NP_191681.1,SDR1,AT3G61220,53.465
Vitvi11g00480,-0.884224678378342,8.74713631353133e-13,3.7192823605135205e-09,8.265071912252269e-11,938,NP_567893.1,,AT4G32330,41.584
Vitvi14g01744,-0.884224678378342,8.74713631353133e-13,3.7192823605135205e-09,8.265071912252269e-11,917,NP_196968.2,SK13,AT5G14640,88.862
Vitvi07g02789,-0.884224678378342,8.74713631353133e-13,3.7192823605135205e-09,8.265071912252269e-11,736,NP_189139.1,,AT3G25030,34.639
Vitvi02g00118,-0.884224678378342,8.74713631353133e-13,3.7192823605135205e-09,8.265071912252269e-11,917,NP_194113.1,,AT4G23820,74.664
Vitvi12g00572,-0.884224678378342,8.74713631353133e-13,3.7192823605135205e-09,8.265071912252269e-11,731,NP_188849.3,,AT3G22104,50.0
Vitvi03g00537,-0.884224678378342,8.74713631353133e-13,3.7192823605135205e-09,8.265071912252269e-11,616,NP_188563.1,,AT3G19320,57.808
Vitvi09g01317,-0.884224678378342,8.74713631353133e-13,3.7192823605135205e-09,8.265071912252269e-11,1005,NP_566677.1,MSR1,AT3G21190,60.047
Vitvi18g00043,-0.884224678378342,8.74713631353133e-13,3.7192823605135205e-09,8.265071912252269e-11,727,NP_177775.2,HMG1,AT1G76490,75.208
Vitvi06g00947,-0.884224678378342,8.74713631353133e-13,3.7192823605135205e-09,8.265071912252269e-11,1005,NP_190006.2,NEK6,AT3G44200,53.644
Vitvi19g00735,-0.884224678378342,8.74713631353133e-13,3.7192823605135205e-09,8.265071912252269e-11,835,NP_001032080.1,,AT5G56040,69.581
Vitvi01g00002,-0.884224678378342,8.74713631353133e-13,3.7192823605135205e-09,8.265071912252269e-11,558,NP_974107.1,ACR4,AT1G69040,78.218
Vitvi09g00018,-0.884224678378342,8.74713631353133e-13,3.7192823605135205e-09,8.265071912252269e-11,813,NP_175787.1,PME1,AT1G53840,61.301
Vitvi18g01022,-0.884224678378342,8.74713631353133e-13,3.7192823605135205e-09,8.265071912252269e-11,866,NP_568001.1,BGAL3,AT4G36360,71.598
Vitvi13g00614,-0.884224678378342,8.74713631353133e-13,3.7192823605135205e-09,8.265071912252269e-11,857,NP_195015.1,GATA9,AT4G32890,35.952
Vitvi06g00459,-0.884224678378342,8.74713631353133e-13,3.7192823605135205e-09,8.265071912252269e-11,850,NP_190239.1,SOS5,AT3G46550,59.302
Vitvi01g00258,-0.884224678378342,8.74713631353133e-13,3.7192823605135205e-09,8.265071912252269e-11,849,NP_173922.1,,AT1G25510,66.091
Vitvi13g04336,-0.883787916347062,9.29296131487359e-13,3.951367151084251e-09,8.589928589313589e-11,9,NP_192999.1,ORC1B,AT4G12620,77.966
Vitvi08g02218,0.882962717545617,1.04120702365394e-12,4.427212264576551e-09,9.41960056292883e-11,19,NP_174690.1,,AT1G34300,34.411
Vitvi02g00429,0.880423358994784,1.46965129533437e-12,6.248957307761721e-09,1.1049281391007201e-10,102,NP_567673.1,NYE1,AT4G22920,65.314
Vitvi10g04285,-0.87985813675672,1.58515090510686e-12,6.74006164851438e-09,1.1049281391007201e-10,438,NP_001321052.1,,AT1G61050,59.355
Vitvi18g00881,-0.87985813675672,1.58515090510686e-12,6.74006164851438e-09,1.1049281391007201e-10,874,NP_187982.1,,AT3G13690,49.553
Vitvi18g01253,-0.87985813675672,1.58515090510686e-12,6.74006164851438e-09,1.1049281391007201e-10,720,NP_199705.2,,AT5G48940,53.035
Vitvi18g00697,-0.87985813675672,1.58515090510686e-12,6.74006164851438e-09,1.1049281391007201e-10,816,NP_195453.1,CYP81D8,AT4G37370,50.699
Vitvi17g00722,-0.87985813675672,1.58515090510686e-12,6.74006164851438e-09,1.1049281391007201e-10,551,NP_564273.1,,AT1G27210,49.372
Vitvi07g00400,-0.87985813675672,1.58515090510686e-12,6.74006164851438e-09,1.1049281391007201e-10,833,NP_192119.2,,AT4G02100,67.023
Vitvi18g00022,-0.87985813675672,1.58515090510686e-12,6.74006164851438e-09,1.1049281391007201e-10,796,NP_565768.1,GALS1,AT2G33570,68.862
Vitvi05g01366,-0.87985813675672,1.58515090510686e-12,6.74006164851438e-09,1.1049281391007201e-10,998,NP_188317.3,CTL2,AT3G16920,78.947
Vitvi07g04480,-0.87985813675672,1.58515090510686e-12,6.74006164851438e-09,1.1049281391007201e-10,400,NP_176737.2,HEXO3,AT1G65590,76.963
Vitvi03g00251,-0.87985813675672,1.58515090510686e-12,6.74006164851438e-09,1.1049281391007201e-10,828,NP_567982.1,,AT4G35320,53.409
Vitvi14g00114,-0.87985813675672,1.58515090510686e-12,6.74006164851438e-09,1.1049281391007201e-10,845,NP_001190407.1,TRM8,AT5G26910,36.888
Vitvi02g01236,-0.87985813675672,1.58515090510686e-12,6.74006164851438e-09,1.1049281391007201e-10,838,NP_174446.2,ROPGEF14,AT1G31650,63.276
Vitvi07g01732,-0.87985813675672,1.58515090510686e-12,6.74006164851438e-09,1.1049281391007201e-10,819,NP_192172.1,,AT4G02630,68.699
Vitvi05g00961,-0.875491595135099,2.808569499545e-12,1.19420375120653e-08,1.55091396260589e-10,529,NP_171964.1,,AT1G04700,73.107
Vitvi03g00227,-0.875491595135099,2.808569499545e-12,1.19420375120653e-08,1.55091396260589e-10,609,NP_199049.2,PUB15,AT5G42340,59.385
Vitvi14g01381,-0.875491595135099,2.808569499545e-12,1.19420375120653e-08,1.55091396260589e-10,525,,,,
Vitvi08g04218,-0.875491595135099,2.808569499545e-12,1.19420375120653e-08,1.55091396260589e-10,183,NP_195862.1,,AT5G02420,47.692
Vitvi07g00586,-0.875491595135099,2.808569499545e-12,1.19420375120653e-08,1.55091396260589e-10,238,NP_565298.2,,AT2G03200,58.916
Vitvi12g02142,-0.875491595135099,2.808569499545e-12,1.19420375120653e-08,1.55091396260589e-10,781,NP_565285.1,STI,AT2G02480,54.916
Vitvi01g01404,-0.875491595135099,2.808569499545e-12,1.19420375120653e-08,1.55091396260589e-10,651,NP_188619.2,,AT3G19850,51.839
Vitvi12g00721,-0.875491595135099,2.808569499545e-12,1.19420375120653e-08,1.55091396260589e-10,870,NP_193009.1,FLA2,AT4G12730,60.763
Vitvi11g00838,-0.875491595135099,2.808569499545e-12,1.19420375120653e-08,1.55091396260589e-10,228,NP_974640.1,,AT4G30410,48.913
Vitvi08g01276,-0.875491595135099,2.808569499545e-12,1.19420375120653e-08,1.55091396260589e-10,600,NP_190963.1,,AT3G53950,72.932
Vitvi06g04015,-0.875491595135099,2.808569499545e-12,1.19420375120653e-08,1.55091396260589e-10,624,NP_200465.1,AGP14,AT5G56540,56.667
Vitvi07g01267,-0.875491595135099,2.808569499545e-12,1.19420375120653e-08,1.55091396260589e-10,130,NP_179949.2,,AT2G23690,73.438
Vitvi02g00017,-0.875491595135099,2.808569499545e-12,1.19420375120653e-08,1.55091396260589e-10,727,NP_567683.1,,AT4G23490,68.539
Vitvi04g00289,-0.875491595135099,2.808569499545e-12,1.19420375120653e-08,1.55091396260589e-10,156,NP_195015.1,GATA9,AT4G32890,50.621
Vitvi04g00182,-0.875491595135099,2.808569499545e-12,1.19420375120653e-08,1.55091396260589e-10,431,NP_974131.1,,AT1G72510,53.788
Vitvi15g00943,-0.875491595135099,2.808569499545e-12,1.19420375120653e-08,1.55091396260589e-10,794,NP_192822.1,KLCR1,AT4G10840,69.168
Vitvi09g01650,0.874344762938948,3.2523062961680597e-12,1.38288063713066e-08,1.72860079641333e-10,40,NP_172692.1,SUMM2,AT1G12280,43.159
Vitvi01g01282,-0.874344762938948,3.2523062961680597e-12,1.38288063713066e-08,1.72860079641333e-10,11,NP_565300.1,,AT2G03350,77.143
Vitvi11g00730,-0.874344762938948,3.2523062961680597e-12,1.38288063713066e-08,1.72860079641333e-10,10,NP_179497.1,SHT,AT2G19070,51.126
Vitvi12g04523,-0.873534809302447,3.6042230118780396e-12,1.53251562465054e-08,1.891994598334e-10,26,,,,
Vitvi06g00016,0.872891219991977,3.90885898669595e-12,1.66204684114312e-08,1.99224294904032e-10,9,NP_178409.2,EXPA15,AT2G03090,78.543
Vitvi18g00271,-0.872435015999964,4.13917043718778e-12,1.75997526989224e-08,1.99224294904032e-10,538,NP_187178.2,,AT3G05270,41.921
Vitvi09g00372,-0.872435015999964,4.13917043718778e-12,1.75997526989224e-08,1.99224294904032e-10,325,NP_563968.1,,AT1G15260,31.336
Vitvi04g01696,-0.872234742777271,4.24422412667005e-12,1.80464409866011e-08,1.99224294904032e-10,40,NP_173566.1,SCL1,AT1G21450,55.593
Vitvi04g01481,-0.871125053513477,4.87284258467059e-12,2.07193266700193e-08,1.99224294904032e-10,679,NP_001332004.1,,AT5G66150,66.83
Vitvi11g00089,-0.871125053513477,4.87284258467059e-12,2.07193266700193e-08,1.99224294904032e-10,787,NP_197563.1,GER3,AT5G20630,68.421
Vitvi11g00398,-0.871125053513477,4.87284258467059e-12,2.07193266700193e-08,1.99224294904032e-10,844,NP_180259.1,ABCG32,AT2G26910,77.551
Vitvi04g00932,-0.871125053513477,4.87284258467059e-12,2.07193266700193e-08,1.99224294904032e-10,665,NP_176789.1,TMK1,AT1G66150,74.839
Vitvi14g02010,-0.871125053513477,4.87284258467059e-12,2.07193266700193e-08,1.99224294904032e-10,663,NP_197039.1,ENODL17,AT5G15350,50.588
Vitvi07g00064,-0.871125053513477,4.87284258467059e-12,2.07193266700193e-08,1.99224294904032e-10,767,NP_001325882.1,TRM5,AT3G63430,42.907
Vitvi06g01596,-0.871125053513477,4.87284258467059e-12,2.07193266700193e-08,1.99224294904032e-10,894,NP_176113.1,,AT1G58170,67.55
Vitvi04g00735,-0.871125053513477,4.87284258467059e-12,2.07193266700193e-08,1.99224294904032e-10,843,NP_194887.1,CSLC5,AT4G31590,82.014
Vitvi08g01523,-0.871125053513477,4.87284258467059e-12,2.07193266700193e-08,1.99224294904032e-10,860,NP_195996.1,ATCSLA09,AT5G03760,80.863
Vitvi13g01731,-0.871125053513477,4.87284258467059e-12,2.07193266700193e-08,1.99224294904032e-10,902,NP_196136.1,CEV1,AT5G05170,85.517
Vitvi06g00761,-0.871125053513477,4.87284258467059e-12,2.07193266700193e-08,1.99224294904032e-10,527,NP_180589.1,,AT2G30300,47.18
Vitvi19g00586,-0.871125053513477,4.87284258467059e-12,2.07193266700193e-08,1.99224294904032e-10,289,NP_200345.1,,AT5G55340,46.291
Vitvi06g00906,-0.871125053513477,4.87284258467059e-12,2.07193266700193e-08,1.99224294904032e-10,306,NP_181137.2,PUB23,AT2G35930,55.529
Vitvi11g01134,-0.871125053513477,4.87284258467059e-12,2.07193266700193e-08,1.99224294904032e-10,670,NP_567839.1,,AT4G30020,81.74
Vitvi07g00351,-0.871125053513477,4.87284258467059e-12,2.07193266700193e-08,1.99224294904032e-10,794,NP_192141.1,,AT4G02320,53.427
Vitvi16g00875,-0.871125053513477,4.87284258467059e-12,2.07193266700193e-08,1.99224294904032e-10,789,NP_180377.2,FUC1,AT2G28100,55.286
Vitvi11g00365,-0.871125053513477,4.87284258467059e-12,2.07193266700193e-08,1.99224294904032e-10,749,NP_566747.1,,AT3G24450,58.571
Vitvi18g01098,-0.871125053513477,4.87284258467059e-12,2.07193266700193e-08,1.99224294904032e-10,944,NP_177697.1,GH9B7,AT1G75680,72.676
Vitvi18g01148,-0.871125053513477,4.87284258467059e-12,2.07193266700193e-08,1.99224294904032e-10,950,NP_174115.1,ABCB13,AT1G27940,71.195
Vitvi19g04529,0.870812056826063,5.0652585379416395e-12,2.15374793033279e-08,2.05118850507884e-10,16,,,,
Vitvi08g02387,0.869753273331441,5.7699936874533296e-12,2.45340131590516e-08,2.0768926511977e-10,6,,,,
Vitvi19g04122,0.869487292033731,5.96087716899718e-12,2.5345649722576e-08,2.0768926511977e-10,8,,,,
Vitvi01g00845,0.868787174624001,6.4918599557659595e-12,2.76033885319169e-08,2.0768926511977e-10,4,NP_177003.1,,AT1G68360,70.213
Vitvi08g01561,-0.868505128540505,6.71798141777423e-12,2.8564856988376e-08,2.0768926511977e-10,12,NP_181204.1,PAB7,AT2G36660,54.896
Vitvi08g01863,-0.868505128540505,6.71798141777423e-12,2.8564856988376e-08,2.0768926511977e-10,265,NP_196311.1,,AT5G06940,65.558
Vitvi03g01350,-0.868505128540505,6.71798141777423e-12,2.8564856988376e-08,2.0768926511977e-10,224,NP_001320138.1,,AT4G34800,62.5
Vitvi01g00864,-0.868407732077501,6.7977576335572995e-12,2.89040654578856e-08,2.0768926511977e-10,168,NP_564273.1,,AT1G27210,51.509
Vitvi19g01484,0.867494336566525,7.59013278498443e-12,3.22732446017538e-08,2.0768926511977e-10,94,NP_175997.1,NAC1,AT1G56010,53.727
Vitvi18g00683,-0.866758511891856,8.29025229610732e-12,3.52501527630483e-08,2.0768926511977e-10,574,NP_569048.1,ARA12,AT5G67360,66.754
Vitvi10g02177,-0.866758511891856,8.29025229610732e-12,3.52501527630483e-08,2.0768926511977e-10,443,NP_188849.3,,AT3G22104,45.688
Vitvi04g01389,-0.866758511891856,8.29025229610732e-12,3.52501527630483e-08,2.0768926511977e-10,686,NP_568001.1,BGAL3,AT4G36360,79.147
Vitvi08g01168,-0.866758511891856,8.29025229610732e-12,3.52501527630483e-08,2.0768926511977e-10,923,NP_568102.1,,AT5G02540,73.27
Vitvi17g00480,-0.866758511891856,8.29025229610732e-12,3.52501527630483e-08,2.0768926511977e-10,692,NP_568930.1,COB,AT5G60920,79.819
Vitvi18g00008,-0.866758511891856,8.29025229610732e-12,3.52501527630483e-08,2.0768926511977e-10,856,NP_201279.1,CESA6,AT5G64740,73.059
Vitvi05g00077,-0.866758511891856,8.29025229610732e-12,3.52501527630483e-08,2.0768926511977e-10,572,NP_199741.1,GATA16,AT5G49300,59.355
Vitvi16g01418,-0.866758511891856,8.29025229610732e-12,3.52501527630483e-08,2.0768926511977e-10,778,NP_190491.1,,AT3G49220,64.169
Vitvi08g01426,-0.866758511891856,8.29025229610732e-12,3.52501527630483e-08,2.0768926511977e-10,246,NP_197630.1,NAC090,AT5G22380,52.778
Vitvi08g01702,0.866758511891856,8.29025229610732e-12,3.52501527630483e-08,2.0768926511977e-10,44,NP_191283.2,BG3,AT3G57240,64.241
Vitvi06g04092,-0.866758511891856,8.29025229610732e-12,3.52501527630483e-08,2.0768926511977e-10,472,,,,
Vitvi07g04661,-0.866758511891856,8.29025229610732e-12,3.52501527630483e-08,2.0768926511977e-10,337,NP_195494.1,XTH7,AT4G37800,76.573
Vitvi02g01230,-0.866758511891856,8.29025229610732e-12,3.52501527630483e-08,2.0768926511977e-10,360,NP_193677.2,,AT4G19420,66.837
Vitvi14g02758,-0.866758511891856,8.29025229610732e-12,3.52501527630483e-08,2.0768926511977e-10,455,NP_194452.1,,AT4G27220,29.577
Vitvi07g00390,-0.866758511891856,8.29025229610732e-12,3.52501527630483e-08,2.0768926511977e-10,488,NP_191822.1,,AT3G62630,60.052
Vitvi01g00593,-0.866758511891856,8.29025229610732e-12,3.52501527630483e-08,2.0768926511977e-10,477,NP_564906.1,,AT1G67750,85.013
Vitvi15g00947,-0.866758511891856,8.29025229610732e-12,3.52501527630483e-08,2.0768926511977e-10,363,NP_563624.1,,AT1G01250,57.282
Vitvi07g01415,-0.866716577779395,8.33191156285574e-12,3.54272879652626e-08,2.0768926511977e-10,104,NP_565540.4,,AT2G22590,55.172
Vitvi12g04607,-0.866359712001401,8.69442361037601e-12,3.69686891913188e-08,2.0768926511977e-10,35,NP_194339.1,RPS2,AT4G26090,25.328
Vitvi19g01720,-0.866359712001401,8.69442361037601e-12,3.69686891913188e-08,2.0768926511977e-10,34,,,,
Vitvi12g04515,-0.866359712001401,8.69442361037601e-12,3.69686891913188e-08,2.0768926511977e-10,9,,,,
Vitvi00g04763,-0.866359712001401,8.69442361037601e-12,3.69686891913188e-08,2.0768926511977e-10,3,NP_196505.2,,AT5G09430,63.934
Vitvi00g04602,-0.866359712001401,8.69442361037601e-12,3.69686891913188e-08,2.0768926511977e-10,5,NP_567552.2,DEG5,AT4G18370,76.471
Vitvi12g04641,-0.866359712001401,8.69442361037601e-12,3.69686891913188e-08,2.0768926511977e-10,17,NP_199792.1,MMT,AT5G49810,47.706
Vitvi16g01935,-0.866359712001401,8.69442361037601e-12,3.69686891913188e-08,2.0768926511977e-10,12,NP_188272.1,,AT3G16510,36.667
Vitvi09g04595,-0.866359712001401,8.69442361037601e-12,3.69686891913188e-08,2.0768926511977e-10,18,,,,
Vitvi05g04062,-0.866359712001401,8.69442361037601e-12,3.69686891913188e-08,2.0768926511977e-10,17,,,,
Vitvi00g04037,-0.866359712001401,8.69442361037601e-12,3.69686891913188e-08,2.0768926511977e-10,10,NP_188064.1,,AT3G14460,28.947
Vitvi12g04505,-0.866359712001401,8.69442361037601e-12,3.69686891913188e-08,2.0768926511977e-10,12,NP_188065.1,,AT3G14470,44.918
Vitvi18g00106,-0.866359712001401,8.69442361037601e-12,3.69686891913188e-08,2.0768926511977e-10,11,NP_177755.3,,AT1G76280,51.282
Vitvi12g04598,-0.866359712001401,8.69442361037601e-12,3.69686891913188e-08,2.0768926511977e-10,31,NP_001328297.1,,AT4G10780,36.0
Vitvi05g01815,-0.866359712001401,8.69442361037601e-12,3.69686891913188e-08,2.0768926511977e-10,3,NP_187683.2,,AT3G10720,34.219
Vitvi12g04463,-0.866359712001401,8.69442361037601e-12,3.69686891913188e-08,2.0768926511977e-10,27,,,,
Vitvi12g04495,-0.866359712001401,8.69442361037601e-12,3.69686891913188e-08,2.0768926511977e-10,4,NP_188065.1,,AT3G14470,47.297
Vitvi07g01315,-0.866359712001401,8.69442361037601e-12,3.69686891913188e-08,2.0768926511977e-10,31,NP_201491.1,,AT5G66900,40.511
Vitvi12g04467,-0.866359712001401,8.69442361037601e-12,3.69686891913188e-08,2.0768926511977e-10,19,NP_188064.1,,AT3G14460,34.973
Vitvi12g02633,-0.866359712001401,8.69442361037601e-12,3.69686891913188e-08,2.0768926511977e-10,30,NP_191024.1,,AT3G54630,50.362
Vitvi18g00191,-0.866359712001401,8.69442361037601e-12,3.69686891913188e-08,2.0768926511977e-10,10,NP_195643.1,CAD9,AT4G39330,58.333
Vitvi13g01634,0.866359712001401,8.69442361037607e-12,3.69686891913191e-08,2.0768926511977e-10,3,NP_191906.1,scpl40,AT3G63470,62.796
Vitvi19g04233,0.866359712001401,8.69442361037607e-12,3.69686891913191e-08,2.0768926511977e-10,7,NP_194434.2,VPS22,AT4G27040,80.531
Vitvi00g04024,0.866359712001401,8.69442361037607e-12,3.69686891913191e-08,2.0768926511977e-10,14,NP_188064.1,,AT3G14460,30.46
Vitvi12g04404,0.866359712001401,8.69442361037607e-12,3.69686891913191e-08,2.0768926511977e-10,41,NP_191024.1,,AT3G54630,42.548
Vitvi01g00463,0.866359712001401,8.69442361037607e-12,3.69686891913191e-08,2.0768926511977e-10,14,NP_172940.1,PCR2,AT1G14870,58.219
Vitvi13g01984,0.866359712001401,8.69442361037607e-12,3.69686891913191e-08,2.0768926511977e-10,21,NP_200255.5,CLUB,AT5G54440,75.926
Vitvi13g04706,0.866359712001401,8.69442361037607e-12,3.69686891913191e-08,2.0768926511977e-10,29,,,,
Vitvi13g04699,0.866359712001401,8.69442361037607e-12,3.69686891913191e-08,2.0768926511977e-10,3,,,,
Vitvi15g01687,0.866359712001401,8.69442361037607e-12,3.69686891913191e-08,2.0768926511977e-10,48,NP_190583.4,,AT3G50140,26.483
Vitvi09g00867,0.866359712001401,8.69442361037607e-12,3.69686891913191e-08,2.0768926511977e-10,11,NP_188065.1,,AT3G14470,28.947
Vitvi03g04466,0.866359712001401,8.69442361037607e-12,3.69686891913191e-08,2.0768926511977e-10,6,NP_172642.3,,AT1G11770,55.668
Vitvi19g00476,0.866359712001401,8.69442361037607e-12,3.69686891913191e-08,2.0768926511977e-10,22,NP_194432.1,,AT4G27020,74.39
Vitvi09g04292,0.866359712001401,8.69442361037607e-12,3.69686891913191e-08,2.0768926511977e-10,8,NP_188065.1,,AT3G14470,31.792
Vitvi03g00752,0.866359712001401,8.69442361037607e-12,3.69686891913191e-08,2.0768926511977e-10,11,NP_179068.1,PR1,AT2G14610,64.706
Vitvi06g04118,0.866359712001401,8.69442361037607e-12,3.69686891913191e-08,2.0768926511977e-10,16,,,,
Vitvi06g04121,0.866359712001401,8.69442361037607e-12,3.69686891913191e-08,2.0768926511977e-10,20,,,,
Vitvi03g00745,0.866359712001401,8.69442361037607e-12,3.69686891913191e-08,2.0768926511977e-10,14,NP_188603.1,,AT3G19690,53.049
Vitvi00g04035,0.866359712001401,8.69442361037607e-12,3.69686891913191e-08,2.0768926511977e-10,4,,,,
Vitvi18g02222,0.866359712001401,8.69442361037607e-12,3.69686891913191e-08,2.0768926511977e-10,13,NP_197270.1,,AT5G17680,41.86
Vitvi03g01649,0.866359712001401,8.69442361037607e-12,3.69686891913191e-08,2.0768926511977e-10,5,NP_179064.1,PRB1,AT2G14580,62.821
Vitvi09g01764,0.866359712001401,8.69442361037607e-12,3.69686891913191e-08,2.0768926511977e-10,7,NP_188065.1,,AT3G14470,30.735
Vitvi09g04280,0.866359712001401,8.69442361037607e-12,3.69686891913191e-08,2.0768926511977e-10,21,NP_188064.1,,AT3G14460,34.199
Vitvi09g04286,0.866359712001401,8.69442361037607e-12,3.69686891913191e-08,2.0768926511977e-10,9,NP_188065.1,,AT3G14470,36.965
Vitvi03g01809,0.866359712001401,8.69442361037607e-12,3.69686891913191e-08,2.0768926511977e-10,37,,,,
Vitvi09g00419,0.866359712001401,8.69442361037607e-12,3.69686891913191e-08,2.0768926511977e-10,38,NP_001323155.1,RPS5,AT1G12220,39.812
Vitvi19g01875,0.866359712001401,8.69442361037607e-12,3.69686891913191e-08,2.0768926511977e-10,7,,,,
Vitvi19g00709,0.866359712001401,8.69442361037607e-12,3.69686891913191e-08,2.0768926511977e-10,25,NP_180566.1,,AT2G30050,84.437
Vitvi12g00368,0.865971737360435,9.10519675486767e-12,3.87152966016974e-08,2.1628657319384002e-10,24,NP_198922.1,,AT5G41060,42.268
Vitvi12g02191,-0.864908660451573,1.03253903471697e-11,4.39035597561656e-08,2.43908665312031e-10,29,NP_174230.2,,AT1G29370,30.332
Vitvi13g02230,0.864629821128515,1.0669792369997001e-11,4.53679571572271e-08,2.50651697001255e-10,4,NP_188064.1,,AT3G14460,32.749
Vitvi17g00977,-0.864575241081045,1.0738447056818498e-11,4.56598768855921e-08,2.5087844442633e-10,144,NP_564906.1,,AT1G67750,85.271
Vitvi12g02755,-0.863157946310949,1.26722810536861e-11,5.38825390402733e-08,2.94440104045209e-10,324,NP_199791.2,,AT5G49800,76.068
Vitvi18g02472,0.862753930355779,1.32803069249053e-11,5.64678650446972e-08,3.06890570895094e-10,316,NP_001117322.1,,AT1G21000,71.616
Vitvi04g00070,-0.862391970270235,1.3848035955711299e-11,5.88818488836846e-08,3.13201323849386e-10,664,NP_200486.1,NDL1,AT5G56750,78.462
Vitvi02g00416,-0.862391970270235,1.3848035955711299e-11,5.88818488836846e-08,3.13201323849386e-10,742,NP_172718.2,,AT1G12570,63.339
Vitvi15g00804,-0.862391970270235,1.3848035955711299e-11,5.88818488836846e-08,3.13201323849386e-10,385,NP_191663.1,CYP76C7,AT3G61040,54.797
Vitvi19g00041,-0.862391970270235,1.3848035955711299e-11,5.88818488836846e-08,3.13201323849386e-10,554,NP_177992.1,TBL42,AT1G78710,54.678
Vitvi09g00340,-0.861643114885077,1.50951761704032e-11,6.41846890765543e-08,3.39601529505578e-10,124,NP_175630.1,,AT1G52190,64.983
Vitvi19g02186,0.859772350223298,1.8683163428584e-11,7.9440810898339e-08,4.1757294533445003e-10,13,NP_187439.1,,AT3G07820,49.524
Vitvi12g02678,-0.859737308221668,1.8757392417422397e-11,7.97564325588799e-08,4.1757294533445003e-10,26,NP_188065.1,,AT3G14470,37.284
Vitvi14g01985,-0.858260806288864,2.21469376221231e-11,9.41687787692675e-08,4.83395472244448e-10,56,NP_200951.1,NAC100,AT5G61430,58.516
Vitvi16g01857,-0.858025428648613,2.2737322306888397e-11,9.66790944488895e-08,4.83395472244448e-10,640,NP_974925.1,,AT5G51970,79.402
Vitvi07g01255,-0.858025428648613,2.2737322306888397e-11,9.66790944488895e-08,4.83395472244448e-10,569,NP_564853.2,GLC,AT1G65450,63.877
Vitvi14g01735,-0.858025428648613,2.2737322306888397e-11,9.66790944488895e-08,4.83395472244448e-10,857,NP_197300.1,TRP1,AT5G17990,75.221
Vitvi01g00052,-0.858025428648613,2.2737322306888397e-11,9.66790944488895e-08,4.83395472244448e-10,850,NP_001078720.1,APE2,AT5G46110,68.0
Vitvi10g00414,-0.858025428648613,2.2737322306888397e-11,9.66790944488895e-08,4.83395472244448e-10,815,NP_192402.1,DES-1-LIKE,AT4G04930,81.25
Vitvi08g01923,-0.858025428648613,2.2737322306888397e-11,9.66790944488895e-08,4.83395472244448e-10,762,NP_191299.1,,AT3G57400,40.613
Vitvi18g00159,-0.858025428648613,2.2737322306888397e-11,9.66790944488895e-08,4.83395472244448e-10,401,NP_849501.1,PLDDELTA,AT4G35790,67.016
Vitvi12g00430,-0.858025428648613,2.2737322306888397e-11,9.66790944488895e-08,4.83395472244448e-10,629,NP_180858.1,GH9B8,AT2G32990,74.701
Vitvi19g00978,-0.856289740068398,2.75656099622292e-11,1.17208973559399e-07,5.55420304477225e-10,19,NP_196090.1,,AT5G04700,41.742
Vitvi14g01174,-0.855663913087804,2.95293710251311e-11,1.25558885598858e-07,5.55420304477225e-10,4,NP_193872.2,CRK29,AT4G21410,39.481
Vitvi07g04375,-0.855663913087804,2.95293710251311e-11,1.25558885598858e-07,5.55420304477225e-10,25,NP_197270.1,,AT5G17680,29.864
Vitvi15g00721,-0.855663913087804,2.95293710251311e-11,1.25558885598858e-07,5.55420304477225e-10,165,NP_182059.1,,AT2G45340,67.625
Vitvi09g00782,-0.855663913087804,2.95293710251311e-11,1.25558885598858e-07,5.55420304477225e-10,6,NP_001189794.1,,AT3G02645,45.198
Vitvi03g00786,-0.854242196177249,3.4485174125584494e-11,1.46630960381985e-07,5.55420304477225e-10,5,NP_201256.2,TIN1,AT5G64510,67.765
Vitvi06g04257,-0.854242196177249,3.4485174125584494e-11,1.46630960381985e-07,5.55420304477225e-10,35,,,,
Vitvi15g01483,-0.854242196177249,3.4485174125584494e-11,1.46630960381985e-07,5.55420304477225e-10,42,NP_850628.1,XBAT35,AT3G23280,36.62
Vitvi14g01858,-0.854242196177249,3.4485174125584494e-11,1.46630960381985e-07,5.55420304477225e-10,6,NP_189475.1,ABCB15,AT3G28345,65.854
Vitvi14g01859,-0.854242196177249,3.4485174125584494e-11,1.46630960381985e-07,5.55420304477225e-10,4,NP_189475.1,ABCB15,AT3G28345,77.778
Vitvi18g01973,-0.854242196177249,3.4485174125584494e-11,1.46630960381985e-07,5.55420304477225e-10,5,NP_188951.2,XRCC4,AT3G23100,65.138
Vitvi14g04653,-0.854242196177249,3.4485174125584494e-11,1.46630960381985e-07,5.55420304477225e-10,8,NP_189142.1,,AT3G25060,48.108
Vitvi07g04338,-0.854242196177249,3.4485174125584494e-11,1.46630960381985e-07,5.55420304477225e-10,47,,,,
Vitvi07g00664,-0.854242196177249,3.4485174125584494e-11,1.46630960381985e-07,5.55420304477225e-10,44,NP_201031.1,MAP65-9,AT5G62250,47.826
Vitvi07g01097,-0.854242196177249,3.4485174125584494e-11,1.46630960381985e-07,5.55420304477225e-10,46,NP_188065.1,,AT3G14470,38.924
Vitvi06g04173,-0.854242196177249,3.4485174125584494e-11,1.46630960381985e-07,5.55420304477225e-10,43,NP_180479.1,,AT2G29150,66.406
Vitvi12g01921,-0.854242196177249,3.4485174125584494e-11,1.46630960381985e-07,5.55420304477225e-10,18,NP_188065.1,,AT3G14470,43.193
Vitvi11g00217,-0.854242196177249,3.4485174125584494e-11,1.46630960381985e-07,5.55420304477225e-10,38,NP_567739.1,,AT4G26220,69.869
Vitvi07g04339,-0.854242196177249,3.4485174125584494e-11,1.46630960381985e-07,5.55420304477225e-10,50,NP_188064.1,,AT3G14460,32.192
Vitvi07g04340,-0.854242196177249,3.4485174125584494e-11,1.46630960381985e-07,5.55420304477225e-10,44,,,,
Vitvi07g04371,-0.854242196177249,3.4485174125584494e-11,1.46630960381985e-07,5.55420304477225e-10,41,,,,
Vitvi04g04007,-0.854242196177249,3.4485174125584494e-11,1.46630960381985e-07,5.55420304477225e-10,9,NP_197965.1,,AT5G25930,55.172
Vitvi18g04176,-0.854242196177249,3.4485174125584494e-11,1.46630960381985e-07,5.55420304477225e-10,48,NP_564554.1,PAB8,AT1G49760,77.778
Vitvi18g03383,-0.854242196177249,3.4485174125584494e-11,1.46630960381985e-07,5.55420304477225e-10,48,NP_197270.1,,AT5G17680,39.983
Vitvi02g00086,-0.854242196177249,3.4485174125584494e-11,1.46630960381985e-07,5.55420304477225e-10,6,NP_191473.2,ABCC10,AT3G59140,57.641
Vitvi09g04094,-0.854242196177249,3.4485174125584494e-11,1.46630960381985e-07,5.55420304477225e-10,39,NP_201107.2,,AT5G63020,36.913
Vitvi09g01587,-0.854242196177249,3.4485174125584494e-11,1.46630960381985e-07,5.55420304477225e-10,50,NP_201107.2,,AT5G63020,34.85
Vitvi13g01468,-0.854242196177249,3.4485174125584494e-11,1.46630960381985e-07,5.55420304477225e-10,50,NP_188065.1,,AT3G14470,40.205
Vitvi19g04105,-0.854242196177249,3.4485174125584494e-11,1.46630960381985e-07,5.55420304477225e-10,9,NP_174230.2,,AT1G29370,46.099
Vitvi13g04528,-0.854242196177249,3.4485174125584494e-11,1.46630960381985e-07,5.55420304477225e-10,45,NP_188065.1,,AT3G14470,40.472
Vitvi13g04529,-0.854242196177249,3.4485174125584494e-11,1.46630960381985e-07,5.55420304477225e-10,42,,,,
Vitvi16g04222,-0.854242196177249,3.4485174125584494e-11,1.46630960381985e-07,5.55420304477225e-10,11,NP_001078318.1,EIF4G,AT3G60240,67.5
Vitvi12g04185,-0.854242196177249,3.4485174125584494e-11,1.46630960381985e-07,5.55420304477225e-10,45,NP_001329572.1,,AT4G03230,45.814
Vitvi12g02607,-0.854242196177249,3.4485174125584494e-11,1.46630960381985e-07,5.55420304477225e-10,32,NP_001331467.1,,AT5G17680,35.409
Vitvi12g04441,-0.854242196177249,3.4485174125584494e-11,1.46630960381985e-07,5.55420304477225e-10,4,,,,
Vitvi12g04440,-0.854242196177249,3.4485174125584494e-11,1.46630960381985e-07,5.55420304477225e-10,10,NP_177487.2,,AT1G73450,59.406
Vitvi00g04022,-0.854242196177249,3.4485174125584494e-11,1.46630960381985e-07,5.55420304477225e-10,42,,,,
Vitvi16g04451,-0.854242196177249,3.4485174125584494e-11,1.46630960381985e-07,5.55420304477225e-10,10,NP_200123.2,,AT5G53110,33.628
Vitvi12g02011,-0.854242196177249,3.4485174125584494e-11,1.46630960381985e-07,5.55420304477225e-10,16,NP_188065.1,,AT3G14470,41.469
Vitvi13g01889,-0.854242196177249,3.4485174125584494e-11,1.46630960381985e-07,5.55420304477225e-10,12,NP_001319213.1,,AT1G53350,36.279
Vitvi06g01100,0.854242196177249,3.4485174125585e-11,1.46630960381987e-07,5.55420304477225e-10,35,NP_197207.1,UGT78D2,AT5G17050,47.651
Vitvi00g04625,0.854242196177249,3.4485174125585e-11,1.46630960381987e-07,5.55420304477225e-10,13,NP_193920.1,,AT4G21890,71.825
Vitvi17g00744,0.854242196177249,3.4485174125585e-11,1.46630960381987e-07,5.55420304477225e-10,15,NP_566893.1,,AT3G47830,55.96
Vitvi03g04268,0.854242196177249,3.4485174125585e-11,1.46630960381987e-07,5.55420304477225e-10,16,,,,
Vitvi03g01839,0.854242196177249,3.4485174125585e-11,1.46630960381987e-07,5.55420304477225e-10,30,NP_190844.1,,AT3G52760,47.059
Vitvi15g04604,0.854242196177249,3.4485174125585e-11,1.46630960381987e-07,5.55420304477225e-10,15,NP_565540.4,,AT2G22590,44.0
Vitvi13g00852,0.854242196177249,3.4485174125585e-11,1.46630960381987e-07,5.55420304477225e-10,13,NP_195981.1,,AT5G03610,48.703
Vitvi05g00913,0.854242196177249,3.4485174125585e-11,1.46630960381987e-07,5.55420304477225e-10,4,NP_197270.1,,AT5G17680,35.829
Vitvi18g04739,0.854242196177249,3.4485174125585e-11,1.46630960381987e-07,5.55420304477225e-10,18,NP_001328449.1,,AT4G19510,37.074
Vitvi18g02663,0.854242196177249,3.4485174125585e-11,1.46630960381987e-07,5.55420304477225e-10,22,NP_001330805.1,,AT5G24080,31.227
Vitvi18g02720,0.854242196177249,3.4485174125585e-11,1.46630960381987e-07,5.55420304477225e-10,28,NP_194922.1,CYP82C4,AT4G31940,54.528
Vitvi14g00707,0.854242196177249,3.4485174125585e-11,1.46630960381987e-07,5.55420304477225e-10,3,NP_173799.1,TPS9,AT1G23870,47.093
Vitvi11g01637,0.854242196177249,3.4485174125585e-11,1.46630960381987e-07,5.55420304477225e-10,5,NP_001328414.1,,AT4G27220,29.461
Vitvi03g00841,0.854242196177249,3.4485174125585e-11,1.46630960381987e-07,5.55420304477225e-10,31,NP_196520.1,,AT5G09580,66.082
Vitvi07g04372,0.854242196177249,3.4485174125585e-11,1.46630960381987e-07,5.55420304477225e-10,34,,,,
Vitvi04g00646,0.854242196177249,3.4485174125585e-11,1.46630960381987e-07,5.55420304477225e-10,7,NP_196638.2,,AT5G10770,43.059
Vitvi13g04371,0.854242196177249,3.4485174125585e-11,1.46630960381987e-07,5.55420304477225e-10,14,NP_188065.1,,AT3G14470,35.728
Vitvi10g00196,0.854242196177249,3.4485174125585e-11,1.46630960381987e-07,5.55420304477225e-10,14,NP_567661.1,,AT4G22360,56.853
Vitvi15g00331,0.854242196177249,3.4485174125585e-11,1.46630960381987e-07,5.55420304477225e-10,27,NP_199673.1,,AT5G48620,33.766
Vitvi17g04171,0.854242196177249,3.4485174125585e-11,1.46630960381987e-07,5.55420304477225e-10,32,NP_173308.2,PnsB4,AT1G18730,58.511
Vitvi01g04115,0.854242196177249,3.4485174125585e-11,1.46630960381987e-07,5.55420304477225e-10,10,NP_001117579.1,MLP28,AT1G70830,48.571
Vitvi19g04600,0.854242196177249,3.4485174125585e-11,1.46630960381987e-07,5.55420304477225e-10,4,NP_001323155.1,RPS5,AT1G12220,35.89
Vitvi13g04537,0.854242196177249,3.4485174125585e-11,1.46630960381987e-07,5.55420304477225e-10,24,NP_188065.1,,AT3G14470,41.768
Vitvi12g04084,0.854242196177249,3.4485174125585e-11,1.46630960381987e-07,5.55420304477225e-10,36,NP_001328395.1,,AT4G03500,39.092
Vitvi04g04354,-0.85408075949506,3.50944447824479e-11,1.49221579214968e-07,5.61788076274978e-10,3,NP_187755.2,BSMT1,AT3G11480,49.819
Vitvi15g04494,-0.854032920543599,3.52769088347646e-11,1.49997416365419e-07,5.61788076274978e-10,777,NP_001329236.1,HHP4,AT4G37680,73.85
Vitvi01g01657,-0.854032920543599,3.52769088347646e-11,1.49997416365419e-07,5.61788076274978e-10,610,NP_174116.1,LTPG1,AT1G27950,49.333
Vitvi13g01916,-0.853658887026992,3.6734296095063697e-11,1.56194226996211e-07,5.78497137023003e-10,129,NP_191199.1,WRKY70,AT3G56400,44.809
Vitvi16g01144,-0.853658887026992,3.6734296095063697e-11,1.56194226996211e-07,5.78497137023003e-10,553,NP_200098.1,ABCG8,AT5G52860,71.791
Vitvi12g00193,-0.853658887026992,3.6734296095063697e-11,1.56194226996211e-07,5.78497137023003e-10,688,NP_565976.1,TTL3,AT2G42580,56.966
Vitvi07g01970,-0.853273117934287,3.8296032119507795e-11,1.62834728572147e-07,5.92126285716901e-10,109,NP_565298.2,,AT2G03200,61.174
Vitvi09g04597,-0.853273117934287,3.8296032119507795e-11,1.62834728572147e-07,5.92126285716901e-10,29,NP_001323419.1,BAS,AT1G78950,76.854
Vitvi13g02005,-0.853273117934287,3.8296032119507795e-11,1.62834728572147e-07,5.92126285716901e-10,31,NP_566888.2,,AT3G46850,50.809
Vitvi08g04416,0.853273117934287,3.82960321195079e-11,1.62834728572148e-07,5.92126285716901e-10,52,,,,
Vitvi19g00378,0.853273117934287,3.82960321195079e-11,1.62834728572148e-07,5.92126285716901e-10,242,NP_188702.2,OCT4,AT3G20660,69.557
Vitvi08g01260,0.85314852626164,3.8813496103756393e-11,1.65034985433172e-07,5.97952845772363e-10,7,NP_001031505.1,ChlAKR,AT2G37770,67.314
Vitvi02g00726,-0.852785578702667,4.0358289623104e-11,1.71603447477438e-07,6.195070306044701e-10,234,NP_194326.2,ABCB2,AT4G25960,79.709
Vitvi10g00509,0.850316013631005,5.24901265229646e-11,2.23188017975646e-07,7.94263409165998e-10,4,NP_176350.1,MLO6,AT1G61560,45.522
Vitvi03g01016,-0.850316013631005,5.24901265229646e-11,2.23188017975646e-07,7.94263409165998e-10,17,NP_001190847.2,,AT4G26485,45.813
Vitvi18g02417,0.850316013631005,5.24901265229646e-11,2.23188017975646e-07,7.94263409165998e-10,47,NP_192764.1,,AT4G10260,82.407
Vitvi02g00446,-0.850316013631005,5.24901265229646e-11,2.23188017975646e-07,7.94263409165998e-10,41,NP_182079.1,CYP76C4,AT2G45550,46.307
Vitvi18g01132,-0.850057408412866,5.3940196784220794e-11,2.29353716726507e-07,8.13311052221656e-10,128,NP_001328600.1,TLP1,AT4G24180,64.539
Vitvi03g00553,-0.849805034798334,5.5391224452873596e-11,2.35523486373619e-07,8.29308050611334e-10,727,NP_567961.1,,AT4G34220,52.146
Vitvi19g04572,0.849805034798334,5.5391224452873596e-11,2.35523486373619e-07,8.29308050611334e-10,22,,,,
Vitvi04g02226,-0.849615820148755,5.6502875896393294e-11,2.40250228311464e-07,8.42983257233208e-10,11,NP_001318851.1,RLK1,AT5G60900,35.366
Vitvi12g04108,-0.849394603761858,5.7828877521340294e-11,2.45888387220739e-07,8.597496056669201e-10,33,,,,
Vitvi12g00145,-0.84929234540537,5.84515727445745e-11,2.48536087309931e-07,8.59986461280037e-10,308,NP_194957.2,SD2-5,AT4G32300,44.573
Vitvi08g01686,-0.84929234540537,5.84515727445745e-11,2.48536087309931e-07,8.59986461280037e-10,505,NP_001319515.1,,AT3G10185,60.656
Vitvi10g00655,-0.84929234540537,5.84515727445745e-11,2.48536087309931e-07,8.59986461280037e-10,304,NP_188102.5,,AT3G14840,49.077
Vitvi09g00488,-0.848959457649281,6.05221945501368e-11,2.57340371227182e-07,8.734348185704291e-10,456,NP_175686.1,,AT1G52770,58.261
Vitvi14g04574,-0.848855691243208,6.118147687921079e-11,2.60143639690404e-07,8.734348185704291e-10,32,NP_181039.1,,AT2G34930,37.85
Vitvi10g02309,-0.848818436201521,6.14198049747315e-11,2.61157010752558e-07,8.734348185704291e-10,5,NP_974559.5,,AT4G16380,60.87
Vitvi12g04498,-0.848818436201521,6.14198049747315e-11,2.61157010752558e-07,8.734348185704291e-10,22,NP_188065.1,,AT3G14470,42.707
Vitvi13g02449,0.848818436201521,6.14198049747315e-11,2.61157010752558e-07,8.734348185704291e-10,3,,,,
Vitvi15g04150,0.848818436201521,6.14198049747315e-11,2.61157010752558e-07,8.734348185704291e-10,3,NP_196615.1,,AT5G10530,47.582
Vitvi07g02102,-0.848818436201521,6.14198049747315e-11,2.61157010752558e-07,8.734348185704291e-10,12,NP_188497.1,,AT3G18670,38.567
Vitvi13g01102,0.848818436201521,6.14198049747315e-11,2.61157010752558e-07,8.734348185704291e-10,7,NP_851036.1,ZIFL1,AT5G13750,63.804
Vitvi07g01407,-0.848818436201521,6.14198049747315e-11,2.61157010752558e-07,8.734348185704291e-10,8,NP_173048.3,NRAMP6,AT1G15960,56.442
Vitvi07g02686,0.848818436201521,6.14198049747315e-11,2.61157010752558e-07,8.734348185704291e-10,3,NP_189261.1,CYP71B34,AT3G26300,40.771
Vitvi04g01550,0.848532711723541,6.32765949527503e-11,2.69052081739094e-07,8.96840272463648e-10,233,NP_566951.1,YLS2,AT3G51430,57.064
Vitvi10g04650,0.847064057505404,7.36739697923236e-11,3.1326171955696e-07,1.0407366098237901e-09,8,NP_194449.1,,AT4G27190,30.0
Vitvi01g00290,0.846672420432397,7.67037634075461e-11,3.26144402008886e-07,1.0799483510228e-09,39,NP_177018.1,LBD42,AT1G68510,50.607
Vitvi11g00712,-0.846241370881337,8.017236228244219e-11,3.40892884424944e-07,1.12505902450477e-09,175,NP_194790.1,BRS1,AT4G30610,72.511
Vitvi05g00542,-0.845577149053068,8.5804287725848e-11,3.64839831410306e-07,1.1961961685584202e-09,901,NP_188918.2,NET1A,AT3G22790,45.934
Vitvi08g01333,0.845577149053068,8.580428772585069e-11,3.64839831410317e-07,1.1961961685584202e-09,10,NP_190982.1,PTR1,AT3G54140,76.232
Vitvi13g04716,-0.845199937507649,8.91644859627693e-11,3.79127394313695e-07,1.2349426524876101e-09,10,NP_188065.1,,AT3G14470,37.326
Vitvi01g00337,0.845199937507649,8.91644859627693e-11,3.79127394313695e-07,1.2349426524876101e-09,48,NP_177517.1,,AT1G73760,34.048
Vitvi12g04512,0.844968114174206,9.128992893054289e-11,3.88164777812668e-07,1.24548144190491e-09,3,NP_188065.1,,AT3G14470,43.233
Vitvi06g01689,0.844968114174206,9.128992893054289e-11,3.88164777812668e-07,1.24548144190491e-09,31,NP_173659.1,,AT1G22430,40.0
Vitvi07g02249,-0.844968114174206,9.128992893054549e-11,3.8816477781268e-07,1.24548144190491e-09,113,NP_182216.1,,AT2G46930,70.685
Vitvi06g00541,-0.844968114174206,9.128992893054549e-11,3.8816477781268e-07,1.24548144190491e-09,11,NP_180502.2,MTPB1,AT2G29410,51.688
Vitvi01g04204,-0.844925803783749,9.168290012141059e-11,3.89835691316238e-07,1.24548144190491e-09,160,NP_001154360.1,,AT1G23965,41.25
Vitvi15g00888,-0.844925803783749,9.168290012141059e-11,3.89835691316238e-07,1.24548144190491e-09,98,NP_191751.1,,AT3G61920,52.041
Vitvi19g01612,0.844731571904015,9.350718391636759e-11,3.97592546012395e-07,1.2662182994025302e-09,24,NP_187439.1,,AT3G07820,46.524
Vitvi12g02718,-0.843792305512795,1.02815774485916e-10,4.37172673114115e-07,1.3878497559178201e-09,27,NP_197590.1,JAZ12,AT5G20900,40.0
Vitvi14g04501,-0.843394676225792,1.07010543191962e-10,4.55008829652224e-07,1.42635996756183e-09,20,,,,
Vitvi16g00160,-0.843394676225792,1.07010543191962e-10,4.55008829652224e-07,1.42635996756183e-09,5,NP_001324901.1,,AT2G25737,64.615
Vitvi12g04106,-0.843394676225792,1.07010543191962e-10,4.55008829652224e-07,1.42635996756183e-09,4,,,,
Vitvi01g01037,0.843394676225792,1.07010543191962e-10,4.55008829652224e-07,1.42635996756183e-09,5,NP_177109.3,CYP704B1,AT1G69500,78.87
Vitvi11g01468,-0.842305878810776,1.19326396179529e-10,5.07375836555355e-07,1.58554948923549e-09,4,,,,
Vitvi19g01610,0.842194840456856,1.20653894170157e-10,5.13020358011506e-07,1.5981942617180901e-09,24,NP_188065.1,,AT3G14470,33.534
Vitvi02g01344,-0.840784054866544,1.38761858137279e-10,5.90015420799709e-07,1.8323460273282903e-09,3,NP_194130.3,CSLG3,AT4G23990,53.76
Vitvi08g00802,0.84050368615875,1.42649120988747e-10,6.06544062444153e-07,1.87784539456394e-09,58,NP_195794.1,,AT5G01740,51.515
Vitvi17g00753,-0.840344737359525,1.44897691006181e-10,6.16104982158283e-07,1.90155858690828e-09,49,NP_173820.1,UGT74B1,AT1G24100,47.186
Vitvi11g00339,-0.839620214717407,1.55571305453463e-10,6.61489190788123e-07,2.0353513562711503e-09,49,NP_189095.1,HSFC1,AT3G24520,68.528
Vitvi08g01881,-0.839051899302049,1.64450892995666e-10,6.99245197017572e-07,2.13836451687337e-09,138,NP_001318404.1,,AT2G41890,53.074
Vitvi02g00500,0.839051899302049,1.64450892995671e-10,6.99245197017592e-07,2.13836451687337e-09,76,NP_201041.1,,AT5G62350,51.136
Vitvi13g04420,-0.837970916250063,1.82656115104778e-10,7.76653801425518e-07,2.3606498523572e-09,10,,,,
Vitvi12g02318,-0.837970916250063,1.82656115104778e-10,7.76653801425518e-07,2.3606498523572e-09,11,NP_001328395.1,,AT4G03500,39.967
Vitvi04g01643,-0.837502683026992,1.9110952808019003e-10,8.12597713396967e-07,2.4624173133241403e-09,226,NP_851068.1,,AT5G24320,38.324
Vitvi15g00690,-0.837121377562538,1.98260958759278e-10,8.43005596644451e-07,2.5391734838688302e-09,771,NP_566041.2,,AT2G45290,78.209
Vitvi06g01398,-0.837121377562538,1.98260958759278e-10,8.43005596644451e-07,2.5391734838688302e-09,953,NP_197666.1,CSLA02,AT5G22740,79.963
Vitvi18g00466,-0.836275800413485,2.15017347261498e-10,9.14253760555888e-07,2.7455067884561203e-09,302,NP_181207.2,,AT2G36690,38.81
Vitvi05g01948,0.835484995697217,2.3187184169246501e-10,9.85919070876361e-07,2.9342829490367904e-09,10,,,,
Vitvi02g04035,-0.835484995697217,2.3187184169246501e-10,9.85919070876361e-07,2.9342829490367904e-09,16,NP_194130.3,CSLG3,AT4G23990,54.045
Vitvi15g00919,-0.835484995697217,2.3187184169246501e-10,9.85919070876361e-07,2.9342829490367904e-09,246,NP_191746.1,,AT3G61870,64.727
Vitvi18g00193,-0.835319412216182,2.35553059124017e-10,1.00157160739532e-06,2.97202257387335e-09,622,NP_564489.1,,AT1G44000,57.358
Vitvi01g00271,0.834311493091303,2.59159644346565e-10,1.10194680776159e-06,3.2434929200962e-09,6,NP_172792.1,,AT1G13340,42.647
Vitvi17g00025,0.834311493091303,2.59159644346565e-10,1.10194680776159e-06,3.2434929200962e-09,30,NP_200995.1,,AT5G61890,62.329
Vitvi18g04765,-0.834272315260609,2.60120198907049e-10,1.10603108575277e-06,3.2434929200962e-09,28,NP_187062.1,GAPC1,AT3G04120,60.494
Vitvi04g01466,0.834272315260609,2.60120198907056e-10,1.1060310857528e-06,3.2434929200962e-09,15,NP_179378.1,,AT2G17880,63.462
Vitvi12g04464,-0.833880547072144,2.69909320180423e-10,1.14765442940716e-06,3.3557147058688903e-09,6,NP_188065.1,,AT3G14470,41.914
Vitvi16g01150,-0.833655021565093,2.75698823891264e-10,1.17227139918566e-06,3.3589438372082304e-09,160,NP_566550.1,UGT88A1,AT3G16520,51.471
Vitvi03g01477,-0.833655021565093,2.75698823891264e-10,1.17227139918566e-06,3.3589438372082304e-09,195,NP_195268.2,DRL1,AT4G35420,76.235
Vitvi10g00931,-0.833655021565093,2.75698823891264e-10,1.17227139918566e-06,3.3589438372082304e-09,133,NP_193747.2,GSO1,AT4G20140,35.041
Vitvi02g00547,-0.833655021565093,2.75698823891264e-10,1.17227139918566e-06,3.3589438372082304e-09,20,NP_567506.1,,AT4G16563,63.087
Vitvi07g02637,-0.833655021565093,2.75698823891264e-10,1.17227139918566e-06,3.3589438372082304e-09,210,NP_201536.1,,AT5G67350,30.868
Vitvi05g00544,0.833655021565093,2.75698823891268e-10,1.17227139918567e-06,3.3589438372082304e-09,62,NP_188919.1,,AT3G22800,68.882
Vitvi03g00384,0.833655021565093,2.75698823891268e-10,1.17227139918567e-06,3.3589438372082304e-09,60,NP_190650.4,,AT3G50810,51.316
Vitvi14g01789,-0.833572795567533,2.77838240112236e-10,1.18136819695723e-06,3.3753377055920802e-09,210,NP_179455.1,MEE16,AT2G18650,45.122
Vitvi01g01038,0.832835466112553,2.97724595759819e-10,1.26592498117075e-06,3.6066238779793504e-09,31,NP_564966.1,NAP,AT1G69490,67.544
Vitvi13g04209,0.832547156274335,3.05854429370815e-10,1.3004930336847e-06,3.6633606582668404e-09,7,,,,
Vitvi12g00036,0.832547156274335,3.05854429370815e-10,1.3004930336847e-06,3.6633606582668404e-09,3,NP_563768.1,GPAT1,AT1G06520,58.673
Vitvi09g04187,0.832547156274335,3.05854429370815e-10,1.3004930336847e-06,3.6633606582668404e-09,3,NP_201247.1,,AT5G64420,68.571
Vitvi11g04266,-0.832547156274335,3.0585442937082003e-10,1.30049303368473e-06,3.6633606582668404e-09,11,,,,
Vitvi14g01357,-0.830627524792,3.6547561027515005e-10,1.55400229488994e-06,4.340788533212121e-09,199,NP_197067.2,IRX6,AT5G15630,82.126
Vitvi03g00860,-0.830627524792,3.6547561027515005e-10,1.55400229488994e-06,4.340788533212121e-09,5,NP_179064.1,PRB1,AT2G14580,62.42
Vitvi12g02451,-0.830627524792,3.6547561027515005e-10,1.55400229488994e-06,4.340788533212121e-09,205,NP_171890.1,,AT1G03940,33.974
Vitvi13g04717,-0.829571086880557,4.02730532466389e-10,1.71241022404709e-06,4.56967632058936e-09,4,,,,
Vitvi08g02383,0.82951118322106,4.04945303112617e-10,1.72182742883485e-06,4.56967632058936e-09,7,,,,
Vitvi12g00050,0.829476273338115,4.06241215706199e-10,1.72733764918276e-06,4.56967632058936e-09,56,NP_174286.1,CAB1,AT1G29930,86.94
Vitvi06g01334,-0.829476273338115,4.06241215706204e-10,1.72733764918278e-06,4.56967632058936e-09,350,NP_180379.1,,AT2G28120,69.097
Vitvi14g01575,-0.829476273338115,4.06241215706204e-10,1.72733764918278e-06,4.56967632058936e-09,606,NP_186830.1,,AT3G01810,55.96
Vitvi07g04401,-0.829476273338115,4.06241215706204e-10,1.72733764918278e-06,4.56967632058936e-09,542,NP_199657.1,,AT5G48460,77.376
Vitvi07g01071,-0.829476273338115,4.06241215706204e-10,1.72733764918278e-06,4.56967632058936e-09,74,NP_566306.3,AIR12,AT3G07390,39.431
Vitvi07g01699,-0.829476273338115,4.06241215706204e-10,1.72733764918278e-06,4.56967632058936e-09,634,NP_851151.1,FRA1,AT5G47820,76.493
Vitvi17g00658,-0.829476273338115,4.06241215706204e-10,1.72733764918278e-06,4.56967632058936e-09,582,NP_001331001.1,,AT5G61190,26.066
Vitvi07g02029,-0.829476273338115,4.06241215706204e-10,1.72733764918278e-06,4.56967632058936e-09,716,NP_001320124.1,,AT4G33420,67.081
Vitvi09g04127,-0.829476273338115,4.06241215706204e-10,1.72733764918278e-06,4.56967632058936e-09,5,NP_001320574.1,,AT1G52660,48.0
Vitvi15g00921,-0.829476273338115,4.06241215706204e-10,1.72733764918278e-06,4.56967632058936e-09,158,NP_171628.2,RABA3,AT1G01200,70.248
Vitvi09g04123,-0.829476273338115,4.06241215706204e-10,1.72733764918278e-06,4.56967632058936e-09,9,NP_001320574.1,,AT1G52660,46.067
Vitvi07g04483,-0.829476273338115,4.06241215706204e-10,1.72733764918278e-06,4.56967632058936e-09,467,NP_176737.2,HEXO3,AT1G65590,76.923
Vitvi14g04590,-0.829476273338115,4.06241215706204e-10,1.72733764918278e-06,4.56967632058936e-09,338,,,,
Vitvi01g00860,-0.829476273338115,4.06241215706204e-10,1.72733764918278e-06,4.56967632058936e-09,181,NP_564983.1,LGT8,AT1G70090,71.722
Vitvi03g01759,-0.829476273338115,4.06241215706204e-10,1.72733764918278e-06,4.56967632058936e-09,254,NP_190274.1,COPT2,AT3G46900,26.446
Vitvi17g00139,-0.829476273338115,4.06241215706204e-10,1.72733764918278e-06,4.56967632058936e-09,509,NP_196925.2,,AT5G14210,58.14
Vitvi13g00156,-0.829476273338115,4.06241215706204e-10,1.72733764918278e-06,4.56967632058936e-09,595,NP_565936.1,KT2,AT2G40540,80.87
Vitvi16g04296,-0.829476273338115,4.06241215706204e-10,1.72733764918278e-06,4.56967632058936e-09,301,NP_201042.2,,AT5G62360,51.777
Vitvi00g04369,-0.82902360477862,4.23397938922474e-10,1.80028803629836e-06,4.58088558854544e-09,149,NP_193747.2,GSO1,AT4G20140,35.589
Vitvi01g01971,-0.82902360477862,4.23397938922474e-10,1.80028803629836e-06,4.58088558854544e-09,348,NP_564187.1,,AT1G23040,52.459
Vitvi05g00276,-0.82902360477862,4.23397938922474e-10,1.80028803629836e-06,4.58088558854544e-09,501,NP_850878.2,,AT5G26670,68.51
Vitvi14g01198,-0.82902360477862,4.23397938922474e-10,1.80028803629836e-06,4.58088558854544e-09,242,NP_177020.1,KCS6,AT1G68530,83.74
Vitvi02g01355,-0.82902360477862,4.23397938922474e-10,1.80028803629836e-06,4.58088558854544e-09,17,NP_194130.3,CSLG3,AT4G23990,54.244
Vitvi02g00121,-0.82902360477862,4.23397938922474e-10,1.80028803629836e-06,4.58088558854544e-09,6,NP_176620.1,,AT1G64380,45.152
Vitvi05g01108,-0.82902360477862,4.23397938922474e-10,1.80028803629836e-06,4.58088558854544e-09,564,NP_189024.1,GAE6,AT3G23820,79.605
Vitvi02g00239,-0.82902360477862,4.23397938922474e-10,1.80028803629836e-06,4.58088558854544e-09,433,NP_001329477.1,GRF8,AT4G24150,34.061
Vitvi19g00275,-0.82902360477862,4.23397938922474e-10,1.80028803629836e-06,4.58088558854544e-09,282,NP_200251.1,,AT5G54400,75.0
Vitvi03g00340,-0.82902360477862,4.23397938922474e-10,1.80028803629836e-06,4.58088558854544e-09,678,NP_195174.6,,AT4G34480,72.35
Vitvi14g00113,-0.82902360477862,4.23397938922474e-10,1.80028803629836e-06,4.58088558854544e-09,612,NP_191822.1,,AT3G62630,43.296
Vitvi05g01494,-0.82902360477862,4.23397938922474e-10,1.80028803629836e-06,4.58088558854544e-09,290,NP_191501.1,CR4,AT3G59420,70.399
Vitvi10g00879,-0.82902360477862,4.23397938922474e-10,1.80028803629836e-06,4.58088558854544e-09,156,NP_181012.1,PID,AT2G34650,69.231
Vitvi06g00182,-0.82902360477862,4.23397938922474e-10,1.80028803629836e-06,4.58088558854544e-09,181,NP_188718.1,,AT3G20820,74.352
Vitvi00g00859,-0.82902360477862,4.23397938922474e-10,1.80028803629836e-06,4.58088558854544e-09,404,NP_182021.1,,AT2G44940,50.532
Vitvi12g04497,0.82892441580381,4.2724620919693803e-10,1.81665088150538e-06,4.61078903935376e-09,3,NP_565026.1,SEC6,AT1G71820,84.884
Vitvi13g00387,-0.827698385975134,4.775768772723551e-10,2.03065688216205e-06,5.140903499144441e-09,5,NP_200716.1,,AT5G59080,39.634
Vitvi18g02406,0.827123396298606,5.0303223062359e-10,2.13889304461151e-06,5.374103127164651e-09,6,NP_173064.1,WAKL2,AT1G16130,43.348
Vitvi16g02116,-0.827123396298606,5.03032230623596e-10,2.13889304461153e-06,5.374103127164651e-09,4,NP_200123.2,,AT5G53110,37.563
Vitvi12g04067,-0.827123396298606,5.03032230623596e-10,2.13889304461153e-06,5.374103127164651e-09,5,NP_179503.1,,AT2G19130,58.14
Vitvi16g01497,0.826554464746446,5.29455877613899e-10,2.2512463916143e-06,5.6281159790357805e-09,12,NP_176674.1,CYP89A6,AT1G64940,58.7
Vitvi01g00286,-0.826554464746446,5.29455877613902e-10,2.25124639161431e-06,5.6281159790357805e-09,12,NP_189219.1,HMT-1,AT3G25900,80.124
Vitvi08g02166,0.826024577307844,5.55221056258636e-10,2.36079993121172e-06,5.88728162396938e-09,7,NP_850317.1,,AT2G39490,29.492
Vitvi17g00031,-0.825770053886784,5.68006945783812e-10,2.41516553347277e-06,5.9929665842996806e-09,585,NP_851037.2,,AT5G13980,68.862
Vitvi11g00038,-0.825770053886784,5.68006945783812e-10,2.41516553347277e-06,5.9929665842996806e-09,563,NP_189235.1,PRXQ,AT3G26060,77.901
Vitvi07g00217,0.825286999230347,5.930287464298641e-10,2.52155822981978e-06,6.2013472818632704e-09,18,NP_191860.1,GID1B,AT3G63010,80.175
Vitvi12g04091,-0.825286999230347,5.930287464298641e-10,2.52155822981978e-06,6.2013472818632704e-09,17,NP_001328395.1,,AT4G03500,37.897
Vitvi10g00422,-0.825276366486452,5.93590861645896e-10,2.52394834371835e-06,6.2013472818632704e-09,220,NP_001154324.1,,AT1G11120,63.91
Vitvi06g00383,-0.825276366486452,5.93590861645896e-10,2.52394834371835e-06,6.2013472818632704e-09,746,NP_190171.2,,AT3G45850,79.147
Vitvi07g04040,-0.824437720326742,6.39520169476102e-10,2.71923976061239e-06,6.32561203259186e-09,598,NP_172033.1,OFP12,AT1G05420,38.428
Vitvi01g01972,0.824392187992147,6.42105911361317e-10,2.73023433510832e-06,6.32561203259186e-09,52,NP_173718.1,,AT1G23050,41.558
Vitvi05g00948,-0.824392187992147,6.42105911361328e-10,2.73023433510837e-06,6.32561203259186e-09,261,NP_189066.1,,AT3G24240,70.411
Vitvi19g00221,-0.824392187992147,6.42105911361328e-10,2.73023433510837e-06,6.32561203259186e-09,633,NP_175713.1,,AT1G53050,70.555
Vitvi06g00259,-0.824392187992147,6.42105911361328e-10,2.73023433510837e-06,6.32561203259186e-09,544,NP_850115.1,NCRK,AT2G28250,55.818
Vitvi01g00994,-0.824392187992147,6.42105911361328e-10,2.73023433510837e-06,6.32561203259186e-09,158,NP_565292.1,PKS1,AT2G02950,31.055
Vitvi04g01475,-0.824392187992147,6.42105911361328e-10,2.73023433510837e-06,6.32561203259186e-09,279,NP_563882.1,MLO4,AT1G11000,48.529
Vitvi18g00310,-0.824392187992147,6.42105911361328e-10,2.73023433510837e-06,6.32561203259186e-09,80,NP_179701.1,LAX2,AT2G21050,84.096
Vitvi08g02089,-0.824392187992147,6.42105911361328e-10,2.73023433510837e-06,6.32561203259186e-09,588,NP_565934.1,ASG8,AT2G40475,38.614
Vitvi08g01500,-0.824392187992147,6.42105911361328e-10,2.73023433510837e-06,6.32561203259186e-09,589,NP_195987.1,TRM28,AT5G03670,45.173
Vitvi19g00282,-0.824392187992147,6.42105911361328e-10,2.73023433510837e-06,6.32561203259186e-09,322,NP_200248.1,,AT5G54370,61.538
Vitvi12g02409,-0.824392187992147,6.42105911361328e-10,2.73023433510837e-06,6.32561203259186e-09,141,NP_188806.1,,AT3G21690,72.441
Vitvi14g04043,-0.824392187992147,6.42105911361328e-10,2.73023433510837e-06,6.32561203259186e-09,173,NP_563664.1,,AT1G02816,58.929
Vitvi12g02137,-0.824392187992147,6.42105911361328e-10,2.73023433510837e-06,6.32561203259186e-09,176,NP_189913.3,,AT3G43270,62.572
Vitvi04g00178,-0.824392187992147,6.42105911361328e-10,2.73023433510837e-06,6.32561203259186e-09,274,NP_195044.2,,AT4G33180,58.278
Vitvi10g00669,-0.824392187992147,6.42105911361328e-10,2.73023433510837e-06,6.32561203259186e-09,151,NP_199379.1,,AT5G45670,70.278
Vitvi01g00325,-0.824392187992147,6.42105911361328e-10,2.73023433510837e-06,6.32561203259186e-09,408,NP_177008.1,,AT1G68410,78.947
Vitvi13g01913,-0.824392187992147,6.42105911361328e-10,2.73023433510837e-06,6.32561203259186e-09,341,NP_568905.1,LTP3,AT5G59320,36.842
Vitvi04g00300,-0.824392187992147,6.42105911361328e-10,2.73023433510837e-06,6.32561203259186e-09,333,NP_196720.1,TINY2,AT5G11590,69.11
Vitvi05g00266,-0.824356049428621,6.44165101155286e-10,2.73899001011227e-06,6.32561203259186e-09,461,NP_172655.1,APA1,AT1G11910,53.725
Vitvi10g00436,-0.824356049428621,6.44165101155286e-10,2.73899001011227e-06,6.32561203259186e-09,526,NP_568193.1,AGAL2,AT5G08370,66.316
Vitvi13g00738,-0.824356049428621,6.44165101155286e-10,2.73899001011227e-06,6.32561203259186e-09,704,NP_196086.1,CYP77A4,AT5G04660,72.345
Vitvi14g00029,-0.824356049428621,6.44165101155286e-10,2.73899001011227e-06,6.32561203259186e-09,447,NP_172655.1,APA1,AT1G11910,63.333
Vitvi09g00261,-0.824356049428621,6.44165101155286e-10,2.73899001011227e-06,6.32561203259186e-09,725,NP_194728.1,,AT4G29990,47.908
Vitvi12g00456,-0.824356049428621,6.44165101155286e-10,2.73899001011227e-06,6.32561203259186e-09,616,NP_178536.1,,AT2G04570,62.5
Vitvi04g00307,-0.824356049428621,6.44165101155286e-10,2.73899001011227e-06,6.32561203259186e-09,396,NP_180152.1,TIP4;1,AT2G25810,68.273
Vitvi13g04540,0.823576516347011,6.90105235035939e-10,2.93432745937281e-06,6.7301088517725e-09,13,,,,
Vitvi01g02072,0.823576516347011,6.90105235035939e-10,2.93432745937281e-06,6.7301088517725e-09,19,NP_001117258.1,,AT1G10586,34.194
Vitvi02g04106,-0.823576516347011,6.90105235035939e-10,2.93432745937281e-06,6.7301088517725e-09,55,,,,
Vitvi12g00381,-0.823529749837804,6.92955858180504e-10,2.9464483089835e-06,6.74244464298284e-09,7,NP_193930.1,APR3,AT4G21990,72.098
Vitvi13g01608,0.821699636322878,8.13497034238565e-10,3.45898938958238e-06,7.843513355062221e-09,5,NP_188065.1,,AT3G14470,41.319
Vitvi04g01887,-0.821699636322878,8.134970342385801e-10,3.45898938958244e-06,7.843513355062221e-09,41,NP_850064.1,,AT2G25625,40.132
Vitvi18g02692,-0.821699636322878,8.134970342385801e-10,3.45898938958244e-06,7.843513355062221e-09,14,NP_180224.1,PLA2A,AT2G26560,69.877
Vitvi14g02869,-0.821699636322878,8.134970342385801e-10,3.45898938958244e-06,7.843513355062221e-09,13,NP_188456.1,,AT3G18280,53.488
Vitvi08g01528,0.821346479026993,8.38891382746122e-10,3.56696615943651e-06,8.033707566298591e-09,30,NP_190865.2,CYP76G1,AT3G52970,44.622
Vitvi01g00300,0.821346479026993,8.38891382746122e-10,3.56696615943651e-06,8.033707566298591e-09,103,NP_176996.1,ENDO2,AT1G68290,72.285
Vitvi19g00585,-0.821346479026993,8.38891382746137e-10,3.56696615943658e-06,8.033707566298591e-09,658,NP_200345.1,,AT5G55340,44.643
Vitvi12g04582,0.821097725122579,8.57218370606127e-10,3.64489251181725e-06,8.19076968947698e-09,18,,,,
Vitvi04g00318,-0.820912582981568,8.710994376282601e-10,3.70391480879536e-06,8.304741723756421e-09,399,NP_196715.1,GulLO3,AT5G11540,63.943
Vitvi08g00240,-0.820209834581476,9.257111346158901e-10,3.93612374438677e-06,8.78599050086332e-09,581,NP_196257.2,FLA17,AT5G06390,74.946
Vitvi18g02617,-0.820209834581476,9.257111346158901e-10,3.93612374438677e-06,8.78599050086332e-09,276,NP_201246.1,OPT4,AT5G64410,75.749
Vitvi05g01285,-0.819760771205674,9.62256253728296e-10,4.09151359085271e-06,8.93343578788802e-09,241,NP_567471.1,IAGLU,AT4G15550,51.837
Vitvi08g02162,-0.819760771205674,9.62256253728296e-10,4.09151359085271e-06,8.93343578788802e-09,559,NP_195932.1,,AT5G03120,40.244
Vitvi11g01228,-0.819760771205674,9.62256253728296e-10,4.09151359085271e-06,8.93343578788802e-09,601,NP_179479.1,,AT2G18890,68.49
Vitvi01g00104,-0.819760771205674,9.62256253728296e-10,4.09151359085271e-06,8.93343578788802e-09,194,NP_001329642.1,QRT3,AT4G20050,67.098
Vitvi15g00915,-0.819760771205674,9.62256253728296e-10,4.09151359085271e-06,8.93343578788802e-09,393,NP_182189.1,CYP78A6,AT2G46660,68.352
Vitvi01g01796,-0.819760771205674,9.62256253728296e-10,4.09151359085271e-06,8.93343578788802e-09,632,NP_850638.1,,AT3G26935,52.632
Vitvi12g04046,-0.819760771205674,9.62256253728296e-10,4.09151359085271e-06,8.93343578788802e-09,262,NP_193747.2,GSO1,AT4G20140,34.939
Vitvi04g01227,-0.819760771205674,9.62256253728296e-10,4.09151359085271e-06,8.93343578788802e-09,585,NP_001185033.1,,AT1G19330,64.706
Vitvi11g04039,-0.819760771205674,9.62256253728296e-10,4.09151359085271e-06,8.93343578788802e-09,563,NP_199780.1,,AT5G49690,47.577
Vitvi17g00350,-0.819760771205674,9.62256253728296e-10,4.09151359085271e-06,8.93343578788802e-09,596,NP_188478.1,ASPG1,AT3G18490,59.197
Vitvi05g04475,-0.819364257432423,9.95634354671641e-10,4.23343727606382e-06,9.087852052572851e-09,300,NP_199366.1,,AT5G45530,37.795
Vitvi11g00156,0.819235825519126,1.0066741102449901e-09,4.28037831676171e-06,9.087852052572851e-09,58,NP_974673.2,EDA39,AT4G33050,61.315
Vitvi06g00501,-0.819235825519126,1.0066741102450201e-09,4.28037831676181e-06,9.087852052572851e-09,656,NP_191112.1,SDIR1,AT3G55530,75.0
Vitvi08g02331,-0.819235825519126,1.0066741102450201e-09,4.28037831676181e-06,9.087852052572851e-09,117,NP_001326965.1,PAP16,AT3G10150,68.513
Vitvi17g00087,-0.819235825519126,1.0066741102450201e-09,4.28037831676181e-06,9.087852052572851e-09,138,NP_199887.2,,AT5G50740,61.194
Vitvi02g01215,-0.819235825519126,1.0066741102450201e-09,4.28037831676181e-06,9.087852052572851e-09,282,NP_567589.1,,AT4G19460,57.874
Vitvi18g00371,-0.819235825519126,1.0066741102450201e-09,4.28037831676181e-06,9.087852052572851e-09,694,NP_567338.1,SAH7,AT4G08685,61.635
Vitvi18g00640,-0.819235825519126,1.0066741102450201e-09,4.28037831676181e-06,9.087852052572851e-09,268,NP_564286.1,,AT1G27480,59.813
Vitvi18g00743,-0.819235825519126,1.0066741102450201e-09,4.28037831676181e-06,9.087852052572851e-09,735,NP_188563.1,,AT3G19320,47.123
Vitvi12g02266,-0.819235825519126,1.0066741102450201e-09,4.28037831676181e-06,9.087852052572851e-09,112,NP_564623.2,,AT1G53210,48.566
Vitvi09g00350,-0.819235825519126,1.0066741102450201e-09,4.28037831676181e-06,9.087852052572851e-09,554,NP_850068.1,,AT2G25737,69.52
Vitvi11g01075,-0.819235825519126,1.0066741102450201e-09,4.28037831676181e-06,9.087852052572851e-09,528,NP_567354.1,HKT1,AT4G10310,48.093
Vitvi11g00539,-0.819235825519126,1.0066741102450201e-09,4.28037831676181e-06,9.087852052572851e-09,708,NP_197527.1,HHP1,AT5G20270,56.374
Vitvi18g02837,0.81872655405402,1.05157904018329e-09,4.47131407885934e-06,9.4305874909167e-09,69,NP_001321447.1,,AT1G78780,53.448
Vitvi16g01753,0.818228616890212,1.0972771899961801e-09,4.66562261186376e-06,9.4305874909167e-09,4,NP_188065.1,,AT3G14470,34.737
Vitvi07g01829,0.818228616890212,1.0972771899961801e-09,4.66562261186376e-06,9.4305874909167e-09,104,NP_565524.1,SEP2,AT2G21970,55.172
Vitvi03g01258,0.817655533971392,1.1521519247184602e-09,4.89894998390291e-06,9.4305874909167e-09,11,NP_001327038.1,,AT3G54750,46.809
Vitvi18g00472,-0.817416591567534,1.1757755775555802e-09,4.99939775576633e-06,9.4305874909167e-09,751,NP_201341.1,,AT5G65380,59.336
Vitvi08g02288,-0.816908451014811,1.2275173252565202e-09,5.21940366699071e-06,9.4305874909167e-09,22,NP_181216.1,,AT2G36780,52.12
Vitvi08g00055,-0.816908451014811,1.2275173252565202e-09,5.21940366699071e-06,9.4305874909167e-09,452,NP_187479.1,,AT3G08670,60.134
Vitvi05g04505,-0.816908451014811,1.2275173252565202e-09,5.21940366699071e-06,9.4305874909167e-09,34,,,,
Vitvi16g01126,0.816811769737353,1.23759826433005e-09,5.26226781993139e-06,9.4305874909167e-09,29,NP_001154775.1,,AT5G52800,57.686
Vitvi19g04531,0.816811769737353,1.23759826433005e-09,5.26226781993139e-06,9.4305874909167e-09,25,,,,
Vitvi12g00208,0.816811769737353,1.23759826433005e-09,5.26226781993139e-06,9.4305874909167e-09,3,NP_172147.2,,AT1G06620,52.199
Vitvi18g04544,0.816811769737353,1.23759826433005e-09,5.26226781993139e-06,9.4305874909167e-09,20,,,,
Vitvi13g04289,0.816811769737353,1.23759826433005e-09,5.26226781993139e-06,9.4305874909167e-09,34,NP_174616.2,,AT1G33500,39.437
Vitvi11g04001,0.816811769737353,1.23759826433005e-09,5.26226781993139e-06,9.4305874909167e-09,19,NP_191964.2,DGD2,AT4G00550,73.649
Vitvi06g01327,0.816811769737353,1.23759826433005e-09,5.26226781993139e-06,9.4305874909167e-09,12,NP_850112.1,,AT2G28105,58.784
Vitvi13g04231,0.816811769737353,1.23759826433005e-09,5.26226781993139e-06,9.4305874909167e-09,30,NP_182179.3,,AT2G46560,52.542
Vitvi18g04771,0.816811769737353,1.23759826433005e-09,5.26226781993139e-06,9.4305874909167e-09,36,NP_567242.2,TOC159,AT4G02510,45.455
Vitvi19g00255,0.816811769737353,1.23759826433005e-09,5.26226781993139e-06,9.4305874909167e-09,8,NP_567775.1,,AT4G27450,82.329
Vitvi05g01674,0.816811769737353,1.23759826433005e-09,5.26226781993139e-06,9.4305874909167e-09,11,NP_198614.1,,AT5G37980,59.155
Vitvi15g04163,0.816811769737353,1.23759826433005e-09,5.26226781993139e-06,9.4305874909167e-09,14,NP_568463.1,CYP714A1,AT5G24910,45.558
Vitvi03g01292,0.816811769737353,1.23759826433005e-09,5.26226781993139e-06,9.4305874909167e-09,3,NP_001078199.1,,AT3G22142,77.907
Vitvi04g04030,0.816811769737353,1.23759826433005e-09,5.26226781993139e-06,9.4305874909167e-09,3,NP_197965.1,,AT5G25930,58.511
Vitvi14g02034,0.816811769737353,1.23759826433005e-09,5.26226781993139e-06,9.4305874909167e-09,22,NP_001322566.1,,AT1G13880,39.339
Vitvi13g04539,0.816811769737353,1.23759826433005e-09,5.26226781993139e-06,9.4305874909167e-09,28,NP_188065.1,,AT3G14470,39.168
Vitvi13g04698,0.816811769737353,1.23759826433005e-09,5.26226781993139e-06,9.4305874909167e-09,7,,,,
Vitvi19g01835,0.816811769737353,1.23759826433005e-09,5.26226781993139e-06,9.4305874909167e-09,3,NP_177100.1,ELF5A-3,AT1G69410,63.889
Vitvi16g04254,0.816811769737353,1.23759826433005e-09,5.26226781993139e-06,9.4305874909167e-09,5,NP_181039.1,,AT2G34930,36.952
Vitvi10g04236,0.816811769737353,1.23759826433005e-09,5.26226781993139e-06,9.4305874909167e-09,28,NP_172602.1,SD1-13,AT1G11350,46.154
Vitvi16g00043,0.816811769737353,1.23759826433005e-09,5.26226781993139e-06,9.4305874909167e-09,15,NP_176674.1,CYP89A6,AT1G64940,60.531
Vitvi00g04017,0.816811769737353,1.23759826433005e-09,5.26226781993139e-06,9.4305874909167e-09,12,,,,
Vitvi10g04063,0.816811769737353,1.23759826433005e-09,5.26226781993139e-06,9.4305874909167e-09,19,NP_193961.3,SOBER1,AT4G22300,70.616
Vitvi10g04179,0.816811769737353,1.23759826433005e-09,5.26226781993139e-06,9.4305874909167e-09,9,NP_001322220.1,,AT1G11340,45.326
Vitvi04g04029,0.816811769737353,1.23759826433005e-09,5.26226781993139e-06,9.4305874909167e-09,3,NP_197965.1,,AT5G25930,50.286
Vitvi04g04340,0.816811769737353,1.23759826433005e-09,5.26226781993139e-06,9.4305874909167e-09,28,,,,
Vitvi04g04296,0.816811769737353,1.23759826433005e-09,5.26226781993139e-06,9.4305874909167e-09,15,NP_001318638.1,PP2-B12,AT5G24560,42.995
Vitvi19g04530,0.816811769737353,1.23759826433005e-09,5.26226781993139e-06,9.4305874909167e-09,26,,,,
Vitvi13g02285,0.816811769737353,1.23759826433005e-09,5.26226781993139e-06,9.4305874909167e-09,24,NP_851016.1,SAC3C,AT3G54380,55.065
Vitvi13g01550,0.816811769737353,1.23759826433005e-09,5.26226781993139e-06,9.4305874909167e-09,12,NP_188065.1,,AT3G14470,40.213
Vitvi13g02354,0.816811769737353,1.23759826433005e-09,5.26226781993139e-06,9.4305874909167e-09,27,NP_188065.1,,AT3G14470,39.589
Vitvi13g02344,0.816811769737353,1.23759826433005e-09,5.26226781993139e-06,9.4305874909167e-09,25,NP_188065.1,,AT3G14470,41.207
Vitvi13g04527,0.816811769737353,1.23759826433005e-09,5.26226781993139e-06,9.4305874909167e-09,9,,,,
Vitvi16g04388,-0.816811769737353,1.23759826433008e-09,5.26226781993152e-06,9.4305874909167e-09,41,NP_001325073.1,RLP21,AT2G25470,37.121
Vitvi13g04446,-0.816811769737353,1.23759826433008e-09,5.26226781993152e-06,9.4305874909167e-09,22,NP_973635.2,,AT2G38695,54.464
Vitvi04g01585,-0.816811769737353,1.23759826433008e-09,5.26226781993152e-06,9.4305874909167e-09,18,NP_195643.1,CAD9,AT4G39330,76.257
Vitvi07g02402,-0.816811769737353,1.23759826433008e-09,5.26226781993152e-06,9.4305874909167e-09,22,NP_197348.1,,AT5G18470,34.351
Vitvi07g02362,-0.816811769737353,1.23759826433008e-09,5.26226781993152e-06,9.4305874909167e-09,12,,,,
Vitvi16g01141,-0.816811769737353,1.23759826433008e-09,5.26226781993152e-06,9.4305874909167e-09,37,NP_181039.1,,AT2G34930,38.389
Vitvi07g04445,-0.816811769737353,1.23759826433008e-09,5.26226781993152e-06,9.4305874909167e-09,9,,,,
Vitvi10g01787,-0.816811769737353,1.23759826433008e-09,5.26226781993152e-06,9.4305874909167e-09,10,NP_180476.3,GLR2.7,AT2G29120,35.19
Vitvi07g02062,-0.816811769737353,1.23759826433008e-09,5.26226781993152e-06,9.4305874909167e-09,21,NP_188964.2,TDR1,AT3G23230,58.696
Vitvi05g04474,-0.816811769737353,1.23759826433008e-09,5.26226781993152e-06,9.4305874909167e-09,10,,,,
Vitvi04g04332,-0.816811769737353,1.23759826433008e-09,5.26226781993152e-06,9.4305874909167e-09,5,,,,
Vitvi00g04498,-0.816811769737353,1.23759826433008e-09,5.26226781993152e-06,9.4305874909167e-09,9,NP_564777.1,,AT1G61500,44.928
Vitvi10g04709,-0.816811769737353,1.23759826433008e-09,5.26226781993152e-06,9.4305874909167e-09,11,NP_179503.1,,AT2G19130,40.527
Vitvi10g04463,-0.816811769737353,1.23759826433008e-09,5.26226781993152e-06,9.4305874909167e-09,17,NP_001323127.1,ABCC12,AT1G30410,56.386
Vitvi10g04464,-0.816811769737353,1.23759826433008e-09,5.26226781993152e-06,9.4305874909167e-09,22,NP_001324371.1,ABCC2,AT2G34660,72.953
Vitvi13g01796,-0.816811769737353,1.23759826433008e-09,5.26226781993152e-06,9.4305874909167e-09,34,NP_188065.1,,AT3G14470,39.507
Vitvi15g04379,-0.816811769737353,1.23759826433008e-09,5.26226781993152e-06,9.4305874909167e-09,35,NP_001320737.1,,AT1G04945,46.296
Vitvi09g01736,-0.816811769737353,1.23759826433008e-09,5.26226781993152e-06,9.4305874909167e-09,6,NP_199929.1,,AT5G51160,36.913
Vitvi18g04643,-0.816811769737353,1.23759826433008e-09,5.26226781993152e-06,9.4305874909167e-09,42,,,,
Vitvi06g01618,-0.816811769737353,1.23759826433008e-09,5.26226781993152e-06,9.4305874909167e-09,41,NP_190964.2,,AT3G53960,24.819
Vitvi05g01159,-0.816811769737353,1.23759826433008e-09,5.26226781993152e-06,9.4305874909167e-09,31,NP_192211.2,,AT4G03020,40.462
Vitvi13g02553,-0.816811769737353,1.23759826433008e-09,5.26226781993152e-06,9.4305874909167e-09,3,NP_001318851.1,RLK1,AT5G60900,43.071
Vitvi18g04642,-0.816811769737353,1.23759826433008e-09,5.26226781993152e-06,9.4305874909167e-09,43,NP_001328450.1,,AT4G19510,30.896
Vitvi13g04443,-0.816811769737353,1.23759826433008e-09,5.26226781993152e-06,9.4305874909167e-09,26,NP_001190086.1,SAC3C,AT3G54380,53.017
Vitvi14g02857,-0.816811769737353,1.23759826433008e-09,5.26226781993152e-06,9.4305874909167e-09,21,NP_683307.2,,AT1G15125,48.286
Vitvi16g04389,-0.816811769737353,1.23759826433008e-09,5.26226781993152e-06,9.4305874909167e-09,43,NP_181039.1,,AT2G34930,36.605
Vitvi04g01325,-0.816811769737353,1.23759826433008e-09,5.26226781993152e-06,9.4305874909167e-09,22,NP_175159.1,GAMMANACA2,AT1G47260,70.588
Vitvi04g01375,-0.816811769737353,1.23759826433008e-09,5.26226781993152e-06,9.4305874909167e-09,18,NP_565388.1,,AT2G16460,40.09
Vitvi13g04427,-0.816811769737353,1.23759826433008e-09,5.26226781993152e-06,9.4305874909167e-09,23,NP_001318851.1,RLK1,AT5G60900,48.387
Vitvi08g00795,-0.816811769737353,1.23759826433008e-09,5.26226781993152e-06,9.4305874909167e-09,17,NP_195977.2,IREG2,AT5G03570,59.722
Vitvi14g04416,-0.816811769737353,1.23759826433008e-09,5.26226781993152e-06,9.4305874909167e-09,12,NP_197952.2,,AT5G25800,53.425
Vitvi15g04378,-0.816811769737353,1.23759826433008e-09,5.26226781993152e-06,9.4305874909167e-09,31,NP_001184910.1,,AT1G04945,36.842
Vitvi00g04501,-0.816811769737353,1.23759826433008e-09,5.26226781993152e-06,9.4305874909167e-09,5,NP_172597.3,,AT1G11300,50.495
Vitvi16g04352,-0.816811769737353,1.23759826433008e-09,5.26226781993152e-06,9.4305874909167e-09,4,,,,
Vitvi15g04205,-0.816811769737353,1.23759826433008e-09,5.26226781993152e-06,9.4305874909167e-09,9,NP_568088.1,,AT5G01350,59.701
Vitvi00g04728,-0.816811769737353,1.23759826433008e-09,5.26226781993152e-06,9.4305874909167e-09,18,NP_180936.1,EMB3113,AT2G33800,59.14
Vitvi13g04783,-0.816811769737353,1.23759826433008e-09,5.26226781993152e-06,9.4305874909167e-09,17,,,,
Vitvi13g04782,-0.816811769737353,1.23759826433008e-09,5.26226781993152e-06,9.4305874909167e-09,10,,,,
Vitvi18g04543,-0.816811769737353,1.23759826433008e-09,5.26226781993152e-06,9.4305874909167e-09,19,NP_188064.1,,AT3G14460,42.105
Vitvi00g04634,-0.816811769737353,1.23759826433008e-09,5.26226781993152e-06,9.4305874909167e-09,15,NP_179356.1,,AT2G17650,70.951
Vitvi05g04312,-0.816811769737353,1.23759826433008e-09,5.26226781993152e-06,9.4305874909167e-09,18,NP_181039.1,,AT2G34930,36.503
Vitvi00g04500,-0.816811769737353,1.23759826433008e-09,5.26226781993152e-06,9.4305874909167e-09,17,NP_001321939.1,,AT1G11300,47.407
Vitvi05g04293,-0.816811769737353,1.23759826433008e-09,5.26226781993152e-06,9.4305874909167e-09,16,NP_001320096.1,,AT4G30990,63.953
Vitvi13g02083,-0.816811769737353,1.23759826433008e-09,5.26226781993152e-06,9.4305874909167e-09,43,NP_001326518.1,,AT3G56160,61.458
Vitvi00g04752,-0.816811769737353,1.23759826433008e-09,5.26226781993152e-06,9.4305874909167e-09,26,NP_189160.3,ROF1,AT3G25230,81.562
Vitvi05g04171,-0.816811769737353,1.23759826433008e-09,5.26226781993152e-06,9.4305874909167e-09,7,NP_001320174.1,,AT1G06620,51.19
Vitvi18g01884,0.816275876347149,1.2948839326720501e-09,5.50584648172156e-06,9.81434310467305e-09,60,NP_567085.1,,AT3G59470,42.718
Vitvi07g02832,0.816275876347149,1.2948839326720501e-09,5.50584648172156e-06,9.81434310467305e-09,23,NP_197270.1,,AT5G17680,29.815
Vitvi14g00679,-0.816275876347149,1.29488393267206e-09,5.50584648172158e-06,9.81434310467305e-09,125,NP_001031963.1,,AT5G28910,61.368
Vitvi17g00273,-0.816055112076351,1.3191913956402802e-09,5.60920181426247e-06,9.945393287699421e-09,85,NP_172961.1,LPP2,AT1G15080,69.792
Vitvi13g01855,-0.816055112076351,1.3191913956402802e-09,5.60920181426247e-06,9.945393287699421e-09,782,NP_175933.1,,AT1G55360,70.702
Vitvi08g01604,-0.816055112076351,1.3191913956402802e-09,5.60920181426247e-06,9.945393287699421e-09,204,NP_172287.1,ACA7,AT1G08080,53.358
Vitvi03g01200,0.815977501213084,1.32783699274149e-09,5.64596289313683e-06,9.99285467811829e-09,17,NP_193816.1,,AT4G20840,61.782
Vitvi03g04029,-0.815129354419202,1.42580956091385e-09,6.06254225300571e-06,1.06360390403609e-08,200,NP_001320138.1,,AT4G34800,62.5
Vitvi18g01092,-0.815129354419202,1.42580956091385e-09,6.06254225300571e-06,1.06360390403609e-08,652,NP_173412.1,,AT1G19835,52.221
Vitvi18g04257,-0.815129354419202,1.42580956091385e-09,6.06254225300571e-06,1.06360390403609e-08,330,,,,
Vitvi06g00495,-0.815129354419202,1.42580956091385e-09,6.06254225300571e-06,1.06360390403609e-08,174,NP_851223.1,,AT5G59480,60.69
Vitvi07g01916,-0.815129354419202,1.42580956091385e-09,6.06254225300571e-06,1.06360390403609e-08,382,NP_201186.1,BGAL10,AT5G63810,69.524
Vitvi10g01812,-0.814360012432399,1.52044304968698e-09,6.46492384726903e-06,1.13221083139563e-08,16,NP_199378.1,,AT5G45650,61.905
Vitvi04g01424,-0.814115601609632,1.5517065574490401e-09,6.59785628227331e-06,1.13952612819919e-08,384,NP_565231.1,GLYI7,AT1G80160,56.757
Vitvi05g00953,-0.814115601609632,1.5517065574490401e-09,6.59785628227331e-06,1.13952612819919e-08,440,NP_567409.1,,AT4G13710,80.615
Vitvi13g02515,-0.814115601609632,1.5517065574490401e-09,6.59785628227331e-06,1.13952612819919e-08,85,NP_189609.1,PMAT2,AT3G29670,36.034
Vitvi01g00541,-0.814115601609632,1.5517065574490401e-09,6.59785628227331e-06,1.13952612819919e-08,628,NP_001323555.1,,AT2G01900,64.286
Vitvi01g00542,-0.814115601609632,1.5517065574490401e-09,6.59785628227331e-06,1.13952612819919e-08,604,NP_001030944.1,CYCJ18,AT2G01905,61.435
Vitvi18g02072,-0.814115601609632,1.5517065574490401e-09,6.59785628227331e-06,1.13952612819919e-08,657,NP_172472.1,AAP8,AT1G10010,49.782
Vitvi02g00629,-0.814115601609632,1.5517065574490401e-09,6.59785628227331e-06,1.13952612819919e-08,250,NP_198677.1,,AT5G38610,32.143
Vitvi11g00451,-0.814115601609632,1.5517065574490401e-09,6.59785628227331e-06,1.13952612819919e-08,374,NP_194966.1,SHS1,AT4G32400,60.494
Vitvi14g01808,0.813847170755798,1.5867296032643602e-09,6.74677427308008e-06,1.1632369436345e-08,27,NP_186791.1,DOX1,AT3G01420,72.884
Vitvi08g01366,0.812880717433414,1.7189955435035402e-09,7.30916905097707e-06,1.2580325388945e-08,148,NP_566387.1,,AT3G11210,64.844
Vitvi08g00235,-0.811754063090946,1.88607905379907e-09,8.01960813675364e-06,1.37557600973476e-08,495,NP_196257.2,FLA17,AT5G06390,75.375
Vitvi18g00909,-0.811754063090946,1.88607905379907e-09,8.01960813675364e-06,1.37557600973476e-08,220,NP_564077.1,PARVUS,AT1G19300,78.402
Vitvi07g02110,-0.811197641171135,1.9740447366050204e-09,8.39363822004454e-06,1.4079574274625e-08,188,NP_188497.1,,AT3G18670,33.219
Vitvi10g00290,-0.811197641171135,1.9740447366050204e-09,8.39363822004454e-06,1.4079574274625e-08,317,NP_200274.1,,AT5G54630,64.68
Vitvi19g01793,-0.811197641171135,1.9740447366050204e-09,8.39363822004454e-06,1.4079574274625e-08,125,NP_174286.1,CAB1,AT1G29930,87.687
Vitvi04g00164,-0.811197641171135,1.9740447366050204e-09,8.39363822004454e-06,1.4079574274625e-08,730,NP_171720.2,,AT1G02180,43.158
Vitvi05g01399,0.811139465780844,1.9834583702964103e-09,8.43366499050032e-06,1.4079574274625e-08,6,NP_187805.1,MS2,AT3G11980,52.834
Vitvi13g04233,0.811139465780844,1.9834583702964103e-09,8.43366499050032e-06,1.4079574274625e-08,7,NP_001327739.1,,AT3G13900,75.602
Vitvi04g00817,0.811139465780844,1.9834583702964103e-09,8.43366499050032e-06,1.4079574274625e-08,4,NP_568185.1,,AT5G07900,40.125
Vitvi09g02034,0.811139465780844,1.9834583702964103e-09,8.43366499050032e-06,1.4079574274625e-08,25,NP_201107.2,,AT5G63020,41.254
Vitvi05g02170,0.811139465780844,1.9834583702964103e-09,8.43366499050032e-06,1.4079574274625e-08,16,NP_192259.1,,AT4G03500,31.103
Vitvi13g04522,0.811139465780844,1.9834583702964103e-09,8.43366499050032e-06,1.4079574274625e-08,6,NP_188065.1,,AT3G14470,36.983
Vitvi04g01555,0.811139465780844,1.9834583702964103e-09,8.43366499050032e-06,1.4079574274625e-08,4,NP_172734.2,CYP87A2,AT1G12740,45.168
Vitvi17g00516,0.811139465780844,1.9834583702964103e-09,8.43366499050032e-06,1.4079574274625e-08,4,NP_177616.1,,AT1G74780,58.59
Vitvi10g04054,0.811139465780844,1.9834583702964103e-09,8.43366499050032e-06,1.4079574274625e-08,7,NP_198430.1,,AT5G35810,31.923
Vitvi08g02238,0.811139465780844,1.9834583702964103e-09,8.43366499050032e-06,1.4079574274625e-08,34,NP_190964.2,,AT3G53960,28.804
Vitvi00g04636,0.811139465780844,1.9834583702964103e-09,8.43366499050032e-06,1.4079574274625e-08,5,NP_566951.1,YLS2,AT3G51430,56.51
Vitvi18g00634,-0.811139465780844,1.9834583702964202e-09,8.43366499050038e-06,1.4079574274625e-08,4,NP_192819.1,,AT4G10810,48.0
Vitvi05g04298,-0.810852116371421,2.0305699345279902e-09,8.63398336161303e-06,1.4389972269355e-08,11,NP_001327255.1,,AT3G51570,32.0
Vitvi01g00612,-0.810609462037573,2.07116021341928e-09,8.80657322745878e-06,1.46532000456885e-08,13,NP_173862.1,CYP86C1,AT1G24540,60.269
Vitvi01g04185,-0.810497937632729,2.09006702735936e-09,8.88696500033199e-06,1.47624003327774e-08,30,,,,
Vitvi14g03076,-0.810062908792839,2.16535935100475e-09,9.20710796047219e-06,1.52688357553436e-08,40,NP_563946.1,,AT1G14340,49.811
Vitvi17g00103,-0.808995377700137,2.3609194914134703e-09,1.00386296774901e-05,1.62437373422169e-08,297,NP_186872.1,RGP1,AT3G02230,86.835
Vitvi11g00016,-0.808995377700137,2.3609194914134703e-09,1.00386296774901e-05,1.62437373422169e-08,520,NP_001331066.1,,AT5G20860,52.302
Vitvi18g01735,-0.808995377700137,2.3609194914134703e-09,1.00386296774901e-05,1.62437373422169e-08,332,NP_173682.1,,AT1G22680,42.929
Vitvi07g02246,-0.808995377700137,2.3609194914134703e-09,1.00386296774901e-05,1.62437373422169e-08,75,NP_174286.1,CAB1,AT1G29930,85.019
Vitvi03g00129,-0.808995377700137,2.3609194914134703e-09,1.00386296774901e-05,1.62437373422169e-08,182,NP_565390.1,ADF5,AT2G16700,81.818
Vitvi06g01937,-0.808995377700137,2.3609194914134703e-09,1.00386296774901e-05,1.62437373422169e-08,595,NP_851059.1,,AT5G22860,56.939
Vitvi15g01011,-0.808995377700137,2.3609194914134703e-09,1.00386296774901e-05,1.62437373422169e-08,774,NP_171650.2,TBL25,AT1G01430,58.114
Vitvi01g00842,-0.808995377700137,2.3609194914134703e-09,1.00386296774901e-05,1.62437373422169e-08,517,NP_177180.1,TBL27,AT1G70230,57.895
Vitvi01g00656,-0.808995377700137,2.3609194914134703e-09,1.00386296774901e-05,1.62437373422169e-08,410,NP_189291.1,,AT3G26590,58.468
Vitvi04g00357,-0.808995377700137,2.3609194914134703e-09,1.00386296774901e-05,1.62437373422169e-08,148,NP_197943.1,RD22,AT5G25610,57.085
Vitvi08g04002,-0.808995377700137,2.3609194914134703e-09,1.00386296774901e-05,1.62437373422169e-08,7,NP_190990.1,SCR,AT3G54220,84.0
Vitvi14g02920,-0.808995377700137,2.3609194914134703e-09,1.00386296774901e-05,1.62437373422169e-08,294,NP_189624.1,RALFL27,AT3G29780,42.857
Vitvi19g00369,-0.808995377700137,2.3609194914134703e-09,1.00386296774901e-05,1.62437373422169e-08,3,NP_200262.1,DFL1,AT5G54510,85.41
Vitvi14g01178,-0.808995377700137,2.3609194914134703e-09,1.00386296774901e-05,1.62437373422169e-08,167,NP_186906.1,MEE31,AT3G02570,65.764
Vitvi17g00645,-0.808995377700137,2.3609194914134703e-09,1.00386296774901e-05,1.62437373422169e-08,432,NP_568933.1,,AT5G61340,51.692
Vitvi14g01960,-0.808529902799274,2.45121626070134e-09,1.04225715405021e-05,1.68105992588743e-08,424,NP_190344.1,MYB94,AT3G47600,53.372
Vitvi07g00327,0.808529902799274,2.45121626070134e-09,1.04225715405021e-05,1.68105992588743e-08,6,NP_191845.2,,AT3G62860,72.65
Vitvi15g01693,-0.80752617734568,2.6569389084422903e-09,1.12973042386966e-05,1.81921163264035e-08,31,NP_190584.1,,AT3G50150,25.447
Vitvi10g00740,-0.806340170265918,2.9206317175110502e-09,1.2418526062857e-05,1.99334286723226e-08,246,NP_174286.1,CAB1,AT1G29930,86.891
Vitvi15g00973,-0.806340170265918,2.9206317175110502e-09,1.2418526062857e-05,1.99334286723226e-08,10,NP_191734.1,,AT3G61750,59.143
Vitvi15g04177,-0.806300001845985,2.92997372580595e-09,1.24582482821269e-05,1.99651414777674e-08,3,NP_177209.1,CRK2,AT1G70520,36.973
Vitvi05g00652,-0.805869055826827,3.0319583758139704e-09,1.2891887013961e-05,2.0499966222117e-08,532,NP_188950.1,,AT3G23090,47.721
Vitvi18g00313,-0.805866520846256,3.0325679100921e-09,1.28944787537116e-05,2.0499966222117e-08,376,NP_683362.1,,AT1G38131,69.745
Vitvi10g01892,-0.805866520846256,3.0325679100921e-09,1.28944787537116e-05,2.0499966222117e-08,683,NP_196339.1,BAG3,AT5G07220,39.576
Vitvi14g01922,-0.805866520846256,3.0325679100921e-09,1.28944787537116e-05,2.0499966222117e-08,305,NP_177136.1,ATHB13,AT1G69780,50.498
Vitvi14g00952,-0.805866520846256,3.0325679100921e-09,1.28944787537116e-05,2.0499966222117e-08,765,NP_198595.1,,AT5G37790,64.844
Vitvi07g04591,0.805835023047574,3.0401510202812204e-09,1.29267221382357e-05,2.05186065686282e-08,178,NP_201341.1,,AT5G65380,71.519
Vitvi14g01046,0.805626929189156,3.0906933779692203e-09,1.31416282431251e-05,2.06653055601957e-08,18,NP_195969.1,,AT5G03490,51.316
Vitvi18g01390,-0.805467161824335,3.13002579938549e-09,1.33088696989871e-05,2.06653055601957e-08,4,NP_177187.2,KUP6,AT1G70300,60.352
Vitvi04g00118,0.805467161824335,3.13002579938549e-09,1.33088696989871e-05,2.06653055601957e-08,3,NP_001331153.1,,AT5G26150,63.01
Vitvi17g00261,-0.805467161824335,3.13002579938549e-09,1.33088696989871e-05,2.06653055601957e-08,15,NP_172963.3,PSS1,AT1G15110,77.752
Vitvi08g04277,-0.805467161824335,3.13002579938549e-09,1.33088696989871e-05,2.06653055601957e-08,44,,,,
Vitvi18g00878,0.805467161824335,3.13002579938549e-09,1.33088696989871e-05,2.06653055601957e-08,16,NP_194922.1,CYP82C4,AT4G31940,50.192
Vitvi06g01410,-0.805467161824335,3.13002579938549e-09,1.33088696989871e-05,2.06653055601957e-08,4,NP_568422.1,,AT5G22580,67.0
Vitvi17g04101,0.805428356395692,3.1396489632846303e-09,1.33497873918863e-05,2.06653055601957e-08,4,NP_849908.1,RFO1,AT1G79670,62.651
Vitvi05g00780,0.805428356395692,3.1396489632846303e-09,1.33497873918863e-05,2.06653055601957e-08,6,NP_567426.1,,AT4G14330,57.345
Vitvi07g02920,0.805428356395692,3.1396489632846303e-09,1.33497873918863e-05,2.06653055601957e-08,6,NP_188064.1,,AT3G14460,32.743
Vitvi17g00972,0.805428356395692,3.1396489632846303e-09,1.33497873918863e-05,2.06653055601957e-08,4,NP_189475.1,ABCB15,AT3G28345,53.914
Vitvi05g01464,0.805428356395692,3.1396489632846303e-09,1.33497873918863e-05,2.06653055601957e-08,3,NP_001328101.1,,AT4G03490,29.5
Vitvi10g04668,0.805428356395692,3.1396489632846303e-09,1.33497873918863e-05,2.06653055601957e-08,12,NP_194449.1,,AT4G27190,30.556
Vitvi03g00692,-0.805428356395692,3.1396489632846704e-09,1.33497873918864e-05,2.06653055601957e-08,32,NP_001319134.1,scpl18,AT1G33540,48.552
Vitvi13g04785,-0.805428356395692,3.1396489632846704e-09,1.33497873918864e-05,2.06653055601957e-08,150,,,,
Vitvi13g04709,-0.805428356395692,3.1396489632846704e-09,1.33497873918864e-05,2.06653055601957e-08,5,,,,
Vitvi05g00694,0.804340628691506,3.4208205699873e-09,1.4545329063586e-05,2.23774293285944e-08,10,NP_172147.2,,AT1G06620,57.91
Vitvi16g01874,-0.804340628691506,3.42082056998738e-09,1.45453290635863e-05,2.23774293285944e-08,403,NP_176519.1,,AT1G63300,41.908
Vitvi12g00631,-0.804340628691506,3.42082056998738e-09,1.45453290635863e-05,2.23774293285944e-08,647,NP_567797.1,,AT4G28100,70.395
Vitvi01g00241,-0.804340628691506,3.42082056998738e-09,1.45453290635863e-05,2.23774293285944e-08,667,NP_563925.1,GATL3,AT1G13250,79.817
Vitvi06g00283,-0.803875153790643,3.54813370040871e-09,1.50866644941378e-05,2.30682943335441e-08,728,NP_189304.2,,AT3G26700,45.968
Vitvi04g00838,0.803875153790643,3.54813370040871e-09,1.50866644941378e-05,2.30682943335441e-08,13,NP_176767.1,,AT1G65920,50.909
Vitvi18g00573,-0.803875153790643,3.54813370040871e-09,1.50866644941378e-05,2.30682943335441e-08,491,NP_176125.1,HEMA1,AT1G58290,81.096
Vitvi07g00213,-0.803875153790643,3.54813370040871e-09,1.50866644941378e-05,2.30682943335441e-08,602,NP_563685.2,,AT1G03440,74.603
Vitvi19g00700,0.802570350054021,3.92882132986849e-09,1.67053482946008e-05,2.55043485413753e-08,100,NP_175981.2,CSLE1,AT1G55850,50.829
Vitvi03g04266,0.802478729088053,3.956926833251111e-09,1.68248528949837e-05,2.56476416082069e-08,6,NP_196615.1,,AT5G10530,51.724
Vitvi15g01617,0.802184918519816,4.04831829385285e-09,1.72134493854623e-05,2.61602574247147e-08,12,NP_200125.1,CNGC1,AT5G53130,60.494
Vitvi12g01882,0.802184918519816,4.04831829385285e-09,1.72134493854623e-05,2.61602574247147e-08,5,NP_172255.1,,AT1G07750,51.19
Vitvi05g04232,-0.802093235004056,4.0772352104553805e-09,1.73364041148563e-05,2.63071382623009e-08,4,NP_192429.1,CRK25,AT4G05200,33.071
Vitvi06g01556,-0.801547779286327,4.2532687918675306e-09,1.80848989030208e-05,2.74013619742739e-08,562,NP_566966.1,,AT3G52500,53.965
Vitvi08g01075,-0.801482699360702,4.274736010560341e-09,1.81761775169026e-05,2.74979992691415e-08,412,NP_001324129.1,RIP2,AT2G37080,50.702
Vitvi19g04401,0.800823733405372,4.497833310950581e-09,1.91247872381619e-05,2.8889406704172e-08,142,NP_188087.1,CYP72A15,AT3G14690,56.389
Vitvi09g00618,-0.800599522832481,4.57616996970274e-09,1.9457874711176e-05,2.9304028179482e-08,510,NP_566527.1,ROD1,AT3G15820,75.109
Vitvi18g02993,-0.800599522832481,4.57616996970274e-09,1.9457874711176e-05,2.9304028179482e-08,454,NP_567316.1,VFB3,AT4G07400,42.763
Vitvi19g02165,-0.80038707924321,4.6515607038792e-09,1.97784361128943e-05,2.97420091923223e-08,6,NP_850677.1,ZAR1,AT3G50950,28.112
Vitvi08g00961,-0.800151354583738,4.7365600746713906e-09,2.01398534375028e-05,3.02400201764306e-08,753,NP_196786.1,TUB6,AT5G12250,97.285
Vitvi10g00903,0.800004596419964,4.7902041877638406e-09,2.03679482063719e-05,3.04453635371777e-08,5,NP_196345.1,EMS1,AT5G07280,37.094
Vitvi12g04421,0.800004596419964,4.7902041877638406e-09,2.03679482063719e-05,3.04453635371777e-08,12,NP_191024.1,,AT3G54630,44.746
Vitvi13g04696,-0.800004596419964,4.7902041877638406e-09,2.03679482063719e-05,3.04453635371777e-08,5,NP_188065.1,,AT3G14470,37.418
Vitvi07g02188,-0.799794857867825,4.8678475750908e-09,2.06980878892861e-05,3.07093292125909e-08,11,NP_191835.1,ATGSTF13,AT3G62760,64.651
Vitvi04g02184,-0.799794857867825,4.8678475750908e-09,2.06980878892861e-05,3.07093292125909e-08,21,NP_565423.1,,AT2G17710,50.376
Vitvi01g02003,-0.799794857867825,4.8678475750908e-09,2.06980878892861e-05,3.07093292125909e-08,3,NP_001328443.1,,AT4G30380,52.756
Vitvi10g04504,0.799794857867825,4.86784757509085e-09,2.06980878892863e-05,3.07093292125909e-08,17,NP_173546.1,WAK5,AT1G21230,42.716
Vitvi16g01938,0.799794857867825,4.86784757509085e-09,2.06980878892863e-05,3.07093292125909e-08,15,NP_181039.1,,AT2G34930,32.679
Vitvi03g01622,0.79971634630426,4.8972107712915406e-09,2.08229401995316e-05,3.08488002956024e-08,41,NP_196615.1,,AT5G10530,48.243
Vitvi09g00373,-0.799220404782011,5.08651971641992e-09,2.16278818342175e-05,3.19939080387833e-08,713,NP_566534.1,,AT3G16060,72.855
Vitvi04g04434,-0.79907040585515,5.145099157779811e-09,2.18769616188797e-05,3.23145666453172e-08,144,NP_566426.2,HCHIB,AT3G12500,65.677
Vitvi04g00145,0.798833169776038,5.2390256047479204e-09,2.22763368713882e-05,3.23837063535441e-08,51,NP_175822.1,,AT1G54200,41.22
Vitvi19g02324,-0.798754929881148,5.27034919958902e-09,2.24095247966525e-05,3.23837063535441e-08,3,NP_197028.1,,AT5G15240,50.384
Vitvi10g04276,-0.798754929881148,5.27034919958902e-09,2.24095247966525e-05,3.23837063535441e-08,72,,,,
Vitvi18g02144,-0.798754929881148,5.27034919958902e-09,2.24095247966525e-05,3.23837063535441e-08,656,NP_973705.4,,AT2G47010,57.258
Vitvi14g00146,-0.798754929881148,5.27034919958902e-09,2.24095247966525e-05,3.23837063535441e-08,288,NP_563664.1,,AT1G02816,56.8
Vitvi09g01351,-0.798754929881148,5.27034919958902e-09,2.24095247966525e-05,3.23837063535441e-08,361,NP_178267.1,,AT2G01580,44.444
Vitvi19g00576,-0.798754929881148,5.27034919958902e-09,2.24095247966525e-05,3.23837063535441e-08,385,NP_563724.1,,AT1G04970,54.585
Vitvi02g00022,-0.798754929881148,5.27034919958902e-09,2.24095247966525e-05,3.23837063535441e-08,634,NP_001327412.1,,AT3G61490,69.647
Vitvi08g01384,-0.798754929881148,5.27034919958902e-09,2.24095247966525e-05,3.23837063535441e-08,734,NP_566966.1,,AT3G52500,56.071
Vitvi07g01736,-0.798754929881148,5.27034919958902e-09,2.24095247966525e-05,3.23837063535441e-08,231,NP_564495.1,,AT1G45688,50.0
Vitvi13g02416,-0.798754929881148,5.27034919958902e-09,2.24095247966525e-05,3.23837063535441e-08,230,NP_181409.1,ANNAT4,AT2G38750,52.5
Vitvi01g00610,-0.798754929881148,5.27034919958902e-09,2.24095247966525e-05,3.23837063535441e-08,506,NP_186817.1,SEOR1,AT3G01680,43.989
Vitvi19g04139,-0.798754929881148,5.27034919958902e-09,2.24095247966525e-05,3.23837063535441e-08,422,NP_194458.1,,AT4G27280,53.435
Vitvi05g01763,-0.798754929881148,5.27034919958902e-09,2.24095247966525e-05,3.23837063535441e-08,703,,,,
Vitvi18g00432,-0.798754929881148,5.27034919958902e-09,2.24095247966525e-05,3.23837063535441e-08,13,NP_192634.1,EXO,AT4G08950,73.355
Vitvi07g00434,0.798203808432399,5.49595936546707e-09,2.3368819221966e-05,3.37212398585368e-08,122,NP_182248.1,WRKY23,AT2G47260,44.023
Vitvi05g01337,0.796837019063017,6.09467731187234e-09,2.59145679300812e-05,3.7340875979944e-08,7,NP_176267.3,,AT1G60680,73.746
Vitvi15g01030,-0.796625228455486,6.19268510389328e-09,2.63312970617542e-05,3.77851413201194e-08,242,NP_567210.1,,AT4G01150,64.072
Vitvi10g00372,-0.796625228455486,6.19268510389328e-09,2.63312970617542e-05,3.77851413201194e-08,164,NP_200238.1,LHCB3,AT5G54270,88.302
Vitvi13g01882,0.796603687273311,6.202734863933061e-09,2.63740286414434e-05,3.77851413201194e-08,4,NP_973643.1,,AT2G40020,44.928
Vitvi15g00528,-0.796603687273311,6.202734863933061e-09,2.63740286414434e-05,3.77851413201194e-08,28,NP_564315.1,,AT1G28710,54.624
Vitvi11g01394,-0.796427555376832,6.2854757782867e-09,2.6725843009275e-05,3.82343962936696e-08,333,NP_197468.2,,AT5G19670,79.218
Vitvi19g01571,0.795147229297264,6.91838034576124e-09,2.94169532301768e-05,4.20242189002525e-08,10,NP_188065.1,,AT3G14470,32.886
Vitvi12g04533,0.794580836444235,7.2167837410802e-09,3.0685764467073e-05,4.37742717076648e-08,6,NP_567016.1,SAP130b,AT3G55220,49.612
Vitvi13g01686,-0.794417287134933,7.3051426166948e-09,3.10614664061863e-05,4.42471031427155e-08,269,NP_566328.1,,AT3G08030,74.556
Vitvi01g01021,0.79427392097294,7.383420738172941e-09,3.13943049787113e-05,4.46576173239137e-08,11,NP_178399.1,RNS1,AT2G02990,66.995
Vitvi12g00638,0.794122553911316,7.466910279169911e-09,3.17493025070305e-05,4.47803984584352e-08,39,NP_567627.1,,AT4G21450,62.5
Vitvi15g01730,-0.794122553911316,7.46691027916994e-09,3.17493025070306e-05,4.47803984584352e-08,4,NP_180503.1,GSTU7,AT2G29420,48.826
Vitvi03g00702,-0.794122553911316,7.46691027916994e-09,3.17493025070306e-05,4.47803984584352e-08,14,NP_187828.1,scpl17,AT3G12203,43.137
Vitvi16g04376,-0.794122553911316,7.46691027916994e-09,3.17493025070306e-05,4.47803984584352e-08,3,NP_001328172.1,,AT4G23420,45.868
Vitvi07g01342,-0.794122553911316,7.46691027916994e-09,3.17493025070306e-05,4.47803984584352e-08,31,NP_566935.1,,AT3G50560,71.094
Vitvi05g00604,-0.794122553911316,7.46691027916994e-09,3.17493025070306e-05,4.47803984584352e-08,124,,,,
Vitvi05g01435,-0.794100180872517,7.47932451318884e-09,3.18020878300789e-05,4.47916730001112e-08,22,NP_001328102.1,,AT4G03490,30.887
Vitvi11g00467,0.793634705971654,7.74198268554391e-09,3.29189103789327e-05,4.58480645946141e-08,58,NP_172988.1,SHN1,AT1G15360,58.291
Vitvi10g00567,0.793634705971654,7.74198268554391e-09,3.29189103789327e-05,4.58480645946141e-08,65,NP_568651.1,SAG12,AT5G45890,57.759
Vitvi14g04045,-0.793634705971654,7.74198268554397e-09,3.2918910378933e-05,4.58480645946141e-08,196,NP_563664.1,,AT1G02816,49.194
Vitvi09g01616,-0.793634705971654,7.74198268554397e-09,3.2918910378933e-05,4.58480645946141e-08,735,NP_001077526.1,,AT1G12663,38.532
Vitvi13g01849,-0.793634705971654,7.74198268554397e-09,3.2918910378933e-05,4.58480645946141e-08,472,NP_180751.1,,AT2G31920,40.532
Vitvi18g02779,-0.793634705971654,7.74198268554397e-09,3.2918910378933e-05,4.58480645946141e-08,227,NP_568052.1,RD19,AT4G39090,69.437
Vitvi14g02495,-0.793634705971654,7.74198268554397e-09,3.2918910378933e-05,4.58480645946141e-08,241,NP_567230.1,,AT4G02370,54.73
Vitvi05g00067,-0.793634705971654,7.74198268554397e-09,3.2918910378933e-05,4.58480645946141e-08,491,NP_177244.1,,AT1G70880,32.743
Vitvi04g01233,-0.793092522342601,8.05869022727302e-09,3.42655508463649e-05,4.75910428421734e-08,21,NP_566938.1,UGT72E1,AT3G50740,46.256
Vitvi14g04526,-0.793092522342601,8.05869022727302e-09,3.42655508463649e-05,4.75910428421734e-08,384,NP_974110.1,SP1L2,AT1G69230,67.273
Vitvi01g00508,0.79265093407849,8.325460176634351e-09,3.53998566710493e-05,4.90982755493055e-08,79,NP_172931.1,,AT1G14780,57.509
Vitvi18g00316,-0.791972270486838,8.75143972859964e-09,3.72111217260057e-05,5.13256851393181e-08,546,NP_177700.1,,AT1G75710,44.009
Vitvi08g02176,-0.791972270486838,8.75143972859964e-09,3.72111217260057e-05,5.13256851393181e-08,510,NP_181267.2,ABCI16,AT2G37300,65.306
Vitvi15g01108,-0.791972270486838,8.75143972859964e-09,3.72111217260057e-05,5.13256851393181e-08,771,NP_171667.1,GPAT4,AT1G01610,78.514
Vitvi14g01987,-0.791972270486838,8.75143972859964e-09,3.72111217260057e-05,5.13256851393181e-08,401,NP_001326423.1,MYB106,AT3G01140,35.789
Vitvi11g01650,-0.791772806368201,8.88042451590357e-09,3.7759565041622e-05,5.16737946007409e-08,275,NP_001118345.1,,AT2G18969,37.824
Vitvi10g02340,-0.791772806368201,8.88042451590357e-09,3.7759565041622e-05,5.16737946007409e-08,355,NP_176300.1,,AT1G61050,59.355
Vitvi15g01161,0.791772806368201,8.880424515903671e-09,3.77595650416224e-05,5.16737946007409e-08,38,NP_191684.1,MYB17,AT3G61250,64.865
Vitvi01g00944,-0.791767757550269,8.88371210092691e-09,3.77735438531412e-05,5.16737946007409e-08,6,NP_001319002.1,,AT1G14390,50.206
Vitvi15g01150,0.791767757550269,8.883712100927e-09,3.77735438531416e-05,5.16737946007409e-08,59,NP_197774.1,,AT5G23850,54.81
Vitvi06g00772,0.791767757550269,8.883712100927e-09,3.77735438531416e-05,5.16737946007409e-08,34,NP_565933.1,LBD15,AT2G40470,75.904
Vitvi01g00558,0.791489119606218,9.066907741703071e-09,3.85524917177215e-05,5.25954866544631e-08,7,NP_176204.1,,AT1G59960,57.5
Vitvi13g04521,-0.791489119606218,9.066907741703071e-09,3.85524917177215e-05,5.25954866544631e-08,38,,,,
Vitvi16g00952,-0.791307331467338,9.188307246406041e-09,3.90686824117185e-05,5.32270877543849e-08,489,NP_200019.2,BAG1,AT5G52060,57.5
Vitvi09g00241,-0.790354999137112,9.84925923645546e-09,4.18790502734086e-05,5.69782996917124e-08,10,NP_194728.1,,AT4G29990,49.467
Vitvi02g00476,-0.789157076468506,1.07431838963728e-08,4.56800179273771e-05,6.18970432620285e-08,365,NP_176475.2,,AT1G62870,66.448
Vitvi14g01525,0.789157076468506,1.07431838963728e-08,4.56800179273771e-05,6.18970432620285e-08,8,NP_186845.1,,AT3G01960,37.037
Vitvi10g00984,0.789157076468506,1.07431838963728e-08,4.56800179273771e-05,6.18970432620285e-08,15,NP_173546.1,WAK5,AT1G21230,42.308
Vitvi13g00345,-0.788979956963022,1.08815562863258e-08,4.62683773294575e-05,6.26094415824865e-08,583,NP_563789.1,SMO2-1,AT1G07420,85.714
Vitvi07g02213,-0.788514482062159,1.1253109875189e-08,4.78482231893036e-05,6.34591819486785e-08,116,,,,
Vitvi16g00372,-0.788514482062159,1.1253109875189e-08,4.78482231893036e-05,6.34591819486785e-08,202,NP_001077526.1,,AT1G12663,28.696
Vitvi08g00827,-0.788514482062159,1.1253109875189e-08,4.78482231893036e-05,6.34591819486785e-08,257,NP_195800.1,,AT5G01800,45.055
Vitvi07g00454,-0.788514482062159,1.1253109875189e-08,4.78482231893036e-05,6.34591819486785e-08,248,NP_197474.1,,AT5G19730,47.152
Vitvi13g00066,-0.788514482062159,1.1253109875189e-08,4.78482231893036e-05,6.34591819486785e-08,396,NP_191158.1,ESK1,AT3G55990,69.106
Vitvi05g01633,-0.788514482062159,1.1253109875189e-08,4.78482231893036e-05,6.34591819486785e-08,267,NP_564142.1,,AT1G21500,50.649
Vitvi06g00119,-0.788514482062159,1.1253109875189e-08,4.78482231893036e-05,6.34591819486785e-08,465,NP_187819.1,FAD2,AT3G12120,75.196
Vitvi01g00747,-0.788514482062159,1.1253109875189e-08,4.78482231893036e-05,6.34591819486785e-08,365,NP_173788.1,JP630,AT1G23760,64.904
Vitvi01g00810,-0.788514482062159,1.1253109875189e-08,4.78482231893036e-05,6.34591819486785e-08,507,NP_198840.2,UMAMIT40,AT5G40240,44.375
Vitvi01g00813,-0.788514482062159,1.1253109875189e-08,4.78482231893036e-05,6.34591819486785e-08,654,NP_198840.2,UMAMIT40,AT5G40240,43.235
Vitvi05g01400,0.788514482062159,1.1253109875189e-08,4.78482231893036e-05,6.34591819486785e-08,12,NP_187805.1,MS2,AT3G11980,51.362
Vitvi07g04390,-0.788514482062159,1.1253109875189e-08,4.78482231893036e-05,6.34591819486785e-08,702,NP_193033.1,STOMAGEN,AT4G12970,93.878
Vitvi04g01093,-0.788514482062159,1.1253109875189e-08,4.78482231893036e-05,6.34591819486785e-08,83,NP_568338.2,TOZ,AT5G16750,65.957
Vitvi08g01206,-0.788514482062159,1.1253109875189e-08,4.78482231893036e-05,6.34591819486785e-08,127,NP_181500.1,EXPA4,AT2G39700,80.392
Vitvi18g02584,-0.788514482062159,1.1253109875189e-08,4.78482231893036e-05,6.34591819486785e-08,15,NP_192634.1,EXO,AT4G08950,69.667
Vitvi19g04110,-0.788450249954806,1.13052940705564e-08,4.80701103880057e-05,6.35008063249746e-08,13,NP_187555.1,,AT3G09440,69.767
Vitvi06g01945,-0.788450249954806,1.13052940705564e-08,4.80701103880057e-05,6.35008063249746e-08,177,NP_566871.1,PSK3,AT3G44735,45.977
Vitvi00g04006,-0.788450249954806,1.13052940705564e-08,4.80701103880057e-05,6.35008063249746e-08,9,NP_850852.1,ARIA,AT5G19330,59.615
Vitvi14g00484,-0.787583532260433,1.20317103129833e-08,5.1158832250805e-05,6.74918631277111e-08,529,NP_187124.1,IAA16,AT3G04730,67.755
Vitvi02g00682,-0.787340853700365,1.22427146158592e-08,5.20560225466333e-05,6.85850099428634e-08,228,NP_199469.1,BSK2,AT5G46570,84.818
Vitvi14g02043,-0.786910286645053,1.26255375988571e-08,5.36837858703404e-05,7.06365603557111e-08,885,NP_568316.1,BCCP2,AT5G15530,56.277
Vitvi05g00423,-0.786652582458707,1.28599367880675e-08,5.4680451222863e-05,7.18534181640775e-08,862,NP_187266.1,,AT3G06150,55.781
Vitvi05g01900,-0.786187107557843,1.3293556961046e-08,5.65242041983678e-05,7.41787456671493e-08,165,NP_188931.1,,AT3G22910,71.06
Vitvi19g04533,0.785977491891859,1.34932139614236e-08,5.7373145763973e-05,7.5194162207042e-08,10,NP_188065.1,,AT3G14470,34.844
Vitvi15g00960,0.78572163265698,1.37406789977495e-08,5.84253670984307e-05,7.64729935843333e-08,160,NP_200151.2,FOP1,AT5G53390,49.898
Vitvi08g01257,-0.785256157756117,1.42016879284035e-08,6.03855770715717e-05,7.89353948647997e-08,23,NP_566990.1,,AT3G53850,72.727
Vitvi15g00913,-0.784325207954391,1.51669565688887e-08,6.44898993309146e-05,8.41904691004107e-08,424,NP_564009.1,,AT1G16860,40.328
Vitvi05g04030,-0.783859733053528,1.56720370092413e-08,6.66375013632941e-05,8.67675799001226e-08,533,,,,
Vitvi14g00059,-0.783859733053528,1.56720370092413e-08,6.66375013632941e-05,8.67675799001226e-08,456,NP_172410.1,,AT1G09390,63.492
Vitvi12g04595,0.783733316492778,1.58118731645973e-08,6.72320846958676e-05,8.69755300075919e-08,6,NP_194449.1,,AT4G27190,25.087
Vitvi13g01179,0.783733316492778,1.58118731645973e-08,6.72320846958676e-05,8.69755300075919e-08,10,NP_188065.1,,AT3G14470,35.466
Vitvi14g02580,-0.783733316492778,1.58118731645975e-08,6.72320846958686e-05,8.69755300075919e-08,4,NP_850964.1,,AT1G54730,57.447
Vitvi19g00283,-0.783733316492778,1.58118731645975e-08,6.72320846958686e-05,8.69755300075919e-08,15,NP_200248.1,,AT5G54370,61.834
Vitvi16g01296,-0.783733316492778,1.58118731645975e-08,6.72320846958686e-05,8.69755300075919e-08,3,NP_566892.1,,AT3G47570,44.456
Vitvi18g00118,-0.783394258152665,1.61926462779259e-08,6.88511319737408e-05,8.82706820176164e-08,550,NP_177751.1,,AT1G76240,50.482
Vitvi01g01714,-0.783394258152665,1.61926462779259e-08,6.88511319737408e-05,8.82706820176164e-08,329,NP_196818.1,,AT5G13140,48.0
Vitvi06g00040,-0.783394258152665,1.61926462779259e-08,6.88511319737408e-05,8.82706820176164e-08,264,NP_192331.2,RLP46,AT4G04220,37.475
Vitvi04g01317,-0.783394258152665,1.61926462779259e-08,6.88511319737408e-05,8.82706820176164e-08,313,NP_195946.2,LAC11,AT5G03260,78.339
Vitvi13g04472,-0.783394258152665,1.61926462779259e-08,6.88511319737408e-05,8.82706820176164e-08,5,,,,
Vitvi10g00667,-0.783394258152665,1.61926462779259e-08,6.88511319737408e-05,8.82706820176164e-08,191,NP_174260.1,,AT1G29670,50.278
Vitvi19g00410,-0.783394258152665,1.61926462779259e-08,6.88511319737408e-05,8.82706820176164e-08,197,NP_200280.1,GAUT12,AT5G54690,82.804
Vitvi13g00258,0.782777945998297,1.69065981695937e-08,7.18868554171123e-05,9.15756119963214e-08,25,NP_850317.1,,AT2G39490,35.958
Vitvi06g00165,0.782777945998297,1.69065981695937e-08,7.18868554171123e-05,9.15756119963214e-08,3,NP_181326.1,,AT2G37900,29.65
Vitvi01g00567,-0.782777945998297,1.69065981695937e-08,7.18868554171123e-05,9.15756119963214e-08,72,NP_001324929.1,,AT2G01990,45.926
Vitvi04g04014,-0.782777945998297,1.69065981695937e-08,7.18868554171123e-05,9.15756119963214e-08,4,NP_197965.1,,AT5G25930,62.109
Vitvi07g02902,-0.782777945998297,1.69065981695937e-08,7.18868554171123e-05,9.15756119963214e-08,3,NP_001190855.1,MEB1,AT4G27860,43.496
Vitvi08g01579,0.782709436913892,1.69877346187181e-08,7.22318475987893e-05,9.16647812167391e-08,44,NP_564406.1,,AT1G32700,52.451
Vitvi14g00427,-0.782709436913892,1.69877346187183e-08,7.22318475987904e-05,9.16647812167391e-08,758,NP_200486.1,NDL1,AT5G56750,67.529
Vitvi03g01727,-0.782709436913892,1.69877346187183e-08,7.22318475987904e-05,9.16647812167391e-08,84,NP_177592.1,HVA22A,AT1G74520,43.038
Vitvi18g01504,-0.782167024773096,1.76429582205082e-08,7.50178583536009e-05,9.50796683822572e-08,27,NP_192705.1,,AT4G09670,65.616
Vitvi13g00646,-0.781532358549212,1.84392827460977e-08,7.84038302364074e-05,9.92453547296297e-08,129,NP_850312.1,,AT2G39130,67.395
Vitvi10g01771,0.781169639211615,1.89091966969053e-08,8.04019043552414e-05,1.01645896782859e-07,42,NP_174162.1,,AT1G28400,47.436
Vitvi17g04257,-0.780286462683394,2.01001041173787e-08,8.54656427070942e-05,1.0791116503421e-07,232,,,,
Vitvi04g01781,-0.779670458945759,2.09714181313326e-08,8.91704698944263e-05,1.12446998605834e-07,599,,,,
Vitvi18g02509,0.779204984044896,2.16528492276168e-08,9.20679149158265e-05,1.1566320969325e-07,37,NP_564489.1,,AT1G44000,57.971
Vitvi14g00273,-0.779204984044896,2.16528492276169e-08,9.20679149158271e-05,1.1566320969325e-07,422,NP_175879.2,,AT1G54820,62.785
Vitvi02g00346,-0.779204984044896,2.16528492276169e-08,9.20679149158271e-05,1.1566320969325e-07,705,NP_176519.1,,AT1G63300,51.77
Vitvi13g04144,-0.778739509144033,2.23547134011127e-08,9.50522413815313e-05,1.19262536237806e-07,3,,,,
Vitvi04g01163,-0.778309556517049,2.30216542281962e-08,9.78880737782901e-05,1.21895444722517e-07,5,NP_200438.1,WRKY2,AT5G56270,38.889
Vitvi12g00086,-0.778309556517049,2.30216542281962e-08,9.78880737782901e-05,1.21895444722517e-07,40,,,,
Vitvi13g00754,0.778309556517049,2.30216542281964e-08,9.78880737782912e-05,1.21895444722517e-07,43,NP_195996.1,ATCSLA09,AT5G03760,79.584
Vitvi19g00514,0.778309556517049,2.30216542281964e-08,9.78880737782912e-05,1.21895444722517e-07,5,NP_200316.1,,AT5G55050,53.079
Vitvi03g04462,0.77827403424317,2.30775712609656e-08,9.81258330016255e-05,1.21895444722517e-07,3,NP_565740.1,,AT2G32210,58.571
Vitvi09g00083,0.77827403424317,2.30775712609656e-08,9.81258330016255e-05,1.21895444722517e-07,30,NP_564651.1,,AT1G54120,54.023
Vitvi01g00148,0.77827403424317,2.30775712609656e-08,9.81258330016255e-05,1.21895444722517e-07,42,NP_193723.3,,AT4G19880,72.886
Vitvi03g00388,-0.77827403424317,2.30775712609658e-08,9.81258330016264e-05,1.21895444722517e-07,531,NP_175368.2,LACS2,AT1G49430,68.664
Vitvi03g01348,-0.77807802012742,2.3388390725782e-08,9.94474373660252e-05,1.2323102523671e-07,84,NP_179717.1,,AT2G21210,56.701
Vitvi01g00402,-0.77807802012742,2.3388390725782e-08,9.94474373660252e-05,1.2323102523671e-07,658,NP_177258.3,,AT1G71020,63.449
Vitvi13g02551,0.777636933098731,2.41020354230238e-08,0.0001024818546186,1.26833978488487e-07,4,NP_001318851.1,RLK1,AT5G60900,43.652
Vitvi07g02119,0.77742661856235,2.44493512818402e-08,0.0001039586416503,1.28502647281069e-07,63,NP_564094.1,CLH1,AT1G19670,45.848
Vitvi13g04338,-0.777337270960721,2.4598297142804e-08,0.0001045919594512,1.29125875865682e-07,15,,,,
Vitvi18g00291,0.77719534483462,2.4836619667748e-08,0.0001056053068272,1.30049518425929e-07,5,NP_192569.1,UMAMIT20,AT4G08290,61.017
Vitvi09g00166,0.777105642041788,2.49883482017834e-08,0.0001062504565539,1.30049518425929e-07,5,NP_001330650.1,,AT5G56370,32.946
Vitvi06g00903,0.777105642041788,2.49883482017834e-08,0.0001062504565539,1.30049518425929e-07,4,NP_680195.2,,AT5G22090,37.5
Vitvi12g01885,-0.777105642041788,2.49883482017836e-08,0.0001062504565539,1.30049518425929e-07,10,NP_188065.1,,AT3G14470,43.95
Vitvi07g04326,-0.777105642041788,2.49883482017836e-08,0.0001062504565539,1.30049518425929e-07,10,NP_566305.1,CHIP,AT3G07370,66.423
Vitvi08g02129,-0.777105642041788,2.49883482017836e-08,0.0001062504565539,1.30049518425929e-07,5,,,,
Vitvi08g00662,-0.777105642041788,2.49883482017836e-08,0.0001062504565539,1.30049518425929e-07,225,NP_196177.1,FAD8,AT5G05580,74.107
Vitvi07g00012,0.776412134639717,2.6190645437597e-08,0.0001113626244006,1.36140127629172e-07,9,NP_201150.1,CYP94B1,AT5G63450,47.8
Vitvi12g02444,-0.775497791999968,2.78576087255831e-08,0.0001184505523011,1.44628268988009e-07,10,NP_189605.1,,AT3G29635,33.947
Vitvi07g04612,-0.775445421235822,2.79559952748279e-08,0.0001188688919085,1.44945690967906e-07,17,NP_201356.2,,AT5G65530,60.86
Vitvi04g04018,0.775428991778178,2.7986926689711e-08,0.0001190004122846,1.44945690967906e-07,19,NP_197965.1,,AT5G25930,47.706
Vitvi15g00938,0.775271888466557,2.82843042472494e-08,0.0001202648616593,1.46307617590395e-07,37,NP_564176.2,MYB3,AT1G22640,71.756
Vitvi12g00226,-0.775015709937128,2.877549264785e-08,0.0001223533947386,1.48487129537207e-07,250,NP_191371.1,BZIP61,AT3G58120,58.702
Vitvi10g04378,-0.775015709937128,2.877549264785e-08,0.0001223533947386,1.48487129537207e-07,14,,,,
Vitvi14g02946,-0.774104226985846,3.05878154428066e-08,0.0001300593912628,1.57647746985229e-07,520,NP_198740.2,,AT5G39240,45.833
Vitvi15g00641,-0.773703091383558,3.14183640128055e-08,0.0001335908837824,1.61732304821367e-07,111,NP_182034.1,cycp3;1,AT2G45080,75.111
Vitvi13g04005,0.773619285234539,3.15944959346486e-08,0.0001343397967141,1.62442317671253e-07,3,NP_001319213.1,,AT1G53350,36.534
Vitvi09g01654,-0.773446603340947,3.19602962058211e-08,0.0001358951794671,1.63729131888134e-07,49,NP_565233.1,,AT1G80180,39.416
Vitvi18g00274,-0.773446603340947,3.19602962058211e-08,0.0001358951794671,1.63729131888134e-07,725,NP_173601.2,,AT1G21830,49.763
Vitvi08g01740,-0.773446603340947,3.19602962058211e-08,0.0001358951794671,1.63729131888134e-07,515,NP_187818.1,ACT11,AT3G12110,96.552
Vitvi01g04468,-0.773153810333675,3.25894936404591e-08,0.0001385705269592,1.65952726897284e-07,186,,,,
Vitvi13g00341,-0.773153810333675,3.25894936404591e-08,0.0001385705269592,1.65952726897284e-07,18,NP_200810.1,LAC17,AT5G60020,75.563
Vitvi16g01279,0.773153810333675,3.25894936404591e-08,0.0001385705269592,1.65952726897284e-07,184,NP_200123.2,,AT5G53110,55.202
Vitvi03g01760,-0.773153810333675,3.25894936404591e-08,0.0001385705269592,1.65952726897284e-07,188,NP_190274.1,COPT2,AT3G46900,30.645
Vitvi01g01761,-0.773153810333675,3.25894936404591e-08,0.0001385705269592,1.65952726897284e-07,33,NP_850812.2,CRN,AT5G13290,70.968
Vitvi02g01405,-0.773117158370763,3.26690582351585e-08,0.0001389088356158,1.66158894277385e-07,12,NP_192902.1,OSM34,AT4G11650,65.238
Vitvi05g01291,0.772885796541321,3.31754606284914e-08,0.0001410620585923,1.68331812162703e-07,9,NP_567471.1,IAGLU,AT4G15550,51.363
Vitvi10g04124,0.772885796541321,3.31754606284914e-08,0.0001410620585923,1.68331812162703e-07,5,NP_199887.2,,AT5G50740,45.035
Vitvi10g02283,0.772686212351604,3.3618128044453e-08,0.000142944280445,1.70374589326596e-07,99,NP_175981.2,CSLE1,AT1G55850,53.987
Vitvi04g01198,0.772337873929404,3.44038289581409e-08,0.00014628508073,1.73941832021421e-07,41,NP_563816.1,CRT3,AT1G08450,75.576
Vitvi04g00226,0.772337873929404,3.44038289581409e-08,0.00014628508073,1.73941832021421e-07,18,NP_197868.1,FPF1,AT5G24860,70.909
Vitvi08g04123,-0.771433338085278,3.65240298083631e-08,0.0001553001747451,1.83136998520236e-07,39,NP_181559.1,FER4,AT2G40300,70.763
Vitvi10g04333,0.771433338085278,3.65240298083622e-08,0.0001553001747451,1.83136998520236e-07,4,,,,
Vitvi03g01433,-0.771433338085278,3.65240298083631e-08,0.0001553001747451,1.83136998520236e-07,4,NP_565406.1,LYM2,AT2G17120,50.962
Vitvi16g00501,-0.771433338085278,3.65240298083631e-08,0.0001553001747451,1.83136998520236e-07,193,NP_200956.1,PXY,AT5G61480,66.206
Vitvi01g00394,-0.771433338085278,3.65240298083631e-08,0.0001553001747451,1.83136998520236e-07,5,NP_173713.1,,AT1G23000,41.032
Vitvi09g01297,-0.771433338085278,3.65240298083631e-08,0.0001553001747451,1.83136998520236e-07,4,NP_564034.1,PGDH,AT1G17745,78.477
Vitvi02g00056,0.771433338085278,3.65240298083622e-08,0.0001553001747451,1.83136998520236e-07,4,NP_172772.2,,AT1G13130,41.847
Vitvi02g00565,-0.77082643582936,3.80135964952999e-08,0.000161633812298,1.89933974498255e-07,605,NP_567509.2,,AT4G16650,77.451
Vitvi06g00665,-0.77082643582936,3.80135964952999e-08,0.000161633812298,1.89933974498255e-07,539,NP_200668.1,PMR5,AT5G58600,61.458
Vitvi00g04748,-0.77082643582936,3.80135964952999e-08,0.000161633812298,1.89933974498255e-07,181,NP_974698.1,,AT4G37080,74.269
Vitvi03g00626,-0.770694596216184,3.83445154554558e-08,0.0001630408797165,1.91362534878636e-07,620,NP_564558.1,QWRF2,AT1G49890,60.237
Vitvi15g00830,0.770097521779023,3.98767780862307e-08,0.0001695560604226,1.98311181780881e-07,3,NP_680741.5,SLK3,AT4G25515,25.414
Vitvi09g01233,0.770097521779023,3.98767780862307e-08,0.0001695560604226,1.98311181780881e-07,45,NP_188042.2,,AT3G14250,38.384
Vitvi17g00719,0.770097521779023,3.98767780862307e-08,0.0001695560604226,1.98311181780881e-07,3,NP_001318192.1,,AT2G03630,37.349
Vitvi07g02221,0.76943001112677,4.16566771302572e-08,0.0001771241911578,2.06920784062913e-07,33,NP_186978.1,,AT3G03280,32.738
Vitvi09g01751,-0.768964536225907,4.29409907586128e-08,0.0001825850927056,2.12652761806449e-07,20,,,,
Vitvi01g00388,0.768947979567536,4.29873397412545e-08,0.0001827821685798,2.12652761806449e-07,15,NP_178239.1,,AT2G01300,57.5
Vitvi04g00600,-0.768815186554474,4.33607583457646e-08,0.0001843699444861,2.12652761806449e-07,890,NP_568465.1,,AT5G25100,82.942
Vitvi14g01653,-0.768815186554474,4.33607583457646e-08,0.0001843699444861,2.12652761806449e-07,579,NP_186817.1,SEOR1,AT3G01680,44.272
Vitvi02g00709,-0.768815186554474,4.33607583457646e-08,0.0001843699444861,2.12652761806449e-07,711,NP_568666.1,bHLH071,AT5G46690,51.393
Vitvi08g00673,-0.768815186554474,4.33607583457646e-08,0.0001843699444861,2.12652761806449e-07,482,NP_568089.1,TBL3,AT5G01360,62.937
Vitvi19g00042,-0.768815186554474,4.33607583457646e-08,0.0001843699444861,2.12652761806449e-07,543,NP_974314.2,TBL41,AT3G14850,62.577
Vitvi13g04777,-0.768815186554474,4.33607583457646e-08,0.0001843699444861,2.12652761806449e-07,487,,,,
Vitvi18g01123,0.768815186554474,4.33607583457642e-08,0.0001843699444861,2.12652761806449e-07,19,NP_001189833.1,,AT3G06880,24.876
Vitvi13g00004,0.768815186554474,4.33607583457642e-08,0.0001843699444861,2.12652761806449e-07,61,NP_568463.1,CYP714A1,AT5G24910,63.426
Vitvi13g00182,-0.768815186554474,4.33607583457646e-08,0.0001843699444861,2.12652761806449e-07,844,NP_191196.1,,AT3G56370,69.659
Vitvi14g04000,-0.768033586424181,4.56200737137458e-08,0.0001939765534308,2.2296155566764e-07,111,,,,
Vitvi08g02261,0.768033586424181,4.56200737137454e-08,0.0001939765534308,2.2296155566764e-07,11,NP_200761.1,,AT5G59530,44.809
Vitvi14g02490,-0.768033586424181,4.56200737137458e-08,0.0001939765534308,2.2296155566764e-07,87,NP_563664.1,,AT1G02816,49.693
Vitvi07g01364,-0.767480403024187,4.72843186709917e-08,0.000201052922989,2.30565278657175e-07,18,NP_565527.1,PLAT2,AT2G22170,64.865
Vitvi15g04001,-0.767480403024187,4.72843186709917e-08,0.000201052922989,2.30565278657175e-07,142,NP_192429.1,CRK25,AT4G05200,46.341
Vitvi17g00601,-0.767201362918887,4.81449244482082e-08,0.0002047122187537,2.34492804987149e-07,94,NP_177605.2,GASA6,AT1G74670,71.154
Vitvi11g00101,0.766637161721592,4.99293925844508e-08,0.000212299777269,2.42628316878957e-07,7,NP_174462.1,ACBP6,AT1G31812,66.667
Vitvi18g04768,-0.766637161721592,4.99293925844513e-08,0.000212299777269,2.42628316878957e-07,4,NP_187217.2,RLP33,AT3G05660,45.843
Vitvi01g04079,-0.766597226495966,5.00579875105745e-08,0.0002128465628949,2.42975528418907e-07,12,NP_001154349.1,,AT1G18390,29.861
Vitvi08g02393,0.766328054594563,5.09327572679206e-08,0.0002165660839031,2.46658409912527e-07,29,NP_001154630.1,,AT3G20898,64.912
Vitvi06g01594,-0.766328054594563,5.09327572679206e-08,0.0002165660839031,2.46658409912527e-07,86,NP_175919.1,,AT1G55230,59.866
Vitvi01g00784,-0.765761034128769,5.28218853687821e-08,0.000224598656588,2.54070878493282e-07,254,NP_172525.1,XTH33,AT1G10550,58.065
Vitvi02g01621,-0.765761034128769,5.28218853687821e-08,0.000224598656588,2.54070878493282e-07,32,NP_197622.1,NIT4,AT5G22300,68.405
Vitvi02g00792,0.765761034128769,5.28218853687821e-08,0.000224598656588,2.54070878493282e-07,3,NP_174496.1,XTH30,AT1G32170,71.429
Vitvi17g01495,-0.765761034128769,5.28218853687821e-08,0.000224598656588,2.54070878493282e-07,9,NP_186859.1,,AT3G02100,43.75
Vitvi18g04757,-0.765761034128769,5.28218853687821e-08,0.000224598656588,2.54070878493282e-07,18,NP_974901.2,AACT1,AT5G47720,64.286
Vitvi19g02141,-0.765761034128769,5.28218853687821e-08,0.000224598656588,2.54070878493282e-07,8,NP_850677.1,ZAR1,AT3G50950,28.667
Vitvi05g02019,-0.764775262118139,5.62609687126693e-08,0.0002392216389662,2.70306936685051e-07,6,,,,
Vitvi03g00482,-0.764183769768002,5.84225956778788e-08,0.0002484128768223,2.78489772222355e-07,680,NP_178453.1,,AT2G03550,44.013
Vitvi12g00146,-0.764183769768002,5.84225956778788e-08,0.0002484128768223,2.78489772222355e-07,105,NP_172129.1,TPS7,AT1G06410,78.941
Vitvi07g01124,-0.764183769768002,5.84225956778788e-08,0.0002484128768223,2.78489772222355e-07,821,NP_566301.1,,AT3G07210,63.732
Vitvi06g01417,0.764183769768002,5.84225956778779e-08,0.0002484128768223,2.78489772222355e-07,6,NP_201358.1,,AT5G65550,33.71
Vitvi06g01830,-0.764183769768002,5.84225956778788e-08,0.0002484128768223,2.78489772222355e-07,869,NP_001030803.1,LTPG2,AT3G43720,48.387
Vitvi11g04217,-0.764183769768002,5.84225956778788e-08,0.0002484128768223,2.78489772222355e-07,602,NP_188497.1,,AT3G18670,34.74
Vitvi03g00242,-0.764183769768002,5.84225956778788e-08,0.0002484128768223,2.78489772222355e-07,622,NP_565409.1,EXL5,AT2G17230,75.075
Vitvi18g01232,-0.762913362514686,6.33270577135278e-08,0.0002692666493979,3.00520814060179e-07,23,NP_564487.1,TED6,AT1G43790,48.936
Vitvi11g00394,0.762913362514686,6.33270577135278e-08,0.0002692666493979,3.00520814060179e-07,23,NP_188945.1,IAA7,AT3G23050,50.0
Vitvi13g02309,-0.762913362514686,6.33270577135278e-08,0.0002692666493979,3.00520814060179e-07,16,NP_188065.1,,AT3G14470,38.673
Vitvi06g00378,-0.762913362514686,6.33270577135278e-08,0.0002692666493979,3.00520814060179e-07,181,NP_200810.1,LAC17,AT5G60020,76.857
Vitvi18g00770,-0.762622932118971,6.45003996167871e-08,0.0002742556991705,3.05407237383718e-07,129,NP_569044.1,,AT5G67090,42.071
Vitvi10g00613,-0.762622932118971,6.45003996167871e-08,0.0002742556991705,3.05407237383718e-07,150,NP_567564.1,IRX1,AT4G18780,81.508
Vitvi12g04532,0.762447887613823,6.52172428537998e-08,0.0002773037166143,3.07773270382194e-07,11,NP_174809.1,,AT1G35710,46.189
Vitvi10g00827,0.762447887613823,6.52172428537998e-08,0.0002773037166143,3.07773270382194e-07,10,NP_564349.1,JAZ8,AT1G30135,45.082
Vitvi07g01535,-0.762447887613823,6.52172428537994e-08,0.0002773037166143,3.07773270382194e-07,172,NP_190534.1,,AT3G49650,71.935
Vitvi13g04663,0.762038276589863,6.69235268411076e-08,0.0002845588361283,3.15126064372529e-07,5,NP_188065.1,,AT3G14470,35.731
Vitvi07g04167,-0.762038276589863,6.69235268411086e-08,0.0002845588361283,3.15126064372529e-07,4,NP_001328443.1,,AT4G30380,52.756
Vitvi06g00937,-0.761961512972941,6.72478446764424e-08,0.0002859378355642,3.16302915447161e-07,439,NP_178291.1,,AT2G01820,45.02
Vitvi05g04413,0.760585988010371,7.33109184407097e-08,0.0003117180252098,3.44439806861765e-07,4,NP_001329810.1,CRK29,AT4G21410,35.241
Vitvi04g04011,0.760414990798418,7.40989248807559e-08,0.0003150686285929,3.47757868204166e-07,19,NP_197965.1,,AT5G25930,63.429
Vitvi07g00814,0.760214896324293,7.50309449808633e-08,0.0003190315780586,3.51743746481401e-07,4,NP_199696.2,ATSDI1,AT5G48850,64.261
Vitvi18g03251,0.760088730172259,7.5624164511901e-08,0.0003215539475046,3.52194904167144e-07,6,NP_177870.2,,AT1G77460,75.0
Vitvi17g04093,-0.760088730172259,7.5624164511901e-08,0.0003215539475046,3.52194904167144e-07,25,,,,
Vitvi13g04774,0.760088730172259,7.5624164511901e-08,0.0003215539475046,3.52194904167144e-07,40,,,,
Vitvi16g01770,-0.760088730172259,7.5624164511901e-08,0.0003215539475046,3.52194904167144e-07,6,NP_187867.1,DRT100,AT3G12610,39.827
Vitvi07g01394,0.760088730172259,7.5624164511901e-08,0.0003215539475046,3.52194904167144e-07,3,NP_173656.1,UGT85A1,AT1G22400,53.151
Vitvi05g00886,-0.760088730172259,7.5624164511901e-08,0.0003215539475046,3.52194904167144e-07,7,NP_189034.1,BAM1,AT3G23920,83.636
Vitvi15g01565,-0.759552352981529,7.81948005924383e-08,0.000332484292119,3.59442477966538e-07,318,NP_182186.1,,AT2G46630,42.754
Vitvi08g04432,-0.759552352981529,7.81948005924383e-08,0.000332484292119,3.59442477966538e-07,492,,,,
Vitvi15g01050,-0.759552352981529,7.81948005924383e-08,0.000332484292119,3.59442477966538e-07,442,NP_197797.1,CHIA,AT5G24090,65.753
Vitvi03g00535,-0.759552352981529,7.81948005924383e-08,0.000332484292119,3.59442477966538e-07,803,NP_201522.1,IRX15-L,AT5G67210,61.006
Vitvi05g00839,0.759552352981529,7.81948005924383e-08,0.000332484292119,3.59442477966538e-07,17,NP_567405.1,IIL1,AT4G13430,84.753
Vitvi17g04009,-0.759552352981529,7.81948005924383e-08,0.000332484292119,3.59442477966538e-07,748,NP_563916.1,DET3,AT1G12840,81.283
Vitvi02g00014,-0.759552352981529,7.81948005924383e-08,0.000332484292119,3.59442477966538e-07,672,NP_176570.1,,AT1G63850,70.255
Vitvi01g01806,-0.759552352981529,7.81948005924383e-08,0.000332484292119,3.59442477966538e-07,788,NP_566438.1,BRG3,AT3G12920,37.104
Vitvi10g04371,-0.759552352981529,7.81948005924383e-08,0.000332484292119,3.59442477966538e-07,171,,,,
Vitvi10g00949,-0.759552352981529,7.81948005924383e-08,0.000332484292119,3.59442477966538e-07,852,NP_001320016.1,GHR1,AT4G20940,71.265
Vitvi01g00900,-0.759552352981529,7.81948005924383e-08,0.000332484292119,3.59442477966538e-07,670,NP_177149.2,,AT1G69910,65.609
Vitvi19g00469,-0.759552352981529,7.81948005924383e-08,0.000332484292119,3.59442477966538e-07,709,NP_194436.2,TOR1,AT4G27060,56.217
Vitvi15g04461,-0.759401722865426,7.89310789590972e-08,0.000335614947734,3.62435148740909e-07,14,,,,
Vitvi12g04581,0.758258613506055,8.4730644565836e-08,0.0003602747006939,3.88645847566272e-07,21,,,,
Vitvi04g00538,0.757793138605192,8.72029469688381e-08,0.0003707869305115,3.98948251004029e-07,63,NP_180094.6,,AT2G25220,65.783
Vitvi01g02097,0.757793138605192,8.72029469688381e-08,0.0003707869305115,3.98948251004029e-07,54,NP_563870.2,GLP7,AT1G10460,58.824
Vitvi10g01666,-0.757765461213755,8.7352027677505e-08,0.0003714208216847,3.98948251004029e-07,123,NP_180789.1,UCC1,AT2G32300,34.161
Vitvi07g01697,-0.757765461213755,8.7352027677505e-08,0.0003714208216847,3.98948251004029e-07,156,NP_201522.1,IRX15-L,AT5G67210,66.773
Vitvi14g04042,-0.757204776371011,9.04231920805605e-08,0.0003844794127265,4.08152242809499e-07,100,NP_567230.1,,AT4G02370,39.024
Vitvi16g04291,-0.757204776371011,9.04231920805605e-08,0.0003844794127265,4.08152242809499e-07,7,,,,
Vitvi10g01910,-0.757204776371011,9.04231920805605e-08,0.0003844794127265,4.08152242809499e-07,7,NP_566892.1,,AT3G47570,34.823
Vitvi10g04296,-0.757204776371011,9.04231920805605e-08,0.0003844794127265,4.08152242809499e-07,11,NP_568920.1,TMO6,AT5G60200,65.385
Vitvi12g02440,0.757204776371011,9.04231920805616e-08,0.0003844794127265,4.08152242809499e-07,38,NP_192232.5,,AT4G03230,51.317
Vitvi10g04490,-0.757204776371011,9.04231920805605e-08,0.0003844794127265,4.08152242809499e-07,24,NP_193747.2,GSO1,AT4G20140,35.1
Vitvi10g04478,-0.757204776371011,9.04231920805605e-08,0.0003844794127265,4.08152242809499e-07,118,NP_193747.2,GSO1,AT4G20140,36.644
Vitvi16g01964,-0.757204776371011,9.04231920805605e-08,0.0003844794127265,4.08152242809499e-07,12,NP_181039.1,,AT2G34930,37.068
Vitvi11g00285,-0.757204776371011,9.04231920805605e-08,0.0003844794127265,4.08152242809499e-07,29,NP_196720.1,TINY2,AT5G11590,61.275
Vitvi12g00116,-0.757204776371011,9.04231920805605e-08,0.0003844794127265,4.08152242809499e-07,239,NP_001184930.1,,AT1G07650,66.377
Vitvi13g04364,-0.757204776371011,9.04231920805605e-08,0.0003844794127265,4.08152242809499e-07,9,NP_188064.1,,AT3G14460,32.044
Vitvi17g01497,0.756614516614135,9.37637791162503e-08,0.0003986835888022,4.2144142579524e-07,7,NP_186859.1,,AT3G02100,43.103
Vitvi18g00376,-0.756614516614135,9.37637791162505e-08,0.0003986835888022,4.2144142579524e-07,138,NP_177929.1,,AT1G78060,68.331
Vitvi04g04001,-0.756614516614135,9.37637791162505e-08,0.0003986835888022,4.2144142579524e-07,7,NP_198790.1,RPL5B,AT5G39740,74.118
Vitvi05g01947,0.756614516614135,9.37637791162503e-08,0.0003986835888022,4.2144142579524e-07,4,,,,
Vitvi04g00104,0.755000289200013,1.03489871713982e-07,0.0004400389345278,4.63005745138275e-07,44,NP_177007.1,,AT1G68400,45.781
Vitvi14g03121,-0.754920936195056,1.03991177471085e-07,0.000442170486607,4.63005745138275e-07,442,NP_181039.1,,AT2G34930,42.567
Vitvi02g00304,-0.754920936195056,1.03991177471085e-07,0.000442170486607,4.63005745138275e-07,73,NP_001327363.1,HA7,AT3G60330,70.534
Vitvi04g02232,-0.754920936195056,1.03991177471085e-07,0.000442170486607,4.63005745138275e-07,165,NP_001318851.1,RLK1,AT5G60900,37.192
Vitvi06g00396,-0.754920936195056,1.03991177471085e-07,0.000442170486607,4.63005745138275e-07,210,NP_180431.1,KCS12,AT2G28630,69.248
Vitvi06g00447,-0.754920936195056,1.03991177471085e-07,0.000442170486607,4.63005745138275e-07,641,NP_200743.1,,AT5G59350,48.077
Vitvi07g04541,-0.754920936195056,1.03991177471085e-07,0.000442170486607,4.63005745138275e-07,493,NP_974698.1,,AT4G37080,60.063
Vitvi08g01059,-0.754920936195056,1.03991177471085e-07,0.000442170486607,4.63005745138275e-07,768,NP_190906.1,,AT3G53380,71.701
Vitvi16g01406,-0.754920936195056,1.03991177471085e-07,0.000442170486607,4.63005745138275e-07,734,NP_001190039.1,iqd21,AT3G49260,49.489
Vitvi08g01735,-0.754538392216185,1.06439448697431e-07,0.0004525805358614,4.7341060236556e-07,90,NP_195946.2,LAC11,AT5G03260,80.072
Vitvi01g01561,-0.75441642621575,1.07231136608592e-07,0.0004559467928597,4.734649977775e-07,122,NP_201143.1,,AT5G63380,50.0
Vitvi07g00431,0.75441642621575,1.07231136608592e-07,0.0004559467928597,4.734649977775e-07,3,NP_192106.3,STS,AT4G01970,59.163
Vitvi15g00885,-0.75441642621575,1.07231136608592e-07,0.0004559467928597,4.734649977775e-07,119,NP_174566.1,GBSS1,AT1G32900,70.827
Vitvi10g02037,0.75441642621575,1.07231136608592e-07,0.0004559467928597,4.734649977775e-07,65,,,,
Vitvi04g04009,0.75441642621575,1.07231136608592e-07,0.0004559467928597,4.734649977775e-07,26,NP_197965.1,,AT5G25930,61.29
Vitvi12g00300,-0.75441642621575,1.07231136608592e-07,0.0004559467928597,4.734649977775e-07,48,NP_567277.1,,AT4G04960,56.315
Vitvi12g04094,-0.75441642621575,1.07231136608592e-07,0.0004559467928597,4.734649977775e-07,9,NP_192259.1,,AT4G03500,43.091
Vitvi15g01488,0.754053823408627,1.09617004927163e-07,0.0004660915049502,4.82996378186842e-07,21,NP_001031541.1,emb1067,AT2G45330,64.605
Vitvi07g04373,-0.754053823408627,1.09617004927164e-07,0.0004660915049503,4.82996378186842e-07,40,NP_001330550.1,MRE11,AT5G54260,68.919
Vitvi05g04174,-0.752907990308538,1.1748204941656e-07,0.0004995336741192,4.85406862553457e-07,4,NP_001320174.1,,AT1G06620,55.603
Vitvi18g02681,-0.752907990308538,1.1748204941656e-07,0.0004995336741192,4.85406862553457e-07,111,NP_195059.3,PGSIP3,AT4G33330,63.731
Vitvi06g01574,-0.752907990308538,1.1748204941656e-07,0.0004995336741192,4.85406862553457e-07,68,NP_199763.1,WRKY48,AT5G49520,50.0
Vitvi18g00839,0.752672914695697,1.19158616195584e-07,0.0005066624360636,4.85406862553457e-07,76,NP_180221.1,AR781,AT2G26530,48.657
Vitvi10g01615,-0.752525658230247,1.20220065778033e-07,0.0005111757196881,4.85406862553457e-07,30,NP_683300.2,,AT1G11925,54.762
Vitvi19g00147,-0.752466402044428,1.20649649586461e-07,0.0005130023100416,4.85406862553457e-07,314,NP_191371.1,BZIP61,AT3G58120,59.327
Vitvi10g01778,0.751741964893971,1.26017247517737e-07,0.0005358253364454,4.85406862553457e-07,11,NP_195242.1,,AT4G35160,42.21
Vitvi01g04082,-0.751595852101597,1.27126181928121e-07,0.0005405405255583,4.85406862553457e-07,238,,,,
Vitvi14g02493,-0.751595852101597,1.27126181928121e-07,0.0005405405255583,4.85406862553457e-07,293,NP_563664.1,,AT1G02816,55.782
Vitvi06g00266,-0.751595852101597,1.27126181928121e-07,0.0005405405255583,4.85406862553457e-07,270,NP_001331468.1,,AT5G60700,81.779
Vitvi18g04272,0.751595852101597,1.2712618192812e-07,0.0005405405255583,4.85406862553457e-07,53,NP_177718.1,,AT1G75900,56.322
Vitvi04g00641,-0.751595852101597,1.27126181928121e-07,0.0005405405255583,4.85406862553457e-07,25,NP_196638.2,,AT5G10770,60.671
Vitvi12g00424,-0.751595852101597,1.27126181928121e-07,0.0005405405255583,4.85406862553457e-07,174,NP_176426.1,STM,AT1G62360,78.244
Vitvi12g00280,-0.751595852101597,1.27126181928121e-07,0.0005405405255583,4.85406862553457e-07,183,NP_974014.1,SPL4,AT1G53160,57.364
Vitvi15g01629,-0.751595852101597,1.27126181928121e-07,0.0005405405255583,4.85406862553457e-07,36,NP_001119353.1,,AT5G41761,59.677
Vitvi07g04548,-0.751595852101597,1.27126181928121e-07,0.0005405405255583,4.85406862553457e-07,330,,,,
Vitvi16g00712,0.751595852101597,1.2712618192812e-07,0.0005405405255583,4.85406862553457e-07,44,NP_199959.2,ATTPPA,AT5G51460,69.948
Vitvi14g01568,-0.751595852101597,1.27126181928121e-07,0.0005405405255583,4.85406862553457e-07,380,NP_566810.1,,AT3G27200,65.254
Vitvi07g04549,-0.751595852101597,1.27126181928121e-07,0.0005405405255583,4.85406862553457e-07,328,,,,
Vitvi01g01958,0.751190756638406,1.30247919478487e-07,0.0005538141536225,4.85406862553457e-07,103,NP_973709.1,,AT2G47485,44.0
Vitvi12g04535,-0.751190756638406,1.30247919478489e-07,0.0005538141536225,4.85406862553457e-07,5,NP_174809.1,,AT1G35710,44.845
Vitvi03g01363,-0.750608504756726,1.34858806758807e-07,0.0005734196463384,4.85406862553457e-07,30,NP_001320138.1,,AT4G34800,62.5
Vitvi13g04329,-0.750289519408583,1.37448227308175e-07,0.0005844298625143,4.85406862553457e-07,21,,,,
Vitvi08g04210,0.750289519408583,1.37448227308174e-07,0.0005844298625143,4.85406862553457e-07,3,NP_200825.2,,AT5G60170,54.286
Vitvi00g04706,0.750289519408583,1.37448227308174e-07,0.0005844298625143,4.85406862553457e-07,34,NP_190540.1,,AT3G49710,67.822
Vitvi00g04737,0.750289519408583,1.37448227308174e-07,0.0005844298625143,4.85406862553457e-07,28,NP_201356.2,,AT5G65530,60.633
Vitvi01g04005,0.750289519408583,1.37448227308174e-07,0.0005844298625143,4.85406862553457e-07,30,NP_563681.1,,AT1G03280,70.492
Vitvi00g04274,0.750289519408583,1.37448227308174e-07,0.0005844298625143,4.85406862553457e-07,3,NP_195698.1,,AT4G39880,62.857
Vitvi00g04275,0.750289519408583,1.37448227308174e-07,0.0005844298625143,4.85406862553457e-07,6,NP_001330410.1,DOT3,AT5G10250,59.016
Vitvi00g04361,-0.750289519408583,1.37448227308175e-07,0.0005844298625143,4.85406862553457e-07,11,NP_564734.1,XF1,AT1G58440,75.294
Vitvi00g04449,0.750289519408583,1.37448227308174e-07,0.0005844298625143,4.85406862553457e-07,63,NP_179875.2,NAGS1,AT2G22910,70.518
Vitvi00g04598,0.750289519408583,1.37448227308174e-07,0.0005844298625143,4.85406862553457e-07,19,NP_568662.1,RWA1,AT5G46340,79.412
Vitvi19g04259,-0.750289519408583,1.37448227308175e-07,0.0005844298625143,4.85406862553457e-07,44,NP_198430.1,,AT5G35810,30.592
Vitvi19g04517,-0.750289519408583,1.37448227308175e-07,0.0005844298625143,4.85406862553457e-07,17,NP_188064.1,,AT3G14460,35.117
Vitvi08g02398,-0.750289519408583,1.37448227308175e-07,0.0005844298625143,4.85406862553457e-07,24,NP_188065.1,,AT3G14470,29.689
Vitvi12g04563,-0.750289519408583,1.37448227308175e-07,0.0005844298625143,4.85406862553457e-07,57,,,,
Vitvi08g04260,-0.750289519408583,1.37448227308175e-07,0.0005844298625143,4.85406862553457e-07,19,NP_190973.1,HCEF1,AT3G54050,71.254
Vitvi08g04284,0.750289519408583,1.37448227308174e-07,0.0005844298625143,4.85406862553457e-07,29,NP_566966.1,,AT3G52500,42.013
Vitvi08g04371,-0.750289519408583,1.37448227308175e-07,0.0005844298625143,4.85406862553457e-07,5,,,,
Vitvi09g00185,-0.750289519408583,1.37448227308175e-07,0.0005844298625143,4.85406862553457e-07,462,NP_564029.1,,AT1G17620,50.57
Vitvi01g01990,0.750289519408583,1.37448227308174e-07,0.0005844298625143,4.85406862553457e-07,39,NP_172940.1,PCR2,AT1G14870,63.194
Vitvi01g02047,-0.750289519408583,1.37448227308175e-07,0.0005844298625143,4.85406862553457e-07,22,NP_173754.2,CAF2,AT1G23400,58.246
Vitvi01g02242,-0.750289519408583,1.37448227308175e-07,0.0005844298625143,4.85406862553457e-07,57,NP_568791.1,,AT5G53340,55.0
Vitvi01g04002,0.750289519408583,1.37448227308174e-07,0.0005844298625143,4.85406862553457e-07,50,NP_563681.1,,AT1G03280,68.182
Vitvi19g00159,-0.750289519408583,1.37448227308175e-07,0.0005844298625143,4.85406862553457e-07,24,NP_188128.1,HCF243,AT3G15095,50.305
Vitvi19g00174,-0.750289519408583,1.37448227308175e-07,0.0005844298625143,4.85406862553457e-07,18,NP_200210.1,,AT5G53990,57.871
Vitvi19g00214,-0.750289519408583,1.37448227308175e-07,0.0005844298625143,4.85406862553457e-07,25,NP_001321684.1,,AT1G13570,31.579
Vitvi19g00339,0.750289519408583,1.37448227308174e-07,0.0005844298625143,4.85406862553457e-07,52,NP_001329181.1,,AT4G27290,39.463
Vitvi12g04548,0.750289519408583,1.37448227308174e-07,0.0005844298625143,4.85406862553457e-07,38,NP_174809.1,,AT1G35710,47.187
Vitvi01g04191,-0.750289519408583,1.37448227308175e-07,0.0005844298625143,4.85406862553457e-07,66,NP_177372.1,ERO1,AT1G72280,56.79
Vitvi01g00695,-0.750289519408583,1.37448227308175e-07,0.0005844298625143,4.85406862553457e-07,303,NP_176278.2,TBL2,AT1G60790,72.805
Vitvi15g00795,0.750289519408583,1.37448227308174e-07,0.0005844298625143,4.85406862553457e-07,5,NP_182079.1,CYP76C4,AT2G45550,52.174
Vitvi09g00273,-0.750289519408583,1.37448227308175e-07,0.0005844298625143,4.85406862553457e-07,239,NP_179567.1,PRF5,AT2G19770,76.119
Vitvi09g00384,-0.750289519408583,1.37448227308175e-07,0.0005844298625143,4.85406862553457e-07,21,NP_683510.4,,AT1G79915,52.025
Vitvi15g04598,-0.750289519408583,1.37448227308175e-07,0.0005844298625143,4.85406862553457e-07,64,NP_566068.1,,AT2G46230,81.218
Vitvi09g00535,0.750289519408583,1.37448227308174e-07,0.0005844298625143,4.85406862553457e-07,51,NP_172692.1,SUMM2,AT1G12280,46.829
Vitvi09g00540,-0.750289519408583,1.37448227308175e-07,0.0005844298625143,4.85406862553457e-07,17,NP_172692.1,SUMM2,AT1G12280,43.187
Vitvi09g01026,0.750289519408583,1.37448227308174e-07,0.0005844298625143,4.85406862553457e-07,32,NP_851005.1,mtLPD2,AT3G17240,65.854
Vitvi09g01302,-0.750289519408583,1.37448227308175e-07,0.0005844298625143,4.85406862553457e-07,663,NP_194887.1,CSLC5,AT4G31590,79.31
Vitvi09g01214,0.750289519408583,1.37448227308174e-07,0.0005844298625143,4.85406862553457e-07,61,NP_566892.1,,AT3G47570,46.223
Vitvi09g01309,0.750289519408583,1.37448227308174e-07,0.0005844298625143,4.85406862553457e-07,27,NP_001331908.1,NAC100,AT5G61430,71.264
Vitvi09g01376,0.750289519408583,1.37448227308174e-07,0.0005844298625143,4.85406862553457e-07,60,NP_194868.2,CTF7,AT4G31400,49.326
Vitvi14g04449,-0.750289519408583,1.37448227308175e-07,0.0005844298625143,4.85406862553457e-07,22,NP_564044.1,,AT1G18010,47.541
Vitvi09g01592,-0.750289519408583,1.37448227308175e-07,0.0005844298625143,4.85406862553457e-07,70,NP_001330150.1,,AT5G06220,29.426
Vitvi14g04248,0.750289519408583,1.37448227308174e-07,0.0005844298625143,4.85406862553457e-07,48,NP_194449.1,,AT4G27190,38.498
Vitvi14g04255,0.750289519408583,1.37448227308174e-07,0.0005844298625143,4.85406862553457e-07,60,,,,
Vitvi14g04632,0.750289519408583,1.37448227308174e-07,0.0005844298625143,4.85406862553457e-07,18,NP_179281.3,,AT2G16890,55.839
Vitvi14g04450,-0.750289519408583,1.37448227308175e-07,0.0005844298625143,4.85406862553457e-07,29,NP_564044.1,,AT1G18010,60.215
Vitvi09g01807,0.750289519408583,1.37448227308174e-07,0.0005844298625143,4.85406862553457e-07,59,NP_196240.2,,AT5G06220,45.161
Vitvi09g02033,0.750289519408583,1.37448227308174e-07,0.0005844298625143,4.85406862553457e-07,59,NP_001323155.1,RPS5,AT1G12220,37.367
Vitvi07g04561,-0.750289519408583,1.37448227308175e-07,0.0005844298625143,4.85406862553457e-07,31,NP_196591.2,,AT5G10290,79.808
Vitvi09g04078,0.750289519408583,1.37448227308174e-07,0.0005844298625143,4.85406862553457e-07,46,NP_001330150.1,,AT5G06220,31.389
Vitvi09g04146,-0.750289519408583,1.37448227308175e-07,0.0005844298625143,4.85406862553457e-07,31,NP_173005.1,ABCG40,AT1G15520,74.474
Vitvi09g04166,0.750289519408583,1.37448227308174e-07,0.0005844298625143,4.85406862553457e-07,48,NP_001320574.1,,AT1G52660,39.073
Vitvi08g01235,-0.750289519408583,1.37448227308175e-07,0.0005844298625143,4.85406862553457e-07,49,NP_566685.1,LBO1,AT3G21420,40.116
Vitvi15g01247,0.750289519408583,1.37448227308174e-07,0.0005844298625143,4.85406862553457e-07,49,NP_196353.2,,AT5G07360,75.187
Vitvi15g01574,-0.750289519408583,1.37448227308175e-07,0.0005844298625143,4.85406862553457e-07,36,NP_567118.1,,AT3G61790,57.471
Vitvi15g01618,0.750289519408583,1.37448227308174e-07,0.0005844298625143,4.85406862553457e-07,34,NP_191728.2,,AT3G61690,52.293
Vitvi15g04365,0.750289519408583,1.37448227308174e-07,0.0005844298625143,4.85406862553457e-07,56,NP_001320737.1,,AT1G04945,57.459
Vitvi08g01640,-0.750289519408583,1.37448227308175e-07,0.0005844298625143,4.85406862553457e-07,35,NP_566428.1,NUDT16,AT3G12600,69.318
Vitvi08g02275,0.750289519408583,1.37448227308174e-07,0.0005844298625143,4.85406862553457e-07,29,,,,
Vitvi15g01686,-0.750289519408583,1.37448227308175e-07,0.0005844298625143,4.85406862553457e-07,14,NP_190237.1,RPP13,AT3G46530,34.638
Vitvi07g02094,-0.750289519408583,1.37448227308175e-07,0.0005844298625143,4.85406862553457e-07,3,NP_973776.1,,AT1G06790,59.259
Vitvi07g01719,-0.750289519408583,1.37448227308175e-07,0.0005844298625143,4.85406862553457e-07,4,NP_201516.1,,AT5G67150,41.935
Vitvi07g01718,-0.750289519408583,1.37448227308175e-07,0.0005844298625143,4.85406862553457e-07,9,NP_201516.1,,AT5G67150,48.571
Vitvi08g01070,-0.750289519408583,1.37448227308175e-07,0.0005844298625143,4.85406862553457e-07,24,NP_181246.1,IRX9,AT2G37090,62.824
Vitvi10g01585,0.750289519408583,1.37448227308174e-07,0.0005844298625143,4.85406862553457e-07,44,NP_001329426.1,CRK25,AT4G05200,45.561
Vitvi06g00680,-0.750289519408583,1.37448227308175e-07,0.0005844298625143,4.85406862553457e-07,143,NP_190746.2,BAG4,AT3G51780,47.925
Vitvi12g02753,-0.750289519408583,1.37448227308175e-07,0.0005844298625143,4.85406862553457e-07,43,NP_199186.1,,AT5G43730,28.923
Vitvi12g04365,-0.750289519408583,1.37448227308175e-07,0.0005844298625143,4.85406862553457e-07,4,NP_001321579.1,,AT1G56130,41.532
Vitvi16g01105,-0.750289519408583,1.37448227308175e-07,0.0005844298625143,4.85406862553457e-07,25,NP_001078342.1,,AT4G01290,30.263
Vitvi16g01081,0.750289519408583,1.37448227308174e-07,0.0005844298625143,4.85406862553457e-07,39,NP_565109.1,emb2184,AT1G75350,82.022
Vitvi07g02853,-0.750289519408583,1.37448227308175e-07,0.0005844298625143,4.85406862553457e-07,33,NP_850481.1,TLP3,AT2G47900,58.654
Vitvi07g02323,-0.750289519408583,1.37448227308175e-07,0.0005844298625143,4.85406862553457e-07,64,NP_001326349.1,CPK13,AT3G51850,78.947
Vitvi09g04212,0.750289519408583,1.37448227308174e-07,0.0005844298625143,4.85406862553457e-07,46,,,,
Vitvi09g04222,0.750289519408583,1.37448227308174e-07,0.0005844298625143,4.85406862553457e-07,55,NP_001078419.1,,AT4G21580,54.146
Vitvi07g03086,0.750289519408583,1.37448227308174e-07,0.0005844298625143,4.85406862553457e-07,43,NP_001330474.1,ACR1,AT5G65890,50.595
Vitvi07g04261,0.750289519408583,1.37448227308174e-07,0.0005844298625143,4.85406862553457e-07,53,NP_197348.1,,AT5G18470,30.233
Vitvi09g04231,-0.750289519408583,1.37448227308175e-07,0.0005844298625143,4.85406862553457e-07,4,,,,
Vitvi14g02607,0.750289519408583,1.37448227308174e-07,0.0005844298625143,4.85406862553457e-07,23,NP_172360.1,CSD1,AT1G08830,82.237
Vitvi14g02707,0.750289519408583,1.37448227308174e-07,0.0005844298625143,4.85406862553457e-07,52,NP_194452.1,,AT4G27220,31.447
Vitvi14g02663,0.750289519408583,1.37448227308174e-07,0.0005844298625143,4.85406862553457e-07,13,NP_176268.1,,AT1G60690,60.0
Vitvi06g04249,0.750289519408583,1.37448227308174e-07,0.0005844298625143,4.85406862553457e-07,40,NP_189000.1,RNR2A,AT3G23580,59.292
Vitvi16g01733,0.750289519408583,1.37448227308174e-07,0.0005844298625143,4.85406862553457e-07,60,NP_001323601.1,XIF,AT2G31900,71.282
Vitvi09g04415,0.750289519408583,1.37448227308174e-07,0.0005844298625143,4.85406862553457e-07,46,NP_188102.5,,AT3G14840,54.639
Vitvi09g04416,-0.750289519408583,1.37448227308175e-07,0.0005844298625143,4.85406862553457e-07,71,NP_001190114.1,,AT3G57060,51.923
Vitvi09g04421,0.750289519408583,1.37448227308174e-07,0.0005844298625143,4.85406862553457e-07,18,NP_001190114.1,,AT3G57060,51.923
Vitvi09g04473,-0.750289519408583,1.37448227308175e-07,0.0005844298625143,4.85406862553457e-07,27,,,,
Vitvi09g04537,0.750289519408583,1.37448227308174e-07,0.0005844298625143,4.85406862553457e-07,48,NP_001077863.1,,AT2G01250,78.667
Vitvi09g04564,-0.750289519408583,1.37448227308175e-07,0.0005844298625143,4.85406862553457e-07,36,,,,
Vitvi07g00383,-0.750289519408583,1.37448227308175e-07,0.0005844298625143,4.85406862553457e-07,31,NP_177890.1,,AT1G77670,32.808
Vitvi07g00890,-0.750289519408583,1.37448227308175e-07,0.0005844298625143,4.85406862553457e-07,50,NP_187360.1,RPM1,AT3G07040,32.585
Vitvi16g01796,0.750289519408583,1.37448227308174e-07,0.0005844298625143,4.85406862553457e-07,41,NP_195530.2,FRS9,AT4G38170,48.571
Vitvi06g04250,0.750289519408583,1.37448227308174e-07,0.0005844298625143,4.85406862553457e-07,42,NP_189000.1,RNR2A,AT3G23580,88.525
Vitvi10g00307,-0.750289519408583,1.37448227308175e-07,0.0005844298625143,4.85406862553457e-07,588,NP_568688.1,GAUT4,AT5G47780,69.003
Vitvi14g01921,-0.750289519408583,1.37448227308175e-07,0.0005844298625143,4.85406862553457e-07,140,NP_197012.1,,AT5G15080,71.888
Vitvi10g00652,-0.750289519408583,1.37448227308175e-07,0.0005844298625143,4.85406862553457e-07,561,NP_001322634.1,,AT1G29730,55.269
Vitvi10g00437,0.750289519408583,1.37448227308174e-07,0.0005844298625143,4.85406862553457e-07,16,NP_564771.1,NAC025,AT1G61110,58.308
Vitvi17g00608,-0.750289519408583,1.37448227308175e-07,0.0005844298625143,4.85406862553457e-07,333,NP_177587.1,,AT1G74470,81.799
Vitvi10g01952,0.750289519408583,1.37448227308174e-07,0.0005844298625143,4.85406862553457e-07,68,NP_175576.1,,AT1G51650,87.5
Vitvi16g04467,0.750289519408583,1.37448227308174e-07,0.0005844298625143,4.85406862553457e-07,6,NP_200123.2,,AT5G53110,32.828
Vitvi06g00796,-0.750289519408583,1.37448227308175e-07,0.0005844298625143,4.85406862553457e-07,16,NP_175439.2,ALATS,AT1G50200,72.0
Vitvi01g04207,-0.750289519408583,1.37448227308175e-07,0.0005844298625143,4.85406862553457e-07,67,NP_850669.2,SUO,AT3G48050,39.86
Vitvi01g04423,-0.750289519408583,1.37448227308175e-07,0.0005844298625143,4.85406862553457e-07,25,NP_001032067.1,,AT5G53340,59.459
Vitvi01g04428,-0.750289519408583,1.37448227308175e-07,0.0005844298625143,4.85406862553457e-07,23,NP_001032067.1,,AT5G53340,52.459
Vitvi18g04551,0.750289519408583,1.37448227308174e-07,0.0005844298625143,4.85406862553457e-07,44,NP_192938.1,,AT4G12010,34.03
Vitvi18g04640,-0.750289519408583,1.37448227308175e-07,0.0005844298625143,4.85406862553457e-07,58,NP_001331726.1,LAZ5,AT5G44870,33.793
Vitvi18g04646,-0.750289519408583,1.37448227308175e-07,0.0005844298625143,4.85406862553457e-07,72,NP_199336.1,,AT5G45230,29.167
Vitvi18g04655,-0.750289519408583,1.37448227308175e-07,0.0005844298625143,4.85406862553457e-07,11,NP_197270.1,,AT5G17680,37.719
Vitvi18g04656,0.750289519408583,1.37448227308174e-07,0.0005844298625143,4.85406862553457e-07,30,NP_197270.1,,AT5G17680,31.029
Vitvi18g04660,0.750289519408583,1.37448227308174e-07,0.0005844298625143,4.85406862553457e-07,65,NP_197270.1,,AT5G17680,41.932
Vitvi18g04684,-0.750289519408583,1.37448227308175e-07,0.0005844298625143,4.85406862553457e-07,19,NP_177165.1,,AT1G70080,31.467
Vitvi18g04749,-0.750289519408583,1.37448227308175e-07,0.0005844298625143,4.85406862553457e-07,35,NP_564971.2,,AT1G69550,35.859
Vitvi10g00977,0.750289519408583,1.37448227308174e-07,0.0005844298625143,4.85406862553457e-07,36,NP_564137.1,WAK1,AT1G21250,29.224
Vitvi05g04493,0.750289519408583,1.37448227308174e-07,0.0005844298625143,4.85406862553457e-07,25,,,,
Vitvi05g04487,0.750289519408583,1.37448227308174e-07,0.0005844298625143,4.85406862553457e-07,8,NP_190255.1,,AT3G46710,30.154
Vitvi14g01401,-0.750289519408583,1.37448227308175e-07,0.0005844298625143,4.85406862553457e-07,351,NP_001320788.1,TRM4,AT1G74160,40.861
Vitvi11g00066,0.750289519408583,1.37448227308174e-07,0.0005844298625143,4.85406862553457e-07,20,NP_849807.1,ALDH7B4,AT1G54100,71.654
Vitvi06g01536,-0.750289519408583,1.37448227308175e-07,0.0005844298625143,4.85406862553457e-07,3,NP_180298.1,NTL8,AT2G27300,53.846
Vitvi06g04048,0.750289519408583,1.37448227308174e-07,0.0005844298625143,4.85406862553457e-07,61,NP_187538.1,GSTU8,AT3G09270,39.726
Vitvi10g01696,-0.750289519408583,1.37448227308175e-07,0.0005844298625143,4.85406862553457e-07,5,NP_851196.1,KCO1,AT5G55630,62.585
Vitvi10g01888,-0.750289519408583,1.37448227308175e-07,0.0005844298625143,4.85406862553457e-07,374,NP_174319.1,,AT1G30280,41.154
Vitvi17g04289,-0.750289519408583,1.37448227308175e-07,0.0005844298625143,4.85406862553457e-07,4,,,,
Vitvi17g01015,0.750289519408583,1.37448227308174e-07,0.0005844298625143,4.85406862553457e-07,18,NP_201499.1,,AT5G66980,34.0
Vitvi05g02082,0.750289519408583,1.37448227308174e-07,0.0005844298625143,4.85406862553457e-07,3,NP_192259.1,,AT4G03500,32.773
Vitvi05g01742,-0.750289519408583,1.37448227308175e-07,0.0005844298625143,4.85406862553457e-07,14,NP_567228.1,,AT4G02340,61.076
Vitvi05g01672,-0.750289519408583,1.37448227308175e-07,0.0005844298625143,4.85406862553457e-07,12,NP_173956.1,,AT1G26320,68.846
Vitvi06g00327,0.750289519408583,1.37448227308174e-07,0.0005844298625143,4.85406862553457e-07,5,NP_174690.1,,AT1G34300,36.719
Vitvi05g04506,0.750289519408583,1.37448227308174e-07,0.0005844298625143,4.85406862553457e-07,39,NP_199361.1,,AT5G45480,44.268
Vitvi05g04494,-0.750289519408583,1.37448227308175e-07,0.0005844298625143,4.85406862553457e-07,45,NP_190255.1,,AT3G46710,29.957
Vitvi13g04325,0.750289519408583,1.37448227308174e-07,0.0005844298625143,4.85406862553457e-07,42,,,,
Vitvi00g04704,0.750289519408583,1.37448227308174e-07,0.0005844298625143,4.85406862553457e-07,65,NP_001154669.1,,AT3G49725,34.078
Vitvi01g01881,0.750289519408583,1.37448227308174e-07,0.0005844298625143,4.85406862553457e-07,5,NP_683296.1,PP2-A10,AT1G10155,40.11
Vitvi01g01944,-0.750289519408583,1.37448227308175e-07,0.0005844298625143,4.85406862553457e-07,22,NP_564927.1,,AT1G68300,52.027
Vitvi12g04475,0.750289519408583,1.37448227308174e-07,0.0005844298625143,4.85406862553457e-07,19,NP_188065.1,,AT3G14470,42.476
Vitvi12g04429,-0.750289519408583,1.37448227308175e-07,0.0005844298625143,4.85406862553457e-07,26,NP_175439.2,ALATS,AT1G50200,56.944
Vitvi12g04596,-0.750289519408583,1.37448227308175e-07,0.0005844298625143,4.85406862553457e-07,29,,,,
Vitvi12g04536,0.750289519408583,1.37448227308174e-07,0.0005844298625143,4.85406862553457e-07,57,NP_849835.1,CPSF73-I,AT1G61010,76.965
Vitvi05g02121,0.750289519408583,1.37448227308174e-07,0.0005844298625143,4.85406862553457e-07,6,NP_181834.1,IBH1,AT2G43060,40.523
Vitvi05g02234,0.750289519408583,1.37448227308174e-07,0.0005844298625143,4.85406862553457e-07,27,NP_175437.1,,AT1G50180,28.296
Vitvi05g02273,-0.750289519408583,1.37448227308175e-07,0.0005844298625143,4.85406862553457e-07,102,NP_850403.1,HOL3,AT2G43940,58.716
Vitvi11g00257,-0.750289519408583,1.37448227308175e-07,0.0005844298625143,4.85406862553457e-07,7,NP_188270.1,IQD26,AT3G16490,53.676
Vitvi14g00668,-0.750289519408583,1.37448227308175e-07,0.0005844298625143,4.85406862553457e-07,71,NP_849301.4,UBQ10,AT4G05320,98.906
Vitvi14g00127,-0.750289519408583,1.37448227308175e-07,0.0005844298625143,4.85406862553457e-07,323,NP_850475.2,,AT2G47500,57.834
Vitvi18g04440,0.750289519408583,1.37448227308174e-07,0.0005844298625143,4.85406862553457e-07,51,NP_192938.1,,AT4G12010,27.15
Vitvi11g00584,-0.750289519408583,1.37448227308175e-07,0.0005844298625143,4.85406862553457e-07,75,NP_178935.2,,AT2G12400,68.623
Vitvi12g02701,-0.750289519408583,1.37448227308175e-07,0.0005844298625143,4.85406862553457e-07,42,NP_188065.1,,AT3G14470,41.658
Vitvi12g02705,0.750289519408583,1.37448227308174e-07,0.0005844298625143,4.85406862553457e-07,30,NP_188064.1,,AT3G14460,27.326
Vitvi02g00626,-0.750289519408583,1.37448227308175e-07,0.0005844298625143,4.85406862553457e-07,325,NP_199513.2,,AT5G47020,72.142
Vitvi02g00721,0.750289519408583,1.37448227308174e-07,0.0005844298625143,4.85406862553457e-07,7,NP_191286.1,BG1,AT3G57270,48.903
Vitvi02g01411,-0.750289519408583,1.37448227308175e-07,0.0005844298625143,4.85406862553457e-07,21,NP_563701.1,SDD1,AT1G04110,47.43
Vitvi12g02448,0.750289519408583,1.37448227308174e-07,0.0005844298625143,4.85406862553457e-07,7,NP_171849.3,,AT1G03495,36.364
Vitvi12g02458,0.750289519408583,1.37448227308174e-07,0.0005844298625143,4.85406862553457e-07,10,NP_849355.1,,AT4G10265,66.667
Vitvi12g02621,0.750289519408583,1.37448227308174e-07,0.0005844298625143,4.85406862553457e-07,9,NP_191024.1,,AT3G54630,43.7
Vitvi12g02735,0.750289519408583,1.37448227308174e-07,0.0005844298625143,4.85406862553457e-07,11,NP_194339.1,RPS2,AT4G26090,28.51
Vitvi11g01564,0.750289519408583,1.37448227308174e-07,0.0005844298625143,4.85406862553457e-07,39,NP_190314.2,SELT,AT3G47300,45.614
Vitvi13g04513,-0.750289519408583,1.37448227308175e-07,0.0005844298625143,4.85406862553457e-07,21,,,,
Vitvi13g04518,0.750289519408583,1.37448227308174e-07,0.0005844298625143,4.85406862553457e-07,19,NP_188065.1,,AT3G14470,28.158
Vitvi11g04123,0.750289519408583,1.37448227308174e-07,0.0005844298625143,4.85406862553457e-07,30,,,,
Vitvi11g04175,-0.750289519408583,1.37448227308175e-07,0.0005844298625143,4.85406862553457e-07,19,NP_200601.3,APO2,AT5G57930,68.333
Vitvi04g04237,-0.750289519408583,1.37448227308175e-07,0.0005844298625143,4.85406862553457e-07,227,NP_564656.1,,AT1G54320,67.576
Vitvi11g04251,-0.750289519408583,1.37448227308175e-07,0.0005844298625143,4.85406862553457e-07,32,NP_001319159.1,,AT1G42470,79.487
Vitvi03g04196,-0.750289519408583,1.37448227308175e-07,0.0005844298625143,4.85406862553457e-07,74,NP_186848.1,ACR6,AT3G01990,57.912
Vitvi03g04050,-0.750289519408583,1.37448227308175e-07,0.0005844298625143,4.85406862553457e-07,69,NP_190237.1,RPP13,AT3G46530,35.127
Vitvi04g04448,0.750289519408583,1.37448227308174e-07,0.0005844298625143,4.85406862553457e-07,12,NP_195235.1,CAT2,AT4G35090,83.061
Vitvi05g00006,-0.750289519408583,1.37448227308175e-07,0.0005844298625143,4.85406862553457e-07,813,NP_001189833.1,,AT3G06880,47.414
Vitvi05g00114,-0.750289519408583,1.37448227308175e-07,0.0005844298625143,4.85406862553457e-07,330,NP_176041.2,,AT1G56460,40.494
Vitvi05g00198,0.750289519408583,1.37448227308174e-07,0.0005844298625143,4.85406862553457e-07,25,NP_001325664.1,NUC-L2,AT3G18610,43.85
Vitvi05g01103,-0.750289519408583,1.37448227308175e-07,0.0005844298625143,4.85406862553457e-07,664,NP_187390.1,,AT3G07340,40.728
Vitvi05g01492,0.750289519408583,1.37448227308174e-07,0.0005844298625143,4.85406862553457e-07,57,NP_191499.1,GUN4,AT3G59400,63.298
Vitvi12g01809,-0.750289519408583,1.37448227308175e-07,0.0005844298625143,4.85406862553457e-07,42,NP_178391.1,,AT2G02880,61.635
Vitvi05g01650,-0.750289519408583,1.37448227308175e-07,0.0005844298625143,4.85406862553457e-07,18,NP_172059.1,UGT74E2,AT1G05680,53.348
Vitvi12g01776,-0.750289519408583,1.37448227308175e-07,0.0005844298625143,4.85406862553457e-07,51,NP_001330662.1,,AT5G41620,70.588
Vitvi11g04368,0.750289519408583,1.37448227308174e-07,0.0005844298625143,4.85406862553457e-07,4,NP_178042.1,,AT1G79210,91.667
Vitvi12g01939,0.750289519408583,1.37448227308174e-07,0.0005844298625143,4.85406862553457e-07,58,NP_174809.1,,AT1G35710,49.855
Vitvi04g00224,-0.750289519408583,1.37448227308175e-07,0.0005844298625143,4.85406862553457e-07,197,NP_178011.1,VHA-A,AT1G78900,92.777
Vitvi12g02192,-0.750289519408583,1.37448227308175e-07,0.0005844298625143,4.85406862553457e-07,79,NP_193550.1,KCO6,AT4G18160,56.429
Vitvi12g02066,-0.750289519408583,1.37448227308175e-07,0.0005844298625143,4.85406862553457e-07,57,NP_194449.1,,AT4G27190,28.821
Vitvi03g04291,0.750289519408583,1.37448227308174e-07,0.0005844298625143,4.85406862553457e-07,42,NP_196527.1,PPa6,AT5G09650,85.232
Vitvi03g04047,0.750289519408583,1.37448227308174e-07,0.0005844298625143,4.85406862553457e-07,53,NP_190237.1,RPP13,AT3G46530,34.692
Vitvi18g01980,0.750289519408583,1.37448227308174e-07,0.0005844298625143,4.85406862553457e-07,42,NP_173670.2,,AT1G22540,61.854
Vitvi04g04006,0.750289519408583,1.37448227308174e-07,0.0005844298625143,4.85406862553457e-07,13,NP_193521.1,PYR1,AT4G17870,69.048
Vitvi04g04191,0.750289519408583,1.37448227308174e-07,0.0005844298625143,4.85406862553457e-07,18,NP_001031273.1,BGAL17,AT1G72990,62.245
Vitvi04g04012,0.750289519408583,1.37448227308174e-07,0.0005844298625143,4.85406862553457e-07,24,NP_197965.1,,AT5G25930,42.216
Vitvi18g01959,-0.750289519408583,1.37448227308175e-07,0.0005844298625143,4.85406862553457e-07,66,NP_197270.1,,AT5G17680,32.459
Vitvi04g04232,0.750289519408583,1.37448227308174e-07,0.0005844298625143,4.85406862553457e-07,23,NP_001323599.1,XIF,AT2G31900,61.538
Vitvi02g04120,-0.750289519408583,1.37448227308175e-07,0.0005844298625143,4.85406862553457e-07,24,NP_567671.1,,AT4G22840,69.252
Vitvi18g02819,0.750289519408583,1.37448227308174e-07,0.0005844298625143,4.85406862553457e-07,8,NP_177718.1,,AT1G75900,57.357
Vitvi18g02525,0.750289519408583,1.37448227308174e-07,0.0005844298625143,4.85406862553457e-07,16,NP_177851.2,,AT1G77270,31.25
Vitvi18g02695,0.750289519408583,1.37448227308174e-07,0.0005844298625143,4.85406862553457e-07,49,NP_180224.1,PLA2A,AT2G26560,69.403
Vitvi18g02470,0.750289519408583,1.37448227308174e-07,0.0005844298625143,4.85406862553457e-07,6,NP_199052.1,,AT5G42370,65.349
Vitvi02g01526,-0.750289519408583,1.37448227308175e-07,0.0005844298625143,4.85406862553457e-07,8,NP_196728.1,NADP-ME2,AT5G11670,76.904
Vitvi03g04450,0.750289519408583,1.37448227308174e-07,0.0005844298625143,4.85406862553457e-07,42,NP_175439.2,ALATS,AT1G50200,54.795
Vitvi03g04400,0.750289519408583,1.37448227308174e-07,0.0005844298625143,4.85406862553457e-07,47,NP_179027.2,,AT2G14110,63.551
Vitvi12g04597,0.750289519408583,1.37448227308174e-07,0.0005844298625143,4.85406862553457e-07,58,NP_194339.1,RPS2,AT4G26090,29.442
Vitvi18g04291,0.750289519408583,1.37448227308174e-07,0.0005844298625143,4.85406862553457e-07,10,NP_566892.1,,AT3G47570,30.958
Vitvi13g00171,-0.750289519408583,1.37448227308175e-07,0.0005844298625143,4.85406862553457e-07,423,NP_181594.1,,AT2G40620,57.215
Vitvi01g00083,0.750289519408583,1.37448227308174e-07,0.0005844298625143,4.85406862553457e-07,35,NP_187360.1,RPM1,AT3G07040,31.636
Vitvi19g02270,-0.750289519408583,1.37448227308175e-07,0.0005844298625143,4.85406862553457e-07,26,NP_188065.1,,AT3G14470,30.667
Vitvi01g00088,0.750289519408583,1.37448227308174e-07,0.0005844298625143,4.85406862553457e-07,13,NP_188065.1,,AT3G14470,34.249
Vitvi19g02303,-0.750289519408583,1.37448227308175e-07,0.0005844298625143,4.85406862553457e-07,3,NP_567061.1,,AT3G58140,79.487
Vitvi19g04005,-0.750289519408583,1.37448227308175e-07,0.0005844298625143,4.85406862553457e-07,26,NP_001325687.1,,AT3G57060,50.0
Vitvi02g00280,0.750289519408583,1.37448227308174e-07,0.0005844298625143,4.85406862553457e-07,53,NP_199572.1,,AT5G47610,50.658
Vitvi03g00125,-0.750289519408583,1.37448227308175e-07,0.0005844298625143,4.85406862553457e-07,271,NP_195577.2,,AT4G38650,66.604
Vitvi03g00274,-0.750289519408583,1.37448227308175e-07,0.0005844298625143,4.85406862553457e-07,854,NP_201279.1,CESA6,AT5G64740,72.222
Vitvi03g00610,-0.750289519408583,1.37448227308175e-07,0.0005844298625143,4.85406862553457e-07,66,NP_194868.2,CTF7,AT4G31400,49.596
Vitvi18g03385,-0.750289519408583,1.37448227308175e-07,0.0005844298625143,4.85406862553457e-07,4,NP_192737.1,GXM2,AT4G09990,62.752
Vitvi18g03366,-0.750289519408583,1.37448227308175e-07,0.0005844298625143,4.85406862553457e-07,17,NP_192938.1,,AT4G12010,31.609
Vitvi18g04003,-0.750289519408583,1.37448227308175e-07,0.0005844298625143,4.85406862553457e-07,40,NP_001319018.1,WAKL4,AT1G16150,45.559
Vitvi18g04004,0.750289519408583,1.37448227308174e-07,0.0005844298625143,4.85406862553457e-07,10,NP_173549.1,WAK2,AT1G21270,28.662
Vitvi12g04543,-0.750289519408583,1.37448227308175e-07,0.0005844298625143,4.85406862553457e-07,11,NP_849538.2,,AT4G08850,44.477
Vitvi19g04006,0.750289519408583,1.37448227308174e-07,0.0005844298625143,4.85406862553457e-07,62,NP_174268.7,RKF1,AT1G29750,34.247
Vitvi19g04070,-0.750289519408583,1.37448227308175e-07,0.0005844298625143,4.85406862553457e-07,33,NP_200210.1,,AT5G53990,48.163
Vitvi19g04074,-0.750289519408583,1.37448227308175e-07,0.0005844298625143,4.85406862553457e-07,32,NP_001323935.1,,AT2G22930,61.111
Vitvi13g02360,0.750289519408583,1.37448227308174e-07,0.0005844298625143,4.85406862553457e-07,21,NP_188065.1,,AT3G14470,38.131
Vitvi13g00275,0.750289519408583,1.37448227308174e-07,0.0005844298625143,4.85406862553457e-07,4,NP_565908.1,ACR9,AT2G39570,68.523
Vitvi01g01751,0.750289519408583,1.37448227308174e-07,0.0005844298625143,4.85406862553457e-07,73,NP_190723.1,FER,AT3G51550,55.06
Vitvi01g01355,-0.750289519408583,1.37448227308175e-07,0.0005844298625143,4.85406862553457e-07,35,NP_850481.1,TLP3,AT2G47900,57.031
Vitvi13g01903,-0.750289519408583,1.37448227308175e-07,0.0005844298625143,4.85406862553457e-07,153,NP_565934.1,ASG8,AT2G40475,58.696
Vitvi16g00878,-0.748984181297874,1.48529439300901e-07,0.0006315471759074,5.24105540172143e-07,94,NP_568765.1,SBT1.3,AT5G51750,72.374
Vitvi18g01120,-0.748949115488792,1.48838168566799e-07,0.000632859892746,5.24759446721416e-07,407,NP_177706.1,TUB1,AT1G75780,97.917
Vitvi13g04171,-0.748861888108077,1.49608710889654e-07,0.0006361362387028,5.27039137284846e-07,397,,,,
Vitvi11g04331,-0.748744122259241,1.50654856102604e-07,0.0006405844481482,5.27664290072713e-07,9,,,,
Vitvi07g04268,-0.748744122259241,1.50654856102604e-07,0.0006405844481482,5.27664290072713e-07,12,NP_194058.2,CRK19,AT4G23270,42.857
Vitvi10g01746,-0.748744122259241,1.50654856102604e-07,0.0006405844481482,5.27664290072713e-07,127,NP_193881.1,,AT4G21500,46.637
Vitvi18g04189,-0.748744122259241,1.50654856102604e-07,0.0006405844481482,5.27664290072713e-07,5,,,,
Vitvi05g02116,0.748744122259241,1.50654856102604e-07,0.0006405844481482,5.27664290072713e-07,4,NP_193146.1,,AT4G14090,45.395
Vitvi18g01992,-0.748744122259241,1.50654856102604e-07,0.0006405844481482,5.27664290072713e-07,296,NP_173670.2,,AT1G22540,60.512
Vitvi04g00017,-0.748744122259241,1.50654856102604e-07,0.0006405844481482,5.27664290072713e-07,6,NP_197965.1,,AT5G25930,44.408
Vitvi05g01304,0.748050519403322,1.56954374737323e-07,0.000667370001383,5.48373049616349e-07,103,NP_193146.1,,AT4G14090,45.614
Vitvi19g00565,0.748050519403322,1.56954374737323e-07,0.000667370001383,5.48373049616349e-07,10,NP_193962.1,,AT4G22310,71.296
Vitvi15g01518,-0.748050519403322,1.56954374737321e-07,0.000667370001383,5.48373049616349e-07,3,NP_182079.1,CYP76C4,AT2G45550,51.282
Vitvi05g00108,-0.747552690786203,1.61624513603228e-07,0.0006872274318409,5.63763274684926e-07,40,NP_191801.1,BZIP53,AT3G62420,37.179
Vitvi13g02471,-0.747552690786203,1.61624513603228e-07,0.0006872274318409,5.63763274684926e-07,5,NP_188065.1,,AT3G14470,37.856
Vitvi14g00087,-0.746496830038492,1.71956417792608e-07,0.0007311586884541,5.9931040037227e-07,198,NP_173296.3,,AT1G18610,39.542
Vitvi05g04243,0.745986927832182,1.77160876753433e-07,0.0007532880479555,6.07490361254526e-07,51,,,,
Vitvi09g00323,0.745986927832182,1.77160876753433e-07,0.0007532880479555,6.07490361254526e-07,58,NP_196720.1,TINY2,AT5G11590,58.333
Vitvi08g01058,0.745986927832182,1.77160876753433e-07,0.0007532880479555,6.07490361254526e-07,4,NP_181250.1,,AT2G37130,74.426
Vitvi04g00442,0.745986927832182,1.77160876753433e-07,0.0007532880479555,6.07490361254526e-07,41,NP_196703.1,,AT5G11420,77.624
Vitvi13g00172,-0.745986927832182,1.77160876753437e-07,0.0007532880479556,6.07490361254526e-07,93,NP_181593.1,EXPA8,AT2G40610,81.028
Vitvi18g01235,-0.745986927832182,1.77160876753437e-07,0.0007532880479556,6.07490361254526e-07,795,NP_175319.2,TBL7,AT1G48880,61.979
Vitvi03g00717,-0.745986927832182,1.77160876753437e-07,0.0007532880479556,6.07490361254526e-07,262,NP_173229.1,EGY3,AT1G17870,74.871
Vitvi11g00200,-0.745986927832182,1.77160876753437e-07,0.0007532880479556,6.07490361254526e-07,12,NP_200489.2,ET2,AT5G56780,41.566
Vitvi06g00565,-0.745986927832182,1.77160876753437e-07,0.0007532880479556,6.07490361254526e-07,16,NP_200709.2,BSK5,AT5G59010,84.867
Vitvi14g01268,-0.745986927832182,1.77160876753437e-07,0.0007532880479556,6.07490361254526e-07,562,NP_197094.1,TBL19,AT5G15900,50.49
Vitvi11g01295,-0.745986927832182,1.77160876753437e-07,0.0007532880479556,6.07490361254526e-07,213,NP_194308.1,,AT4G25780,53.646
Vitvi19g00280,-0.745986927832182,1.77160876753437e-07,0.0007532880479556,6.07490361254526e-07,834,NP_200249.1,THE1,AT5G54380,75.753
Vitvi01g00801,-0.745986927832182,1.77160876753437e-07,0.0007532880479556,6.07490361254526e-07,7,NP_564753.1,,AT1G60060,68.889
Vitvi08g01221,-0.745986927832182,1.77160876753437e-07,0.0007532880479556,6.07490361254526e-07,210,NP_199143.1,WRKY49,AT5G43290,40.672
Vitvi08g01376,-0.745986927832182,1.77160876753437e-07,0.0007532880479556,6.07490361254526e-07,483,NP_566396.1,NHL1,AT3G11660,58.654
Vitvi08g00841,-0.745986927832182,1.77160876753437e-07,0.0007532880479556,6.07490361254526e-07,104,NP_181384.2,,AT2G38500,43.275
Vitvi16g00741,-0.745986927832182,1.77160876753437e-07,0.0007532880479556,6.07490361254526e-07,338,NP_194256.1,,AT4G25260,46.316
Vitvi14g01763,-0.745986927832182,1.77160876753437e-07,0.0007532880479556,6.07490361254526e-07,20,NP_186799.2,CA1,AT3G01500,69.164
Vitvi14g02491,-0.745986927832182,1.77160876753437e-07,0.0007532880479556,6.07490361254526e-07,207,NP_567230.1,,AT4G02370,46.914
Vitvi10g01107,-0.745986927832182,1.77160876753437e-07,0.0007532880479556,6.07490361254526e-07,416,NP_191055.1,pPLAIIIbeta,AT3G54950,51.765
Vitvi05g01950,0.745766996662678,1.79450154533175e-07,0.000763022057075,6.13326212111968e-07,13,,,,
Vitvi13g04506,-0.745766996662678,1.79450154533177e-07,0.000763022057075,6.13326212111968e-07,15,,,,
Vitvi07g00393,0.745766996662678,1.79450154533175e-07,0.000763022057075,6.13326212111968e-07,24,NP_182268.1,MYB12,AT2G47460,43.032
Vitvi15g01078,-0.745658102622111,1.80593701214531e-07,0.0007678844175641,6.13326212111968e-07,553,NP_171661.1,,AT1G01540,79.13
Vitvi16g00071,-0.745658102622111,1.80593701214531e-07,0.0007678844175641,6.13326212111968e-07,730,NP_001321543.1,CDI,AT1G64980,78.039
Vitvi14g03015,0.745658102622111,1.80593701214528e-07,0.0007678844175641,6.13326212111968e-07,23,NP_187360.1,RPM1,AT3G07040,27.462
Vitvi15g00896,-0.745658102622111,1.80593701214531e-07,0.0007678844175641,6.13326212111968e-07,656,NP_171620.2,KCS1,AT1G01120,75.479
Vitvi19g00261,-0.745658102622111,1.80593701214531e-07,0.0007678844175641,6.13326212111968e-07,772,NP_566516.1,,AT3G15480,64.571
Vitvi09g00184,-0.745658102622111,1.80593701214531e-07,0.0007678844175641,6.13326212111968e-07,478,NP_680446.1,,AT5G56890,59.103
Vitvi06g01226,-0.745658102622111,1.80593701214531e-07,0.0007678844175641,6.13326212111968e-07,141,NP_180255.1,NPC2,AT2G26870,71.984
Vitvi02g01513,-0.745658102622111,1.80593701214531e-07,0.0007678844175641,6.13326212111968e-07,594,NP_565804.1,,AT2G35470,41.916
Vitvi03g00253,-0.745658102622111,1.80593701214531e-07,0.0007678844175641,6.13326212111968e-07,369,NP_567983.1,XCP1,AT4G35350,78.963
Vitvi00g04799,-0.744243775087128,1.96069126299186e-07,0.0008336859250241,6.63723534252229e-07,27,NP_190765.1,ASAT1,AT3G51970,48.397
Vitvi01g00483,0.74411429702662,1.97545236237612e-07,0.0008399623444823,6.63723534252229e-07,4,NP_172939.1,NUDT18,AT1G14860,71.084
Vitvi12g04545,-0.74411429702662,1.9754523623761e-07,0.0008399623444823,6.63723534252229e-07,18,NP_849538.2,,AT4G08850,40.456
Vitvi18g02742,0.74411429702662,1.97545236237612e-07,0.0008399623444823,6.63723534252229e-07,7,NP_177649.1,CYP721A1,AT1G75130,57.32
Vitvi19g00682,-0.74411429702662,1.9754523623761e-07,0.0008399623444823,6.63723534252229e-07,344,NP_200384.1,FLA1,AT5G55730,66.879
Vitvi00g04705,-0.74411429702662,1.9754523623761e-07,0.0008399623444823,6.63723534252229e-07,3,NP_566924.1,,AT3G49720,78.626
Vitvi13g01690,-0.74411429702662,1.9754523623761e-07,0.0008399623444823,6.63723534252229e-07,479,NP_001324585.1,BGLU17,AT2G44480,56.904
Vitvi02g00192,-0.74411429702662,1.9754523623761e-07,0.0008399623444823,6.63723534252229e-07,14,NP_194136.1,,AT4G24050,76.737
Vitvi00g04868,0.74411429702662,1.97545236237612e-07,0.0008399623444823,6.63723534252229e-07,4,NP_172597.3,,AT1G11300,54.913
Vitvi18g00462,0.74411429702662,1.97545236237612e-07,0.0008399623444823,6.63723534252229e-07,10,NP_177367.1,,AT1G72220,44.604
Vitvi13g04520,0.74411429702662,1.97545236237612e-07,0.0008399623444823,6.63723534252229e-07,5,,,,
Vitvi06g00800,-0.74411429702662,1.9754523623761e-07,0.0008399623444823,6.63723534252229e-07,196,NP_181594.1,,AT2G40620,50.255
Vitvi18g00174,0.74411429702662,1.97545236237612e-07,0.0008399623444823,6.63723534252229e-07,22,NP_177731.2,CPK29,AT1G76040,64.062
Vitvi19g04102,-0.7441078911667,1.97618531129662e-07,0.0008402739943633,6.63723534252229e-07,14,,,,
Vitvi04g04312,-0.743828891579298,2.00835219274744e-07,0.0008539513523562,6.73994753240894e-07,20,NP_195207.2,,AT4G34810,63.81
Vitvi01g01826,0.743193048498106,2.08347142635185e-07,0.0008858920504848,6.97552795657327e-07,106,NP_196837.1,Rap2.6L,AT5G13330,53.672
Vitvi17g00556,0.743193048498106,2.08347142635185e-07,0.0008858920504848,6.97552795657327e-07,4,NP_197017.1,WRKY72,AT5G15130,43.293
Vitvi14g00973,0.743193048498106,2.08347142635185e-07,0.0008858920504848,6.97552795657327e-07,77,NP_176821.2,,AT1G66480,54.444
Vitvi12g02721,0.743071818302731,2.09808419839559e-07,0.0008921054011578,6.98048044724422e-07,4,,,,
Vitvi14g00821,-0.743071818302731,2.0980841983956e-07,0.0008921054011578,6.98048044724422e-07,486,NP_176799.2,,AT1G66250,74.214
Vitvi07g02000,0.743071818302731,2.09808419839559e-07,0.0008921054011578,6.98048044724422e-07,22,NP_567052.1,LPAT2,AT3G57650,66.209
Vitvi04g00160,-0.743071818302731,2.0980841983956e-07,0.0008921054011578,6.98048044724422e-07,36,NP_196979.1,MYB66,AT5G14750,55.629
Vitvi18g04733,-0.743071818302731,2.0980841983956e-07,0.0008921054011578,6.98048044724422e-07,140,NP_197270.1,,AT5G17680,36.396
Vitvi17g00838,-0.743071818302731,2.0980841983956e-07,0.0008921054011578,6.98048044724422e-07,15,NP_974735.1,,AT5G05670,58.077
Vitvi13g04697,-0.743071818302731,2.0980841983956e-07,0.0008921054011578,6.98048044724422e-07,3,,,,
Vitvi12g04375,-0.743071818302731,2.0980841983956e-07,0.0008921054011578,6.98048044724422e-07,18,NP_564227.1,,AT1G25275,39.13
Vitvi06g00561,-0.742432466876708,2.17672419839442e-07,0.0009255431291573,7.23080569654146e-07,6,NP_172220.1,,AT1G07400,63.694
Vitvi12g04285,-0.742432466876708,2.17672419839442e-07,0.0009255431291573,7.23080569654146e-07,4,NP_564971.2,,AT1G69550,35.434
Vitvi01g01592,-0.741907710181698,2.24328813078351e-07,0.0009538461132091,7.44029729492315e-07,112,NP_199283.1,GSO2,AT5G44700,35.045
Vitvi06g00412,-0.741907710181698,2.24328813078351e-07,0.0009538461132091,7.44029729492315e-07,14,NP_181221.1,GAMMA-TIP,AT2G36830,77.778
Vitvi03g00995,0.741501517074982,2.2960943634387e-07,0.0009762993233341,7.60950368927618e-07,73,NP_565539.1,NIC1,AT2G22570,63.948
