"geneID","PearsonCorr","Pvals","Padj","FDR","module_size"
"Vitvi00g00859",-0.449874207292219,0.00590725996608227,1,0.0177982846526642,1314
"Vitvi00g01805",-0.178982211503356,0.296273865831986,1,0.332746200349924,23
"Vitvi00g04005",0.670011628443056,7.8317607041287e-06,0.0255080446133472,0.000199237645234959,31
"Vitvi00g04006",-0.640970347085562,2.53619620580653e-05,0.0826039104231188,0.000427042207150535,87
"Vitvi00g04017",-0.545296962533973,0.000583320667650517,1,0.00394984493666888,60
"Vitvi00g04022",0.495072242300581,0.0021423652123623,1,0.0109196924830424,78
"Vitvi00g04024",-0.333777637668421,0.0466511603903606,1,0.0662060258786077,59
"Vitvi00g04030",0.449874207292219,0.00590725996608226,1,0.0177982846526642,40
"Vitvi00g04035",-0.324102923533104,0.0538052002373616,1,0.0735699148501624,43
"Vitvi00g04037",-0.538122002500631,0.00071128356377806,1,0.00462405302839349,56
"Vitvi00g04040",0.36280178007437,0.0296534634974875,1,0.0480982722167914,48
"Vitvi00g04236",-0.40897272190048,0.013263225639686,1,0.0290506562935156,20
"Vitvi00g04250",-0.566821842633998,0.000313017471211837,1,0.00239318756745763,5
"Vitvi00g04274",0.159632783232723,0.352382996354793,1,0.38721707797826,39
"Vitvi00g04275",-0.363027453216601,0.029544663902076,1,0.0480982722167914,63
"Vitvi00g04303",-0.275729352856521,0.103584434864025,1,0.12823052236873,19
"Vitvi00g04313",0.652314954998581,1.62645051497972e-05,0.0529734932728896,0.000353156621819264,21
"Vitvi00g04315",-0.353127065939054,0.0346365270501543,1,0.0535920040866283,506
"Vitvi00g04361",-0.478898349698169,0.00312849885508842,1,0.0114360502480617,172
"Vitvi00g04412",-0.449874207292219,0.00590725996608227,1,0.0177982846526642,5
"Vitvi00g04449",-0.204202942434338,0.232237283745046,1,0.266806643089106,120
"Vitvi00g04463",0.12197432056681,0.478528864785604,1,0.507346521030831,9
"Vitvi00g04498",-0.559646882600657,0.000387017462770897,1,0.002826268780818,26
"Vitvi00g04499",-0.609871602834049,7.8569440725387e-05,0.255900668442585,0.000814970281664284,13
"Vitvi00g04500",-0.670011628443056,7.83176070412865e-06,0.025508044613347,0.000199237645234959,31
"Vitvi00g04501",0.459197442133872,0.00484474340951937,1,0.0157321328861462,27
"Vitvi00g04505",0.0430497602000505,0.803130103881403,1,0.809092096610495,17
"Vitvi00g04508",0.186548960866886,0.275981977380824,1,0.312869230883866,4
"Vitvi00g04522",0.503280624130037,0.00175527745304601,1,0.00932616421626574,18
"Vitvi00g04563",0.36280178007437,0.0296534634974875,1,0.0480982722167914,60
"Vitvi00g04564",-0.430524779021586,0.00876561976487687,1,0.0231295625169395,163
"Vitvi00g04567",-0.440199493156902,0.00721598030084795,1,0.0206887745069206,8
"Vitvi00g04584",-0.538122002500631,0.00071128356377806,1,0.00462405302839349,21
"Vitvi00g04598",-0.478898349698169,0.00312849885508842,1,0.0114360502480617,47
"Vitvi00g04634",0.816811769737353,1.23759826433005e-09,4.03085754692298e-06,1.25964298341343e-07,37
"Vitvi00g04636",-0.39182592248032,0.0181099832764267,1,0.0344332840229548,38
"Vitvi00g04688",0.301348321400354,0.0740899184807143,1,0.0952668237235242,68
"Vitvi00g04696",-0.39182592248032,0.0181099832764267,1,0.0344332840229548,299
"Vitvi00g04704",-0.366103798361678,0.0280939340668688,1,0.0469674045543988,109
"Vitvi00g04706",-0.453784316520752,0.00543946848188138,1,0.0176282078064554,84
"Vitvi00g04707",-0.086099520400101,0.617572007967428,1,0.640379506510638,36
"Vitvi00g04728",-0.67618685082502,5.99900909659352e-06,0.0195387726276051,0.000166998056646197,36
"Vitvi00g04731",-0.149958069097406,0.382692613049351,1,0.415476613567245,36
"Vitvi00g04737",0.512545317706349,0.00139333452431581,1,0.00778403181080035,74
"Vitvi00g04744",-0.411175350750953,0.0127285678576514,1,0.0281254718537114,392
"Vitvi00g04747",-0.469223635562852,0.00389036020229628,1,0.0133659316232901,26
"Vitvi00g04752",-0.14028335496209,0.414476147144056,1,0.445380670157767,66
"Vitvi00g04763",-0.401500636615636,0.0152203400780548,1,0.0309056406697161,76
"Vitvi00g04799",-0.645746403000758,2.10820008752169e-05,0.0686640768505814,0.000373174330709686,192
"Vitvi00g04812",0.420850064886269,0.010590608809886,1,0.0250498278095852,35
"Vitvi00g04860",-0.285404066991838,0.0915479263669638,1,0.114681383145078,983
"Vitvi00g04869",-0.394622801833796,0.0172310183587185,1,0.0344332840229548,12
"Vitvi01g00002",-0.0822350701501905,0.633500208816201,1,0.653981039655901,1423
"Vitvi01g00012",-0.478898349698169,0.00312849885508842,1,0.0114360502480617,81
"Vitvi01g00036",0.394622801833796,0.0172310183587184,1,0.0344332840229548,59
"Vitvi01g00050",-0.353127065939054,0.0346365270501543,1,0.0535920040866283,153
"Vitvi01g00052",-0.382151208345003,0.0214447164072558,1,0.0381669078352089,1678
"Vitvi01g00061",-0.382151208345003,0.0214447164072558,1,0.0381669078352089,861
"Vitvi01g00066",0.566821842633998,0.000313017471211837,1,0.00239318756745763,355
"Vitvi01g00083",-0.052489390246691,0.76110402829041,1,0.768179677763206,121
"Vitvi01g00088",-0.108066391684364,0.530425414343531,1,0.554605320872192,64
"Vitvi01g00095",-0.401797761867138,0.015138125307633,1,0.0309056406697161,10
"Vitvi01g00104",-0.401500636615636,0.0152203400780548,1,0.0309056406697161,951
"Vitvi01g00145",-0.330048161533721,0.0493125080986809,1,0.0685784965317695,601
"Vitvi01g00148",-0.130608640826773,0.447699103241463,1,0.476521561848838,483
"Vitvi01g00160",-0.420850064886269,0.010590608809886,1,0.0250498278095852,452
"Vitvi01g00188",-0.459548921427535,0.00480814938579871,1,0.0156915256007479,46
"Vitvi01g00193",0.401500636615636,0.0152203400780549,1,0.0309056406697161,16
"Vitvi01g00203",-0.266054638721205,0.116785634586865,1,0.143104142907984,6
"Vitvi01g00217",-0.372476494209687,0.0252748166470032,1,0.0426528900618079,72
"Vitvi01g00228",-0.308523281433695,0.0671364837598805,1,0.0880997290918338,196
"Vitvi01g00234",-0.459548921427535,0.00480814938579871,1,0.0156915256007479,116
"Vitvi01g00258",-0.072560356014874,0.67408182426832,1,0.683525685442689,1696
"Vitvi01g00271",0.645746403000758,2.10820008752171e-05,0.0686640768505822,0.000373174330709686,32
"Vitvi01g00280",-0.143499200666835,0.403749780213674,1,0.436736311576199,1438
"Vitvi01g00284",-0.330048161533721,0.0493125080986809,1,0.0685784965317695,1118
"Vitvi01g00286",-0.382151208345003,0.0214447164072558,1,0.0381669078352089,197
"Vitvi01g00291",-0.39182592248032,0.0181099832764267,1,0.0344332840229548,1433
"Vitvi01g00300",0.53094704246729,0.000863545476365851,1,0.00530673135193132,546
"Vitvi01g00317",0.39182592248032,0.0181099832764267,1,0.0344332840229548,15
"Vitvi01g00318",-0.072560356014874,0.67408182426832,1,0.683525685442689,1134
"Vitvi01g00325",-0.624221522900733,4.73386834040076e-05,0.154182091846853,0.000573167627683467,1234
"Vitvi01g00337",-0.365922961700429,0.0281775586427065,1,0.0469674045543988,415
"Vitvi01g00371",-0.420850064886269,0.010590608809886,1,0.0250498278095852,366
"Vitvi01g00394",-0.295078781127154,0.0806150363631191,1,0.102684072520406,70
"Vitvi01g00412",0.372476494209687,0.0252748166470031,1,0.0426528900618079,24
"Vitvi01g00437",0.314428209397787,0.0618077618339936,1,0.0819323892117694,100
"Vitvi01g00441",-0.411175350750953,0.0127285678576514,1,0.0281254718537114,8
"Vitvi01g00463",0.729495716735492,4.48250799599695e-07,0.00145995285429621,2.35476266821969e-05,80
"Vitvi01g00477",-0.478898349698169,0.00312849885508842,1,0.0114360502480617,293
"Vitvi01g00481",-0.440199493156902,0.00721598030084795,1,0.0206887745069206,50
"Vitvi01g00483",-0.478898349698169,0.00312849885508842,1,0.0114360502480617,43
"Vitvi01g00497",-0.337223121567062,0.0442962269402098,1,0.0641497604020735,1073
"Vitvi01g00508",0.663836406061092,1.01620006133771e-05,0.0330976359977693,0.000234806367583199,453
"Vitvi01g00518",-0.159632783232723,0.352382996354793,1,0.38721707797826,1435
"Vitvi01g00521",-0.449874207292219,0.00590725996608227,1,0.0177982846526642,181
"Vitvi01g00541",-0.130608640826773,0.447699103241463,1,0.476521561848838,1653
"Vitvi01g00542",-0.430524779021586,0.00876561976487687,1,0.0231295625169395,1609
"Vitvi01g00555",0.420850064886269,0.010590608809886,1,0.0250498278095852,74
"Vitvi01g00556",0.516597122400606,0.00125690591977388,1,0.00707036715147413,144
"Vitvi01g00557",-0.459548921427535,0.00480814938579871,1,0.0156915256007479,14
"Vitvi01g00558",-0.638571442967416,2.77964224488528e-05,0.0905329479159134,0.000427042207150535,45
"Vitvi01g00593",-0.382151208345003,0.0214447164072558,1,0.0381669078352089,1332
"Vitvi01g00598",-0.39182592248032,0.0181099832764267,1,0.0344332840229548,1530
"Vitvi01g00609",-0.285404066991838,0.0915479263669638,1,0.114681383145078,156
"Vitvi01g00610",-0.120933926691457,0.482316946894032,1,0.50789081669378,1480
"Vitvi01g00612",-0.691230227781763,3.04978550862634e-06,0.009933151401596,9.55110711691923e-05,120
"Vitvi01g00621",0.63533180594592,3.14204180292241e-05,0.102336301521183,0.000475982797772943,4
"Vitvi01g00635",-0.382151208345003,0.0214447164072558,1,0.0381669078352089,546
"Vitvi01g00636",-0.330374397435055,0.049074958737865,1,0.0685784965317695,1134
"Vitvi01g00638",-0.401500636615636,0.0152203400780548,1,0.0309056406697161,1054
"Vitvi01g00639",-0.237030496315255,0.163946637501507,1,0.1952373668528,20
"Vitvi01g00653",0.440199493156902,0.00721598030084792,1,0.0206887745069206,77
"Vitvi01g00656",-0.691230227781763,3.04978550862634e-06,0.009933151401596,9.55110711691923e-05,1346
"Vitvi01g00687",0.478898349698169,0.00312849885508842,1,0.0114360502480617,39
"Vitvi01g00695",-0.401500636615636,0.0152203400780548,1,0.0309056406697161,1130
"Vitvi01g00697",-0.478898349698169,0.00312849885508842,1,0.0114360502480617,87
"Vitvi01g00710",-0.353127065939054,0.0346365270501543,1,0.0535920040866283,1174
"Vitvi01g00739",-0.324102923533104,0.0538052002373616,1,0.0735699148501624,260
"Vitvi01g00742",-0.385951398872728,0.0200786217961855,1,0.037844948605426,40
"Vitvi01g00745",-0.330048161533721,0.0493125080986809,1,0.0685784965317695,1216
"Vitvi01g00747",-0.330048161533721,0.0493125080986809,1,0.0685784965317695,1148
"Vitvi01g00752",0.631396482934074,3.63959573998373e-05,0.11854163325127,0.000483843401025592,21
"Vitvi01g00770",-0.169307497368039,0.323571829826416,1,0.359561054160573,127
"Vitvi01g00784",-0.387447841800455,0.0195609632394898,1,0.0369119682914359,959
"Vitvi01g00799",-0.372476494209687,0.0252748166470032,1,0.0426528900618079,1306
"Vitvi01g00810",-0.330048161533721,0.0493125080986809,1,0.0685784965317695,1346
"Vitvi01g00812",-0.159632783232723,0.352382996354793,1,0.38721707797826,39
"Vitvi01g00813",-0.353127065939054,0.0346365270501543,1,0.0535920040866283,1473
"Vitvi01g00816",-0.308523281433695,0.0671364837598805,1,0.0880997290918338,1305
"Vitvi01g00845",-0.423322641967163,0.0100959760440297,1,0.0250498278095852,53
"Vitvi01g00857",-0.382151208345003,0.0214447164072558,1,0.0381669078352089,4
"Vitvi01g00864",-0.401500636615636,0.0152203400780548,1,0.0309056406697161,758
"Vitvi01g00889",0.420850064886269,0.010590608809886,1,0.0250498278095852,117
"Vitvi01g00900",-0.39182592248032,0.0181099832764267,1,0.0344332840229548,1497
"Vitvi01g00940",0.353127065939054,0.0346365270501542,1,0.0535920040866283,193
"Vitvi01g00944",-0.420850064886269,0.010590608809886,1,0.0250498278095852,69
"Vitvi01g00958",-0.430524779021586,0.00876561976487687,1,0.0231295625169395,437
"Vitvi01g00964",-0.449874207292219,0.00590725996608227,1,0.0177982846526642,93
"Vitvi01g00994",-0.420850064886269,0.010590608809886,1,0.0250498278095852,702
"Vitvi01g00995",-0.0919097842855071,0.593945375886425,1,0.616469117036994,1150
"Vitvi01g01006",0.516597122400606,0.00125690591977388,1,0.00707036715147413,19
"Vitvi01g01016",-0.157849120733519,0.357858909649412,1,0.392704335824843,17
"Vitvi01g01019",0.478898349698169,0.00312849885508842,1,0.0114360502480617,90
"Vitvi01g01021",0.516597122400606,0.00125690591977388,1,0.00707036715147413,139
"Vitvi01g01028",0.382151208345003,0.0214447164072558,1,0.0381669078352089,42
"Vitvi01g01030",0.266054638721205,0.116785634586865,1,0.143104142907984,58
"Vitvi01g01038",0.720382602476694,7.27925607343024e-07,0.00237085370311623,3.28099491738671e-05,215
"Vitvi01g01071",-0.314428209397787,0.0618077618339936,1,0.0819323892117694,6
"Vitvi01g01072",-0.304753495262471,0.0707229426338605,1,0.0913341094997953,67
"Vitvi01g01121",-0.382151208345003,0.0214447164072558,1,0.0381669078352089,1574
"Vitvi01g01134",-0.198331639773989,0.246229438389849,1,0.281294030457994,509
"Vitvi01g01169",-0.60627372330312,8.8871173246986e-05,0.289453411265434,0.000898923637470291,191
"Vitvi01g01258",-0.36280178007437,0.0296534634974876,1,0.0480982722167914,27
"Vitvi01g01282",-0.314428209397787,0.0618077618339936,1,0.0819323892117694,86
"Vitvi01g01284",0.401500636615636,0.0152203400780549,1,0.0309056406697161,23
"Vitvi01g01301",-0.343452351803737,0.0402822983143647,1,0.0593662649818488,35
"Vitvi01g01313",-0.478898349698169,0.00312849885508842,1,0.0114360502480617,25
"Vitvi01g01355",0.401500636615636,0.0152203400780549,1,0.0309056406697161,65
"Vitvi01g01376",-0.129149280600152,0.452832844807881,1,0.480729001153608,1066
"Vitvi01g01434",-0.337223121567062,0.0442962269402098,1,0.0641497604020735,1536
"Vitvi01g01476",0.372476494209687,0.0252748166470031,1,0.0426528900618079,3
"Vitvi01g01507",-0.198331639773989,0.246229438389849,1,0.281294030457994,112
"Vitvi01g01538",0.440199493156902,0.00721598030084792,1,0.0206887745069206,4
"Vitvi01g01557",-0.186548960866886,0.275981977380825,1,0.312869230883866,1143
"Vitvi01g01561",-0.632960294151274,3.43391503021161e-05,0.111842612533992,0.000483843401025592,823
"Vitvi01g01578",-0.629625739172543,3.88591668087226e-05,0.12656430629601,0.000514489049983779,100
"Vitvi01g01591",-0.411175350750953,0.0127285678576514,1,0.0281254718537114,1186
"Vitvi01g01611",0.262446951233455,0.122018436366275,1,0.149347631433656,36
"Vitvi01g01640",-0.344398081600404,0.0396995102296854,1,0.0593662649818488,1561
"Vitvi01g01641",-0.159632783232723,0.352382996354793,1,0.38721707797826,1438
"Vitvi01g01644",-0.449874207292219,0.00590725996608227,1,0.0177982846526642,12
"Vitvi01g01657",-0.072560356014874,0.67408182426832,1,0.683525685442689,1465
"Vitvi01g01680",0.538122002500631,0.00071128356377806,1,0.00462405302839349,472
"Vitvi01g01684",0.449874207292219,0.00590725996608226,1,0.0177982846526642,45
"Vitvi01g01701",-0.680045926730293,5.0621015919155e-06,0.0164872648848688,0.000142131593835076,53
"Vitvi01g01714",-0.372476494209687,0.0252748166470032,1,0.0426528900618079,1086
"Vitvi01g01727",-0.353127065939054,0.0346365270501543,1,0.0535920040866283,92
"Vitvi01g01728",0.246705210450572,0.146913319045593,1,0.176306809186255,16
"Vitvi01g01751",0.273899878774293,0.105989645774697,1,0.131158159683962,150
"Vitvi01g01752",-0.0645746403000758,0.708281518292139,1,0.716420156856365,130
"Vitvi01g01753",-0.36280178007437,0.0296534634974876,1,0.0480982722167914,4
"Vitvi01g01761",-0.444847522067189,0.00655916257134087,1,0.0196172566527614,324
"Vitvi01g01782",-0.072560356014874,0.67408182426832,1,0.683525685442689,1675
"Vitvi01g01791",0.523772082433948,0.00104397040540408,1,0.00610450917486732,47
"Vitvi01g01799",-0.149958069097406,0.382692613049351,1,0.415476613567245,267
"Vitvi01g01806",-0.39182592248032,0.0181099832764267,1,0.0344332840229548,1652
"Vitvi01g01826",0.552471922567315,0.000476236747738389,1,0.00333570556426652,481
"Vitvi01g01835",-0.36280178007437,0.0296534634974876,1,0.0480982722167914,356
"Vitvi01g01844",0.420850064886269,0.010590608809886,1,0.0250498278095852,274
"Vitvi01g01852",-0.114799360533468,0.504965768061545,1,0.530882345570191,99
"Vitvi01g01902",-0.36280178007437,0.0296534634974876,1,0.0480982722167914,11
"Vitvi01g01907",-0.237030496315255,0.163946637501507,1,0.1952373668528,429
"Vitvi01g01932",-0.324102923533104,0.0538052002373616,1,0.0735699148501624,7
"Vitvi01g01958",0.495072242300581,0.0021423652123623,1,0.0109196924830424,553
"Vitvi01g01982",-0.478898349698169,0.00312849885508842,1,0.0114360502480617,24
"Vitvi01g01990",-0.411175350750953,0.0127285678576514,1,0.0281254718537114,81
"Vitvi01g01998",0.444847522067189,0.00655916257134087,1,0.0196172566527614,61
"Vitvi01g02001",0.382151208345003,0.0214447164072558,1,0.0381669078352089,668
"Vitvi01g02003",-0.552471922567315,0.000476236747738388,1,0.00333570556426652,9
"Vitvi01g02013",-0.217681068044622,0.202185093959942,1,0.235268614157747,386
"Vitvi01g02020",-0.208006353909306,0.223466571725695,1,0.256911621641577,416
"Vitvi01g02030",-0.440199493156902,0.00721598030084795,1,0.0206887745069206,174
"Vitvi01g02047",-0.198530638477829,0.245746157469947,1,0.281294030457994,75
"Vitvi01g02051",-0.285404066991838,0.0915479263669638,1,0.114681383145078,16
"Vitvi01g02061",0.420850064886269,0.010590608809886,1,0.0250498278095852,33
"Vitvi01g02072",0.545296962533973,0.000583320667650517,1,0.00394984493666888,141
"Vitvi01g02097",-0.178982211503356,0.296273865831986,1,0.332746200349924,397
"Vitvi01g02099",0.478898349698169,0.00312849885508842,1,0.0114360502480617,29
"Vitvi01g02201",-0.179374000833544,0.295200389027218,1,0.332746200349924,28
"Vitvi01g02242",0.641747934815853,2.46154066268745e-05,0.0801723793837301,0.000427042207150535,114
"Vitvi01g02254",0.615682368648623,6.41873880190985e-05,0.209058322778204,0.000711082730538112,58
"Vitvi01g02274",-0.149958069097406,0.382692613049351,1,0.415476613567245,186
"Vitvi01g02299",-0.333777637668421,0.0466511603903606,1,0.0662060258786077,5
"Vitvi01g04002",-0.367425731726837,0.0274888133415333,1,0.0463171572961065,92
"Vitvi01g04052",-0.577383292713601,0.000226988801827679,0.739302527552749,0.00186222299131675,46
"Vitvi01g04056",-0.701115533676863,1.91214561505384e-06,0.00622785826823034,6.36013861536515e-05,162
"Vitvi01g04080",0.478898349698169,0.00312849885508842,1,0.0114360502480617,51
"Vitvi01g04082",-0.631396482934074,3.63959573998368e-05,0.118541633251268,0.000483843401025592,933
"Vitvi01g04096",-0.478898349698169,0.00312849885508842,1,0.0114360502480617,18
"Vitvi01g04109",0.602582743783759,0.000100689603007755,0.327946036996258,0.000981874362264253,512
"Vitvi01g04115",0.707062962734838,1.43083923232173e-06,0.00466024337967188,5.23622851648538e-05,73
"Vitvi01g04132",0.657661183679129,1.31078878160574e-05,0.042692390616899,0.000290424425965299,17
"Vitvi01g04159",-0.304753495262471,0.0707229426338605,1,0.0913341094997953,8
"Vitvi01g04170",0.430524779021586,0.00876561976487691,1,0.0231295625169395,14
"Vitvi01g04175",-0.256379924585888,0.131210130347675,1,0.158807653118684,147
"Vitvi01g04185",-0.440199493156902,0.00721598030084795,1,0.0206887745069206,325
"Vitvi01g04190",0.401797761867138,0.015138125307633,1,0.0309056406697161,12
"Vitvi01g04191",-0.470615152198292,0.0037717416012508,1,0.0133659316232901,117
"Vitvi01g04204",-0.308523281433695,0.0671364837598805,1,0.0880997290918338,758
"Vitvi01g04205",-0.382151208345003,0.0214447164072558,1,0.0381669078352089,199
"Vitvi01g04206",-0.337223121567062,0.0442962269402098,1,0.0641497604020735,27
"Vitvi01g04207",-0.317289958580121,0.0593484725616036,1,0.0802399232599182,118
"Vitvi01g04261",0.602696642800707,0.000100304716366617,0.32669246120607,0.000981874362264253,441
"Vitvi01g04267",-0.315698241467037,0.0607065836515666,1,0.0815345744136711,1106
"Vitvi01g04325",-0.478898349698169,0.00312849885508842,1,0.0114360502480617,176
"Vitvi01g04343",-0.333777637668421,0.0466511603903606,1,0.0662060258786077,37
"Vitvi01g04364",-0.353127065939054,0.0346365270501543,1,0.0535920040866283,7
"Vitvi01g04413",-0.459548921427535,0.00480814938579871,1,0.0156915256007479,105
"Vitvi01g04414",0.478898349698169,0.00312849885508842,1,0.0114360502480617,54
"Vitvi01g04416",-0.478898349698169,0.00312849885508842,1,0.0114360502480617,171
"Vitvi01g04419",0.478898349698169,0.00312849885508842,1,0.0114360502480617,60
"Vitvi01g04423",0.411175350750953,0.0127285678576514,1,0.0281254718537114,64
"Vitvi01g04428",0.420850064886269,0.010590608809886,1,0.0250498278095852,64
"Vitvi01g04468",-0.351573041633746,0.0354971658889758,1,0.0544579695244439,742
"Vitvi02g00014",-0.336549619817019,0.0447488591013894,1,0.0646041817789119,1529
"Vitvi02g00017",-0.420850064886269,0.010590608809886,1,0.0250498278095852,1520
"Vitvi02g00022",-0.382151208345003,0.0214447164072558,1,0.0381669078352089,1434
"Vitvi02g00032",-0.745986927832182,1.77160876753437e-07,0.000577012975585943,1.13139799134499e-05,1042
"Vitvi02g00051",-0.169307497368039,0.323571829826416,1,0.359561054160573,387
"Vitvi02g00056",0.707062962734838,1.43083923232173e-06,0.00466024337967188,5.23622851648538e-05,52
"Vitvi02g00069",-0.169307497368039,0.323571829826416,1,0.359561054160573,241
"Vitvi02g00070",-0.344398081600404,0.0396995102296854,1,0.0593662649818488,536
"Vitvi02g00086",-0.686105636929664,3.85737206962768e-06,0.0125634608307773,0.000114213280279794,83
"Vitvi02g00091",-0.315698241467037,0.0607065836515666,1,0.0815345744136711,1312
"Vitvi02g00093",0.509422162367264,0.00150722386046954,1,0.00810070645800213,10
"Vitvi02g00108",-0.24394864113362,0.151628904334241,1,0.181631239947269,76
"Vitvi02g00114",-0.372476494209687,0.0252748166470032,1,0.0426528900618079,9
"Vitvi02g00116",-0.330048161533721,0.0493125080986809,1,0.0685784965317695,1018
"Vitvi02g00118",-0.39182592248032,0.0181099832764267,1,0.0344332840229548,1793
"Vitvi02g00125",-0.072560356014874,0.67408182426832,1,0.683525685442689,999
"Vitvi02g00136",0.36280178007437,0.0296534634974875,1,0.0480982722167914,43
"Vitvi02g00147",-0.344398081600404,0.0396995102296854,1,0.0593662649818488,897
"Vitvi02g00162",0.373600954108801,0.024802525353346,1,0.0426528900618079,25
"Vitvi02g00192",-0.314428209397787,0.0618077618339936,1,0.0819323892117694,214
"Vitvi02g00226",0.343452351803737,0.0402822983143647,1,0.0593662649818488,198
"Vitvi02g00239",-0.380272881767113,0.0221479552944204,1,0.0390768637020191,1270
"Vitvi02g00242",-0.466372402167214,0.00414355138051985,1,0.0141462755202863,87
"Vitvi02g00258",0.343452351803737,0.0402822983143647,1,0.0593662649818488,107
"Vitvi02g00260",0.39182592248032,0.0181099832764267,1,0.0344332840229548,182
"Vitvi02g00263",0.559646882600657,0.000387017462770901,1,0.002826268780818,653
"Vitvi02g00273",0.478898349698169,0.00312849885508842,1,0.0114360502480617,7
"Vitvi02g00289",-0.188656925638672,0.270494358476957,1,0.307182749497716,367
"Vitvi02g00295",0.333777637668421,0.0466511603903606,1,0.0662060258786077,17
"Vitvi02g00303",-0.372476494209687,0.0252748166470032,1,0.0426528900618079,1404
"Vitvi02g00327",-0.382151208345003,0.0214447164072558,1,0.0381669078352089,673
"Vitvi02g00340",-0.179374000833544,0.295200389027218,1,0.332746200349924,1156
"Vitvi02g00346",-0.351573041633746,0.0354971658889758,1,0.0544579695244439,1555
"Vitvi02g00348",-0.430524779021586,0.00876561976487687,1,0.0231295625169395,24
"Vitvi02g00370",-0.322873201500379,0.054773977481723,1,0.0742400518759766,87
"Vitvi02g00378",0.0358748001667088,0.835448380963963,1,0.841129946460473,45
"Vitvi02g00380",0.420850064886269,0.010590608809886,1,0.0250498278095852,36
"Vitvi02g00393",-0.36280178007437,0.0296534634974876,1,0.0480982722167914,3
"Vitvi02g00409",-0.372476494209687,0.0252748166470032,1,0.0426528900618079,763
"Vitvi02g00416",-0.372476494209687,0.0252748166470032,1,0.0426528900618079,1584
"Vitvi02g00424",0.39182592248032,0.0181099832764267,1,0.0344332840229548,36
"Vitvi02g00429",0.765272461703634,5.45013395592628e-08,0.000177510862944519,4.551560588321e-06,469
"Vitvi02g00435",-0.351573041633746,0.0354971658889758,1,0.0544579695244439,136
"Vitvi02g00436",0.617046562867391,6.11763032283901e-05,0.199251219614867,0.000694255120609296,19
"Vitvi02g00446",0.748744122259241,1.50654856102604e-07,0.000490682866326182,1.00139360474731e-05,366
"Vitvi02g00449",-0.410652288400583,0.0128538560722654,1,0.028363827389816,80
"Vitvi02g00450",-0.382151208345003,0.0214447164072558,1,0.0381669078352089,1305
"Vitvi02g00476",-0.358748001667088,0.0316645308614795,1,0.0507286655267283,1412
"Vitvi02g00508",-0.372476494209687,0.0252748166470032,1,0.0426528900618079,1018
"Vitvi02g00510",-0.372476494209687,0.0252748166470032,1,0.0426528900618079,293
"Vitvi02g00511",-0.072560356014874,0.67408182426832,1,0.683525685442689,1570
"Vitvi02g00512",0.401797761867138,0.015138125307633,1,0.0309056406697161,43
"Vitvi02g00547",-0.420850064886269,0.010590608809886,1,0.0250498278095852,165
"Vitvi02g00560",-0.420850064886269,0.010590608809886,1,0.0250498278095852,912
"Vitvi02g00565",-0.353127065939054,0.0346365270501543,1,0.0535920040866283,1429
"Vitvi02g00567",-0.430524779021586,0.00876561976487687,1,0.0231295625169395,1409
"Vitvi02g00575",0.617046562867391,6.11763032283901e-05,0.199251219614867,0.000694255120609296,8
"Vitvi02g00605",0.487897282267239,0.00253992909673463,1,0.0114360502480617,265
"Vitvi02g00629",-0.353127065939054,0.0346365270501543,1,0.0535920040866283,1043
"Vitvi02g00666",-0.603724212271567,9.68917985301288e-05,0.315576587812629,0.000977017299729503,112
"Vitvi02g00673",0.609871602834049,7.8569440725387e-05,0.255900668442585,0.000814970281664284,4
"Vitvi02g00682",-0.330048161533721,0.0493125080986809,1,0.0685784965317695,854
"Vitvi02g00695",0.188656925638672,0.270494358476957,1,0.307182749497716,32
"Vitvi02g00701",-0.311848730289164,0.064092854393685,1,0.0847889629407928,690
"Vitvi02g00702",0.372476494209687,0.0252748166470031,1,0.0426528900618079,635
"Vitvi02g00705",0.401500636615636,0.0152203400780549,1,0.0309056406697161,4
"Vitvi02g00721",0.440199493156902,0.00721598030084792,1,0.0206887745069206,116
"Vitvi02g00726",-0.372476494209687,0.0252748166470032,1,0.0426528900618079,953
"Vitvi02g00790",-0.401500636615636,0.0152203400780548,1,0.0309056406697161,37
"Vitvi02g00999",-0.430524779021586,0.00876561976487687,1,0.0231295625169395,610
"Vitvi02g01001",0.324102923533104,0.0538052002373616,1,0.0735699148501624,302
"Vitvi02g01003",0.0358748001667088,0.835448380963963,1,0.841129946460473,13
"Vitvi02g01004",-0.275729352856521,0.103584434864025,1,0.12823052236873,11
"Vitvi02g01113",-0.401500636615636,0.0152203400780548,1,0.0309056406697161,252
"Vitvi02g01179",0.00717496003334175,0.966872634784008,1,0.968359216325804,31
"Vitvi02g01215",-0.39182592248032,0.0181099832764267,1,0.0344332840229548,941
"Vitvi02g01227",0.478898349698169,0.00312849885508842,1,0.0114360502480617,115
"Vitvi02g01270",0.440199493156902,0.00721598030084792,1,0.0206887745069206,4
"Vitvi02g01279",-0.469223635562852,0.00389036020229628,1,0.0133659316232901,3
"Vitvi02g01288",0.420850064886269,0.010590608809886,1,0.0250498278095852,785
"Vitvi02g01319",-0.36280178007437,0.0296534634974876,1,0.0480982722167914,16
"Vitvi02g01323",-0.478898349698169,0.00312849885508842,1,0.0114360502480617,229
"Vitvi02g01324",-0.645746403000758,2.10820008752169e-05,0.0686640768505814,0.000373174330709686,126
"Vitvi02g01339",-0.39182592248032,0.0181099832764267,1,0.0344332840229548,3
"Vitvi02g01341",0.478898349698169,0.00312849885508842,1,0.0114360502480617,585
"Vitvi02g01344",-0.450753550378434,0.00579914716699949,1,0.0177982846526642,68
"Vitvi02g01349",0.411175350750953,0.0127285678576514,1,0.0281254718537114,15
"Vitvi02g01355",-0.819760771205674,9.62256253728296e-10,3.13406861839306e-06,1.20541100707425e-07,308
"Vitvi02g01358",-0.295078781127154,0.0806150363631191,1,0.102684072520406,14
"Vitvi02g01360",-0.688537295588947,3.4525245843369e-06,0.0112448725711853,0.000103163968542984,20
"Vitvi02g01381",-0.169307497368039,0.323571829826416,1,0.359561054160573,237
"Vitvi02g01403",-0.285404066991838,0.0915479263669638,1,0.114681383145078,22
"Vitvi02g01404",-0.343452351803737,0.0402822983143647,1,0.0593662649818488,84
"Vitvi02g01405",-0.469223635562852,0.00389036020229628,1,0.0133659316232901,106
"Vitvi02g01407",-0.324102923533104,0.0538052002373616,1,0.0735699148501624,14
"Vitvi02g01411",0.382151208345003,0.0214447164072558,1,0.0381669078352089,57
"Vitvi02g01440",0.430524779021586,0.00876561976487691,1,0.0231295625169395,217
"Vitvi02g01479",-0.343452351803737,0.0402822983143647,1,0.0593662649818488,130
"Vitvi02g01486",-0.330048161533721,0.0493125080986809,1,0.0685784965317695,1104
"Vitvi02g01507",-0.294173361367012,0.0815930785914507,1,0.10340414668185,12
"Vitvi02g01526",-0.478898349698169,0.00312849885508842,1,0.0114360502480617,41
"Vitvi02g01559",-0.344398081600404,0.0396995102296854,1,0.0593662649818488,688
"Vitvi02g01621",-0.546507180803783,0.00056388190945942,1,0.00389102410828248,89
"Vitvi02g01817",-0.430524779021586,0.00876561976487687,1,0.0231295625169395,26
"Vitvi02g04035",-0.638571442967416,2.77964224488528e-05,0.0905329479159134,0.000427042207150535,244
"Vitvi02g04072",-0.169307497368039,0.323571829826416,1,0.359561054160573,224
"Vitvi02g04096",0.420850064886269,0.010590608809886,1,0.0250498278095852,18
"Vitvi02g04106",0.663836406061092,1.01620006133771e-05,0.0330976359977693,0.000234806367583199,424
"Vitvi02g04111",0.631396482934074,3.63959573998373e-05,0.11854163325127,0.000483843401025592,21
"Vitvi02g04120",-0.459548921427535,0.00480814938579871,1,0.0156915256007479,68
"Vitvi02g04123",-0.333777637668421,0.0466511603903606,1,0.0662060258786077,311
"Vitvi02g04134",0.257628598847107,0.129277690218633,1,0.157699414622505,137
"Vitvi02g04135",0.252204838871378,0.137826830511732,1,0.166568455278928,144
"Vitvi02g04136",-0.130608640826773,0.447699103241463,1,0.476521561848838,26
"Vitvi02g04144",0.440199493156902,0.00721598030084792,1,0.0206887745069206,25
"Vitvi02g04155",-0.552471922567315,0.000476236747738388,1,0.00333570556426652,280
"Vitvi02g04187",-0.401500636615636,0.0152203400780548,1,0.0309056406697161,1921
"Vitvi02g04218",0.401500636615636,0.0152203400780549,1,0.0309056406697161,33
"Vitvi02g04226",0.419187995675658,0.0109345409920775,1,0.0258258158166762,34
"Vitvi02g04302",-0.314428209397787,0.0618077618339936,1,0.0819323892117694,8
"Vitvi02g04303",-0.353127065939054,0.0346365270501543,1,0.0535920040866283,3
"Vitvi02g04347",0.401500636615636,0.0152203400780549,1,0.0309056406697161,3
"Vitvi03g00009",-0.14028335496209,0.414476147144056,1,0.445380670157767,374
"Vitvi03g00028",-0.36280178007437,0.0296534634974876,1,0.0480982722167914,1626
"Vitvi03g00052",-0.559646882600657,0.000387017462770897,1,0.002826268780818,76
"Vitvi03g00054",-0.39182592248032,0.0181099832764267,1,0.0344332840229548,1258
"Vitvi03g00057",-0.314428209397787,0.0618077618339936,1,0.0819323892117694,28
"Vitvi03g00077",0.324102923533104,0.0538052002373616,1,0.0735699148501624,3
"Vitvi03g00088",-0.39182592248032,0.0181099832764267,1,0.0344332840229548,1656
"Vitvi03g00119",0.0277885007188364,0.87218974969768,1,0.876766053939921,9
"Vitvi03g00120",-0.353127065939054,0.0346365270501543,1,0.0535920040866283,819
"Vitvi03g00122",-0.178982211503356,0.296273865831986,1,0.332746200349924,28
"Vitvi03g00124",-0.0919097842855071,0.593945375886425,1,0.616469117036994,845
"Vitvi03g00125",-0.330374397435055,0.049074958737865,1,0.0685784965317695,1098
"Vitvi03g00175",-0.169307497368039,0.323571829826416,1,0.359561054160573,264
"Vitvi03g00208",-0.229598721066936,0.177963822871192,1,0.211234756228671,378
"Vitvi03g00221",-0.353127065939054,0.0346365270501543,1,0.0535920040866283,910
"Vitvi03g00223",-0.372476494209687,0.0252748166470032,1,0.0426528900618079,1666
"Vitvi03g00227",-0.411175350750953,0.0127285678576514,1,0.0281254718537114,1514
"Vitvi03g00248",0.411175350750953,0.0127285678576514,1,0.0281254718537114,90
"Vitvi03g00251",-0.351573041633746,0.0354971658889758,1,0.0544579695244439,1731
"Vitvi03g00253",-0.159632783232723,0.352382996354793,1,0.38721707797826,1181
"Vitvi03g00274",-0.39182592248032,0.0181099832764267,1,0.0344332840229548,1801
"Vitvi03g00312",0.53094704246729,0.000863545476365851,1,0.00530673135193132,658
"Vitvi03g00315",-0.617046562867391,6.11763032283906e-05,0.199251219614868,0.000694255120609296,1067
"Vitvi03g00318",-0.700887740352874,1.93323218581868e-06,0.00629653722921144,6.36013861536515e-05,3
"Vitvi03g00325",-0.497105401748074,0.00204011412841992,1,0.0105638342070964,3
"Vitvi03g00328",-0.382151208345003,0.0214447164072558,1,0.0381669078352089,450
"Vitvi03g00340",-0.420850064886269,0.010590608809886,1,0.0250498278095852,1608
"Vitvi03g00352",-0.401500636615636,0.0152203400780548,1,0.0309056406697161,908
"Vitvi03g00353",0.00483735706765827,0.97766219032354,1,0.977962455124008,4
"Vitvi03g00380",-0.382151208345003,0.0214447164072558,1,0.0381669078352089,72
"Vitvi03g00388",-0.330374397435055,0.049074958737865,1,0.0685784965317695,1370
"Vitvi03g00407",0.322873201500379,0.054773977481723,1,0.0742400518759766,44
"Vitvi03g00413",-0.315698241467037,0.0607065836515666,1,0.0815345744136711,1122
"Vitvi03g00426",0.516597122400606,0.00125690591977388,1,0.00707036715147413,845
"Vitvi03g00433",0.478898349698169,0.00312849885508842,1,0.0114360502480617,3
"Vitvi03g00447",-0.188656925638672,0.270494358476957,1,0.307182749497716,208
"Vitvi03g00481",0.178982211503356,0.296273865831986,1,0.332746200349924,3
"Vitvi03g00482",-0.39182592248032,0.0181099832764267,1,0.0344332840229548,1614
"Vitvi03g00500",0.14028335496209,0.414476147144056,1,0.445380670157767,77
"Vitvi03g00508",0.430524779021586,0.00876561976487691,1,0.0231295625169395,116
"Vitvi03g00516",-0.072560356014874,0.67408182426832,1,0.683525685442689,888
"Vitvi03g00517",-0.14028335496209,0.414476147144056,1,0.445380670157767,1230
"Vitvi03g00527",0.420850064886269,0.010590608809886,1,0.0250498278095852,680
"Vitvi03g00535",-0.11125921255614,0.518275138427944,1,0.54207518492608,1759
"Vitvi03g00537",-0.401500636615636,0.0152203400780548,1,0.0309056406697161,1439
"Vitvi03g00542",-0.365922961700429,0.0281775586427065,1,0.0469674045543988,32
"Vitvi03g00547",0.420850064886269,0.010590608809886,1,0.0250498278095852,342
"Vitvi03g00553",-0.373600954108801,0.024802525353346,1,0.0426528900618079,1697
"Vitvi03g00569",-0.344398081600404,0.0396995102296854,1,0.0593662649818488,88
"Vitvi03g00581",-0.150674160700177,0.380398322087054,1,0.415476613567245,1296
"Vitvi03g00597",-0.353127065939054,0.0346365270501543,1,0.0535920040866283,1075
"Vitvi03g00610",-0.175841422651791,0.304969453456599,1,0.342394177838036,116
"Vitvi03g00613",0.333777637668421,0.0466511603903606,1,0.0662060258786077,45
"Vitvi03g00614",-0.449874207292219,0.00590725996608227,1,0.0177982846526642,144
"Vitvi03g00626",-0.120933926691457,0.482316946894032,1,0.50789081669378,1630
"Vitvi03g00638",-0.246705210450572,0.146913319045593,1,0.176306809186255,103
"Vitvi03g00645",0.420850064886269,0.010590608809886,1,0.0250498278095852,10
"Vitvi03g00661",0.172199040800202,0.315254149597003,1,0.353453619703077,47
"Vitvi03g00673",-0.440199493156902,0.00721598030084795,1,0.0206887745069206,540
"Vitvi03g00675",-0.072560356014874,0.67408182426832,1,0.683525685442689,1568
"Vitvi03g00677",-0.330374397435055,0.049074958737865,1,0.0685784965317695,1406
"Vitvi03g00691",0.324199175053092,0.0537299532675185,1,0.0735699148501624,28
"Vitvi03g00692",-0.6636595629116,1.02371827438791e-05,0.0333425041968142,0.000234806367583199,402
"Vitvi03g00702",-0.437672562033847,0.00759614356666715,1,0.0215698688723931,323
"Vitvi03g00708",-0.159632783232723,0.352382996354793,1,0.38721707797826,174
"Vitvi03g00717",-0.609871602834049,7.8569440725387e-05,0.255900668442585,0.000814970281664284,1093
"Vitvi03g00726",-0.169307497368039,0.323571829826416,1,0.359561054160573,149
"Vitvi03g00735",-0.101584498420824,0.555509279837126,1,0.579344772471828,704
"Vitvi03g00737",-0.24394864113362,0.151628904334241,1,0.181631239947269,185
"Vitvi03g00745",-0.430497602000505,0.00877034378520732,1,0.0231295625169395,51
"Vitvi03g00752",0.657661183679129,1.31078878160574e-05,0.042692390616899,0.000290424425965299,66
"Vitvi03g00783",0.430524779021586,0.00876561976487691,1,0.0231295625169395,8
"Vitvi03g00786",-0.480722322233897,0.00300044009732611,1,0.0114360502480617,79
"Vitvi03g00841",0.333777637668421,0.0466511603903606,1,0.0662060258786077,89
"Vitvi03g00860",0.430497602000505,0.00877034378520732,1,0.0231295625169395,60
"Vitvi03g00886",0.624221522900733,4.73386834040072e-05,0.154182091846851,0.000573167627683467,21
"Vitvi03g00936",-0.596032931351327,0.000125192354329375,0.407751498050773,0.00113605670712579,155
"Vitvi03g00954",-0.36280178007437,0.0296534634974876,1,0.0480982722167914,14
"Vitvi03g01016",-0.478579734602183,0.00315134965383133,1,0.0114937803163815,214
"Vitvi03g01059",0.14028335496209,0.414476147144056,1,0.445380670157767,11
"Vitvi03g01198",0.256379924585888,0.131210130347675,1,0.158807653118684,14
"Vitvi03g01200",0.602582743783759,0.000100689603007755,0.327946036996258,0.000981874362264253,89
"Vitvi03g01255",-0.130608640826773,0.447699103241463,1,0.476521561848838,911
"Vitvi03g01258",-0.688537295588947,3.4525245843369e-06,0.0112448725711853,0.000103163968542984,43
"Vitvi03g01292",0.552471922567315,0.000476236747738389,1,0.00333570556426652,22
"Vitvi03g01294",0.394622801833796,0.0172310183587184,1,0.0344332840229548,48
"Vitvi03g01302",-0.120933926691457,0.482316946894032,1,0.50789081669378,1042
"Vitvi03g01303",-0.227355782179939,0.182356808244462,1,0.214572299296319,132
"Vitvi03g01346",0.285404066991838,0.0915479263669639,1,0.114681383145078,60
"Vitvi03g01348",-0.478898349698169,0.00312849885508842,1,0.0114360502480617,600
"Vitvi03g01350",-0.478898349698169,0.00312849885508842,1,0.0114360502480617,897
"Vitvi03g01351",-0.39182592248032,0.0181099832764267,1,0.0344332840229548,24
"Vitvi03g01353",-0.622232181081055,5.08592315170758e-05,0.165648517051116,0.000604556631573421,1012
"Vitvi03g01364",-0.411175350750953,0.0127285678576514,1,0.0281254718537114,5
"Vitvi03g01367",-0.330048161533721,0.0493125080986809,1,0.0685784965317695,32
"Vitvi03g01380",-0.382151208345003,0.0214447164072558,1,0.0381669078352089,67
"Vitvi03g01388",-0.330048161533721,0.0493125080986809,1,0.0685784965317695,1395
"Vitvi03g01395",0.478898349698169,0.00312849885508842,1,0.0114360502480617,67
"Vitvi03g01433",-0.473547362200556,0.00353201719882765,1,0.0126137938778308,129
"Vitvi03g01449",0.420850064886269,0.010590608809886,1,0.0250498278095852,37
"Vitvi03g01450",-0.411175350750953,0.0127285678576514,1,0.0281254718537114,334
"Vitvi03g01454",0.449874207292219,0.00590725996608226,1,0.0177982846526642,26
"Vitvi03g01467",-0.39182592248032,0.0181099832764267,1,0.0344332840229548,15
"Vitvi03g01470",-0.382151208345003,0.0214447164072558,1,0.0381669078352089,312
"Vitvi03g01471",-0.420850064886269,0.010590608809886,1,0.0250498278095852,109
"Vitvi03g01477",-0.638571442967416,2.77964224488528e-05,0.0905329479159134,0.000427042207150535,765
"Vitvi03g01490",-0.314428209397787,0.0618077618339936,1,0.0819323892117694,3
"Vitvi03g01500",-0.411175350750953,0.0127285678576514,1,0.0281254718537114,954
"Vitvi03g01531",0.497785744864844,0.00200686623174575,1,0.0104248218768675,17
"Vitvi03g01566",-0.478898349698169,0.00312849885508842,1,0.0114360502480617,159
"Vitvi03g01571",-0.527981513657892,0.000934466565928765,1,0.00571023940943716,9
"Vitvi03g01572",0.449874207292219,0.00590725996608226,1,0.0177982846526642,57
"Vitvi03g01618",-0.401500636615636,0.0152203400780548,1,0.0309056406697161,11
"Vitvi03g01621",-0.188656925638672,0.270494358476957,1,0.307182749497716,112
"Vitvi03g01622",-0.401500636615636,0.0152203400780548,1,0.0309056406697161,401
"Vitvi03g01695",0.449874207292219,0.00590725996608226,1,0.0177982846526642,3
"Vitvi03g01727",-0.39182592248032,0.0181099832764267,1,0.0344332840229548,801
"Vitvi03g01759",-0.39182592248032,0.0181099832764267,1,0.0344332840229548,963
"Vitvi03g01763",-0.382151208345003,0.0214447164072558,1,0.0381669078352089,1179
"Vitvi03g01769",-0.487897282267239,0.00253992909673463,1,0.0114360502480617,23
"Vitvi03g01809",-0.866359712001401,8.69442361037601e-12,2.83177376989947e-08,1.34846369995214e-09,88
"Vitvi03g01833",-0.473547362200556,0.00353201719882765,1,0.0126137938778308,41
"Vitvi03g01834",0.441528400310401,0.00702267812889194,1,0.0206887745069206,22
"Vitvi03g01853",-0.295078781127154,0.0806150363631191,1,0.102684072520406,495
"Vitvi03g01872",-0.188656925638672,0.270494358476957,1,0.307182749497716,25
"Vitvi03g04029",-0.478898349698169,0.00312849885508842,1,0.0114360502480617,825
"Vitvi03g04038",0.478898349698169,0.00312849885508842,1,0.0114360502480617,436
"Vitvi03g04047",-0.260925981999432,0.124276234876396,1,0.151996882085025,97
"Vitvi03g04050",-0.417136157630304,0.0113721556085047,1,0.026839935374565,118
"Vitvi03g04055",0.351573041633746,0.0354971658889759,1,0.0544579695244439,57
"Vitvi03g04085",-0.420850064886269,0.010590608809886,1,0.0250498278095852,71
"Vitvi03g04088",0.430524779021586,0.00876561976487691,1,0.0231295625169395,54
"Vitvi03g04143",0.227355782179939,0.182356808244462,1,0.214572299296319,39
"Vitvi03g04145",-0.308523281433695,0.0671364837598805,1,0.0880997290918338,468
"Vitvi03g04147",0.0143499200666835,0.933799794119614,1,0.936099085702549,55
"Vitvi03g04159",-0.478898349698169,0.00312849885508842,1,0.0114360502480617,10
"Vitvi03g04163",0.609871602834049,7.8569440725387e-05,0.255900668442585,0.000814970281664284,13
"Vitvi03g04165",-0.478898349698169,0.00312849885508842,1,0.0114360502480617,3
"Vitvi03g04196",-0.311866198604393,0.064077158771909,1,0.0847889629407928,124
"Vitvi03g04246",0.401500636615636,0.0152203400780549,1,0.0309056406697161,12
"Vitvi03g04266",0.691427391756964,3.02205858819266e-06,0.00984284482174351,9.55110711691923e-05,72
"Vitvi03g04267",0.478898349698169,0.00312849885508842,1,0.0114360502480617,16
"Vitvi03g04291",-0.318023952671128,0.0587303678317534,1,0.0794702152172915,106
"Vitvi03g04369",-0.36280178007437,0.0296534634974876,1,0.0480982722167914,21
"Vitvi03g04400",-0.231570839323637,0.174163869942988,1,0.206950647356553,116
"Vitvi03g04402",-0.530534807027005,0.000873110001630482,1,0.00535540353165815,6
"Vitvi03g04422",0.39182592248032,0.0181099832764267,1,0.0344332840229548,148
"Vitvi03g04424",-0.624221522900733,4.73386834040076e-05,0.154182091846853,0.000573167627683467,31
"Vitvi03g04450",-0.440199493156902,0.00721598030084795,1,0.0206887745069206,84
"Vitvi03g04455",0.372476494209687,0.0252748166470031,1,0.0426528900618079,4
"Vitvi03g04460",-0.503280624130037,0.00175527745304602,1,0.00932616421626574,61
"Vitvi03g04462",0.420850064886269,0.010590608809886,1,0.0250498278095852,33
"Vitvi03g04463",-0.540331958421819,0.000669447517114842,1,0.00448640033589103,59
"Vitvi03g04466",0.688537295588947,3.45252458433688e-06,0.0112448725711852,0.000103163968542984,25
"Vitvi04g00017",-0.688537295588947,3.4525245843369e-06,0.0112448725711853,0.000103163968542984,74
"Vitvi04g00029",-0.304753495262471,0.0707229426338605,1,0.0913341094997953,291
"Vitvi04g00041",-0.272648481266987,0.107659058362385,1,0.133021833492522,233
"Vitvi04g00060",-0.304753495262471,0.0707229426338605,1,0.0913341094997953,78
"Vitvi04g00070",-0.365922961700429,0.0281775586427065,1,0.0469674045543988,1585
"Vitvi04g00072",0.266054638721205,0.116785634586865,1,0.143104142907984,43
"Vitvi04g00078",-0.478898349698169,0.00312849885508842,1,0.0114360502480617,36
"Vitvi04g00089",-0.380272881767113,0.0221479552944204,1,0.0390768637020191,27
"Vitvi04g00095",-0.343452351803737,0.0402822983143647,1,0.0593662649818488,243
"Vitvi04g00103",-0.11125921255614,0.518275138427944,1,0.54207518492608,1389
"Vitvi04g00104",-0.343452351803737,0.0402822983143647,1,0.0593662649818488,435
"Vitvi04g00155",-0.120933926691457,0.482316946894032,1,0.50789081669378,552
"Vitvi04g00156",0.275729352856521,0.103584434864025,1,0.12823052236873,75
"Vitvi04g00157",0.353127065939054,0.0346365270501542,1,0.0535920040866283,5
"Vitvi04g00160",-0.330048161533721,0.0493125080986809,1,0.0685784965317695,475
"Vitvi04g00164",-0.130608640826773,0.447699103241463,1,0.476521561848838,1642
"Vitvi04g00168",-0.322873201500379,0.054773977481723,1,0.0742400518759766,1080
"Vitvi04g00171",-0.411175350750953,0.0127285678576514,1,0.0281254718537114,393
"Vitvi04g00178",-0.411175350750953,0.0127285678576514,1,0.0281254718537114,930
"Vitvi04g00182",-0.382151208345003,0.0214447164072558,1,0.0381669078352089,1218
"Vitvi04g00190",0.380272881767113,0.0221479552944204,1,0.0390768637020191,35
"Vitvi04g00224",-0.420850064886269,0.010590608809886,1,0.0250498278095852,1060
"Vitvi04g00242",-0.330048161533721,0.0493125080986809,1,0.0685784965317695,116
"Vitvi04g00252",-0.589483118918895,0.000154932061894313,0.504613725589777,0.00136382087997237,126
"Vitvi04g00254",0.295078781127154,0.080615036363119,1,0.102684072520406,43
"Vitvi04g00289",-0.401500636615636,0.0152203400780548,1,0.0309056406697161,743
"Vitvi04g00307",-0.39182592248032,0.0181099832764267,1,0.0344332840229548,1142
"Vitvi04g00318",-0.365922961700429,0.0281775586427065,1,0.0469674045543988,1179
"Vitvi04g00342",-0.217681068044622,0.202185093959942,1,0.235268614157747,122
"Vitvi04g00347",-0.423322641967163,0.0100959760440297,1,0.0250498278095852,471
"Vitvi04g00350",-0.420850064886269,0.010590608809886,1,0.0250498278095852,417
"Vitvi04g00352",0.401500636615636,0.0152203400780549,1,0.0309056406697161,23
"Vitvi04g00359",0.473547362200556,0.00353201719882767,1,0.0126137938778308,547
"Vitvi04g00367",-0.382151208345003,0.0214447164072558,1,0.0381669078352089,957
"Vitvi04g00442",-0.631396482934074,3.63959573998368e-05,0.118541633251268,0.000483843401025592,230
"Vitvi04g00479",-0.337223121567062,0.0442962269402098,1,0.0641497604020735,1584
"Vitvi04g00480",-0.169307497368039,0.323571829826416,1,0.359561054160573,734
"Vitvi04g00493",-0.00483735706765827,0.97766219032354,1,0.977962455124008,12
"Vitvi04g00501",-0.301348321400354,0.0740899184807144,1,0.0952668237235242,1047
"Vitvi04g00517",-0.150674160700177,0.380398322087054,1,0.415476613567245,1507
"Vitvi04g00524",-0.36280178007437,0.0296534634974876,1,0.0480982722167914,25
"Vitvi04g00586",-0.275729352856521,0.103584434864025,1,0.12823052236873,194
"Vitvi04g00600",-0.365922961700429,0.0281775586427065,1,0.0469674045543988,1824
"Vitvi04g00602",-0.315698241467037,0.0607065836515666,1,0.0815345744136711,137
"Vitvi04g00625",0.430524779021586,0.00876561976487691,1,0.0231295625169395,16
"Vitvi04g00635",-0.322873201500379,0.054773977481723,1,0.0742400518759766,16
"Vitvi04g00641",-0.420850064886269,0.010590608809886,1,0.0250498278095852,306
"Vitvi04g00644",0.638571442967416,2.77964224488528e-05,0.0905329479159134,0.000427042207150535,100
"Vitvi04g00735",-0.382151208345003,0.0214447164072558,1,0.0381669078352089,1683
"Vitvi04g00761",-0.227355782179939,0.182356808244462,1,0.214572299296319,121
"Vitvi04g00827",0.540331958421819,0.000669447517114842,1,0.00448640033589103,29
"Vitvi04g00831",-0.120933926691457,0.482316946894032,1,0.50789081669378,1190
"Vitvi04g00837",-0.120933926691457,0.482316946894032,1,0.50789081669378,905
"Vitvi04g00838",-0.638571442967416,2.77964224488528e-05,0.0905329479159134,0.000427042207150535,114
"Vitvi04g00932",-0.39182592248032,0.0181099832764267,1,0.0344332840229548,1520
"Vitvi04g00960",-0.373097921733771,0.0250128969168012,1,0.0426528900618079,18
"Vitvi04g00991",-0.330048161533721,0.0493125080986809,1,0.0685784965317695,998
"Vitvi04g00997",-0.379776176490764,0.0223370882009993,1,0.039346617777531,48
"Vitvi04g00998",0.472404512220219,0.00362382949746206,1,0.012913361786908,42
"Vitvi04g01007",-0.324199175053092,0.0537299532675185,1,0.0735699148501624,1340
"Vitvi04g01092",-0.480722322233897,0.00300044009732611,1,0.0114360502480617,79
"Vitvi04g01093",-0.401500636615636,0.0152203400780548,1,0.0309056406697161,684
"Vitvi04g01100",0.39182592248032,0.0181099832764267,1,0.0344332840229548,24
"Vitvi04g01105",-0.401500636615636,0.0152203400780548,1,0.0309056406697161,52
"Vitvi04g01136",0.411175350750953,0.0127285678576514,1,0.0281254718537114,419
"Vitvi04g01151",-0.353127065939054,0.0346365270501543,1,0.0535920040866283,17
"Vitvi04g01172",-0.382151208345003,0.0214447164072558,1,0.0381669078352089,622
"Vitvi04g01198",-0.430524779021586,0.00876561976487687,1,0.0231295625169395,387
"Vitvi04g01202",0.0143499200666835,0.933799794119614,1,0.936099085702549,40
"Vitvi04g01206",-0.478898349698169,0.00312849885508842,1,0.0114360502480617,658
"Vitvi04g01227",-0.430524779021586,0.00876561976487687,1,0.0231295625169395,1515
"Vitvi04g01233",0.553243893846833,0.000465829636318484,1,0.00333570556426652,46
"Vitvi04g01244",-0.382151208345003,0.0214447164072558,1,0.0381669078352089,131
"Vitvi04g01254",0.69471251797091,2.59273082141355e-06,0.00844452428534394,8.44452428534394e-05,30
"Vitvi04g01263",0.237030496315255,0.163946637501507,1,0.1952373668528,386
"Vitvi04g01274",-0.382151208345003,0.0214447164072558,1,0.0381669078352089,1226
"Vitvi04g01275",-0.343452351803737,0.0402822983143647,1,0.0593662649818488,4
"Vitvi04g01287",0.478898349698169,0.00312849885508842,1,0.0114360502480617,74
"Vitvi04g01300",-0.382151208345003,0.0214447164072558,1,0.0381669078352089,1456
"Vitvi04g01306",-0.314428209397787,0.0618077618339936,1,0.0819323892117694,327
"Vitvi04g01309",-0.217681068044622,0.202185093959942,1,0.235268614157747,211
"Vitvi04g01317",-0.120933926691457,0.482316946894032,1,0.50789081669378,1019
"Vitvi04g01325",0.816811769737353,1.23759826433005e-09,4.03085754692298e-06,1.25964298341343e-07,44
"Vitvi04g01339",0.225395616941673,0.186258374686829,1,0.21900488316065,5
"Vitvi04g01353",0.372476494209687,0.0252748166470031,1,0.0426528900618079,30
"Vitvi04g01375",0.713238185116801,1.05085825073372e-06,0.00342264532263972,4.22842998305251e-05,41
"Vitvi04g01382",0.440199493156902,0.00721598030084792,1,0.0206887745069206,225
"Vitvi04g01408",-0.437672562033847,0.00759614356666715,1,0.0215698688723931,77
"Vitvi04g01412",0.57399680266734,0.000251925466762095,0.820521245244142,0.00201108148344152,228
"Vitvi04g01424",-0.39182592248032,0.0181099832764267,1,0.0344332840229548,1095
"Vitvi04g01425",-0.382151208345003,0.0214447164072558,1,0.0381669078352089,1318
"Vitvi04g01453",-0.330048161533721,0.0493125080986809,1,0.0685784965317695,326
"Vitvi04g01454",-0.236773681100278,0.164417351185096,1,0.195511979850258,510
"Vitvi04g01466",0.538122002500631,0.00071128356377806,1,0.00462405302839349,135
"Vitvi04g01470",0.559646882600657,0.000387017462770901,1,0.002826268780818,185
"Vitvi04g01471",-0.440199493156902,0.00721598030084795,1,0.0206887745069206,6
"Vitvi04g01475",-0.401500636615636,0.0152203400780548,1,0.0309056406697161,904
"Vitvi04g01481",-0.072560356014874,0.67408182426832,1,0.683525685442689,1485
"Vitvi04g01550",0.663836406061092,1.01620006133771e-05,0.0330976359977693,0.000234806367583199,799
"Vitvi04g01555",-0.663836406061092,1.01620006133772e-05,0.0330976359977695,0.000234806367583199,59
"Vitvi04g01585",-0.45202248210053,0.00564613925901834,1,0.0177982846526642,314
"Vitvi04g01596",-0.208006353909306,0.223466571725695,1,0.256911621641577,335
"Vitvi04g01626",0.615682368648623,6.41873880190985e-05,0.209058322778204,0.000711082730538112,53
"Vitvi04g01643",-0.294173361367012,0.0815930785914507,1,0.10340414668185,972
"Vitvi04g01654",0.353127065939054,0.0346365270501542,1,0.0535920040866283,140
"Vitvi04g01657",-0.169307497368039,0.323571829826416,1,0.359561054160573,1092
"Vitvi04g01666",-0.336549619817019,0.0447488591013894,1,0.0646041817789119,260
"Vitvi04g01674",0.275729352856521,0.103584434864025,1,0.12823052236873,11
"Vitvi04g01685",0.285404066991838,0.0915479263669639,1,0.114681383145078,405
"Vitvi04g01689",-0.420850064886269,0.010590608809886,1,0.0250498278095852,30
"Vitvi04g01696",0.538122002500631,0.00071128356377806,1,0.00462405302839349,299
"Vitvi04g01714",0.401500636615636,0.0152203400780549,1,0.0309056406697161,136
"Vitvi04g01721",0.275729352856521,0.103584434864025,1,0.12823052236873,40
"Vitvi04g01740",-0.430524779021586,0.00876561976487687,1,0.0231295625169395,15
"Vitvi04g01781",-0.430524779021586,0.00876561976487687,1,0.0231295625169395,1474
"Vitvi04g01808",-0.072560356014874,0.67408182426832,1,0.683525685442689,1246
"Vitvi04g01887",0.670011628443056,7.8317607041287e-06,0.0255080446133472,0.000199237645234959,309
"Vitvi04g01903",0.566821842633998,0.000313017471211837,1,0.00239318756745763,31
"Vitvi04g01906",0.430524779021586,0.00876561976487691,1,0.0231295625169395,250
"Vitvi04g01934",-0.208006353909306,0.223466571725695,1,0.256911621641577,615
"Vitvi04g01935",-0.449874207292219,0.00590725996608227,1,0.0177982846526642,6
"Vitvi04g01937",-0.509422162367264,0.00150722386046954,1,0.00810070645800213,12
"Vitvi04g01941",-0.449874207292219,0.00590725996608227,1,0.0177982846526642,101
"Vitvi04g01980",0.39182592248032,0.0181099832764267,1,0.0344332840229548,38
"Vitvi04g02065",-0.430524779021586,0.00876561976487687,1,0.0231295625169395,240
"Vitvi04g02071",-0.478898349698169,0.00312849885508842,1,0.0114360502480617,450
"Vitvi04g02073",-0.246705210450572,0.146913319045593,1,0.176306809186255,19
"Vitvi04g02114",0.707062962734838,1.43083923232173e-06,0.00466024337967188,5.23622851648538e-05,25
"Vitvi04g02150",-0.159632783232723,0.352382996354793,1,0.38721707797826,633
"Vitvi04g02163",-0.301348321400354,0.0740899184807144,1,0.0952668237235242,210
"Vitvi04g02205",-0.440199493156902,0.00721598030084795,1,0.0206887745069206,3
"Vitvi04g02226",-0.595521682767366,0.000127313692999972,0.414660698100909,0.00113605670712579,31
"Vitvi04g02248",-0.401797761867138,0.015138125307633,1,0.0309056406697161,607
"Vitvi04g02306",-0.440199493156902,0.00721598030084795,1,0.0206887745069206,11
"Vitvi04g04007",0.545296962533973,0.000583320667650517,1,0.00394984493666888,56
"Vitvi04g04009",0.711270627754237,1.16045094671624e-06,0.00377958873345478,4.60925455299364e-05,87
"Vitvi04g04010",-0.866359712001401,8.69442361037601e-12,2.83177376989947e-08,1.34846369995214e-09,52
"Vitvi04g04011",-0.866359712001401,8.69442361037601e-12,2.83177376989947e-08,1.34846369995214e-09,60
"Vitvi04g04012",-0.478898349698169,0.00312849885508842,1,0.0114360502480617,61
"Vitvi04g04015",-0.478898349698169,0.00312849885508842,1,0.0114360502480617,64
"Vitvi04g04018",-0.523984994594573,0.00103817108302138,1,0.00610450917486732,58
"Vitvi04g04019",-0.478898349698169,0.00312849885508842,1,0.0114360502480617,58
"Vitvi04g04029",0.700887740352874,1.9332321858187e-06,0.0062965372292115,6.36013861536515e-05,15
"Vitvi04g04030",0.631396482934074,3.63959573998373e-05,0.11854163325127,0.000483843401025592,21
"Vitvi04g04045",-0.324102923533104,0.0538052002373616,1,0.0735699148501624,96
"Vitvi04g04075",0.487897282267239,0.00253992909673463,1,0.0114360502480617,459
"Vitvi04g04080",-0.420850064886269,0.010590608809886,1,0.0250498278095852,471
"Vitvi04g04087",0.45202248210053,0.00564613925901835,1,0.0177982846526642,143
"Vitvi04g04191",-0.304753495262471,0.0707229426338605,1,0.0913341094997953,46
"Vitvi04g04209",-0.308523281433695,0.0671364837598805,1,0.0880997290918338,808
"Vitvi04g04218",-0.256379924585888,0.131210130347675,1,0.158807653118684,18
"Vitvi04g04232",-0.376951318313135,0.023438393523091,1,0.0412419490571082,67
"Vitvi04g04237",-0.430524779021586,0.00876561976487687,1,0.0231295625169395,1097
"Vitvi04g04296",-0.432287620540523,0.00846379623972504,1,0.0231295625169395,54
"Vitvi04g04340",0.382151208345003,0.0214447164072558,1,0.0381669078352089,88
"Vitvi04g04354",-0.563283869189166,0.00034775734695725,1,0.00263867903449402,25
"Vitvi04g04401",0.440199493156902,0.00721598030084792,1,0.0206887745069206,11
"Vitvi04g04429",0.322873201500379,0.054773977481723,1,0.0742400518759766,51
"Vitvi04g04434",-0.401500636615636,0.0152203400780548,1,0.0309056406697161,856
"Vitvi04g04443",-0.315698241467037,0.0607065836515666,1,0.0815345744136711,103
"Vitvi04g04448",-0.365922961700429,0.0281775586427065,1,0.0469674045543988,72
"Vitvi04g04487",0.311848730289164,0.064092854393685,1,0.0847889629407928,26
"Vitvi05g00006",-0.072560356014874,0.67408182426832,1,0.683525685442689,1640
"Vitvi05g00009",-0.308523281433695,0.0671364837598805,1,0.0880997290918338,946
"Vitvi05g00012",0.420850064886269,0.010590608809886,1,0.0250498278095852,47
"Vitvi05g00028",0.670011499091925,7.83180393042838e-06,0.0255081854014052,0.000199237645234959,187
"Vitvi05g00031",-0.401500636615636,0.0152203400780548,1,0.0309056406697161,8
"Vitvi05g00039",-0.478898349698169,0.00312849885508842,1,0.0114360502480617,34
"Vitvi05g00055",0.411175350750953,0.0127285678576514,1,0.0281254718537114,283
"Vitvi05g00065",0.401500636615636,0.0152203400780549,1,0.0309056406697161,25
"Vitvi05g00066",0.459548921427535,0.00480814938579871,1,0.0156915256007479,29
"Vitvi05g00067",-0.315698241467037,0.0607065836515666,1,0.0815345744136711,1314
"Vitvi05g00077",-0.337223121567062,0.0442962269402098,1,0.0641497604020735,1366
"Vitvi05g00094",-0.217681068044622,0.202185093959942,1,0.235268614157747,503
"Vitvi05g00107",0.478898349698169,0.00312849885508842,1,0.0114360502480617,4
"Vitvi05g00108",0.684288760868618,4.18769069394473e-06,0.013639308590178,0.000118602683392852,353
"Vitvi05g00139",0.645746403000758,2.10820008752171e-05,0.0686640768505822,0.000373174330709686,32
"Vitvi05g00145",-0.673580814536098,6.71847992363546e-06,0.0218820891112807,0.000182350742594006,62
"Vitvi05g00163",0.459197442133872,0.00484474340951937,1,0.0157321328861462,102
"Vitvi05g00170",0.275729352856521,0.103584434864025,1,0.12823052236873,9
"Vitvi05g00177",0.275729352856521,0.103584434864025,1,0.12823052236873,9
"Vitvi05g00198",0.581171762700682,0.000201731083518181,0.657038139018716,0.00168040444761821,69
"Vitvi05g00205",-0.401500636615636,0.0152203400780548,1,0.0309056406697161,65
"Vitvi05g00212",-0.308523281433695,0.0671364837598805,1,0.0880997290918338,1392
"Vitvi05g00214",-0.149958069097406,0.382692613049351,1,0.415476613567245,1020
"Vitvi05g00237",-0.227355782179939,0.182356808244462,1,0.214572299296319,228
"Vitvi05g00247",-0.382151208345003,0.0214447164072558,1,0.0381669078352089,812
"Vitvi05g00261",-0.198331639773989,0.246229438389849,1,0.281294030457994,12
"Vitvi05g00266",-0.39182592248032,0.0181099832764267,1,0.0344332840229548,1243
"Vitvi05g00274",0.478898349698169,0.00312849885508842,1,0.0114360502480617,30
"Vitvi05g00281",-0.208006353909306,0.223466571725695,1,0.256911621641577,167
"Vitvi05g00292",-0.178982211503356,0.296273865831986,1,0.332746200349924,216
"Vitvi05g00337",0.469223635562852,0.00389036020229627,1,0.0133659316232901,7
"Vitvi05g00341",-0.227355782179939,0.182356808244462,1,0.214572299296319,702
"Vitvi05g00342",-0.478136307567548,0.00318339348719661,1,0.0115847068020105,3
"Vitvi05g00350",-0.53094704246729,0.000863545476365859,1,0.00530673135193132,777
"Vitvi05g00360",-0.372476494209687,0.0252748166470032,1,0.0426528900618079,177
"Vitvi05g00372",-0.353127065939054,0.0346365270501543,1,0.0535920040866283,1245
"Vitvi05g00385",-0.208006353909306,0.223466571725695,1,0.256911621641577,466
"Vitvi05g00421",0.420850064886269,0.010590608809886,1,0.0250498278095852,23
"Vitvi05g00423",-0.072560356014874,0.67408182426832,1,0.683525685442689,1778
"Vitvi05g00424",-0.411175350750953,0.0127285678576514,1,0.0281254718537114,152
"Vitvi05g00426",-0.373600954108801,0.024802525353346,1,0.0426528900618079,688
"Vitvi05g00448",-0.430524779021586,0.00876561976487687,1,0.0231295625169395,317
"Vitvi05g00468",0.382151208345003,0.0214447164072558,1,0.0381669078352089,27
"Vitvi05g00475",0.36280178007437,0.0296534634974875,1,0.0480982722167914,8
"Vitvi05g00476",-0.24394864113362,0.151628904334241,1,0.181631239947269,360
"Vitvi05g00482",-0.478898349698169,0.00312849885508842,1,0.0114360502480617,95
"Vitvi05g00519",-0.217681068044622,0.202185093959942,1,0.235268614157747,28
"Vitvi05g00520",-0.440199493156902,0.00721598030084795,1,0.0206887745069206,83
"Vitvi05g00528",0.478898349698169,0.00312849885508842,1,0.0114360502480617,67
"Vitvi05g00539",0.516597122400606,0.00125690591977388,1,0.00707036715147413,25
"Vitvi05g00540",0.430524779021586,0.00876561976487691,1,0.0231295625169395,722
"Vitvi05g00541",-0.143499200666835,0.403749780213674,1,0.436736311576199,1076
"Vitvi05g00542",-0.136324240633493,0.427900045660015,1,0.458897085516849,1814
"Vitvi05g00544",-0.645746403000758,2.10820008752169e-05,0.0686640768505814,0.000373174330709686,430
"Vitvi05g00546",-0.227355782179939,0.182356808244462,1,0.214572299296319,4
"Vitvi05g00553",0.39182592248032,0.0181099832764267,1,0.0344332840229548,146
"Vitvi05g00563",0.648431430810784,1.89748243923069e-05,0.0618010030457435,0.000373174330709686,7
"Vitvi05g00574",-0.343452351803737,0.0402822983143647,1,0.0593662649818488,4
"Vitvi05g00604",-0.430497602000505,0.00877034378520732,1,0.0231295625169395,661
"Vitvi05g00605",-0.596032931351327,0.000125192354329375,0.407751498050773,0.00113605670712579,145
"Vitvi05g00630",-0.430524779021586,0.00876561976487687,1,0.0231295625169395,289
"Vitvi05g00637",-0.487897282267239,0.00253992909673463,1,0.0114360502480617,36
"Vitvi05g00649",-0.430524779021586,0.00876561976487687,1,0.0231295625169395,14
"Vitvi05g00652",-0.437672562033847,0.00759614356666715,1,0.0215698688723931,1472
"Vitvi05g00675",0.651485961297165,1.68115837483811e-05,0.0547553282684773,0.000355554079665437,132
"Vitvi05g00681",-0.382151208345003,0.0214447164072558,1,0.0381669078352089,51
"Vitvi05g00694",0.440199493156902,0.00721598030084792,1,0.0206887745069206,132
"Vitvi05g00699",0.420850064886269,0.010590608809886,1,0.0250498278095852,16
"Vitvi05g00703",0.314428209397787,0.0618077618339936,1,0.0819323892117694,18
"Vitvi05g00710",-0.471586495135116,0.003690811552788,1,0.013094742077811,7
"Vitvi05g00713",-0.0822350701501905,0.633500208816201,1,0.653981039655901,1236
"Vitvi05g00726",-0.692021082694147,2.93995527601393e-06,0.00957543433397736,9.48062805344293e-05,51
"Vitvi05g00733",-0.227355782179939,0.182356808244462,1,0.214572299296319,4
"Vitvi05g00734",-0.0628856418795575,0.715590124288945,1,0.722914713030116,4
"Vitvi05g00761",0.353127065939054,0.0346365270501542,1,0.0535920040866283,639
"Vitvi05g00780",-0.251123601166961,0.139579734523285,1,0.168374516793459,213
"Vitvi05g00787",-0.382151208345003,0.0214447164072558,1,0.0381669078352089,37
"Vitvi05g00802",0.36280178007437,0.0296534634974875,1,0.0480982722167914,141
"Vitvi05g00826",-0.159632783232723,0.352382996354793,1,0.38721707797826,1194
"Vitvi05g00828",-0.330048161533721,0.0493125080986809,1,0.0685784965317695,1019
"Vitvi05g00839",0.411175350750953,0.0127285678576514,1,0.0281254718537114,177
"Vitvi05g00885",-0.0435362136089244,0.800949927206222,1,0.807395206719488,97
"Vitvi05g00886",0.217681068044622,0.202185093959943,1,0.235268614157747,62
"Vitvi05g00888",-0.358748001667088,0.0316645308614795,1,0.0507286655267283,1287
"Vitvi05g00910",0.36280178007437,0.0296534634974875,1,0.0480982722167914,3
"Vitvi05g00913",-0.583558515095565,0.00018714223369946,0.609522255159142,0.00160823814026159,13
"Vitvi05g00953",-0.372476494209687,0.0252748166470032,1,0.0426528900618079,1333
"Vitvi05g00961",-0.39182592248032,0.0181099832764267,1,0.0344332840229548,1391
"Vitvi05g01044",-0.169307497368039,0.323571829826416,1,0.359561054160573,97
"Vitvi05g01081",0.487897282267239,0.00253992909673463,1,0.0114360502480617,5
"Vitvi05g01088",-0.237030496315255,0.163946637501507,1,0.1952373668528,30
"Vitvi05g01103",-0.130608640826773,0.447699103241463,1,0.476521561848838,1620
"Vitvi05g01116",-0.478898349698169,0.00312849885508842,1,0.0114360502480617,30
"Vitvi05g01159",-0.430497602000505,0.00877034378520732,1,0.0231295625169395,76
"Vitvi05g01164",-0.394622801833796,0.0172310183587185,1,0.0344332840229548,5
"Vitvi05g01229",0.447703622692365,0.00618157821670591,1,0.0185732474647704,35
"Vitvi05g01256",0.459548921427535,0.00480814938579871,1,0.0156915256007479,8
"Vitvi05g01266",-0.304753495262471,0.0707229426338605,1,0.0913341094997953,449
"Vitvi05g01276",-0.40897272190048,0.013263225639686,1,0.0290506562935156,1122
"Vitvi05g01304",0.545296962533973,0.000583320667650517,1,0.00394984493666888,531
"Vitvi05g01308",-0.337223121567062,0.0442962269402098,1,0.0641497604020735,1352
"Vitvi05g01330",-0.120933926691457,0.482316946894032,1,0.50789081669378,1395
"Vitvi05g01334",-0.382151208345003,0.0214447164072558,1,0.0381669078352089,13
"Vitvi05g01337",-0.566821842633998,0.000313017471211837,1,0.00239318756745763,62
"Vitvi05g01348",-0.266054638721205,0.116785634586865,1,0.143104142907984,160
"Vitvi05g01350",0.333777637668421,0.0466511603903606,1,0.0662060258786077,570
"Vitvi05g01353",-0.159632783232723,0.352382996354793,1,0.38721707797826,5
"Vitvi05g01365",0.478898349698169,0.00312849885508842,1,0.0114360502480617,18
"Vitvi05g01366",-0.401500636615636,0.0152203400780548,1,0.0309056406697161,1871
"Vitvi05g01375",-0.149958069097406,0.382692613049351,1,0.415476613567245,1150
"Vitvi05g01388",-0.416827510782546,0.0114392506999706,1,0.0269592181836499,121
"Vitvi05g01399",0.516597122400606,0.00125690591977388,1,0.00707036715147413,42
"Vitvi05g01400",0.6636595629116,1.0237182743879e-05,0.033342504196814,0.000234806367583199,57
"Vitvi05g01435",0.227355782179939,0.182356808244462,1,0.214572299296319,60
"Vitvi05g01437",-0.404477066018619,0.0144134798599693,1,0.0309056406697161,37
"Vitvi05g01450",0.459197442133872,0.00484474340951937,1,0.0157321328861462,51
"Vitvi05g01492",-0.411175350750953,0.0127285678576514,1,0.0281254718537114,444
"Vitvi05g01494",-0.595908959859492,0.00012570381227052,0.409417316565084,0.00113605670712579,994
"Vitvi05g01500",-0.322873201500379,0.054773977481723,1,0.0742400518759766,234
"Vitvi05g01522",-0.0645746403000758,0.708281518292139,1,0.716420156856365,13
"Vitvi05g01578",0.430524779021586,0.00876561976487691,1,0.0231295625169395,3
"Vitvi05g01579",-0.724071956759764,5.99562518249324e-07,0.00195277512193805,2.91458973423589e-05,72
"Vitvi05g01589",-0.159632783232723,0.352382996354793,1,0.38721707797826,18
"Vitvi05g01596",-0.372476494209687,0.0252748166470032,1,0.0426528900618079,9
"Vitvi05g01623",0.372476494209687,0.0252748166470031,1,0.0426528900618079,10
"Vitvi05g01627",-0.372476494209687,0.0252748166470032,1,0.0426528900618079,6
"Vitvi05g01633",-0.343452351803737,0.0402822983143647,1,0.0593662649818488,940
"Vitvi05g01672",-0.490850277803435,0.00236911859928874,1,0.0114360502480617,72
"Vitvi05g01674",0.725588629880729,5.53108756705168e-07,0.00180147522058873,2.72950790998293e-05,104
"Vitvi05g01675",0.466372402167214,0.00414355138051984,1,0.0141462755202863,339
"Vitvi05g01702",-0.178982211503356,0.296273865831986,1,0.332746200349924,7
"Vitvi05g01742",0.217681068044622,0.202185093959943,1,0.235268614157747,60
"Vitvi05g01754",0.430524779021586,0.00876561976487691,1,0.0231295625169395,122
"Vitvi05g01757",0.487897282267239,0.00253992909673463,1,0.0114360502480617,11
"Vitvi05g01768",-0.478898349698169,0.00312849885508842,1,0.0114360502480617,51
"Vitvi05g01769",0.480722322233897,0.00300044009732609,1,0.0114360502480617,64
"Vitvi05g01778",0.382151208345003,0.0214447164072558,1,0.0381669078352089,4
"Vitvi05g01815",-0.478898349698169,0.00312849885508842,1,0.0114360502480617,30
"Vitvi05g01819",0.251123601166961,0.139579734523285,1,0.168374516793459,4
"Vitvi05g01858",0.478898349698169,0.00312849885508842,1,0.0114360502480617,537
"Vitvi05g01879",-0.275729352856521,0.103584434864025,1,0.12823052236873,459
"Vitvi05g01881",0.469223635562852,0.00389036020229627,1,0.0133659316232901,9
"Vitvi05g01900",-0.387447841800455,0.0195609632394898,1,0.0369119682914359,828
"Vitvi05g01924",-0.411175350750953,0.0127285678576514,1,0.0281254718537114,19
"Vitvi05g01930",0.459548921427535,0.00480814938579871,1,0.0156915256007479,313
"Vitvi05g01940",-0.478898349698169,0.00312849885508842,1,0.0114360502480617,8
"Vitvi05g01947",0.624221522900733,4.73386834040072e-05,0.154182091846851,0.000573167627683467,17
"Vitvi05g01948",0.449874207292219,0.00590725996608226,1,0.0177982846526642,66
"Vitvi05g01949",0.609871602834049,7.8569440725387e-05,0.255900668442585,0.000814970281664284,12
"Vitvi05g01950",0.631396482934074,3.63959573998373e-05,0.11854163325127,0.000483843401025592,114
"Vitvi05g01951",0.401500636615636,0.0152203400780549,1,0.0309056406697161,4
"Vitvi05g01991",-0.179374000833544,0.295200389027218,1,0.332746200349924,33
"Vitvi05g02001",0.478898349698169,0.00312849885508842,1,0.0114360502480617,10
"Vitvi05g02017",-0.380272881767113,0.0221479552944204,1,0.0390768637020191,17
"Vitvi05g02019",-0.473547362200556,0.00353201719882765,1,0.0126137938778308,66
"Vitvi05g02048",-0.401500636615636,0.0152203400780548,1,0.0309056406697161,275
"Vitvi05g02074",-0.645310738915201,2.14432683486358e-05,0.0698407250115068,0.000375487768879069,51
"Vitvi05g02082",-0.256271728851491,0.131378574748562,1,0.158952458378925,38
"Vitvi05g02096",0.358748001667088,0.0316645308614795,1,0.0507286655267283,6
"Vitvi05g02111",-0.0919097842855071,0.593945375886425,1,0.616469117036994,919
"Vitvi05g02116",-0.420850064886269,0.010590608809886,1,0.0250498278095852,46
"Vitvi05g02120",-0.14028335496209,0.414476147144056,1,0.445380670157767,674
"Vitvi05g02122",-0.324199175053092,0.0537299532675185,1,0.0735699148501624,476
"Vitvi05g02156",0.517435182162141,0.00123020463625639,1,0.00707036715147413,340
"Vitvi05g02184",-0.14028335496209,0.414476147144056,1,0.445380670157767,12
"Vitvi05g02187",-0.159632783232723,0.352382996354793,1,0.38721707797826,8
"Vitvi05g02190",0.487897282267239,0.00253992909673463,1,0.0114360502480617,7
"Vitvi05g02195",-0.478898349698169,0.00312849885508842,1,0.0114360502480617,8
"Vitvi05g02197",-0.631396482934074,3.63959573998368e-05,0.118541633251268,0.000483843401025592,13
"Vitvi05g02201",-0.372476494209687,0.0252748166470032,1,0.0426528900618079,897
"Vitvi05g02215",-0.39182592248032,0.0181099832764267,1,0.0344332840229548,18
"Vitvi05g02222",-0.469223635562852,0.00389036020229628,1,0.0133659316232901,12
"Vitvi05g02223",-0.39182592248032,0.0181099832764267,1,0.0344332840229548,25
"Vitvi05g02232",-0.449874207292219,0.00590725996608227,1,0.0177982846526642,24
"Vitvi05g02234",0.382375078288864,0.0213621524612188,1,0.0381669078352089,91
"Vitvi05g02269",0.275729352856521,0.103584434864025,1,0.12823052236873,36
"Vitvi05g02273",-0.411175350750953,0.0127285678576514,1,0.0281254718537114,714
"Vitvi05g02286",-0.159632783232723,0.352382996354793,1,0.38721707797826,3
"Vitvi05g04030",-0.330048161533721,0.0493125080986809,1,0.0685784965317695,1391
"Vitvi05g04062",0.640970347085562,2.53619620580652e-05,0.0826039104231183,0.000427042207150535,50
"Vitvi05g04140",0.130608640826773,0.447699103241463,1,0.476521561848838,3
"Vitvi05g04147",0.294173361367012,0.0815930785914507,1,0.10340414668185,4
"Vitvi05g04153",-0.478898349698169,0.00312849885508842,1,0.0114360502480617,22
"Vitvi05g04156",-0.208006353909306,0.223466571725695,1,0.256911621641577,43
"Vitvi05g04171",-0.480722322233897,0.00300044009732611,1,0.0114360502480617,29
"Vitvi05g04172",-0.314428209397787,0.0618077618339936,1,0.0819323892117694,16
"Vitvi05g04174",0.523772082433948,0.00104397040540408,1,0.00610450917486732,47
"Vitvi05g04232",-0.831937913621378,3.23717682962236e-10,1.054348493408e-06,4.58412388438262e-08,34
"Vitvi05g04312",-0.188656925638672,0.270494358476957,1,0.307182749497716,99
"Vitvi05g04335",-0.420850064886269,0.010590608809886,1,0.0250498278095852,4
"Vitvi05g04385",-0.478898349698169,0.00312849885508842,1,0.0114360502480617,88
"Vitvi05g04405",0.169307497368039,0.323571829826417,1,0.359561054160573,21
"Vitvi05g04408",-0.304753495262471,0.0707229426338605,1,0.0913341094997953,5
"Vitvi05g04410",-0.478898349698169,0.00312849885508842,1,0.0114360502480617,27
"Vitvi05g04413",-0.324102923533104,0.0538052002373616,1,0.0735699148501624,38
"Vitvi05g04455",-0.430524779021586,0.00876561976487687,1,0.0231295625169395,16
"Vitvi05g04475",-0.382151208345003,0.0214447164072558,1,0.0381669078352089,973
"Vitvi05g04477",-0.39182592248032,0.0181099832764267,1,0.0344332840229548,65
"Vitvi05g04487",-0.334665933434054,0.0460346116990456,1,0.0662060258786077,62
"Vitvi05g04493",-0.028699840133367,0.868034272611499,1,0.872858174095601,86
"Vitvi05g04494",0.344408758458764,0.0396929700342421,1,0.0593662649818488,105
"Vitvi05g04505",0.595521682767366,0.000127313692999973,0.414660698100913,0.00113605670712579,65
"Vitvi05g04506",-0.588346722734024,0.000160693769450826,0.52337960710134,0.00139567895227024,82
"Vitvi05g04527",-0.595521682767366,0.000127313692999972,0.414660698100909,0.00113605670712579,65
"Vitvi05g04535",-0.478898349698169,0.00312849885508842,1,0.0114360502480617,24
"Vitvi05g04565",0.380272881767113,0.0221479552944204,1,0.0390768637020191,33
"Vitvi05g04567",-0.266054638721205,0.116785634586865,1,0.143104142907984,48
"Vitvi06g00008",-0.324102923533104,0.0538052002373616,1,0.0735699148501624,316
"Vitvi06g00016",-0.582933306486462,0.000190869311580325,0.621661347817118,0.00163165708088482,101
"Vitvi06g00037",0.449874207292219,0.00590725996608226,1,0.0177982846526642,19
"Vitvi06g00039",-0.473547362200556,0.00353201719882765,1,0.0126137938778308,14
"Vitvi06g00040",-0.304753495262471,0.0707229426338605,1,0.0913341094997953,1035
"Vitvi06g00044",-0.39182592248032,0.0181099832764267,1,0.0344332840229548,852
"Vitvi06g00046",-0.36280178007437,0.0296534634974876,1,0.0480982722167914,425
"Vitvi06g00054",-0.159632783232723,0.352382996354793,1,0.38721707797826,13
"Vitvi06g00093",-0.638571442967416,2.77964224488528e-05,0.0905329479159134,0.000427042207150535,705
"Vitvi06g00115",0.314428209397787,0.0618077618339936,1,0.0819323892117694,24
"Vitvi06g00116",0.469223635562852,0.00389036020229627,1,0.0133659316232901,13
"Vitvi06g00121",-0.382151208345003,0.0214447164072558,1,0.0381669078352089,1460
"Vitvi06g00137",-0.420850064886269,0.010590608809886,1,0.0250498278095852,1040
"Vitvi06g00141",0.333777637668421,0.0466511603903606,1,0.0662060258786077,195
"Vitvi06g00153",-0.372476494209687,0.0252748166470032,1,0.0426528900618079,27
"Vitvi06g00155",-0.215248801000253,0.20739737841139,1,0.24090344560838,8
"Vitvi06g00165",0.420850064886269,0.010590608809886,1,0.0250498278095852,35
"Vitvi06g00180",-0.178982211503356,0.296273865831986,1,0.332746200349924,96
"Vitvi06g00182",-0.411175350750953,0.0127285678576514,1,0.0281254718537114,742
"Vitvi06g00184",-0.430524779021586,0.00876561976487687,1,0.0231295625169395,823
"Vitvi06g00248",0.401500636615636,0.0152203400780549,1,0.0309056406697161,421
"Vitvi06g00259",-0.401500636615636,0.0152203400780548,1,0.0309056406697161,1426
"Vitvi06g00266",-0.420850064886269,0.010590608809886,1,0.0250498278095852,909
"Vitvi06g00268",-0.227355782179939,0.182356808244462,1,0.214572299296319,587
"Vitvi06g00272",0.275729352856521,0.103584434864025,1,0.12823052236873,47
"Vitvi06g00283",-0.382151208345003,0.0214447164072558,1,0.0381669078352089,1596
"Vitvi06g00300",-0.178982211503356,0.296273865831986,1,0.332746200349924,1050
"Vitvi06g00303",-0.423322641967163,0.0100959760440297,1,0.0250498278095852,1157
"Vitvi06g00309",-0.246705210450572,0.146913319045593,1,0.176306809186255,131
"Vitvi06g00378",-0.178982211503356,0.296273865831986,1,0.332746200349924,881
"Vitvi06g00393",-0.39182592248032,0.0181099832764267,1,0.0344332840229548,470
"Vitvi06g00396",-0.353127065939054,0.0346365270501543,1,0.0535920040866283,906
"Vitvi06g00397",0.353127065939054,0.0346365270501542,1,0.0535920040866283,28
"Vitvi06g00405",-0.169307497368039,0.323571829826416,1,0.359561054160573,848
"Vitvi06g00463",-0.404477066018619,0.0144134798599693,1,0.0309056406697161,104
"Vitvi06g00465",-0.523772082433948,0.00104397040540408,1,0.00610450917486732,16
"Vitvi06g00495",-0.600154896827394,0.00010921658992894,0.355718433398558,0.00104623068646635,804
"Vitvi06g00498",-0.149958069097406,0.382692613049351,1,0.415476613567245,165
"Vitvi06g00500",0.449874207292219,0.00590725996608226,1,0.0177982846526642,6
"Vitvi06g00529",0.645746403000758,2.10820008752171e-05,0.0686640768505822,0.000373174330709686,7
"Vitvi06g00534",-0.372476494209687,0.0252748166470032,1,0.0426528900618079,1525
"Vitvi06g00541",-0.440199493156902,0.00721598030084795,1,0.0206887745069206,65
"Vitvi06g00560",-0.39182592248032,0.0181099832764267,1,0.0344332840229548,4
"Vitvi06g00561",-0.39182592248032,0.0181099832764267,1,0.0344332840229548,114
"Vitvi06g00565",-0.420850064886269,0.010590608809886,1,0.0250498278095852,102
"Vitvi06g00569",-0.272648481266987,0.107659058362385,1,0.133021833492522,272
"Vitvi06g00575",-0.401500636615636,0.0152203400780548,1,0.0309056406697161,1689
"Vitvi06g00591",-0.159632783232723,0.352382996354793,1,0.38721707797826,1356
"Vitvi06g00606",0.36280178007437,0.0296534634974875,1,0.0480982722167914,305
"Vitvi06g00639",-0.39182592248032,0.0181099832764267,1,0.0344332840229548,1011
"Vitvi06g00650",-0.150674160700177,0.380398322087054,1,0.415476613567245,498
"Vitvi06g00656",-0.159632783232723,0.352382996354793,1,0.38721707797826,357
"Vitvi06g00679",-0.502247202333923,0.00180036184177854,1,0.00936705833653789,7
"Vitvi06g00680",-0.631396482934074,3.63959573998368e-05,0.118541633251268,0.000483843401025592,920
"Vitvi06g00693",-0.0919097842855071,0.593945375886425,1,0.616469117036994,620
"Vitvi06g00759",0.588346722734024,0.000160693769450826,0.52337960710134,0.00139567895227024,8
"Vitvi06g00761",-0.39182592248032,0.0181099832764267,1,0.0344332840229548,1299
"Vitvi06g00772",0.622590593905054,5.02079776036082e-05,0.163527383054952,0.000603422077693549,320
"Vitvi06g00783",-0.294173361367012,0.0815930785914507,1,0.10340414668185,403
"Vitvi06g00800",-0.372476494209687,0.0252748166470032,1,0.0426528900618079,1013
"Vitvi06g00812",-0.157849120733519,0.357858909649412,1,0.392704335824843,1380
"Vitvi06g00903",0.645746403000758,2.10820008752171e-05,0.0686640768505822,0.000373174330709686,32
"Vitvi06g00906",-0.411175350750953,0.0127285678576514,1,0.0281254718537114,988
"Vitvi06g00915",0.401500636615636,0.0152203400780549,1,0.0309056406697161,4
"Vitvi06g00928",-0.380272881767113,0.0221479552944204,1,0.0390768637020191,144
"Vitvi06g00947",-0.380272881767113,0.0221479552944204,1,0.0390768637020191,1907
"Vitvi06g00962",-0.143499200666835,0.403749780213674,1,0.436736311576199,1580
"Vitvi06g00999",-0.314428209397787,0.0618077618339936,1,0.0819323892117694,28
"Vitvi06g01010",0.411175350750953,0.0127285678576514,1,0.0281254718537114,213
"Vitvi06g01055",0.478898349698169,0.00312849885508842,1,0.0114360502480617,8
"Vitvi06g01057",-0.072560356014874,0.67408182426832,1,0.683525685442689,1356
"Vitvi06g01097",0.646642651042071,2.03561248738774e-05,0.0662998987142186,0.000373174330709686,71
"Vitvi06g01100",0.577383292713601,0.000226988801827678,0.739302527552747,0.00186222299131675,75
"Vitvi06g01226",-0.343452351803737,0.0402822983143647,1,0.0593662649818488,783
"Vitvi06g01233",-0.39182592248032,0.0181099832764267,1,0.0344332840229548,535
"Vitvi06g01239",-0.478898349698169,0.00312849885508842,1,0.0114360502480617,94
"Vitvi06g01255",-0.478898349698169,0.00312849885508842,1,0.0114360502480617,51
"Vitvi06g01275",-0.200898880933569,0.240043483019144,1,0.275580410360716,570
"Vitvi06g01281",-0.353127065939054,0.0346365270501543,1,0.0535920040866283,1284
"Vitvi06g01283",0.314428209397787,0.0618077618339936,1,0.0819323892117694,654
"Vitvi06g01288",-0.353127065939054,0.0346365270501543,1,0.0535920040866283,490
"Vitvi06g01315",-0.411175350750953,0.0127285678576514,1,0.0281254718537114,224
"Vitvi06g01327",-0.449874207292219,0.00590725996608227,1,0.0177982846526642,60
"Vitvi06g01334",-0.382151208345003,0.0214447164072558,1,0.0381669078352089,1310
"Vitvi06g01346",-0.322873201500379,0.054773977481723,1,0.0742400518759766,1294
"Vitvi06g01354",0.631396482934074,3.63959573998373e-05,0.11854163325127,0.000483843401025592,407
"Vitvi06g01375",-0.401500636615636,0.0152203400780548,1,0.0309056406697161,158
"Vitvi06g01385",0.285404066991838,0.0915479263669639,1,0.114681383145078,27
"Vitvi06g01389",-0.382151208345003,0.0214447164072558,1,0.0381669078352089,1739
"Vitvi06g01396",0.602696642800707,0.000100304716366617,0.32669246120607,0.000981874362264253,162
"Vitvi06g01398",-0.136324240633493,0.427900045660015,1,0.458897085516849,1862
"Vitvi06g01410",-0.707062962734838,1.43083923232176e-06,0.00466024337967199,5.23622851648538e-05,97
"Vitvi06g01411",0.39298874594593,0.0177400990987495,1,0.0344332840229548,4
"Vitvi06g01417",0.478898349698169,0.00312849885508842,1,0.0114360502480617,78
"Vitvi06g01419",0.314428209397787,0.0618077618339936,1,0.0819323892117694,7
"Vitvi06g01447",-0.333777637668421,0.0466511603903606,1,0.0662060258786077,44
"Vitvi06g01480",0.57399680266734,0.000251925466762095,0.820521245244142,0.00201108148344152,468
"Vitvi06g01513",-0.324199175053092,0.0537299532675185,1,0.0735699148501624,425
"Vitvi06g01516",0.559646882600657,0.000387017462770901,1,0.002826268780818,314
"Vitvi06g01531",-0.57399680266734,0.000251925466762095,0.820521245244142,0.00201108148344152,170
"Vitvi06g01536",-0.638571442967416,2.77964224488528e-05,0.0905329479159134,0.000427042207150535,125
"Vitvi06g01556",-0.344398081600404,0.0396995102296854,1,0.0593662649818488,1431
"Vitvi06g01574",-0.602582743783759,0.000100689603007756,0.32794603699626,0.000981874362264253,469
"Vitvi06g01594",-0.401500636615636,0.0152203400780548,1,0.0309056406697161,478
"Vitvi06g01600",0.440199493156902,0.00721598030084792,1,0.0206887745069206,3
"Vitvi06g01607",0.351573041633746,0.0354971658889759,1,0.0544579695244439,7
"Vitvi06g01613",-0.478898349698169,0.00312849885508842,1,0.0114360502480617,4
"Vitvi06g01618",0.719413407498765,7.65599059629689e-07,0.0024935561372139,3.28099491738671e-05,104
"Vitvi06g01637",-0.480722322233897,0.00300044009732611,1,0.0114360502480617,5
"Vitvi06g01658",-0.072560356014874,0.67408182426832,1,0.683525685442689,1398
"Vitvi06g01665",-0.256379924585888,0.131210130347675,1,0.158807653118684,155
"Vitvi06g01678",-0.53094704246729,0.000863545476365859,1,0.00530673135193132,25
"Vitvi06g01689",0.420850064886269,0.010590608809886,1,0.0250498278095852,256
"Vitvi06g01725",0.495072242300581,0.0021423652123623,1,0.0109196924830424,24
"Vitvi06g01762",0.516597122400606,0.00125690591977388,1,0.00707036715147413,589
"Vitvi06g01821",-0.120933926691457,0.482316946894032,1,0.50789081669378,1163
"Vitvi06g01847",-0.382151208345003,0.0214447164072558,1,0.0381669078352089,1544
"Vitvi06g01911",0.14028335496209,0.414476147144056,1,0.445380670157767,27
"Vitvi06g01924",-0.423322641967163,0.0100959760440297,1,0.0250498278095852,560
"Vitvi06g01930",-0.401500636615636,0.0152203400780548,1,0.0309056406697161,1673
"Vitvi06g01937",-0.401797761867138,0.015138125307633,1,0.0309056406697161,1518
"Vitvi06g01944",-0.0628856418795575,0.715590124288945,1,0.722914713030116,6
"Vitvi06g01945",-0.631396482934074,3.63959573998368e-05,0.118541633251268,0.000483843401025592,856
"Vitvi06g01949",0.495072242300581,0.0021423652123623,1,0.0109196924830424,245
"Vitvi06g01954",-0.420850064886269,0.010590608809886,1,0.0250498278095852,373
"Vitvi06g04011",-0.478898349698169,0.00312849885508842,1,0.0114360502480617,34
"Vitvi06g04015",-0.609871602834049,7.8569440725387e-05,0.255900668442585,0.000814970281664284,1403
"Vitvi06g04048",-0.219662279017007,0.198007337189266,1,0.232483740888767,108
"Vitvi06g04052",0.237030496315255,0.163946637501507,1,0.1952373668528,53
"Vitvi06g04053",-0.330048161533721,0.0493125080986809,1,0.0685784965317695,15
"Vitvi06g04057",-0.301348321400354,0.0740899184807144,1,0.0952668237235242,196
"Vitvi06g04091",-0.169307497368039,0.323571829826416,1,0.359561054160573,149
"Vitvi06g04118",-0.0822350701501905,0.633500208816201,1,0.653981039655901,53
"Vitvi06g04119",0.420850064886269,0.010590608809886,1,0.0250498278095852,9
"Vitvi06g04121",0.866359712001401,8.69442361037607e-12,2.83177376989949e-08,1.34846369995214e-09,71
"Vitvi06g04134",-0.39182592248032,0.0181099832764267,1,0.0344332840229548,127
"Vitvi06g04151",-0.279823441300328,0.0983522347340234,1,0.122921423073183,35
"Vitvi06g04156",0.416147681933822,0.011588218990186,1,0.0272118451701773,18
"Vitvi06g04173",0.285404066991838,0.0915479263669639,1,0.114681383145078,82
"Vitvi06g04190",-0.420850064886269,0.010590608809886,1,0.0250498278095852,163
"Vitvi06g04208",0.217681068044622,0.202185093959943,1,0.235268614157747,14
"Vitvi06g04211",0.36280178007437,0.0296534634974875,1,0.0480982722167914,26
"Vitvi06g04249",-0.595521682767366,0.000127313692999972,0.414660698100909,0.00113605670712579,74
"Vitvi06g04250",-0.581171762700682,0.000201731083518182,0.65703813901872,0.00168040444761821,82
"Vitvi07g00012",0.45202248210053,0.00564613925901835,1,0.0177982846526642,179
"Vitvi07g00029",0.523772082433948,0.00104397040540408,1,0.00610450917486732,765
"Vitvi07g00060",-0.478898349698169,0.00312849885508842,1,0.0114360502480617,24
"Vitvi07g00064",-0.430524779021586,0.00876561976487687,1,0.0231295625169395,1615
"Vitvi07g00090",-0.169307497368039,0.323571829826416,1,0.359561054160573,623
"Vitvi07g00105",-0.478898349698169,0.00312849885508842,1,0.0114360502480617,1032
"Vitvi07g00117",0.401500636615636,0.0152203400780549,1,0.0309056406697161,69
"Vitvi07g00123",-0.304753495262471,0.0707229426338605,1,0.0913341094997953,655
"Vitvi07g00177",-0.198331639773989,0.246229438389849,1,0.281294030457994,217
"Vitvi07g00187",-0.638571442967416,2.77964224488528e-05,0.0905329479159134,0.000427042207150535,83
"Vitvi07g00188",-0.149958069097406,0.382692613049351,1,0.415476613567245,533
"Vitvi07g00207",0.609871602834049,7.8569440725387e-05,0.255900668442585,0.000814970281664284,119
"Vitvi07g00213",-0.382151208345003,0.0214447164072558,1,0.0381669078352089,1443
"Vitvi07g00217",0.266054638721205,0.116785634586865,1,0.143104142907984,159
"Vitvi07g00219",-0.337223121567062,0.0442962269402098,1,0.0641497604020735,87
"Vitvi07g00236",0.420850064886269,0.010590608809886,1,0.0250498278095852,4
"Vitvi07g00242",0.420850064886269,0.010590608809886,1,0.0250498278095852,81
"Vitvi07g00283",-0.707062962734838,1.43083923232176e-06,0.00466024337967199,5.23622851648538e-05,34
"Vitvi07g00293",-0.545296962533973,0.000583320667650517,1,0.00394984493666888,8
"Vitvi07g00351",-0.337223121567062,0.0442962269402098,1,0.0641497604020735,1618
"Vitvi07g00352",-0.337223121567062,0.0442962269402098,1,0.0641497604020735,674
"Vitvi07g00361",0.645746403000758,2.10820008752171e-05,0.0686640768505822,0.000373174330709686,3
"Vitvi07g00368",-0.333777637668421,0.0466511603903606,1,0.0662060258786077,267
"Vitvi07g00376",-0.308523281433695,0.0671364837598805,1,0.0880997290918338,170
"Vitvi07g00383",-0.449874207292219,0.00590725996608227,1,0.0177982846526642,75
"Vitvi07g00386",-0.478898349698169,0.00312849885508842,1,0.0114360502480617,35
"Vitvi07g00390",-0.358748001667088,0.0316645308614795,1,0.0507286655267283,1282
"Vitvi07g00393",-0.639135516533238,2.72056700272495e-05,0.0886088672787515,0.000427042207150535,303
"Vitvi07g00400",-0.401500636615636,0.0152203400780548,1,0.0309056406697161,1666
"Vitvi07g00401",-0.169307497368039,0.323571829826416,1,0.359561054160573,594
"Vitvi07g00404",0.411175350750953,0.0127285678576514,1,0.0281254718537114,549
"Vitvi07g00405",0.353127065939054,0.0346365270501542,1,0.0535920040866283,678
"Vitvi07g00411",-0.304753495262471,0.0707229426338605,1,0.0913341094997953,81
"Vitvi07g00434",0.57399680266734,0.000251925466762095,0.820521245244142,0.00201108148344152,608
"Vitvi07g00441",-0.411175350750953,0.0127285678576514,1,0.0281254718537114,583
"Vitvi07g00454",-0.330048161533721,0.0493125080986809,1,0.0685784965317695,1080
"Vitvi07g00468",-0.406088370810794,0.013991917943135,1,0.0306261268419292,4
"Vitvi07g00502",-0.343452351803737,0.0402822983143647,1,0.0593662649818488,5
"Vitvi07g00505",-0.169307497368039,0.323571829826416,1,0.359561054160573,679
"Vitvi07g00515",-0.420850064886269,0.010590608809886,1,0.0250498278095852,1339
"Vitvi07g00521",-0.344398081600404,0.0396995102296854,1,0.0593662649818488,127
"Vitvi07g00523",0.657661183679129,1.31078878160574e-05,0.042692390616899,0.000290424425965299,584
"Vitvi07g00524",-0.266054638721205,0.116785634586865,1,0.143104142907984,20
"Vitvi07g00586",-0.411175350750953,0.0127285678576514,1,0.0281254718537114,1036
"Vitvi07g00604",0.372476494209687,0.0252748166470031,1,0.0426528900618079,23
"Vitvi07g00636",-0.193723920900227,0.257597648956622,1,0.29386884155927,9
"Vitvi07g00654",-0.159632783232723,0.352382996354793,1,0.38721707797826,615
"Vitvi07g00659",-0.178982211503356,0.296273865831986,1,0.332746200349924,326
"Vitvi07g00664",0.423322641967163,0.0100959760440297,1,0.0250498278095852,88
"Vitvi07g00665",-0.188656925638672,0.270494358476957,1,0.307182749497716,891
"Vitvi07g00667",-0.11125921255614,0.518275138427944,1,0.54207518492608,869
"Vitvi07g00676",0.39182592248032,0.0181099832764267,1,0.0344332840229548,104
"Vitvi07g00690",-0.372476494209687,0.0252748166470032,1,0.0426528900618079,247
"Vitvi07g00735",-0.39182592248032,0.0181099832764267,1,0.0344332840229548,41
"Vitvi07g00741",-0.330374397435055,0.049074958737865,1,0.0685784965317695,1140
"Vitvi07g00807",0.617046562867391,6.11763032283901e-05,0.199251219614867,0.000694255120609296,7
"Vitvi07g00814",0.602696642800707,0.000100304716366617,0.32669246120607,0.000981874362264253,20
"Vitvi07g00890",0.333561238507307,0.0468023594919455,1,0.0663627709470032,120
"Vitvi07g01071",-0.420850064886269,0.010590608809886,1,0.0250498278095852,733
"Vitvi07g01097",0.509422162367264,0.00150722386046954,1,0.00810070645800213,88
"Vitvi07g01120",-0.478898349698169,0.00312849885508842,1,0.0114360502480617,134
"Vitvi07g01140",-0.208006353909306,0.223466571725695,1,0.256911621641577,110
"Vitvi07g01250",-0.624221522900733,4.73386834040076e-05,0.154182091846853,0.000573167627683467,1076
"Vitvi07g01255",-0.382151208345003,0.0214447164072558,1,0.0381669078352089,1331
"Vitvi07g01267",-0.719981915310349,7.43289224995984e-07,0.00242089300581192,3.28099491738671e-05,686
"Vitvi07g01276",-0.401500636615636,0.0152203400780548,1,0.0309056406697161,10
"Vitvi07g01315",-0.866359712001401,8.69442361037601e-12,2.83177376989947e-08,1.34846369995214e-09,91
"Vitvi07g01326",-0.14028335496209,0.414476147144056,1,0.445380670157767,551
"Vitvi07g01342",-0.740378003562767,2.44817524107697e-07,0.00079737067601877,1.47661236299772e-05,315
"Vitvi07g01364",-0.401500636615636,0.0152203400780548,1,0.0309056406697161,247
"Vitvi07g01380",-0.304753495262471,0.0707229426338605,1,0.0913341094997953,35
"Vitvi07g01394",0.430524779021586,0.00876561976487691,1,0.0231295625169395,22
"Vitvi07g01396",-0.353127065939054,0.0346365270501543,1,0.0535920040866283,465
"Vitvi07g01407",0.669834357002478,7.89120547599315e-06,0.0257016562353097,0.000199237645234959,54
"Vitvi07g01414",0.516597122400606,0.00125690591977388,1,0.00707036715147413,397
"Vitvi07g01415",-0.40897272190048,0.013263225639686,1,0.0290506562935156,638
"Vitvi07g01433",0.266054638721205,0.116785634586865,1,0.143104142907984,61
"Vitvi07g01473",-0.353127065939054,0.0346365270501543,1,0.0535920040866283,1021
"Vitvi07g01535",-0.343452351803737,0.0402822983143647,1,0.0593662649818488,933
"Vitvi07g01591",-0.401500636615636,0.0152203400780548,1,0.0309056406697161,1098
"Vitvi07g01598",-0.353127065939054,0.0346365270501543,1,0.0535920040866283,9
"Vitvi07g01599",-0.401500636615636,0.0152203400780548,1,0.0309056406697161,1158
"Vitvi07g01603",-0.420850064886269,0.010590608809886,1,0.0250498278095852,206
"Vitvi07g01604",-0.420850064886269,0.010590608809886,1,0.0250498278095852,9
"Vitvi07g01612",-0.382151208345003,0.0214447164072558,1,0.0381669078352089,1483
"Vitvi07g01636",-0.072560356014874,0.67408182426832,1,0.683525685442689,1558
"Vitvi07g01645",-0.645746403000758,2.10820008752169e-05,0.0686640768505814,0.000373174330709686,4
"Vitvi07g01671",0.430524779021586,0.00876561976487691,1,0.0231295625169395,20
"Vitvi07g01679",-0.304753495262471,0.0707229426338605,1,0.0913341094997953,76
"Vitvi07g01686",-0.308523281433695,0.0671364837598805,1,0.0880997290918338,408
"Vitvi07g01697",-0.198331639773989,0.246229438389849,1,0.281294030457994,807
"Vitvi07g01699",-0.624221522900733,4.73386834040076e-05,0.154182091846853,0.000573167627683467,1620
"Vitvi07g01709",-0.382151208345003,0.0214447164072558,1,0.0381669078352089,1387
"Vitvi07g01718",0.737939074644656,2.81075640112032e-07,0.000915463359844887,1.66447883608161e-05,56
"Vitvi07g01719",0.719413407498765,7.65599059629689e-07,0.0024935561372139,3.28099491738671e-05,39
"Vitvi07g01723",-0.217681068044622,0.202185093959942,1,0.235268614157747,13
"Vitvi07g01732",-0.358748001667088,0.0316645308614795,1,0.0507286655267283,1665
"Vitvi07g01736",-0.380272881767113,0.0221479552944204,1,0.0390768637020191,960
"Vitvi07g01791",-0.256379924585888,0.131210130347675,1,0.158807653118684,14
"Vitvi07g01807",0.589483118918895,0.000154932061894313,0.504613725589777,0.00136382087997237,492
"Vitvi07g01813",0.380272881767113,0.0221479552944204,1,0.0390768637020191,6
"Vitvi07g01814",0.559646882600657,0.000387017462770901,1,0.002826268780818,374
"Vitvi07g01829",0.651485961297165,1.68115837483811e-05,0.0547553282684773,0.000355554079665437,550
"Vitvi07g01844",-0.353127065939054,0.0346365270501543,1,0.0535920040866283,989
"Vitvi07g01847",-0.449874207292219,0.00590725996608227,1,0.0177982846526642,30
"Vitvi07g01898",-0.333777637668421,0.0466511603903606,1,0.0662060258786077,835
"Vitvi07g01909",-0.502247202333923,0.00180036184177854,1,0.00936705833653789,63
"Vitvi07g01916",-0.351573041633746,0.0354971658889758,1,0.0544579695244439,1144
"Vitvi07g01920",-0.478898349698169,0.00312849885508842,1,0.0114360502480617,119
"Vitvi07g01929",0.36280178007437,0.0296534634974875,1,0.0480982722167914,6
"Vitvi07g01948",-0.353127065939054,0.0346365270501543,1,0.0535920040866283,688
"Vitvi07g01951",-0.430524779021586,0.00876561976487687,1,0.0231295625169395,234
"Vitvi07g01970",-0.198331639773989,0.246229438389849,1,0.281294030457994,688
"Vitvi07g01990",0.382151208345003,0.0214447164072558,1,0.0381669078352089,5
"Vitvi07g02000",-0.114799360533468,0.504965768061545,1,0.530882345570191,84
"Vitvi07g02006",-0.143499200666835,0.403749780213674,1,0.436736311576199,1039
"Vitvi07g02029",-0.072560356014874,0.67408182426832,1,0.683525685442689,1588
"Vitvi07g02062",0.440199493156902,0.00721598030084792,1,0.0206887745069206,56
"Vitvi07g02067",-0.478898349698169,0.00312849885508842,1,0.0114360502480617,3
"Vitvi07g02069",0.478898349698169,0.00312849885508842,1,0.0114360502480617,21
"Vitvi07g02097",-0.251123601166961,0.139579734523285,1,0.168374516793459,231
"Vitvi07g02110",-0.342724842198983,0.0407353104256489,1,0.0598983774520716,1220
"Vitvi07g02111",-0.336549619817019,0.0447488591013894,1,0.0646041817789119,1047
"Vitvi07g02114",-0.583558515095565,0.00018714223369946,0.609522255159142,0.00160823814026159,1053
"Vitvi07g02119",-0.348900064580946,0.0370182005919095,1,0.0567113261184615,696
"Vitvi07g02123",-0.358748001667088,0.0316645308614795,1,0.0507286655267283,8
"Vitvi07g02131",0.351573041633746,0.0354971658889759,1,0.0544579695244439,21
"Vitvi07g02137",-0.330048161533721,0.0493125080986809,1,0.0685784965317695,1177
"Vitvi07g02185",0.308523281433695,0.0671364837598807,1,0.0880997290918338,502
"Vitvi07g02188",-0.188656925638672,0.270494358476957,1,0.307182749497716,223
"Vitvi07g02190",0.256379924585888,0.131210130347675,1,0.158807653118684,37
"Vitvi07g02213",-0.14028335496209,0.414476147144056,1,0.445380670157767,705
"Vitvi07g02226",-0.246705210450572,0.146913319045593,1,0.176306809186255,10
"Vitvi07g02229",0.411175350750953,0.0127285678576514,1,0.0281254718537114,3
"Vitvi07g02231",-0.130608640826773,0.447699103241463,1,0.476521561848838,1264
"Vitvi07g02246",-0.53094704246729,0.000863545476365859,1,0.00530673135193132,423
"Vitvi07g02249",-0.453878845074328,0.00542856662126945,1,0.0176103998859309,679
"Vitvi07g02294",-0.63533180594592,3.14204180292241e-05,0.102336301521183,0.000475982797772943,131
"Vitvi07g02323",0.214238519041278,0.209589511894963,1,0.243276208211652,146
"Vitvi07g02345",-0.478898349698169,0.00312849885508842,1,0.0114360502480617,895
"Vitvi07g02362",0.0435362136089244,0.800949927206221,1,0.807395206719488,43
"Vitvi07g02402",-0.0145120712029748,0.933053415183962,1,0.936099085702549,69
"Vitvi07g02412",-0.502247202333923,0.00180036184177854,1,0.00936705833653789,42
"Vitvi07g02558",0.411175350750953,0.0127285678576514,1,0.0281254718537114,245
"Vitvi07g02588",-0.072560356014874,0.67408182426832,1,0.683525685442689,1158
"Vitvi07g02613",0.36280178007437,0.0296534634974875,1,0.0480982722167914,9
"Vitvi07g02637",-0.440199493156902,0.00721598030084795,1,0.0206887745069206,882
"Vitvi07g02686",-0.583558515095565,0.00018714223369946,0.609522255159142,0.00160823814026159,40
"Vitvi07g02789",-0.351573041633746,0.0354971658889758,1,0.0544579695244439,1619
"Vitvi07g02832",-0.670011628443056,7.83176070412865e-06,0.025508044613347,0.000199237645234959,142
"Vitvi07g02853",0.401500636615636,0.0152203400780549,1,0.0309056406697161,61
"Vitvi07g02896",-0.324102923533104,0.0538052002373616,1,0.0735699148501624,1433
"Vitvi07g02920",-0.502247202333923,0.00180036184177854,1,0.00936705833653789,47
"Vitvi07g02979",-0.295078781127154,0.0806150363631191,1,0.102684072520406,45
"Vitvi07g02983",-0.258298561200303,0.128249602946178,1,0.156503917870252,319
"Vitvi07g03061",-0.624221522900733,4.73386834040076e-05,0.154182091846853,0.000573167627683467,1079
"Vitvi07g03072",-0.401500636615636,0.0152203400780548,1,0.0309056406697161,1563
"Vitvi07g03086",-0.668487432099847,8.35648615869206e-06,0.0272170754188601,0.000206239304845271,100
"Vitvi07g03194",-0.411175350750953,0.0127285678576514,1,0.0281254718537114,22
"Vitvi07g04026",-0.333777637668421,0.0466511603903606,1,0.0662060258786077,16
"Vitvi07g04040",-0.337223121567062,0.0442962269402098,1,0.0641497604020735,1383
"Vitvi07g04101",-0.256379924585888,0.131210130347675,1,0.158807653118684,3
"Vitvi07g04159",-0.343452351803737,0.0402822983143647,1,0.0593662649818488,1129
"Vitvi07g04167",-0.523772082433948,0.00104397040540408,1,0.00610450917486732,9
"Vitvi07g04204",0.638571442967416,2.77964224488528e-05,0.0905329479159134,0.000427042207150535,32
"Vitvi07g04261",-0.401500636615636,0.0152203400780548,1,0.0309056406697161,551
"Vitvi07g04268",-0.343452351803737,0.0402822983143647,1,0.0593662649818488,334
"Vitvi07g04276",0.449874207292219,0.00590725996608226,1,0.0177982846526642,13
"Vitvi07g04337",-0.538122002500631,0.00071128356377806,1,0.00462405302839349,781
"Vitvi07g04338",0.314428209397787,0.0618077618339936,1,0.0819323892117694,79
"Vitvi07g04339",0.459197442133872,0.00484474340951937,1,0.0157321328861462,92
"Vitvi07g04340",0.509422162367264,0.00150722386046954,1,0.00810070645800213,84
"Vitvi07g04371",0.646642651042071,2.03561248738774e-05,0.0662998987142186,0.000373174330709686,84
"Vitvi07g04372",0.495072242300581,0.0021423652123623,1,0.0109196924830424,78
"Vitvi07g04373",0.571208070331638,0.00027427150802485,0.893302301636937,0.00217348491882467,74
"Vitvi07g04390",-0.36280178007437,0.0296534634974876,1,0.0480982722167914,1507
"Vitvi07g04391",-0.169307497368039,0.323571829826416,1,0.359561054160573,451
"Vitvi07g04398",-0.36280178007437,0.0296534634974876,1,0.0480982722167914,1188
"Vitvi07g04401",-0.39182592248032,0.0181099832764267,1,0.0344332840229548,1627
"Vitvi07g04438",0.411175350750953,0.0127285678576514,1,0.0281254718537114,25
"Vitvi07g04439",-0.478898349698169,0.00312849885508842,1,0.0114360502480617,7
"Vitvi07g04462",-0.130608640826773,0.447699103241463,1,0.476521561848838,1316
"Vitvi07g04464",0.401500636615636,0.0152203400780549,1,0.0309056406697161,6
"Vitvi07g04480",-0.358748001667088,0.0316645308614795,1,0.0507286655267283,1169
"Vitvi07g04483",-0.382151208345003,0.0214447164072558,1,0.0381669078352089,1320
"Vitvi07g04521",-0.429177955546474,0.00900235805292827,1,0.0236457098212801,13
"Vitvi07g04530",0.503280624130037,0.00175527745304601,1,0.00932616421626574,9
"Vitvi07g04541",-0.136324240633493,0.427900045660015,1,0.458897085516849,1401
"Vitvi07g04548",-0.411175350750953,0.0127285678576514,1,0.0281254718537114,1179
"Vitvi07g04549",-0.411175350750953,0.0127285678576514,1,0.0281254718537114,1189
"Vitvi07g04553",-0.343452351803737,0.0402822983143647,1,0.0593662649818488,887
"Vitvi07g04561",-0.355256278410221,0.0334850480259067,1,0.0535920040866283,90
"Vitvi07g04568",-0.469223635562852,0.00389036020229628,1,0.0133659316232901,154
"Vitvi07g04587",0.372476494209687,0.0252748166470031,1,0.0426528900618079,470
"Vitvi07g04591",0.523772082433948,0.00104397040540408,1,0.00610450917486732,716
"Vitvi07g04612",-0.39182592248032,0.0181099832764267,1,0.0344332840229548,68
"Vitvi07g04619",0.566821842633998,0.000313017471211837,1,0.00239318756745763,419
"Vitvi07g04631",-0.365922961700429,0.0281775586427065,1,0.0469674045543988,357
"Vitvi07g04634",0.373097921733771,0.0250128969168012,1,0.0426528900618079,44
"Vitvi07g04654",-0.420850064886269,0.010590608809886,1,0.0250498278095852,226
"Vitvi07g04655",-0.348900064580946,0.0370182005919095,1,0.0567113261184615,875
"Vitvi07g04661",-0.638571442967416,2.77964224488528e-05,0.0905329479159134,0.000427042207150535,1002
"Vitvi07g04662",-0.411175350750953,0.0127285678576514,1,0.0281254718537114,1239
"Vitvi07g04707",0.430524779021586,0.00876561976487691,1,0.0231295625169395,46
"Vitvi08g00019",0.266054638721205,0.116785634586865,1,0.143104142907984,32
"Vitvi08g00041",-0.372476494209687,0.0252748166470032,1,0.0426528900618079,1631
"Vitvi08g00052",-0.437672562033847,0.00759614356666715,1,0.0215698688723931,233
"Vitvi08g00055",-0.401500636615636,0.0152203400780548,1,0.0309056406697161,1399
"Vitvi08g00100",-0.285404066991838,0.0915479263669638,1,0.114681383145078,111
"Vitvi08g00117",-0.372476494209687,0.0252748166470032,1,0.0426528900618079,4
"Vitvi08g00133",-0.367425731726837,0.0274888133415333,1,0.0463171572961065,128
"Vitvi08g00175",-0.314428209397787,0.0618077618339936,1,0.0819323892117694,81
"Vitvi08g00189",-0.159632783232723,0.352382996354793,1,0.38721707797826,782
"Vitvi08g00221",-0.120933926691457,0.482316946894032,1,0.50789081669378,1360
"Vitvi08g00222",-0.401500636615636,0.0152203400780548,1,0.0309056406697161,914
"Vitvi08g00235",-0.149958069097406,0.382692613049351,1,0.415476613567245,1359
"Vitvi08g00274",-0.304753495262471,0.0707229426338605,1,0.0913341094997953,1030
"Vitvi08g00636",-0.358748001667088,0.0316645308614795,1,0.0507286655267283,22
"Vitvi08g00643",-0.227355782179939,0.182356808244462,1,0.214572299296319,27
"Vitvi08g00658",0.595521682767366,0.000127313692999973,0.414660698100913,0.00113605670712579,151
"Vitvi08g00662",-0.62678507176931,4.31273835887367e-05,0.140465888348515,0.000559625053181336,1018
"Vitvi08g00673",-0.150674160700177,0.380398322087054,1,0.415476613567245,1465
"Vitvi08g00700",0.469223635562852,0.00389036020229627,1,0.0133659316232901,14
"Vitvi08g00703",0.478898349698169,0.00312849885508842,1,0.0114360502480617,52
"Vitvi08g00719",0.39182592248032,0.0181099832764267,1,0.0344332840229548,24
"Vitvi08g00723",0.459548921427535,0.00480814938579871,1,0.0156915256007479,39
"Vitvi08g00744",0.401500636615636,0.0152203400780549,1,0.0309056406697161,136
"Vitvi08g00768",0.478898349698169,0.00312849885508842,1,0.0114360502480617,5
"Vitvi08g00769",-0.14028335496209,0.414476147144056,1,0.445380670157767,918
"Vitvi08g00781",-0.28699840133367,0.0896719638266695,1,0.113333948848841,208
"Vitvi08g00795",0.645310738915201,2.14432683486358e-05,0.0698407250115068,0.000375487768879069,43
"Vitvi08g00801",-0.343452351803737,0.0402822983143647,1,0.0593662649818488,7
"Vitvi08g00802",-0.382151208345003,0.0214447164072558,1,0.0381669078352089,417
"Vitvi08g00819",-0.208073840966911,0.223313018188778,1,0.256911621641577,327
"Vitvi08g00820",-0.304753495262471,0.0707229426338605,1,0.0913341094997953,414
"Vitvi08g00821",0.420850064886269,0.010590608809886,1,0.0250498278095852,4
"Vitvi08g00825",-0.382151208345003,0.0214447164072558,1,0.0381669078352089,1563
"Vitvi08g00827",-0.372476494209687,0.0252748166470032,1,0.0426528900618079,883
"Vitvi08g00846",0.478898349698169,0.00312849885508842,1,0.0114360502480617,6
"Vitvi08g00853",-0.382151208345003,0.0214447164072558,1,0.0381669078352089,1211
"Vitvi08g00863",-0.344398081600404,0.0396995102296854,1,0.0593662649818488,530
"Vitvi08g00877",-0.411175350750953,0.0127285678576514,1,0.0281254718537114,499
"Vitvi08g00883",-0.336549619817019,0.0447488591013894,1,0.0646041817789119,1353
"Vitvi08g00910",-0.0822350701501905,0.633500208816201,1,0.653981039655901,960
"Vitvi08g00911",-0.40897272190048,0.013263225639686,1,0.0290506562935156,694
"Vitvi08g00940",0.430524779021586,0.00876561976487691,1,0.0231295625169395,37
"Vitvi08g00949",0.459197442133872,0.00484474340951937,1,0.0157321328861462,6
"Vitvi08g00957",-0.670011628443056,7.83176070412865e-06,0.025508044613347,0.000199237645234959,23
"Vitvi08g00958",-0.149958069097406,0.382692613049351,1,0.415476613567245,489
"Vitvi08g00961",-0.351573041633746,0.0354971658889758,1,0.0544579695244439,1626
"Vitvi08g00978",0.382151208345003,0.0214447164072558,1,0.0381669078352089,4
"Vitvi08g01024",-0.337223121567062,0.0442962269402098,1,0.0641497604020735,820
"Vitvi08g01036",-0.478898349698169,0.00312849885508842,1,0.0114360502480617,7
"Vitvi08g01041",-0.36280178007437,0.0296534634974876,1,0.0480982722167914,160
"Vitvi08g01058",-0.449874207292219,0.00590725996608227,1,0.0177982846526642,47
"Vitvi08g01073",-0.304753495262471,0.0707229426338605,1,0.0913341094997953,75
"Vitvi08g01075",-0.150674160700177,0.380398322087054,1,0.415476613567245,1392
"Vitvi08g01087",-0.169307497368039,0.323571829826416,1,0.359561054160573,92
"Vitvi08g01107",-0.411175350750953,0.0127285678576514,1,0.0281254718537114,163
"Vitvi08g01174",-0.478898349698169,0.00312849885508842,1,0.0114360502480617,29
"Vitvi08g01185",-0.577383292713601,0.000226988801827679,0.739302527552749,0.00186222299131675,40
"Vitvi08g01195",-0.072560356014874,0.67408182426832,1,0.683525685442689,233
"Vitvi08g01196",0.411175350750953,0.0127285678576514,1,0.0281254718537114,11
"Vitvi08g01223",-0.430524779021586,0.00876561976487687,1,0.0231295625169395,32
"Vitvi08g01230",-0.336549619817019,0.0447488591013894,1,0.0646041817789119,959
"Vitvi08g01231",-0.353127065939054,0.0346365270501543,1,0.0535920040866283,162
"Vitvi08g01235",0.215547550347357,0.206752199850323,1,0.240325451432014,126
"Vitvi08g01257",-0.11125921255614,0.518275138427944,1,0.54207518492608,350
"Vitvi08g01259",0.449874207292219,0.00590725996608226,1,0.0177982846526642,7
"Vitvi08g01260",-0.217681068044622,0.202185093959942,1,0.235268614157747,54
"Vitvi08g01276",-0.401500636615636,0.0152203400780548,1,0.0309056406697161,1427
"Vitvi08g01281",0.304753495262471,0.0707229426338605,1,0.0913341094997953,6
"Vitvi08g01291",-0.615682368648623,6.41873880190989e-05,0.209058322778205,0.000711082730538112,282
"Vitvi08g01297",-0.478898349698169,0.00312849885508842,1,0.0114360502480617,750
"Vitvi08g01325",-0.294173361367012,0.0815930785914507,1,0.10340414668185,15
"Vitvi08g01327",-0.28699840133367,0.0896719638266695,1,0.113333948848841,273
"Vitvi08g01333",-0.67447313135069,6.46371957093938e-06,0.0210523346425496,0.000176910375147475,51
"Vitvi08g01335",-0.333777637668421,0.0466511603903606,1,0.0662060258786077,145
"Vitvi08g01342",-0.129149280600152,0.452832844807881,1,0.480729001153608,1293
"Vitvi08g01348",-0.449874207292219,0.00590725996608227,1,0.0177982846526642,25
"Vitvi08g01358",-0.198331639773989,0.246229438389849,1,0.281294030457994,978
"Vitvi08g01366",0.538122002500631,0.00071128356377806,1,0.00462405302839349,621
"Vitvi08g01376",-0.411175350750953,0.0127285678576514,1,0.0281254718537114,1378
"Vitvi08g01377",0.36280178007437,0.0296534634974875,1,0.0480982722167914,15
"Vitvi08g01382",-0.459548921427535,0.00480814938579871,1,0.0156915256007479,30
"Vitvi08g01410",-0.372476494209687,0.0252748166470032,1,0.0426528900618079,1606
"Vitvi08g01426",-0.420850064886269,0.010590608809886,1,0.0250498278095852,900
"Vitvi08g01427",0.478898349698169,0.00312849885508842,1,0.0114360502480617,3
"Vitvi08g01434",-0.487897282267239,0.00253992909673463,1,0.0114360502480617,38
"Vitvi08g01451",-0.416827510782546,0.0114392506999706,1,0.0269592181836499,19
"Vitvi08g01471",-0.072560356014874,0.67408182426832,1,0.683525685442689,703
"Vitvi08g01498",-0.572902699607449,0.000260490484424683,0.848417507771193,0.00207437043464839,157
"Vitvi08g01500",-0.365922961700429,0.0281775586427065,1,0.0469674045543988,1486
"Vitvi08g01505",0.420850064886269,0.010590608809886,1,0.0250498278095852,21
"Vitvi08g01515",-0.382151208345003,0.0214447164072558,1,0.0381669078352089,1433
"Vitvi08g01523",-0.39182592248032,0.0181099832764267,1,0.0344332840229548,1712
"Vitvi08g01528",0.314428209397787,0.0618077618339936,1,0.0819323892117694,72
"Vitvi08g01537",-0.11125921255614,0.518275138427944,1,0.54207518492608,750
"Vitvi08g01561",-0.401500636615636,0.0152203400780548,1,0.0309056406697161,98
"Vitvi08g01570",-0.343452351803737,0.0402822983143647,1,0.0593662649818488,552
"Vitvi08g01572",-0.631396482934074,3.63959573998368e-05,0.118541633251268,0.000483843401025592,225
"Vitvi08g01579",-0.11125921255614,0.518275138427944,1,0.54207518492608,570
"Vitvi08g01604",-0.595908959859492,0.00012570381227052,0.409417316565084,0.00113605670712579,896
"Vitvi08g01606",-0.130608640826773,0.447699103241463,1,0.476521561848838,12
"Vitvi08g01611",-0.440199493156902,0.00721598030084795,1,0.0206887745069206,187
"Vitvi08g01617",0.731763852262692,3.96103875756544e-07,0.00129011032333906,2.11493495629355e-05,36
"Vitvi08g01621",-0.351573041633746,0.0354971658889758,1,0.0544579695244439,180
"Vitvi08g01627",-0.353127065939054,0.0346365270501543,1,0.0535920040866283,1573
"Vitvi08g01631",0.478898349698169,0.00312849885508842,1,0.0114360502480617,13
"Vitvi08g01640",-0.382151208345003,0.0214447164072558,1,0.0381669078352089,679
"Vitvi08g01668",-0.304753495262471,0.0707229426338605,1,0.0913341094997953,357
"Vitvi08g01680",0.0822350701501905,0.633500208816202,1,0.653981039655901,15
"Vitvi08g01686",-0.322873201500379,0.054773977481723,1,0.0742400518759766,1286
"Vitvi08g01702",-0.430524779021586,0.00876561976487687,1,0.0231295625169395,429
"Vitvi08g01711",-0.129149280600152,0.452832844807881,1,0.480729001153608,1141
"Vitvi08g01714",-0.523772082433948,0.00104397040540408,1,0.00610450917486732,417
"Vitvi08g01735",-0.401797761867138,0.015138125307633,1,0.0309056406697161,499
"Vitvi08g01740",-0.072560356014874,0.67408182426832,1,0.683525685442689,1345
"Vitvi08g01744",0.411175350750953,0.0127285678576514,1,0.0281254718537114,40
"Vitvi08g01770",0.583558515095565,0.00018714223369946,0.609522255159142,0.00160823814026159,42
"Vitvi08g01777",-0.266054638721205,0.116785634586865,1,0.143104142907984,35
"Vitvi08g01787",0.36280178007437,0.0296534634974875,1,0.0480982722167914,182
"Vitvi08g01826",0.449874207292219,0.00590725996608226,1,0.0177982846526642,76
"Vitvi08g01841",0.523772082433948,0.00104397040540408,1,0.00610450917486732,558
"Vitvi08g01843",0.487897282267239,0.00253992909673463,1,0.0114360502480617,310
"Vitvi08g01846",-0.752672914695697,1.19158616195585e-07,0.00038809961294902,9.32643492380682e-06,16
"Vitvi08g01847",0.466372402167214,0.00414355138051984,1,0.0141462755202863,12
"Vitvi08g01851",0.285404066991838,0.0915479263669639,1,0.114681383145078,63
"Vitvi08g01853",-0.301348321400354,0.0740899184807144,1,0.0952668237235242,1449
"Vitvi08g01863",-0.365922961700429,0.0281775586427065,1,0.0469674045543988,1043
"Vitvi08g01881",-0.449874207292219,0.00590725996608227,1,0.0177982846526642,679
"Vitvi08g01897",-0.700887740352874,1.93323218581868e-06,0.00629653722921144,6.36013861536515e-05,33
"Vitvi08g01923",-0.072560356014874,0.67408182426832,1,0.683525685442689,1645
"Vitvi08g01931",0.473547362200556,0.00353201719882767,1,0.0126137938778308,174
"Vitvi08g01940",0.595521682767366,0.000127313692999973,0.414660698100913,0.00113605670712579,106
"Vitvi08g01950",-0.129149280600152,0.452832844807881,1,0.480729001153608,1591
"Vitvi08g02007",-0.53094704246729,0.000863545476365859,1,0.00530673135193132,33
"Vitvi08g02008",-0.473547362200556,0.00353201719882765,1,0.0126137938778308,72
"Vitvi08g02069",-0.478898349698169,0.00312849885508842,1,0.0114360502480617,199
"Vitvi08g02100",0.159632783232723,0.352382996354793,1,0.38721707797826,3
"Vitvi08g02147",-0.411175350750953,0.0127285678576514,1,0.0281254718537114,183
"Vitvi08g02154",0.236773681100278,0.164417351185096,1,0.195511979850258,11
"Vitvi08g02162",-0.39182592248032,0.0181099832764267,1,0.0344332840229548,1366
"Vitvi08g02166",-0.53094704246729,0.000863545476365859,1,0.00530673135193132,48
"Vitvi08g02167",0.550184244324302,0.000508303496349477,1,0.00352243508002181,13
"Vitvi08g02176",-0.351573041633746,0.0354971658889758,1,0.0544579695244439,1352
"Vitvi08g02189",-0.420850064886269,0.010590608809886,1,0.0250498278095852,670
"Vitvi08g02201",-0.380272881767113,0.0221479552944204,1,0.0390768637020191,554
"Vitvi08g02214",0.487897282267239,0.00253992909673463,1,0.0114360502480617,42
"Vitvi08g02217",-0.246705210450572,0.146913319045593,1,0.176306809186255,3
"Vitvi08g02218",0.744759841381024,1.90286131898354e-07,0.000619761931592938,1.19184986844796e-05,79
"Vitvi08g02226",0.372476494209687,0.0252748166470031,1,0.0426528900618079,3
"Vitvi08g02238",0.559646882600657,0.000387017462770901,1,0.002826268780818,119
"Vitvi08g02249",0.440199493156902,0.00721598030084792,1,0.0206887745069206,60
"Vitvi08g02261",0.440199493156902,0.00721598030084792,1,0.0206887745069206,71
"Vitvi08g02275",0.595521682767366,0.000127313692999973,0.414660698100913,0.00113605670712579,75
"Vitvi08g02288",0.685818467487549,3.90794358777023e-06,0.0127281722653676,0.000114668218606916,60
"Vitvi08g02289",0.622232181081055,5.08592315170762e-05,0.165648517051117,0.000604556631573421,22
"Vitvi08g02304",-0.120933926691457,0.482316946894032,1,0.50789081669378,863
"Vitvi08g02326",0.343452351803737,0.0402822983143647,1,0.0593662649818488,3
"Vitvi08g02330",-0.420850064886269,0.010590608809886,1,0.0250498278095852,979
"Vitvi08g02331",-0.401500636615636,0.0152203400780548,1,0.0309056406697161,477
"Vitvi08g02359",-0.275729352856521,0.103584434864025,1,0.12823052236873,14
"Vitvi08g02382",-0.343452351803737,0.0402822983143647,1,0.0593662649818488,15
"Vitvi08g02383",-0.569833681621598,0.000285923238424702,0.931251987549254,0.00226032035812926,62
"Vitvi08g02387",0.449874207292219,0.00590725996608226,1,0.0177982846526642,94
"Vitvi08g02393",0.411175350750953,0.0127285678576514,1,0.0281254718537114,375
"Vitvi08g02397",0.538868875868393,0.000696892460249807,1,0.00462405302839349,37
"Vitvi08g02412",-0.523772082433948,0.00104397040540408,1,0.00610450917486732,52
"Vitvi08g04002",-0.495072242300581,0.00214236521236232,1,0.0109196924830424,148
"Vitvi08g04038",0.0241867853382913,0.888644610531406,1,0.892756167952125,30
"Vitvi08g04075",-0.459548921427535,0.00480814938579871,1,0.0156915256007479,36
"Vitvi08g04102",-0.469223635562852,0.00389036020229628,1,0.0133659316232901,87
"Vitvi08g04118",0.602582743783759,0.000100689603007755,0.327946036996258,0.000981874362264253,43
"Vitvi08g04123",0.53094704246729,0.000863545476365851,1,0.00530673135193132,278
"Vitvi08g04129",0.478898349698169,0.00312849885508842,1,0.0114360502480617,26
"Vitvi08g04165",-0.14028335496209,0.414476147144056,1,0.445380670157767,274
"Vitvi08g04167",0.401500636615636,0.0152203400780549,1,0.0309056406697161,44
"Vitvi08g04190",0.372476494209687,0.0252748166470031,1,0.0426528900618079,10
"Vitvi08g04218",-0.401500636615636,0.0152203400780548,1,0.0309056406697161,884
"Vitvi08g04221",-0.072560356014874,0.67408182426832,1,0.683525685442689,1300
"Vitvi08g04277",0.53094704246729,0.000863545476365851,1,0.00530673135193132,117
"Vitvi08g04284",0.317649021564526,0.0590454606853922,1,0.0798633992742202,78
"Vitvi08g04287",0.387447841800455,0.0195609632394898,1,0.0369119682914359,61
"Vitvi08g04290",0.599325477318007,0.000112275268449246,0.365680549339194,0.00106924137233682,19
"Vitvi08g04296",-0.353127065939054,0.0346365270501543,1,0.0535920040866283,894
"Vitvi08g04314",-0.337223121567062,0.0442962269402098,1,0.0641497604020735,1366
"Vitvi08g04349",-0.169307497368039,0.323571829826416,1,0.359561054160573,807
"Vitvi08g04357",0.440199493156902,0.00721598030084792,1,0.0206887745069206,6
"Vitvi08g04358",0.449874207292219,0.00590725996608226,1,0.0177982846526642,9
"Vitvi08g04367",-0.382151208345003,0.0214447164072558,1,0.0381669078352089,629
"Vitvi08g04368",-0.394622801833796,0.0172310183587185,1,0.0344332840229548,194
"Vitvi08g04370",0.401500636615636,0.0152203400780549,1,0.0309056406697161,41
"Vitvi08g04377",0.431377266538637,0.00861853477674457,1,0.0231295625169395,7
"Vitvi08g04388",-0.120933926691457,0.482316946894032,1,0.50789081669378,278
"Vitvi08g04390",0.401500636615636,0.0152203400780549,1,0.0309056406697161,521
"Vitvi08g04416",-0.227355782179939,0.182356808244462,1,0.214572299296319,423
"Vitvi08g04432",-0.343452351803737,0.0402822983143647,1,0.0593662649818488,1306
"Vitvi09g00022",-0.28699840133367,0.0896719638266695,1,0.113333948848841,3
"Vitvi09g00030",-0.129149280600152,0.452832844807881,1,0.480729001153608,1692
"Vitvi09g00038",0.478898349698169,0.00312849885508842,1,0.0114360502480617,12
"Vitvi09g00039",-0.343452351803737,0.0402822983143647,1,0.0593662649818488,69
"Vitvi09g00040",-0.430497602000505,0.00877034378520732,1,0.0231295625169395,32
"Vitvi09g00045",-0.382151208345003,0.0214447164072558,1,0.0381669078352089,778
"Vitvi09g00064",0.304753495262471,0.0707229426338605,1,0.0913341094997953,9
"Vitvi09g00068",-0.39182592248032,0.0181099832764267,1,0.0344332840229548,1929
"Vitvi09g00083",-0.40897272190048,0.013263225639686,1,0.0290506562935156,269
"Vitvi09g00107",0.304753495262471,0.0707229426338605,1,0.0913341094997953,15
"Vitvi09g00112",-0.430524779021586,0.00876561976487687,1,0.0231295625169395,215
"Vitvi09g00143",-0.285404066991838,0.0915479263669638,1,0.114681383145078,71
"Vitvi09g00144",0.401500636615636,0.0152203400780549,1,0.0309056406697161,63
"Vitvi09g00159",-0.382151208345003,0.0214447164072558,1,0.0381669078352089,108
"Vitvi09g00166",-0.343452351803737,0.0402822983143647,1,0.0593662649818488,50
"Vitvi09g00183",-0.330048161533721,0.0493125080986809,1,0.0685784965317695,1166
"Vitvi09g00206",0.509422162367264,0.00150722386046954,1,0.00810070645800213,42
"Vitvi09g00219",-0.420850064886269,0.010590608809886,1,0.0250498278095852,3
"Vitvi09g00233",0.478898349698169,0.00312849885508842,1,0.0114360502480617,51
"Vitvi09g00241",-0.217681068044622,0.202185093959942,1,0.235268614157747,32
"Vitvi09g00253",-0.478898349698169,0.00312849885508842,1,0.0114360502480617,113
"Vitvi09g00255",-0.478898349698169,0.00312849885508842,1,0.0114360502480617,33
"Vitvi09g00258",-0.57399680266734,0.000251925466762095,0.820521245244142,0.00201108148344152,100
"Vitvi09g00261",-0.337223121567062,0.0442962269402098,1,0.0641497604020735,1576
"Vitvi09g00264",-0.353127065939054,0.0346365270501543,1,0.0535920040866283,1088
"Vitvi09g00275",0.330048161533721,0.049312508098681,1,0.0685784965317695,23
"Vitvi09g00284",-0.478898349698169,0.00312849885508842,1,0.0114360502480617,6
"Vitvi09g00285",0.322873201500379,0.054773977481723,1,0.0742400518759766,6
"Vitvi09g00290",-0.172199040800202,0.315254149597003,1,0.353453619703077,8
"Vitvi09g00323",-0.420850064886269,0.010590608809886,1,0.0250498278095852,648
"Vitvi09g00336",-0.631396482934074,3.63959573998368e-05,0.118541633251268,0.000483843401025592,297
"Vitvi09g00352",-0.411175350750953,0.0127285678576514,1,0.0281254718537114,1527
"Vitvi09g00359",-0.420850064886269,0.010590608809886,1,0.0250498278095852,26
"Vitvi09g00361",-0.509422162367264,0.00150722386046954,1,0.00810070645800213,85
"Vitvi09g00372",-0.624221522900733,4.73386834040076e-05,0.154182091846853,0.000573167627683467,1081
"Vitvi09g00383",-0.208006353909306,0.223466571725695,1,0.256911621641577,3
"Vitvi09g00384",0.382151208345003,0.0214447164072558,1,0.0381669078352089,41
"Vitvi09g00419",-0.866359712001401,8.69442361037601e-12,2.83177376989947e-08,1.34846369995214e-09,98
"Vitvi09g00436",-0.487897282267239,0.00253992909673463,1,0.0114360502480617,28
"Vitvi09g00443",-0.480722322233897,0.00300044009732611,1,0.0114360502480617,163
"Vitvi09g00486",0.227355782179939,0.182356808244462,1,0.214572299296319,54
"Vitvi09g00488",-0.609871602834049,7.8569440725387e-05,0.255900668442585,0.000814970281664284,1371
"Vitvi09g00512",0.295078781127154,0.080615036363119,1,0.102684072520406,35
"Vitvi09g00535",-0.132767281212218,0.440163709723963,1,0.471893746731714,87
"Vitvi09g00540",0.437672562033847,0.00759614356666715,1,0.0215698688723931,62
"Vitvi09g00566",-0.631396482934074,3.63959573998368e-05,0.118541633251268,0.000483843401025592,24
"Vitvi09g00590",-0.130608640826773,0.447699103241463,1,0.476521561848838,535
"Vitvi09g00593",-0.308523281433695,0.0671364837598805,1,0.0880997290918338,1265
"Vitvi09g00618",-0.351573041633746,0.0354971658889758,1,0.0544579695244439,1464
"Vitvi09g00767",0.178982211503356,0.296273865831986,1,0.332746200349924,4
"Vitvi09g00867",0.810852116371421,2.03056993452799e-09,6.61356627675767e-06,1.94516655198755e-07,74
"Vitvi09g00870",0.11125921255614,0.518275138427944,1,0.54207518492608,21
"Vitvi09g00994",-0.149958069097406,0.382692613049351,1,0.415476613567245,67
"Vitvi09g01026",-0.394622801833796,0.0172310183587185,1,0.0344332840229548,79
"Vitvi09g01031",0.478898349698169,0.00312849885508842,1,0.0114360502480617,65
"Vitvi09g01036",-0.372476494209687,0.0252748166470032,1,0.0426528900618079,3
"Vitvi09g01141",-0.420850064886269,0.010590608809886,1,0.0250498278095852,370
"Vitvi09g01145",0.473547362200556,0.00353201719882767,1,0.0126137938778308,54
"Vitvi09g01196",0.324102923533104,0.0538052002373616,1,0.0735699148501624,30
"Vitvi09g01214",-0.382375078288864,0.0213621524612188,1,0.0381669078352089,122
"Vitvi09g01233",-0.394622801833796,0.0172310183587185,1,0.0344332840229548,555
"Vitvi09g01266",-0.365922961700429,0.0281775586427065,1,0.0469674045543988,21
"Vitvi09g01269",-0.136324240633493,0.427900045660015,1,0.458897085516849,610
"Vitvi09g01272",-0.072560356014874,0.67408182426832,1,0.683525685442689,1097
"Vitvi09g01273",0.159632783232723,0.352382996354793,1,0.38721707797826,181
"Vitvi09g01282",-0.387447841800455,0.0195609632394898,1,0.0369119682914359,24
"Vitvi09g01297",-0.632960294151274,3.43391503021161e-05,0.111842612533992,0.000483843401025592,171
"Vitvi09g01302",-0.337223121567062,0.0442962269402098,1,0.0641497604020735,1576
"Vitvi09g01309",-0.217681068044622,0.202185093959942,1,0.235268614157747,105
"Vitvi09g01310",-0.478898349698169,0.00312849885508842,1,0.0114360502480617,16
"Vitvi09g01317",-0.401500636615636,0.0152203400780548,1,0.0309056406697161,1873
"Vitvi09g01335",-0.478898349698169,0.00312849885508842,1,0.0114360502480617,147
"Vitvi09g01376",-0.232564462216885,0.172271400239863,1,0.20477662429972,113
"Vitvi09g01390",0.294173361367012,0.0815930785914507,1,0.10340414668185,37
"Vitvi09g01427",0.487897282267239,0.00253992909673463,1,0.0114360502480617,162
"Vitvi09g01464",-0.353127065939054,0.0346365270501543,1,0.0535920040866283,731
"Vitvi09g01542",-0.353127065939054,0.0346365270501543,1,0.0535920040866283,6
"Vitvi09g01555",-0.478898349698169,0.00312849885508842,1,0.0114360502480617,253
"Vitvi09g01556",-0.478898349698169,0.00312849885508842,1,0.0114360502480617,232
"Vitvi09g01560",-0.449874207292219,0.00590725996608227,1,0.0177982846526642,97
"Vitvi09g01562",-0.324102923533104,0.0538052002373616,1,0.0735699148501624,142
"Vitvi09g01571",-0.304753495262471,0.0707229426338605,1,0.0913341094997953,21
"Vitvi09g01592",-0.252204838871378,0.137826830511731,1,0.166568455278928,121
"Vitvi09g01616",-0.382151208345003,0.0214447164072558,1,0.0381669078352089,1588
"Vitvi09g01646",0.700887740352874,1.9332321858187e-06,0.0062965372292115,6.36013861536515e-05,8
"Vitvi09g01650",-0.411175350750953,0.0127285678576514,1,0.0281254718537114,362
"Vitvi09g01654",0.420850064886269,0.010590608809886,1,0.0250498278095852,329
"Vitvi09g01664",0.449874207292219,0.00590725996608226,1,0.0177982846526642,54
"Vitvi09g01698",-0.700887740352874,1.93323218581868e-06,0.00629653722921144,6.36013861536515e-05,24
"Vitvi09g01708",0.275729352856521,0.103584434864025,1,0.12823052236873,41
"Vitvi09g01736",-0.440199493156902,0.00721598030084795,1,0.0206887745069206,77
"Vitvi09g01751",-0.258298561200303,0.128249602946178,1,0.156503917870252,296
"Vitvi09g01764",-0.53094704246729,0.000863545476365859,1,0.00530673135193132,37
"Vitvi09g01773",0.333777637668421,0.0466511603903606,1,0.0662060258786077,24
"Vitvi09g01807",-0.475963051655091,0.00334457448534123,1,0.0121441238559157,109
"Vitvi09g01914",0.330048161533721,0.049312508098681,1,0.0685784965317695,8
"Vitvi09g01936",-0.478898349698169,0.00312849885508842,1,0.0114360502480617,9
"Vitvi09g01951",-0.550184244324302,0.000508303496349478,1,0.00352243508002181,139
"Vitvi09g02006",-0.179374000833544,0.295200389027218,1,0.332746200349924,7
"Vitvi09g02008",-0.169307497368039,0.323571829826416,1,0.359561054160573,10
"Vitvi09g02033",-0.260925981999432,0.124276234876396,1,0.151996882085025,113
"Vitvi09g02034",-0.430497602000505,0.00877034378520732,1,0.0231295625169395,73
"Vitvi09g02044",-0.449874207292219,0.00590725996608227,1,0.0177982846526642,17
"Vitvi09g04042",-0.333777637668421,0.0466511603903606,1,0.0662060258786077,150
"Vitvi09g04043",0.353127065939054,0.0346365270501542,1,0.0535920040866283,44
"Vitvi09g04078",-0.47647353234679,0.00330609032289886,1,0.0120177859170553,100
"Vitvi09g04081",-0.372476494209687,0.0252748166470032,1,0.0426528900618079,5
"Vitvi09g04085",0.509422162367264,0.00150722386046954,1,0.00810070645800213,36
"Vitvi09g04094",0.314428209397787,0.0618077618339936,1,0.0819323892117694,82
"Vitvi09g04101",-0.372476494209687,0.0252748166470032,1,0.0426528900618079,718
"Vitvi09g04122",0.39182592248032,0.0181099832764267,1,0.0344332840229548,22
"Vitvi09g04146",-0.595521682767366,0.000127313692999972,0.414660698100909,0.00113605670712579,70
"Vitvi09g04150",-0.39182592248032,0.0181099832764267,1,0.0344332840229548,94
"Vitvi09g04152",-0.469223635562852,0.00389036020229628,1,0.0133659316232901,43
"Vitvi09g04166",-0.179374000833544,0.295200389027218,1,0.332746200349924,95
"Vitvi09g04170",-0.304753495262471,0.0707229426338605,1,0.0913341094997953,21
"Vitvi09g04187",0.373097921733771,0.0250128969168012,1,0.0426528900618079,68
"Vitvi09g04205",0.449874207292219,0.00590725996608226,1,0.0177982846526642,43
"Vitvi09g04212",-0.324199175053092,0.0537299532675185,1,0.0735699148501624,97
"Vitvi09g04215",-0.638571442967416,2.77964224488528e-05,0.0905329479159134,0.000427042207150535,29
"Vitvi09g04219",0.449874207292219,0.00590725996608226,1,0.0177982846526642,55
"Vitvi09g04222",-0.523392837657807,0.00105437120516304,1,0.00614326836353492,103
"Vitvi09g04225",0.39182592248032,0.0181099832764267,1,0.0344332840229548,11
"Vitvi09g04231",-0.430524779021586,0.00876561976487687,1,0.0231295625169395,68
"Vitvi09g04280",-0.866359712001401,8.69442361037601e-12,2.83177376989947e-08,1.34846369995214e-09,53
"Vitvi09g04286",-0.487897282267239,0.00253992909673463,1,0.0114360502480617,51
"Vitvi09g04292",0.509422162367264,0.00150722386046954,1,0.00810070645800213,31
"Vitvi09g04307",-0.217681068044622,0.202185093959942,1,0.235268614157747,105
"Vitvi09g04337",-0.39182592248032,0.0181099832764267,1,0.0344332840229548,7
"Vitvi09g04374",-0.00717496003334175,0.966872634784008,1,0.968359216325804,45
"Vitvi09g04376",0.53094704246729,0.000863545476365851,1,0.00530673135193132,9
"Vitvi09g04415",-0.221219854303867,0.194765518512465,1,0.228759932850738,127
"Vitvi09g04416",-0.119118383086697,0.48896445830351,1,0.514724382900624,134
"Vitvi09g04430",0.120933926691457,0.482316946894032,1,0.50789081669378,30
"Vitvi09g04468",-0.237030496315255,0.163946637501507,1,0.1952373668528,35
"Vitvi09g04473",-0.330374397435055,0.049074958737865,1,0.0685784965317695,71
"Vitvi09g04475",-0.552471922567315,0.000476236747738388,1,0.00333570556426652,29
"Vitvi09g04495",-0.420850064886269,0.010590608809886,1,0.0250498278095852,291
"Vitvi09g04535",0.478898349698169,0.00312849885508842,1,0.0114360502480617,61
"Vitvi09g04536",-0.478898349698169,0.00312849885508842,1,0.0114360502480617,124
"Vitvi09g04537",-0.141807598912735,0.409372148188587,1,0.44267101150406,96
"Vitvi09g04541",-0.478898349698169,0.00312849885508842,1,0.0114360502480617,33
"Vitvi09g04548",-0.478898349698169,0.00312849885508842,1,0.0114360502480617,118
"Vitvi09g04550",-0.217681068044622,0.202185093959942,1,0.235268614157747,12
"Vitvi09g04564",-0.731763852262692,3.96103875756545e-07,0.00129011032333907,2.11493495629355e-05,89
"Vitvi09g04565",-0.588346722734024,0.000160693769450826,0.52337960710134,0.00139567895227024,114
"Vitvi09g04597",-0.542743734406421,0.000626295502941561,1,0.00422328044116079,229
"Vitvi09g04607",0.504803184247341,0.00169065902355008,1,0.00905670467056348,36
"Vitvi10g00017",-0.1018911693024,0.554310164147219,1,0.579206995388994,45
"Vitvi10g00026",-0.343452351803737,0.0402822983143647,1,0.0593662649818488,966
"Vitvi10g00049",0.420850064886269,0.010590608809886,1,0.0250498278095852,240
"Vitvi10g00052",-0.372476494209687,0.0252748166470032,1,0.0426528900618079,199
"Vitvi10g00062",-0.256379924585888,0.131210130347675,1,0.158807653118684,73
"Vitvi10g00082",-0.072560356014874,0.67408182426832,1,0.683525685442689,1134
"Vitvi10g00086",-0.478898349698169,0.00312849885508842,1,0.0114360502480617,8
"Vitvi10g00087",0.343452351803737,0.0402822983143647,1,0.0593662649818488,5
"Vitvi10g00100",-0.072560356014874,0.67408182426832,1,0.683525685442689,1567
"Vitvi10g00106",-0.430524779021586,0.00876561976487687,1,0.0231295625169395,1613
"Vitvi10g00119",-0.285404066991838,0.0915479263669638,1,0.114681383145078,454
"Vitvi10g00131",-0.365922961700429,0.0281775586427065,1,0.0469674045543988,173
"Vitvi10g00134",0.136324240633493,0.427900045660015,1,0.458897085516849,17
"Vitvi10g00164",-0.308523281433695,0.0671364837598805,1,0.0880997290918338,91
"Vitvi10g00178",0.00308761119098182,0.985741062565868,1,0.985741062565868,49
"Vitvi10g00179",-0.217681068044622,0.202185093959942,1,0.235268614157747,23
"Vitvi10g00183",-0.208073840966911,0.223313018188778,1,0.256911621641577,23
"Vitvi10g00196",0.545296962533973,0.000583320667650517,1,0.00394984493666888,69
"Vitvi10g00210",-0.478898349698169,0.00312849885508842,1,0.0114360502480617,188
"Vitvi10g00213",-0.365922961700429,0.0281775586427065,1,0.0469674045543988,771
"Vitvi10g00214",-0.420850064886269,0.010590608809886,1,0.0250498278095852,19
"Vitvi10g00229",0.39182592248032,0.0181099832764267,1,0.0344332840229548,252
"Vitvi10g00233",-0.465036682702683,0.00426699202659308,1,0.0145068820778848,174
"Vitvi10g00241",-0.478898349698169,0.00312849885508842,1,0.0114360502480617,86
"Vitvi10g00246",0.00717496003334175,0.966872634784008,1,0.968359216325804,40
"Vitvi10g00290",-0.382151208345003,0.0214447164072558,1,0.0381669078352089,1029
"Vitvi10g00307",-0.372476494209687,0.0252748166470032,1,0.0426528900618079,1429
"Vitvi10g00339",0.343452351803737,0.0402822983143647,1,0.0593662649818488,8
"Vitvi10g00359",-0.382151208345003,0.0214447164072558,1,0.0381669078352089,1390
"Vitvi10g00372",-0.540331958421819,0.000669447517114842,1,0.00448640033589103,655
"Vitvi10g00400",-0.227355782179939,0.182356808244462,1,0.214572299296319,412
"Vitvi10g00413",-0.337223121567062,0.0442962269402098,1,0.0641497604020735,586
"Vitvi10g00414",-0.072560356014874,0.67408182426832,1,0.683525685442689,1686
"Vitvi10g00422",-0.372476494209687,0.0252748166470032,1,0.0426528900618079,888
"Vitvi10g00436",-0.35507528696291,0.0335816960093089,1,0.0535920040866283,1364
"Vitvi10g00451",-0.279823441300328,0.0983522347340234,1,0.122921423073183,84
"Vitvi10g00503",-0.072560356014874,0.67408182426832,1,0.683525685442689,1487
"Vitvi10g00509",-0.559646882600657,0.000387017462770897,1,0.002826268780818,40
"Vitvi10g00520",-0.449874207292219,0.00590725996608227,1,0.0177982846526642,13
"Vitvi10g00523",-0.348900064580946,0.0370182005919095,1,0.0567113261184615,1639
"Vitvi10g00524",-0.351573041633746,0.0354971658889758,1,0.0544579695244439,515
"Vitvi10g00527",0.429177955546474,0.00900235805292827,1,0.0236457098212801,62
"Vitvi10g00562",-0.634907764777323,3.19251911720551e-05,0.103980347647383,0.000481390498367516,1138
"Vitvi10g00567",-0.380272881767113,0.0221479552944204,1,0.0390768637020191,284
"Vitvi10g00613",-0.178982211503356,0.296273865831986,1,0.332746200349924,880
"Vitvi10g00647",0.314428209397787,0.0618077618339936,1,0.0819323892117694,668
"Vitvi10g00668",-0.36280178007437,0.0296534634974876,1,0.0480982722167914,1230
"Vitvi10g00669",-0.420850064886269,0.010590608809886,1,0.0250498278095852,797
"Vitvi10g00679",-0.440199493156902,0.00721598030084795,1,0.0206887745069206,28
"Vitvi10g00694",0.609132556216191,8.05930710257105e-05,0.262491632330739,0.000825445384687859,223
"Vitvi10g00734",0.478898349698169,0.00312849885508842,1,0.0114360502480617,5
"Vitvi10g00740",-0.55885762556771,0.000396041802305422,1,0.00287925926363562,891
"Vitvi10g00759",-0.372476494209687,0.0252748166470032,1,0.0426528900618079,1027
"Vitvi10g00774",-0.198331639773989,0.246229438389849,1,0.281294030457994,144
"Vitvi10g00787",-0.130608640826773,0.447699103241463,1,0.476521561848838,1058
"Vitvi10g00788",-0.101584498420824,0.555509279837126,1,0.579344772471828,1043
"Vitvi10g00806",-0.478898349698169,0.00312849885508842,1,0.0114360502480617,4
"Vitvi10g00811",-0.178982211503356,0.296273865831986,1,0.332746200349924,107
"Vitvi10g00827",-0.478898349698169,0.00312849885508842,1,0.0114360502480617,58
"Vitvi10g00870",-0.373600954108801,0.024802525353346,1,0.0426528900618079,796
"Vitvi10g00879",-0.351573041633746,0.0354971658889758,1,0.0544579695244439,761
"Vitvi10g00882",-0.36280178007437,0.0296534634974876,1,0.0480982722167914,125
"Vitvi10g00903",0.552471922567315,0.000476236747738389,1,0.00333570556426652,32
"Vitvi10g00905",-0.129149280600152,0.452832844807881,1,0.480729001153608,1400
"Vitvi10g00931",-0.440199493156902,0.00721598030084795,1,0.0206887745069206,755
"Vitvi10g00949",-0.361250509344873,0.0304102843617543,1,0.0492522606495444,1769
"Vitvi10g00977",0.0794122553911316,0.645239021339002,1,0.665888305608723,107
"Vitvi10g00984",0.750289519408583,1.37448227308174e-07,0.000447668876342722,9.32643492380682e-06,80
"Vitvi10g00992",-0.411175350750953,0.0127285678576514,1,0.0281254718537114,240
"Vitvi10g01015",-0.449874207292219,0.00590725996608227,1,0.0177982846526642,11
"Vitvi10g01020",-0.188656925638672,0.270494358476957,1,0.307182749497716,431
"Vitvi10g01035",-0.208073840966911,0.223313018188778,1,0.256911621641577,533
"Vitvi10g01070",-0.365922961700429,0.0281775586427065,1,0.0469674045543988,137
"Vitvi10g01072",0.478898349698169,0.00312849885508842,1,0.0114360502480617,24
"Vitvi10g01107",-0.344398081600404,0.0396995102296854,1,0.0593662649818488,1263
"Vitvi10g01155",-0.114799360533468,0.504965768061545,1,0.530882345570191,119
"Vitvi10g01211",-0.449874207292219,0.00590725996608227,1,0.0177982846526642,14
"Vitvi10g01247",0.430497602000505,0.00877034378520732,1,0.0231295625169395,10
"Vitvi10g01384",0.478898349698169,0.00312849885508842,1,0.0114360502480617,457
"Vitvi10g01411",0.478898349698169,0.00312849885508842,1,0.0114360502480617,8
"Vitvi10g01477",-0.440199493156902,0.00721598030084795,1,0.0206887745069206,6
"Vitvi10g01505",-0.353127065939054,0.0346365270501543,1,0.0535920040866283,785
"Vitvi10g01541",-0.256379924585888,0.131210130347675,1,0.158807653118684,34
"Vitvi10g01544",0.495072242300581,0.0021423652123623,1,0.0109196924830424,66
"Vitvi10g01548",-0.072560356014874,0.67408182426832,1,0.683525685442689,1203
"Vitvi10g01549",-0.330048161533721,0.0493125080986809,1,0.0685784965317695,83
"Vitvi10g01552",-0.343452351803737,0.0402822983143647,1,0.0593662649818488,3
"Vitvi10g01585",-0.449874207292219,0.00590725996608227,1,0.0177982846526642,84
"Vitvi10g01615",-0.255442684864854,0.132674587744819,1,0.160460873481201,155
"Vitvi10g01620",-0.39182592248032,0.0181099832764267,1,0.0344332840229548,399
"Vitvi10g01657",-0.469223635562852,0.00389036020229628,1,0.0133659316232901,16
"Vitvi10g01666",-0.411175350750953,0.0127285678576514,1,0.0281254718537114,499
"Vitvi10g01678",-0.382151208345003,0.0214447164072558,1,0.0381669078352089,54
"Vitvi10g01679",-0.179374000833544,0.295200389027218,1,0.332746200349924,54
"Vitvi10g01684",0.343452351803737,0.0402822983143647,1,0.0593662649818488,3
"Vitvi10g01686",0.552471922567315,0.000476236747738389,1,0.00333570556426652,126
"Vitvi10g01696",-0.478898349698169,0.00312849885508842,1,0.0114360502480617,32
"Vitvi10g01697",0.609871602834049,7.8569440725387e-05,0.255900668442585,0.000814970281664284,19
"Vitvi10g01702",-0.449874207292219,0.00590725996608227,1,0.0177982846526642,18
"Vitvi10g01704",-0.353127065939054,0.0346365270501543,1,0.0535920040866283,18
"Vitvi10g01710",-0.237030496315255,0.163946637501507,1,0.1952373668528,432
"Vitvi10g01746",-0.401500636615636,0.0152203400780548,1,0.0309056406697161,915
"Vitvi10g01753",0.275729352856521,0.103584434864025,1,0.12823052236873,74
"Vitvi10g01760",-0.387447841800455,0.0195609632394898,1,0.0369119682914359,410
"Vitvi10g01773",0.39182592248032,0.0181099832764267,1,0.0344332840229548,3
"Vitvi10g01779",0.324102923533104,0.0538052002373616,1,0.0735699148501624,3
"Vitvi10g01787",-0.523772082433948,0.00104397040540408,1,0.00610450917486732,32
"Vitvi10g01789",-0.217681068044622,0.202185093959942,1,0.235268614157747,14
"Vitvi10g01798",0.478898349698169,0.00312849885508842,1,0.0114360502480617,53
"Vitvi10g01812",-0.72713243547622,5.0924175338261e-07,0.00165860039076716,2.63269903296375e-05,309
"Vitvi10g01813",0.333777637668421,0.0466511603903606,1,0.0662060258786077,4
"Vitvi10g01839",-0.545296962533973,0.000583320667650517,1,0.00394984493666888,79
"Vitvi10g01856",-0.295078781127154,0.0806150363631191,1,0.102684072520406,4
"Vitvi10g01857",-0.11125921255614,0.518275138427944,1,0.54207518492608,795
"Vitvi10g01860",-0.130608640826773,0.447699103241463,1,0.476521561848838,1368
"Vitvi10g01862",-0.275729352856521,0.103584434864025,1,0.12823052236873,29
"Vitvi10g01875",-0.432287620540523,0.00846379623972504,1,0.0231295625169395,18
"Vitvi10g01880",-0.143499200666835,0.403749780213674,1,0.436736311576199,946
"Vitvi10g01881",-0.420850064886269,0.010590608809886,1,0.0250498278095852,15
"Vitvi10g01888",-0.411175350750953,0.0127285678576514,1,0.0281254718537114,1256
"Vitvi10g01952",-0.150674160700177,0.380398322087054,1,0.415476613567245,153
"Vitvi10g02015",-0.478898349698169,0.00312849885508842,1,0.0114360502480617,78
"Vitvi10g02037",-0.120933926691457,0.482316946894032,1,0.50789081669378,587
"Vitvi10g02047",-0.478898349698169,0.00312849885508842,1,0.0114360502480617,7
"Vitvi10g02101",-0.509422162367264,0.00150722386046954,1,0.00810070645800213,3
"Vitvi10g02177",-0.420850064886269,0.010590608809886,1,0.0250498278095852,1226
"Vitvi10g02185",-0.411175350750953,0.0127285678576514,1,0.0281254718537114,561
"Vitvi10g02256",-0.40897272190048,0.013263225639686,1,0.0290506562935156,27
"Vitvi10g02282",0.478898349698169,0.00312849885508842,1,0.0114360502480617,7
"Vitvi10g02283",0.545296962533973,0.000583320667650517,1,0.00394984493666888,511
"Vitvi10g02284",0.478898349698169,0.00312849885508842,1,0.0114360502480617,713
"Vitvi10g02289",0.304753495262471,0.0707229426338605,1,0.0913341094997953,6
"Vitvi10g02298",0.324102923533104,0.0538052002373616,1,0.0735699148501624,24
"Vitvi10g02302",0.39182592248032,0.0181099832764267,1,0.0344332840229548,67
"Vitvi10g02309",-0.473547362200556,0.00353201719882765,1,0.0126137938778308,136
"Vitvi10g02340",-0.39182592248032,0.0181099832764267,1,0.0344332840229548,1091
"Vitvi10g02384",-0.411175350750953,0.0127285678576514,1,0.0281254718537114,260
"Vitvi10g04021",0.484754956984147,0.00273340432550801,1,0.0114360502480617,36
"Vitvi10g04023",0.516597122400606,0.00125690591977388,1,0.00707036715147413,36
"Vitvi10g04029",0.566821842633998,0.000313017471211837,1,0.00239318756745763,10
"Vitvi10g04031",0.645746403000758,2.10820008752171e-05,0.0686640768505822,0.000373174330709686,14
"Vitvi10g04043",0.0338614994736079,0.844567223530562,1,0.849785433129145,28
"Vitvi10g04044",0.816811769737353,1.23759826433005e-09,4.03085754692298e-06,1.25964298341343e-07,77
"Vitvi10g04052",-0.149958069097406,0.382692613049351,1,0.415476613567245,1030
"Vitvi10g04054",0.523772082433948,0.00104397040540408,1,0.00610450917486732,76
"Vitvi10g04071",-0.382151208345003,0.0214447164072558,1,0.0381669078352089,218
"Vitvi10g04078",-0.459548921427535,0.00480814938579871,1,0.0156915256007479,13
"Vitvi10g04085",0.731763852262692,3.96103875756544e-07,0.00129011032333906,2.11493495629355e-05,37
"Vitvi10g04092",0.523984994594573,0.00103817108302138,1,0.00610450917486732,625
"Vitvi10g04114",-0.314428209397787,0.0618077618339936,1,0.0819323892117694,73
"Vitvi10g04115",-0.401500636615636,0.0152203400780548,1,0.0309056406697161,32
"Vitvi10g04122",-0.208006353909306,0.223466571725695,1,0.256911621641577,126
"Vitvi10g04123",-0.471586495135116,0.003690811552788,1,0.013094742077811,97
"Vitvi10g04132",-0.0645746403000758,0.708281518292139,1,0.716420156856365,26
"Vitvi10g04160",-0.478898349698169,0.00312849885508842,1,0.0114360502480617,19
"Vitvi10g04179",-0.159632783232723,0.352382996354793,1,0.38721707797826,51
"Vitvi10g04202",-0.57399680266734,0.000251925466762095,0.820521245244142,0.00201108148344152,395
"Vitvi10g04212",-0.0789245603667593,0.647275809173191,1,0.667355907083597,107
"Vitvi10g04213",0.143499200666835,0.403749780213673,1,0.436736311576199,36
"Vitvi10g04227",-0.353127065939054,0.0346365270501543,1,0.0535920040866283,8
"Vitvi10g04236",0.295078781127154,0.080615036363119,1,0.102684072520406,83
"Vitvi10g04242",-0.337223121567062,0.0442962269402098,1,0.0641497604020735,390
"Vitvi10g04258",0.333777637668421,0.0466511603903606,1,0.0662060258786077,3
"Vitvi10g04276",-0.617491571841949,6.02220313086108e-05,0.196143155972145,0.000694255120609296,641
"Vitvi10g04281",0.372476494209687,0.0252748166470031,1,0.0426528900618079,12
"Vitvi10g04282",-0.688537295588947,3.4525245843369e-06,0.0112448725711853,0.000103163968542984,41
"Vitvi10g04284",-0.401500636615636,0.0152203400780548,1,0.0309056406697161,13
"Vitvi10g04289",-0.466372402167214,0.00414355138051985,1,0.0141462755202863,23
"Vitvi10g04292",-0.430497602000505,0.00877034378520732,1,0.0231295625169395,22
"Vitvi10g04295",-0.430524779021586,0.00876561976487687,1,0.0231295625169395,426
"Vitvi10g04319",0.440199493156902,0.00721598030084792,1,0.0206887745069206,9
"Vitvi10g04326",0.401500636615636,0.0152203400780549,1,0.0309056406697161,555
"Vitvi10g04371",-0.372476494209687,0.0252748166470032,1,0.0426528900618079,837
"Vitvi10g04372",-0.0822350701501905,0.633500208816201,1,0.653981039655901,574
"Vitvi10g04381",0.39182592248032,0.0181099832764267,1,0.0344332840229548,631
"Vitvi10g04388",-0.314428209397787,0.0618077618339936,1,0.0819323892117694,8
"Vitvi10g04435",0.45202248210053,0.00564613925901835,1,0.0177982846526642,9
"Vitvi10g04463",0.523772082433948,0.00104397040540408,1,0.00610450917486732,38
"Vitvi10g04464",0.651485961297165,1.68115837483811e-05,0.0547553282684773,0.000355554079665437,44
"Vitvi10g04469",-0.14028335496209,0.414476147144056,1,0.445380670157767,15
"Vitvi10g04473",0.602696642800707,0.000100304716366617,0.32669246120607,0.000981874362264253,20
"Vitvi10g04490",-0.449874207292219,0.00590725996608227,1,0.0177982846526642,284
"Vitvi10g04504",0.750289519408583,1.37448227308174e-07,0.000447668876342722,9.32643492380682e-06,102
"Vitvi10g04508",-0.478898349698169,0.00312849885508842,1,0.0114360502480617,14
"Vitvi10g04511",-0.478898349698169,0.00312849885508842,1,0.0114360502480617,14
"Vitvi10g04650",-0.609132556216191,8.05930710257105e-05,0.262491632330739,0.000825445384687859,50
"Vitvi10g04699",-0.36280178007437,0.0296534634974876,1,0.0480982722167914,394
"Vitvi10g04709",-0.304753495262471,0.0707229426338605,1,0.0913341094997953,35
"Vitvi11g00013",-0.343452351803737,0.0402822983143647,1,0.0593662649818488,894
"Vitvi11g00016",-0.420850064886269,0.010590608809886,1,0.0250498278095852,1380
"Vitvi11g00030",-0.337223121567062,0.0442962269402098,1,0.0641497604020735,897
"Vitvi11g00033",-0.401500636615636,0.0152203400780548,1,0.0309056406697161,23
"Vitvi11g00035",0.459548921427535,0.00480814938579871,1,0.0156915256007479,4
"Vitvi11g00038",-0.358748001667088,0.0316645308614795,1,0.0507286655267283,1501
"Vitvi11g00040",-0.36280178007437,0.0296534634974876,1,0.0480982722167914,3
"Vitvi11g00050",-0.469223635562852,0.00389036020229628,1,0.0133659316232901,5
"Vitvi11g00074",-0.487897282267239,0.00253992909673463,1,0.0114360502480617,19
"Vitvi11g00075",0.670011628443056,7.8317607041287e-06,0.0255080446133472,0.000199237645234959,221
"Vitvi11g00098",0.420850064886269,0.010590608809886,1,0.0250498278095852,34
"Vitvi11g00099",-0.502247202333923,0.00180036184177854,1,0.00936705833653789,69
"Vitvi11g00139",-0.266054638721205,0.116785634586865,1,0.143104142907984,30
"Vitvi11g00156",-0.420850064886269,0.010590608809886,1,0.0250498278095852,696
"Vitvi11g00175",-0.308523281433695,0.0671364837598805,1,0.0880997290918338,755
"Vitvi11g00199",-0.645746403000758,2.10820008752169e-05,0.0686640768505814,0.000373174330709686,109
"Vitvi11g00217",0.750289519408583,1.37448227308174e-07,0.000447668876342722,9.32643492380682e-06,128
"Vitvi11g00231",-0.330048161533721,0.0493125080986809,1,0.0685784965317695,109
"Vitvi11g00241",-0.420850064886269,0.010590608809886,1,0.0250498278095852,375
"Vitvi11g00245",-0.0919097842855071,0.593945375886425,1,0.616469117036994,486
"Vitvi11g00249",-0.39182592248032,0.0181099832764267,1,0.0344332840229548,1194
"Vitvi11g00256",-0.318023952671128,0.0587303678317534,1,0.0794702152172915,1020
"Vitvi11g00257",0.469223635562852,0.00389036020229627,1,0.0133659316232901,59
"Vitvi11g00269",-0.430524779021586,0.00876561976487687,1,0.0231295625169395,159
"Vitvi11g00273",0.420850064886269,0.010590608809886,1,0.0250498278095852,50
"Vitvi11g00285",-0.741397807975388,2.30975907742325e-07,0.000752288531516754,1.41941232361652e-05,253
"Vitvi11g00286",-0.874344762938948,3.25230629616806e-12,1.05927616066194e-08,1.34846369995214e-09,189
"Vitvi11g00304",-0.556813209291006,0.000420296087888822,1,0.00304878476225812,23
"Vitvi11g00309",-0.314428209397787,0.0618077618339936,1,0.0819323892117694,35
"Vitvi11g00339",0.343452351803737,0.0402822983143647,1,0.0593662649818488,298
"Vitvi11g00346",-0.169307497368039,0.323571829826416,1,0.359561054160573,229
"Vitvi11g00356",0.53094704246729,0.000863545476365851,1,0.00530673135193132,8
"Vitvi11g00365",-0.39182592248032,0.0181099832764267,1,0.0344332840229548,1579
"Vitvi11g00380",0.256379924585888,0.131210130347675,1,0.158807653118684,55
"Vitvi11g00394",0.459548921427535,0.00480814938579871,1,0.0156915256007479,235
"Vitvi11g00398",-0.072560356014874,0.67408182426832,1,0.683525685442689,1655
"Vitvi11g00417",-0.420850064886269,0.010590608809886,1,0.0250498278095852,35
"Vitvi11g00420",-0.440199493156902,0.00721598030084795,1,0.0206887745069206,9
"Vitvi11g00427",-0.401500636615636,0.0152203400780548,1,0.0309056406697161,23
"Vitvi11g00460",-0.401500636615636,0.0152203400780548,1,0.0309056406697161,77
"Vitvi11g00467",-0.324102923533104,0.0538052002373616,1,0.0735699148501624,562
"Vitvi11g00469",-0.337223121567062,0.0442962269402098,1,0.0641497604020735,816
"Vitvi11g00518",-0.315698241467037,0.0607065836515666,1,0.0815345744136711,1280
"Vitvi11g00539",-0.609871602834049,7.8569440725387e-05,0.255900668442585,0.000814970281664284,1660
"Vitvi11g00583",0.420850064886269,0.010590608809886,1,0.0250498278095852,342
"Vitvi11g00584",-0.430524779021586,0.00876561976487687,1,0.0231295625169395,735
"Vitvi11g00598",-0.222423761033594,0.192285409209952,1,0.22592841911862,419
"Vitvi11g00619",0.208006353909306,0.223466571725695,1,0.256911621641577,37
"Vitvi11g00635",0.120933926691457,0.482316946894032,1,0.50789081669378,5
"Vitvi11g00641",-0.14028335496209,0.414476147144056,1,0.445380670157767,71
"Vitvi11g00668",-0.343452351803737,0.0402822983143647,1,0.0593662649818488,117
"Vitvi11g00708",-0.420850064886269,0.010590608809886,1,0.0250498278095852,655
"Vitvi11g00712",-0.315698241467037,0.0607065836515666,1,0.0815345744136711,858
"Vitvi11g00726",-0.523772082433948,0.00104397040540408,1,0.00610450917486732,240
"Vitvi11g00728",-0.440199493156902,0.00721598030084795,1,0.0206887745069206,41
"Vitvi11g00730",-0.502247202333923,0.00180036184177854,1,0.00936705833653789,150
"Vitvi11g00742",0.411175350750953,0.0127285678576514,1,0.0281254718537114,7
"Vitvi11g00798",0.478898349698169,0.00312849885508842,1,0.0114360502480617,75
"Vitvi11g00838",-0.411175350750953,0.0127285678576514,1,0.0281254718537114,863
"Vitvi11g00865",-0.459548921427535,0.00480814938579871,1,0.0156915256007479,34
"Vitvi11g00900",0.502247202333923,0.00180036184177853,1,0.00936705833653789,308
"Vitvi11g00936",-0.279823441300328,0.0983522347340234,1,0.122921423073183,193
"Vitvi11g01075",-0.39182592248032,0.0181099832764267,1,0.0344332840229548,1358
"Vitvi11g01098",-0.0628856418795575,0.715590124288945,1,0.722914713030116,1263
"Vitvi11g01134",-0.401500636615636,0.0152203400780548,1,0.0309056406697161,1542
"Vitvi11g01182",0.430524779021586,0.00876561976487691,1,0.0231295625169395,25
"Vitvi11g01197",0.440199493156902,0.00721598030084792,1,0.0206887745069206,63
"Vitvi11g01205",0.638571442967416,2.77964224488528e-05,0.0905329479159134,0.000427042207150535,6
"Vitvi11g01222",-0.236773681100278,0.164417351185096,1,0.195511979850258,24
"Vitvi11g01224",0.342724842198983,0.0407353104256489,1,0.0598983774520716,30
"Vitvi11g01227",0.179374000833544,0.295200389027218,1,0.332746200349924,31
"Vitvi11g01228",-0.615682368648623,6.41873880190989e-05,0.209058322778205,0.000711082730538112,1467
"Vitvi11g01243",-0.149958069097406,0.382692613049351,1,0.415476613567245,425
"Vitvi11g01251",0.411175350750953,0.0127285678576514,1,0.0281254718537114,73
"Vitvi11g01268",0.478898349698169,0.00312849885508842,1,0.0114360502480617,9
"Vitvi11g01281",-0.478898349698169,0.00312849885508842,1,0.0114360502480617,18
"Vitvi11g01295",-0.628781993513488,4.00851400439236e-05,0.130557301123059,0.000526440730334916,808
"Vitvi11g01328",0.478898349698169,0.00312849885508842,1,0.0114360502480617,169
"Vitvi11g01329",0.478898349698169,0.00312849885508842,1,0.0114360502480617,22
"Vitvi11g01334",-0.387447841800455,0.0195609632394898,1,0.0369119682914359,20
"Vitvi11g01385",-0.353127065939054,0.0346365270501543,1,0.0535920040866283,1408
"Vitvi11g01393",-0.430524779021586,0.00876561976487687,1,0.0231295625169395,57
"Vitvi11g01394",-0.631396482934074,3.63959573998368e-05,0.118541633251268,0.000483843401025592,1104
"Vitvi11g01415",-0.401500636615636,0.0152203400780548,1,0.0309056406697161,6
"Vitvi11g01446",0.523159663674517,0.00106081133351886,1,0.00616975448798378,25
"Vitvi11g01457",-0.478898349698169,0.00312849885508842,1,0.0114360502480617,12
"Vitvi11g01463",0.333777637668421,0.0466511603903606,1,0.0662060258786077,60
"Vitvi11g01468",-0.615682368648623,6.41873880190989e-05,0.209058322778205,0.000711082730538112,109
"Vitvi11g01474",0.314428209397787,0.0618077618339936,1,0.0819323892117694,12
"Vitvi11g01475",-0.420850064886269,0.010590608809886,1,0.0250498278095852,39
"Vitvi11g01488",-0.39182592248032,0.0181099832764267,1,0.0344332840229548,353
"Vitvi11g01516",-0.577719199749735,0.0002246401033705,0.731652816677718,0.00186171200172447,982
"Vitvi11g01564",-0.449874207292219,0.00590725996608227,1,0.0177982846526642,83
"Vitvi11g01623",-0.478898349698169,0.00312849885508842,1,0.0114360502480617,125
"Vitvi11g01637",-0.811139465780844,1.98345837029642e-09,6.46012391205544e-06,1.94516655198755e-07,29
"Vitvi11g01645",-0.609871602834049,7.8569440725387e-05,0.255900668442585,0.000814970281664284,226
"Vitvi11g01650",-0.372476494209687,0.0252748166470032,1,0.0426528900618079,1029
"Vitvi11g01686",0.537084619459437,0.000731709404133349,1,0.00473792749356325,39
"Vitvi11g04001",-0.382151208345003,0.0214447164072558,1,0.0381669078352089,59
"Vitvi11g04015",-0.333777637668421,0.0466511603903606,1,0.0662060258786077,258
"Vitvi11g04023",-0.372476494209687,0.0252748166470032,1,0.0426528900618079,211
"Vitvi11g04068",0.401500636615636,0.0152203400780549,1,0.0309056406697161,19
"Vitvi11g04123",0.581171762700682,0.000201731083518181,0.657038139018716,0.00168040444761821,74
"Vitvi11g04169",-0.169307497368039,0.323571829826416,1,0.359561054160573,1312
"Vitvi11g04200",-0.256379924585888,0.131210130347675,1,0.158807653118684,4
"Vitvi11g04203",-0.0143499200666835,0.933799794119614,1,0.936099085702549,44
"Vitvi11g04204",0.188656925638672,0.270494358476957,1,0.307182749497716,8
"Vitvi11g04217",-0.382151208345003,0.0214447164072558,1,0.0381669078352089,1595
"Vitvi11g04266",-0.420850064886269,0.010590608809886,1,0.0250498278095852,218
"Vitvi11g04267",-0.652314954998581,1.62645051497972e-05,0.0529734932728894,0.000353156621819264,29
"Vitvi11g04269",0.411175350750953,0.0127285678576514,1,0.0281254718537114,12
"Vitvi11g04307",0.420850064886269,0.010590608809886,1,0.0250498278095852,47
"Vitvi11g04331",-0.208006353909306,0.223466571725695,1,0.256911621641577,324
"Vitvi11g04345",0.411175350750953,0.0127285678576514,1,0.0281254718537114,14
"Vitvi11g04368",0.324102923533104,0.0538052002373616,1,0.0735699148501624,28
"Vitvi12g00025",0.304753495262471,0.0707229426338605,1,0.0913341094997953,7
"Vitvi12g00036",0.566821842633998,0.000313017471211837,1,0.00239318756745763,28
"Vitvi12g00050",-0.538122002500631,0.00071128356377806,1,0.00462405302839349,248
"Vitvi12g00056",-0.324102923533104,0.0538052002373616,1,0.0735699148501624,704
"Vitvi12g00065",0.169307497368039,0.323571829826417,1,0.359561054160573,37
"Vitvi12g00076",0.295078781127154,0.080615036363119,1,0.102684072520406,90
"Vitvi12g00080",0.430524779021586,0.00876561976487691,1,0.0231295625169395,151
"Vitvi12g00082",-0.266054638721205,0.116785634586865,1,0.143104142907984,178
"Vitvi12g00086",0.401500636615636,0.0152203400780549,1,0.0309056406697161,253
"Vitvi12g00116",-0.420850064886269,0.010590608809886,1,0.0250498278095852,893
"Vitvi12g00146",-0.382151208345003,0.0214447164072558,1,0.0381669078352089,755
"Vitvi12g00193",-0.330048161533721,0.0493125080986809,1,0.0685784965317695,1559
"Vitvi12g00208",-0.430524779021586,0.00876561976487687,1,0.0231295625169395,63
"Vitvi12g00213",-0.330374397435055,0.049074958737865,1,0.0685784965317695,456
"Vitvi12g00226",-0.315698241467037,0.0607065836515666,1,0.0815345744136711,947
"Vitvi12g00231",-0.130608640826773,0.447699103241463,1,0.476521561848838,1568
"Vitvi12g00248",-0.401500636615636,0.0152203400780548,1,0.0309056406697161,1102
"Vitvi12g00269",-0.229598721066936,0.177963822871192,1,0.211234756228671,242
"Vitvi12g00270",0.39182592248032,0.0181099832764267,1,0.0344332840229548,422
"Vitvi12g00278",-0.0919097842855071,0.593945375886425,1,0.616469117036994,561
"Vitvi12g00280",-0.401500636615636,0.0152203400780548,1,0.0309056406697161,915
"Vitvi12g00297",-0.411175350750953,0.0127285678576514,1,0.0281254718537114,1160
"Vitvi12g00300",0.57399680266734,0.000251925466762095,0.820521245244142,0.00201108148344152,375
"Vitvi12g00342",-0.342724842198983,0.0407353104256489,1,0.0598983774520716,416
"Vitvi12g00349",-0.372476494209687,0.0252748166470032,1,0.0426528900618079,73
"Vitvi12g00368",-0.707234360152588,1.4187836335775e-06,0.00462097829456192,5.23622851648538e-05,60
"Vitvi12g00381",-0.420850064886269,0.010590608809886,1,0.0250498278095852,76
"Vitvi12g00382",-0.193723920900227,0.257597648956622,1,0.29386884155927,715
"Vitvi12g00401",-0.472404512220219,0.00362382949746206,1,0.012913361786908,65
"Vitvi12g00406",-0.315698241467037,0.0607065836515666,1,0.0815345744136711,169
"Vitvi12g00430",-0.35507528696291,0.0335816960093089,1,0.0535920040866283,1479
"Vitvi12g00440",-0.411175350750953,0.0127285678576514,1,0.0281254718537114,1729
"Vitvi12g00445",-0.449874207292219,0.00590725996608227,1,0.0177982846526642,127
"Vitvi12g00456",-0.382151208345003,0.0214447164072558,1,0.0381669078352089,1428
"Vitvi12g00462",-0.478898349698169,0.00312849885508842,1,0.0114360502480617,18
"Vitvi12g00473",0.227355782179939,0.182356808244462,1,0.214572299296319,50
"Vitvi12g00478",0.36280178007437,0.0296534634974875,1,0.0480982722167914,269
"Vitvi12g00482",-0.401500636615636,0.0152203400780548,1,0.0309056406697161,321
"Vitvi12g00483",-0.353127065939054,0.0346365270501543,1,0.0535920040866283,1371
"Vitvi12g00493",-0.311848730289164,0.064092854393685,1,0.0847889629407928,595
"Vitvi12g00522",-0.430524779021586,0.00876561976487687,1,0.0231295625169395,94
"Vitvi12g00533",-0.0822350701501905,0.633500208816201,1,0.653981039655901,508
"Vitvi12g00543",-0.579516251574609,0.000212440697520354,0.691919351823792,0.00176510038730559,3
"Vitvi12g00554",-0.478898349698169,0.00312849885508842,1,0.0114360502480617,75
"Vitvi12g00571",0.617046562867391,6.11763032283901e-05,0.199251219614867,0.000694255120609296,30
"Vitvi12g00572",-0.401500636615636,0.0152203400780548,1,0.0309056406697161,1630
"Vitvi12g00586",-0.072560356014874,0.67408182426832,1,0.683525685442689,1379
"Vitvi12g00606",-0.382151208345003,0.0214447164072558,1,0.0381669078352089,923
"Vitvi12g00625",0.295078781127154,0.080615036363119,1,0.102684072520406,3
"Vitvi12g00627",-0.150674160700177,0.380398322087054,1,0.415476613567245,1321
"Vitvi12g00631",-0.072560356014874,0.67408182426832,1,0.683525685442689,1552
"Vitvi12g00654",-0.130608640826773,0.447699103241463,1,0.476521561848838,1415
"Vitvi12g00656",-0.420850064886269,0.010590608809886,1,0.0250498278095852,143
"Vitvi12g00657",-0.178982211503356,0.296273865831986,1,0.332746200349924,679
"Vitvi12g00691",0.295078781127154,0.080615036363119,1,0.102684072520406,14
"Vitvi12g00710",-0.420850064886269,0.010590608809886,1,0.0250498278095852,7
"Vitvi12g00721",-0.072560356014874,0.67408182426832,1,0.683525685442689,1782
"Vitvi12g00722",-0.365922961700429,0.0281775586427065,1,0.0469674045543988,18
"Vitvi12g00765",-0.478898349698169,0.00312849885508842,1,0.0114360502480617,291
"Vitvi12g00774",-0.227355782179939,0.182356808244462,1,0.214572299296319,177
"Vitvi12g00921",0.237030496315255,0.163946637501507,1,0.1952373668528,15
"Vitvi12g01053",-0.308523281433695,0.0671364837598805,1,0.0880997290918338,987
"Vitvi12g01115",-0.365922961700429,0.0281775586427065,1,0.0469674045543988,1523
"Vitvi12g01553",-0.53094704246729,0.000863545476365859,1,0.00530673135193132,409
"Vitvi12g01605",-0.301348321400354,0.0740899184807144,1,0.0952668237235242,1076
"Vitvi12g01610",0.285404066991838,0.0915479263669639,1,0.114681383145078,3
"Vitvi12g01624",-0.343452351803737,0.0402822983143647,1,0.0593662649818488,627
"Vitvi12g01776",0.371527558337407,0.0256791445720395,1,0.0433127777685825,121
"Vitvi12g01802",-0.459548921427535,0.00480814938579871,1,0.0156915256007479,13
"Vitvi12g01809",-0.193723920900227,0.257597648956622,1,0.29386884155927,117
"Vitvi12g01813",-0.324102923533104,0.0538052002373616,1,0.0735699148501624,6
"Vitvi12g01881",0.725588629880729,5.53108756705168e-07,0.00180147522058873,2.72950790998293e-05,126
"Vitvi12g01882",-0.657661183679129,1.31078878160574e-05,0.042692390616899,0.000290424425965299,47
"Vitvi12g01885",0.527524267955374,0.000945847995167676,1,0.00576896427015191,56
"Vitvi12g01921",0.789157076468506,1.07431838963728e-08,3.49905499504861e-05,9.99729998585319e-07,53
"Vitvi12g01939",-0.0907568633041504,0.598602071884925,1,0.621104475351768,112
"Vitvi12g01984",-0.411175350750953,0.0127285678576514,1,0.0281254718537114,654
"Vitvi12g02011",0.866359712001401,8.69442361037607e-12,2.83177376989949e-08,1.34846369995214e-09,45
"Vitvi12g02015",0.459548921427535,0.00480814938579871,1,0.0156915256007479,18
"Vitvi12g02016",-0.344398081600404,0.0396995102296854,1,0.0593662649818488,870
"Vitvi12g02028",-0.39182592248032,0.0181099832764267,1,0.0344332840229548,830
"Vitvi12g02066",0.366103798361678,0.0280939340668688,1,0.0469674045543988,113
"Vitvi12g02071",-0.285404066991838,0.0915479263669638,1,0.114681383145078,319
"Vitvi12g02085",-0.502247202333923,0.00180036184177854,1,0.00936705833653789,76
"Vitvi12g02135",-0.0822350701501905,0.633500208816201,1,0.653981039655901,10
"Vitvi12g02137",-0.631396482934074,3.63959573998368e-05,0.118541633251268,0.000483843401025592,824
"Vitvi12g02142",-0.382151208345003,0.0214447164072558,1,0.0381669078352089,1715
"Vitvi12g02168",-0.178982211503356,0.296273865831986,1,0.332746200349924,792
"Vitvi12g02191",-0.515631068893965,0.00128831771912162,1,0.00722211843576441,101
"Vitvi12g02223",-0.478898349698169,0.00312849885508842,1,0.0114360502480617,32
"Vitvi12g02239",-0.39182592248032,0.0181099832764267,1,0.0344332840229548,9
"Vitvi12g02240",-0.600154896827394,0.00010921658992894,0.355718433398558,0.00104623068646635,28
"Vitvi12g02243",-0.478898349698169,0.00312849885508842,1,0.0114360502480617,93
"Vitvi12g02245",-0.502247202333923,0.00180036184177854,1,0.00936705833653789,36
"Vitvi12g02247",0.343452351803737,0.0402822983143647,1,0.0593662649818488,9
"Vitvi12g02266",-0.411175350750953,0.0127285678576514,1,0.0281254718537114,492
"Vitvi12g02316",-0.638571442967416,2.77964224488528e-05,0.0905329479159134,0.000427042207150535,16
"Vitvi12g02318",0.0919097842855071,0.593945375886425,1,0.616469117036994,50
"Vitvi12g02324",-0.172199040800202,0.315254149597003,1,0.353453619703077,34
"Vitvi12g02371",0.478898349698169,0.00312849885508842,1,0.0114360502480617,13
"Vitvi12g02375",-0.315698241467037,0.0607065836515666,1,0.0815345744136711,173
"Vitvi12g02389",0.459548921427535,0.00480814938579871,1,0.0156915256007479,8
"Vitvi12g02394",-0.336549619817019,0.0447488591013894,1,0.0646041817789119,217
"Vitvi12g02424",-0.304753495262471,0.0707229426338605,1,0.0913341094997953,4
"Vitvi12g02444",-0.589483118918895,0.000154932061894313,0.504613725589777,0.00136382087997237,97
"Vitvi12g02450",-0.581171762700682,0.000201731083518182,0.65703813901872,0.00168040444761821,6
"Vitvi12g02451",-0.56089242694149,0.000373148624783426,1,0.00281329877527689,1061
"Vitvi12g02454",-0.411175350750953,0.0127285678576514,1,0.0281254718537114,99
"Vitvi12g02459",0.420850064886269,0.010590608809886,1,0.0250498278095852,164
"Vitvi12g02465",-0.559646882600657,0.000387017462770897,1,0.002826268780818,76
"Vitvi12g02485",-0.53094704246729,0.000863545476365859,1,0.00530673135193132,122
"Vitvi12g02491",-0.538122002500631,0.00071128356377806,1,0.00462405302839349,12
"Vitvi12g02500",0.478898349698169,0.00312849885508842,1,0.0114360502480617,305
"Vitvi12g02536",0.478898349698169,0.00312849885508842,1,0.0114360502480617,11
"Vitvi12g02545",-0.53094704246729,0.000863545476365859,1,0.00530673135193132,35
"Vitvi12g02607",-0.53094704246729,0.000863545476365859,1,0.00530673135193132,79
"Vitvi12g02621",-0.0957159469204366,0.57868579943145,1,0.602743731611204,58
"Vitvi12g02633",-0.648139317099564,1.9194410918855e-05,0.0625161963627106,0.000373174330709686,79
"Vitvi12g02678",-0.55885762556771,0.000396041802305422,1,0.00287925926363562,72
"Vitvi12g02681",0.638571442967416,2.77964224488528e-05,0.0905329479159134,0.000427042207150535,52
"Vitvi12g02682",-0.304753495262471,0.0707229426338605,1,0.0913341094997953,15
"Vitvi12g02698",-0.566821842633998,0.000313017471211837,1,0.00239318756745763,3
"Vitvi12g02701",0.299498285525237,0.0759709338223754,1,0.0975699256543677,124
"Vitvi12g02705",-0.217681068044622,0.202185093959942,1,0.235268614157747,96
"Vitvi12g02718",-0.502247202333923,0.00180036184177854,1,0.00936705833653789,198
"Vitvi12g02724",0.469223635562852,0.00389036020229627,1,0.0133659316232901,237
"Vitvi12g02735",-0.299498285525237,0.0759709338223754,1,0.0975699256543677,62
"Vitvi12g02743",0.466372402167214,0.00414355138051984,1,0.0141462755202863,36
"Vitvi12g02753",0.226892158260376,0.183274348228343,1,0.215574052791518,102
"Vitvi12g02755",-0.337223121567062,0.0442962269402098,1,0.0641497604020735,1046
"Vitvi12g04028",-0.595521682767366,0.000127313692999972,0.414660698100909,0.00113605670712579,3
"Vitvi12g04044",-0.314428209397787,0.0618077618339936,1,0.0819323892117694,173
"Vitvi12g04046",-0.401500636615636,0.0152203400780548,1,0.0309056406697161,897
"Vitvi12g04076",0.423322641967163,0.0100959760440297,1,0.0250498278095852,89
"Vitvi12g04084",0.295078781127154,0.080615036363119,1,0.102684072520406,79
"Vitvi12g04093",-0.208006353909306,0.223466571725695,1,0.256911621641577,14
"Vitvi12g04094",-0.169307497368039,0.323571829826416,1,0.359561054160573,21
"Vitvi12g04106",-0.344398081600404,0.0396995102296854,1,0.0593662649818488,27
"Vitvi12g04108",-0.866359712001401,8.69442361037601e-12,2.83177376989947e-08,1.34846369995214e-09,96
"Vitvi12g04138",-0.337223121567062,0.0442962269402098,1,0.0641497604020735,672
"Vitvi12g04147",-0.36280178007437,0.0296534634974876,1,0.0480982722167914,1021
"Vitvi12g04180",0.420850064886269,0.010590608809886,1,0.0250498278095852,57
"Vitvi12g04185",0.45202248210053,0.00564613925901835,1,0.0177982846526642,93
"Vitvi12g04190",-0.478898349698169,0.00312849885508842,1,0.0114360502480617,12
"Vitvi12g04208",0.411175350750953,0.0127285678576514,1,0.0281254718537114,28
"Vitvi12g04215",-0.343452351803737,0.0402822983143647,1,0.0593662649818488,1038
"Vitvi12g04227",0.237030496315255,0.163946637501507,1,0.1952373668528,43
"Vitvi12g04285",-0.256379924585888,0.131210130347675,1,0.158807653118684,31
"Vitvi12g04320",0.53094704246729,0.000863545476365851,1,0.00530673135193132,3
"Vitvi12g04342",0.343452351803737,0.0402822983143647,1,0.0593662649818488,25
"Vitvi12g04351",-0.478898349698169,0.00312849885508842,1,0.0114360502480617,26
"Vitvi12g04365",0.53094704246729,0.000863545476365851,1,0.00530673135193132,47
"Vitvi12g04375",-0.0822350701501905,0.633500208816201,1,0.653981039655901,264
"Vitvi12g04404",-0.707800676832578,1.37960969568663e-06,0.00449338877885134,5.23622851648538e-05,96
"Vitvi12g04421",0.595521682767366,0.000127313692999973,0.414660698100913,0.00113605670712579,37
"Vitvi12g04427",0.0145120712029748,0.933053415183962,1,0.936099085702549,19
"Vitvi12g04432",-0.00483735706765827,0.97766219032354,1,0.977962455124008,51
"Vitvi12g04440",-0.624221522900733,4.73386834040076e-05,0.154182091846853,0.000573167627683467,25
"Vitvi12g04444",-0.401797761867138,0.015138125307633,1,0.0309056406697161,8
"Vitvi12g04462",-0.353127065939054,0.0346365270501543,1,0.0535920040866283,90
"Vitvi12g04463",0.866359712001401,8.69442361037607e-12,2.83177376989949e-08,1.34846369995214e-09,63
"Vitvi12g04464",-0.275729352856521,0.103584434864025,1,0.12823052236873,33
"Vitvi12g04467",0.527981513657892,0.000934466565928771,1,0.00571023940943716,61
"Vitvi12g04477",-0.258298561200303,0.128249602946178,1,0.156503917870252,64
"Vitvi12g04479",0.478898349698169,0.00312849885508842,1,0.0114360502480617,3
"Vitvi12g04497",-0.459548921427535,0.00480814938579871,1,0.0156915256007479,32
"Vitvi12g04498",0.866359712001401,8.69442361037607e-12,2.83177376989949e-08,1.34846369995214e-09,55
"Vitvi12g04505",0.24394864113362,0.151628904334241,1,0.181631239947269,55
"Vitvi12g04510",0.510885369729709,0.00145288586363364,1,0.00810070645800213,70
"Vitvi12g04511",-0.459548921427535,0.00480814938579871,1,0.0156915256007479,51
"Vitvi12g04512",-0.595521682767366,0.000127313692999972,0.414660698100909,0.00113605670712579,23
"Vitvi12g04514",-0.459548921427535,0.00480814938579871,1,0.0156915256007479,9
"Vitvi12g04515",-0.713238185116801,1.05085825073373e-06,0.00342264532263976,4.22842998305251e-05,31
"Vitvi12g04517",-0.45202248210053,0.00564613925901834,1,0.0177982846526642,59
"Vitvi12g04518",-0.651485961297165,1.68115837483811e-05,0.0547553282684773,0.000355554079665437,26
"Vitvi12g04523",-0.623953435216034,4.77998991152752e-05,0.155684271418451,0.00057660841266093,75
"Vitvi12g04526",0.645746403000758,2.10820008752171e-05,0.0686640768505822,0.000373174330709686,54
"Vitvi12g04532",-0.478898349698169,0.00312849885508842,1,0.0114360502480617,58
"Vitvi12g04534",0.509422162367264,0.00150722386046954,1,0.00810070645800213,40
"Vitvi12g04536",-0.0932744804334428,0.588453868804483,1,0.612721947153517,110
"Vitvi12g04543",-0.734919476711221,3.32800881439018e-07,0.00108393247084688,1.93559369794086e-05,67
"Vitvi12g04545",0.713224436808306,1.05158989446501e-06,0.00342502828627254,4.22842998305251e-05,53
"Vitvi12g04548",-0.523392837657807,0.00105437120516304,1,0.00614326836353492,89
"Vitvi12g04561",0.159632783232723,0.352382996354793,1,0.38721707797826,9
"Vitvi12g04563",0.215547550347357,0.206752199850323,1,0.240325451432014,129
"Vitvi12g04565",-0.39182592248032,0.0181099832764267,1,0.0344332840229548,16
"Vitvi12g04566",-0.0430497602000505,0.803130103881403,1,0.809092096610495,69
"Vitvi12g04567",-0.0822350701501905,0.633500208816201,1,0.653981039655901,35
"Vitvi12g04581",-0.314428209397787,0.0618077618339936,1,0.0819323892117694,56
"Vitvi12g04582",0.449874207292219,0.00590725996608226,1,0.0177982846526642,76
"Vitvi12g04590",0.449874207292219,0.00590725996608226,1,0.0177982846526642,14
"Vitvi12g04594",0.478898349698169,0.00312849885508842,1,0.0114360502480617,235
"Vitvi12g04595",0.703365690607165,1.71488287988333e-06,0.00558537353978001,6.20597059975557e-05,31
"Vitvi12g04596",-0.206869949795782,0.226063073476871,1,0.259805021282346,74
"Vitvi12g04597",-0.124790687043207,0.468352844976413,1,0.497043081162652,107
"Vitvi12g04598",-0.866359712001401,8.69442361037601e-12,2.83177376989947e-08,1.34846369995214e-09,79
"Vitvi12g04607",-0.866359712001401,8.69442361037601e-12,2.83177376989947e-08,1.34846369995214e-09,85
"Vitvi12g04626",-0.0645746403000758,0.708281518292139,1,0.716420156856365,90
"Vitvi12g04630",0.288786570667134,0.0876032444631287,1,0.110977739096231,147
"Vitvi12g04631",0.509422162367264,0.00150722386046954,1,0.00810070645800213,14
"Vitvi12g04641",-0.251123601166961,0.139579734523285,1,0.168374516793459,77
"Vitvi13g00004",-0.648595606426887,1.88524151872011e-05,0.061402316264714,0.000373174330709686,522
"Vitvi13g00012",0.39182592248032,0.0181099832764267,1,0.0344332840229548,3
"Vitvi13g00022",-0.12197432056681,0.478528864785604,1,0.507346521030831,1339
"Vitvi13g00037",-0.294173361367012,0.0815930785914507,1,0.10340414668185,1057
"Vitvi13g00066",-0.149958069097406,0.382692613049351,1,0.415476613567245,1390
"Vitvi13g00082",-0.301348321400354,0.0740899184807144,1,0.0952668237235242,151
"Vitvi13g00095",-0.382151208345003,0.0214447164072558,1,0.0381669078352089,11
"Vitvi13g00109",-0.478898349698169,0.00312849885508842,1,0.0114360502480617,61
"Vitvi13g00117",0.304753495262471,0.0707229426338605,1,0.0913341094997953,69
"Vitvi13g00120",-0.258298561200303,0.128249602946178,1,0.156503917870252,251
"Vitvi13g00126",0.538122002500631,0.00071128356377806,1,0.00462405302839349,524
"Vitvi13g00134",0.420850064886269,0.010590608809886,1,0.0250498278095852,58
"Vitvi13g00139",0.429177955546474,0.00900235805292827,1,0.0236457098212801,43
"Vitvi13g00143",0.256379924585888,0.131210130347675,1,0.158807653118684,83
"Vitvi13g00156",-0.617046562867391,6.11763032283906e-05,0.199251219614868,0.000694255120609296,1518
"Vitvi13g00172",-0.609132556216191,8.05930710257105e-05,0.262491632330739,0.000825445384687859,509
"Vitvi13g00182",-0.143499200666835,0.403749780213674,1,0.436736311576199,1778
"Vitvi13g00189",-0.478898349698169,0.00312849885508842,1,0.0114360502480617,207
"Vitvi13g00233",0.617046562867391,6.11763032283901e-05,0.199251219614867,0.000694255120609296,18
"Vitvi13g00235",0.382151208345003,0.0214447164072558,1,0.0381669078352089,242
"Vitvi13g00242",0.478898349698169,0.00312849885508842,1,0.0114360502480617,5
"Vitvi13g00255",-0.14028335496209,0.414476147144056,1,0.445380670157767,648
"Vitvi13g00258",0.495072242300581,0.0021423652123623,1,0.0109196924830424,253
"Vitvi13g00262",-0.430524779021586,0.00876561976487687,1,0.0231295625169395,51
"Vitvi13g00272",-0.420850064886269,0.010590608809886,1,0.0250498278095852,1295
"Vitvi13g00274",-0.251123601166961,0.139579734523285,1,0.168374516793459,18
"Vitvi13g00329",0.566821842633998,0.000313017471211837,1,0.00239318756745763,285
"Vitvi13g00330",-0.382151208345003,0.0214447164072558,1,0.0381669078352089,7
"Vitvi13g00339",-0.343452351803737,0.0402822983143647,1,0.0593662649818488,1124
"Vitvi13g00341",-0.14028335496209,0.414476147144056,1,0.445380670157767,674
"Vitvi13g00342",-0.324102923533104,0.0538052002373616,1,0.0735699148501624,281
"Vitvi13g00343",0.478898349698169,0.00312849885508842,1,0.0114360502480617,30
"Vitvi13g00387",-0.448204039346882,0.00611738318570853,1,0.0184143410682557,101
"Vitvi13g00388",-0.0241867853382913,0.888644610531406,1,0.892756167952125,19
"Vitvi13g00390",0.358748001667088,0.0316645308614795,1,0.0507286655267283,52
"Vitvi13g00417",-0.478898349698169,0.00312849885508842,1,0.0114360502480617,122
"Vitvi13g00432",-0.449874207292219,0.00590725996608227,1,0.0177982846526642,20
"Vitvi13g00452",0.459548921427535,0.00480814938579871,1,0.0156915256007479,7
"Vitvi13g00516",-0.36280178007437,0.0296534634974876,1,0.0480982722167914,48
"Vitvi13g00517",-0.265473521233645,0.117616948709324,1,0.144014436821906,10
"Vitvi13g00536",-0.256379924585888,0.131210130347675,1,0.158807653118684,189
"Vitvi13g00549",-0.266054638721205,0.116785634586865,1,0.143104142907984,18
"Vitvi13g00551",-0.750289519408583,1.37448227308175e-07,0.000447668876342728,9.32643492380682e-06,84
"Vitvi13g00590",-0.566821842633998,0.000313017471211837,1,0.00239318756745763,112
"Vitvi13g00600",0.324102923533104,0.0538052002373616,1,0.0735699148501624,118
"Vitvi13g00605",0.217681068044622,0.202185093959943,1,0.235268614157747,16
"Vitvi13g00618",-0.322873201500379,0.054773977481723,1,0.0742400518759766,110
"Vitvi13g00646",-0.39182592248032,0.0181099832764267,1,0.0344332840229548,668
"Vitvi13g00657",-0.275729352856521,0.103584434864025,1,0.12823052236873,80
"Vitvi13g00680",0.534156736039856,0.000792191476453241,1,0.00511938023573057,473
"Vitvi13g00683",0.382151208345003,0.0214447164072558,1,0.0381669078352089,433
"Vitvi13g00694",0.36280178007437,0.0296534634974875,1,0.0480982722167914,16
"Vitvi13g00714",0.222693622702693,0.191732536508089,1,0.225360112380673,29
"Vitvi13g00738",-0.358748001667088,0.0316645308614795,1,0.0507286655267283,1604
"Vitvi13g00754",-0.227355782179939,0.182356808244462,1,0.214572299296319,458
"Vitvi13g00766",-0.487897282267239,0.00253992909673463,1,0.0114360502480617,41
"Vitvi13g00777",-0.337223121567062,0.0442962269402098,1,0.0641497604020735,338
"Vitvi13g00807",-0.386438933513498,0.0199087318200507,1,0.0375464618053881,36
"Vitvi13g00818",0.00654981243243216,0.969757607711997,1,0.970950054816469,5
"Vitvi13g00925",-0.208006353909306,0.223466571725695,1,0.256911621641577,275
"Vitvi13g00991",-0.473547362200556,0.00353201719882765,1,0.0126137938778308,85
"Vitvi13g01009",0.430524779021586,0.00876561976487691,1,0.0231295625169395,3
"Vitvi13g01044",-0.343452351803737,0.0402822983143647,1,0.0593662649818488,27
"Vitvi13g01091",0.382151208345003,0.0214447164072558,1,0.0381669078352089,497
"Vitvi13g01098",0.670011628443056,7.8317607041287e-06,0.0255080446133472,0.000199237645234959,433
"Vitvi13g01114",0.343452351803737,0.0402822983143647,1,0.0593662649818488,55
"Vitvi13g01171",-0.36280178007437,0.0296534634974876,1,0.0480982722167914,422
"Vitvi13g01177",-0.546507180803783,0.00056388190945942,1,0.00389102410828248,24
"Vitvi13g01200",0.0215248801000253,0.900835750249041,1,0.904724649571732,88
"Vitvi13g01259",0.353127065939054,0.0346365270501542,1,0.0535920040866283,713
"Vitvi13g01327",-0.0717496003334175,0.677526151858529,1,0.686590751898951,18
"Vitvi13g01337",-0.236773681100278,0.164417351185096,1,0.195511979850258,200
"Vitvi13g01379",0.401500636615636,0.0152203400780549,1,0.0309056406697161,50
"Vitvi13g01387",0.324102923533104,0.0538052002373616,1,0.0735699148501624,9
"Vitvi13g01389",-0.36280178007437,0.0296534634974876,1,0.0480982722167914,23
"Vitvi13g01435",-0.502763575422099,0.00177770899272464,1,0.00936705833653789,34
"Vitvi13g01468",0.816811769737353,1.23759826433005e-09,4.03085754692298e-06,1.25964298341343e-07,113
"Vitvi13g01537",-0.0919097842855071,0.593945375886425,1,0.616469117036994,1028
"Vitvi13g01555",-0.322873201500379,0.054773977481723,1,0.0742400518759766,416
"Vitvi13g01576",-0.072560356014874,0.67408182426832,1,0.683525685442689,1091
"Vitvi13g01603",-0.285404066991838,0.0915479263669638,1,0.114681383145078,739
"Vitvi13g01608",0.720382602476694,7.27925607343024e-07,0.00237085370311623,3.28099491738671e-05,30
"Vitvi13g01614",0.509422162367264,0.00150722386046954,1,0.00810070645800213,4
"Vitvi13g01616",-0.714710298520184,9.75165171487901e-07,0.00317611296353609,4.12482203056635e-05,50
"Vitvi13g01617",0.420850064886269,0.010590608809886,1,0.0250498278095852,42
"Vitvi13g01622",0.39182592248032,0.0181099832764267,1,0.0344332840229548,189
"Vitvi13g01634",0.404477066018619,0.0144134798599693,1,0.0309056406697161,30
"Vitvi13g01638",-0.866359712001401,8.69442361037601e-12,2.83177376989947e-08,1.34846369995214e-09,60
"Vitvi13g01676",-0.337223121567062,0.0442962269402098,1,0.0641497604020735,611
"Vitvi13g01684",-0.411175350750953,0.0127285678576514,1,0.0281254718537114,1262
"Vitvi13g01686",-0.0822350701501905,0.633500208816201,1,0.653981039655901,1099
"Vitvi13g01690",-0.330048161533721,0.0493125080986809,1,0.0685784965317695,1374
"Vitvi13g01691",-0.487897282267239,0.00253992909673463,1,0.0114360502480617,87
"Vitvi13g01699",-0.308523281433695,0.0671364837598805,1,0.0880997290918338,167
"Vitvi13g01722",0.430524779021586,0.00876561976487691,1,0.0231295625169395,219
"Vitvi13g01731",-0.11125921255614,0.518275138427944,1,0.54207518492608,1846
"Vitvi13g01760",-0.382151208345003,0.0214447164072558,1,0.0381669078352089,908
"Vitvi13g01764",-0.478898349698169,0.00312849885508842,1,0.0114360502480617,151
"Vitvi13g01773",-0.120933926691457,0.482316946894032,1,0.50789081669378,680
"Vitvi13g01796",-0.217681068044622,0.202185093959942,1,0.235268614157747,89
"Vitvi13g01818",0.401500636615636,0.0152203400780549,1,0.0309056406697161,527
"Vitvi13g01839",-0.072560356014874,0.67408182426832,1,0.683525685442689,69
"Vitvi13g01849",-0.343452351803737,0.0402822983143647,1,0.0593662649818488,1422
"Vitvi13g01851",0.39182592248032,0.0181099832764267,1,0.0344332840229548,31
"Vitvi13g01852",-0.372476494209687,0.0252748166470032,1,0.0426528900618079,337
"Vitvi13g01855",-0.387447841800455,0.0195609632394898,1,0.0369119682914359,1691
"Vitvi13g01857",0.322873201500379,0.054773977481723,1,0.0742400518759766,55
"Vitvi13g01862",-0.314428209397787,0.0618077618339936,1,0.0819323892117694,6
"Vitvi13g01882",-0.430524779021586,0.00876561976487687,1,0.0231295625169395,62
"Vitvi13g01889",0.62678507176931,4.31273835887367e-05,0.140465888348515,0.000559625053181336,40
"Vitvi13g01903",-0.631396482934074,3.63959573998368e-05,0.118541633251268,0.000483843401025592,822
"Vitvi13g01913",-0.39182592248032,0.0181099832764267,1,0.0344332840229548,987
"Vitvi13g01932",-0.56089242694149,0.000373148624783426,1,0.00281329877527689,30
"Vitvi13g01942",-0.39182592248032,0.0181099832764267,1,0.0344332840229548,760
"Vitvi13g01949",-0.372476494209687,0.0252748166470032,1,0.0426528900618079,1092
"Vitvi13g01977",-0.478898349698169,0.00312849885508842,1,0.0114360502480617,126
"Vitvi13g01980",-0.478898349698169,0.00312849885508842,1,0.0114360502480617,183
"Vitvi13g01981",0.478898349698169,0.00312849885508842,1,0.0114360502480617,42
"Vitvi13g01984",-0.866359712001401,8.69442361037601e-12,2.83177376989947e-08,1.34846369995214e-09,52
"Vitvi13g01998",-0.295078781127154,0.0806150363631191,1,0.102684072520406,4
"Vitvi13g02005",-0.56723039565094,0.000309212565654159,1,0.00239318756745763,299
"Vitvi13g02006",-0.342724842198983,0.0407353104256489,1,0.0598983774520716,781
"Vitvi13g02008",-0.130608640826773,0.447699103241463,1,0.476521561848838,761
"Vitvi13g02009",0.266054638721205,0.116785634586865,1,0.143104142907984,52
"Vitvi13g02024",-0.487897282267239,0.00253992909673463,1,0.0114360502480617,12
"Vitvi13g02028",0.372476494209687,0.0252748166470031,1,0.0426528900618079,5
"Vitvi13g02046",-0.478898349698169,0.00312849885508842,1,0.0114360502480617,68
"Vitvi13g02053",0.449874207292219,0.00590725996608226,1,0.0177982846526642,8
"Vitvi13g02066",-0.344398081600404,0.0396995102296854,1,0.0593662649818488,314
"Vitvi13g02083",0.700887740352874,1.9332321858187e-06,0.0062965372292115,6.36013861536515e-05,91
"Vitvi13g02104",-0.440199493156902,0.00721598030084795,1,0.0206887745069206,11
"Vitvi13g02110",0.14028335496209,0.414476147144056,1,0.445380670157767,5
"Vitvi13g02189",0.490525922470648,0.00238737596403361,1,0.0114360502480617,49
"Vitvi13g02222",0.304753495262471,0.0707229426338605,1,0.0913341094997953,31
"Vitvi13g02246",-0.275729352856521,0.103584434864025,1,0.12823052236873,16
"Vitvi13g02251",-0.353127065939054,0.0346365270501543,1,0.0535920040866283,28
"Vitvi13g02285",-0.663836406061092,1.01620006133772e-05,0.0330976359977695,0.000234806367583199,68
"Vitvi13g02309",-0.516597122400606,0.00125690591977388,1,0.00707036715147413,132
"Vitvi13g02332",-0.401500636615636,0.0152203400780548,1,0.0309056406697161,13
"Vitvi13g02344",0.473547362200556,0.00353201719882767,1,0.0126137938778308,73
"Vitvi13g02351",-0.0789245603667593,0.647275809173191,1,0.667355907083597,33
"Vitvi13g02354",0.614434627005383,6.70579321707088e-05,0.218407685079999,0.000737863800945941,70
"Vitvi13g02360",0.430524779021586,0.00876561976487691,1,0.0231295625169395,72
"Vitvi13g02413",-0.373097921733771,0.0250128969168012,1,0.0426528900618079,547
"Vitvi13g02416",-0.401500636615636,0.0152203400780548,1,0.0309056406697161,870
"Vitvi13g02475",0.552471922567315,0.000476236747738389,1,0.00333570556426652,10
"Vitvi13g02487",0.401500636615636,0.0152203400780549,1,0.0309056406697161,614
"Vitvi13g02488",-0.324102923533104,0.0538052002373616,1,0.0735699148501624,69
"Vitvi13g02497",-0.459548921427535,0.00480814938579871,1,0.0156915256007479,4
"Vitvi13g02515",-0.382151208345003,0.0214447164072558,1,0.0381669078352089,698
"Vitvi13g02551",-0.523772082433948,0.00104397040540408,1,0.00610450917486732,60
"Vitvi13g02553",0.382151208345003,0.0214447164072558,1,0.0381669078352089,27
"Vitvi13g02560",-0.624221522900733,4.73386834040076e-05,0.154182091846853,0.000573167627683467,217
"Vitvi13g02574",0.208006353909306,0.223466571725695,1,0.256911621641577,25
"Vitvi13g02589",0.208006353909306,0.223466571725695,1,0.256911621641577,47
"Vitvi13g04005",0.465036682702683,0.00426699202659306,1,0.0145068820778848,22
"Vitvi13g04038",0.294173361367012,0.0815930785914507,1,0.10340414668185,5
"Vitvi13g04041",-0.143499200666835,0.403749780213674,1,0.436736311576199,1410
"Vitvi13g04074",0.459548921427535,0.00480814938579871,1,0.0156915256007479,20
"Vitvi13g04086",-0.301348321400354,0.0740899184807144,1,0.0952668237235242,79
"Vitvi13g04144",-0.411175350750953,0.0127285678576514,1,0.0281254718537114,22
"Vitvi13g04171",-0.072560356014874,0.67408182426832,1,0.683525685442689,1296
"Vitvi13g04184",0.469223635562852,0.00389036020229627,1,0.0133659316232901,37
"Vitvi13g04209",-0.324102923533104,0.0538052002373616,1,0.0735699148501624,39
"Vitvi13g04210",0.266054638721205,0.116785634586865,1,0.143104142907984,20
"Vitvi13g04231",0.214238519041278,0.209589511894963,1,0.243276208211652,127
"Vitvi13g04233",-0.387447841800455,0.0195609632394898,1,0.0369119682914359,56
"Vitvi13g04261",0.469223635562852,0.00389036020229627,1,0.0133659316232901,3
"Vitvi13g04267",0.198331639773989,0.24622943838985,1,0.281294030457994,61
"Vitvi13g04289",0.700887740352874,1.9332321858187e-06,0.0062965372292115,6.36013861536515e-05,100
"Vitvi13g04325",-0.581171762700682,0.000201731083518182,0.65703813901872,0.00168040444761821,85
"Vitvi13g04329",0.440199493156902,0.00721598030084792,1,0.0206887745069206,58
"Vitvi13g04337",-0.401500636615636,0.0152203400780548,1,0.0309056406697161,14
"Vitvi13g04338",0.478798171725508,0.00313566794189246,1,0.0114494063752733,47
"Vitvi13g04346",0.411175350750953,0.0127285678576514,1,0.0281254718537114,38
"Vitvi13g04363",0.469223635562852,0.00389036020229627,1,0.0133659316232901,45
"Vitvi13g04369",0.459548921427535,0.00480814938579871,1,0.0156915256007479,40
"Vitvi13g04370",-0.459548921427535,0.00480814938579871,1,0.0156915256007479,32
"Vitvi13g04378",0.314428209397787,0.0618077618339936,1,0.0819323892117694,21
"Vitvi13g04406",-0.401500636615636,0.0152203400780548,1,0.0309056406697161,35
"Vitvi13g04421",-0.0717496003334175,0.677526151858529,1,0.686590751898951,47
"Vitvi13g04423",-0.237030496315255,0.163946637501507,1,0.1952373668528,20
"Vitvi13g04442",-0.333777637668421,0.0466511603903606,1,0.0662060258786077,27
"Vitvi13g04443",-0.478898349698169,0.00312849885508842,1,0.0114360502480617,68
"Vitvi13g04446",0.478898349698169,0.00312849885508842,1,0.0114360502480617,62
"Vitvi13g04453",-0.324102923533104,0.0538052002373616,1,0.0735699148501624,7
"Vitvi13g04465",-0.382151208345003,0.0214447164072558,1,0.0381669078352089,204
"Vitvi13g04468",-0.401500636615636,0.0152203400780548,1,0.0309056406697161,1225
"Vitvi13g04473",-0.411175350750953,0.0127285678576514,1,0.0281254718537114,385
"Vitvi13g04506",-0.0502247202333923,0.771130244351134,1,0.778057994377832,76
"Vitvi13g04521",0.420850064886269,0.010590608809886,1,0.0250498278095852,84
"Vitvi13g04527",-0.36280178007437,0.0296534634974876,1,0.0480982722167914,47
"Vitvi13g04528",0.816811769737353,1.23759826433005e-09,4.03085754692298e-06,1.25964298341343e-07,128
"Vitvi13g04529",0.816811769737353,1.23759826433005e-09,4.03085754692298e-06,1.25964298341343e-07,117
"Vitvi13g04536",0.632960294151274,3.43391503021161e-05,0.111842612533992,0.000483843401025592,15
"Vitvi13g04537",0.516597122400606,0.00125690591977388,1,0.00707036715147413,90
"Vitvi13g04539",0.420850064886269,0.010590608809886,1,0.0250498278095852,78
"Vitvi13g04540",-0.725588629880729,5.53108756705168e-07,0.00180147522058873,2.72950790998293e-05,58
"Vitvi13g04549",0.0143499200666835,0.933799794119614,1,0.936099085702549,40
"Vitvi13g04585",0.36280178007437,0.0296534634974875,1,0.0480982722167914,12
"Vitvi13g04612",-0.473547362200556,0.00353201719882765,1,0.0126137938778308,6
"Vitvi13g04626",0.372476494209687,0.0252748166470031,1,0.0426528900618079,273
"Vitvi13g04656",-0.608259404623419,8.30443940442623e-05,0.270475591402162,0.000842603088480256,41
"Vitvi13g04663",0.256379924585888,0.131210130347675,1,0.158807653118684,33
"Vitvi13g04671",-0.469223635562852,0.00389036020229628,1,0.0133659316232901,17
"Vitvi13g04677",-0.777105642041788,2.49883482017836e-08,8.13870500932091e-05,2.19965000251917e-06,46
"Vitvi13g04696",-0.645746403000758,2.10820008752169e-05,0.0686640768505814,0.000373174330709686,41
"Vitvi13g04698",0.731763852262692,3.96103875756544e-07,0.00129011032333906,2.11493495629355e-05,69
"Vitvi13g04699",0.589733737477529,0.000153686635287773,0.500557371132277,0.00136382087997237,29
"Vitvi13g04700",0.449874207292219,0.00590725996608226,1,0.0177982846526642,40
"Vitvi13g04706",0.866359712001401,8.69442361037607e-12,2.83177376989949e-08,1.34846369995214e-09,86
"Vitvi13g04707",0.459548921427535,0.00480814938579871,1,0.0156915256007479,26
"Vitvi13g04709",0.295078781127154,0.080615036363119,1,0.102684072520406,31
"Vitvi13g04713",0.478898349698169,0.00312849885508842,1,0.0114360502480617,6
"Vitvi13g04715",0.478898349698169,0.00312849885508842,1,0.0114360502480617,8
"Vitvi13g04717",-0.478898349698169,0.00312849885508842,1,0.0114360502480617,14
"Vitvi13g04735",0.449874207292219,0.00590725996608226,1,0.0177982846526642,17
"Vitvi13g04742",-0.459548921427535,0.00480814938579871,1,0.0156915256007479,11
"Vitvi13g04743",-0.459548921427535,0.00480814938579871,1,0.0156915256007479,26
"Vitvi13g04744",0.478288269519198,0.0031723803228428,1,0.0115575421828848,54
"Vitvi13g04745",0.523772082433948,0.00104397040540408,1,0.00610450917486732,24
"Vitvi13g04750",-0.373600954108801,0.024802525353346,1,0.0426528900618079,807
"Vitvi13g04774",-0.624221522900733,4.73386834040076e-05,0.154182091846853,0.000573167627683467,246
"Vitvi13g04777",-0.39182592248032,0.0181099832764267,1,0.0344332840229548,1379
"Vitvi13g04785",-0.646642651042071,2.03561248738775e-05,0.066299898714219,0.000373174330709686,829
"Vitvi13g04786",-0.631396482934074,3.63959573998368e-05,0.118541633251268,0.000483843401025592,794
"Vitvi14g00029",-0.382151208345003,0.0214447164072558,1,0.0381669078352089,1218
"Vitvi14g00040",-0.382151208345003,0.0214447164072558,1,0.0381669078352089,11
"Vitvi14g00059",-0.072560356014874,0.67408182426832,1,0.683525685442689,1356
"Vitvi14g00065",-0.645746403000758,2.10820008752169e-05,0.0686640768505814,0.000373174330709686,22
"Vitvi14g00080",-0.266054638721205,0.116785634586865,1,0.143104142907984,6
"Vitvi14g00109",0.237030496315255,0.163946637501507,1,0.1952373668528,7
"Vitvi14g00113",-0.420850064886269,0.010590608809886,1,0.0250498278095852,1488
"Vitvi14g00115",-0.401500636615636,0.0152203400780548,1,0.0309056406697161,1018
"Vitvi14g00118",-0.478898349698169,0.00312849885508842,1,0.0114360502480617,36
"Vitvi14g00119",0.53094704246729,0.000863545476365851,1,0.00530673135193132,214
"Vitvi14g00127",-0.382151208345003,0.0214447164072558,1,0.0381669078352089,1376
"Vitvi14g00146",-0.39182592248032,0.0181099832764267,1,0.0344332840229548,939
"Vitvi14g00152",-0.478898349698169,0.00312849885508842,1,0.0114360502480617,17
"Vitvi14g00184",-0.330048161533721,0.0493125080986809,1,0.0685784965317695,1354
"Vitvi14g00247",-0.149958069097406,0.382692613049351,1,0.415476613567245,731
"Vitvi14g00250",-0.188656925638672,0.270494358476957,1,0.307182749497716,313
"Vitvi14g00268",-0.330374397435055,0.049074958737865,1,0.0685784965317695,1307
"Vitvi14g00270",0.285404066991838,0.0915479263669639,1,0.114681383145078,58
"Vitvi14g00282",-0.353127065939054,0.0346365270501543,1,0.0535920040866283,1102
"Vitvi14g00338",-0.324102923533104,0.0538052002373616,1,0.0735699148501624,4
"Vitvi14g00339",0.227355782179939,0.182356808244462,1,0.214572299296319,34
"Vitvi14g00405",-0.337223121567062,0.0442962269402098,1,0.0641497604020735,1005
"Vitvi14g00434",-0.322873201500379,0.054773977481723,1,0.0742400518759766,1283
"Vitvi14g00438",0.640970347085562,2.53619620580652e-05,0.0826039104231183,0.000427042207150535,177
"Vitvi14g00445",-0.559646882600657,0.000387017462770897,1,0.002826268780818,1310
"Vitvi14g00458",0.478898349698169,0.00312849885508842,1,0.0114360502480617,6
"Vitvi14g00461",-0.324102923533104,0.0538052002373616,1,0.0735699148501624,189
"Vitvi14g00488",-0.157849120733519,0.357858909649412,1,0.392704335824843,737
"Vitvi14g00489",-0.324102923533104,0.0538052002373616,1,0.0735699148501624,96
"Vitvi14g00511",-0.227355782179939,0.182356808244462,1,0.214572299296319,5
"Vitvi14g00555",0.430524779021586,0.00876561976487691,1,0.0231295625169395,6
"Vitvi14g00647",-0.478898349698169,0.00312849885508842,1,0.0114360502480617,21
"Vitvi14g00668",-0.215547550347357,0.206752199850323,1,0.240325451432014,122
"Vitvi14g00679",-0.657661183679129,1.31078878160574e-05,0.042692390616899,0.000290424425965299,683
"Vitvi14g00685",-0.382151208345003,0.0214447164072558,1,0.0381669078352089,22
"Vitvi14g00775",-0.072560356014874,0.67408182426832,1,0.683525685442689,1160
"Vitvi14g00973",0.566821842633998,0.000313017471211837,1,0.00239318756745763,444
"Vitvi14g00974",0.324102923533104,0.0538052002373616,1,0.0735699148501624,20
"Vitvi14g00994",-0.449874207292219,0.00590725996608227,1,0.0177982846526642,46
"Vitvi14g01004",0.478898349698169,0.00312849885508842,1,0.0114360502480617,11
"Vitvi14g01046",-0.563283869189166,0.00034775734695725,1,0.00263867903449402,47
"Vitvi14g01067",-0.12197432056681,0.478528864785604,1,0.507346521030831,259
"Vitvi14g01128",0.266054638721205,0.116785634586865,1,0.143104142907984,13
"Vitvi14g01141",0.430497602000505,0.00877034378520732,1,0.0231295625169395,4
"Vitvi14g01174",-0.275729352856521,0.103584434864025,1,0.12823052236873,35
"Vitvi14g01198",-0.622232181081055,5.08592315170758e-05,0.165648517051116,0.000604556631573421,966
"Vitvi14g01211",0.40897272190048,0.0132632256396861,1,0.0290506562935156,165
"Vitvi14g01240",-0.322873201500379,0.054773977481723,1,0.0742400518759766,1478
"Vitvi14g01294",-0.589733737477529,0.000153686635287772,0.500557371132274,0.00136382087997237,1199
"Vitvi14g01301",-0.420850064886269,0.010590608809886,1,0.0250498278095852,993
"Vitvi14g01302",0.609871602834049,7.8569440725387e-05,0.255900668442585,0.000814970281664284,3
"Vitvi14g01318",0.143499200666835,0.403749780213673,1,0.436736311576199,49
"Vitvi14g01327",-0.150674160700177,0.380398322087054,1,0.415476613567245,866
"Vitvi14g01350",-0.272648481266987,0.107659058362385,1,0.133021833492522,113
"Vitvi14g01353",0.304753495262471,0.0707229426338605,1,0.0913341094997953,41
"Vitvi14g01357",-0.159632783232723,0.352382996354793,1,0.38721707797826,1014
"Vitvi14g01367",-0.459548921427535,0.00480814938579871,1,0.0156915256007479,19
"Vitvi14g01380",-0.430524779021586,0.00876561976487687,1,0.0231295625169395,628
"Vitvi14g01381",-0.39182592248032,0.0181099832764267,1,0.0344332840229548,1314
"Vitvi14g01404",-0.382151208345003,0.0214447164072558,1,0.0381669078352089,1464
"Vitvi14g01429",-0.198331639773989,0.246229438389849,1,0.281294030457994,170
"Vitvi14g01469",0.0789245603667593,0.647275809173191,1,0.667355907083597,16
"Vitvi14g01485",0.509422162367264,0.00150722386046954,1,0.00810070645800213,197
"Vitvi14g01500",-0.631396482934074,3.63959573998368e-05,0.118541633251268,0.000483843401025592,119
"Vitvi14g01502",-0.301348321400354,0.0740899184807144,1,0.0952668237235242,948
"Vitvi14g01507",-0.333777637668421,0.0466511603903606,1,0.0662060258786077,3
"Vitvi14g01525",0.401500636615636,0.0152203400780549,1,0.0309056406697161,100
"Vitvi14g01543",-0.330374397435055,0.049074958737865,1,0.0685784965317695,890
"Vitvi14g01560",0.469223635562852,0.00389036020229627,1,0.0133659316232901,4
"Vitvi14g01568",-0.420850064886269,0.010590608809886,1,0.0250498278095852,1154
"Vitvi14g01575",-0.358748001667088,0.0316645308614795,1,0.0507286655267283,1501
"Vitvi14g01581",-0.39182592248032,0.0181099832764267,1,0.0344332840229548,381
"Vitvi14g01624",0.478898349698169,0.00312849885508842,1,0.0114360502480617,10
"Vitvi14g01641",-0.11125921255614,0.518275138427944,1,0.54207518492608,972
"Vitvi14g01642",-0.256379924585888,0.131210130347675,1,0.158807653118684,368
"Vitvi14g01646",-0.120933926691457,0.482316946894032,1,0.50789081669378,1409
"Vitvi14g01653",-0.101584498420824,0.555509279837126,1,0.579344772471828,1504
"Vitvi14g01665",-0.159632783232723,0.352382996354793,1,0.38721707797826,501
"Vitvi14g01688",0.556734056756734,0.000421261179223091,1,0.00304899480162135,21
"Vitvi14g01727",-0.430524779021586,0.00876561976487687,1,0.0231295625169395,68
"Vitvi14g01735",-0.337223121567062,0.0442962269402098,1,0.0641497604020735,1660
"Vitvi14g01763",-0.638571442967416,2.77964224488528e-05,0.0905329479159134,0.000427042207150535,162
"Vitvi14g01809",0.471586495135116,0.003690811552788,1,0.013094742077811,45
"Vitvi14g01811",0.285404066991838,0.0915479263669639,1,0.114681383145078,15
"Vitvi14g01815",0.420850064886269,0.010590608809886,1,0.0250498278095852,47
"Vitvi14g01819",-0.256379924585888,0.131210130347675,1,0.158807653118684,103
"Vitvi14g01821",-0.072560356014874,0.67408182426832,1,0.683525685442689,1158
"Vitvi14g01822",0.459548921427535,0.00480814938579871,1,0.0156915256007479,6
"Vitvi14g01840",-0.478898349698169,0.00312849885508842,1,0.0114360502480617,183
"Vitvi14g01841",-0.380272881767113,0.0221479552944204,1,0.0390768637020191,710
"Vitvi14g01858",-0.478898349698169,0.00312849885508842,1,0.0114360502480617,19
"Vitvi14g01859",-0.478898349698169,0.00312849885508842,1,0.0114360502480617,17
"Vitvi14g01868",-0.478898349698169,0.00312849885508842,1,0.0114360502480617,58
"Vitvi14g01897",-0.159632783232723,0.352382996354793,1,0.38721707797826,18
"Vitvi14g01910",-0.382151208345003,0.0214447164072558,1,0.0381669078352089,1723
"Vitvi14g01917",-0.478898349698169,0.00312849885508842,1,0.0114360502480617,72
"Vitvi14g01921",-0.401500636615636,0.0152203400780548,1,0.0309056406697161,865
"Vitvi14g01922",-0.36280178007437,0.0296534634974876,1,0.0480982722167914,1158
"Vitvi14g01926",-0.731763852262692,3.96103875756545e-07,0.00129011032333907,2.11493495629355e-05,6
"Vitvi14g01929",-0.301348321400354,0.0740899184807144,1,0.0952668237235242,275
"Vitvi14g01952",-0.353127065939054,0.0346365270501543,1,0.0535920040866283,1162
"Vitvi14g01953",-0.24394864113362,0.151628904334241,1,0.181631239947269,242
"Vitvi14g01960",-0.411175350750953,0.0127285678576514,1,0.0281254718537114,1207
"Vitvi14g01967",-0.478898349698169,0.00312849885508842,1,0.0114360502480617,185
"Vitvi14g01977",-0.401500636615636,0.0152203400780548,1,0.0309056406697161,537
"Vitvi14g01985",0.39182592248032,0.0181099832764267,1,0.0344332840229548,328
"Vitvi14g01987",-0.36280178007437,0.0296534634974876,1,0.0480982722167914,1159
"Vitvi14g01992",-0.437672562033847,0.00759614356666715,1,0.0215698688723931,965
"Vitvi14g02004",0.411175350750953,0.0127285678576514,1,0.0281254718537114,646
"Vitvi14g02006",-0.208073840966911,0.223313018188778,1,0.256911621641577,684
"Vitvi14g02010",-0.39182592248032,0.0181099832764267,1,0.0344332840229548,1609
"Vitvi14g02043",-0.361250509344873,0.0304102843617543,1,0.0492522606495444,1862
"Vitvi14g02469",0.444847522067189,0.00655916257134087,1,0.0196172566527614,48
"Vitvi14g02489",-0.358748001667088,0.0316645308614795,1,0.0507286655267283,683
"Vitvi14g02490",-0.358748001667088,0.0316645308614795,1,0.0507286655267283,370
"Vitvi14g02493",-0.39182592248032,0.0181099832764267,1,0.0344332840229548,939
"Vitvi14g02494",-0.353127065939054,0.0346365270501543,1,0.0535920040866283,770
"Vitvi14g02495",-0.365922961700429,0.0281775586427065,1,0.0469674045543988,838
"Vitvi14g02523",0.295078781127154,0.080615036363119,1,0.102684072520406,43
"Vitvi14g02559",-0.227355782179939,0.182356808244462,1,0.214572299296319,32
"Vitvi14g02572",-0.208006353909306,0.223466571725695,1,0.256911621641577,131
"Vitvi14g02580",-0.652314954998581,1.62645051497972e-05,0.0529734932728894,0.000353156621819264,92
"Vitvi14g02582",-0.56723039565094,0.000309212565654159,1,0.00239318756745763,1406
"Vitvi14g02586",-0.344398081600404,0.0396995102296854,1,0.0593662649818488,743
"Vitvi14g02607",-0.086099520400101,0.617572007967428,1,0.640379506510638,94
"Vitvi14g02608",-0.208006353909306,0.223466571725695,1,0.256911621641577,240
"Vitvi14g02633",-0.509422162367264,0.00150722386046954,1,0.00810070645800213,51
"Vitvi14g02645",0.256379924585888,0.131210130347675,1,0.158807653118684,5
"Vitvi14g02659",0.57399680266734,0.000251925466762095,0.820521245244142,0.00201108148344152,130
"Vitvi14g02663",-0.6636595629116,1.02371827438791e-05,0.0333425041968142,0.000234806367583199,74
"Vitvi14g02707",-0.0957159469204366,0.57868579943145,1,0.602743731611204,94
"Vitvi14g02757",-0.072560356014874,0.67408182426832,1,0.683525685442689,588
"Vitvi14g02758",-0.420850064886269,0.010590608809886,1,0.0250498278095852,1332
"Vitvi14g02762",0.353127065939054,0.0346365270501542,1,0.0535920040866283,23
"Vitvi14g02829",-0.28699840133367,0.0896719638266695,1,0.113333948848841,774
"Vitvi14g02857",0.516597122400606,0.00125690591977388,1,0.00707036715147413,37
"Vitvi14g02869",-0.460054067456292,0.00475597470295148,1,0.0156915256007479,128
"Vitvi14g02876",-0.294173361367012,0.0815930785914507,1,0.10340414668185,808
"Vitvi14g02888",0.107624400500126,0.532118225928425,1,0.556196746421335,35
"Vitvi14g02912",-0.333777637668421,0.0466511603903606,1,0.0662060258786077,269
"Vitvi14g02920",-0.645746403000758,2.10820008752169e-05,0.0686640768505814,0.000373174330709686,1051
"Vitvi14g02923",-0.324102923533104,0.0538052002373616,1,0.0735699148501624,45
"Vitvi14g02930",-0.638571442967416,2.77964224488528e-05,0.0905329479159134,0.000427042207150535,968
"Vitvi14g02934",-0.401500636615636,0.0152203400780548,1,0.0309056406697161,96
"Vitvi14g02935",0.159632783232723,0.352382996354793,1,0.38721707797826,32
"Vitvi14g02946",-0.337223121567062,0.0442962269402098,1,0.0641497604020735,1339
"Vitvi14g02997",-0.130608640826773,0.447699103241463,1,0.476521561848838,1499
"Vitvi14g03000",-0.372476494209687,0.0252748166470032,1,0.0426528900618079,135
"Vitvi14g03015",0.478898349698169,0.00312849885508842,1,0.0114360502480617,72
"Vitvi14g03025",-0.304753495262471,0.0707229426338605,1,0.0913341094997953,245
"Vitvi14g03033",-0.478898349698169,0.00312849885508842,1,0.0114360502480617,91
"Vitvi14g03036",-0.330048161533721,0.0493125080986809,1,0.0685784965317695,233
"Vitvi14g03041",-0.311848730289164,0.064092854393685,1,0.0847889629407928,228
"Vitvi14g03042",-0.596032931351327,0.000125192354329375,0.407751498050773,0.00113605670712579,142
"Vitvi14g03044",-0.130608640826773,0.447699103241463,1,0.476521561848838,11
"Vitvi14g03052",0.275729352856521,0.103584434864025,1,0.12823052236873,9
"Vitvi14g03055",-0.478898349698169,0.00312849885508842,1,0.0114360502480617,251
"Vitvi14g03056",-0.478898349698169,0.00312849885508842,1,0.0114360502480617,160
"Vitvi14g03057",-0.478898349698169,0.00312849885508842,1,0.0114360502480617,147
"Vitvi14g03075",-0.478898349698169,0.00312849885508842,1,0.0114360502480617,85
"Vitvi14g03076",0.503280624130037,0.00175527745304601,1,0.00932616421626574,267
"Vitvi14g03078",-0.420850064886269,0.010590608809886,1,0.0250498278095852,12
"Vitvi14g03084",-0.266054638721205,0.116785634586865,1,0.143104142907984,88
"Vitvi14g03092",-0.420850064886269,0.010590608809886,1,0.0250498278095852,54
"Vitvi14g04000",-0.343452351803737,0.0402822983143647,1,0.0593662649818488,541
"Vitvi14g04030",-0.372476494209687,0.0252748166470032,1,0.0426528900618079,867
"Vitvi14g04042",-0.420850064886269,0.010590608809886,1,0.0250498278095852,506
"Vitvi14g04048",-0.120933926691457,0.482316946894032,1,0.50789081669378,1358
"Vitvi14g04148",-0.266054638721205,0.116785634586865,1,0.143104142907984,92
"Vitvi14g04155",-0.072560356014874,0.67408182426832,1,0.683525685442689,1194
"Vitvi14g04206",-0.419187995675658,0.0109345409920775,1,0.0258258158166762,312
"Vitvi14g04211",-0.304753495262471,0.0707229426338605,1,0.0913341094997953,26
"Vitvi14g04224",-0.0645746403000758,0.708281518292139,1,0.716420156856365,87
"Vitvi14g04241",0.39182592248032,0.0181099832764267,1,0.0344332840229548,55
"Vitvi14g04248",-0.344398081600404,0.0396995102296854,1,0.0593662649818488,92
"Vitvi14g04255",-0.36068003838595,0.0306925545312008,1,0.0496847167535392,102
"Vitvi14g04262",0.258298561200303,0.128249602946178,1,0.156503917870252,3
"Vitvi14g04285",-0.266054638721205,0.116785634586865,1,0.143104142907984,215
"Vitvi14g04301",-0.380272881767113,0.0221479552944204,1,0.0390768637020191,486
"Vitvi14g04387",0.447703622692365,0.00618157821670591,1,0.0185732474647704,48
"Vitvi14g04416",-0.663836406061092,1.01620006133772e-05,0.0330976359977695,0.000234806367583199,30
"Vitvi14g04418",-0.295078781127154,0.0806150363631191,1,0.102684072520406,10
"Vitvi14g04420",-0.582933306486462,0.000190869311580325,0.621661347817118,0.00163165708088482,25
"Vitvi14g04428",-0.478898349698169,0.00312849885508842,1,0.0114360502480617,5
"Vitvi14g04439",-0.588346722734024,0.000160693769450826,0.52337960710134,0.00139567895227024,22
"Vitvi14g04449",-0.334665933434054,0.0460346116990456,1,0.0662060258786077,77
"Vitvi14g04450",-0.410652288400583,0.0128538560722654,1,0.028363827389816,83
"Vitvi14g04456",0.53094704246729,0.000863545476365851,1,0.00530673135193132,6
"Vitvi14g04477",0.523984994594573,0.00103817108302138,1,0.00610450917486732,30
"Vitvi14g04479",0.420850064886269,0.010590608809886,1,0.0250498278095852,236
"Vitvi14g04481",-0.208006353909306,0.223466571725695,1,0.256911621641577,83
"Vitvi14g04485",0.411175350750953,0.0127285678576514,1,0.0281254718537114,333
"Vitvi14g04494",-0.430524779021586,0.00876561976487687,1,0.0231295625169395,15
"Vitvi14g04515",-0.459548921427535,0.00480814938579871,1,0.0156915256007479,3
"Vitvi14g04517",0.053210927744241,0.757917561540452,1,0.765200712317809,97
"Vitvi14g04524",0.275729352856521,0.103584434864025,1,0.12823052236873,7
"Vitvi14g04525",-0.279823441300328,0.0983522347340234,1,0.122921423073183,7
"Vitvi14g04526",-0.344398081600404,0.0396995102296854,1,0.0593662649818488,1373
"Vitvi14g04551",-0.372476494209687,0.0252748166470032,1,0.0426528900618079,1060
"Vitvi14g04573",0.39182592248032,0.0181099832764267,1,0.0344332840229548,6
"Vitvi14g04588",-0.624221522900733,4.73386834040076e-05,0.154182091846853,0.000573167627683467,33
"Vitvi14g04629",-0.11125921255614,0.518275138427944,1,0.54207518492608,1224
"Vitvi14g04632",0.645746403000758,2.10820008752171e-05,0.0686640768505822,0.000373174330709686,82
"Vitvi14g04653",-0.516597122400606,0.00125690591977388,1,0.00707036715147413,17
"Vitvi14g04661",0.314428209397787,0.0618077618339936,1,0.0819323892117694,20
"Vitvi14g04662",-0.21922039455971,0.198933865726947,1,0.233487423665826,7
"Vitvi14g04673",-0.353689871351337,0.0343290674763228,1,0.0535920040866283,26
"Vitvi14g04677",-0.432287620540523,0.00846379623972504,1,0.0231295625169395,21
"Vitvi14g04689",0.420850064886269,0.010590608809886,1,0.0250498278095852,23
"Vitvi15g00017",-0.478898349698169,0.00312849885508842,1,0.0114360502480617,11
"Vitvi15g00110",-0.632960294151274,3.43391503021161e-05,0.111842612533992,0.000483843401025592,23
"Vitvi15g00248",-0.198331639773989,0.246229438389849,1,0.281294030457994,77
"Vitvi15g00263",-0.609871602834049,7.8569440725387e-05,0.255900668442585,0.000814970281664284,7
"Vitvi15g00396",0.420850064886269,0.010590608809886,1,0.0250498278095852,57
"Vitvi15g00406",-0.285404066991838,0.0915479263669638,1,0.114681383145078,103
"Vitvi15g00431",-0.295078781127154,0.0806150363631191,1,0.102684072520406,28
"Vitvi15g00459",-0.373097921733771,0.0250128969168012,1,0.0426528900618079,833
"Vitvi15g00528",-0.437672562033847,0.00759614356666715,1,0.0215698688723931,398
"Vitvi15g00537",-0.401500636615636,0.0152203400780548,1,0.0309056406697161,1139
"Vitvi15g00619",-0.351573041633746,0.0354971658889758,1,0.0544579695244439,1238
"Vitvi15g00620",-0.39182592248032,0.0181099832764267,1,0.0344332840229548,1550
"Vitvi15g00628",0.430524779021586,0.00876561976487691,1,0.0231295625169395,546
"Vitvi15g00641",-0.387447841800455,0.0195609632394898,1,0.0369119682914359,672
"Vitvi15g00687",-0.149958069097406,0.382692613049351,1,0.415476613567245,1546
"Vitvi15g00690",-0.337223121567062,0.0442962269402098,1,0.0641497604020735,1636
"Vitvi15g00714",-0.372476494209687,0.0252748166470032,1,0.0426528900618079,1064
"Vitvi15g00721",-0.640970347085562,2.53619620580653e-05,0.0826039104231188,0.000427042207150535,894
"Vitvi15g00762",-0.429177955546474,0.00900235805292827,1,0.0236457098212801,11
"Vitvi15g00767",-0.342724842198983,0.0407353104256489,1,0.0598983774520716,242
"Vitvi15g00771",-0.416147681933822,0.011588218990186,1,0.0272118451701773,459
"Vitvi15g00775",-0.14028335496209,0.414476147144056,1,0.445380670157767,792
"Vitvi15g00787",-0.440199493156902,0.00721598030084795,1,0.0206887745069206,47
"Vitvi15g00795",0.333777637668421,0.0466511603903606,1,0.0662060258786077,112
"Vitvi15g00804",-0.372476494209687,0.0252748166470032,1,0.0426528900618079,1128
"Vitvi15g00805",-0.351573041633746,0.0354971658889758,1,0.0544579695244439,123
"Vitvi15g00811",0.343452351803737,0.0402822983143647,1,0.0593662649818488,105
"Vitvi15g00816",-0.072560356014874,0.67408182426832,1,0.683525685442689,1604
"Vitvi15g00835",0.343452351803737,0.0402822983143647,1,0.0593662649818488,14
"Vitvi15g00885",-0.437672562033847,0.00759614356666715,1,0.0215698688723931,718
"Vitvi15g00888",-0.420850064886269,0.010590608809886,1,0.0250498278095852,634
"Vitvi15g00893",-0.322873201500379,0.054773977481723,1,0.0742400518759766,1060
"Vitvi15g00894",-0.401500636615636,0.0152203400780548,1,0.0309056406697161,403
"Vitvi15g00906",0.40897272190048,0.0132632256396861,1,0.0290506562935156,41
"Vitvi15g00912",-0.645746403000758,2.10820008752169e-05,0.0686640768505814,0.000373174330709686,65
"Vitvi15g00915",-0.411175350750953,0.0127285678576514,1,0.0281254718537114,1089
"Vitvi15g00916",-0.631396482934074,3.63959573998368e-05,0.118541633251268,0.000483843401025592,108
"Vitvi15g00919",-0.57399680266734,0.000251925466762095,0.820521245244142,0.00201108148344152,1080
"Vitvi15g00921",-0.602084182241456,0.000102390038824264,0.333484356450628,0.000986640107842095,879
"Vitvi15g00931",-0.631396482934074,3.63959573998368e-05,0.118541633251268,0.000483843401025592,408
"Vitvi15g00938",-0.159632783232723,0.352382996354793,1,0.38721707797826,329
"Vitvi15g00943",-0.11125921255614,0.518275138427944,1,0.54207518492608,1752
"Vitvi15g00947",-0.638571442967416,2.77964224488528e-05,0.0905329479159134,0.000427042207150535,1197
"Vitvi15g00960",0.53094704246729,0.000863545476365851,1,0.00530673135193132,663
"Vitvi15g00973",-0.495072242300581,0.00214236521236232,1,0.0109196924830424,180
"Vitvi15g01011",-0.430524779021586,0.00876561976487687,1,0.0231295625169395,1695
"Vitvi15g01021",0.440199493156902,0.00721598030084792,1,0.0206887745069206,5
"Vitvi15g01030",-0.337223121567062,0.0442962269402098,1,0.0641497604020735,925
"Vitvi15g01037",-0.478898349698169,0.00312849885508842,1,0.0114360502480617,122
"Vitvi15g01050",-0.382151208345003,0.0214447164072558,1,0.0381669078352089,1231
"Vitvi15g01059",0.420850064886269,0.010590608809886,1,0.0250498278095852,286
"Vitvi15g01073",0.478898349698169,0.00312849885508842,1,0.0114360502480617,3
"Vitvi15g01078",-0.337223121567062,0.0442962269402098,1,0.0641497604020735,1349
"Vitvi15g01083",0.516597122400606,0.00125690591977388,1,0.00707036715147413,109
"Vitvi15g01110",-0.285404066991838,0.0915479263669638,1,0.114681383145078,121
"Vitvi15g01150",-0.416147681933822,0.011588218990186,1,0.0272118451701773,287
"Vitvi15g01160",-0.401500636615636,0.0152203400780548,1,0.0309056406697161,1437
"Vitvi15g01161",-0.39182592248032,0.0181099832764267,1,0.0344332840229548,425
"Vitvi15g01178",-0.353127065939054,0.0346365270501543,1,0.0535920040866283,1726
"Vitvi15g01182",-0.552471922567315,0.000476236747738388,1,0.00333570556426652,1177
"Vitvi15g01184",-0.478898349698169,0.00312849885508842,1,0.0114360502480617,14
"Vitvi15g01247",-0.556181543507072,0.0004280530476983,1,0.00309128331785668,106
"Vitvi15g01344",-0.36280178007437,0.0296534634974876,1,0.0480982722167914,1388
"Vitvi15g01388",-0.336549619817019,0.0447488591013894,1,0.0646041817789119,1328
"Vitvi15g01395",-0.333777637668421,0.0466511603903606,1,0.0662060258786077,11
"Vitvi15g01434",-0.478898349698169,0.00312849885508842,1,0.0114360502480617,678
"Vitvi15g01455",0.372476494209687,0.0252748166470031,1,0.0426528900618079,223
"Vitvi15g01483",0.285404066991838,0.0915479263669639,1,0.114681383145078,84
"Vitvi15g01489",-0.120933926691457,0.482316946894032,1,0.50789081669378,1135
"Vitvi15g01496",-0.478898349698169,0.00312849885508842,1,0.0114360502480617,42
"Vitvi15g01499",0.617046562867391,6.11763032283901e-05,0.199251219614867,0.000694255120609296,32
"Vitvi15g01503",-0.411175350750953,0.0127285678576514,1,0.0281254718537114,113
"Vitvi15g01504",0.449874207292219,0.00590725996608226,1,0.0177982846526642,74
"Vitvi15g01505",0.401500636615636,0.0152203400780549,1,0.0309056406697161,406
"Vitvi15g01514",0.420850064886269,0.010590608809886,1,0.0250498278095852,11
"Vitvi15g01541",0.509422162367264,0.00150722386046954,1,0.00810070645800213,41
"Vitvi15g01543",0.480722322233897,0.00300044009732609,1,0.0114360502480617,50
"Vitvi15g01565",-0.120933926691457,0.482316946894032,1,0.50789081669378,1318
"Vitvi15g01574",-0.595521682767366,0.000127313692999972,0.414660698100909,0.00113605670712579,70
"Vitvi15g01605",0.178982211503356,0.296273865831986,1,0.332746200349924,31
"Vitvi15g01606",-0.478898349698169,0.00312849885508842,1,0.0114360502480617,18
"Vitvi15g01617",-0.449874207292219,0.00590725996608227,1,0.0177982846526642,83
"Vitvi15g01618",-0.114799360533468,0.504965768061545,1,0.530882345570191,119
"Vitvi15g01629",-0.638571442967416,2.77964224488528e-05,0.0905329479159134,0.000427042207150535,412
"Vitvi15g01639",0.62678507176931,4.31273835887367e-05,0.140465888348515,0.000559625053181336,6
"Vitvi15g01646",-0.344398081600404,0.0396995102296854,1,0.0593662649818488,244
"Vitvi15g01663",-0.478898349698169,0.00312849885508842,1,0.0114360502480617,8
"Vitvi15g01667",-0.36280178007437,0.0296534634974876,1,0.0480982722167914,15
"Vitvi15g01686",0.0648398350106183,0.707136279793297,1,0.716374140991218,82
"Vitvi15g01687",-0.631396482934074,3.63959573998368e-05,0.118541633251268,0.000483843401025592,321
"Vitvi15g01693",-0.411175350750953,0.0127285678576514,1,0.0281254718537114,204
"Vitvi15g01705",-0.227355782179939,0.182356808244462,1,0.214572299296319,13
"Vitvi15g01730",0.275729352856521,0.103584434864025,1,0.12823052236873,61
"Vitvi15g04047",0.478898349698169,0.00312849885508842,1,0.0114360502480617,60
"Vitvi15g04128",0.56723039565094,0.000309212565654162,1,0.00239318756745763,66
"Vitvi15g04150",-0.382151208345003,0.0214447164072558,1,0.0381669078352089,8
"Vitvi15g04151",-0.343452351803737,0.0402822983143647,1,0.0593662649818488,383
"Vitvi15g04157",0.178982211503356,0.296273865831986,1,0.332746200349924,115
"Vitvi15g04163",-0.595521682767366,0.000127313692999972,0.414660698100909,0.00113605670712579,56
"Vitvi15g04177",-0.353127065939054,0.0346365270501543,1,0.0535920040866283,80
"Vitvi15g04205",-0.478898349698169,0.00312849885508842,1,0.0114360502480617,27
"Vitvi15g04246",-0.469223635562852,0.00389036020229628,1,0.0133659316232901,23
"Vitvi15g04365",-0.502702548939085,0.00178037307621142,1,0.00936705833653789,103
"Vitvi15g04378",-0.430497602000505,0.00877034378520732,1,0.0231295625169395,75
"Vitvi15g04379",-0.430497602000505,0.00877034378520732,1,0.0231295625169395,87
"Vitvi15g04461",0.246705210450572,0.146913319045593,1,0.176306809186255,38
"Vitvi15g04474",0.401500636615636,0.0152203400780549,1,0.0309056406697161,313
"Vitvi15g04489",-0.552471922567315,0.000476236747738388,1,0.00333570556426652,78
"Vitvi15g04491",-0.28699840133367,0.0896719638266695,1,0.113333948848841,196
"Vitvi15g04492",-0.159632783232723,0.352382996354793,1,0.38721707797826,255
"Vitvi15g04494",-0.373097921733771,0.0250128969168012,1,0.0426528900618079,1653
"Vitvi15g04497",0.343452351803737,0.0402822983143647,1,0.0593662649818488,45
"Vitvi15g04501",-0.382151208345003,0.0214447164072558,1,0.0381669078352089,3
"Vitvi15g04508",0.595521682767366,0.000127313692999973,0.414660698100913,0.00113605670712579,15
"Vitvi15g04517",-0.372476494209687,0.0252748166470032,1,0.0426528900618079,698
"Vitvi15g04526",-0.304753495262471,0.0707229426338605,1,0.0913341094997953,113
"Vitvi15g04544",-0.631396482934074,3.63959573998368e-05,0.118541633251268,0.000483843401025592,4
"Vitvi15g04555",0.449874207292219,0.00590725996608226,1,0.0177982846526642,33
"Vitvi15g04556",-0.478898349698169,0.00312849885508842,1,0.0114360502480617,8
"Vitvi15g04598",0.0771902797745456,0.65453915688062,1,0.67463102340512,148
"Vitvi15g04599",0.466229289838256,0.00415662745516068,1,0.0141760582423647,30
"Vitvi15g04655",-0.631396482934074,3.63959573998368e-05,0.118541633251268,0.000483843401025592,684
"Vitvi16g00041",-0.581171762700682,0.000201731083518182,0.65703813901872,0.00168040444761821,48
"Vitvi16g00043",-0.552471922567315,0.000476236747738388,1,0.00333570556426652,89
"Vitvi16g00073",-0.129149280600152,0.452832844807881,1,0.480729001153608,1200
"Vitvi16g00118",0.478898349698169,0.00312849885508842,1,0.0114360502480617,11
"Vitvi16g00160",-0.713238185116801,1.05085825073373e-06,0.00342264532263976,4.22842998305251e-05,36
"Vitvi16g00170",0.343452351803737,0.0402822983143647,1,0.0593662649818488,48
"Vitvi16g00205",-0.343452351803737,0.0402822983143647,1,0.0593662649818488,49
"Vitvi16g00275",-0.478898349698169,0.00312849885508842,1,0.0114360502480617,6
"Vitvi16g00372",-0.330048161533721,0.0493125080986809,1,0.0685784965317695,826
"Vitvi16g00609",-0.620609849387347,5.39036718218734e-05,0.175564259123842,0.000636102388129862,29
"Vitvi16g00627",0.343452351803737,0.0402822983143647,1,0.0593662649818488,55
"Vitvi16g00636",-0.420850064886269,0.010590608809886,1,0.0250498278095852,244
"Vitvi16g00713",-0.344398081600404,0.0396995102296854,1,0.0593662649818488,1489
"Vitvi16g00741",-0.628781993513488,4.00851400439236e-05,0.130557301123059,0.000526440730334916,1095
"Vitvi16g00775",-0.420850064886269,0.010590608809886,1,0.0250498278095852,26
"Vitvi16g00787",0.380272881767113,0.0221479552944204,1,0.0390768637020191,24
"Vitvi16g00793",-0.072560356014874,0.67408182426832,1,0.683525685442689,910
"Vitvi16g00804",0.478898349698169,0.00312849885508842,1,0.0114360502480617,33
"Vitvi16g00808",-0.322873201500379,0.054773977481723,1,0.0742400518759766,310
"Vitvi16g00836",-0.361250509344873,0.0304102843617543,1,0.0492522606495444,447
"Vitvi16g00849",-0.337223121567062,0.0442962269402098,1,0.0641497604020735,875
"Vitvi16g00866",-0.353127065939054,0.0346365270501543,1,0.0535920040866283,933
"Vitvi16g00875",-0.344398081600404,0.0396995102296854,1,0.0593662649818488,1705
"Vitvi16g00878",-0.318023952671128,0.0587303678317534,1,0.0794702152172915,616
"Vitvi16g00897",-0.322873201500379,0.054773977481723,1,0.0742400518759766,1166
"Vitvi16g00901",0.668481792472994,8.35848579661524e-06,0.0272235882395758,0.000206239304845271,6
"Vitvi16g00970",-0.631396482934074,3.63959573998368e-05,0.118541633251268,0.000483843401025592,445
"Vitvi16g00985",0.478898349698169,0.00312849885508842,1,0.0114360502480617,348
"Vitvi16g01081",-0.40897272190048,0.013263225639686,1,0.0290506562935156,81
"Vitvi16g01090",-0.478898349698169,0.00312849885508842,1,0.0114360502480617,8
"Vitvi16g01126",0.609871602834049,7.8569440725387e-05,0.255900668442585,0.000814970281664284,101
"Vitvi16g01127",0.449874207292219,0.00590725996608226,1,0.0177982846526642,63
"Vitvi16g01141",0.449874207292219,0.00590725996608226,1,0.0177982846526642,105
"Vitvi16g01144",-0.372476494209687,0.0252748166470032,1,0.0426528900618079,1352
"Vitvi16g01146",-0.469223635562852,0.00389036020229628,1,0.0133659316232901,4
"Vitvi16g01191",-0.169307497368039,0.323571829826416,1,0.359561054160573,277
"Vitvi16g01194",-0.420850064886269,0.010590608809886,1,0.0250498278095852,718
"Vitvi16g01204",-0.372476494209687,0.0252748166470032,1,0.0426528900618079,1614
"Vitvi16g01233",0.478898349698169,0.00312849885508842,1,0.0114360502480617,5
"Vitvi16g01296",0.440199493156902,0.00721598030084792,1,0.0206887745069206,41
"Vitvi16g01303",-0.523772082433948,0.00104397040540408,1,0.00610450917486732,6
"Vitvi16g01353",0.304753495262471,0.0707229426338605,1,0.0913341094997953,41
"Vitvi16g01354",0.36280178007437,0.0296534634974875,1,0.0480982722167914,7
"Vitvi16g01371",0.246705210450572,0.146913319045593,1,0.176306809186255,4
"Vitvi16g01389",-0.430524779021586,0.00876561976487687,1,0.0231295625169395,4
"Vitvi16g01406",-0.337223121567062,0.0442962269402098,1,0.0641497604020735,1599
"Vitvi16g01418",-0.420850064886269,0.010590608809886,1,0.0250498278095852,1630
"Vitvi16g01419",-0.420850064886269,0.010590608809886,1,0.0250498278095852,372
"Vitvi16g01497",0.509422162367264,0.00150722386046954,1,0.00810070645800213,124
"Vitvi16g01509",0.333777637668421,0.0466511603903606,1,0.0662060258786077,804
"Vitvi16g01542",0.595521682767366,0.000127313692999973,0.414660698100913,0.00113605670712579,47
"Vitvi16g01546",0.429177955546474,0.00900235805292827,1,0.0236457098212801,130
"Vitvi16g01569",0.159632783232723,0.352382996354793,1,0.38721707797826,7
"Vitvi16g01643",-0.256379924585888,0.131210130347675,1,0.158807653118684,4
"Vitvi16g01695",0.469223635562852,0.00389036020229627,1,0.0133659316232901,39
"Vitvi16g01698",-0.379889121081065,0.0222939643874285,1,0.0393131792148645,7
"Vitvi16g01733",-0.243909070129904,0.151697389261303,1,0.181646469420612,109
"Vitvi16g01753",0.401500636615636,0.0152203400780549,1,0.0309056406697161,27
"Vitvi16g01767",-0.478898349698169,0.00312849885508842,1,0.0114360502480617,5
"Vitvi16g01769",0.645746403000758,2.10820008752171e-05,0.0686640768505822,0.000373174330709686,76
"Vitvi16g01770",-0.459548921427535,0.00480814938579871,1,0.0156915256007479,91
"Vitvi16g01772",-0.430524779021586,0.00876561976487687,1,0.0231295625169395,184
"Vitvi16g01795",-0.315698241467037,0.0607065836515666,1,0.0815345744136711,6
"Vitvi16g01796",-0.550213483781412,0.000507881816015968,1,0.00352243508002181,95
"Vitvi16g01800",-0.11125921255614,0.518275138427944,1,0.54207518492608,497
"Vitvi16g01844",-0.198331639773989,0.246229438389849,1,0.281294030457994,305
"Vitvi16g01857",-0.322873201500379,0.054773977481723,1,0.0742400518759766,1482
"Vitvi16g01874",-0.624221522900733,4.73386834040076e-05,0.154182091846853,0.000573167627683467,1221
"Vitvi16g01877",-0.101584498420824,0.555509279837126,1,0.579344772471828,35
"Vitvi16g01915",0.382151208345003,0.0214447164072558,1,0.0381669078352089,111
"Vitvi16g01920",-0.159632783232723,0.352382996354793,1,0.38721707797826,1079
"Vitvi16g01922",-0.449874207292219,0.00590725996608227,1,0.0177982846526642,7
"Vitvi16g01923",0.478898349698169,0.00312849885508842,1,0.0114360502480617,17
"Vitvi16g01932",-0.358748001667088,0.0316645308614795,1,0.0507286655267283,8
"Vitvi16g01935",0.469223635562852,0.00389036020229627,1,0.0133659316232901,61
"Vitvi16g01938",0.411175350750953,0.0127285678576514,1,0.0281254718537114,76
"Vitvi16g01960",0.449874207292219,0.00590725996608226,1,0.0177982846526642,58
"Vitvi16g01963",-0.178982211503356,0.296273865831986,1,0.332746200349924,19
"Vitvi16g01980",-0.495072242300581,0.00214236521236232,1,0.0109196924830424,19
"Vitvi16g02061",0.411175350750953,0.0127285678576514,1,0.0281254718537114,7
"Vitvi16g02072",-0.645746403000758,2.10820008752169e-05,0.0686640768505814,0.000373174330709686,110
"Vitvi16g02116",-0.608259404623419,8.30443940442623e-05,0.270475591402162,0.000842603088480256,35
"Vitvi16g04012",0.602696642800707,0.000100304716366617,0.32669246120607,0.000981874362264253,16
"Vitvi16g04154",-0.602084182241456,0.000102390038824264,0.333484356450628,0.000986640107842095,26
"Vitvi16g04181",-0.545296962533973,0.000583320667650517,1,0.00394984493666888,8
"Vitvi16g04219",-0.295078781127154,0.0806150363631191,1,0.102684072520406,34
"Vitvi16g04222",0.602084182241456,0.000102390038824263,0.333484356450625,0.000986640107842095,40
"Vitvi16g04263",0.430524779021586,0.00876561976487691,1,0.0231295625169395,29
"Vitvi16g04267",-0.459548921427535,0.00480814938579871,1,0.0156915256007479,24
"Vitvi16g04291",-0.63533180594592,3.14204180292241e-05,0.102336301521183,0.000475982797772943,149
"Vitvi16g04295",-0.745986927832182,1.77160876753437e-07,0.000577012975585943,1.13139799134499e-05,535
"Vitvi16g04296",-0.624221522900733,4.73386834040076e-05,0.154182091846853,0.000573167627683467,1036
"Vitvi16g04318",-0.430524779021586,0.00876561976487687,1,0.0231295625169395,76
"Vitvi16g04372",-0.072560356014874,0.67408182426832,1,0.683525685442689,1485
"Vitvi16g04376",-0.379776176490764,0.0223370882009993,1,0.039346617777531,43
"Vitvi16g04388",0.719413407498765,7.65599059629689e-07,0.0024935561372139,3.28099491738671e-05,103
"Vitvi16g04389",0.645746403000758,2.10820008752171e-05,0.0686640768505822,0.000373174330709686,109
"Vitvi16g04406",0.478898349698169,0.00312849885508842,1,0.0114360502480617,42
"Vitvi16g04418",-0.420850064886269,0.010590608809886,1,0.0250498278095852,351
"Vitvi16g04419",-0.411175350750953,0.0127285678576514,1,0.0281254718537114,348
"Vitvi16g04420",-0.420850064886269,0.010590608809886,1,0.0250498278095852,454
"Vitvi16g04422",-0.469223635562852,0.00389036020229628,1,0.0133659316232901,11
"Vitvi16g04448",-0.669331866868109,8.06194923971235e-06,0.0262577686737431,0.00020198283595187,27
"Vitvi16g04451",-0.503280624130037,0.00175527745304602,1,0.00932616421626574,68
"Vitvi16g04467",-0.645746403000758,2.10820008752169e-05,0.0686640768505814,0.000373174330709686,56
"Vitvi16g04487",-0.217681068044622,0.202185093959942,1,0.235268614157747,116
"Vitvi16g04491",0.509422162367264,0.00150722386046954,1,0.00810070645800213,81
"Vitvi16g04495",-0.382151208345003,0.0214447164072558,1,0.0381669078352089,1555
"Vitvi17g00011",0.53094704246729,0.000863545476365851,1,0.00530673135193132,15
"Vitvi17g00018",-0.39182592248032,0.0181099832764267,1,0.0344332840229548,1160
"Vitvi17g00025",0.559646882600657,0.000387017462770901,1,0.002826268780818,289
"Vitvi17g00031",-0.380272881767113,0.0221479552944204,1,0.0390768637020191,1543
"Vitvi17g00040",0.304753495262471,0.0707229426338605,1,0.0913341094997953,18
"Vitvi17g00046",-0.440199493156902,0.00721598030084795,1,0.0206887745069206,67
"Vitvi17g00061",-0.430497602000505,0.00877034378520732,1,0.0231295625169395,152
"Vitvi17g00062",-0.473547362200556,0.00353201719882765,1,0.0126137938778308,607
"Vitvi17g00064",-0.246705210450572,0.146913319045593,1,0.176306809186255,343
"Vitvi17g00066",-0.39182592248032,0.0181099832764267,1,0.0344332840229548,24
"Vitvi17g00082",-0.333777637668421,0.0466511603903606,1,0.0662060258786077,1227
"Vitvi17g00085",-0.373097921733771,0.0250128969168012,1,0.0426528900618079,240
"Vitvi17g00087",-0.382151208345003,0.0214447164072558,1,0.0381669078352089,817
"Vitvi17g00100",-0.372476494209687,0.0252748166470032,1,0.0426528900618079,1102
"Vitvi17g00102",0.387447841800455,0.0195609632394898,1,0.0369119682914359,30
"Vitvi17g00103",-0.420850064886269,0.010590608809886,1,0.0250498278095852,924
"Vitvi17g00139",-0.411175350750953,0.0127285678576514,1,0.0281254718537114,1470
"Vitvi17g00148",0.478898349698169,0.00312849885508842,1,0.0114360502480617,383
"Vitvi17g00162",-0.478898349698169,0.00312849885508842,1,0.0114360502480617,10
"Vitvi17g00169",-0.330374397435055,0.049074958737865,1,0.0685784965317695,1560
"Vitvi17g00228",-0.382151208345003,0.0214447164072558,1,0.0381669078352089,1681
"Vitvi17g00232",-0.315698241467037,0.0607065836515666,1,0.0815345744136711,1336
"Vitvi17g00234",-0.39182592248032,0.0181099832764267,1,0.0344332840229548,110
"Vitvi17g00237",-0.308523281433695,0.0671364837598805,1,0.0880997290918338,281
"Vitvi17g00245",-0.478898349698169,0.00312849885508842,1,0.0114360502480617,21
"Vitvi17g00258",0.440199493156902,0.00721598030084792,1,0.0206887745069206,302
"Vitvi17g00273",-0.382151208345003,0.0214447164072558,1,0.0381669078352089,568
"Vitvi17g00284",-0.266054638721205,0.116785634586865,1,0.143104142907984,422
"Vitvi17g00321",-0.36280178007437,0.0296534634974876,1,0.0480982722167914,91
"Vitvi17g00339",0.750289519408583,1.37448227308174e-07,0.000447668876342722,9.32643492380682e-06,9
"Vitvi17g00340",0.279823441300328,0.0983522347340232,1,0.122921423073183,23
"Vitvi17g00390",0.353127065939054,0.0346365270501542,1,0.0535920040866283,65
"Vitvi17g00400",0.343452351803737,0.0402822983143647,1,0.0593662649818488,5
"Vitvi17g00405",-0.449874207292219,0.00590725996608227,1,0.0177982846526642,7
"Vitvi17g00438",-0.420850064886269,0.010590608809886,1,0.0250498278095852,49
"Vitvi17g00443",-0.365922961700429,0.0281775586427065,1,0.0469674045543988,1784
"Vitvi17g00450",-0.478898349698169,0.00312849885508842,1,0.0114360502480617,162
"Vitvi17g00461",0.719413407498765,7.65599059629689e-07,0.0024935561372139,3.28099491738671e-05,44
"Vitvi17g00469",0.559646882600657,0.000387017462770901,1,0.002826268780818,109
"Vitvi17g00473",-0.411175350750953,0.0127285678576514,1,0.0281254718537114,353
"Vitvi17g00494",-0.401500636615636,0.0152203400780548,1,0.0309056406697161,1176
"Vitvi17g00499",-0.581171762700682,0.000201731083518182,0.65703813901872,0.00168040444761821,6
"Vitvi17g00504",0.36280178007437,0.0296534634974875,1,0.0480982722167914,322
"Vitvi17g00533",-0.186548960866886,0.275981977380825,1,0.312869230883866,439
"Vitvi17g00547",-0.353127065939054,0.0346365270501543,1,0.0535920040866283,683
"Vitvi17g00558",-0.208073840966911,0.223313018188778,1,0.256911621641577,766
"Vitvi17g00601",-0.624221522900733,4.73386834040076e-05,0.154182091846853,0.000573167627683467,439
"Vitvi17g00608",-0.581171762700682,0.000201731083518182,0.65703813901872,0.00168040444761821,1138
"Vitvi17g00609",-0.478898349698169,0.00312849885508842,1,0.0114360502480617,14
"Vitvi17g00615",-0.538122002500631,0.00071128356377806,1,0.00462405302839349,187
"Vitvi17g00616",0.478898349698169,0.00312849885508842,1,0.0114360502480617,4
"Vitvi17g00622",0.36280178007437,0.0296534634974875,1,0.0480982722167914,15
"Vitvi17g00649",-0.401500636615636,0.0152203400780548,1,0.0309056406697161,13
"Vitvi17g00658",-0.39182592248032,0.0181099832764267,1,0.0344332840229548,1500
"Vitvi17g00695",-0.420850064886269,0.010590608809886,1,0.0250498278095852,167
"Vitvi17g00700",-0.638571442967416,2.77964224488528e-05,0.0905329479159134,0.000427042207150535,17
"Vitvi17g00704",-0.750289519408583,1.37448227308175e-07,0.000447668876342728,9.32643492380682e-06,453
"Vitvi17g00719",0.438837432972955,0.00741881767212036,1,0.0212516175532946,35
"Vitvi17g00732",0.645746403000758,2.10820008752171e-05,0.0686640768505822,0.000373174330709686,14
"Vitvi17g00736",-0.266054638721205,0.116785634586865,1,0.143104142907984,80
"Vitvi17g00744",-0.227355782179939,0.182356808244462,1,0.214572299296319,50
"Vitvi17g00753",0.473547362200556,0.00353201719882767,1,0.0126137938778308,331
"Vitvi17g00790",0.516597122400606,0.00125690591977388,1,0.00707036715147413,37
"Vitvi17g00796",-0.14028335496209,0.414476147144056,1,0.445380670157767,292
"Vitvi17g00819",0.120933926691457,0.482316946894032,1,0.50789081669378,17
"Vitvi17g00822",-0.330048161533721,0.0493125080986809,1,0.0685784965317695,1235
"Vitvi17g00842",-0.215248801000253,0.20739737841139,1,0.24090344560838,405
"Vitvi17g00845",-0.449874207292219,0.00590725996608227,1,0.0177982846526642,33
"Vitvi17g00873",-0.333777637668421,0.0466511603903606,1,0.0662060258786077,24
"Vitvi17g00917",-0.324199175053092,0.0537299532675185,1,0.0735699148501624,947
"Vitvi17g00920",-0.343452351803737,0.0402822983143647,1,0.0593662649818488,625
"Vitvi17g00936",0.684288760868618,4.18769069394473e-06,0.013639308590178,0.000118602683392852,652
"Vitvi17g00963",-0.353127065939054,0.0346365270501543,1,0.0535920040866283,257
"Vitvi17g00964",-0.469223635562852,0.00389036020229628,1,0.0133659316232901,167
"Vitvi17g00972",0.478898349698169,0.00312849885508842,1,0.0114360502480617,35
"Vitvi17g00975",0.478898349698169,0.00312849885508842,1,0.0114360502480617,445
"Vitvi17g00990",0.330048161533721,0.049312508098681,1,0.0685784965317695,4
"Vitvi17g01012",-0.358748001667088,0.0316645308614795,1,0.0507286655267283,1523
"Vitvi17g01015",0.0833655021565093,0.628823645144407,1,0.651839150934224,82
"Vitvi17g01018",-0.0338614994736079,0.844567223530562,1,0.849785433129145,3
"Vitvi17g01203",-0.577383292713601,0.000226988801827679,0.739302527552749,0.00186222299131675,1380
"Vitvi17g01221",-0.11125921255614,0.518275138427944,1,0.54207518492608,1482
"Vitvi17g01228",0.552471922567315,0.000476236747738389,1,0.00333570556426652,40
"Vitvi17g01251",-0.143499200666835,0.403749780213674,1,0.436736311576199,992
"Vitvi17g01341",-0.308523281433695,0.0671364837598805,1,0.0880997290918338,1010
"Vitvi17g01365",-0.449874207292219,0.00590725996608227,1,0.0177982846526642,117
"Vitvi17g01373",0.782777945998297,1.69065981695937e-08,5.50647902383666e-05,1.52957750662129e-06,88
"Vitvi17g01380",0.416147681933822,0.011588218990186,1,0.0272118451701773,101
"Vitvi17g01429",0.324102923533104,0.0538052002373616,1,0.0735699148501624,25
"Vitvi17g01454",-0.178982211503356,0.296273865831986,1,0.332746200349924,367
"Vitvi17g01481",-0.053210927744241,0.757917561540451,1,0.765200712317809,32
"Vitvi17g01495",0.391388972999149,0.018250629662715,1,0.0346804555492782,42
"Vitvi17g01496",-0.149958069097406,0.382692613049351,1,0.415476613567245,18
"Vitvi17g01499",-0.401500636615636,0.0152203400780548,1,0.0309056406697161,65
"Vitvi17g01511",-0.157849120733519,0.357858909649412,1,0.392704335824843,1437
"Vitvi17g01521",-0.478898349698169,0.00312849885508842,1,0.0114360502480617,438
"Vitvi17g01554",-0.411175350750953,0.0127285678576514,1,0.0281254718537114,62
"Vitvi17g01564",-0.602084182241456,0.000102390038824264,0.333484356450628,0.000986640107842095,23
"Vitvi17g01576",0.382151208345003,0.0214447164072558,1,0.0381669078352089,3
"Vitvi17g01596",-0.372476494209687,0.0252748166470032,1,0.0426528900618079,15
"Vitvi17g01604",0.250096506469528,0.141259985792001,1,0.170338309413013,29
"Vitvi17g04007",0.344398081600404,0.0396995102296854,1,0.0593662649818488,17
"Vitvi17g04034",0.36280178007437,0.0296534634974875,1,0.0480982722167914,19
"Vitvi17g04091",0.430524779021586,0.00876561976487691,1,0.0231295625169395,8
"Vitvi17g04095",-0.028699840133367,0.868034272611499,1,0.872858174095601,8
"Vitvi17g04097",0.430524779021586,0.00876561976487691,1,0.0231295625169395,22
"Vitvi17g04101",0.523772082433948,0.00104397040540408,1,0.00610450917486732,31
"Vitvi17g04102",0.36280178007437,0.0296534634974875,1,0.0480982722167914,15
"Vitvi17g04138",-0.53094704246729,0.000863545476365859,1,0.00530673135193132,12
"Vitvi17g04171",0.700887740352874,1.9332321858187e-06,0.0062965372292115,6.36013861536515e-05,110
"Vitvi17g04200",-0.471586495135116,0.003690811552788,1,0.013094742077811,110
"Vitvi17g04216",-0.478898349698169,0.00312849885508842,1,0.0114360502480617,402
"Vitvi17g04225",-0.294173361367012,0.0815930785914507,1,0.10340414668185,796
"Vitvi17g04255",0.39182592248032,0.0181099832764267,1,0.0344332840229548,394
"Vitvi17g04275",0.421179222412428,0.0105235973662407,1,0.0250498278095852,26
"Vitvi17g04289",-0.294173361367012,0.0815930785914507,1,0.10340414668185,73
"Vitvi18g00008",-0.072560356014874,0.67408182426832,1,0.683525685442689,1769
"Vitvi18g00020",0.308523281433695,0.0671364837598807,1,0.0880997290918338,12
"Vitvi18g00022",-0.072560356014874,0.67408182426832,1,0.683525685442689,1651
"Vitvi18g00023",-0.333777637668421,0.0466511603903606,1,0.0662060258786077,553
"Vitvi18g00033",0.420850064886269,0.010590608809886,1,0.0250498278095852,18
"Vitvi18g00040",-0.322873201500379,0.054773977481723,1,0.0742400518759766,137
"Vitvi18g00043",-0.344398081600404,0.0396995102296854,1,0.0593662649818488,1655
"Vitvi18g00051",-0.178982211503356,0.296273865831986,1,0.332746200349924,691
"Vitvi18g00065",-0.478898349698169,0.00312849885508842,1,0.0114360502480617,7
"Vitvi18g00087",0.39182592248032,0.0181099832764267,1,0.0344332840229548,47
"Vitvi18g00091",-0.314428209397787,0.0618077618339936,1,0.0819323892117694,19
"Vitvi18g00096",0.343452351803737,0.0402822983143647,1,0.0593662649818488,237
"Vitvi18g00106",0.620609849387347,5.39036718218734e-05,0.175564259123842,0.000636102388129862,42
"Vitvi18g00107",0.411175350750953,0.0127285678576514,1,0.0281254718537114,66
"Vitvi18g00118",-0.353127065939054,0.0346365270501543,1,0.0535920040866283,1336
"Vitvi18g00137",-0.072560356014874,0.67408182426832,1,0.683525685442689,1615
"Vitvi18g00142",0.353127065939054,0.0346365270501542,1,0.0535920040866283,3
"Vitvi18g00154",-0.624221522900733,4.73386834040076e-05,0.154182091846853,0.000573167627683467,10
"Vitvi18g00174",0.750289519408583,1.37448227308174e-07,0.000447668876342722,9.32643492380682e-06,81
"Vitvi18g00175",-0.149958069097406,0.382692613049351,1,0.415476613567245,976
"Vitvi18g00190",-0.571208070331638,0.00027427150802485,0.893302301636937,0.00217348491882467,22
"Vitvi18g00191",0.866359712001401,8.69442361037607e-12,2.83177376989949e-08,1.34846369995214e-09,41
"Vitvi18g00193",-0.559646882600657,0.000387017462770897,1,0.002826268780818,1457
"Vitvi18g00197",0.401500636615636,0.0152203400780549,1,0.0309056406697161,17
"Vitvi18g00215",0.449874207292219,0.00590725996608226,1,0.0177982846526642,209
"Vitvi18g00235",-0.372476494209687,0.0252748166470032,1,0.0426528900618079,42
"Vitvi18g00237",0.430524779021586,0.00876561976487691,1,0.0231295625169395,72
"Vitvi18g00239",-0.28699840133367,0.0896719638266695,1,0.113333948848841,278
"Vitvi18g00242",-0.344398081600404,0.0396995102296854,1,0.0593662649818488,550
"Vitvi18g00250",0.401500636615636,0.0152203400780549,1,0.0309056406697161,76
"Vitvi18g00260",-0.295078781127154,0.0806150363631191,1,0.102684072520406,679
"Vitvi18g00271",-0.615682368648623,6.41873880190989e-05,0.209058322778205,0.000711082730538112,1401
"Vitvi18g00274",-0.382151208345003,0.0214447164072558,1,0.0381669078352089,1672
"Vitvi18g00276",-0.285404066991838,0.0915479263669638,1,0.114681383145078,13
"Vitvi18g00283",-0.159632783232723,0.352382996354793,1,0.38721707797826,1027
"Vitvi18g00289",0.382151208345003,0.0214447164072558,1,0.0381669078352089,49
"Vitvi18g00290",-0.624221522900733,4.73386834040076e-05,0.154182091846853,0.000573167627683467,8
"Vitvi18g00291",-0.624221522900733,4.73386834040076e-05,0.154182091846853,0.000573167627683467,62
"Vitvi18g00310",-0.420850064886269,0.010590608809886,1,0.0250498278095852,543
"Vitvi18g00313",-0.372476494209687,0.0252748166470032,1,0.0426528900618079,1296
"Vitvi18g00316",-0.372476494209687,0.0252748166470032,1,0.0426528900618079,1364
"Vitvi18g00317",-0.275729352856521,0.103584434864025,1,0.12823052236873,52
"Vitvi18g00341",-0.478898349698169,0.00312849885508842,1,0.0114360502480617,19
"Vitvi18g00376",-0.200898880933569,0.240043483019144,1,0.275580410360716,880
"Vitvi18g00390",0.265473521233645,0.117616948709325,1,0.144014436821906,59
"Vitvi18g00416",-0.430524779021586,0.00876561976487687,1,0.0231295625169395,111
"Vitvi18g00421",-0.149958069097406,0.382692613049351,1,0.415476613567245,743
"Vitvi18g00422",-0.595908959859492,0.00012570381227052,0.409417316565084,0.00113605670712579,1030
"Vitvi18g00427",0.602582743783759,0.000100689603007755,0.327946036996258,0.000981874362264253,510
"Vitvi18g00432",-0.523772082433948,0.00104397040540408,1,0.00610450917486732,119
"Vitvi18g00435",-0.343452351803737,0.0402822983143647,1,0.0593662649818488,1072
"Vitvi18g00462",0.750289519408583,1.37448227308174e-07,0.000447668876342722,9.32643492380682e-06,70
"Vitvi18g00466",-0.617046562867391,6.11763032283906e-05,0.199251219614868,0.000694255120609296,935
"Vitvi18g00469",-0.430524779021586,0.00876561976487687,1,0.0231295625169395,37
"Vitvi18g00473",-0.768033586424181,4.56200737137458e-08,0.00014858458008567,3.91012052857026e-06,127
"Vitvi18g00474",-0.440199493156902,0.00721598030084795,1,0.0206887745069206,221
"Vitvi18g00480",0.596032931351327,0.000125192354329375,0.407751498050773,0.00113605670712579,255
"Vitvi18g00510",-0.301348321400354,0.0740899184807144,1,0.0952668237235242,823
"Vitvi18g00530",-0.353127065939054,0.0346365270501543,1,0.0535920040866283,619
"Vitvi18g00572",-0.631396482934074,3.63959573998368e-05,0.118541633251268,0.000483843401025592,73
"Vitvi18g00573",-0.559646882600657,0.000387017462770897,1,0.002826268780818,1358
"Vitvi18g00590",-0.353127065939054,0.0346365270501543,1,0.0535920040866283,1065
"Vitvi18g00598",-0.337223121567062,0.0442962269402098,1,0.0641497604020735,1354
"Vitvi18g00603",0.411175350750953,0.0127285678576514,1,0.0281254718537114,10
"Vitvi18g00618",-0.333777637668421,0.0466511603903606,1,0.0662060258786077,16
"Vitvi18g00626",-0.285404066991838,0.0915479263669638,1,0.114681383145078,142
"Vitvi18g00634",-0.246705210450572,0.146913319045593,1,0.176306809186255,71
"Vitvi18g00635",-0.358748001667088,0.0316645308614795,1,0.0507286655267283,13
"Vitvi18g00640",-0.382151208345003,0.0214447164072558,1,0.0381669078352089,858
"Vitvi18g00687",-0.159632783232723,0.352382996354793,1,0.38721707797826,416
"Vitvi18g00690",-0.11125921255614,0.518275138427944,1,0.54207518492608,1470
"Vitvi18g00691",0.420850064886269,0.010590608809886,1,0.0250498278095852,41
"Vitvi18g00697",-0.382151208345003,0.0214447164072558,1,0.0381669078352089,1697
"Vitvi18g00708",0.478898349698169,0.00312849885508842,1,0.0114360502480617,122
"Vitvi18g00731",-0.344398081600404,0.0396995102296854,1,0.0593662649818488,100
"Vitvi18g00747",-0.330048161533721,0.0493125080986809,1,0.0685784965317695,1345
"Vitvi18g00749",-0.382151208345003,0.0214447164072558,1,0.0381669078352089,1606
"Vitvi18g00770",-0.509422162367264,0.00150722386046954,1,0.00810070645800213,665
"Vitvi18g00773",-0.294173361367012,0.0815930785914507,1,0.10340414668185,894
"Vitvi18g00777",-0.072560356014874,0.67408182426832,1,0.683525685442689,385
"Vitvi18g00784",0.304753495262471,0.0707229426338605,1,0.0913341094997953,105
"Vitvi18g00792",-0.437672562033847,0.00759614356666715,1,0.0215698688723931,946
"Vitvi18g00816",-0.256379924585888,0.131210130347675,1,0.158807653118684,3
"Vitvi18g00839",0.57399680266734,0.000251925466762095,0.820521245244142,0.00201108148344152,413
"Vitvi18g00857",-0.136324240633493,0.427900045660015,1,0.458897085516849,1332
"Vitvi18g00869",-0.430524779021586,0.00876561976487687,1,0.0231295625169395,719
"Vitvi18g00878",0.599325477318007,0.000112275268449246,0.365680549339194,0.00106924137233682,111
"Vitvi18g00881",-0.072560356014874,0.67408182426832,1,0.683525685442689,1708
"Vitvi18g00909",-0.420850064886269,0.010590608809886,1,0.0250498278095852,847
"Vitvi18g00955",-0.343452351803737,0.0402822983143647,1,0.0593662649818488,248
"Vitvi18g00956",-0.159632783232723,0.352382996354793,1,0.38721707797826,1320
"Vitvi18g00972",-0.398301843636655,0.0161294743669044,1,0.0327312760205655,34
"Vitvi18g00979",-0.188656925638672,0.270494358476957,1,0.307182749497716,725
"Vitvi18g01001",-0.39182592248032,0.0181099832764267,1,0.0344332840229548,21
"Vitvi18g01010",-0.353127065939054,0.0346365270501543,1,0.0535920040866283,1414
"Vitvi18g01019",0.563951840179353,0.000340946350528779,1,0.00260061420063755,48
"Vitvi18g01022",-0.411175350750953,0.0127285678576514,1,0.0281254718537114,1720
"Vitvi18g01036",-0.358748001667088,0.0316645308614795,1,0.0507286655267283,826
"Vitvi18g01072",0.333777637668421,0.0466511603903606,1,0.0662060258786077,549
"Vitvi18g01098",-0.072560356014874,0.67408182426832,1,0.683525685442689,1789
"Vitvi18g01110",-0.275729352856521,0.103584434864025,1,0.12823052236873,137
"Vitvi18g01120",-0.609871602834049,7.8569440725387e-05,0.255900668442585,0.000814970281664284,1166
"Vitvi18g01131",-0.237030496315255,0.163946637501507,1,0.1952373668528,359
"Vitvi18g01132",-0.358748001667088,0.0316645308614795,1,0.0507286655267283,797
"Vitvi18g01148",-0.39182592248032,0.0181099832764267,1,0.0344332840229548,1813
"Vitvi18g01162",0.581171762700682,0.000201731083518181,0.657038139018716,0.00168040444761821,5
"Vitvi18g01167",-0.072560356014874,0.67408182426832,1,0.683525685442689,1388
"Vitvi18g01224",-0.401500636615636,0.0152203400780548,1,0.0309056406697161,21
"Vitvi18g01232",-0.394622801833796,0.0172310183587185,1,0.0344332840229548,254
"Vitvi18g01276",-0.478898349698169,0.00312849885508842,1,0.0114360502480617,25
"Vitvi18g01321",-0.420850064886269,0.010590608809886,1,0.0250498278095852,1696
"Vitvi18g01385",-0.330374397435055,0.049074958737865,1,0.0685784965317695,758
"Vitvi18g01488",0.279823441300328,0.0983522347340232,1,0.122921423073183,27
"Vitvi18g01504",-0.563224630044399,0.000348367204431203,1,0.00263867903449402,187
"Vitvi18g01510",0.324102923533104,0.0538052002373616,1,0.0735699148501624,467
"Vitvi18g01562",-0.343452351803737,0.0402822983143647,1,0.0593662649818488,799
"Vitvi18g01608",0.295078781127154,0.080615036363119,1,0.102684072520406,6
"Vitvi18g01618",-0.42300273316451,0.0101588454746375,1,0.0250498278095852,31
"Vitvi18g01624",-0.0822350701501905,0.633500208816201,1,0.653981039655901,995
"Vitvi18g01678",0.466372402167214,0.00414355138051984,1,0.0141462755202863,128
"Vitvi18g01735",-0.420850064886269,0.010590608809886,1,0.0250498278095852,1168
"Vitvi18g01937",-0.324102923533104,0.0538052002373616,1,0.0735699148501624,112
"Vitvi18g01947",-0.353127065939054,0.0346365270501543,1,0.0535920040866283,786
"Vitvi18g01959",-0.48131095111189,0.00296009931910105,1,0.0114360502480617,115
"Vitvi18g01970",0.373097921733771,0.0250128969168012,1,0.0426528900618079,36
"Vitvi18g01973",-0.246705210450572,0.146913319045593,1,0.176306809186255,15
"Vitvi18g01980",-0.550511637536449,0.000503599688275498,1,0.00351979438779678,100
"Vitvi18g01992",-0.401500636615636,0.0152203400780548,1,0.0309056406697161,1226
"Vitvi18g02011",-0.459548921427535,0.00480814938579871,1,0.0156915256007479,35
"Vitvi18g02059",-0.411175350750953,0.0127285678576514,1,0.0281254718537114,9
"Vitvi18g02072",-0.382151208345003,0.0214447164072558,1,0.0381669078352089,1594
"Vitvi18g02114",0.0628856418795575,0.715590124288946,1,0.722914713030116,7
"Vitvi18g02139",0.304753495262471,0.0707229426338605,1,0.0913341094997953,6
"Vitvi18g02144",-0.130608640826773,0.447699103241463,1,0.476521561848838,1635
"Vitvi18g02147",-0.330048161533721,0.0493125080986809,1,0.0685784965317695,209
"Vitvi18g02167",0.609871602834049,7.8569440725387e-05,0.255900668442585,0.000814970281664284,30
"Vitvi18g02180",0.45202248210053,0.00564613925901835,1,0.0177982846526642,92
"Vitvi18g02222",-0.612608827303015,7.14674504849691e-05,0.232769486229544,0.00078373564387052,44
"Vitvi18g02228",-0.130608640826773,0.447699103241463,1,0.476521561848838,134
"Vitvi18g02327",-0.0822350701501905,0.633500208816201,1,0.653981039655901,885
"Vitvi18g02365",-0.315698241467037,0.0607065836515666,1,0.0815345744136711,3
"Vitvi18g02375",-0.100449440466785,0.559957971015341,1,0.583610595711029,51
"Vitvi18g02417",-0.186548960866886,0.275981977380825,1,0.312869230883866,511
"Vitvi18g02428",0.430524779021586,0.00876561976487691,1,0.0231295625169395,4
"Vitvi18g02471",0.478898349698169,0.00312849885508842,1,0.0114360502480617,58
"Vitvi18g02472",0.509422162367264,0.00150722386046954,1,0.00810070645800213,948
"Vitvi18g02478",0.537084619459437,0.000731709404133349,1,0.00473792749356325,28
"Vitvi18g02479",-0.423322641967163,0.0100959760440297,1,0.0250498278095852,6
"Vitvi18g02490",0.304753495262471,0.0707229426338605,1,0.0913341094997953,18
"Vitvi18g02494",-0.353127065939054,0.0346365270501543,1,0.0535920040866283,55
"Vitvi18g02514",-0.072560356014874,0.67408182426832,1,0.683525685442689,1239
"Vitvi18g02538",0.149958069097406,0.382692613049351,1,0.415476613567245,4
"Vitvi18g02582",0.295078781127154,0.080615036363119,1,0.102684072520406,131
"Vitvi18g02584",0.509422162367264,0.00150722386046954,1,0.00810070645800213,82
"Vitvi18g02585",-0.449874207292219,0.00590725996608227,1,0.0177982846526642,105
"Vitvi18g02617",-0.333777637668421,0.0466511603903606,1,0.0662060258786077,1116
"Vitvi18g02631",0.449874207292219,0.00590725996608226,1,0.0177982846526642,14
"Vitvi18g02657",0.294173361367012,0.0815930785914507,1,0.10340414668185,165
"Vitvi18g02663",0.372476494209687,0.0252748166470031,1,0.0426528900618079,76
"Vitvi18g02672",0.237030496315255,0.163946637501507,1,0.1952373668528,39
"Vitvi18g02681",-0.208006353909306,0.223466571725695,1,0.256911621641577,761
"Vitvi18g02692",-0.416147681933822,0.011588218990186,1,0.0272118451701773,206
"Vitvi18g02695",-0.363027453216601,0.029544663902076,1,0.0480982722167914,94
"Vitvi18g02712",0.285404066991838,0.0915479263669639,1,0.114681383145078,784
"Vitvi18g02720",0.401797761867138,0.015138125307633,1,0.0309056406697161,72
"Vitvi18g02748",0.53094704246729,0.000863545476365851,1,0.00530673135193132,371
"Vitvi18g02761",-0.237030496315255,0.163946637501507,1,0.1952373668528,5
"Vitvi18g02768",0.353127065939054,0.0346365270501542,1,0.0535920040866283,37
"Vitvi18g02775",-0.11125921255614,0.518275138427944,1,0.54207518492608,17
"Vitvi18g02777",0.382151208345003,0.0214447164072558,1,0.0381669078352089,637
"Vitvi18g02779",-0.365922961700429,0.0281775586427065,1,0.0469674045543988,853
"Vitvi18g02797",-0.343452351803737,0.0402822983143647,1,0.0593662649818488,13
"Vitvi18g02800",0.420850064886269,0.010590608809886,1,0.0250498278095852,434
"Vitvi18g02819",-0.272648481266987,0.107659058362385,1,0.133021833492522,74
"Vitvi18g02825",0.719413407498765,7.65599059629689e-07,0.0024935561372139,3.28099491738671e-05,11
"Vitvi18g02833",-0.130608640826773,0.447699103241463,1,0.476521561848838,681
"Vitvi18g02837",0.639417366713299,2.6914776703222e-05,0.0876614277223939,0.000427042207150535,387
"Vitvi18g02846",-0.159632783232723,0.352382996354793,1,0.38721707797826,24
"Vitvi18g02848",-0.333777637668421,0.0466511603903606,1,0.0662060258786077,27
"Vitvi18g02921",-0.246705210450572,0.146913319045593,1,0.176306809186255,16
"Vitvi18g02922",0.172199040800202,0.315254149597003,1,0.353453619703077,22
"Vitvi18g02924",-0.217681068044622,0.202185093959942,1,0.235268614157747,17
"Vitvi18g02927",-0.392126621254692,0.0180137209543913,1,0.0344332840229548,42
"Vitvi18g02928",0.324199175053092,0.0537299532675185,1,0.0735699148501624,29
"Vitvi18g02971",-0.186548960866886,0.275981977380825,1,0.312869230883866,465
"Vitvi18g02981",-0.333777637668421,0.0466511603903606,1,0.0662060258786077,755
"Vitvi18g02993",-0.420850064886269,0.010590608809886,1,0.0250498278095852,1321
"Vitvi18g03099",-0.227355782179939,0.182356808244462,1,0.214572299296319,26
"Vitvi18g03149",0.449874207292219,0.00590725996608226,1,0.0177982846526642,5
"Vitvi18g03244",-0.478898349698169,0.00312849885508842,1,0.0114360502480617,134
"Vitvi18g03250",-0.304753495262471,0.0707229426338605,1,0.0913341094997953,20
"Vitvi18g03267",-0.538122002500631,0.00071128356377806,1,0.00462405302839349,15
"Vitvi18g03269",-0.39182592248032,0.0181099832764267,1,0.0344332840229548,1303
"Vitvi18g03383",0.444847522067189,0.00655916257134087,1,0.0196172566527614,95
"Vitvi18g04003",0.194519505031855,0.255610357270603,1,0.291908462002227,118
"Vitvi18g04004",0.392126621254692,0.0180137209543913,1,0.0344332840229548,87
"Vitvi18g04038",-0.0435362136089244,0.800949927206222,1,0.807395206719488,39
"Vitvi18g04039",-0.39182592248032,0.0181099832764267,1,0.0344332840229548,1638
"Vitvi18g04095",0.420850064886269,0.010590608809886,1,0.0250498278095852,62
"Vitvi18g04153",0.353127065939054,0.0346365270501542,1,0.0535920040866283,65
"Vitvi18g04171",-0.314428209397787,0.0618077618339936,1,0.0819323892117694,333
"Vitvi18g04174",0.516597122400606,0.00125690591977388,1,0.00707036715147413,785
"Vitvi18g04176",0.237030496315255,0.163946637501507,1,0.1952373668528,96
"Vitvi18g04257",-0.420850064886269,0.010590608809886,1,0.0250498278095852,1081
"Vitvi18g04272",-0.420850064886269,0.010590608809886,1,0.0250498278095852,331
"Vitvi18g04286",0.538122002500631,0.00071128356377806,1,0.00462405302839349,72
"Vitvi18g04290",0.478898349698169,0.00312849885508842,1,0.0114360502480617,31
"Vitvi18g04314",-0.40897272190048,0.013263225639686,1,0.0290506562935156,13
"Vitvi18g04332",0.478898349698169,0.00312849885508842,1,0.0114360502480617,8
"Vitvi18g04440",-0.376951318313135,0.023438393523091,1,0.0412419490571082,103
"Vitvi18g04453",0.351573041633746,0.0354971658889759,1,0.0544579695244439,88
"Vitvi18g04534",-0.440199493156902,0.00721598030084795,1,0.0206887745069206,19
"Vitvi18g04544",0.420850064886269,0.010590608809886,1,0.0250498278095852,77
"Vitvi18g04551",-0.513398347852682,0.00136357573042932,1,0.00763086968042664,93
"Vitvi18g04555",-0.53094704246729,0.000863545476365859,1,0.00530673135193132,48
"Vitvi18g04559",0.469223635562852,0.00389036020229627,1,0.0133659316232901,34
"Vitvi18g04588",-0.208006353909306,0.223466571725695,1,0.256911621641577,37
"Vitvi18g04593",-0.478898349698169,0.00312849885508842,1,0.0114360502480617,23
"Vitvi18g04595",-0.0919097842855071,0.593945375886425,1,0.616469117036994,15
"Vitvi18g04596",-0.149958069097406,0.382692613049351,1,0.415476613567245,21
"Vitvi18g04597",-0.227355782179939,0.182356808244462,1,0.214572299296319,7
"Vitvi18g04598",-0.449874207292219,0.00590725996608227,1,0.0177982846526642,3
"Vitvi18g04599",-0.478898349698169,0.00312849885508842,1,0.0114360502480617,10
"Vitvi18g04600",-0.380272881767113,0.0221479552944204,1,0.0390768637020191,7
"Vitvi18g04601",-0.478898349698169,0.00312849885508842,1,0.0114360502480617,15
"Vitvi18g04625",0.516597122400606,0.00125690591977388,1,0.00707036715147413,25
"Vitvi18g04640",0.363657163062316,0.0292428060294555,1,0.0480982722167914,127
"Vitvi18g04642",0.314428209397787,0.0618077618339936,1,0.0819323892117694,89
"Vitvi18g04643",0.324102923533104,0.0538052002373616,1,0.0735699148501624,100
"Vitvi18g04646",-0.301018678652935,0.0744223923148423,1,0.0956565634449256,134
"Vitvi18g04655",0.129149280600152,0.452832844807881,1,0.480729001153608,88
"Vitvi18g04656",0.465128924433771,0.00425836633714519,1,0.0145068820778848,99
"Vitvi18g04660",-0.333561238507307,0.0468023594919455,1,0.0663627709470032,118
"Vitvi18g04663",-0.150674160700177,0.380398322087054,1,0.415476613567245,107
"Vitvi18g04719",-0.478898349698169,0.00312849885508842,1,0.0114360502480617,38
"Vitvi18g04733",-0.229598721066936,0.177963822871192,1,0.211234756228671,765
"Vitvi18g04749",-0.544541179824902,0.000595760055322695,1,0.0040257064319212,111
"Vitvi18g04752",0.437672562033847,0.00759614356666715,1,0.0215698688723931,91
"Vitvi18g04754",-0.308523281433695,0.0671364837598805,1,0.0880997290918338,917
"Vitvi18g04755",-0.315698241467037,0.0607065836515666,1,0.0815345744136711,1105
"Vitvi18g04757",-0.100449440466785,0.559957971015341,1,0.583610595711029,47
"Vitvi18g04758",-0.208073840966911,0.223313018188778,1,0.256911621641577,41
"Vitvi18g04767",-0.478898349698169,0.00312849885508842,1,0.0114360502480617,98
"Vitvi18g04771",0.614434627005383,6.70579321707088e-05,0.218407685079999,0.000737863800945941,91
"Vitvi19g00008",-0.150674160700177,0.380398322087054,1,0.415476613567245,1017
"Vitvi19g00009",-0.343452351803737,0.0402822983143647,1,0.0593662649818488,1084
"Vitvi19g00014",-0.411175350750953,0.0127285678576514,1,0.0281254718537114,563
"Vitvi19g00041",-0.420850064886269,0.010590608809886,1,0.0250498278095852,1402
"Vitvi19g00042",-0.353127065939054,0.0346365270501543,1,0.0535920040866283,1332
"Vitvi19g00052",0.188656925638672,0.270494358476957,1,0.307182749497716,57
"Vitvi19g00057",0.478898349698169,0.00312849885508842,1,0.0114360502480617,662
"Vitvi19g00094",0.440199493156902,0.00721598030084792,1,0.0206887745069206,66
"Vitvi19g00098",-0.411175350750953,0.0127285678576514,1,0.0281254718537114,415
"Vitvi19g00122",-0.072560356014874,0.67408182426832,1,0.683525685442689,1381
"Vitvi19g00141",-0.258298561200303,0.128249602946178,1,0.156503917870252,337
"Vitvi19g00145",-0.595521682767366,0.000127313692999972,0.414660698100909,0.00113605670712579,1396
"Vitvi19g00147",-0.322873201500379,0.054773977481723,1,0.0742400518759766,1140
"Vitvi19g00150",0.411175350750953,0.0127285678576514,1,0.0281254718537114,648
"Vitvi19g00164",0.36280178007437,0.0296534634974875,1,0.0480982722167914,365
"Vitvi19g00166",-0.337223121567062,0.0442962269402098,1,0.0641497604020735,35
"Vitvi19g00174",0.343452351803737,0.0402822983143647,1,0.0593662649818488,61
"Vitvi19g00177",-0.45202248210053,0.00564613925901834,1,0.0177982846526642,23
"Vitvi19g00200",-0.411175350750953,0.0127285678576514,1,0.0281254718537114,798
"Vitvi19g00214",0.39182592248032,0.0181099832764267,1,0.0344332840229548,58
"Vitvi19g00218",0.478898349698169,0.00312849885508842,1,0.0114360502480617,52
"Vitvi19g00221",-0.401500636615636,0.0152203400780548,1,0.0309056406697161,1500
"Vitvi19g00239",0.478898349698169,0.00312849885508842,1,0.0114360502480617,59
"Vitvi19g00255",0.431095100694714,0.00866698365003168,1,0.0231295625169395,75
"Vitvi19g00257",-0.353127065939054,0.0346365270501543,1,0.0535920040866283,289
"Vitvi19g00270",0.684288760868618,4.18769069394473e-06,0.013639308590178,0.000118602683392852,670
"Vitvi19g00271",0.343452351803737,0.0402822983143647,1,0.0593662649818488,761
"Vitvi19g00275",-0.420850064886269,0.010590608809886,1,0.0250498278095852,1062
"Vitvi19g00283",0.154577159308264,0.368036003174357,1,0.403736363199353,61
"Vitvi19g00298",-0.53094704246729,0.000863545476365859,1,0.00530673135193132,178
"Vitvi19g00303",-0.387447841800455,0.0195609632394898,1,0.0369119682914359,349
"Vitvi19g00306",0.478898349698169,0.00312849885508842,1,0.0114360502480617,27
"Vitvi19g00339",-0.246705210450572,0.146913319045593,1,0.176306809186255,97
"Vitvi19g00369",0.615682368648623,6.41873880190985e-05,0.209058322778204,0.000711082730538112,43
"Vitvi19g00377",0.420850064886269,0.010590608809886,1,0.0250498278095852,348
"Vitvi19g00378",0.353127065939054,0.0346365270501542,1,0.0535920040866283,787
"Vitvi19g00410",-0.169307497368039,0.323571829826416,1,0.359561054160573,914
"Vitvi19g00458",0.365922961700429,0.0281775586427065,1,0.0469674045543988,49
"Vitvi19g00469",-0.143499200666835,0.403749780213674,1,0.436736311576199,1688
"Vitvi19g00476",-0.843394676225792,1.07010543191962e-10,3.48533339176221e-07,1.58424245080101e-08,65
"Vitvi19g00484",-0.478898349698169,0.00312849885508842,1,0.0114360502480617,33
"Vitvi19g00508",0.588346722734024,0.000160693769450826,0.52337960710134,0.00139567895227024,27
"Vitvi19g00512",0.344398081600404,0.0396995102296854,1,0.0593662649818488,50
"Vitvi19g00514",-0.608259404623419,8.30443940442623e-05,0.270475591402162,0.000842603088480256,63
"Vitvi19g00529",-0.430524779021586,0.00876561976487687,1,0.0231295625169395,1652
"Vitvi19g00536",-0.130608640826773,0.447699103241463,1,0.476521561848838,370
"Vitvi19g00555",0.358748001667088,0.0316645308614795,1,0.0507286655267283,4
"Vitvi19g00565",0.333777637668421,0.0466511603903606,1,0.0662060258786077,220
"Vitvi19g00566",0.609871602834049,7.8569440725387e-05,0.255900668442585,0.000814970281664284,229
"Vitvi19g00572",-0.322873201500379,0.054773977481723,1,0.0742400518759766,1192
"Vitvi19g00576",-0.101584498420824,0.555509279837126,1,0.579344772471828,1163
"Vitvi19g00586",-0.411175350750953,0.0127285678576514,1,0.0281254718537114,973
"Vitvi19g00609",-0.337223121567062,0.0442962269402098,1,0.0641497604020735,172
"Vitvi19g00611",-0.208006353909306,0.223466571725695,1,0.256911621641577,170
"Vitvi19g00618",-0.333777637668421,0.0466511603903606,1,0.0662060258786077,972
"Vitvi19g00626",-0.478898349698169,0.00312849885508842,1,0.0114360502480617,76
"Vitvi19g00652",0.382151208345003,0.0214447164072558,1,0.0381669078352089,253
"Vitvi19g00680",0.435353177928437,0.00796004100888778,1,0.0225834961375849,52
"Vitvi19g00682",-0.337223121567062,0.0442962269402098,1,0.0641497604020735,1329
"Vitvi19g00700",0.609132556216191,8.05930710257105e-05,0.262491632330739,0.000825445384687859,514
"Vitvi19g00709",0.866359712001401,8.69442361037607e-12,2.83177376989949e-08,1.34846369995214e-09,68
"Vitvi19g00728",-0.449874207292219,0.00590725996608227,1,0.0177982846526642,64
"Vitvi19g00750",0.353127065939054,0.0346365270501542,1,0.0535920040866283,11
"Vitvi19g00768",-0.318023952671128,0.0587303678317534,1,0.0794702152172915,257
"Vitvi19g00775",0.538122002500631,0.00071128356377806,1,0.00462405302839349,476
"Vitvi19g00915",-0.39182592248032,0.0181099832764267,1,0.0344332840229548,567
"Vitvi19g00978",-0.387447841800455,0.0195609632394898,1,0.0369119682914359,77
"Vitvi19g01028",0.460054067456292,0.00475597470295148,1,0.0156915256007479,324
"Vitvi19g01058",0.343452351803737,0.0402822983143647,1,0.0593662649818488,635
"Vitvi19g01307",0.217681068044622,0.202185093959943,1,0.235268614157747,49
"Vitvi19g01356",-0.617046562867391,6.11763032283906e-05,0.199251219614868,0.000694255120609296,5
"Vitvi19g01360",-0.227355782179939,0.182356808244462,1,0.214572299296319,70
"Vitvi19g01432",-0.373097921733771,0.0250128969168012,1,0.0426528900618079,643
"Vitvi19g01450",-0.478898349698169,0.00312849885508842,1,0.0114360502480617,21
"Vitvi19g01484",0.684288760868618,4.18769069394473e-06,0.013639308590178,0.000118602683392852,505
"Vitvi19g01571",-0.602582743783759,0.000100689603007756,0.32794603699626,0.000981874362264253,37
"Vitvi19g01601",-0.449874207292219,0.00590725996608227,1,0.0177982846526642,5
"Vitvi19g01610",0.823537842612335,6.9246178663626e-10,2.2553480390743e-06,9.02139215629719e-08,103
"Vitvi19g01612",0.866359712001401,8.69442361037607e-12,2.83177376989949e-08,1.34846369995214e-09,72
"Vitvi19g01617",-0.358748001667088,0.0316645308614795,1,0.0507286655267283,5
"Vitvi19g01719",-0.304753495262471,0.0707229426338605,1,0.0913341094997953,125
"Vitvi19g01720",-0.866359712001401,8.69442361037601e-12,2.83177376989947e-08,1.34846369995214e-09,98
"Vitvi19g01744",-0.275729352856521,0.103584434864025,1,0.12823052236873,20
"Vitvi19g01790",0.720382602476694,7.27925607343024e-07,0.00237085370311623,3.28099491738671e-05,78
"Vitvi19g01793",-0.504835052129336,0.00168932914938266,1,0.00905670467056348,645
"Vitvi19g01833",-0.343452351803737,0.0402822983143647,1,0.0593662649818488,1082
"Vitvi19g01835",-0.401500636615636,0.0152203400780548,1,0.0309056406697161,60
"Vitvi19g01851",0.517435182162141,0.00123020463625639,1,0.00707036715147413,52
"Vitvi19g01869",-0.478898349698169,0.00312849885508842,1,0.0114360502480617,28
"Vitvi19g01873",-0.478898349698169,0.00312849885508842,1,0.0114360502480617,313
"Vitvi19g01931",0.36280178007437,0.0296534634974875,1,0.0480982722167914,7
"Vitvi19g01972",-0.411175350750953,0.0127285678576514,1,0.0281254718537114,902
"Vitvi19g01977",-0.330048161533721,0.0493125080986809,1,0.0685784965317695,1025
"Vitvi19g02001",-0.478898349698169,0.00312849885508842,1,0.0114360502480617,23
"Vitvi19g02038",0.552682403185747,0.000473378889663964,1,0.00333570556426652,6
"Vitvi19g02164",0.40897272190048,0.0132632256396861,1,0.0290506562935156,15
"Vitvi19g02165",0.645746403000758,2.10820008752171e-05,0.0686640768505822,0.000373174330709686,40
"Vitvi19g02212",0.333777637668421,0.0466511603903606,1,0.0662060258786077,870
"Vitvi19g02261",0.449874207292219,0.00590725996608226,1,0.0177982846526642,27
"Vitvi19g02270",-0.459548921427535,0.00480814938579871,1,0.0156915256007479,81
"Vitvi19g02278",-0.217681068044622,0.202185093959942,1,0.235268614157747,99
"Vitvi19g02300",-0.509422162367264,0.00150722386046954,1,0.00810070645800213,11
"Vitvi19g02303",-0.440199493156902,0.00721598030084795,1,0.0206887745069206,23
"Vitvi19g02309",-0.411175350750953,0.0127285678576514,1,0.0281254718537114,7
"Vitvi19g02323",0.315698241467037,0.0607065836515665,1,0.0815345744136711,44
"Vitvi19g04005",-0.0919097842855071,0.593945375886425,1,0.616469117036994,79
"Vitvi19g04006",-0.385716669042639,0.0201608473084076,1,0.0379779523906787,115
"Vitvi19g04027",0.523772082433948,0.00104397040540408,1,0.00610450917486732,300
"Vitvi19g04070",-0.150674160700177,0.380398322087054,1,0.415476613567245,81
"Vitvi19g04072",-0.459548921427535,0.00480814938579871,1,0.0156915256007479,5
"Vitvi19g04074",-0.516179660042355,0.00127039617033652,1,0.007133931597907,73
"Vitvi19g04102",0.550184244324302,0.000508303496349477,1,0.00352243508002181,43
"Vitvi19g04105",-0.478898349698169,0.00312849885508842,1,0.0114360502480617,26
"Vitvi19g04110",0.414078188825186,0.0120518539962657,1,0.0281254718537114,64
"Vitvi19g04137",-0.420850064886269,0.010590608809886,1,0.0250498278095852,462
"Vitvi19g04139",-0.353127065939054,0.0346365270501543,1,0.0535920040866283,1213
"Vitvi19g04153",0.256379924585888,0.131210130347675,1,0.158807653118684,20
"Vitvi19g04154",0.217681068044622,0.202185093959943,1,0.235268614157747,31
"Vitvi19g04155",0.353127065939054,0.0346365270501542,1,0.0535920040866283,15
"Vitvi19g04162",0.36280178007437,0.0296534634974875,1,0.0480982722167914,375
"Vitvi19g04184",0.440199493156902,0.00721598030084792,1,0.0206887745069206,25
"Vitvi19g04185",-0.314428209397787,0.0618077618339936,1,0.0819323892117694,14
"Vitvi19g04193",-0.645746403000758,2.10820008752169e-05,0.0686640768505814,0.000373174330709686,416
"Vitvi19g04196",0.459548921427535,0.00480814938579871,1,0.0156915256007479,16
"Vitvi19g04214",0.343452351803737,0.0402822983143647,1,0.0593662649818488,10
"Vitvi19g04233",-0.509422162367264,0.00150722386046954,1,0.00810070645800213,44
"Vitvi19g04259",0.675258116978206,6.24692427389044e-06,0.0203462323600612,0.00017242569796662,123
"Vitvi19g04274",-0.198331639773989,0.246229438389849,1,0.281294030457994,148
"Vitvi19g04298",-0.39182592248032,0.0181099832764267,1,0.0344332840229548,19
"Vitvi19g04339",0.101584498420824,0.555509279837126,1,0.579344772471828,53
"Vitvi19g04361",0.523772082433948,0.00104397040540408,1,0.00610450917486732,500
"Vitvi19g04363",0.487897282267239,0.00253992909673463,1,0.0114360502480617,358
"Vitvi19g04372",0.469223635562852,0.00389036020229627,1,0.0133659316232901,14
"Vitvi19g04373",0.444847522067189,0.00655916257134087,1,0.0196172566527614,368
"Vitvi19g04376",0.39182592248032,0.0181099832764267,1,0.0344332840229548,69
"Vitvi19g04387",0.449874207292219,0.00590725996608226,1,0.0177982846526642,18
"Vitvi19g04395",-0.502247202333923,0.00180036184177854,1,0.00936705833653789,53
"Vitvi19g04408",0.473547362200556,0.00353201719882767,1,0.0126137938778308,55
"Vitvi19g04455",0.478898349698169,0.00312849885508842,1,0.0114360502480617,22
"Vitvi19g04471",0.497105401748074,0.00204011412841991,1,0.0105638342070964,277
"Vitvi19g04529",-0.304753495262471,0.0707229426338605,1,0.0913341094997953,59
"Vitvi19g04530",0.663836406061092,1.01620006133771e-05,0.0330976359977693,0.000234806367583199,90
"Vitvi19g04531",0.420850064886269,0.010590608809886,1,0.0250498278095852,86
"Vitvi19g04533",0.57638349405403,0.000234110207241291,0.762496944984885,0.00191582146981127,35
"Vitvi19g04572",0.823537842612335,6.9246178663626e-10,2.2553480390743e-06,9.02139215629719e-08,90
"Vitvi19g04582",0.581171762700682,0.000201731083518181,0.657038139018716,0.00168040444761821,41
"Vitvi19g04583",0.469223635562852,0.00389036020229627,1,0.0133659316232901,12
"Vitvi19g04600",0.308523281433695,0.0671364837598807,1,0.0880997290918338,36
