"geneID","spearman_rho","pvalue","padj","fdr","module_size"
"Vitvi00g00859",-0.82902360477862,4.23397938922474e-10,1.80028803629836e-06,4.58088558854544e-09,404
"Vitvi00g01805",-0.417136157630304,0.0113721556085047,1,0.013097076285851,4
"Vitvi00g04006",-0.788450249954806,1.13052940705564e-08,4.80701103880057e-05,6.35008063249746e-08,9
"Vitvi00g04017",0.816811769737353,1.23759826433005e-09,5.26226781993139e-06,9.4305874909167e-09,12
"Vitvi00g04022",-0.854242196177249,3.44851741255845e-11,1.46630960381985e-07,5.55420304477225e-10,42
"Vitvi00g04024",0.866359712001401,8.69442361037607e-12,3.69686891913191e-08,2.0768926511977e-10,14
"Vitvi00g04035",0.866359712001401,8.69442361037607e-12,3.69686891913191e-08,2.0768926511977e-10,4
"Vitvi00g04037",-0.866359712001401,8.69442361037601e-12,3.69686891913188e-08,2.0768926511977e-10,10
"Vitvi00g04039",0.62921932258709,3.94453922621833e-05,0.167721807898803,7.55163475456115e-05,21
"Vitvi00g04044",0.478898349698169,0.00312849885508842,1,0.00392864061778971,41
"Vitvi00g04045",0.569833681621598,0.000285923238424701,1,0.000455676765285544,99
"Vitvi00g04049",-0.638571442967416,2.77964224488528e-05,0.118190388252522,5.50234582181201e-05,163
"Vitvi00g04146",0.39182592248032,0.0181099832764267,1,0.0201791532734188,14
"Vitvi00g04231",-0.169307497368039,0.323571829826416,1,0.326489658382041,4
"Vitvi00g04274",0.750289519408583,1.37448227308174e-07,0.000584429862514355,4.85406862553457e-07,3
"Vitvi00g04275",0.750289519408583,1.37448227308174e-07,0.000584429862514355,4.85406862553457e-07,6
"Vitvi00g04315",-0.487897282267239,0.00253992909673463,1,0.00352933938539728,28
"Vitvi00g04336",0.420850064886269,0.010590608809886,1,0.0122069039467702,4
"Vitvi00g04337",-0.679189738805513,5.25759685945589e-06,0.0223553018464064,1.25135594739614e-05,516
"Vitvi00g04360",0.539664117584992,0.00068185379122198,1,0.00101585224957108,34
"Vitvi00g04361",-0.750289519408583,1.37448227308175e-07,0.000584429862514362,4.85406862553457e-07,11
"Vitvi00g04369",-0.82902360477862,4.23397938922474e-10,1.80028803629836e-06,4.58088558854544e-09,149
"Vitvi00g04376",-0.478136307567548,0.00318339348719661,1,0.00398697764582032,18
"Vitvi00g04449",0.750289519408583,1.37448227308174e-07,0.000584429862514355,4.85406862553457e-07,63
"Vitvi00g04469",-0.523984994594573,0.00103817108302138,1,0.00150197463253043,8
"Vitvi00g04498",-0.816811769737353,1.23759826433008e-09,5.26226781993152e-06,9.4305874909167e-09,9
"Vitvi00g04500",-0.816811769737353,1.23759826433008e-09,5.26226781993152e-06,9.4305874909167e-09,17
"Vitvi00g04501",-0.816811769737353,1.23759826433008e-09,5.26226781993152e-06,9.4305874909167e-09,5
"Vitvi00g04505",0.0957159469204366,0.578685799431449,1,0.580460490488918,3
"Vitvi00g04509",0.404477066018619,0.0144134798599693,1,0.0163779038921939,22
"Vitvi00g04564",-0.614426869139345,6.70761366360175e-05,0.285207732976347,0.000121831581792544,36
"Vitvi00g04598",0.750289519408583,1.37448227308174e-07,0.000584429862514355,4.85406862553457e-07,19
"Vitvi00g04602",-0.866359712001401,8.69442361037601e-12,3.69686891913188e-08,2.0768926511977e-10,5
"Vitvi00g04610",-0.503280624130037,0.00175527745304602,1,0.00247954808317332,3
"Vitvi00g04617",0.294741559459447,0.0809782379356655,1,0.084474844873025,3
"Vitvi00g04625",0.854242196177249,3.4485174125585e-11,1.46630960381987e-07,5.55420304477225e-10,13
"Vitvi00g04634",-0.816811769737353,1.23759826433008e-09,5.26226781993152e-06,9.4305874909167e-09,15
"Vitvi00g04636",0.811139465780844,1.98345837029641e-09,8.43366499050032e-06,1.4079574274625e-08,5
"Vitvi00g04696",-0.731763852262692,3.96103875756545e-07,0.00168423367971683,1.22320173824875e-06,5
"Vitvi00g04704",0.750289519408583,1.37448227308174e-07,0.000584429862514355,4.85406862553457e-07,65
"Vitvi00g04705",-0.74411429702662,1.9754523623761e-07,0.000839962344482318,6.63723534252229e-07,3
"Vitvi00g04706",0.750289519408583,1.37448227308174e-07,0.000584429862514355,4.85406862553457e-07,34
"Vitvi00g04707",-0.713224436808306,1.05158989446501e-06,0.00447136023126522,2.88847560159252e-06,4
"Vitvi00g04709",-0.427807951094464,0.00924874139340531,1,0.0107889296035005,25
"Vitvi00g04728",-0.816811769737353,1.23759826433008e-09,5.26226781993152e-06,9.4305874909167e-09,18
"Vitvi00g04737",0.750289519408583,1.37448227308174e-07,0.000584429862514355,4.85406862553457e-07,28
"Vitvi00g04744",-0.689897685138033,3.24336512260011e-06,0.0137907885012957,8.00393993110609e-06,35
"Vitvi00g04748",-0.77082643582936,3.80135964952999e-08,0.000161633812298015,1.89933974498255e-07,181
"Vitvi00g04752",-0.816811769737353,1.23759826433008e-09,5.26226781993152e-06,9.4305874909167e-09,26
"Vitvi00g04763",-0.866359712001401,8.69442361037601e-12,3.69686891913188e-08,2.0768926511977e-10,3
"Vitvi00g04765",0.275729352856521,0.103584434864025,1,0.107241542985593,35
"Vitvi00g04799",-0.744243775087128,1.96069126299186e-07,0.000833685925024138,6.63723534252229e-07,27
"Vitvi00g04812",0.730689861642868,4.20057585720466e-07,0.00178608485448342,1.28773241130744e-06,3
"Vitvi00g04822",0.372476494209687,0.0252748166470031,1,0.0277840021672848,143
"Vitvi00g04823",0.416827510782546,0.0114392506999706,1,0.013167215478147,3
"Vitvi00g04849",-0.478898349698169,0.00312849885508842,1,0.00392864061778971,9
"Vitvi00g04860",-0.517435182162141,0.00123020463625639,1,0.00177076171745504,220
"Vitvi00g04868",0.74411429702662,1.97545236237612e-07,0.000839962344482327,6.63723534252229e-07,4
"Vitvi00g04869",-0.527238881325001,0.000953013587393213,1,0.00138632014149707,3
"Vitvi01g00002",-0.884224678378342,8.74713631353133e-13,3.71928236051352e-09,8.26507191225227e-11,558
"Vitvi01g00012",-0.469223635562852,0.00389036020229628,1,0.00480587204537007,3
"Vitvi01g00025",0.440199493156902,0.00721598030084792,1,0.00852761207315328,88
"Vitvi01g00033",-0.420850064886269,0.010590608809886,1,0.0122069039467702,34
"Vitvi01g00036",-0.169818615504,0.322091724033235,1,0.325073346923645,5
"Vitvi01g00050",-0.652314954998581,1.62645051497972e-05,0.0691566758969376,3.53923622809303e-05,22
"Vitvi01g00052",-0.858025428648613,2.27373223068884e-11,9.66790944488895e-08,4.83395472244448e-10,850
"Vitvi01g00061",-0.506902167039959,0.00160500448368189,1,0.00227406833209443,145
"Vitvi01g00066",-0.701470675600752,1.87969052288908e-06,0.00799244410332437,4.95809187551139e-06,54
"Vitvi01g00083",0.750289519408583,1.37448227308174e-07,0.000584429862514355,4.85406862553457e-07,35
"Vitvi01g00088",0.750289519408583,1.37448227308174e-07,0.000584429862514355,4.85406862553457e-07,13
"Vitvi01g00091",-0.449874207292219,0.00590725996608227,1,0.00705354377303617,14
"Vitvi01g00104",-0.819760771205674,9.62256253728296e-10,4.09151359085271e-06,8.93343578788802e-09,194
"Vitvi01g00145",0.478898349698169,0.00312849885508842,1,0.00392864061778971,47
"Vitvi01g00148",0.77827403424317,2.30775712609656e-08,9.81258330016255e-05,1.21895444722517e-07,42
"Vitvi01g00156",0.247812472266876,0.145049628712177,1,0.148901743429304,25
"Vitvi01g00160",0.645746403000758,2.10820008752171e-05,0.0896406677214233,4.30964748660689e-05,41
"Vitvi01g00162",0.343452351803737,0.0402822983143647,1,0.043165406359042,3
"Vitvi01g00188",0.440199493156902,0.00721598030084792,1,0.00852761207315328,3
"Vitvi01g00191",-0.459931790092022,0.00476855920312591,1,0.00583954618349504,17
"Vitvi01g00217",-0.685449684397965,3.97377629357963e-06,0.0168964968003006,9.63312246311321e-06,5
"Vitvi01g00218",-0.624667316958334,4.65806478869314e-05,0.198060914815232,8.83805956337494e-05,13
"Vitvi01g00222",-0.596032931351327,0.000125192354329375,0.532317890608501,0.000213353863971343,346
"Vitvi01g00228",-0.39182592248032,0.0181099832764267,1,0.0201791532734188,13
"Vitvi01g00230",-0.609132556216191,8.05930710257105e-05,0.342681738001321,0.000143082145303266,208
"Vitvi01g00232",-0.57638349405403,0.000234110207241294,0.995436601189981,0.000379647826540801,3
"Vitvi01g00234",-0.419187995675658,0.0109345409920775,1,0.0125964964232765,12
"Vitvi01g00241",-0.804340628691506,3.42082056998738e-09,1.45453290635863e-05,2.23774293285944e-08,667
"Vitvi01g00243",-0.420850064886269,0.010590608809886,1,0.0122069039467702,484
"Vitvi01g00258",-0.884224678378342,8.74713631353133e-13,3.71928236051352e-09,8.26507191225227e-11,849
"Vitvi01g00271",0.834311493091303,2.59159644346565e-10,1.10194680776159e-06,3.2434929200962e-09,6
"Vitvi01g00279",0.57399680266734,0.000251925466762095,1,0.000406214290736604,23
"Vitvi01g00280",-0.678679836599203,5.37727468533649e-06,0.0228641719620508,1.26601173654766e-05,577
"Vitvi01g00284",-0.706214555739967,1.4919087330318e-06,0.00634359593285121,3.98717531920252e-06,368
"Vitvi01g00286",-0.826554464746446,5.29455877613902e-10,2.25124639161431e-06,5.62811597903578e-09,12
"Vitvi01g00290",0.846672420432397,7.67037634075461e-11,3.26144402008886e-07,1.0799483510228e-09,39
"Vitvi01g00291",-0.411175350750953,0.0127285678576514,1,0.0145021089310648,517
"Vitvi01g00300",0.821346479026993,8.38891382746122e-10,3.56696615943651e-06,8.03370756629859e-09,103
"Vitvi01g00318",-0.39182592248032,0.0181099832764267,1,0.0201791532734188,246
"Vitvi01g00325",-0.824392187992147,6.42105911361328e-10,2.73023433510837e-06,6.32561203259186e-09,408
"Vitvi01g00329",-0.731709666055489,3.97281655814094e-07,0.00168924160052153,1.22320173824875e-06,5
"Vitvi01g00332",-0.602582743783759,0.000100689603007756,0.428132191988977,0.000173966758223883,29
"Vitvi01g00337",0.845199937507649,8.91644859627693e-11,3.79127394313695e-07,1.23494265248761e-09,48
"Vitvi01g00340",-0.459548921427535,0.00480814938579871,1,0.00583954618349504,20
"Vitvi01g00346",0.736808688118594,2.99503258679437e-07,0.00127348785590497,9.61122910116962e-07,17
"Vitvi01g00355",0.237030496315255,0.163946637501507,1,0.167572380446252,5
"Vitvi01g00358",0.611372745366224,7.45995199994652e-05,0.317197159037726,0.000134805422455472,77
"Vitvi01g00371",-0.459548921427535,0.00480814938579871,1,0.00583954618349504,4
"Vitvi01g00379",-0.6297292247934,3.87111621423616e-05,0.164599861429322,7.41774950109607e-05,38
"Vitvi01g00381",-0.596032931351327,0.000125192354329375,0.532317890608501,0.000213353863971343,57
"Vitvi01g00384",-0.430524779021586,0.00876561976487687,1,0.0102336722762628,5
"Vitvi01g00388",0.768947979567536,4.29873397412545e-08,0.000182782168579814,2.12652761806449e-07,15
"Vitvi01g00391",-0.552471922567315,0.000476236747738388,1,0.000728926800354079,503
"Vitvi01g00393",0.324102923533104,0.0538052002373616,1,0.0569103759724531,3
"Vitvi01g00394",-0.771433338085278,3.65240298083631e-08,0.00015530017474516,1.83136998520236e-07,5
"Vitvi01g00397",-0.469223635562852,0.00389036020229628,1,0.00480587204537007,31
"Vitvi01g00402",-0.77807802012742,2.3388390725782e-08,9.94474373660252e-05,1.2323102523671e-07,658
"Vitvi01g00407",0.351573041633746,0.0354971658889759,1,0.0382498604561392,16
"Vitvi01g00437",0.681739249837065,4.69487569835134e-06,0.0199626114693899,1.12655820933351e-05,13
"Vitvi01g00442",-0.251123601166961,0.139579734523285,1,0.143390440007975,4
"Vitvi01g00449",-0.372476494209687,0.0252748166470032,1,0.0277840021672848,5
"Vitvi01g00457",-0.645746403000758,2.10820008752169e-05,0.0896406677214222,4.30964748660689e-05,31
"Vitvi01g00463",0.866359712001401,8.69442361037607e-12,3.69686891913191e-08,2.0768926511977e-10,14
"Vitvi01g00466",-0.645746403000758,2.10820008752169e-05,0.0896406677214222,4.30964748660689e-05,242
"Vitvi01g00477",0.727071795148225,5.10902637354983e-07,0.00217235801403339,1.54286790769417e-06,39
"Vitvi01g00481",0.484754956984147,0.00273340432550801,1,0.00378580950881436,5
"Vitvi01g00483",0.74411429702662,1.97545236237612e-07,0.000839962344482327,6.63723534252229e-07,4
"Vitvi01g00497",-0.540331958421819,0.000669447517114842,1,0.000998418394518523,270
"Vitvi01g00499",0.45840208347309,0.00492844071882756,1,0.00597369724528357,88
"Vitvi01g00503",-0.664410597026749,9.921346398573e-06,0.0421855648867324,2.23633851687238e-05,6
"Vitvi01g00508",0.79265093407849,8.32546017663435e-09,3.53998566710493e-05,4.90982755493055e-08,79
"Vitvi01g00513",-0.596032931351327,0.000125192354329375,0.532317890608501,0.000213353863971343,102
"Vitvi01g00518",-0.555283502672075,0.000439300711880711,1,0.000677760024280401,452
"Vitvi01g00519",0.478898349698169,0.00312849885508842,1,0.00392864061778971,13
"Vitvi01g00521",-0.718452208691418,8.04722692970984e-07,0.00342168089051262,2.29335180329264e-06,12
"Vitvi01g00528",-0.628781993513488,4.00851400439236e-05,0.170442015466763,7.66375968825374e-05,112
"Vitvi01g00537",-0.552471922567315,0.000476236747738388,1,0.000728926800354079,497
"Vitvi01g00541",-0.814115601609632,1.55170655744904e-09,6.59785628227331e-06,1.13952612819919e-08,628
"Vitvi01g00542",-0.814115601609632,1.55170655744904e-09,6.59785628227331e-06,1.13952612819919e-08,604
"Vitvi01g00543",-0.631396482934074,3.63959573998368e-05,0.154755610864106,6.99618493960706e-05,591
"Vitvi01g00555",0.538122002500631,0.00071128356377806,1,0.00105305630681905,10
"Vitvi01g00556",0.731727210389712,3.96899963641175e-07,0.00168761864540227,1.22320173824875e-06,12
"Vitvi01g00558",0.791489119606218,9.06690774170307e-09,3.85524917177215e-05,5.25954866544631e-08,7
"Vitvi01g00567",-0.782777945998297,1.69065981695937e-08,7.18868554171123e-05,9.15756119963214e-08,72
"Vitvi01g00587",-0.478898349698169,0.00312849885508842,1,0.00392864061778971,118
"Vitvi01g00588",0.657661183679129,1.31078878160574e-05,0.0557347389938761,2.88781031056353e-05,32
"Vitvi01g00593",-0.866758511891856,8.29025229610732e-12,3.52501527630483e-08,2.0768926511977e-10,477
"Vitvi01g00598",-0.624221522900733,4.73386834040076e-05,0.20128408183384,8.85543694825518e-05,549
"Vitvi01g00608",-0.571208070331638,0.00027427150802485,1,0.000439578760694182,4
"Vitvi01g00609",-0.304753495262471,0.0707229426338605,1,0.0740492371532073,3
"Vitvi01g00610",-0.798754929881148,5.27034919958902e-09,2.24095247966525e-05,3.23837063535441e-08,506
"Vitvi01g00611",-0.5614023291478,0.000367600094481337,1,0.000576553154457634,4
"Vitvi01g00612",-0.810609462037573,2.07116021341928e-09,8.80657322745878e-06,1.46532000456885e-08,13
"Vitvi01g00635",0.581171762700682,0.000201731083518181,0.857760567119306,0.000330543571144243,53
"Vitvi01g00636",-0.550184244324302,0.000508303496349478,1,0.000769696035070506,224
"Vitvi01g00638",-0.638571442967416,2.77964224488528e-05,0.118190388252522,5.50234582181201e-05,276
"Vitvi01g00652",0.053210927744241,0.757917561540452,1,0.759346246859095,90
"Vitvi01g00653",0.57399680266734,0.000251925466762095,1,0.000406214290736604,11
"Vitvi01g00656",-0.808995377700137,2.36091949141347e-09,1.00386296774901e-05,1.62437373422169e-08,410
"Vitvi01g00676",-0.401500636615636,0.0152203400780548,1,0.017125399844374,7
"Vitvi01g00687",-0.664912477028821,9.71526371442021e-06,0.0413093013137147,2.19263807397637e-05,5
"Vitvi01g00693",-0.609871602834049,7.8569440725387e-05,0.334077261964345,0.000140723362242774,32
"Vitvi01g00695",-0.750289519408583,1.37448227308175e-07,0.000584429862514362,4.85406862553457e-07,303
"Vitvi01g00697",-0.478898349698169,0.00312849885508842,1,0.00392864061778971,6
"Vitvi01g00710",-0.563283869189166,0.00034775734695725,1,0.000546035538870837,461
"Vitvi01g00711",0.343452351803737,0.0402822983143647,1,0.043165406359042,54
"Vitvi01g00714",0.609871602834049,7.8569440725387e-05,0.334077261964345,0.000140723362242774,69
"Vitvi01g00732",0.449874207292219,0.00590725996608226,1,0.00705354377303617,3
"Vitvi01g00733",-0.700887740352874,1.93323218581868e-06,0.00822010325410102,5.0092036892755e-06,5
"Vitvi01g00735",0.478898349698169,0.00312849885508842,1,0.00392864061778971,46
"Vitvi01g00739",-0.730689861642868,4.20057585720466e-07,0.00178608485448342,1.28773241130744e-06,5
"Vitvi01g00745",-0.372476494209687,0.0252748166470032,1,0.0277840021672848,455
"Vitvi01g00747",-0.788514482062159,1.1253109875189e-08,4.78482231893036e-05,6.34591819486785e-08,365
"Vitvi01g00770",-0.353127065939054,0.0346365270501543,1,0.0373414079658357,8
"Vitvi01g00784",-0.765761034128769,5.28218853687821e-08,0.000224598656588062,2.54070878493282e-07,254
"Vitvi01g00790",-0.478898349698169,0.00312849885508842,1,0.00392864061778971,58
"Vitvi01g00799",-0.701115533676863,1.91214561505384e-06,0.00813044315520891,5.00334963397471e-06,402
"Vitvi01g00801",-0.745986927832182,1.77160876753437e-07,0.000753288047955612,6.07490361254526e-07,7
"Vitvi01g00810",-0.788514482062159,1.1253109875189e-08,4.78482231893036e-05,6.34591819486785e-08,507
"Vitvi01g00813",-0.788514482062159,1.1253109875189e-08,4.78482231893036e-05,6.34591819486785e-08,654
"Vitvi01g00833",-0.495072242300581,0.00214236521236232,1,0.00299747840834635,3
"Vitvi01g00842",-0.808995377700137,2.36091949141347e-09,1.00386296774901e-05,1.62437373422169e-08,517
"Vitvi01g00845",0.868787174624001,6.49185995576596e-12,2.76033885319169e-08,2.0768926511977e-10,4
"Vitvi01g00849",0.465036682702683,0.00426699202659306,1,0.00524674670245048,31
"Vitvi01g00859",-0.624221522900733,4.73386834040076e-05,0.20128408183384,8.85543694825518e-05,158
"Vitvi01g00860",-0.829476273338115,4.06241215706204e-10,1.72733764918278e-06,4.56967632058936e-09,181
"Vitvi01g00864",-0.868407732077501,6.7977576335573e-12,2.89040654578856e-08,2.0768926511977e-10,168
"Vitvi01g00883",-0.624221522900733,4.73386834040076e-05,0.20128408183384,8.85543694825518e-05,8
"Vitvi01g00889",0.645746403000758,2.10820008752171e-05,0.0896406677214233,4.30964748660689e-05,9
"Vitvi01g00900",-0.759552352981529,7.81948005924383e-08,0.000332484292119048,3.59442477966538e-07,670
"Vitvi01g00909",-0.236773681100278,0.164417351185096,1,0.167932399048529,6
"Vitvi01g00918",0.67562042336134,6.14911937888496e-06,0.0261460555990189,1.43344603064796e-05,29
"Vitvi01g00932",-0.130608640826773,0.447699103241463,1,0.449921197585134,53
"Vitvi01g00940",0.6636595629116,1.0237182743879e-05,0.0435285010269736,2.29338783071517e-05,23
"Vitvi01g00944",-0.791767757550269,8.88371210092691e-09,3.77735438531412e-05,5.16737946007409e-08,6
"Vitvi01g00955",-0.343452351803737,0.0402822983143647,1,0.043165406359042,98
"Vitvi01g00958",-0.631396482934074,3.63959573998368e-05,0.154755610864106,6.99618493960706e-05,75
"Vitvi01g00964",-0.631396482934074,3.63959573998368e-05,0.154755610864106,6.99618493960706e-05,9
"Vitvi01g00968",-0.478898349698169,0.00312849885508842,1,0.00392864061778971,217
"Vitvi01g00994",-0.824392187992147,6.42105911361328e-10,2.73023433510837e-06,6.32561203259186e-09,158
"Vitvi01g00995",-0.527238881325001,0.000953013587393213,1,0.00138632014149707,317
"Vitvi01g01021",0.79427392097294,7.38342073817294e-09,3.13943049787113e-05,4.46576173239137e-08,11
"Vitvi01g01037",0.843394676225792,1.07010543191962e-10,4.55008829652224e-07,1.42635996756183e-09,5
"Vitvi01g01038",0.832835466112553,2.97724595759819e-10,1.26592498117075e-06,3.60662387797935e-09,31
"Vitvi01g01048",0.430721761141964,0.00873144436648196,1,0.0102336722762628,91
"Vitvi01g01121",-0.36280178007437,0.0296534634974876,1,0.0322719546432857,652
"Vitvi01g01132",-0.39182592248032,0.0181099832764267,1,0.0201791532734188,73
"Vitvi01g01134",-0.401500636615636,0.0152203400780548,1,0.017125399844374,36
"Vitvi01g01173",-0.459548921427535,0.00480814938579871,1,0.00583954618349504,106
"Vitvi01g01282",-0.874344762938948,3.25230629616806e-12,1.38288063713066e-08,1.72860079641333e-10,11
"Vitvi01g01313",-0.709037994563675,1.29744768347651e-06,0.00551674755014214,3.51609149148639e-06,3
"Vitvi01g01320",0.72713243547622,5.09241753382608e-07,0.00216529593538285,1.53894522770637e-06,41
"Vitvi01g01339",0.39182592248032,0.0181099832764267,1,0.0201791532734188,88
"Vitvi01g01355",-0.750289519408583,1.37448227308175e-07,0.000584429862514362,4.85406862553457e-07,35
"Vitvi01g01376",-0.635838714579049,3.08264991655324e-05,0.131074274451844,6.07387740740703e-05,181
"Vitvi01g01390",0.420850064886269,0.010590608809886,1,0.0122069039467702,28
"Vitvi01g01404",-0.875491595135099,2.808569499545e-12,1.19420375120653e-08,1.55091396260589e-10,651
"Vitvi01g01434",-0.713238185116801,1.05085825073373e-06,0.00446824928211982,2.88847560159252e-06,671
"Vitvi01g01505",-0.478898349698169,0.00312849885508842,1,0.00392864061778971,32
"Vitvi01g01506",-0.609871602834049,7.8569440725387e-05,0.334077261964345,0.000140723362242774,43
"Vitvi01g01557",-0.337223121567062,0.0442962269402098,1,0.0473592046642626,275
"Vitvi01g01561",-0.75441642621575,1.07231136608592e-07,0.000455946792859731,4.734649977775e-07,122
"Vitvi01g01591",-0.673070912329788,6.86813950157651e-06,0.0292033291607033,1.58112231514366e-05,251
"Vitvi01g01592",-0.741907710181698,2.24328813078351e-07,0.000953846113209148,7.44029729492315e-07,112
"Vitvi01g01611",-0.545087877560721,0.000586738683654734,1,0.000879694246438621,5
"Vitvi01g01640",-0.673070912329788,6.86813950157651e-06,0.0292033291607033,1.58112231514366e-05,699
"Vitvi01g01641",-0.633808442443884,3.32682188097717e-05,0.141456466379149,6.50973154068795e-05,419
"Vitvi01g01651",-0.420850064886269,0.010590608809886,1,0.0122069039467702,62
"Vitvi01g01657",-0.854032920543599,3.52769088347646e-11,1.49997416365419e-07,5.61788076274978e-10,610
"Vitvi01g01660",-0.72151162192928,6.86190536909843e-07,0.00291768216294065,1.99431453379402e-06,862
"Vitvi01g01680",0.732192019057719,3.86909679732785e-07,0.0016451399582238,1.22133627188107e-06,98
"Vitvi01g01701",0.895936773831001,1.56628417917058e-13,6.65984032983331e-10,4.7570288070238e-11,8
"Vitvi01g01711",0.731763852262692,3.96103875756544e-07,0.00168423367971683,1.22320173824875e-06,22
"Vitvi01g01714",-0.783394258152665,1.61926462779259e-08,6.88511319737408e-05,8.82706820176164e-08,329
"Vitvi01g01727",-0.589483118918895,0.000154932061894313,0.658771127174619,0.000259767794627216,4
"Vitvi01g01733",0.314428209397787,0.0618077618339936,1,0.0650511394351834,58
"Vitvi01g01748",-0.372476494209687,0.0252748166470032,1,0.0277840021672848,30
"Vitvi01g01750",-0.731763852262692,3.96103875756545e-07,0.00168423367971683,1.22320173824875e-06,569
"Vitvi01g01751",0.750289519408583,1.37448227308174e-07,0.000584429862514355,4.85406862553457e-07,73
"Vitvi01g01761",-0.773153810333675,3.25894936404591e-08,0.000138570526959232,1.65952726897284e-07,33
"Vitvi01g01778",-0.401500636615636,0.0152203400780548,1,0.017125399844374,7
"Vitvi01g01780",-0.595521682767366,0.000127313692999972,0.541337822635881,0.000215500725571611,21
"Vitvi01g01782",-0.509455846512001,0.00150595314155585,1,0.00213980495983856,714
"Vitvi01g01796",-0.819760771205674,9.62256253728296e-10,4.09151359085271e-06,8.93343578788802e-09,632
"Vitvi01g01799",-0.342724842198983,0.0407353104256489,1,0.0436398437716954,30
"Vitvi01g01803",-0.67618685082502,5.99900909659363e-06,0.0255077866787161,1.40384076382587e-05,161
"Vitvi01g01806",-0.759552352981529,7.81948005924383e-08,0.000332484292119048,3.59442477966538e-07,788
"Vitvi01g01807",-0.530534807027005,0.000873110001630482,1,0.00127488452161154,3
"Vitvi01g01808",-0.478898349698169,0.00312849885508842,1,0.00392864061778971,7
"Vitvi01g01826",0.743193048498106,2.08347142635185e-07,0.000885892050484805,6.97552795657327e-07,106
"Vitvi01g01835",-0.645746403000758,2.10820008752169e-05,0.0896406677214222,4.30964748660689e-05,6
"Vitvi01g01838",-0.130608640826773,0.447699103241463,1,0.449921197585134,21
"Vitvi01g01842",0.430524779021586,0.00876561976487691,1,0.0102336722762628,7
"Vitvi01g01844",0.687858076312791,3.56150588483326e-06,0.015143523022311,8.70317415075347e-06,26
"Vitvi01g01852",0.452883957973335,0.0055442548999937,1,0.00670864309469926,23
"Vitvi01g01853",-0.491235932432412,0.00234756968614635,1,0.00327489052017528,6
"Vitvi01g01855",-0.483897193788613,0.00278840023915125,1,0.00385319396063412,3
"Vitvi01g01881",0.750289519408583,1.37448227308174e-07,0.000584429862514355,4.85406862553457e-07,5
"Vitvi01g01888",0.415060395936703,0.0118298867796697,1,0.0135874334379135,9
"Vitvi01g01903",-0.330048161533721,0.0493125080986809,1,0.0523929996090934,6
"Vitvi01g01907",0.620993213607731,5.31697610018877e-05,0.226077823780027,9.85088556775715e-05,55
"Vitvi01g01924",-0.382936556939144,0.0211562394000166,1,0.02353645471713,3
"Vitvi01g01926",-0.353127065939054,0.0346365270501543,1,0.0373414079658357,91
"Vitvi01g01943",-0.707062962734838,1.43083923232176e-06,0.00608392841583214,3.85302622915272e-06,4
"Vitvi01g01944",-0.750289519408583,1.37448227308175e-07,0.000584429862514362,4.85406862553457e-07,22
"Vitvi01g01952",-0.622590593905054,5.02079776036085e-05,0.213484320770543,9.35104339774609e-05,73
"Vitvi01g01954",-0.602696642800707,0.000100304716366618,0.426495653990861,0.000173966758223883,39
"Vitvi01g01955",0.478898349698169,0.00312849885508842,1,0.00392864061778971,85
"Vitvi01g01958",0.751190756638406,1.30247919478487e-07,0.000553814153622528,4.85406862553457e-07,103
"Vitvi01g01960",0.609871602834049,7.8569440725387e-05,0.334077261964345,0.000140723362242774,11
"Vitvi01g01971",-0.82902360477862,4.23397938922474e-10,1.80028803629836e-06,4.58088558854544e-09,348
"Vitvi01g01972",0.824392187992147,6.42105911361317e-10,2.73023433510832e-06,6.32561203259186e-09,52
"Vitvi01g01973",-0.478898349698169,0.00312849885508842,1,0.00392864061778971,23
"Vitvi01g01981",-0.722501018689747,6.51436181894005e-07,0.00276990664541331,1.91291895401472e-06,29
"Vitvi01g01984",0.327490621621608,0.0512068664439752,1,0.0543921049512322,6
"Vitvi01g01990",0.750289519408583,1.37448227308174e-07,0.000584429862514355,4.85406862553457e-07,39
"Vitvi01g01993",0.469223635562852,0.00389036020229627,1,0.00480587204537007,5
"Vitvi01g02001",0.550184244324302,0.000508303496349477,1,0.000769696035070506,180
"Vitvi01g02003",-0.799794857867825,4.8678475750908e-09,2.06980878892861e-05,3.07093292125909e-08,3
"Vitvi01g02013",0.478898349698169,0.00312849885508842,1,0.00392864061778971,44
"Vitvi01g02020",0.72713243547622,5.09241753382608e-07,0.00216529593538285,1.53894522770637e-06,57
"Vitvi01g02030",-0.628781993513488,4.00851400439236e-05,0.170442015466763,7.66375968825374e-05,8
"Vitvi01g02047",-0.750289519408583,1.37448227308175e-07,0.000584429862514362,4.85406862553457e-07,22
"Vitvi01g02072",0.823576516347011,6.90105235035939e-10,2.93432745937281e-06,6.7301088517725e-09,19
"Vitvi01g02097",0.757793138605192,8.72029469688381e-08,0.0003707869305115,3.98948251004029e-07,54
"Vitvi01g02150",0.478898349698169,0.00312849885508842,1,0.00392864061778971,6
"Vitvi01g02227",0.645746403000758,2.10820008752171e-05,0.0896406677214233,4.30964748660689e-05,38
"Vitvi01g02242",-0.750289519408583,1.37448227308175e-07,0.000584429862514362,4.85406862553457e-07,57
"Vitvi01g02252",-0.478898349698169,0.00312849885508842,1,0.00392864061778971,3
"Vitvi01g02254",-0.695943104238273,2.44683976669582e-06,0.0104039626879906,6.26367410475053e-06,13
"Vitvi01g02274",-0.688537295588947,3.4525245843369e-06,0.0146801345326005,8.45143035843437e-06,16
"Vitvi01g04002",0.750289519408583,1.37448227308174e-07,0.000584429862514355,4.85406862553457e-07,50
"Vitvi01g04005",0.750289519408583,1.37448227308174e-07,0.000584429862514355,4.85406862553457e-07,30
"Vitvi01g04028",0.566482954350441,0.000316205257555855,1,0.000500933217260618,3
"Vitvi01g04036",-0.420850064886269,0.010590608809886,1,0.0122069039467702,34
"Vitvi01g04052",0.893351097716049,2.32900429814086e-13,9.90292627569496e-10,6.16428558293725e-11,14
"Vitvi01g04056",-0.715801337822652,9.22331580427716e-07,0.00392175387997865,2.58350057969608e-06,30
"Vitvi01g04058",0.622232181081055,5.08592315170762e-05,0.216253452410608,9.4433822013366e-05,12
"Vitvi01g04078",-0.343452351803737,0.0402822983143647,1,0.043165406359042,7
"Vitvi01g04079",-0.766597226495966,5.00579875105745e-08,0.000212846562894963,2.42975528418907e-07,12
"Vitvi01g04080",-0.679183231013444,5.25910883818651e-06,0.022361730779969,1.25135594739614e-05,6
"Vitvi01g04082",-0.751595852101597,1.27126181928121e-07,0.00054054052555837,4.85406862553457e-07,238
"Vitvi01g04083",-0.430524779021586,0.00876561976487687,1,0.0102336722762628,5
"Vitvi01g04094",0.478898349698169,0.00312849885508842,1,0.00392864061778971,38
"Vitvi01g04106",-0.478898349698169,0.00312849885508842,1,0.00392864061778971,4
"Vitvi01g04107",-0.724061132960833,5.99906551561276e-07,0.00255080265723855,1.77262172150003e-06,7
"Vitvi01g04109",0.728620635782456,4.7000467466899e-07,0.00199845987669254,1.42747134049469e-06,109
"Vitvi01g04115",0.854242196177249,3.4485174125585e-11,1.46630960381987e-07,5.55420304477225e-10,10
"Vitvi01g04175",-0.650635215252128,1.73903596896964e-05,0.0739438094005891,3.76112967449589e-05,10
"Vitvi01g04185",-0.810497937632729,2.09006702735936e-09,8.88696500033199e-06,1.47624003327774e-08,30
"Vitvi01g04191",-0.750289519408583,1.37448227308175e-07,0.000584429862514362,4.85406862553457e-07,66
"Vitvi01g04204",-0.844925803783749,9.16829001214106e-11,3.89835691316238e-07,1.24548144190491e-09,160
"Vitvi01g04205",-0.731727210389712,3.96899963641177e-07,0.00168761864540229,1.22320173824875e-06,11
"Vitvi01g04207",-0.750289519408583,1.37448227308175e-07,0.000584429862514362,4.85406862553457e-07,67
"Vitvi01g04248",-0.602582743783759,0.000100689603007756,0.428132191988977,0.000173966758223883,251
"Vitvi01g04261",0.631396482934074,3.63959573998373e-05,0.154755610864108,6.99618493960706e-05,82
"Vitvi01g04267",-0.353127065939054,0.0346365270501543,1,0.0373414079658357,338
"Vitvi01g04309",-0.638571442967416,2.77964224488528e-05,0.118190388252522,5.50234582181201e-05,9
"Vitvi01g04313",-0.736808688118594,2.99503258679439e-07,0.00127348785590497,9.61122910116962e-07,260
"Vitvi01g04413",-0.37732763266973,0.0232891355433915,1,0.0257543314253577,25
"Vitvi01g04414",-0.714710298520184,9.75165171487901e-07,0.00414640230916655,2.71539116513856e-06,10
"Vitvi01g04416",0.314099759087234,0.0620950975009565,1,0.0653212158768102,53
"Vitvi01g04419",-0.478898349698169,0.00312849885508842,1,0.00392864061778971,8
"Vitvi01g04423",-0.750289519408583,1.37448227308175e-07,0.000584429862514362,4.85406862553457e-07,25
"Vitvi01g04428",-0.750289519408583,1.37448227308175e-07,0.000584429862514362,4.85406862553457e-07,23
"Vitvi01g04429",-0.48468611999998,0.00273778266345129,1,0.00378693945510569,13
"Vitvi01g04468",-0.773153810333675,3.25894936404591e-08,0.000138570526959232,1.65952726897284e-07,186
"Vitvi02g00006",-0.538122002500631,0.00071128356377806,1,0.00105305630681905,253
"Vitvi02g00013",0.478898349698169,0.00312849885508842,1,0.00392864061778971,38
"Vitvi02g00014",-0.759552352981529,7.81948005924383e-08,0.000332484292119048,3.59442477966538e-07,672
"Vitvi02g00017",-0.875491595135099,2.808569499545e-12,1.19420375120653e-08,1.55091396260589e-10,727
"Vitvi02g00022",-0.798754929881148,5.27034919958902e-09,2.24095247966525e-05,3.23837063535441e-08,634
"Vitvi02g00032",-0.884224678378342,8.74713631353133e-13,3.71928236051352e-09,8.26507191225227e-11,301
"Vitvi02g00051",-0.285404066991838,0.0915479263669638,1,0.0951275129306771,15
"Vitvi02g00055",-0.62921932258709,3.94453922621833e-05,0.167721807898803,7.55163475456115e-05,5
"Vitvi02g00056",0.771433338085278,3.65240298083622e-08,0.000155300174745156,1.83136998520236e-07,4
"Vitvi02g00070",-0.660508884324796,1.16644458253713e-05,0.0495972236494789,2.59128650206264e-05,81
"Vitvi02g00079",0.149958069097406,0.382692613049351,1,0.385047087242272,5
"Vitvi02g00086",-0.854242196177249,3.44851741255845e-11,1.46630960381985e-07,5.55420304477225e-10,6
"Vitvi02g00091",-0.680676474781128,4.92239733135686e-06,0.0209300334529294,1.1745248851251e-05,489
"Vitvi02g00099",-0.602696642800707,0.000100304716366618,0.426495653990861,0.000173966758223883,25
"Vitvi02g00116",-0.372476494209687,0.0252748166470032,1,0.0277840021672848,319
"Vitvi02g00118",-0.884224678378342,8.74713631353133e-13,3.71928236051352e-09,8.26507191225227e-11,917
"Vitvi02g00121",-0.82902360477862,4.23397938922474e-10,1.80028803629836e-06,4.58088558854544e-09,6
"Vitvi02g00125",-0.459548921427535,0.00480814938579871,1,0.00583954618349504,185
"Vitvi02g00136",-0.372476494209687,0.0252748166470032,1,0.0277840021672848,4
"Vitvi02g00147",-0.577383292713601,0.000226988801827679,0.96515638537129,0.000370501491505294,102
"Vitvi02g00149",-0.478898349698169,0.00312849885508842,1,0.00392864061778971,87
"Vitvi02g00153",-0.523984994594573,0.00103817108302138,1,0.00150197463253043,17
"Vitvi02g00186",0.516597122400606,0.00125690591977388,1,0.00180187591735621,11
"Vitvi02g00192",-0.74411429702662,1.9754523623761e-07,0.000839962344482318,6.63723534252229e-07,14
"Vitvi02g00194",0.478898349698169,0.00312849885508842,1,0.00392864061778971,6
"Vitvi02g00211",-0.478898349698169,0.00312849885508842,1,0.00392864061778971,122
"Vitvi02g00212",-0.353127065939054,0.0346365270501543,1,0.0373414079658357,453
"Vitvi02g00219",0.304753495262471,0.0707229426338605,1,0.0740492371532073,22
"Vitvi02g00223",-0.478898349698169,0.00312849885508842,1,0.00392864061778971,15
"Vitvi02g00226",0.613412354191466,6.94955815274761e-05,0.295495212654828,0.000126118315260277,24
"Vitvi02g00232",-0.667461988060373,8.72733258323926e-06,0.0371086181439333,1.97596475739794e-05,822
"Vitvi02g00238",-0.624221522900733,4.73386834040076e-05,0.20128408183384,8.85543694825518e-05,291
"Vitvi02g00239",-0.82902360477862,4.23397938922474e-10,1.80028803629836e-06,4.58088558854544e-09,433
"Vitvi02g00258",0.731763852262692,3.96103875756545e-07,0.00168423367971683,1.22320173824875e-06,12
"Vitvi02g00260",0.628199518174469,4.09518004842468e-05,0.174127055659017,7.81539747123058e-05,12
"Vitvi02g00263",0.741026685835638,2.35927407095587e-07,0.00100316333497044,7.80064801687743e-07,172
"Vitvi02g00278",-0.478898349698169,0.00312849885508842,1,0.00392864061778971,6
"Vitvi02g00280",0.750289519408583,1.37448227308174e-07,0.000584429862514355,4.85406862553457e-07,53
"Vitvi02g00286",0.353127065939054,0.0346365270501542,1,0.0373414079658357,17
"Vitvi02g00289",-0.57638349405403,0.000234110207241294,0.995436601189981,0.000379647826540801,28
"Vitvi02g00293",-0.57638349405403,0.000234110207241294,0.995436601189981,0.000379647826540801,169
"Vitvi02g00303",-0.563283869189166,0.00034775734695725,1,0.000546035538870837,638
"Vitvi02g00304",-0.754920936195056,1.03991177471085e-07,0.000442170486607053,4.63005745138275e-07,73
"Vitvi02g00319",-0.36280178007437,0.0296534634974876,1,0.0322719546432857,143
"Vitvi02g00327",-0.734769079293352,3.35592859601083e-07,0.00142694083902381,1.06329421685829e-06,97
"Vitvi02g00340",-0.634318344650194,3.26390394422647e-05,0.138781195708509,6.41317909928417e-05,274
"Vitvi02g00346",-0.779204984044896,2.16528492276169e-08,9.20679149158271e-05,1.1566320969325e-07,705
"Vitvi02g00370",-0.478579734602183,0.00315134965383133,1,0.00395033570993244,12
"Vitvi02g00378",-0.615596757245192,6.4380740122162e-05,0.273746906999433,0.000117387181389122,12
"Vitvi02g00409",0.372476494209687,0.0252748166470031,1,0.0277840021672848,56
"Vitvi02g00413",-0.64094707333223,2.53846202816186e-05,0.107935405437442,5.12757270486661e-05,333
"Vitvi02g00416",-0.862391970270235,1.38480359557113e-11,5.88818488836846e-08,3.13201323849386e-10,742
"Vitvi02g00417",0.469223635562852,0.00389036020229627,1,0.00480587204537007,77
"Vitvi02g00424",0.733122968859446,3.67592609471791e-07,0.00156300377547406,1.16122122992129e-06,4
"Vitvi02g00429",0.880423358994784,1.46965129533437e-12,6.24895730776172e-09,1.10492813910072e-10,102
"Vitvi02g00435",-0.510507356085846,0.00146675614362153,1,0.00209283460492575,16
"Vitvi02g00446",-0.850316013631005,5.24901265229646e-11,2.23188017975646e-07,7.94263409165998e-10,41
"Vitvi02g00450",-0.538122002500631,0.00071128356377806,1,0.00105305630681905,414
"Vitvi02g00454",0.411175350750953,0.0127285678576514,1,0.0145021089310648,14
"Vitvi02g00459",-0.569833681621598,0.000285923238424702,1,0.000455676765285544,14
"Vitvi02g00467",-0.478898349698169,0.00312849885508842,1,0.00392864061778971,11
"Vitvi02g00476",-0.789157076468506,1.07431838963728e-08,4.56800179273771e-05,6.18970432620285e-08,365
"Vitvi02g00499",-0.237030496315255,0.163946637501507,1,0.167572380446252,7
"Vitvi02g00500",0.839051899302049,1.64450892995671e-10,6.99245197017592e-07,2.13836451687337e-09,76
"Vitvi02g00507",0.420850064886269,0.010590608809886,1,0.0122069039467702,7
"Vitvi02g00508",-0.353127065939054,0.0346365270501543,1,0.0373414079658357,92
"Vitvi02g00509",0.333777637668421,0.0466511603903606,1,0.0496522488059608,17
"Vitvi02g00510",-0.545296962533973,0.000583320667650517,1,0.000874878123051146,20
"Vitvi02g00511",-0.523984994594573,0.00103817108302138,1,0.00150197463253043,630
"Vitvi02g00512",-0.555283502672075,0.000439300711880711,1,0.000677760024280401,4
"Vitvi02g00526",-0.478898349698169,0.00312849885508842,1,0.00392864061778971,3
"Vitvi02g00533",-0.14028335496209,0.414476147144056,1,0.416927508317134,14
"Vitvi02g00545",-0.667461988060373,8.72733258323926e-06,0.0371086181439333,1.97596475739794e-05,476
"Vitvi02g00546",0.459548921427535,0.00480814938579871,1,0.00583954618349504,47
"Vitvi02g00547",-0.833655021565093,2.75698823891264e-10,1.17227139918566e-06,3.35894383720823e-09,20
"Vitvi02g00560",-0.72713243547622,5.0924175338261e-07,0.00216529593538286,1.53894522770637e-06,160
"Vitvi02g00565",-0.77082643582936,3.80135964952999e-08,0.000161633812298015,1.89933974498255e-07,605
"Vitvi02g00567",-0.734769079293352,3.35592859601083e-07,0.00142694083902381,1.06329421685829e-06,550
"Vitvi02g00603",-0.582933306486462,0.000190869311580325,0.811576312839542,0.000314686433826889,463
"Vitvi02g00605",-0.659784439027,1.20172324621847e-05,0.0510972724292095,2.66409136752917e-05,38
"Vitvi02g00626",-0.750289519408583,1.37448227308175e-07,0.000584429862514362,4.85406862553457e-07,325
"Vitvi02g00629",-0.814115601609632,1.55170655744904e-09,6.59785628227331e-06,1.13952612819919e-08,250
"Vitvi02g00666",-0.685110380432404,4.03524028436929e-06,0.0171578416891382,9.77654797101893e-06,7
"Vitvi02g00669",0.382151208345003,0.0214447164072558,1,0.0237393736432314,169
"Vitvi02g00682",-0.787340853700365,1.22427146158592e-08,5.20560225466333e-05,6.85850099428634e-08,228
"Vitvi02g00686",-0.478898349698169,0.00312849885508842,1,0.00392864061778971,27
"Vitvi02g00701",-0.550184244324302,0.000508303496349478,1,0.000769696035070506,106
"Vitvi02g00702",0.678679836599203,5.37727468533645e-06,0.0228641719620506,1.26601173654766e-05,161
"Vitvi02g00709",-0.768815186554474,4.33607583457646e-08,0.000184369944486191,2.12652761806449e-07,711
"Vitvi02g00721",0.750289519408583,1.37448227308174e-07,0.000584429862514355,4.85406862553457e-07,7
"Vitvi02g00726",-0.852785578702667,4.0358289623104e-11,1.71603447477438e-07,6.1950703060447e-10,234
"Vitvi02g00750",-0.478898349698169,0.00312849885508842,1,0.00392864061778971,6
"Vitvi02g00772",-0.602582743783759,0.000100689603007756,0.428132191988977,0.000173966758223883,349
"Vitvi02g00792",0.765761034128769,5.28218853687821e-08,0.000224598656588062,2.54070878493282e-07,3
"Vitvi02g00936",-0.478898349698169,0.00312849885508842,1,0.00392864061778971,9
"Vitvi02g00994",-0.39182592248032,0.0181099832764267,1,0.0201791532734188,21
"Vitvi02g00999",-0.420850064886269,0.010590608809886,1,0.0122069039467702,83
"Vitvi02g01001",-0.657164514054027,1.33756739477576e-05,0.0568733656258651,2.94528045706189e-05,38
"Vitvi02g01005",0.478898349698169,0.00312849885508842,1,0.00392864061778971,203
"Vitvi02g01113",-0.719413407498765,7.65599059629684e-07,0.00325532720154542,2.19213952966023e-06,12
"Vitvi02g01143",-0.582933306486462,0.000190869311580325,0.811576312839542,0.000314686433826889,86
"Vitvi02g01153",-0.382151208345003,0.0214447164072558,1,0.0237393736432314,55
"Vitvi02g01179",-0.226892158260376,0.183274348228343,1,0.186788717321887,6
"Vitvi02g01182",-0.607293527715741,8.58341850427486e-05,0.364966954801767,0.000152006228572165,4
"Vitvi02g01204",-0.353127065939054,0.0346365270501543,1,0.0373414079658357,595
"Vitvi02g01215",-0.819235825519126,1.00667411024502e-09,4.28037831676181e-06,9.08785205257285e-09,282
"Vitvi02g01227",0.634828246856505,3.2020662533188e-05,0.136151857091115,6.29749570264179e-05,6
"Vitvi02g01230",-0.866758511891856,8.29025229610732e-12,3.52501527630483e-08,2.0768926511977e-10,360
"Vitvi02g01236",-0.87985813675672,1.58515090510686e-12,6.74006164851438e-09,1.10492813910072e-10,838
"Vitvi02g01248",0.382151208345003,0.0214447164072558,1,0.0237393736432314,27
"Vitvi02g01288",0.694712517970911,2.59273082141354e-06,0.0110242914526504,6.56598657096511e-06,227
"Vitvi02g01323",-0.443928003252861,0.0066848641685441,1,0.00796414750480513,29
"Vitvi02g01324",-0.726610643992385,5.23697027742696e-07,0.00222675976196194,1.57590924413442e-06,8
"Vitvi02g01341",0.673580814536098,6.71847992363546e-06,0.028566976635298,1.55763231381123e-05,143
"Vitvi02g01344",-0.840784054866544,1.38761858137279e-10,5.90015420799709e-07,1.83234602732829e-09,3
"Vitvi02g01355",-0.82902360477862,4.23397938922474e-10,1.80028803629836e-06,4.58088558854544e-09,17
"Vitvi02g01358",-0.70565994970852,1.53311188746615e-06,0.00651879174550607,4.08701676834236e-06,4
"Vitvi02g01368",0.478898349698169,0.00312849885508842,1,0.00392864061778971,6
"Vitvi02g01399",-0.509422162367264,0.00150722386046954,1,0.00213980495983856,4
"Vitvi02g01400",0.682759054249686,4.4856262078476e-06,0.019072882635768,1.08000467926206e-05,6
"Vitvi02g01404",-0.550318066465699,0.000506376110294249,1,0.000769696035070506,10
"Vitvi02g01405",-0.773117158370763,3.26690582351585e-08,0.000138908835615894,1.66158894277385e-07,12
"Vitvi02g01411",-0.750289519408583,1.37448227308175e-07,0.000584429862514362,4.85406862553457e-07,21
"Vitvi02g01427",0.719413407498765,7.65599059629689e-07,0.00325532720154544,2.19213952966023e-06,6
"Vitvi02g01432",-0.275729352856521,0.103584434864025,1,0.107241542985593,19
"Vitvi02g01440",0.620485564432407,5.41435603574729e-05,0.230218418639975,9.97480150086546e-05,10
"Vitvi02g01479",-0.497105401748074,0.00204011412841992,1,0.00286006108606709,8
"Vitvi02g01485",-0.478898349698169,0.00312849885508842,1,0.00392864061778971,4
"Vitvi02g01486",-0.690917489550654,3.09424313313362e-06,0.0131567218020842,7.71655237658895e-06,338
"Vitvi02g01513",-0.745658102622111,1.80593701214531e-07,0.000767884417564185,6.13326212111968e-07,594
"Vitvi02g01526",-0.750289519408583,1.37448227308175e-07,0.000584429862514362,4.85406862553457e-07,8
"Vitvi02g01537",-0.656244139521543,1.38851025998339e-05,0.0590394562544936,3.04484044633799e-05,35
"Vitvi02g01559",-0.689897685138033,3.24336512260011e-06,0.0137907885012957,8.00393993110609e-06,163
"Vitvi02g01621",-0.765761034128769,5.28218853687821e-08,0.000224598656588062,2.54070878493282e-07,32
"Vitvi02g01666",-0.294959805738489,0.0807430332221752,1,0.0842501539290034,8
"Vitvi02g01718",-0.638571442967416,2.77964224488528e-05,0.118190388252522,5.50234582181201e-05,17
"Vitvi02g01780",0.57399680266734,0.000251925466762095,1,0.000406214290736604,22
"Vitvi02g01823",-0.588937048288565,0.000157677153214071,0.670443255466231,0.000264162039190792,3
"Vitvi02g04002",-0.607293527715741,8.58341850427486e-05,0.364966954801767,0.000152006228572165,199
"Vitvi02g04014",-0.333777637668421,0.0466511603903606,1,0.0496522488059608,92
"Vitvi02g04035",-0.835484995697217,2.31871841692465e-10,9.85919070876361e-07,2.93428294903679e-09,16
"Vitvi02g04056",0.333777637668421,0.0466511603903606,1,0.0496522488059608,28
"Vitvi02g04106",-0.823576516347011,6.90105235035939e-10,2.93432745937281e-06,6.7301088517725e-09,55
"Vitvi02g04120",-0.750289519408583,1.37448227308175e-07,0.000584429862514362,4.85406862553457e-07,24
"Vitvi02g04123",-0.673070912329788,6.86813950157651e-06,0.0292033291607033,1.58112231514366e-05,69
"Vitvi02g04155",-0.719413407498765,7.65599059629684e-07,0.00325532720154542,2.19213952966023e-06,16
"Vitvi02g04175",-0.411175350750953,0.0127285678576514,1,0.0145021089310648,3
"Vitvi02g04187",-0.552471922567315,0.000476236747738388,1,0.000728926800354079,934
"Vitvi02g04226",0.669889396655749,7.87270503642933e-06,0.0334747418148975,1.79971730187621e-05,4
"Vitvi02g04279",-0.39182592248032,0.0181099832764267,1,0.0201791532734188,12
"Vitvi03g00016",-0.449874207292219,0.00590725996608227,1,0.00705354377303617,17
"Vitvi03g00023",-0.272648481266987,0.107659058362385,1,0.111351572891477,3
"Vitvi03g00028",-0.545296962533973,0.000583320667650517,1,0.000874878123051146,738
"Vitvi03g00033",-0.333777637668421,0.0466511603903606,1,0.0496522488059608,209
"Vitvi03g00036",-0.713238185116801,1.05085825073373e-06,0.00446824928211982,2.88847560159252e-06,507
"Vitvi03g00047",0.416827510782546,0.0114392506999706,1,0.013167215478147,92
"Vitvi03g00050",-0.478898349698169,0.00312849885508842,1,0.00392864061778971,173
"Vitvi03g00052",-0.538122002500631,0.00071128356377806,1,0.00105305630681905,5
"Vitvi03g00054",-0.401500636615636,0.0152203400780548,1,0.017125399844374,373
"Vitvi03g00063",0.502247202333923,0.00180036184177853,1,0.00253901776160609,7
"Vitvi03g00064",-0.624221522900733,4.73386834040076e-05,0.20128408183384,8.85543694825518e-05,264
"Vitvi03g00088",-0.624221522900733,4.73386834040076e-05,0.20128408183384,8.85543694825518e-05,683
"Vitvi03g00110",-0.478898349698169,0.00312849885508842,1,0.00392864061778971,20
"Vitvi03g00118",0.36280178007437,0.0296534634974875,1,0.0322719546432857,6
"Vitvi03g00120",-0.538122002500631,0.00071128356377806,1,0.00105305630681905,172
"Vitvi03g00124",-0.419187995675658,0.0109345409920775,1,0.0125964964232765,133
"Vitvi03g00125",-0.750289519408583,1.37448227308175e-07,0.000584429862514362,4.85406862553457e-07,271
"Vitvi03g00129",-0.808995377700137,2.36091949141347e-09,1.00386296774901e-05,1.62437373422169e-08,182
"Vitvi03g00130",-0.449874207292219,0.00590725996608227,1,0.00705354377303617,210
"Vitvi03g00144",-0.713238185116801,1.05085825073373e-06,0.00446824928211982,2.88847560159252e-06,275
"Vitvi03g00148",-0.217681068044622,0.202185093959942,1,0.205569349478163,9
"Vitvi03g00164",0.645746403000758,2.10820008752171e-05,0.0896406677214233,4.30964748660689e-05,6
"Vitvi03g00170",-0.256379924585888,0.131210130347675,1,0.134890104989921,38
"Vitvi03g00185",-0.333777637668421,0.0466511603903606,1,0.0496522488059608,316
"Vitvi03g00207",-0.72376316487724,6.09448974764464e-07,0.0025913770406985,1.79707145679508e-06,79
"Vitvi03g00209",0.543634431891869,0.000610994698697933,1,0.000913484338559638,63
"Vitvi03g00221",-0.556734056756734,0.000421261179223091,1,0.000651346376020575,271
"Vitvi03g00223",-0.353127065939054,0.0346365270501543,1,0.0373414079658357,672
"Vitvi03g00227",-0.875491595135099,2.808569499545e-12,1.19420375120653e-08,1.55091396260589e-10,609
"Vitvi03g00242",-0.764183769768002,5.84225956778788e-08,0.000248412876822341,2.78489772222355e-07,622
"Vitvi03g00251",-0.87985813675672,1.58515090510686e-12,6.74006164851438e-09,1.10492813910072e-10,828
"Vitvi03g00253",-0.745658102622111,1.80593701214531e-07,0.000767884417564185,6.13326212111968e-07,369
"Vitvi03g00274",-0.750289519408583,1.37448227308175e-07,0.000584429862514362,4.85406862553457e-07,854
"Vitvi03g00298",-0.449874207292219,0.00590725996608227,1,0.00705354377303617,6
"Vitvi03g00302",0.62678507176931,4.31273835887367e-05,0.183377635019308,8.19748033166332e-05,4
"Vitvi03g00312",0.710436321837808,1.21001066341807e-06,0.00514496534085364,3.2896197831545e-06,159
"Vitvi03g00315",-0.903787097070498,4.39292364603829e-14,1.86787113429548e-10,2.07541237143943e-11,346
"Vitvi03g00328",-0.563283869189166,0.00034775734695725,1,0.000546035538870837,13
"Vitvi03g00338",-0.394622801833796,0.0172310183587185,1,0.0193570119052235,98
"Vitvi03g00340",-0.82902360477862,4.23397938922474e-10,1.80028803629836e-06,4.58088558854544e-09,678
"Vitvi03g00352",-0.713238185116801,1.05085825073373e-06,0.00446824928211982,2.88847560159252e-06,213
"Vitvi03g00365",-0.478898349698169,0.00312849885508842,1,0.00392864061778971,7
"Vitvi03g00369",-0.726610643992385,5.23697027742696e-07,0.00222675976196194,1.57590924413442e-06,320
"Vitvi03g00380",-0.55298418222541,0.000469308037180536,1,0.000723268493690337,4
"Vitvi03g00384",0.833655021565093,2.75698823891268e-10,1.17227139918567e-06,3.35894383720823e-09,60
"Vitvi03g00388",-0.77827403424317,2.30775712609658e-08,9.81258330016264e-05,1.21895444722517e-07,531
"Vitvi03g00398",-0.530534807027005,0.000873110001630482,1,0.00127488452161154,39
"Vitvi03g00413",-0.731763852262692,3.96103875756545e-07,0.00168423367971683,1.22320173824875e-06,297
"Vitvi03g00426",0.686110003872268,3.85660767515649e-06,0.0163982958347654,9.37231202288977e-06,274
"Vitvi03g00447",-0.444847522067189,0.00655916257134087,1,0.00781658050822348,22
"Vitvi03g00475",-0.509422162367264,0.00150722386046954,1,0.00213980495983856,212
"Vitvi03g00482",-0.764183769768002,5.84225956778788e-08,0.000248412876822341,2.78489772222355e-07,680
"Vitvi03g00500",0.552224089434212,0.000479621449535949,1,0.000733843254201819,26
"Vitvi03g00517",-0.645746403000758,2.10820008752169e-05,0.0896406677214222,4.30964748660689e-05,316
"Vitvi03g00527",0.664232683531701,9.99535223061116e-06,0.0425002376845586,2.2510719112584e-05,174
"Vitvi03g00529",-0.478898349698169,0.00312849885508842,1,0.00392864061778971,345
"Vitvi03g00535",-0.759552352981529,7.81948005924383e-08,0.000332484292119048,3.59442477966538e-07,803
"Vitvi03g00537",-0.884224678378342,8.74713631353133e-13,3.71928236051352e-09,8.26507191225227e-11,616
"Vitvi03g00547",-0.620609849387347,5.39036718218734e-05,0.229198412586606,9.94784776851588e-05,59
"Vitvi03g00548",-0.72151162192928,6.86190536909843e-07,0.00291768216294065,1.99431453379402e-06,560
"Vitvi03g00553",-0.849805034798334,5.53912244528736e-11,2.35523486373619e-07,8.29308050611334e-10,727
"Vitvi03g00569",-0.279823441300328,0.0983522347340234,1,0.102123004173154,16
"Vitvi03g00581",-0.546507180803783,0.00056388190945942,1,0.000852034782878981,352
"Vitvi03g00597",-0.717942306485107,8.26214599507406e-07,0.00351306447710549,2.3467364576523e-06,176
"Vitvi03g00598",-0.353127065939054,0.0346365270501543,1,0.0373414079658357,515
"Vitvi03g00600",0.609871602834049,7.8569440725387e-05,0.334077261964345,0.000140723362242774,10
"Vitvi03g00610",-0.750289519408583,1.37448227308175e-07,0.000584429862514362,4.85406862553457e-07,66
"Vitvi03g00614",-0.491235932432412,0.00234756968614635,1,0.00327489052017528,29
"Vitvi03g00623",0.279823441300328,0.0983522347340232,1,0.102123004173154,11
"Vitvi03g00626",-0.770694596216184,3.83445154554558e-08,0.000163040879716598,1.91362534878636e-07,620
"Vitvi03g00630",0.360239683783769,0.0309119088877194,1,0.0336157126830135,21
"Vitvi03g00638",-0.605763821096809,9.04256913355846e-05,0.384490039558906,0.000159804671470867,6
"Vitvi03g00649",0.449874207292219,0.00590725996608226,1,0.00705354377303617,4
"Vitvi03g00653",-0.563283869189166,0.00034775734695725,1,0.000546035538870837,7
"Vitvi03g00661",-0.719413407498765,7.65599059629684e-07,0.00325532720154542,2.19213952966023e-06,10
"Vitvi03g00666",-0.631396482934074,3.63959573998368e-05,0.154755610864106,6.99618493960706e-05,85
"Vitvi03g00673",-0.736298785912283,3.08174259306482e-07,0.00131035695057116,9.85230789903129e-07,72
"Vitvi03g00675",-0.53094704246729,0.000863545476365859,1,0.00126569988469756,695
"Vitvi03g00677",-0.692021082694147,2.93995527601393e-06,0.0125006898336112,7.39248363903679e-06,534
"Vitvi03g00692",-0.805428356395692,3.13964896328467e-09,1.33497873918864e-05,2.06653055601957e-08,32
"Vitvi03g00699",-0.737939074644656,2.81075640112032e-07,0.00119513362175636,9.06778165217267e-07,11
"Vitvi03g00702",-0.794122553911316,7.46691027916994e-09,3.17493025070306e-05,4.47803984584352e-08,14
"Vitvi03g00708",-0.272648481266987,0.107659058362385,1,0.111351572891477,21
"Vitvi03g00712",0.737939074644656,2.81075640112032e-07,0.00119513362175636,9.06778165217267e-07,8
"Vitvi03g00713",-0.353127065939054,0.0346365270501543,1,0.0373414079658357,7
"Vitvi03g00717",-0.745986927832182,1.77160876753437e-07,0.000753288047955612,6.07490361254526e-07,262
"Vitvi03g00721",-0.440199493156902,0.00721598030084795,1,0.00852761207315328,307
"Vitvi03g00735",-0.539476534276451,0.000685374957652174,1,0.00102074056740352,106
"Vitvi03g00737",-0.577383292713601,0.000226988801827679,0.96515638537129,0.000370501491505294,8
"Vitvi03g00745",0.866359712001401,8.69442361037607e-12,3.69686891913191e-08,2.0768926511977e-10,14
"Vitvi03g00752",0.866359712001401,8.69442361037607e-12,3.69686891913191e-08,2.0768926511977e-10,11
"Vitvi03g00755",-0.478898349698169,0.00312849885508842,1,0.00392864061778971,8
"Vitvi03g00780",-0.645746403000758,2.10820008752169e-05,0.0896406677214222,4.30964748660689e-05,340
"Vitvi03g00786",-0.854242196177249,3.44851741255845e-11,1.46630960381985e-07,5.55420304477225e-10,5
"Vitvi03g00792",-0.430524779021586,0.00876561976487687,1,0.0102336722762628,580
"Vitvi03g00819",0.163168706019343,0.341678330793203,1,0.34443249467347,25
"Vitvi03g00841",0.854242196177249,3.4485174125585e-11,1.46630960381987e-07,5.55420304477225e-10,31
"Vitvi03g00842",-0.478898349698169,0.00312849885508842,1,0.00392864061778971,20
"Vitvi03g00849",0.571208070331638,0.00027427150802485,1,0.000439578760694182,34
"Vitvi03g00851",-0.401500636615636,0.0152203400780548,1,0.017125399844374,551
"Vitvi03g00860",-0.830627524792,3.6547561027515e-10,1.55400229488994e-06,4.34078853321212e-09,5
"Vitvi03g00936",0.246272947459449,0.147645609316804,1,0.151274489353024,50
"Vitvi03g00954",0.700887740352874,1.9332321858187e-06,0.0082201032541011,5.0092036892755e-06,4
"Vitvi03g00995",0.741501517074982,2.2960943634387e-07,0.000976299323334134,7.60950368927618e-07,73
"Vitvi03g01011",-0.649105508633197,1.84767928592515e-05,0.0785633232375375,3.99001133760983e-05,3
"Vitvi03g01016",-0.850316013631005,5.24901265229646e-11,2.23188017975646e-07,7.94263409165998e-10,17
"Vitvi03g01020",-0.645746403000758,2.10820008752169e-05,0.0896406677214222,4.30964748660689e-05,18
"Vitvi03g01111",-0.638571442967416,2.77964224488528e-05,0.118190388252522,5.50234582181201e-05,133
"Vitvi03g01196",-0.638571442967416,2.77964224488528e-05,0.118190388252522,5.50234582181201e-05,204
"Vitvi03g01200",0.815977501213084,1.32783699274149e-09,5.64596289313683e-06,9.99285467811829e-09,17
"Vitvi03g01255",-0.731763852262692,3.96103875756545e-07,0.00168423367971683,1.22320173824875e-06,212
"Vitvi03g01258",0.817655533971392,1.15215192471846e-09,4.89894998390291e-06,9.4305874909167e-09,11
"Vitvi03g01292",0.816811769737353,1.23759826433005e-09,5.26226781993139e-06,9.4305874909167e-09,3
"Vitvi03g01300",-0.478898349698169,0.00312849885508842,1,0.00392864061778971,345
"Vitvi03g01302",-0.589483118918895,0.000154932061894313,0.658771127174619,0.000259767794627216,260
"Vitvi03g01337",-0.72713243547622,5.0924175338261e-07,0.00216529593538286,1.53894522770637e-06,3
"Vitvi03g01347",-0.716412599866176,8.93892664680424e-07,0.00380083161022116,2.50714486162346e-06,159
"Vitvi03g01348",-0.77807802012742,2.3388390725782e-08,9.94474373660252e-05,1.2323102523671e-07,84
"Vitvi03g01349",-0.728468219850814,4.73891426971895e-07,0.0020149863474845,1.43824864203033e-06,13
"Vitvi03g01350",-0.868505128540505,6.71798141777423e-12,2.8564856988376e-08,2.0768926511977e-10,224
"Vitvi03g01353",-0.723551230754522,6.16320832208703e-07,0.00262059617855141,1.81356136923973e-06,310
"Vitvi03g01356",-0.677150129980271,5.75138856856289e-06,0.0244549041935294,1.35109967920052e-05,119
"Vitvi03g01360",-0.314428209397787,0.0618077618339936,1,0.0650511394351834,6
"Vitvi03g01363",-0.750608504756726,1.34858806758807e-07,0.000573419646338446,4.85406862553457e-07,30
"Vitvi03g01373",0.478898349698169,0.00312849885508842,1,0.00392864061778971,19
"Vitvi03g01380",-0.612608827303015,7.14674504849691e-05,0.303879599462089,0.000129365517012383,22
"Vitvi03g01388",-0.688537295588947,3.4525245843369e-06,0.0146801345326005,8.45143035843437e-06,554
"Vitvi03g01395",0.537084619459437,0.000731709404133349,1,0.00107878931566402,12
"Vitvi03g01433",-0.771433338085278,3.65240298083631e-08,0.00015530017474516,1.83136998520236e-07,4
"Vitvi03g01434",-0.471586495135116,0.003690811552788,1,0.00459541163175829,120
"Vitvi03g01450",0.734769079293352,3.35592859601089e-07,0.00142694083902383,1.06329421685829e-06,37
"Vitvi03g01453",-0.734769079293352,3.35592859601083e-07,0.00142694083902381,1.06329421685829e-06,24
"Vitvi03g01454",-0.531828001181795,0.000843416012641479,1,0.00123961454744264,3
"Vitvi03g01458",-0.602582743783759,0.000100689603007756,0.428132191988977,0.000173966758223883,4
"Vitvi03g01469",-0.36280178007437,0.0296534634974876,1,0.0322719546432857,174
"Vitvi03g01470",-0.638571442967416,2.77964224488528e-05,0.118190388252522,5.50234582181201e-05,7
"Vitvi03g01471",-0.420850064886269,0.010590608809886,1,0.0122069039467702,3
"Vitvi03g01477",-0.833655021565093,2.75698823891264e-10,1.17227139918566e-06,3.35894383720823e-09,195
"Vitvi03g01479",0.28714784076131,0.0894976534621487,1,0.0932705937551609,8
"Vitvi03g01500",-0.411175350750953,0.0127285678576514,1,0.0145021089310648,301
"Vitvi03g01566",-0.426090344355492,0.00956573375883045,1,0.0111525911550719,12
"Vitvi03g01567",-0.451937057837819,0.00565632945206129,1,0.00683258887220586,13
"Vitvi03g01572",-0.601684603446326,0.000103771495826208,0.441236400253038,0.00017892798063789,7
"Vitvi03g01573",-0.602696642800707,0.000100304716366618,0.426495653990861,0.000173966758223883,46
"Vitvi03g01597",0.220169628108265,0.196947267247526,1,0.200531556593985,61
"Vitvi03g01613",-0.469223635562852,0.00389036020229628,1,0.00480587204537007,7
"Vitvi03g01614",-0.469223635562852,0.00389036020229628,1,0.00480587204537007,17
"Vitvi03g01621",-0.00308761119098182,0.985741062565868,1,0.985741062565868,26
"Vitvi03g01622",0.79971634630426,4.89721077129154e-09,2.08229401995316e-05,3.08488002956024e-08,41
"Vitvi03g01649",0.866359712001401,8.69442361037607e-12,3.69686891913191e-08,2.0768926511977e-10,5
"Vitvi03g01703",-0.624221522900733,4.73386834040076e-05,0.20128408183384,8.85543694825518e-05,37
"Vitvi03g01727",-0.782709436913892,1.69877346187183e-08,7.22318475987904e-05,9.16647812167391e-08,84
"Vitvi03g01759",-0.829476273338115,4.06241215706204e-10,1.72733764918278e-06,4.56967632058936e-09,254
"Vitvi03g01760",-0.773153810333675,3.25894936404591e-08,0.000138570526959232,1.65952726897284e-07,188
"Vitvi03g01763",-0.737939074644656,2.81075640112032e-07,0.00119513362175636,9.06778165217267e-07,409
"Vitvi03g01770",-0.478898349698169,0.00312849885508842,1,0.00392864061778971,4
"Vitvi03g01801",-0.478898349698169,0.00312849885508842,1,0.00392864061778971,24
"Vitvi03g01809",0.866359712001401,8.69442361037607e-12,3.69686891913191e-08,2.0768926511977e-10,37
"Vitvi03g01834",0.65487539567599,1.46753984950755e-05,0.0623997944010612,3.2115179825559e-05,4
"Vitvi03g01839",0.854242196177249,3.4485174125585e-11,1.46630960381987e-07,5.55420304477225e-10,30
"Vitvi03g01849",-0.510885369729709,0.00145288586363363,1,0.00207443609542318,8
"Vitvi03g01853",-0.471586495135116,0.003690811552788,1,0.00459541163175829,34
"Vitvi03g04029",-0.815129354419202,1.42580956091385e-09,6.06254225300571e-06,1.06360390403609e-08,200
"Vitvi03g04032",-0.609132556216191,8.05930710257105e-05,0.342681738001321,0.000143082145303266,28
"Vitvi03g04033",-0.411175350750953,0.0127285678576514,1,0.0145021089310648,26
"Vitvi03g04037",-0.372476494209687,0.0252748166470032,1,0.0277840021672848,531
"Vitvi03g04047",0.750289519408583,1.37448227308174e-07,0.000584429862514355,4.85406862553457e-07,53
"Vitvi03g04050",-0.750289519408583,1.37448227308175e-07,0.000584429862514362,4.85406862553457e-07,69
"Vitvi03g04051",0.718648196784035,7.96599470119547e-07,0.00338714094694831,2.27172431049518e-06,31
"Vitvi03g04053",0.617046562867391,6.11763032283901e-05,0.260121641327115,0.000112169746152271,6
"Vitvi03g04055",-0.652314954998581,1.62645051497972e-05,0.0691566758969376,3.53923622809303e-05,5
"Vitvi03g04085",-0.451937057837819,0.00565632945206129,1,0.00683258887220586,13
"Vitvi03g04087",-0.731763852262692,3.96103875756545e-07,0.00168423367971683,1.22320173824875e-06,29
"Vitvi03g04145",-0.509422162367264,0.00150722386046954,1,0.00213980495983856,36
"Vitvi03g04147",0.700574828840639,1.96254541153154e-06,0.00834474308983212,5.0820603470354e-06,9
"Vitvi03g04159",0.661343161584648,1.12698713596118e-05,0.0479194930210692,2.50624963499316e-05,3
"Vitvi03g04163",-0.601264219389996,0.000105242977616435,0.44749314082508,0.000181244690492134,4
"Vitvi03g04196",-0.750289519408583,1.37448227308175e-07,0.000584429862514362,4.85406862553457e-07,74
"Vitvi03g04266",0.802478729088053,3.95692683325111e-09,1.68248528949837e-05,2.56476416082069e-08,6
"Vitvi03g04268",0.854242196177249,3.4485174125585e-11,1.46630960381987e-07,5.55420304477225e-10,16
"Vitvi03g04291",0.750289519408583,1.37448227308174e-07,0.000584429862514355,4.85406862553457e-07,42
"Vitvi03g04364",-0.45202248210053,0.00564613925901834,1,0.00682415694410063,35
"Vitvi03g04393",-0.65244373372945,1.61809878505083e-05,0.0688015603403612,3.52647669607182e-05,37
"Vitvi03g04395",0.469223635562852,0.00389036020229627,1,0.00480587204537007,23
"Vitvi03g04396",0.478898349698169,0.00312849885508842,1,0.00392864061778971,32
"Vitvi03g04400",0.750289519408583,1.37448227308174e-07,0.000584429862514355,4.85406862553457e-07,47
"Vitvi03g04422",0.715434922626646,9.39774753579066e-07,0.00399592225221819,2.63062689415286e-06,12
"Vitvi03g04427",-0.550184244324302,0.000508303496349478,1,0.000769696035070506,4
"Vitvi03g04434",-0.443875654914298,0.00669208214870453,1,0.00797051352837302,3
"Vitvi03g04450",0.750289519408583,1.37448227308174e-07,0.000584429862514355,4.85406862553457e-07,42
"Vitvi03g04455",0.163643393122037,0.340256556534442,1,0.343080597198114,3
"Vitvi03g04460",0.411788258173506,0.0125830736453678,1,0.0144447162905249,10
"Vitvi03g04462",0.77827403424317,2.30775712609656e-08,9.81258330016255e-05,1.21895444722517e-07,3
"Vitvi03g04463",0.679183231013444,5.25910883818646e-06,0.0223617307799688,1.25135594739614e-05,26
"Vitvi03g04464",0.696900042810782,2.33862816221277e-06,0.0099438469457287,6.00836673457927e-06,4
"Vitvi03g04466",0.866359712001401,8.69442361037607e-12,3.69686891913191e-08,2.0768926511977e-10,6
"Vitvi03g04508",-0.717869601903274,8.29321601172098e-07,0.00352627544818376,2.35085029878917e-06,5
"Vitvi04g00017",-0.748744122259241,1.50654856102604e-07,0.000640584448148274,5.27664290072713e-07,6
"Vitvi04g00021",-0.432935500315171,0.00835512220907785,1,0.00983826630656301,89
"Vitvi04g00022",-0.507346289431841,0.00158737761789286,1,0.00225134410649781,73
"Vitvi04g00029",-0.633808442443884,3.32682188097717e-05,0.141456466379149,6.50973154068795e-05,80
"Vitvi04g00034",0.268978963891881,0.112669007030667,1,0.116476688036567,47
"Vitvi04g00041",-0.430497602000505,0.00877034378520732,1,0.0102336722762628,34
"Vitvi04g00070",-0.862391970270235,1.38480359557113e-11,5.88818488836846e-08,3.13201323849386e-10,664
"Vitvi04g00078",-0.480722322233897,0.00300044009732611,1,0.00392864061778971,5
"Vitvi04g00095",-0.725588629880729,5.53108756705168e-07,0.00235181843351037,1.6411852292466e-06,15
"Vitvi04g00103",-0.689897685138033,3.24336512260011e-06,0.0137907885012957,8.00393993110609e-06,495
"Vitvi04g00104",0.755000289200013,1.03489871713982e-07,0.000440038934527854,4.63005745138275e-07,44
"Vitvi04g00116",-0.343452351803737,0.0402822983143647,1,0.043165406359042,3
"Vitvi04g00118",0.805467161824335,3.13002579938549e-09,1.33088696989871e-05,2.06653055601957e-08,3
"Vitvi04g00133",-0.471586495135116,0.003690811552788,1,0.00459541163175829,75
"Vitvi04g00145",0.798833169776038,5.23902560474792e-09,2.22763368713882e-05,3.23837063535441e-08,51
"Vitvi04g00155",0.713238185116801,1.05085825073372e-06,0.00446824928211977,2.88847560159252e-06,44
"Vitvi04g00156",0.504335557297276,0.00171027946825787,1,0.00241839318225224,20
"Vitvi04g00160",-0.743071818302731,2.0980841983956e-07,0.000892105401157811,6.98048044724422e-07,36
"Vitvi04g00164",-0.811197641171135,1.97404473660502e-09,8.39363822004454e-06,1.4079574274625e-08,730
"Vitvi04g00168",-0.678679836599203,5.37727468533649e-06,0.0228641719620508,1.26601173654766e-05,355
"Vitvi04g00171",-0.673070912329788,6.86813950157651e-06,0.0292033291607033,1.58112231514366e-05,88
"Vitvi04g00178",-0.824392187992147,6.42105911361328e-10,2.73023433510837e-06,6.32561203259186e-09,274
"Vitvi04g00182",-0.875491595135099,2.808569499545e-12,1.19420375120653e-08,1.55091396260589e-10,431
"Vitvi04g00217",-0.716412599866176,8.93892664680424e-07,0.00380083161022116,2.50714486162346e-06,285
"Vitvi04g00224",-0.750289519408583,1.37448227308175e-07,0.000584429862514362,4.85406862553457e-07,197
"Vitvi04g00226",0.772337873929404,3.44038289581409e-08,0.000146285080730015,1.73941832021421e-07,18
"Vitvi04g00261",0.36280178007437,0.0296534634974875,1,0.0322719546432857,28
"Vitvi04g00289",-0.875491595135099,2.808569499545e-12,1.19420375120653e-08,1.55091396260589e-10,156
"Vitvi04g00300",-0.824392187992147,6.42105911361328e-10,2.73023433510837e-06,6.32561203259186e-09,333
"Vitvi04g00307",-0.824356049428621,6.44165101155286e-10,2.73899001011227e-06,6.32561203259186e-09,396
"Vitvi04g00314",-0.504335557297276,0.00171027946825786,1,0.00241839318225224,354
"Vitvi04g00318",-0.820912582981568,8.7109943762826e-10,3.70391480879536e-06,8.30474172375642e-09,399
"Vitvi04g00342",-0.527981513657892,0.000934466565928765,1,0.00136166958133281,12
"Vitvi04g00347",0.728620635782456,4.7000467466899e-07,0.00199845987669254,1.42747134049469e-06,65
"Vitvi04g00350",0.72376316487724,6.09448974764464e-07,0.0025913770406985,1.79707145679508e-06,57
"Vitvi04g00357",-0.808995377700137,2.36091949141347e-09,1.00386296774901e-05,1.62437373422169e-08,148
"Vitvi04g00359",0.694712517970911,2.59273082141354e-06,0.0110242914526504,6.56598657096511e-06,133
"Vitvi04g00367",-0.716412599866176,8.93892664680424e-07,0.00380083161022116,2.50714486162346e-06,196
"Vitvi04g00390",-0.645746403000758,2.10820008752169e-05,0.0896406677214222,4.30964748660689e-05,128
"Vitvi04g00442",0.745986927832182,1.77160876753433e-07,0.000753288047955598,6.07490361254526e-07,41
"Vitvi04g00461",-0.478898349698169,0.00312849885508842,1,0.00392864061778971,15
"Vitvi04g00471",-0.333777637668421,0.0466511603903606,1,0.0496522488059608,492
"Vitvi04g00479",-0.706724457946277,1.45492503654476e-06,0.00618634125538832,3.90798563195725e-06,815
"Vitvi04g00493",0.509455846512001,0.00150595314155585,1,0.00213980495983856,3
"Vitvi04g00501",-0.700887740352874,1.93323218581868e-06,0.00822010325410102,5.0092036892755e-06,343
"Vitvi04g00507",-0.411175350750953,0.0127285678576514,1,0.0145021089310648,137
"Vitvi04g00509",-0.469223635562852,0.00389036020229628,1,0.00480587204537007,4
"Vitvi04g00510",0.166640014509004,0.331364916060828,1,0.334194407753947,43
"Vitvi04g00512",0.726054906433203,5.39506797819208e-07,0.00229398290432727,1.61775945298115e-06,11
"Vitvi04g00517",-0.706056919459312,1.50351544756323e-06,0.00639294768303884,4.01567065517515e-06,523
"Vitvi04g00531",-0.469223635562852,0.00389036020229628,1,0.00480587204537007,16
"Vitvi04g00538",0.757793138605192,8.72029469688381e-08,0.0003707869305115,3.98948251004029e-07,63
"Vitvi04g00567",0.57638349405403,0.000234110207241291,0.995436601189969,0.000379647826540801,7
"Vitvi04g00586",-0.382151208345003,0.0214447164072558,1,0.0237393736432314,5
"Vitvi04g00600",-0.768815186554474,4.33607583457646e-08,0.000184369944486191,2.12652761806449e-07,890
"Vitvi04g00602",-0.437672562033847,0.00759614356666715,1,0.00895944589333391,29
"Vitvi04g00625",0.556734056756734,0.000421261179223091,1,0.000651346376020575,3
"Vitvi04g00632",-0.478898349698169,0.00312849885508842,1,0.00392864061778971,22
"Vitvi04g00633",0.449874207292219,0.00590725996608226,1,0.00705354377303617,26
"Vitvi04g00641",-0.751595852101597,1.27126181928121e-07,0.00054054052555837,4.85406862553457e-07,25
"Vitvi04g00644",0.540137845136676,0.000673032685941843,1,0.00100306168265851,14
"Vitvi04g00646",0.854242196177249,3.4485174125585e-11,1.46630960381987e-07,5.55420304477225e-10,7
"Vitvi04g00735",-0.871125053513477,4.87284258467059e-12,2.07193266700193e-08,1.99224294904032e-10,843
"Vitvi04g00756",-0.449874207292219,0.00590725996608227,1,0.00705354377303617,10
"Vitvi04g00761",-0.266054638721205,0.116785634586865,1,0.120381216548691,9
"Vitvi04g00781",0.39182592248032,0.0181099832764267,1,0.0201791532734188,142
"Vitvi04g00817",0.811139465780844,1.98345837029641e-09,8.43366499050032e-06,1.4079574274625e-08,4
"Vitvi04g00831",-0.694486804994827,2.62033855613649e-06,0.0111416795406924,6.62800686537322e-06,294
"Vitvi04g00836",-0.685818467487549,3.90794358777023e-06,0.016616576135199,9.47893675710156e-06,668
"Vitvi04g00837",-0.478898349698169,0.00312849885508842,1,0.00392864061778971,125
"Vitvi04g00838",0.803875153790643,3.54813370040871e-09,1.50866644941378e-05,2.30682943335441e-08,13
"Vitvi04g00932",-0.871125053513477,4.87284258467059e-12,2.07193266700193e-08,1.99224294904032e-10,665
"Vitvi04g00991",-0.673070912329788,6.86813950157651e-06,0.0292033291607033,1.58112231514366e-05,203
"Vitvi04g01007",-0.550184244324302,0.000508303496349478,1,0.000769696035070506,534
"Vitvi04g01093",-0.788514482062159,1.1253109875189e-08,4.78482231893036e-05,6.34591819486785e-08,83
"Vitvi04g01105",0.609871602834049,7.8569440725387e-05,0.334077261964345,0.000140723362242774,8
"Vitvi04g01136",-0.559646882600657,0.000387017462770897,1,0.000601901335662719,53
"Vitvi04g01151",-0.547125067371108,0.00055418106922518,1,0.000837972228430108,3
"Vitvi04g01155",-0.589483118918895,0.000154932061894313,0.658771127174619,0.000259767794627216,584
"Vitvi04g01156",-0.411175350750953,0.0127285678576514,1,0.0145021089310648,103
"Vitvi04g01163",-0.778309556517049,2.30216542281962e-08,9.78880737782901e-05,1.21895444722517e-07,5
"Vitvi04g01165",-0.624221522900733,4.73386834040076e-05,0.20128408183384,8.85543694825518e-05,11
"Vitvi04g01172",-0.420850064886269,0.010590608809886,1,0.0122069039467702,97
"Vitvi04g01185",-0.440199493156902,0.00721598030084795,1,0.00852761207315328,4
"Vitvi04g01198",0.772337873929404,3.44038289581409e-08,0.000146285080730015,1.73941832021421e-07,41
"Vitvi04g01202",-0.512545317706349,0.00139333452431582,1,0.00199275425408371,3
"Vitvi04g01206",-0.631396482934074,3.63959573998368e-05,0.154755610864106,6.99618493960706e-05,78
"Vitvi04g01220",-0.478898349698169,0.00312849885508842,1,0.00392864061778971,11
"Vitvi04g01222",-0.495072242300581,0.00214236521236232,1,0.00299747840834635,22
"Vitvi04g01227",-0.819760771205674,9.62256253728296e-10,4.09151359085271e-06,8.93343578788802e-09,585
"Vitvi04g01233",-0.793092522342601,8.05869022727302e-09,3.42655508463649e-05,4.75910428421734e-08,21
"Vitvi04g01263",-0.159632783232723,0.352382996354793,1,0.354802865380199,53
"Vitvi04g01265",-0.420850064886269,0.010590608809886,1,0.0122069039467702,87
"Vitvi04g01274",-0.566821842633998,0.000313017471211837,1,0.000496252903651279,428
"Vitvi04g01278",-0.701115533676863,1.91214561505384e-06,0.00813044315520891,5.00334963397471e-06,315
"Vitvi04g01287",0.588346722734024,0.000160693769450826,0.683269907704912,0.000267738992047379,3
"Vitvi04g01300",-0.734769079293352,3.35592859601083e-07,0.00142694083902381,1.06329421685829e-06,613
"Vitvi04g01306",-0.569833681621598,0.000285923238424702,1,0.000455676765285544,5
"Vitvi04g01309",-0.628199518174469,4.09518004842468e-05,0.174127055659017,7.81539747123058e-05,18
"Vitvi04g01317",-0.783394258152665,1.61926462779259e-08,6.88511319737408e-05,8.82706820176164e-08,313
"Vitvi04g01325",-0.816811769737353,1.23759826433008e-09,5.26226781993152e-06,9.4305874909167e-09,22
"Vitvi04g01357",-0.69471251797091,2.59273082141354e-06,0.0110242914526504,6.56598657096511e-06,4
"Vitvi04g01375",-0.816811769737353,1.23759826433008e-09,5.26226781993152e-06,9.4305874909167e-09,18
"Vitvi04g01382",0.609871602834049,7.8569440725387e-05,0.334077261964345,0.000140723362242774,13
"Vitvi04g01389",-0.866758511891856,8.29025229610732e-12,3.52501527630483e-08,2.0768926511977e-10,686
"Vitvi04g01392",-0.401500636615636,0.0152203400780548,1,0.017125399844374,20
"Vitvi04g01407",-0.449874207292219,0.00590725996608227,1,0.00705354377303617,24
"Vitvi04g01408",-0.608259404623419,8.30443940442623e-05,0.353104763476203,0.000147188313245604,6
"Vitvi04g01412",0.706724457946277,1.45492503654475e-06,0.00618634125538827,3.90798563195725e-06,28
"Vitvi04g01424",-0.814115601609632,1.55170655744904e-09,6.59785628227331e-06,1.13952612819919e-08,384
"Vitvi04g01425",-0.596032931351327,0.000125192354329375,0.532317890608501,0.000213353863971343,299
"Vitvi04g01426",-0.517435182162141,0.00123020463625639,1,0.00177076171745504,228
"Vitvi04g01430",-0.478898349698169,0.00312849885508842,1,0.00392864061778971,408
"Vitvi04g01453",-0.515631068893965,0.00128831771912162,1,0.00184379903793508,77
"Vitvi04g01454",0.637291797148107,2.91799556594364e-05,0.124073171463923,5.76280406242097e-05,56
"Vitvi04g01466",0.834272315260609,2.60120198907056e-10,1.1060310857528e-06,3.2434929200962e-09,15
"Vitvi04g01468",0.478898349698169,0.00312849885508842,1,0.00392864061778971,5
"Vitvi04g01470",0.696350451691257,2.40022825820142e-06,0.0102057705538725,6.16290492383602e-06,24
"Vitvi04g01475",-0.824392187992147,6.42105911361328e-10,2.73023433510837e-06,6.32561203259186e-09,279
"Vitvi04g01481",-0.871125053513477,4.87284258467059e-12,2.07193266700193e-08,1.99224294904032e-10,679
"Vitvi04g01486",0.440199493156902,0.00721598030084792,1,0.00852761207315328,45
"Vitvi04g01500",0.57399680266734,0.000251925466762095,1,0.000406214290736604,90
"Vitvi04g01503",0.638571442967416,2.77964224488528e-05,0.118190388252522,5.50234582181201e-05,53
"Vitvi04g01540",0.440199493156902,0.00721598030084792,1,0.00852761207315328,28
"Vitvi04g01550",0.848532711723541,6.32765949527503e-11,2.69052081739094e-07,8.96840272463648e-10,233
"Vitvi04g01555",0.811139465780844,1.98345837029641e-09,8.43366499050032e-06,1.4079574274625e-08,4
"Vitvi04g01579",0.266054638721205,0.116785634586865,1,0.120381216548691,17
"Vitvi04g01585",-0.816811769737353,1.23759826433008e-09,5.26226781993152e-06,9.4305874909167e-09,18
"Vitvi04g01596",-0.584793747998398,0.000179969890335332,0.765231973705833,0.000299386531183816,28
"Vitvi04g01624",0.415060395936703,0.0118298867796697,1,0.0135874334379135,53
"Vitvi04g01625",-0.371718708400315,0.0255972715145418,1,0.0281311962987418,3
"Vitvi04g01635",0.604186421320356,9.53910376955488e-05,0.405602692281473,0.000168230067308782,65
"Vitvi04g01636",-0.703365690607165,1.71488287988333e-06,0.00729168200526393,4.54310405312394e-06,27
"Vitvi04g01643",-0.837502683026992,1.9110952808019e-10,8.12597713396967e-07,2.46241731332414e-09,226
"Vitvi04g01654",0.266054638721205,0.116785634586865,1,0.120381216548691,12
"Vitvi04g01657",-0.523984994594573,0.00103817108302138,1,0.00150197463253043,191
"Vitvi04g01666",-0.460054067456292,0.00475597470295148,1,0.00583954618349504,26
"Vitvi04g01674",0.107624400500126,0.532118225928425,1,0.534380419614469,3
"Vitvi04g01685",-0.720541744033398,7.21904968115273e-07,0.00306953992442614,2.09668027624736e-06,55
"Vitvi04g01695",-0.478898349698169,0.00312849885508842,1,0.00392864061778971,30
"Vitvi04g01696",-0.872234742777271,4.24422412667005e-12,1.80464409866011e-08,1.99224294904032e-10,40
"Vitvi04g01700",0.372476494209687,0.0252748166470031,1,0.0277840021672848,60
"Vitvi04g01702",0.401500636615636,0.0152203400780549,1,0.017125399844374,14
"Vitvi04g01714",0.634504099746765,3.24125254235678e-05,0.13781805810101,6.37161618589969e-05,15
"Vitvi04g01715",0.478898349698169,0.00312849885508842,1,0.00392864061778971,5
"Vitvi04g01720",-0.609132556216191,8.05930710257105e-05,0.342681738001321,0.000143082145303266,6
"Vitvi04g01728",-0.411175350750953,0.0127285678576514,1,0.0145021089310648,7
"Vitvi04g01733",-0.353127065939054,0.0346365270501543,1,0.0373414079658357,633
"Vitvi04g01743",0.275729352856521,0.103584434864025,1,0.107241542985593,20
"Vitvi04g01781",-0.779670458945759,2.09714181313326e-08,8.91704698944263e-05,1.12446998605834e-07,599
"Vitvi04g01808",-0.690917489550654,3.09424313313362e-06,0.0131567218020842,7.71655237658895e-06,421
"Vitvi04g01836",0.478898349698169,0.00312849885508842,1,0.00392864061778971,188
"Vitvi04g01887",-0.821699636322878,8.1349703423858e-10,3.45898938958244e-06,7.84351335506222e-09,41
"Vitvi04g01906",0.62678507176931,4.31273835887367e-05,0.183377635019308,8.19748033166332e-05,26
"Vitvi04g01909",0.602696642800707,0.000100304716366617,0.426495653990854,0.000173966758223883,3
"Vitvi04g01920",0.725588629880729,5.53108756705168e-07,0.00235181843351037,1.6411852292466e-06,11
"Vitvi04g01934",-0.582933306486462,0.000190869311580325,0.811576312839542,0.000314686433826889,105
"Vitvi04g01941",-0.453229351892445,0.00550385315191868,1,0.00666165203585489,27
"Vitvi04g01980",-0.627908685189163,4.1390845958713e-05,0.175993877016448,7.89564275533637e-05,12
"Vitvi04g02010",-0.469223635562852,0.00389036020229628,1,0.00480587204537007,8
"Vitvi04g02062",-0.609132556216191,8.05930710257105e-05,0.342681738001321,0.000143082145303266,10
"Vitvi04g02063",0.36280178007437,0.0296534634974875,1,0.0322719546432857,49
"Vitvi04g02065",-0.411175350750953,0.0127285678576514,1,0.0145021089310648,7
"Vitvi04g02070",-0.411175350750953,0.0127285678576514,1,0.0145021089310648,10
"Vitvi04g02071",-0.602582743783759,0.000100689603007756,0.428132191988977,0.000173966758223883,66
"Vitvi04g02150",-0.550184244324302,0.000508303496349478,1,0.000769696035070506,36
"Vitvi04g02166",-0.478898349698169,0.00312849885508842,1,0.00392864061778971,181
"Vitvi04g02184",-0.799794857867825,4.8678475750908e-09,2.06980878892861e-05,3.07093292125909e-08,21
"Vitvi04g02190",0.478898349698169,0.00312849885508842,1,0.00392864061778971,68
"Vitvi04g02201",-0.478898349698169,0.00312849885508842,1,0.00392864061778971,25
"Vitvi04g02226",-0.849615820148755,5.65028758963933e-11,2.40250228311464e-07,8.42983257233208e-10,11
"Vitvi04g02232",-0.754920936195056,1.03991177471085e-07,0.000442170486607053,4.63005745138275e-07,165
"Vitvi04g02242",-0.617046562867391,6.11763032283906e-05,0.260121641327117,0.000112169746152271,3
"Vitvi04g02243",-0.609871602834049,7.8569440725387e-05,0.334077261964345,0.000140723362242774,4
"Vitvi04g02247",-0.582933306486462,0.000190869311580325,0.811576312839542,0.000314686433826889,85
"Vitvi04g02248",0.711711123419741,1.13504231359939e-06,0.00482619991742462,3.10366554175216e-06,43
"Vitvi04g04001",-0.756614516614135,9.37637791162505e-08,0.000398683588802297,4.2144142579524e-07,7
"Vitvi04g04006",0.750289519408583,1.37448227308174e-07,0.000584429862514355,4.85406862553457e-07,13
"Vitvi04g04007",-0.854242196177249,3.44851741255845e-11,1.46630960381985e-07,5.55420304477225e-10,9
"Vitvi04g04009",0.75441642621575,1.07231136608592e-07,0.000455946792859733,4.734649977775e-07,26
"Vitvi04g04010",0.724071956759764,5.99562518249329e-07,0.00254933982759615,1.77262172150003e-06,19
"Vitvi04g04011",0.760414990798418,7.40989248807559e-08,0.000315068628592974,3.47757868204166e-07,19
"Vitvi04g04012",0.750289519408583,1.37448227308174e-07,0.000584429862514355,4.85406862553457e-07,24
"Vitvi04g04013",0.671555434038547,7.33107392967993e-06,0.0311717263489991,1.68223024009709e-05,42
"Vitvi04g04014",-0.782777945998297,1.69065981695937e-08,7.18868554171123e-05,9.15756119963214e-08,4
"Vitvi04g04015",0.478898349698169,0.00312849885508842,1,0.00392864061778971,25
"Vitvi04g04018",0.775428991778178,2.7986926689711e-08,0.000119000412284651,1.44945690967906e-07,19
"Vitvi04g04019",0.478898349698169,0.00312849885508842,1,0.00392864061778971,22
"Vitvi04g04028",0.478898349698169,0.00312849885508842,1,0.00392864061778971,4
"Vitvi04g04029",0.816811769737353,1.23759826433005e-09,5.26226781993139e-06,9.4305874909167e-09,3
"Vitvi04g04030",0.816811769737353,1.23759826433005e-09,5.26226781993139e-06,9.4305874909167e-09,3
"Vitvi04g04045",-0.565032847949674,0.000330175842845806,1,0.000521704824890517,3
"Vitvi04g04075",0.686110003872268,3.85660767515649e-06,0.0163982958347654,9.37231202288977e-06,66
"Vitvi04g04080",-0.733478106687673,3.60460383151355e-07,0.00153267754915956,1.13953721127106e-06,68
"Vitvi04g04083",-0.714048223066807,1.0085659126474e-06,0.00428842226057674,2.80289036639003e-06,12
"Vitvi04g04087",0.447703622692365,0.00618157821670591,1,0.00737694936217612,7
"Vitvi04g04105",-0.360239683783769,0.0309119088877194,1,0.0336157126830135,18
"Vitvi04g04175",-0.324199175053092,0.0537299532675185,1,0.0569103759724531,23
"Vitvi04g04180",-0.645746403000758,2.10820008752169e-05,0.0896406677214222,4.30964748660689e-05,14
"Vitvi04g04191",0.750289519408583,1.37448227308174e-07,0.000584429862514355,4.85406862553457e-07,18
"Vitvi04g04209",-0.495072242300581,0.00214236521236232,1,0.00299747840834635,138
"Vitvi04g04232",0.750289519408583,1.37448227308174e-07,0.000584429862514355,4.85406862553457e-07,23
"Vitvi04g04237",-0.750289519408583,1.37448227308175e-07,0.000584429862514362,4.85406862553457e-07,227
"Vitvi04g04296",0.816811769737353,1.23759826433005e-09,5.26226781993139e-06,9.4305874909167e-09,15
"Vitvi04g04312",-0.743828891579298,2.00835219274744e-07,0.000853951352356212,6.73994753240894e-07,20
"Vitvi04g04332",-0.816811769737353,1.23759826433008e-09,5.26226781993152e-06,9.4305874909167e-09,5
"Vitvi04g04340",0.816811769737353,1.23759826433005e-09,5.26226781993139e-06,9.4305874909167e-09,28
"Vitvi04g04354",-0.85408075949506,3.50944447824479e-11,1.49221579214968e-07,5.61788076274978e-10,3
"Vitvi04g04401",0.465036682702683,0.00426699202659306,1,0.00524674670245048,3
"Vitvi04g04434",-0.79907040585515,5.14509915777981e-09,2.18769616188797e-05,3.23145666453172e-08,144
"Vitvi04g04438",-0.699475810351158,2.06875644256892e-06,0.00879635239380305,5.34407800352554e-06,42
"Vitvi04g04443",-0.444847522067189,0.00655916257134087,1,0.00781658050822348,13
"Vitvi04g04448",0.750289519408583,1.37448227308174e-07,0.000584429862514355,4.85406862553457e-07,12
"Vitvi04g04452",0.523984994594573,0.00103817108302138,1,0.00150197463253043,53
"Vitvi05g00006",-0.750289519408583,1.37448227308175e-07,0.000584429862514362,4.85406862553457e-07,813
"Vitvi05g00009",-0.690917489550654,3.09424313313362e-06,0.0131567218020842,7.71655237658895e-06,189
"Vitvi05g00012",-0.740378003562767,2.44817524107697e-07,0.00104096411250593,8.06323867161835e-07,4
"Vitvi05g00028",0.928348651625065,3.55100336994631e-16,1.50988663290117e-12,7.54943316450585e-13,18
"Vitvi05g00032",-0.39182592248032,0.0181099832764267,1,0.0201791532734188,49
"Vitvi05g00038",0.624221522900733,4.73386834040072e-05,0.201284081833839,8.85543694825518e-05,8
"Vitvi05g00040",0.440199493156902,0.00721598030084792,1,0.00852761207315328,4
"Vitvi05g00041",-0.678560567999972,5.40562444818723e-06,0.0229847151536921,1.27198202289386e-05,38
"Vitvi05g00055",0.609132556216191,8.05930710257105e-05,0.342681738001321,0.000143082145303266,32
"Vitvi05g00062",-0.402933260423128,0.0148273636059984,1,0.0168346996135395,12
"Vitvi05g00065",-0.57638349405403,0.000234110207241294,0.995436601189981,0.000379647826540801,3
"Vitvi05g00067",-0.793634705971654,7.74198268554397e-09,3.2918910378933e-05,4.58480645946141e-08,491
"Vitvi05g00077",-0.866758511891856,8.29025229610732e-12,3.52501527630483e-08,2.0768926511977e-10,572
"Vitvi05g00083",-0.353127065939054,0.0346365270501543,1,0.0373414079658357,259
"Vitvi05g00089",-0.0586646126286547,0.73396322289731,1,0.735520062163413,11
"Vitvi05g00094",-0.604186421320356,9.53910376955482e-05,0.405602692281471,0.000168230067308782,79
"Vitvi05g00108",-0.747552690786203,1.61624513603228e-07,0.000687227431840924,5.63763274684926e-07,40
"Vitvi05g00109",-0.478898349698169,0.00312849885508842,1,0.00392864061778971,168
"Vitvi05g00114",-0.750289519408583,1.37448227308175e-07,0.000584429862514362,4.85406862553457e-07,330
"Vitvi05g00153",-0.695506609407448,2.49770503451919e-06,0.0106202418067756,6.35942623160216e-06,574
"Vitvi05g00163",0.703975351543856,1.664746314066e-06,0.00707850132740865,4.42406332963041e-06,10
"Vitvi05g00198",0.750289519408583,1.37448227308174e-07,0.000584429862514355,4.85406862553457e-07,25
"Vitvi05g00205",0.703975351543856,1.664746314066e-06,0.00707850132740865,4.42406332963041e-06,6
"Vitvi05g00208",0.39182592248032,0.0181099832764267,1,0.0201791532734188,6
"Vitvi05g00209",-0.430524779021586,0.00876561976487687,1,0.0102336722762628,3
"Vitvi05g00212",-0.689897685138033,3.24336512260011e-06,0.0137907885012957,8.00393993110609e-06,531
"Vitvi05g00214",-0.478898349698169,0.00312849885508842,1,0.00392864061778971,228
"Vitvi05g00237",-0.473547362200556,0.00353201719882765,1,0.00441190867491635,15
"Vitvi05g00247",-0.36280178007437,0.0296534634974876,1,0.0322719546432857,119
"Vitvi05g00266",-0.824356049428621,6.44165101155286e-10,2.73899001011227e-06,6.32561203259186e-09,461
"Vitvi05g00271",0.478898349698169,0.00312849885508842,1,0.00392864061778971,50
"Vitvi05g00272",-0.701115533676863,1.91214561505384e-06,0.00813044315520891,5.00334963397471e-06,601
"Vitvi05g00276",-0.82902360477862,4.23397938922474e-10,1.80028803629836e-06,4.58088558854544e-09,501
"Vitvi05g00284",0.469223635562852,0.00389036020229627,1,0.00480587204537007,123
"Vitvi05g00321",-0.701115533676863,1.91214561505384e-06,0.00813044315520891,5.00334963397471e-06,776
"Vitvi05g00341",-0.643496584363782,2.30088601590391e-05,0.0978336733962342,4.6698650785792e-05,106
"Vitvi05g00350",-0.720382602476694,7.27925607343032e-07,0.00309513968242257,2.10124893579265e-06,164
"Vitvi05g00351",-0.478898349698169,0.00312849885508842,1,0.00392864061778971,22
"Vitvi05g00360",-0.720382602476694,7.27925607343032e-07,0.00309513968242257,2.10124893579265e-06,14
"Vitvi05g00362",-0.401500636615636,0.0152203400780548,1,0.017125399844374,5
"Vitvi05g00372",-0.353127065939054,0.0346365270501543,1,0.0373414079658357,376
"Vitvi05g00385",-0.517435182162141,0.00123020463625639,1,0.00177076171745504,77
"Vitvi05g00387",0.36280178007437,0.0296534634974875,1,0.0322719546432857,125
"Vitvi05g00402",-0.589483118918895,0.000154932061894313,0.658771127174619,0.000259767794627216,106
"Vitvi05g00423",-0.786652582458707,1.28599367880675e-08,5.4680451222863e-05,7.18534181640775e-08,862
"Vitvi05g00426",-0.704333281256375,1.6359408362812e-06,0.00695602043586766,4.35295396487338e-06,82
"Vitvi05g00437",-0.556734056756734,0.000421261179223091,1,0.000651346376020575,129
"Vitvi05g00440",-0.478898349698169,0.00312849885508842,1,0.00392864061778971,12
"Vitvi05g00448",-0.631396482934074,3.63959573998368e-05,0.154755610864106,6.99618493960706e-05,26
"Vitvi05g00472",-0.645746403000758,2.10820008752169e-05,0.0896406677214222,4.30964748660689e-05,282
"Vitvi05g00474",-0.401500636615636,0.0152203400780548,1,0.017125399844374,23
"Vitvi05g00476",-0.423322641967163,0.0100959760440297,1,0.0117546796657214,31
"Vitvi05g00478",-0.20760180578496,0.224388553560701,1,0.227600221789146,9
"Vitvi05g00482",-0.499095707351331,0.00194418368723033,1,0.00273549604172845,19
"Vitvi05g00503",0.275729352856521,0.103584434864025,1,0.107241542985593,32
"Vitvi05g00520",-0.645746403000758,2.10820008752169e-05,0.0896406677214222,4.30964748660689e-05,5
"Vitvi05g00527",-0.491235932432412,0.00234756968614635,1,0.00327489052017528,38
"Vitvi05g00528",0.478898349698169,0.00312849885508842,1,0.00392864061778971,20
"Vitvi05g00529",0.478898349698169,0.00312849885508842,1,0.00392864061778971,35
"Vitvi05g00530",0.401500636615636,0.0152203400780549,1,0.017125399844374,64
"Vitvi05g00540",0.620609849387347,5.39036718218734e-05,0.229198412586606,9.94784776851588e-05,188
"Vitvi05g00541",-0.523984994594573,0.00103817108302138,1,0.00150197463253043,228
"Vitvi05g00542",-0.845577149053068,8.5804287725848e-11,3.64839831410306e-07,1.19619616855842e-09,901
"Vitvi05g00544",0.833655021565093,2.75698823891268e-10,1.17227139918567e-06,3.35894383720823e-09,62
"Vitvi05g00549",-0.638571442967416,2.77964224488528e-05,0.118190388252522,5.50234582181201e-05,23
"Vitvi05g00553",0.6636595629116,1.0237182743879e-05,0.0435285010269736,2.29338783071517e-05,4
"Vitvi05g00562",-0.478898349698169,0.00312849885508842,1,0.00392864061778971,386
"Vitvi05g00569",-0.266054638721205,0.116785634586865,1,0.120381216548691,8
"Vitvi05g00582",0.374352961975914,0.0244907607625907,1,0.0270690706427178,3
"Vitvi05g00600",-0.314390996756744,0.0618402634025402,1,0.0650692402839894,8
"Vitvi05g00604",-0.794122553911316,7.46691027916994e-09,3.17493025070306e-05,4.47803984584352e-08,124
"Vitvi05g00605",-0.708254164565209,1.34895834447137e-06,0.00573577088069228,3.65103175091807e-06,5
"Vitvi05g00616",-0.712333382215692,1.10001840416097e-06,0.00467727825449246,3.00983156659746e-06,794
"Vitvi05g00617",-0.449874207292219,0.00590725996608227,1,0.00705354377303617,15
"Vitvi05g00624",0.314428209397787,0.0618077618339936,1,0.0650511394351834,67
"Vitvi05g00630",-0.740887905769077,2.37803983900132e-07,0.00101114253954336,7.85048555546089e-07,30
"Vitvi05g00637",-0.604534333567383,9.42752400083786e-05,0.400858320515626,0.000166469402207486,6
"Vitvi05g00648",0.237030496315255,0.163946637501507,1,0.167572380446252,4
"Vitvi05g00652",-0.805869055826827,3.03195837581397e-09,1.2891887013961e-05,2.0499966222117e-08,532
"Vitvi05g00655",-0.459548921427535,0.00480814938579871,1,0.00583954618349504,3
"Vitvi05g00675",0.697693386650656,2.25225754908551e-06,0.00957659909871157,5.79346587943834e-06,10
"Vitvi05g00676",0.678169934392892,5.49943492449163e-06,0.0233835972989384,1.2933405585696e-05,75
"Vitvi05g00681",0.714372991040934,9.92052830244027e-07,0.0042182086341976,2.7588022460416e-06,5
"Vitvi05g00688",-0.602084182241456,0.000102390038824264,0.435362445080771,0.000176617624779217,34
"Vitvi05g00694",0.804340628691506,3.4208205699873e-09,1.4545329063586e-05,2.23774293285944e-08,10
"Vitvi05g00706",0.420850064886269,0.010590608809886,1,0.0122069039467702,79
"Vitvi05g00712",0.545296962533973,0.000583320667650517,1,0.000874878123051146,105
"Vitvi05g00713",-0.449874207292219,0.00590725996608227,1,0.00705354377303617,361
"Vitvi05g00726",0.636400035359054,3.01807164537393e-05,0.128328406361299,5.9521524286317e-05,4
"Vitvi05g00761",0.589483118918895,0.000154932061894313,0.658771127174619,0.000259767794627216,155
"Vitvi05g00780",0.805428356395692,3.13964896328463e-09,1.33497873918863e-05,2.06653055601957e-08,6
"Vitvi05g00787",0.888179745486144,4.99939313992799e-13,2.12574196309738e-09,8.26507191225227e-11,4
"Vitvi05g00802",0.656244139521543,1.38851025998337e-05,0.0590394562544929,3.04484044633799e-05,18
"Vitvi05g00826",-0.628199518174469,4.09518004842468e-05,0.174127055659017,7.81539747123058e-05,257
"Vitvi05g00828",-0.625241266173819,4.56208685379645e-05,0.193979933023425,8.65981843854577e-05,181
"Vitvi05g00839",0.759552352981529,7.81948005924383e-08,0.000332484292119048,3.59442477966538e-07,17
"Vitvi05g00886",-0.760088730172259,7.5624164511901e-08,0.000321553947504603,3.52194904167144e-07,7
"Vitvi05g00888",-0.692096847026998,2.92962574632491e-06,0.0124567686733735,7.39248363903679e-06,406
"Vitvi05g00913",0.854242196177249,3.4485174125585e-11,1.46630960381987e-07,5.55420304477225e-10,4
"Vitvi05g00923",0.411175350750953,0.0127285678576514,1,0.0145021089310648,4
"Vitvi05g00948",-0.824392187992147,6.42105911361328e-10,2.73023433510837e-06,6.32561203259186e-09,261
"Vitvi05g00953",-0.814115601609632,1.55170655744904e-09,6.59785628227331e-06,1.13952612819919e-08,440
"Vitvi05g00961",-0.875491595135099,2.808569499545e-12,1.19420375120653e-08,1.55091396260589e-10,529
"Vitvi05g00966",0.545296962533973,0.000583320667650517,1,0.000874878123051146,140
"Vitvi05g01044",-0.534789945679877,0.000778748352653707,1,0.00114734511278017,23
"Vitvi05g01069",0.478898349698169,0.00312849885508842,1,0.00392864061778971,4
"Vitvi05g01072",0.57638349405403,0.000234110207241291,0.995436601189969,0.000379647826540801,23
"Vitvi05g01088",-0.454571453827896,0.00534926177615142,1,0.00648007437954298,4
"Vitvi05g01094",-0.237030496315255,0.163946637501507,1,0.167572380446252,27
"Vitvi05g01103",-0.750289519408583,1.37448227308175e-07,0.000584429862514362,4.85406862553457e-07,664
"Vitvi05g01104",0.237030496315255,0.163946637501507,1,0.167572380446252,51
"Vitvi05g01108",-0.82902360477862,4.23397938922474e-10,1.80028803629836e-06,4.58088558854544e-09,564
"Vitvi05g01118",0.36280178007437,0.0296534634974875,1,0.0322719546432857,149
"Vitvi05g01153",0.571208070331638,0.00027427150802485,1,0.000439578760694182,3
"Vitvi05g01159",-0.816811769737353,1.23759826433008e-09,5.26226781993152e-06,9.4305874909167e-09,31
"Vitvi05g01231",0.693392144826398,2.75808653414959e-06,0.0117273839432041,6.97228534078719e-06,6
"Vitvi05g01256",0.645746403000758,2.10820008752171e-05,0.0896406677214233,4.30964748660689e-05,4
"Vitvi05g01265",-0.266054638721205,0.116785634586865,1,0.120381216548691,149
"Vitvi05g01266",0.665422379235131,9.50988786057398e-06,0.0404360431831606,2.14742661620608e-05,51
"Vitvi05g01276",-0.716412599866176,8.93892664680424e-07,0.00380083161022116,2.50714486162346e-06,281
"Vitvi05g01285",-0.819760771205674,9.62256253728296e-10,4.09151359085271e-06,8.93343578788802e-09,241
"Vitvi05g01291",0.772885796541321,3.31754606284914e-08,0.000141062058592345,1.68331812162703e-07,9
"Vitvi05g01304",0.748050519403322,1.56954374737323e-07,0.000667370001383096,5.48373049616349e-07,103
"Vitvi05g01308",-0.656244139521543,1.38851025998339e-05,0.0590394562544936,3.04484044633799e-05,546
"Vitvi05g01314",-0.615682368648623,6.41873880190989e-05,0.272924773857208,0.000117084845069587,73
"Vitvi05g01330",-0.523984994594573,0.00103817108302138,1,0.00150197463253043,459
"Vitvi05g01337",0.796837019063017,6.09467731187234e-09,2.59145679300812e-05,3.7340875979944e-08,7
"Vitvi05g01348",-0.55885762556771,0.000396041802305422,1,0.00061526114117744,8
"Vitvi05g01350",0.736395269049165,3.06516025902312e-07,0.00130330614213663,9.80666773616729e-07,100
"Vitvi05g01366",-0.87985813675672,1.58515090510686e-12,6.74006164851438e-09,1.10492813910072e-10,998
"Vitvi05g01375",-0.53094704246729,0.000863545476365859,1,0.00126569988469756,256
"Vitvi05g01389",-0.478898349698169,0.00312849885508842,1,0.00392864061778971,3
"Vitvi05g01399",0.811139465780844,1.98345837029641e-09,8.43366499050032e-06,1.4079574274625e-08,6
"Vitvi05g01400",0.788514482062159,1.1253109875189e-08,4.78482231893036e-05,6.34591819486785e-08,12
"Vitvi05g01435",-0.794100180872517,7.47932451318884e-09,3.18020878300789e-05,4.47916730001112e-08,22
"Vitvi05g01453",-0.248892872432422,0.143247878470305,1,0.147123183395106,4
"Vitvi05g01464",0.805428356395692,3.13964896328463e-09,1.33497873918863e-05,2.06653055601957e-08,3
"Vitvi05g01465",0.208006353909306,0.223466571725695,1,0.226773236987507,19
"Vitvi05g01492",0.750289519408583,1.37448227308174e-07,0.000584429862514355,4.85406862553457e-07,57
"Vitvi05g01494",-0.82902360477862,4.23397938922474e-10,1.80028803629836e-06,4.58088558854544e-09,290
"Vitvi05g01500",-0.495072242300581,0.00214236521236232,1,0.00299747840834635,9
"Vitvi05g01501",0.256379924585888,0.131210130347675,1,0.134890104989921,72
"Vitvi05g01579",-0.65798725895509,1.29347424789739e-05,0.054998525020597,2.86003770257915e-05,18
"Vitvi05g01629",0.36280178007437,0.0296534634974875,1,0.0322719546432857,38
"Vitvi05g01633",-0.788514482062159,1.1253109875189e-08,4.78482231893036e-05,6.34591819486785e-08,267
"Vitvi05g01641",0.449874207292219,0.00590725996608226,1,0.00705354377303617,7
"Vitvi05g01647",0.459548921427535,0.00480814938579871,1,0.00583954618349504,12
"Vitvi05g01650",-0.750289519408583,1.37448227308175e-07,0.000584429862514362,4.85406862553457e-07,18
"Vitvi05g01656",-0.645746403000758,2.10820008752169e-05,0.0896406677214222,4.30964748660689e-05,69
"Vitvi05g01663",-0.620485564432407,5.41435603574726e-05,0.230218418639973,9.97480150086546e-05,4
"Vitvi05g01672",-0.750289519408583,1.37448227308175e-07,0.000584429862514362,4.85406862553457e-07,12
"Vitvi05g01674",0.816811769737353,1.23759826433005e-09,5.26226781993139e-06,9.4305874909167e-09,11
"Vitvi05g01675",-0.657661183679129,1.31078878160574e-05,0.0557347389938761,2.88781031056353e-05,46
"Vitvi05g01742",-0.750289519408583,1.37448227308175e-07,0.000584429862514362,4.85406862553457e-07,14
"Vitvi05g01754",0.699343934757383,2.08184878043733e-06,0.00885202101441952,5.37137197476913e-06,11
"Vitvi05g01763",-0.798754929881148,5.27034919958902e-09,2.24095247966525e-05,3.23837063535441e-08,703
"Vitvi05g01769",-0.895936773831001,1.56628417917055e-13,6.65984032983319e-10,4.7570288070238e-11,14
"Vitvi05g01815",-0.866359712001401,8.69442361037601e-12,3.69686891913188e-08,2.0768926511977e-10,3
"Vitvi05g01858",0.685818467487549,3.90794358777023e-06,0.016616576135199,9.47893675710156e-06,124
"Vitvi05g01860",-0.614434627005383,6.70579321707088e-05,0.285130327589854,0.000121831581792544,5
"Vitvi05g01874",0.473699149662404,0.003519976457382,1,0.00440204114611419,5
"Vitvi05g01877",0.581171762700682,0.000201731083518181,0.857760567119306,0.000330543571144243,3
"Vitvi05g01879",-0.616981669635639,6.13165947286058e-05,0.260718160786032,0.000112330099433879,32
"Vitvi05g01886",-0.615682368648623,6.41873880190989e-05,0.272924773857208,0.000117084845069587,10
"Vitvi05g01900",-0.786187107557843,1.3293556961046e-08,5.65242041983678e-05,7.41787456671493e-08,165
"Vitvi05g01922",0.478898349698169,0.00312849885508842,1,0.00392864061778971,24
"Vitvi05g01928",0.478898349698169,0.00312849885508842,1,0.00392864061778971,4
"Vitvi05g01930",-0.588346722734024,0.000160693769450826,0.683269907704912,0.000267738992047379,47
"Vitvi05g01947",0.756614516614135,9.37637791162503e-08,0.000398683588802296,4.2144142579524e-07,4
"Vitvi05g01948",0.835484995697217,2.31871841692465e-10,9.85919070876361e-07,2.93428294903679e-09,10
"Vitvi05g01950",0.745766996662678,1.79450154533175e-07,0.000763022057075061,6.13326212111968e-07,13
"Vitvi05g01998",-0.478898349698169,0.00312849885508842,1,0.00392864061778971,3
"Vitvi05g02017",-0.656754041727854,1.36007319541484e-05,0.0578303122690389,2.99173886544435e-05,3
"Vitvi05g02019",-0.764775262118139,5.62609687126693e-08,0.00023922163896627,2.70306936685051e-07,6
"Vitvi05g02082",0.750289519408583,1.37448227308174e-07,0.000584429862514355,4.85406862553457e-07,3
"Vitvi05g02111",-0.667461988060373,8.72733258323926e-06,0.0371086181439333,1.97596475739794e-05,170
"Vitvi05g02116",0.748744122259241,1.50654856102604e-07,0.000640584448148274,5.27664290072713e-07,4
"Vitvi05g02120",0.550184244324302,0.000508303496349477,1,0.000769696035070506,54
"Vitvi05g02121",0.750289519408583,1.37448227308174e-07,0.000584429862514355,4.85406862553457e-07,6
"Vitvi05g02122",0.629872682960292,3.85068331027772e-05,0.163731054353008,7.38525278994174e-05,56
"Vitvi05g02138",-0.645746403000758,2.10820008752169e-05,0.0896406677214222,4.30964748660689e-05,591
"Vitvi05g02146",0.527524267955374,0.000945847995167676,1,0.00137731016282635,14
"Vitvi05g02170",0.811139465780844,1.98345837029641e-09,8.43366499050032e-06,1.4079574274625e-08,16
"Vitvi05g02195",-0.713238185116801,1.05085825073373e-06,0.00446824928211982,2.88847560159252e-06,3
"Vitvi05g02201",-0.888660953186472,4.66378786078871e-13,1.98304259840736e-09,8.26507191225227e-11,232
"Vitvi05g02219",-0.645746403000758,2.10820008752169e-05,0.0896406677214222,4.30964748660689e-05,7
"Vitvi05g02222",-0.500328328243286,0.00188677550806351,1,0.00265824037782837,5
"Vitvi05g02223",-0.438527755457499,0.00746560979133869,1,0.0088149396528471,5
"Vitvi05g02228",-0.650901101298994,1.72075570940159e-05,0.0731665327637556,3.73298636549773e-05,7
"Vitvi05g02232",-0.449247428287855,0.00598537515299523,1,0.00714481054198083,3
"Vitvi05g02234",0.750289519408583,1.37448227308174e-07,0.000584429862514355,4.85406862553457e-07,27
"Vitvi05g02269",0.266054638721205,0.116785634586865,1,0.120381216548691,7
"Vitvi05g02273",-0.750289519408583,1.37448227308175e-07,0.000584429862514362,4.85406862553457e-07,102
"Vitvi05g04001",-0.478898349698169,0.00312849885508842,1,0.00392864061778971,3
"Vitvi05g04015",0.569833681621598,0.000285923238424701,1,0.000455676765285544,7
"Vitvi05g04017",-0.449874207292219,0.00590725996608227,1,0.00705354377303617,98
"Vitvi05g04027",0.266054638721205,0.116785634586865,1,0.120381216548691,6
"Vitvi05g04030",-0.783859733053528,1.56720370092413e-08,6.66375013632941e-05,8.67675799001226e-08,533
"Vitvi05g04038",-0.497785744864844,0.00200686623174574,1,0.00281809617482924,3
"Vitvi05g04062",-0.866359712001401,8.69442361037601e-12,3.69686891913188e-08,2.0768926511977e-10,17
"Vitvi05g04117",0.478898349698169,0.00312849885508842,1,0.00392864061778971,5
"Vitvi05g04122",0.478898349698169,0.00312849885508842,1,0.00392864061778971,5
"Vitvi05g04136",0.28714784076131,0.0894976534621487,1,0.0932705937551609,3
"Vitvi05g04153",-0.45202248210053,0.00564613925901834,1,0.00682415694410063,4
"Vitvi05g04156",0.583054197390821,0.00019014349204162,0.80849012816097,0.000314686433826889,4
"Vitvi05g04171",-0.816811769737353,1.23759826433008e-09,5.26226781993152e-06,9.4305874909167e-09,7
"Vitvi05g04174",-0.752907990308538,1.1748204941656e-07,0.000499533674119214,4.85406862553457e-07,4
"Vitvi05g04232",-0.802093235004056,4.07723521045538e-09,1.73364041148563e-05,2.63071382623009e-08,4
"Vitvi05g04243",0.745986927832182,1.77160876753433e-07,0.000753288047955598,6.07490361254526e-07,51
"Vitvi05g04293",-0.816811769737353,1.23759826433008e-09,5.26226781993152e-06,9.4305874909167e-09,16
"Vitvi05g04296",0.558104406134905,0.000404828557791461,1,0.000628681894714862,6
"Vitvi05g04298",-0.810852116371421,2.03056993452799e-09,8.63398336161303e-06,1.4389972269355e-08,11
"Vitvi05g04311",0.516021032786171,0.00127555554156806,1,0.00182737943488793,4
"Vitvi05g04312",-0.816811769737353,1.23759826433008e-09,5.26226781993152e-06,9.4305874909167e-09,18
"Vitvi05g04382",0.670011628443056,7.8317607041287e-06,0.0333006465139552,1.79132041495187e-05,6
"Vitvi05g04385",-0.478898349698169,0.00312849885508842,1,0.00392864061778971,24
"Vitvi05g04405",-0.260925981999432,0.124276234876396,1,0.128009338831017,4
"Vitvi05g04410",-0.700887740352874,1.93323218581868e-06,0.00822010325410102,5.0092036892755e-06,7
"Vitvi05g04413",0.760585988010371,7.33109184407097e-08,0.000311718025209898,3.44439806861765e-07,4
"Vitvi05g04447",-0.178982211503356,0.296273865831986,1,0.299300659899645,4
"Vitvi05g04474",-0.816811769737353,1.23759826433008e-09,5.26226781993152e-06,9.4305874909167e-09,10
"Vitvi05g04475",-0.819364257432423,9.95634354671641e-10,4.23343727606382e-06,9.08785205257285e-09,300
"Vitvi05g04477",0.572206677439364,0.000266073854928069,1,0.000428215757439118,20
"Vitvi05g04487",0.750289519408583,1.37448227308174e-07,0.000584429862514355,4.85406862553457e-07,8
"Vitvi05g04493",0.750289519408583,1.37448227308174e-07,0.000584429862514355,4.85406862553457e-07,25
"Vitvi05g04494",-0.750289519408583,1.37448227308175e-07,0.000584429862514362,4.85406862553457e-07,45
"Vitvi05g04504",-0.535234955795144,0.000769422041105143,1,0.00113399740685583,4
"Vitvi05g04505",-0.816908451014811,1.22751732525652e-09,5.21940366699071e-06,9.4305874909167e-09,34
"Vitvi05g04506",0.750289519408583,1.37448227308174e-07,0.000584429862514355,4.85406862553457e-07,39
"Vitvi05g04527",0.913871192993181,7.24120523420644e-15,3.07896046558458e-11,5.79921599808314e-12,9
"Vitvi05g04535",-0.686348778737637,3.81502240835494e-06,0.0162214752803252,9.29065021782659e-06,6
"Vitvi05g04565",-0.702376916856849,1.79914609203237e-06,0.00764996918332164,4.75153365423711e-06,3
"Vitvi05g04567",-0.380272881767113,0.0221479552944204,1,0.0245051017204985,9
"Vitvi05g04575",-0.401500636615636,0.0152203400780548,1,0.017125399844374,72
"Vitvi06g00008",-0.62678507176931,4.31273835887367e-05,0.183377635019308,8.19748033166332e-05,22
"Vitvi06g00016",0.872891219991977,3.90885898669595e-12,1.66204684114312e-08,1.99224294904032e-10,9
"Vitvi06g00030",-0.631183965570418,3.66839199789809e-05,0.155980027750627,7.04516837175375e-05,6
"Vitvi06g00040",-0.783394258152665,1.61926462779259e-08,6.88511319737408e-05,8.82706820176164e-08,264
"Vitvi06g00044",-0.70978387118414,1.25011243477313e-06,0.00531547807265534,3.38997326062203e-06,171
"Vitvi06g00046",0.595521682767366,0.000127313692999973,0.541337822635886,0.000215500725571611,48
"Vitvi06g00069",-0.314428209397787,0.0618077618339936,1,0.0650511394351834,6
"Vitvi06g00079",0.645746403000758,2.10820008752171e-05,0.0896406677214233,4.30964748660689e-05,30
"Vitvi06g00091",-0.478898349698169,0.00312849885508842,1,0.00392864061778971,116
"Vitvi06g00093",-0.730689861642868,4.20057585720466e-07,0.00178608485448342,1.28773241130744e-06,71
"Vitvi06g00096",-0.0895407245384729,0.603531171320172,1,0.605239278408814,14
"Vitvi06g00098",-0.478898349698169,0.00312849885508842,1,0.00392864061778971,20
"Vitvi06g00115",0.39182592248032,0.0181099832764267,1,0.0201791532734188,5
"Vitvi06g00119",-0.788514482062159,1.1253109875189e-08,4.78482231893036e-05,6.34591819486785e-08,465
"Vitvi06g00121",-0.645746403000758,2.10820008752169e-05,0.0896406677214222,4.30964748660689e-05,498
"Vitvi06g00124",0.671555434038547,7.33107392967993e-06,0.0311717263489991,1.68223024009709e-05,19
"Vitvi06g00136",0.449874207292219,0.00590725996608226,1,0.00705354377303617,15
"Vitvi06g00137",-0.731199763849179,4.08523643041837e-07,0.00173704253021389,1.25690486990875e-06,213
"Vitvi06g00138",0.582933306486462,0.000190869311580326,0.811576312839547,0.000314686433826889,21
"Vitvi06g00141",0.523984994594573,0.00103817108302138,1,0.00150197463253043,22
"Vitvi06g00162",-0.736395269049165,3.06516025902312e-07,0.00130330614213663,9.80666773616729e-07,384
"Vitvi06g00165",0.782777945998297,1.69065981695937e-08,7.18868554171123e-05,9.15756119963214e-08,3
"Vitvi06g00173",-0.478898349698169,0.00312849885508842,1,0.00392864061778971,669
"Vitvi06g00180",-0.444847522067189,0.00655916257134087,1,0.00781658050822348,12
"Vitvi06g00182",-0.82902360477862,4.23397938922474e-10,1.80028803629836e-06,4.58088558854544e-09,181
"Vitvi06g00184",-0.631396482934074,3.63959573998368e-05,0.154755610864106,6.99618493960706e-05,131
"Vitvi06g00214",-0.36280178007437,0.0296534634974876,1,0.0322719546432857,7
"Vitvi06g00227",-0.530534807027005,0.000873110001630482,1,0.00127488452161154,6
"Vitvi06g00244",-0.582933306486462,0.000190869311580325,0.811576312839542,0.000314686433826889,99
"Vitvi06g00245",-0.645746403000758,2.10820008752169e-05,0.0896406677214222,4.30964748660689e-05,669
"Vitvi06g00248",-0.430524779021586,0.00876561976487687,1,0.0102336722762628,45
"Vitvi06g00259",-0.824392187992147,6.42105911361328e-10,2.73023433510837e-06,6.32561203259186e-09,544
"Vitvi06g00266",-0.751595852101597,1.27126181928121e-07,0.00054054052555837,4.85406862553457e-07,270
"Vitvi06g00268",-0.421179222412428,0.0105235973662407,1,0.0122069039467702,86
"Vitvi06g00281",0.731763852262692,3.96103875756544e-07,0.00168423367971683,1.22320173824875e-06,40
"Vitvi06g00283",-0.803875153790643,3.54813370040871e-09,1.50866644941378e-05,2.30682943335441e-08,728
"Vitvi06g00284",-0.295078781127154,0.0806150363631191,1,0.0841372446283708,130
"Vitvi06g00285",-0.596032931351327,0.000125192354329375,0.532317890608501,0.000213353863971343,450
"Vitvi06g00300",-0.645746403000758,2.10820008752169e-05,0.0896406677214222,4.30964748660689e-05,237
"Vitvi06g00303",-0.592550776343255,0.00014029338391683,0.596527468414363,0.000236717249370779,317
"Vitvi06g00309",-0.473547362200556,0.00353201719882765,1,0.00441190867491635,4
"Vitvi06g00311",-0.382151208345003,0.0214447164072558,1,0.0237393736432314,3
"Vitvi06g00312",0.382151208345003,0.0214447164072558,1,0.0237393736432314,101
"Vitvi06g00327",0.750289519408583,1.37448227308174e-07,0.000584429862514355,4.85406862553457e-07,5
"Vitvi06g00340",0.478898349698169,0.00312849885508842,1,0.00392864061778971,59
"Vitvi06g00342",-0.478898349698169,0.00312849885508842,1,0.00392864061778971,38
"Vitvi06g00360",-0.36280178007437,0.0296534634974876,1,0.0322719546432857,10
"Vitvi06g00378",-0.762913362514686,6.33270577135278e-08,0.00026926664939792,3.00520814060179e-07,181
"Vitvi06g00383",-0.825276366486452,5.93590861645896e-10,2.52394834371835e-06,6.20134728186327e-09,746
"Vitvi06g00393",0.550184244324302,0.000508303496349477,1,0.000769696035070506,39
"Vitvi06g00396",-0.754920936195056,1.03991177471085e-07,0.000442170486607053,4.63005745138275e-07,210
"Vitvi06g00405",-0.609132556216191,8.05930710257105e-05,0.342681738001321,0.000143082145303266,197
"Vitvi06g00407",0.343452351803737,0.0402822983143647,1,0.043165406359042,127
"Vitvi06g00408",0.478898349698169,0.00312849885508842,1,0.00392864061778971,115
"Vitvi06g00412",-0.741907710181698,2.24328813078351e-07,0.000953846113209148,7.44029729492315e-07,14
"Vitvi06g00417",-0.701115533676863,1.91214561505384e-06,0.00813044315520891,5.00334963397471e-06,757
"Vitvi06g00435",-0.545296962533973,0.000583320667650517,1,0.000874878123051146,527
"Vitvi06g00442",0.469223635562852,0.00389036020229627,1,0.00480587204537007,14
"Vitvi06g00443",0.430524779021586,0.00876561976487691,1,0.0102336722762628,7
"Vitvi06g00447",-0.754920936195056,1.03991177471085e-07,0.000442170486607053,4.63005745138275e-07,641
"Vitvi06g00452",-0.609132556216191,8.05930710257105e-05,0.342681738001321,0.000143082145303266,79
"Vitvi06g00453",-0.159632783232723,0.352382996354793,1,0.354802865380199,3
"Vitvi06g00455",0.69471251797091,2.59273082141355e-06,0.0110242914526504,6.56598657096511e-06,3
"Vitvi06g00459",-0.884224678378342,8.74713631353133e-13,3.71928236051352e-09,8.26507191225227e-11,850
"Vitvi06g00463",-0.42300273316451,0.0101588454746375,1,0.0118246402841935,19
"Vitvi06g00495",-0.815129354419202,1.42580956091385e-09,6.06254225300571e-06,1.06360390403609e-08,174
"Vitvi06g00498",-0.650635215252128,1.73903596896964e-05,0.0739438094005891,3.76112967449589e-05,26
"Vitvi06g00501",-0.819235825519126,1.00667411024502e-09,4.28037831676181e-06,9.08785205257285e-09,656
"Vitvi06g00502",0.459548921427535,0.00480814938579871,1,0.00583954618349504,23
"Vitvi06g00505",-0.440199493156902,0.00721598030084795,1,0.00852761207315328,40
"Vitvi06g00534",-0.695506609407448,2.49770503451919e-06,0.0106202418067756,6.35942623160216e-06,620
"Vitvi06g00541",-0.844968114174206,9.12899289305455e-11,3.8816477781268e-07,1.24548144190491e-09,11
"Vitvi06g00558",-0.478898349698169,0.00312849885508842,1,0.00392864061778971,34
"Vitvi06g00561",-0.742432466876708,2.17672419839442e-07,0.000925543129157307,7.23080569654146e-07,6
"Vitvi06g00563",-0.430524779021586,0.00876561976487687,1,0.0102336722762628,184
"Vitvi06g00564",0.304753495262471,0.0707229426338605,1,0.0740492371532073,32
"Vitvi06g00565",-0.745986927832182,1.77160876753437e-07,0.000753288047955612,6.07490361254526e-07,16
"Vitvi06g00569",0.367425731726837,0.0274888133415333,1,0.0301865791136879,43
"Vitvi06g00575",-0.884224678378342,8.74713631353133e-13,3.71928236051352e-09,8.26507191225227e-11,804
"Vitvi06g00578",-0.353127065939054,0.0346365270501543,1,0.0373414079658357,10
"Vitvi06g00579",0.651485961297165,1.68115837483811e-05,0.0714828540981165,3.6489460999549e-05,13
"Vitvi06g00591",-0.683363763783755,4.3656086368044e-06,0.0185625679236923,1.05349420679298e-05,458
"Vitvi06g00606",0.53094704246729,0.000863545476365851,1,0.00126569988469756,87
"Vitvi06g00607",-0.716412599866176,8.93892664680424e-07,0.00380083161022116,2.50714486162346e-06,108
"Vitvi06g00634",0.440199493156902,0.00721598030084792,1,0.00852761207315328,30
"Vitvi06g00639",-0.57399680266734,0.000251925466762095,1,0.000406214290736604,294
"Vitvi06g00648",0.478898349698169,0.00312849885508842,1,0.00392864061778971,44
"Vitvi06g00649",-0.538122002500631,0.00071128356377806,1,0.00105305630681905,76
"Vitvi06g00650",-0.614432158604087,6.70637239917771e-05,0.285154954413036,0.000121831581792544,71
"Vitvi06g00665",-0.77082643582936,3.80135964952999e-08,0.000161633812298015,1.89933974498255e-07,539
"Vitvi06g00667",0.275729352856521,0.103584434864025,1,0.107241542985593,3
"Vitvi06g00672",-0.645746403000758,2.10820008752169e-05,0.0896406677214222,4.30964748660689e-05,68
"Vitvi06g00673",0.645746403000758,2.10820008752171e-05,0.0896406677214233,4.30964748660689e-05,59
"Vitvi06g00674",-0.645746403000758,2.10820008752169e-05,0.0896406677214222,4.30964748660689e-05,256
"Vitvi06g00680",-0.750289519408583,1.37448227308175e-07,0.000584429862514362,4.85406862553457e-07,143
"Vitvi06g00689",-0.725588629880729,5.53108756705168e-07,0.00235181843351037,1.6411852292466e-06,69
"Vitvi06g00693",-0.638571442967416,2.77964224488528e-05,0.118190388252522,5.50234582181201e-05,81
"Vitvi06g00707",0.295078781127154,0.080615036363119,1,0.0841372446283708,19
"Vitvi06g00709",0.690081101184438,3.21606947163819e-06,0.0136747273934056,8.00159590017886e-06,6
"Vitvi06g00741",0.624221522900733,4.73386834040072e-05,0.201284081833839,8.85543694825518e-05,6
"Vitvi06g00761",-0.871125053513477,4.87284258467059e-12,2.07193266700193e-08,1.99224294904032e-10,527
"Vitvi06g00763",-0.504335557297276,0.00171027946825786,1,0.00241839318225224,8
"Vitvi06g00772",0.791767757550269,8.883712100927e-09,3.77735438531416e-05,5.16737946007409e-08,34
"Vitvi06g00783",-0.559646882600657,0.000387017462770897,1,0.000601901335662719,32
"Vitvi06g00784",-0.478898349698169,0.00312849885508842,1,0.00392864061778971,58
"Vitvi06g00796",-0.750289519408583,1.37448227308175e-07,0.000584429862514362,4.85406862553457e-07,16
"Vitvi06g00800",-0.74411429702662,1.9754523623761e-07,0.000839962344482318,6.63723534252229e-07,196
"Vitvi06g00801",0.0145120712029748,0.933053415183962,1,0.93327290551922,8
"Vitvi06g00812",-0.595591915433487,0.000127020372249762,0.540090622805989,0.000215500725571611,462
"Vitvi06g00903",0.777105642041788,2.49883482017834e-08,0.000106250456553983,1.30049518425929e-07,4
"Vitvi06g00906",-0.871125053513477,4.87284258467059e-12,2.07193266700193e-08,1.99224294904032e-10,306
"Vitvi06g00928",-0.509455846512001,0.00150595314155585,1,0.00213980495983856,9
"Vitvi06g00937",-0.761961512972941,6.72478446764424e-08,0.000285937835564233,3.16302915447161e-07,439
"Vitvi06g00947",-0.884224678378342,8.74713631353133e-13,3.71928236051352e-09,8.26507191225227e-11,1005
"Vitvi06g00962",-0.599531672311724,0.000111507761310085,0.47413100109048,0.00019187818741015,578
"Vitvi06g00978",0.236773681100278,0.164417351185096,1,0.167932399048529,9
"Vitvi06g00994",-0.343452351803737,0.0402822983143647,1,0.043165406359042,3
"Vitvi06g00999",0.717942306485107,8.26214599507406e-07,0.00351306447710549,2.3467364576523e-06,4
"Vitvi06g01057",-0.648085704220576,1.92349624026958e-05,0.0817870601362627,4.13274684872474e-05,518
"Vitvi06g01097",0.648139317099564,1.91944109188549e-05,0.081614635226971,4.12820613186501e-05,35
"Vitvi06g01100",0.854242196177249,3.4485174125585e-11,1.46630960381987e-07,5.55420304477225e-10,35
"Vitvi06g01144",-0.645746403000758,2.10820008752169e-05,0.0896406677214222,4.30964748660689e-05,459
"Vitvi06g01169",-0.420850064886269,0.010590608809886,1,0.0122069039467702,580
"Vitvi06g01172",0.382151208345003,0.0214447164072558,1,0.0237393736432314,181
"Vitvi06g01212",-0.530534807027005,0.000873110001630482,1,0.00127488452161154,19
"Vitvi06g01226",-0.745658102622111,1.80593701214531e-07,0.000767884417564185,6.13326212111968e-07,141
"Vitvi06g01227",-0.57399680266734,0.000251925466762095,1,0.000406214290736604,704
"Vitvi06g01233",0.588346722734024,0.000160693769450826,0.683269907704912,0.000267738992047379,43
"Vitvi06g01236",0.303901714961025,0.0715537081960689,1,0.0749006320161706,48
"Vitvi06g01239",-0.478898349698169,0.00312849885508842,1,0.00392864061778971,5
"Vitvi06g01252",-0.544541179824902,0.000595760055322695,1,0.000892590470483474,14
"Vitvi06g01255",0.537623510496927,0.000721034778308663,1,0.00106675013130426,8
"Vitvi06g01275",-0.401797761867138,0.015138125307633,1,0.017125399844374,84
"Vitvi06g01281",-0.540331958421819,0.000669447517114842,1,0.000998418394518523,416
"Vitvi06g01283",0.648398350106183,1.89995765720117e-05,0.0807861995841937,4.09458690239198e-05,160
"Vitvi06g01288",0.353127065939054,0.0346365270501542,1,0.0373414079658357,54
"Vitvi06g01297",0.478898349698169,0.00312849885508842,1,0.00392864061778971,53
"Vitvi06g01306",-0.478898349698169,0.00312849885508842,1,0.00392864061778971,22
"Vitvi06g01315",-0.710293773390451,1.21867003469754e-06,0.00518178498753395,3.31104472046898e-06,20
"Vitvi06g01327",0.816811769737353,1.23759826433005e-09,5.26226781993139e-06,9.4305874909167e-09,12
"Vitvi06g01334",-0.829476273338115,4.06241215706204e-10,1.72733764918278e-06,4.56967632058936e-09,350
"Vitvi06g01340",-0.478898349698169,0.00312849885508842,1,0.00392864061778971,3
"Vitvi06g01346",-0.700887740352874,1.93323218581868e-06,0.00822010325410102,5.0092036892755e-06,492
"Vitvi06g01354",0.617046562867391,6.11763032283901e-05,0.260121641327115,0.000112169746152271,79
"Vitvi06g01357",-0.602582743783759,0.000100689603007756,0.428132191988977,0.000173966758223883,113
"Vitvi06g01374",0.670011628443056,7.8317607041287e-06,0.0333006465139552,1.79132041495187e-05,4
"Vitvi06g01375",-0.637887660094367,2.85281330103806e-05,0.121301621560138,5.63931295026212e-05,14
"Vitvi06g01378",-0.459548921427535,0.00480814938579871,1,0.00583954618349504,67
"Vitvi06g01385",0.651655019664749,1.66986778522566e-05,0.071002778227795,3.62999888690159e-05,5
"Vitvi06g01388",-0.478898349698169,0.00312849885508842,1,0.00392864061778971,4
"Vitvi06g01389",-0.545296962533973,0.000583320667650517,1,0.000874878123051146,748
"Vitvi06g01396",0.624221522900733,4.73386834040072e-05,0.201284081833839,8.85543694825518e-05,19
"Vitvi06g01398",-0.837121377562538,1.98260958759278e-10,8.43005596644451e-07,2.53917348386883e-09,953
"Vitvi06g01410",-0.805467161824335,3.13002579938549e-09,1.33088696989871e-05,2.06653055601957e-08,4
"Vitvi06g01417",0.764183769768002,5.84225956778779e-08,0.000248412876822337,2.78489772222355e-07,6
"Vitvi06g01456",-0.589483118918895,0.000154932061894313,0.658771127174619,0.000259767794627216,7
"Vitvi06g01471",0.602696642800707,0.000100304716366617,0.426495653990854,0.000173966758223883,5
"Vitvi06g01480",0.695506609407448,2.49770503451919e-06,0.0106202418067756,6.35942623160216e-06,83
"Vitvi06g01513",0.295078781127154,0.080615036363119,1,0.0841372446283708,56
"Vitvi06g01516",0.697693386650656,2.25225754908551e-06,0.00957659909871157,5.79346587943834e-06,31
"Vitvi06g01531",0.545296962533973,0.000583320667650517,1,0.000874878123051146,49
"Vitvi06g01536",-0.750289519408583,1.37448227308175e-07,0.000584429862514362,4.85406862553457e-07,3
"Vitvi06g01537",0.478898349698169,0.00312849885508842,1,0.00392864061778971,4
"Vitvi06g01546",-0.420850064886269,0.010590608809886,1,0.0122069039467702,46
"Vitvi06g01556",-0.801547779286327,4.25326879186753e-09,1.80848989030208e-05,2.74013619742739e-08,562
"Vitvi06g01559",-0.605763821096809,9.04256913355846e-05,0.384490039558906,0.000159804671470867,84
"Vitvi06g01569",0.372476494209687,0.0252748166470031,1,0.0277840021672848,5
"Vitvi06g01574",-0.752907990308538,1.1748204941656e-07,0.000499533674119214,4.85406862553457e-07,68
"Vitvi06g01575",0.722501018689747,6.51436181894005e-07,0.00276990664541331,1.91291895401472e-06,39
"Vitvi06g01593",-0.72151162192928,6.86190536909843e-07,0.00291768216294065,1.99431453379402e-06,156
"Vitvi06g01594",-0.766328054594563,5.09327572679206e-08,0.000216566083903198,2.46658409912527e-07,86
"Vitvi06g01596",-0.871125053513477,4.87284258467059e-12,2.07193266700193e-08,1.99224294904032e-10,894
"Vitvi06g01597",0.403842547397873,0.0145823969906987,1,0.0165609914541803,53
"Vitvi06g01598",-0.494578855803849,0.00216784441127925,1,0.00303212974893401,3
"Vitvi06g01606",-0.478898349698169,0.00312849885508842,1,0.00392864061778971,30
"Vitvi06g01618",-0.816811769737353,1.23759826433008e-09,5.26226781993152e-06,9.4305874909167e-09,41
"Vitvi06g01635",0.645746403000758,2.10820008752171e-05,0.0896406677214233,4.30964748660689e-05,5
"Vitvi06g01658",-0.430524779021586,0.00876561976487687,1,0.0102336722762628,540
"Vitvi06g01665",-0.295078781127154,0.0806150363631191,1,0.0841372446283708,11
"Vitvi06g01689",0.844968114174206,9.12899289305429e-11,3.88164777812668e-07,1.24548144190491e-09,31
"Vitvi06g01690",0.478898349698169,0.00312849885508842,1,0.00392864061778971,13
"Vitvi06g01693",-0.478898349698169,0.00312849885508842,1,0.00392864061778971,62
"Vitvi06g01739",0.416147681933822,0.011588218990186,1,0.01332065616282,18
"Vitvi06g01743",0.337223121567062,0.0442962269402099,1,0.0473592046642626,21
"Vitvi06g01753",0.602696642800707,0.000100304716366617,0.426495653990854,0.000173966758223883,7
"Vitvi06g01762",0.680743838810783,4.90768228381835e-06,0.0208674650707956,1.1745248851251e-05,128
"Vitvi06g01821",-0.478898349698169,0.00312849885508842,1,0.00392864061778971,261
"Vitvi06g01830",-0.764183769768002,5.84225956778788e-08,0.000248412876822341,2.78489772222355e-07,869
"Vitvi06g01847",-0.726054906433203,5.39506797819202e-07,0.00229398290432725,1.61775945298115e-06,661
"Vitvi06g01850",0.367425731726837,0.0274888133415333,1,0.0301865791136879,26
"Vitvi06g01917",-0.270725580540529,0.110262928308502,1,0.11401701633457,17
"Vitvi06g01924",-0.731763852262692,3.96103875756545e-07,0.00168423367971683,1.22320173824875e-06,118
"Vitvi06g01930",-0.884224678378342,8.74713631353133e-13,3.71928236051352e-09,8.26507191225227e-11,728
"Vitvi06g01933",-0.571208070331638,0.00027427150802485,1,0.000439578760694182,12
"Vitvi06g01937",-0.808995377700137,2.36091949141347e-09,1.00386296774901e-05,1.62437373422169e-08,595
"Vitvi06g01945",-0.788450249954806,1.13052940705564e-08,4.80701103880057e-05,6.35008063249746e-08,177
"Vitvi06g01949",-0.692410398125389,2.88722902201887e-06,0.0122764978016242,7.29441342936675e-06,41
"Vitvi06g01954",0.615682368648623,6.41873880190985e-05,0.272924773857207,0.000117084845069587,48
"Vitvi06g04015",-0.875491595135099,2.808569499545e-12,1.19420375120653e-08,1.55091396260589e-10,624
"Vitvi06g04033",-0.530534807027005,0.000873110001630482,1,0.00127488452161154,72
"Vitvi06g04048",0.750289519408583,1.37448227308174e-07,0.000584429862514355,4.85406862553457e-07,61
"Vitvi06g04057",-0.515631068893965,0.00128831771912162,1,0.00184379903793508,31
"Vitvi06g04062",-0.459548921427535,0.00480814938579871,1,0.00583954618349504,213
"Vitvi06g04091",-0.265473521233645,0.117616948709324,1,0.121179371434952,25
"Vitvi06g04092",-0.866758511891856,8.29025229610732e-12,3.52501527630483e-08,2.0768926511977e-10,472
"Vitvi06g04093",-0.208006353909306,0.223466571725695,1,0.226773236987507,26
"Vitvi06g04118",0.866359712001401,8.69442361037607e-12,3.69686891913191e-08,2.0768926511977e-10,16
"Vitvi06g04121",0.866359712001401,8.69442361037607e-12,3.69686891913191e-08,2.0768926511977e-10,20
"Vitvi06g04138",0.487897282267239,0.00253992909673463,1,0.00352933938539728,4
"Vitvi06g04156",0.540496338689072,0.000666424762040612,1,0.00099600635788987,5
"Vitvi06g04163",-0.333777637668421,0.0466511603903606,1,0.0496522488059608,16
"Vitvi06g04173",-0.854242196177249,3.44851741255845e-11,1.46630960381985e-07,5.55420304477225e-10,43
"Vitvi06g04184",0.478898349698169,0.00312849885508842,1,0.00392864061778971,9
"Vitvi06g04210",0.588346722734024,0.000160693769450826,0.683269907704912,0.000267738992047379,35
"Vitvi06g04211",0.480722322233897,0.00300044009732609,1,0.00392864061778971,4
"Vitvi06g04231",-0.703365690607165,1.71488287988333e-06,0.00729168200526393,4.54310405312394e-06,18
"Vitvi06g04249",0.750289519408583,1.37448227308174e-07,0.000584429862514355,4.85406862553457e-07,40
"Vitvi06g04250",0.750289519408583,1.37448227308174e-07,0.000584429862514355,4.85406862553457e-07,42
"Vitvi06g04257",-0.854242196177249,3.44851741255845e-11,1.46630960381985e-07,5.55420304477225e-10,35
"Vitvi06g04309",0.595521682767366,0.000127313692999973,0.541337822635886,0.000215500725571611,7
"Vitvi06g04312",0.65798725895509,1.29347424789738e-05,0.0549985250205966,2.86003770257915e-05,14
"Vitvi06g04339",-0.521806291275928,0.00109888106241935,1,0.00158549110193657,7
"Vitvi07g00012",0.776412134639717,2.6190645437597e-08,0.000111362624400662,1.36140127629172e-07,9
"Vitvi07g00029",0.722501018689747,6.51436181894005e-07,0.00276990664541331,1.91291895401472e-06,181
"Vitvi07g00035",-0.227355782179939,0.182356808244462,1,0.185898141610034,11
"Vitvi07g00055",-0.459548921427535,0.00480814938579871,1,0.00583954618349504,5
"Vitvi07g00064",-0.871125053513477,4.87284258467059e-12,2.07193266700193e-08,1.99224294904032e-10,767
"Vitvi07g00069",-0.401500636615636,0.0152203400780548,1,0.017125399844374,4
"Vitvi07g00085",-0.459548921427535,0.00480814938579871,1,0.00583954618349504,32
"Vitvi07g00090",-0.382151208345003,0.0214447164072558,1,0.0237393736432314,86
"Vitvi07g00105",-0.681229347630755,4.80280991776773e-06,0.0204215477703484,1.15180754485891e-05,251
"Vitvi07g00117",0.527981513657892,0.000934466565928771,1,0.00136166958133281,5
"Vitvi07g00123",-0.5955657769706,0.000127129466241484,0.54055449045879,0.000215500725571611,84
"Vitvi07g00142",0.645746403000758,2.10820008752171e-05,0.0896406677214233,4.30964748660689e-05,25
"Vitvi07g00164",0.438837432972955,0.00741881767212036,1,0.00876244798384885,137
"Vitvi07g00181",-0.653694628489991,1.53897926465501e-05,0.0654373983331309,3.36266178484743e-05,692
"Vitvi07g00187",-0.638571442967416,2.77964224488528e-05,0.118190388252522,5.50234582181201e-05,7
"Vitvi07g00188",-0.550184244324302,0.000508303496349478,1,0.000769696035070506,31
"Vitvi07g00207",0.689387782931722,3.32036497505729e-06,0.0141181918739436,8.18445905735861e-06,5
"Vitvi07g00213",-0.803875153790643,3.54813370040871e-09,1.50866644941378e-05,2.30682943335441e-08,602
"Vitvi07g00217",0.825286999230347,5.93028746429864e-10,2.52155822981978e-06,6.20134728186327e-09,18
"Vitvi07g00219",-0.314428209397787,0.0618077618339936,1,0.0650511394351834,8
"Vitvi07g00226",0.469223635562852,0.00389036020229627,1,0.00480587204537007,115
"Vitvi07g00243",-0.502247202333923,0.00180036184177854,1,0.00253901776160609,34
"Vitvi07g00248",-0.411175350750953,0.0127285678576514,1,0.0145021089310648,105
"Vitvi07g00260",-0.700887740352874,1.93323218581868e-06,0.00822010325410102,5.0092036892755e-06,86
"Vitvi07g00299",0.478898349698169,0.00312849885508842,1,0.00392864061778971,63
"Vitvi07g00315",-0.157849120733519,0.357858909649412,1,0.360231080452012,10
"Vitvi07g00327",0.808529902799274,2.45121626070134e-09,1.04225715405021e-05,1.68105992588743e-08,6
"Vitvi07g00351",-0.871125053513477,4.87284258467059e-12,2.07193266700193e-08,1.99224294904032e-10,794
"Vitvi07g00352",-0.729670057230247,4.44029025571396e-07,0.00188801141672958,1.35633004075401e-06,112
"Vitvi07g00368",-0.545296962533973,0.000583320667650517,1,0.000874878123051146,12
"Vitvi07g00378",-0.550184244324302,0.000508303496349478,1,0.000769696035070506,505
"Vitvi07g00381",-0.589483118918895,0.000154932061894313,0.658771127174619,0.000259767794627216,22
"Vitvi07g00383",-0.750289519408583,1.37448227308175e-07,0.000584429862514362,4.85406862553457e-07,31
"Vitvi07g00386",0.478898349698169,0.00312849885508842,1,0.00392864061778971,4
"Vitvi07g00390",-0.866758511891856,8.29025229610732e-12,3.52501527630483e-08,2.0768926511977e-10,488
"Vitvi07g00393",0.745766996662678,1.79450154533175e-07,0.000763022057075061,6.13326212111968e-07,24
"Vitvi07g00394",-0.353127065939054,0.0346365270501543,1,0.0373414079658357,12
"Vitvi07g00400",-0.87985813675672,1.58515090510686e-12,6.74006164851438e-09,1.10492813910072e-10,833
"Vitvi07g00401",0.675004170824618,6.31632119611018e-06,0.0268569977258605,1.46679397738179e-05,43
"Vitvi07g00403",0.478898349698169,0.00312849885508842,1,0.00392864061778971,31
"Vitvi07g00404",0.550184244324302,0.000508303496349477,1,0.000769696035070506,136
"Vitvi07g00405",0.62678507176931,4.31273835887367e-05,0.183377635019308,8.19748033166332e-05,163
"Vitvi07g00411",-0.330374397435055,0.049074958737865,1,0.052192777527114,3
"Vitvi07g00431",0.75441642621575,1.07231136608592e-07,0.000455946792859733,4.734649977775e-07,3
"Vitvi07g00434",0.798203808432399,5.49595936546707e-09,2.3368819221966e-05,3.37212398585368e-08,122
"Vitvi07g00441",-0.740378003562767,2.44817524107697e-07,0.00104096411250593,8.06323867161835e-07,93
"Vitvi07g00445",0.717942306485107,8.26214599507406e-07,0.00351306447710549,2.3467364576523e-06,59
"Vitvi07g00450",-0.714372991040934,9.92052830244023e-07,0.00421820863419759,2.7588022460416e-06,14
"Vitvi07g00454",-0.788514482062159,1.1253109875189e-08,4.78482231893036e-05,6.34591819486785e-08,248
"Vitvi07g00457",0.713238185116801,1.05085825073372e-06,0.00446824928211977,2.88847560159252e-06,12
"Vitvi07g00505",-0.478898349698169,0.00312849885508842,1,0.00392864061778971,124
"Vitvi07g00513",-0.478898349698169,0.00312849885508842,1,0.00392864061778971,29
"Vitvi07g00515",-0.884224678378342,8.74713631353133e-13,3.71928236051352e-09,8.26507191225227e-11,437
"Vitvi07g00521",-0.365922961700429,0.0281775586427065,1,0.0309269435593154,4
"Vitvi07g00523",0.704774869520485,1.60103233852159e-06,0.00680758950339378,4.2627360697519e-06,146
"Vitvi07g00526",0.609871602834049,7.8569440725387e-05,0.334077261964345,0.000140723362242774,97
"Vitvi07g00538",-0.314428209397787,0.0618077618339936,1,0.0650511394351834,15
"Vitvi07g00582",-0.430524779021586,0.00876561976487687,1,0.0102336722762628,583
"Vitvi07g00586",-0.875491595135099,2.808569499545e-12,1.19420375120653e-08,1.55091396260589e-10,238
"Vitvi07g00595",0.469223635562852,0.00389036020229627,1,0.00480587204537007,7
"Vitvi07g00613",0.478898349698169,0.00312849885508842,1,0.00392864061778971,126
"Vitvi07g00621",-0.411175350750953,0.0127285678576514,1,0.0145021089310648,148
"Vitvi07g00626",0.478898349698169,0.00312849885508842,1,0.00392864061778971,37
"Vitvi07g00633",-0.285404066991838,0.0915479263669638,1,0.0951275129306771,17
"Vitvi07g00654",0.478898349698169,0.00312849885508842,1,0.00392864061778971,60
"Vitvi07g00659",-0.473547362200556,0.00353201719882765,1,0.00441190867491635,25
"Vitvi07g00664",-0.854242196177249,3.44851741255845e-11,1.46630960381985e-07,5.55420304477225e-10,44
"Vitvi07g00665",-0.471586495135116,0.003690811552788,1,0.00459541163175829,203
"Vitvi07g00667",-0.678679836599203,5.37727468533649e-06,0.0228641719620508,1.26601173654766e-05,196
"Vitvi07g00680",-0.478898349698169,0.00312849885508842,1,0.00392864061778971,14
"Vitvi07g00690",0.581171762700682,0.000201731083518181,0.857760567119306,0.000330543571144243,40
"Vitvi07g00691",-0.430524779021586,0.00876561976487687,1,0.0102336722762628,579
"Vitvi07g00736",0.656244139521543,1.38851025998337e-05,0.0590394562544929,3.04484044633799e-05,13
"Vitvi07g00741",-0.688537295588947,3.4525245843369e-06,0.0146801345326005,8.45143035843437e-06,297
"Vitvi07g00787",-0.532713603903433,0.000823600168483657,1,0.00121174668387284,19
"Vitvi07g00795",-0.478898349698169,0.00312849885508842,1,0.00392864061778971,3
"Vitvi07g00814",0.760214896324293,7.50309449808633e-08,0.000319031578058631,3.51743746481401e-07,4
"Vitvi07g00890",-0.750289519408583,1.37448227308175e-07,0.000584429862514362,4.85406862553457e-07,50
"Vitvi07g00924",-0.304753495262471,0.0707229426338605,1,0.0740492371532073,9
"Vitvi07g00939",-0.237030496315255,0.163946637501507,1,0.167572380446252,3
"Vitvi07g00940",0.645746403000758,2.10820008752171e-05,0.0896406677214233,4.30964748660689e-05,9
"Vitvi07g01038",-0.523772082433948,0.00104397040540408,1,0.00150831198225558,289
"Vitvi07g01071",-0.829476273338115,4.06241215706204e-10,1.72733764918278e-06,4.56967632058936e-09,74
"Vitvi07g01097",-0.854242196177249,3.44851741255845e-11,1.46630960381985e-07,5.55420304477225e-10,46
"Vitvi07g01113",-0.304753495262471,0.0707229426338605,1,0.0740492371532073,453
"Vitvi07g01124",-0.764183769768002,5.84225956778788e-08,0.000248412876822341,2.78489772222355e-07,821
"Vitvi07g01140",-0.639135516533238,2.72056700272495e-05,0.115678508955865,5.47460998371343e-05,3
"Vitvi07g01162",0.478898349698169,0.00312849885508842,1,0.00392864061778971,85
"Vitvi07g01164",-0.478898349698169,0.00312849885508842,1,0.00392864061778971,9
"Vitvi07g01179",-0.382151208345003,0.0214447164072558,1,0.0237393736432314,3
"Vitvi07g01250",-0.725588629880729,5.53108756705168e-07,0.00235181843351037,1.6411852292466e-06,241
"Vitvi07g01255",-0.858025428648613,2.27373223068884e-11,9.66790944488895e-08,4.83395472244448e-10,569
"Vitvi07g01264",-0.478898349698169,0.00312849885508842,1,0.00392864061778971,24
"Vitvi07g01267",-0.875491595135099,2.808569499545e-12,1.19420375120653e-08,1.55091396260589e-10,130
"Vitvi07g01277",-0.449874207292219,0.00590725996608227,1,0.00705354377303617,141
"Vitvi07g01280",-0.478898349698169,0.00312849885508842,1,0.00392864061778971,144
"Vitvi07g01297",-0.556734056756734,0.000421261179223091,1,0.000651346376020575,36
"Vitvi07g01315",-0.866359712001401,8.69442361037601e-12,3.69686891913188e-08,2.0768926511977e-10,31
"Vitvi07g01323",0.130608640826773,0.447699103241463,1,0.449921197585134,5
"Vitvi07g01326",0.285404066991838,0.0915479263669639,1,0.0951275129306771,56
"Vitvi07g01330",-0.566821842633998,0.000313017471211837,1,0.000496252903651279,25
"Vitvi07g01342",-0.794122553911316,7.46691027916994e-09,3.17493025070306e-05,4.47803984584352e-08,31
"Vitvi07g01359",-0.478898349698169,0.00312849885508842,1,0.00392864061778971,38
"Vitvi07g01364",-0.767480403024187,4.72843186709917e-08,0.000201052922989057,2.30565278657175e-07,18
"Vitvi07g01365",-0.638571442967416,2.77964224488528e-05,0.118190388252522,5.50234582181201e-05,7
"Vitvi07g01394",0.760088730172259,7.5624164511901e-08,0.000321553947504603,3.52194904167144e-07,3
"Vitvi07g01396",0.480722322233897,0.00300044009732609,1,0.00392864061778971,54
"Vitvi07g01406",-0.478898349698169,0.00312849885508842,1,0.00392864061778971,399
"Vitvi07g01407",-0.848818436201521,6.14198049747315e-11,2.61157010752558e-07,8.73434818570429e-10,8
"Vitvi07g01414",0.565032847949674,0.00033017584284581,1,0.000521704824890517,68
"Vitvi07g01415",-0.866716577779395,8.33191156285574e-12,3.54272879652626e-08,2.0768926511977e-10,104
"Vitvi07g01439",-0.53094704246729,0.000863545476365859,1,0.00126569988469756,702
"Vitvi07g01471",0.478898349698169,0.00312849885508842,1,0.00392864061778971,225
"Vitvi07g01473",-0.324102923533104,0.0538052002373616,1,0.0569103759724531,137
"Vitvi07g01476",-0.645746403000758,2.10820008752169e-05,0.0896406677214222,4.30964748660689e-05,17
"Vitvi07g01495",0.478898349698169,0.00312849885508842,1,0.00392864061778971,7
"Vitvi07g01506",0.478898349698169,0.00312849885508842,1,0.00392864061778971,3
"Vitvi07g01530",-0.49093017936611,0.00236463986221342,1,0.00329546007673926,7
"Vitvi07g01535",-0.762447887613823,6.52172428537994e-08,0.000277303716614355,3.07773270382194e-07,172
"Vitvi07g01591",-0.556734056756734,0.000421261179223091,1,0.000651346376020575,281
"Vitvi07g01599",-0.717869601903274,8.29321601172098e-07,0.00352627544818376,2.35085029878917e-06,291
"Vitvi07g01600",-0.466372402167214,0.00414355138051985,1,0.00511122148824206,8
"Vitvi07g01602",0.224876893513504,0.18730064011033,1,0.190846470584502,4
"Vitvi07g01612",-0.892442489157479,2.67099144709296e-13,1.13570556330392e-09,6.30947535168847e-11,658
"Vitvi07g01614",-0.66196770983781,1.09824861325794e-05,0.0466975310357277,2.45260141994368e-05,144
"Vitvi07g01627",-0.706214555739967,1.4919087330318e-06,0.00634359593285121,3.98717531920252e-06,450
"Vitvi07g01636",-0.582933306486462,0.000190869311580325,0.811576312839542,0.000314686433826889,711
"Vitvi07g01637",-0.478898349698169,0.00312849885508842,1,0.00392864061778971,145
"Vitvi07g01662",0.353127065939054,0.0346365270501542,1,0.0373414079658357,5
"Vitvi07g01683",-0.545296962533973,0.000583320667650517,1,0.000874878123051146,587
"Vitvi07g01686",-0.256379924585888,0.131210130347675,1,0.134890104989921,28
"Vitvi07g01697",-0.757765461213755,8.7352027677505e-08,0.000371420821684751,3.98948251004029e-07,156
"Vitvi07g01698",-0.343452351803737,0.0402822983143647,1,0.043165406359042,602
"Vitvi07g01699",-0.829476273338115,4.06241215706204e-10,1.72733764918278e-06,4.56967632058936e-09,634
"Vitvi07g01709",-0.711313577803071,1.15795074343497e-06,0.0049236065610855,3.15010016704127e-06,486
"Vitvi07g01718",-0.750289519408583,1.37448227308175e-07,0.000584429862514362,4.85406862553457e-07,9
"Vitvi07g01719",-0.750289519408583,1.37448227308175e-07,0.000584429862514362,4.85406862553457e-07,4
"Vitvi07g01729",0.353127065939054,0.0346365270501542,1,0.0373414079658357,61
"Vitvi07g01731",0.217681068044622,0.202185093959943,1,0.205569349478163,46
"Vitvi07g01732",-0.87985813675672,1.58515090510686e-12,6.74006164851438e-09,1.10492813910072e-10,819
"Vitvi07g01733",-0.491235932432412,0.00234756968614635,1,0.00327489052017528,122
"Vitvi07g01734",-0.556734056756734,0.000421261179223091,1,0.000651346376020575,87
"Vitvi07g01735",-0.624221522900733,4.73386834040076e-05,0.20128408183384,8.85543694825518e-05,80
"Vitvi07g01736",-0.798754929881148,5.27034919958902e-09,2.24095247966525e-05,3.23837063535441e-08,231
"Vitvi07g01737",0.451263452584744,0.00573723956146562,1,0.00692835632358757,17
"Vitvi07g01739",-0.552471922567315,0.000476236747738388,1,0.000728926800354079,383
"Vitvi07g01796",-0.645746403000758,2.10820008752169e-05,0.0896406677214222,4.30964748660689e-05,589
"Vitvi07g01807",0.624221522900733,4.73386834040072e-05,0.201284081833839,8.85543694825518e-05,100
"Vitvi07g01814",-0.730085759135105,4.34109642337488e-07,0.001845834199219,1.32793827281942e-06,60
"Vitvi07g01829",0.818228616890212,1.09727718999618e-09,4.66562261186376e-06,9.4305874909167e-09,104
"Vitvi07g01846",-0.478898349698169,0.00312849885508842,1,0.00392864061778971,851
"Vitvi07g01847",-0.293193768628506,0.0826615705849557,1,0.0861885723705816,3
"Vitvi07g01898",0.678679836599203,5.37727468533645e-06,0.0228641719620506,1.26601173654766e-05,64
"Vitvi07g01908",0.537084619459437,0.000731709404133349,1,0.00107878931566402,3
"Vitvi07g01909",0.692021082694147,2.93995527601393e-06,0.0125006898336112,7.39248363903679e-06,5
"Vitvi07g01916",-0.815129354419202,1.42580956091385e-09,6.06254225300571e-06,1.06360390403609e-08,382
"Vitvi07g01920",-0.465036682702683,0.00426699202659308,1,0.00524674670245048,32
"Vitvi07g01921",-0.72151162192928,6.86190536909843e-07,0.00291768216294065,1.99431453379402e-06,392
"Vitvi07g01930",-0.615682368648623,6.41873880190989e-05,0.272924773857208,0.000117084845069587,224
"Vitvi07g01948",0.516597122400606,0.00125690591977388,1,0.00180187591735621,40
"Vitvi07g01951",-0.69471251797091,2.59273082141354e-06,0.0110242914526504,6.56598657096511e-06,11
"Vitvi07g01954",-0.266054638721205,0.116785634586865,1,0.120381216548691,4
"Vitvi07g01965",0.285404066991838,0.0915479263669639,1,0.0951275129306771,9
"Vitvi07g01970",-0.853273117934287,3.82960321195078e-11,1.62834728572147e-07,5.92126285716901e-10,109
"Vitvi07g01985",-0.56089242694149,0.000373148624783426,1,0.000584178185780238,49
"Vitvi07g02000",0.743071818302731,2.09808419839559e-07,0.000892105401157803,6.98048044724422e-07,22
"Vitvi07g02005",-0.72151162192928,6.86190536909843e-07,0.00291768216294065,1.99431453379402e-06,579
"Vitvi07g02006",-0.668421957639469,8.37972826496394e-06,0.0356306045826267,1.90741994553676e-05,198
"Vitvi07g02029",-0.829476273338115,4.06241215706204e-10,1.72733764918278e-06,4.56967632058936e-09,716
"Vitvi07g02041",0.609871602834049,7.8569440725387e-05,0.334077261964345,0.000140723362242774,60
"Vitvi07g02062",-0.816811769737353,1.23759826433008e-09,5.26226781993152e-06,9.4305874909167e-09,21
"Vitvi07g02094",-0.750289519408583,1.37448227308175e-07,0.000584429862514362,4.85406862553457e-07,3
"Vitvi07g02102",-0.848818436201521,6.14198049747315e-11,2.61157010752558e-07,8.73434818570429e-10,12
"Vitvi07g02110",-0.811197641171135,1.97404473660502e-09,8.39363822004454e-06,1.4079574274625e-08,188
"Vitvi07g02111",-0.358748001667088,0.0316645308614795,1,0.0343901877964268,135
"Vitvi07g02114",-0.725588629880729,5.53108756705168e-07,0.00235181843351037,1.6411852292466e-06,262
"Vitvi07g02119",0.77742661856235,2.44493512818402e-08,0.000103958641650385,1.28502647281069e-07,63
"Vitvi07g02137",-0.678679836599203,5.37727468533649e-06,0.0228641719620508,1.26601173654766e-05,394
"Vitvi07g02144",0.677660032186582,5.62412386810306e-06,0.0239137746871742,1.32193337131975e-05,321
"Vitvi07g02158",-0.684288760868618,4.18769069394475e-06,0.0178060608306531,1.01113349407456e-05,611
"Vitvi07g02178",0.478898349698169,0.00312849885508842,1,0.00392864061778971,3
"Vitvi07g02185",0.662841018162135,1.05918181532373e-05,0.0450364107875651,2.36909052012441e-05,111
"Vitvi07g02188",-0.799794857867825,4.8678475750908e-09,2.06980878892861e-05,3.07093292125909e-08,11
"Vitvi07g02208",0.478898349698169,0.00312849885508842,1,0.00392864061778971,56
"Vitvi07g02212",-0.314428209397787,0.0618077618339936,1,0.0650511394351834,276
"Vitvi07g02213",-0.788514482062159,1.1253109875189e-08,4.78482231893036e-05,6.34591819486785e-08,116
"Vitvi07g02221",0.76943001112677,4.16566771302572e-08,0.000177124191157854,2.06920784062913e-07,33
"Vitvi07g02231",-0.715392795453555,9.41799504459009e-07,0.0040045314929597,2.63282806900705e-06,275
"Vitvi07g02233",-0.550184244324302,0.000508303496349478,1,0.000769696035070506,147
"Vitvi07g02243",-0.491235932432412,0.00234756968614635,1,0.00327489052017528,5
"Vitvi07g02246",-0.808995377700137,2.36091949141347e-09,1.00386296774901e-05,1.62437373422169e-08,75
"Vitvi07g02247",-0.478898349698169,0.00312849885508842,1,0.00392864061778971,483
"Vitvi07g02249",-0.844968114174206,9.12899289305455e-11,3.8816477781268e-07,1.24548144190491e-09,113
"Vitvi07g02277",-0.45057970403552,0.00582038499049791,1,0.00702477348271277,8
"Vitvi07g02294",-0.641881618378352,2.44890860182794e-05,0.104127593749724,4.96318368683146e-05,12
"Vitvi07g02309",0.538122002500631,0.00071128356377806,1,0.00105305630681905,37
"Vitvi07g02323",-0.750289519408583,1.37448227308175e-07,0.000584429862514362,4.85406862553457e-07,64
"Vitvi07g02345",-0.741026685835638,2.35927407095584e-07,0.00100316333497042,7.80064801687743e-07,207
"Vitvi07g02362",-0.816811769737353,1.23759826433008e-09,5.26226781993152e-06,9.4305874909167e-09,12
"Vitvi07g02382",0.602084182241456,0.000102390038824263,0.435362445080768,0.000176617624779217,19
"Vitvi07g02402",-0.816811769737353,1.23759826433008e-09,5.26226781993152e-06,9.4305874909167e-09,22
"Vitvi07g02425",-0.645746403000758,2.10820008752169e-05,0.0896406677214222,4.30964748660689e-05,6
"Vitvi07g02430",-0.478898349698169,0.00312849885508842,1,0.00392864061778971,3
"Vitvi07g02513",0.343452351803737,0.0402822983143647,1,0.043165406359042,177
"Vitvi07g02538",-0.654607003102112,1.48350805468092e-05,0.0630787624850326,3.24479230890086e-05,12
"Vitvi07g02558",0.673070912329788,6.86813950157651e-06,0.0292033291607033,1.58112231514366e-05,27
"Vitvi07g02572",0.246705210450572,0.146913319045593,1,0.150560480255932,44
"Vitvi07g02577",-0.478898349698169,0.00312849885508842,1,0.00392864061778971,44
"Vitvi07g02588",-0.737939074644656,2.81075640112032e-07,0.00119513362175636,9.06778165217267e-07,282
"Vitvi07g02605",-0.245465089683055,0.14902132481279,1,0.152647235149117,3
"Vitvi07g02608",-0.623953435216034,4.77998991152752e-05,0.20324517103815,8.92992842874131e-05,4
"Vitvi07g02637",-0.833655021565093,2.75698823891264e-10,1.17227139918566e-06,3.35894383720823e-09,210
"Vitvi07g02648",-0.545296962533973,0.000583320667650517,1,0.000874878123051146,5
"Vitvi07g02649",0.631396482934074,3.63959573998373e-05,0.154755610864108,6.99618493960706e-05,42
"Vitvi07g02676",-0.366328746979291,0.0279901958688427,1,0.030729231302432,5
"Vitvi07g02686",0.848818436201521,6.14198049747315e-11,2.61157010752558e-07,8.73434818570429e-10,3
"Vitvi07g02717",-0.333777637668421,0.0466511603903606,1,0.0496522488059608,3
"Vitvi07g02734",-0.716412599866176,8.93892664680424e-07,0.00380083161022116,2.50714486162346e-06,4
"Vitvi07g02752",0.582933306486462,0.000190869311580326,0.811576312839547,0.000314686433826889,65
"Vitvi07g02759",0.550184244324302,0.000508303496349477,1,0.000769696035070506,57
"Vitvi07g02789",-0.884224678378342,8.74713631353133e-13,3.71928236051352e-09,8.26507191225227e-11,736
"Vitvi07g02817",-0.581171762700682,0.000201731083518182,0.857760567119311,0.000330543571144243,9
"Vitvi07g02832",0.816275876347149,1.29488393267205e-09,5.50584648172156e-06,9.81434310467305e-09,23
"Vitvi07g02853",-0.750289519408583,1.37448227308175e-07,0.000584429862514362,4.85406862553457e-07,33
"Vitvi07g02896",-0.571208070331638,0.00027427150802485,1,0.000439578760694182,437
"Vitvi07g02902",-0.782777945998297,1.69065981695937e-08,7.18868554171123e-05,9.15756119963214e-08,3
"Vitvi07g02920",0.805428356395692,3.13964896328463e-09,1.33497873918863e-05,2.06653055601957e-08,6
"Vitvi07g02983",-0.497105401748074,0.00204011412841992,1,0.00286006108606709,73
"Vitvi07g03061",-0.730689861642868,4.20057585720466e-07,0.00178608485448342,1.28773241130744e-06,347
"Vitvi07g03063",-0.478898349698169,0.00312849885508842,1,0.00392864061778971,94
"Vitvi07g03072",-0.631396482934074,3.63959573998368e-05,0.154755610864106,6.99618493960706e-05,703
"Vitvi07g03086",0.750289519408583,1.37448227308174e-07,0.000584429862514355,4.85406862553457e-07,43
"Vitvi07g04033",-0.478898349698169,0.00312849885508842,1,0.00392864061778971,175
"Vitvi07g04040",-0.824437720326742,6.39520169476102e-10,2.71923976061239e-06,6.32561203259186e-09,598
"Vitvi07g04089",0.478898349698169,0.00312849885508842,1,0.00392864061778971,52
"Vitvi07g04123",-0.478898349698169,0.00312849885508842,1,0.00392864061778971,4
"Vitvi07g04159",-0.552471922567315,0.000476236747738388,1,0.000728926800354079,244
"Vitvi07g04167",-0.762038276589863,6.69235268411086e-08,0.000284558836128394,3.15126064372529e-07,4
"Vitvi07g04261",0.750289519408583,1.37448227308174e-07,0.000584429862514355,4.85406862553457e-07,53
"Vitvi07g04268",-0.748744122259241,1.50654856102604e-07,0.000640584448148274,5.27664290072713e-07,12
"Vitvi07g04310",-0.731709666055489,3.97281655814094e-07,0.00168924160052153,1.22320173824875e-06,178
"Vitvi07g04311",-0.246705210450572,0.146913319045593,1,0.150560480255932,14
"Vitvi07g04312",-0.430524779021586,0.00876561976487687,1,0.0102336722762628,13
"Vitvi07g04313",-0.631396482934074,3.63959573998368e-05,0.154755610864106,6.99618493960706e-05,7
"Vitvi07g04326",-0.777105642041788,2.49883482017836e-08,0.000106250456553984,1.30049518425929e-07,10
"Vitvi07g04337",-0.737939074644656,2.81075640112032e-07,0.00119513362175636,9.06778165217267e-07,132
"Vitvi07g04338",-0.854242196177249,3.44851741255845e-11,1.46630960381985e-07,5.55420304477225e-10,47
"Vitvi07g04339",-0.854242196177249,3.44851741255845e-11,1.46630960381985e-07,5.55420304477225e-10,50
"Vitvi07g04340",-0.854242196177249,3.44851741255845e-11,1.46630960381985e-07,5.55420304477225e-10,44
"Vitvi07g04371",-0.854242196177249,3.44851741255845e-11,1.46630960381985e-07,5.55420304477225e-10,41
"Vitvi07g04372",0.854242196177249,3.4485174125585e-11,1.46630960381987e-07,5.55420304477225e-10,34
"Vitvi07g04373",-0.754053823408627,1.09617004927164e-07,0.000466091504950303,4.82996378186842e-07,40
"Vitvi07g04375",-0.855663913087804,2.95293710251311e-11,1.25558885598858e-07,5.55420304477225e-10,25
"Vitvi07g04380",0.478898349698169,0.00312849885508842,1,0.00392864061778971,63
"Vitvi07g04382",0.663836406061092,1.01620006133771e-05,0.0432088266080796,2.28135304160928e-05,4
"Vitvi07g04389",0.478898349698169,0.00312849885508842,1,0.00392864061778971,52
"Vitvi07g04390",-0.788514482062159,1.1253109875189e-08,4.78482231893036e-05,6.34591819486785e-08,702
"Vitvi07g04391",0.459548921427535,0.00480814938579871,1,0.00583954618349504,56
"Vitvi07g04398",-0.701115533676863,1.91214561505384e-06,0.00813044315520891,5.00334963397471e-06,428
"Vitvi07g04401",-0.829476273338115,4.06241215706204e-10,1.72733764918278e-06,4.56967632058936e-09,542
"Vitvi07g04402",-0.589483118918895,0.000154932061894313,0.658771127174619,0.000259767794627216,5
"Vitvi07g04445",-0.816811769737353,1.23759826433008e-09,5.26226781993152e-06,9.4305874909167e-09,9
"Vitvi07g04462",-0.53845672986383,0.00070480161611431,1,0.00104857119374319,399
"Vitvi07g04470",-0.631396482934074,3.63959573998368e-05,0.154755610864106,6.99618493960706e-05,249
"Vitvi07g04480",-0.87985813675672,1.58515090510686e-12,6.74006164851438e-09,1.10492813910072e-10,400
"Vitvi07g04483",-0.829476273338115,4.06241215706204e-10,1.72733764918278e-06,4.56967632058936e-09,467
"Vitvi07g04541",-0.754920936195056,1.03991177471085e-07,0.000442170486607053,4.63005745138275e-07,493
"Vitvi07g04543",-0.595521682767366,0.000127313692999972,0.541337822635881,0.000215500725571611,42
"Vitvi07g04548",-0.751595852101597,1.27126181928121e-07,0.00054054052555837,4.85406862553457e-07,330
"Vitvi07g04549",-0.751595852101597,1.27126181928121e-07,0.00054054052555837,4.85406862553457e-07,328
"Vitvi07g04553",-0.669501596885615,8.0039027326249e-06,0.0340325944191211,1.82774406117729e-05,170
"Vitvi07g04561",-0.750289519408583,1.37448227308175e-07,0.000584429862514362,4.85406862553457e-07,31
"Vitvi07g04568",-0.510885369729709,0.00145288586363363,1,0.00207443609542318,33
"Vitvi07g04569",-0.660323357172027,1.17538831924603e-05,0.0499775113343411,2.60842961035183e-05,165
"Vitvi07g04573",-0.537084619459437,0.000731709404133355,1,0.00107878931566402,316
"Vitvi07g04587",0.689897685138033,3.24336512260014e-06,0.0137907885012958,8.00393993110609e-06,84
"Vitvi07g04591",0.805835023047574,3.04015102028122e-09,1.29267221382357e-05,2.05186065686282e-08,178
"Vitvi07g04599",-0.478898349698169,0.00312849885508842,1,0.00392864061778971,25
"Vitvi07g04611",-0.631396482934074,3.63959573998368e-05,0.154755610864106,6.99618493960706e-05,206
"Vitvi07g04612",-0.775445421235822,2.79559952748279e-08,0.000118868891908568,1.44945690967906e-07,17
"Vitvi07g04619",0.689897685138033,3.24336512260014e-06,0.0137907885012958,8.00393993110609e-06,81
"Vitvi07g04620",0.545296962533973,0.000583320667650517,1,0.000874878123051146,3
"Vitvi07g04631",-0.72151162192928,6.86190536909843e-07,0.00291768216294065,1.99431453379402e-06,22
"Vitvi07g04634",-0.401797761867138,0.015138125307633,1,0.017125399844374,4
"Vitvi07g04652",-0.523984994594573,0.00103817108302138,1,0.00150197463253043,730
"Vitvi07g04653",-0.596032931351327,0.000125192354329375,0.532317890608501,0.000213353863971343,17
"Vitvi07g04654",-0.716412599866176,8.93892664680424e-07,0.00380083161022116,2.50714486162346e-06,4
"Vitvi07g04655",-0.691230227781763,3.04978550862634e-06,0.0129676879826792,7.64153681949288e-06,105
"Vitvi07g04656",-0.645746403000758,2.10820008752169e-05,0.0896406677214222,4.30964748660689e-05,781
"Vitvi07g04661",-0.866758511891856,8.29025229610732e-12,3.52501527630483e-08,2.0768926511977e-10,337
"Vitvi07g04662",-0.731709666055489,3.97281655814094e-07,0.00168924160052153,1.22320173824875e-06,338
"Vitvi07g04707",-0.440199493156902,0.00721598030084795,1,0.00852761207315328,3
"Vitvi07g04762",0.631396482934074,3.63959573998373e-05,0.154755610864108,6.99618493960706e-05,5
"Vitvi08g00041",-0.737939074644656,2.81075640112032e-07,0.00119513362175636,9.06778165217267e-07,724
"Vitvi08g00052",-0.645310738915201,2.14432683486358e-05,0.0911767770183994,4.37089055697025e-05,12
"Vitvi08g00055",-0.816908451014811,1.22751732525652e-09,5.21940366699071e-06,9.4305874909167e-09,452
"Vitvi08g00076",-0.713238185116801,1.05085825073373e-06,0.00446824928211982,2.88847560159252e-06,28
"Vitvi08g00092",-0.645026290982713,2.1682165883838e-05,0.0921925693380792,4.40691058021417e-05,15
"Vitvi08g00100",-0.256379924585888,0.131210130347675,1,0.134890104989921,25
"Vitvi08g00103",-0.478898349698169,0.00312849885508842,1,0.00392864061778971,6
"Vitvi08g00132",-0.523984994594573,0.00103817108302138,1,0.00150197463253043,538
"Vitvi08g00133",-0.527981513657892,0.000934466565928765,1,0.00136166958133281,19
"Vitvi08g00161",-0.478898349698169,0.00312849885508842,1,0.00392864061778971,173
"Vitvi08g00175",0.530534807027005,0.000873110001630482,1,0.00127488452161154,6
"Vitvi08g00189",-0.515631068893965,0.00128831771912162,1,0.00184379903793508,107
"Vitvi08g00221",-0.684288760868618,4.18769069394475e-06,0.0178060608306531,1.01113349407456e-05,320
"Vitvi08g00222",-0.726610643992385,5.23697027742696e-07,0.00222675976196194,1.57590924413442e-06,231
"Vitvi08g00235",-0.811754063090946,1.88607905379907e-09,8.01960813675364e-06,1.37557600973476e-08,495
"Vitvi08g00240",-0.820209834581476,9.2571113461589e-10,3.93612374438677e-06,8.78599050086332e-09,581
"Vitvi08g00261",-0.690917489550654,3.09424313313362e-06,0.0131567218020842,7.71655237658895e-06,306
"Vitvi08g00274",-0.304753495262471,0.0707229426338605,1,0.0740492371532073,231
"Vitvi08g00283",0.573639982099251,0.000254690670541449,1,0.000410517335535345,17
"Vitvi08g00642",-0.645746403000758,2.10820008752169e-05,0.0896406677214222,4.30964748660689e-05,3
"Vitvi08g00658",0.595521682767366,0.000127313692999973,0.541337822635886,0.000215500725571611,9
"Vitvi08g00662",-0.777105642041788,2.49883482017836e-08,0.000106250456553984,1.30049518425929e-07,225
"Vitvi08g00673",-0.768815186554474,4.33607583457646e-08,0.000184369944486191,2.12652761806449e-07,482
"Vitvi08g00703",-0.509422162367264,0.00150722386046954,1,0.00213980495983856,11
"Vitvi08g00730",0.304753495262471,0.0707229426338605,1,0.0740492371532073,189
"Vitvi08g00739",0.449874207292219,0.00590725996608226,1,0.00705354377303617,9
"Vitvi08g00744",0.466372402167214,0.00414355138051984,1,0.00511122148824206,3
"Vitvi08g00754",-0.740887905769077,2.37803983900132e-07,0.00101114253954336,7.85048555546089e-07,78
"Vitvi08g00766",0.449874207292219,0.00590725996608226,1,0.00705354377303617,14
"Vitvi08g00769",-0.690407587344343,3.16800166632675e-06,0.0134703430852213,7.89586347316608e-06,70
"Vitvi08g00788",-0.563283869189166,0.00034775734695725,1,0.000546035538870837,11
"Vitvi08g00795",-0.816811769737353,1.23759826433008e-09,5.26226781993152e-06,9.4305874909167e-09,17
"Vitvi08g00802",0.84050368615875,1.42649120988747e-10,6.06544062444153e-07,1.87784539456394e-09,58
"Vitvi08g00819",-0.620609849387347,5.39036718218734e-05,0.229198412586606,9.94784776851588e-05,17
"Vitvi08g00820",0.465036682702683,0.00426699202659306,1,0.00524674670245048,60
"Vitvi08g00822",-0.472404512220219,0.00362382949746206,1,0.00452393512131787,22
"Vitvi08g00825",-0.382151208345003,0.0214447164072558,1,0.0237393736432314,545
"Vitvi08g00827",-0.788514482062159,1.1253109875189e-08,4.78482231893036e-05,6.34591819486785e-08,257
"Vitvi08g00835",0.39182592248032,0.0181099832764267,1,0.0201791532734188,4
"Vitvi08g00836",-0.530534807027005,0.000873110001630482,1,0.00127488452161154,107
"Vitvi08g00841",-0.745986927832182,1.77160876753437e-07,0.000753288047955612,6.07490361254526e-07,104
"Vitvi08g00851",-0.478898349698169,0.00312849885508842,1,0.00392864061778971,10
"Vitvi08g00853",-0.712333382215692,1.10001840416097e-06,0.00467727825449246,3.00983156659746e-06,482
"Vitvi08g00863",0.367425731726837,0.0274888133415333,1,0.0301865791136879,58
"Vitvi08g00868",-0.471586495135116,0.003690811552788,1,0.00459541163175829,5
"Vitvi08g00877",-0.706214555739967,1.4919087330318e-06,0.00634359593285121,3.98717531920252e-06,32
"Vitvi08g00883",-0.294173361367012,0.0815930785914507,1,0.0850953569219643,363
"Vitvi08g00903",0.430524779021586,0.00876561976487691,1,0.0102336722762628,53
"Vitvi08g00911",-0.666924017252074,8.92782851247354e-06,0.0379611268350375,2.01813539792866e-05,168
"Vitvi08g00916",0.581171762700682,0.000201731083518181,0.857760567119306,0.000330543571144243,3
"Vitvi08g00930",0.401500636615636,0.0152203400780549,1,0.017125399844374,120
"Vitvi08g00954",0.478898349698169,0.00312849885508842,1,0.00392864061778971,138
"Vitvi08g00958",-0.343452351803737,0.0402822983143647,1,0.043165406359042,78
"Vitvi08g00960",-0.478898349698169,0.00312849885508842,1,0.00392864061778971,494
"Vitvi08g00961",-0.800151354583738,4.73656007467139e-09,2.01398534375028e-05,3.02400201764306e-08,753
"Vitvi08g00970",-0.650125313045818,1.77458750725828e-05,0.075455460808622,3.83411894352754e-05,352
"Vitvi08g00971",0.645746403000758,2.10820008752171e-05,0.0896406677214233,4.30964748660689e-05,6
"Vitvi08g00999",0.645746403000758,2.10820008752171e-05,0.0896406677214233,4.30964748660689e-05,23
"Vitvi08g01006",0.478898349698169,0.00312849885508842,1,0.00392864061778971,4
"Vitvi08g01009",-0.459548921427535,0.00480814938579871,1,0.00583954618349504,3
"Vitvi08g01011",0.612041334057263,7.28903605273761e-05,0.309929812962403,0.000131828929375756,99
"Vitvi08g01024",0.657661183679129,1.31078878160574e-05,0.0557347389938761,2.88781031056353e-05,62
"Vitvi08g01038",0.32021858556296,0.0569126442866082,1,0.0601522653508968,44
"Vitvi08g01058",0.745986927832182,1.77160876753433e-07,0.000753288047955598,6.07490361254526e-07,4
"Vitvi08g01059",-0.754920936195056,1.03991177471085e-07,0.000442170486607053,4.63005745138275e-07,768
"Vitvi08g01069",0.478898349698169,0.00312849885508842,1,0.00392864061778971,185
"Vitvi08g01070",-0.750289519408583,1.37448227308175e-07,0.000584429862514362,4.85406862553457e-07,24
"Vitvi08g01073",-0.737939074644656,2.81075640112032e-07,0.00119513362175636,9.06778165217267e-07,4
"Vitvi08g01075",-0.801482699360702,4.27473601056034e-09,1.81761775169026e-05,2.74979992691415e-08,412
"Vitvi08g01097",-0.638571442967416,2.77964224488528e-05,0.118190388252522,5.50234582181201e-05,4
"Vitvi08g01102",0.602582743783759,0.000100689603007755,0.428132191988974,0.000173966758223883,58
"Vitvi08g01107",-0.502247202333923,0.00180036184177854,1,0.00253901776160609,5
"Vitvi08g01112",0.589483118918895,0.000154932061894313,0.658771127174619,0.000259767794627216,34
"Vitvi08g01113",-0.372476494209687,0.0252748166470032,1,0.0277840021672848,4
"Vitvi08g01156",-0.333777637668421,0.0466511603903606,1,0.0496522488059608,46
"Vitvi08g01168",-0.866758511891856,8.29025229610732e-12,3.52501527630483e-08,2.0768926511977e-10,923
"Vitvi08g01180",-0.246705210450572,0.146913319045593,1,0.150560480255932,42
"Vitvi08g01195",-0.39182592248032,0.0181099832764267,1,0.0201791532734188,21
"Vitvi08g01206",-0.788514482062159,1.1253109875189e-08,4.78482231893036e-05,6.34591819486785e-08,127
"Vitvi08g01221",-0.745986927832182,1.77160876753437e-07,0.000753288047955612,6.07490361254526e-07,210
"Vitvi08g01223",-0.501697797754892,0.00182474140529103,1,0.00257254657005884,3
"Vitvi08g01230",-0.543634431891869,0.000610994698697925,1,0.000913484338559638,137
"Vitvi08g01231",-0.410981178286219,0.012774956683869,1,0.014551062368018,11
"Vitvi08g01235",-0.750289519408583,1.37448227308175e-07,0.000584429862514362,4.85406862553457e-07,49
"Vitvi08g01237",-0.523984994594573,0.00103817108302138,1,0.00150197463253043,182
"Vitvi08g01250",-0.478898349698169,0.00312849885508842,1,0.00392864061778971,21
"Vitvi08g01257",-0.785256157756117,1.42016879284035e-08,6.03855770715717e-05,7.89353948647997e-08,23
"Vitvi08g01260",0.85314852626164,3.88134961037564e-11,1.65034985433172e-07,5.97952845772363e-10,7
"Vitvi08g01276",-0.875491595135099,2.808569499545e-12,1.19420375120653e-08,1.55091396260589e-10,600
"Vitvi08g01291",0.715392795453555,9.41799504459012e-07,0.00400453149295972,2.63282806900705e-06,36
"Vitvi08g01296",-0.478898349698169,0.00312849885508842,1,0.00392864061778971,203
"Vitvi08g01297",-0.717942306485107,8.26214599507406e-07,0.00351306447710549,2.3467364576523e-06,150
"Vitvi08g01299",0.497785744864844,0.00200686623174575,1,0.00281809617482924,31
"Vitvi08g01300",-0.407290538255247,0.0136842081293548,1,0.0155617151553936,9
"Vitvi08g01305",-0.543634431891869,0.000610994698697925,1,0.000913484338559638,273
"Vitvi08g01311",-0.596032931351327,0.000125192354329375,0.532317890608501,0.000213353863971343,121
"Vitvi08g01319",-0.256379924585888,0.131210130347675,1,0.134890104989921,29
"Vitvi08g01327",0.295078781127154,0.080615036363119,1,0.0841372446283708,47
"Vitvi08g01333",0.845577149053068,8.58042877258507e-11,3.64839831410317e-07,1.19619616855842e-09,10
"Vitvi08g01342",-0.324102923533104,0.0538052002373616,1,0.0569103759724531,407
"Vitvi08g01346",-0.478898349698169,0.00312849885508842,1,0.00392864061778971,36
"Vitvi08g01349",0.478898349698169,0.00312849885508842,1,0.00392864061778971,3
"Vitvi08g01356",-0.304753495262471,0.0707229426338605,1,0.0740492371532073,5
"Vitvi08g01358",-0.708606768330329,1.32555871382938e-06,0.00563627565120252,3.5899844912118e-06,197
"Vitvi08g01364",0.469223635562852,0.00389036020229627,1,0.00480587204537007,33
"Vitvi08g01366",0.812880717433414,1.71899554350354e-09,7.30916905097707e-06,1.2580325388945e-08,148
"Vitvi08g01376",-0.745986927832182,1.77160876753437e-07,0.000753288047955612,6.07490361254526e-07,483
"Vitvi08g01384",-0.798754929881148,5.27034919958902e-09,2.24095247966525e-05,3.23837063535441e-08,734
"Vitvi08g01391",-0.275729352856521,0.103584434864025,1,0.107241542985593,3
"Vitvi08g01410",-0.57638349405403,0.000234110207241294,0.995436601189981,0.000379647826540801,611
"Vitvi08g01411",-0.57638349405403,0.000234110207241294,0.995436601189981,0.000379647826540801,6
"Vitvi08g01426",-0.866758511891856,8.29025229610732e-12,3.52501527630483e-08,2.0768926511977e-10,246
"Vitvi08g01434",0.553007455480707,0.000468995390568073,1,0.000723048731216623,9
"Vitvi08g01436",-0.324102923533104,0.0538052002373616,1,0.0569103759724531,3
"Vitvi08g01448",-0.36280178007437,0.0296534634974876,1,0.0322719546432857,6
"Vitvi08g01450",-0.523772082433948,0.00104397040540408,1,0.00150831198225558,15
"Vitvi08g01454",-0.631396482934074,3.63959573998368e-05,0.154755610864106,6.99618493960706e-05,32
"Vitvi08g01456",-0.459548921427535,0.00480814938579871,1,0.00583954618349504,59
"Vitvi08g01471",0.411175350750953,0.0127285678576514,1,0.0145021089310648,53
"Vitvi08g01481",-0.449874207292219,0.00590725996608227,1,0.00705354377303617,4
"Vitvi08g01488",0.420850064886269,0.010590608809886,1,0.0122069039467702,3
"Vitvi08g01498",-0.565086529647852,0.00032964899891943,1,0.000521704824890517,4
"Vitvi08g01500",-0.824392187992147,6.42105911361328e-10,2.73023433510837e-06,6.32561203259186e-09,589
"Vitvi08g01502",0.645310738915201,2.14432683486358e-05,0.0911767770183994,4.37089055697025e-05,3
"Vitvi08g01515",-0.39182592248032,0.0181099832764267,1,0.0201791532734188,504
"Vitvi08g01523",-0.871125053513477,4.87284258467059e-12,2.07193266700193e-08,1.99224294904032e-10,860
"Vitvi08g01525",0.449874207292219,0.00590725996608226,1,0.00705354377303617,3
"Vitvi08g01528",0.821346479026993,8.38891382746122e-10,3.56696615943651e-06,8.03370756629859e-09,30
"Vitvi08g01537",-0.538966632070141,0.00069502809068137,1,0.00103475470643459,113
"Vitvi08g01561",-0.868505128540505,6.71798141777423e-12,2.8564856988376e-08,2.0768926511977e-10,12
"Vitvi08g01562",-0.478898349698169,0.00312849885508842,1,0.00392864061778971,20
"Vitvi08g01570",-0.556734056756734,0.000421261179223091,1,0.000651346376020575,109
"Vitvi08g01572",0.913223320977314,8.18327751375796e-15,3.47952959884988e-11,5.79921599808314e-12,29
"Vitvi08g01579",0.782709436913892,1.69877346187181e-08,7.22318475987893e-05,9.16647812167391e-08,44
"Vitvi08g01602",-0.645746403000758,2.10820008752169e-05,0.0896406677214222,4.30964748660689e-05,257
"Vitvi08g01604",-0.816055112076351,1.31919139564028e-09,5.60920181426247e-06,9.94539328769942e-09,204
"Vitvi08g01611",-0.617046562867391,6.11763032283906e-05,0.260121641327117,0.000112169746152271,9
"Vitvi08g01614",-0.237030496315255,0.163946637501507,1,0.167572380446252,7
"Vitvi08g01621",-0.430497602000505,0.00877034378520732,1,0.0102336722762628,3
"Vitvi08g01627",-0.563283869189166,0.00034775734695725,1,0.000546035538870837,722
"Vitvi08g01631",0.323321325521036,0.0544193488123388,1,0.0575456531086955,3
"Vitvi08g01640",-0.750289519408583,1.37448227308175e-07,0.000584429862514362,4.85406862553457e-07,35
"Vitvi08g01666",-0.478898349698169,0.00312849885508842,1,0.00392864061778971,13
"Vitvi08g01668",-0.333777637668421,0.0466511603903606,1,0.0496522488059608,33
"Vitvi08g01673",-0.602582743783759,0.000100689603007756,0.428132191988977,0.000173966758223883,281
"Vitvi08g01679",-0.478898349698169,0.00312849885508842,1,0.00392864061778971,11
"Vitvi08g01680",0.275729352856521,0.103584434864025,1,0.107241542985593,4
"Vitvi08g01686",-0.84929234540537,5.84515727445745e-11,2.48536087309931e-07,8.59986461280037e-10,505
"Vitvi08g01693",0.449874207292219,0.00590725996608226,1,0.00705354377303617,4
"Vitvi08g01699",-0.631396482934074,3.63959573998368e-05,0.154755610864106,6.99618493960706e-05,10
"Vitvi08g01701",-0.478136307567548,0.00318339348719661,1,0.00398697764582032,10
"Vitvi08g01702",0.866758511891856,8.29025229610732e-12,3.52501527630483e-08,2.0768926511977e-10,44
"Vitvi08g01711",-0.559646882600657,0.000387017462770897,1,0.000601901335662719,246
"Vitvi08g01714",-0.713238185116801,1.05085825073373e-06,0.00446824928211982,2.88847560159252e-06,89
"Vitvi08g01735",-0.754538392216185,1.06439448697431e-07,0.000452580535861476,4.7341060236556e-07,90
"Vitvi08g01740",-0.773446603340947,3.19602962058211e-08,0.000135895179467152,1.63729131888134e-07,515
"Vitvi08g01749",-0.631396482934074,3.63959573998368e-05,0.154755610864106,6.99618493960706e-05,320
"Vitvi08g01767",0.478898349698169,0.00312849885508842,1,0.00392864061778971,51
"Vitvi08g01768",-0.552471922567315,0.000476236747738388,1,0.000728926800354079,794
"Vitvi08g01770",-0.547732390350747,0.000544790927225685,1,0.000824359794506623,3
"Vitvi08g01771",-0.53094704246729,0.000863545476365859,1,0.00126569988469756,288
"Vitvi08g01777",-0.632275226810785,3.52268606877485e-05,0.149784611644307,6.87400695935322e-05,4
"Vitvi08g01787",0.552682403185747,0.000473378889663964,1,0.000728926800354079,22
"Vitvi08g01794",0.544944394378356,0.000589094557681125,1,0.000882915071998641,43
"Vitvi08g01803",0.285404066991838,0.0915479263669639,1,0.0951275129306771,23
"Vitvi08g01816",-0.602704407858947,0.000100278525053184,0.426384288526137,0.000173966758223883,10
"Vitvi08g01821",-0.0241867853382913,0.888644610531406,1,0.88906279623048,42
"Vitvi08g01826",0.588346722734024,0.000160693769450826,0.683269907704912,0.000267738992047379,3
"Vitvi08g01828",-0.588346722734024,0.000160693769450826,0.683269907704912,0.000267738992047379,23
"Vitvi08g01829",-0.353127065939054,0.0346365270501543,1,0.0373414079658357,39
"Vitvi08g01831",-0.569833681621598,0.000285923238424702,1,0.000455676765285544,29
"Vitvi08g01838",0.62678507176931,4.31273835887367e-05,0.183377635019308,8.19748033166332e-05,81
"Vitvi08g01841",0.739503368876382,2.57293013341495e-07,0.00109400989272804,8.44795283959873e-07,95
"Vitvi08g01843",-0.728620635782456,4.70004674668994e-07,0.00199845987669256,1.42747134049469e-06,43
"Vitvi08g01853",-0.678679836599203,5.37727468533649e-06,0.0228641719620508,1.26601173654766e-05,592
"Vitvi08g01856",0.343452351803737,0.0402822983143647,1,0.043165406359042,54
"Vitvi08g01860",-0.478898349698169,0.00312849885508842,1,0.00392864061778971,15
"Vitvi08g01863",-0.868505128540505,6.71798141777423e-12,2.8564856988376e-08,2.0768926511977e-10,265
"Vitvi08g01881",-0.839051899302049,1.64450892995666e-10,6.99245197017572e-07,2.13836451687337e-09,138
"Vitvi08g01884",0.449874207292219,0.00590725996608226,1,0.00705354377303617,40
"Vitvi08g01902",-0.596032931351327,0.000125192354329375,0.532317890608501,0.000213353863971343,246
"Vitvi08g01905",-0.420850064886269,0.010590608809886,1,0.0122069039467702,10
"Vitvi08g01915",-0.609132556216191,8.05930710257105e-05,0.342681738001321,0.000143082145303266,85
"Vitvi08g01923",-0.858025428648613,2.27373223068884e-11,9.66790944488895e-08,4.83395472244448e-10,762
"Vitvi08g01931",0.546105262958487,0.000570272760943395,1,0.000861079467163109,20
"Vitvi08g01940",0.565032847949674,0.00033017584284581,1,0.000521704824890517,7
"Vitvi08g01950",-0.685818467487549,3.90794358777023e-06,0.016616576135199,9.47893675710156e-06,712
"Vitvi08g02000",-0.478898349698169,0.00312849885508842,1,0.00392864061778971,9
"Vitvi08g02008",0.707062962734838,1.43083923232173e-06,0.006083928415832,3.85302622915272e-06,10
"Vitvi08g02051",0.660657747351324,1.15931316779955e-05,0.0492939958948371,2.57679016700664e-05,8
"Vitvi08g02068",-0.566821842633998,0.000313017471211837,1,0.000496252903651279,6
"Vitvi08g02069",0.497785744864844,0.00200686623174575,1,0.00281809617482924,65
"Vitvi08g02089",-0.824392187992147,6.42105911361328e-10,2.73023433510837e-06,6.32561203259186e-09,588
"Vitvi08g02109",-0.559646882600657,0.000387017462770897,1,0.000601901335662719,697
"Vitvi08g02129",-0.777105642041788,2.49883482017836e-08,0.000106250456553984,1.30049518425929e-07,5
"Vitvi08g02147",-0.65798725895509,1.29347424789739e-05,0.054998525020597,2.86003770257915e-05,21
"Vitvi08g02162",-0.819760771205674,9.62256253728296e-10,4.09151359085271e-06,8.93343578788802e-09,559
"Vitvi08g02166",0.826024577307844,5.55221056258636e-10,2.36079993121172e-06,5.88728162396938e-09,7
"Vitvi08g02176",-0.791972270486838,8.75143972859964e-09,3.72111217260057e-05,5.13256851393181e-08,510
"Vitvi08g02189",-0.552471922567315,0.000476236747738388,1,0.000728926800354079,82
"Vitvi08g02195",-0.401500636615636,0.0152203400780548,1,0.017125399844374,11
"Vitvi08g02201",0.650635215252128,1.73903596896964e-05,0.0739438094005891,3.76112967449589e-05,43
"Vitvi08g02206",-0.645746403000758,2.10820008752169e-05,0.0896406677214222,4.30964748660689e-05,360
"Vitvi08g02218",0.882962717545617,1.04120702365394e-12,4.42721226457655e-09,9.41960056292883e-11,19
"Vitvi08g02235",0.571208070331638,0.00027427150802485,1,0.000439578760694182,4
"Vitvi08g02238",0.811139465780844,1.98345837029641e-09,8.43366499050032e-06,1.4079574274625e-08,34
"Vitvi08g02249",-0.692021082694147,2.93995527601393e-06,0.0125006898336112,7.39248363903679e-06,19
"Vitvi08g02261",0.768033586424181,4.56200737137454e-08,0.000193976553430846,2.2296155566764e-07,11
"Vitvi08g02275",0.750289519408583,1.37448227308174e-07,0.000584429862514355,4.85406862553457e-07,29
"Vitvi08g02288",-0.816908451014811,1.22751732525652e-09,5.21940366699071e-06,9.4305874909167e-09,22
"Vitvi08g02304",-0.478898349698169,0.00312849885508842,1,0.00392864061778971,112
"Vitvi08g02330",-0.638571442967416,2.77964224488528e-05,0.118190388252522,5.50234582181201e-05,238
"Vitvi08g02331",-0.819235825519126,1.00667411024502e-09,4.28037831676181e-06,9.08785205257285e-09,117
"Vitvi08g02333",-0.645746403000758,2.10820008752169e-05,0.0896406677214222,4.30964748660689e-05,25
"Vitvi08g02336",-0.478898349698169,0.00312849885508842,1,0.00392864061778971,25
"Vitvi08g02355",-0.478898349698169,0.00312849885508842,1,0.00392864061778971,4
"Vitvi08g02357",-0.645746403000758,2.10820008752169e-05,0.0896406677214222,4.30964748660689e-05,3
"Vitvi08g02368",-0.353127065939054,0.0346365270501543,1,0.0373414079658357,389
"Vitvi08g02383",0.82951118322106,4.04945303112617e-10,1.72182742883485e-06,4.56967632058936e-09,7
"Vitvi08g02387",0.869753273331441,5.76999368745333e-12,2.45340131590516e-08,2.0768926511977e-10,6
"Vitvi08g02393",0.766328054594563,5.09327572679206e-08,0.000216566083903198,2.46658409912527e-07,29
"Vitvi08g02397",-0.696953156881121,2.33275231669689e-06,0.00991886285059518,5.99689410555936e-06,16
"Vitvi08g02398",-0.750289519408583,1.37448227308175e-07,0.000584429862514362,4.85406862553457e-07,24
"Vitvi08g02401",-0.58556742528583,0.000175604136129518,0.74666878682271,0.000292238272729045,37
"Vitvi08g02412",0.486658850568688,0.00261470359822119,1,0.00363086861516541,4
"Vitvi08g04002",-0.808995377700137,2.36091949141347e-09,1.00386296774901e-05,1.62437373422169e-08,7
"Vitvi08g04030",0.537084619459437,0.000731709404133349,1,0.00107878931566402,65
"Vitvi08g04035",-0.295078781127154,0.0806150363631191,1,0.0841372446283708,5
"Vitvi08g04038",-0.540137845136676,0.000673032685941843,1,0.00100306168265851,5
"Vitvi08g04055",-0.706724457946277,1.45492503654476e-06,0.00618634125538832,3.90798563195725e-06,152
"Vitvi08g04075",-0.682362073206983,4.56604657723525e-06,0.0194148300464043,1.09688305346917e-05,14
"Vitvi08g04102",-0.582933306486462,0.000190869311580325,0.811576312839542,0.000314686433826889,8
"Vitvi08g04114",0.438515897426983,0.00746740654505062,1,0.0088149396528471,12
"Vitvi08g04123",-0.771433338085278,3.65240298083631e-08,0.00015530017474516,1.83136998520236e-07,39
"Vitvi08g04140",-0.440199493156902,0.00721598030084795,1,0.00852761207315328,363
"Vitvi08g04165",-0.613030444436755,7.04265871317176e-05,0.299453848484063,0.000127698869289579,22
"Vitvi08g04210",0.750289519408583,1.37448227308174e-07,0.000584429862514355,4.85406862553457e-07,3
"Vitvi08g04218",-0.875491595135099,2.808569499545e-12,1.19420375120653e-08,1.55091396260589e-10,183
"Vitvi08g04221",-0.614942060810397,6.58768397628922e-05,0.280108322671818,0.000120063575941628,451
"Vitvi08g04260",-0.750289519408583,1.37448227308175e-07,0.000584429862514362,4.85406862553457e-07,19
"Vitvi08g04277",-0.805467161824335,3.13002579938549e-09,1.33088696989871e-05,2.06653055601957e-08,44
"Vitvi08g04278",-0.645746403000758,2.10820008752169e-05,0.0896406677214222,4.30964748660689e-05,35
"Vitvi08g04284",0.750289519408583,1.37448227308174e-07,0.000584429862514355,4.85406862553457e-07,29
"Vitvi08g04286",-0.285404066991838,0.0915479263669638,1,0.0951275129306771,16
"Vitvi08g04287",-0.718648196784035,7.96599470119536e-07,0.00338714094694827,2.27172431049518e-06,8
"Vitvi08g04296",-0.516597122400606,0.00125690591977388,1,0.00180187591735621,211
"Vitvi08g04314",-0.689897685138033,3.24336512260011e-06,0.0137907885012957,8.00393993110609e-06,522
"Vitvi08g04349",-0.716412599866176,8.93892664680424e-07,0.00380083161022116,2.50714486162346e-06,128
"Vitvi08g04367",-0.737939074644656,2.81075640112032e-07,0.00119513362175636,9.06778165217267e-07,91
"Vitvi08g04368",-0.731763852262692,3.96103875756545e-07,0.00168423367971683,1.22320173824875e-06,7
"Vitvi08g04370",-0.675004170824618,6.31632119611022e-06,0.0268569977258606,1.46679397738179e-05,9
"Vitvi08g04371",-0.750289519408583,1.37448227308175e-07,0.000584429862514362,4.85406862553457e-07,5
"Vitvi08g04390",0.495624944533753,0.0021141344332848,1,0.00296285418929696,96
"Vitvi08g04416",0.853273117934287,3.82960321195079e-11,1.62834728572148e-07,5.92126285716901e-10,52
"Vitvi08g04432",-0.759552352981529,7.81948005924383e-08,0.000332484292119048,3.59442477966538e-07,492
"Vitvi09g00006",-0.324102923533104,0.0538052002373616,1,0.0569103759724531,392
"Vitvi09g00008",-0.478898349698169,0.00312849885508842,1,0.00392864061778971,534
"Vitvi09g00017",-0.438837432972955,0.00741881767212038,1,0.00876244798384885,9
"Vitvi09g00018",-0.884224678378342,8.74713631353133e-13,3.71928236051352e-09,8.26507191225227e-11,813
"Vitvi09g00030",-0.725588629880729,5.53108756705168e-07,0.00235181843351037,1.6411852292466e-06,771
"Vitvi09g00033",-0.645746403000758,2.10820008752169e-05,0.0896406677214222,4.30964748660689e-05,20
"Vitvi09g00039",-0.516597122400606,0.00125690591977388,1,0.00180187591735621,4
"Vitvi09g00043",0.478898349698169,0.00312849885508842,1,0.00392864061778971,81
"Vitvi09g00045",0.411175350750953,0.0127285678576514,1,0.0145021089310648,51
"Vitvi09g00068",-0.678679836599203,5.37727468533649e-06,0.0228641719620508,1.26601173654766e-05,976
"Vitvi09g00081",-0.678679836599203,5.37727468533649e-06,0.0228641719620508,1.26601173654766e-05,207
"Vitvi09g00083",0.77827403424317,2.30775712609656e-08,9.81258330016255e-05,1.21895444722517e-07,30
"Vitvi09g00129",-0.343452351803737,0.0402822983143647,1,0.043165406359042,300
"Vitvi09g00146",-0.64094707333223,2.53846202816186e-05,0.107935405437442,5.12757270486661e-05,349
"Vitvi09g00166",0.777105642041788,2.49883482017834e-08,0.000106250456553983,1.30049518425929e-07,5
"Vitvi09g00183",-0.478798171725508,0.00313566794189248,1,0.00393415759484415,353
"Vitvi09g00184",-0.745658102622111,1.80593701214531e-07,0.000767884417564185,6.13326212111968e-07,478
"Vitvi09g00185",-0.750289519408583,1.37448227308175e-07,0.000584429862514362,4.85406862553457e-07,462
"Vitvi09g00233",-0.488616007459439,0.00249739536569484,1,0.00347819361118063,9
"Vitvi09g00241",-0.790354999137112,9.84925923645546e-09,4.18790502734086e-05,5.69782996917124e-08,10
"Vitvi09g00253",-0.568031057829836,0.000301875529513086,1,0.000480379772264087,20
"Vitvi09g00255",-0.624221522900733,4.73386834040076e-05,0.20128408183384,8.85543694825518e-05,6
"Vitvi09g00258",-0.517435182162141,0.00123020463625639,1,0.00177076171745504,15
"Vitvi09g00261",-0.824356049428621,6.44165101155286e-10,2.73899001011227e-06,6.32561203259186e-09,725
"Vitvi09g00264",-0.700887740352874,1.93323218581868e-06,0.00822010325410102,5.0092036892755e-06,391
"Vitvi09g00273",-0.750289519408583,1.37448227308175e-07,0.000584429862514362,4.85406862553457e-07,239
"Vitvi09g00301",-0.401500636615636,0.0152203400780548,1,0.017125399844374,197
"Vitvi09g00308",0.440199493156902,0.00721598030084792,1,0.00852761207315328,3
"Vitvi09g00311",-0.713238185116801,1.05085825073373e-06,0.00446824928211982,2.88847560159252e-06,206
"Vitvi09g00314",-0.478898349698169,0.00312849885508842,1,0.00392864061778971,279
"Vitvi09g00323",0.745986927832182,1.77160876753433e-07,0.000753288047955598,6.07490361254526e-07,58
"Vitvi09g00333",-0.114799360533468,0.504965768061545,1,0.507232328324519,12
"Vitvi09g00335",-0.159632783232723,0.352382996354793,1,0.354802865380199,6
"Vitvi09g00336",-0.631396482934074,3.63959573998368e-05,0.154755610864106,6.99618493960706e-05,34
"Vitvi09g00340",-0.861643114885077,1.50951761704032e-11,6.41846890765543e-08,3.39601529505578e-10,124
"Vitvi09g00350",-0.819235825519126,1.00667411024502e-09,4.28037831676181e-06,9.08785205257285e-09,554
"Vitvi09g00352",-0.631396482934074,3.63959573998368e-05,0.154755610864106,6.99618493960706e-05,577
"Vitvi09g00356",-0.568540960036147,0.000297284408345717,1,0.000473605584221052,11
"Vitvi09g00361",-0.552471922567315,0.000476236747738388,1,0.000728926800354079,31
"Vitvi09g00372",-0.872435015999964,4.13917043718778e-12,1.75997526989224e-08,1.99224294904032e-10,325
"Vitvi09g00373",-0.799220404782011,5.08651971641992e-09,2.16278818342175e-05,3.19939080387833e-08,713
"Vitvi09g00377",-0.478898349698169,0.00312849885508842,1,0.00392864061778971,47
"Vitvi09g00378",0.478898349698169,0.00312849885508842,1,0.00392864061778971,24
"Vitvi09g00384",-0.750289519408583,1.37448227308175e-07,0.000584429862514362,4.85406862553457e-07,21
"Vitvi09g00389",-0.645746403000758,2.10820008752169e-05,0.0896406677214222,4.30964748660689e-05,103
"Vitvi09g00406",-0.469223635562852,0.00389036020229628,1,0.00480587204537007,271
"Vitvi09g00412",0.478898349698169,0.00312849885508842,1,0.00392864061778971,3
"Vitvi09g00419",0.866359712001401,8.69442361037607e-12,3.69686891913191e-08,2.0768926511977e-10,38
"Vitvi09g00438",-0.545296962533973,0.000583320667650517,1,0.000874878123051146,755
"Vitvi09g00443",-0.691529396905392,3.0078044278422e-06,0.012789184427185,7.54969564768891e-06,11
"Vitvi09g00462",-0.624221522900733,4.73386834040076e-05,0.20128408183384,8.85543694825518e-05,3
"Vitvi09g00488",-0.848959457649281,6.05221945501368e-11,2.57340371227182e-07,8.73434818570429e-10,456
"Vitvi09g00535",0.750289519408583,1.37448227308174e-07,0.000584429862514355,4.85406862553457e-07,51
"Vitvi09g00540",-0.750289519408583,1.37448227308175e-07,0.000584429862514362,4.85406862553457e-07,17
"Vitvi09g00551",0.266054638721205,0.116785634586865,1,0.120381216548691,13
"Vitvi09g00570",0.436767404651224,0.00773642653584935,1,0.00911984630730009,12
"Vitvi09g00593",-0.559646882600657,0.000387017462770897,1,0.000601901335662719,513
"Vitvi09g00607",-0.602582743783759,0.000100689603007756,0.428132191988977,0.000173966758223883,233
"Vitvi09g00617",0.602696642800707,0.000100304716366617,0.426495653990854,0.000173966758223883,72
"Vitvi09g00618",-0.800599522832481,4.57616996970274e-09,1.9457874711176e-05,2.9304028179482e-08,510
"Vitvi09g00693",-0.645746403000758,2.10820008752169e-05,0.0896406677214222,4.30964748660689e-05,3
"Vitvi09g00752",0.552471922567315,0.000476236747738389,1,0.000728926800354079,42
"Vitvi09g00773",-0.478898349698169,0.00312849885508842,1,0.00392864061778971,11
"Vitvi09g00782",-0.855663913087804,2.95293710251311e-11,1.25558885598858e-07,5.55420304477225e-10,6
"Vitvi09g00793",0.581171762700682,0.000201731083518181,0.857760567119306,0.000330543571144243,93
"Vitvi09g00802",-0.459548921427535,0.00480814938579871,1,0.00583954618349504,9
"Vitvi09g00827",-0.411175350750953,0.0127285678576514,1,0.0145021089310648,3
"Vitvi09g00867",0.866359712001401,8.69442361037607e-12,3.69686891913191e-08,2.0768926511977e-10,11
"Vitvi09g00870",-0.397061276955658,0.0164941124060712,1,0.0185389812187721,5
"Vitvi09g00876",-0.450243648172123,0.00586162884210354,1,0.00705354377303617,22
"Vitvi09g00985",0.471586495135116,0.003690811552788,1,0.00459541163175829,4
"Vitvi09g00994",-0.132767281212218,0.440163709723963,1,0.442662273828356,5
"Vitvi09g01026",0.750289519408583,1.37448227308174e-07,0.000584429862514355,4.85406862553457e-07,32
"Vitvi09g01031",-0.478898349698169,0.00312849885508842,1,0.00392864061778971,3
"Vitvi09g01141",-0.737399514346222,2.8973726886927e-07,0.00123196286723214,9.33305202448589e-07,16
"Vitvi09g01155",-0.654204530696301,1.50774972964789e-05,0.0641095185046284,3.2961192033228e-05,478
"Vitvi09g01164",0.275729352856521,0.103584434864025,1,0.107241542985593,10
"Vitvi09g01187",-0.726054906433203,5.39506797819202e-07,0.00229398290432725,1.61775945298115e-06,5
"Vitvi09g01214",0.750289519408583,1.37448227308174e-07,0.000584429862514355,4.85406862553457e-07,61
"Vitvi09g01233",0.770097521779023,3.98767780862307e-08,0.000169556060422653,1.98311181780881e-07,45
"Vitvi09g01269",-0.487818140259808,0.002544651100734,1,0.00353474566492027,106
"Vitvi09g01272",-0.559646882600657,0.000387017462770897,1,0.000601901335662719,326
"Vitvi09g01273",0.337223121567062,0.0442962269402099,1,0.0473592046642626,27
"Vitvi09g01282",-0.734984868462898,3.31593629570732e-07,0.00140993611293475,1.05851059529636e-06,3
"Vitvi09g01297",-0.771433338085278,3.65240298083631e-08,0.00015530017474516,1.83136998520236e-07,4
"Vitvi09g01301",0.256379924585888,0.131210130347675,1,0.134890104989921,5
"Vitvi09g01302",-0.750289519408583,1.37448227308175e-07,0.000584429862514362,4.85406862553457e-07,663
"Vitvi09g01303",0.640970347085562,2.53619620580652e-05,0.107839062670893,5.12757270486661e-05,3
"Vitvi09g01309",0.750289519408583,1.37448227308174e-07,0.000584429862514355,4.85406862553457e-07,27
"Vitvi09g01317",-0.884224678378342,8.74713631353133e-13,3.71928236051352e-09,8.26507191225227e-11,1005
"Vitvi09g01335",0.497664553358995,0.00201275379806079,1,0.00282543055442538,44
"Vitvi09g01351",-0.798754929881148,5.27034919958902e-09,2.24095247966525e-05,3.23837063535441e-08,361
"Vitvi09g01373",0.582933306486462,0.000190869311580326,0.811576312839547,0.000314686433826889,253
"Vitvi09g01376",0.750289519408583,1.37448227308174e-07,0.000584429862514355,4.85406862553457e-07,60
"Vitvi09g01384",0.631396482934074,3.63959573998373e-05,0.154755610864108,6.99618493960706e-05,19
"Vitvi09g01408",0.478898349698169,0.00312849885508842,1,0.00392864061778971,17
"Vitvi09g01427",0.613030444436755,7.04265871317176e-05,0.299453848484063,0.000127698869289579,23
"Vitvi09g01464",-0.516597122400606,0.00125690591977388,1,0.00180187591735621,86
"Vitvi09g01467",0.39425724103108,0.0173438312515496,1,0.0194785975915449,12
"Vitvi09g01495",0.638571442967416,2.77964224488528e-05,0.118190388252522,5.50234582181201e-05,162
"Vitvi09g01502",-0.478898349698169,0.00312849885508842,1,0.00392864061778971,144
"Vitvi09g01512",-0.1018911693024,0.554310164147219,1,0.5565352580765,8
"Vitvi09g01536",-0.39182592248032,0.0181099832764267,1,0.0201791532734188,19
"Vitvi09g01555",-0.353362228973139,0.0345077858935184,1,0.0373414079658357,87
"Vitvi09g01556",-0.562815501021302,0.00035260524918419,1,0.000553443159664517,86
"Vitvi09g01560",-0.410950494439791,0.0127823002695232,1,0.0145555277841491,21
"Vitvi09g01562",-0.48468611999998,0.00273778266345129,1,0.00378693945510569,11
"Vitvi09g01583",-0.632960294151274,3.43391503021161e-05,0.146010067084598,6.70385982941221e-05,3
"Vitvi09g01587",-0.854242196177249,3.44851741255845e-11,1.46630960381985e-07,5.55420304477225e-10,50
"Vitvi09g01592",-0.750289519408583,1.37448227308175e-07,0.000584429862514362,4.85406862553457e-07,70
"Vitvi09g01616",-0.793634705971654,7.74198268554397e-09,3.2918910378933e-05,4.58480645946141e-08,735
"Vitvi09g01650",0.874344762938948,3.25230629616806e-12,1.38288063713066e-08,1.72860079641333e-10,40
"Vitvi09g01654",-0.773446603340947,3.19602962058211e-08,0.000135895179467152,1.63729131888134e-07,49
"Vitvi09g01664",-0.188051859948709,0.272062148449687,1,0.275364973865287,6
"Vitvi09g01709",-0.246705210450572,0.146913319045593,1,0.150560480255932,3
"Vitvi09g01736",-0.816811769737353,1.23759826433008e-09,5.26226781993152e-06,9.4305874909167e-09,6
"Vitvi09g01751",-0.768964536225907,4.29409907586128e-08,0.000182585092705622,2.12652761806449e-07,20
"Vitvi09g01764",0.866359712001401,8.69442361037607e-12,3.69686891913191e-08,2.0768926511977e-10,7
"Vitvi09g01773",0.415092968263945,0.011822585516838,1,0.0135863874642149,3
"Vitvi09g01790",-0.645746403000758,2.10820008752169e-05,0.0896406677214222,4.30964748660689e-05,16
"Vitvi09g01807",0.750289519408583,1.37448227308174e-07,0.000584429862514355,4.85406862553457e-07,59
"Vitvi09g01812",-0.640970347085562,2.53619620580653e-05,0.107839062670894,5.12757270486661e-05,16
"Vitvi09g01853",-0.420850064886269,0.010590608809886,1,0.0122069039467702,4
"Vitvi09g01951",-0.506902167039959,0.00160500448368189,1,0.00227406833209443,33
"Vitvi09g01954",-0.648431430810784,1.89748243923069e-05,0.0806809533160888,4.09132623306738e-05,35
"Vitvi09g01992",0.475963051655091,0.00334457448534123,1,0.00418637936758048,32
"Vitvi09g02033",0.750289519408583,1.37448227308174e-07,0.000584429862514355,4.85406862553457e-07,59
"Vitvi09g02034",0.811139465780844,1.98345837029641e-09,8.43366499050032e-06,1.4079574274625e-08,25
"Vitvi09g04042",-0.478898349698169,0.00312849885508842,1,0.00392864061778971,22
"Vitvi09g04044",0.459548921427535,0.00480814938579871,1,0.00583954618349504,37
"Vitvi09g04067",-0.622590593905054,5.02079776036085e-05,0.213484320770543,9.35104339774609e-05,4
"Vitvi09g04078",0.750289519408583,1.37448227308174e-07,0.000584429862514355,4.85406862553457e-07,46
"Vitvi09g04094",-0.854242196177249,3.44851741255845e-11,1.46630960381985e-07,5.55420304477225e-10,39
"Vitvi09g04101",0.676335030954142,5.96029538710329e-06,0.0253431759859632,1.39785857617006e-05,46
"Vitvi09g04123",-0.829476273338115,4.06241215706204e-10,1.72733764918278e-06,4.56967632058936e-09,9
"Vitvi09g04126",-0.382151208345003,0.0214447164072558,1,0.0237393736432314,3
"Vitvi09g04127",-0.829476273338115,4.06241215706204e-10,1.72733764918278e-06,4.56967632058936e-09,5
"Vitvi09g04146",-0.750289519408583,1.37448227308175e-07,0.000584429862514362,4.85406862553457e-07,31
"Vitvi09g04150",-0.235530299836749,0.166710080948508,1,0.170110694550769,6
"Vitvi09g04152",0.431887168744947,0.0085315688233961,1,0.0100376952509907,5
"Vitvi09g04153",-0.324102923533104,0.0538052002373616,1,0.0569103759724531,3
"Vitvi09g04166",0.750289519408583,1.37448227308174e-07,0.000584429862514355,4.85406862553457e-07,48
"Vitvi09g04187",0.832547156274335,3.05854429370815e-10,1.3004930336847e-06,3.66336065826684e-09,3
"Vitvi09g04205",-0.399538558378362,0.0157727257578424,1,0.0177375376679042,4
"Vitvi09g04208",-0.373097921733771,0.0250128969168012,1,0.0276174598001139,3
"Vitvi09g04210",-0.322768096594512,0.0548574194234412,1,0.057994467277094,3
"Vitvi09g04212",0.750289519408583,1.37448227308174e-07,0.000584429862514355,4.85406862553457e-07,46
"Vitvi09g04219",-0.248832276679497,0.143348496002882,1,0.147190969573594,8
"Vitvi09g04221",-0.192743033985348,0.260061863074121,1,0.263469869380787,4
"Vitvi09g04222",0.750289519408583,1.37448227308174e-07,0.000584429862514355,4.85406862553457e-07,55
"Vitvi09g04231",-0.750289519408583,1.37448227308175e-07,0.000584429862514362,4.85406862553457e-07,4
"Vitvi09g04257",-0.712333382215692,1.10001840416097e-06,0.00467727825449246,3.00983156659746e-06,150
"Vitvi09g04280",0.866359712001401,8.69442361037607e-12,3.69686891913191e-08,2.0768926511977e-10,21
"Vitvi09g04286",0.866359712001401,8.69442361037607e-12,3.69686891913191e-08,2.0768926511977e-10,9
"Vitvi09g04292",0.866359712001401,8.69442361037607e-12,3.69686891913191e-08,2.0768926511977e-10,8
"Vitvi09g04307",0.686348778737637,3.81502240835494e-06,0.0162214752803252,9.29065021782659e-06,27
"Vitvi09g04374",-0.404070118191778,0.0145216240588492,1,0.0164963787064458,14
"Vitvi09g04387",-0.358748001667088,0.0316645308614795,1,0.0343901877964268,6
"Vitvi09g04415",0.750289519408583,1.37448227308174e-07,0.000584429862514355,4.85406862553457e-07,46
"Vitvi09g04416",-0.750289519408583,1.37448227308175e-07,0.000584429862514362,4.85406862553457e-07,71
"Vitvi09g04421",0.750289519408583,1.37448227308174e-07,0.000584429862514355,4.85406862553457e-07,18
"Vitvi09g04430",0.56687734242067,0.000312498151787368,1,0.000496252903651279,3
"Vitvi09g04473",-0.750289519408583,1.37448227308175e-07,0.000584429862514362,4.85406862553457e-07,27
"Vitvi09g04475",-0.571208070331638,0.00027427150802485,1,0.000439578760694182,7
"Vitvi09g04495",-0.72151162192928,6.86190536909843e-07,0.00291768216294065,1.99431453379402e-06,26
"Vitvi09g04535",-0.504835052129336,0.00168932914938266,1,0.00239195056382787,14
"Vitvi09g04536",-0.587894799790146,0.000163038044203698,0.693237763954124,0.000271538489602086,31
"Vitvi09g04537",0.750289519408583,1.37448227308174e-07,0.000584429862514355,4.85406862553457e-07,48
"Vitvi09g04541",-0.595908959859492,0.00012570381227052,0.534492609774251,0.00021405390860002,6
"Vitvi09g04545",0.657859021963287,1.30025862161843e-05,0.0552869965912157,2.87354452137296e-05,57
"Vitvi09g04548",-0.49205562908958,0.00230233637504583,1,0.00321918259345441,24
"Vitvi09g04564",-0.750289519408583,1.37448227308175e-07,0.000584429862514362,4.85406862553457e-07,36
"Vitvi09g04565",-0.595908959859492,0.00012570381227052,0.534492609774251,0.00021405390860002,30
"Vitvi09g04595",-0.866359712001401,8.69442361037601e-12,3.69686891913188e-08,2.0768926511977e-10,18
"Vitvi09g04597",-0.853273117934287,3.82960321195078e-11,1.62834728572147e-07,5.92126285716901e-10,29
"Vitvi09g04607",-0.459548921427535,0.00480814938579871,1,0.00583954618349504,5
"Vitvi10g00015",-0.72151162192928,6.86190536909843e-07,0.00291768216294065,1.99431453379402e-06,230
"Vitvi10g00017",0.170169118695282,0.321079173298729,1,0.324205330056091,9
"Vitvi10g00019",0.430524779021586,0.00876561976487691,1,0.0102336722762628,5
"Vitvi10g00020",0.314936341480146,0.0613653079739033,1,0.064810057005722,6
"Vitvi10g00026",-0.689897685138033,3.24336512260011e-06,0.0137907885012957,8.00393993110609e-06,265
"Vitvi10g00027",0.246705210450572,0.146913319045593,1,0.150560480255932,20
"Vitvi10g00045",-0.314428209397787,0.0618077618339936,1,0.0650511394351834,235
"Vitvi10g00049",-0.581171762700682,0.000201731083518182,0.857760567119311,0.000330543571144243,55
"Vitvi10g00052",-0.487897282267239,0.00253992909673463,1,0.00352933938539728,8
"Vitvi10g00053",0.458486870270251,0.00491945937882392,1,0.00596621257237858,55
"Vitvi10g00082",-0.545296962533973,0.000583320667650517,1,0.000874878123051146,275
"Vitvi10g00088",-0.411175350750953,0.0127285678576514,1,0.0145021089310648,7
"Vitvi10g00090",-0.624221522900733,4.73386834040076e-05,0.20128408183384,8.85543694825518e-05,18
"Vitvi10g00092",-0.689897685138033,3.24336512260011e-06,0.0137907885012957,8.00393993110609e-06,163
"Vitvi10g00100",-0.689897685138033,3.24336512260011e-06,0.0137907885012957,8.00393993110609e-06,747
"Vitvi10g00105",-0.57638349405403,0.000234110207241294,0.995436601189981,0.000379647826540801,691
"Vitvi10g00106",-0.602696642800707,0.000100304716366618,0.426495653990861,0.000173966758223883,679
"Vitvi10g00111",-0.737939074644656,2.81075640112032e-07,0.00119513362175636,9.06778165217267e-07,5
"Vitvi10g00119",0.478898349698169,0.00312849885508842,1,0.00392864061778971,61
"Vitvi10g00131",-0.36280178007437,0.0296534634974876,1,0.0322719546432857,11
"Vitvi10g00134",0.052489390246691,0.76110402829041,1,0.76235908793659,4
"Vitvi10g00178",-0.625704236445456,4.48597482637101e-05,0.190743649617295,8.51914469036602e-05,16
"Vitvi10g00179",-0.499162748172827,0.00194102241297602,1,0.0027319521019444,5
"Vitvi10g00191",-0.336549619817019,0.0447488591013894,1,0.0478293018865601,8
"Vitvi10g00196",0.854242196177249,3.4485174125585e-11,1.46630960381987e-07,5.55420304477225e-10,14
"Vitvi10g00204",-0.420850064886269,0.010590608809886,1,0.0122069039467702,72
"Vitvi10g00210",0.381406850320213,0.0217211477857146,1,0.0240391255556634,56
"Vitvi10g00213",-0.739174142570666,2.62138710224363e-07,0.00111461379587399,8.60041509162029e-07,159
"Vitvi10g00229",0.681739249837065,4.69487569835134e-06,0.0199626114693899,1.12655820933351e-05,25
"Vitvi10g00232",0.440199493156902,0.00721598030084792,1,0.00852761207315328,10
"Vitvi10g00233",-0.676585250079207,5.89544013399361e-06,0.0250674114497408,1.38341122791064e-05,12
"Vitvi10g00235",-0.678679836599203,5.37727468533649e-06,0.0228641719620508,1.26601173654766e-05,444
"Vitvi10g00245",-0.645746403000758,2.10820008752169e-05,0.0896406677214222,4.30964748660689e-05,140
"Vitvi10g00246",-0.556181543507072,0.0004280530476983,1,0.000661126610538751,9
"Vitvi10g00249",-0.559646882600657,0.000387017462770897,1,0.000601901335662719,263
"Vitvi10g00256",0.609132556216191,8.05930710257105e-05,0.342681738001321,0.000143082145303266,5
"Vitvi10g00274",-0.596032931351327,0.000125192354329375,0.532317890608501,0.000213353863971343,122
"Vitvi10g00286",0.645026290982713,2.16821658838383e-05,0.0921925693380805,4.40691058021417e-05,59
"Vitvi10g00290",-0.811197641171135,1.97404473660502e-09,8.39363822004454e-06,1.4079574274625e-08,317
"Vitvi10g00307",-0.750289519408583,1.37448227308175e-07,0.000584429862514362,4.85406862553457e-07,588
"Vitvi10g00344",-0.550184244324302,0.000508303496349478,1,0.000769696035070506,5
"Vitvi10g00359",-0.900005561099491,8.21102122871127e-14,3.49132622644803e-10,3.49132622644803e-11,600
"Vitvi10g00372",-0.796625228455486,6.19268510389328e-09,2.63312970617542e-05,3.77851413201194e-08,164
"Vitvi10g00382",0.256379924585888,0.131210130347675,1,0.134890104989921,3
"Vitvi10g00400",0.537084619459437,0.000731709404133349,1,0.00107878931566402,51
"Vitvi10g00413",-0.661853063790958,1.10347350043172e-05,0.0469196932383569,2.45524297427299e-05,16
"Vitvi10g00414",-0.858025428648613,2.27373223068884e-11,9.66790944488895e-08,4.83395472244448e-10,815
"Vitvi10g00422",-0.825276366486452,5.93590861645896e-10,2.52394834371835e-06,6.20134728186327e-09,220
"Vitvi10g00436",-0.824356049428621,6.44165101155286e-10,2.73899001011227e-06,6.32561203259186e-09,526
"Vitvi10g00437",0.750289519408583,1.37448227308174e-07,0.000584429862514355,4.85406862553457e-07,16
"Vitvi10g00470",-0.478898349698169,0.00312849885508842,1,0.00392864061778971,50
"Vitvi10g00485",0.198331639773989,0.24622943838985,1,0.249575106563443,30
"Vitvi10g00487",-0.478898349698169,0.00312849885508842,1,0.00392864061778971,448
"Vitvi10g00503",-0.712333382215692,1.10001840416097e-06,0.00467727825449246,3.00983156659746e-06,645
"Vitvi10g00509",0.850316013631005,5.24901265229646e-11,2.23188017975646e-07,7.94263409165998e-10,4
"Vitvi10g00523",-0.725588629880729,5.53108756705168e-07,0.00235181843351037,1.6411852292466e-06,723
"Vitvi10g00524",-0.682362073206983,4.56604657723525e-06,0.0194148300464043,1.09688305346917e-05,106
"Vitvi10g00562",-0.713238185116801,1.05085825073373e-06,0.00446824928211982,2.88847560159252e-06,300
"Vitvi10g00567",0.793634705971654,7.74198268554391e-09,3.29189103789327e-05,4.58480645946141e-08,65
"Vitvi10g00576",-0.645746403000758,2.10820008752169e-05,0.0896406677214222,4.30964748660689e-05,198
"Vitvi10g00593",-0.275729352856521,0.103584434864025,1,0.107241542985593,42
"Vitvi10g00597",-0.36280178007437,0.0296534634974876,1,0.0322719546432857,12
"Vitvi10g00602",0.343452351803737,0.0402822983143647,1,0.043165406359042,60
"Vitvi10g00605",-0.478898349698169,0.00312849885508842,1,0.00392864061778971,3
"Vitvi10g00612",-0.556734056756734,0.000421261179223091,1,0.000651346376020575,460
"Vitvi10g00613",-0.762622932118971,6.45003996167871e-08,0.000274255699170579,3.05407237383718e-07,150
"Vitvi10g00629",-0.645746403000758,2.10820008752169e-05,0.0896406677214222,4.30964748660689e-05,414
"Vitvi10g00647",0.577383292713601,0.000226988801827678,0.965156385371287,0.000370501491505294,148
"Vitvi10g00652",-0.750289519408583,1.37448227308175e-07,0.000584429862514362,4.85406862553457e-07,561
"Vitvi10g00655",-0.84929234540537,5.84515727445745e-11,2.48536087309931e-07,8.59986461280037e-10,304
"Vitvi10g00663",-0.726610643992385,5.23697027742696e-07,0.00222675976196194,1.57590924413442e-06,27
"Vitvi10g00667",-0.783394258152665,1.61926462779259e-08,6.88511319737408e-05,8.82706820176164e-08,191
"Vitvi10g00668",-0.673070912329788,6.86813950157651e-06,0.0292033291607033,1.58112231514366e-05,451
"Vitvi10g00669",-0.824392187992147,6.42105911361328e-10,2.73023433510837e-06,6.32561203259186e-09,151
"Vitvi10g00687",0.483897193788613,0.00278840023915126,1,0.00385319396063412,3
"Vitvi10g00694",0.607183863152047,8.61562165129027e-05,0.366336232612862,0.000152513002753065,23
"Vitvi10g00720",0.666952085854063,8.91726473849355e-06,0.0379162096680746,2.01789301054149e-05,49
"Vitvi10g00740",-0.806340170265918,2.92063171751105e-09,1.2418526062857e-05,1.99334286723226e-08,246
"Vitvi10g00759",-0.716412599866176,8.93892664680424e-07,0.00380083161022116,2.50714486162346e-06,108
"Vitvi10g00764",-0.713238185116801,1.05085825073373e-06,0.00446824928211982,2.88847560159252e-06,364
"Vitvi10g00787",-0.602582743783759,0.000100689603007756,0.428132191988977,0.000173966758223883,162
"Vitvi10g00788",-0.478898349698169,0.00312849885508842,1,0.00392864061778971,176
"Vitvi10g00811",-0.266054638721205,0.116785634586865,1,0.120381216548691,6
"Vitvi10g00827",0.762447887613823,6.52172428537998e-08,0.000277303716614357,3.07773270382194e-07,10
"Vitvi10g00835",-0.449874207292219,0.00590725996608227,1,0.00705354377303617,65
"Vitvi10g00851",-0.449874207292219,0.00590725996608227,1,0.00705354377303617,69
"Vitvi10g00858",-0.478898349698169,0.00312849885508842,1,0.00392864061778971,187
"Vitvi10g00870",-0.719413407498765,7.65599059629684e-07,0.00325532720154542,2.19213952966023e-06,90
"Vitvi10g00879",-0.82902360477862,4.23397938922474e-10,1.80028803629836e-06,4.58088558854544e-09,156
"Vitvi10g00882",-0.545296962533973,0.000583320667650517,1,0.000874878123051146,36
"Vitvi10g00902",-0.478136307567548,0.00318339348719661,1,0.00398697764582032,59
"Vitvi10g00903",0.800004596419964,4.79020418776384e-09,2.03679482063719e-05,3.04453635371777e-08,5
"Vitvi10g00905",-0.611347015814401,7.46660108222798e-05,0.317479878016334,0.000134868257441093,514
"Vitvi10g00913",-0.237030496315255,0.163946637501507,1,0.167572380446252,11
"Vitvi10g00931",-0.833655021565093,2.75698823891264e-10,1.17227139918566e-06,3.35894383720823e-09,133
"Vitvi10g00949",-0.759552352981529,7.81948005924383e-08,0.000332484292119048,3.59442477966538e-07,852
"Vitvi10g00977",0.750289519408583,1.37448227308174e-07,0.000584429862514355,4.85406862553457e-07,36
"Vitvi10g00984",0.789157076468506,1.07431838963728e-08,4.56800179273771e-05,6.18970432620285e-08,15
"Vitvi10g00992",-0.605763821096809,9.04256913355846e-05,0.384490039558906,0.000159804671470867,14
"Vitvi10g01016",-0.684288760868618,4.18769069394475e-06,0.0178060608306531,1.01113349407456e-05,635
"Vitvi10g01020",0.537787066797751,0.000717822399941177,1,0.0010623671578663,39
"Vitvi10g01032",-0.478898349698169,0.00312849885508842,1,0.00392864061778971,19
"Vitvi10g01035",-0.272648481266987,0.107659058362385,1,0.111351572891477,95
"Vitvi10g01070",-0.509455846512001,0.00150595314155585,1,0.00213980495983856,16
"Vitvi10g01092",-0.430524779021586,0.00876561976487687,1,0.0102336722762628,19
"Vitvi10g01107",-0.745986927832182,1.77160876753437e-07,0.000753288047955612,6.07490361254526e-07,416
"Vitvi10g01155",-0.304753495262471,0.0707229426338605,1,0.0740492371532073,42
"Vitvi10g01164",-0.420850064886269,0.010590608809886,1,0.0122069039467702,59
"Vitvi10g01213",0.688537295588947,3.45252458433688e-06,0.0146801345326004,8.45143035843437e-06,6
"Vitvi10g01336",0.478898349698169,0.00312849885508842,1,0.00392864061778971,49
"Vitvi10g01457",0.718227772031825,8.14118430954396e-07,0.00346163156841809,2.31857439277836e-06,7
"Vitvi10g01507",-0.695506609407448,2.49770503451919e-06,0.0106202418067756,6.35942623160216e-06,126
"Vitvi10g01544",0.706590899510247,1.4645300251563e-06,0.00622718166696457,3.92882124098711e-06,6
"Vitvi10g01548",-0.440199493156902,0.00721598030084795,1,0.00852761207315328,307
"Vitvi10g01585",0.750289519408583,1.37448227308174e-07,0.000584429862514355,4.85406862553457e-07,44
"Vitvi10g01594",-0.581171762700682,0.000201731083518182,0.857760567119311,0.000330543571144243,18
"Vitvi10g01615",-0.752525658230247,1.20220065778033e-07,0.000511175719688197,4.85406862553457e-07,30
"Vitvi10g01616",-0.411175350750953,0.0127285678576514,1,0.0145021089310648,218
"Vitvi10g01620",-0.728620635782456,4.70004674668994e-07,0.00199845987669256,1.42747134049469e-06,95
"Vitvi10g01644",0.638571442967416,2.77964224488528e-05,0.118190388252522,5.50234582181201e-05,3
"Vitvi10g01666",-0.757765461213755,8.7352027677505e-08,0.000371420821684751,3.98948251004029e-07,123
"Vitvi10g01674",-0.602696642800707,0.000100304716366618,0.426495653990861,0.000173966758223883,3
"Vitvi10g01675",0.420850064886269,0.010590608809886,1,0.0122069039467702,37
"Vitvi10g01678",0.636304189479912,3.02901084495819e-05,0.128793541127622,5.97095693683923e-05,4
"Vitvi10g01686",0.648251571714331,1.91097556883531e-05,0.0812546811868772,4.11624524756217e-05,10
"Vitvi10g01689",0.624221522900733,4.73386834040072e-05,0.201284081833839,8.85543694825518e-05,5
"Vitvi10g01696",-0.750289519408583,1.37448227308175e-07,0.000584429862514362,4.85406862553457e-07,5
"Vitvi10g01697",0.707062962734838,1.43083923232173e-06,0.006083928415832,3.85302622915272e-06,5
"Vitvi10g01699",0.469223635562852,0.00389036020229627,1,0.00480587204537007,3
"Vitvi10g01700",-0.633808442443884,3.32682188097717e-05,0.141456466379149,6.50973154068795e-05,301
"Vitvi10g01710",0.630607415401682,3.7475572466925e-05,0.159346134129365,7.19395639410226e-05,58
"Vitvi10g01729",-0.500193012939056,0.00189300421286763,1,0.00266613246542337,7
"Vitvi10g01740",-0.667956482738606,8.54666848864382e-06,0.0363404344137135,1.94333873870126e-05,15
"Vitvi10g01746",-0.748744122259241,1.50654856102604e-07,0.000640584448148274,5.27664290072713e-07,127
"Vitvi10g01753",0.315698241467037,0.0607065836515665,1,0.0641462210950449,3
"Vitvi10g01760",-0.651485961297165,1.68115837483811e-05,0.0714828540981165,3.6489460999549e-05,33
"Vitvi10g01770",-0.645746403000758,2.10820008752169e-05,0.0896406677214222,4.30964748660689e-05,145
"Vitvi10g01771",0.781169639211615,1.89091966969053e-08,8.04019043552414e-05,1.01645896782859e-07,42
"Vitvi10g01778",0.751741964893971,1.26017247517737e-07,0.000535825336445417,4.85406862553457e-07,11
"Vitvi10g01787",-0.816811769737353,1.23759826433008e-09,5.26226781993152e-06,9.4305874909167e-09,10
"Vitvi10g01790",0.624221522900733,4.73386834040072e-05,0.201284081833839,8.85543694825518e-05,13
"Vitvi10g01798",-0.500723966596857,0.00186866680598432,1,0.00263360001957088,5
"Vitvi10g01812",-0.814360012432399,1.52044304968698e-09,6.46492384726903e-06,1.13221083139563e-08,16
"Vitvi10g01835",-0.478898349698169,0.00312849885508842,1,0.00392864061778971,186
"Vitvi10g01839",0.545296962533973,0.000583320667650517,1,0.000874878123051146,38
"Vitvi10g01851",0.682759054249686,4.4856262078476e-06,0.019072882635768,1.08000467926206e-05,42
"Vitvi10g01852",-0.478898349698169,0.00312849885508842,1,0.00392864061778971,281
"Vitvi10g01854",-0.459548921427535,0.00480814938579871,1,0.00583954618349504,77
"Vitvi10g01857",-0.478898349698169,0.00312849885508842,1,0.00392864061778971,105
"Vitvi10g01858",-0.246705210450572,0.146913319045593,1,0.150560480255932,3
"Vitvi10g01859",-0.582933306486462,0.000190869311580325,0.811576312839542,0.000314686433826889,82
"Vitvi10g01860",-0.645746403000758,2.10820008752169e-05,0.0896406677214222,4.30964748660689e-05,354
"Vitvi10g01862",-0.561359157487907,0.000368067000659128,1,0.000576859891928718,3
"Vitvi10g01875",-0.611943347205398,7.31386206449782e-05,0.310985414982447,0.000132221690043558,5
"Vitvi10g01880",-0.650635215252128,1.73903596896964e-05,0.0739438094005891,3.76112967449589e-05,131
"Vitvi10g01888",-0.750289519408583,1.37448227308175e-07,0.000584429862514362,4.85406862553457e-07,374
"Vitvi10g01892",-0.805866520846256,3.0325679100921e-09,1.28944787537116e-05,2.0499966222117e-08,683
"Vitvi10g01910",-0.757204776371011,9.04231920805605e-08,0.000384479412726543,4.08152242809499e-07,7
"Vitvi10g01912",-0.645746403000758,2.10820008752169e-05,0.0896406677214222,4.30964748660689e-05,31
"Vitvi10g01931",0.459548921427535,0.00480814938579871,1,0.00583954618349504,3
"Vitvi10g01935",0.304753495262471,0.0707229426338605,1,0.0740492371532073,12
"Vitvi10g01952",0.750289519408583,1.37448227308174e-07,0.000584429862514355,4.85406862553457e-07,68
"Vitvi10g02015",-0.645746403000758,2.10820008752169e-05,0.0896406677214222,4.30964748660689e-05,13
"Vitvi10g02023",-0.43661267804615,0.00776062678887459,1,0.009145838444095,4
"Vitvi10g02024",-0.638571442967416,2.77964224488528e-05,0.118190388252522,5.50234582181201e-05,7
"Vitvi10g02037",0.75441642621575,1.07231136608592e-07,0.000455946792859733,4.734649977775e-07,65
"Vitvi10g02048",-0.398301843636655,0.0161294743669046,1,0.01813393046221,26
"Vitvi10g02165",0.459548921427535,0.00480814938579871,1,0.00583954618349504,7
"Vitvi10g02177",-0.866758511891856,8.29025229610732e-12,3.52501527630483e-08,2.0768926511977e-10,443
"Vitvi10g02178",0.324102923533104,0.0538052002373616,1,0.0569103759724531,120
"Vitvi10g02185",-0.484754956984147,0.00273340432550801,1,0.00378580950881436,78
"Vitvi10g02212",0.353127065939054,0.0346365270501542,1,0.0373414079658357,56
"Vitvi10g02216",0.478898349698169,0.00312849885508842,1,0.00392864061778971,90
"Vitvi10g02283",0.772686212351604,3.3618128044453e-08,0.000142944280445014,1.70374589326596e-07,99
"Vitvi10g02284",0.569833681621598,0.000285923238424701,1,0.000455676765285544,188
"Vitvi10g02300",0.669834357002478,7.89120547599315e-06,0.0335534056839229,1.80297719956598e-05,5
"Vitvi10g02309",-0.848818436201521,6.14198049747315e-11,2.61157010752558e-07,8.73434818570429e-10,5
"Vitvi10g02322",0.569833681621598,0.000285923238424701,1,0.000455676765285544,121
"Vitvi10g02328",-0.624221522900733,4.73386834040076e-05,0.20128408183384,8.85543694825518e-05,43
"Vitvi10g02340",-0.791772806368201,8.88042451590357e-09,3.7759565041622e-05,5.16737946007409e-08,355
"Vitvi10g02343",-0.36280178007437,0.0296534634974876,1,0.0322719546432857,82
"Vitvi10g02346",-0.478898349698169,0.00312849885508842,1,0.00392864061778971,4
"Vitvi10g02384",-0.631396482934074,3.63959573998368e-05,0.154755610864106,6.99618493960706e-05,26
"Vitvi10g04044",0.604749237293735,9.35919059066925e-05,0.397952783915256,0.000165331443255196,30
"Vitvi10g04045",-0.680719445424445,4.91300614626659e-06,0.0208901021339255,1.1745248851251e-05,393
"Vitvi10g04050",-0.39182592248032,0.0181099832764267,1,0.0201791532734188,3
"Vitvi10g04051",0.430524779021586,0.00876561976487691,1,0.0102336722762628,96
"Vitvi10g04052",-0.589483118918895,0.000154932061894313,0.658771127174619,0.000259767794627216,177
"Vitvi10g04053",0.624221522900733,4.73386834040072e-05,0.201284081833839,8.85543694825518e-05,18
"Vitvi10g04054",0.811139465780844,1.98345837029641e-09,8.43366499050032e-06,1.4079574274625e-08,7
"Vitvi10g04063",0.816811769737353,1.23759826433005e-09,5.26226781993139e-06,9.4305874909167e-09,19
"Vitvi10g04071",-0.658646984721343,1.25907787335333e-05,0.0535359911749836,2.78978588717997e-05,16
"Vitvi10g04092",0.638571442967416,2.77964224488528e-05,0.118190388252522,5.50234582181201e-05,130
"Vitvi10g04093",-0.628781993513488,4.00851400439236e-05,0.170442015466763,7.66375968825374e-05,8
"Vitvi10g04100",-0.484754956984147,0.00273340432550801,1,0.00378580950881436,18
"Vitvi10g04114",-0.503852209350171,0.00173076931697138,1,0.00244655290417629,4
"Vitvi10g04123",-0.67572335804089,6.12158813557575e-06,0.0260289927524681,1.4293790638368e-05,10
"Vitvi10g04124",0.772885796541321,3.31754606284914e-08,0.000141062058592345,1.68331812162703e-07,5
"Vitvi10g04179",0.816811769737353,1.23759826433005e-09,5.26226781993139e-06,9.4305874909167e-09,9
"Vitvi10g04202",0.645746403000758,2.10820008752171e-05,0.0896406677214233,4.30964748660689e-05,38
"Vitvi10g04203",-0.527238881325001,0.000953013587393213,1,0.00138632014149707,8
"Vitvi10g04213",-0.0463141678647274,0.788528572750512,1,0.789642838279599,6
"Vitvi10g04230",0.609871602834049,7.8569440725387e-05,0.334077261964345,0.000140723362242774,3
"Vitvi10g04236",0.816811769737353,1.23759826433005e-09,5.26226781993139e-06,9.4305874909167e-09,28
"Vitvi10g04240",0.609871602834049,7.8569440725387e-05,0.334077261964345,0.000140723362242774,29
"Vitvi10g04242",-0.550184244324302,0.000508303496349478,1,0.000769696035070506,91
"Vitvi10g04262",-0.645746403000758,2.10820008752169e-05,0.0896406677214222,4.30964748660689e-05,36
"Vitvi10g04276",-0.798754929881148,5.27034919958902e-09,2.24095247966525e-05,3.23837063535441e-08,72
"Vitvi10g04280",0.570206753557347,0.000282717461398057,1,0.000452944478471943,3
"Vitvi10g04285",-0.87985813675672,1.58515090510686e-12,6.74006164851438e-09,1.10492813910072e-10,438
"Vitvi10g04289",-0.703365690607165,1.71488287988333e-06,0.00729168200526393,4.54310405312394e-06,4
"Vitvi10g04292",-0.571208070331638,0.00027427150802485,1,0.000439578760694182,4
"Vitvi10g04295",0.641881618378352,2.44890860182794e-05,0.104127593749724,4.96318368683146e-05,37
"Vitvi10g04296",-0.757204776371011,9.04231920805605e-08,0.000384479412726543,4.08152242809499e-07,11
"Vitvi10g04326",0.444847522067189,0.00655916257134087,1,0.00781658050822348,99
"Vitvi10g04333",0.771433338085278,3.65240298083622e-08,0.000155300174745156,1.83136998520236e-07,4
"Vitvi10g04371",-0.759552352981529,7.81948005924383e-08,0.000332484292119048,3.59442477966538e-07,171
"Vitvi10g04372",0.565032847949674,0.00033017584284581,1,0.000521704824890517,44
"Vitvi10g04378",-0.775015709937128,2.877549264785e-08,0.000122353394738658,1.48487129537207e-07,14
"Vitvi10g04381",0.718905693972024,7.86041300112868e-07,0.00334224760807992,2.2476446590988e-06,150
"Vitvi10g04385",-0.655224335108922,1.44701321343351e-05,0.061527001835193,3.16822872477822e-05,29
"Vitvi10g04463",-0.816811769737353,1.23759826433008e-09,5.26226781993152e-06,9.4305874909167e-09,17
"Vitvi10g04464",-0.816811769737353,1.23759826433008e-09,5.26226781993152e-06,9.4305874909167e-09,22
"Vitvi10g04478",-0.757204776371011,9.04231920805605e-08,0.000384479412726543,4.08152242809499e-07,118
"Vitvi10g04490",-0.757204776371011,9.04231920805605e-08,0.000384479412726543,4.08152242809499e-07,24
"Vitvi10g04504",0.799794857867825,4.86784757509085e-09,2.06980878892863e-05,3.07093292125909e-08,17
"Vitvi10g04508",-0.631396482934074,3.63959573998368e-05,0.154755610864106,6.99618493960706e-05,3
"Vitvi10g04511",-0.478898349698169,0.00312849885508842,1,0.00392864061778971,3
"Vitvi10g04621",0.0241867853382913,0.888644610531406,1,0.88906279623048,5
"Vitvi10g04641",-0.478898349698169,0.00312849885508842,1,0.00392864061778971,11
"Vitvi10g04646",-0.690081101184438,3.21606947163821e-06,0.0136747273934057,8.00159590017886e-06,16
"Vitvi10g04650",0.847064057505404,7.36739697923236e-11,3.1326171955696e-07,1.04073660982379e-09,8
"Vitvi10g04668",0.805428356395692,3.13964896328463e-09,1.33497873918863e-05,2.06653055601957e-08,12
"Vitvi10g04699",-0.420850064886269,0.010590608809886,1,0.0122069039467702,7
"Vitvi10g04709",-0.816811769737353,1.23759826433008e-09,5.26226781993152e-06,9.4305874909167e-09,11
"Vitvi10g04719",0.382151208345003,0.0214447164072558,1,0.0237393736432314,5
"Vitvi11g00009",-0.478898349698169,0.00312849885508842,1,0.00392864061778971,156
"Vitvi11g00012",0.617046562867391,6.11763032283901e-05,0.260121641327115,0.000112169746152271,20
"Vitvi11g00013",-0.509422162367264,0.00150722386046954,1,0.00213980495983856,126
"Vitvi11g00016",-0.808995377700137,2.36091949141347e-09,1.00386296774901e-05,1.62437373422169e-08,520
"Vitvi11g00030",-0.713929555135105,1.01466233472939e-06,0.00431434424726937,2.81799101715831e-06,171
"Vitvi11g00038",-0.825770053886784,5.68006945783812e-10,2.41516553347277e-06,5.99296658429968e-09,563
"Vitvi11g00041",-0.39182592248032,0.0181099832764267,1,0.0201791532734188,308
"Vitvi11g00045",0.555770014376728,0.000433175063068111,1,0.000668794614439219,18
"Vitvi11g00046",0.67618685082502,5.99900909659363e-06,0.0255077866787161,1.40384076382587e-05,3
"Vitvi11g00052",-0.484754956984147,0.00273340432550801,1,0.00378580950881436,5
"Vitvi11g00053",-0.737939074644656,2.81075640112032e-07,0.00119513362175636,9.06778165217267e-07,379
"Vitvi11g00066",0.750289519408583,1.37448227308174e-07,0.000584429862514355,4.85406862553457e-07,20
"Vitvi11g00071",0.653184726283681,1.57079589994456e-05,0.0667902416656427,3.42689798181851e-05,50
"Vitvi11g00075",0.679593355260184,5.16459519214061e-06,0.0219598587569819,1.23162415911284e-05,21
"Vitvi11g00083",-0.295078781127154,0.0806150363631191,1,0.0841372446283708,3
"Vitvi11g00089",-0.871125053513477,4.87284258467059e-12,2.07193266700193e-08,1.99224294904032e-10,787
"Vitvi11g00097",-0.623953435216034,4.77998991152752e-05,0.20324517103815,8.92992842874131e-05,6
"Vitvi11g00099",-0.739660342385221,2.55011768706505e-07,0.00108431004054006,8.3795211788258e-07,3
"Vitvi11g00101",0.766637161721592,4.99293925844508e-08,0.000212299777269085,2.42628316878957e-07,7
"Vitvi11g00129",-0.478898349698169,0.00312849885508842,1,0.00392864061778971,195
"Vitvi11g00140",0.6297292247934,3.87111621423616e-05,0.164599861429322,7.41774950109607e-05,26
"Vitvi11g00156",0.819235825519126,1.00667411024499e-09,4.28037831676171e-06,9.08785205257285e-09,58
"Vitvi11g00157",-0.420850064886269,0.010590608809886,1,0.0122069039467702,9
"Vitvi11g00175",-0.593480498600504,0.000136109151071472,0.578736110355901,0.000229839599029349,105
"Vitvi11g00193",-0.645746403000758,2.10820008752169e-05,0.0896406677214222,4.30964748660689e-05,10
"Vitvi11g00199",0.707062962734838,1.43083923232173e-06,0.006083928415832,3.85302622915272e-06,6
"Vitvi11g00200",-0.745986927832182,1.77160876753437e-07,0.000753288047955612,6.07490361254526e-07,12
"Vitvi11g00207",-0.179374000833544,0.295200389027218,1,0.298499893969972,7
"Vitvi11g00217",-0.854242196177249,3.44851741255845e-11,1.46630960381985e-07,5.55420304477225e-10,38
"Vitvi11g00231",0.571208070331638,0.00027427150802485,1,0.000439578760694182,3
"Vitvi11g00241",-0.645746403000758,2.10820008752169e-05,0.0896406677214222,4.30964748660689e-05,32
"Vitvi11g00243",-0.667461988060373,8.72733258323926e-06,0.0371086181439333,1.97596475739794e-05,455
"Vitvi11g00245",0.622232181081055,5.08592315170762e-05,0.216253452410608,9.4433822013366e-05,54
"Vitvi11g00247",-0.333777637668421,0.0466511603903606,1,0.0496522488059608,31
"Vitvi11g00249",-0.624221522900733,4.73386834040076e-05,0.20128408183384,8.85543694825518e-05,328
"Vitvi11g00256",-0.661853063790958,1.10347350043172e-05,0.0469196932383569,2.45524297427299e-05,259
"Vitvi11g00257",-0.750289519408583,1.37448227308175e-07,0.000584429862514362,4.85406862553457e-07,7
"Vitvi11g00269",-0.430524779021586,0.00876561976487687,1,0.0102336722762628,4
"Vitvi11g00273",-0.552471922567315,0.000476236747738388,1,0.000728926800354079,4
"Vitvi11g00285",-0.757204776371011,9.04231920805605e-08,0.000384479412726543,4.08152242809499e-07,29
"Vitvi11g00286",-0.886164852207616,6.66505841513954e-13,2.83398283811733e-09,8.26507191225227e-11,27
"Vitvi11g00293",0.662292600465601,1.08356416478719e-05,0.0460731482867515,2.42107978385452e-05,11
"Vitvi11g00317",-0.602696642800707,0.000100304716366618,0.426495653990861,0.000173966758223883,130
"Vitvi11g00318",0.420850064886269,0.010590608809886,1,0.0122069039467702,3
"Vitvi11g00339",-0.839620214717407,1.55571305453463e-10,6.61489190788123e-07,2.03535135627115e-09,49
"Vitvi11g00343",0.478898349698169,0.00312849885508842,1,0.00392864061778971,4
"Vitvi11g00346",-0.715239517621592,9.49200306969447e-07,0.00403599970523409,2.65177378793304e-06,22
"Vitvi11g00360",-0.690917489550654,3.09424313313362e-06,0.0131567218020842,7.71655237658895e-06,714
"Vitvi11g00365",-0.871125053513477,4.87284258467059e-12,2.07193266700193e-08,1.99224294904032e-10,749
"Vitvi11g00376",0.566821842633998,0.000313017471211837,1,0.000496252903651279,3
"Vitvi11g00394",0.762913362514686,6.33270577135278e-08,0.00026926664939792,3.00520814060179e-07,23
"Vitvi11g00395",-0.382151208345003,0.0214447164072558,1,0.0237393736432314,643
"Vitvi11g00398",-0.871125053513477,4.87284258467059e-12,2.07193266700193e-08,1.99224294904032e-10,844
"Vitvi11g00401",-0.602582743783759,0.000100689603007756,0.428132191988977,0.000173966758223883,849
"Vitvi11g00408",-0.645026290982713,2.1682165883838e-05,0.0921925693380792,4.40691058021417e-05,178
"Vitvi11g00412",-0.333777637668421,0.0466511603903606,1,0.0496522488059608,288
"Vitvi11g00439",0.36280178007437,0.0296534634974875,1,0.0322719546432857,16
"Vitvi11g00451",-0.814115601609632,1.55170655744904e-09,6.59785628227331e-06,1.13952612819919e-08,374
"Vitvi11g00460",-0.726054906433203,5.39506797819202e-07,0.00229398290432725,1.61775945298115e-06,35
"Vitvi11g00467",0.793634705971654,7.74198268554391e-09,3.29189103789327e-05,4.58480645946141e-08,58
"Vitvi11g00469",-0.661853063790958,1.10347350043172e-05,0.0469196932383569,2.45524297427299e-05,168
"Vitvi11g00477",-0.719413407498765,7.65599059629684e-07,0.00325532720154542,2.19213952966023e-06,59
"Vitvi11g00479",0.595521682767366,0.000127313692999973,0.541337822635886,0.000215500725571611,26
"Vitvi11g00480",-0.884224678378342,8.74713631353133e-13,3.71928236051352e-09,8.26507191225227e-11,938
"Vitvi11g00488",0.420850064886269,0.010590608809886,1,0.0122069039467702,53
"Vitvi11g00505",0.343452351803737,0.0402822983143647,1,0.043165406359042,6
"Vitvi11g00518",-0.700887740352874,1.93323218581868e-06,0.00822010325410102,5.0092036892755e-06,538
"Vitvi11g00539",-0.819235825519126,1.00667411024502e-09,4.28037831676181e-06,9.08785205257285e-09,708
"Vitvi11g00580",0.324102923533104,0.0538052002373616,1,0.0569103759724531,96
"Vitvi11g00581",-0.478898349698169,0.00312849885508842,1,0.00392864061778971,44
"Vitvi11g00583",-0.614426869139345,6.70761366360175e-05,0.285207732976347,0.000121831581792544,45
"Vitvi11g00584",-0.750289519408583,1.37448227308175e-07,0.000584429862514362,4.85406862553457e-07,75
"Vitvi11g00598",-0.343452351803737,0.0402822983143647,1,0.043165406359042,70
"Vitvi11g00603",-0.509422162367264,0.00150722386046954,1,0.00213980495983856,25
"Vitvi11g00613",0.440199493156902,0.00721598030084792,1,0.00852761207315328,4
"Vitvi11g00708",-0.631396482934074,3.63959573998368e-05,0.154755610864106,6.99618493960706e-05,175
"Vitvi11g00712",-0.846241370881337,8.01723622824422e-11,3.40892884424944e-07,1.12505902450477e-09,175
"Vitvi11g00726",-0.669331866868109,8.06194923971235e-06,0.0342794081672569,1.83606899663936e-05,25
"Vitvi11g00730",-0.874344762938948,3.25230629616806e-12,1.38288063713066e-08,1.72860079641333e-10,10
"Vitvi11g00798",-0.478898349698169,0.00312849885508842,1,0.00392864061778971,31
"Vitvi11g00814",0.631396482934074,3.63959573998373e-05,0.154755610864108,6.99618493960706e-05,12
"Vitvi11g00815",-0.731763852262692,3.96103875756545e-07,0.00168423367971683,1.22320173824875e-06,29
"Vitvi11g00838",-0.875491595135099,2.808569499545e-12,1.19420375120653e-08,1.55091396260589e-10,228
"Vitvi11g00865",-0.581171762700682,0.000201731083518182,0.857760567119311,0.000330543571144243,3
"Vitvi11g00900",-0.694712517970911,2.59273082141354e-06,0.0110242914526504,6.56598657096511e-06,40
"Vitvi11g00927",0.478898349698169,0.00312849885508842,1,0.00392864061778971,10
"Vitvi11g01055",-0.563283869189166,0.00034775734695725,1,0.000546035538870837,324
"Vitvi11g01075",-0.819235825519126,1.00667411024502e-09,4.28037831676181e-06,9.08785205257285e-09,528
"Vitvi11g01134",-0.871125053513477,4.87284258467059e-12,2.07193266700193e-08,1.99224294904032e-10,670
"Vitvi11g01228",-0.819760771205674,9.62256253728296e-10,4.09151359085271e-06,8.93343578788802e-09,601
"Vitvi11g01243",-0.275729352856521,0.103584434864025,1,0.107241542985593,24
"Vitvi11g01251",0.680676474781128,4.92239733135686e-06,0.0209300334529294,1.1745248851251e-05,6
"Vitvi11g01295",-0.745986927832182,1.77160876753437e-07,0.000753288047955612,6.07490361254526e-07,213
"Vitvi11g01310",-0.706724457946277,1.45492503654476e-06,0.00618634125538832,3.90798563195725e-06,530
"Vitvi11g01328",0.478898349698169,0.00312849885508842,1,0.00392864061778971,19
"Vitvi11g01329",0.478898349698169,0.00312849885508842,1,0.00392864061778971,3
"Vitvi11g01345",0.563283869189166,0.00034775734695725,1,0.000546035538870837,38
"Vitvi11g01385",-0.684288760868618,4.18769069394475e-06,0.0178060608306531,1.01113349407456e-05,579
"Vitvi11g01393",0.57638349405403,0.000234110207241291,0.995436601189969,0.000379647826540801,4
"Vitvi11g01394",-0.796427555376832,6.2854757782867e-09,2.6725843009275e-05,3.82343962936696e-08,333
"Vitvi11g01403",0.469223635562852,0.00389036020229627,1,0.00480587204537007,4
"Vitvi11g01442",0.602696642800707,0.000100304716366617,0.426495653990854,0.000173966758223883,93
"Vitvi11g01446",0.346686631111758,0.038317471540682,1,0.0412784111960932,4
"Vitvi11g01457",-0.499162748172827,0.00194102241297602,1,0.0027319521019444,3
"Vitvi11g01463",-0.622590593905054,5.02079776036085e-05,0.213484320770543,9.35104339774609e-05,4
"Vitvi11g01468",-0.842305878810776,1.19326396179529e-10,5.07375836555355e-07,1.58554948923549e-09,4
"Vitvi11g01475",0.691230227781763,3.04978550862639e-06,0.0129676879826794,7.64153681949288e-06,3
"Vitvi11g01488",-0.716412599866176,8.93892664680424e-07,0.00380083161022116,2.50714486162346e-06,6
"Vitvi11g01513",0.36280178007437,0.0296534634974875,1,0.0322719546432857,3
"Vitvi11g01516",-0.645026290982713,2.1682165883838e-05,0.0921925693380792,4.40691058021417e-05,263
"Vitvi11g01564",0.750289519408583,1.37448227308174e-07,0.000584429862514355,4.85406862553457e-07,39
"Vitvi11g01623",-0.517435182162141,0.00123020463625639,1,0.00177076171745504,28
"Vitvi11g01630",-0.423322641967163,0.0100959760440297,1,0.0117546796657214,168
"Vitvi11g01637",0.854242196177249,3.4485174125585e-11,1.46630960381987e-07,5.55420304477225e-10,5
"Vitvi11g01641",0.506332890866272,0.00162784993362935,1,0.00230566886002398,42
"Vitvi11g01645",-0.705194751327346,1.5684743344541e-06,0.00666915287009884,4.17866721184138e-06,3
"Vitvi11g01650",-0.791772806368201,8.88042451590357e-09,3.7759565041622e-05,5.16737946007409e-08,275
"Vitvi11g01675",-0.602582743783759,0.000100689603007756,0.428132191988977,0.000173966758223883,114
"Vitvi11g01686",-0.646046095395334,2.08367040612724e-05,0.0885976656685301,4.30964748660689e-05,6
"Vitvi11g01687",-0.702135338089483,1.82030197222227e-06,0.00773992398588907,4.80442208931662e-06,6
"Vitvi11g04001",0.816811769737353,1.23759826433005e-09,5.26226781993139e-06,9.4305874909167e-09,19
"Vitvi11g04013",0.430524779021586,0.00876561976487691,1,0.0102336722762628,5
"Vitvi11g04015",-0.550184244324302,0.000508303496349478,1,0.000769696035070506,5
"Vitvi11g04039",-0.819760771205674,9.62256253728296e-10,4.09151359085271e-06,8.93343578788802e-09,563
"Vitvi11g04085",0.39182592248032,0.0181099832764267,1,0.0201791532734188,14
"Vitvi11g04123",0.750289519408583,1.37448227308174e-07,0.000584429862514355,4.85406862553457e-07,30
"Vitvi11g04169",-0.675869556053279,6.0826788685198e-06,0.0258635505489462,1.42107420598606e-05,331
"Vitvi11g04175",-0.750289519408583,1.37448227308175e-07,0.000584429862514362,4.85406862553457e-07,19
"Vitvi11g04200",-0.36280178007437,0.0296534634974876,1,0.0322719546432857,3
"Vitvi11g04201",0.343452351803737,0.0402822983143647,1,0.043165406359042,3
"Vitvi11g04202",0.333777637668421,0.0466511603903606,1,0.0496522488059608,3
"Vitvi11g04203",-0.731727210389712,3.96899963641177e-07,0.00168761864540229,1.22320173824875e-06,11
"Vitvi11g04217",-0.764183769768002,5.84225956778788e-08,0.000248412876822341,2.78489772222355e-07,602
"Vitvi11g04251",-0.750289519408583,1.37448227308175e-07,0.000584429862514362,4.85406862553457e-07,32
"Vitvi11g04266",-0.832547156274335,3.0585442937082e-10,1.30049303368473e-06,3.66336065826684e-09,11
"Vitvi11g04319",-0.382151208345003,0.0214447164072558,1,0.0237393736432314,569
"Vitvi11g04329",-0.725588629880729,5.53108756705168e-07,0.00235181843351037,1.6411852292466e-06,10
"Vitvi11g04331",-0.748744122259241,1.50654856102604e-07,0.000640584448148274,5.27664290072713e-07,9
"Vitvi11g04368",0.750289519408583,1.37448227308174e-07,0.000584429862514355,4.85406862553457e-07,4
"Vitvi12g00015",-0.688367978519101,3.47940250082476e-06,0.0147944194335069,8.5074292314588e-06,73
"Vitvi12g00029",0.631396482934074,3.63959573998373e-05,0.154755610864108,6.99618493960706e-05,15
"Vitvi12g00032",-0.478898349698169,0.00312849885508842,1,0.00392864061778971,425
"Vitvi12g00036",0.832547156274335,3.05854429370815e-10,1.3004930336847e-06,3.66336065826684e-09,3
"Vitvi12g00037",-0.478898349698169,0.00312849885508842,1,0.00392864061778971,130
"Vitvi12g00050",0.829476273338115,4.06241215706199e-10,1.72733764918276e-06,4.56967632058936e-09,56
"Vitvi12g00056",-0.314428209397787,0.0618077618339936,1,0.0650511394351834,73
"Vitvi12g00061",0.449874207292219,0.00590725996608226,1,0.00705354377303617,5
"Vitvi12g00076",0.517435182162141,0.00123020463625639,1,0.00177076171745504,12
"Vitvi12g00080",0.670011628443056,7.8317607041287e-06,0.0333006465139552,1.79132041495187e-05,16
"Vitvi12g00081",-0.645746403000758,2.10820008752169e-05,0.0896406677214222,4.30964748660689e-05,42
"Vitvi12g00082",-0.401797761867138,0.015138125307633,1,0.017125399844374,5
"Vitvi12g00086",-0.778309556517049,2.30216542281962e-08,9.78880737782901e-05,1.21895444722517e-07,40
"Vitvi12g00099",-0.435353177928437,0.00796004100888776,1,0.00937564940991434,5
"Vitvi12g00106",0.459548921427535,0.00480814938579871,1,0.00583954618349504,23
"Vitvi12g00116",-0.757204776371011,9.04231920805605e-08,0.000384479412726543,4.08152242809499e-07,239
"Vitvi12g00120",-0.275729352856521,0.103584434864025,1,0.107241542985593,56
"Vitvi12g00145",-0.84929234540537,5.84515727445745e-11,2.48536087309931e-07,8.59986461280037e-10,308
"Vitvi12g00146",-0.764183769768002,5.84225956778788e-08,0.000248412876822341,2.78489772222355e-07,105
"Vitvi12g00193",-0.853658887026992,3.67342960950637e-11,1.56194226996211e-07,5.78497137023003e-10,688
"Vitvi12g00208",0.816811769737353,1.23759826433005e-09,5.26226781993139e-06,9.4305874909167e-09,3
"Vitvi12g00213",0.606936523346506,8.68865350353111e-05,0.369441546970143,0.000153741800653409,46
"Vitvi12g00226",-0.775015709937128,2.877549264785e-08,0.000122353394738658,1.48487129537207e-07,250
"Vitvi12g00231",-0.650635215252128,1.73903596896964e-05,0.0739438094005891,3.76112967449589e-05,589
"Vitvi12g00233",-0.304753495262471,0.0707229426338605,1,0.0740492371532073,173
"Vitvi12g00248",-0.624221522900733,4.73386834040076e-05,0.20128408183384,8.85543694825518e-05,350
"Vitvi12g00255",-0.602582743783759,0.000100689603007756,0.428132191988977,0.000173966758223883,78
"Vitvi12g00262",-0.670521401298236,7.66308559615982e-06,0.0325834399548715,1.75651967411706e-05,158
"Vitvi12g00269",-0.285404066991838,0.0915479263669638,1,0.0951275129306771,26
"Vitvi12g00270",-0.717869601903274,8.29321601172098e-07,0.00352627544818376,2.35085029878917e-06,47
"Vitvi12g00274",0.551714187227902,0.000486652696308906,1,0.000744333548455204,36
"Vitvi12g00278",-0.36280178007437,0.0296534634974876,1,0.0322719546432857,79
"Vitvi12g00280",-0.751595852101597,1.27126181928121e-07,0.00054054052555837,4.85406862553457e-07,183
"Vitvi12g00289",0.401500636615636,0.0152203400780549,1,0.017125399844374,7
"Vitvi12g00297",-0.509422162367264,0.00150722386046954,1,0.00213980495983856,346
"Vitvi12g00300",-0.75441642621575,1.07231136608592e-07,0.000455946792859731,4.734649977775e-07,48
"Vitvi12g00303",-0.596032931351327,0.000125192354329375,0.532317890608501,0.000213353863971343,733
"Vitvi12g00327",-0.550184244324302,0.000508303496349478,1,0.000769696035070506,240
"Vitvi12g00342",0.691529396905392,3.0078044278422e-06,0.012789184427185,7.54969564768891e-06,47
"Vitvi12g00343",-0.478898349698169,0.00312849885508842,1,0.00392864061778971,40
"Vitvi12g00346",0.36280178007437,0.0296534634974875,1,0.0322719546432857,48
"Vitvi12g00349",-0.547634969577418,0.000546287609716421,1,0.000826330457671371,7
"Vitvi12g00362",-0.665422379235131,9.50988786057398e-06,0.0404360431831606,2.14742661620608e-05,714
"Vitvi12g00368",0.865971737360435,9.10519675486767e-12,3.87152966016974e-08,2.1628657319384e-10,24
"Vitvi12g00373",-0.645746403000758,2.10820008752169e-05,0.0896406677214222,4.30964748660689e-05,355
"Vitvi12g00381",-0.823529749837804,6.92955858180504e-10,2.9464483089835e-06,6.74244464298284e-09,7
"Vitvi12g00382",-0.246705210450572,0.146913319045593,1,0.150560480255932,156
"Vitvi12g00391",0.631396482934074,3.63959573998373e-05,0.154755610864108,6.99618493960706e-05,6
"Vitvi12g00401",-0.0241867853382913,0.888644610531406,1,0.88906279623048,23
"Vitvi12g00406",-0.314428209397787,0.0618077618339936,1,0.0650511394351834,12
"Vitvi12g00414",0.593945973501367,0.000134056706039763,0.570009114081071,0.00022664378293482,10
"Vitvi12g00424",-0.751595852101597,1.27126181928121e-07,0.00054054052555837,4.85406862553457e-07,174
"Vitvi12g00430",-0.858025428648613,2.27373223068884e-11,9.66790944488895e-08,4.83395472244448e-10,629
"Vitvi12g00440",-0.884224678378342,8.74713631353133e-13,3.71928236051352e-09,8.26507191225227e-11,887
"Vitvi12g00443",-0.645746403000758,2.10820008752169e-05,0.0896406677214222,4.30964748660689e-05,694
"Vitvi12g00445",-0.431431734036036,0.00860920917610861,1,0.0101262399493261,14
"Vitvi12g00453",-0.469223635562852,0.00389036020229628,1,0.00480587204537007,6
"Vitvi12g00456",-0.824356049428621,6.44165101155286e-10,2.73899001011227e-06,6.32561203259186e-09,616
"Vitvi12g00478",0.633808442443884,3.32682188097713e-05,0.141456466379148,6.50973154068795e-05,29
"Vitvi12g00482",-0.719981915310349,7.43289224995984e-07,0.00316046578468292,2.14414232339411e-06,30
"Vitvi12g00483",-0.569833681621598,0.000285923238424702,1,0.000455676765285544,477
"Vitvi12g00493",-0.523772082433948,0.00104397040540408,1,0.00150831198225558,107
"Vitvi12g00522",-0.645746403000758,2.10820008752169e-05,0.0896406677214222,4.30964748660689e-05,3
"Vitvi12g00533",-0.602696642800707,0.000100304716366618,0.426495653990861,0.000173966758223883,23
"Vitvi12g00554",-0.674600618948719,6.42804990185046e-06,0.0273320681826681,1.49192511914127e-05,12
"Vitvi12g00572",-0.884224678378342,8.74713631353133e-13,3.71928236051352e-09,8.26507191225227e-11,731
"Vitvi12g00586",-0.620550985079812,5.40171687210584e-05,0.22968100140194,9.96014750225239e-05,609
"Vitvi12g00590",-0.645746403000758,2.10820008752169e-05,0.0896406677214222,4.30964748660689e-05,5
"Vitvi12g00594",0.449874207292219,0.00590725996608226,1,0.00705354377303617,22
"Vitvi12g00606",-0.737399514346222,2.8973726886927e-07,0.00123196286723214,9.33305202448589e-07,181
"Vitvi12g00627",-0.711313577803071,1.15795074343497e-06,0.0049236065610855,3.15010016704127e-06,415
"Vitvi12g00631",-0.804340628691506,3.42082056998738e-09,1.45453290635863e-05,2.23774293285944e-08,647
"Vitvi12g00632",0.478898349698169,0.00312849885508842,1,0.00392864061778971,24
"Vitvi12g00638",0.794122553911316,7.46691027916991e-09,3.17493025070305e-05,4.47803984584352e-08,39
"Vitvi12g00649",-0.648431430810784,1.89748243923069e-05,0.0806809533160888,4.09132623306738e-05,3
"Vitvi12g00650",-0.478898349698169,0.00312849885508842,1,0.00392864061778971,4
"Vitvi12g00654",-0.478898349698169,0.00312849885508842,1,0.00392864061778971,412
"Vitvi12g00656",-0.645746403000758,2.10820008752169e-05,0.0896406677214222,4.30964748660689e-05,9
"Vitvi12g00657",-0.372476494209687,0.0252748166470032,1,0.0277840021672848,66
"Vitvi12g00686",-0.563283869189166,0.00034775734695725,1,0.000546035538870837,136
"Vitvi12g00721",-0.875491595135099,2.808569499545e-12,1.19420375120653e-08,1.55091396260589e-10,870
"Vitvi12g00741",-0.295078781127154,0.0806150363631191,1,0.0841372446283708,101
"Vitvi12g00753",-0.333777637668421,0.0466511603903606,1,0.0496522488059608,394
"Vitvi12g00765",-0.689897685138033,3.24336512260011e-06,0.0137907885012957,8.00393993110609e-06,20
"Vitvi12g00774",-0.480722322233897,0.00300044009732611,1,0.00392864061778971,4
"Vitvi12g01053",-0.516597122400606,0.00125690591977388,1,0.00180187591735621,118
"Vitvi12g01115",-0.678679836599203,5.37727468533649e-06,0.0228641719620508,1.26601173654766e-05,531
"Vitvi12g01497",-0.478898349698169,0.00312849885508842,1,0.00392864061778971,10
"Vitvi12g01553",-0.719413407498765,7.65599059629684e-07,0.00325532720154542,2.19213952966023e-06,83
"Vitvi12g01624",-0.538122002500631,0.00071128356377806,1,0.00105305630681905,144
"Vitvi12g01776",-0.750289519408583,1.37448227308175e-07,0.000584429862514362,4.85406862553457e-07,51
"Vitvi12g01792",-0.478898349698169,0.00312849885508842,1,0.00392864061778971,4
"Vitvi12g01799",0.440199493156902,0.00721598030084792,1,0.00852761207315328,31
"Vitvi12g01808",-0.566821842633998,0.000313017471211837,1,0.000496252903651279,410
"Vitvi12g01809",-0.750289519408583,1.37448227308175e-07,0.000584429862514362,4.85406862553457e-07,42
"Vitvi12g01831",0.478898349698169,0.00312849885508842,1,0.00392864061778971,91
"Vitvi12g01868",0.622590593905054,5.02079776036082e-05,0.213484320770542,9.35104339774609e-05,14
"Vitvi12g01881",0.618281131259524,5.85619449722182e-05,0.249005390021872,0.000107794541135009,9
"Vitvi12g01882",0.802184918519816,4.04831829385285e-09,1.72134493854623e-05,2.61602574247147e-08,5
"Vitvi12g01885",-0.777105642041788,2.49883482017836e-08,0.000106250456553984,1.30049518425929e-07,10
"Vitvi12g01921",-0.854242196177249,3.44851741255845e-11,1.46630960381985e-07,5.55420304477225e-10,18
"Vitvi12g01939",0.750289519408583,1.37448227308174e-07,0.000584429862514355,4.85406862553457e-07,58
"Vitvi12g01963",0.459548921427535,0.00480814938579871,1,0.00583954618349504,11
"Vitvi12g01984",-0.631396482934074,3.63959573998368e-05,0.154755610864106,6.99618493960706e-05,133
"Vitvi12g02011",-0.854242196177249,3.44851741255845e-11,1.46630960381985e-07,5.55420304477225e-10,16
"Vitvi12g02016",-0.655388660415301,1.43743739408481e-05,0.0611198379964859,3.15050711322093e-05,77
"Vitvi12g02028",-0.673070912329788,6.86813950157651e-06,0.0292033291607033,1.58112231514366e-05,146
"Vitvi12g02064",0.602696642800707,0.000100304716366617,0.426495653990854,0.000173966758223883,21
"Vitvi12g02066",-0.750289519408583,1.37448227308175e-07,0.000584429862514362,4.85406862553457e-07,57
"Vitvi12g02071",0.459931790092022,0.00476855920312591,1,0.00583954618349504,43
"Vitvi12g02076",-0.478898349698169,0.00312849885508842,1,0.00392864061778971,32
"Vitvi12g02085",-0.729062224046567,4.58908633691228e-07,0.0019512795104551,1.39776469230308e-06,19
"Vitvi12g02135",-0.478898349698169,0.00312849885508842,1,0.00392864061778971,3
"Vitvi12g02137",-0.824392187992147,6.42105911361328e-10,2.73023433510837e-06,6.32561203259186e-09,176
"Vitvi12g02142",-0.875491595135099,2.808569499545e-12,1.19420375120653e-08,1.55091396260589e-10,781
"Vitvi12g02167",-0.478898349698169,0.00312849885508842,1,0.00392864061778971,600
"Vitvi12g02168",0.401500636615636,0.0152203400780549,1,0.017125399844374,53
"Vitvi12g02179",-0.72151162192928,6.86190536909843e-07,0.00291768216294065,1.99431453379402e-06,271
"Vitvi12g02180",-0.624221522900733,4.73386834040076e-05,0.20128408183384,8.85543694825518e-05,8
"Vitvi12g02191",-0.864908660451573,1.03253903471697e-11,4.39035597561656e-08,2.43908665312031e-10,29
"Vitvi12g02192",-0.750289519408583,1.37448227308175e-07,0.000584429862514362,4.85406862553457e-07,79
"Vitvi12g02231",-0.491235932432412,0.00234756968614635,1,0.00327489052017528,11
"Vitvi12g02243",-0.645746403000758,2.10820008752169e-05,0.0896406677214222,4.30964748660689e-05,3
"Vitvi12g02266",-0.819235825519126,1.00667411024502e-09,4.28037831676181e-06,9.08785205257285e-09,112
"Vitvi12g02318",-0.837970916250063,1.82656115104778e-10,7.76653801425518e-07,2.3606498523572e-09,11
"Vitvi12g02324",-0.393222598240321,0.0176664813274025,1,0.0198357218389531,13
"Vitvi12g02326",-0.714710298520184,9.75165171487901e-07,0.00414640230916655,2.71539116513856e-06,11
"Vitvi12g02375",-0.478579734602183,0.00315134965383133,1,0.00395033570993244,4
"Vitvi12g02394",-0.540331958421819,0.000669447517114842,1,0.000998418394518523,35
"Vitvi12g02409",-0.824392187992147,6.42105911361328e-10,2.73023433510837e-06,6.32561203259186e-09,141
"Vitvi12g02440",0.757204776371011,9.04231920805616e-08,0.000384479412726548,4.08152242809499e-07,38
"Vitvi12g02444",-0.775497791999968,2.78576087255831e-08,0.00011845055230118,1.44628268988009e-07,10
"Vitvi12g02448",0.750289519408583,1.37448227308174e-07,0.000584429862514355,4.85406862553457e-07,7
"Vitvi12g02451",-0.830627524792,3.6547561027515e-10,1.55400229488994e-06,4.34078853321212e-09,205
"Vitvi12g02454",0.608259404623419,8.30443940442623e-05,0.353104763476203,0.000147188313245604,14
"Vitvi12g02458",0.750289519408583,1.37448227308174e-07,0.000584429862514355,4.85406862553457e-07,10
"Vitvi12g02459",0.401500636615636,0.0152203400780549,1,0.017125399844374,9
"Vitvi12g02465",-0.918913240954523,2.70163132346217e-15,1.14873363873612e-11,3.82911212912039e-12,15
"Vitvi12g02485",0.538122002500631,0.00071128356377806,1,0.00105305630681905,42
"Vitvi12g02486",0.529788392356553,0.000890666768734455,1,0.00130007384162681,43
"Vitvi12g02493",-0.617046562867391,6.11763032283906e-05,0.260121641327117,0.000112169746152271,21
"Vitvi12g02500",-0.602696642800707,0.000100304716366618,0.426495653990861,0.000173966758223883,46
"Vitvi12g02545",-0.49093017936611,0.00236463986221342,1,0.00329546007673926,6
"Vitvi12g02578",-0.392624698859043,0.0178552134705165,1,0.0200423357118891,74
"Vitvi12g02607",-0.854242196177249,3.44851741255845e-11,1.46630960381985e-07,5.55420304477225e-10,32
"Vitvi12g02621",0.750289519408583,1.37448227308174e-07,0.000584429862514355,4.85406862553457e-07,9
"Vitvi12g02633",-0.866359712001401,8.69442361037601e-12,3.69686891913188e-08,2.0768926511977e-10,30
"Vitvi12g02640",-0.621060887286123,5.30411488272768e-05,0.225530964813581,9.83562864429049e-05,5
"Vitvi12g02641",-0.597095483589532,0.000120884849500737,0.514002380077135,0.000207845685433536,22
"Vitvi12g02678",-0.859737308221668,1.87573924174224e-11,7.97564325588799e-08,4.1757294533445e-10,26
"Vitvi12g02681",-0.688537295588947,3.4525245843369e-06,0.0146801345326005,8.45143035843437e-06,3
"Vitvi12g02701",-0.750289519408583,1.37448227308175e-07,0.000584429862514362,4.85406862553457e-07,42
"Vitvi12g02705",0.750289519408583,1.37448227308174e-07,0.000584429862514355,4.85406862553457e-07,30
"Vitvi12g02718",-0.843792305512795,1.02815774485916e-10,4.37172673114115e-07,1.38784975591782e-09,27
"Vitvi12g02721",0.743071818302731,2.09808419839559e-07,0.000892105401157803,6.98048044724422e-07,4
"Vitvi12g02724",-0.602696642800707,0.000100304716366618,0.426495653990861,0.000173966758223883,53
"Vitvi12g02729",-0.483897193788613,0.00278840023915125,1,0.00385319396063412,47
"Vitvi12g02735",0.750289519408583,1.37448227308174e-07,0.000584429862514355,4.85406862553457e-07,11
"Vitvi12g02743",0.508050448395883,0.00155977865082193,1,0.00221367784489147,11
"Vitvi12g02753",-0.750289519408583,1.37448227308175e-07,0.000584429862514362,4.85406862553457e-07,43
"Vitvi12g02755",-0.863157946310949,1.26722810536861e-11,5.38825390402733e-08,2.94440104045209e-10,324
"Vitvi12g04044",-0.478898349698169,0.00312849885508842,1,0.00392864061778971,5
"Vitvi12g04046",-0.819760771205674,9.62256253728296e-10,4.09151359085271e-06,8.93343578788802e-09,262
"Vitvi12g04067",-0.827123396298606,5.03032230623596e-10,2.13889304461153e-06,5.37410312716465e-09,5
"Vitvi12g04076",-0.689879029927042,3.24615319581958e-06,0.0138026433886249,8.00617365929516e-06,49
"Vitvi12g04079",0.589733737477529,0.000153686635287773,0.653475573243612,0.000259007361570992,3
"Vitvi12g04084",0.854242196177249,3.4485174125585e-11,1.46630960381987e-07,5.55420304477225e-10,36
"Vitvi12g04091",-0.825286999230347,5.93028746429864e-10,2.52155822981978e-06,6.20134728186327e-09,17
"Vitvi12g04094",-0.75441642621575,1.07231136608592e-07,0.000455946792859731,4.734649977775e-07,9
"Vitvi12g04095",-0.638571442967416,2.77964224488528e-05,0.118190388252522,5.50234582181201e-05,4
"Vitvi12g04106",-0.843394676225792,1.07010543191962e-10,4.55008829652224e-07,1.42635996756183e-09,4
"Vitvi12g04108",-0.849394603761858,5.78288775213403e-11,2.45888387220739e-07,8.5974960566692e-10,33
"Vitvi12g04132",0.638571442967416,2.77964224488528e-05,0.118190388252522,5.50234582181201e-05,6
"Vitvi12g04138",-0.478898349698169,0.00312849885508842,1,0.00392864061778971,141
"Vitvi12g04147",-0.545296962533973,0.000583320667650517,1,0.000874878123051146,302
"Vitvi12g04177",0.559646882600657,0.000387017462770901,1,0.000601901335662719,3
"Vitvi12g04185",-0.854242196177249,3.44851741255845e-11,1.46630960381985e-07,5.55420304477225e-10,45
"Vitvi12g04195",-0.720382602476694,7.27925607343032e-07,0.00309513968242257,2.10124893579265e-06,611
"Vitvi12g04201",0.461459735995556,0.00461335467064236,1,0.00567099857171763,5
"Vitvi12g04202",0.596032931351327,0.000125192354329375,0.532317890608501,0.000213353863971343,6
"Vitvi12g04215",-0.563283869189166,0.00034775734695725,1,0.000546035538870837,227
"Vitvi12g04230",-0.724571035167143,5.83894881541595e-07,0.00248272103631486,1.73132568780674e-06,3
"Vitvi12g04232",-0.478798171725508,0.00313566794189248,1,0.00393415759484415,6
"Vitvi12g04233",-0.478798171725508,0.00313566794189248,1,0.00393415759484415,7
"Vitvi12g04235",-0.498523618824423,0.0019713442589096,1,0.00277279384349441,3
"Vitvi12g04240",-0.473853449078676,0.00350777300760528,1,0.0043893616328245,8
"Vitvi12g04285",-0.742432466876708,2.17672419839442e-07,0.000925543129157307,7.23080569654146e-07,4
"Vitvi12g04342",0.631396482934074,3.63959573998373e-05,0.154755610864108,6.99618493960706e-05,6
"Vitvi12g04365",-0.750289519408583,1.37448227308175e-07,0.000584429862514362,4.85406862553457e-07,4
"Vitvi12g04375",-0.743071818302731,2.0980841983956e-07,0.000892105401157811,6.98048044724422e-07,18
"Vitvi12g04404",0.866359712001401,8.69442361037607e-12,3.69686891913191e-08,2.0768926511977e-10,41
"Vitvi12g04411",-0.690081101184438,3.21606947163821e-06,0.0136747273934057,8.00159590017886e-06,5
"Vitvi12g04421",0.800004596419964,4.79020418776384e-09,2.03679482063719e-05,3.04453635371777e-08,12
"Vitvi12g04427",-0.37437206112962,0.0244828851237454,1,0.0270674018580773,3
"Vitvi12g04429",-0.750289519408583,1.37448227308175e-07,0.000584429862514362,4.85406862553457e-07,26
"Vitvi12g04430",-0.600462622113451,0.000108100996897849,0.459645438809653,0.000186091270773139,3
"Vitvi12g04432",-0.673835331556645,6.64489620243644e-06,0.0282540986527597,1.54141291067975e-05,12
"Vitvi12g04440",-0.854242196177249,3.44851741255845e-11,1.46630960381985e-07,5.55420304477225e-10,10
"Vitvi12g04441",-0.854242196177249,3.44851741255845e-11,1.46630960381985e-07,5.55420304477225e-10,4
"Vitvi12g04462",-0.577383292713601,0.000226988801827679,0.96515638537129,0.000370501491505294,26
"Vitvi12g04463",-0.866359712001401,8.69442361037601e-12,3.69686891913188e-08,2.0768926511977e-10,27
"Vitvi12g04464",-0.833880547072144,2.69909320180423e-10,1.14765442940716e-06,3.35571470586889e-09,6
"Vitvi12g04467",-0.866359712001401,8.69442361037601e-12,3.69686891913188e-08,2.0768926511977e-10,19
"Vitvi12g04475",0.750289519408583,1.37448227308174e-07,0.000584429862514355,4.85406862553457e-07,19
"Vitvi12g04476",0.516597122400606,0.00125690591977388,1,0.00180187591735621,4
"Vitvi12g04477",0.724071956759764,5.99562518249329e-07,0.00254933982759615,1.77262172150003e-06,19
"Vitvi12g04495",-0.866359712001401,8.69442361037601e-12,3.69686891913188e-08,2.0768926511977e-10,4
"Vitvi12g04497",0.82892441580381,4.27246209196938e-10,1.81665088150538e-06,4.61078903935376e-09,3
"Vitvi12g04498",-0.848818436201521,6.14198049747315e-11,2.61157010752558e-07,8.73434818570429e-10,22
"Vitvi12g04505",-0.866359712001401,8.69442361037601e-12,3.69686891913188e-08,2.0768926511977e-10,12
"Vitvi12g04510",0.935775440838066,5.85588726916593e-17,2.48992326684935e-13,2.48992326684935e-13,8
"Vitvi12g04511",0.91101947679473,1.23186105178233e-14,5.23787319217847e-11,7.48267598882639e-12,10
"Vitvi12g04512",0.844968114174206,9.12899289305429e-11,3.88164777812668e-07,1.24548144190491e-09,3
"Vitvi12g04515",-0.866359712001401,8.69442361037601e-12,3.69686891913188e-08,2.0768926511977e-10,9
"Vitvi12g04517",0.573623155079643,0.000254821740590078,1,0.000410572959829107,25
"Vitvi12g04523",-0.873534809302447,3.60422301187804e-12,1.53251562465054e-08,1.891994598334e-10,26
"Vitvi12g04526",-0.620609849387347,5.39036718218734e-05,0.229198412586606,9.94784776851588e-05,6
"Vitvi12g04532",0.762447887613823,6.52172428537998e-08,0.000277303716614357,3.07773270382194e-07,11
"Vitvi12g04533",0.794580836444235,7.2167837410802e-09,3.0685764467073e-05,4.37742717076648e-08,6
"Vitvi12g04535",-0.751190756638406,1.30247919478489e-07,0.000553814153622536,4.85406862553457e-07,5
"Vitvi12g04536",0.750289519408583,1.37448227308174e-07,0.000584429862514355,4.85406862553457e-07,57
"Vitvi12g04543",-0.750289519408583,1.37448227308175e-07,0.000584429862514362,4.85406862553457e-07,11
"Vitvi12g04545",-0.74411429702662,1.9754523623761e-07,0.000839962344482318,6.63723534252229e-07,18
"Vitvi12g04548",0.750289519408583,1.37448227308174e-07,0.000584429862514355,4.85406862553457e-07,38
"Vitvi12g04563",-0.750289519408583,1.37448227308175e-07,0.000584429862514362,4.85406862553457e-07,57
"Vitvi12g04566",-0.663139532643048,1.04612105693271e-05,0.0444810673407788,2.34110880740941e-05,17
"Vitvi12g04567",-0.648139317099564,1.9194410918855e-05,0.0816146352269713,4.12820613186501e-05,7
"Vitvi12g04581",0.758258613506055,8.4730644565836e-08,0.000360274700693934,3.88645847566272e-07,21
"Vitvi12g04582",0.821097725122579,8.57218370606127e-10,3.64489251181725e-06,8.19076968947698e-09,18
"Vitvi12g04594",-0.524689370293448,0.00101918746130519,1,0.00148207424263668,59
"Vitvi12g04595",0.783733316492778,1.58118731645973e-08,6.72320846958676e-05,8.69755300075919e-08,6
"Vitvi12g04596",-0.750289519408583,1.37448227308175e-07,0.000584429862514362,4.85406862553457e-07,29
"Vitvi12g04597",0.750289519408583,1.37448227308174e-07,0.000584429862514355,4.85406862553457e-07,58
"Vitvi12g04598",-0.866359712001401,8.69442361037601e-12,3.69686891913188e-08,2.0768926511977e-10,31
"Vitvi12g04599",-0.0339637231008001,0.84410373195074,1,0.845097496645761,6
"Vitvi12g04605",-0.566821842633998,0.000313017471211837,1,0.000496252903651279,3
"Vitvi12g04607",-0.866359712001401,8.69442361037601e-12,3.69686891913188e-08,2.0768926511977e-10,35
"Vitvi12g04626",0.268476118798564,0.113368981858549,1,0.117143356224192,23
"Vitvi12g04630",0.646642651042071,2.03561248738774e-05,0.0865542429637266,4.30964748660689e-05,71
"Vitvi12g04641",-0.866359712001401,8.69442361037601e-12,3.69686891913188e-08,2.0768926511977e-10,17
"Vitvi13g00004",0.768815186554474,4.33607583457642e-08,0.00018436994448619,2.12652761806449e-07,61
"Vitvi13g00015",0.581171762700682,0.000201731083518181,0.857760567119306,0.000330543571144243,31
"Vitvi13g00022",-0.478898349698169,0.00312849885508842,1,0.00392864061778971,539
"Vitvi13g00028",-0.343452351803737,0.0402822983143647,1,0.043165406359042,691
"Vitvi13g00037",-0.700887740352874,1.93323218581868e-06,0.00822010325410102,5.0092036892755e-06,303
"Vitvi13g00043",0.609871602834049,7.8569440725387e-05,0.334077261964345,0.000140723362242774,7
"Vitvi13g00066",-0.788514482062159,1.1253109875189e-08,4.78482231893036e-05,6.34591819486785e-08,396
"Vitvi13g00085",-0.411175350750953,0.0127285678576514,1,0.0145021089310648,142
"Vitvi13g00109",-0.569833681621598,0.000285923238424702,1,0.000455676765285544,13
"Vitvi13g00110",-0.449874207292219,0.00590725996608227,1,0.00705354377303617,10
"Vitvi13g00113",-0.609132556216191,8.05930710257105e-05,0.342681738001321,0.000143082145303266,408
"Vitvi13g00116",0.186548960866886,0.275981977380824,1,0.2791994689087,120
"Vitvi13g00117",-0.465940375764003,0.00418313426940537,1,0.0051585518890695,8
"Vitvi13g00120",-0.208006353909306,0.223466571725695,1,0.226773236987507,34
"Vitvi13g00126",0.731727210389712,3.96899963641175e-07,0.00168761864540227,1.22320173824875e-06,102
"Vitvi13g00139",-0.304753495262471,0.0707229426338605,1,0.0740492371532073,5
"Vitvi13g00143",0.510885369729709,0.00145288586363364,1,0.00207443609542318,33
"Vitvi13g00145",-0.734769079293352,3.35592859601083e-07,0.00142694083902381,1.06329421685829e-06,14
"Vitvi13g00156",-0.829476273338115,4.06241215706204e-10,1.72733764918278e-06,4.56967632058936e-09,595
"Vitvi13g00171",-0.750289519408583,1.37448227308175e-07,0.000584429862514362,4.85406862553457e-07,423
"Vitvi13g00172",-0.745986927832182,1.77160876753437e-07,0.000753288047955612,6.07490361254526e-07,93
"Vitvi13g00182",-0.768815186554474,4.33607583457646e-08,0.000184369944486191,2.12652761806449e-07,844
"Vitvi13g00189",-0.609871602834049,7.8569440725387e-05,0.334077261964345,0.000140723362242774,12
"Vitvi13g00195",-0.516597122400606,0.00125690591977388,1,0.00180187591735621,4
"Vitvi13g00221",-0.582933306486462,0.000190869311580325,0.811576312839542,0.000314686433826889,26
"Vitvi13g00230",-0.62678507176931,4.31273835887367e-05,0.183377635019308,8.19748033166332e-05,30
"Vitvi13g00235",-0.563283869189166,0.00034775734695725,1,0.000546035538870837,45
"Vitvi13g00241",-0.304753495262471,0.0707229426338605,1,0.0740492371532073,18
"Vitvi13g00249",0.478898349698169,0.00312849885508842,1,0.00392864061778971,11
"Vitvi13g00255",-0.53845672986383,0.00070480161611431,1,0.00104857119374319,100
"Vitvi13g00258",0.782777945998297,1.69065981695937e-08,7.18868554171123e-05,9.15756119963214e-08,25
"Vitvi13g00262",0.620550985079812,5.40171687210584e-05,0.22968100140194,9.96014750225239e-05,6
"Vitvi13g00263",0.440199493156902,0.00721598030084792,1,0.00852761207315328,4
"Vitvi13g00272",-0.609132556216191,8.05930710257105e-05,0.342681738001321,0.000143082145303266,417
"Vitvi13g00275",0.750289519408583,1.37448227308174e-07,0.000584429862514355,4.85406862553457e-07,4
"Vitvi13g00286",0.39182592248032,0.0181099832764267,1,0.0201791532734188,11
"Vitvi13g00297",-0.478898349698169,0.00312849885508842,1,0.00392864061778971,10
"Vitvi13g00322",-0.530534807027005,0.000873110001630482,1,0.00127488452161154,3
"Vitvi13g00325",0.569833681621598,0.000285923238424701,1,0.000455676765285544,3
"Vitvi13g00326",0.430524779021586,0.00876561976487691,1,0.0102336722762628,32
"Vitvi13g00329",0.667461988060373,8.72733258323926e-06,0.0371086181439333,1.97596475739794e-05,33
"Vitvi13g00339",-0.673070912329788,6.86813950157651e-06,0.0292033291607033,1.58112231514366e-05,363
"Vitvi13g00341",-0.773153810333675,3.25894936404591e-08,0.000138570526959232,1.65952726897284e-07,18
"Vitvi13g00342",-0.620993213607731,5.31697610018876e-05,0.226077823780026,9.85088556775715e-05,35
"Vitvi13g00343",0.65267482407737,1.60320950068446e-05,0.0681684679691033,3.49581887021043e-05,3
"Vitvi13g00345",-0.788979956963022,1.08815562863258e-08,4.62683773294575e-05,6.26094415824865e-08,583
"Vitvi13g00387",-0.827698385975134,4.77576877272355e-10,2.03065688216205e-06,5.14090349914444e-09,5
"Vitvi13g00417",-0.595521682767366,0.000127313692999972,0.541337822635881,0.000215500725571611,4
"Vitvi13g00495",-0.543634431891869,0.000610994698697925,1,0.000913484338559638,512
"Vitvi13g00516",0.645310738915201,2.14432683486358e-05,0.0911767770183994,4.37089055697025e-05,4
"Vitvi13g00551",-0.626444277196649,4.3666959124715e-05,0.185671910198288,8.29633200171081e-05,5
"Vitvi13g00575",-0.545296962533973,0.000583320667650517,1,0.000874878123051146,402
"Vitvi13g00576",0.478898349698169,0.00312849885508842,1,0.00392864061778971,7
"Vitvi13g00590",-0.669331866868109,8.06194923971235e-06,0.0342794081672569,1.83606899663936e-05,35
"Vitvi13g00600",0.304753495262471,0.0707229426338605,1,0.0740492371532073,36
"Vitvi13g00604",-0.449874207292219,0.00590725996608227,1,0.00705354377303617,189
"Vitvi13g00614",-0.884224678378342,8.74713631353133e-13,3.71928236051352e-09,8.26507191225227e-11,857
"Vitvi13g00621",-0.645746403000758,2.10820008752169e-05,0.0896406677214222,4.30964748660689e-05,5
"Vitvi13g00622",-0.741026685835638,2.35927407095584e-07,0.00100316333497042,7.80064801687743e-07,372
"Vitvi13g00646",-0.781532358549212,1.84392827460977e-08,7.84038302364074e-05,9.92453547296297e-08,129
"Vitvi13g00680",0.601393571915177,0.000104788213083752,0.445559482032112,0.000180607815983831,96
"Vitvi13g00683",0.699343934757383,2.08184878043733e-06,0.00885202101441952,5.37137197476913e-06,83
"Vitvi13g00709",-0.478898349698169,0.00312849885508842,1,0.00392864061778971,3
"Vitvi13g00712",-0.449874207292219,0.00590725996608227,1,0.00705354377303617,36
"Vitvi13g00716",-0.72151162192928,6.86190536909843e-07,0.00291768216294065,1.99431453379402e-06,628
"Vitvi13g00717",-0.660323357172027,1.17538831924603e-05,0.0499775113343411,2.60842961035183e-05,465
"Vitvi13g00723",-0.478898349698169,0.00312849885508842,1,0.00392864061778971,15
"Vitvi13g00738",-0.824356049428621,6.44165101155286e-10,2.73899001011227e-06,6.32561203259186e-09,704
"Vitvi13g00747",-0.478898349698169,0.00312849885508842,1,0.00392864061778971,66
"Vitvi13g00754",0.778309556517049,2.30216542281964e-08,9.78880737782912e-05,1.21895444722517e-07,43
"Vitvi13g00766",0.571208070331638,0.00027427150802485,1,0.000439578760694182,4
"Vitvi13g00777",-0.478898349698169,0.00312849885508842,1,0.00392864061778971,11
"Vitvi13g00807",-0.546254356864842,0.000567894564482144,1,0.000857793139672495,11
"Vitvi13g00852",0.854242196177249,3.4485174125585e-11,1.46630960381987e-07,5.55420304477225e-10,13
"Vitvi13g00859",0.411175350750953,0.0127285678576514,1,0.0145021089310648,3
"Vitvi13g00879",-0.478898349698169,0.00312849885508842,1,0.00392864061778971,4
"Vitvi13g00886",-0.582933306486462,0.000190869311580325,0.811576312839542,0.000314686433826889,103
"Vitvi13g00925",-0.304753495262471,0.0707229426338605,1,0.0740492371532073,32
"Vitvi13g00975",0.552471922567315,0.000476236747738389,1,0.000728926800354079,6
"Vitvi13g00981",-0.706214555739967,1.4919087330318e-06,0.00634359593285121,3.98717531920252e-06,33
"Vitvi13g00991",-0.682362073206983,4.56604657723525e-06,0.0194148300464043,1.09688305346917e-05,3
"Vitvi13g01001",-0.736808688118594,2.99503258679439e-07,0.00127348785590497,9.61122910116962e-07,26
"Vitvi13g01044",-0.478579734602183,0.00315134965383133,1,0.00395033570993244,4
"Vitvi13g01052",0.459548921427535,0.00480814938579871,1,0.00583954618349504,124
"Vitvi13g01056",-0.609132556216191,8.05930710257105e-05,0.342681738001321,0.000143082145303266,6
"Vitvi13g01070",0.353127065939054,0.0346365270501542,1,0.0373414079658357,4
"Vitvi13g01074",0.459548921427535,0.00480814938579871,1,0.00583954618349504,43
"Vitvi13g01091",0.609871602834049,7.8569440725387e-05,0.334077261964345,0.000140723362242774,96
"Vitvi13g01098",0.714710298520184,9.75165171487908e-07,0.00414640230916659,2.71539116513856e-06,77
"Vitvi13g01102",0.848818436201521,6.14198049747315e-11,2.61157010752558e-07,8.73434818570429e-10,7
"Vitvi13g01159",-0.550184244324302,0.000508303496349478,1,0.000769696035070506,7
"Vitvi13g01171",-0.569833681621598,0.000285923238424702,1,0.000455676765285544,32
"Vitvi13g01179",0.783733316492778,1.58118731645973e-08,6.72320846958676e-05,8.69755300075919e-08,10
"Vitvi13g01200",0.465267252741493,0.00424545930140462,1,0.0052308585771001,23
"Vitvi13g01242",0.39182592248032,0.0181099832764267,1,0.0201791532734188,31
"Vitvi13g01245",0.72151162192928,6.86190536909834e-07,0.00291768216294061,1.99431453379402e-06,46
"Vitvi13g01259",0.57638349405403,0.000234110207241291,0.995436601189969,0.000379647826540801,192
"Vitvi13g01323",-0.648139317099564,1.9194410918855e-05,0.0816146352269713,4.12820613186501e-05,13
"Vitvi13g01325",-0.713224436808306,1.05158989446501e-06,0.00447136023126522,2.88847560159252e-06,4
"Vitvi13g01327",-0.56687734242067,0.000312498151787368,1,0.000496252903651279,6
"Vitvi13g01337",-0.333777637668421,0.0466511603903606,1,0.0496522488059608,34
"Vitvi13g01385",0.449874207292219,0.00590725996608226,1,0.00705354377303617,6
"Vitvi13g01413",0.324102923533104,0.0538052002373616,1,0.0569103759724531,3
"Vitvi13g01435",-0.578927098309092,0.000216373141209268,0.920018596421809,0.000354179508103748,12
"Vitvi13g01468",-0.854242196177249,3.44851741255845e-11,1.46630960381985e-07,5.55420304477225e-10,50
"Vitvi13g01537",-0.711313577803071,1.15795074343497e-06,0.0049236065610855,3.15010016704127e-06,223
"Vitvi13g01550",0.816811769737353,1.23759826433005e-09,5.26226781993139e-06,9.4305874909167e-09,12
"Vitvi13g01576",-0.707379742702673,1.40863092473388e-06,0.00598949869196847,3.80527235830271e-06,295
"Vitvi13g01603",-0.697693386650656,2.25225754908549e-06,0.0095765990987115,5.79346587943834e-06,108
"Vitvi13g01608",0.821699636322878,8.13497034238565e-10,3.45898938958238e-06,7.84351335506222e-09,5
"Vitvi13g01611",-0.57638349405403,0.000234110207241294,0.995436601189981,0.000379647826540801,270
"Vitvi13g01616",0.691529396905392,3.0078044278422e-06,0.012789184427185,7.54969564768891e-06,6
"Vitvi13g01617",-0.615682368648623,6.41873880190989e-05,0.272924773857208,0.000117084845069587,3
"Vitvi13g01622",0.678679836599203,5.37727468533645e-06,0.0228641719620506,1.26601173654766e-05,17
"Vitvi13g01633",0.478898349698169,0.00312849885508842,1,0.00392864061778971,9
"Vitvi13g01634",0.866359712001401,8.69442361037607e-12,3.69686891913191e-08,2.0768926511977e-10,3
"Vitvi13g01638",0.893351097716049,2.32900429814086e-13,9.90292627569496e-10,6.16428558293725e-11,28
"Vitvi13g01645",-0.478898349698169,0.00312849885508842,1,0.00392864061778971,3
"Vitvi13g01672",-0.382151208345003,0.0214447164072558,1,0.0237393736432314,744
"Vitvi13g01676",0.737939074644656,2.81075640112032e-07,0.00119513362175636,9.06778165217267e-07,54
"Vitvi13g01684",-0.737939074644656,2.81075640112032e-07,0.00119513362175636,9.06778165217267e-07,368
"Vitvi13g01686",-0.794417287134933,7.3051426166948e-09,3.10614664061863e-05,4.42471031427155e-08,269
"Vitvi13g01690",-0.74411429702662,1.9754523623761e-07,0.000839962344482318,6.63723534252229e-07,479
"Vitvi13g01691",-0.663836406061092,1.01620006133772e-05,0.0432088266080798,2.28135304160928e-05,4
"Vitvi13g01699",-0.324102923533104,0.0538052002373616,1,0.0569103759724531,26
"Vitvi13g01703",-0.416147681933822,0.011588218990186,1,0.01332065616282,19
"Vitvi13g01722",0.703155142502104,1.73251660215727e-06,0.00736666059237272,4.58696176361938e-06,5
"Vitvi13g01728",0.478898349698169,0.00312849885508842,1,0.00392864061778971,6
"Vitvi13g01729",0.420850064886269,0.010590608809886,1,0.0122069039467702,21
"Vitvi13g01731",-0.871125053513477,4.87284258467059e-12,2.07193266700193e-08,1.99224294904032e-10,902
"Vitvi13g01737",-0.582933306486462,0.000190869311580325,0.811576312839542,0.000314686433826889,5
"Vitvi13g01744",0.459548921427535,0.00480814938579871,1,0.00583954618349504,44
"Vitvi13g01755",0.569833681621598,0.000285923238424701,1,0.000455676765285544,219
"Vitvi13g01756",0.57399680266734,0.000251925466762095,1,0.000406214290736604,19
"Vitvi13g01760",-0.588346722734024,0.000160693769450826,0.683269907704912,0.000267738992047379,238
"Vitvi13g01764",-0.645746403000758,2.10820008752169e-05,0.0896406677214222,4.30964748660689e-05,14
"Vitvi13g01773",-0.602582743783759,0.000100689603007756,0.428132191988977,0.000173966758223883,97
"Vitvi13g01796",-0.816811769737353,1.23759826433008e-09,5.26226781993152e-06,9.4305874909167e-09,34
"Vitvi13g01818",0.67618685082502,5.99900909659363e-06,0.0255077866787161,1.40384076382587e-05,101
"Vitvi13g01823",0.478898349698169,0.00312849885508842,1,0.00392864061778971,147
"Vitvi13g01825",-0.235530299836749,0.166710080948508,1,0.170110694550769,12
"Vitvi13g01849",-0.793634705971654,7.74198268554397e-09,3.2918910378933e-05,4.58480645946141e-08,472
"Vitvi13g01852",-0.694486804994827,2.62033855613649e-06,0.0111416795406924,6.62800686537322e-06,10
"Vitvi13g01855",-0.816055112076351,1.31919139564028e-09,5.60920181426247e-06,9.94539328769942e-09,782
"Vitvi13g01857",-0.222423761033594,0.192285409209952,1,0.195878667935006,8
"Vitvi13g01882",0.796603687273311,6.20273486393306e-09,2.63740286414434e-05,3.77851413201194e-08,4
"Vitvi13g01889",-0.854242196177249,3.44851741255845e-11,1.46630960381985e-07,5.55420304477225e-10,12
"Vitvi13g01892",-0.602696642800707,0.000100304716366618,0.426495653990861,0.000173966758223883,58
"Vitvi13g01903",-0.750289519408583,1.37448227308175e-07,0.000584429862514362,4.85406862553457e-07,153
"Vitvi13g01911",0.258298561200303,0.128249602946178,1,0.132070068231327,13
"Vitvi13g01913",-0.824392187992147,6.42105911361328e-10,2.73023433510837e-06,6.32561203259186e-09,341
"Vitvi13g01916",-0.853658887026992,3.67342960950637e-11,1.56194226996211e-07,5.78497137023003e-10,129
"Vitvi13g01937",-0.478898349698169,0.00312849885508842,1,0.00392864061778971,177
"Vitvi13g01941",-0.609132556216191,8.05930710257105e-05,0.342681738001321,0.000143082145303266,127
"Vitvi13g01942",0.706214555739967,1.4919087330318e-06,0.00634359593285121,3.98717531920252e-06,49
"Vitvi13g01949",-0.690917489550654,3.09424313313362e-06,0.0131567218020842,7.71655237658895e-06,267
"Vitvi13g01972",0.509422162367264,0.00150722386046954,1,0.00213980495983856,3
"Vitvi13g01977",-0.561100598378355,0.000370874435052331,1,0.000581045725070934,22
"Vitvi13g01979",-0.45840208347309,0.00492844071882753,1,0.00597369724528357,20
"Vitvi13g01980",-0.220169628108265,0.196947267247526,1,0.200531556593985,36
"Vitvi13g01981",-0.559646882600657,0.000387017462770897,1,0.000601901335662719,5
"Vitvi13g01984",0.866359712001401,8.69442361037607e-12,3.69686891913191e-08,2.0768926511977e-10,21
"Vitvi13g01997",-0.533434236389158,0.000807780961887109,1,0.00118888357561232,10
"Vitvi13g02005",-0.853273117934287,3.82960321195078e-11,1.62834728572147e-07,5.92126285716901e-10,31
"Vitvi13g02006",-0.510507356085846,0.00146675614362153,1,0.00209283460492575,80
"Vitvi13g02008",-0.614434627005383,6.70579321707088e-05,0.285130327589854,0.000121831581792544,114
"Vitvi13g02066",-0.478898349698169,0.00312849885508842,1,0.00392864061778971,68
"Vitvi13g02083",-0.816811769737353,1.23759826433008e-09,5.26226781993152e-06,9.4305874909167e-09,43
"Vitvi13g02144",-0.59282134866851,0.000139063901792922,0.591299710423503,0.000234735891394801,11
"Vitvi13g02189",-0.572453606594571,0.000264080898319999,1,0.000425169246367525,17
"Vitvi13g02226",-0.299312595104231,0.0761617693555858,1,0.0796850008119958,6
"Vitvi13g02230",0.864629821128515,1.0669792369997e-11,4.53679571572271e-08,2.50651697001255e-10,4
"Vitvi13g02241",0.664410597026749,9.92134639857315e-06,0.042185564886733,2.23633851687238e-05,4
"Vitvi13g02248",0.688367978519101,3.47940250082476e-06,0.0147944194335069,8.5074292314588e-06,148
"Vitvi13g02263",-0.280972618379346,0.0969204677522769,1,0.100685518906103,3
"Vitvi13g02285",0.816811769737353,1.23759826433005e-09,5.26226781993139e-06,9.4305874909167e-09,24
"Vitvi13g02309",-0.762913362514686,6.33270577135278e-08,0.00026926664939792,3.00520814060179e-07,16
"Vitvi13g02319",-0.478898349698169,0.00312849885508842,1,0.00392864061778971,23
"Vitvi13g02328",0.737939074644656,2.81075640112032e-07,0.00119513362175636,9.06778165217267e-07,19
"Vitvi13g02344",0.816811769737353,1.23759826433005e-09,5.26226781993139e-06,9.4305874909167e-09,25
"Vitvi13g02351",-0.718648196784035,7.96599470119536e-07,0.00338714094694827,2.27172431049518e-06,5
"Vitvi13g02354",0.816811769737353,1.23759826433005e-09,5.26226781993139e-06,9.4305874909167e-09,27
"Vitvi13g02360",0.750289519408583,1.37448227308174e-07,0.000584429862514355,4.85406862553457e-07,21
"Vitvi13g02400",-0.478898349698169,0.00312849885508842,1,0.00392864061778971,90
"Vitvi13g02413",-0.695884976790394,2.45355825021634e-06,0.0104325296799199,6.27709367022857e-06,15
"Vitvi13g02416",-0.798754929881148,5.27034919958902e-09,2.24095247966525e-05,3.23837063535441e-08,230
"Vitvi13g02449",0.848818436201521,6.14198049747315e-11,2.61157010752558e-07,8.73434818570429e-10,3
"Vitvi13g02471",-0.747552690786203,1.61624513603228e-07,0.000687227431840924,5.63763274684926e-07,5
"Vitvi13g02487",0.478898349698169,0.00312849885508842,1,0.00392864061778971,154
"Vitvi13g02488",-0.523772082433948,0.00104397040540408,1,0.00150831198225558,20
"Vitvi13g02497",-0.615682368648623,6.41873880190989e-05,0.272924773857208,0.000117084845069587,3
"Vitvi13g02515",-0.814115601609632,1.55170655744904e-09,6.59785628227331e-06,1.13952612819919e-08,85
"Vitvi13g02551",0.777636933098731,2.41020354230238e-08,0.000102481854618697,1.26833978488487e-07,4
"Vitvi13g02553",-0.816811769737353,1.23759826433008e-09,5.26226781993152e-06,9.4305874909167e-09,3
"Vitvi13g02560",-0.682362073206983,4.56604657723525e-06,0.0194148300464043,1.09688305346917e-05,20
"Vitvi13g04005",0.773619285234539,3.15944959346486e-08,0.000134339796714126,1.62442317671253e-07,3
"Vitvi13g04041",-0.692096847026998,2.92962574632491e-06,0.0124567686733735,7.39248363903679e-06,478
"Vitvi13g04082",-0.401500636615636,0.0152203400780548,1,0.017125399844374,9
"Vitvi13g04144",-0.778739509144033,2.23547134011127e-08,9.50522413815313e-05,1.19262536237806e-07,3
"Vitvi13g04167",0.556734056756734,0.000421261179223091,1,0.000651346376020575,83
"Vitvi13g04171",-0.748861888108077,1.49608710889654e-07,0.000636136238702809,5.27039137284846e-07,397
"Vitvi13g04177",0.577383292713601,0.000226988801827678,0.965156385371287,0.000370501491505294,5
"Vitvi13g04178",0.540331958421819,0.000669447517114842,1,0.000998418394518523,6
"Vitvi13g04183",0.478898349698169,0.00312849885508842,1,0.00392864061778971,130
"Vitvi13g04187",0.394622801833796,0.0172310183587184,1,0.0193570119052235,6
"Vitvi13g04209",0.832547156274335,3.05854429370815e-10,1.3004930336847e-06,3.66336065826684e-09,7
"Vitvi13g04231",0.816811769737353,1.23759826433005e-09,5.26226781993139e-06,9.4305874909167e-09,30
"Vitvi13g04233",0.811139465780844,1.98345837029641e-09,8.43366499050032e-06,1.4079574274625e-08,7
"Vitvi13g04267",0.315526067951128,0.0608549500901059,1,0.0642870180827653,5
"Vitvi13g04281",-0.449874207292219,0.00590725996608227,1,0.00705354377303617,5
"Vitvi13g04282",-0.502763575422099,0.00177770899272464,1,0.00251040140719534,16
"Vitvi13g04284",-0.440199493156902,0.00721598030084795,1,0.00852761207315328,6
"Vitvi13g04289",0.816811769737353,1.23759826433005e-09,5.26226781993139e-06,9.4305874909167e-09,34
"Vitvi13g04325",0.750289519408583,1.37448227308174e-07,0.000584429862514355,4.85406862553457e-07,42
"Vitvi13g04329",-0.750289519408583,1.37448227308175e-07,0.000584429862514362,4.85406862553457e-07,21
"Vitvi13g04332",-0.628199518174469,4.09518004842468e-05,0.174127055659017,7.81539747123058e-05,3
"Vitvi13g04336",-0.883787916347062,9.29296131487359e-13,3.95136715108425e-09,8.58992858931359e-11,9
"Vitvi13g04337",-0.554114131783761,0.000454340956199589,1,0.000700710100022,5
"Vitvi13g04338",-0.777337270960721,2.4598297142804e-08,0.000104591959451203,1.29125875865682e-07,15
"Vitvi13g04363",-0.645746403000758,2.10820008752169e-05,0.0896406677214222,4.30964748660689e-05,7
"Vitvi13g04364",-0.757204776371011,9.04231920805605e-08,0.000384479412726543,4.08152242809499e-07,9
"Vitvi13g04369",-0.645746403000758,2.10820008752169e-05,0.0896406677214222,4.30964748660689e-05,6
"Vitvi13g04370",-0.645746403000758,2.10820008752169e-05,0.0896406677214222,4.30964748660689e-05,4
"Vitvi13g04371",0.854242196177249,3.4485174125585e-11,1.46630960381987e-07,5.55420304477225e-10,14
"Vitvi13g04392",-0.676130325567651,6.01383732003277e-06,0.0255708362847793,1.4065366493278e-05,6
"Vitvi13g04406",-0.453878845074328,0.00542856662126945,1,0.0065723989959105,6
"Vitvi13g04419",-0.703365690607165,1.71488287988333e-06,0.00729168200526393,4.54310405312394e-06,12
"Vitvi13g04420",-0.837970916250063,1.82656115104778e-10,7.76653801425518e-07,2.3606498523572e-09,10
"Vitvi13g04421",-0.637291797148107,2.91799556594364e-05,0.124073171463923,5.76280406242097e-05,12
"Vitvi13g04422",-0.114799360533468,0.504965768061545,1,0.507232328324519,4
"Vitvi13g04423",-0.707800676832578,1.37960969568663e-06,0.00586610042605954,3.72924375464688e-06,4
"Vitvi13g04427",-0.816811769737353,1.23759826433008e-09,5.26226781993152e-06,9.4305874909167e-09,23
"Vitvi13g04443",-0.816811769737353,1.23759826433008e-09,5.26226781993152e-06,9.4305874909167e-09,26
"Vitvi13g04446",-0.816811769737353,1.23759826433008e-09,5.26226781993152e-06,9.4305874909167e-09,22
"Vitvi13g04465",-0.57399680266734,0.000251925466762095,1,0.000406214290736604,5
"Vitvi13g04467",-0.670011628443056,7.83176070412865e-06,0.033300646513955,1.79132041495187e-05,5
"Vitvi13g04468",-0.638571442967416,2.77964224488528e-05,0.118190388252522,5.50234582181201e-05,337
"Vitvi13g04472",-0.783394258152665,1.61926462779259e-08,6.88511319737408e-05,8.82706820176164e-08,5
"Vitvi13g04473",0.645310738915201,2.14432683486358e-05,0.0911767770183994,4.37089055697025e-05,44
"Vitvi13g04503",-0.578927098309092,0.000216373141209268,0.920018596421809,0.000354179508103748,6
"Vitvi13g04506",-0.745766996662678,1.79450154533177e-07,0.000763022057075068,6.13326212111968e-07,15
"Vitvi13g04513",-0.750289519408583,1.37448227308175e-07,0.000584429862514362,4.85406862553457e-07,21
"Vitvi13g04517",-0.736808688118594,2.99503258679439e-07,0.00127348785590497,9.61122910116962e-07,3
"Vitvi13g04518",0.750289519408583,1.37448227308174e-07,0.000584429862514355,4.85406862553457e-07,19
"Vitvi13g04519",0.324102923533104,0.0538052002373616,1,0.0569103759724531,3
"Vitvi13g04520",0.74411429702662,1.97545236237612e-07,0.000839962344482327,6.63723534252229e-07,5
"Vitvi13g04521",-0.791489119606218,9.06690774170307e-09,3.85524917177215e-05,5.25954866544631e-08,38
"Vitvi13g04522",0.811139465780844,1.98345837029641e-09,8.43366499050032e-06,1.4079574274625e-08,6
"Vitvi13g04527",0.816811769737353,1.23759826433005e-09,5.26226781993139e-06,9.4305874909167e-09,9
"Vitvi13g04528",-0.854242196177249,3.44851741255845e-11,1.46630960381985e-07,5.55420304477225e-10,45
"Vitvi13g04529",-0.854242196177249,3.44851741255845e-11,1.46630960381985e-07,5.55420304477225e-10,42
"Vitvi13g04537",0.854242196177249,3.4485174125585e-11,1.46630960381987e-07,5.55420304477225e-10,24
"Vitvi13g04539",0.816811769737353,1.23759826433005e-09,5.26226781993139e-06,9.4305874909167e-09,28
"Vitvi13g04540",0.823576516347011,6.90105235035939e-10,2.93432745937281e-06,6.7301088517725e-09,13
"Vitvi13g04549",-0.724071956759764,5.99562518249324e-07,0.00254933982759612,1.77262172150003e-06,10
"Vitvi13g04552",-0.700887740352874,1.93323218581868e-06,0.00822010325410102,5.0092036892755e-06,3
"Vitvi13g04555",-0.440199493156902,0.00721598030084795,1,0.00852761207315328,10
"Vitvi13g04572",-0.469223635562852,0.00389036020229628,1,0.00480587204537007,4
"Vitvi13g04626",0.729649104972943,4.44534458326852e-07,0.00189016051680577,1.35689915061434e-06,23
"Vitvi13g04645",-0.459197442133872,0.00484474340951935,1,0.00587895233369757,10
"Vitvi13g04656",0.731727210389712,3.96899963641175e-07,0.00168761864540227,1.22320173824875e-06,8
"Vitvi13g04663",0.762038276589863,6.69235268411076e-08,0.000284558836128389,3.15126064372529e-07,5
"Vitvi13g04677",0.888179745486144,4.99939313992799e-13,2.12574196309738e-09,8.26507191225227e-11,13
"Vitvi13g04696",-0.800004596419964,4.79020418776384e-09,2.03679482063719e-05,3.04453635371777e-08,5
"Vitvi13g04697",-0.743071818302731,2.0980841983956e-07,0.000892105401157811,6.98048044724422e-07,3
"Vitvi13g04698",0.816811769737353,1.23759826433005e-09,5.26226781993139e-06,9.4305874909167e-09,7
"Vitvi13g04699",0.866359712001401,8.69442361037607e-12,3.69686891913191e-08,2.0768926511977e-10,3
"Vitvi13g04706",0.866359712001401,8.69442361037607e-12,3.69686891913191e-08,2.0768926511977e-10,29
"Vitvi13g04709",-0.805428356395692,3.13964896328467e-09,1.33497873918864e-05,2.06653055601957e-08,5
"Vitvi13g04716",-0.845199937507649,8.91644859627693e-11,3.79127394313695e-07,1.23494265248761e-09,10
"Vitvi13g04717",-0.829571086880557,4.02730532466389e-10,1.71241022404709e-06,4.56967632058936e-09,4
"Vitvi13g04718",-0.645746403000758,2.10820008752169e-05,0.0896406677214222,4.30964748660689e-05,6
"Vitvi13g04741",-0.645746403000758,2.10820008752169e-05,0.0896406677214222,4.30964748660689e-05,3
"Vitvi13g04742",-0.459548921427535,0.00480814938579871,1,0.00583954618349504,3
"Vitvi13g04743",-0.609132556216191,8.05930710257105e-05,0.342681738001321,0.000143082145303266,5
"Vitvi13g04744",-0.568087064972949,0.000301368166691052,1,0.000479931627254814,20
"Vitvi13g04750",-0.622232181081055,5.08592315170758e-05,0.216253452410606,9.4433822013366e-05,102
"Vitvi13g04763",-0.478898349698169,0.00312849885508842,1,0.00392864061778971,100
"Vitvi13g04774",0.760088730172259,7.5624164511901e-08,0.000321553947504603,3.52194904167144e-07,40
"Vitvi13g04777",-0.768815186554474,4.33607583457646e-08,0.000184369944486191,2.12652761806449e-07,487
"Vitvi13g04782",-0.816811769737353,1.23759826433008e-09,5.26226781993152e-06,9.4305874909167e-09,10
"Vitvi13g04783",-0.816811769737353,1.23759826433008e-09,5.26226781993152e-06,9.4305874909167e-09,17
"Vitvi13g04785",-0.805428356395692,3.13964896328467e-09,1.33497873918864e-05,2.06653055601957e-08,150
"Vitvi13g04786",-0.675004170824618,6.31632119611022e-06,0.0268569977258606,1.46679397738179e-05,147
"Vitvi14g00029",-0.824356049428621,6.44165101155286e-10,2.73899001011227e-06,6.32561203259186e-09,447
"Vitvi14g00031",-0.678679836599203,5.37727468533649e-06,0.0228641719620508,1.26601173654766e-05,468
"Vitvi14g00059",-0.783859733053528,1.56720370092413e-08,6.66375013632941e-05,8.67675799001226e-08,456
"Vitvi14g00087",-0.746496830038492,1.71956417792608e-07,0.00073115868845417,5.9931040037227e-07,198
"Vitvi14g00113",-0.82902360477862,4.23397938922474e-10,1.80028803629836e-06,4.58088558854544e-09,612
"Vitvi14g00114",-0.87985813675672,1.58515090510686e-12,6.74006164851438e-09,1.10492813910072e-10,845
"Vitvi14g00115",-0.639417366713299,2.69147767032216e-05,0.114441630542098,5.42377395934122e-05,194
"Vitvi14g00119",0.639135516533238,2.72056700272493e-05,0.115678508955864,5.47460998371343e-05,68
"Vitvi14g00126",0.616981669635639,6.13165947286061e-05,0.260718160786033,0.000112330099433879,234
"Vitvi14g00127",-0.750289519408583,1.37448227308175e-07,0.000584429862514362,4.85406862553457e-07,323
"Vitvi14g00128",-0.517435182162141,0.00123020463625639,1,0.00177076171745504,553
"Vitvi14g00146",-0.798754929881148,5.27034919958902e-09,2.24095247966525e-05,3.23837063535441e-08,288
"Vitvi14g00183",0.360239683783769,0.0309119088877194,1,0.0336157126830135,3
"Vitvi14g00184",-0.689897685138033,3.24336512260011e-06,0.0137907885012957,8.00393993110609e-06,491
"Vitvi14g00185",0.304753495262471,0.0707229426338605,1,0.0740492371532073,26
"Vitvi14g00197",0.473699149662404,0.003519976457382,1,0.00440204114611419,22
"Vitvi14g00234",-0.166640014509004,0.331364916060828,1,0.334194407753947,5
"Vitvi14g00247",-0.53094704246729,0.000863545476365859,1,0.00126569988469756,86
"Vitvi14g00250",-0.459548921427535,0.00480814938579871,1,0.00583954618349504,15
"Vitvi14g00268",-0.69471251797091,2.59273082141354e-06,0.0110242914526504,6.56598657096511e-06,408
"Vitvi14g00273",-0.779204984044896,2.16528492276169e-08,9.20679149158271e-05,1.1566320969325e-07,422
"Vitvi14g00282",-0.623100496111364,4.92944517664187e-05,0.209600008910813,9.2010539469189e-05,309
"Vitvi14g00305",0.478898349698169,0.00312849885508842,1,0.00392864061778971,17
"Vitvi14g00315",-0.683268956455997,4.38422911146806e-06,0.0186417421819622,1.05738753159173e-05,73
"Vitvi14g00318",0.633808442443884,3.32682188097713e-05,0.141456466379148,6.50973154068795e-05,92
"Vitvi14g00319",0.440199493156902,0.00721598030084792,1,0.00852761207315328,3
"Vitvi14g00322",0.401500636615636,0.0152203400780549,1,0.017125399844374,3
"Vitvi14g00327",0.478898349698169,0.00312849885508842,1,0.00392864061778971,16
"Vitvi14g00363",-0.645746403000758,2.10820008752169e-05,0.0896406677214222,4.30964748660689e-05,75
"Vitvi14g00374",-0.645746403000758,2.10820008752169e-05,0.0896406677214222,4.30964748660689e-05,27
"Vitvi14g00405",-0.635338149062815,3.14129224928979e-05,0.133567746439802,6.18516747501207e-05,252
"Vitvi14g00413",-0.159632783232723,0.352382996354793,1,0.354802865380199,5
"Vitvi14g00425",-0.588346722734024,0.000160693769450826,0.683269907704912,0.000267738992047379,219
"Vitvi14g00427",-0.782709436913892,1.69877346187183e-08,7.22318475987904e-05,9.16647812167391e-08,758
"Vitvi14g00434",-0.645746403000758,2.10820008752169e-05,0.0896406677214222,4.30964748660689e-05,463
"Vitvi14g00438",0.641424413389407,2.49235599008879e-05,0.105974976698575,5.04642746183692e-05,19
"Vitvi14g00445",-0.719413407498765,7.65599059629684e-07,0.00325532720154542,2.19213952966023e-06,490
"Vitvi14g00461",-0.638571442967416,2.77964224488528e-05,0.118190388252522,5.50234582181201e-05,10
"Vitvi14g00470",-0.0822350701501905,0.633500208816201,1,0.634993608648394,5
"Vitvi14g00471",0.39182592248032,0.0181099832764267,1,0.0201791532734188,62
"Vitvi14g00473",0.466372402167214,0.00414355138051984,1,0.00511122148824206,161
"Vitvi14g00483",-0.66440257482251,9.9246725807577e-06,0.0421997078133818,2.23633851687238e-05,108
"Vitvi14g00484",-0.787583532260433,1.20317103129833e-08,5.1158832250805e-05,6.74918631277111e-08,529
"Vitvi14g00488",0.692021082694147,2.93995527601393e-06,0.0125006898336112,7.39248363903679e-06,65
"Vitvi14g00489",-0.552471922567315,0.000476236747738388,1,0.000728926800354079,27
"Vitvi14g00562",0.469223635562852,0.00389036020229627,1,0.00480587204537007,6
"Vitvi14g00564",-0.588346722734024,0.000160693769450826,0.683269907704912,0.000267738992047379,43
"Vitvi14g00647",-0.67618685082502,5.99900909659352e-06,0.0255077866787157,1.40384076382587e-05,7
"Vitvi14g00668",-0.750289519408583,1.37448227308175e-07,0.000584429862514362,4.85406862553457e-07,71
"Vitvi14g00679",-0.816275876347149,1.29488393267206e-09,5.50584648172158e-06,9.81434310467305e-09,125
"Vitvi14g00707",0.854242196177249,3.4485174125585e-11,1.46630960381987e-07,5.55420304477225e-10,3
"Vitvi14g00772",0.478898349698169,0.00312849885508842,1,0.00392864061778971,3
"Vitvi14g00775",-0.560401431163201,0.000378561901746614,1,0.000592434746494886,334
"Vitvi14g00821",-0.743071818302731,2.0980841983956e-07,0.000892105401157811,6.98048044724422e-07,486
"Vitvi14g00841",-0.285404066991838,0.0915479263669638,1,0.0951275129306771,4
"Vitvi14g00920",0.401500636615636,0.0152203400780549,1,0.017125399844374,250
"Vitvi14g00952",-0.805866520846256,3.0325679100921e-09,1.28944787537116e-05,2.0499966222117e-08,765
"Vitvi14g00973",0.743193048498106,2.08347142635185e-07,0.000885892050484805,6.97552795657327e-07,77
"Vitvi14g00996",-0.55885762556771,0.000396041802305422,1,0.00061526114117744,5
"Vitvi14g01004",0.538122002500631,0.00071128356377806,1,0.00105305630681905,3
"Vitvi14g01046",0.805626929189156,3.09069337796922e-09,1.31416282431251e-05,2.06653055601957e-08,18
"Vitvi14g01067",-0.713238185116801,1.05085825073373e-06,0.00446824928211982,2.88847560159252e-06,9
"Vitvi14g01114",-0.472404512220219,0.00362382949746206,1,0.00452393512131787,3
"Vitvi14g01152",-0.478898349698169,0.00312849885508842,1,0.00392864061778971,29
"Vitvi14g01164",-0.645746403000758,2.10820008752169e-05,0.0896406677214222,4.30964748660689e-05,169
"Vitvi14g01174",-0.855663913087804,2.95293710251311e-11,1.25558885598858e-07,5.55420304477225e-10,4
"Vitvi14g01178",-0.808995377700137,2.36091949141347e-09,1.00386296774901e-05,1.62437373422169e-08,167
"Vitvi14g01185",0.473547362200556,0.00353201719882767,1,0.00441190867491635,19
"Vitvi14g01198",-0.82902360477862,4.23397938922474e-10,1.80028803629836e-06,4.58088558854544e-09,242
"Vitvi14g01211",0.602696642800707,0.000100304716366617,0.426495653990854,0.000173966758223883,12
"Vitvi14g01228",-0.39182592248032,0.0181099832764267,1,0.0201791532734188,8
"Vitvi14g01240",-0.688537295588947,3.4525245843369e-06,0.0146801345326005,8.45143035843437e-06,696
"Vitvi14g01262",-0.516597122400606,0.00125690591977388,1,0.00180187591735621,361
"Vitvi14g01264",-0.550184244324302,0.000508303496349478,1,0.000769696035070506,10
"Vitvi14g01268",-0.745986927832182,1.77160876753437e-07,0.000753288047955612,6.07490361254526e-07,562
"Vitvi14g01272",-0.638571442967416,2.77964224488528e-05,0.118190388252522,5.50234582181201e-05,334
"Vitvi14g01294",-0.612608827303015,7.14674504849691e-05,0.303879599462089,0.000129365517012383,395
"Vitvi14g01301",-0.645746403000758,2.10820008752169e-05,0.0896406677214222,4.30964748660689e-05,225
"Vitvi14g01318",-0.431188918070421,0.00865084915257362,1,0.0101724033729931,3
"Vitvi14g01325",-0.420850064886269,0.010590608809886,1,0.0122069039467702,347
"Vitvi14g01327",-0.612041334057263,7.28903605273756e-05,0.309929812962401,0.000131828929375756,97
"Vitvi14g01336",-0.563283869189166,0.00034775734695725,1,0.000546035538870837,367
"Vitvi14g01351",-0.72151162192928,6.86190536909843e-07,0.00291768216294065,1.99431453379402e-06,651
"Vitvi14g01353",-0.465036682702683,0.00426699202659308,1,0.00524674670245048,3
"Vitvi14g01357",-0.830627524792,3.6547561027515e-10,1.55400229488994e-06,4.34078853321212e-09,199
"Vitvi14g01358",-0.409961373873598,0.0130209451070106,1,0.0148233088607788,79
"Vitvi14g01365",-0.478898349698169,0.00312849885508842,1,0.00392864061778971,6
"Vitvi14g01380",-0.714710298520184,9.75165171487901e-07,0.00414640230916655,2.71539116513856e-06,102
"Vitvi14g01381",-0.875491595135099,2.808569499545e-12,1.19420375120653e-08,1.55091396260589e-10,525
"Vitvi14g01390",-0.638571442967416,2.77964224488528e-05,0.118190388252522,5.50234582181201e-05,293
"Vitvi14g01401",-0.750289519408583,1.37448227308175e-07,0.000584429862514362,4.85406862553457e-07,351
"Vitvi14g01404",-0.888660953186472,4.66378786078871e-13,1.98304259840736e-09,8.26507191225227e-11,640
"Vitvi14g01437",0.478898349698169,0.00312849885508842,1,0.00392864061778971,7
"Vitvi14g01439",0.682759054249686,4.4856262078476e-06,0.019072882635768,1.08000467926206e-05,186
"Vitvi14g01449",-0.612608827303015,7.14674504849691e-05,0.303879599462089,0.000129365517012383,31
"Vitvi14g01450",-0.440199493156902,0.00721598030084795,1,0.00852761207315328,362
"Vitvi14g01485",0.633237570734571,3.39856540823928e-05,0.144507001158334,6.64705617103654e-05,22
"Vitvi14g01494",0.430524779021586,0.00876561976487691,1,0.0102336722762628,28
"Vitvi14g01500",-0.735788883705973,3.17075792315074e-07,0.0013482062689237,1.01292732451067e-06,5
"Vitvi14g01502",-0.688537295588947,3.4525245843369e-06,0.0146801345326005,8.45143035843437e-06,167
"Vitvi14g01511",-0.723551230754522,6.16320832208703e-07,0.00262059617855141,1.81356136923973e-06,576
"Vitvi14g01517",0.39182592248032,0.0181099832764267,1,0.0201791532734188,107
"Vitvi14g01525",0.789157076468506,1.07431838963728e-08,4.56800179273771e-05,6.18970432620285e-08,8
"Vitvi14g01526",-0.6636595629116,1.02371827438791e-05,0.0435285010269739,2.29338783071517e-05,51
"Vitvi14g01532",-0.645746403000758,2.10820008752169e-05,0.0896406677214222,4.30964748660689e-05,16
"Vitvi14g01543",-0.537084619459437,0.000731709404133355,1,0.00107878931566402,129
"Vitvi14g01548",0.608313332128361,8.28910700696831e-05,0.352452829936293,0.000147039144737711,79
"Vitvi14g01561",-0.296410674334255,0.0791928678121264,1,0.0828359345478872,63
"Vitvi14g01568",-0.751595852101597,1.27126181928121e-07,0.00054054052555837,4.85406862553457e-07,380
"Vitvi14g01574",0.478898349698169,0.00312849885508842,1,0.00392864061778971,243
"Vitvi14g01575",-0.829476273338115,4.06241215706204e-10,1.72733764918278e-06,4.56967632058936e-09,606
"Vitvi14g01576",-0.903787097070498,4.39292364603829e-14,1.86787113429548e-10,2.07541237143943e-11,744
"Vitvi14g01581",-0.387447841800455,0.0195609632394898,1,0.0217787943687643,15
"Vitvi14g01614",-0.62678507176931,4.31273835887367e-05,0.183377635019308,8.19748033166332e-05,50
"Vitvi14g01621",0.36280178007437,0.0296534634974875,1,0.0322719546432857,65
"Vitvi14g01633",-0.645746403000758,2.10820008752169e-05,0.0896406677214222,4.30964748660689e-05,4
"Vitvi14g01641",-0.596032931351327,0.000125192354329375,0.532317890608501,0.000213353863971343,240
"Vitvi14g01642",0.588937048288565,0.000157677153214069,0.670443255466223,0.000264162039190792,38
"Vitvi14g01646",-0.596032931351327,0.000125192354329375,0.532317890608501,0.000213353863971343,416
"Vitvi14g01653",-0.768815186554474,4.33607583457646e-08,0.000184369944486191,2.12652761806449e-07,579
"Vitvi14g01655",0.401500636615636,0.0152203400780549,1,0.017125399844374,27
"Vitvi14g01665",0.465036682702683,0.00426699202659306,1,0.00524674670245048,54
"Vitvi14g01684",0.631396482934074,3.63959573998373e-05,0.154755610864108,6.99618493960706e-05,31
"Vitvi14g01688",0.703013201081052,1.74449800973868e-06,0.00741760553740886,4.61580929521398e-06,6
"Vitvi14g01722",0.57399680266734,0.000251925466762095,1,0.000406214290736604,7
"Vitvi14g01735",-0.858025428648613,2.27373223068884e-11,9.66790944488895e-08,4.83395472244448e-10,857
"Vitvi14g01744",-0.884224678378342,8.74713631353133e-13,3.71928236051352e-09,8.26507191225227e-11,917
"Vitvi14g01748",0.411175350750953,0.0127285678576514,1,0.0145021089310648,209
"Vitvi14g01763",-0.745986927832182,1.77160876753437e-07,0.000753288047955612,6.07490361254526e-07,20
"Vitvi14g01785",0.478898349698169,0.00312849885508842,1,0.00392864061778971,22
"Vitvi14g01789",-0.833572795567533,2.77838240112236e-10,1.18136819695723e-06,3.37533770559208e-09,210
"Vitvi14g01808",0.813847170755798,1.58672960326436e-09,6.74677427308008e-06,1.1632369436345e-08,27
"Vitvi14g01809",-0.675381797251702,6.2133782404701e-06,0.0264192842784789,1.44763201525912e-05,9
"Vitvi14g01815",-0.617046562867391,6.11763032283906e-05,0.260121641327117,0.000112169746152271,5
"Vitvi14g01819",0.372476494209687,0.0252748166470031,1,0.0277840021672848,3
"Vitvi14g01821",-0.382151208345003,0.0214447164072558,1,0.0237393736432314,278
"Vitvi14g01832",0.405372254016804,0.0141779730754149,1,0.0161146061258124,11
"Vitvi14g01840",0.406722608694526,0.0138288580871157,1,0.015722006573908,58
"Vitvi14g01841",-0.622590593905054,5.02079776036085e-05,0.213484320770543,9.35104339774609e-05,78
"Vitvi14g01858",-0.854242196177249,3.44851741255845e-11,1.46630960381985e-07,5.55420304477225e-10,6
"Vitvi14g01859",-0.854242196177249,3.44851741255845e-11,1.46630960381985e-07,5.55420304477225e-10,4
"Vitvi14g01868",0.465540714361437,0.00422004297374521,1,0.00520255805287464,10
"Vitvi14g01874",0.636867855681746,2.96519006901658e-05,0.126079881734585,5.85329070262697e-05,163
"Vitvi14g01897",-0.358881148565481,0.0315967481177129,1,0.0343516678589914,3
"Vitvi14g01910",-0.690917489550654,3.09424313313362e-06,0.0131567218020842,7.71655237658895e-06,875
"Vitvi14g01911",-0.602696642800707,0.000100304716366618,0.426495653990861,0.000173966758223883,10
"Vitvi14g01916",0.471586495135116,0.003690811552788,1,0.00459541163175829,42
"Vitvi14g01917",-0.431960708000994,0.0085190884118852,1,0.0100257857534835,9
"Vitvi14g01920",-0.563283869189166,0.00034775734695725,1,0.000546035538870837,10
"Vitvi14g01921",-0.750289519408583,1.37448227308175e-07,0.000584429862514362,4.85406862553457e-07,140
"Vitvi14g01922",-0.805866520846256,3.0325679100921e-09,1.28944787537116e-05,2.0499966222117e-08,305
"Vitvi14g01929",-0.503280624130037,0.00175527745304602,1,0.00247954808317332,75
"Vitvi14g01960",-0.808529902799274,2.45121626070134e-09,1.04225715405021e-05,1.68105992588743e-08,424
"Vitvi14g01965",-0.469223635562852,0.00389036020229628,1,0.00480587204537007,3
"Vitvi14g01967",0.602696642800707,0.000100304716366617,0.426495653990854,0.000173966758223883,46
"Vitvi14g01975",0.480722322233897,0.00300044009732609,1,0.00392864061778971,12
"Vitvi14g01977",-0.631396482934074,3.63959573998368e-05,0.154755610864106,6.99618493960706e-05,76
"Vitvi14g01985",-0.858260806288864,2.21469376221231e-11,9.41687787692675e-08,4.83395472244448e-10,56
"Vitvi14g01987",-0.791972270486838,8.75143972859964e-09,3.72111217260057e-05,5.13256851393181e-08,401
"Vitvi14g01991",0.217681068044622,0.202185093959943,1,0.205569349478163,11
"Vitvi14g01992",-0.675004170824618,6.31632119611022e-06,0.0268569977258606,1.46679397738179e-05,239
"Vitvi14g01996",-0.478898349698169,0.00312849885508842,1,0.00392864061778971,244
"Vitvi14g02000",-0.602582743783759,0.000100689603007756,0.428132191988977,0.000173966758223883,153
"Vitvi14g02004",0.696016511613758,2.43837926334964e-06,0.0103679886277627,6.24577628178474e-06,147
"Vitvi14g02006",0.40897272190048,0.0132632256396861,1,0.0150870078705044,58
"Vitvi14g02009",-0.550184244324302,0.000508303496349478,1,0.000769696035070506,22
"Vitvi14g02010",-0.871125053513477,4.87284258467059e-12,2.07193266700193e-08,1.99224294904032e-10,663
"Vitvi14g02034",0.816811769737353,1.23759826433005e-09,5.26226781993139e-06,9.4305874909167e-09,22
"Vitvi14g02043",-0.786910286645053,1.26255375988571e-08,5.36837858703404e-05,7.06365603557111e-08,885
"Vitvi14g02430",-0.583558515095565,0.00018714223369946,0.795728777690105,0.000311074580801448,6
"Vitvi14g02444",-0.48468611999998,0.00273778266345129,1,0.00378693945510569,153
"Vitvi14g02463",-0.734769079293352,3.35592859601083e-07,0.00142694083902381,1.06329421685829e-06,292
"Vitvi14g02489",-0.661853063790958,1.10347350043172e-05,0.0469196932383569,2.45524297427299e-05,189
"Vitvi14g02490",-0.768033586424181,4.56200737137458e-08,0.000193976553430847,2.2296155566764e-07,87
"Vitvi14g02491",-0.745986927832182,1.77160876753437e-07,0.000753288047955612,6.07490361254526e-07,207
"Vitvi14g02493",-0.751595852101597,1.27126181928121e-07,0.00054054052555837,4.85406862553457e-07,293
"Vitvi14g02494",-0.667461988060373,8.72733258323926e-06,0.0371086181439333,1.97596475739794e-05,212
"Vitvi14g02495",-0.793634705971654,7.74198268554397e-09,3.2918910378933e-05,4.58480645946141e-08,241
"Vitvi14g02497",-0.537084619459437,0.000731709404133355,1,0.00107878931566402,87
"Vitvi14g02557",-0.478898349698169,0.00312849885508842,1,0.00392864061778971,8
"Vitvi14g02558",-0.459197442133872,0.00484474340951935,1,0.00587895233369757,21
"Vitvi14g02568",-0.678679836599203,5.37727468533649e-06,0.0228641719620508,1.26601173654766e-05,263
"Vitvi14g02580",-0.783733316492778,1.58118731645975e-08,6.72320846958686e-05,8.69755300075919e-08,4
"Vitvi14g02582",-0.731727210389712,3.96899963641177e-07,0.00168761864540229,1.22320173824875e-06,406
"Vitvi14g02586",-0.678679836599203,5.37727468533649e-06,0.0228641719620508,1.26601173654766e-05,185
"Vitvi14g02607",0.750289519408583,1.37448227308174e-07,0.000584429862514355,4.85406862553457e-07,23
"Vitvi14g02608",-0.688537295588947,3.4525245843369e-06,0.0146801345326005,8.45143035843437e-06,10
"Vitvi14g02617",-0.645746403000758,2.10820008752169e-05,0.0896406677214222,4.30964748660689e-05,9
"Vitvi14g02633",-0.458307717949064,0.00493845336191027,1,0.00598412758473709,4
"Vitvi14g02655",0.702376916856849,1.7991460920324e-06,0.00764996918332175,4.75153365423711e-06,3
"Vitvi14g02659",0.701115533676863,1.9121456150538e-06,0.00813044315520878,5.00334963397471e-06,12
"Vitvi14g02663",0.750289519408583,1.37448227308174e-07,0.000584429862514355,4.85406862553457e-07,13
"Vitvi14g02674",0.478898349698169,0.00312849885508842,1,0.00392864061778971,33
"Vitvi14g02690",-0.411175350750953,0.0127285678576514,1,0.0145021089310648,7
"Vitvi14g02707",0.750289519408583,1.37448227308174e-07,0.000584429862514355,4.85406862553457e-07,52
"Vitvi14g02757",-0.540331958421819,0.000669447517114842,1,0.000998418394518523,36
"Vitvi14g02758",-0.866758511891856,8.29025229610732e-12,3.52501527630483e-08,2.0768926511977e-10,455
"Vitvi14g02829",-0.453878845074328,0.00542856662126945,1,0.0065723989959105,85
"Vitvi14g02857",-0.816811769737353,1.23759826433008e-09,5.26226781993152e-06,9.4305874909167e-09,21
"Vitvi14g02869",-0.821699636322878,8.1349703423858e-10,3.45898938958244e-06,7.84351335506222e-09,13
"Vitvi14g02888",0.255253678042923,0.132971373722395,1,0.136667701490845,3
"Vitvi14g02912",-0.550184244324302,0.000508303496349478,1,0.000769696035070506,26
"Vitvi14g02920",-0.808995377700137,2.36091949141347e-09,1.00386296774901e-05,1.62437373422169e-08,294
"Vitvi14g02924",-0.645746403000758,2.10820008752169e-05,0.0896406677214222,4.30964748660689e-05,145
"Vitvi14g02928",-0.622232181081055,5.08592315170758e-05,0.216253452410606,9.4433822013366e-05,127
"Vitvi14g02929",-0.624221522900733,4.73386834040076e-05,0.20128408183384,8.85543694825518e-05,35
"Vitvi14g02930",-0.725588629880729,5.53108756705168e-07,0.00235181843351037,1.6411852292466e-06,237
"Vitvi14g02934",-0.465434030372551,0.00422994278124475,1,0.00521325121908773,14
"Vitvi14g02946",-0.774104226985846,3.05878154428066e-08,0.000130059391262814,1.57647746985229e-07,520
"Vitvi14g02948",-0.639417366713299,2.69147767032216e-05,0.114441630542098,5.42377395934122e-05,369
"Vitvi14g02997",-0.673070912329788,6.86813950157651e-06,0.0292033291607033,1.58112231514366e-05,454
"Vitvi14g03000",-0.609132556216191,8.05930710257105e-05,0.342681738001321,0.000143082145303266,4
"Vitvi14g03015",0.745658102622111,1.80593701214528e-07,0.000767884417564174,6.13326212111968e-07,23
"Vitvi14g03020",-0.737939074644656,2.81075640112032e-07,0.00119513362175636,9.06778165217267e-07,234
"Vitvi14g03025",-0.699608775997299,2.05563227281938e-06,0.00874054842402801,5.31663529442093e-06,12
"Vitvi14g03030",0.449874207292219,0.00590725996608226,1,0.00705354377303617,37
"Vitvi14g03031",-0.624221522900733,4.73386834040076e-05,0.20128408183384,8.85543694825518e-05,90
"Vitvi14g03032",-0.602696642800707,0.000100304716366618,0.426495653990861,0.000173966758223883,36
"Vitvi14g03033",-0.478898349698169,0.00312849885508842,1,0.00392864061778971,10
"Vitvi14g03036",-0.497785744864844,0.00200686623174574,1,0.00281809617482924,5
"Vitvi14g03041",-0.550511637536449,0.000503599688275498,1,0.000769696035070506,16
"Vitvi14g03042",-0.55026459937174,0.000507145393894753,1,0.000769696035070506,32
"Vitvi14g03047",-0.373339308648633,0.0249117639239838,1,0.0275200883878355,9
"Vitvi14g03050",-0.478898349698169,0.00312849885508842,1,0.00392864061778971,12
"Vitvi14g03055",-0.560307451375483,0.000379605988102767,1,0.000593850132970185,75
"Vitvi14g03056",0.254132722378368,0.134741637410708,1,0.138453707653536,47
"Vitvi14g03057",0.639135516533238,2.72056700272493e-05,0.115678508955864,5.47460998371343e-05,40
"Vitvi14g03072",-0.192241134056477,0.261328757679417,1,0.264690299583821,14
"Vitvi14g03074",-0.532612930444365,0.000825831830338348,1,0.00121460980373527,117
"Vitvi14g03075",-0.615682368648623,6.41873880190989e-05,0.272924773857208,0.000117084845069587,13
"Vitvi14g03076",-0.810062908792839,2.16535935100475e-09,9.20710796047219e-06,1.52688357553436e-08,40
"Vitvi14g03084",-0.353127065939054,0.0346365270501543,1,0.0373414079658357,9
"Vitvi14g03121",-0.754920936195056,1.03991177471085e-07,0.000442170486607053,4.63005745138275e-07,442
"Vitvi14g04000",-0.768033586424181,4.56200737137458e-08,0.000193976553430847,2.2296155566764e-07,111
"Vitvi14g04030",-0.701115533676863,1.91214561505384e-06,0.00813044315520891,5.00334963397471e-06,164
"Vitvi14g04042",-0.757204776371011,9.04231920805605e-08,0.000384479412726543,4.08152242809499e-07,100
"Vitvi14g04043",-0.824392187992147,6.42105911361328e-10,2.73023433510837e-06,6.32561203259186e-09,173
"Vitvi14g04045",-0.793634705971654,7.74198268554397e-09,3.2918910378933e-05,4.58480645946141e-08,196
"Vitvi14g04048",-0.609132556216191,8.05930710257105e-05,0.342681738001321,0.000143082145303266,452
"Vitvi14g04148",0.640970347085562,2.53619620580652e-05,0.107839062670893,5.12757270486661e-05,10
"Vitvi14g04154",-0.440199493156902,0.00721598030084795,1,0.00852761207315328,8
"Vitvi14g04155",-0.67562042336134,6.14911937888496e-06,0.0261460555990189,1.43344603064796e-05,355
"Vitvi14g04174",-0.372476494209687,0.0252748166470032,1,0.0277840021672848,26
"Vitvi14g04206",-0.638397562300678,2.79808588470341e-05,0.118974611817589,5.53627788820796e-05,24
"Vitvi14g04241",-0.738010125038231,2.79952995136733e-07,0.00119036013532139,9.06778165217267e-07,5
"Vitvi14g04248",0.750289519408583,1.37448227308174e-07,0.000584429862514355,4.85406862553457e-07,48
"Vitvi14g04255",0.750289519408583,1.37448227308174e-07,0.000584429862514355,4.85406862553457e-07,60
"Vitvi14g04285",-0.646642651042071,2.03561248738775e-05,0.0865542429637271,4.30964748660689e-05,11
"Vitvi14g04301",-0.632960294151274,3.43391503021161e-05,0.146010067084598,6.70385982941221e-05,19
"Vitvi14g04416",-0.816811769737353,1.23759826433008e-09,5.26226781993152e-06,9.4305874909167e-09,12
"Vitvi14g04420",-0.694712517970911,2.59273082141354e-06,0.0110242914526504,6.56598657096511e-06,5
"Vitvi14g04449",-0.750289519408583,1.37448227308175e-07,0.000584429862514362,4.85406862553457e-07,22
"Vitvi14g04450",-0.750289519408583,1.37448227308175e-07,0.000584429862514362,4.85406862553457e-07,29
"Vitvi14g04457",0.700887740352874,1.9332321858187e-06,0.0082201032541011,5.0092036892755e-06,53
"Vitvi14g04479",0.719413407498765,7.65599059629689e-07,0.00325532720154544,2.19213952966023e-06,26
"Vitvi14g04481",-0.186548960866886,0.275981977380825,1,0.2791994689087,3
"Vitvi14g04485",-0.728339142486456,4.77206112970514e-07,0.00202908039235062,1.4472756008207e-06,45
"Vitvi14g04501",-0.843394676225792,1.07010543191962e-10,4.55008829652224e-07,1.42635996756183e-09,20
"Vitvi14g04517",0.556181543507072,0.000428053047698302,1,0.000661126610538751,34
"Vitvi14g04526",-0.793092522342601,8.05869022727302e-09,3.42655508463649e-05,4.75910428421734e-08,384
"Vitvi14g04536",0.304753495262471,0.0707229426338605,1,0.0740492371532073,14
"Vitvi14g04539",-0.372476494209687,0.0252748166470032,1,0.0277840021672848,200
"Vitvi14g04551",-0.39182592248032,0.0181099832764267,1,0.0201791532734188,152
"Vitvi14g04566",-0.478898349698169,0.00312849885508842,1,0.00392864061778971,60
"Vitvi14g04574",-0.848855691243208,6.11814768792108e-11,2.60143639690404e-07,8.73434818570429e-10,32
"Vitvi14g04590",-0.829476273338115,4.06241215706204e-10,1.72733764918278e-06,4.56967632058936e-09,338
"Vitvi14g04629",-0.478898349698169,0.00312849885508842,1,0.00392864061778971,317
"Vitvi14g04632",0.750289519408583,1.37448227308174e-07,0.000584429862514355,4.85406862553457e-07,18
"Vitvi14g04635",-0.588825749591872,0.000158241979114459,0.672844895194678,0.000265003897280298,254
"Vitvi14g04644",-0.364580077511968,0.028804979531483,1,0.0316074252820299,29
"Vitvi14g04653",-0.854242196177249,3.44851741255845e-11,1.46630960381985e-07,5.55420304477225e-10,8
"Vitvi14g04661",0.671555434038547,7.33107392967993e-06,0.0311717263489991,1.68223024009709e-05,4
"Vitvi14g04667",-0.569833681621598,0.000285923238424702,1,0.000455676765285544,160
"Vitvi14g04673",-0.426090344355492,0.00956573375883045,1,0.0111525911550719,9
"Vitvi15g00062",-0.602582743783759,0.000100689603007756,0.428132191988977,0.000173966758223883,233
"Vitvi15g00122",-0.596075679176911,0.000125016427912766,0.53156985148508,0.000213353863971343,3
"Vitvi15g00287",0.512545317706349,0.00139333452431581,1,0.00199275425408371,16
"Vitvi15g00301",-0.645746403000758,2.10820008752169e-05,0.0896406677214222,4.30964748660689e-05,3
"Vitvi15g00331",0.854242196177249,3.4485174125585e-11,1.46630960381987e-07,5.55420304477225e-10,27
"Vitvi15g00380",0.608823234334672,8.14539080495426e-05,0.346342017026655,0.000144550090578738,6
"Vitvi15g00396",-0.645746403000758,2.10820008752169e-05,0.0896406677214222,4.30964748660689e-05,4
"Vitvi15g00424",-0.602696642800707,0.000100304716366618,0.426495653990861,0.000173966758223883,10
"Vitvi15g00459",-0.645026290982713,2.1682165883838e-05,0.0921925693380792,4.40691058021417e-05,163
"Vitvi15g00478",-0.401500636615636,0.0152203400780548,1,0.017125399844374,49
"Vitvi15g00526",-0.645746403000758,2.10820008752169e-05,0.0896406677214222,4.30964748660689e-05,577
"Vitvi15g00528",-0.796603687273311,6.20273486393306e-09,2.63740286414434e-05,3.77851413201194e-08,28
"Vitvi15g00537",-0.915131704983516,5.69195940578046e-15,2.42022113933785e-11,5.79921599808314e-12,340
"Vitvi15g00577",-0.343452351803737,0.0402822983143647,1,0.043165406359042,378
"Vitvi15g00616",0.469223635562852,0.00389036020229627,1,0.00480587204537007,7
"Vitvi15g00619",-0.731763852262692,3.96103875756545e-07,0.00168423367971683,1.22320173824875e-06,281
"Vitvi15g00620",-0.609132556216191,8.05930710257105e-05,0.342681738001321,0.000143082145303266,713
"Vitvi15g00628",0.706590899510247,1.4645300251563e-06,0.00622718166696457,3.92882124098711e-06,90
"Vitvi15g00641",-0.773703091383558,3.14183640128055e-08,0.000133590883782449,1.61732304821367e-07,111
"Vitvi15g00687",-0.700887740352874,1.93323218581868e-06,0.00822010325410102,5.0092036892755e-06,586
"Vitvi15g00690",-0.837121377562538,1.98260958759278e-10,8.43005596644451e-07,2.53917348386883e-09,771
"Vitvi15g00706",0.459548921427535,0.00480814938579871,1,0.00583954618349504,5
"Vitvi15g00708",-0.588346722734024,0.000160693769450826,0.683269907704912,0.000267738992047379,12
"Vitvi15g00714",-0.695506609407448,2.49770503451919e-06,0.0106202418067756,6.35942623160216e-06,389
"Vitvi15g00721",-0.855663913087804,2.95293710251311e-11,1.25558885598858e-07,5.55420304477225e-10,165
"Vitvi15g00727",-0.602696642800707,0.000100304716366618,0.426495653990861,0.000173966758223883,4
"Vitvi15g00744",-0.478898349698169,0.00312849885508842,1,0.00392864061778971,3
"Vitvi15g00753",-0.645746403000758,2.10820008752169e-05,0.0896406677214222,4.30964748660689e-05,118
"Vitvi15g00763",-0.731763852262692,3.96103875756545e-07,0.00168423367971683,1.22320173824875e-06,85
"Vitvi15g00767",-0.571600373274009,0.000271024503707821,1,0.000436018232979816,19
"Vitvi15g00771",-0.729160155023937,4.56480733012947e-07,0.00194095607677105,1.39136636327674e-06,91
"Vitvi15g00774",-0.478898349698169,0.00312849885508842,1,0.00392864061778971,288
"Vitvi15g00775",-0.726054906433203,5.39506797819202e-07,0.00229398290432725,1.61775945298115e-06,103
"Vitvi15g00787",0.645746403000758,2.10820008752171e-05,0.0896406677214233,4.30964748660689e-05,4
"Vitvi15g00789",-0.497785744864844,0.00200686623174574,1,0.00281809617482924,18
"Vitvi15g00795",0.750289519408583,1.37448227308174e-07,0.000584429862514355,4.85406862553457e-07,5
"Vitvi15g00804",-0.862391970270235,1.38480359557113e-11,5.88818488836846e-08,3.13201323849386e-10,385
"Vitvi15g00805",-0.639417366713299,2.69147767032216e-05,0.114441630542098,5.42377395934122e-05,15
"Vitvi15g00811",0.460054067456292,0.00475597470295148,1,0.00583954618349504,9
"Vitvi15g00812",-0.593526168145359,0.000135906535514039,0.577874589005692,0.000229588632898567,49
"Vitvi15g00816",-0.401500636615636,0.0152203400780548,1,0.017125399844374,658
"Vitvi15g00830",0.770097521779023,3.98767780862307e-08,0.000169556060422653,1.98311181780881e-07,3
"Vitvi15g00863",-0.516597122400606,0.00125690591977388,1,0.00180187591735621,88
"Vitvi15g00876",-0.673070912329788,6.86813950157651e-06,0.0292033291607033,1.58112231514366e-05,626
"Vitvi15g00885",-0.75441642621575,1.07231136608592e-07,0.000455946792859731,4.734649977775e-07,119
"Vitvi15g00888",-0.844925803783749,9.16829001214106e-11,3.89835691316238e-07,1.24548144190491e-09,98
"Vitvi15g00893",-0.550184244324302,0.000508303496349478,1,0.000769696035070506,261
"Vitvi15g00894",-0.736395269049165,3.06516025902312e-07,0.00130330614213663,9.80666773616729e-07,14
"Vitvi15g00896",-0.745658102622111,1.80593701214531e-07,0.000767884417564185,6.13326212111968e-07,656
"Vitvi15g00901",0.589483118918895,0.000154932061894313,0.658771127174619,0.000259767794627216,84
"Vitvi15g00913",-0.784325207954391,1.51669565688887e-08,6.44898993309146e-05,8.41904691004107e-08,424
"Vitvi15g00915",-0.819760771205674,9.62256253728296e-10,4.09151359085271e-06,8.93343578788802e-09,393
"Vitvi15g00916",-0.688537295588947,3.4525245843369e-06,0.0146801345326005,8.45143035843437e-06,4
"Vitvi15g00919",-0.835484995697217,2.31871841692465e-10,9.85919070876361e-07,2.93428294903679e-09,246
"Vitvi15g00921",-0.829476273338115,4.06241215706204e-10,1.72733764918278e-06,4.56967632058936e-09,158
"Vitvi15g00931",0.731727210389712,3.96899963641175e-07,0.00168761864540227,1.22320173824875e-06,38
"Vitvi15g00933",-0.602582743783759,0.000100689603007756,0.428132191988977,0.000173966758223883,466
"Vitvi15g00938",0.775271888466557,2.82843042472494e-08,0.000120264861659305,1.46307617590395e-07,37
"Vitvi15g00943",-0.875491595135099,2.808569499545e-12,1.19420375120653e-08,1.55091396260589e-10,794
"Vitvi15g00947",-0.866758511891856,8.29025229610732e-12,3.52501527630483e-08,2.0768926511977e-10,363
"Vitvi15g00952",0.638571442967416,2.77964224488528e-05,0.118190388252522,5.50234582181201e-05,38
"Vitvi15g00960",0.78572163265698,1.37406789977495e-08,5.84253670984307e-05,7.64729935843333e-08,160
"Vitvi15g00973",-0.806340170265918,2.92063171751105e-09,1.2418526062857e-05,1.99334286723226e-08,10
"Vitvi15g01011",-0.808995377700137,2.36091949141347e-09,1.00386296774901e-05,1.62437373422169e-08,774
"Vitvi15g01018",-0.420850064886269,0.010590608809886,1,0.0122069039467702,807
"Vitvi15g01019",-0.537084619459437,0.000731709404133355,1,0.00107878931566402,67
"Vitvi15g01028",-0.57638349405403,0.000234110207241294,0.995436601189981,0.000379647826540801,184
"Vitvi15g01030",-0.796625228455486,6.19268510389328e-09,2.63312970617542e-05,3.77851413201194e-08,242
"Vitvi15g01037",-0.235530299836749,0.166710080948508,1,0.170110694550769,18
"Vitvi15g01050",-0.759552352981529,7.81948005924383e-08,0.000332484292119048,3.59442477966538e-07,442
"Vitvi15g01059",0.602582743783759,0.000100689603007755,0.428132191988974,0.000173966758223883,33
"Vitvi15g01066",-0.638571442967416,2.77964224488528e-05,0.118190388252522,5.50234582181201e-05,266
"Vitvi15g01075",0.566782917463635,0.000313382159426537,1,0.000496645897085962,28
"Vitvi15g01078",-0.745658102622111,1.80593701214531e-07,0.000767884417564185,6.13326212111968e-07,553
"Vitvi15g01080",0.382151208345003,0.0214447164072558,1,0.0237393736432314,94
"Vitvi15g01083",0.529278490150242,0.000902839261729925,1,0.00131738934141237,8
"Vitvi15g01106",-0.622232181081055,5.08592315170758e-05,0.216253452410606,9.4433822013366e-05,6
"Vitvi15g01108",-0.791972270486838,8.75143972859964e-09,3.72111217260057e-05,5.13256851393181e-08,771
"Vitvi15g01110",-0.676813951351323,5.83672627725802e-06,0.0248177601309011,1.37038984709559e-05,19
"Vitvi15g01117",0.217681068044622,0.202185093959943,1,0.205569349478163,64
"Vitvi15g01121",-0.382151208345003,0.0214447164072558,1,0.0237393736432314,9
"Vitvi15g01150",0.791767757550269,8.883712100927e-09,3.77735438531416e-05,5.16737946007409e-08,59
"Vitvi15g01160",-0.401500636615636,0.0152203400780548,1,0.017125399844374,434
"Vitvi15g01161",0.791772806368201,8.88042451590367e-09,3.77595650416224e-05,5.16737946007409e-08,38
"Vitvi15g01178",-0.695506609407448,2.49770503451919e-06,0.0106202418067756,6.35942623160216e-06,750
"Vitvi15g01182",-0.581171762700682,0.000201731083518182,0.857760567119311,0.000330543571144243,175
"Vitvi15g01183",-0.563283869189166,0.00034775734695725,1,0.000546035538870837,8
"Vitvi15g01184",-0.478898349698169,0.00312849885508842,1,0.00392864061778971,4
"Vitvi15g01235",-0.478898349698169,0.00312849885508842,1,0.00392864061778971,6
"Vitvi15g01239",-0.516179660042355,0.00127039617033652,1,0.00182060145475932,6
"Vitvi15g01247",0.750289519408583,1.37448227308174e-07,0.000584429862514355,4.85406862553457e-07,49
"Vitvi15g01344",-0.673070912329788,6.86813950157651e-06,0.0292033291607033,1.58112231514366e-05,563
"Vitvi15g01388",-0.696016511613758,2.43837926334964e-06,0.0103679886277627,6.24577628178474e-06,357
"Vitvi15g01434",-0.609132556216191,8.05930710257105e-05,0.342681738001321,0.000143082145303266,29
"Vitvi15g01455",0.656754041727854,1.36007319541485e-05,0.0578303122690393,2.99173886544435e-05,18
"Vitvi15g01483",-0.854242196177249,3.44851741255845e-11,1.46630960381985e-07,5.55420304477225e-10,42
"Vitvi15g01488",0.754053823408627,1.09617004927163e-07,0.000466091504950298,4.82996378186842e-07,21
"Vitvi15g01489",-0.588346722734024,0.000160693769450826,0.683269907704912,0.000267738992047379,200
"Vitvi15g01496",0.469223635562852,0.00389036020229627,1,0.00480587204537007,3
"Vitvi15g01503",-0.484754956984147,0.00273340432550801,1,0.00378580950881436,6
"Vitvi15g01504",0.686348778737637,3.81502240835494e-06,0.0162214752803252,9.29065021782659e-06,5
"Vitvi15g01505",0.478898349698169,0.00312849885508842,1,0.00392864061778971,68
"Vitvi15g01518",-0.748050519403322,1.56954374737321e-07,0.000667370001383089,5.48373049616349e-07,3
"Vitvi15g01524",-0.491235932432412,0.00234756968614635,1,0.00327489052017528,45
"Vitvi15g01539",0.188656925638672,0.270494358476957,1,0.273843336248577,37
"Vitvi15g01540",0.504335557297276,0.00171027946825787,1,0.00241839318225224,42
"Vitvi15g01542",0.37732763266973,0.0232891355433915,1,0.0257543314253577,54
"Vitvi15g01543",-0.657791633186249,1.30383678693987e-05,0.0554391401806832,2.87995533406146e-05,4
"Vitvi15g01544",-0.612902451985155,7.07411116023981e-05,0.300791206533397,0.000128214495538532,22
"Vitvi15g01549",-0.401500636615636,0.0152203400780548,1,0.017125399844374,25
"Vitvi15g01555",0.478898349698169,0.00312849885508842,1,0.00392864061778971,200
"Vitvi15g01565",-0.759552352981529,7.81948005924383e-08,0.000332484292119048,3.59442477966538e-07,318
"Vitvi15g01574",-0.750289519408583,1.37448227308175e-07,0.000584429862514362,4.85406862553457e-07,36
"Vitvi15g01605",0.178982211503356,0.296273865831986,1,0.299300659899645,3
"Vitvi15g01606",-0.487897282267239,0.00253992909673463,1,0.00352933938539728,7
"Vitvi15g01617",0.802184918519816,4.04831829385285e-09,1.72134493854623e-05,2.61602574247147e-08,12
"Vitvi15g01618",0.750289519408583,1.37448227308174e-07,0.000584429862514355,4.85406862553457e-07,34
"Vitvi15g01627",-0.737939074644656,2.81075640112032e-07,0.00119513362175636,9.06778165217267e-07,49
"Vitvi15g01629",-0.751595852101597,1.27126181928121e-07,0.00054054052555837,4.85406862553457e-07,36
"Vitvi15g01630",-0.609132556216191,8.05930710257105e-05,0.342681738001321,0.000143082145303266,508
"Vitvi15g01646",0.523984994594573,0.00103817108302138,1,0.00150197463253043,37
"Vitvi15g01684",-0.507862597485204,0.00156709976175313,1,0.00222332605504648,3
"Vitvi15g01686",-0.750289519408583,1.37448227308175e-07,0.000584429862514362,4.85406862553457e-07,14
"Vitvi15g01687",0.866359712001401,8.69442361037607e-12,3.69686891913191e-08,2.0768926511977e-10,48
"Vitvi15g01693",-0.80752617734568,2.65693890844229e-09,1.12973042386966e-05,1.81921163264035e-08,31
"Vitvi15g01705",-0.627418244597377,4.21408810621185e-05,0.179183026276128,8.03511328592502e-05,3
"Vitvi15g01730",-0.794122553911316,7.46691027916994e-09,3.17493025070306e-05,4.47803984584352e-08,4
"Vitvi15g04001",-0.767480403024187,4.72843186709917e-08,0.000201052922989057,2.30565278657175e-07,142
"Vitvi15g04047",-0.638571442967416,2.77964224488528e-05,0.118190388252522,5.50234582181201e-05,3
"Vitvi15g04127",-0.484754956984147,0.00273340432550801,1,0.00378580950881436,7
"Vitvi15g04128",0.641747934815853,2.46154066268745e-05,0.10466470897747,4.98640824094665e-05,25
"Vitvi15g04150",0.848818436201521,6.14198049747315e-11,2.61157010752558e-07,8.73434818570429e-10,3
"Vitvi15g04151",-0.57638349405403,0.000234110207241294,0.995436601189981,0.000379647826540801,26
"Vitvi15g04157",0.705922728297438,1.5134610690545e-06,0.00643523646561972,4.03716214907137e-06,31
"Vitvi15g04163",0.816811769737353,1.23759826433005e-09,5.26226781993139e-06,9.4305874909167e-09,14
"Vitvi15g04177",-0.806300001845985,2.92997372580595e-09,1.24582482821269e-05,1.99651414777674e-08,3
"Vitvi15g04205",-0.816811769737353,1.23759826433008e-09,5.26226781993152e-06,9.4305874909167e-09,9
"Vitvi15g04211",0.700887740352874,1.9332321858187e-06,0.0082201032541011,5.0092036892755e-06,7
"Vitvi15g04287",0.595521682767366,0.000127313692999973,0.541337822635886,0.000215500725571611,6
"Vitvi15g04365",0.750289519408583,1.37448227308174e-07,0.000584429862514355,4.85406862553457e-07,56
"Vitvi15g04368",0.716618527211035,8.84494703110948e-07,0.00376087147762775,2.50224316542099e-06,3
"Vitvi15g04378",-0.816811769737353,1.23759826433008e-09,5.26226781993152e-06,9.4305874909167e-09,31
"Vitvi15g04379",-0.816811769737353,1.23759826433008e-09,5.26226781993152e-06,9.4305874909167e-09,35
"Vitvi15g04400",-0.679183231013444,5.25910883818651e-06,0.022361730779969,1.25135594739614e-05,40
"Vitvi15g04461",-0.759401722865426,7.89310789590972e-08,0.000335614947734082,3.62435148740909e-07,14
"Vitvi15g04474",-0.6636595629116,1.02371827438791e-05,0.0435285010269739,2.29338783071517e-05,58
"Vitvi15g04489",-0.552471922567315,0.000476236747738388,1,0.000728926800354079,4
"Vitvi15g04491",-0.285404066991838,0.0915479263669638,1,0.0951275129306771,22
"Vitvi15g04494",-0.854032920543599,3.52769088347646e-11,1.49997416365419e-07,5.61788076274978e-10,777
"Vitvi15g04517",-0.563283869189166,0.00034775734695725,1,0.000546035538870837,92
"Vitvi15g04526",-0.304753495262471,0.0707229426338605,1,0.0740492371532073,4
"Vitvi15g04596",-0.624221522900733,4.73386834040076e-05,0.20128408183384,8.85543694825518e-05,14
"Vitvi15g04598",-0.750289519408583,1.37448227308175e-07,0.000584429862514362,4.85406862553457e-07,64
"Vitvi15g04601",0.401500636615636,0.0152203400780549,1,0.017125399844374,18
"Vitvi15g04604",0.854242196177249,3.4485174125585e-11,1.46630960381987e-07,5.55420304477225e-10,15
"Vitvi15g04651",0.478898349698169,0.00312849885508842,1,0.00392864061778971,47
"Vitvi15g04655",-0.638571442967416,2.77964224488528e-05,0.118190388252522,5.50234582181201e-05,118
"Vitvi16g00033",0.440199493156902,0.00721598030084792,1,0.00852761207315328,4
"Vitvi16g00041",0.588346722734024,0.000160693769450826,0.683269907704912,0.000267738992047379,20
"Vitvi16g00043",0.816811769737353,1.23759826433005e-09,5.26226781993139e-06,9.4305874909167e-09,15
"Vitvi16g00071",-0.745658102622111,1.80593701214531e-07,0.000767884417564185,6.13326212111968e-07,730
"Vitvi16g00073",-0.353127065939054,0.0346365270501543,1,0.0373414079658357,401
"Vitvi16g00080",0.459548921427535,0.00480814938579871,1,0.00583954618349504,14
"Vitvi16g00093",-0.420850064886269,0.010590608809886,1,0.0122069039467702,678
"Vitvi16g00122",-0.657661183679129,1.31078878160574e-05,0.0557347389938761,2.88781031056353e-05,103
"Vitvi16g00137",-0.478898349698169,0.00312849885508842,1,0.00392864061778971,430
"Vitvi16g00139",-0.28699840133367,0.0896719638266695,1,0.0934293531465324,13
"Vitvi16g00160",-0.843394676225792,1.07010543191962e-10,4.55008829652224e-07,1.42635996756183e-09,5
"Vitvi16g00276",-0.711313577803071,1.15795074343497e-06,0.0049236065610855,3.15010016704127e-06,389
"Vitvi16g00313",-0.478898349698169,0.00312849885508842,1,0.00392864061778971,9
"Vitvi16g00350",0.620609849387347,5.39036718218734e-05,0.229198412586606,9.94784776851588e-05,18
"Vitvi16g00351",-0.49093017936611,0.00236463986221342,1,0.00329546007673926,17
"Vitvi16g00362",0.449874207292219,0.00590725996608226,1,0.00705354377303617,26
"Vitvi16g00363",0.440199493156902,0.00721598030084792,1,0.00852761207315328,26
"Vitvi16g00370",-0.552471922567315,0.000476236747738388,1,0.000728926800354079,37
"Vitvi16g00372",-0.788514482062159,1.1253109875189e-08,4.78482231893036e-05,6.34591819486785e-08,202
"Vitvi16g00380",0.478898349698169,0.00312849885508842,1,0.00392864061778971,7
"Vitvi16g00501",-0.771433338085278,3.65240298083631e-08,0.00015530017474516,1.83136998520236e-07,193
"Vitvi16g00567",0.545296962533973,0.000583320667650517,1,0.000874878123051146,5
"Vitvi16g00630",-0.527981513657892,0.000934466565928765,1,0.00136166958133281,18
"Vitvi16g00636",-0.720382602476694,7.27925607343032e-07,0.00309513968242257,2.10124893579265e-06,15
"Vitvi16g00712",0.751595852101597,1.2712618192812e-07,0.000540540525558365,4.85406862553457e-07,44
"Vitvi16g00713",-0.731763852262692,3.96103875756545e-07,0.00168423367971683,1.22320173824875e-06,555
"Vitvi16g00715",-0.208006353909306,0.223466571725695,1,0.226773236987507,35
"Vitvi16g00716",-0.469223635562852,0.00389036020229628,1,0.00480587204537007,14
"Vitvi16g00741",-0.745986927832182,1.77160876753437e-07,0.000753288047955612,6.07490361254526e-07,338
"Vitvi16g00787",0.33143643410179,0.048307979809535,1,0.0514027853228586,5
"Vitvi16g00789",-0.538122002500631,0.00071128356377806,1,0.00105305630681905,13
"Vitvi16g00793",-0.351573041633746,0.0354971658889758,1,0.0382498604561392,167
"Vitvi16g00804",0.478898349698169,0.00312849885508842,1,0.00392864061778971,8
"Vitvi16g00808",-0.437672562033847,0.00759614356666715,1,0.00895944589333391,32
"Vitvi16g00811",0.581171762700682,0.000201731083518181,0.857760567119306,0.000330543571144243,8
"Vitvi16g00836",0.416147681933822,0.011588218990186,1,0.01332065616282,59
"Vitvi16g00837",-0.53094704246729,0.000863545476365859,1,0.00126569988469756,596
"Vitvi16g00849",-0.656244139521543,1.38851025998339e-05,0.0590394562544936,3.04484044633799e-05,221
"Vitvi16g00855",0.716412599866176,8.93892664680424e-07,0.00380083161022116,2.50714486162346e-06,37
"Vitvi16g00866",-0.661853063790958,1.10347350043172e-05,0.0469196932383569,2.45524297427299e-05,274
"Vitvi16g00867",-0.478898349698169,0.00312849885508842,1,0.00392864061778971,25
"Vitvi16g00875",-0.871125053513477,4.87284258467059e-12,2.07193266700193e-08,1.99224294904032e-10,789
"Vitvi16g00878",-0.748984181297874,1.48529439300901e-07,0.000631547175907433,5.24105540172143e-07,94
"Vitvi16g00935",-0.217681068044622,0.202185093959942,1,0.205569349478163,52
"Vitvi16g00936",-0.420850064886269,0.010590608809886,1,0.0122069039467702,48
"Vitvi16g00952",-0.791307331467338,9.18830724640604e-09,3.90686824117185e-05,5.32270877543849e-08,489
"Vitvi16g00953",-0.39182592248032,0.0181099832764267,1,0.0201791532734188,29
"Vitvi16g00959",-0.609871602834049,7.8569440725387e-05,0.334077261964345,0.000140723362242774,12
"Vitvi16g00964",0.478898349698169,0.00312849885508842,1,0.00392864061778971,7
"Vitvi16g00970",0.740378003562767,2.44817524107697e-07,0.00104096411250593,8.06323867161835e-07,45
"Vitvi16g00985",-0.478898349698169,0.00312849885508842,1,0.00392864061778971,63
"Vitvi16g01024",-0.478898349698169,0.00312849885508842,1,0.00392864061778971,10
"Vitvi16g01068",0.449874207292219,0.00590725996608226,1,0.00705354377303617,10
"Vitvi16g01078",-0.696016511613758,2.43837926334964e-06,0.0103679886277627,6.24577628178474e-06,303
"Vitvi16g01079",0.544065654133245,0.000603706946384101,1,0.000904178209237476,47
"Vitvi16g01081",0.750289519408583,1.37448227308174e-07,0.000584429862514355,4.85406862553457e-07,39
"Vitvi16g01105",-0.750289519408583,1.37448227308175e-07,0.000584429862514362,4.85406862553457e-07,25
"Vitvi16g01112",0.180625254672437,0.291788720864395,1,0.295120276193009,36
"Vitvi16g01126",0.816811769737353,1.23759826433005e-09,5.26226781993139e-06,9.4305874909167e-09,29
"Vitvi16g01127",-0.212722029694455,0.212910016198855,1,0.216370312829238,9
"Vitvi16g01141",-0.816811769737353,1.23759826433008e-09,5.26226781993152e-06,9.4305874909167e-09,37
"Vitvi16g01144",-0.853658887026992,3.67342960950637e-11,1.56194226996211e-07,5.78497137023003e-10,553
"Vitvi16g01150",-0.833655021565093,2.75698823891264e-10,1.17227139918566e-06,3.35894383720823e-09,160
"Vitvi16g01191",-0.45202248210053,0.00564613925901834,1,0.00682415694410063,16
"Vitvi16g01193",-0.671555434038547,7.33107392967987e-06,0.0311717263489988,1.68223024009709e-05,127
"Vitvi16g01194",-0.662292600465601,1.08356416478719e-05,0.0460731482867515,2.42107978385452e-05,118
"Vitvi16g01204",-0.563283869189166,0.00034775734695725,1,0.000546035538870837,781
"Vitvi16g01279",0.773153810333675,3.25894936404591e-08,0.000138570526959232,1.65952726897284e-07,184
"Vitvi16g01283",-0.411175350750953,0.0127285678576514,1,0.0145021089310648,16
"Vitvi16g01296",-0.783733316492778,1.58118731645975e-08,6.72320846958686e-05,8.69755300075919e-08,3
"Vitvi16g01302",-0.691427391756964,3.02205858819266e-06,0.0128497931169952,7.58099888908272e-06,10
"Vitvi16g01336",-0.0856473817588178,0.619426934732906,1,0.621033559652043,6
"Vitvi16g01340",0.39182592248032,0.0181099832764267,1,0.0201791532734188,73
"Vitvi16g01344",-0.623610398317675,4.83959829814288e-05,0.205779719637035,9.03731750711618e-05,15
"Vitvi16g01353",-0.304753495262471,0.0707229426338605,1,0.0740492371532073,3
"Vitvi16g01355",0.36280178007437,0.0296534634974875,1,0.0322719546432857,42
"Vitvi16g01362",0.666924017252074,8.92782851247368e-06,0.0379611268350381,2.01813539792866e-05,189
"Vitvi16g01391",-0.330048161533721,0.0493125080986809,1,0.0523929996090934,9
"Vitvi16g01403",-0.638571442967416,2.77964224488528e-05,0.118190388252522,5.50234582181201e-05,87
"Vitvi16g01406",-0.754920936195056,1.03991177471085e-07,0.000442170486607053,4.63005745138275e-07,734
"Vitvi16g01413",0.36280178007437,0.0296534634974875,1,0.0322719546432857,107
"Vitvi16g01418",-0.866758511891856,8.29025229610732e-12,3.52501527630483e-08,2.0768926511977e-10,778
"Vitvi16g01419",-0.582933306486462,0.000190869311580325,0.811576312839542,0.000314686433826889,30
"Vitvi16g01423",0.614434627005383,6.70579321707088e-05,0.285130327589854,0.000121831581792544,29
"Vitvi16g01424",0.559646882600657,0.000387017462770901,1,0.000601901335662719,34
"Vitvi16g01429",-0.552471922567315,0.000476236747738388,1,0.000728926800354079,37
"Vitvi16g01430",-0.559646882600657,0.000387017462770897,1,0.000601901335662719,37
"Vitvi16g01432",0.620609849387347,5.39036718218734e-05,0.229198412586606,9.94784776851588e-05,25
"Vitvi16g01434",0.527748783531311,0.000940244293401862,1,0.00136961929960422,6
"Vitvi16g01437",0.620609849387347,5.39036718218734e-05,0.229198412586606,9.94784776851588e-05,21
"Vitvi16g01442",0.620609849387347,5.39036718218734e-05,0.229198412586606,9.94784776851588e-05,20
"Vitvi16g01444",0.478898349698169,0.00312849885508842,1,0.00392864061778971,9
"Vitvi16g01449",-0.387447841800455,0.0195609632394898,1,0.0217787943687643,9
"Vitvi16g01497",0.826554464746446,5.29455877613899e-10,2.2512463916143e-06,5.62811597903578e-09,12
"Vitvi16g01509",0.57638349405403,0.000234110207241291,0.995436601189969,0.000379647826540801,247
"Vitvi16g01542",-0.740343236686949,2.45302599601653e-07,0.00104302665350623,8.06671812456485e-07,8
"Vitvi16g01549",-0.669331866868109,8.06194923971235e-06,0.0342794081672569,1.83606899663936e-05,5
"Vitvi16g01552",-0.656244139521543,1.38851025998339e-05,0.0590394562544936,3.04484044633799e-05,22
"Vitvi16g01699",-0.209929180289276,0.219119768525683,1,0.222627779156799,21
"Vitvi16g01733",0.750289519408583,1.37448227308174e-07,0.000584429862514355,4.85406862553457e-07,60
"Vitvi16g01753",0.818228616890212,1.09727718999618e-09,4.66562261186376e-06,9.4305874909167e-09,4
"Vitvi16g01769",0.652314954998581,1.62645051497972e-05,0.0691566758969378,3.53923622809303e-05,12
"Vitvi16g01770",-0.760088730172259,7.5624164511901e-08,0.000321553947504603,3.52194904167144e-07,6
"Vitvi16g01772",-0.645746403000758,2.10820008752169e-05,0.0896406677214222,4.30964748660689e-05,12
"Vitvi16g01796",0.750289519408583,1.37448227308174e-07,0.000584429862514355,4.85406862553457e-07,41
"Vitvi16g01800",0.227355782179939,0.182356808244462,1,0.185898141610034,58
"Vitvi16g01844",0.478898349698169,0.00312849885508842,1,0.00392864061778971,39
"Vitvi16g01857",-0.858025428648613,2.27373223068884e-11,9.66790944488895e-08,4.83395472244448e-10,640
"Vitvi16g01874",-0.804340628691506,3.42082056998738e-09,1.45453290635863e-05,2.23774293285944e-08,403
"Vitvi16g01884",-0.159632783232723,0.352382996354793,1,0.354802865380199,6
"Vitvi16g01886",-0.65798725895509,1.29347424789739e-05,0.054998525020597,2.86003770257915e-05,6
"Vitvi16g01915",0.523159663674517,0.00106081133351886,1,0.0015321228906665,7
"Vitvi16g01920",-0.650125313045818,1.77458750725828e-05,0.075455460808622,3.83411894352754e-05,253
"Vitvi16g01935",-0.866359712001401,8.69442361037601e-12,3.69686891913188e-08,2.0768926511977e-10,12
"Vitvi16g01938",0.799794857867825,4.86784757509085e-09,2.06980878892863e-05,3.07093292125909e-08,15
"Vitvi16g01951",-0.667461988060373,8.72733258323926e-06,0.0371086181439333,1.97596475739794e-05,134
"Vitvi16g01960",-0.15127934278052,0.378465682923555,1,0.380884280187208,6
"Vitvi16g01963",-0.720382602476694,7.27925607343032e-07,0.00309513968242257,2.10124893579265e-06,6
"Vitvi16g01964",-0.757204776371011,9.04231920805605e-08,0.000384479412726543,4.08152242809499e-07,12
"Vitvi16g01965",-0.703365690607165,1.71488287988333e-06,0.00729168200526393,4.54310405312394e-06,12
"Vitvi16g01966",-0.714710298520184,9.75165171487901e-07,0.00414640230916655,2.71539116513856e-06,9
"Vitvi16g01967",-0.645746403000758,2.10820008752169e-05,0.0896406677214222,4.30964748660689e-05,10
"Vitvi16g01979",-0.450861617656902,0.0057859788435973,1,0.00698523056302548,26
"Vitvi16g02059",-0.537084619459437,0.000731709404133355,1,0.00107878931566402,4
"Vitvi16g02067",0.449874207292219,0.00590725996608226,1,0.00705354377303617,30
"Vitvi16g02068",0.478898349698169,0.00312849885508842,1,0.00392864061778971,66
"Vitvi16g02072",-0.507121557730621,0.00159627566588517,1,0.00226320911348574,9
"Vitvi16g02074",-0.57638349405403,0.000234110207241294,0.995436601189981,0.000379647826540801,587
"Vitvi16g02116",-0.827123396298606,5.03032230623596e-10,2.13889304461153e-06,5.37410312716465e-09,4
"Vitvi16g04016",0.430524779021586,0.00876561976487691,1,0.0102336722762628,4
"Vitvi16g04054",-0.568031057829836,0.000301875529513086,1,0.000480379772264087,16
"Vitvi16g04055",-0.314428209397787,0.0618077618339936,1,0.0650511394351834,7
"Vitvi16g04072",-0.711313577803071,1.15795074343497e-06,0.0049236065610855,3.15010016704127e-06,69
"Vitvi16g04087",-0.698563497056303,2.1608949896054e-06,0.00918812549580217,5.57193783857014e-06,23
"Vitvi16g04131",-0.545296962533973,0.000583320667650517,1,0.000874878123051146,41
"Vitvi16g04134",0.559646882600657,0.000387017462770901,1,0.000601901335662719,6
"Vitvi16g04165",-0.669331866868109,8.06194923971235e-06,0.0342794081672569,1.83606899663936e-05,4
"Vitvi16g04222",-0.854242196177249,3.44851741255845e-11,1.46630960381985e-07,5.55420304477225e-10,11
"Vitvi16g04254",0.816811769737353,1.23759826433005e-09,5.26226781993139e-06,9.4305874909167e-09,5
"Vitvi16g04291",-0.757204776371011,9.04231920805605e-08,0.000384479412726543,4.08152242809499e-07,7
"Vitvi16g04295",-0.729160155023937,4.56480733012947e-07,0.00194095607677105,1.39136636327674e-06,92
"Vitvi16g04296",-0.829476273338115,4.06241215706204e-10,1.72733764918278e-06,4.56967632058936e-09,301
"Vitvi16g04318",-0.718648196784035,7.96599470119536e-07,0.00338714094694827,2.27172431049518e-06,3
"Vitvi16g04352",-0.816811769737353,1.23759826433008e-09,5.26226781993152e-06,9.4305874909167e-09,4
"Vitvi16g04372",-0.731763852262692,3.96103875756545e-07,0.00168423367971683,1.22320173824875e-06,534
"Vitvi16g04376",-0.794122553911316,7.46691027916994e-09,3.17493025070306e-05,4.47803984584352e-08,3
"Vitvi16g04388",-0.816811769737353,1.23759826433008e-09,5.26226781993152e-06,9.4305874909167e-09,41
"Vitvi16g04389",-0.816811769737353,1.23759826433008e-09,5.26226781993152e-06,9.4305874909167e-09,43
"Vitvi16g04397",0.382151208345003,0.0214447164072558,1,0.0237393736432314,9
"Vitvi16g04400",-0.602696642800707,0.000100304716366618,0.426495653990861,0.000173966758223883,17
"Vitvi16g04401",-0.170169118695282,0.321079173298729,1,0.324205330056091,3
"Vitvi16g04402",-0.720382602476694,7.27925607343032e-07,0.00309513968242257,2.10124893579265e-06,11
"Vitvi16g04404",-0.697693386650656,2.25225754908549e-06,0.0095765990987115,5.79346587943834e-06,6
"Vitvi16g04405",-0.669331866868109,8.06194923971235e-06,0.0342794081672569,1.83606899663936e-05,5
"Vitvi16g04406",-0.731763852262692,3.96103875756545e-07,0.00168423367971683,1.22320173824875e-06,6
"Vitvi16g04418",-0.631396482934074,3.63959573998368e-05,0.154755610864106,6.99618493960706e-05,22
"Vitvi16g04419",-0.638571442967416,2.77964224488528e-05,0.118190388252522,5.50234582181201e-05,32
"Vitvi16g04420",0.638571442967416,2.77964224488528e-05,0.118190388252522,5.50234582181201e-05,59
"Vitvi16g04451",-0.854242196177249,3.44851741255845e-11,1.46630960381985e-07,5.55420304477225e-10,10
"Vitvi16g04458",-0.478898349698169,0.00312849885508842,1,0.00392864061778971,5
"Vitvi16g04467",0.750289519408583,1.37448227308174e-07,0.000584429862514355,4.85406862553457e-07,6
"Vitvi16g04491",0.734919476711221,3.32800881439019e-07,0.00141506934787871,1.06077162509648e-06,35
"Vitvi16g04495",-0.617046562867391,6.11763032283906e-05,0.260121641327117,0.000112169746152271,662
"Vitvi16g04515",0.516597122400606,0.00125690591977388,1,0.00180187591735621,3
"Vitvi17g00018",-0.711313577803071,1.15795074343497e-06,0.0049236065610855,3.15010016704127e-06,391
"Vitvi17g00025",0.834311493091303,2.59159644346565e-10,1.10194680776159e-06,3.2434929200962e-09,30
"Vitvi17g00028",-0.582933306486462,0.000190869311580325,0.811576312839542,0.000314686433826889,394
"Vitvi17g00031",-0.825770053886784,5.68006945783812e-10,2.41516553347277e-06,5.99296658429968e-09,585
"Vitvi17g00061",-0.37314208317344,0.0249943694362474,1,0.0276041711280322,17
"Vitvi17g00062",-0.565832123155414,0.000322408799970081,1,0.000510570658276642,93
"Vitvi17g00064",0.560897255540084,0.000373095733671609,1,0.000584178185780238,43
"Vitvi17g00078",-0.582933306486462,0.000190869311580325,0.811576312839542,0.000314686433826889,46
"Vitvi17g00082",-0.695506609407448,2.49770503451919e-06,0.0106202418067756,6.35942623160216e-06,331
"Vitvi17g00085",-0.699956621945917,2.02165853460261e-06,0.00859609208913028,5.23194892825945e-06,8
"Vitvi17g00087",-0.819235825519126,1.00667411024502e-09,4.28037831676181e-06,9.08785205257285e-09,138
"Vitvi17g00095",-0.343452351803737,0.0402822983143647,1,0.043165406359042,12
"Vitvi17g00100",-0.701115533676863,1.91214561505384e-06,0.00813044315520891,5.00334963397471e-06,223
"Vitvi17g00102",0.57892221424897,0.000216406011771763,0.920158362053538,0.000354179508103748,3
"Vitvi17g00103",-0.808995377700137,2.36091949141347e-09,1.00386296774901e-05,1.62437373422169e-08,297
"Vitvi17g00116",0.521851963998865,0.00109757691190447,1,0.00158414698894019,26
"Vitvi17g00139",-0.829476273338115,4.06241215706204e-10,1.72733764918278e-06,4.56967632058936e-09,509
"Vitvi17g00148",0.420850064886269,0.010590608809886,1,0.0122069039467702,85
"Vitvi17g00169",-0.675004170824618,6.31632119611022e-06,0.0268569977258606,1.46679397738179e-05,715
"Vitvi17g00173",0.597095483589532,0.000120884849500737,0.514002380077135,0.000207845685433536,36
"Vitvi17g00181",0.449874207292219,0.00590725996608226,1,0.00705354377303617,29
"Vitvi17g00192",0.595521682767366,0.000127313692999973,0.541337822635886,0.000215500725571611,9
"Vitvi17g00203",0.199688732470287,0.242946261602292,1,0.24636477565775,63
"Vitvi17g00205",0.337555260577515,0.0440743725994153,1,0.0471575823585088,49
"Vitvi17g00209",0.449874207292219,0.00590725996608226,1,0.00705354377303617,4
"Vitvi17g00213",-0.577383292713601,0.000226988801827679,0.96515638537129,0.000370501491505294,164
"Vitvi17g00214",-0.596032931351327,0.000125192354329375,0.532317890608501,0.000213353863971343,620
"Vitvi17g00216",-0.716412599866176,8.93892664680424e-07,0.00380083161022116,2.50714486162346e-06,322
"Vitvi17g00219",0.478898349698169,0.00312849885508842,1,0.00392864061778971,8
"Vitvi17g00228",-0.896224025128485,1.49779128509718e-13,6.36860854423323e-10,4.7570288070238e-11,770
"Vitvi17g00232",-0.731763852262692,3.96103875756545e-07,0.00168423367971683,1.22320173824875e-06,411
"Vitvi17g00234",-0.645310738915201,2.14432683486358e-05,0.0911767770183994,4.37089055697025e-05,6
"Vitvi17g00237",-0.324102923533104,0.0538052002373616,1,0.0569103759724531,25
"Vitvi17g00245",-0.57399680266734,0.000251925466762095,1,0.000406214290736604,5
"Vitvi17g00258",0.609132556216191,8.05930710257105e-05,0.342681738001321,0.000143082145303266,23
"Vitvi17g00261",-0.805467161824335,3.13002579938549e-09,1.33088696989871e-05,2.06653055601957e-08,15
"Vitvi17g00271",-0.420850064886269,0.010590608809886,1,0.0122069039467702,229
"Vitvi17g00273",-0.816055112076351,1.31919139564028e-09,5.60920181426247e-06,9.94539328769942e-09,85
"Vitvi17g00278",0.215049404198771,0.207828770833094,1,0.211256976711049,57
"Vitvi17g00282",-0.478898349698169,0.00312849885508842,1,0.00392864061778971,90
"Vitvi17g00283",-0.57638349405403,0.000234110207241294,0.995436601189981,0.000379647826540801,25
"Vitvi17g00284",0.353127065939054,0.0346365270501542,1,0.0373414079658357,41
"Vitvi17g00294",-0.648085704220576,1.92349624026958e-05,0.0817870601362627,4.13274684872474e-05,75
"Vitvi17g00329",0.645746403000758,2.10820008752171e-05,0.0896406677214233,4.30964748660689e-05,18
"Vitvi17g00350",-0.819760771205674,9.62256253728296e-10,4.09151359085271e-06,8.93343578788802e-09,596
"Vitvi17g00371",-0.624221522900733,4.73386834040076e-05,0.20128408183384,8.85543694825518e-05,3
"Vitvi17g00373",0.420850064886269,0.010590608809886,1,0.0122069039467702,26
"Vitvi17g00438",0.538122002500631,0.00071128356377806,1,0.00105305630681905,4
"Vitvi17g00442",-0.700887740352874,1.93323218581868e-06,0.00822010325410102,5.0092036892755e-06,106
"Vitvi17g00443",-0.701115533676863,1.91214561505384e-06,0.00813044315520891,5.00334963397471e-06,880
"Vitvi17g00444",-0.478898349698169,0.00312849885508842,1,0.00392864061778971,459
"Vitvi17g00450",0.236461249638475,0.164991312964923,1,0.168478161077534,49
"Vitvi17g00451",0.651485961297165,1.68115837483811e-05,0.0714828540981165,3.6489460999549e-05,8
"Vitvi17g00461",-0.593616839704664,0.000135505069190758,0.576167554199105,0.000229001412638754,8
"Vitvi17g00473",-0.372476494209687,0.0252748166470032,1,0.0277840021672848,14
"Vitvi17g00479",-0.485426517827707,0.00269100939627304,1,0.00373560951777765,3
"Vitvi17g00480",-0.866758511891856,8.29025229610732e-12,3.52501527630483e-08,2.0768926511977e-10,692
"Vitvi17g00484",0.643496584363782,2.30088601590388e-05,0.0978336733962331,4.6698650785792e-05,12
"Vitvi17g00494",-0.637887660094367,2.85281330103806e-05,0.121301621560138,5.63931295026212e-05,379
"Vitvi17g00504",-0.737939074644656,2.81075640112032e-07,0.00119513362175636,9.06778165217267e-07,45
"Vitvi17g00516",0.811139465780844,1.98345837029641e-09,8.43366499050032e-06,1.4079574274625e-08,4
"Vitvi17g00527",-0.420850064886269,0.010590608809886,1,0.0122069039467702,117
"Vitvi17g00528",-0.546507180803783,0.00056388190945942,1,0.000852034782878981,98
"Vitvi17g00541",-0.478898349698169,0.00312849885508842,1,0.00392864061778971,7
"Vitvi17g00547",-0.689897685138033,3.24336512260011e-06,0.0137907885012957,8.00393993110609e-06,125
"Vitvi17g00556",0.743193048498106,2.08347142635185e-07,0.000885892050484805,6.97552795657327e-07,4
"Vitvi17g00558",-0.416147681933822,0.011588218990186,1,0.01332065616282,120
"Vitvi17g00560",-0.582933306486462,0.000190869311580325,0.811576312839542,0.000314686433826889,704
"Vitvi17g00565",-0.645746403000758,2.10820008752169e-05,0.0896406677214222,4.30964748660689e-05,12
"Vitvi17g00583",-0.712333382215692,1.10001840416097e-06,0.00467727825449246,3.00983156659746e-06,612
"Vitvi17g00598",0.401500636615636,0.0152203400780549,1,0.017125399844374,29
"Vitvi17g00601",-0.767201362918887,4.81449244482082e-08,0.000204712218753781,2.34492804987149e-07,94
"Vitvi17g00607",0.353127065939054,0.0346365270501542,1,0.0373414079658357,206
"Vitvi17g00608",-0.750289519408583,1.37448227308175e-07,0.000584429862514362,4.85406862553457e-07,333
"Vitvi17g00615",0.731763852262692,3.96103875756544e-07,0.00168423367971683,1.22320173824875e-06,55
"Vitvi17g00627",-0.478898349698169,0.00312849885508842,1,0.00392864061778971,83
"Vitvi17g00645",-0.808995377700137,2.36091949141347e-09,1.00386296774901e-05,1.62437373422169e-08,432
"Vitvi17g00651",-0.465036682702683,0.00426699202659308,1,0.00524674670245048,380
"Vitvi17g00658",-0.829476273338115,4.06241215706204e-10,1.72733764918278e-06,4.56967632058936e-09,582
"Vitvi17g00670",0.701115533676863,1.9121456150538e-06,0.00813044315520878,5.00334963397471e-06,13
"Vitvi17g00673",-0.552471922567315,0.000476236747738388,1,0.000728926800354079,810
"Vitvi17g00695",-0.645746403000758,2.10820008752169e-05,0.0896406677214222,4.30964748660689e-05,5
"Vitvi17g00704",0.720382602476694,7.27925607343024e-07,0.00309513968242254,2.10124893579265e-06,51
"Vitvi17g00705",-0.725588629880729,5.53108756705168e-07,0.00235181843351037,1.6411852292466e-06,9
"Vitvi17g00719",0.770097521779023,3.98767780862307e-08,0.000169556060422653,1.98311181780881e-07,3
"Vitvi17g00722",-0.87985813675672,1.58515090510686e-12,6.74006164851438e-09,1.10492813910072e-10,551
"Vitvi17g00744",0.854242196177249,3.4485174125585e-11,1.46630960381987e-07,5.55420304477225e-10,15
"Vitvi17g00753",-0.840344737359525,1.44897691006181e-10,6.16104982158283e-07,1.90155858690828e-09,49
"Vitvi17g00755",0.478898349698169,0.00312849885508842,1,0.00392864061778971,3
"Vitvi17g00759",-0.596032931351327,0.000125192354329375,0.532317890608501,0.000213353863971343,435
"Vitvi17g00777",-0.638571442967416,2.77964224488528e-05,0.118190388252522,5.50234582181201e-05,10
"Vitvi17g00787",0.237030496315255,0.163946637501507,1,0.167572380446252,13
"Vitvi17g00796",-0.617046562867391,6.11763032283906e-05,0.260121641327117,0.000112169746152271,6
"Vitvi17g00804",-0.706214555739967,1.4919087330318e-06,0.00634359593285121,3.98717531920252e-06,429
"Vitvi17g00837",-0.715902697659865,9.1755910814881e-07,0.00390146132784874,2.57182684762606e-06,173
"Vitvi17g00838",-0.743071818302731,2.0980841983956e-07,0.000892105401157811,6.98048044724422e-07,15
"Vitvi17g00842",-0.459548921427535,0.00480814938579871,1,0.00583954618349504,29
"Vitvi17g00845",-0.57399680266734,0.000251925466762095,1,0.000406214290736604,4
"Vitvi17g00874",-0.538122002500631,0.00071128356377806,1,0.00105305630681905,267
"Vitvi17g00878",-0.556734056756734,0.000421261179223091,1,0.000651346376020575,403
"Vitvi17g00881",-0.624221522900733,4.73386834040076e-05,0.20128408183384,8.85543694825518e-05,52
"Vitvi17g00895",-0.411175350750953,0.0127285678576514,1,0.0145021089310648,381
"Vitvi17g00898",-0.478898349698169,0.00312849885508842,1,0.00392864061778971,23
"Vitvi17g00899",0.478898349698169,0.00312849885508842,1,0.00392864061778971,11
"Vitvi17g00917",-0.661853063790958,1.10347350043172e-05,0.0469196932383569,2.45524297427299e-05,225
"Vitvi17g00920",0.466372402167214,0.00414355138051984,1,0.00511122148824206,42
"Vitvi17g00931",-0.432287620540523,0.00846379623972504,1,0.00996347220689669,263
"Vitvi17g00936",0.733478106687673,3.60460383151357e-07,0.00153267754915957,1.13953721127106e-06,148
"Vitvi17g00963",-0.552682403185747,0.000473378889663964,1,0.000728926800354079,14
"Vitvi17g00964",0.20760180578496,0.224388553560701,1,0.227600221789146,40
"Vitvi17g00972",0.805428356395692,3.13964896328463e-09,1.33497873918863e-05,2.06653055601957e-08,4
"Vitvi17g00975",0.700887740352874,1.9332321858187e-06,0.0082201032541011,5.0092036892755e-06,122
"Vitvi17g00977",-0.864575241081045,1.07384470568185e-11,4.56598768855921e-08,2.5087844442633e-10,144
"Vitvi17g00979",-0.645746403000758,2.10820008752169e-05,0.0896406677214222,4.30964748660689e-05,234
"Vitvi17g01012",-0.358748001667088,0.0316645308614795,1,0.0343901877964268,588
"Vitvi17g01015",0.750289519408583,1.37448227308174e-07,0.000584429862514355,4.85406862553457e-07,18
"Vitvi17g01036",0.411175350750953,0.0127285678576514,1,0.0145021089310648,3
"Vitvi17g01203",-0.589733737477529,0.000153686635287772,0.653475573243608,0.000259007361570992,457
"Vitvi17g01221",-0.711313577803071,1.15795074343497e-06,0.0049236065610855,3.15010016704127e-06,549
"Vitvi17g01227",-0.478898349698169,0.00312849885508842,1,0.00392864061778971,5
"Vitvi17g01311",-0.236773681100278,0.164417351185096,1,0.167932399048529,22
"Vitvi17g01339",0.478898349698169,0.00312849885508842,1,0.00392864061778971,4
"Vitvi17g01341",-0.680719445424445,4.91300614626659e-06,0.0208901021339255,1.1745248851251e-05,263
"Vitvi17g01360",-0.36280178007437,0.0296534634974876,1,0.0322719546432857,12
"Vitvi17g01362",-0.581171762700682,0.000201731083518182,0.857760567119311,0.000330543571144243,6
"Vitvi17g01365",-0.274164716608389,0.105638869242926,1,0.109341887054752,21
"Vitvi17g01373",0.686105636929664,3.85737206962773e-06,0.0164015460400571,9.37231202288977e-06,6
"Vitvi17g01376",0.727314326124633,5.04289660877281e-07,0.0021442396380502,1.52832475983621e-06,23
"Vitvi17g01378",0.618281131259524,5.85619449722182e-05,0.249005390021872,0.000107794541135009,22
"Vitvi17g01380",-0.635298043129053,3.14603421705441e-05,0.133769374909154,6.19016080097888e-05,43
"Vitvi17g01382",-0.705922728297438,1.51346106905451e-06,0.00643523646561976,4.03716214907137e-06,3
"Vitvi17g01392",-0.478898349698169,0.00312849885508842,1,0.00392864061778971,17
"Vitvi17g01396",-0.478898349698169,0.00312849885508842,1,0.00392864061778971,14
"Vitvi17g01454",-0.36280178007437,0.0296534634974876,1,0.0322719546432857,4
"Vitvi17g01455",-0.602582743783759,0.000100689603007756,0.428132191988977,0.000173966758223883,159
"Vitvi17g01457",-0.596032931351327,0.000125192354329375,0.532317890608501,0.000213353863971343,376
"Vitvi17g01471",-0.602696642800707,0.000100304716366618,0.426495653990861,0.000173966758223883,4
"Vitvi17g01481",-0.653563077075292,1.54713115867318e-05,0.0657840168667836,3.37873738401559e-05,6
"Vitvi17g01495",-0.765761034128769,5.28218853687821e-08,0.000224598656588062,2.54070878493282e-07,9
"Vitvi17g01497",0.756614516614135,9.37637791162503e-08,0.000398683588802296,4.2144142579524e-07,7
"Vitvi17g01499",0.636400035359054,3.01807164537393e-05,0.128328406361299,5.9521524286317e-05,12
"Vitvi17g01511",-0.622339942454018,5.0662625356898e-05,0.21541748301753,9.43158857344703e-05,515
"Vitvi17g01512",-0.469223635562852,0.00389036020229628,1,0.00480587204537007,48
"Vitvi17g01513",-0.592506363732738,0.000140496125716821,0.597389526547921,0.000236965302081682,23
"Vitvi17g01515",-0.60930664522985,8.01122008460831e-05,0.340637077997545,0.000143082145303266,102
"Vitvi17g01520",0.692021082694147,2.93995527601393e-06,0.0125006898336112,7.39248363903679e-06,61
"Vitvi17g01521",-0.443105017283777,0.00679911695396563,1,0.00809572816809349,78
"Vitvi17g01523",-0.295078781127154,0.0806150363631191,1,0.0841372446283708,9
"Vitvi17g01535",0.487897282267239,0.00253992909673463,1,0.00352933938539728,158
"Vitvi17g01554",0.540331958421819,0.000669447517114842,1,0.000998418394518523,6
"Vitvi17g01596",-0.510885369729709,0.00145288586363363,1,0.00207443609542318,3
"Vitvi17g04009",-0.759552352981529,7.81948005924383e-08,0.000332484292119048,3.59442477966538e-07,748
"Vitvi17g04011",-0.624221522900733,4.73386834040076e-05,0.20128408183384,8.85543694825518e-05,8
"Vitvi17g04033",0.552471922567315,0.000476236747738389,1,0.000728926800354079,3
"Vitvi17g04040",-0.581171762700682,0.000201731083518182,0.857760567119311,0.000330543571144243,5
"Vitvi17g04042",0.342144380434309,0.0410997070136324,1,0.0439969673267786,46
"Vitvi17g04044",-0.336535456164894,0.0447584177343891,1,0.0478293018865601,74
"Vitvi17g04093",-0.760088730172259,7.5624164511901e-08,0.000321553947504603,3.52194904167144e-07,25
"Vitvi17g04098",0.459548921427535,0.00480814938579871,1,0.00583954618349504,4
"Vitvi17g04101",0.805428356395692,3.13964896328463e-09,1.33497873918863e-05,2.06653055601957e-08,4
"Vitvi17g04171",0.854242196177249,3.4485174125585e-11,1.46630960381987e-07,5.55420304477225e-10,32
"Vitvi17g04183",-0.409493878167507,0.013135040399585,1,0.014949194801669,3
"Vitvi17g04195",0.440199493156902,0.00721598030084792,1,0.00852761207315328,6
"Vitvi17g04200",-0.633921594182493,3.31276572739378e-05,0.140858798728783,6.50618007985143e-05,6
"Vitvi17g04216",0.587407341669633,0.00016560102866066,0.704135573865126,0.00027569912837319,50
"Vitvi17g04225",-0.563283869189166,0.00034775734695725,1,0.000546035538870837,102
"Vitvi17g04238",0.509455846512001,0.00150595314155585,1,0.00213980495983856,4
"Vitvi17g04255",0.624221522900733,4.73386834040072e-05,0.201284081833839,8.85543694825518e-05,66
"Vitvi17g04257",-0.780286462683394,2.01001041173787e-08,8.54656427070942e-05,1.0791116503421e-07,232
"Vitvi17g04269",0.623953435216034,4.77998991152757e-05,0.203245171038152,8.92992842874131e-05,3
"Vitvi17g04275",0.437172381469474,0.00767339090309104,1,0.00904804717691156,7
"Vitvi17g04289",-0.750289519408583,1.37448227308175e-07,0.000584429862514362,4.85406862553457e-07,4
"Vitvi18g00008",-0.866758511891856,8.29025229610732e-12,3.52501527630483e-08,2.0768926511977e-10,856
"Vitvi18g00018",-0.478898349698169,0.00312849885508842,1,0.00392864061778971,111
"Vitvi18g00022",-0.87985813675672,1.58515090510686e-12,6.74006164851438e-09,1.10492813910072e-10,796
"Vitvi18g00023",-0.550184244324302,0.000508303496349478,1,0.000769696035070506,28
"Vitvi18g00040",-0.227355782179939,0.182356808244462,1,0.185898141610034,26
"Vitvi18g00043",-0.884224678378342,8.74713631353133e-13,3.71928236051352e-09,8.26507191225227e-11,727
"Vitvi18g00048",-0.478898349698169,0.00312849885508842,1,0.00392864061778971,81
"Vitvi18g00050",0.338065162783825,0.0437355239262165,1,0.0468068078868041,48
"Vitvi18g00051",-0.613412354191466,6.94955815274754e-05,0.295495212654825,0.000126118315260277,128
"Vitvi18g00064",-0.543634431891869,0.000610994698697925,1,0.000913484338559638,539
"Vitvi18g00071",-0.478898349698169,0.00312849885508842,1,0.00392864061778971,21
"Vitvi18g00087",-0.45202248210053,0.00564613925901834,1,0.00682415694410063,3
"Vitvi18g00090",-0.449874207292219,0.00590725996608227,1,0.00705354377303617,16
"Vitvi18g00096",-0.229243435135126,0.178654617864677,1,0.182255142792852,46
"Vitvi18g00101",-0.645746403000758,2.10820008752169e-05,0.0896406677214222,4.30964748660689e-05,10
"Vitvi18g00106",-0.866359712001401,8.69442361037601e-12,3.69686891913188e-08,2.0768926511977e-10,11
"Vitvi18g00107",0.72151162192928,6.86190536909834e-07,0.00291768216294061,1.99431453379402e-06,7
"Vitvi18g00117",0.401500636615636,0.0152203400780549,1,0.017125399844374,3
"Vitvi18g00118",-0.783394258152665,1.61926462779259e-08,6.88511319737408e-05,8.82706820176164e-08,550
"Vitvi18g00119",-0.602696642800707,0.000100304716366618,0.426495653990861,0.000173966758223883,5
"Vitvi18g00137",-0.737939074644656,2.81075640112032e-07,0.00119513362175636,9.06778165217267e-07,714
"Vitvi18g00144",0.725590839579764,5.53043559917298e-07,0.00235154121676835,1.6411852292466e-06,29
"Vitvi18g00159",-0.858025428648613,2.27373223068884e-11,9.66790944488895e-08,4.83395472244448e-10,401
"Vitvi18g00161",-0.661853063790958,1.10347350043172e-05,0.0469196932383569,2.45524297427299e-05,356
"Vitvi18g00164",0.653184726283681,1.57079589994456e-05,0.0667902416656427,3.42689798181851e-05,3
"Vitvi18g00173",0.478898349698169,0.00312849885508842,1,0.00392864061778971,9
"Vitvi18g00174",0.74411429702662,1.97545236237612e-07,0.000839962344482327,6.63723534252229e-07,22
"Vitvi18g00175",-0.638571442967416,2.77964224488528e-05,0.118190388252522,5.50234582181201e-05,133
"Vitvi18g00185",0.667971890266684,8.54109450068943e-06,0.0363167338169314,1.94311042359184e-05,228
"Vitvi18g00191",-0.866359712001401,8.69442361037601e-12,3.69686891913188e-08,2.0768926511977e-10,10
"Vitvi18g00193",-0.835319412216182,2.35553059124017e-10,1.00157160739532e-06,2.97202257387335e-09,622
"Vitvi18g00196",-0.324102923533104,0.0538052002373616,1,0.0569103759724531,78
"Vitvi18g00213",-0.401500636615636,0.0152203400780548,1,0.017125399844374,295
"Vitvi18g00215",0.411175350750953,0.0127285678576514,1,0.0145021089310648,26
"Vitvi18g00236",-0.602696642800707,0.000100304716366618,0.426495653990861,0.000173966758223883,408
"Vitvi18g00239",-0.595591915433487,0.000127020372249762,0.540090622805989,0.000215500725571611,27
"Vitvi18g00242",-0.650635215252128,1.73903596896964e-05,0.0739438094005891,3.76112967449589e-05,123
"Vitvi18g00250",0.487897282267239,0.00253992909673463,1,0.00352933938539728,3
"Vitvi18g00254",-0.631396482934074,3.63959573998368e-05,0.154755610864106,6.99618493960706e-05,4
"Vitvi18g00258",-0.193723920900227,0.257597648956622,1,0.261035558475585,7
"Vitvi18g00260",-0.725588629880729,5.53108756705168e-07,0.00235181843351037,1.6411852292466e-06,67
"Vitvi18g00263",-0.198331639773989,0.246229438389849,1,0.249575106563443,27
"Vitvi18g00271",-0.872435015999964,4.13917043718778e-12,1.75997526989224e-08,1.99224294904032e-10,538
"Vitvi18g00274",-0.773446603340947,3.19602962058211e-08,0.000135895179467152,1.63729131888134e-07,725
"Vitvi18g00283",-0.444847522067189,0.00655916257134087,1,0.00781658050822348,211
"Vitvi18g00291",0.77719534483462,2.4836619667748e-08,0.000105605306827264,1.30049518425929e-07,5
"Vitvi18g00310",-0.824392187992147,6.42105911361328e-10,2.73023433510837e-06,6.32561203259186e-09,80
"Vitvi18g00311",-0.478898349698169,0.00312849885508842,1,0.00392864061778971,286
"Vitvi18g00313",-0.805866520846256,3.0325679100921e-09,1.28944787537116e-05,2.0499966222117e-08,376
"Vitvi18g00316",-0.791972270486838,8.75143972859964e-09,3.72111217260057e-05,5.13256851393181e-08,546
"Vitvi18g00317",0.663836406061092,1.01620006133771e-05,0.0432088266080796,2.28135304160928e-05,11
"Vitvi18g00322",-0.57399680266734,0.000251925466762095,1,0.000406214290736604,91
"Vitvi18g00341",0.478898349698169,0.00312849885508842,1,0.00392864061778971,3
"Vitvi18g00349",0.471586495135116,0.003690811552788,1,0.00459541163175829,115
"Vitvi18g00355",-0.430524779021586,0.00876561976487687,1,0.0102336722762628,322
"Vitvi18g00360",-0.478898349698169,0.00312849885508842,1,0.00392864061778971,5
"Vitvi18g00371",-0.819235825519126,1.00667411024502e-09,4.28037831676181e-06,9.08785205257285e-09,694
"Vitvi18g00375",-0.596032931351327,0.000125192354329375,0.532317890608501,0.000213353863971343,152
"Vitvi18g00376",-0.756614516614135,9.37637791162505e-08,0.000398683588802297,4.2144142579524e-07,138
"Vitvi18g00387",0.582933306486462,0.000190869311580326,0.811576312839547,0.000314686433826889,114
"Vitvi18g00392",0.36280178007437,0.0296534634974875,1,0.0322719546432857,179
"Vitvi18g00416",0.736395269049165,3.06516025902312e-07,0.00130330614213663,9.80666773616729e-07,9
"Vitvi18g00421",0.731709666055489,3.97281655814094e-07,0.00168924160052153,1.22320173824875e-06,59
"Vitvi18g00422",-0.725588629880729,5.53108756705168e-07,0.00235181843351037,1.6411852292466e-06,261
"Vitvi18g00424",0.639417366713299,2.6914776703222e-05,0.1144416305421,5.42377395934122e-05,6
"Vitvi18g00427",0.675869556053279,6.08267886851984e-06,0.0258635505489464,1.42107420598606e-05,90
"Vitvi18g00430",0.581171762700682,0.000201731083518181,0.857760567119306,0.000330543571144243,77
"Vitvi18g00432",-0.798754929881148,5.27034919958902e-09,2.24095247966525e-05,3.23837063535441e-08,13
"Vitvi18g00433",0.645148212596312,2.15794739770689e-05,0.0917559233504971,4.39654639916134e-05,10
"Vitvi18g00435",-0.550184244324302,0.000508303496349478,1,0.000769696035070506,305
"Vitvi18g00436",-0.633808442443884,3.32682188097717e-05,0.141456466379149,6.50973154068795e-05,286
"Vitvi18g00445",0.53094704246729,0.000863545476365851,1,0.00126569988469756,46
"Vitvi18g00462",0.74411429702662,1.97545236237612e-07,0.000839962344482327,6.63723534252229e-07,10
"Vitvi18g00466",-0.836275800413485,2.15017347261498e-10,9.14253760555888e-07,2.74550678845612e-09,302
"Vitvi18g00469",0.615682368648623,6.41873880190985e-05,0.272924773857207,0.000117084845069587,7
"Vitvi18g00470",-0.478898349698169,0.00312849885508842,1,0.00392864061778971,4
"Vitvi18g00472",-0.817416591567534,1.17577557755558e-09,4.99939775576633e-06,9.4305874909167e-09,751
"Vitvi18g00473",-0.891196367620255,3.21677187060222e-13,1.36777139938006e-09,7.19879683884244e-11,8
"Vitvi18g00474",-0.738335577592889,2.74863188930829e-07,0.00116871827933388,9.01093507582024e-07,24
"Vitvi18g00480",0.699585827057931,2.05789195349821e-06,0.00875015658627438,5.31924412539476e-06,28
"Vitvi18g00505",-0.430524779021586,0.00876561976487687,1,0.0102336722762628,417
"Vitvi18g00508",0.430524779021586,0.00876561976487691,1,0.0102336722762628,17
"Vitvi18g00513",0.343452351803737,0.0402822983143647,1,0.043165406359042,5
"Vitvi18g00530",-0.729864644553403,4.39360164333138e-07,0.0018681594187445,1.34303337077247e-06,69
"Vitvi18g00563",0.588346722734024,0.000160693769450826,0.683269907704912,0.000267738992047379,82
"Vitvi18g00572",-0.624221522900733,4.73386834040076e-05,0.20128408183384,8.85543694825518e-05,7
"Vitvi18g00573",-0.803875153790643,3.54813370040871e-09,1.50866644941378e-05,2.30682943335441e-08,491
"Vitvi18g00598",-0.630253015768692,3.79698386732656e-05,0.161447754038725,7.2855484674515e-05,570
"Vitvi18g00610",-0.343452351803737,0.0402822983143647,1,0.043165406359042,515
"Vitvi18g00612",-0.622080691698743,5.11367841970626e-05,0.21743360640591,9.49077286800132e-05,103
"Vitvi18g00616",-0.670521401298236,7.66308559615982e-06,0.0325834399548715,1.75651967411706e-05,726
"Vitvi18g00617",-0.72151162192928,6.86190536909843e-07,0.00291768216294065,1.99431453379402e-06,839
"Vitvi18g00626",-0.680676474781128,4.92239733135686e-06,0.0209300334529294,1.1745248851251e-05,7
"Vitvi18g00634",-0.811139465780844,1.98345837029642e-09,8.43366499050038e-06,1.4079574274625e-08,4
"Vitvi18g00640",-0.819235825519126,1.00667411024502e-09,4.28037831676181e-06,9.08785205257285e-09,268
"Vitvi18g00651",0.695506609407448,2.49770503451919e-06,0.0106202418067756,6.35942623160216e-06,17
"Vitvi18g00675",-0.57399680266734,0.000251925466762095,1,0.000406214290736604,41
"Vitvi18g00683",-0.866758511891856,8.29025229610732e-12,3.52501527630483e-08,2.0768926511977e-10,574
"Vitvi18g00687",0.56155809169443,0.000365919895004433,1,0.00057412966551987,46
"Vitvi18g00690",-0.680719445424445,4.91300614626659e-06,0.0208901021339255,1.1745248851251e-05,560
"Vitvi18g00697",-0.87985813675672,1.58515090510686e-12,6.74006164851438e-09,1.10492813910072e-10,816
"Vitvi18g00706",-0.645746403000758,2.10820008752169e-05,0.0896406677214222,4.30964748660689e-05,58
"Vitvi18g00708",0.478898349698169,0.00312849885508842,1,0.00392864061778971,3
"Vitvi18g00716",-0.602084182241456,0.000102390038824264,0.435362445080771,0.000176617624779217,37
"Vitvi18g00727",-0.478898349698169,0.00312849885508842,1,0.00392864061778971,490
"Vitvi18g00729",0.596032931351327,0.000125192354329375,0.532317890608501,0.000213353863971343,20
"Vitvi18g00730",0.602582743783759,0.000100689603007755,0.428132191988974,0.000173966758223883,4
"Vitvi18g00731",-0.358748001667088,0.0316645308614795,1,0.0343901877964268,5
"Vitvi18g00739",-0.36280178007437,0.0296534634974876,1,0.0322719546432857,134
"Vitvi18g00740",0.401500636615636,0.0152203400780549,1,0.017125399844374,18
"Vitvi18g00743",-0.819235825519126,1.00667411024502e-09,4.28037831676181e-06,9.08785205257285e-09,735
"Vitvi18g00747",-0.720382602476694,7.27925607343032e-07,0.00309513968242257,2.10124893579265e-06,449
"Vitvi18g00749",-0.602582743783759,0.000100689603007756,0.428132191988977,0.000173966758223883,597
"Vitvi18g00768",-0.701115533676863,1.91214561505384e-06,0.00813044315520891,5.00334963397471e-06,653
"Vitvi18g00770",-0.762622932118971,6.45003996167871e-08,0.000274255699170579,3.05407237383718e-07,129
"Vitvi18g00775",-0.633808442443884,3.32682188097717e-05,0.141456466379149,6.50973154068795e-05,269
"Vitvi18g00777",-0.559646882600657,0.000387017462770897,1,0.000601901335662719,16
"Vitvi18g00780",-0.481667345793165,0.00293590464275695,1,0.00392864061778971,10
"Vitvi18g00781",-0.589483118918895,0.000154932061894313,0.658771127174619,0.000259767794627216,590
"Vitvi18g00784",0.663836406061092,1.01620006133771e-05,0.0432088266080796,2.28135304160928e-05,14
"Vitvi18g00789",0.440199493156902,0.00721598030084792,1,0.00852761207315328,71
"Vitvi18g00792",-0.556734056756734,0.000421261179223091,1,0.000651346376020575,229
"Vitvi18g00808",-0.372476494209687,0.0252748166470032,1,0.0277840021672848,6
"Vitvi18g00839",0.752672914695697,1.19158616195584e-07,0.000506662436063622,4.85406862553457e-07,76
"Vitvi18g00842",-0.640437171125919,2.58856689596349e-05,0.110065864416368,5.22629935500321e-05,270
"Vitvi18g00843",0.734769079293352,3.35592859601089e-07,0.00142694083902383,1.06329421685829e-06,57
"Vitvi18g00857",-0.696016511613758,2.43837926334964e-06,0.0103679886277627,6.24577628178474e-06,406
"Vitvi18g00858",-0.723551230754522,6.16320832208703e-07,0.00262059617855141,1.81356136923973e-06,11
"Vitvi18g00869",-0.720382602476694,7.27925607343032e-07,0.00309513968242257,2.10124893579265e-06,120
"Vitvi18g00878",0.805467161824335,3.13002579938549e-09,1.33088696989871e-05,2.06653055601957e-08,16
"Vitvi18g00881",-0.87985813675672,1.58515090510686e-12,6.74006164851438e-09,1.10492813910072e-10,874
"Vitvi18g00894",-0.178982211503356,0.296273865831986,1,0.299300659899645,9
"Vitvi18g00909",-0.811754063090946,1.88607905379907e-09,8.01960813675364e-06,1.37557600973476e-08,220
"Vitvi18g00955",-0.42573780810809,0.00963192720412472,1,0.0112266870811234,14
"Vitvi18g00956",-0.582933306486462,0.000190869311580325,0.811576312839542,0.000314686433826889,364
"Vitvi18g00960",-0.459548921427535,0.00480814938579871,1,0.00583954618349504,21
"Vitvi18g00979",-0.616252807396985,6.29123905194298e-05,0.267503484488616,0.000115203912355132,140
"Vitvi18g00983",0.478898349698169,0.00312849885508842,1,0.00392864061778971,52
"Vitvi18g00991",-0.478898349698169,0.00312849885508842,1,0.00392864061778971,9
"Vitvi18g01010",-0.678679836599203,5.37727468533649e-06,0.0228641719620508,1.26601173654766e-05,580
"Vitvi18g01022",-0.884224678378342,8.74713631353133e-13,3.71928236051352e-09,8.26507191225227e-11,866
"Vitvi18g01032",-0.572902699607449,0.000260490484424683,1,0.000419547552944603,6
"Vitvi18g01036",-0.678679836599203,5.37727468533649e-06,0.0228641719620508,1.26601173654766e-05,224
"Vitvi18g01037",-0.673070912329788,6.86813950157651e-06,0.0292033291607033,1.58112231514366e-05,150
"Vitvi18g01072",0.686110003872268,3.85660767515649e-06,0.0163982958347654,9.37231202288977e-06,117
"Vitvi18g01085",-0.72151162192928,6.86190536909843e-07,0.00291768216294065,1.99431453379402e-06,431
"Vitvi18g01092",-0.815129354419202,1.42580956091385e-09,6.06254225300571e-06,1.06360390403609e-08,652
"Vitvi18g01093",-0.36280178007437,0.0296534634974876,1,0.0322719546432857,247
"Vitvi18g01098",-0.871125053513477,4.87284258467059e-12,2.07193266700193e-08,1.99224294904032e-10,944
"Vitvi18g01101",-0.684288760868618,4.18769069394475e-06,0.0178060608306531,1.01113349407456e-05,296
"Vitvi18g01110",-0.466372402167214,0.00414355138051985,1,0.00511122148824206,12
"Vitvi18g01120",-0.748949115488792,1.48838168566799e-07,0.000632859892746028,5.24759446721416e-07,407
"Vitvi18g01123",0.768815186554474,4.33607583457642e-08,0.00018436994448619,2.12652761806449e-07,19
"Vitvi18g01128",0.644516388776403,2.21164712672518e-05,0.0940392358283545,4.49303563441732e-05,14
"Vitvi18g01130",-0.559646882600657,0.000387017462770897,1,0.000601901335662719,31
"Vitvi18g01131",-0.523984994594573,0.00103817108302138,1,0.00150197463253043,26
"Vitvi18g01132",-0.850057408412866,5.39401967842208e-11,2.29353716726507e-07,8.13311052221656e-10,128
"Vitvi18g01133",0.382936556939144,0.0211562394000166,1,0.02353645471713,55
"Vitvi18g01148",-0.871125053513477,4.87284258467059e-12,2.07193266700193e-08,1.99224294904032e-10,950
"Vitvi18g01167",-0.678679836599203,5.37727468533649e-06,0.0228641719620508,1.26601173654766e-05,576
"Vitvi18g01183",0.478898349698169,0.00312849885508842,1,0.00392864061778971,141
"Vitvi18g01232",-0.762913362514686,6.33270577135278e-08,0.00026926664939792,3.00520814060179e-07,23
"Vitvi18g01235",-0.745986927832182,1.77160876753437e-07,0.000753288047955612,6.07490361254526e-07,795
"Vitvi18g01238",-0.645746403000758,2.10820008752169e-05,0.0896406677214222,4.30964748660689e-05,13
"Vitvi18g01253",-0.87985813675672,1.58515090510686e-12,6.74006164851438e-09,1.10492813910072e-10,720
"Vitvi18g01276",-0.342144380434309,0.0410997070136324,1,0.0439969673267786,3
"Vitvi18g01281",-0.66338277040989,1.03558743596087e-05,0.044033177777056,2.31875607040843e-05,4
"Vitvi18g01285",-0.488996215851717,0.00247514741587479,1,0.00344833774977051,7
"Vitvi18g01321",-0.538122002500631,0.00071128356377806,1,0.00105305630681905,706
"Vitvi18g01385",-0.686348778737637,3.81502240835494e-06,0.0162214752803252,9.29065021782659e-06,83
"Vitvi18g01390",-0.805467161824335,3.13002579938549e-09,1.33088696989871e-05,2.06653055601957e-08,4
"Vitvi18g01436",-0.478898349698169,0.00312849885508842,1,0.00392864061778971,12
"Vitvi18g01504",-0.782167024773096,1.76429582205082e-08,7.50178583536009e-05,9.50796683822572e-08,27
"Vitvi18g01510",0.59505587476429,0.000129274566135119,0.549675455206527,0.000218732771669927,95
"Vitvi18g01562",-0.622232181081055,5.08592315170758e-05,0.216253452410606,9.4433822013366e-05,68
"Vitvi18g01570",-0.54967457840266,0.000515703904448321,1,0.000780624066114013,61
"Vitvi18g01572",-0.478898349698169,0.00312849885508842,1,0.00392864061778971,4
"Vitvi18g01624",-0.330048161533721,0.0493125080986809,1,0.0523929996090934,173
"Vitvi18g01628",-0.655224335108922,1.44701321343351e-05,0.061527001835193,3.16822872477822e-05,377
"Vitvi18g01639",0.420850064886269,0.010590608809886,1,0.0122069039467702,12
"Vitvi18g01675",-0.330926531895479,0.0486750109283287,1,0.0517803718957352,30
"Vitvi18g01676",-0.478898349698169,0.00312849885508842,1,0.00392864061778971,5
"Vitvi18g01678",0.672561010123478,7.02083437034869e-06,0.0298525877427226,1.61539976962785e-05,13
"Vitvi18g01735",-0.808995377700137,2.36091949141347e-09,1.00386296774901e-05,1.62437373422169e-08,332
"Vitvi18g01785",-0.423322641967163,0.0100959760440297,1,0.0117546796657214,22
"Vitvi18g01884",0.816275876347149,1.29488393267205e-09,5.50584648172156e-06,9.81434310467305e-09,60
"Vitvi18g01937",-0.602462534783906,0.000101097254437684,0.429865525869033,0.000174600132359477,16
"Vitvi18g01947",0.530534807027005,0.000873110001630482,1,0.00127488452161154,64
"Vitvi18g01950",-0.675004170824618,6.31632119611022e-06,0.0268569977258606,1.46679397738179e-05,7
"Vitvi18g01959",-0.750289519408583,1.37448227308175e-07,0.000584429862514362,4.85406862553457e-07,66
"Vitvi18g01970",0.330048161533721,0.049312508098681,1,0.0523929996090934,8
"Vitvi18g01973",-0.854242196177249,3.44851741255845e-11,1.46630960381985e-07,5.55420304477225e-10,5
"Vitvi18g01980",0.750289519408583,1.37448227308174e-07,0.000584429862514355,4.85406862553457e-07,42
"Vitvi18g01987",-0.738010125038231,2.79952995136733e-07,0.00119036013532139,9.06778165217267e-07,8
"Vitvi18g01992",-0.748744122259241,1.50654856102604e-07,0.000640584448148274,5.27664290072713e-07,296
"Vitvi18g02006",-0.420850064886269,0.010590608809886,1,0.0122069039467702,560
"Vitvi18g02066",0.478898349698169,0.00312849885508842,1,0.00392864061778971,133
"Vitvi18g02072",-0.814115601609632,1.55170655744904e-09,6.59785628227331e-06,1.13952612819919e-08,657
"Vitvi18g02075",0.667461988060373,8.72733258323926e-06,0.0371086181439333,1.97596475739794e-05,14
"Vitvi18g02135",-0.595521682767366,0.000127313692999972,0.541337822635881,0.000215500725571611,16
"Vitvi18g02144",-0.798754929881148,5.27034919958902e-09,2.24095247966525e-05,3.23837063535441e-08,656
"Vitvi18g02147",-0.36280178007437,0.0296534634974876,1,0.0322719546432857,15
"Vitvi18g02180",-0.561359157487907,0.000368067000659128,1,0.000576859891928718,48
"Vitvi18g02222",0.866359712001401,8.69442361037607e-12,3.69686891913191e-08,2.0768926511977e-10,13
"Vitvi18g02223",0.437672562033847,0.00759614356666715,1,0.00895944589333391,4
"Vitvi18g02228",0.604312638618261,9.49848754852881e-05,0.403875690563445,0.00016765283958632,51
"Vitvi18g02230",0.725588629880729,5.53108756705168e-07,0.00235181843351037,1.6411852292466e-06,5
"Vitvi18g02337",-0.478898349698169,0.00312849885508842,1,0.00392864061778971,36
"Vitvi18g02361",0.581171762700682,0.000201731083518181,0.857760567119306,0.000330543571144243,3
"Vitvi18g02375",-0.680681876953935,4.9212157923062e-06,0.020925009548886,1.1745248851251e-05,17
"Vitvi18g02389",0.686348778737637,3.81502240835494e-06,0.0162214752803252,9.29065021782659e-06,4
"Vitvi18g02406",0.827123396298606,5.0303223062359e-10,2.13889304461151e-06,5.37410312716465e-09,6
"Vitvi18g02408",0.737939074644656,2.81075640112032e-07,0.00119513362175636,9.06778165217267e-07,45
"Vitvi18g02409",0.208006353909306,0.223466571725695,1,0.226773236987507,43
"Vitvi18g02415",-0.478898349698169,0.00312849885508842,1,0.00392864061778971,3
"Vitvi18g02417",0.850316013631005,5.24901265229646e-11,2.23188017975646e-07,7.94263409165998e-10,47
"Vitvi18g02468",0.566821842633998,0.000313017471211837,1,0.000496252903651279,15
"Vitvi18g02470",0.750289519408583,1.37448227308174e-07,0.000584429862514355,4.85406862553457e-07,6
"Vitvi18g02472",0.862753930355779,1.32803069249053e-11,5.64678650446972e-08,3.06890570895094e-10,316
"Vitvi18g02474",-0.178982211503356,0.296273865831986,1,0.299300659899645,16
"Vitvi18g02476",-0.478898349698169,0.00312849885508842,1,0.00392864061778971,14
"Vitvi18g02503",-0.39182592248032,0.0181099832764267,1,0.0201791532734188,46
"Vitvi18g02509",0.779204984044896,2.16528492276168e-08,9.20679149158265e-05,1.1566320969325e-07,37
"Vitvi18g02514",-0.55885762556771,0.000396041802305422,1,0.00061526114117744,320
"Vitvi18g02519",-0.632960294151274,3.43391503021161e-05,0.146010067084598,6.70385982941221e-05,26
"Vitvi18g02525",0.750289519408583,1.37448227308174e-07,0.000584429862514355,4.85406862553457e-07,16
"Vitvi18g02533",-0.631396482934074,3.63959573998368e-05,0.154755610864106,6.99618493960706e-05,22
"Vitvi18g02574",-0.314428209397787,0.0618077618339936,1,0.0650511394351834,3
"Vitvi18g02582",0.534156736039856,0.000792191476453241,1,0.00116634285245124,9
"Vitvi18g02584",-0.788514482062159,1.1253109875189e-08,4.78482231893036e-05,6.34591819486785e-08,15
"Vitvi18g02585",-0.299981409405393,0.0754761687892939,1,0.078987120278631,25
"Vitvi18g02588",0.471586495135116,0.003690811552788,1,0.00459541163175829,3
"Vitvi18g02604",0.478898349698169,0.00312849885508842,1,0.00392864061778971,7
"Vitvi18g02605",-0.594545972557979,0.000131452155197496,0.558934563899754,0.000222328784367444,39
"Vitvi18g02607",-0.510885369729709,0.00145288586363363,1,0.00207443609542318,19
"Vitvi18g02617",-0.820209834581476,9.2571113461589e-10,3.93612374438677e-06,8.78599050086332e-09,276
"Vitvi18g02621",0.314428209397787,0.0618077618339936,1,0.0650511394351834,20
"Vitvi18g02632",0.719413407498765,7.65599059629689e-07,0.00325532720154544,2.19213952966023e-06,3
"Vitvi18g02636",0.190193522953796,0.266539503701871,1,0.269903779409467,19
"Vitvi18g02657",0.740343236686949,2.45302599601654e-07,0.00104302665350623,8.06671812456485e-07,25
"Vitvi18g02663",0.854242196177249,3.4485174125585e-11,1.46630960381987e-07,5.55420304477225e-10,22
"Vitvi18g02671",-0.325317607626064,0.0528617278438515,1,0.056135880817197,25
"Vitvi18g02672",-0.702376916856849,1.79914609203237e-06,0.00764996918332164,4.75153365423711e-06,10
"Vitvi18g02681",-0.752907990308538,1.1748204941656e-07,0.000499533674119214,4.85406862553457e-07,111
"Vitvi18g02692",-0.821699636322878,8.1349703423858e-10,3.45898938958244e-06,7.84351335506222e-09,14
"Vitvi18g02695",0.750289519408583,1.37448227308174e-07,0.000584429862514355,4.85406862553457e-07,49
"Vitvi18g02712",0.509422162367264,0.00150722386046954,1,0.00213980495983856,204
"Vitvi18g02720",0.854242196177249,3.4485174125585e-11,1.46630960381987e-07,5.55420304477225e-10,28
"Vitvi18g02742",0.74411429702662,1.97545236237612e-07,0.000839962344482327,6.63723534252229e-07,7
"Vitvi18g02748",-0.495072242300581,0.00214236521236232,1,0.00299747840834635,44
"Vitvi18g02777",0.678679836599203,5.37727468533645e-06,0.0228641719620506,1.26601173654766e-05,157
"Vitvi18g02779",-0.793634705971654,7.74198268554397e-09,3.2918910378933e-05,4.58480645946141e-08,227
"Vitvi18g02788",0.614434627005383,6.70579321707088e-05,0.285130327589854,0.000121831581792544,6
"Vitvi18g02800",0.569833681621598,0.000285923238424701,1,0.000455676765285544,83
"Vitvi18g02819",0.750289519408583,1.37448227308174e-07,0.000584429862514355,4.85406862553457e-07,8
"Vitvi18g02823",-0.435353177928437,0.00796004100888776,1,0.00937564940991434,9
"Vitvi18g02833",0.67562042336134,6.14911937888496e-06,0.0261460555990189,1.43344603064796e-05,57
"Vitvi18g02836",0.440199493156902,0.00721598030084792,1,0.00852761207315328,18
"Vitvi18g02837",0.81872655405402,1.05157904018329e-09,4.47131407885934e-06,9.4305874909167e-09,69
"Vitvi18g02846",-0.614734587361581,6.63574618252218e-05,0.282151927680843,0.000120887715373112,5
"Vitvi18g02921",-0.532503286587432,0.000828268430912874,1,0.00121777225734493,6
"Vitvi18g02924",-0.497592669022697,0.00201625313170922,1,0.00282847519499425,6
"Vitvi18g02971",0.387447841800455,0.0195609632394898,1,0.0217787943687643,59
"Vitvi18g02973",-0.353127065939054,0.0346365270501543,1,0.0373414079658357,3
"Vitvi18g02979",-0.285404066991838,0.0915479263669638,1,0.0951275129306771,35
"Vitvi18g02981",-0.70978387118414,1.25011243477313e-06,0.00531547807265534,3.38997326062203e-06,67
"Vitvi18g02993",-0.800599522832481,4.57616996970274e-09,1.9457874711176e-05,2.9304028179482e-08,454
"Vitvi18g03099",-0.641881618378352,2.44890860182794e-05,0.104127593749724,4.96318368683146e-05,5
"Vitvi18g03100",-0.719624196734414,7.57256339930824e-07,0.00321985395738586,2.18295183551584e-06,17
"Vitvi18g03101",0.530534807027005,0.000873110001630482,1,0.00127488452161154,17
"Vitvi18g03133",0.478898349698169,0.00312849885508842,1,0.00392864061778971,49
"Vitvi18g03244",-0.632960294151274,3.43391503021161e-05,0.146010067084598,6.70385982941221e-05,30
"Vitvi18g03246",-0.576257927268567,0.000235018593738573,0.999299060576411,0.000380975623551815,7
"Vitvi18g03248",-0.731727210389712,3.96899963641177e-07,0.00168761864540229,1.22320173824875e-06,7
"Vitvi18g03249",-0.478898349698169,0.00312849885508842,1,0.00392864061778971,5
"Vitvi18g03251",0.760088730172259,7.5624164511901e-08,0.000321553947504603,3.52194904167144e-07,6
"Vitvi18g03269",-0.725588629880729,5.53108756705168e-07,0.00235181843351037,1.6411852292466e-06,325
"Vitvi18g03366",-0.750289519408583,1.37448227308175e-07,0.000584429862514362,4.85406862553457e-07,17
"Vitvi18g03383",-0.854242196177249,3.44851741255845e-11,1.46630960381985e-07,5.55420304477225e-10,48
"Vitvi18g03385",-0.750289519408583,1.37448227308175e-07,0.000584429862514362,4.85406862553457e-07,4
"Vitvi18g04003",-0.750289519408583,1.37448227308175e-07,0.000584429862514362,4.85406862553457e-07,40
"Vitvi18g04004",0.750289519408583,1.37448227308174e-07,0.000584429862514355,4.85406862553457e-07,10
"Vitvi18g04020",0.459548921427535,0.00480814938579871,1,0.00583954618349504,4
"Vitvi18g04039",-0.716412599866176,8.93892664680424e-07,0.00380083161022116,2.50714486162346e-06,731
"Vitvi18g04053",-0.615682368648623,6.41873880190989e-05,0.272924773857208,0.000117084845069587,6
"Vitvi18g04171",-0.663836406061092,1.01620006133772e-05,0.0432088266080798,2.28135304160928e-05,25
"Vitvi18g04174",0.716831347329236,8.74877563158911e-07,0.00371997939855169,2.47833404300579e-06,251
"Vitvi18g04176",-0.854242196177249,3.44851741255845e-11,1.46630960381985e-07,5.55420304477225e-10,48
"Vitvi18g04189",-0.748744122259241,1.50654856102604e-07,0.000640584448148274,5.27664290072713e-07,5
"Vitvi18g04206",0.101584498420824,0.555509279837126,1,0.557475916419037,5
"Vitvi18g04230",0.624221522900733,4.73386834040072e-05,0.201284081833839,8.85543694825518e-05,47
"Vitvi18g04257",-0.815129354419202,1.42580956091385e-09,6.06254225300571e-06,1.06360390403609e-08,330
"Vitvi18g04272",0.751595852101597,1.2712618192812e-07,0.000540540525558365,4.85406862553457e-07,53
"Vitvi18g04286",0.522238377945924,0.00108659770486473,1,0.0015688330869558,4
"Vitvi18g04290",0.595521682767366,0.000127313692999973,0.541337822635886,0.000215500725571611,8
"Vitvi18g04291",0.750289519408583,1.37448227308174e-07,0.000584429862514355,4.85406862553457e-07,10
"Vitvi18g04301",0.40897272190048,0.0132632256396861,1,0.0150870078705044,169
"Vitvi18g04314",-0.416147681933822,0.011588218990186,1,0.01332065616282,7
"Vitvi18g04440",0.750289519408583,1.37448227308174e-07,0.000584429862514355,4.85406862553457e-07,51
"Vitvi18g04447",-0.657661183679129,1.31078878160574e-05,0.0557347389938761,2.88781031056353e-05,4
"Vitvi18g04453",0.686608645031092,3.77022995326578e-06,0.0160310177612861,9.20793668080764e-06,14
"Vitvi18g04508",-0.342265565235121,0.0410234138380619,1,0.0439374195565338,5
"Vitvi18g04516",-0.285404066991838,0.0915479263669638,1,0.0951275129306771,27
"Vitvi18g04543",-0.816811769737353,1.23759826433008e-09,5.26226781993152e-06,9.4305874909167e-09,19
"Vitvi18g04544",0.816811769737353,1.23759826433005e-09,5.26226781993139e-06,9.4305874909167e-09,20
"Vitvi18g04551",0.750289519408583,1.37448227308174e-07,0.000584429862514355,4.85406862553457e-07,44
"Vitvi18g04555",-0.737939074644656,2.81075640112032e-07,0.00119513362175636,9.06778165217267e-07,5
"Vitvi18g04577",-0.589483118918895,0.000154932061894313,0.658771127174619,0.000259767794627216,3
"Vitvi18g04596",-0.707800676832578,1.37960969568663e-06,0.00586610042605954,3.72924375464688e-06,4
"Vitvi18g04599",-0.734919476711221,3.32800881439018e-07,0.0014150693478787,1.06077162509648e-06,3
"Vitvi18g04601",-0.478898349698169,0.00312849885508842,1,0.00392864061778971,6
"Vitvi18g04640",-0.750289519408583,1.37448227308175e-07,0.000584429862514362,4.85406862553457e-07,58
"Vitvi18g04642",-0.816811769737353,1.23759826433008e-09,5.26226781993152e-06,9.4305874909167e-09,43
"Vitvi18g04643",-0.816811769737353,1.23759826433008e-09,5.26226781993152e-06,9.4305874909167e-09,42
"Vitvi18g04646",-0.750289519408583,1.37448227308175e-07,0.000584429862514362,4.85406862553457e-07,72
"Vitvi18g04655",-0.750289519408583,1.37448227308175e-07,0.000584429862514362,4.85406862553457e-07,11
"Vitvi18g04656",0.750289519408583,1.37448227308174e-07,0.000584429862514355,4.85406862553457e-07,30
"Vitvi18g04660",0.750289519408583,1.37448227308174e-07,0.000584429862514355,4.85406862553457e-07,65
"Vitvi18g04663",-0.100449440466785,0.559957971015341,1,0.561807761386793,40
"Vitvi18g04665",-0.724071956759764,5.99562518249324e-07,0.00254933982759612,1.77262172150003e-06,12
"Vitvi18g04684",-0.750289519408583,1.37448227308175e-07,0.000584429862514362,4.85406862553457e-07,19
"Vitvi18g04733",-0.743071818302731,2.0980841983956e-07,0.000892105401157811,6.98048044724422e-07,140
"Vitvi18g04735",0.730689861642868,4.20057585720466e-07,0.00178608485448342,1.28773241130744e-06,12
"Vitvi18g04736",-0.63533180594592,3.14204180292241e-05,0.133599617460261,6.18516747501207e-05,15
"Vitvi18g04739",0.854242196177249,3.4485174125585e-11,1.46630960381987e-07,5.55420304477225e-10,18
"Vitvi18g04749",-0.750289519408583,1.37448227308175e-07,0.000584429862514362,4.85406862553457e-07,35
"Vitvi18g04752",-0.414078188825186,0.0120518539962657,1,0.0138386398034355,46
"Vitvi18g04754",-0.509422162367264,0.00150722386046954,1,0.00213980495983856,218
"Vitvi18g04755",-0.69471251797091,2.59273082141354e-06,0.0110242914526504,6.56598657096511e-06,364
"Vitvi18g04756",-0.556181543507072,0.0004280530476983,1,0.000661126610538751,12
"Vitvi18g04757",-0.765761034128769,5.28218853687821e-08,0.000224598656588062,2.54070878493282e-07,18
"Vitvi18g04758",-0.56687734242067,0.000312498151787368,1,0.000496252903651279,13
"Vitvi18g04763",-0.645746403000758,2.10820008752169e-05,0.0896406677214222,4.30964748660689e-05,75
"Vitvi18g04765",-0.834272315260609,2.60120198907049e-10,1.10603108575277e-06,3.2434929200962e-09,28
"Vitvi18g04767",-0.373339308648633,0.0249117639239838,1,0.0275200883878355,13
"Vitvi18g04768",-0.766637161721592,4.99293925844513e-08,0.000212299777269087,2.42628316878957e-07,4
"Vitvi18g04771",0.816811769737353,1.23759826433005e-09,5.26226781993139e-06,9.4305874909167e-09,36
"Vitvi18g04795",0.217681068044622,0.202185093959943,1,0.205569349478163,3
"Vitvi19g00002",0.609871602834049,7.8569440725387e-05,0.334077261964345,0.000140723362242774,3
"Vitvi19g00008",-0.565032847949674,0.000330175842845806,1,0.000521704824890517,168
"Vitvi19g00009",-0.57399680266734,0.000251925466762095,1,0.000406214290736604,238
"Vitvi19g00014",-0.648431430810784,1.89748243923069e-05,0.0806809533160888,4.09132623306738e-05,36
"Vitvi19g00041",-0.862391970270235,1.38480359557113e-11,5.88818488836846e-08,3.13201323849386e-10,554
"Vitvi19g00042",-0.768815186554474,4.33607583457646e-08,0.000184369944486191,2.12652761806449e-07,543
"Vitvi19g00052",0.268622173615419,0.113165333123518,1,0.116961350617695,11
"Vitvi19g00057",0.609871602834049,7.8569440725387e-05,0.334077261964345,0.000140723362242774,128
"Vitvi19g00094",0.497592669022697,0.00201625313170922,1,0.00282847519499425,5
"Vitvi19g00098",-0.609871602834049,7.8569440725387e-05,0.334077261964345,0.000140723362242774,6
"Vitvi19g00122",-0.596585581383221,0.000122935028346969,0.522719740531312,0.000211199895164167,558
"Vitvi19g00128",0.478898349698169,0.00312849885508842,1,0.00392864061778971,8
"Vitvi19g00140",0.478898349698169,0.00312849885508842,1,0.00392864061778971,15
"Vitvi19g00141",-0.265473521233645,0.117616948709324,1,0.121179371434952,34
"Vitvi19g00145",-0.712333382215692,1.10001840416097e-06,0.00467727825449246,3.00983156659746e-06,528
"Vitvi19g00147",-0.752466402044428,1.20649649586461e-07,0.000513002310041633,4.85406862553457e-07,314
"Vitvi19g00150",0.39182592248032,0.0181099832764267,1,0.0201791532734188,143
"Vitvi19g00151",-0.516597122400606,0.00125690591977388,1,0.00180187591735621,15
"Vitvi19g00159",-0.750289519408583,1.37448227308175e-07,0.000584429862514362,4.85406862553457e-07,24
"Vitvi19g00164",0.48468611999998,0.00273778266345129,1,0.00378693945510569,70
"Vitvi19g00174",-0.750289519408583,1.37448227308175e-07,0.000584429862514362,4.85406862553457e-07,18
"Vitvi19g00185",-0.478898349698169,0.00312849885508842,1,0.00392864061778971,3
"Vitvi19g00198",-0.478898349698169,0.00312849885508842,1,0.00392864061778971,4
"Vitvi19g00200",-0.701115533676863,1.91214561505384e-06,0.00813044315520891,5.00334963397471e-06,82
"Vitvi19g00214",-0.750289519408583,1.37448227308175e-07,0.000584429862514362,4.85406862553457e-07,25
"Vitvi19g00221",-0.824392187992147,6.42105911361328e-10,2.73023433510837e-06,6.32561203259186e-09,633
"Vitvi19g00239",-0.731727210389712,3.96899963641177e-07,0.00168761864540229,1.22320173824875e-06,3
"Vitvi19g00243",-0.638571442967416,2.77964224488528e-05,0.118190388252522,5.50234582181201e-05,3
"Vitvi19g00255",0.816811769737353,1.23759826433005e-09,5.26226781993139e-06,9.4305874909167e-09,8
"Vitvi19g00257",0.713238185116801,1.05085825073372e-06,0.00446824928211977,2.88847560159252e-06,52
"Vitvi19g00261",-0.745658102622111,1.80593701214531e-07,0.000767884417564185,6.13326212111968e-07,772
"Vitvi19g00270",0.892976923999462,2.46455444284885e-13,1.04792854909933e-09,6.16428558293725e-11,164
"Vitvi19g00271",0.651655019664749,1.66986778522566e-05,0.071002778227795,3.62999888690159e-05,246
"Vitvi19g00275",-0.82902360477862,4.23397938922474e-10,1.80028803629836e-06,4.58088558854544e-09,282
"Vitvi19g00276",-0.478898349698169,0.00312849885508842,1,0.00392864061778971,15
"Vitvi19g00280",-0.745986927832182,1.77160876753437e-07,0.000753288047955612,6.07490361254526e-07,834
"Vitvi19g00282",-0.824392187992147,6.42105911361328e-10,2.73023433510837e-06,6.32561203259186e-09,322
"Vitvi19g00283",-0.783733316492778,1.58118731645975e-08,6.72320846958686e-05,8.69755300075919e-08,15
"Vitvi19g00285",-0.559646882600657,0.000387017462770897,1,0.000601901335662719,16
"Vitvi19g00291",0.478898349698169,0.00312849885508842,1,0.00392864061778971,7
"Vitvi19g00298",0.713238185116801,1.05085825073372e-06,0.00446824928211977,2.88847560159252e-06,51
"Vitvi19g00303",0.556734056756734,0.000421261179223091,1,0.000651346376020575,47
"Vitvi19g00307",-0.645310738915201,2.14432683486358e-05,0.0911767770183994,4.37089055697025e-05,75
"Vitvi19g00318",-0.478898349698169,0.00312849885508842,1,0.00392864061778971,9
"Vitvi19g00339",0.750289519408583,1.37448227308174e-07,0.000584429862514355,4.85406862553457e-07,52
"Vitvi19g00369",-0.808995377700137,2.36091949141347e-09,1.00386296774901e-05,1.62437373422169e-08,3
"Vitvi19g00377",0.385951398872728,0.0200786217961856,1,0.0223492931616181,26
"Vitvi19g00378",0.853273117934287,3.82960321195079e-11,1.62834728572148e-07,5.92126285716901e-10,242
"Vitvi19g00397",-0.478898349698169,0.00312849885508842,1,0.00392864061778971,506
"Vitvi19g00404",-0.523984994594573,0.00103817108302138,1,0.00150197463253043,169
"Vitvi19g00410",-0.783394258152665,1.61926462779259e-08,6.88511319737408e-05,8.82706820176164e-08,197
"Vitvi19g00436",0.478898349698169,0.00312849885508842,1,0.00392864061778971,27
"Vitvi19g00441",0.469223635562852,0.00389036020229627,1,0.00480587204537007,122
"Vitvi19g00445",-0.478898349698169,0.00312849885508842,1,0.00392864061778971,111
"Vitvi19g00458",-0.484754956984147,0.00273340432550801,1,0.00378580950881436,3
"Vitvi19g00469",-0.759552352981529,7.81948005924383e-08,0.000332484292119048,3.59442477966538e-07,709
"Vitvi19g00476",0.866359712001401,8.69442361037607e-12,3.69686891913191e-08,2.0768926511977e-10,22
"Vitvi19g00498",0.459548921427535,0.00480814938579871,1,0.00583954618349504,11
"Vitvi19g00514",0.778309556517049,2.30216542281964e-08,9.78880737782912e-05,1.21895444722517e-07,5
"Vitvi19g00529",-0.659813454965716,1.20029177871074e-05,0.0510364064307806,2.66230602142831e-05,675
"Vitvi19g00536",0.430497602000505,0.00877034378520732,1,0.0102336722762628,42
"Vitvi19g00565",0.748050519403322,1.56954374737323e-07,0.000667370001383096,5.48373049616349e-07,10
"Vitvi19g00566",0.688537295588947,3.45252458433688e-06,0.0146801345326004,8.45143035843437e-06,23
"Vitvi19g00568",0.275729352856521,0.103584434864025,1,0.107241542985593,183
"Vitvi19g00572",-0.534156736039856,0.000792191476453241,1,0.00116634285245124,377
"Vitvi19g00576",-0.798754929881148,5.27034919958902e-09,2.24095247966525e-05,3.23837063535441e-08,385
"Vitvi19g00585",-0.821346479026993,8.38891382746137e-10,3.56696615943658e-06,8.03370756629859e-09,658
"Vitvi19g00586",-0.871125053513477,4.87284258467059e-12,2.07193266700193e-08,1.99224294904032e-10,289
"Vitvi19g00596",-0.523984994594573,0.00103817108302138,1,0.00150197463253043,203
"Vitvi19g00601",-0.459548921427535,0.00480814938579871,1,0.00583954618349504,7
"Vitvi19g00609",-0.324102923533104,0.0538052002373616,1,0.0569103759724531,22
"Vitvi19g00611",-0.459548921427535,0.00480814938579871,1,0.00583954618349504,10
"Vitvi19g00618",-0.684288760868618,4.18769069394475e-06,0.0178060608306531,1.01113349407456e-05,124
"Vitvi19g00626",-0.478898349698169,0.00312849885508842,1,0.00392864061778971,7
"Vitvi19g00652",0.731832375783753,3.94619062136631e-07,0.00167792025220496,1.22320173824875e-06,18
"Vitvi19g00664",0.530534807027005,0.000873110001630482,1,0.00127488452161154,3
"Vitvi19g00682",-0.74411429702662,1.9754523623761e-07,0.000839962344482318,6.63723534252229e-07,344
"Vitvi19g00700",0.802570350054021,3.92882132986849e-09,1.67053482946008e-05,2.55043485413753e-08,100
"Vitvi19g00709",0.866359712001401,8.69442361037607e-12,3.69686891913191e-08,2.0768926511977e-10,25
"Vitvi19g00728",0.663836406061092,1.01620006133771e-05,0.0432088266080796,2.28135304160928e-05,4
"Vitvi19g00735",-0.884224678378342,8.74713631353133e-13,3.71928236051352e-09,8.26507191225227e-11,835
"Vitvi19g00739",0.36280178007437,0.0296534634974875,1,0.0322719546432857,46
"Vitvi19g00768",-0.47647353234679,0.00330609032289886,1,0.00413942757743402,10
"Vitvi19g00775",0.596032931351327,0.000125192354329375,0.532317890608501,0.000213353863971343,72
"Vitvi19g00781",-0.633808442443884,3.32682188097717e-05,0.141456466379149,6.50973154068795e-05,105
"Vitvi19g00783",0.609871602834049,7.8569440725387e-05,0.334077261964345,0.000140723362242774,4
"Vitvi19g00908",-0.502247202333923,0.00180036184177854,1,0.00253901776160609,8
"Vitvi19g00915",0.711313577803071,1.15795074343496e-06,0.00492360656108547,3.15010016704127e-06,46
"Vitvi19g00916",-0.731709666055489,3.97281655814094e-07,0.00168924160052153,1.22320173824875e-06,124
"Vitvi19g00961",-0.707062962734838,1.43083923232176e-06,0.00608392841583214,3.85302622915272e-06,26
"Vitvi19g00978",-0.856289740068398,2.75656099622292e-11,1.17208973559399e-07,5.55420304477225e-10,19
"Vitvi19g00994",-0.601264219389996,0.000105242977616435,0.44749314082508,0.000181244690492134,10
"Vitvi19g01058",0.620609849387347,5.39036718218734e-05,0.229198412586606,9.94784776851588e-05,138
"Vitvi19g01307",-0.688537295588947,3.4525245843369e-06,0.0146801345326005,8.45143035843437e-06,5
"Vitvi19g01360",-0.459197442133872,0.00484474340951935,1,0.00587895233369757,8
"Vitvi19g01432",0.631183965570418,3.66839199789812e-05,0.155980027750628,7.04516837175375e-05,40
"Vitvi19g01450",-0.478898349698169,0.00312849885508842,1,0.00392864061778971,3
"Vitvi19g01464",-0.36280178007437,0.0296534634974876,1,0.0322719546432857,459
"Vitvi19g01484",0.867494336566525,7.59013278498443e-12,3.22732446017538e-08,2.0768926511977e-10,94
"Vitvi19g01571",0.795147229297264,6.91838034576124e-09,2.94169532301768e-05,4.20242189002525e-08,10
"Vitvi19g01577",-0.718962110897728,7.83745265504766e-07,0.00333248486892627,2.24258739497057e-06,4
"Vitvi19g01610",0.842194840456856,1.20653894170157e-10,5.13020358011506e-07,1.59819426171809e-09,24
"Vitvi19g01612",0.844731571904015,9.35071839163676e-11,3.97592546012395e-07,1.26621829940253e-09,24
"Vitvi19g01677",-0.399538558378362,0.0157727257578424,1,0.0177375376679042,25
"Vitvi19g01719",-0.314428209397787,0.0618077618339936,1,0.0650511394351834,17
"Vitvi19g01720",-0.866359712001401,8.69442361037601e-12,3.69686891913188e-08,2.0768926511977e-10,34
"Vitvi19g01732",-0.645746403000758,2.10820008752169e-05,0.0896406677214222,4.30964748660689e-05,271
"Vitvi19g01767",-0.645746403000758,2.10820008752169e-05,0.0896406677214222,4.30964748660689e-05,473
"Vitvi19g01784",0.700887740352874,1.9332321858187e-06,0.0082201032541011,5.0092036892755e-06,19
"Vitvi19g01793",-0.811197641171135,1.97404473660502e-09,8.39363822004454e-06,1.4079574274625e-08,125
"Vitvi19g01826",0.411175350750953,0.0127285678576514,1,0.0145021089310648,9
"Vitvi19g01833",-0.550184244324302,0.000508303496349478,1,0.000769696035070506,300
"Vitvi19g01835",0.816811769737353,1.23759826433005e-09,5.26226781993139e-06,9.4305874909167e-09,3
"Vitvi19g01851",-0.710073928689812,1.23213640107822e-06,0.00523904397738458,3.34549423843204e-06,9
"Vitvi19g01869",-0.478898349698169,0.00312849885508842,1,0.00392864061778971,3
"Vitvi19g01873",-0.478898349698169,0.00312849885508842,1,0.00392864061778971,85
"Vitvi19g01875",0.866359712001401,8.69442361037607e-12,3.69686891913191e-08,2.0768926511977e-10,7
"Vitvi19g01914",-0.716697752651471,8.80903297523263e-07,0.00374560082106891,2.49374222441339e-06,35
"Vitvi19g01972",-0.726610643992385,5.23697027742696e-07,0.00222675976196194,1.57590924413442e-06,184
"Vitvi19g01977",-0.689897685138033,3.24336512260011e-06,0.0137907885012957,8.00393993110609e-06,278
"Vitvi19g02010",-0.638571442967416,2.77964224488528e-05,0.118190388252522,5.50234582181201e-05,8
"Vitvi19g02020",-0.333777637668421,0.0466511603903606,1,0.0496522488059608,84
"Vitvi19g02057",-0.730453502474049,4.25504953891094e-07,0.00180924706394493,1.30349212099779e-06,14
"Vitvi19g02062",-0.595521682767366,0.000127313692999972,0.541337822635881,0.000215500725571611,18
"Vitvi19g02141",-0.765761034128769,5.28218853687821e-08,0.000224598656588062,2.54070878493282e-07,8
"Vitvi19g02165",-0.80038707924321,4.6515607038792e-09,1.97784361128943e-05,2.97420091923223e-08,6
"Vitvi19g02186",0.859772350223298,1.8683163428584e-11,7.9440810898339e-08,4.1757294533445e-10,13
"Vitvi19g02208",-0.584247307520468,0.000183111790540964,0.778591333380179,0.000304494068588259,28
"Vitvi19g02212",0.734015646594564,3.49906892876865e-07,0.00148780410851243,1.10782137640538e-06,267
"Vitvi19g02270",-0.750289519408583,1.37448227308175e-07,0.000584429862514362,4.85406862553457e-07,26
"Vitvi19g02279",-0.411175350750953,0.0127285678576514,1,0.0145021089310648,15
"Vitvi19g02292",-0.458486870270251,0.00491945937882392,1,0.00596621257237858,67
"Vitvi19g02303",-0.750289519408583,1.37448227308175e-07,0.000584429862514362,4.85406862553457e-07,3
"Vitvi19g02324",-0.798754929881148,5.27034919958902e-09,2.24095247966525e-05,3.23837063535441e-08,3
"Vitvi19g04005",-0.750289519408583,1.37448227308175e-07,0.000584429862514362,4.85406862553457e-07,26
"Vitvi19g04006",0.750289519408583,1.37448227308174e-07,0.000584429862514355,4.85406862553457e-07,62
"Vitvi19g04027",-0.680676474781128,4.92239733135686e-06,0.0209300334529294,1.1745248851251e-05,44
"Vitvi19g04058",0.478898349698169,0.00312849885508842,1,0.00392864061778971,4
"Vitvi19g04070",-0.750289519408583,1.37448227308175e-07,0.000584429862514362,4.85406862553457e-07,33
"Vitvi19g04074",-0.750289519408583,1.37448227308175e-07,0.000584429862514362,4.85406862553457e-07,32
"Vitvi19g04102",-0.7441078911667,1.97618531129662e-07,0.000840273994363322,6.63723534252229e-07,14
"Vitvi19g04105",-0.854242196177249,3.44851741255845e-11,1.46630960381985e-07,5.55420304477225e-10,9
"Vitvi19g04109",-0.478898349698169,0.00312849885508842,1,0.00392864061778971,7
"Vitvi19g04110",-0.788450249954806,1.13052940705564e-08,4.80701103880057e-05,6.35008063249746e-08,13
"Vitvi19g04122",0.869487292033731,5.96087716899718e-12,2.5345649722576e-08,2.0768926511977e-10,8
"Vitvi19g04137",0.736808688118594,2.99503258679437e-07,0.00127348785590497,9.61122910116962e-07,42
"Vitvi19g04139",-0.798754929881148,5.27034919958902e-09,2.24095247966525e-05,3.23837063535441e-08,422
"Vitvi19g04162",-0.602696642800707,0.000100304716366618,0.426495653990861,0.000173966758223883,60
"Vitvi19g04181",-0.169818615504,0.322091724033235,1,0.325073346923645,39
"Vitvi19g04192",0.602696642800707,0.000100304716366617,0.426495653990854,0.000173966758223883,89
"Vitvi19g04193",0.731727210389712,3.96899963641175e-07,0.00168761864540227,1.22320173824875e-06,50
"Vitvi19g04196",0.645746403000758,2.10820008752171e-05,0.0896406677214233,4.30964748660689e-05,6
"Vitvi19g04233",0.866359712001401,8.69442361037607e-12,3.69686891913191e-08,2.0768926511977e-10,7
"Vitvi19g04259",-0.750289519408583,1.37448227308175e-07,0.000584429862514362,4.85406862553457e-07,44
"Vitvi19g04274",0.423322641967163,0.0100959760440297,1,0.0117546796657214,25
"Vitvi19g04290",0.101584498420824,0.555509279837126,1,0.557475916419037,5
"Vitvi19g04339",-0.692021082694147,2.93995527601393e-06,0.0125006898336112,7.39248363903679e-06,12
"Vitvi19g04341",-0.559646882600657,0.000387017462770897,1,0.000601901335662719,14
"Vitvi19g04343",-0.688537295588947,3.4525245843369e-06,0.0146801345326005,8.45143035843437e-06,5
"Vitvi19g04359",-0.577383292713601,0.000226988801827679,0.96515638537129,0.000370501491505294,8
"Vitvi19g04363",-0.723813470842183,6.07828203101077e-07,0.00258448551958578,1.79478161082346e-06,42
"Vitvi19g04373",-0.596585581383221,0.000122935028346969,0.522719740531312,0.000211199895164167,51
"Vitvi19g04376",0.730330119454267,4.28374301400414e-07,0.00182144752955456,1.31133731429414e-06,3
"Vitvi19g04395",0.671555434038547,7.33107392967993e-06,0.0311717263489991,1.68223024009709e-05,6
"Vitvi19g04401",0.800823733405372,4.49783331095058e-09,1.91247872381619e-05,2.8889406704172e-08,142
"Vitvi19g04408",-0.487897282267239,0.00253992909673463,1,0.00352933938539728,6
"Vitvi19g04471",0.621408992652292,5.23840158977759e-05,0.222736835597343,9.7180120243169e-05,31
"Vitvi19g04513",0.324102923533104,0.0538052002373616,1,0.0569103759724531,5
"Vitvi19g04517",-0.750289519408583,1.37448227308175e-07,0.000584429862514362,4.85406862553457e-07,17
"Vitvi19g04524",-0.690917489550654,3.09424313313362e-06,0.0131567218020842,7.71655237658895e-06,4
"Vitvi19g04529",0.870812056826063,5.06525853794164e-12,2.15374793033279e-08,2.05118850507884e-10,16
"Vitvi19g04530",0.816811769737353,1.23759826433005e-09,5.26226781993139e-06,9.4305874909167e-09,26
"Vitvi19g04531",0.816811769737353,1.23759826433005e-09,5.26226781993139e-06,9.4305874909167e-09,25
"Vitvi19g04532",0.898002932294359,1.13217994414113e-13,4.81402912248809e-10,4.37639011135281e-11,20
"Vitvi19g04533",0.785977491891859,1.34932139614236e-08,5.7373145763973e-05,7.5194162207042e-08,10
"Vitvi19g04542",-0.459548921427535,0.00480814938579871,1,0.00583954618349504,10
"Vitvi19g04572",0.849805034798334,5.53912244528736e-11,2.35523486373619e-07,8.29308050611334e-10,22
"Vitvi19g04574",0.353689871351337,0.0343290674763228,1,0.0372745645835864,4
"Vitvi19g04583",0.645746403000758,2.10820008752171e-05,0.0896406677214233,4.30964748660689e-05,4
"Vitvi19g04600",0.854242196177249,3.4485174125585e-11,1.46630960381987e-07,5.55420304477225e-10,4
"Vitvi19g04608",-0.537084619459437,0.000731709404133355,1,0.00107878931566402,17
